ticker,fund_group,condition,n,up_n,down_n,p_up,p_down,avg_up,avg_down,expected,decision,predicted_return
UVPIX,ultra_long,SPY_bin_lt-2,214,77,133,0.3598130841121495,0.6214953271028038,4.40433795533584,-4.60853163599388,-1.2794424533940483,predict_down,-4.60853163599388
UVPSX,inverse,SPY_bin_lt-2,214,77,134,0.3598130841121495,0.6261682242990654,4.435035068228946,-4.588502184145813,-1.2773906187939728,predict_down,-4.588502184145813
UUPIX,ultra_long,SPY_bin_lt-2,214,134,79,0.6261682242990654,0.3691588785046729,4.569120024789719,-4.331758935860586,1.2619305018169908,predict_up,4.569120024789719
UUPSX,inverse,SPY_bin_lt-2,214,133,80,0.6214953271028038,0.37383177570093457,4.592504605838634,-4.273712711822061,1.2565705403307175,predict_up,4.592504605838634
UHPSX,inverse,SPY_bin_lt-2,200,82,118,0.41,0.59,4.593033837905352,-5.245081371121891,-1.2114541354207207,predict_down,-5.245081371121891
UHPIX,ultra_long,SPY_bin_lt-2,200,82,118,0.41,0.59,4.598731108030873,-5.2476229513739,-1.2106177870179442,predict_down,-5.2476229513739
SMPIX,long,XLV_bin_lt-2,213,118,88,0.5539906103286385,0.4131455399061033,4.851545670141814,-3.6288176716826723,1.1884809106509817,predict_up,4.851545670141814
SMPSX,inverse,XLV_bin_lt-2,213,119,91,0.5586854460093896,0.4272300469483568,4.821313198265607,-3.5392084271959954,1.1815413320130126,predict_up,4.821313198265607
UGPSX,inverse,SPY_bin_lt-2,200,118,82,0.59,0.41,5.178916220788196,-4.591414536422586,1.1730806103317755,predict_up,5.178916220788196
UGPIX,ultra_long,SPY_bin_lt-2,200,117,82,0.585,0.41,5.223832783222808,-4.594473544729832,1.1722080248461118,predict_up,5.223832783222808
USPSX,inverse,XLV_bin_lt-2,233,103,127,0.44206008583690987,0.5450643776824035,3.812678756932622,-5.145088109069663,-1.1189711497329915,no_trade,
USPIX,ultra_long,XLV_bin_lt-2,233,103,127,0.44206008583690987,0.5450643776824035,3.8194118483554447,-5.142451464465165,-1.1145575777101508,no_trade,
UOPIX,ultra_long,XLV_bin_lt-2,233,127,103,0.5450643776824035,0.44206008583690987,5.093353801440148,-3.803627998344016,1.0947736006586477,no_trade,
UOPSX,inverse,XLV_bin_lt-2,233,127,101,0.5450643776824035,0.4334763948497854,5.087418026332468,-3.8789917656139927,1.091518974322791,no_trade,
UCPIX,ultra_long,XLU_bin_lt-2,200,86,112,0.43,0.56,3.4072642497766656,-4.503986081723391,-1.0571085783611327,predict_down,-4.503986081723391
UCPSX,inverse,XLU_bin_lt-2,200,87,112,0.435,0.56,3.3691331298528917,-4.5030893191472465,-1.0561571072364497,predict_down,-4.5030893191472465
USPSX,inverse,SPY_bin_lt-2,317,135,177,0.42586750788643535,0.5583596214511041,3.7622908456581943,-4.70931136407562,-1.027251884156241,predict_down,-4.70931136407562
USPIX,ultra_long,SPY_bin_lt-2,317,135,178,0.42586750788643535,0.5615141955835962,3.7592313767505354,-4.675899232577387,-1.0246492982254023,predict_down,-4.675899232577387
UFPSX,inverse,SPY_bin_lt-2,214,85,120,0.397196261682243,0.5607476635514018,5.111447308177338,-5.443578902998656,-1.0222263886203964,predict_down,-5.443578902998656
SMPSX,inverse,SPY_bin_gt2,215,83,121,0.386046511627907,0.5627906976744186,3.4136741241716138,-4.14849369446107,-1.01689667313277,predict_down,-4.14849369446107
UFPIX,ultra_long,SPY_bin_lt-2,214,83,120,0.3878504672897196,0.5607476635514018,5.232395744069035,-5.428108406859498,-1.014411972268271,predict_down,-5.428108406859498
SMPIX,long,SPY_bin_gt2,215,82,120,0.3813953488372093,0.5581395348837209,3.376076439523294,-4.121036068981852,-1.0124933034274983,predict_down,-4.121036068981852
UOPIX,ultra_long,SPY_bin_lt-2,319,177,135,0.554858934169279,0.4231974921630094,4.690966594702819,-3.8093577621971964,0.9907140732469508,predict_up,4.690966594702819
UAPSX,inverse,XLV_bin_gt2,202,88,113,0.43564356435643564,0.5594059405940595,2.5865025030085387,-3.7840410104432136,-0.9900218510659982,predict_down,-3.7840410104432136
UAPIX,ultra_long,XLV_bin_gt2,202,88,113,0.43564356435643564,0.5594059405940595,2.5905404446890055,-3.783408343194783,-0.9879088299424653,predict_down,-3.783408343194783
UOPSX,inverse,SPY_bin_lt-2,319,176,135,0.5517241379310345,0.4231974921630094,4.722208327746228,-3.849076038324564,0.9764369921928526,predict_up,4.722208327746228
SMPIX,long,XLU_bin_lt-2,264,146,104,0.553030303030303,0.3939393939393939,4.367717018750884,-3.6598812611462703,0.9737084605243072,predict_up,4.367717018750884
UBPIX,ultra_long,SPY_bin_lt-2,214,119,87,0.5560747663551402,0.40654205607476634,5.408615326333384,-5.00678137799048,0.9721273081705648,predict_up,5.408615326333384
SMPSX,inverse,XLU_bin_lt-2,264,146,106,0.553030303030303,0.4015151515151515,4.372471428333106,-3.6145122322783463,0.9668277724057905,predict_up,4.372471428333106
UBPSX,inverse,SPY_bin_lt-2,214,119,87,0.5560747663551402,0.40654205607476634,5.392296407419474,-5.003161436079454,0.9645244277757256,predict_up,5.392296407419474
UJPSX,inverse,XLV_bin_gt2,202,80,119,0.39603960396039606,0.5891089108910891,2.6481559127656307,-3.407398154984627,-0.9585539971382182,predict_down,-3.407398154984627
UWPSX,inverse,XLU_bin_lt-2,200,78,120,0.39,0.6,3.012315580806556,-3.54728245956094,-0.9535663992220071,predict_down,-3.54728245956094
UWPIX,ultra_long,XLU_bin_lt-2,200,78,121,0.39,0.605,3.011946079050464,-3.516936876454683,-0.9530878394254018,predict_down,-3.516936876454683
UJPIX,ultra_long,XLV_bin_gt2,202,80,119,0.39603960396039606,0.5891089108910891,2.660541022214474,-3.402479184700207,-0.9507511940701322,predict_down,-3.402479184700207
UKPSX,inverse,SPY_bin_lt-2,214,91,123,0.4252336448598131,0.5747663551401869,3.613839653276322,-4.31270725732466,-0.9420728233775131,predict_down,-4.31270725732466
UKPIX,ultra_long,SPY_bin_lt-2,214,91,123,0.4252336448598131,0.5747663551401869,3.6221190300886974,-4.307759492034506,-0.9357083447765093,predict_down,-4.307759492034506
UCPIX,ultra_long,SPY_bin_lt-2,214,92,118,0.42990654205607476,0.5514018691588785,3.8073770283969353,-4.642366945196492,-0.922993518320878,predict_down,-4.642366945196492
UCPSX,inverse,SPY_bin_lt-2,214,91,117,0.4252336448598131,0.5467289719626168,3.8515898034636225,-4.682171078071269,-0.9220530094352746,no_trade,
UJPIX,ultra_long,XLU_bin_lt-2,273,150,118,0.5494505494505495,0.43223443223443225,4.057673294523756,-3.1261570059484463,0.8782581226250799,no_trade,
UJPSX,inverse,XLU_bin_lt-2,273,151,118,0.5531135531135531,0.43223443223443225,4.0239700126953615,-3.1295701205423194,0.8730043871538677,predict_up,4.0239700126953615
UJPIX,ultra_long,XLV_bin_lt-2,221,122,95,0.5520361990950227,0.4298642533936652,4.247860650190109,-3.440846160632327,0.8658760817335851,predict_up,4.247860650190109
UJPSX,inverse,XLV_bin_lt-2,221,123,95,0.5565610859728507,0.4298642533936652,4.211563628584676,-3.4412534904272145,0.8647205643680075,predict_up,4.211563628584676
USPSX,inverse,XLU_bin_lt-2,288,124,162,0.4305555555555556,0.5625,3.6684803809989406,-4.318017234065332,-0.8494000856760945,predict_down,-4.318017234065332
USPIX,ultra_long,XLU_bin_lt-2,288,124,161,0.4305555555555556,0.5590277777777778,3.6731561157664503,-4.339810931987173,-0.8445770892183855,predict_down,-4.339810931987173
UOPSX,inverse,XLU_bin_lt-2,288,157,122,0.5451388888888888,0.4236111111111111,4.439763292282182,-3.7204516883000833,0.8442629545683764,no_trade,
BKPIX,long,FXY_bin_1_2,207,124,83,0.5990338164251208,0.40096618357487923,3.3470281218942453,-2.899144232424981,0.8425242310319467,predict_up,3.3470281218942453
UOPIX,ultra_long,XLU_bin_lt-2,288,157,124,0.5451388888888888,0.4305555555555556,4.442072368111772,-3.6727650949507753,0.8402169792349031,no_trade,
UJPSX,inverse,SPY_bin_gt2,226,91,131,0.4026548672566372,0.5796460176991151,2.4850164872956597,-3.1681579318751747,-0.8358061448307207,predict_down,-3.1681579318751747
BKPSX,inverse,FXY_bin_1_2,207,124,83,0.5990338164251208,0.40096618357487923,3.3431996675862496,-2.9114025065644946,0.8353157040378839,predict_up,3.3431996675862496
UJPIX,ultra_long,SPY_bin_gt2,226,91,131,0.4026548672566372,0.5796460176991151,2.496451983441727,-3.169387754019221,-0.8319144481562861,predict_down,-3.169387754019221
TEPIX,long,XLV_bin_lt-2,213,113,93,0.5305164319248826,0.43661971830985913,4.0680754657507086,-3.038407917051385,0.8315520720377998,no_trade,
UXPSX,inverse,SPY_bin_lt-2,214,94,120,0.4392523364485981,0.5607476635514018,3.42329234851418,-4.163605405271889,-0.8310428405247372,predict_down,-4.163605405271889
UXPIX,ultra_long,SPY_bin_lt-2,214,94,119,0.4392523364485981,0.5560747663551402,3.4272297131246896,-4.199733470502447,-0.829947149327432,predict_down,-4.199733470502447
UNPIX,ultra_long,SPY_bin_lt-2,214,119,94,0.5560747663551402,0.4392523364485981,4.208586827398342,-3.4600073036643275,0.8204726444670846,predict_up,4.208586827398342
UNPSX,inverse,SPY_bin_lt-2,214,119,94,0.5560747663551402,0.4392523364485981,4.1995321972473585,-3.4584347056566425,0.8161283604706125,predict_up,4.1995321972473585
REPSX,inverse,SPY_bin_gt2,215,96,116,0.44651162790697674,0.5395348837209303,2.3109686896105543,-3.410966968690633,-0.8084612751883726,no_trade,
UVPIX,ultra_long,IWM_bin_lt-2,357,140,213,0.39215686274509803,0.5966386554621849,3.8608714228655687,-3.8837278349211704,-0.8031149289552653,predict_down,-3.8837278349211704
REPIX,long,SPY_bin_gt2,215,95,116,0.4418604651162791,0.5395348837209303,2.3374061364965697,-3.4014314548985394,-0.8023835618653784,no_trade,
UVPSX,inverse,IWM_bin_lt-2,357,140,213,0.39215686274509803,0.5966386554621849,3.8828121233220485,-3.8948965217833225,-0.8011744030105347,predict_down,-3.8948965217833225
UUPIX,ultra_long,IWM_bin_lt-2,357,213,142,0.5966386554621849,0.39775910364145656,3.8887852539615277,-3.828180940197285,0.7975057859545966,predict_up,3.8887852539615277
UIPIX,ultra_long,XLU_bin_lt-2,200,86,111,0.43,0.555,3.253963212459264,-3.9573297480461367,-0.7971138288081226,predict_down,-3.9573297480461367
UIPSX,inverse,XLU_bin_lt-2,200,86,110,0.43,0.55,3.255299887174448,-3.988781244446166,-0.7940507329603783,predict_down,-3.988781244446166
UHPSX,inverse,XLK_bin_lt-2,319,140,177,0.438871473354232,0.554858934169279,4.074589851223879,-4.652566873327277,-0.7932970451648427,predict_down,-4.652566873327277
UUPSX,inverse,IWM_bin_lt-2,357,212,143,0.5938375350140056,0.4005602240896359,3.89422267854588,-3.804914107703248,0.788438348599894,predict_up,3.89422267854588
UHPIX,ultra_long,XLK_bin_lt-2,319,140,177,0.438871473354232,0.554858934169279,4.087874606471279,-4.64321585638667,-0.7822782497632019,predict_down,-4.64321585638667
UHPSX,inverse,XLE_bin_lt-2,440,189,247,0.42954545454545456,0.5613636363636364,4.093067398525192,-4.518417665643846,-0.7783168752108375,predict_down,-4.518417665643846
UHPIX,ultra_long,XLE_bin_lt-2,440,190,247,0.4318181818181818,0.5613636363636364,4.07654515005921,-4.516049953588612,-0.7748199091480396,predict_down,-4.516049953588612
UHPSX,inverse,IWM_bin_lt-2,322,130,188,0.40372670807453415,0.5838509316770186,4.4502992612283565,-4.3878228896747595,-0.7651298114881008,predict_down,-4.3878228896747595
UHPIX,ultra_long,IWM_bin_lt-2,322,130,188,0.40372670807453415,0.5838509316770186,4.454905050586619,-4.386416185443874,-0.7624490257366091,predict_down,-4.386416185443874
USPSX,inverse,FXY_bin_1_2,207,80,121,0.3864734299516908,0.5845410628019324,2.6567589854249554,-3.0605479379750435,-0.762249186768038,predict_down,-3.0605479379750435
UGPIX,ultra_long,XLK_bin_lt-2,319,175,141,0.54858934169279,0.44200626959247646,4.658423059680585,-4.057715748336071,0.7620254386480134,no_trade,
USPIX,ultra_long,FXY_bin_1_2,207,79,121,0.38164251207729466,0.5845410628019324,2.6845835837805274,-3.0519265258269614,-0.7594251522048348,predict_down,-3.0519265258269614
UGPSX,inverse,XLK_bin_lt-2,319,176,141,0.5517241379310345,0.44200626959247646,4.631209434033379,-4.063007887481344,0.7592750728997029,predict_up,4.631209434033379
UOPIX,ultra_long,FXY_bin_1_2,207,121,82,0.5845410628019324,0.3961352657004831,3.0690640478293982,-2.6123503333317073,0.7591498669282959,predict_up,3.0690640478293982
OEPIX,long,GLD_bin_lt-2,206,110,84,0.5339805825242718,0.4077669902912621,3.846701637883523,-3.1789948921010893,0.7577748020907574,no_trade,
UOPSX,inverse,FXY_bin_1_2,207,121,82,0.5845410628019324,0.3961352657004831,3.0624893036066085,-2.6154131981187576,0.7540933501964321,predict_up,3.0624893036066085
FNPIX,long,FXY_bin_1_2,207,127,78,0.6135265700483091,0.37681159420289856,2.805583680723924,-2.568048618251617,0.7536296387841173,predict_up,2.805583680723924
FNPSX,inverse,FXY_bin_1_2,207,127,77,0.6135265700483091,0.3719806763285024,2.8085882623111442,-2.6077847327636534,0.7530979946411304,predict_up,2.8085882623111442
UGPIX,ultra_long,XLE_bin_lt-2,440,247,191,0.5613636363636364,0.4340909090909091,4.461479925646579,-4.06683959734718,0.7391344966849858,predict_up,4.461479925646579
UGPSX,inverse,XLE_bin_lt-2,440,245,191,0.5568181818181818,0.4340909090909091,4.502984051895667,-4.073745621126956,0.7389674524527048,predict_up,4.502984051895667
UGPIX,ultra_long,IWM_bin_lt-2,322,188,132,0.5838509316770186,0.40993788819875776,4.336005629715107,-4.378879762779795,0.7365122040357366,predict_up,4.336005629715107
USPSX,inverse,XLF_bin_lt-2,511,213,287,0.41682974559686886,0.5616438356164384,3.64414058617848,-4.014761918860767,-0.7358800897397728,predict_down,-4.014761918860767
UGPSX,inverse,IWM_bin_lt-2,322,188,132,0.5838509316770186,0.40993788819875776,4.333065490538761,-4.378305392770294,0.7350310570671069,predict_up,4.333065490538761
UCPSX,inverse,FXY_bin_1_2,207,79,123,0.38164251207729466,0.5942028985507246,3.1319667998445713,-3.243579898305614,-0.7320529000186924,predict_down,-3.243579898305614
USPIX,ultra_long,XLF_bin_lt-2,511,213,288,0.41682974559686886,0.5636007827788649,3.6491104972059762,-3.992539391991,-0.7291405263963505,predict_down,-3.992539391991
UCPIX,ultra_long,FXY_bin_1_2,207,80,124,0.3864734299516908,0.5990338164251208,3.0941863312799716,-3.2114839663916235,-0.7279666924162488,predict_down,-3.2114839663916235
UDPIX,ultra_long,XLU_bin_lt-2,239,133,105,0.5564853556485355,0.4393305439330544,3.598613014264576,-2.9186792888018096,0.720310483569032,predict_up,3.598613014264576
UOPIX,ultra_long,XLF_bin_lt-2,511,284,212,0.5557729941291585,0.41487279843444225,4.015480897187992,-3.64490523070378,0.7195238080081964,predict_up,4.015480897187992
UDPSX,inverse,XLU_bin_lt-2,239,133,104,0.5564853556485355,0.4351464435146444,3.592868354145884,-2.9473088265318843,0.7168676700505722,predict_up,3.592868354145884
SRPSX,inverse,SPY_bin_lt-2,214,95,115,0.4439252336448598,0.5373831775700935,2.24045916524455,-3.181705237436616,-0.7151985121821426,no_trade,
SRPIX,long,SPY_bin_lt-2,214,95,115,0.4439252336448598,0.5373831775700935,2.246406732395464,-3.182090193923029,-0.7127651061849497,no_trade,
REPSX,inverse,XLV_bin_lt-2,213,115,98,0.539906103286385,0.460093896713615,3.5853127405843797,-2.663146091805209,0.7104349679356492,no_trade,
UHPSX,inverse,XLF_bin_lt-2,354,150,200,0.423728813559322,0.5649717514124294,4.310990715994798,-4.487126288913547,-0.7084086169025131,predict_down,-4.487126288913547
UOPSX,inverse,XLF_bin_lt-2,511,280,210,0.547945205479452,0.410958904109589,4.056861065154567,-3.689863456751781,0.7065553274469755,no_trade,
UHPIX,ultra_long,XLF_bin_lt-2,354,150,200,0.423728813559322,0.5649717514124294,4.3148865250636845,-4.4828557314957935,-0.7043451060440843,predict_down,-4.4828557314957935
UVPSX,inverse,XLF_bin_lt-2,380,151,224,0.3973684210526316,0.5894736842105263,4.16368605030536,-3.9999990636567935,-0.7033768333237164,predict_down,-3.9999990636567935
UAPIX,ultra_long,FXY_bin_1_2,207,124,82,0.5990338164251208,0.3961352657004831,3.170394674401291,-3.0262677376654517,0.7003622470395797,predict_up,3.170394674401291
UUPIX,ultra_long,XLF_bin_lt-2,380,225,154,0.5921052631578947,0.4052631578947368,3.9801954381754046,-4.09168576156829,0.6984851744946041,predict_up,3.9801954381754046
UVPIX,ultra_long,XLF_bin_lt-2,380,151,224,0.3973684210526316,0.5894736842105263,4.163341109452256,-3.9874877579785237,-0.6961388164734171,predict_down,-3.9874877579785237
ULPSX,inverse,XLV_bin_gt2,224,103,120,0.45982142857142855,0.5357142857142857,2.011910898980723,-3.0247115679026337,-0.6952614533629535,no_trade,
UAPSX,inverse,FXY_bin_1_2,207,124,83,0.5990338164251208,0.40096618357487923,3.1649976259272266,-2.998162770068491,0.6937787231849825,predict_up,3.1649976259272266
REPIX,long,XLV_bin_lt-2,213,114,98,0.5352112676056338,0.460093896713615,3.6197066836409975,-2.7038674860511667,0.6932748746575558,no_trade,
UUPSX,inverse,XLF_bin_lt-2,380,224,155,0.5894736842105263,0.40789473684210525,3.9850777645768156,-4.064764265253743,0.6911025214496753,predict_up,3.9850777645768156
ULPIX,ultra_long,XLV_bin_gt2,224,104,120,0.4642857142857143,0.5357142857142857,1.999144975593433,-3.0171284698837075,-0.6881443701978924,no_trade,
URPIX,ultra_long,XLV_bin_gt2,224,120,100,0.5357142857142857,0.44642857142857145,3.0079216124540897,-2.0752749110963253,0.6849245642181171,no_trade,
UGPIX,ultra_long,XLF_bin_lt-2,354,199,152,0.5621468926553672,0.4293785310734463,4.470452579025493,-4.258204589115419,0.6846693945777672,predict_up,4.470452579025493
UJPIX,ultra_long,SPY_bin_lt-2,293,161,130,0.5494880546075085,0.44368600682593856,4.0400219715012815,-3.4636419705247103,0.6831743387149966,no_trade,
UGPSX,inverse,XLF_bin_lt-2,354,200,152,0.5649717514124294,0.4293785310734463,4.441641851439682,-4.265321018430929,0.677964902504055,predict_up,4.441641851439682
URPSX,inverse,XLV_bin_gt2,224,119,100,0.53125,0.44642857142857145,3.0266840400846604,-2.0836165392101798,0.6777399412904311,no_trade,
TEPIX,long,XLU_bin_lt-2,264,147,108,0.5568181818181818,0.4090909090909091,3.3999014851098996,-2.973095787133495,0.6768605049270373,predict_up,3.3999014851098996
UVPSX,inverse,QQQ_bin_lt-2,318,130,184,0.4088050314465409,0.5786163522012578,3.72669962850303,-3.8010680916868,-0.6758665948584185,predict_down,-3.8010680916868
UVPSX,inverse,XLK_bin_lt-2,337,139,194,0.4124629080118694,0.5756676557863502,3.8275010132708136,-3.915564318033741,-0.6753615336911056,predict_down,-3.915564318033741
UVPIX,ultra_long,XLK_bin_lt-2,337,138,193,0.4094955489614243,0.5727002967359051,3.836402528137386,-3.9216459687738854,-0.6749380507133549,predict_down,-3.9216459687738854
UVPIX,ultra_long,QQQ_bin_lt-2,318,130,183,0.4088050314465409,0.5754716981132075,3.7083024131298923,-3.8063603457210147,-0.674479967169999,predict_down,-3.8063603457210147
UWPSX,inverse,SPY_bin_lt-2,214,91,122,0.4252336448598131,0.5700934579439252,3.217172130123259,-3.579890885217566,-0.6728225427818992,predict_down,-3.579890885217566
UJPSX,inverse,SPY_bin_lt-2,293,162,130,0.552901023890785,0.44368600682593856,4.00819420580996,-3.482163460278863,0.6711474795391171,predict_up,4.00819420580996
UUPIX,ultra_long,XLK_bin_lt-2,337,194,141,0.5756676557863502,0.41839762611275966,3.9163901038988316,-3.784890961896096,0.670949716703335,predict_up,3.9163901038988316
UWPIX,ultra_long,SPY_bin_lt-2,214,91,123,0.4252336448598131,0.5747663551401869,3.218275631374773,-3.5424697735911628,-0.6675733630682646,predict_down,-3.5424697735911628
TEPSX,inverse,XLU_bin_lt-2,264,143,108,0.5416666666666666,0.4090909090909091,3.494825569974879,-2.9958437599581904,0.6674580698141033,no_trade,
UUPSX,inverse,XLK_bin_lt-2,337,194,142,0.5756676557863502,0.42136498516320475,3.907309348396691,-3.757969839284383,0.6658347074497798,predict_up,3.907309348396691
UJPSX,inverse,XLK_bin_gt2,475,195,269,0.4105263157894737,0.5663157894736842,2.3021131486949256,-2.828515582080388,-0.6567550054402399,predict_down,-2.828515582080388
REPSX,inverse,IWM_bin_lt-2,451,241,208,0.5343680709534369,0.4611973392461197,3.4133759218791444,-2.5321809061392253,0.6561640104122279,no_trade,
UKPSX,inverse,XLK_bin_gt2,296,165,126,0.5574324324324325,0.42567567567567566,2.795788734951641,-2.1237010017092923,0.6544554562555738,predict_up,2.795788734951641
UKPIX,ultra_long,XLK_bin_gt2,296,165,128,0.5574324324324325,0.43243243243243246,2.7950625696576736,-2.090112337466488,0.6542261648574517,predict_up,2.7950625696576736
UJPIX,ultra_long,XLK_bin_gt2,475,195,269,0.4105263157894737,0.5663157894736842,2.309054696459273,-2.8266298222230586,-0.6528373818283044,predict_down,-2.8266298222230586
UGPSX,inverse,EEM_bin_gt2,319,144,171,0.45141065830721006,0.5360501567398119,3.0735748134302154,-3.804683246747505,-0.6520566208773426,no_trade,
USPSX,inverse,IWM_bin_lt-2,452,203,242,0.4491150442477876,0.5353982300884956,3.2381310244941854,-3.931029671252537,-0.6503729700681288,no_trade,
REPIX,long,IWM_bin_lt-2,451,241,207,0.5343680709534369,0.458980044345898,3.417838350517909,-2.562834527041613,0.650093781324173,no_trade,
REPIX,long,FXY_bin_1_2,207,112,93,0.5410628019323671,0.4492753623188406,3.2387732482844385,-2.456976299593264,0.6485208113318046,no_trade,
USPIX,ultra_long,IWM_bin_lt-2,452,203,243,0.4491150442477876,0.5376106194690266,3.246512785269825,-3.909203357903036,-0.6435715056651836,no_trade,
REPSX,inverse,FXY_bin_1_2,207,112,93,0.5410628019323671,0.4492753623188406,3.2340766172208006,-2.4624701532104964,0.643511385894461,no_trade,
UAPIX,ultra_long,SPY_bin_lt-2,293,156,137,0.5324232081911263,0.46757679180887374,4.210106202023081,-3.42891339686745,0.6382779254087367,no_trade,
REPSX,inverse,XLF_bin_lt-2,464,257,206,0.5538793103448276,0.44396551724137934,3.4822414078546062,-2.917733668238851,0.6333683322444621,predict_up,3.4822414078546062
BIPIX,long,FXY_bin_1_2,207,122,84,0.5893719806763285,0.4057971014492754,2.224588223355283,-1.6731785157211108,0.6321389755013103,predict_up,2.224588223355283
BIPSX,inverse,FXY_bin_1_2,207,121,85,0.5845410628019324,0.4106280193236715,2.241530219029544,-1.6532798672116544,0.6313834192733535,predict_up,2.241530219029544
REPIX,long,XLF_bin_lt-2,464,257,206,0.5538793103448276,0.44396551724137934,3.48907371598301,-2.9357231617817643,0.6291658915529963,predict_up,3.48907371598301
UCPSX,inverse,QQQ_bin_lt-2,330,143,180,0.43333333333333335,0.5454545454545454,3.0559674151231264,-3.5756046324291932,-0.6260772529534777,no_trade,
UCPIX,ultra_long,QQQ_bin_lt-2,330,144,181,0.43636363636363634,0.5484848484848485,3.036496904140658,-3.5537535122061428,-0.6241631257971426,no_trade,
UIPIX,ultra_long,SPY_bin_lt-2,214,93,115,0.43457943925233644,0.5373831775700935,3.6684374646328415,-4.127387495887197,-0.62376111129053,no_trade,
UIPSX,inverse,SPY_bin_lt-2,214,94,115,0.4392523364485981,0.5373831775700935,3.6269811726522114,-4.123505754431373,-0.6227426707023364,no_trade,
UFPSX,inverse,IWM_bin_lt-2,357,134,196,0.3753501400560224,0.5490196078431373,4.788956617924231,-4.402394317013403,-0.6194652642374793,no_trade,
UFPIX,ultra_long,IWM_bin_lt-2,357,133,196,0.37254901960784315,0.5490196078431373,4.846837156888113,-4.390302070019843,-0.6046774897976761,no_trade,
USPSX,inverse,XLK_bin_lt-2,600,259,334,0.43166666666666664,0.5566666666666666,3.771439738673416,-4.010563709880545,-0.6045423113061457,predict_down,-4.010563709880545
INPIX,long,FXY_bin_1_2,207,119,83,0.5748792270531401,0.40096618357487923,2.621004413329114,-2.2545748050253183,0.6027527360824306,predict_up,2.621004413329114
USPIX,ultra_long,XLK_bin_lt-2,600,258,335,0.43,0.5583333333333333,3.784432982409781,-3.992631222568462,-0.6019129168311859,predict_down,-3.992631222568462
SRPIX,long,IWM_bin_lt-2,359,157,194,0.4373259052924791,0.5403899721448467,1.9448501581481532,-2.6860530181094093,-0.6009827595653631,no_trade,
SRPSX,inverse,IWM_bin_lt-2,359,156,194,0.43454038997214484,0.5403899721448467,1.9521955797843067,-2.680075232737964,-0.599977951823992,no_trade,
UFPSX,inverse,QQQ_bin_lt-2,318,129,175,0.4056603773584906,0.550314465408805,4.5035625768301575,-4.399864740345934,-0.5943923180800255,predict_down,-4.399864740345934
UVPSX,inverse,XLE_bin_lt-2,489,212,267,0.4335378323108384,0.5460122699386503,3.4431220993847376,-3.813337185386853,-0.5894052012857366,no_trade,
UFPIX,ultra_long,QQQ_bin_lt-2,318,128,175,0.4025157232704403,0.550314465408805,4.5449946309851965,-4.395133639257633,-0.5892738179370458,predict_down,-4.395133639257633
ENPIX,long,XLU_bin_lt-2,264,149,115,0.5643939393939394,0.4356060606060606,3.6175491151240107,-3.335579852254599,0.5887239967583285,predict_up,3.6175491151240107
UVPIX,ultra_long,XLE_bin_lt-2,489,213,267,0.43558282208588955,0.5460122699386503,3.421481364421667,-3.8030051872797075,-0.5861489864659852,no_trade,
INPSX,inverse,FXY_bin_1_2,207,120,83,0.5797101449275363,0.40096618357487923,2.583230700575744,-2.2733315876768936,0.5859959531010005,predict_up,2.583230700575744
ENPSX,inverse,XLU_bin_lt-2,264,149,115,0.5643939393939394,0.4356060606060606,3.6149175366489135,-3.340207022501233,0.5852231264130549,predict_up,3.6149175366489135
UBPIX,ultra_long,IWM_bin_lt-2,357,196,135,0.5490196078431373,0.37815126050420167,4.3513042503906325,-4.770219709198083,0.5850867572403997,no_trade,
UOPIX,ultra_long,XLK_bin_lt-2,600,331,259,0.5516666666666666,0.43166666666666664,4.014814123616001,-3.776300514232938,0.5847360695509425,predict_up,4.014814123616001
OTPIX,long,XLV_bin_lt-2,213,113,92,0.5305164319248826,0.431924882629108,2.6082104098191157,-1.8513237740926958,0.5840656764931083,no_trade,
OTPSX,inverse,XLV_bin_lt-2,213,114,88,0.5352112676056338,0.4131455399061033,2.5832261338542346,-1.9374877067560656,0.5821073289429528,no_trade,
ULPIX,ultra_long,FXY_bin_1_2,207,120,85,0.5797101449275363,0.4106280193236715,2.656805756890784,-2.3358162994036245,0.5810256298434107,predict_up,2.656805756890784
UUPIX,ultra_long,XLE_bin_lt-2,489,269,215,0.5501022494887525,0.4396728016359918,3.7720059250149025,-3.4030040691040617,0.5787806113939374,predict_up,3.7720059250149025
REPIX,long,EEM_bin_lt-2,420,234,186,0.5571428571428572,0.44285714285714284,3.1367149731486763,-2.6402070076920645,0.5783638102049197,predict_up,3.1367149731486763
UUPIX,ultra_long,QQQ_bin_lt-2,318,183,133,0.5754716981132075,0.41823899371069184,3.7775041343418825,-3.8167917203619437,0.5775155904919055,predict_up,3.7775041343418825
UBPSX,inverse,IWM_bin_lt-2,357,196,134,0.5490196078431373,0.3753501400560224,4.335977211815901,-4.803713100566517,0.5774621233613542,no_trade,
ULPSX,inverse,FXY_bin_1_2,207,120,84,0.5797101449275363,0.4057971014492754,2.650131668549898,-2.363510981480274,0.5772023081238877,predict_up,2.650131668549898
OTPIX,long,XLF_bin_lt-2,467,256,188,0.5481798715203426,0.4025695931477516,2.3391515064609023,-1.7553773587909807,0.5756142231290933,no_trade,
UUPSX,inverse,XLE_bin_lt-2,489,268,217,0.5480572597137015,0.4437627811860941,3.7806781927714668,-3.374096621849369,0.5747296292871978,no_trade,
REPSX,inverse,EEM_bin_lt-2,420,234,186,0.5571428571428572,0.44285714285714284,3.1308738069263735,-2.6430046154705154,0.57387050557918,predict_up,3.1308738069263735
BIPIX,long,XLU_bin_lt-2,264,150,112,0.5681818181818182,0.42424242424242425,2.9388354988873644,-2.5902099257253814,0.5709159589085678,predict_up,2.9388354988873644
URPIX,ultra_long,FXY_bin_1_2,207,80,119,0.3864734299516908,0.5748792270531401,2.47959557686142,-2.6599943380944344,-0.5708776815667832,predict_down,-2.6599943380944344
UUPSX,inverse,QQQ_bin_lt-2,318,183,134,0.5754716981132075,0.42138364779874216,3.7695535691588455,-3.793583327574488,0.5707174127707147,predict_up,3.7695535691588455
URPSX,inverse,FXY_bin_1_2,207,83,117,0.40096618357487923,0.5652173913043478,2.389864878705536,-2.7031551426217213,-0.5696152983293812,predict_down,-2.7031551426217213
UDPIX,ultra_long,SPY_bin_lt-2,249,137,110,0.5502008032128514,0.44176706827309237,3.55093906231239,-3.133394712743475,0.569498928253073,predict_up,3.55093906231239
UDPSX,inverse,SPY_bin_lt-2,249,137,109,0.5502008032128514,0.43775100401606426,3.552522482307004,-3.164490369287826,0.5693418868421145,predict_up,3.552522482307004
UOPSX,inverse,XLK_bin_lt-2,600,328,259,0.5466666666666666,0.43166666666666664,4.03964809813128,-3.797784067326817,0.5689641712490239,no_trade,
UHPSX,inverse,QQQ_bin_lt-2,295,131,163,0.4440677966101695,0.5525423728813559,4.1487427120375315,-4.362513781394385,-0.5681506816622643,predict_down,-4.362513781394385
URPSX,inverse,XLV_bin_lt-2,233,107,124,0.4592274678111588,0.5321888412017167,3.1537250004796396,-3.78759190142603,-0.5674369988219151,no_trade,
URPIX,ultra_long,XLV_bin_lt-2,233,105,124,0.45064377682403434,0.5321888412017167,3.221879945255485,-3.7910786202097495,-0.5656495907904848,no_trade,
UCPSX,inverse,XLK_bin_lt-2,350,153,190,0.43714285714285717,0.5428571428571428,3.243175419603223,-3.6519106595937116,-0.5647348174957487,no_trade,
SRPSX,inverse,XLF_bin_lt-2,381,158,214,0.4146981627296588,0.5616797900262467,2.2634608838735413,-2.6754389623241615,-0.5640869246334677,predict_down,-2.6754389623241615
UHPIX,ultra_long,QQQ_bin_lt-2,295,131,163,0.4440677966101695,0.5525423728813559,4.15963730535748,-4.363568850830292,-0.563895714181382,predict_down,-4.363568850830292
BIPSX,inverse,XLU_bin_lt-2,264,150,112,0.5681818181818182,0.42424242424242425,2.9280332273735885,-2.5931365180828276,0.5635367200028845,predict_up,2.9280332273735885
SRPIX,long,XLF_bin_lt-2,381,160,213,0.4199475065616798,0.5590551181102362,2.233974867539406,-2.6843974680213742,-0.5625739681948757,predict_down,-2.6843974680213742
ULPIX,ultra_long,XLV_bin_lt-2,233,124,107,0.5321888412017167,0.4592274678111588,3.7677117728263805,-3.144554263351724,0.5610684706087415,no_trade,
UCPIX,ultra_long,XLK_bin_lt-2,350,154,191,0.44,0.5457142857142857,3.225553195866205,-3.627029066409527,-0.5600781700594972,no_trade,
URPSX,inverse,XLU_bin_lt-2,288,129,155,0.4479166666666667,0.5381944444444444,2.9383235577872098,-3.4842576560953353,-0.5590840199313435,no_trade,
UBPIX,ultra_long,QQQ_bin_lt-2,318,175,130,0.550314465408805,0.4088050314465409,4.3464609875211275,-4.490883513644014,0.5560245787499232,predict_up,4.3464609875211275
URPIX,ultra_long,XLU_bin_lt-2,288,128,154,0.4444444444444444,0.5347222222222222,2.9655910075800005,-3.5046268314061733,-0.5559613995358011,no_trade,
ULPIX,ultra_long,XLU_bin_lt-2,288,157,131,0.5451388888888888,0.4548611111111111,3.425141501393806,-2.8859813097088645,0.5544571671769668,no_trade,
USPSX,inverse,XLE_bin_lt-2,633,271,354,0.42812006319115326,0.5592417061611374,3.076428197289878,-3.345692384792192,-0.5539700833347215,predict_down,-3.345692384792192
ULPSX,inverse,XLV_bin_lt-2,233,124,108,0.5321888412017167,0.463519313304721,3.760332216585681,-3.128296897443192,0.5511808151620587,no_trade,
USPIX,ultra_long,XLE_bin_lt-2,633,272,354,0.4296998420221169,0.5592417061611374,3.0683046748045197,-3.339942198208026,-0.5493849393662116,predict_down,-3.339942198208026
UBPSX,inverse,QQQ_bin_lt-2,318,174,129,0.5471698113207547,0.4056603773584906,4.355323201572199,-4.525542301476936,0.54726817667622,no_trade,
ULPSX,inverse,XLU_bin_lt-2,288,157,131,0.5451388888888888,0.4548611111111111,3.4188498008430623,-2.894429752781149,0.5471844483264939,no_trade,
FNPSX,inverse,SPY_bin_lt-2,285,152,132,0.5333333333333333,0.4631578947368421,3.849395301634394,-3.267132874674444,0.5398124434786007,no_trade,
UGPIX,ultra_long,QQQ_bin_lt-2,295,161,132,0.5457627118644067,0.44745762711864406,4.369743520650602,-4.123374133769198,0.5398078683634334,no_trade,
UWPSX,inverse,FXY_bin_1_2,207,80,117,0.3864734299516908,0.5652173913043478,2.2715495421381107,-2.50508780260743,-0.538025649922804,predict_down,-2.50508780260743
UUPSX,inverse,XLF_bin_gt2,341,157,183,0.4604105571847507,0.5366568914956011,3.1188122455159264,-3.6765897647297106,-0.5371331507317784,no_trade,
UOPSX,inverse,XLE_bin_lt-2,633,345,269,0.5450236966824644,0.42496050552922593,3.409439903604531,-3.1094475115873434,0.5368331534384959,no_trade,
UUPIX,ultra_long,XLF_bin_gt2,341,157,181,0.4604105571847507,0.530791788856305,3.1177240130450166,-3.715181181284461,-0.5365546151449259,no_trade,
UGPSX,inverse,QQQ_bin_lt-2,295,162,132,0.5491525423728814,0.44745762711864406,4.34229107924796,-4.132336423744933,0.5355347352672486,no_trade,
UUPIX,ultra_long,FXY_bin_1_2,207,114,93,0.5507246376811594,0.4492753623188406,3.7033212380972693,-3.3480481778733346,0.5353146888930851,predict_up,3.7033212380972693
UWPIX,ultra_long,FXY_bin_1_2,207,81,115,0.391304347826087,0.5555555555555556,2.249924209639039,-2.546667358418311,-0.5344100736103552,predict_down,-2.546667358418311
UOPIX,ultra_long,XLE_bin_lt-2,633,347,274,0.5481832543443917,0.43285939968404424,3.3756255185792448,-3.0443328166297055,0.5326933067779761,no_trade,
UUPSX,inverse,FXY_bin_1_2,207,114,91,0.5507246376811594,0.4396135265700483,3.6982917602946244,-3.4267975582566925,0.5302738303006188,predict_up,3.6982917602946244
UXPSX,inverse,QQQ_bin_lt-2,318,143,172,0.449685534591195,0.5408805031446541,2.629063423614236,-3.15819490802915,-0.5259542597615666,no_trade,
REPSX,inverse,XLF_bin_gt2,427,190,234,0.4449648711943794,0.5480093676814989,2.445239152400777,-2.9451702885227515,-0.5259353830402249,no_trade,
UXPIX,ultra_long,QQQ_bin_lt-2,318,143,172,0.449685534591195,0.5408805031446541,2.6321129653238815,-3.158778835720323,-0.5248987600710078,no_trade,
URPIX,ultra_long,SPY_bin_lt-2,319,135,179,0.4231974921630094,0.5611285266457681,3.235895785489783,-3.375550481664036,-0.5246946870744255,predict_down,-3.375550481664036
SOPSX,inverse,SPY_bin_lt-2,249,103,142,0.41365461847389556,0.570281124497992,1.7457213268805092,-2.185681366400416,-0.5243271379926372,predict_down,-2.185681366400416
REPIX,long,XLF_bin_gt2,427,187,234,0.4379391100702576,0.5480093676814989,2.4856010921087335,-2.940654923274354,-0.5229645148053066,no_trade,
INPIX,long,XLU_bin_lt-2,264,142,115,0.5378787878787878,0.4356060606060606,3.5225746788913557,-3.150465912497238,0.5223561532779933,no_trade,
FNPIX,long,SPY_bin_gt2,215,97,115,0.4511627906976744,0.5348837209302325,2.6538771179959437,-3.215048437494266,-0.5223464644941117,no_trade,
SOPIX,long,SPY_bin_lt-2,249,105,141,0.42168674698795183,0.5662650602409639,1.715242685260063,-2.198827694504555,-0.5218241886459263,predict_down,-2.198827694504555
URPSX,inverse,SPY_bin_lt-2,319,137,177,0.42946708463949845,0.554858934169279,3.1911589016570185,-3.407343694712673,-0.5200973806806634,predict_down,-3.407343694712673
UVPIX,ultra_long,FXY_bin_1_2,207,89,112,0.42995169082125606,0.5410628019323671,3.4831774855095974,-3.726301673880343,-0.5185651751895852,no_trade,
UXPSX,inverse,IWM_bin_lt-2,357,163,192,0.4565826330532213,0.5378151260504201,2.984842288758784,-3.49743778893196,-0.5181477938578558,no_trade,
UGPSX,inverse,IWM_bin_gt2,328,146,174,0.4451219512195122,0.5304878048780488,3.3516600253563067,-3.7885350174759878,-0.5178741748134181,no_trade,
UXPIX,ultra_long,IWM_bin_lt-2,357,163,191,0.4565826330532213,0.5350140056022409,2.9857053380801277,-3.5153615821540445,-0.5175464764267833,no_trade,
UNPIX,ultra_long,QQQ_bin_lt-2,318,172,144,0.5408805031446541,0.4528301886792453,3.1628850699730737,-2.63723022380901,0.5165254081977089,no_trade,
OEPSX,inverse,GLD_bin_lt-2,206,110,84,0.5339805825242718,0.4077669902912621,3.3953098655369462,-3.1806255851127965,0.5160754177649963,no_trade,
BMPIX,long,XLU_bin_lt-2,264,140,107,0.5303030303030303,0.4053030303030303,3.304411839971884,-3.0523637809582183,0.5152073220967214,no_trade,
UDPSX,inverse,FXY_bin_1_2,207,117,84,0.5652173913043478,0.4057971014492754,2.4907222734694208,-2.2029766570333735,0.5138380038894633,predict_up,2.4907222734694208
UNPSX,inverse,QQQ_bin_lt-2,318,172,143,0.5408805031446541,0.449685534591195,3.158356346602492,-2.6567717477569257,0.5135815461836114,no_trade,
UVPSX,inverse,FXY_bin_1_2,207,89,110,0.42995169082125606,0.5314009661835749,3.4784244131526942,-3.7803242269484083,-0.5133134888586242,no_trade,
UDPIX,ultra_long,FXY_bin_1_2,207,119,85,0.5748792270531401,0.4106280193236715,2.447278000831943,-2.176528519552933,0.513145690516917,predict_up,2.447278000831943
UNPIX,ultra_long,IWM_bin_lt-2,357,191,163,0.5350140056022409,0.4565826330532213,3.521258286500729,-3.003645149817945,0.5125102893594236,no_trade,
BMPSX,inverse,XLU_bin_lt-2,264,140,106,0.5303030303030303,0.4015151515151515,3.3000547784990952,-3.0841176712810983,0.5117090751290791,no_trade,
TEPIX,long,FXY_bin_1_2,207,115,82,0.5555555555555556,0.3961352657004831,2.4240738221283857,-2.10951973997497,0.511052516264816,predict_up,2.4240738221283857
ENPIX,long,GLD_bin_lt-2,206,123,82,0.5970873786407767,0.39805825242718446,2.5730249495256285,-2.5792358240299706,0.5096346175786151,predict_up,2.5730249495256285
UXPSX,inverse,XLK_bin_lt-2,337,151,184,0.44807121661721067,0.5459940652818991,2.845278402168058,-3.2681799672663923,-0.5095195111265262,no_trade,
ENPSX,inverse,GLD_bin_lt-2,206,123,82,0.5970873786407767,0.39805825242718446,2.5701012868493387,-2.5778460712481173,0.5084421380588501,predict_up,2.5701012868493387
UNPSX,inverse,IWM_bin_lt-2,357,190,162,0.5322128851540616,0.453781512605042,3.530495692141607,-3.021656007197819,0.507803664820332,no_trade,
UXPIX,ultra_long,XLK_bin_lt-2,337,151,183,0.44807121661721067,0.543026706231454,2.850428777198726,-3.2848111025224718,-0.5065450635151483,no_trade,
UJPSX,inverse,QQQ_bin_gt2,491,213,267,0.43380855397148677,0.5437881873727087,2.3136349701541032,-2.773205029752046,-0.5043614955213283,no_trade,
UJPIX,ultra_long,QQQ_bin_gt2,491,213,268,0.43380855397148677,0.5458248472505092,2.3205044443711844,-2.7597260851417835,-0.49967239137868774,no_trade,
UNPIX,ultra_long,XLK_bin_lt-2,337,183,152,0.543026706231454,0.45103857566765576,3.2895786537915384,-2.8544391985438735,0.4988668708165658,no_trade,
CYPSX,inverse,FXY_bin_1_2,207,121,83,0.5845410628019324,0.40096618357487923,2.1022591447906342,-1.8256441204459957,0.4968352392398507,predict_up,2.1022591447906342
WCPIX,long,XLU_bin_lt-2,264,152,111,0.5757575757575758,0.42045454545454547,3.7815022317623437,-3.9984730448241605,0.4960523911075548,predict_up,3.7815022317623437
BKPIX,long,EEM_bin_lt-2,420,225,191,0.5357142857142857,0.45476190476190476,3.4850633084785017,-3.014907042391431,0.49593333169261833,no_trade,
WCPSX,inverse,XLU_bin_lt-2,264,152,109,0.5757575757575758,0.4128787878787879,3.761263491565894,-4.04577612590107,0.49516080679848135,predict_up,3.761263491565894
INPSX,inverse,XLU_bin_lt-2,264,141,114,0.5340909090909091,0.4318181818181818,3.5201704185282034,-3.208340950430665,0.494671063118867,no_trade,
ULPIX,ultra_long,SPY_bin_lt-2,318,178,137,0.559748427672956,0.4308176100628931,3.373406406088487,-3.2358308031633873,0.49420603852316514,predict_up,3.373406406088487
UFPSX,inverse,XLF_bin_lt-2,380,157,208,0.4131578947368421,0.5473684210526316,4.967015559050311,-4.651651612079747,-0.49400550668865334,no_trade,
BKPSX,inverse,EEM_bin_lt-2,420,224,190,0.5333333333333333,0.4523809523809524,3.502370444973661,-3.0376064940983873,0.4937755852271581,no_trade,
UNPSX,inverse,XLK_bin_lt-2,337,183,151,0.543026706231454,0.44807121661721067,3.2818974568504284,-2.8755836962957804,0.49369168089900783,no_trade,
CYPIX,long,FXY_bin_1_2,207,118,82,0.5700483091787439,0.3961352657004831,2.150187402814869,-1.852330308125633,0.4919373346176456,predict_up,2.150187402814869
UKPSX,inverse,XLK_bin_lt-2,337,149,185,0.4421364985163205,0.5489614243323442,3.291968183135665,-3.54745609525827,-0.4919172650906997,no_trade,
TEPSX,inverse,FXY_bin_1_2,207,112,77,0.5410628019323671,0.3719806763285024,2.4615708526715596,-2.2592074981590273,0.4914828895699012,no_trade,
UIPSX,inverse,FXY_bin_1_2,207,82,122,0.3961352657004831,0.5893719806763285,2.960458149228563,-2.8223246140148843,-0.49065717233368983,predict_down,-2.8223246140148843
UMPIX,ultra_long,FXY_bin_1_2,207,123,81,0.5942028985507246,0.391304347826087,2.795224409241505,-2.99146109925028,0.4903587115817988,predict_up,2.795224409241505
SOPSX,inverse,XLU_bin_lt-2,240,98,138,0.4083333333333333,0.575,1.678101899138273,-2.04217875959316,-0.4890278446179389,predict_down,-2.04217875959316
USPSX,inverse,QQQ_bin_lt-2,596,271,316,0.4546979865771812,0.5302013422818792,3.868016725567399,-4.239005053920202,-0.4887467523658037,no_trade,
UFPIX,ultra_long,XLF_bin_lt-2,380,156,208,0.4105263157894737,0.5473684210526316,5.000197313779423,-4.641130731109704,-0.4876958187400751,no_trade,
UJPSX,inverse,XLF_bin_gt2,444,200,237,0.45045045045045046,0.5337837837837838,2.4467349152312754,-2.9779101158916044,-0.4874272847298539,no_trade,
UKPIX,ultra_long,EEM_bin_gt2,387,210,172,0.5426356589147286,0.4444444444444444,2.721371618821032,-2.2269717070933215,0.48694807837820514,no_trade,
UKPIX,ultra_long,XLK_bin_lt-2,337,149,185,0.4421364985163205,0.5489614243323442,3.296841133969011,-3.541048009281632,-0.48624496366682274,no_trade,
USPIX,ultra_long,QQQ_bin_lt-2,596,271,317,0.4546979865771812,0.5318791946308725,3.86756988263173,-4.219909121242071,-0.4859056262425129,no_trade,
UKPIX,ultra_long,QQQ_bin_gt2,283,150,130,0.5300353356890459,0.45936395759717313,2.6717623559581605,-2.025767565436383,0.485563851190793,no_trade,
SOPIX,long,XLU_bin_lt-2,240,99,138,0.4125,0.575,1.6671001999214188,-2.03968926316635,-0.4851424938530661,predict_down,-2.03968926316635
UKPSX,inverse,EEM_bin_gt2,387,210,171,0.5426356589147286,0.4418604651162791,2.719762481695831,-2.242793616431112,0.4848382758305021,no_trade,
UMPSX,inverse,FXY_bin_1_2,207,123,81,0.5942028985507246,0.391304347826087,2.789295757569337,-2.996891669757072,0.4847108837232158,predict_up,2.789295757569337
REPIX,long,XLE_bin_lt-2,603,329,271,0.5456053067993366,0.4494195688225539,2.724966562270017,-2.231418886227864,0.4839129035142359,no_trade,
UKPSX,inverse,QQQ_bin_gt2,283,150,128,0.5300353356890459,0.45229681978798586,2.6688228738989883,-2.059278423811711,0.48316534571360165,no_trade,
USPSX,inverse,XLV_bin_-2_-1,666,273,381,0.4099099099099099,0.5720720720720721,2.8357962229931486,-2.8763852959833027,-0.483078722060824,predict_down,-2.8763852959833027
USPIX,ultra_long,GLD_bin_lt-2,206,85,117,0.41262135922330095,0.5679611650485437,2.6105953102775232,-2.7462853167771812,-0.48259602276378954,predict_down,-2.7462853167771812
UIPIX,ultra_long,FXY_bin_1_2,207,82,121,0.3961352657004831,0.5845410628019324,2.9592097246581033,-2.8304037534476416,-0.4822398876579718,predict_down,-2.8304037534476416
UJPIX,ultra_long,XLF_bin_gt2,444,200,237,0.45045045045045046,0.5337837837837838,2.4530322123477584,-2.9734907575189333,-0.4822316825730528,no_trade,
USPIX,ultra_long,XLV_bin_-2_-1,666,271,382,0.4069069069069069,0.5735735735735735,2.853989924782875,-2.864976625700907,-0.4819666687711521,predict_down,-2.864976625700907
ULPSX,inverse,SPY_bin_lt-2,318,177,138,0.5566037735849056,0.4339622641509434,3.3859803836178077,-3.23424739603253,0.4811081359995684,predict_up,3.3859803836178077
REPSX,inverse,XLE_bin_lt-2,603,330,271,0.5472636815920398,0.4494195688225539,2.711765090272312,-2.2324405343418827,0.4807480845492745,no_trade,
USPSX,inverse,GLD_bin_lt-2,206,85,116,0.41262135922330095,0.5631067961165048,2.6130415956910293,-2.766881359097533,-0.4798529224348363,predict_down,-2.766881359097533
UGPIX,ultra_long,XLK_bin_gt2,286,123,160,0.43006993006993005,0.5594405594405595,3.9454261127777066,-3.8884124243258245,-0.478526489582077,predict_down,-3.8884124243258245
UJPSX,inverse,EEM_bin_gt2,428,194,229,0.4532710280373832,0.5350467289719626,2.171759508940247,-2.7284234838065182,-0.4754383949936558,no_trade,
UHPSX,inverse,GDX_bin_0_0.5,464,205,246,0.4418103448275862,0.5301724137931034,2.6123418093536035,-3.0715273666415444,-0.4742794424058861,no_trade,
LGPIX,long,SPY_bin_lt-2,229,140,83,0.611353711790393,0.3624454148471616,1.8573596012731657,-1.824791979726277,0.4741162002662106,predict_up,1.8573596012731657
UGPSX,inverse,XLK_bin_gt2,286,122,160,0.42657342657342656,0.5594405594405595,3.9898436803595922,-3.8892497124280534,-0.4738427447014625,predict_down,-3.8892497124280534
UJPIX,ultra_long,EEM_bin_gt2,428,195,230,0.45560747663551404,0.5373831775700935,2.1689967215821535,-2.717456478399386,-0.4721042741199508,no_trade,
TEPIX,long,XLF_bin_lt-2,464,247,195,0.5323275862068966,0.4202586206896552,3.0969277347740776,-2.8023262019200157,0.4708783213680907,no_trade,
LGPSX,inverse,SPY_bin_lt-2,229,139,82,0.6069868995633187,0.35807860262008734,1.8637303238929464,-1.8498405567080396,0.4688715693059402,predict_up,1.8637303238929464
UCPSX,inverse,XLF_bin_lt-2,384,162,214,0.421875,0.5572916666666666,3.959164843578481,-3.828977580978759,-0.4635846293482823,predict_down,-3.828977580978759
UBPIX,ultra_long,XLF_bin_lt-2,380,208,158,0.5473684210526316,0.41578947368421054,4.60841655336474,-4.9527003347237555,0.4632210268776653,no_trade,
UHPIX,ultra_long,GDX_bin_0_0.5,464,208,247,0.4482758620689655,0.5323275862068966,2.5900497630503194,-3.0496579881183985,-0.46236028523874534,no_trade,
UCPSX,inverse,XLE_bin_lt-2,534,233,294,0.4363295880149813,0.550561797752809,3.2025048936920513,-3.376487320848093,-0.46161728857507706,predict_down,-3.376487320848093
UOPIX,ultra_long,GLD_bin_lt-2,206,114,85,0.5533980582524272,0.41262135922330095,2.783278296617905,-2.615305876640698,0.4611297393203006,predict_up,2.783278296617905
UCPIX,ultra_long,XLF_bin_lt-2,384,163,213,0.4244791666666667,0.5546875,3.9406731789282654,-3.8429505510122883,-0.4589029666674748,predict_down,-3.8429505510122883
UCPIX,ultra_long,XLE_bin_lt-2,534,235,293,0.4400749063670412,0.548689138576779,3.1790540168064734,-3.3846838698140544,-0.4581173781011174,no_trade,
UBPSX,inverse,XLF_bin_lt-2,380,208,157,0.5473684210526316,0.4131578947368421,4.596664685996308,-4.985077746676704,0.4564448643657623,no_trade,
UOPSX,inverse,GLD_bin_lt-2,206,113,86,0.5485436893203883,0.4174757281553398,2.8126900753726876,-2.602826093802761,0.4562666720877488,no_trade,
INPIX,long,XLF_bin_lt-2,464,250,202,0.5387931034482759,0.4353448275862069,3.3389959449423587,-3.086448487414226,0.4553586029696469,no_trade,
FNPIX,long,XLF_bin_lt-2,464,252,209,0.5431034482758621,0.4504310344827586,3.535587449909658,-3.2568774327247585,0.4531910645210327,no_trade,
UHPIX,ultra_long,XLK_bin_gt2,286,155,122,0.541958041958042,0.42657342657342656,3.9841186930777144,-4.000288525046111,0.45280838241755295,no_trade,
OTPIX,long,XLU_bin_lt-2,264,147,106,0.5568181818181818,0.4015151515151515,2.146649551166092,-1.8547715570194707,0.4505746173384533,predict_up,2.146649551166092
UOPIX,ultra_long,XLV_bin_-2_-1,666,374,274,0.5615615615615616,0.4114114114114114,2.895438878382182,-2.8570382646104244,0.4505490330505702,predict_up,2.895438878382182
UHPSX,inverse,XLK_bin_gt2,286,154,123,0.5384615384615384,0.43006993006993005,3.9971077967906714,-3.9609964671182567,0.448783340035727,no_trade,
PMPIX,long,GLD_bin_lt-2,206,119,87,0.5776699029126213,0.4223300970873786,3.391665757999641,-3.576774823594157,0.44868357062750286,predict_up,3.391665757999641
FNPSX,inverse,XLF_bin_lt-2,464,251,208,0.540948275862069,0.4482758620689655,3.542768902702304,-3.2746381693742626,0.44851348135437835,no_trade,
SRPIX,long,FXY_bin_1_2,207,92,110,0.4444444444444444,0.5314009661835749,1.6362747911997517,-2.2119686513475765,-0.4482090379606581,no_trade,
OTPSX,inverse,XLU_bin_lt-2,264,145,105,0.5492424242424242,0.3977272727272727,2.161322587887581,-1.8601186077325256,0.4472701569385763,no_trade,
PMPSX,inverse,GLD_bin_lt-2,206,119,87,0.5776699029126213,0.4223300970873786,3.389604100676083,-3.578113520081303,0.4469272414241773,predict_up,3.389604100676083
BIPIX,long,XLV_bin_lt-2,213,122,90,0.5727699530516432,0.4225352112676056,3.068266033557751,-3.102753268160597,0.44638808431733273,predict_up,3.068266033557751
UGPIX,ultra_long,QQQ_bin_gt2,266,119,145,0.4473684210526316,0.5451127819548872,3.8145145170465162,-3.9487223591875016,-0.4460056938107227,no_trade,
BIPSX,inverse,XLV_bin_lt-2,213,122,90,0.5727699530516432,0.4225352112676056,3.0640418789945634,-3.099820197304564,0.44520794122031,predict_up,3.0640418789945634
UGPSX,inverse,QQQ_bin_gt2,266,118,145,0.44360902255639095,0.5451127819548872,3.854542654173706,-3.950412096612928,-0.44351022863299727,no_trade,
LGPIX,long,XLU_bin_lt-2,217,127,88,0.5852534562211982,0.4055299539170507,1.8220325259905843,-1.536778418364455,0.44314115200337434,predict_up,1.8220325259905843
UOPSX,inverse,XLV_bin_-2_-1,666,371,274,0.5570570570570571,0.4114114114114114,2.9220538414168478,-2.879913095189559,0.44292160222779475,predict_up,2.9220538414168478
UVPSX,inverse,SPY_bin_-1_-0.5,513,215,284,0.4191033138401559,0.5536062378167641,2.438875406038763,-2.641866402272258,-0.44041295506235323,predict_down,-2.641866402272258
UVPSX,inverse,EEM_bin_lt-2,385,161,213,0.41818181818181815,0.5532467532467532,4.05714954538513,-3.8617891615131397,-0.4398961418059558,predict_down,-3.8617891615131397
SPPSX,inverse,QQQ_bin_gt2,285,122,156,0.4280701754385965,0.5473684210526316,1.986585922072947,-2.355407376973318,-0.43887743268399315,no_trade,
UGPIX,ultra_long,GDX_bin_0_0.5,464,248,209,0.5344827586206896,0.4504310344827586,3.006476432033257,-2.5937798690695453,0.43859086747567394,no_trade,
LGPSX,inverse,XLU_bin_lt-2,217,127,86,0.5852534562211982,0.39631336405529954,1.8098660729881029,-1.5670827046174816,0.43817455609394323,predict_up,1.8098660729881029
UVPIX,ultra_long,SPY_bin_-1_-0.5,513,216,289,0.42105263157894735,0.5633528265107213,2.428265767961234,-2.5926858798592236,-0.4381692268999789,predict_down,-2.5926858798592236
SRPSX,inverse,EEM_bin_lt-2,396,172,213,0.43434343434343436,0.5378787878787878,1.8124390837823554,-2.2771253489486805,-0.4375964063522823,no_trade,
UGPSX,inverse,GDX_bin_0_0.5,464,246,208,0.5301724137931034,0.4482758620689655,3.037357164417126,-2.616962633882995,0.4372017987046338,no_trade,
SRPIX,long,EEM_bin_lt-2,396,174,210,0.4393939393939394,0.5303030303030303,1.7953604742305773,-2.3088015959093164,-0.4354939712748384,no_trade,
SPPIX,long,QQQ_bin_gt2,285,122,156,0.4280701754385965,0.5473684210526316,1.9892487497394893,-2.3473296214196955,-0.433316047274578,no_trade,
UGPSX,inverse,TIP_bin_-1_-0.5,294,125,166,0.42517006802721086,0.564625850340136,3.7191620615147922,-3.5678194138847976,-0.4332066837262841,predict_down,-3.5678194138847976
UGPIX,ultra_long,TIP_bin_-1_-0.5,294,125,166,0.42517006802721086,0.564625850340136,3.722355073277581,-3.5697681826711967,-0.43294943593102375,predict_down,-3.5697681826711967
UAPIX,ultra_long,XLE_bin_lt-2,614,337,275,0.5488599348534202,0.44788273615635177,3.2832689789036174,-3.059425991960265,0.4317907135202709,no_trade,
USPSX,inverse,SPY_bin_-2_-1,654,283,359,0.4327217125382263,0.5489296636085627,2.9585644500102966,-3.1171934629539932,-0.430884883558975,no_trade,
UAPSX,inverse,XLE_bin_lt-2,614,335,275,0.5456026058631922,0.44788273615635177,3.3012687276216255,-3.0607551846288787,0.4303214136487021,no_trade,
UVPIX,ultra_long,EEM_bin_lt-2,385,161,214,0.41818181818181815,0.5558441558441558,4.060851750965852,-3.8278101875181103,-0.429491553826945,predict_down,-3.8278101875181103
UKPSX,inverse,QQQ_bin_lt-2,318,145,172,0.4559748427672956,0.5408805031446541,3.0354516607946156,-3.3511176531591707,-0.42846460857911317,no_trade,
UUPIX,ultra_long,SPY_bin_-1_-0.5,513,291,216,0.5672514619883041,0.42105263157894735,2.570470851396287,-2.4465465661965924,0.4279784784753518,predict_up,2.570470851396287
USPIX,ultra_long,SPY_bin_-2_-1,654,283,359,0.4327217125382263,0.5489296636085627,2.96249017660498,-3.1140072242096464,-0.4274371154618556,no_trade,
UKPIX,ultra_long,QQQ_bin_lt-2,318,145,173,0.4559748427672956,0.5440251572327044,3.0373257532087963,-3.3259267696228423,-0.42444370103608936,no_trade,
FNPIX,long,EEM_bin_lt-2,420,236,180,0.5619047619047619,0.42857142857142855,2.8358348839125114,-2.729931705317383,0.42349839439577075,predict_up,2.8358348839125114
UUPSX,inverse,SPY_bin_-1_-0.5,513,290,215,0.5653021442495126,0.4191033138401559,2.5746533713434725,-2.4643748965059644,0.42262938584956106,predict_up,2.5746533713434725
BITIX,long,JNK_bin_-0.5_0,372,169,199,0.4543010752688172,0.5349462365591398,2.3212633270727685,-2.7591050645816817,-0.42142044509800236,no_trade,
UKPSX,inverse,IWM_bin_lt-2,357,163,192,0.4565826330532213,0.5378151260504201,3.2976421139649483,-3.5821277527236886,-0.42087636959849173,no_trade,
UWPSX,inverse,XLF_bin_lt-2,384,156,221,0.40625,0.5755208333333334,3.0857339543230635,-2.908831994852435,-0.4205139947603912,predict_down,-2.908831994852435
SHPSX,inverse,SPY_bin_lt-2,249,107,137,0.42971887550200805,0.5502008032128514,1.858655136600133,-2.212810075329715,-0.41879068555805926,predict_down,-2.212810075329715
FNPSX,inverse,EEM_bin_lt-2,420,236,181,0.5619047619047619,0.430952380952381,2.8290956324446874,-2.7170208748724276,0.4187756926310401,predict_up,2.8290956324446874
UWPSX,inverse,IWM_bin_lt-2,372,153,203,0.4112903225806452,0.5456989247311828,2.856316627283104,-2.918663974269565,-0.4179364053828135,no_trade,
UFPSX,inverse,XLK_bin_lt-2,337,136,188,0.4035608308605341,0.5578635014836796,4.817864339768133,-4.233326279771847,-0.4173168854262355,predict_down,-4.233326279771847
UKPIX,ultra_long,IWM_bin_lt-2,357,163,192,0.4565826330532213,0.5378151260504201,3.3040744916078038,-3.578554950652658,-0.41601795068133957,no_trade,
UWPIX,ultra_long,XLF_bin_lt-2,384,158,222,0.4114583333333333,0.578125,3.048446064423095,-2.887739765471751,-0.41516601498926986,predict_down,-2.887739765471751
UHPIX,ultra_long,QQQ_bin_gt2,266,142,118,0.5338345864661654,0.44360902255639095,3.9981813215228748,-3.8760435973825085,0.4149195607710986,no_trade,
PHPSX,inverse,FXY_bin_1_2,207,123,82,0.5942028985507246,0.3961352657004831,1.7663323201987653,-1.6029661649233695,0.4145683568151296,predict_up,1.7663323201987653
PHPIX,long,FXY_bin_1_2,207,122,80,0.5893719806763285,0.3864734299516908,1.7810721986992024,-1.6448066847181093,0.4140399684244155,predict_up,1.7810721986992024
UWPIX,ultra_long,IWM_bin_lt-2,372,156,201,0.41935483870967744,0.5403225806451613,2.8029134264868443,-2.9397535226383757,-0.41299990193109065,no_trade,
SRPIX,long,XLF_bin_gt2,343,184,147,0.5364431486880467,0.42857142857142855,2.2714422351593813,-1.8818569709235407,0.4119894942961098,no_trade,
BIPIX,long,IWM_bin_lt-2,451,255,190,0.565410199556541,0.4212860310421286,2.505161691595968,-2.3847915583063033,0.41176460150504235,predict_up,2.505161691595968
UFPIX,ultra_long,XLK_bin_lt-2,337,134,188,0.39762611275964393,0.5578635014836796,4.8952640253907855,-4.226028281361891,-0.41106212906133527,predict_down,-4.226028281361891
SLPIX,long,XLU_bin_lt-2,247,133,114,0.5384615384615384,0.46153846153846156,2.1489490715073694,-1.6183732931120756,0.41018490322147183,no_trade,
OTPIX,long,SPY_bin_lt-2,285,152,120,0.5333333333333333,0.42105263157894735,2.3032271505466153,-1.9444057678326707,0.40969064822163165,no_trade,
UHPSX,inverse,QQQ_bin_gt2,266,141,118,0.5300751879699248,0.44360902255639095,4.014692161881909,-3.8742122740907097,0.40945318226558464,no_trade,
SHPIX,long,SPY_bin_lt-2,249,111,133,0.4457831325301205,0.5341365461847389,1.7988563875906676,-2.2669673131987786,-0.40897025555370903,no_trade,
UCPSX,inverse,SPY_bin_-1_-0.5,582,239,335,0.4106529209621993,0.5756013745704467,2.179694635406954,-2.2646991660216926,-0.4084659841151287,predict_down,-2.2646991660216926
SPPSX,inverse,XLK_bin_gt2,296,127,163,0.42905405405405406,0.5506756756756757,2.0564129273409155,-2.3435855724267243,-0.40824326531506694,predict_down,-2.3435855724267243
SRPSX,inverse,XLE_bin_lt-2,510,215,272,0.4215686274509804,0.5333333333333333,1.6976514930677395,-2.106801748600431,-0.40795098943088876,no_trade,
SLPSX,inverse,XLU_bin_lt-2,247,133,114,0.5384615384615384,0.46153846153846156,2.1455740304881297,-1.6214338464374565,0.4069550103686285,no_trade,
UCPSX,inverse,GDX_bin_0_0.5,495,214,266,0.43232323232323233,0.5373737373737374,1.8036148219857182,-2.2074736746530066,-0.40649378899546684,no_trade,
SPPIX,long,XLK_bin_gt2,296,128,162,0.43243243243243246,0.5472972972972973,2.036071150656789,-2.350968217839035,-0.40621535137113074,no_trade,
SRPSX,inverse,XLF_bin_gt2,343,185,146,0.5393586005830904,0.42565597667638483,2.253865555472095,-1.90234862630598,0.40589570939260805,no_trade,
BIPSX,inverse,IWM_bin_lt-2,451,255,190,0.565410199556541,0.4212860310421286,2.4985671688412756,-2.3903501007620833,0.40569425478875737,predict_up,2.4985671688412756
UHPSX,inverse,TIP_bin_-1_-0.5,294,166,125,0.564625850340136,0.42517006802721086,3.546819547619556,-3.758462752399578,0.404640138962242,predict_up,3.546819547619556
UHPIX,ultra_long,TIP_bin_-1_-0.5,294,165,123,0.5612244897959183,0.41836734693877553,3.569740779579463,-3.821719919540582,0.40454312424190436,predict_up,3.569740779579463
SRPIX,long,XLE_bin_lt-2,510,220,271,0.43137254901960786,0.5313725490196078,1.6642129441067088,-2.1109211780930766,-0.40378978737205495,no_trade,
UCPIX,ultra_long,SPY_bin_-1_-0.5,582,239,334,0.4106529209621993,0.5738831615120275,2.1840448996895563,-2.266208431169179,-0.40365444155447033,predict_down,-2.266208431169179
UCPIX,ultra_long,GDX_bin_0_0.5,495,214,270,0.43232323232323233,0.5454545454545454,1.8115904659203148,-2.175830632619979,-0.40362406282918606,no_trade,
UXPIX,ultra_long,XLF_bin_lt-2,380,165,211,0.4342105263157895,0.5552631578947368,3.394633593461639,-3.376585853786311,-0.4009080848098455,predict_down,-3.376585853786311
UXPSX,inverse,XLF_bin_lt-2,380,165,212,0.4342105263157895,0.5578947368421052,3.3960059416301807,-3.35973933737289,-0.39979936619492834,predict_down,-3.35973933737289
HCPIX,long,FXY_bin_1_2,207,124,79,0.5990338164251208,0.38164251207729466,1.6839203975580381,-1.5960895806694848,0.39958962523820046,predict_up,1.6839203975580381
UHPIX,ultra_long,EEM_bin_lt-2,325,143,179,0.44,0.5507692307692308,4.47195027753535,-4.295909891277855,-0.3983968641574799,predict_down,-4.295909891277855
UOPIX,ultra_long,SPY_bin_-2_-1,664,356,290,0.536144578313253,0.4367469879518072,3.1253516507106616,-2.927745079463244,0.3969564979046006,no_trade,
HCPSX,inverse,FXY_bin_1_2,207,125,80,0.6038647342995169,0.3864734299516908,1.6698641846866318,-1.5833012839703815,0.39646821433912294,predict_up,1.6698641846866318
UAPIX,ultra_long,XLF_bin_lt-2,484,265,219,0.5475206611570248,0.4524793388429752,3.7158959549460113,-3.621144985665144,0.3960365210744353,no_trade,
UCPSX,inverse,EEM_bin_lt-2,417,177,231,0.4244604316546763,0.5539568345323741,3.402630793886454,-3.321973382151987,-0.3959477236431811,predict_down,-3.321973382151987
UOPSX,inverse,SPY_bin_-2_-1,664,355,286,0.5346385542168675,0.4307228915662651,3.133132169256935,-2.9700916269488267,0.3958067993657344,no_trade,
UDPIX,ultra_long,IWM_bin_lt-2,407,226,177,0.5552825552825553,0.4348894348894349,2.896773995072843,-2.7907035301118563,0.394880584905808,predict_up,2.896773995072843
BIPIX,long,XLF_bin_lt-2,464,267,192,0.5754310344827587,0.41379310344827586,2.4725906558726582,-2.484447094201861,0.3947583254983671,predict_up,2.4725906558726582
UCPIX,ultra_long,EEM_bin_lt-2,417,180,233,0.4316546762589928,0.5587529976019184,3.3520958707910267,-3.2960405584089685,-0.39472468433310515,predict_down,-3.2960405584089685
UDPSX,inverse,IWM_bin_lt-2,407,224,174,0.5503685503685504,0.4275184275184275,2.9217305606620374,-2.839038421517325,0.3942873716075719,predict_up,2.9217305606620374
UHPSX,inverse,EEM_bin_lt-2,325,143,179,0.44,0.5507692307692308,4.483652296110335,-4.297331828535858,-0.3940311352742788,predict_down,-4.297331828535858
UNPIX,ultra_long,XLF_bin_lt-2,380,211,166,0.5552631578947368,0.4368421052631579,3.3845953347043074,-3.4031817886334066,0.3926879966038509,predict_up,3.3845953347043074
UAPSX,inverse,XLF_bin_lt-2,484,263,220,0.5433884297520661,0.45454545454545453,3.739024042137942,-3.6080427539273754,0.39172296945920737,no_trade,
UAPIX,ultra_long,GDX_bin_0_0.5,495,272,222,0.5494949494949495,0.4484848484848485,2.1468457396310012,-1.7584494452343553,0.3910429582577889,no_trade,
UKPSX,inverse,XLF_bin_lt-2,380,162,215,0.4263157894736842,0.5657894736842105,3.7045465512100293,-3.4824331764796157,-0.3910173464397173,predict_down,-3.4824331764796157
UGPSX,inverse,SPY_bin_1_2,495,221,263,0.44646464646464645,0.5313131313131313,2.9291627229137287,-3.1972626307229843,-0.39098002043678937,no_trade,
BIPSX,inverse,XLF_bin_lt-2,464,266,192,0.5732758620689655,0.41379310344827586,2.4729351821154055,-2.483235293245238,0.3901284097836469,predict_up,2.4729351821154055
UBPIX,ultra_long,XLK_bin_lt-2,337,189,137,0.5608308605341247,0.4065281899109792,4.171152493081879,-4.7963371681408296,0.3894647749471261,predict_up,4.171152493081879
URPIX,ultra_long,IWM_bin_lt-2,452,206,242,0.4557522123893805,0.5353982300884956,2.7699772793181427,-3.084525103700947,-0.3890260078674596,no_trade,
LVPIX,long,XLU_bin_lt-2,217,119,98,0.5483870967741935,0.45161290322580644,1.9438808651843484,-1.500852858011645,0.38819466761196497,no_trade,
URPSX,inverse,IWM_bin_lt-2,452,206,241,0.4557522123893805,0.5331858407079646,2.7710446941093587,-3.0952883863501457,-0.3874541905395069,no_trade,
UKPIX,ultra_long,XLF_bin_lt-2,380,162,215,0.4263157894736842,0.5657894736842105,3.708017791260669,-3.4779904673850366,-0.38702386395672217,predict_down,-3.4779904673850366
UNPSX,inverse,XLF_bin_lt-2,380,211,165,0.5552631578947368,0.4342105263157895,3.3736253128015217,-3.4247738389095472,0.3861769936343308,predict_up,3.3736253128015217
UJPIX,ultra_long,XLF_bin_lt-2,484,265,213,0.5475206611570248,0.44008264462809915,3.514572458830313,-3.4951748197019064,0.38613525825108863,no_trade,
UAPSX,inverse,GDX_bin_0_0.5,495,270,223,0.5454545454545454,0.4505050505050505,2.1564076876027425,-1.7551193823710336,0.3855322290585858,no_trade,
UKPSX,inverse,SPY_bin_-1_-0.5,513,214,291,0.4171539961013645,0.5672514619883041,2.2619208016710446,-2.3411503665091122,-0.3844516668548694,predict_down,-2.3411503665091122
UKPIX,ultra_long,SPY_bin_-1_-0.5,513,214,288,0.4171539961013645,0.5614035087719298,2.2613967311322636,-2.363754186765379,-0.38366921116203645,predict_down,-2.363754186765379
OTPIX,long,FXY_bin_1_2,207,119,79,0.5748792270531401,0.38164251207729466,1.562934596406587,-1.3508317095046676,0.3829638257078023,predict_up,1.562934596406587
LVPSX,inverse,XLU_bin_lt-2,217,118,98,0.543778801843318,0.45161290322580644,1.9540496951433455,-1.5048556957652368,0.3829585522669199,no_trade,
UBPSX,inverse,XLK_bin_lt-2,337,187,137,0.5548961424332344,0.4065281899109792,4.2001234641319884,-4.793642751789791,0.38188139702516477,predict_up,4.2001234641319884
SOPSX,inverse,FXY_bin_1_2,207,81,121,0.391304347826087,0.5845410628019324,1.311259970513636,-1.5304070440732738,-0.381484032469863,predict_down,-1.5304070440732738
UJPSX,inverse,XLF_bin_lt-2,484,266,212,0.5495867768595041,0.4380165289256198,3.4968582094382845,-3.516964693017708,0.3813383652703095,no_trade,
UGPIX,ultra_long,SLV_bin_gt2,565,256,303,0.45309734513274336,0.536283185840708,3.089943888203658,-3.3196445621627753,-0.38022418930121143,no_trade,
SOPIX,long,FXY_bin_1_2,207,82,120,0.3961352657004831,0.5797101449275363,1.2978876328501188,-1.5427534922877988,-0.38021078831316957,predict_down,-1.5427534922877988
UGPSX,inverse,SLV_bin_gt2,565,257,305,0.45486725663716815,0.5398230088495575,3.080920960674317,-3.296431108226725,-0.3780792940103568,no_trade,
UMPIX,ultra_long,GDX_bin_0_0.5,495,264,227,0.5333333333333333,0.4585858585858586,1.9439261848285747,-1.4382466974109978,0.37720103531807503,no_trade,
UIPSX,inverse,QQQ_bin_lt-2,330,144,177,0.43636363636363634,0.5363636363636364,2.905823622123621,-3.0644204167774722,-0.37564791570851824,no_trade,
TEPIX,long,GLD_bin_lt-2,206,110,81,0.5339805825242718,0.3932038834951456,2.3599157744372943,-2.2498849895996527,0.37548568461422543,no_trade,
OTPSX,inverse,FXY_bin_1_2,207,118,79,0.5700483091787439,0.38164251207729466,1.564589713933708,-1.3564546556978634,0.3742109586668904,predict_up,1.564589713933708
UGPIX,ultra_long,EEM_bin_lt-2,325,178,144,0.5476923076923077,0.4430769230769231,4.283957940141142,-4.45219481425135,0.3736260310551661,no_trade,
BTCFX,long,XLV_bin_0_0.5,278,118,159,0.4244604316546763,0.5719424460431655,2.40716178092618,-2.4387628639867946,-0.3730870691532774,predict_down,-2.4387628639867946
UMPSX,inverse,GDX_bin_0_0.5,495,264,227,0.5333333333333333,0.4585858585858586,1.9392598820880347,-1.442527304525606,0.3727493146341991,no_trade,
UAPIX,ultra_long,XLV_bin_-2_-1,628,353,274,0.5621019108280255,0.43630573248407645,2.556555583190277,-2.44014769735863,0.3723943499839224,predict_up,2.556555583190277
SVPIX,long,XLU_bin_lt-2,247,137,109,0.5546558704453441,0.44129554655870445,2.073132111380791,-1.7636497560418862,0.3715841127554767,predict_up,2.073132111380791
UGPSX,inverse,GLD_bin_1_2,528,242,284,0.4583333333333333,0.5378787878787878,2.8790670477916147,-3.1431269164022515,-0.37104889903914484,no_trade,
OTPIX,long,XLV_bin_-2_-1,616,339,246,0.5503246753246753,0.39935064935064934,1.672746141285982,-1.380431822481572,0.36927713241149546,predict_up,1.672746141285982
ULPIX,ultra_long,IWM_bin_lt-2,452,242,207,0.5353982300884956,0.4579646017699115,3.062875997014023,-2.774801105060813,0.36909770471195824,no_trade,
SVPSX,inverse,XLU_bin_lt-2,247,136,110,0.5506072874493927,0.44534412955465585,2.0883859141028864,-1.7541846143337962,0.3686646831630563,predict_up,2.0883859141028864
UAPSX,inverse,XLV_bin_-2_-1,628,352,274,0.5605095541401274,0.43630573248407645,2.55886610409485,-2.4433539222021974,0.36821957636621855,predict_up,2.55886610409485
UAPIX,ultra_long,EEM_bin_lt-2,420,237,183,0.5642857142857143,0.4357142857142857,3.1921339940736435,-3.2903405662101632,0.36762722137855597,predict_up,3.1921339940736435
UJPIX,ultra_long,IWM_bin_lt-2,452,245,204,0.5420353982300885,0.45132743362831856,3.4793627137409957,-3.3651797372713643,0.3671398196088177,no_trade,
UJPIX,ultra_long,XLK_bin_lt-2,560,305,250,0.5446428571428571,0.44642857142857145,3.2098031704870778,-3.094092441276728,0.36690510121317255,no_trade,
UGPIX,ultra_long,GLD_bin_1_2,528,242,283,0.4583333333333333,0.5359848484848485,2.8822947413450195,-3.147996700380563,-0.3662267780344782,no_trade,
UWPSX,inverse,QQQ_bin_lt-2,330,140,181,0.42424242424242425,0.5484848484848485,2.5761494366964506,-2.659246781529457,-0.36564468581614734,no_trade,
UAPSX,inverse,EEM_bin_lt-2,420,237,183,0.5642857142857143,0.4357142857142857,3.190717843189892,-3.294334719706573,0.3650877979278611,predict_up,3.190717843189892
SNPIX,long,GLD_bin_lt-2,205,82,119,0.4,0.5804878048780487,1.7039807309531405,-1.8029922471944595,-0.3650227194047957,predict_down,-1.8029922471944595
UGPSX,inverse,EEM_bin_lt-2,325,179,143,0.5507692307692308,0.44,4.244805806032533,-4.485524382505517,0.364277700250875,predict_up,4.244805806032533
UUPSX,inverse,SLV_bin_gt2,621,286,332,0.4605475040257649,0.534621578099839,2.511129014757728,-2.8429382199956668,-0.3634019175810808,no_trade,
SHPSX,inverse,FXY_bin_1_2,207,78,123,0.37681159420289856,0.5942028985507246,1.5831414446234013,-1.6141696729620822,-0.3625982468295207,predict_down,-1.6141696729620822
UKPIX,ultra_long,GLD_bin_lt-2,200,92,108,0.46,0.54,2.795055846981943,-3.0501492967290353,-0.361354930621985,no_trade,
INPIX,long,XLE_bin_lt-2,603,333,258,0.5522388059701493,0.42786069651741293,2.7991637237722133,-2.7685951104388944,0.36123380020383467,predict_up,2.7991637237722133
SHPIX,long,FXY_bin_1_2,207,80,122,0.3864734299516908,0.5893719806763285,1.5446604854930521,-1.6230543278925615,-0.35961250803598216,predict_down,-1.6230543278925615
UJPSX,inverse,XLK_bin_lt-2,560,307,249,0.5482142857142858,0.4446428571428571,3.1850563833636563,-3.118870347816574,0.35930998765413447,no_trade,
UUPIX,ultra_long,SLV_bin_gt2,621,286,331,0.4605475040257649,0.533011272141707,2.517012295528033,-2.8487000907669557,-0.3591855290222948,no_trade,
OTPSX,inverse,XLF_bin_lt-2,464,257,187,0.5538793103448276,0.40301724137931033,1.9322947300121678,-1.7656827223258276,0.3586574925392183,predict_up,1.9322947300121678
UJPSX,inverse,IWM_bin_lt-2,452,246,204,0.5442477876106194,0.45132743362831856,3.46044921537949,-3.378960372837978,0.35832431620444,no_trade,
UWPIX,ultra_long,QQQ_bin_lt-2,330,142,179,0.4303030303030303,0.5424242424242425,2.5431731464786402,-2.677978994415154,-0.35826561575862365,no_trade,
ULPSX,inverse,IWM_bin_lt-2,452,242,207,0.5353982300884956,0.4579646017699115,3.05628600404627,-2.791517963817967,0.35791370457716437,no_trade,
SOPSX,inverse,IWM_bin_lt-2,407,175,225,0.42997542997543,0.5528255528255528,1.5160073459821144,-1.8254265865330552,-0.3572965514080281,predict_down,-1.8254265865330552
TEPSX,inverse,GLD_bin_lt-2,206,111,84,0.5388349514563107,0.4077669902912621,2.3362591474742125,-2.2111549751930033,0.3572220750166277,no_trade,
BLPSX,inverse,XLV_bin_gt2,224,101,120,0.45089285714285715,0.5357142857142857,1.0225215990562582,-1.5256874252141823,-0.35628486393312436,no_trade,
SNPSX,inverse,GLD_bin_lt-2,205,81,119,0.3951219512195122,0.5804878048780487,1.7221628017825956,-1.785571701568452,-0.35603827093783175,predict_down,-1.785571701568452
UKPSX,inverse,GDX_bin_0_0.5,495,219,266,0.44242424242424244,0.5373737373737374,1.8610635023870787,-2.1933553652199156,-0.35527195984995413,no_trade,
SOPIX,long,IWM_bin_lt-2,407,177,224,0.4348894348894349,0.5503685503685504,1.5008684153640257,-1.8294845773307897,-0.3541789577461042,predict_down,-1.8294845773307897
REPIX,long,TIP_bin_0.5_1,352,189,161,0.5369318181818182,0.45738636363636365,2.263182257804171,-1.8827203904480585,0.3540439314285537,no_trade,
UCPIX,ultra_long,SLV_bin_lt-2,573,261,306,0.45549738219895286,0.5340314136125655,2.628113472894221,-2.9038051556848896,-0.35362436512074086,no_trade,
UUPIX,ultra_long,EEM_bin_lt-2,385,216,166,0.561038961038961,0.43116883116883115,3.7762425206957757,-4.094279941081584,0.353293283768168,predict_up,3.7762425206957757
UKPIX,ultra_long,GDX_bin_0_0.5,495,221,268,0.44646464646464645,0.5414141414141415,1.8478717075672761,-2.1757658568370495,-0.3529810146665884,no_trade,
UKPSX,inverse,GLD_bin_lt-2,200,92,106,0.46,0.53,2.795665762940717,-3.0920910280656972,-0.35280199392208966,no_trade,
USPSX,inverse,XLF_bin_-2_-1,730,303,416,0.41506849315068495,0.5698630136986301,2.881309532127746,-2.714750846260598,-0.3510952928900026,predict_down,-2.714750846260598
SLPIX,long,SPY_bin_lt-2,260,138,121,0.5307692307692308,0.4653846153846154,2.198913450275281,-1.75373419451907,0.35095468692762044,no_trade,
BLPIX,long,XLV_bin_gt2,224,99,121,0.4419642857142857,0.5401785714285714,1.0494641416511876,-1.5081062560863336,-0.3508210132275841,no_trade,
SLPIX,long,FXY_bin_1_2,207,123,83,0.5942028985507246,0.40096618357487923,1.5968799210800053,-1.4925109353235493,0.35042426406273464,predict_up,1.5968799210800053
REPSX,inverse,TIP_bin_0.5_1,352,189,162,0.5369318181818182,0.4602272727272727,2.2591168397026915,-1.8745374697453958,0.3502784449007232,no_trade,
WCPIX,long,XLV_bin_lt-2,213,116,97,0.5446009389671361,0.45539906103286387,3.844962874721743,-3.8290365753706257,0.3502307307829644,no_trade,
UJPSX,inverse,GDX_bin_0_0.5,495,266,221,0.5373737373737374,0.44646464646464645,2.198786743182601,-1.8627968538318926,0.3498973110903506,no_trade,
UJPIX,ultra_long,GDX_bin_0_0.5,495,265,222,0.5353535353535354,0.4484848484848485,2.208442274931267,-1.8573413854122887,0.3493079096873891,no_trade,
USPIX,ultra_long,XLF_bin_-2_-1,730,303,412,0.41506849315068495,0.5643835616438356,2.881653584801229,-2.73624837255742,-0.34820999082039006,predict_down,-2.73624837255742
USPSX,inverse,GDX_bin_lt-2,851,369,467,0.4336075205640423,0.5487661574618097,2.154469757088677,-2.3368745517193825,-0.34820337871589874,no_trade,
INPSX,inverse,XLE_bin_lt-2,603,331,257,0.548922056384743,0.4262023217247098,2.803665261206182,-2.7941049099660007,0.3481397008258445,no_trade,
SLPSX,inverse,SPY_bin_lt-2,260,138,121,0.5307692307692308,0.4653846153846154,2.196288131296612,-1.7571738082441626,0.34796050508226434,no_trade,
SNPSX,inverse,SPY_bin_lt-2,214,93,119,0.43457943925233644,0.5560747663551402,2.5749882421650994,-2.637264973025042,-0.34747955733002694,predict_down,-2.637264973025042
UUPSX,inverse,EEM_bin_lt-2,385,215,166,0.5584415584415584,0.43116883116883115,3.7849680894880917,-4.09671447752189,0.34730788563975573,predict_up,3.7849680894880917
SLPSX,inverse,FXY_bin_1_2,207,124,83,0.5990338164251208,0.40096618357487923,1.580155690987126,-1.4971457960513184,0.34626185802002013,predict_up,1.580155690987126
SNPIX,long,SPY_bin_lt-2,214,93,119,0.43457943925233644,0.5560747663551402,2.5765828267115976,-2.63577712086011,-0.34595922662698386,predict_down,-2.63577712086011
CNPIX,long,FXY_bin_1_2,207,118,87,0.5700483091787439,0.42028985507246375,1.6592527698368391,-1.427612339254299,0.3458432527807873,predict_up,1.6592527698368391
USPIX,ultra_long,GDX_bin_lt-2,851,369,466,0.4336075205640423,0.5475910693301997,2.155059123699264,-2.3374656368730937,-0.34552546432177794,no_trade,
ENPIX,long,SPY_bin_-1_-0.5,697,404,288,0.5796269727403156,0.4131994261119082,2.0275612383499775,-2.0111303993142426,0.34423125579754515,predict_up,2.0275612383499775
FNPIX,long,GDX_bin_0_0.5,495,277,208,0.5595959595959596,0.4202020202020202,1.589518911303465,-1.3001181698714603,0.34317607898544666,predict_up,1.589518911303465
BKPSX,inverse,XLV_bin_-2_-1,603,326,242,0.5406301824212272,0.4013266998341625,2.342528176481273,-2.300619020805552,0.3431415961823405,no_trade,
UJPIX,ultra_long,IWM_bin_-1_-0.5,721,416,300,0.5769764216366158,0.4160887656033287,2.1350773494650035,-2.1388632952245135,0.34193230070747205,predict_up,2.1350773494650035
TEPIX,long,XLE_bin_lt-2,603,322,253,0.5339966832504146,0.41956882255389716,2.6608789933262167,-2.572785974237603,0.34143977507284934,no_trade,
WCPSX,inverse,XLV_bin_lt-2,213,116,95,0.5446009389671361,0.4460093896713615,3.8125317525506284,-3.889952895810759,0.34135285537019194,no_trade,
CNPSX,inverse,FXY_bin_1_2,207,118,87,0.5700483091787439,0.42028985507246375,1.6508157870359246,-1.428598730835569,0.3406191946258191,predict_up,1.6508157870359246
BRPIX,long,XLV_bin_gt2,224,120,102,0.5357142857142857,0.45535714285714285,1.4999299940598292,-1.0168882059038293,0.34048661734370045,no_trade,
SPPIX,long,GLD_bin_lt-2,205,83,114,0.40487804878048783,0.5560975609756098,2.500155496756357,-2.4310455895603695,-0.33964044380050934,predict_down,-2.4310455895603695
UKPIX,ultra_long,QQQ_bin_-2_-1,500,202,287,0.404,0.574,2.642721667181042,-2.4498979302588224,-0.338581858427423,predict_down,-2.4498979302588224
ENPSX,inverse,SPY_bin_-1_-0.5,697,404,288,0.5796269727403156,0.4131994261119082,2.0184575289929665,-2.013504440648374,0.3379735477854044,predict_up,2.0184575289929665
FNPSX,inverse,GDX_bin_0_0.5,495,279,210,0.5636363636363636,0.42424242424242425,1.5703833107369398,-1.291306086496677,0.33729831420465456,predict_up,1.5703833107369398
UJPSX,inverse,IWM_bin_-1_-0.5,721,415,298,0.5755894590846047,0.4133148404993065,2.133841139533449,-2.159247234112266,0.33576754111085433,predict_up,2.133841139533449
UOPIX,ultra_long,XLF_bin_-2_-1,730,409,306,0.5602739726027397,0.4191780821917808,2.754486815987609,-2.8806385308523526,0.335766736024811,predict_up,2.754486815987609
UFPSX,inverse,SLV_bin_-0.5_0,673,262,359,0.38930163447251115,0.5334323922734027,2.4460299622217194,-2.4117399077964694,-0.33425672629545605,no_trade,
UWPIX,ultra_long,XLE_bin_lt-2,534,226,293,0.4232209737827715,0.548689138576779,2.4591063331658742,-2.5056714832286757,-0.3340893507313004,no_trade,
UKPIX,ultra_long,IWM_bin_-1_-0.5,575,230,327,0.4,0.568695652173913,2.103050975138241,-2.0664586909360705,-0.33396568287704304,predict_down,-2.0664586909360705
BKPIX,long,XLV_bin_-2_-1,603,326,242,0.5406301824212272,0.4013266998341625,2.3394840920198874,-2.3199713566706497,0.33372926315785423,no_trade,
UWPSX,inverse,XLE_bin_lt-2,534,223,295,0.41760299625468167,0.552434456928839,2.492354958013871,-2.487884635098072,-0.3335782990952023,predict_down,-2.487884635098072
UDPIX,ultra_long,XLF_bin_lt-2,423,238,183,0.5626477541371159,0.4326241134751773,2.9125248924650435,-3.0194542318003466,0.3324368794024042,predict_up,2.9125248924650435
UJPIX,ultra_long,XLK_bin_-1_-0.5,675,387,280,0.5733333333333334,0.4148148148148148,2.2557250170185084,-2.3163965295550426,0.33240674564555633,predict_up,2.2557250170185084
BIPIX,long,SPY_bin_lt-2,285,166,116,0.5824561403508772,0.4070175438596491,2.7527928283810414,-3.123736202254334,0.331965649297369,predict_up,2.7527928283810414
UOPSX,inverse,XLF_bin_-2_-1,730,407,303,0.5575342465753425,0.41506849315068495,2.7662783151801853,-2.916233740891936,0.33185815176449146,predict_up,2.7662783151801853
UDPIX,ultra_long,QQQ_bin_lt-2,395,215,174,0.5443037974683544,0.44050632911392407,2.6998879695210087,-2.583756539694219,0.33139816592461524,no_trade,
UFPIX,ultra_long,SLV_bin_-0.5_0,673,262,358,0.38930163447251115,0.5319465081723626,2.4513000206125515,-2.415450453982898,-0.33059533005258374,no_trade,
OEPSX,inverse,FXY_bin_0.5_1,557,248,303,0.4452423698384201,0.5439856373429084,2.627290571032241,-2.756657511734972,-0.32980101335673356,no_trade,
UDPSX,inverse,XLF_bin_lt-2,423,238,180,0.5626477541371159,0.425531914893617,2.91089504557727,-3.0739709072197625,0.3297358334464136,predict_up,2.91089504557727
UJPIX,ultra_long,SPY_bin_-1_-0.5,709,398,301,0.5613540197461213,0.4245416078984485,2.3513265174504623,-2.3323953357940925,0.3297277261935998,predict_up,2.3513265174504623
SPPSX,inverse,GLD_bin_lt-2,205,85,113,0.4146341463414634,0.551219512195122,2.442155906447402,-2.4344829513819404,-0.32933327540551277,predict_down,-2.4344829513819404
LVPIX,long,SPY_bin_lt-2,229,125,103,0.5458515283842795,0.4497816593886463,1.9427549194135265,-1.6260951036700322,0.3290679879854914,no_trade,
UDPSX,inverse,QQQ_bin_lt-2,395,215,173,0.5443037974683544,0.4379746835443038,2.699381176539193,-2.603614243651898,0.32896630076999545,no_trade,
URPSX,inverse,XLF_bin_lt-2,511,221,284,0.4324853228962818,0.5557729941291585,3.069994378119957,-2.9806713766353004,-0.32884914559670236,predict_down,-2.9806713766353004
UJPSX,inverse,XLK_bin_-1_-0.5,675,386,280,0.5718518518518518,0.4148148148148148,2.2562134237369094,-2.3188339033072376,0.3283331683502526,predict_up,2.2562134237369094
UIPSX,inverse,XLK_bin_lt-2,350,152,189,0.4342857142857143,0.54,3.108630226278128,-3.107956563374631,-0.3282628459529427,no_trade,
OTPIX,long,IWM_bin_-1_-0.5,721,399,293,0.5533980582524272,0.406380027739251,1.456914588389449,-1.1763269450290164,0.32821792770303504,predict_up,1.456914588389449
BIPSX,inverse,SPY_bin_lt-2,285,166,116,0.5824561403508772,0.4070175438596491,2.7425773641776825,-3.11875844349693,0.3280416245889525,predict_up,2.7425773641776825
UOPIX,ultra_long,GDX_bin_lt-2,851,459,366,0.5393654524089306,0.4300822561692127,2.3490546339590153,-2.1835544925711488,0.327890872745179,no_trade,
SVPIX,long,FXY_bin_1_2,207,122,83,0.5893719806763285,0.40096618357487923,1.5895892435005599,-1.5191767488295869,0.32772085774981924,predict_up,1.5895892435005599
URPIX,ultra_long,XLF_bin_lt-2,511,219,284,0.42857142857142855,0.5557729941291585,3.1000526993711337,-2.978498724226532,-0.32677513995705815,predict_down,-2.978498724226532
UJPSX,inverse,SPY_bin_-1_-0.5,709,398,301,0.5613540197461213,0.4245416078984485,2.3486174572685385,-2.3358090765092854,0.3267577093985663,predict_up,2.3486174572685385
SOPSX,inverse,XLK_bin_lt-2,422,177,236,0.4194312796208531,0.5592417061611374,1.651097769664173,-1.8223560581675573,-0.3266154608933288,predict_down,-1.8223560581675573
LVPSX,inverse,SPY_bin_lt-2,229,125,103,0.5458515283842795,0.4497816593886463,1.9384853040423349,-1.6284870138652632,0.32566157457279343,no_trade,
UIPIX,ultra_long,XLK_bin_lt-2,350,151,189,0.43142857142857144,0.54,3.133749923634928,-3.1054448244278383,-0.324950952422821,no_trade,
OEPIX,long,FXY_bin_0.5_1,557,248,304,0.4452423698384201,0.5457809694793537,2.628005575285646,-2.737109333026292,-0.32376275506131524,no_trade,
UXPSX,inverse,FXY_bin_1_2,207,93,113,0.4492753623188406,0.5458937198067633,2.88806491551311,-2.9699494302346525,-0.3237403307912876,no_trade,
UXPSX,inverse,GDX_bin_0_0.5,495,220,263,0.4444444444444444,0.5313131313131313,1.554288949802167,-1.909130674986293,-0.3235511082119561,no_trade,
SVPSX,inverse,FXY_bin_1_2,207,122,85,0.5893719806763285,0.4106280193236715,1.5862218034138904,-1.4892756932558822,0.32333635792147175,predict_up,1.5862218034138904
MDPIX,long,XLU_bin_lt-2,247,133,112,0.5384615384615384,0.4534412955465587,1.9430291258169592,-1.5948903347321002,0.32305731272736976,no_trade,
URPIX,ultra_long,XLE_bin_lt-2,633,269,351,0.42496050552922593,0.5545023696682464,2.5377563155525373,-2.5267776712885515,-0.32265799958712343,predict_down,-2.5267776712885515
REPIX,long,TLT_bin_1_2,537,321,211,0.5977653631284916,0.3929236499068901,1.7795222037340765,-1.8879533316811623,0.32191522237227804,predict_up,1.7795222037340765
UKPSX,inverse,IWM_bin_-1_-0.5,575,229,330,0.3982608695652174,0.5739130434782609,2.106833588936976,-2.0216430144019903,-0.321177918062764,predict_down,-2.0216430144019903
UKPSX,inverse,QQQ_bin_-2_-1,500,203,287,0.406,0.574,2.6333708467353802,-2.4218537718143107,-0.32099550124685006,predict_down,-2.4218537718143107
UCPSX,inverse,XLV_bin_-2_-1,497,208,280,0.41851106639839036,0.5633802816901409,2.6087930222227853,-2.5073121216418803,-0.3207614596325695,predict_down,-2.5073121216418803
URPSX,inverse,XLE_bin_lt-2,633,269,350,0.42496050552922593,0.5529225908372828,2.5362817140137457,-2.528055711219855,-0.31999955427685894,predict_down,-2.528055711219855
MDPSX,inverse,XLU_bin_lt-2,247,133,113,0.5384615384615384,0.4574898785425101,1.9403601551378251,-1.5855132140848,0.3194530665657826,no_trade,
SOPIX,long,XLK_bin_lt-2,422,179,235,0.42417061611374407,0.556872037914692,1.6405410563965397,-1.8231380796121732,-0.319385307141896,predict_down,-1.8231380796121732
ULPIX,ultra_long,XLF_bin_lt-2,511,286,220,0.5596868884540117,0.43052837573385516,2.936055372160907,-3.076268075411622,0.3188509977445449,predict_up,2.936055372160907
UBPIX,ultra_long,SLV_bin_-0.5_0,673,360,265,0.5349182763744428,0.3937592867756315,2.3889000765595676,-2.4363931036186957,0.3185139005980537,no_trade,
REPSX,inverse,TLT_bin_1_2,537,322,215,0.5996275605214153,0.40037243947858475,1.7696317998080267,-1.8558070434874594,0.3181060059373945,predict_up,1.7696317998080267
UAPIX,ultra_long,SLV_bin_lt-2,573,304,268,0.5305410122164049,0.4677137870855148,2.869041871292005,-2.575598301036908,0.31750154309751855,no_trade,
UBPSX,inverse,SLV_bin_-0.5_0,673,358,265,0.5319465081723626,0.3937592867756315,2.4025020801323524,-2.439967128908116,0.3172428759683975,no_trade,
UXPIX,ultra_long,GDX_bin_0_0.5,495,219,264,0.44242424242424244,0.5333333333333333,1.5651538206165143,-1.8915205128085966,-0.31634894680091497,no_trade,
ULPIX,ultra_long,XLE_bin_lt-2,633,353,271,0.5576619273301737,0.42812006319115326,2.49135583881531,-2.5064907151676143,0.31625533537342976,predict_up,2.49135583881531
UOPSX,inverse,GDX_bin_lt-2,851,456,371,0.535840188014101,0.43595769682726204,2.361134941346373,-2.17686536979374,0.31616977797939894,no_trade,
UCPIX,ultra_long,XLV_bin_-2_-1,497,208,280,0.41851106639839036,0.5633802816901409,2.6188913726213197,-2.505391567771533,-0.3154531860579371,predict_down,-2.505391567771533
UKPIX,ultra_long,XLV_bin_-1_-0.5,614,274,326,0.44625407166123776,0.5309446254071661,1.9727994638979982,-2.251087821572989,-0.31483318684811534,no_trade,
SPPSX,inverse,IWM_bin_lt-2,359,160,194,0.4456824512534819,0.5403899721448467,2.6028904283189025,-2.726456217745749,-0.313287013124376,no_trade,
MGPIX,long,XLU_bin_lt-2,247,138,106,0.5587044534412956,0.4291497975708502,1.8455842226728298,-1.6727447632739059,0.3132780478616054,predict_up,1.8455842226728298
UXPIX,ultra_long,FXY_bin_1_2,207,93,113,0.4492753623188406,0.5458937198067633,2.905060617732852,-2.9636203119099678,-0.3126495545732902,no_trade,
UWPSX,inverse,XLK_bin_lt-2,350,150,189,0.42857142857142855,0.54,2.716601308427709,-2.733287380263854,-0.31171748173060615,no_trade,
ULPSX,inverse,XLE_bin_lt-2,633,355,271,0.5608214849921012,0.42812006319115326,2.472885564125874,-2.5115671166371913,0.3115950816050651,predict_up,2.472885564125874
URPIX,ultra_long,GLD_bin_lt-2,206,86,115,0.4174757281553398,0.558252427184466,2.2784801189281194,-2.2619658785910373,-0.3115377951949081,predict_down,-2.2619658785910373
ULPSX,inverse,XLF_bin_lt-2,511,285,221,0.5577299412915852,0.4324853228962818,2.9401362486121534,-3.071313832176746,0.31150386290294113,predict_up,2.9401362486121534
URPSX,inverse,GLD_bin_lt-2,206,85,115,0.41262135922330095,0.558252427184466,2.3028924026105946,-2.258401491026107,-0.3105355206121445,predict_down,-2.258401491026107
UNPIX,ultra_long,FXY_bin_1_2,207,113,94,0.5458937198067633,0.45410628019323673,2.974389192937513,-2.8944222187044755,0.3093250736411512,no_trade,
UJPSX,inverse,IWM_bin_gt2,454,210,241,0.46255506607929514,0.5308370044052864,2.269622541505385,-2.5592753616139987,-0.3087326617463497,no_trade,
MGPSX,inverse,XLU_bin_lt-2,247,138,107,0.5587044534412956,0.4331983805668016,1.843234622467929,-1.6648882630957915,0.30859649291224495,predict_up,1.843234622467929
BKPSX,inverse,SLV_bin_lt-2,573,306,259,0.5340314136125655,0.45200698080279234,2.7036404640926714,-2.5126472609897843,0.30809483667714355,no_trade,
UCPSX,inverse,XLF_bin_-2_-1,535,228,302,0.4261682242990654,0.5644859813084112,2.481191712040481,-2.418711332856881,-0.3079235741636415,predict_down,-2.418711332856881
UNPSX,inverse,FXY_bin_1_2,207,112,93,0.5410628019323671,0.4492753623188406,3.000780106295276,-2.928543187006348,0.3078881908863792,no_trade,
UKPSX,inverse,XLK_bin_-1_-0.5,518,223,283,0.4305019305019305,0.5463320463320464,2.2494447519276495,-2.3355016062869898,-0.307569063512263,no_trade,
BKPIX,long,SLV_bin_lt-2,573,306,258,0.5340314136125655,0.450261780104712,2.703789560532728,-2.5237479707036594,0.3075613072975056,no_trade,
SOPSX,inverse,QQQ_bin_lt-2,404,176,219,0.43564356435643564,0.5420792079207921,1.5134112845328518,-1.7832314180525142,-0.3073447883062344,no_trade,
UDPIX,ultra_long,XLE_bin_lt-2,556,307,242,0.552158273381295,0.4352517985611511,2.4735941427895076,-2.433207512719391,0.3067575247451189,predict_up,2.4735941427895076
SPPIX,long,IWM_bin_lt-2,359,159,194,0.4428969359331476,0.5403899721448467,2.6306626037489576,-2.723351846673923,-0.30655962189040903,no_trade,
UJPIX,ultra_long,IWM_bin_gt2,454,209,241,0.460352422907489,0.5308370044052864,2.2919273857017735,-2.5642220281593597,-0.3060896149223237,no_trade,
UKPIX,ultra_long,XLV_bin_-2_-1,459,194,261,0.4226579520697168,0.5686274509803921,2.6100463296068925,-2.477834109950289,-0.3058076574145712,predict_down,-2.477834109950289
UKPSX,inverse,EEM_bin_lt-2,385,172,210,0.44675324675324674,0.5454545454545454,3.360628648750567,-3.312538385482764,-0.30546735939294206,no_trade,
UJPIX,ultra_long,EEM_bin_lt-2,420,228,188,0.5428571428571428,0.44761904761904764,3.297650856075688,-3.3174915210516063,0.30518092673227354,no_trade,
UXPSX,inverse,SPY_bin_-1_-0.5,513,215,287,0.4191033138401559,0.5594541910331384,1.9312045628945544,-1.992075243846557,-0.30510061201097965,predict_down,-1.992075243846557
UHPSX,inverse,SLV_bin_-0.5_0,622,271,341,0.43569131832797425,0.5482315112540193,2.687697516471574,-2.6921545996276945,-0.30491751046502785,no_trade,
UHPSX,inverse,GLD_bin_0.5_1,651,294,346,0.45161290322580644,0.5314900153609831,2.797551321222858,-2.950780708701513,-0.3049002100940141,no_trade,
UDPSX,inverse,XLE_bin_lt-2,556,308,241,0.5539568345323741,0.43345323741007197,2.464274018555804,-2.4469295271809663,0.30447190946865954,predict_up,2.464274018555804
ULPIX,ultra_long,GLD_bin_lt-2,206,117,87,0.5679611650485437,0.4223300970873786,2.211634463449244,-2.2541762766212137,0.30411600076464074,predict_up,2.211634463449244
HCPIX,long,XLU_bin_lt-2,264,141,122,0.5340909090909091,0.4621212121212121,2.3355423800466175,-2.041317704542665,0.30405574103169675,no_trade,
UCPIX,ultra_long,XLF_bin_-2_-1,535,227,301,0.42429906542056073,0.5626168224299065,2.4954638695395044,-2.4223689785303177,-0.3040425498171179,predict_down,-2.4223689785303177
SOPIX,long,QQQ_bin_lt-2,404,177,217,0.4381188118811881,0.5371287128712872,1.5080376465002763,-1.7954683651935797,-0.30369795004073713,no_trade,
UWPIX,ultra_long,XLK_bin_lt-2,350,152,187,0.4342857142857143,0.5342857142857143,2.6868304455996204,-2.751839070660653,-0.30341622423542813,no_trade,
UKPIX,ultra_long,XLK_bin_-1_-0.5,518,225,283,0.4343629343629344,0.5463320463320464,2.2347672264200305,-2.3319367610759545,-0.30331173250962984,no_trade,
UHPIX,ultra_long,GLD_bin_0.5_1,651,292,349,0.4485407066052227,0.5360983102918587,2.8198946694700022,-2.9238565631607627,-0.3026370154498703,no_trade,
HCPSX,inverse,XLU_bin_lt-2,264,141,122,0.5340909090909091,0.4621212121212121,2.3344911945902087,-2.0438712875215983,0.30231424757418324,no_trade,
UHPIX,ultra_long,SLV_bin_-0.5_0,622,270,344,0.4340836012861736,0.5530546623794212,2.7061017863078374,-2.67029629578758,-0.3021454074723656,predict_down,-2.67029629578758
ULPSX,inverse,GLD_bin_lt-2,206,117,87,0.5679611650485437,0.4223300970873786,2.2097410935983026,-2.2589563502008616,0.3010218712792547,predict_up,2.2097410935983026
REPIX,long,GDX_bin_0_0.5,495,267,227,0.5393939393939394,0.4585858585858586,1.646321729344008,-1.2800978973617205,0.30098116976513056,no_trade,
FNPIX,long,XLV_bin_-2_-1,614,354,255,0.5765472312703583,0.4153094462540717,1.912488407224058,-1.9305724341619261,0.3008549274365234,predict_up,1.912488407224058
WCPIX,long,HYG_bin_0.5_1,359,194,157,0.5403899721448467,0.4373259052924791,2.2346816950866106,-2.074250346712833,0.30047616828102425,no_trade,
LVPIX,long,FXY_bin_1_2,207,125,80,0.6038647342995169,0.3864734299516908,1.314468038691294,-1.2764475516254903,0.30044782949938414,predict_up,1.314468038691294
WCPIX,long,FXY_bin_1_2,207,110,96,0.5314009661835749,0.463768115942029,2.955710555915622,-2.739037049264491,0.3003893933397457,no_trade,
UHPSX,inverse,HYG_bin_0.5_1,337,147,183,0.4362017804154303,0.543026706231454,3.5268153876802972,-3.385875417139185,-0.30021762417645986,no_trade,
UKPIX,ultra_long,EEM_bin_lt-2,385,172,208,0.44675324675324674,0.5402597402597402,3.3648442206447853,-3.3379659952472593,-0.3001135611961734,no_trade,
UXPIX,ultra_long,SPY_bin_-1_-0.5,513,215,285,0.4191033138401559,0.5555555555555556,1.9335539695776898,-1.9977846605535885,-0.2995214908354181,predict_down,-1.9977846605535885
UJPSX,inverse,EEM_bin_lt-2,420,229,188,0.5452380952380952,0.44761904761904764,3.2761585982327444,-3.3229511082503653,0.2988702634386423,no_trade,
USPSX,inverse,GLD_bin_0.5_1,778,303,454,0.38946015424164526,0.583547557840617,2.015172142878158,-1.855686409178727,-0.2980520186054761,predict_down,-1.855686409178727
LVPSX,inverse,FXY_bin_1_2,207,125,81,0.6038647342995169,0.391304347826087,1.3110596614237762,-1.2624849768922728,0.29768683357341963,predict_up,1.3110596614237762
REPSX,inverse,GDX_bin_0_0.5,495,266,226,0.5373737373737374,0.45656565656565656,1.649878161096212,-1.2901952763732385,0.29754234018432424,no_trade,
WCPSX,inverse,HYG_bin_0.5_1,359,195,155,0.5431754874651811,0.43175487465181056,2.2293821735841592,-2.1167892217155146,0.2970116837966748,no_trade,
USPIX,ultra_long,GLD_bin_0.5_1,778,304,456,0.390745501285347,0.5861182519280206,2.0081044445918894,-1.8441482524042092,-0.2962311721598781,predict_down,-1.8441482524042092
UDPIX,ultra_long,XLK_bin_lt-2,414,227,181,0.5483091787439613,0.43719806763285024,2.7021250079766252,-2.7130902394616236,0.2954421339810147,no_trade,
BMPIX,long,GDX_bin_0_0.5,495,274,220,0.5535353535353535,0.4444444444444444,1.601301831491643,-1.3308548649852923,0.2948861243069613,predict_up,1.601301831491643
FNPSX,inverse,XLV_bin_-2_-1,614,352,255,0.5732899022801303,0.4153094462540717,1.9132951794683464,-1.9326652338452137,0.2942186784077009,predict_up,1.9132951794683464
BIPIX,long,XLE_bin_lt-2,603,334,263,0.5538971807628524,0.4361525704809287,2.279430928187855,-2.2221091570232807,0.29339174414199126,predict_up,2.279430928187855
UOPIX,ultra_long,GLD_bin_0.5_1,778,455,300,0.5848329048843187,0.3856041131105398,1.844100404405312,-2.0367403218109614,0.2931151509783142,predict_up,1.844100404405312
IDPIX,long,FXY_bin_1_2,207,124,80,0.5990338164251208,0.3864734299516908,1.9575090699482847,-2.2762427062974084,0.2929068027526313,predict_up,1.9575090699482847
BLPIX,long,FXY_bin_1_2,207,121,82,0.5845410628019324,0.3961352657004831,1.3213069135725852,-1.2113413258673746,0.29250312957081204,predict_up,1.3213069135725852
IDPSX,inverse,FXY_bin_1_2,207,123,79,0.5942028985507246,0.38164251207729466,1.9710423941628479,-2.3024116936378993,0.29250092118181753,predict_up,1.9710423941628479
UDPSX,inverse,XLK_bin_lt-2,414,227,180,0.5483091787439613,0.43478260869565216,2.700796380726788,-2.733942627187929,0.29220073799795576,no_trade,
UHPIX,ultra_long,HYG_bin_0.5_1,337,149,180,0.4421364985163205,0.5341246290801187,3.4939302395043845,-3.437212892501676,-0.291105979122102,no_trade,
BIPSX,inverse,XLE_bin_lt-2,603,334,264,0.5538971807628524,0.43781094527363185,2.2730695416462283,-2.211503744974649,0.29082626573222714,predict_up,2.2730695416462283
BMPSX,inverse,GDX_bin_0_0.5,495,273,220,0.5515151515151515,0.4444444444444444,1.6029792945945247,-1.335110158406454,0.2906850759088595,predict_up,1.6029792945945247
BLPSX,inverse,FXY_bin_1_2,207,121,82,0.5845410628019324,0.3961352657004831,1.3164621643657635,-1.2093181329021476,0.2904726328032911,predict_up,1.3164621643657635
BRPSX,inverse,FXY_bin_1_2,207,82,121,0.3961352657004831,0.5845410628019324,1.2112755876652639,-1.3148287812520891,-0.28874243643937764,predict_down,-1.3148287812520891
BKPSX,inverse,SLV_bin_gt2,621,274,338,0.44122383252818037,0.5442834138486312,2.5839724021174493,-2.6250408813802735,-0.288656006000566,no_trade,
URPSX,inverse,SLV_bin_lt-2,573,241,311,0.4205933682373473,0.5427574171029669,2.083152563181227,-2.1450495137481753,-0.2880813805392789,no_trade,
TEPIX,long,XLV_bin_-2_-1,614,336,247,0.5472312703583062,0.4022801302931596,2.1803337483594385,-2.2508831836850263,0.28766122651232867,no_trade,
UNPIX,ultra_long,SPY_bin_-1_-0.5,513,284,219,0.5536062378167641,0.4269005847953216,1.9950644768662393,-1.9141520286318163,0.2873275188297159,predict_up,1.9950644768662393
UJPIX,ultra_long,QQQ_bin_-2_-1,669,379,278,0.5665171898355755,0.4155455904334828,2.428174646987944,-2.6197243195032893,0.2869877883206522,predict_up,2.428174646987944
UKPSX,inverse,XLV_bin_-2_-1,459,195,258,0.42483660130718953,0.5620915032679739,2.596092351199094,-2.472715357461275,-0.2869772412661993,predict_down,-2.472715357461275
UGPIX,ultra_long,SLV_bin_-0.5_0,622,339,273,0.545016077170418,0.43890675241157556,2.6849427559815813,-2.6807138962260413,0.28675353795505937,no_trade,
UNPSX,inverse,SPY_bin_-1_-0.5,513,283,218,0.5516569200779727,0.4249512670565302,2.003072660991329,-1.925538440322932,0.2867488948735808,predict_up,2.003072660991329
UAPIX,ultra_long,XLF_bin_-2_-1,674,377,295,0.5593471810089021,0.43768545994065283,2.4180842657743695,-2.43629978960168,0.2862156235377471,predict_up,2.4180842657743695
UAPIX,ultra_long,SPY_bin_-1_-0.5,709,398,310,0.5613540197461213,0.43723554301833567,2.2880072214177005,-2.2833764048061282,0.2860087286803171,predict_up,2.2880072214177005
UIPSX,inverse,SPY_bin_-1_-0.5,582,239,332,0.4106529209621993,0.570446735395189,1.9624885552857587,-1.9129801762757428,-0.2853516388492271,predict_down,-1.9129801762757428
REPIX,long,SPY_bin_-2_-1,590,320,269,0.5423728813559322,0.4559322033898305,1.9812512628041807,-1.731671799088432,0.28505201719076195,no_trade,
BRPSX,inverse,XLU_bin_lt-2,288,129,154,0.4479166666666667,0.5347222222222222,1.4642389829320914,-1.7583232311017418,-0.28435746108134874,no_trade,
BRPIX,long,FXY_bin_1_2,207,79,119,0.38164251207729466,0.5748792270531401,1.254102385380163,-1.327069758741288,-0.28428605239217586,predict_down,-1.327069758741288
UWPIX,ultra_long,GLD_bin_lt-2,206,83,120,0.4029126213592233,0.5825242718446602,2.312142171071743,-2.0870954229923697,-0.2841924784472314,predict_down,-2.0870954229923697
UJPIX,ultra_long,GDX_bin_lt-2,851,454,387,0.5334900117508813,0.45475910693301996,2.6865101619796325,-2.5279454789925273,0.2836201094813691,no_trade,
UUPSX,inverse,SPY_bin_1_2,537,244,291,0.4543761638733706,0.5418994413407822,2.3357989476698857,-2.481874737012671,-0.28359516804326845,no_trade,
UOPSX,inverse,GLD_bin_0.5_1,778,450,299,0.5784061696658098,0.38431876606683807,1.8555752630187514,-2.054887253764387,0.28354444663610096,predict_up,1.8555752630187514
URPIX,ultra_long,SLV_bin_lt-2,573,243,310,0.42408376963350786,0.5410122164048866,2.073641686400262,-2.1495488205817375,-0.28353438845562834,no_trade,
BMPIX,long,GLD_bin_lt-2,206,117,88,0.5679611650485437,0.42718446601941745,2.395389821673924,-2.5213321337055894,0.2834144726687244,predict_up,2.395389821673924
USPSX,inverse,IWM_bin_-1_-0.5,721,294,416,0.4077669902912621,0.5769764216366158,2.332857305833528,-2.1396800375148755,-0.2832827291139128,predict_down,-2.1396800375148755
UAPSX,inverse,SPY_bin_-1_-0.5,709,399,310,0.5627644569816643,0.43723554301833567,2.279088564168327,-2.2856917580146368,0.28320436123924575,predict_up,2.279088564168327
REPSX,inverse,SPY_bin_-2_-1,590,319,269,0.5406779661016949,0.4559322033898305,1.9850353021001985,-1.7328757896108924,0.28319097282141253,no_trade,
INPIX,long,XLV_bin_1_2,701,381,310,0.543509272467903,0.442225392296719,2.2533598780538724,-2.129270185829948,0.2831046446950663,no_trade,
LGPSX,inverse,FXY_bin_1_2,207,125,73,0.6038647342995169,0.3526570048309179,1.2947691713521052,-1.4156711351837152,0.28261909927827006,predict_up,1.2947691713521052
UJPSX,inverse,QQQ_bin_-2_-1,669,381,277,0.5695067264573991,0.414050822122571,2.411485479753115,-2.634729710740256,0.28244519867098056,predict_up,2.411485479753115
LGPIX,long,FXY_bin_1_2,207,126,76,0.6086956521739131,0.3671497584541063,1.2853188259962096,-1.3619021789229997,0.28234592501147054,predict_up,1.2853188259962096
UAPSX,inverse,XLF_bin_-2_-1,674,377,295,0.5593471810089021,0.43768545994065283,2.4130592413897656,-2.4387219662336346,0.28234473882050354,predict_up,2.4130592413897656
TEPIX,long,XLF_bin_-2_-1,661,368,265,0.556732223903177,0.4009077155824508,2.144550843390403,-2.273963145320992,0.28229119040484946,predict_up,2.144550843390403
UGPSX,inverse,SLV_bin_-0.5_0,622,340,272,0.5466237942122186,0.43729903536977494,2.672433711217629,-2.6950657209647635,0.28226621497038273,no_trade,
UXPSX,inverse,EEM_bin_lt-2,385,173,207,0.44935064935064933,0.5376623376623376,3.1007447750057295,-3.116036722486688,-0.2820539103344238,no_trade,
BLPIX,long,XLU_bin_lt-2,288,157,128,0.5451388888888888,0.4444444444444444,1.7240866315876475,-1.48063747132,0.2818055723274328,no_trade,
UUPIX,ultra_long,SPY_bin_1_2,537,244,291,0.4543761638733706,0.5418994413407822,2.338741241423434,-2.479794077788259,-0.2811307518232134,no_trade,
INPSX,inverse,XLV_bin_1_2,701,378,310,0.5392296718972895,0.442225392296719,2.2683006582789265,-2.130358307003488,0.2810364816809601,no_trade,
ENPIX,long,XLF_bin_0.5_1,873,480,388,0.5498281786941581,0.4444444444444444,1.6659342249542515,-1.4286741282999973,0.28101130148641673,no_trade,
LGPIX,long,IWM_bin_lt-2,389,224,155,0.5758354755784062,0.39845758354755784,1.5393798848722486,-1.520663732060459,0.28050955203602196,predict_up,1.5393798848722486
UKPIX,ultra_long,GDX_bin_lt-2,851,388,453,0.45593419506462984,0.5323149236192715,2.519429123593463,-2.684284111561387,-0.2801906023302526,no_trade,
BMPSX,inverse,GLD_bin_lt-2,206,117,88,0.5679611650485437,0.42718446601941745,2.3919177830961726,-2.5242961043621115,0.280176327370808,predict_up,2.3919177830961726
BKPIX,long,SLV_bin_gt2,621,277,337,0.44605475040257647,0.5426731078904992,2.5628337984720733,-2.622338191887257,-0.2799082262306623,no_trade,
TEPSX,inverse,XLV_bin_-2_-1,614,330,247,0.5374592833876222,0.4022801302931596,2.2024662492492753,-2.2469405845985277,0.2798363808736553,no_trade,
UGPSX,inverse,HYG_bin_0.5_1,337,180,151,0.5341246290801187,0.44807121661721067,3.431591078047775,-3.4662421634478466,0.2797739684509636,no_trade,
WCPSX,inverse,FXY_bin_1_2,207,111,96,0.5362318840579711,0.463768115942029,2.918506683761891,-2.771455203494129,0.2796837795272151,no_trade,
ULPIX,ultra_long,SLV_bin_lt-2,573,313,255,0.5462478184991274,0.44502617801047123,2.1190180329773116,-1.9725722787946744,0.27966267579276916,no_trade,
USPIX,ultra_long,IWM_bin_-1_-0.5,721,296,416,0.4105409153952843,0.5769764216366158,2.319508258507926,-2.1346241241891275,-0.27937474499907217,predict_down,-2.1346241241891275
TEPSX,inverse,GDX_bin_lt-2,851,458,352,0.5381903642773208,0.4136310223266745,1.9233022852813857,-1.8282818902157063,0.27886865017972495,no_trade,
ENPSX,inverse,XLF_bin_0.5_1,873,480,388,0.5498281786941581,0.4444444444444444,1.6623895600836598,-1.429739789527512,0.27858871764430954,no_trade,
PMPIX,long,GDX_bin_lt-2,851,470,380,0.5522914218566393,0.44653349001175086,3.020739616413067,-3.112732847691204,0.2783891158536828,predict_up,3.020739616413067
BLPSX,inverse,XLU_bin_lt-2,288,154,129,0.5347222222222222,0.4479166666666667,1.7516429672824505,-1.4701540876741885,0.27813590156780216,no_trade,
UIPIX,ultra_long,SPY_bin_-1_-0.5,582,241,332,0.41408934707903783,0.570446735395189,1.9455080346480766,-1.8998223470184623,-0.27813330388306334,predict_down,-1.8998223470184623
UGPIX,ultra_long,HYG_bin_0.5_1,337,181,150,0.5370919881305638,0.44510385756676557,3.40173695789263,-3.480014939943305,0.2780775916530276,no_trade,
UVPIX,ultra_long,SPY_bin_1_2,537,285,239,0.5307262569832403,0.4450651769087523,2.53797016824648,-2.4038073777302045,0.2771164519045208,no_trade,
UKPSX,inverse,XLF_bin_-2_-1,492,211,273,0.42886178861788615,0.5548780487804879,2.45494936507069,-2.396301786607259,-0.27682128397127265,predict_down,-2.396301786607259
PMPSX,inverse,GLD_bin_1_2,645,282,359,0.4372093023255814,0.5565891472868217,2.695888728769145,-2.6146664492800555,-0.2766273391916917,predict_down,-2.6146664492800555
TEPSX,inverse,XLF_bin_-2_-1,661,364,261,0.5506807866868382,0.394856278366112,2.1528701336536846,-2.3019803278408553,0.2765928337117671,predict_up,2.1528701336536846
UWPSX,inverse,SLV_bin_lt-2,573,246,313,0.4293193717277487,0.5462478184991274,1.9675250728091338,-2.0520611503723174,-0.2762372987006778,no_trade,
UXPIX,ultra_long,EEM_bin_lt-2,385,174,205,0.45194805194805193,0.5324675324675324,3.0926714498568835,-3.1436652912036602,-0.27617286343286357,no_trade,
PMPIX,long,GLD_bin_1_2,645,282,359,0.4372093023255814,0.5565891472868217,2.69818862734254,-2.6151673446490618,-0.27590059506731307,predict_down,-2.6151673446490618
UWPIX,ultra_long,SLV_bin_lt-2,573,249,312,0.43455497382198954,0.5445026178010471,1.9424126861786195,-2.0568081674067886,-0.27585233747372057,no_trade,
UJPSX,inverse,GDX_bin_lt-2,851,453,385,0.5323149236192715,0.45240893066980026,2.6815033536805974,-2.546086148884721,0.27553214088918115,no_trade,
PMPIX,long,GDX_bin_1_2,631,281,348,0.44532488114104596,0.5515055467511886,2.3762639549651094,-2.4182630924207196,-0.27547604566912004,predict_down,-2.4182630924207196
UCPIX,ultra_long,GDX_bin_lt-2,851,371,470,0.43595769682726204,0.5522914218566393,2.5792151076752883,-2.53443104358641,-0.2753158466957467,predict_down,-2.53443104358641
UVPSX,inverse,SLV_bin_-0.5_0,673,275,385,0.4086181277860327,0.5720653789004457,2.279101276273953,-2.1089416500120155,-0.27517040754723476,predict_down,-2.1089416500120155
TEPIX,long,GDX_bin_lt-2,851,461,350,0.5417156286721504,0.4112808460634548,1.909721057862595,-1.8470572976954653,0.2748664553246103,no_trade,
PMPSX,inverse,GDX_bin_lt-2,851,469,378,0.5511163337250293,0.44418331374853115,3.0238406703218685,-3.1331014546504,0.2748165975594654,predict_up,3.0238406703218685
UWPSX,inverse,GDX_bin_0_0.5,495,213,267,0.4303030303030303,0.5393939393939394,1.1823050074299633,-1.4524514528674206,-0.2746940835010489,no_trade,
PMPSX,inverse,GDX_bin_1_2,631,282,349,0.4469096671949287,0.5530903328050714,2.36735778648127,-2.409056236063632,-0.274430634862899,predict_down,-2.409056236063632
UNPIX,ultra_long,EEM_bin_lt-2,385,206,175,0.535064935064935,0.45454545454545453,3.1343575702478375,-3.086250451302488,0.2742437155665433,no_trade,
OTPIX,long,XLK_bin_lt-2,540,288,226,0.5333333333333333,0.4185185185185185,1.9567323712783098,-1.8382796018540974,0.2742365424243098,no_trade,
UJPIX,ultra_long,XLV_bin_-1_-0.5,835,448,377,0.5365269461077844,0.45149700598802395,2.2159545561020444,-2.026380512042506,0.27401459651939053,no_trade,
ULPSX,inverse,SLV_bin_lt-2,573,313,255,0.5462478184991274,0.44502617801047123,2.1135515693652986,-1.9786193286948812,0.27398553646447454,no_trade,
UWPSX,inverse,GLD_bin_lt-2,206,83,119,0.4029126213592233,0.5776699029126213,2.3156000629757845,-2.089255075464577,-0.27391528521016806,predict_down,-2.089255075464577
USPSX,inverse,TLT_bin_1_2,537,197,330,0.36685288640595903,0.6145251396648045,2.5728297148560824,-1.9811597647496986,-0.27362247400512557,predict_down,-1.9811597647496986
LGPSX,inverse,IWM_bin_lt-2,389,222,154,0.570694087403599,0.39588688946015427,1.5438994680032125,-1.535136400878213,0.27335392329426295,predict_up,1.5438994680032125
SOPSX,inverse,XLF_bin_lt-2,424,175,242,0.41273584905660377,0.5707547169811321,1.6838912548353537,-1.6964027414683436,-0.2732275798093216,predict_down,-1.6964027414683436
UJPIX,ultra_long,GLD_bin_-1_-0.5,694,376,306,0.5417867435158501,0.4409221902017291,2.0804420971183517,-1.937463360659021,0.27288536045365946,no_trade,
UKPIX,ultra_long,XLF_bin_-2_-1,492,213,275,0.4329268292682927,0.5589430894308943,2.438848777032319,-2.3754739303184302,-0.2719116693692771,predict_down,-2.3754739303184302
SMPSX,inverse,FXY_bin_0_0.5,1512,809,603,0.53505291005291,0.39880952380952384,2.1892629873799403,-2.256181000778975,0.27158506172000635,no_trade,
SOPIX,long,XLF_bin_lt-2,424,177,240,0.41745283018867924,0.5660377358490566,1.6653818337901032,-1.7069822023871737,-0.2709979811133805,predict_down,-1.7069822023871737
OTPSX,inverse,XLK_bin_lt-2,539,287,226,0.5324675324675324,0.41929499072356213,1.9557991357411184,-1.8373975613384552,0.27098794637330254,no_trade,
USPIX,ultra_long,TLT_bin_1_2,537,196,332,0.3649906890130354,0.6182495344506518,2.5914802578309164,-1.9677632948114234,-0.2707025760568583,predict_down,-1.9677632948114234
URPSX,inverse,XLV_bin_-2_-1,666,276,374,0.4144144144144144,0.5615615615615616,2.024736256839189,-1.9760804542476986,-0.27061093543697196,predict_down,-1.9760804542476986
INPIX,long,GLD_bin_lt-2,206,113,90,0.5485436893203883,0.4368932038834951,2.2865309878447504,-2.251523148466195,0.27058698186650115,no_trade,
UCPSX,inverse,GDX_bin_lt-2,851,369,464,0.4336075205640423,0.54524089306698,2.5972281064379104,-2.561541759621947,-0.270479677072849,no_trade,
UNPSX,inverse,EEM_bin_lt-2,385,206,175,0.535064935064935,0.45454545454545453,3.1274065055760767,-3.086466715783851,0.2704261425623321,no_trade,
UWPIX,ultra_long,GDX_bin_0_0.5,495,216,263,0.43636363636363634,0.5313131313131313,1.16914555820503,-1.4689172248332856,-0.2702824031492276,no_trade,
UWPSX,inverse,EEM_bin_lt-2,417,167,229,0.40047961630695444,0.5491606714628298,2.6461589453817163,-2.4219002294278575,-0.27027963707489905,no_trade,
LGPIX,long,XLK_bin_lt-2,382,220,149,0.5759162303664922,0.3900523560209424,1.4866344770586768,-1.5022352399653454,0.2702265293143256,predict_up,1.4866344770586768
BIPIX,long,XLK_bin_lt-2,539,294,239,0.5454545454545454,0.44341372912801486,2.6414116433203363,-2.641580474359867,0.2694569383379791,no_trade,
URPIX,ultra_long,XLK_bin_lt-2,600,271,321,0.45166666666666666,0.535,2.5394797809722234,-2.646995550089235,-0.2691442515586197,no_trade,
URPSX,inverse,XLK_bin_lt-2,600,273,318,0.455,0.53,2.521976130242795,-2.6724129091958058,-0.26887970261330524,no_trade,
UMPIX,ultra_long,XLV_bin_-2_-1,628,337,283,0.5366242038216561,0.45063694267515925,2.304666666636803,-2.1479809490012594,0.2687803472758698,no_trade,
UJPSX,inverse,XLV_bin_-1_-0.5,835,446,375,0.5341317365269461,0.4491017964071856,2.2208511403487465,-2.0440215771779,0.26825331395668106,no_trade,
SOPSX,inverse,XLE_bin_lt-2,557,236,311,0.4236983842010772,0.5583482944344704,1.4580546387333577,-1.586731980090334,-0.2681737002998589,predict_down,-1.586731980090334
BKPIX,long,XLF_bin_-2_-1,648,356,258,0.5493827160493827,0.39814814814814814,2.1675208620434714,-2.317407248255757,0.2681270938850159,no_trade,
URPIX,ultra_long,XLV_bin_-2_-1,666,274,374,0.4114114114114114,0.5615615615615616,2.0413772160758703,-1.9720984265258132,-0.2676087902640626,predict_down,-1.9720984265258132
LGPSX,inverse,XLK_bin_lt-2,382,221,149,0.5785340314136126,0.3900523560209424,1.4757211997483186,-1.5030284628193562,0.26749514184370227,predict_up,1.4757211997483186
UVPIX,ultra_long,SLV_bin_-0.5_0,673,279,387,0.4145616641901932,0.575037147102526,2.2533408728928306,-2.089455619397662,-0.26736585612153846,predict_down,-2.089455619397662
USPSX,inverse,XLV_bin_1_2,755,337,410,0.4463576158940397,0.543046357615894,2.2558615705020673,-2.346224667763517,-0.2671877675812521,no_trade,
BKPSX,inverse,XLF_bin_-2_-1,648,353,259,0.5447530864197531,0.39969135802469136,2.1845906834425244,-2.308987959683261,0.2671799841006892,no_trade,
SHPSX,inverse,QQQ_bin_lt-2,404,179,216,0.4430693069306931,0.5346534653465347,1.4981127322362244,-1.7408100611489365,-0.2669623617274409,no_trade,
UAPIX,ultra_long,XLU_bin_-0.5_0,1281,716,560,0.5589383294301327,0.4371584699453552,1.960107605578032,-1.8960294478399218,0.2667139381760457,predict_up,1.960107605578032
UMPSX,inverse,XLV_bin_-2_-1,628,337,284,0.5366242038216561,0.45222929936305734,2.306018189407515,-2.147889030253224,0.2661268236280523,no_trade,
BIPSX,inverse,XLK_bin_lt-2,539,295,239,0.5473098330241187,0.44341372912801486,2.6251500285156815,-2.640119921638031,0.26610500397149645,no_trade,
UCPIX,ultra_long,XLK_bin_-2_-1,575,257,308,0.4469565217391304,0.5356521739130434,2.255458383957472,-2.378376000629243,-0.2658904408986723,no_trade,
UCPSX,inverse,XLK_bin_-2_-1,575,256,307,0.44521739130434784,0.5339130434782609,2.2612620044824436,-2.3835649353100323,-0.2658632382481293,no_trade,
USPSX,inverse,GDX_bin_0_0.5,495,207,277,0.41818181818181815,0.5595959595959596,1.7139223435117934,-1.7551586166821402,-0.2654485085131549,predict_down,-1.7551586166821402
UJPSX,inverse,GLD_bin_-1_-0.5,694,379,304,0.5461095100864554,0.43804034582132567,2.0596233078122514,-1.9624292019830074,0.2651567093054886,no_trade,
BRPSX,inverse,SPY_bin_lt-2,319,137,181,0.42946708463949845,0.567398119122257,1.5879411269446961,-1.669155952443748,-0.265107501570204,predict_down,-1.669155952443748
ENPIX,long,SLV_bin_lt-2,573,306,265,0.5340314136125655,0.462478184991274,2.4840963647540617,-2.29531661370171,0.2650516317343624,no_trade,
UWPIX,ultra_long,EEM_bin_lt-2,417,167,229,0.40047961630695444,0.5491606714628298,2.650900221433698,-2.4155034921826037,-0.264868016140021,no_trade,
SGPIX,long,FXY_bin_1_2,207,119,84,0.5748792270531401,0.4057971014492754,1.4949179593126374,-1.4651262833372671,0.26485328192209373,predict_up,1.4949179593126374
USPIX,ultra_long,XLV_bin_1_2,755,336,410,0.44503311258278144,0.543046357615894,2.267439478597284,-2.345742153857379,-0.26476108380508323,no_trade,
ENPSX,inverse,SLV_bin_lt-2,573,307,262,0.5357766143106457,0.4572425828970332,2.4750432708892633,-2.3215060341809326,0.2645788886694582,no_trade,
SMPIX,long,FXY_bin_0_0.5,1512,821,613,0.542989417989418,0.4054232804232804,2.1402486354741157,-2.2155625082453425,0.2638917408530782,no_trade,
UJPIX,ultra_long,XLE_bin_-1_-0.5,737,401,328,0.5440976933514247,0.4450474898236092,2.0972895368597166,-1.971370053719231,0.26377710537427246,no_trade,
UXPSX,inverse,SLV_bin_-0.5_0,673,282,376,0.41901931649331353,0.5586924219910847,1.5810026534234585,-1.6572258476298931,-0.2634088713869608,predict_down,-1.6572258476298931
SOPIX,long,XLE_bin_lt-2,557,237,311,0.4254937163375224,0.5583482944344704,1.4572678982036031,-1.581781606458687,-0.26312672842800316,predict_down,-1.581781606458687
URPSX,inverse,EEM_bin_lt-2,420,175,237,0.4166666666666667,0.5642857142857143,2.744801989889406,-2.4927202453799535,-0.2629389283914355,predict_down,-2.4927202453799535
UAPSX,inverse,XLU_bin_-0.5_0,1281,715,560,0.5581576893052302,0.4371584699453552,1.9579409344269854,-1.8985990658687595,0.2628511250810221,predict_up,1.9579409344269854
REPIX,long,HYG_bin_-1_-0.5,388,212,174,0.5463917525773195,0.4484536082474227,2.2382590148935972,-2.1418854095580833,0.26243002550086614,no_trade,
SHPSX,inverse,XLK_bin_lt-2,422,187,226,0.4431279620853081,0.5355450236966824,1.5905485293010933,-1.8042088351871024,-0.26141853500706347,no_trade,
UDPIX,ultra_long,GDX_bin_0_0.5,495,267,217,0.5393939393939394,0.4383838383838384,1.4422678344827329,-1.1785515385890455,0.26129258168296315,no_trade,
UJPSX,inverse,XLE_bin_-1_-0.5,737,400,327,0.5427408412483039,0.44369063772048845,2.1020968748346376,-1.9824930899116116,0.26128020289383724,no_trade,
USPSX,inverse,EEM_bin_1_2,839,346,478,0.4123957091775924,0.5697258641239571,1.789056496917739,-1.7533296711900574,-0.26111803920775895,predict_down,-1.7533296711900574
USPIX,ultra_long,GDX_bin_0_0.5,495,204,277,0.4121212121212121,0.5595959595959596,1.7353477313465397,-1.7434046010077795,-0.2604285601706277,predict_down,-1.7434046010077795
UAPIX,ultra_long,TLT_bin_1_2,537,306,227,0.5698324022346368,0.4227188081936685,2.392748887608326,-2.6097983502574924,0.260254998323458,predict_up,2.392748887608326
BRPIX,long,SPY_bin_lt-2,319,135,179,0.4231974921630094,0.5611285266457681,1.6150848212647981,-1.6817752365409788,-0.26019221463977277,predict_down,-1.6817752365409788
BMPIX,long,FXY_bin_1_2,207,121,86,0.5845410628019324,0.41545893719806765,2.457519364042996,-2.8319087924706423,0.25997916375230534,predict_up,2.457519364042996
USPIX,ultra_long,EEM_bin_1_2,839,345,476,0.41120381406436235,0.567342073897497,1.798886660070503,-1.7619748672028317,-0.2599334196236283,predict_down,-1.7619748672028317
INPSX,inverse,GLD_bin_lt-2,206,113,90,0.5485436893203883,0.4368932038834951,2.2747117706409417,-2.2613617794822405,0.2598051938302175,no_trade,
URPIX,ultra_long,EEM_bin_lt-2,420,173,239,0.4119047619047619,0.569047619047619,2.777703041327788,-2.466869231007191,-0.2596169525262172,predict_down,-2.466869231007191
MLPIX,long,FXY_bin_1_2,207,119,87,0.5748792270531401,0.42028985507246375,1.485529220893217,-1.4145604679124537,0.25947447622178416,predict_up,1.485529220893217
ULPIX,ultra_long,EEM_bin_lt-2,420,240,176,0.5714285714285714,0.41904761904761906,2.4441782032053205,-2.7146064542022788,0.2591238876897044,predict_up,2.4441782032053205
UMPIX,ultra_long,XLE_bin_lt-2,614,326,282,0.5309446254071661,0.4592833876221498,2.905455924362683,-2.796381237477023,0.2583047595663098,no_trade,
REPSX,inverse,HYG_bin_-1_-0.5,388,211,174,0.5438144329896907,0.4484536082474227,2.2448803386272576,-2.1466124763211503,0.25814221796513187,no_trade,
UCPSX,inverse,EEM_bin_-2_-1,713,310,389,0.43478260869565216,0.5455820476858345,2.3317425363410096,-2.331138923852749,-0.25802644475877523,no_trade,
SGPSX,inverse,FXY_bin_1_2,207,119,84,0.5748792270531401,0.4057971014492754,1.4896488314348997,-1.4747054525940024,0.2579369706418205,predict_up,1.4896488314348997
UAPSX,inverse,TLT_bin_1_2,537,306,228,0.5698324022346368,0.4245810055865922,2.3871017084895203,-2.5974660028641186,0.2574131734539556,predict_up,2.3871017084895203
ULPIX,ultra_long,XLK_bin_lt-2,600,320,273,0.5333333333333333,0.455,2.6378227889082306,-2.5270435779864027,0.25703399276724287,no_trade,
ENPIX,long,XLK_bin_-2_-1,687,372,310,0.5414847161572053,0.4512372634643377,2.0302969589989877,-1.8671749224280216,0.2568358701527463,no_trade,
UOPIX,ultra_long,IWM_bin_-1_-0.5,721,410,298,0.5686546463245492,0.4133148404993065,2.135467830016913,-2.317333569521513,0.2565553489452475,predict_up,2.135467830016913
UXPIX,ultra_long,SLV_bin_-0.5_0,673,279,372,0.4145616641901932,0.5527488855869243,1.6044860995989463,-1.667016737869916,-0.25628321649257485,predict_down,-1.667016737869916
UDPSX,inverse,GDX_bin_0_0.5,495,264,220,0.5333333333333333,0.4444444444444444,1.4547221374279218,-1.1690486942815361,0.25627460916976436,no_trade,
UWPSX,inverse,SPY_bin_-1_-0.5,582,218,333,0.3745704467353952,0.5721649484536082,1.6437978908077893,-1.52359520070524,-0.25602965917310466,predict_down,-1.52359520070524
MLPSX,inverse,FXY_bin_1_2,207,119,87,0.5748792270531401,0.42028985507246375,1.4822460097173085,-1.4190972363980636,0.2556802685494114,predict_up,1.4822460097173085
UIPSX,inverse,XLF_bin_lt-2,384,168,209,0.4375,0.5442708333333334,3.6408896031971096,-3.3963534646410545,-0.25564692909600545,no_trade,
PMPIX,long,SLV_bin_lt-2,573,307,263,0.5357766143106457,0.45898778359511344,3.038107682418784,-2.989690225935398,0.2555157575594361,no_trade,
UDPIX,ultra_long,SLV_bin_lt-2,573,314,249,0.5479930191972077,0.43455497382198954,2.019127859849493,-1.9583388048123884,0.2554621040042862,no_trade,
UAPSX,inverse,EEM_bin_gt2,428,228,197,0.5327102803738317,0.4602803738317757,2.2758274965855025,-3.188950712595515,-0.25545472233603245,no_trade,
UDPSX,inverse,SLV_bin_lt-2,573,312,249,0.5445026178010471,0.43455497382198954,2.0327822124013473,-1.9597740436510678,0.2552256778361335,no_trade,
IDPIX,long,GDX_bin_0_0.5,495,268,220,0.5414141414141415,0.4444444444444444,1.3472134740797104,-1.0669817889977051,0.2551862979270046,no_trade,
IDPSX,inverse,GDX_bin_0_0.5,495,267,221,0.5393939393939394,0.44646464646464645,1.3546783887971638,-1.0651873398775167,0.2551368236281042,no_trade,
UDPIX,ultra_long,XLF_bin_-2_-1,593,347,240,0.5851602023608768,0.40472175379426645,1.6737541191310032,-1.7896388518634252,0.2551085242685261,predict_up,1.6737541191310032
UKPIX,ultra_long,GLD_bin_-1_-0.5,658,290,350,0.44072948328267475,0.5319148936170213,1.9359437070318515,-2.083074737792105,-0.2547910078844983,no_trade,
UAPIX,ultra_long,EEM_bin_gt2,428,229,197,0.5350467289719626,0.4602803738317757,2.26941441621599,-3.190948788268793,-0.25448834106423024,no_trade,
LGPIX,long,QQQ_bin_lt-2,365,211,139,0.5780821917808219,0.38082191780821917,1.4148676038068462,-1.4797502020174893,0.25438845567894114,predict_up,1.4148676038068462
BMPSX,inverse,FXY_bin_1_2,207,121,86,0.5845410628019324,0.41545893719806765,2.4516347727303596,-2.837283065162925,0.25430658887131435,predict_up,2.4516347727303596
ENPSX,inverse,XLK_bin_-2_-1,687,373,308,0.5429403202328966,0.4483260553129549,2.020856697292422,-1.8802491309034541,0.25423990650918415,no_trade,
UMPIX,ultra_long,XLU_bin_-0.5_0,1281,722,544,0.5636221701795472,0.4246682279469165,1.6522707402450039,-1.5946121448999058,0.25407530650378163,predict_up,1.6522707402450039
BMPIX,long,XLF_bin_-2_-1,661,353,265,0.5340393343419062,0.4009077155824508,1.9192661704819485,-1.922985557742523,0.25402388105651896,no_trade,
UVPSX,inverse,XLF_bin_-2_-1,492,212,271,0.43089430894308944,0.5508130081300813,2.915838811948733,-2.7418366847153797,-0.2538209622453994,predict_down,-2.7418366847153797
INPIX,long,EEM_bin_1_2,839,469,349,0.5589988081048868,0.4159713945172825,1.6753837313936897,-1.6412651801741223,0.25381814319770196,predict_up,1.6753837313936897
UKPSX,inverse,GLD_bin_-1_-0.5,658,289,351,0.439209726443769,0.5334346504559271,1.9493436252377112,-2.0800897485301033,-0.2534212675385528,no_trade,
UDPSX,inverse,XLF_bin_-2_-1,593,341,241,0.5750421585160203,0.40640809443507586,1.700204466742091,-1.7839174975572434,0.2526907356623227,predict_up,1.700204466742091
UOPSX,inverse,IWM_bin_-1_-0.5,721,404,298,0.5603328710124826,0.4133148404993065,2.169073065349024,-2.3295575522664724,0.25256222999389305,predict_up,2.169073065349024
PMPSX,inverse,SLV_bin_lt-2,573,307,262,0.5357766143106457,0.4572425828970332,3.036110794992693,-3.005748718223853,0.25232085495306655,no_trade,
INPSX,inverse,EEM_bin_1_2,839,466,351,0.5554231227651967,0.41835518474374256,1.685569838085523,-1.6350193011803558,0.2521856613033955,predict_up,1.685569838085523
BMPSX,inverse,XLF_bin_-2_-1,661,354,265,0.5355521936459909,0.4009077155824508,1.9117427762264894,-1.924802175360184,0.25216999442318977,no_trade,
UOPIX,ultra_long,XLV_bin_1_2,755,401,331,0.5311258278145695,0.4384105960264901,2.3843786871802344,-2.313575561256098,0.2521090632894113,no_trade,
UCPIX,ultra_long,EEM_bin_-2_-1,713,308,387,0.4319775596072931,0.5427769985974754,2.3571309393240973,-2.339839323328058,-0.2517832942722811,no_trade,
UDPSX,inverse,EEM_bin_lt-2,420,242,175,0.5761904761904761,0.4166666666666667,2.325468496235899,-2.6122634576222143,0.25146969286952336,predict_up,2.325468496235899
UVPIX,ultra_long,XLF_bin_-2_-1,492,211,271,0.42886178861788615,0.5508130081300813,2.9189256815447475,-2.7291720756314946,-0.2514477920532386,predict_down,-2.7291720756314946
LGPSX,inverse,QQQ_bin_lt-2,365,211,139,0.5780821917808219,0.38082191780821917,1.4102721397652145,-1.4806614682680628,0.25138486959232725,predict_up,1.4102721397652145
UOPIX,ultra_long,TLT_bin_1_2,537,322,203,0.5996275605214153,0.3780260707635009,2.0042680144746114,-2.514343673723191,0.2513268806238681,predict_up,2.0042680144746114
USPIX,ultra_long,SLV_bin_-0.5_0,673,270,388,0.4011887072808321,0.5765230312035661,1.8303970938919605,-1.7088250810439483,-0.25084237161102907,predict_down,-1.7088250810439483
ULPSX,inverse,EEM_bin_lt-2,420,240,176,0.5714285714285714,0.41904761904761906,2.4361283717260536,-2.7236438268960788,0.25073689447748326,predict_up,2.4361283717260536
BIPIX,long,TLT_bin_1_2,537,303,228,0.5642458100558659,0.4245810055865922,1.8437322365922475,-1.8604428923196696,0.2504094753045929,predict_up,1.8437322365922475
UMPSX,inverse,XLU_bin_-0.5_0,1281,718,547,0.5604996096799375,0.4270101483216237,1.6569529596991588,-1.5887605608032842,0.25030460445323915,predict_up,1.6569529596991588
ULPIX,ultra_long,XLV_bin_-2_-1,666,377,282,0.566066066066066,0.42342342342342343,1.9463404487001341,-2.011242090790108,0.2501502696053154,predict_up,1.9463404487001341
USPSX,inverse,SLV_bin_-0.5_0,673,271,387,0.4026745913818722,0.575037147102526,1.8251245122961681,-1.7128260546510214,-0.2500073407395003,predict_down,-1.7128260546510214
UIPIX,ultra_long,XLF_bin_lt-2,384,167,209,0.4348958333333333,0.5442708333333334,3.67637702804516,-3.3962624125841563,-0.24964552225663242,no_trade,
WCPIX,long,SLV_bin_-0.5_0,673,384,282,0.5705794947994056,0.41901931649331353,1.6999557930245224,-1.7201783567720834,0.2491719582640255,predict_up,1.6999557930245224
SNPIX,long,QQQ_bin_lt-2,320,138,177,0.43125,0.553125,2.1843943376467756,-2.1532706563821895,-0.24900777370122631,predict_down,-2.1532706563821895
SNPSX,inverse,QQQ_bin_lt-2,320,139,177,0.434375,0.553125,2.1676460633557526,-2.15231784274562,-0.24892954799851608,predict_down,-2.15231784274562
SLPIX,long,XLK_bin_lt-2,458,243,210,0.5305676855895196,0.4585152838427948,1.749376290994845,-1.4826327788326237,0.24835274051724104,no_trade,
UAPIX,ultra_long,GDX_bin_lt-2,851,470,380,0.5522914218566393,0.44653349001175086,2.496093572072175,-2.531435904780668,0.24820015870419312,predict_up,2.496093572072175
UOPIX,ultra_long,GDX_bin_0_0.5,495,275,208,0.5555555555555556,0.4202020202020202,1.756261722380507,-1.7315594177002593,0.24809619146057668,predict_up,1.756261722380507
ULPSX,inverse,XLK_bin_lt-2,600,320,275,0.5333333333333333,0.4583333333333333,2.6323400302790447,-2.522787637219865,0.24763701575638547,no_trade,
USPSX,inverse,GLD_bin_-1_-0.5,694,297,381,0.42795389048991356,0.5489913544668588,1.847753549330469,-1.8912255939466618,-0.24751318032064673,no_trade,
UDPIX,ultra_long,EEM_bin_lt-2,420,241,175,0.5738095238095238,0.4166666666666667,2.328036144869466,-2.612305152264514,0.24738883158869404,predict_up,2.328036144869466
UNPIX,ultra_long,SLV_bin_-0.5_0,673,371,287,0.5512630014858841,0.4264487369985141,1.6630563782038323,-1.5704012850931328,0.2470858060800781,predict_up,1.6630563782038323
UDPIX,ultra_long,GLD_bin_lt-2,206,119,83,0.5776699029126213,0.4029126213592233,2.062063219114094,-2.3432042135195004,0.24708530753620722,predict_up,2.062063219114094
UCPSX,inverse,XLK_bin_-1_-0.5,598,242,344,0.40468227424749165,0.5752508361204013,2.5029930906264566,-2.190340059400738,-0.24707801421781178,predict_down,-2.190340059400738
PMPIX,long,SLV_bin_1_2,695,310,381,0.4460431654676259,0.5482014388489208,2.4351135691166297,-2.43166310542424,-0.2468754485474533,no_trade,
REPIX,long,XLV_bin_-2_-1,614,336,275,0.5472312703583062,0.44788273615635177,1.8405086982411532,-1.6979543722664092,0.2466994629246988,no_trade,
UXPIX,ultra_long,XLV_bin_-2_-1,459,193,259,0.420479302832244,0.5642701525054467,2.2274250343267386,-2.096485044130873,-0.2463978100323215,predict_down,-2.096485044130873
PMPSX,inverse,SLV_bin_1_2,695,311,380,0.4474820143884892,0.5467625899280576,2.4237683959634824,-2.434073783980882,-0.24626772196847774,no_trade,
REPSX,inverse,XLV_bin_-2_-1,614,334,276,0.5439739413680782,0.4495114006514658,1.848584401200087,-1.6893803396772118,0.2461860199510074,no_trade,
UWPIX,ultra_long,SPY_bin_-1_-0.5,582,223,331,0.38316151202749144,0.5687285223367697,1.6172849565115257,-1.5224602627593373,-0.24618522623929656,predict_down,-1.5224602627593373
UDPSX,inverse,GLD_bin_lt-2,206,118,82,0.5728155339805825,0.39805825242718446,2.076633385084663,-2.369904031188585,0.24616800428410848,predict_up,2.076633385084663
UXPSX,inverse,XLF_bin_-2_-1,492,208,281,0.42276422764227645,0.5711382113821138,2.228838047491756,-2.0803981895159627,-0.24592190523516325,predict_down,-2.0803981895159627
UAPSX,inverse,GDX_bin_lt-2,851,469,380,0.5511163337250293,0.44653349001175086,2.49959620343826,-2.534437263626778,0.2458571788887994,predict_up,2.49959620343826
BIPSX,inverse,TLT_bin_1_2,537,303,227,0.5642458100558659,0.4227188081936685,1.8410781555566205,-1.876887043112638,0.24542518127949184,predict_up,1.8410781555566205
WCPSX,inverse,SLV_bin_-0.5_0,673,380,281,0.5646359583952452,0.4175334323922734,1.7126980458929888,-1.7284645051947816,0.24535918496226164,predict_up,1.7126980458929888
SLPSX,inverse,XLK_bin_lt-2,458,243,211,0.5305676855895196,0.4606986899563319,1.7472753122340323,-1.4798303960818644,0.24529189366724122,no_trade,
UIPSX,inverse,XLV_bin_-1_-0.5,699,311,371,0.4449213161659514,0.530758226037196,1.7568217800885164,-1.9347217505890715,-0.2452220255522417,no_trade,
SOPSX,inverse,XLF_bin_-2_-1,597,235,344,0.3936348408710218,0.576214405360134,1.23122834492302,-1.2662298416626112,-0.24496550163321365,predict_down,-1.2662298416626112
USPIX,ultra_long,GLD_bin_-1_-0.5,694,301,382,0.43371757925072046,0.5504322766570605,1.8302703350991532,-1.8871526213913563,-0.2449292946781745,predict_down,-1.8871526213913563
UNPSX,inverse,SLV_bin_-0.5_0,673,369,287,0.5482912332838039,0.4264487369985141,1.667219856225624,-1.5698923030525533,0.24464344126474352,no_trade,
LGPIX,long,XLF_bin_lt-2,402,240,152,0.5970149253731343,0.3781094527363184,1.4626420746310755,-1.662596473918222,0.24457570615892618,predict_up,1.4626420746310755
ULPSX,inverse,XLV_bin_-2_-1,666,377,284,0.566066066066066,0.4264264264264264,1.9420333559971752,-2.00491704738792,0.24436957019934785,predict_up,1.9420333559971752
UCPIX,ultra_long,XLK_bin_-1_-0.5,598,244,343,0.4080267558528428,0.5735785953177257,2.4896033655348533,-2.1970327697950545,-0.24434618536655428,predict_down,-2.1970327697950545
UVPSX,inverse,SLV_bin_-2_-1,589,259,315,0.4397283531409168,0.534804753820034,2.2933892990337177,-2.3420414146038735,-0.24406658259845038,no_trade,
PMPIX,long,GLD_bin_-0.5_0,1141,609,528,0.5337423312883436,0.46275197195442597,2.7429176320367787,-2.636803310508279,0.24382531986154848,no_trade,
UXPSX,inverse,XLV_bin_-2_-1,459,195,259,0.42483660130718953,0.5642701525054467,2.198781154028959,-2.086933057010946,-0.2434713218522613,predict_down,-2.086933057010946
UAPIX,ultra_long,XLK_bin_-2_-1,700,382,317,0.5457142857142857,0.45285714285714285,2.3870867298696155,-2.339863376241997,0.2430434864878286,no_trade,
UCPSX,inverse,QQQ_bin_-2_-1,567,254,306,0.4479717813051146,0.5396825396825397,2.443461653297904,-2.4777719883537674,-0.24260841005041517,no_trade,
MDPIX,long,FXY_bin_1_2,207,125,82,0.6038647342995169,0.3961352657004831,1.3712185735519549,-1.4780839526961485,0.24250936025560454,predict_up,1.3712185735519549
UJPIX,ultra_long,XLU_bin_-0.5_0,1281,709,554,0.5534738485558157,0.43247462919594065,2.019479532121301,-2.0242698975496864,0.24228373538756923,predict_up,2.019479532121301
UAPIX,ultra_long,EEM_bin_-2_-1,732,400,328,0.546448087431694,0.44808743169398907,2.3147847932900003,-2.2835005572579536,0.24170182313578065,no_trade,
UOPSX,inverse,TLT_bin_1_2,537,323,202,0.6014897579143389,0.3761638733705773,1.9842846179816038,-2.5310242950593165,0.24144697207835408,predict_up,1.9842846179816038
SOPIX,long,GLD_bin_lt-2,206,83,117,0.4029126213592233,0.5679611650485437,1.3306497196271987,-1.3690488684785131,-0.2414310237035367,predict_down,-1.3690488684785131
UCPSX,inverse,XLU_bin_-0.5_0,1119,476,609,0.4253798033958892,0.5442359249329759,1.8882913724237504,-1.9194339040707369,-0.24138387337388156,no_trade,
SOPSX,inverse,GLD_bin_lt-2,206,84,117,0.4077669902912621,0.5679611650485437,1.3175196742814426,-1.3706270107035754,-0.2412218816149378,predict_down,-1.3706270107035754
UOPSX,inverse,GDX_bin_0_0.5,495,273,207,0.5515151515151515,0.41818181818181815,1.7621858405086714,-1.747235151309488,0.24121021846020846,predict_up,1.7621858405086714
BLPIX,long,SPY_bin_lt-2,319,176,137,0.5517241379310345,0.42946708463949845,1.72068281816205,-1.6493247525666432,0.24101155139464145,predict_up,1.72068281816205
UXPIX,ultra_long,XLF_bin_-2_-1,492,208,280,0.42276422764227645,0.5691056910569106,2.236135461807226,-2.0843889373113704,-0.24087952518552966,predict_down,-2.0843889373113704
BKPIX,long,SLV_bin_0.5_1,609,326,280,0.535303776683087,0.45977011494252873,2.0161853131889726,-1.8235992331561368,0.24083518360572542,no_trade,
UOPIX,ultra_long,EEM_bin_1_2,839,471,341,0.5613825983313468,0.4064362336114422,1.7636242702880291,-1.8436703594232509,0.24073353842947953,predict_up,1.7636242702880291
FNPIX,long,SLV_bin_lt-2,573,314,250,0.5479930191972077,0.4363001745200698,2.1122738307190114,-2.1027186111200096,0.24009481686870382,no_trade,
UAPSX,inverse,XLK_bin_-2_-1,700,383,317,0.5471428571428572,0.45285714285714285,2.377488585678594,-2.342943137786912,0.23980736233778632,no_trade,
UVPIX,ultra_long,SLV_bin_-2_-1,589,261,316,0.4431239388794567,0.5365025466893039,2.2848103455553392,-2.3336717344742066,-0.23956666876724259,no_trade,
PMPSX,inverse,GLD_bin_-0.5_0,1141,607,529,0.5319894829097284,0.4636283961437336,2.746229611062669,-2.6352441928334933,0.239191232170133,no_trade,
UCPIX,ultra_long,XLU_bin_-0.5_0,1119,474,613,0.42359249329758714,0.5478105451295799,1.9011570027609375,-1.9063986626631386,-0.2390294556781232,no_trade,
MDPSX,inverse,FXY_bin_1_2,207,124,82,0.5990338164251208,0.3961352657004831,1.3792057330081755,-1.48302072111746,0.23871406648010643,predict_up,1.3792057330081755
UTPIX,ultra_long,XLU_bin_lt-2,264,142,119,0.5378787878787878,0.45075757575757575,2.7774034553931863,-2.784686117718962,0.23868804036847,no_trade,
UVPIX,ultra_long,XLK_bin_-1_-0.5,518,226,278,0.4362934362934363,0.5366795366795367,2.5743471965227167,-2.5374494692917544,-0.23862642094396486,no_trade,
BKPSX,inverse,SLV_bin_0.5_1,609,323,281,0.5303776683087028,0.4614121510673235,2.0307112532222367,-1.8173654753810098,0.23848938622121266,no_trade,
UJPIX,ultra_long,XLV_bin_-2_-1,628,347,270,0.552547770700637,0.4299363057324841,2.49742122281681,-2.6549912567556686,0.23846739648631016,predict_up,2.49742122281681
INPIX,long,HYG_bin_0.5_1,359,195,163,0.5431754874651811,0.45403899721448465,2.1257064125567644,-2.018237390253402,0.2382731360369485,no_trade,
SOPIX,long,XLF_bin_-2_-1,597,234,344,0.39195979899497485,0.576214405360134,1.2403486821153298,-1.257223336226098,-0.23826337696279815,predict_down,-1.257223336226098
USPSX,inverse,EEM_bin_-0.5_0,889,357,522,0.4015748031496063,0.5871766029246345,1.857377707589185,-1.6756717593774537,-0.23803916398840474,predict_down,-1.6756717593774537
LGPSX,inverse,XLF_bin_lt-2,402,239,151,0.5945273631840796,0.3756218905472637,1.461849365065271,-1.6807426610719414,0.23778571250929503,predict_up,1.461849365065271
INPSX,inverse,HYG_bin_0.5_1,359,193,161,0.5376044568245125,0.44846796657381616,2.144118025924864,-2.040438799514058,0.23761596735859414,no_trade,
UAPSX,inverse,EEM_bin_-2_-1,732,400,327,0.546448087431694,0.44672131147540983,2.3101931963973517,-2.2943649081401967,0.23745895300149783,no_trade,
OTPIX,long,XLE_bin_lt-2,603,323,255,0.5356550580431177,0.4228855721393035,1.6660771397114031,-1.548866159220789,0.23744949506713406,no_trade,
UCPIX,ultra_long,QQQ_bin_-2_-1,567,254,303,0.4479717813051146,0.5343915343915344,2.4497810956480124,-2.497840275678518,-0.23739189635978128,no_trade,
BIPIX,long,XLV_bin_-2_-1,614,331,278,0.5390879478827362,0.4527687296416938,2.1177261623936303,-1.997529604449101,0.23722170963426953,no_trade,
USPSX,inverse,GLD_bin_-2_-1,494,216,271,0.43724696356275305,0.548582995951417,2.0370433790126525,-2.056044121716825,-0.23721981198082334,no_trade,
UOPSX,inverse,SLV_bin_-0.5_0,673,381,270,0.5661218424962853,0.4011887072808321,1.7205963501301984,-1.8368900441041485,0.2371276337169174,predict_up,1.7205963501301984
UOPIX,ultra_long,SLV_bin_-0.5_0,673,388,274,0.5765230312035661,0.40713224368499257,1.6938068801261383,-1.8169375845125968,0.2367848013855723,predict_up,1.6938068801261383
USPSX,inverse,XLU_bin_-0.5_0,1320,558,740,0.42272727272727273,0.5606060606060606,2.1346937764345917,-2.032007733715064,-0.23676257249897353,predict_down,-2.032007733715064
UJPSX,inverse,XLU_bin_-0.5_0,1281,708,554,0.5526932084309133,0.43247462919594065,2.019006370322285,-2.0329836899696105,0.23667724117487401,predict_up,2.019006370322285
USPSX,inverse,FXY_bin_0_0.5,1512,623,854,0.41203703703703703,0.5648148148148148,1.962861808184755,-1.8503878491037722,-0.2363547067695232,predict_down,-1.8503878491037722
UTPSX,inverse,XLU_bin_lt-2,264,142,118,0.5378787878787878,0.44696969696969696,2.771519306848923,-2.806992792139398,0.2361007276518867,no_trade,
OTPSX,inverse,XLE_bin_lt-2,603,320,248,0.5306799336650083,0.41127694859038144,1.6754611602774816,-1.5885867975173587,0.2357844867404463,no_trade,
UWPSX,inverse,XLV_bin_-2_-1,497,201,273,0.4044265593561368,0.5492957746478874,1.8497234602737,-1.7909736160919023,-0.23569694502630906,no_trade,
WCPSX,inverse,GDX_bin_0_0.5,495,264,220,0.5333333333333333,0.4444444444444444,1.6751917034614552,-1.4807543962738474,0.23532251016884376,no_trade,
UVPSX,inverse,GDX_bin_0.5_1,454,201,250,0.44273127753303965,0.5506607929515418,2.272856040017924,-2.254693198409292,-0.23530668625268802,predict_down,-2.254693198409292
UDPIX,ultra_long,XLV_bin_-1_-0.5,748,423,314,0.5655080213903744,0.4197860962566845,1.5180555867771985,-1.484732527668773,0.235202539463583,predict_up,1.5180555867771985
USPIX,ultra_long,FXY_bin_0_0.5,1512,626,848,0.414021164021164,0.5608465608465608,1.9559417886975188,-1.8619757765360776,-0.23448141453567922,predict_down,-1.8619757765360776
UVPIX,ultra_long,GDX_bin_0.5_1,454,202,248,0.44493392070484583,0.5462555066079295,2.26439992731915,-2.2734959548423874,-0.23440134687762945,no_trade,
ENPIX,long,TLT_bin_-2_-1,574,312,255,0.5435540069686411,0.4442508710801394,2.0948459065692226,-2.035586966464734,0.23435060348622033,no_trade,
USPIX,ultra_long,XLU_bin_-0.5_0,1320,558,738,0.42272727272727273,0.5590909090909091,2.139445912269538,-2.036710588295766,-0.23430423872414624,predict_down,-2.036710588295766
MGPIX,long,FXY_bin_1_2,207,124,83,0.5990338164251208,0.40096618357487923,1.3695233478643272,-1.4618043990755425,0.2342566667241861,predict_up,1.3695233478643272
BKPSX,inverse,GLD_bin_lt-2,206,110,95,0.5339805825242718,0.46116504854368934,2.7825914084203793,-2.714487767989895,0.23402289789903752,no_trade,
UIPSX,inverse,SLV_bin_-0.5_0,673,292,360,0.4338781575037147,0.5349182763744428,1.6698338702756645,-1.791855222236714,-0.2339916640189049,no_trade,
USPIX,ultra_long,SPY_bin_0.5_1,1051,432,597,0.4110371075166508,0.5680304471931494,2.252855773335225,-2.04205033233724,-0.2339394427445433,predict_down,-2.04205033233724
FNPSX,inverse,SLV_bin_lt-2,573,314,251,0.5479930191972077,0.43804537521815007,2.1057227466461397,-2.1003164354856296,0.2338874644677045,no_trade,
BLPSX,inverse,SPY_bin_lt-2,319,175,138,0.54858934169279,0.43260188087774293,1.7230954433651364,-1.6464478138008105,0.23301537393224772,no_trade,
SHPSX,inverse,XLE_bin_lt-2,557,245,303,0.4398563734290844,0.5439856373429084,1.576177284207585,-1.702720166388793,-0.2329636908167793,no_trade,
UIPSX,inverse,XLU_bin_-0.5_0,1119,468,618,0.41823056300268097,0.5522788203753352,1.56208197814114,-1.6044543903090136,-0.23279575285157905,predict_down,-1.6044543903090136
ENPSX,inverse,TLT_bin_-2_-1,574,312,255,0.5435540069686411,0.4442508710801394,2.0914740006427244,-2.035665491328178,0.23248290576976402,no_trade,
USPIX,ultra_long,EEM_bin_-0.5_0,889,358,519,0.4026996625421822,0.5838020247469067,1.8602127854442245,-1.6809547501853737,-0.23223772571110962,predict_down,-1.6809547501853737
UDPIX,ultra_long,XLV_bin_-2_-1,552,310,232,0.5615942028985508,0.42028985507246375,1.7916801206868376,-1.8418627939927212,0.23208092247573955,predict_up,1.7916801206868376
USPSX,inverse,SPY_bin_0.5_1,1051,431,599,0.4100856327307326,0.5699333967649858,2.255777617083297,-2.0295953424926108,-0.23167217620377983,predict_down,-2.0295953424926108
ENPIX,long,LQD_bin_-1_-0.5,525,290,230,0.5523809523809524,0.4380952380952381,2.101187146800856,-2.1208331200113695,0.2315288666088254,predict_up,2.101187146800856
UNPIX,ultra_long,XLF_bin_-2_-1,492,279,209,0.5670731707317073,0.4247967479674797,2.078083961307713,-2.229263906005874,0.2314416033528948,predict_up,2.078083961307713
UDPSX,inverse,XLV_bin_-2_-1,552,306,235,0.5543478260869565,0.4257246376811594,1.813389243343342,-1.8179246615662281,0.23131306701992582,predict_up,1.813389243343342
BIPIX,long,GLD_bin_-2_-1,494,279,212,0.5647773279352226,0.4291497975708502,1.680981095589806,-1.6732774691998298,0.2312933242898621,predict_up,1.680981095589806
UIPIX,ultra_long,SLV_bin_-0.5_0,673,295,361,0.43833580980683506,0.5364041604754829,1.6557947593837532,-1.7841706165591515,-0.23124240499204557,no_trade,
UXPSX,inverse,GDX_bin_lt-2,851,386,452,0.4535840188014101,0.5311398354876615,2.1863099031627695,-2.3018323325722956,-0.2309196142207385,no_trade,
UDPSX,inverse,XLV_bin_-1_-0.5,748,422,312,0.5641711229946524,0.41711229946524064,1.5168010774348377,-1.4979926557130847,0.23090420600938374,predict_up,1.5168010774348377
UWPIX,ultra_long,XLV_bin_-2_-1,497,203,268,0.4084507042253521,0.5392354124748491,1.8382537717976117,-1.8196844799405876,-0.2304022634791998,no_trade,
ENPSX,inverse,LQD_bin_-1_-0.5,525,289,230,0.5504761904761905,0.4380952380952381,2.1059432859762284,-2.1209647581381,0.23008707671498496,predict_up,2.1059432859762284
UNPIX,ultra_long,XLV_bin_-2_-1,459,258,197,0.5620915032679739,0.42919389978213507,2.086713698800288,-2.19719200094767,0.2299026363916845,predict_up,2.086713698800288
UXPIX,ultra_long,GDX_bin_lt-2,851,385,454,0.45240893066980026,0.5334900117508813,2.2020703148532754,-2.2978284744330866,-0.2296322634243365,no_trade,
MGPSX,inverse,FXY_bin_1_2,207,122,83,0.5893719806763285,0.40096618357487923,1.3875908271917048,-1.4670303876822925,0.22957757845293547,predict_up,1.3875908271917048
UIPIX,ultra_long,XLU_bin_-0.5_0,1119,467,619,0.41733690795352996,0.5531724754244861,1.5693922321471612,-1.5990316498373833,-0.2295749944920608,predict_down,-1.5990316498373833
UJPSX,inverse,XLV_bin_-2_-1,628,348,269,0.554140127388535,0.428343949044586,2.4823662615436404,-2.675823126565336,0.2294061114189671,predict_up,2.4823662615436404
OTPSX,inverse,GLD_bin_lt-2,206,111,84,0.5388349514563107,0.4077669902912621,1.4305109392640865,-1.32782844256984,0.22936468486624775,no_trade,
BKPIX,long,GLD_bin_lt-2,206,110,95,0.5339805825242718,0.46116504854368934,2.7828873254016515,-2.725217682431242,0.22923265030686227,no_trade,
USPSX,inverse,GDX_bin_0.5_1,454,174,270,0.3832599118942731,0.5947136563876652,1.9835191714797897,-1.6636776543192973,-0.22920843794873763,predict_down,-1.6636776543192973
GVPSX,inverse,XLU_bin_lt-2,235,102,133,0.4340425531914894,0.5659574468085107,1.1788530125058376,-1.3087429310693641,-0.22902043641119152,predict_down,-1.3087429310693641
UOPSX,inverse,EEM_bin_1_2,839,466,342,0.5554231227651967,0.40762812872467225,1.7774444982918518,-1.8606353779623102,0.22878645642537887,predict_up,1.7774444982918518
USPSX,inverse,TLT_bin_-2_-1,574,251,312,0.4372822299651568,0.5435540069686411,2.095761520084404,-2.1065973423857605,-0.22861015554559522,no_trade,
GVPIX,long,XLU_bin_lt-2,235,100,132,0.425531914893617,0.5617021276595745,1.201502124144614,-1.3164150583632377,-0.22815563952972756,predict_down,-1.3164150583632377
UWPSX,inverse,TLT_bin_-2_-1,546,223,293,0.4084249084249084,0.5366300366300366,1.6396961221941355,-1.6726374862667532,-0.227894776972283,no_trade,
REPIX,long,SLV_bin_-0.5_0,673,374,295,0.5557206537890045,0.43833580980683506,1.477597202840241,-1.3536059256702135,0.22779733401119936,predict_up,1.477597202840241
SHPIX,long,XLE_bin_lt-2,557,249,300,0.44703770197486536,0.5385996409335727,1.5556712579332843,-1.7139219185964092,-0.22767402576936274,no_trade,
UIPSX,inverse,XLF_bin_-2_-1,535,227,300,0.42429906542056073,0.5607476635514018,2.217559690496162,-2.0839383415295143,-0.22765505180602857,predict_down,-2.0839383415295143
BIPSX,inverse,XLV_bin_-2_-1,614,332,278,0.5407166123778502,0.4527687296416938,2.1044869477949693,-2.010861712105078,0.22747575033016004,no_trade,
USPIX,ultra_long,GLD_bin_-2_-1,494,216,268,0.43724696356275305,0.5425101214574899,2.045735088499721,-2.0679454048451227,-0.2273898570497028,no_trade,
USPIX,ultra_long,TLT_bin_-2_-1,574,251,313,0.4372822299651568,0.5452961672473867,2.0942187013201186,-2.096200312042547,-0.2272853721915807,no_trade,
UUPIX,ultra_long,SLV_bin_-2_-1,589,316,270,0.5365025466893039,0.45840407470288624,2.3270384170947573,-2.2284305229737065,0.22694040509175314,no_trade,
BIPSX,inverse,GLD_bin_-2_-1,494,278,211,0.562753036437247,0.4271255060728745,1.6825835391097985,-1.6856360341855634,0.2269008515371863,predict_up,1.6825835391097985
BIPIX,long,SLV_bin_lt-2,573,316,254,0.5514834205933682,0.4432809773123909,1.8130275563010592,-1.7451269231231976,0.22627307036272656,predict_up,1.8130275563010592
MDPSX,inverse,SPY_bin_lt-2,260,138,122,0.5307692307692308,0.46923076923076923,1.9586999964965146,-1.7333583496601128,0.2262726186845588,no_trade,
UWPIX,ultra_long,TLT_bin_-2_-1,546,228,298,0.4175824175824176,0.5457875457875457,1.6067749231389368,-1.6438786117819053,-0.22624751618192354,no_trade,
UNPSX,inverse,XLF_bin_-2_-1,492,279,210,0.5670731707317073,0.4268292682926829,2.0727702062527915,-2.223904338693273,0.22618491142061237,predict_up,2.0727702062527915
USPSX,inverse,XLE_bin_-0.5_0,992,425,554,0.4284274193548387,0.5584677419354839,2.1510433311902015,-2.054949806319195,-0.226057234823587,predict_down,-2.054949806319195
USPIX,ultra_long,XLE_bin_-0.5_0,992,425,549,0.4284274193548387,0.5534274193548387,2.156904819817673,-2.077907330062728,-0.22589372558661974,predict_down,-2.077907330062728
TEPIX,long,EEM_bin_1_2,839,446,334,0.531585220500596,0.39809296781883197,1.5201535046325674,-1.4625920162599333,0.22584353949381084,no_trade,
BIPIX,long,IWM_bin_-1_-0.5,720,409,310,0.5680555555555555,0.4305555555555556,1.8244628879341231,-1.882987141852593,0.2256657044316006,predict_up,1.8244628879341231
REPSX,inverse,SLV_bin_-0.5_0,673,375,296,0.5572065378900446,0.4398216939078752,1.47053804645712,-1.3506794243266642,0.22533530136809432,predict_up,1.47053804645712
UOPIX,ultra_long,GLD_bin_-2_-1,494,266,215,0.5384615384615384,0.4352226720647773,2.0743596223462806,-2.0489780635682147,0.2252011657428027,no_trade,
SMPIX,long,GDX_bin_0.5_1,454,242,184,0.5330396475770925,0.4052863436123348,2.052590438753116,-2.144000320376308,0.22517803354408236,no_trade,
UUPSX,inverse,SLV_bin_-2_-1,589,316,269,0.5365025466893039,0.4567062818336163,2.3182185690023687,-2.2303315626795426,0.22512373080467168,no_trade,
UKPIX,ultra_long,XLE_bin_-1_-0.5,559,252,300,0.45080500894454384,0.5366726296958855,1.935457448255412,-2.0449848568344198,-0.2249734885330272,no_trade,
UKPIX,ultra_long,XLK_bin_-2_-1,509,222,280,0.4361493123772102,0.550098231827112,2.411336192916754,-2.320774404170195,-0.22495127375272134,predict_down,-2.320774404170195
URPSX,inverse,GLD_bin_-1_-0.5,694,292,375,0.4207492795389049,0.5403458213256485,1.4938207754915704,-1.5784113378691214,-0.22436395570227963,no_trade,
USPIX,ultra_long,GDX_bin_0.5_1,454,175,268,0.3854625550660793,0.5903083700440529,1.981937294451865,-1.673508869200951,-0.22392367933211144,predict_down,-1.673508869200951
SOPSX,inverse,XLV_bin_-2_-1,555,229,310,0.4126126126126126,0.5585585585585585,1.244476062504427,-1.320017826154831,-0.22382073476483583,predict_down,-1.320017826154831
UOPIX,ultra_long,GLD_bin_-1_-0.5,694,378,296,0.5446685878962536,0.4265129682997118,1.886085505653659,-1.8844477993587219,0.22355010450562182,no_trade,
USPSX,inverse,TIP_bin_0_0.5,2468,1022,1396,0.4141004862236629,0.5656401944894651,1.9085993246089272,-1.792452922672154,-0.223531511466776,predict_down,-1.792452922672154
UWPSX,inverse,XLV_bin_-1_-0.5,699,280,377,0.4005722460658083,0.5393419170243204,1.4616524072738657,-1.499973351392897,-0.2235011150764518,no_trade,
UNPSX,inverse,XLV_bin_-2_-1,459,255,196,0.5555555555555556,0.42701525054466233,2.1042071557264435,-2.2145160461880553,0.22337185110541227,predict_up,2.1042071557264435
UUPIX,ultra_long,SLV_bin_-0.5_0,673,387,283,0.575037147102526,0.42050520059435365,2.0706763922476985,-2.3006261040868825,0.22329060377900686,predict_up,2.0706763922476985
BIPSX,inverse,SLV_bin_lt-2,573,313,254,0.5462478184991274,0.4432809773123909,1.822610438956025,-1.7450139493762507,0.22206548735020631,no_trade,
ENPIX,long,XLU_bin_-0.5_0,1263,681,568,0.5391923990498813,0.44972288202692,1.6599614349804521,-1.4980072603681465,0.22135044602738008,no_trade,
SNPSX,inverse,SPY_bin_-1_-0.5,538,209,306,0.38847583643122674,0.5687732342007435,1.4464086692521387,-1.3768817327040448,-0.22123865861290093,predict_down,-1.3768817327040448
OTPIX,long,GLD_bin_lt-2,206,112,86,0.5436893203883495,0.4174757281553398,1.406817614841289,-1.3022596143113678,0.22120993219148888,no_trade,
UWPIX,ultra_long,XLV_bin_-1_-0.5,699,284,378,0.4062947067238913,0.5407725321888412,1.4475016419732707,-1.495919558488828,-0.22083995248693578,no_trade,
UVPSX,inverse,SPY_bin_0.5_1,761,327,414,0.4296977660972405,0.5440210249671484,2.3024937455963537,-2.224263700795194,-0.2206697993682033,no_trade,
UJPIX,ultra_long,XLF_bin_-2_-1,674,370,295,0.5489614243323442,0.43768545994065283,2.3959458122395723,-2.5009859989655983,0.22063661844775972,no_trade,
UUPSX,inverse,SLV_bin_-0.5_0,673,387,284,0.575037147102526,0.42199108469539376,2.0690792248848306,-2.2971918733726766,0.22040292420889956,predict_up,2.0690792248848306
SHPSX,inverse,XLF_bin_lt-2,424,181,236,0.4268867924528302,0.5566037735849056,1.9484425693836553,-1.8902953597779346,-0.22038113171969584,predict_down,-1.8902953597779346
RRPIX,long,XLU_bin_lt-2,235,132,101,0.5617021276595745,0.4297872340425532,1.312340636863843,-1.2024555680495888,0.22034447528944187,predict_up,1.312340636863843
UAPIX,ultra_long,SLV_bin_-0.5_0,673,361,311,0.5364041604754829,0.462109955423477,2.023758715369538,-1.872707493790234,0.22015581824612268,no_trade,
USPIX,ultra_long,TIP_bin_0_0.5,2468,1023,1391,0.4145056726094003,0.563614262560778,1.9098087304596885,-1.7949769458856184,-0.2200480552944219,predict_down,-1.7949769458856184
URPSX,inverse,SLV_bin_-0.5_0,673,272,378,0.40416047548291234,0.5616641901931649,1.4362012161282667,-1.42506339644958,-0.21995131214123712,predict_down,-1.42506339644958
SVPIX,long,GDX_bin_0_0.5,495,264,228,0.5333333333333333,0.46060606060606063,1.1402768553261131,-0.8432120313467408,0.21975908415967052,no_trade,
URPSX,inverse,XLF_bin_-2_-1,730,306,406,0.4191780821917808,0.5561643835616439,1.9850688230524005,-1.8906877255574068,-0.21943583112640075,predict_down,-1.8906877255574068
UIPIX,ultra_long,XLF_bin_-2_-1,535,230,301,0.42990654205607476,0.5626168224299065,2.193567938825124,-2.0660250047315447,-0.21935121587741407,predict_down,-2.0660250047315447
UNPIX,ultra_long,GDX_bin_lt-2,851,452,390,0.5311398354876615,0.4582843713278496,2.298459173650827,-2.1854592431326907,0.21924141206630374,no_trade,
ENPSX,inverse,XLU_bin_-0.5_0,1263,679,567,0.5376088677751386,0.4489311163895487,1.6616866375950894,-1.5019793964827979,0.21905218457744977,no_trade,
UCPIX,ultra_long,FXY_bin_0_0.5,1512,672,806,0.4444444444444444,0.533068783068783,2.172636103962572,-2.2220743271334324,-0.21890241124781648,no_trade,
UIPSX,inverse,SLV_bin_0.5_1,609,249,336,0.4088669950738916,0.5517241379310345,1.7850165465591914,-1.7194998404893642,-0.2188552156177138,predict_down,-1.7194998404893642
UCPSX,inverse,FXY_bin_0_0.5,1512,665,805,0.4398148148148148,0.5324074074074074,2.1946273050395226,-2.223846779768275,-0.21876289673424498,no_trade,
SRPIX,long,TLT_bin_1_2,491,185,283,0.37678207739307534,0.5763747454175153,1.3843893478143627,-1.2841387737883083,-0.2185320644326562,predict_down,-1.2841387737883083
UHPIX,ultra_long,XLK_bin_-1_-0.5,471,216,250,0.4585987261146497,0.5307855626326964,3.1830632604929328,-3.1618682580085213,-0.2185252658931142,no_trade,
SOPIX,long,XLV_bin_-2_-1,555,230,310,0.4144144144144144,0.5585585585585585,1.2425758921327583,-1.3130990377330725,-0.2185013450571497,predict_down,-1.3130990377330725
UOPSX,inverse,GLD_bin_-2_-1,494,264,217,0.5344129554655871,0.4392712550607287,2.091042659193047,-2.046782876264413,0.21838740461049963,no_trade,
UMPIX,ultra_long,EEM_bin_1_2,839,449,380,0.5351609058402861,0.45292014302741357,1.7376779125356165,-1.5710382642338643,0.2183824103928766,no_trade,
URPIX,ultra_long,GLD_bin_-1_-0.5,694,288,369,0.414985590778098,0.531700288184438,1.5209433283112392,-1.597801074109844,-0.2183817259263623,no_trade,
MGPIX,long,SPY_bin_lt-2,260,146,111,0.5615384615384615,0.4269230769230769,1.8369334656410508,-1.9064373966303265,0.21760667291395053,predict_up,1.8369334656410508
UMPIX,ultra_long,SLV_bin_-0.5_0,673,371,296,0.5512630014858841,0.4398216939078752,1.7322591338476891,-1.6764299296948042,0.21760011807998603,predict_up,1.7322591338476891
UAPSX,inverse,SLV_bin_-0.5_0,673,361,311,0.5364041604754829,0.462109955423477,2.021592818111511,-1.8757241400750901,0.2175999996655311,no_trade,
SRPSX,inverse,TLT_bin_1_2,491,181,281,0.36863543788187375,0.5723014256619144,1.410273916069674,-1.2882010966400226,-0.21736238156259746,predict_down,-1.2882010966400226
LVPIX,long,IWM_bin_lt-2,389,210,177,0.5398457583547558,0.455012853470437,1.5912890072910721,-1.410405741512349,0.2172978799060136,no_trade,
UCPIX,ultra_long,GLD_bin_lt-2,206,88,118,0.42718446601941745,0.5728155339805825,3.2129961562554703,-2.7752303664918827,-0.21715301696874162,predict_down,-2.7752303664918827
ENPIX,long,XLV_bin_-2_-1,614,329,283,0.5358306188925082,0.4609120521172638,2.1358907373542335,-2.012569773660447,0.2168579912762806,no_trade,
SRPSX,inverse,XLV_bin_-2_-1,466,193,247,0.41416309012875535,0.5300429184549357,1.3615704085858737,-1.4729791676459068,-0.21682996899456078,no_trade,
SNPIX,long,SPY_bin_-1_-0.5,538,212,307,0.3940520446096654,0.570631970260223,1.430393803203806,-1.3669039731471169,-0.21634950460401123,predict_down,-1.3669039731471169
RRPSX,inverse,XLU_bin_lt-2,235,130,99,0.5531914893617021,0.42127659574468085,1.3276172541690154,-1.2299840721181432,0.2162630634139393,predict_up,1.3276172541690154
UNPSX,inverse,GDX_bin_lt-2,851,453,388,0.5323149236192715,0.45593419506462984,2.290145390629137,-2.1999231267217803,0.21605838870381658,no_trade,
UKPSX,inverse,XLE_bin_-2_-1,637,258,371,0.4050235478806907,0.5824175824175825,2.43335093147055,-2.062367088637861,-0.21559442631906528,predict_down,-2.062367088637861
UUPIX,ultra_long,XLK_bin_-1_-0.5,518,281,229,0.5424710424710425,0.4420849420849421,2.4819759141418007,-2.5583262084670406,0.21540256782798006,no_trade,
URPIX,ultra_long,XLF_bin_-2_-1,730,308,407,0.42191780821917807,0.5575342465753425,1.9795124611942079,-1.8843196614153512,-0.2153811837647015,predict_down,-1.8843196614153512
UCPSX,inverse,TLT_bin_1_2,511,216,284,0.4227005870841487,0.5557729941291585,2.6709331707555655,-2.4185122203218077,-0.21513875868530577,predict_down,-2.4185122203218077
URPSX,inverse,GDX_bin_lt-2,851,363,457,0.42655699177438305,0.5370152761457109,1.972398373881885,-1.9672912402549492,-0.21512513170080785,no_trade,
UMPSX,inverse,EEM_bin_1_2,839,450,380,0.5363528009535161,0.45292014302741357,1.7276670715621625,-1.5713577541470582,0.21493949419200356,no_trade,
UVPIX,ultra_long,SPY_bin_0.5_1,761,327,412,0.4296977660972405,0.5413929040735874,2.309723835418909,-2.2298377628978336,-0.214735169687154,no_trade,
UOPIX,ultra_long,XLU_bin_-0.5_0,1320,727,562,0.5507575757575758,0.4257575757575758,2.046201944891793,-2.142782878034159,0.2146551791523761,predict_up,2.046201944891793
SRPIX,long,XLV_bin_-2_-1,466,201,249,0.4313304721030043,0.5343347639484979,1.3171272338206095,-1.4645830574444902,-0.21446053069900362,no_trade,
URPIX,ultra_long,SLV_bin_-0.5_0,673,274,373,0.40713224368499257,0.5542347696879644,1.428805271264196,-1.4362938903420364,-0.21433131763921218,predict_down,-1.4362938903420364
ENPSX,inverse,XLV_bin_-2_-1,614,328,283,0.5342019543973942,0.4609120521172638,2.1402442942273137,-2.0162217843080854,0.21402176473513146,no_trade,
LGPIX,long,XLE_bin_lt-2,542,312,211,0.5756457564575646,0.3892988929889299,1.3288717454140588,-1.4152904868146432,0.2139883613492557,predict_up,1.3288717454140588
LVPSX,inverse,IWM_bin_lt-2,389,209,176,0.5372750642673522,0.4524421593830334,1.594636734484783,-1.4207213940389747,0.21396429860272537,no_trade,
UJPSX,inverse,XLF_bin_-2_-1,674,368,294,0.5459940652818991,0.4362017804154303,2.401788760256276,-2.5158896142025697,0.21392688011684594,no_trade,
UCPSX,inverse,IWM_bin_-2_-1,709,303,396,0.42736248236953456,0.5585331452750353,2.5428585765940817,-2.3281123838368205,-0.21360557869023142,predict_down,-2.3281123838368205
MGPSX,inverse,SPY_bin_lt-2,260,145,112,0.5576923076923077,0.4307692307692308,1.8471246566419253,-1.8966014652987269,0.21312965807546827,predict_up,1.8471246566419253
FNPIX,long,SLV_bin_-0.5_0,673,367,295,0.5453194650817236,0.43833580980683506,1.4136036324596932,-1.273553588339674,0.2126214332132296,no_trade,
SHPIX,long,XLF_bin_lt-2,424,184,233,0.4339622641509434,0.5495283018867925,1.922111826860552,-1.9046990219968862,-0.21256201882767206,no_trade,
UCPSX,inverse,SLV_bin_0.5_1,609,266,333,0.4367816091954023,0.5467980295566502,2.03100394880071,-2.011075691191925,-0.21254705219363254,no_trade,
USPSX,inverse,QQQ_bin_0.5_1,967,409,541,0.42295760082730094,0.5594622543950362,1.9682806967555317,-1.8678010438275279,-0.21246490148674269,predict_down,-1.8678010438275279
UCPIX,ultra_long,TLT_bin_1_2,511,216,285,0.4227005870841487,0.5577299412915852,2.6742270170659967,-2.4077024831828973,-0.21245043448311257,predict_down,-2.4077024831828973
INPIX,long,GLD_bin_0.5_1,778,450,315,0.5784061696658098,0.40488431876606684,1.6306616442756776,-1.8054662770245966,0.2121797720582351,predict_up,1.6306616442756776
UIPIX,ultra_long,SLV_bin_0.5_1,609,253,331,0.4154351395730706,0.5435139573070608,1.761143672136932,-1.7363420773408578,-0.21208518645185578,no_trade,
SHPSX,inverse,EEM_bin_lt-2,420,175,236,0.4166666666666667,0.5619047619047619,1.7172824417990011,-1.6507521431231136,-0.21203113919578478,predict_down,-1.6507521431231136
UTPSX,inverse,TLT_bin_1_2,537,304,225,0.5661080074487895,0.41899441340782123,1.3153161449288318,-1.2713780764268106,0.21191069061886858,predict_up,1.3153161449288318
UKPIX,ultra_long,XLE_bin_-2_-1,637,258,372,0.4050235478806907,0.5839874411302983,2.432841445595921,-2.0501458402992716,-0.21190134949384865,predict_down,-2.0501458402992716
UOPIX,ultra_long,FXY_bin_0_0.5,1512,845,630,0.5588624338624338,0.4166666666666667,1.8482555214649306,-1.9706278531178119,0.2118256403264845,predict_up,1.8482555214649306
USPIX,ultra_long,QQQ_bin_0.5_1,967,408,542,0.421923474663909,0.5604963805584281,1.9756858754847524,-1.8649961186821964,-0.21173532484795393,predict_down,-1.8649961186821964
SRPSX,inverse,GDX_bin_0_0.5,495,217,263,0.4383838383838384,0.5313131313131313,0.8785377185910915,-1.1232585438664031,-0.2116652769749435,no_trade,
INPIX,long,GDX_bin_lt-2,851,463,376,0.5440658049353702,0.4418331374853114,1.9763921865539424,-1.9548759387352375,0.21155843643951364,no_trade,
UMPSX,inverse,SLV_bin_-0.5_0,673,368,295,0.5468053491827637,0.43833580980683506,1.7420762869908666,-1.6906089381746228,0.21152219442960637,no_trade,
BIPSX,inverse,IWM_bin_-1_-0.5,720,408,308,0.5666666666666667,0.42777777777777776,1.8248971896205894,-1.9232811097109879,0.2113714882975225,predict_up,1.8248971896205894
UUPSX,inverse,XLK_bin_-1_-0.5,518,281,229,0.5424710424710425,0.4420849420849421,2.4804029874780738,-2.565603298021897,0.21133220894657173,no_trade,
UJPIX,ultra_long,XLK_bin_-2_-1,700,378,314,0.54,0.44857142857142857,2.4261485895065995,-2.44955726181629,0.21131883803311372,no_trade,
UCPIX,ultra_long,IWM_bin_-2_-1,709,304,393,0.4287729196050776,0.5543018335684062,2.5462700716855657,-2.3507856012871553,-0.2112731163800285,predict_down,-2.3507856012871553
URPIX,ultra_long,GDX_bin_lt-2,851,366,453,0.4300822561692127,0.5323149236192715,1.963986722979553,-1.9833525361723614,-0.2110923128972544,no_trade,
URPSX,inverse,SPY_bin_-2_-1,664,297,354,0.44728915662650603,0.5331325301204819,2.1049908101911283,-2.161132115343926,-0.2106302683810009,no_trade,
URPSX,inverse,XLU_bin_-0.5_0,1320,542,734,0.4106060606060606,0.556060606060606,1.402010906486328,-1.413903593084806,-0.21054191364292255,predict_down,-1.413903593084806
SPPSX,inverse,GDX_bin_lt-2,851,371,467,0.43595769682726204,0.5487661574618097,2.1130516365468592,-2.0623202961996085,-0.2105304596549148,no_trade,
INPIX,long,SLV_bin_lt-2,573,304,263,0.5305410122164049,0.45898778359511344,2.171580370136205,-2.0517076013334603,0.2104037231600454,no_trade,
SNPIX,long,LQD_bin_-1_-0.5,457,186,255,0.40700218818380746,0.5579868708971554,1.52847985376604,-1.4911826573518918,-0.2099656998342427,predict_down,-1.4911826573518918
UUPIX,ultra_long,GDX_bin_0.5_1,454,251,203,0.552863436123348,0.44713656387665196,2.207063354310832,-2.2595090864379057,0.20989550084829067,predict_up,2.207063354310832
BMPIX,long,TLT_bin_-2_-1,574,309,264,0.5383275261324042,0.45993031358885017,1.8585846512798523,-1.7191008269649157,0.20986069499431464,no_trade,
FNPSX,inverse,SLV_bin_-0.5_0,673,365,292,0.5423476968796433,0.4338781575037147,1.4161034690672802,-1.2865954486310767,0.20979479228719605,no_trade,
INPSX,inverse,GLD_bin_0.5_1,778,449,316,0.577120822622108,0.40616966580976865,1.6334717160614933,-1.8044782325024316,0.20978621984684073,predict_up,1.6334717160614933
SPPIX,long,GDX_bin_lt-2,851,366,468,0.4300822561692127,0.5499412455934195,2.145851957534184,-2.05955180817242,-0.2097396354490965,no_trade,
UUPSX,inverse,GDX_bin_0.5_1,454,250,201,0.5506607929515418,0.44273127753303965,2.2152348139198987,-2.2816854871270364,0.2096694285626441,predict_up,2.2152348139198987
SNPSX,inverse,LQD_bin_-1_-0.5,457,188,253,0.4113785557986871,0.5536105032822757,1.5058144874008526,-1.497573120345038,-0.20961241972852154,predict_down,-1.497573120345038
FNPIX,long,SPY_bin_-2_-1,590,317,267,0.5372881355932203,0.45254237288135596,2.0399647634073443,-1.9590207368244401,0.20950897164068216,no_trade,
LGPSX,inverse,XLE_bin_lt-2,542,312,211,0.5756457564575646,0.3892988929889299,1.3235619244208485,-1.4192532698837603,0.20938907836500273,predict_up,1.3235619244208485
UAPIX,ultra_long,XLK_bin_-1_-0.5,675,384,290,0.5688888888888889,0.42962962962962964,2.2322935841373774,-2.468864381005121,0.20922972713669305,predict_up,2.2322935841373774
UCPIX,ultra_long,XLF_bin_-1_-0.5,679,306,366,0.45066273932253315,0.5390279823269514,2.106122112159796,-2.148729142575671,-0.20907437387599087,no_trade,
URPIX,ultra_long,XLU_bin_-0.5_0,1320,540,735,0.4090909090909091,0.5568181818181818,1.4130632388046314,-1.413558496799998,-0.20902374711628605,predict_down,-1.413558496799998
URPIX,ultra_long,TLT_bin_1_2,537,218,305,0.4059590316573557,0.5679702048417132,1.9679168705737007,-1.774345711430171,-0.2088818700207365,predict_down,-1.774345711430171
URPSX,inverse,TLT_bin_1_2,537,221,303,0.41154562383612664,0.5642458100558659,1.9313834039207147,-1.7787991861859753,-0.20882759990292857,predict_down,-1.7787991861859753
BMPSX,inverse,TLT_bin_-2_-1,574,309,264,0.5383275261324042,0.45993031358885017,1.853694111868883,-1.7162006642122407,0.2085618557760511,no_trade,
ULPIX,ultra_long,SLV_bin_-0.5_0,673,379,286,0.563150074294205,0.424962852897474,1.409189192375782,-1.3766772536080836,0.20854830516866193,predict_up,1.409189192375782
UOPIX,ultra_long,GDX_bin_0.5_1,454,266,175,0.5859030837004405,0.3854625550660793,1.657966328810091,-1.979171787591448,0.20851097056163165,predict_up,1.657966328810091
FNPSX,inverse,SPY_bin_-2_-1,590,314,266,0.5322033898305085,0.45084745762711864,2.0574952802567523,-1.9671612606926174,0.20811630958709149,no_trade,
UJPSX,inverse,XLK_bin_-2_-1,700,379,312,0.5414285714285715,0.44571428571428573,2.415445398312777,-2.467427161307177,0.20802361661814753,no_trade,
UTPIX,ultra_long,TLT_bin_1_2,537,302,227,0.5623836126629422,0.4227188081936685,1.3227423655921837,-1.2677579896342643,0.20798348372786135,predict_up,1.3227423655921837
SLPIX,long,XLE_bin_lt-2,575,314,259,0.5460869565217391,0.4504347826086956,1.654088047398921,-1.543696464614958,0.20794132617041242,no_trade,
UOPSX,inverse,GLD_bin_-1_-0.5,694,371,298,0.5345821325648416,0.42939481268011526,1.9123444702127594,-1.8969895563387438,0.2077477098847092,no_trade,
UOPSX,inverse,XLU_bin_-0.5_0,1320,726,559,0.55,0.42348484848484846,2.0401351161189574,-2.1591284903309544,0.2077161122783027,predict_up,2.0401351161189574
UCPIX,ultra_long,SLV_bin_0.5_1,609,267,335,0.43842364532019706,0.5500821018062397,2.029666138648244,-1.99506335850029,-0.20759501819132306,predict_down,-1.99506335850029
URPIX,ultra_long,SPY_bin_-2_-1,664,299,352,0.4503012048192771,0.5301204819277109,2.0926781887555452,-2.169113742195458,-0.20755611267303187,no_trade,
SHPIX,long,EEM_bin_lt-2,420,179,233,0.4261904761904762,0.5547619047619048,1.6782265045669689,-1.6633761837344194,-0.20753358688721973,predict_down,-1.6633761837344194
UOPIX,ultra_long,EEM_bin_-0.5_0,889,509,358,0.5725534308211474,0.4026996625421822,1.6911643958431117,-1.890193523494677,0.20710168287182132,predict_up,1.6911643958431117
UKPSX,inverse,XLK_bin_-2_-1,509,222,279,0.4361493123772102,0.5481335952848723,2.4148314068717833,-2.2989252261985893,-0.20689109191330113,no_trade,
ENPIX,long,SLV_bin_0.5_1,609,323,284,0.5303776683087028,0.4663382594417077,1.8069605770151043,-1.6126264667120476,0.20634211794689192,no_trade,
REPIX,long,XLK_bin_-2_-1,687,383,297,0.5574963609898108,0.43231441048034935,1.6275626193995127,-1.622010010633846,0.2061419360578763,predict_up,1.6275626193995127
ULPSX,inverse,SLV_bin_-0.5_0,673,381,283,0.5661218424962853,0.42050520059435365,1.3972629612357539,-1.3909126839633377,0.2061350648873665,predict_up,1.3972629612357539
UWPSX,inverse,QQQ_bin_-2_-1,567,216,310,0.38095238095238093,0.54673721340388,1.9366102008242587,-1.725705720701902,-0.2057512699110223,no_trade,
ENPIX,long,SLV_bin_-0.5_0,673,364,305,0.5408618127786032,0.45319465081723626,1.7422712008829653,-1.6253292304409057,0.20573744700880103,no_trade,
ULPIX,ultra_long,SPY_bin_-2_-1,663,356,300,0.5369532428355958,0.45248868778280543,2.133633850139636,-2.0775350517783777,0.20560050545429456,no_trade,
UOPIX,ultra_long,TIP_bin_0_0.5,2468,1376,1023,0.5575364667747164,0.4145056726094003,1.7997358292550905,-1.9249540967718188,0.20551396274612393,predict_up,1.7997358292550905
SHPSX,inverse,GDX_bin_0_0.5,495,210,263,0.42424242424242425,0.5313131313131313,0.922748844434738,-1.1234928345110053,-0.20545728918201908,no_trade,
FNPIX,long,TLT_bin_1_2,537,316,218,0.5884543761638734,0.4059590316573557,1.7418320467487096,-2.0191605341808243,0.20529223523495793,predict_up,1.7418320467487096
UOPSX,inverse,FXY_bin_0_0.5,1512,840,630,0.5555555555555556,0.4166666666666667,1.8566023637193632,-1.9828194440650564,0.20527098926142814,predict_up,1.8566023637193632
ENPSX,inverse,SLV_bin_0.5_1,609,324,283,0.5320197044334976,0.46469622331691296,1.799170068803289,-1.6181876677336064,0.20522823041651062,no_trade,
UAPSX,inverse,XLK_bin_-1_-0.5,675,383,289,0.5674074074074074,0.42814814814814817,2.2347598825336124,-2.4825019123686576,0.20514071457160193,predict_up,2.2347598825336124
UMPIX,ultra_long,SLV_bin_lt-2,573,308,263,0.537521815008726,0.45898778359511344,2.3950484134945325,-2.3592445135224525,0.20452636003474847,no_trade,
SLPSX,inverse,XLE_bin_lt-2,575,315,259,0.5478260869565217,0.4504347826086956,1.6457252166214325,-1.5475545169191451,0.20449882322381313,no_trade,
PHPIX,long,XLV_bin_-1_-0.5,816,452,345,0.553921568627451,0.4227941176470588,1.2987901907051727,-1.2181612297866395,0.20439649745385716,predict_up,1.2987901907051727
FNPSX,inverse,UUP_bin_-1_-0.5,494,265,215,0.5364372469635628,0.4352226720647773,1.5638978068418508,-2.396549051136716,-0.20409944773543218,no_trade,
UWPIX,ultra_long,QQQ_bin_-2_-1,567,222,308,0.3915343915343915,0.5432098765432098,1.886360023556942,-1.7353083551001316,-0.2040618133001751,no_trade,
UWPSX,inverse,XLF_bin_-2_-1,535,211,296,0.394392523364486,0.5532710280373832,1.8385413766383831,-1.6791932281897897,-0.20394199079154943,predict_down,-1.6791932281897897
UIPSX,inverse,SPY_bin_0.5_1,849,358,456,0.4216725559481743,0.5371024734982333,1.6165428788292386,-1.6486008110509143,-0.20381580591089465,no_trade,
ULPIX,ultra_long,GLD_bin_-1_-0.5,694,378,310,0.5446685878962536,0.44668587896253603,1.5479903640060884,-1.4316274553828912,0.2036539573855983,no_trade,
ULPIX,ultra_long,XLF_bin_-2_-1,730,408,312,0.5589041095890411,0.4273972602739726,1.8678355724648796,-1.9660839069329341,0.20364210219533624,predict_up,1.8678355724648796
SMPIX,long,SLV_bin_-0.5_0,673,361,277,0.5364041604754829,0.4115898959881129,1.9309297976368538,-2.0227746217027724,0.203205180884452,no_trade,
ENPSX,inverse,SLV_bin_-0.5_0,673,362,304,0.537890044576523,0.45170876671619614,1.7496500758877642,-1.6338486331461997,0.2030956062331738,no_trade,
UOPIX,ultra_long,QQQ_bin_0.5_1,967,534,407,0.5522233712512926,0.42088934850051707,1.8835260465962604,-1.988782594494539,0.20306969278503165,predict_up,1.8835260465962604
SMPIX,long,TLT_bin_1_2,537,294,213,0.547486033519553,0.39664804469273746,2.317778562569938,-2.68752086492505,0.202951495654611,no_trade,
REPSX,inverse,XLK_bin_-2_-1,687,381,296,0.5545851528384279,0.43085880640465796,1.6319581041910323,-1.629850715173988,0.20282420088105205,predict_up,1.6319581041910323
UUPIX,ultra_long,SPY_bin_0.5_1,761,416,334,0.5466491458607096,0.43889618922470436,2.1931385014307763,-2.2697269900954224,0.202702762028031,no_trade,
UIPIX,ultra_long,SPY_bin_0.5_1,849,362,453,0.42638398115429915,0.5335689045936396,1.5945042023766467,-1.6540821320207617,-0.2026957415136147,no_trade,
INPSX,inverse,GDX_bin_lt-2,851,462,379,0.5428907168037603,0.44535840188014103,1.9739168725245197,-1.9513944708087472,0.20255122287874613,no_trade,
SVPIX,long,SLV_bin_lt-2,573,309,264,0.5392670157068062,0.4607329842931937,1.445810342036055,-1.253075792022147,0.20234447922389903,no_trade,
UMPIX,ultra_long,SLV_bin_0.5_1,609,337,263,0.5533661740558292,0.4318555008210181,1.7002090610462057,-1.7102032319986182,0.20227750994570548,predict_up,1.7002090610462057
OTPSX,inverse,XLV_bin_-2_-1,614,335,243,0.5456026058631922,0.3957654723127036,1.3832388485762193,-1.3965474860275697,0.20199344489956664,no_trade,
TEPIX,long,GLD_bin_0.5_1,778,435,285,0.5591259640102828,0.36632390745501286,1.5253124418969572,-1.7768438911830282,0.2019413923367781,predict_up,1.5253124418969572
FNPSX,inverse,TLT_bin_1_2,537,315,215,0.5865921787709497,0.40037243947858475,1.739653375753259,-2.0447811861282177,0.20179303229927334,predict_up,1.739653375753259
UOPSX,inverse,TIP_bin_0_0.5,2468,1366,1026,0.553484602917342,0.41572123176661263,1.812303471204015,-1.9282355971715655,0.20147358953268163,predict_up,1.812303471204015
UVPIX,ultra_long,XLK_bin_-2_-1,509,229,271,0.449901768172888,0.5324165029469549,2.6742442808014326,-2.638140154156854,-0.20144212470133452,no_trade,
ULPSX,inverse,SPY_bin_-2_-1,663,358,301,0.5399698340874811,0.4539969834087481,2.1185909728216106,-2.076294147607141,0.2013439364108401,no_trade,
UAPIX,ultra_long,FXY_bin_0_0.5,1512,815,693,0.5390211640211641,0.4583333333333333,2.173390542921294,-2.116762376983774,0.2013207442004626,no_trade,
UOPSX,inverse,GDX_bin_0.5_1,454,267,179,0.5881057268722467,0.394273127753304,1.648315715904991,-1.9482063565741035,0.20125849850191196,predict_up,1.648315715904991
UMPSX,inverse,SLV_bin_lt-2,573,306,264,0.5340314136125655,0.4607329842931937,2.405346923015779,-2.3513017320968976,0.20120855352399203,no_trade,
BIPIX,long,XLK_bin_-1_-0.5,670,362,303,0.5402985074626866,0.45223880597014926,1.9520858417012195,-1.8877263547067136,0.20100595405926439,no_trade,
UCPSX,inverse,XLF_bin_-1_-0.5,679,305,366,0.4491899852724595,0.5390279823269514,2.115283292918263,-2.135386026177448,-0.20086874998656262,no_trade,
BTCFX,long,LQD_bin_0_0.5,439,198,239,0.4510250569476082,0.5444191343963554,2.4195694016636673,-2.373080286722582,-0.2006638883765168,no_trade,
UTPSX,inverse,FXY_bin_1_2,207,115,90,0.5555555555555556,0.43478260869565216,1.6697057022963022,-1.6727374102744461,0.20033714415156795,predict_up,1.6697057022963022
ULPSX,inverse,XLF_bin_-2_-1,730,411,313,0.563013698630137,0.42876712328767125,1.852580790811061,-1.9655957573990375,0.20024552459924297,predict_up,1.852580790811061
UMPSX,inverse,SLV_bin_0.5_1,609,335,264,0.5500821018062397,0.43349753694581283,1.71012716571627,-1.7083844143223157,0.2001299099078146,predict_up,1.71012716571627
UOPSX,inverse,EEM_bin_-0.5_0,889,508,357,0.5714285714285714,0.4015748031496063,1.6923135459439496,-1.9097737558423138,0.20011929190530964,predict_up,1.6923135459439496
UMPIX,ultra_long,UUP_bin_0.5_1,525,279,243,0.5314285714285715,0.46285714285714286,2.1747388373992504,-2.0646243448284887,0.20009222826870143,no_trade,
UOPSX,inverse,QQQ_bin_0.5_1,967,526,406,0.5439503619441571,0.41985522233712513,1.905612165338999,-1.9925301356805238,0.19998424393176933,no_trade,
SHPIX,long,GDX_bin_0_0.5,495,211,268,0.4262626262626263,0.5414141414141415,0.9239608664188126,-1.0967418914194706,-0.19994158401221945,no_trade,
PHPIX,long,XLE_bin_lt-2,603,324,264,0.5373134328358209,0.43781094527363185,1.7709244382838651,-1.716920994849226,0.1998546855120676,no_trade,
UWPSX,inverse,SLV_bin_-0.5_0,673,275,375,0.4086181277860327,0.5572065378900446,1.3522357216772414,-1.349617666596584,-0.19946775856237398,predict_down,-1.349617666596584
UUPSX,inverse,SPY_bin_0.5_1,761,417,335,0.5479632063074902,0.44021024967148487,2.1846553028984794,-2.2663999360234777,0.19941824276057926,no_trade,
TEPIX,long,SLV_bin_-0.5_0,673,367,262,0.5453194650817236,0.38930163447251115,1.4280338479170758,-1.4885399674548008,0.19924361175692246,no_trade,
FNPIX,long,UUP_bin_-1_-0.5,494,266,218,0.5384615384615384,0.44129554655870445,1.561887060045207,-2.356644606265843,-0.19896066031159643,no_trade,
SMPSX,inverse,TLT_bin_1_2,537,286,211,0.5325884543761639,0.3929236499068901,2.3808024591452273,-2.7208491227101272,0.1989019337499032,no_trade,
UWPIX,ultra_long,SLV_bin_-0.5_0,673,278,374,0.413075780089153,0.5557206537890045,1.3485147084843818,-1.3595032499387008,-0.1984652697153283,predict_down,-1.3595032499387008
BRPSX,inverse,IWM_bin_lt-2,452,205,243,0.45353982300884954,0.5376106194690266,1.3860493334479558,-1.5383537084063297,-0.19840672076528132,no_trade,
UAPIX,ultra_long,SLV_bin_0.5_1,609,335,272,0.5500821018062397,0.4466338259441708,1.9816682887901,-1.996434778822483,0.1984049538669427,predict_up,1.9816682887901
PHPSX,inverse,XLV_bin_-1_-0.5,816,450,342,0.5514705882352942,0.41911764705882354,1.3010091564807287,-1.2385289775006898,0.1983789339596715,predict_up,1.3010091564807287
UAPSX,inverse,FXY_bin_0_0.5,1512,816,692,0.5396825396825397,0.4576719576719577,2.1669990579420118,-2.1222424997655693,0.19820067555747833,no_trade,
ULPSX,inverse,GLD_bin_-1_-0.5,694,377,309,0.5432276657060519,0.4452449567723343,1.549024833813507,-1.4451284088080096,0.19803700868302196,no_trade,
ENPIX,long,GLD_bin_-1_-0.5,694,370,322,0.5331412103746398,0.46397694524495675,1.971978086076725,-1.839616449285929,0.19780316308115153,no_trade,
ULPIX,ultra_long,TLT_bin_1_2,537,305,224,0.5679702048417132,0.4171322160148976,1.7416465152528569,-1.897722889158774,0.1976019738930279,predict_up,1.7416465152528569
USPSX,inverse,SLV_bin_-2_-1,589,254,327,0.4312393887945671,0.5551782682512734,1.9601861909744132,-1.8780980977354915,-0.19736975458744455,predict_down,-1.8780980977354915
USPSX,inverse,XLK_bin_-1_-0.5,692,308,376,0.44508670520231214,0.5433526011560693,2.423701429818131,-2.348590626231913,-0.19735554202198713,no_trade,
UTPIX,ultra_long,FXY_bin_1_2,207,114,90,0.5507246376811594,0.43478260869565216,1.6872371173305205,-1.6836026430789413,0.19720190095929777,predict_up,1.6872371173305205
UIPSX,inverse,HYG_bin_0.5_1,359,157,194,0.4373259052924791,0.5403899721448467,2.3627352914133444,-2.276969795304574,-0.19716629397546626,no_trade,
SVPSX,inverse,SLV_bin_lt-2,573,306,263,0.5340314136125655,0.45898778359511344,1.4549276024792726,-1.2632698015851394,0.19715163794374477,no_trade,
UWPSX,inverse,GLD_bin_0.5_1,778,331,430,0.4254498714652956,0.5526992287917738,1.3594619415533529,-1.4031566021098139,-0.1971406635643448,predict_down,-1.4031566021098139
SRPSX,inverse,XLK_bin_-2_-1,522,215,277,0.4118773946360153,0.5306513409961686,1.2045895505490105,-1.3060046647309447,-0.19688992100083216,no_trade,
UCPSX,inverse,GLD_bin_-2_-1,494,220,262,0.44534412955465585,0.5303643724696356,2.321088480848609,-2.3200203393789938,-0.19677300228866879,no_trade,
BTCFX,long,SPY_bin_0_0.5,298,134,164,0.44966442953020136,0.5503355704697986,2.5669175086197087,-2.454678761884549,-0.19664553957726527,predict_down,-2.454678761884549
TEPSX,inverse,SLV_bin_-0.5_0,673,365,259,0.5423476968796433,0.3848439821693908,1.4327500346407351,-1.5081791048727384,0.1966350289477402,no_trade,
ULPIX,ultra_long,GDX_bin_lt-2,851,463,378,0.5440658049353702,0.44418331374853115,1.9311157270505535,-1.9227317862224782,0.19660865620717916,no_trade,
FNPIX,long,XLK_bin_-2_-1,687,373,308,0.5429403202328966,0.4483260553129549,1.7185034249285327,-1.6426983303628482,0.1965803373312743,no_trade,
UJPIX,ultra_long,EEM_bin_-0.5_0,889,480,394,0.5399325084364455,0.4431946006749156,1.896027723661025,-1.8664427593241475,0.19652965150008758,no_trade,
SNPSX,inverse,TLT_bin_-2_-1,527,218,287,0.41366223908918404,0.5445920303605313,1.4476302932682055,-1.4601951515846996,-0.19638065383745731,no_trade,
URPSX,inverse,TLT_bin_-2_-1,574,243,309,0.42334494773519166,0.5383275261324042,1.7903171559765014,-1.7726991811345436,-0.19637104193080843,no_trade,
UHPSX,inverse,XLV_bin_-2_-1,426,182,236,0.4272300469483568,0.5539906103286385,3.3952527195513413,-2.9728258101177087,-0.19636360617238285,predict_down,-2.9728258101177087
UOPIX,ultra_long,TLT_bin_-2_-1,574,308,249,0.5365853658536586,0.4337979094076655,2.11400010881699,-2.162311963367427,0.19633511260826408,no_trade,
UWPSX,inverse,GDX_bin_lt-2,851,365,463,0.4289071680376028,0.5440658049353702,1.8982843581832338,-1.8570344421548195,-0.1961611703652187,no_trade,
SRPIX,long,XLK_bin_-2_-1,522,219,280,0.41954022988505746,0.5363984674329502,1.1926942637933728,-1.2984400585785094,-0.19609803186060154,no_trade,
URPSX,inverse,GLD_bin_0.5_1,778,319,436,0.41002570694087404,0.5604113110539846,1.5445701072137026,-1.4798267609423643,-0.19599820510244184,predict_down,-1.4798267609423643
UWPIX,ultra_long,GLD_bin_0.5_1,778,330,426,0.4241645244215938,0.5475578406169666,1.3693292250320206,-1.4183783711269513,-0.19582331855978724,no_trade,
SLPIX,long,GDX_bin_0_0.5,495,269,222,0.5434343434343434,0.4484848484848485,1.0859458731587905,-0.8792453763022092,0.19581205321338224,no_trade,
USPIX,ultra_long,SLV_bin_-2_-1,589,256,326,0.43463497453310695,0.5534804753820034,1.9490752817350723,-1.884265815301649,-0.1957680537591837,predict_down,-1.884265815301649
UJPSX,inverse,EEM_bin_-0.5_0,889,478,394,0.5376827896512936,0.4431946006749156,1.9053747857332024,-1.870093148119223,0.19567204411866887,no_trade,
ULPSX,inverse,XLU_bin_gt2,213,113,99,0.5305164319248826,0.4647887323943662,2.3208890028612337,-3.0697821465483104,-0.19553039992940524,no_trade,
SPPIX,long,SLV_bin_lt-2,573,255,306,0.44502617801047123,0.5340314136125655,2.053842320051754,-2.077638286366864,-0.1955105131152935,no_trade,
UCPIX,ultra_long,HYG_bin_0.5_1,359,162,191,0.45125348189415043,0.532033426183844,2.561923677388654,-2.540406892128551,-0.19550440295150756,no_trade,
WCPIX,long,EEM_bin_1_2,839,449,369,0.5351609058402861,0.4398092967818832,1.722564013644463,-1.6515370207333149,0.19548758221188384,no_trade,
UWPIX,ultra_long,GDX_bin_lt-2,851,370,462,0.43478260869565216,0.5428907168037603,1.8730902030420937,-1.8601425612964733,-0.1954670836585147,no_trade,
UDPIX,ultra_long,TLT_bin_-2_-1,574,316,251,0.5505226480836237,0.4372822299651568,1.6251042928387753,-1.5991147412990194,0.19539225866027718,predict_up,1.6251042928387753
ULPIX,ultra_long,XLU_bin_-0.5_0,1320,741,557,0.5613636363636364,0.421969696969697,1.3824489548264363,-1.3762584027152258,0.1953172312227335,predict_up,1.3824489548264363
INPIX,long,QQQ_bin_0.5_1,939,532,391,0.5665601703940362,0.4164004259850905,1.6874141740539736,-1.8270383928891183,0.19524209688718697,predict_up,1.6874141740539736
SVPIX,long,EEM_bin_lt-2,420,233,185,0.5547619047619048,0.44047619047619047,1.6355324099099449,-1.617117048141986,0.19502951810178498,predict_up,1.6355324099099449
BIPIX,long,GDX_bin_lt-2,851,466,380,0.5475910693301997,0.44653349001175086,1.8116929700917304,-1.7856461398598207,0.19471608803291957,no_trade,
PHPSX,inverse,XLE_bin_lt-2,603,321,264,0.5323383084577115,0.43781094527363185,1.7840339893520727,-1.7245548194418432,0.19468066044671417,no_trade,
UHPIX,ultra_long,XLV_bin_-2_-1,426,181,237,0.42488262910798125,0.5563380281690141,3.4141693913224023,-2.957016770321617,-0.19447961205837702,predict_down,-2.957016770321617
UAPSX,inverse,SLV_bin_0.5_1,609,337,270,0.5533661740558292,0.4433497536945813,1.9647360534764056,-2.0143858839331745,0.1941409874541733,predict_up,1.9647360534764056
REPIX,long,SLV_bin_0.5_1,609,343,262,0.5632183908045977,0.4302134646962233,1.480053548383279,-1.4863938512673966,0.19412672916815565,predict_up,1.480053548383279
UIPSX,inverse,FXY_bin_0_0.5,1512,658,811,0.4351851851851852,0.5363756613756614,1.8702393361277114,-1.8793133754415068,-0.19411750285120893,no_trade,
USPIX,ultra_long,XLK_bin_-1_-0.5,692,309,372,0.44653179190751446,0.5375722543352601,2.416820822275635,-2.368433102822961,-0.19401658983666234,no_trade,
BRPIX,long,IWM_bin_lt-2,452,206,241,0.4557522123893805,0.5331858407079646,1.3817236279496814,-1.5448991776002567,-0.1939947664690876,no_trade,
ENPSX,inverse,GLD_bin_-1_-0.5,694,368,321,0.5302593659942363,0.46253602305475505,1.9784841337485763,-1.8490637862274308,0.1938511323349723,no_trade,
UCPIX,ultra_long,GLD_bin_-2_-1,494,220,266,0.44534412955465585,0.5384615384615384,2.3281094422770923,-2.285508481082962,-0.1938485398119582,no_trade,
PHPIX,long,XLF_bin_lt-2,464,259,197,0.5581896551724138,0.4245689655172414,1.9431730640423732,-2.098431513757718,0.19373020555324194,predict_up,1.9431730640423732
REPIX,long,GLD_bin_-1_-0.5,694,372,317,0.5360230547550432,0.45677233429394815,1.7022597838299383,-1.573585443432003,0.1936801931077697,no_trade,
PHPIX,long,IWM_bin_lt-2,451,240,202,0.532150776053215,0.44789356984478934,1.992996749309348,-1.9356308461559855,0.19361815723000986,no_trade,
INPSX,inverse,QQQ_bin_0.5_1,939,528,394,0.5623003194888179,0.41959531416400425,1.698667654476458,-1.8151272232103055,0.19354248734686846,predict_up,1.698667654476458
CYPIX,long,GDX_bin_0_0.5,495,283,208,0.5717171717171717,0.4202020202020202,1.1987860496734464,-1.170575319991594,0.1934884555542096,predict_up,1.1987860496734464
BKPIX,long,EEM_bin_-2_-1,732,389,336,0.5314207650273224,0.45901639344262296,2.152306147917978,-2.070433773543941,0.19341713610564107,no_trade,
UWPIX,ultra_long,XLF_bin_-2_-1,535,215,291,0.40186915887850466,0.5439252336448598,1.8224849137883632,-1.7018076930233876,-0.1932556676734724,no_trade,
UCPSX,inverse,GLD_bin_lt-2,206,88,116,0.42718446601941745,0.5631067961165048,3.233127970768491,-2.7955832774584506,-0.19306989688132528,predict_down,-2.7955832774584506
UKPIX,ultra_long,XLE_bin_-0.5_0,749,338,400,0.4512683578104139,0.5340453938584779,1.9432724045413308,-2.003329129579324,-0.19293134725869127,no_trade,
PMPIX,long,UUP_bin_0.5_1,525,282,241,0.5371428571428571,0.45904761904761904,2.9482530565010756,-3.029560095766009,0.192920721626086,no_trade,
BIPIX,long,QQQ_bin_-1_-0.5,633,351,279,0.5545023696682464,0.44075829383886256,1.839304420643939,-1.8767661356190684,0.1926984199183295,predict_up,1.839304420643939
SNPIX,long,TLT_bin_-2_-1,527,219,287,0.4155597722960152,0.5445920303605313,1.4494162826157198,-1.4598198797741082,-0.19268717192092302,no_trade,
ENPIX,long,EEM_bin_lt-2,420,239,180,0.569047619047619,0.42857142857142855,2.7569413831231855,-3.211009698850583,0.19268391612699154,predict_up,2.7569413831231855
BIPSX,inverse,XLK_bin_-1_-0.5,670,360,305,0.5373134328358209,0.4552238805970149,1.9579680123875023,-1.887814385971949,0.19266432348963647,no_trade,
UIPSX,inverse,GLD_bin_0.5_1,778,332,427,0.4267352185089974,0.5488431876606684,1.833277165369529,-1.7763408998835346,-0.19260867011257787,no_trade,
GVPSX,inverse,SPY_bin_lt-2,245,114,131,0.46530612244897956,0.5346938775510204,1.2174582492164177,-1.4195595586228258,-0.19253902762823907,no_trade,
SNPIX,long,SLV_bin_lt-2,573,258,304,0.450261780104712,0.5305410122164049,1.5578058318217731,-1.6846967476280623,-0.19238029087070424,no_trade,
UAPIX,ultra_long,HYG_bin_0.5_1,359,191,166,0.532033426183844,0.4623955431754875,2.532995237135219,-2.4984617556578876,0.19236055390979828,no_trade,
UIPIX,ultra_long,GLD_bin_0.5_1,778,333,424,0.42802056555269924,0.5449871465295629,1.8312773407301055,-1.7910973011641609,-0.19230064425511448,no_trade,
URPIX,ultra_long,GLD_bin_0.5_1,778,319,433,0.41002570694087404,0.5565552699228792,1.553149867894073,-1.4895525591693297,-0.1921869540644093,predict_down,-1.4895525591693297
UMPIX,ultra_long,XLF_bin_-2_-1,674,370,294,0.5489614243323442,0.4362017804154303,2.116093370493268,-2.222535803102849,0.1921795563357141,no_trade,
LGPSX,inverse,GLD_bin_lt-2,206,114,84,0.5533980582524272,0.4077669902912621,1.2439885726597268,-1.2170335909872931,0.1921547361178458,predict_up,1.2439885726597268
UTPIX,ultra_long,SLV_bin_lt-2,573,326,245,0.568935427574171,0.42757417102966844,1.5304264546499105,-1.5872653735261508,0.19204015305752847,predict_up,1.5304264546499105
TEPSX,inverse,GLD_bin_0.5_1,778,430,285,0.5526992287917738,0.36632390745501286,1.5349633452727847,-1.7918539404597322,0.19197412009803813,predict_up,1.5349633452727847
BIPIX,long,SPY_bin_-1_-0.5,697,393,302,0.563845050215208,0.4332855093256815,1.897268372396119,-2.0259231839847396,0.19196222207788144,predict_up,1.897268372396119
PHPSX,inverse,XLF_bin_lt-2,464,254,195,0.5474137931034483,0.4202586206896552,1.9788932109462791,-2.120902624176493,0.19194582729728196,no_trade,
LGPIX,long,GLD_bin_lt-2,206,116,83,0.5631067961165048,0.4029126213592233,1.2212865014159597,-1.2305600370972958,0.19190655866590167,predict_up,1.2212865014159597
ULPSX,inverse,XLU_bin_-0.5_0,1320,741,560,0.5613636363636364,0.42424242424242425,1.3794492202811424,-1.3730213609691093,0.19187871976183732,predict_up,1.3794492202811424
UIPIX,ultra_long,FXY_bin_0_0.5,1512,661,812,0.43716931216931215,0.5370370370370371,1.8594998359168113,-1.870626919004154,-0.19167967373701125,no_trade,
ULPIX,ultra_long,XLU_bin_gt2,213,114,99,0.5352112676056338,0.4647887323943662,2.304812809923432,-3.0663001426627168,-0.19161997085604573,no_trade,
SPPSX,inverse,SLV_bin_lt-2,573,258,305,0.450261780104712,0.5322862129144852,2.0320622897038545,-2.0786660186012864,-0.19148527910959479,no_trade,
REPSX,inverse,GLD_bin_-1_-0.5,694,371,317,0.5345821325648416,0.45677233429394815,1.7057657101244332,-1.5773118161071655,0.1913994708216041,no_trade,
GVPIX,long,SPY_bin_lt-2,245,112,131,0.45714285714285713,0.5346938775510204,1.2390600429921348,-1.4172729112660896,-0.19137970024791284,no_trade,
FNPSX,inverse,XLK_bin_-2_-1,687,373,308,0.5429403202328966,0.4483260553129549,1.7108855913817906,-1.6451438763304558,0.1913479063691812,no_trade,
REPSX,inverse,SLV_bin_0.5_1,609,341,262,0.5599343185550082,0.4302134646962233,1.4861420850076206,-1.489709062039596,0.19124905867524528,predict_up,1.4861420850076206
UDPSX,inverse,TLT_bin_-2_-1,574,315,253,0.5487804878048781,0.44076655052264807,1.6245102321506302,-1.589013215683177,0.19111564383206384,no_trade,
SLPSX,inverse,GDX_bin_0_0.5,495,268,222,0.5414141414141415,0.4484848484848485,1.0856164165253226,-0.8844662229169917,0.1910983800832611,no_trade,
UTPSX,inverse,SLV_bin_lt-2,573,327,242,0.5706806282722513,0.4223385689354276,1.5243726401171565,-1.60752122422173,0.19101172261195729,predict_up,1.5243726401171565
SVPSX,inverse,EEM_bin_lt-2,420,232,186,0.5523809523809524,0.44285714285714284,1.6408115446944487,-1.6154531315332046,0.19093808548556165,predict_up,1.6408115446944487
UOPIX,ultra_long,SPY_bin_0.5_1,1073,600,442,0.5591798695246971,0.4119291705498602,2.0488151985810905,-2.317738237427294,0.19091222572767025,predict_up,2.0488151985810905
UAPSX,inverse,HYG_bin_0.5_1,359,191,167,0.532033426183844,0.46518105849582175,2.531657598238125,-2.4864745828561654,0.19026558753900338,no_trade,
UVPIX,ultra_long,XLV_bin_-1_-0.5,614,271,326,0.44136807817589574,0.5309446254071661,2.5940039779009156,-2.514367222755817,-0.19007921271538766,no_trade,
ULPSX,inverse,GDX_bin_lt-2,851,464,378,0.54524089306698,0.44418331374853115,1.9247447142024285,-1.9351222183036394,0.18990052746316272,no_trade,
ULPSX,inverse,TLT_bin_1_2,537,304,226,0.5661080074487895,0.4208566108007449,1.738317776361713,-1.8871891987493474,0.18983956256351653,predict_up,1.738317776361713
INPIX,long,SLV_bin_-0.5_0,673,398,269,0.5913818722139673,0.399702823179792,1.5291292297470882,-1.7880806618911362,0.18959841811385625,predict_up,1.5291292297470882
USPSX,inverse,EEM_bin_-2_-1,732,326,391,0.4453551912568306,0.5341530054644809,2.1959629030025263,-2.185636941571021,-0.18948106253476163,no_trade,
BKPSX,inverse,EEM_bin_-2_-1,732,389,337,0.5314207650273224,0.4603825136612022,2.1506531370765294,-2.071025649431324,0.18943774107160377,no_trade,
PMPSX,inverse,UUP_bin_0.5_1,525,282,241,0.5371428571428571,0.45904761904761904,2.9431786233036723,-3.031213665197765,0.18943595896947502,no_trade,
UMPIX,ultra_long,GLD_bin_0.5_1,778,431,337,0.5539845758354756,0.43316195372750643,1.7567715071196672,-1.8099414562346883,0.1892265408965123,predict_up,1.7567715071196672
UEPIX,ultra_long,XLU_bin_lt-2,283,150,126,0.5300353356890459,0.4452296819787986,1.830500972736564,-1.7547406089640487,0.18896759427920315,no_trade,
USPSX,inverse,XLK_bin_-0.5_0,1085,453,613,0.41751152073732717,0.5649769585253456,2.0981280904944626,-1.8848702796556074,-0.18891562805059534,predict_down,-1.8848702796556074
UDPIX,ultra_long,SLV_bin_-0.5_0,673,378,285,0.5616641901931649,0.4234769687964339,1.328124484666089,-1.3154404114890301,0.18890124506598516,predict_up,1.328124484666089
UDPIX,ultra_long,SPY_bin_-1_-0.5,624,361,256,0.5785256410256411,0.41025641025641024,1.49713781916797,-1.6508672182496007,0.18885375776881316,predict_up,1.49713781916797
USPIX,ultra_long,XLK_bin_-0.5_0,1085,451,610,0.41566820276497696,0.5622119815668203,2.1060690407244635,-1.8929337194288438,-0.18880408431784465,predict_down,-1.8929337194288438
ENPSX,inverse,EEM_bin_lt-2,420,238,181,0.5666666666666667,0.430952380952381,2.7660334374780438,-3.1993356915693174,0.18865761415649515,predict_up,2.7660334374780438
TEPIX,long,FXY_bin_0_0.5,1512,839,596,0.5548941798941799,0.3941798941798942,1.5415601705738007,-1.6917224338717305,0.18855979664276942,predict_up,1.5415601705738007
UMPIX,ultra_long,HYG_bin_0.5_1,359,195,164,0.5431754874651811,0.4568245125348189,2.250450250454354,-2.2632090220035543,0.18850005356550475,no_trade,
UOPIX,ultra_long,XLK_bin_-1_-0.5,692,370,308,0.5346820809248555,0.44508670520231214,2.3772926207231837,-2.4323999343406335,0.18846689290558225,no_trade,
MDPIX,long,GDX_bin_0_0.5,495,264,228,0.5333333333333333,0.46060606060606063,0.9713374197633027,-0.7155652623798381,0.188452927262442,no_trade,
INPSX,inverse,XLK_bin_gt2,449,238,201,0.5300668151447662,0.44766146993318484,2.7989108295302674,-2.8932209603932786,0.18842620131214874,no_trade,
OTPIX,long,QQQ_bin_0.5_1,941,503,387,0.5345377258235919,0.4112646121147715,1.1272467553980865,-1.0071130221293219,0.18836597067076516,no_trade,
BIPSX,inverse,GDX_bin_lt-2,851,464,380,0.54524089306698,0.44653349001175086,1.8140612463950132,-1.79424471940924,0.18791001756965356,no_trade,
INPSX,inverse,SLV_bin_-0.5_0,673,398,268,0.5913818722139673,0.39821693907875183,1.5308006263876837,-1.8014830375886095,0.18790667938863398,predict_up,1.5308006263876837
UOPSX,inverse,XLK_bin_-1_-0.5,692,367,308,0.5303468208092486,0.44508670520231214,2.3997207174147634,-2.4377592065229026,0.1876700400031271,no_trade,
SNPSX,inverse,SLV_bin_lt-2,573,259,304,0.45200698080279234,0.5305410122164049,1.551742001499763,-1.6752208012771639,-0.18737512251277377,no_trade,
BITIX,long,SPY_bin_0_0.5,249,135,113,0.5421686746987951,0.4538152610441767,2.2899701492573366,-2.3232693338689883,0.18721500169696703,no_trade,
SNPSX,inverse,XLK_bin_-2_-1,522,231,278,0.4425287356321839,0.5325670498084292,1.3308737388087784,-1.4573871319795833,-0.18720649238600856,no_trade,
UKPIX,ultra_long,XLU_bin_-0.5_0,1006,443,537,0.4403578528827038,0.5337972166998012,1.9400894618218034,-1.9510614747536497,-0.18713755502549775,no_trade,
SLPIX,long,EEM_bin_lt-2,420,238,182,0.5666666666666667,0.43333333333333335,1.5893570651608722,-1.6467123090882292,0.18706033631959473,predict_up,1.5893570651608722
UMPSX,inverse,XLF_bin_-2_-1,674,367,296,0.5445103857566765,0.4391691394658754,2.131862552256181,-2.217470295505138,0.18697677924109427,no_trade,
UIPIX,ultra_long,HYG_bin_0.5_1,359,156,192,0.43454038997214484,0.5348189415041783,2.3768447636211953,-2.28031786311733,-0.18672213535827573,no_trade,
UXPIX,ultra_long,XLK_bin_-2_-1,509,214,282,0.4204322200392927,0.5540275049115914,2.105149114409794,-1.9345064899879176,-0.1866972881982257,predict_down,-1.9345064899879176
UDPIX,ultra_long,XLU_bin_-0.5_0,1193,663,507,0.5557418273260687,0.42497904442581724,1.289599110210546,-1.247191089977842,0.18665408839130423,predict_up,1.289599110210546
USPIX,ultra_long,EEM_bin_-2_-1,732,327,389,0.44672131147540983,0.5314207650273224,2.1914406969791766,-2.193305577914334,-0.18660486597880493,no_trade,
UXPSX,inverse,XLK_bin_-2_-1,509,217,282,0.4263261296660118,0.5540275049115914,2.077055809819099,-1.9350569020867254,-0.18657158282458175,predict_down,-1.9350569020867254
UDPSX,inverse,SLV_bin_-0.5_0,673,378,283,0.5616641901931649,0.42050520059435365,1.3247760789185654,-1.326956240386194,0.18608728350954645,predict_up,1.3247760789185654
CYPSX,inverse,GDX_bin_0_0.5,495,280,207,0.5656565656565656,0.41818181818181815,1.2041829924270302,-1.1841568906815279,0.1859611343605904,predict_up,1.2041829924270302
BIPSX,inverse,QQQ_bin_-1_-0.5,633,349,279,0.5513428120063191,0.44075829383886256,1.8435286898790644,-1.884486669158102,0.18581316283204238,predict_up,1.8435286898790644
UMPSX,inverse,GLD_bin_0.5_1,778,427,336,0.5488431876606684,0.4318766066838046,1.7681009833006955,-1.8169175795691754,0.18572598089222897,no_trade,
INPIX,long,TLT_bin_-2_-1,574,309,254,0.5383275261324042,0.4425087108013937,1.9555147499731684,-1.9593827004506266,0.1856635049255222,no_trade,
USPSX,inverse,QQQ_bin_-1_-0.5,651,287,356,0.44086021505376344,0.5468509984639017,2.4370973663136493,-2.3038801320278375,-0.18545988152057308,no_trade,
UIPIX,ultra_long,GLD_bin_lt-2,206,87,112,0.4223300970873786,0.5436893203883495,2.8448357018346906,-2.550878669143171,-0.18542575186610255,no_trade,
INPIX,long,XLE_bin_-0.5_0,952,525,411,0.5514705882352942,0.4317226890756303,1.848905797715065,-1.9331291998666678,0.18504143136051307,predict_up,1.848905797715065
UDPIX,ultra_long,GLD_bin_0.5_1,778,428,333,0.5501285347043702,0.42802056555269924,1.3974704861011311,-1.3641455010418355,0.18490606195932238,predict_up,1.3974704861011311
TEPSX,inverse,FXY_bin_0_0.5,1512,825,589,0.5456349206349206,0.38955026455026454,1.5627372145940917,-1.7143193251333622,0.184870449428952,no_trade,
OTPIX,long,XLF_bin_-2_-1,663,364,267,0.5490196078431373,0.40271493212669685,1.3602055771964323,-1.395839169571894,0.18465425614450331,no_trade,
UDPSX,inverse,SPY_bin_-1_-0.5,624,362,255,0.5801282051282052,0.40865384615384615,1.4924459895149165,-1.667224788446662,0.18449219094631553,predict_up,1.4924459895149165
MDPSX,inverse,GDX_bin_0_0.5,495,264,230,0.5333333333333333,0.46464646464646464,0.9672825017313454,-0.7132834415601665,0.18445937151158975,no_trade,
REPSX,inverse,GLD_bin_0.5_1,778,433,337,0.5565552699228792,0.43316195372750643,1.4960948056528476,-1.4965638863385935,0.18440491150588306,predict_up,1.4960948056528476
UJPIX,ultra_long,TLT_bin_-0.5_0,1333,711,608,0.5333833458364591,0.4561140285071268,2.0340381853355285,-1.9743825127096535,0.18437853116736075,no_trade,
SNPIX,long,XLK_bin_-2_-1,522,234,279,0.4482758620689655,0.5344827586206896,1.320958576626959,-1.4528632463488638,-0.18437651111230777,no_trade,
REPIX,long,GLD_bin_0.5_1,778,433,338,0.5565552699228792,0.43444730077120824,1.495421110723003,-1.491489504117589,0.18431091073433817,predict_up,1.495421110723003
SLPIX,long,XLF_bin_lt-2,436,239,196,0.5481651376146789,0.44954128440366975,1.8546508392087946,-1.8521175389249973,0.1840516351871617,no_trade,
OTPSX,inverse,IWM_bin_-1_-0.5,720,397,295,0.5513888888888889,0.4097222222222222,1.2095409318916857,-1.1785971451546897,0.18402998908384127,predict_up,1.2095409318916857
UHPSX,inverse,XLF_bin_-2_-1,450,195,249,0.43333333333333335,0.5533333333333333,3.5023024680916865,-3.0753360020241387,-0.18402151828029253,predict_down,-3.0753360020241387
UAPIX,ultra_long,EEM_bin_1_2,839,448,385,0.533969010727056,0.45887961859356374,1.9770989837421231,-1.8998585502607603,0.1839032215328707,no_trade,
UJPIX,ultra_long,SPY_bin_-0.5_0,1423,791,615,0.5558678847505271,0.43218552354181305,1.9347888788949292,-2.0631521681584726,0.18382250160817176,predict_up,1.9347888788949292
UOPIX,ultra_long,XLE_bin_-0.5_0,992,539,430,0.5433467741935484,0.4334677419354839,2.077047285956937,-2.179799542079337,0.1836841572950344,no_trade,
SHPSX,inverse,XLV_bin_-2_-1,555,230,313,0.4144144144144144,0.563963963963964,1.2776489150415051,-1.2644680272075544,-0.18363827397552854,predict_down,-1.2644680272075544
TEPIX,long,GLD_bin_-1_-0.5,694,375,284,0.5403458213256485,0.4092219020172911,1.5586972730250543,-1.6108571910131395,0.18303751460614368,no_trade,
UAPIX,ultra_long,SPY_bin_-2_-1,607,323,283,0.5321252059308073,0.46622734761120266,2.639418763542343,-2.6203690286972425,0.18281355107554764,no_trade,
BIPIX,long,UUP_bin_-1_-0.5,494,264,226,0.5344129554655871,0.4574898785425101,1.7584232429583864,-1.654704889159305,0.182713423463585,no_trade,
UMPSX,inverse,HYG_bin_0.5_1,359,194,163,0.5403899721448467,0.45403899721448465,2.256744713695748,-2.28358583794937,0.1826851890563448,no_trade,
UHPIX,ultra_long,XLF_bin_-2_-1,450,196,248,0.43555555555555553,0.5511111111111111,3.4856851517291787,-3.08604820138952,-0.18254592045707072,predict_down,-3.08604820138952
INPIX,long,XLK_bin_gt2,449,238,203,0.5300668151447662,0.4521158129175947,2.7827176050312983,-2.858806802570241,0.1825144968278175,no_trade,
SLPSX,inverse,EEM_bin_lt-2,420,238,182,0.5666666666666667,0.43333333333333335,1.5847574580599206,-1.651460337391687,0.182396413364224,predict_up,1.5847574580599206
ULPIX,ultra_long,GLD_bin_0.5_1,778,438,329,0.5629820051413882,0.42287917737789205,1.4583858080429892,-1.5102833984447168,0.18237756533999672,predict_up,1.4583858080429892
UDPSX,inverse,GLD_bin_0.5_1,778,427,332,0.5488431876606684,0.4267352185089974,1.3981175039175113,-1.3711301163220144,0.18223775778132195,no_trade,
USPSX,inverse,HYG_bin_0.5_1,359,156,195,0.43454038997214484,0.5431754874651811,2.470043967236894,-2.311424599208081,-0.1821753146423965,no_trade,
USPIX,ultra_long,QQQ_bin_-1_-0.5,651,287,352,0.44086021505376344,0.5407066052227343,2.4404655225268947,-2.3260777110461506,-0.1818214275315305,no_trade,
UVPSX,inverse,QQQ_bin_-2_-1,500,222,269,0.444,0.538,2.984148728145184,-2.800709010585714,-0.1818194123986526,no_trade,
UUPIX,ultra_long,XLV_bin_-1_-0.5,614,331,272,0.5390879478827362,0.44299674267100975,2.4690505260949482,-2.594341221366263,0.18175067088893196,no_trade,
UXPIX,ultra_long,GLD_bin_-1_-0.5,658,297,349,0.4513677811550152,0.5303951367781155,1.7363066562207243,-1.8202262224828674,-0.18172625341788082,no_trade,
FNPIX,long,TLT_bin_-2_-1,574,312,254,0.5435540069686411,0.4425087108013937,1.8062898814613415,-1.8082749850329927,0.18163867041386478,no_trade,
HCPIX,long,SPY_bin_lt-2,285,152,132,0.5333333333333333,0.4631578947368421,2.3123420523284337,-2.270922012272679,0.18145363625939745,no_trade,
UJPSX,inverse,SPY_bin_-0.5_0,1423,790,612,0.5551651440618411,0.43007730147575546,1.9353584187966024,-2.0765020285362747,0.1813871464406998,predict_up,1.9353584187966024
SLPSX,inverse,XLF_bin_lt-2,436,239,196,0.5481651376146789,0.44954128440366975,1.852348254082747,-1.8552504228370923,0.1813810776369417,no_trade,
USPIX,ultra_long,HYG_bin_0.5_1,359,157,196,0.4373259052924791,0.5459610027855153,2.450888803633658,-2.2952396755421924,-0.18127419007182544,no_trade,
TEPSX,inverse,GLD_bin_-1_-0.5,694,368,284,0.5302593659942363,0.4092219020172911,1.5808878577617886,-1.6058768403952057,0.18112061813270852,no_trade,
UJPSX,inverse,TLT_bin_-0.5_0,1333,710,611,0.5326331582895724,0.45836459114778694,2.03373945183178,-1.9681983700956869,0.18108462616061433,no_trade,
SPPIX,long,GLD_bin_1_2,633,337,269,0.5323854660347551,0.42496050552922593,1.8080685608731943,-1.8393434124825432,0.18094111699283158,no_trade,
SHPIX,long,XLV_bin_-2_-1,555,232,310,0.418018018018018,0.5585585585585585,1.267986764458498,-1.2728210594965441,-0.18090378214334601,predict_down,-1.2728210594965441
WCPIX,long,GLD_bin_0.5_1,778,421,336,0.5411311053984575,0.4318766066838046,1.64234200036412,-1.639624912976793,0.1806066984487044,no_trade,
UDPSX,inverse,XLU_bin_-0.5_0,1193,658,506,0.5515507124895223,0.42414082145850796,1.2931891111573297,-1.2561615667086805,0.1804699768540908,predict_up,1.2931891111573297
URPSX,inverse,EEM_bin_-2_-1,732,305,397,0.4166666666666667,0.5423497267759563,1.7923867183199778,-1.7095890188152878,-0.18036733795365575,no_trade,
HCPSX,inverse,XLV_bin_lt-2,213,113,100,0.5305164319248826,0.4694835680751174,2.552322187120613,-2.5000468723621525,0.1803179338423196,no_trade,
UIPIX,ultra_long,GDX_bin_lt-2,851,375,459,0.4406580493537015,0.5393654524089306,2.2849836495692566,-2.201007167738493,-0.18025078895828092,no_trade,
FNPIX,long,SLV_bin_0.5_1,609,339,255,0.5566502463054187,0.4187192118226601,1.4493071166676572,-1.4963148242051671,0.18022139963549796,predict_up,1.4493071166676572
USPSX,inverse,XLF_bin_-0.5_0,1228,543,669,0.44218241042345274,0.5447882736156352,2.0554388244199426,-1.9988385508511035,-0.18006490949459286,no_trade,
BIPSX,inverse,UUP_bin_-1_-0.5,494,264,226,0.5344129554655871,0.4574898785425101,1.7551813956212832,-1.6568138287467398,0.18001611973128676,no_trade,
UDPIX,ultra_long,GDX_bin_lt-2,851,466,375,0.5475910693301997,0.4406580493537015,1.824115670638319,-1.8583579546410953,0.17996905937373212,no_trade,
FNPIX,long,GDX_bin_lt-2,851,463,378,0.5440658049353702,0.44418331374853115,1.9670664437552867,-2.0043879859119467,0.17989789046296306,no_trade,
SNPSX,inverse,XLF_bin_0.5_1,721,301,386,0.4174757281553398,0.5353675450762829,1.0180724383114164,-1.1298682433936875,-0.17987425522638983,no_trade,
UAPSX,inverse,EEM_bin_1_2,839,449,387,0.5351609058402861,0.4612634088200238,1.9697518027128904,-1.8953941936335637,0.17985817220726902,no_trade,
UKPIX,ultra_long,XLF_bin_-1_-0.5,601,256,332,0.4259567387687188,0.5524126455906821,2.3132198077659196,-2.1090399700350337,-0.1797287841323725,predict_down,-2.1090399700350337
UUPSX,inverse,XLV_bin_-1_-0.5,614,332,274,0.5407166123778502,0.44625407166123776,2.46220651734592,-2.580844684163281,0.17964351840082476,no_trade,
BITIX,long,XLV_bin_0_0.5,229,126,102,0.5502183406113537,0.44541484716157204,2.200602801641717,-2.315103916126401,0.1796303648994039,predict_up,2.200602801641717
UXPSX,inverse,XLK_bin_-1_-0.5,518,226,279,0.4362934362934363,0.5386100386100386,1.9726144823758083,-1.9313395227326065,-0.17960010391016326,no_trade,
UKPIX,ultra_long,EEM_bin_-1_-0.5,597,272,319,0.4556113902847571,0.5343383584589615,1.9567509500185636,-2.004186586874172,-0.17939575009683675,no_trade,
UKPSX,inverse,XLU_bin_-0.5_0,1006,439,534,0.4363817097415507,0.5308151093439364,1.955707308965337,-1.9456273312336676,-0.17933348533100935,no_trade,
BRPSX,inverse,GLD_bin_lt-2,206,81,114,0.3932038834951456,0.5533980582524272,1.2005153082951328,-1.1765722214924252,-0.17906550135063468,predict_down,-1.1765722214924252
UAPIX,ultra_long,GLD_bin_-2_-1,494,266,227,0.5384615384615384,0.45951417004048584,2.2613178563422416,-2.2602138579401294,0.17903239683122815,no_trade,
UUPIX,ultra_long,XLF_bin_-2_-1,492,275,215,0.5589430894308943,0.4369918699186992,2.6577544295160624,-2.9897612734548162,0.1790321022848207,predict_up,2.6577544295160624
HCPIX,long,XLV_bin_-1_-0.5,816,466,345,0.571078431372549,0.4227941176470588,1.1575682210767977,-1.140334581665141,0.17893549062170844,predict_up,1.1575682210767977
BMPIX,long,SLV_bin_-0.5_0,673,375,292,0.5572065378900446,0.4338781575037147,1.497664170193322,-1.5119016713980922,0.17852715568239624,predict_up,1.497664170193322
FYAIX,long,SPY_bin_lt-2,211,89,115,0.4218009478672986,0.5450236966824644,0.5671808459200588,-0.7664223566726633,-0.17848092763256426,no_trade,
UCPIX,ultra_long,GLD_bin_0.5_1,778,352,417,0.4524421593830334,0.5359897172236504,2.12676374768478,-2.1280102459545627,-0.17835402747816212,no_trade,
UAPSX,inverse,SPY_bin_-2_-1,607,324,282,0.5337726523887973,0.4645799011532125,2.6256226056200505,-2.632938046812276,0.17827544484321992,no_trade,
LVPIX,long,XLK_bin_lt-2,382,210,169,0.5497382198952879,0.4424083769633508,1.42172734034354,-1.3637841878750288,0.17822830817084692,no_trade,
URPSX,inverse,IWM_bin_-1_-0.5,721,296,406,0.4105409153952843,0.5631067961165048,1.6430251008711512,-1.5143012939771467,-0.17818432107747684,predict_down,-1.5143012939771467
FNPSX,inverse,TLT_bin_-2_-1,574,310,252,0.5400696864111498,0.43902439024390244,1.808833068457062,-1.8194543818665592,0.17811105747616068,no_trade,
UVPIX,ultra_long,IWM_bin_-1_-0.5,575,256,309,0.44521739130434784,0.5373913043478261,2.3685553389087586,-2.293647908053171,-0.1780644118744132,no_trade,
USPIX,ultra_long,XLF_bin_-0.5_0,1228,544,669,0.44299674267100975,0.5447882736156352,2.051093722604267,-1.9946816531677651,-0.1780513362154019,no_trade,
UMPIX,ultra_long,FXY_bin_0_0.5,1512,821,675,0.542989417989418,0.44642857142857145,1.8427550368626973,-1.843350376963652,0.1776722095329426,no_trade,
UDPSX,inverse,GDX_bin_lt-2,851,462,374,0.5428907168037603,0.4394829612220917,1.8374841950838445,-1.8657396280468839,0.1775923351812002,no_trade,
UDPIX,ultra_long,TLT_bin_1_2,537,309,217,0.5754189944134078,0.40409683426443205,1.6065053974345371,-1.8485198291152964,0.17743270929097332,predict_up,1.6065053974345371
UTPIX,ultra_long,SLV_bin_-0.5_0,673,388,279,0.5765230312035661,0.4145616641901932,1.1202726450926606,-1.129953517871184,0.1774275702970161,predict_up,1.1202726450926606
SLPIX,long,SPY_bin_-1_-0.5,651,372,276,0.5714285714285714,0.423963133640553,1.1267624155653262,-1.1008545863130679,0.1771424773700377,predict_up,1.1267624155653262
FYASX,inverse,SPY_bin_lt-2,211,89,117,0.4218009478672986,0.5545023696682464,0.5607446833620476,-0.74587324239025,-0.17706584142387205,predict_down,-0.74587324239025
HCPSX,inverse,SPY_bin_lt-2,285,152,132,0.5333333333333333,0.4631578947368421,2.308297072189172,-2.2761332658224718,0.17688268029539608,no_trade,
UVPSX,inverse,IWM_bin_-1_-0.5,575,255,308,0.4434782608695652,0.5356521739130434,2.3741730807935584,-2.2956728066363166,-0.1767879805941359,no_trade,
LVPIX,long,QQQ_bin_lt-2,365,201,162,0.5506849315068493,0.4438356164383562,1.411677072519489,-1.3533100997310792,0.17674206964378758,predict_up,1.411677072519489
UVPIX,ultra_long,QQQ_bin_-1_-0.5,505,221,270,0.4376237623762376,0.5346534653465347,2.7263432187888648,-2.5620546300400435,-0.17669880942271785,no_trade,
UOPIX,ultra_long,HYG_bin_0.5_1,359,194,155,0.5403899721448467,0.43175487465181056,2.3149372707514613,-2.4882352347194376,0.17666119538794042,no_trade,
UTPSX,inverse,SLV_bin_-0.5_0,673,387,280,0.575037147102526,0.4160475482912333,1.1228426248050112,-1.127500555801665,0.17658237767469984,predict_up,1.1228426248050112
SLPIX,long,XLV_bin_-2_-1,575,326,246,0.5669565217391305,0.42782608695652175,1.250960773576995,-1.2452560694868173,0.17648733755190135,predict_up,1.250960773576995
ULPSX,inverse,GLD_bin_0.5_1,778,434,333,0.5578406169665809,0.42802056555269924,1.4677541825850282,-1.501100983154717,0.17627080700691689,predict_up,1.4677541825850282
UNPIX,ultra_long,XLK_bin_-2_-1,509,283,219,0.555992141453831,0.4302554027504912,1.915379162596697,-2.065685007755622,0.1761636273406361,predict_up,1.915379162596697
UCPSX,inverse,GLD_bin_0.5_1,778,351,418,0.45115681233933164,0.5372750642673522,2.12723864769368,-2.1140033693720457,-0.1760830887622537,no_trade,
UAPSX,inverse,GLD_bin_-2_-1,494,266,226,0.5384615384615384,0.4574898785425101,2.2585276624892523,-2.273777121619685,0.17590026059937702,no_trade,
FNPSX,inverse,SLV_bin_0.5_1,609,338,256,0.555008210180624,0.42036124794745483,1.4448450723711104,-1.4892730964565215,0.17586818024395054,predict_up,1.4448450723711104
BLPIX,long,IWM_bin_lt-2,452,240,207,0.5309734513274337,0.4579646017699115,1.5454536152190994,-1.4080451806653556,0.17575998950189198,no_trade,
UOPSX,inverse,XLE_bin_-0.5_0,992,537,429,0.5413306451612904,0.4324596774193548,2.082920131203101,-2.2010221428207255,0.1756951725665056,no_trade,
REPSX,inverse,XLU_bin_-2_-1,684,365,316,0.533625730994152,0.4619883040935672,1.9413088495029813,-1.8620661067897564,0.17567959111553394,no_trade,
UIPIX,ultra_long,EEM_bin_-2_-1,713,312,380,0.4375876577840112,0.5329593267882188,2.0508250234095065,-2.0133991091086636,-0.17564411522794676,no_trade,
SNPIX,long,XLF_bin_0.5_1,721,306,386,0.42441054091539526,0.5353675450762829,1.0101217249425702,-1.128688272793359,-0.17555676208850218,no_trade,
HCPIX,long,GLD_bin_-1_-0.5,694,397,292,0.5720461095100865,0.4207492795389049,1.1096257943883314,-1.0917343443720995,0.1754106798494445,predict_up,1.1096257943883314
BIPSX,inverse,SPY_bin_-1_-0.5,697,393,302,0.563845050215208,0.4332855093256815,1.891660061579949,-2.0570723819573162,0.1753035076754812,predict_up,1.891660061579949
BMPSX,inverse,SLV_bin_-0.5_0,673,375,294,0.5572065378900446,0.43684992570579495,1.4949122776589476,-1.505850980503159,0.1751440057268597,predict_up,1.4949122776589476
HCPIX,long,SPY_bin_-1_-0.5,697,387,300,0.5552367288378766,0.430416068866571,1.2543729592003103,-1.2112612872142574,0.17512761699604434,predict_up,1.2543729592003103
UMPSX,inverse,FXY_bin_0_0.5,1512,820,680,0.5423280423280423,0.4497354497354497,1.8425694111348285,-1.8326209968906702,0.1750824333630313,no_trade,
URPIX,ultra_long,SPY_bin_0.5_1,1073,463,577,0.4315004659832246,0.5377446411929171,1.4151621905106346,-1.4611408630084355,-0.17507752446360053,no_trade,
HCPSX,inverse,XLV_bin_-1_-0.5,816,464,343,0.5686274509803921,0.42034313725490197,1.1601818733573406,-1.1530820033165485,0.17502115453459535,predict_up,1.1601818733573406
UOPSX,inverse,QQQ_bin_-1_-0.5,651,347,290,0.533026113671275,0.445468509984639,2.3503539965184097,-2.4195095169121057,0.1749847571234677,no_trade,
UAPIX,ultra_long,GLD_bin_lt-2,206,116,90,0.5631067961165048,0.4368932038834951,2.764658394355791,-3.162948172929106,0.17492736981384582,predict_up,2.764658394355791
FNPIX,long,XLF_bin_-2_-1,661,376,276,0.5688350983358548,0.4175491679273828,1.683782636846224,-1.875484649821203,0.1746876068132045,predict_up,1.683782636846224
ENPIX,long,XLF_bin_-2_-1,661,356,301,0.5385779122541604,0.45537065052950076,1.9890867367986553,-1.9690073045307348,0.174650044835961,no_trade,
UXPIX,ultra_long,XLK_bin_-1_-0.5,518,227,280,0.43822393822393824,0.5405405405405406,1.9692318014390107,-1.9195529624616452,-0.17463168062279,no_trade,
BKPSX,inverse,JNK_bin_0.5_1,356,162,190,0.4550561797752809,0.5337078651685393,2.4731425652416714,-2.4357030274457325,-0.1745350551840965,no_trade,
UIPSX,inverse,GDX_bin_lt-2,851,376,458,0.4418331374853114,0.5381903642773208,2.285498810383883,-2.200574861148309,-0.1745190760300654,no_trade,
CYPIX,long,GLD_bin_0.5_1,778,443,322,0.5694087403598972,0.4138817480719794,1.264607571279484,-1.3184217752465601,0.1744078951766311,predict_up,1.264607571279484
UAPSX,inverse,GLD_bin_lt-2,206,115,90,0.558252427184466,0.4368932038834951,2.7859557523207563,-3.160757841652458,0.1743529406221637,predict_up,2.7859557523207563
FNPSX,inverse,GDX_bin_lt-2,851,463,380,0.5440658049353702,0.44653349001175086,1.9584356785188044,-1.9960561966265267,0.1742119441082566,no_trade,
UVPIX,ultra_long,EEM_bin_-2_-1,655,295,350,0.45038167938931295,0.5343511450381679,2.6325745233352555,-2.5447416555879823,-0.17412228255250875,no_trade,
SOPSX,inverse,GDX_bin_lt-2,851,362,460,0.42538190364277323,0.5405405405405406,1.0958157720960666,-1.1844263620724649,-0.17409026680911607,no_trade,
UUPSX,inverse,XLF_bin_-2_-1,492,275,215,0.5589430894308943,0.4369918699186992,2.6551749257116595,-2.997914411245979,0.1740274515301237,predict_up,2.6551749257116595
UOPSX,inverse,SPY_bin_0.5_1,1073,593,441,0.5526561043802423,0.4109972041006524,2.0634190241657158,-2.3513658371804724,0.17395633470054125,predict_up,2.0634190241657158
URPSX,inverse,SPY_bin_0.5_1,1073,460,580,0.42870456663560114,0.5405405405405406,1.419249473554514,-1.4474307333254832,-0.17395626047875465,no_trade,
WCPIX,long,TLT_bin_1_2,537,293,232,0.5456238361266295,0.43202979515828677,2.067777054671965,-2.208948118017936,0.17389704588216878,no_trade,
BRPSX,inverse,XLF_bin_lt-2,511,222,288,0.4344422700587084,0.5636007827788649,1.5249043441201866,-1.483934681275446,-0.1738638430775872,predict_down,-1.483934681275446
INPSX,inverse,XLE_bin_-0.5_0,952,520,413,0.5462184873949579,0.4338235294117647,1.8643131129191095,-1.9465978334886396,0.1738423460999254,no_trade,
BRPIX,long,GLD_bin_lt-2,206,83,115,0.4029126213592233,0.558252427184466,1.1808988090937893,-1.1635303486421047,-0.1737446065002792,predict_down,-1.1635303486421047
UTPIX,ultra_long,XLK_bin_-1_-0.5,670,381,279,0.5686567164179105,0.4164179104477612,1.277292841328084,-1.3274048912036718,0.1735859819405604,predict_up,1.277292841328084
LVPSX,inverse,XLK_bin_lt-2,382,210,169,0.5497382198952879,0.4424083769633508,1.4168998849951038,-1.3682885769302198,0.17358169200985496,no_trade,
SLPSX,inverse,SPY_bin_-1_-0.5,651,370,277,0.5683563748079877,0.4254992319508449,1.1293177468969982,-1.101235277295283,0.17328017594638392,predict_up,1.1293177468969982
UMPIX,ultra_long,TLT_bin_1_2,537,306,226,0.5698324022346368,0.4208566108007449,2.057334396661607,-2.3739914339389916,0.1732258124920662,predict_up,2.057334396661607
URPIX,ultra_long,IWM_bin_-1_-0.5,721,297,401,0.4119278779472954,0.5561719833564494,1.6440624845356502,-1.5290441536609574,-0.1731763491136696,predict_down,-1.5290441536609574
OTPSX,inverse,XLF_bin_-2_-1,661,362,268,0.5476550680786687,0.405446293494705,1.3573066689317965,-1.4062952875748247,0.17315866427119112,no_trade,
UCPIX,ultra_long,QQQ_bin_-0.5_0,1060,461,568,0.4349056603773585,0.5358490566037736,2.106959032889386,-2.03317967257462,-0.17314899986828028,no_trade,
URPIX,ultra_long,EEM_bin_-2_-1,732,306,395,0.4180327868852459,0.5396174863387978,1.7951274630450014,-1.7113314090894998,-0.17304221707456535,no_trade,
UTPSX,inverse,XLK_bin_-1_-0.5,670,380,279,0.5671641791044776,0.4164179104477612,1.2804743689422944,-1.3285875189160319,0.1729915558514909,predict_up,1.2804743689422944
GVPSX,inverse,TIP_bin_0.5_1,349,153,191,0.4383954154727794,0.5472779369627507,1.002951617234842,-1.1194476795006796,-0.1729596256381058,no_trade,
BKPIX,long,JNK_bin_0.5_1,356,162,189,0.4550561797752809,0.5308988764044944,2.4742707974016542,-2.4465002757178085,-0.17291203070673558,no_trade,
UJPIX,ultra_long,EEM_bin_-1_-0.5,685,370,309,0.5401459854014599,0.4510948905109489,1.962008973457204,-1.9662018183317465,0.17282767637176036,no_trade,
UCPSX,inverse,QQQ_bin_-0.5_0,1060,461,563,0.4349056603773585,0.5311320754716982,2.1036652147398294,-2.0477797010066916,-0.17274557327519427,no_trade,
URPIX,ultra_long,FXY_bin_0_0.5,1512,632,830,0.41798941798941797,0.548941798941799,1.5999920171994495,-1.532641278977519,-0.1725511287574662,no_trade,
MGPIX,long,GDX_bin_0_0.5,495,269,223,0.5434343434343434,0.4505050505050505,0.9456560688741622,-0.7578788110352753,0.17247375286117822,no_trade,
LGPIX,long,XLF_bin_-2_-1,580,349,220,0.6017241379310345,0.3793103448275862,0.9705028420217126,-1.084911122629518,0.1724569739432478,predict_up,0.9705028420217126
WCPSX,inverse,GLD_bin_0.5_1,778,422,335,0.5424164524421594,0.4305912596401028,1.6328422551899062,-1.656395816951094,0.17245094217419535,no_trade,
ENPIX,long,SPY_bin_0.5_1,968,533,430,0.5506198347107438,0.44421487603305787,1.6405388560263898,-1.645359892052913,0.17241989326375323,predict_up,1.6405388560263898
CYPSX,inverse,GLD_bin_0.5_1,778,441,320,0.5668380462724936,0.41131105398457585,1.2699052847124999,-1.3318298026417512,0.17203431068489966,predict_up,1.2699052847124999
UWPSX,inverse,XLU_bin_-0.5_0,1119,448,602,0.40035746201966044,0.5379803395889187,1.2692577581835285,-1.2643293473394117,-0.17202751691877127,no_trade,
UOPIX,ultra_long,QQQ_bin_-1_-0.5,651,347,286,0.533026113671275,0.4393241167434716,2.342532649142088,-2.45138970459149,0.17167645735658746,no_trade,
URPSX,inverse,EEM_bin_1_2,839,361,449,0.4302741358760429,0.5351609058402861,1.3835494228647982,-1.4331630527317112,-0.1716673051517833,no_trade,
SLPSX,inverse,XLV_bin_-2_-1,575,326,247,0.5669565217391305,0.4295652173913043,1.2463254766922294,-1.2453297324712322,0.17166201996743025,predict_up,1.2463254766922294
LVPSX,inverse,QQQ_bin_lt-2,365,201,162,0.5506849315068493,0.4438356164383562,1.4081162962109046,-1.360410547363637,0.1716297722341991,predict_up,1.4081162962109046
SHPSX,inverse,XLF_bin_-2_-1,597,256,332,0.4288107202680067,0.5561139028475712,1.2113388762931478,-1.2425698375042642,-0.17157526586326619,predict_down,-1.2425698375042642
PHPIX,long,GLD_bin_-1_-0.5,694,379,301,0.5461095100864554,0.43371757925072046,1.2377811129522929,-1.1629537925022555,0.17157053352412124,no_trade,
URPSX,inverse,FXY_bin_0_0.5,1512,627,825,0.4146825396825397,0.5456349206349206,1.6108529568151058,-1.5386819171728483,-0.17156599057177824,no_trade,
UNPSX,inverse,XLK_bin_-2_-1,509,282,218,0.5540275049115914,0.42829076620825146,1.9177311648691582,-2.080539092818699,0.1714001301741183,predict_up,1.9177311648691582
UVPSX,inverse,SLV_bin_0.5_1,609,274,323,0.44991789819376027,0.5303776683087028,2.307331680979441,-2.280447341606008,-0.17138852339962846,no_trade,
SOPIX,long,GDX_bin_lt-2,851,361,464,0.42420681551116335,0.54524089306698,1.099742813680787,-1.1697739373112919,-0.1712901893932731,no_trade,
UJPSX,inverse,QQQ_bin_-1_-0.5,634,342,283,0.5394321766561514,0.44637223974763407,2.349282777911885,-2.455390578704607,0.17126053039820327,no_trade,
GVPIX,long,TIP_bin_0.5_1,349,152,191,0.4355300859598854,0.5472779369627507,1.0122872371826839,-1.1184160676524895,-0.1712028907445776,no_trade,
SHPSX,inverse,TLT_bin_1_2,537,220,303,0.409683426443203,0.5642458100558659,1.339535349345487,-1.275998641924937,-0.17119145558146892,predict_down,-1.275998641924937
REPIX,long,XLU_bin_-2_-1,684,364,316,0.5321637426900585,0.4619883040935672,1.9483792073388584,-1.8740108192762677,0.17108569090649686,no_trade,
BIPIX,long,QQQ_bin_lt-2,528,286,236,0.5416666666666666,0.44696969696969696,2.592624546306714,-2.7593004453353234,0.17101461201625742,no_trade,
ENPSX,inverse,XLF_bin_-2_-1,661,355,300,0.5370650529500757,0.45385779122541603,1.991017044984102,-1.9793324867586455,0.17097020414790096,no_trade,
ENPSX,inverse,SPY_bin_0.5_1,968,533,430,0.5506198347107438,0.44421487603305787,1.6388609377962535,-1.646597677774287,0.17094615537444185,predict_up,1.6388609377962535
BRPSX,inverse,XLE_bin_lt-2,633,267,357,0.4218009478672986,0.5639810426540285,1.2669989447329,-1.2506222866934116,-0.17090590538051134,predict_down,-1.2506222866934116
UJPSX,inverse,EEM_bin_-1_-0.5,685,370,307,0.5401459854014599,0.4481751824817518,1.9569279862879108,-1.9774522241523818,0.1707817841047383,no_trade,
HCPSX,inverse,GLD_bin_-1_-0.5,694,397,292,0.5720461095100865,0.4207492795389049,1.1054693670132218,-1.0973808405196388,0.17065725255405556,predict_up,1.1054693670132218
UVPIX,ultra_long,QQQ_bin_-2_-1,500,220,272,0.44,0.544,3.015439212384023,-2.752576392719766,-0.1706083041905826,no_trade,
UJPIX,ultra_long,QQQ_bin_-1_-0.5,634,343,284,0.5410094637223974,0.4479495268138801,2.343142271796183,-2.4493301078778873,0.17048588105484366,no_trade,
UWPIX,ultra_long,SPY_bin_0.5_1,849,350,458,0.4122497055359246,0.5394581861012956,1.2222257231001505,-1.2497614394837815,-0.1703318447567953,no_trade,
SGPIX,long,XLE_bin_lt-2,575,308,264,0.5356521739130434,0.4591304347826087,1.5471021982013036,-1.4340181552531153,0.17030727662465925,no_trade,
UWPSX,inverse,SPY_bin_0.5_1,849,349,452,0.4110718492343934,0.5323910482921084,1.2259522277117196,-1.2662117953820606,-0.17016537578480725,no_trade,
BIPIX,long,FXY_bin_0_0.5,1512,842,661,0.5568783068783069,0.43716931216931215,1.5305684858628164,-1.5605040619831385,0.1701358995539925,predict_up,1.5305684858628164
HCPSX,inverse,SPY_bin_-1_-0.5,697,386,301,0.5538020086083214,0.43185078909612623,1.2538173606192222,-1.214178039668556,0.17002282820485584,predict_up,1.2538173606192222
SPPIX,long,GDX_bin_1_2,631,343,278,0.5435816164817749,0.4405705229793978,1.6184895618375332,-1.6110123440754904,0.17001662132692152,no_trade,
SHPSX,inverse,SPY_bin_-1_-0.5,627,270,350,0.430622009569378,0.5582137161084529,1.0850026142791709,-1.1415221200144061,-0.1699872984843159,predict_down,-1.1415221200144061
INPIX,long,SPY_bin_0.5_1,968,538,409,0.5557851239669421,0.4225206611570248,1.8589387222416789,-2.043092018233742,0.1699218978392799,predict_up,1.8589387222416789
BRPIX,long,XLF_bin_lt-2,511,219,286,0.42857142857142855,0.5596868884540117,1.5471855378842714,-1.4878083651683447,-0.1696273182808049,predict_down,-1.4878083651683447
URPIX,ultra_long,EEM_bin_1_2,839,362,450,0.43146603098927294,0.5363528009535161,1.3816705543543863,-1.4276940276506993,-0.16960378041302354,no_trade,
UDPIX,ultra_long,XLK_bin_-2_-1,626,347,271,0.5543130990415336,0.4329073482428115,1.6429722501240411,-1.7121377724462847,0.1695240167094234,predict_up,1.6429722501240411
UDPIX,ultra_long,SPY_bin_-2_-1,532,293,231,0.5507518796992481,0.4342105263157895,1.9038687431600354,-2.024485642169821,0.16950631279071732,predict_up,1.9038687431600354
UJPIX,ultra_long,XLE_bin_-2_-1,840,467,361,0.555952380952381,0.4297619047619048,2.208577556479992,-2.4627042149741376,0.16948749675058605,predict_up,2.208577556479992
SPPSX,inverse,GDX_bin_1_2,631,344,277,0.5451664025356577,0.43898573692551507,1.6124420149133907,-1.6167807501632843,0.16930552351026415,no_trade,
INPIX,long,XLF_bin_-2_-1,661,361,289,0.546142208774584,0.4372163388804841,2.339297127384734,-2.535124103594718,0.1691912209485862,no_trade,
SRPIX,long,QQQ_bin_-2_-1,515,219,279,0.42524271844660194,0.541747572815534,1.3638608622231299,-1.3826426445686566,-0.16907139613163075,no_trade,
UOPIX,ultra_long,EEM_bin_-2_-1,732,392,322,0.5355191256830601,0.43989071038251365,2.161875287664318,-2.2476123087396167,0.169021788729858,no_trade,
UNPSX,inverse,GLD_bin_-1_-0.5,658,349,294,0.5303951367781155,0.44680851063829785,1.8044186060840277,-1.7640633302337467,0.16885634412553802,no_trade,
ENPIX,long,EEM_bin_1_2,839,448,385,0.533969010727056,0.45887961859356374,1.825077787678545,-1.7562280452038905,0.16863772524015525,no_trade,
UXPSX,inverse,EEM_bin_-2_-1,655,292,348,0.44580152671755724,0.5312977099236641,1.981801622404929,-1.979967145083424,-0.168461820987469,no_trade,
UIPSX,inverse,XLK_bin_-1_-0.5,598,249,335,0.41638795986622074,0.560200668896321,2.148805972763842,-1.8974783311177863,-0.1682316951609726,predict_down,-1.8974783311177863
MGPSX,inverse,GDX_bin_0_0.5,495,268,223,0.5414141414141415,0.4505050505050505,0.9446526779009139,-0.7621322441490741,0.1681038933983866,no_trade,
UMPIX,ultra_long,EEM_bin_-2_-1,732,397,323,0.5423497267759563,0.4412568306010929,1.976722597430882,-2.0486376037970833,0.16809962452677904,no_trade,
UMPIX,ultra_long,GDX_bin_lt-2,851,467,381,0.5487661574618097,0.44770857814336074,2.150031128644617,-2.259904417429959,0.1680857274221172,no_trade,
BIPSX,inverse,QQQ_bin_lt-2,528,287,237,0.5435606060606061,0.44886363636363635,2.5767711495363423,-2.745951905194258,0.16807333027630877,no_trade,
FNPSX,inverse,XLF_bin_-2_-1,661,375,275,0.56732223903177,0.41603630862329805,1.6815210359100157,-1.889068086315845,0.16804336570256934,predict_up,1.6815210359100157
SGPIX,long,GDX_bin_0_0.5,495,266,226,0.5373737373737374,0.45656565656565656,1.0245871780920492,-0.8381371033929598,0.16792162425389143,no_trade,
UAPIX,ultra_long,IWM_bin_-1_-0.5,721,396,323,0.5492371705963939,0.44798890429958393,2.020702947169447,-2.102810329671946,0.1678094737795593,no_trade,
UMPIX,ultra_long,SPY_bin_0.5_1,980,523,442,0.5336734693877551,0.45102040816326533,1.680867247418421,-1.617147767657634,0.16766760928077543,no_trade,
UWPIX,ultra_long,XLU_bin_-0.5_0,1119,454,599,0.40571939231456655,0.5352993744414656,1.2582186845460424,-1.2667999184724146,-0.16763348380792967,no_trade,
TEPIX,long,GDX_bin_0.5_1,454,249,175,0.5484581497797357,0.3854625550660793,1.4382516923282194,-1.6116021116039583,0.1676085944031585,no_trade,
LVPIX,long,XLF_bin_lt-2,402,229,171,0.5696517412935324,0.4253731343283582,1.5580843170210275,-1.6928284022594609,0.1674817209239988,predict_up,1.5580843170210275
SVPIX,long,XLV_bin_-2_-1,575,322,248,0.56,0.43130434782608695,1.2103059931888194,-1.183227699541345,0.1674401049052978,predict_up,1.2103059931888194
WCPSX,inverse,TLT_bin_1_2,537,293,234,0.5456238361266295,0.43575418994413406,2.051033713326616,-2.18413082490314,0.16734872435263243,no_trade,
UUPIX,ultra_long,TIP_bin_0_0.5,2226,1190,1014,0.5345911949685535,0.4555256064690027,2.278233041985355,-2.306292217076778,0.16734816345315334,no_trade,
SRPSX,inverse,QQQ_bin_-2_-1,515,214,277,0.4155339805825243,0.537864077669903,1.3886685289977667,-1.3836185972445583,-0.16715977908974866,no_trade,
UMPSX,inverse,TLT_bin_1_2,537,308,226,0.5735567970204841,0.4208566108007449,2.041052306003124,-2.3845287034328093,0.16711475469859835,predict_up,2.041052306003124
PHPSX,inverse,GLD_bin_-1_-0.5,694,377,300,0.5432276657060519,0.4322766570605187,1.2391083685866173,-1.1707590980953742,0.1670261174762861,no_trade,
UJPIX,ultra_long,LQD_bin_-0.5_0,2156,1151,983,0.5338589981447124,0.4559369202226345,2.055387547557662,-2.040328620536458,0.1670259894487621,no_trade,
UKPSX,inverse,EEM_bin_-1_-0.5,597,273,319,0.457286432160804,0.5343383584589615,1.9531056066731736,-1.9840286036696981,-0.16701389271165357,no_trade,
UDPSX,inverse,TLT_bin_1_2,537,305,218,0.5679702048417132,0.4059590316573557,1.615882132601309,-1.8493958229432248,0.16699396842044012,predict_up,1.615882132601309
UXPIX,ultra_long,XLE_bin_-0.5_0,749,323,410,0.43124165554072097,0.5473965287049399,1.5642242895237837,-1.5370658497583483,-0.16682583829738393,no_trade,
SHPSX,inverse,XLU_bin_-0.5_0,1193,505,661,0.42330259849119867,0.5540653813914501,0.9429453760462515,-1.0211519420304238,-0.166633712304068,predict_down,-1.0211519420304238
INPSX,inverse,SPY_bin_0.5_1,968,534,409,0.5516528925619835,0.4225206611570248,1.8656876493163923,-2.042062207806277,0.16639851419647314,predict_up,1.8656876493163923
SHPIX,long,SPY_bin_-1_-0.5,627,270,351,0.430622009569378,0.5598086124401914,1.088833362737689,-1.134563745579404,-0.16626294538946554,predict_down,-1.134563745579404
UVPIX,ultra_long,SLV_bin_0.5_1,609,276,323,0.45320197044334976,0.5303776683087028,2.302821744012132,-2.281192156857049,-0.1662500251518529,no_trade,
UOPSX,inverse,HYG_bin_0.5_1,359,193,154,0.5376044568245125,0.42896935933147634,2.3043321518083384,-2.5004341196360995,0.1662096124653203,no_trade,
SHPIX,long,XLF_bin_-2_-1,597,257,333,0.4304857621440536,0.5577889447236181,1.2106269393589784,-1.232090803358879,-0.16608896834715134,predict_down,-1.232090803358879
INPIX,long,FXY_bin_-1_-0.5,594,324,262,0.5454545454545454,0.44107744107744107,1.7726296897893008,-1.815579876716451,0.16607759560946664,no_trade,
UIPSX,inverse,GLD_bin_lt-2,206,88,113,0.42718446601941745,0.5485436893203883,2.8249334461122713,-2.502706397147706,-0.16607611465927644,no_trade,
UTPIX,ultra_long,GLD_bin_-1_-0.5,694,391,298,0.5634005763688761,0.42939481268011526,1.1640912720595002,-1.1407677828531364,0.16600992519456756,predict_up,1.1640912720595002
UMPSX,inverse,SPY_bin_0.5_1,980,521,442,0.5316326530612245,0.45102040816326533,1.683304171832372,-1.6164706973688234,0.1658381890690264,no_trade,
ENPSX,inverse,EEM_bin_1_2,839,449,385,0.5351609058402861,0.45887961859356374,1.8207862290230292,-1.7623794660841365,0.16569359045166562,no_trade,
LGPSX,inverse,XLF_bin_-2_-1,580,350,217,0.603448275862069,0.3741379310344828,0.9606362966245844,-1.1067895475226008,0.16560236552793134,predict_up,0.9606362966245844
UDPSX,inverse,XLK_bin_-2_-1,626,345,271,0.5511182108626198,0.4329073482428115,1.6493270687033958,-1.7171617513361783,0.1656022429561777,predict_up,1.6493270687033958
TEPIX,long,TLT_bin_1_2,537,312,201,0.5810055865921788,0.3743016759776536,1.6162864749196026,-2.0664951370203783,0.16557887827527035,predict_up,1.6162864749196026
UVPSX,inverse,XLV_bin_-2_-1,459,203,247,0.4422657952069717,0.5381263616557734,2.8000940290615355,-2.60892920877056,-0.1655477705159837,no_trade,
SHPIX,long,TLT_bin_1_2,537,221,305,0.41154562383612664,0.5679702048417132,1.3407897630102694,-1.2628497154424692,-0.16546485211300463,predict_down,-1.2628497154424692
PHPSX,inverse,GLD_bin_lt-2,206,117,86,0.5679611650485437,0.4174757281553398,1.5727592085223594,-1.7433515035738756,0.16545921402797412,predict_up,1.5727592085223594
SGPSX,inverse,XLE_bin_lt-2,575,307,263,0.5339130434782609,0.4573913043478261,1.5484171139105494,-1.4458148330389353,0.16541696153269347,no_trade,
UDPSX,inverse,SPY_bin_-2_-1,532,290,233,0.5451127819548872,0.43796992481203006,1.9164616421079794,-2.007692036056986,0.1653790071617223,no_trade,
UXPIX,ultra_long,EEM_bin_-2_-1,655,292,349,0.44580152671755724,0.5328244274809161,1.9829640560254644,-1.96942245126422,-0.16534798646072843,no_trade,
UXPSX,inverse,XLE_bin_-0.5_0,749,324,409,0.4325767690253672,0.5460614152202937,1.5602618934683414,-1.5387491800887652,-0.16531850623840097,no_trade,
BTCFX,long,JNK_bin_0_0.5,509,228,278,0.44793713163064836,0.5461689587426326,2.5755301683144625,-2.414900044117815,-0.16526784654038312,no_trade,
BRPIX,long,XLE_bin_lt-2,633,268,352,0.42338072669826227,0.5560821484992101,1.2680326494889174,-1.262548371688676,-0.16522002649507753,predict_down,-1.262548371688676
UAPSX,inverse,IWM_bin_-1_-0.5,721,396,322,0.5492371705963939,0.44660194174757284,2.0168716470883785,-2.110443392196343,0.16521275999968854,no_trade,
UUPIX,ultra_long,EEM_bin_-2_-1,655,352,296,0.5374045801526718,0.45190839694656487,2.52105059107801,-2.63265654087378,0.1651045373447644,no_trade,
CNPIX,long,SLV_bin_lt-2,573,305,261,0.5322862129144852,0.45549738219895286,1.4263669058776551,-1.3044512410437723,0.16506131305455543,no_trade,
HCPIX,long,XLF_bin_-2_-1,661,361,292,0.546142208774584,0.44175491679273826,1.3597615581231017,-1.3076254098450433,0.16497322663795316,no_trade,
UMPSX,inverse,GDX_bin_lt-2,851,463,381,0.5440658049353702,0.44770857814336074,2.163411338530316,-2.2607492817265404,0.16488128484338965,no_trade,
UUPSX,inverse,TIP_bin_0_0.5,2226,1189,1012,0.5341419586702606,0.4546271338724169,2.2758547658024386,-2.3114427223019374,0.16478494230437507,no_trade,
HCPIX,long,TLT_bin_1_2,537,304,223,0.5661080074487895,0.41527001862197394,1.2516863511884047,-1.3099050567722799,0.16462536890327106,predict_up,1.2516863511884047
UOPIX,ultra_long,XLK_bin_-0.5_0,1085,604,451,0.5566820276497696,0.41566820276497696,1.884845453907888,-2.1285641937717736,0.1644831361928982,predict_up,1.884845453907888
BIPIX,long,XLV_bin_-1_-0.5,816,448,365,0.5490196078431373,0.44730392156862747,1.8292456269114767,-1.87790101205055,0.16429922972780725,no_trade,
BIPSX,inverse,FXY_bin_0_0.5,1512,839,663,0.5548941798941799,0.4384920634920635,1.530846788595092,-1.5625720187091074,0.16428254446239682,predict_up,1.530846788595092
ULPIX,ultra_long,EEM_bin_-2_-1,732,403,320,0.5505464480874317,0.4371584699453552,1.6706190791287756,-1.7281724874465796,0.16426815970763803,predict_up,1.6706190791287756
LVPSX,inverse,XLF_bin_lt-2,402,228,170,0.5671641791044776,0.4228855721393035,1.5601319772066213,-1.7041402082160508,0.1641946651900026,predict_up,1.5601319772066213
IDPIX,long,SLV_bin_lt-2,573,312,253,0.5445026178010471,0.44153577661431065,1.7614564373038106,-1.8004229527553695,0.16416649457535867,no_trade,
UJPSX,inverse,LQD_bin_-0.5_0,2156,1149,977,0.5329313543599258,0.45315398886827457,2.056127722083103,-2.0559518441220357,0.16411215258175166,no_trade,
UMPSX,inverse,EEM_bin_-2_-1,732,395,324,0.5396174863387978,0.4426229508196721,1.984436246547259,-2.048713168727326,0.16402903103622055,no_trade,
SVPSX,inverse,XLV_bin_-2_-1,575,322,248,0.56,0.43130434782608695,1.207977771167424,-1.1886514953919212,0.16379699384124197,predict_up,1.207977771167424
UIPSX,inverse,QQQ_bin_-2_-1,567,248,304,0.43738977072310403,0.5361552028218695,2.2739853649972517,-2.160544083639053,-0.1637690139452445,no_trade,
FNPIX,long,GLD_bin_-2_-1,494,277,213,0.5607287449392713,0.4311740890688259,1.6288815376305075,-1.7385406874260305,0.16374700304029569,predict_up,1.6288815376305075
SOPSX,inverse,IWM_bin_-1_-0.5,673,270,383,0.4011887072808321,0.5690936106983655,1.052505551803528,-1.029433555695088,-0.16359071745061837,predict_down,-1.029433555695088
UIPIX,ultra_long,XLK_bin_-1_-0.5,598,249,338,0.41638795986622074,0.5652173913043478,2.152310260557219,-1.874912378901342,-0.1635370053342911,predict_down,-1.874912378901342
SHPIX,long,XLU_bin_-0.5_0,1193,506,659,0.42414082145850796,0.5523889354568315,0.9414813692375873,-1.0188727912510864,-0.16349337518880713,predict_down,-1.0188727912510864
INPSX,inverse,FXY_bin_-1_-0.5,594,321,260,0.5404040404040404,0.4377104377104377,1.7835557736149699,-1.8287739051985563,0.16336731982959715,no_trade,
UTPIX,ultra_long,XLK_bin_-2_-1,687,387,288,0.5633187772925764,0.4192139737991266,1.260652842119547,-1.304383249233569,0.16333373234497364,predict_up,1.260652842119547
UTPSX,inverse,XLK_bin_-2_-1,687,387,285,0.5633187772925764,0.4148471615720524,1.2605471733453522,-1.318161865971443,0.163254183817744,predict_up,1.2605471733453522
FNPIX,long,XLU_bin_-0.5_0,1263,694,544,0.5494853523357086,0.4307205067300079,1.270518675720425,-1.2422078933218477,0.16308698890173387,no_trade,
ULPIX,ultra_long,IWM_bin_-1_-0.5,721,408,309,0.565880721220527,0.42857142857142855,1.482709427735561,-1.577300133991099,0.16305090861700322,predict_up,1.482709427735561
URPSX,inverse,XLK_bin_-2_-1,733,311,401,0.4242837653478854,0.5470668485675307,2.0095955345613743,-1.8565565655449863,-0.16302178927005725,no_trade,
SGPSX,inverse,GDX_bin_0_0.5,495,264,227,0.5333333333333333,0.4585858585858586,1.0283227504022863,-0.8409839280016401,0.16277546353501268,no_trade,
UAPIX,ultra_long,GLD_bin_0.5_1,778,417,358,0.5359897172236504,0.4601542416452442,2.0954222320399722,-2.0871243162467623,0.16272566265337732,no_trade,
INPIX,long,XLU_bin_-0.5_0,1263,688,544,0.5447347585114806,0.4307205067300079,1.8081328835415749,-1.9091619720096014,0.16263761765905038,no_trade,
USPSX,inverse,SLV_bin_1_2,695,289,387,0.4158273381294964,0.5568345323741007,2.092668524272058,-1.8546708740283986,-0.1625560068120368,predict_down,-1.8546708740283986
UWPSX,inverse,TLT_bin_1_2,511,203,284,0.3972602739726027,0.5557729941291585,1.8601311668538227,-1.6217159709675553,-0.16234972384238694,predict_down,-1.6217159709675553
UAPIX,ultra_long,IWM_bin_-2_-1,859,473,385,0.5506402793946449,0.4481955762514552,2.329956873948588,-2.500363113929907,0.16231641736282623,predict_up,2.329956873948588
UMPIX,ultra_long,GLD_bin_lt-2,206,114,91,0.5533980582524272,0.441747572815534,2.4859247001969185,-2.746836827525446,0.16229740057103448,predict_up,2.4859247001969185
BTCFX,long,EEM_bin_0_0.5,249,110,136,0.44176706827309237,0.5461847389558233,2.7866119535630993,-2.5510075903679716,-0.1622880216791294,no_trade,
HCPIX,long,XLE_bin_-0.5_0,952,533,408,0.5598739495798319,0.42857142857142855,1.0576420182813704,-1.0033994646301525,0.16211787203242448,predict_up,1.0576420182813704
SOPIX,long,IWM_bin_-1_-0.5,673,271,387,0.4026745913818722,0.575037147102526,1.0530600970232076,-1.0191125825775837,-0.1619870477923264,predict_down,-1.0191125825775837
URPSX,inverse,EEM_bin_-0.5_0,889,376,476,0.4229471316085489,0.5354330708661418,1.3418323711905236,-1.362056764181063,-0.16176608344493718,no_trade,
FNPSX,inverse,XLU_bin_-0.5_0,1263,691,537,0.5471100554235946,0.4251781472684085,1.2729646006328132,-1.2576010006657135,0.16174726973854772,no_trade,
ULPSX,inverse,IWM_bin_-1_-0.5,721,407,310,0.5644937586685159,0.42995839112343964,1.4858731269533436,-1.5747135742188758,0.16170479148704492,predict_up,1.4858731269533436
UTPSX,inverse,GLD_bin_-1_-0.5,694,390,297,0.5619596541786743,0.42795389048991356,1.1621433530746272,-1.148269887881442,0.16167111094858258,predict_up,1.1621433530746272
TEPIX,long,TIP_bin_0_0.5,2468,1348,976,0.546191247974068,0.39546191247974066,1.487943661116336,-1.6467693310276168,0.16146725611907078,no_trade,
WCPIX,long,XLF_bin_-2_-1,661,352,294,0.5325264750378215,0.44478063540090773,2.280355787518666,-2.3678131853284516,0.16119237627837465,no_trade,
CNPSX,inverse,SLV_bin_lt-2,573,305,260,0.5322862129144852,0.4537521815008726,1.4229308205038431,-1.313979212581995,0.16118552352941262,no_trade,
HCPSX,inverse,XLF_bin_-2_-1,661,359,292,0.5431164901664145,0.44175491679273826,1.362673183411476,-1.3106384617144946,0.16110929201828653,no_trade,
TEPIX,long,QQQ_bin_-1_-0.5,633,340,273,0.5371248025276462,0.4312796208530806,1.8741804006341123,-1.960938686253893,0.16095588446806552,no_trade,
SRPSX,inverse,SLV_bin_-0.5_0,673,279,369,0.4145616641901932,0.5482912332838039,0.9396745039688764,-1.0039489710849456,-0.16090339334773912,no_trade,
HCPSX,inverse,TLT_bin_1_2,537,303,225,0.5642458100558659,0.41899441340782123,1.2516921198413262,-1.301986290296099,0.1607370521327738,predict_up,1.2516921198413262
UUPSX,inverse,EEM_bin_-2_-1,655,351,297,0.5358778625954198,0.4534351145038168,2.52380811042425,-2.628900930232298,0.16041690149606005,no_trade,
FNPSX,inverse,GLD_bin_-2_-1,494,276,212,0.5587044534412956,0.4291497975708502,1.6290332579647757,-1.7470510129909178,0.16040154745790172,predict_up,1.6290332579647757
UIPIX,ultra_long,XLK_bin_0.5_1,851,372,453,0.4371327849588719,0.5323149236192715,1.6129152114644263,-1.6255300999046387,-0.16023581268159207,no_trade,
UNPIX,ultra_long,XLK_bin_-1_-0.5,518,275,229,0.5308880308880309,0.4420849420849421,1.9410855997410734,-1.9685492721013351,0.16023312088337732,no_trade,
BLPIX,long,XLF_bin_lt-2,511,287,221,0.5616438356164384,0.4324853228962818,1.4695542540735667,-1.5381263988194058,0.1601489956556261,predict_up,1.4695542540735667
OTPIX,long,GDX_bin_lt-2,851,454,366,0.5334900117508813,0.4300822561692127,1.1886462381289167,-1.1022812556855874,0.16005928616874646,no_trade,
RRPIX,long,TIP_bin_0.5_1,349,188,151,0.5386819484240688,0.4326647564469914,1.127655018730168,-1.0341165849987293,0.1600216022534769,no_trade,
LVPIX,long,GDX_bin_0_0.5,495,275,215,0.5555555555555556,0.43434343434343436,0.7788659200122507,-0.6278959586325572,0.15998080181286706,predict_up,0.7788659200122507
UIPSX,inverse,XLU_bin_0_0.5,1304,567,693,0.4348159509202454,0.531441717791411,1.594050138910815,-1.6050661413838978,-0.159880680380835,no_trade,
BIPSX,inverse,XLV_bin_-1_-0.5,816,445,365,0.5453431372549019,0.44730392156862747,1.8368752001550797,-1.8824235362941508,0.15971185456083992,no_trade,
INPIX,long,GDX_bin_0_0.5,495,267,216,0.5393939393939394,0.43636363636363634,1.573232926038878,-1.5787054073074767,0.15970267328073817,no_trade,
UKPSX,inverse,XLF_bin_-1_-0.5,601,257,331,0.4276206322795341,0.5507487520798668,2.3136777575279446,-2.086274986218423,-0.15963699959004338,predict_down,-2.086274986218423
IDPIX,long,GLD_bin_0.5_1,778,437,330,0.5616966580976864,0.4241645244215938,1.2817624029487418,-1.3210898633035408,0.15960220462523342,predict_up,1.2817624029487418
BLPIX,long,XLE_bin_lt-2,633,350,270,0.5529225908372828,0.4265402843601896,1.2613646141235633,-1.2612820945514158,0.1594493671632938,predict_up,1.2613646141235633
TEPIX,long,IWM_bin_-1_-0.5,720,383,297,0.5319444444444444,0.4125,1.7807276650897128,-1.9098763200862827,0.15942420647740832,no_trade,
UIPIX,ultra_long,QQQ_bin_-2_-1,567,249,309,0.43915343915343913,0.544973544973545,2.266402711992557,-2.118783034266971,-0.15938215573606226,no_trade,
INPSX,inverse,XLU_bin_-0.5_0,1263,692,542,0.547901821060966,0.42913697545526525,1.8005888723056318,-1.9275620422179123,0.15935777731859757,no_trade,
HCPSX,inverse,XLE_bin_-0.5_0,952,532,410,0.5588235294117647,0.43067226890756305,1.0574071491088843,-1.0023228403902673,0.1592313432415092,predict_up,1.0574071491088843
BTCFX,long,QQQ_bin_0_0.5,241,111,129,0.4605809128630705,0.5352697095435685,2.5892575811630096,-2.525416554739712,-0.1592163653623594,no_trade,
URPIX,ultra_long,XLK_bin_-2_-1,733,311,399,0.4242837653478854,0.5443383356070941,2.0125161511122487,-1.8611363859524424,-0.15920995224981613,no_trade,
IDPSX,inverse,SLV_bin_lt-2,573,312,254,0.5445026178010471,0.4432809773123909,1.7573065356650042,-1.7996773130848704,0.15909529075728482,no_trade,
URPSX,inverse,TIP_bin_0_0.5,2468,1025,1353,0.4153160453808752,0.5482171799027553,1.5145779319850272,-1.436831220854901,-0.15866704276014118,no_trade,
ENPSX,inverse,XLV_bin_-1_-0.5,816,433,377,0.5306372549019608,0.46200980392156865,1.8530107318571214,-1.7852145699614976,0.1584898946306972,no_trade,
USPIX,ultra_long,SLV_bin_0.5_1,609,246,346,0.4039408866995074,0.5681444991789819,2.075241455594326,-1.7543024469137427,-0.15842241142192237,predict_down,-1.7543024469137427
CYPIX,long,HYG_bin_0.5_1,359,193,164,0.5376044568245125,0.4568245125348189,1.5980362281895353,-1.533939172352861,0.15837038377356846,no_trade,
GVPSX,inverse,EEM_bin_lt-2,412,183,228,0.4441747572815534,0.5533980582524272,1.068138426758113,-1.1434982639283298,-0.15836959242457396,predict_down,-1.1434982639283298
SVPIX,long,SPY_bin_-1_-0.5,651,370,277,0.5683563748079877,0.4254992319508449,1.0946868073784155,-1.090392390137151,0.15821110086332238,predict_up,1.0946868073784155
USPSX,inverse,LQD_bin_-0.5_0,2156,948,1162,0.4397031539888683,0.538961038961039,1.8887358975468103,-1.8341765250544904,-0.15806655437798786,no_trade,
SLPIX,long,XLF_bin_-2_-1,621,349,269,0.5619967793880838,0.4331723027375201,1.21118897701162,-1.2064979533217115,0.1580628076224074,predict_up,1.21118897701162
UWPIX,ultra_long,TLT_bin_1_2,511,208,280,0.4070450097847358,0.547945205479452,1.8134514253629948,-1.6354885291219676,-0.158001744968,no_trade,
ULPSX,inverse,EEM_bin_-2_-1,732,405,319,0.5532786885245902,0.43579234972677594,1.658504277090196,-1.7431050995721824,0.15798320417760012,predict_up,1.658504277090196
UAPSX,inverse,GLD_bin_0.5_1,778,418,356,0.5372750642673522,0.45758354755784064,2.086219112214638,-2.1046987650969187,0.15779798011724355,no_trade,
USPSX,inverse,SLV_bin_0.5_1,609,248,347,0.4072249589490969,0.5697865353037767,2.061955359092827,-1.7502833653601506,-0.15760820808694798,predict_down,-1.7502833653601506
GVPIX,long,EEM_bin_lt-2,412,182,228,0.441747572815534,0.5533980582524272,1.0749069429099838,-1.1427184238723453,-0.15754062386717876,predict_down,-1.1427184238723453
UAPSX,inverse,IWM_bin_-2_-1,859,473,384,0.5506402793946449,0.4470314318975553,2.3252021156634934,-2.511832822302886,0.15748171937662905,predict_up,2.3252021156634934
UNPSX,inverse,XLK_bin_-1_-0.5,518,277,230,0.5347490347490348,0.444015444015444,1.9235050015074104,-1.9619720437407289,0.15744655474360048,no_trade,
USPSX,inverse,HYG_bin_0_0.5,1950,802,1099,0.4112820512820513,0.5635897435897436,1.80844562721636,-1.599043931272384,-0.15742353202093834,predict_down,-1.599043931272384
TEPSX,inverse,TIP_bin_0_0.5,2468,1343,953,0.5441653160453809,0.38614262560777957,1.483904933602382,-1.6836172985855415,0.1573731929805423,no_trade,
BLPSX,inverse,XLF_bin_lt-2,511,285,219,0.5577299412915852,0.42857142857142855,1.4755733984165682,-1.5530680230624991,0.15737088355779785,predict_up,1.4755733984165682
UMPSX,inverse,GLD_bin_lt-2,206,113,91,0.5485436893203883,0.441747572815534,2.499172920016846,-2.7474664211906137,0.1572189108425133,no_trade,
LVPSX,inverse,GDX_bin_0_0.5,495,273,214,0.5515151515151515,0.43232323232323233,0.7803287355296588,-0.6318340572248796,0.15720657889590428,predict_up,0.7803287355296588
UEPSX,inverse,FXY_bin_1_2,207,114,89,0.5507246376811594,0.42995169082125606,1.434263102112264,-1.4717075246736704,0.15712088862242227,predict_up,1.434263102112264
UXPSX,inverse,QQQ_bin_-2_-1,500,216,278,0.432,0.556,2.3454305832089344,-2.104871941573885,-0.15708278756882046,predict_down,-2.104871941573885
SOPSX,inverse,SPY_bin_-2_-1,538,235,289,0.4368029739776952,0.5371747211895911,1.3165790532444268,-1.3627865081014627,-0.15696881659643575,no_trade,
BLPIX,long,GLD_bin_lt-2,206,115,87,0.558252427184466,0.4223300970873786,1.1353715361766124,-1.1291487609724882,0.15695040997914514,predict_up,1.1353715361766124
ENPIX,long,GLD_bin_0.5_1,778,427,345,0.5488431876606684,0.4434447300771208,1.7433343989590937,-1.8041519035710711,0.15677555478600713,no_trade,
CYPSX,inverse,HYG_bin_0.5_1,359,192,162,0.5348189415041783,0.45125348189415043,1.6061248922829605,-1.5561683835894229,0.15675961330596644,no_trade,
IDPSX,inverse,GLD_bin_0.5_1,778,434,330,0.5578406169665809,0.4241645244215938,1.287517364037631,-1.3237820172879273,0.15672811090914626,predict_up,1.287517364037631
USPSX,inverse,SPY_bin_-1_-0.5,768,340,421,0.4427083333333333,0.5481770833333334,2.795301106377735,-2.543358436732015,-0.15670771574967238,no_trade,
UOPSX,inverse,XLK_bin_-0.5_0,1085,596,454,0.5493087557603686,0.4184331797235023,1.9118918618260132,-2.135638309106594,0.156597011349226,no_trade,
UUPSX,inverse,QQQ_bin_-1_-0.5,505,272,222,0.5386138613861386,0.4396039603960396,2.516005218328125,-2.7264685872379726,0.1565888970661781,no_trade,
PHPIX,long,GLD_bin_lt-2,206,116,85,0.5631067961165048,0.41262135922330095,1.5817430634344927,-1.779155511883886,0.1565727031469458,predict_up,1.5817430634344927
IDPIX,long,GDX_bin_lt-2,851,461,375,0.5417156286721504,0.4406580493537015,1.6308981937750062,-1.650107007814736,0.15635010505258726,no_trade,
SRPIX,long,SLV_bin_-0.5_0,673,282,370,0.41901931649331353,0.549777117384844,0.9432000456285148,-1.00323402496201,-0.15633607187028614,no_trade,
UXPIX,ultra_long,QQQ_bin_-2_-1,500,214,278,0.428,0.556,2.369914322224022,-2.1052880779891443,-0.15621684145008286,predict_down,-2.1052880779891443
UJPSX,inverse,XLE_bin_-2_-1,840,466,359,0.5547619047619048,0.42738095238095236,2.2099465261055338,-2.5032868767909817,0.15613701475859076,predict_up,2.2099465261055338
UWPSX,inverse,SLV_bin_0.5_1,609,256,333,0.42036124794745483,0.5467980295566502,1.435918992581555,-1.3893456852215682,-0.15608678337915305,no_trade,
SLPSX,inverse,SLV_bin_lt-2,573,304,268,0.5305410122164049,0.4677137870855148,1.4310947651219592,-1.289758881250643,0.15601645448848747,no_trade,
SRPSX,inverse,SLV_bin_0.5_1,609,249,332,0.4088669950738916,0.5451559934318555,1.0233677485547918,-1.0534736693624138,-0.15588618856843708,no_trade,
UCPSX,inverse,SPY_bin_0.5_1,849,377,450,0.44405182567726736,0.5300353356890459,1.914136264211493,-1.8976566607400582,-0.1558493824797332,no_trade,
SHPSX,inverse,XLV_bin_-1_-0.5,752,340,399,0.4521276595744681,0.5305851063829787,1.0359808386640297,-1.1761705523915686,-0.1556629857160448,no_trade,
URPSX,inverse,XLE_bin_-0.5_0,992,420,539,0.42338709677419356,0.5433467741935484,1.4669086982838389,-1.4292886962175761,-0.15552918748191646,no_trade,
SVPSX,inverse,SPY_bin_-1_-0.5,651,368,276,0.565284178187404,0.423963133640553,1.0985008985664018,-1.0979186782101678,0.15548813438775663,predict_up,1.0985008985664018
BKPIX,long,SPY_bin_-1_-0.5,680,362,282,0.5323529411764706,0.4147058823529412,1.8041597842199348,-1.9410878938163263,0.15546919975207704,no_trade,
UGPIX,ultra_long,XLF_bin_-2_-1,450,246,197,0.5466666666666666,0.43777777777777777,3.0745337915870627,-3.484246311210345,0.15541953204884335,no_trade,
BKPSX,inverse,TLT_bin_1_2,537,301,231,0.5605214152700186,0.4301675977653631,2.2401964731176083,-2.557972709384906,0.15532112204932413,predict_up,2.2401964731176083
USPIX,ultra_long,LQD_bin_-0.5_0,2156,948,1158,0.4397031539888683,0.5371057513914657,1.8922830477336121,-1.8382587502303926,-0.15529652296629454,no_trade,
UTPIX,ultra_long,TIP_bin_0.5_1,352,199,148,0.5653409090909091,0.42045454545454547,1.4143423952732144,-1.532421151783088,0.15527217669168342,predict_up,1.4143423952732144
ULPIX,ultra_long,SPY_bin_0.5_1,1072,581,476,0.5419776119402985,0.44402985074626866,1.422671100405603,-1.3868545551095302,0.15525106446223788,no_trade,
IDPIX,long,SLV_bin_-0.5_0,673,361,295,0.5364041604754829,0.43833580980683506,1.2478588397406118,-1.17304793228818,0.1551677579812003,no_trade,
INPSX,inverse,XLF_bin_-2_-1,661,359,287,0.5431164901664145,0.4341906202723147,2.3359841298583732,-2.564843253786738,0.1550806184301999,no_trade,
URPIX,ultra_long,TIP_bin_0_0.5,2468,1024,1346,0.41491085899513774,0.5453808752025932,1.520556023879789,-1.4410417305897116,-0.15502139421428193,no_trade,
UWPIX,ultra_long,FXY_bin_0_0.5,1512,666,805,0.44047619047619047,0.5324074074074074,1.4340688453684736,-1.4774969684370793,-0.15495714852939527,no_trade,
BLPSX,inverse,XLE_bin_lt-2,633,347,271,0.5481832543443917,0.42812006319115326,1.2666551893343796,-1.2599414298089302,0.15495295927458078,no_trade,
ENPSX,inverse,GLD_bin_0.5_1,778,427,344,0.5488431876606684,0.442159383033419,1.739947950305359,-1.8093338860364392,0.15494462465790906,no_trade,
UDPIX,ultra_long,EEM_bin_-2_-1,732,395,326,0.5396174863387978,0.4453551912568306,1.575998610923432,-1.5618103416952709,0.1548760654673462,no_trade,
UJPIX,ultra_long,XLF_bin_-0.5_0,1198,649,535,0.5417362270450752,0.44657762938230383,1.9191092446888842,-1.9812458560437123,0.15487092388956591,no_trade,
USPSX,inverse,XLE_bin_-2_-1,891,387,490,0.43434343434343436,0.5499438832772167,2.6806795480580266,-2.3986389961281303,-0.15478128283313966,no_trade,
UWPIX,ultra_long,SLV_bin_0.5_1,609,257,335,0.4220032840722496,0.5500821018062397,1.4326987442206844,-1.3803964427062858,-0.1547278013824135,predict_down,-1.3803964427062858
UCPIX,ultra_long,IWM_bin_-1_-0.5,631,273,346,0.4326465927099842,0.5483359746434231,2.133510974010192,-1.9655540694139,-0.15472775295154803,no_trade,
UIPSX,inverse,EEM_bin_lt-2,417,188,222,0.45083932853717024,0.5323741007194245,3.0441347024586207,-2.8685127202277547,-0.1547062346003378,no_trade,
UTPSX,inverse,TIP_bin_0.5_1,352,200,148,0.5681818181818182,0.42045454545454547,1.4003860259953946,-1.5247584610599225,0.15458225273355214,predict_up,1.4003860259953946
INPSX,inverse,GDX_bin_0_0.5,495,266,214,0.5373737373737374,0.43232323232323233,1.5722266603951545,-1.5974767008128066,0.1542470256387281,no_trade,
LVPIX,long,XLE_bin_lt-2,542,296,242,0.5461254612546126,0.44649446494464945,1.3293516299993082,-1.280721678430108,0.1541576315492788,no_trade,
RRPSX,inverse,TIP_bin_0.5_1,349,188,151,0.5386819484240688,0.4326647564469914,1.1199100975290939,-1.0381613399437926,0.15409953009729782,no_trade,
UXPIX,ultra_long,SPY_bin_-2_-1,429,190,232,0.4428904428904429,0.5407925407925408,2.354996065578077,-2.213218640625201,-0.15388688150399052,no_trade,
UIPSX,inverse,TIP_bin_0_0.5,2466,1059,1341,0.42944038929440387,0.5437956204379562,1.7945046361352197,-1.7000265641355201,-0.1538342306725608,no_trade,
USPIX,ultra_long,SLV_bin_1_2,695,289,387,0.4158273381294964,0.5568345323741007,2.102175014835591,-1.845783542518161,-0.15365417506049278,predict_down,-1.845783542518161
URPIX,ultra_long,XLE_bin_-0.5_0,992,421,536,0.42439516129032256,0.5403225806451613,1.4679823068561686,-1.4373433314090642,-0.15362447021049533,no_trade,
USPIX,ultra_long,HYG_bin_0_0.5,1950,803,1092,0.4117948717948718,0.56,1.812098885636998,-1.6068055449214418,-0.15359807686548976,predict_down,-1.6068055449214418
UCPIX,ultra_long,SPY_bin_0.5_1,849,378,450,0.4452296819787986,0.5300353356890459,1.9124130841258258,-1.8962085024956894,-0.15359444089929128,no_trade,
UDPIX,ultra_long,XLE_bin_-0.5_0,887,479,395,0.5400225479143179,0.44532130777903045,1.2964758667955671,-1.227420034521727,0.15352990592896787,no_trade,
UWPSX,inverse,IWM_bin_-1_-0.5,631,251,351,0.3977812995245642,0.5562599049128367,1.4262636499118602,-1.2953829850211906,-0.15322860794700627,predict_down,-1.2953829850211906
UVPSX,inverse,TLT_bin_1_2,485,215,260,0.44329896907216493,0.5360824742268041,2.8119713733660983,-2.611072414041819,-0.1532061492312616,no_trade,
UOPIX,ultra_long,XLF_bin_-0.5_0,1228,662,545,0.5390879478827362,0.44381107491856675,2.002547241131041,-2.087345142747668,0.15316219123067604,no_trade,
BLPSX,inverse,GLD_bin_lt-2,206,115,89,0.558252427184466,0.4320388349514563,1.1297260513248883,-1.1052513219236526,0.15316081675318952,predict_up,1.1297260513248883
USPSX,inverse,FXY_bin_-1_-0.5,594,259,322,0.43602693602693604,0.5420875420875421,2.0503254176933177,-1.9316885189924162,-0.1531471716043581,no_trade,
TEPSX,inverse,TLT_bin_1_2,537,303,200,0.5642458100558659,0.37243947858473,1.66036692510791,-2.1043808813994755,0.1531005624353846,predict_up,1.66036692510791
UJPIX,ultra_long,XLF_bin_-1_-0.5,787,433,346,0.5501905972045743,0.43964421855146124,2.114278763514376,-2.2977638269184304,0.15305771345355487,predict_up,2.114278763514376
ULPIX,ultra_long,FXY_bin_0_0.5,1512,839,655,0.5548941798941799,0.4332010582010582,1.4969987595783771,-1.5642231539819023,0.15305277343129142,predict_up,1.4969987595783771
OTPSX,inverse,GLD_bin_0.5_1,778,444,287,0.570694087403599,0.36889460154241643,0.9545756668404232,-1.0619926430812872,0.15300733613472814,predict_up,0.9545756668404232
REPIX,long,XLV_bin_-1_-0.5,816,434,380,0.5318627450980392,0.46568627450980393,1.5721174005187244,-1.4670163707624486,0.1529812879110245,no_trade,
BKPIX,long,TLT_bin_1_2,537,300,231,0.5586592178770949,0.4301675977653631,2.2450640992199404,-2.560044778980947,0.15297744100816274,predict_up,2.2450640992199404
SLPSX,inverse,XLF_bin_-2_-1,621,349,269,0.5619967793880838,0.4331723027375201,1.2056567739973838,-1.2113447272878632,0.15285423910571938,predict_up,1.2056567739973838
UWPIX,ultra_long,IWM_bin_-1_-0.5,631,253,352,0.4009508716323296,0.5578446909667195,1.4219788269707287,-1.2957870867689127,-0.15270429686063852,predict_down,-1.2957870867689127
TEPIX,long,EEM_bin_-0.5_0,889,482,355,0.5421822272215973,0.39932508436445446,1.4429898143571713,-1.5768169003577728,0.1527008896435853,no_trade,
UJPSX,inverse,XLF_bin_-1_-0.5,787,433,344,0.5501905972045743,0.4371029224904701,2.113933043315515,-2.31160006818385,0.152658938119916,predict_up,2.113933043315515
URPIX,ultra_long,SLV_bin_0.5_1,609,249,342,0.4088669950738916,0.5615763546798029,1.6041874403704317,-1.4397364766976066,-0.1526226640038489,predict_down,-1.4397364766976066
UUPIX,ultra_long,QQQ_bin_-1_-0.5,505,272,222,0.5386138613861386,0.4396039603960396,2.5048617229455186,-2.7218490432585885,0.1526176258173748,no_trade,
SOPIX,long,SPY_bin_-2_-1,538,233,289,0.43308550185873607,0.5371747211895911,1.3294249078410985,-1.3558966744390266,-0.15259876465781191,no_trade,
CYPIX,long,EEM_bin_-0.5_0,889,473,371,0.532058492688414,0.41732283464566927,1.2482932716069723,-1.2258349974148959,0.15259610059524376,no_trade,
UCPSX,inverse,IWM_bin_-1_-0.5,631,274,344,0.43423137876386686,0.5451664025356577,2.123849586285057,-1.9713937137887934,-0.1524954847880183,no_trade,
WCPIX,long,SPY_bin_-1_-0.5,697,370,319,0.5308464849354376,0.45767575322812054,1.9944946660178309,-1.9803925804701403,0.1523928167239925,no_trade,
BKPSX,inverse,SPY_bin_-1_-0.5,680,365,283,0.5367647058823529,0.4161764705882353,1.7867823530937867,-1.938397236823099,0.15236638361514016,no_trade,
UUPSX,inverse,QQQ_bin_-2_-1,500,273,223,0.546,0.446,2.7356116714563785,-3.007425519611295,0.15233219086854527,no_trade,
SHPIX,long,XLV_bin_-1_-0.5,752,337,400,0.44813829787234044,0.5319148936170213,1.0454875961089245,-1.1670264291374213,-0.1522357071359853,no_trade,
UMPIX,ultra_long,SPY_bin_-1_-0.5,709,390,310,0.5500705218617772,0.43723554301833567,1.9138369087600633,-2.0597926416085577,0.1521307130010885,predict_up,1.9138369087600633
SRPIX,long,SLV_bin_0.5_1,609,250,337,0.41050903119868637,0.5533661740558292,1.0259881938030049,-1.0358996546476884,-0.15205440913878454,predict_down,-1.0358996546476884
UTPSX,inverse,IWM_bin_lt-2,451,240,203,0.532150776053215,0.4501108647450111,2.148465119580357,-2.202573230809537,0.15190523912405712,no_trade,
USPIX,ultra_long,SPY_bin_-1_-0.5,768,338,420,0.4401041666666667,0.546875,2.812938291774146,-2.541112037720974,-0.15168478284264061,no_trade,
UMPIX,ultra_long,XLK_bin_-2_-1,700,373,316,0.5328571428571428,0.4514285714285714,2.110578587110577,-2.1554274391495887,0.1516153460299645,no_trade,
UVPIX,ultra_long,XLV_bin_-2_-1,459,202,249,0.4400871459694989,0.5424836601307189,2.8259209394845906,-2.5719518527832985,-0.15159037378464932,no_trade,
ULPIX,ultra_long,EEM_bin_1_2,839,450,376,0.5363528009535161,0.44815256257449343,1.4085034705829556,-1.3475931158921504,0.151527473405103,no_trade,
UXPSX,inverse,SPY_bin_-2_-1,429,192,231,0.44755244755244755,0.5384615384615384,2.327272654205279,-2.2157352479391728,-0.15151163791733213,no_trade,
SVPIX,long,XLF_bin_lt-2,436,233,200,0.5344036697247706,0.45871559633027525,1.9170974401193328,-1.90320879103862,0.15147235169743228,no_trade,
UDPIX,ultra_long,EEM_bin_1_2,839,448,375,0.533969010727056,0.4469606674612634,1.348971192050474,-1.2726900082972543,0.15146643733866733,no_trade,
URPSX,inverse,XLK_bin_-1_-0.5,692,291,384,0.42052023121387283,0.5549132947976878,1.8588674503501874,-1.681571877988608,-0.15143522123659092,predict_down,-1.681571877988608
UUPIX,ultra_long,QQQ_bin_-2_-1,500,274,223,0.548,0.446,2.7259972087738618,-3.010263196775727,0.1512690846461025,no_trade,
IDPSX,inverse,GDX_bin_lt-2,851,462,376,0.5428907168037603,0.4418331374853114,1.6235715450158135,-1.6527817195479428,0.15116818712958802,no_trade,
INPIX,long,GLD_bin_-2_-1,494,267,221,0.5404858299595142,0.4473684210526316,1.8037318774528248,-1.8413516289721554,0.15112894995355836,no_trade,
FYAIX,long,XLF_bin_lt-2,377,163,202,0.4323607427055703,0.5358090185676393,0.4845126833377762,-0.67288160710372,-0.15105176989627042,no_trade,
UCPSX,inverse,TIP_bin_0_0.5,2466,1098,1314,0.44525547445255476,0.5328467153284672,2.0709314196295345,-2.0138541923481736,-0.1509820397373363,no_trade,
UIPIX,ultra_long,TIP_bin_0_0.5,2466,1059,1339,0.42944038929440387,0.5429845904298459,1.7945799823302397,-1.6973620355492405,-0.15097630345203136,no_trade,
UXPSX,inverse,XLU_bin_-0.5_0,1006,435,544,0.43240556660039764,0.5407554671968191,1.601097369531706,-1.558897831106858,-0.15065910971753338,no_trade,
ULPIX,ultra_long,TLT_bin_-2_-1,574,308,257,0.5365853658536586,0.44773519163763065,1.7559371203572909,-1.7680269746894497,0.1506022658098553,no_trade,
USPIX,ultra_long,XLE_bin_-2_-1,891,387,487,0.43434343434343436,0.5465768799102132,2.681816483005687,-2.4061321151539734,-0.15030680264509985,no_trade,
LVPSX,inverse,XLE_bin_lt-2,542,297,242,0.5479704797047971,0.44649446494464945,1.3206227658252165,-1.2841636335161428,0.15029033605015274,no_trade,
INPSX,inverse,GLD_bin_-2_-1,494,267,221,0.5404858299595142,0.4473684210526316,1.8018283774732715,-1.8409346969669949,0.1502866574001166,no_trade,
REPSX,inverse,QQQ_bin_-2_-1,666,362,297,0.5435435435435435,0.44594594594594594,1.7977051721645347,-1.8543901172784074,0.1501732845223342,no_trade,
UGPSX,inverse,XLF_bin_-2_-1,450,246,196,0.5466666666666666,0.43555555555555553,3.0721644074936,-3.5112130577327183,0.15012152206180615,no_trade,
WCPSX,inverse,SPY_bin_-1_-0.5,697,370,316,0.5308464849354376,0.4533715925394548,1.9957327531560387,-2.005812360132037,0.15004937283502282,no_trade,
SGPIX,long,SPY_bin_-1_-0.5,651,363,285,0.5576036866359447,0.4377880184331797,1.0808011635097219,-1.0339505649845393,0.15000754429099142,predict_up,1.0808011635097219
