Date,Open,High,Low,Close,Volume,Adj Close
2022-03-07,9.09000015258789,9.09000015258789,9.09000015258789,9.09000015258789,0.0,6.776686191558838
2022-03-08,8.970000267028809,8.970000267028809,8.970000267028809,8.970000267028809,0.0,6.687225818634033
2022-03-09,9.020000457763672,9.020000457763672,9.020000457763672,9.020000457763672,0.0,6.7245025634765625
2022-03-10,9.029999732971191,9.029999732971191,9.029999732971191,9.029999732971191,0.0,6.731955528259277
2022-03-11,9.039999961853027,9.039999961853027,9.039999961853027,9.039999961853027,0.0,6.73940896987915
2022-03-14,8.989999771118164,8.989999771118164,8.989999771118164,8.989999771118164,0.0,6.702133655548096
2022-03-15,8.90999984741211,8.90999984741211,8.90999984741211,8.90999984741211,0.0,6.642495155334473
2022-03-16,9.039999961853027,9.039999961853027,9.039999961853027,9.039999961853027,0.0,6.73940896987915
2022-03-17,9.109999656677246,9.109999656677246,9.109999656677246,9.109999656677246,0.0,6.791597843170166
2022-03-18,9.1899995803833,9.1899995803833,9.1899995803833,9.1899995803833,0.0,6.851236820220947
2022-03-21,9.229999542236328,9.229999542236328,9.229999542236328,9.229999542236328,0.0,6.881059646606445
2022-03-22,9.25,9.25,9.25,9.25,0.0,6.895968914031982
2022-03-23,9.220000267028809,9.220000267028809,9.220000267028809,9.220000267028809,0.0,6.873602390289307
2022-03-24,9.210000038146973,9.210000038146973,9.210000038146973,9.210000038146973,0.0,6.866147041320801
2022-03-25,9.260000228881836,9.260000228881836,9.260000228881836,9.260000228881836,0.0,6.90342378616333
2022-03-29,9.359999656677246,9.359999656677246,9.359999656677246,9.359999656677246,0.0,6.977972030639648
2022-03-30,9.40999984741211,9.40999984741211,9.40999984741211,9.40999984741211,0.0,7.015248775482178
2022-04-01,9.289999961853027,9.289999961853027,9.289999961853027,9.289999961853027,0.0,6.961297988891602
2022-04-05,9.34000015258789,9.34000015258789,9.34000015258789,9.34000015258789,0.0,6.998764991760254
2022-04-07,9.1899995803833,9.1899995803833,9.1899995803833,9.1899995803833,0.0,6.886363506317139
2022-04-08,9.170000076293944,9.170000076293944,9.170000076293944,9.170000076293944,0.0,6.871376514434815
2022-04-12,9.130000114440918,9.130000114440918,9.130000114440918,9.130000114440918,0.0,6.841405391693115
2022-04-13,9.09000015258789,9.09000015258789,9.09000015258789,9.09000015258789,0.0,6.81143045425415
2022-04-14,9.130000114440918,9.130000114440918,9.130000114440918,9.130000114440918,0.0,6.841405391693115
2022-04-20,9.140000343322754,9.140000343322754,9.140000343322754,9.140000343322754,0.0,6.848898410797119
2022-04-21,9.18000030517578,9.18000030517578,9.18000030517578,9.18000030517578,0.0,6.878871917724609
2022-04-25,8.880000114440918,8.880000114440918,8.880000114440918,8.880000114440918,0.0,6.6540727615356445
2022-04-26,8.920000076293945,8.920000076293945,8.920000076293945,8.920000076293945,0.0,6.684046268463135
2022-04-27,8.869999885559082,8.869999885559082,8.869999885559082,8.869999885559082,0.0,6.646579265594482
2022-04-28,8.84000015258789,8.84000015258789,8.84000015258789,8.84000015258789,0.0,6.6240997314453125
2022-04-29,8.829999923706055,8.829999923706055,8.829999923706055,8.829999923706055,0.0,6.65272855758667
2022-05-03,8.680000305175781,8.680000305175781,8.680000305175781,8.680000305175781,0.0,6.539712429046631
2022-05-04,8.680000305175781,8.680000305175781,8.680000305175781,8.680000305175781,0.0,6.539712429046631
2022-05-05,8.729999542236328,8.729999542236328,8.729999542236328,8.729999542236328,0.0,6.577384471893311
2022-05-06,8.539999961853027,8.539999961853027,8.539999961853027,8.539999961853027,0.0,6.434236526489258
2022-05-11,8.4399995803833,8.4399995803833,8.4399995803833,8.4399995803833,0.0,6.358893394470215
2022-05-12,8.3100004196167,8.3100004196167,8.3100004196167,8.3100004196167,0.0,6.260949611663818
2022-05-16,8.399999618530273,8.399999618530273,8.399999618530273,8.399999618530273,0.0,6.3287553787231445
2022-05-17,8.449999809265137,8.449999809265137,8.449999809265137,8.449999809265137,0.0,6.366429805755615
2022-05-18,8.40999984741211,8.40999984741211,8.40999984741211,8.40999984741211,0.0,6.336291790008545
2022-05-20,8.34000015258789,8.34000015258789,8.34000015258789,8.34000015258789,0.0,6.283552169799805
2022-05-23,8.350000381469727,8.350000381469727,8.350000381469727,8.350000381469727,0.0,6.291085720062256
2022-05-24,8.34000015258789,8.34000015258789,8.34000015258789,8.34000015258789,0.0,6.283552169799805
2022-05-25,8.380000114440918,8.380000114440918,8.380000114440918,8.380000114440918,0.0,6.313687324523926
2022-05-31,8.569999694824219,8.569999694824219,8.569999694824219,8.569999694824219,0.0,6.456839084625244
2022-06-01,8.59000015258789,8.59000015258789,8.59000015258789,8.59000015258789,0.0,6.471904754638672
2022-06-03,8.5600004196167,8.5600004196167,8.5600004196167,8.5600004196167,0.0,6.4493021965026855
2022-06-07,8.510000228881836,8.510000228881836,8.510000228881836,8.510000228881836,0.0,6.411634922027588
2022-06-09,8.489999771118164,8.489999771118164,8.489999771118164,8.489999771118164,0.0,6.396564960479736
2022-06-10,8.300000190734863,8.300000190734863,8.300000190734863,8.300000190734863,0.0,6.253413200378418
2022-06-13,8.079999923706055,8.079999923706055,8.079999923706055,8.079999923706055,0.0,6.087660789489746
2022-06-15,8.010000228881836,8.010000228881836,8.010000228881836,8.010000228881836,0.0,6.034921646118164
2022-06-16,7.889999866485596,7.889999866485596,7.889999866485596,7.889999866485596,0.0,5.944510459899902
2022-06-17,7.909999847412109,7.909999847412109,7.909999847412109,7.909999847412109,0.0,5.959578990936279
2022-06-21,7.96999979019165,7.96999979019165,7.96999979019165,7.96999979019165,0.0,6.004784107208252
2022-06-22,7.940000057220459,7.940000057220459,7.940000057220459,7.940000057220459,0.0,5.982181549072266
2022-06-27,8.100000381469727,8.100000381469727,8.100000381469727,8.100000381469727,0.0,6.102729797363281
2022-06-29,8.010000228881836,8.010000228881836,8.010000228881836,8.010000228881836,0.0,6.034921646118164
2022-06-30,7.860000133514404,7.860000133514404,7.860000133514404,7.860000133514404,0.0,5.957610130310059
2022-07-01,7.929999828338623,7.929999828338623,7.929999828338623,7.929999828338623,0.0,6.010666370391846
2022-07-05,7.860000133514404,7.860000133514404,7.860000133514404,7.860000133514404,0.0,5.957610130310059
2022-07-07,7.980000019073486,7.980000019073486,7.980000019073486,7.980000019073486,0.0,6.048564434051514
2022-07-08,7.96999979019165,7.96999979019165,7.96999979019165,7.96999979019165,0.0,6.040986061096191
2022-07-11,7.960000038146973,7.960000038146973,7.960000038146973,7.960000038146973,0.0,6.0334062576293945
2022-07-13,7.889999866485596,7.889999866485596,7.889999866485596,7.889999866485596,0.0,5.9803466796875
2022-07-14,7.829999923706055,7.829999923706055,7.829999923706055,7.829999923706055,0.0,5.93487024307251
2022-07-15,7.909999847412109,7.909999847412109,7.909999847412109,7.909999847412109,0.0,5.99550724029541
2022-07-19,8.0,8.0,8.0,8.0,0.0,6.063724517822266
2022-07-20,8.0600004196167,8.0600004196167,8.0600004196167,8.0600004196167,0.0,6.109200477600098
2022-07-22,8.180000305175781,8.180000305175781,8.180000305175781,8.180000305175781,0.0,6.200157642364502
2022-07-25,8.170000076293945,8.170000076293945,8.170000076293945,8.170000076293945,0.0,6.19257926940918
2022-07-26,8.170000076293945,8.170000076293945,8.170000076293945,8.170000076293945,0.0,6.19257926940918
2022-07-27,8.170000076293945,8.170000076293945,8.170000076293945,8.170000076293945,0.0,6.19257926940918
2022-07-28,8.239999771118164,8.239999771118164,8.239999771118164,8.239999771118164,0.0,6.245635509490967
2022-07-29,8.289999961853027,8.289999961853027,8.289999961853027,8.289999961853027,0.0,6.320350646972656
2022-08-02,8.319999694824219,8.319999694824219,8.319999694824219,8.319999694824219,0.0,6.343222141265869
2022-08-04,8.359999656677246,8.359999656677246,8.359999656677246,8.359999656677246,0.0,6.373720169067383
2022-08-05,8.329999923706055,8.329999923706055,8.329999923706055,8.329999923706055,0.0,6.3508477210998535
2022-08-09,8.350000381469727,8.350000381469727,8.350000381469727,8.350000381469727,0.0,6.366095542907715
2022-08-10,8.40999984741211,8.40999984741211,8.40999984741211,8.40999984741211,0.0,6.411839485168457
2022-08-12,8.470000267028809,8.470000267028809,8.470000267028809,8.470000267028809,0.0,6.457583427429199
2022-08-17,8.479999542236328,8.479999542236328,8.479999542236328,8.479999542236328,0.0,6.465207576751709
2022-08-18,8.460000038146973,8.460000038146973,8.460000038146973,8.460000038146973,0.0,6.449960708618164
2022-08-19,8.40999984741211,8.40999984741211,8.40999984741211,8.40999984741211,0.0,6.411839485168457
2022-08-22,8.329999923706055,8.329999923706055,8.329999923706055,8.329999923706055,0.0,6.3508477210998535
2022-08-23,8.289999961853027,8.289999961853027,8.289999961853027,8.289999961853027,0.0,6.320350646972656
2022-08-24,8.260000228881836,8.260000228881836,8.260000228881836,8.260000228881836,0.0,6.29748010635376
2022-08-26,8.350000381469727,8.350000381469727,8.350000381469727,8.350000381469727,0.0,6.366095542907715
2022-08-29,8.1899995803833,8.1899995803833,8.1899995803833,8.1899995803833,0.0,6.244109630584717
2022-08-31,8.069999694824219,8.069999694824219,8.069999694824219,8.069999694824219,0.0,6.152622222900391
2022-09-01,7.96999979019165,7.96999979019165,7.96999979019165,7.96999979019165,0.0,6.076381206512451
2022-09-02,8.020000457763672,8.020000457763672,8.020000457763672,8.020000457763672,0.0,6.114501953125
2022-09-06,7.960000038146973,7.960000038146973,7.960000038146973,7.960000038146973,0.0,6.068758010864258
2022-09-07,7.949999809265137,7.949999809265137,7.949999809265137,7.949999809265137,0.0,6.061132431030273
2022-09-08,8.020000457763672,8.020000457763672,8.020000457763672,8.020000457763672,0.0,6.114501953125
2022-09-09,8.109999656677246,8.109999656677246,8.109999656677246,8.109999656677246,0.0,6.183116436004639
2022-09-12,8.1899995803833,8.1899995803833,8.1899995803833,8.1899995803833,0.0,6.244109630584717
2022-09-13,8.09000015258789,8.09000015258789,8.09000015258789,8.09000015258789,0.0,6.167870044708252
2022-09-14,7.989999771118164,7.989999771118164,7.989999771118164,7.989999771118164,0.0,6.091628551483154
2022-09-16,7.860000133514404,7.860000133514404,7.860000133514404,7.860000133514404,0.0,5.99251651763916
2022-09-20,7.840000152587891,7.840000152587891,7.840000152587891,7.840000152587891,0.0,5.977267742156982
2022-09-21,7.849999904632568,7.849999904632568,7.849999904632568,7.849999904632568,0.0,5.984892845153809
2022-09-22,7.730000019073486,7.730000019073486,7.730000019073486,7.730000019073486,0.0,5.893402099609375
2022-09-23,7.610000133514404,7.610000133514404,7.610000133514404,7.610000133514404,0.0,5.801915168762207
2022-09-26,7.550000190734863,7.550000190734863,7.550000190734863,7.550000190734863,0.0,5.756171226501465
2022-09-27,7.510000228881836,7.510000228881836,7.510000228881836,7.510000228881836,0.0,5.7256760597229
2022-09-28,7.449999809265137,7.449999809265137,7.449999809265137,7.449999809265137,0.0,5.679930210113525
2022-09-29,7.429999828338623,7.429999828338623,7.429999828338623,7.429999828338623,0.0,5.664681911468506
2022-09-30,7.400000095367432,7.400000095367432,7.400000095367432,7.400000095367432,0.0,5.67849588394165
2022-10-03,7.400000095367432,7.400000095367432,7.400000095367432,7.400000095367432,0.0,5.67849588394165
2022-10-05,7.579999923706055,7.579999923706055,7.579999923706055,7.579999923706055,0.0,5.816619396209717
2022-10-06,7.579999923706055,7.579999923706055,7.579999923706055,7.579999923706055,0.0,5.816619396209717
2022-10-10,7.440000057220459,7.440000057220459,7.440000057220459,7.440000057220459,0.0,5.709189414978027
2022-10-11,7.360000133514404,7.360000133514404,7.360000133514404,7.360000133514404,0.0,5.647799968719482
2022-10-12,7.369999885559082,7.369999885559082,7.369999885559082,7.369999885559082,0.0,5.655474662780762
2022-10-14,7.429999828338623,7.429999828338623,7.429999828338623,7.429999828338623,0.0,5.701515197753906
2022-10-17,7.440000057220459,7.440000057220459,7.440000057220459,7.440000057220459,0.0,5.709189414978027
2022-10-18,7.519999980926514,7.519999980926514,7.519999980926514,7.519999980926514,0.0,5.770578384399414
2022-10-19,7.449999809265137,7.449999809265137,7.449999809265137,7.449999809265137,0.0,5.716862678527832
2022-10-20,7.429999828338623,7.429999828338623,7.429999828338623,7.429999828338623,0.0,5.701515197753906
2022-10-21,7.389999866485596,7.389999866485596,7.389999866485596,7.389999866485596,0.0,5.6708197593688965
2022-10-24,7.480000019073486,7.480000019073486,7.480000019073486,7.480000019073486,0.0,5.739882946014404
2022-10-25,7.539999961853027,7.539999961853027,7.539999961853027,7.539999961853027,0.0,5.785925388336182
2022-10-26,7.579999923706055,7.579999923706055,7.579999923706055,7.579999923706055,0.0,5.816619396209717
2022-10-27,7.619999885559082,7.619999885559082,7.619999885559082,7.619999885559082,0.0,5.847315788269043
2022-10-28,7.630000114440918,7.630000114440918,7.630000114440918,7.630000114440918,0.0,5.854989051818848
2022-10-31,7.610000133514404,7.610000133514404,7.610000133514404,7.610000133514404,0.0,5.876609802246094
2022-11-02,7.599999904632568,7.599999904632568,7.599999904632568,7.599999904632568,0.0,5.868887901306152
2022-11-03,7.480000019073486,7.480000019073486,7.480000019073486,7.480000019073486,0.0,5.776220321655273
2022-11-04,7.539999961853027,7.539999961853027,7.539999961853027,7.539999961853027,0.0,5.822554588317871
2022-11-07,7.53000020980835,7.53000020980835,7.53000020980835,7.53000020980835,0.0,5.814831733703613
2022-11-09,7.559999942779541,7.559999942779541,7.559999942779541,7.559999942779541,0.0,5.83799934387207
2022-11-11,7.78000020980835,7.78000020980835,7.78000020980835,7.78000020980835,0.0,6.007888317108154
2022-11-14,7.789999961853027,7.789999961853027,7.789999961853027,7.789999961853027,0.0,6.01561164855957
2022-11-15,7.840000152587891,7.840000152587891,7.840000152587891,7.840000152587891,0.0,6.054221630096436
2022-11-16,7.809999942779541,7.809999942779541,7.809999942779541,7.809999942779541,0.0,6.031054973602295
2022-11-17,7.75,7.75,7.75,7.75,0.0,5.98472261428833
2022-11-18,7.800000190734863,7.800000190734863,7.800000190734863,7.800000190734863,0.0,6.023331642150879
2022-11-21,7.800000190734863,7.800000190734863,7.800000190734863,7.800000190734863,0.0,6.023331642150879
2022-11-22,7.820000171661377,7.820000171661377,7.820000171661377,7.820000171661377,0.0,6.038776397705078
2022-11-23,7.869999885559082,7.869999885559082,7.869999885559082,7.869999885559082,0.0,6.077387809753418
2022-11-25,7.909999847412109,7.909999847412109,7.909999847412109,7.909999847412109,0.0,6.108275890350342
2022-11-28,7.889999866485596,7.889999866485596,7.889999866485596,7.889999866485596,0.0,6.092832088470459
2022-11-30,7.820000171661377,7.820000171661377,7.820000171661377,7.820000171661377,0.0,6.038776397705078
2022-12-01,7.960000038146973,7.960000038146973,7.960000038146973,7.960000038146973,0.0,6.146888256072998
2022-12-02,7.920000076293945,7.920000076293945,7.920000076293945,7.920000076293945,0.0,6.1159987449646
2022-12-05,7.929999828338623,7.929999828338623,7.929999828338623,7.929999828338623,0.0,6.123722553253174
2022-12-06,7.880000114440918,7.880000114440918,7.880000114440918,7.880000114440918,0.0,6.085110187530518
2022-12-07,7.829999923706055,7.829999923706055,7.829999923706055,7.829999923706055,0.0,6.046500205993652
2022-12-08,7.860000133514404,7.860000133514404,7.860000133514404,7.860000133514404,0.0,6.069665431976318
2022-12-09,7.869999885559082,7.869999885559082,7.869999885559082,7.869999885559082,0.0,6.077387809753418
2022-12-12,7.849999904632568,7.849999904632568,7.849999904632568,7.849999904632568,0.0,6.061944484710693
2022-12-13,8.0,8.0,8.0,8.0,0.0,6.177777290344238
2022-12-15,7.869999885559082,7.869999885559082,7.869999885559082,7.869999885559082,0.0,6.077387809753418
2022-12-19,7.769999980926514,7.769999980926514,7.769999980926514,7.769999980926514,0.0,6.000165939331055
2022-12-20,7.730000019073486,7.730000019073486,7.730000019073486,7.730000019073486,0.0,5.969277381896973
2022-12-21,7.769999980926514,7.769999980926514,7.769999980926514,7.769999980926514,0.0,6.000165939331055
2022-12-22,7.760000228881836,7.760000228881836,7.760000228881836,7.760000228881836,0.0,5.992443561553955
2022-12-23,7.739999771118164,7.739999771118164,7.739999771118164,7.739999771118164,0.0,5.976999282836914
2022-12-28,7.760000228881836,7.760000228881836,7.760000228881836,7.760000228881836,0.0,5.992443561553955
2022-12-29,7.730000019073486,7.730000019073486,7.730000019073486,7.730000019073486,0.0,5.969277381896973
2022-12-30,7.679999828338623,7.679999828338623,7.679999828338623,7.679999828338623,0.0,5.967720985412598
2023-01-03,7.710000038146973,7.710000038146973,7.710000038146973,7.710000038146973,0.0,5.991034507751465
2023-01-05,7.739999771118164,7.739999771118164,7.739999771118164,7.739999771118164,0.0,6.014344215393066
2023-01-06,7.769999980926514,7.769999980926514,7.769999980926514,7.769999980926514,0.0,6.037655353546143
2023-01-09,7.900000095367432,7.900000095367432,7.900000095367432,7.900000095367432,0.0,6.138672828674316
2023-01-10,7.880000114440918,7.880000114440918,7.880000114440918,7.880000114440918,0.0,6.123132228851318
2023-01-11,7.929999828338623,7.929999828338623,7.929999828338623,7.929999828338623,0.0,6.161983489990234
2023-01-12,7.96999979019165,7.96999979019165,7.96999979019165,7.96999979019165,0.0,6.193066120147705
2023-01-13,8.0,8.0,8.0,8.0,0.0,6.216379165649414
2023-01-17,8.039999961853027,8.039999961853027,8.039999961853027,8.039999961853027,0.0,6.247458934783936
2023-01-18,8.069999694824219,8.069999694824219,8.069999694824219,8.069999694824219,0.0,6.270771026611328
2023-01-19,7.980000019073486,7.980000019073486,7.980000019073486,7.980000019073486,0.0,6.200838088989258
2023-01-20,7.980000019073486,7.980000019073486,7.980000019073486,7.980000019073486,0.0,6.200838088989258
2023-01-23,8.039999961853027,8.039999961853027,8.039999961853027,8.039999961853027,0.0,6.247458934783936
2023-01-24,8.039999961853027,8.039999961853027,8.039999961853027,8.039999961853027,0.0,6.247458934783936
2023-01-25,8.029999732971191,8.029999732971191,8.029999732971191,8.029999732971191,0.0,6.23969030380249
2023-01-26,8.079999923706055,8.079999923706055,8.079999923706055,8.079999923706055,0.0,6.2785420417785645
2023-01-27,8.109999656677246,8.109999656677246,8.109999656677246,8.109999656677246,0.0,6.301851749420166
2023-01-30,8.100000381469727,8.100000381469727,8.100000381469727,8.100000381469727,0.0,6.294083118438721
2023-02-01,8.079999923706055,8.079999923706055,8.079999923706055,8.079999923706055,0.0,6.315969944000244
2023-02-02,8.15999984741211,8.15999984741211,8.15999984741211,8.15999984741211,0.0,6.378504753112793
2023-02-03,8.149999618530273,8.149999618530273,8.149999618530273,8.149999618530273,0.0,6.370687484741211
2023-02-06,8.09000015258789,8.09000015258789,8.09000015258789,8.09000015258789,0.0,6.323787212371826
2023-02-07,8.0600004196167,8.0600004196167,8.0600004196167,8.0600004196167,0.0,6.30033540725708
2023-02-08,8.109999656677246,8.109999656677246,8.109999656677246,8.109999656677246,0.0,6.339418888092041
2023-02-10,8.020000457763672,8.020000457763672,8.020000457763672,8.020000457763672,0.0,6.269070148468018
2023-02-14,8.069999694824219,8.069999694824219,8.069999694824219,8.069999694824219,0.0,6.308152675628662
2023-02-15,8.029999732971191,8.029999732971191,8.029999732971191,8.029999732971191,0.0,6.2768874168396
2023-02-16,8.010000228881836,8.010000228881836,8.010000228881836,8.010000228881836,0.0,6.261252403259277
2023-02-17,7.96999979019165,7.96999979019165,7.96999979019165,7.96999979019165,0.0,6.229984283447266
2023-02-21,7.949999809265137,7.949999809265137,7.949999809265137,7.949999809265137,0.0,6.214350700378418
2023-02-22,7.909999847412109,7.909999847412109,7.909999847412109,7.909999847412109,0.0,6.183084964752197
2023-02-23,7.929999828338623,7.929999828338623,7.929999828338623,7.929999828338623,0.0,6.198716640472412
2023-02-27,7.920000076293945,7.920000076293945,7.920000076293945,7.920000076293945,0.0,6.190901279449463
2023-02-28,7.849999904632568,7.849999904632568,7.849999904632568,7.849999904632568,0.0,6.173600196838379
2023-03-02,7.800000190734863,7.800000190734863,7.800000190734863,7.800000190734863,0.0,6.13427734375
2023-03-03,7.860000133514404,7.860000133514404,7.860000133514404,7.860000133514404,0.0,6.181464195251465
2023-03-06,7.920000076293945,7.920000076293945,7.920000076293945,7.920000076293945,0.0,6.228651523590088
2023-03-07,7.900000095367432,7.900000095367432,7.900000095367432,7.900000095367432,0.0,6.212920665740967
2023-03-08,7.840000152587891,7.840000152587891,7.840000152587891,7.840000152587891,0.0,6.16573429107666
2023-03-09,7.829999923706055,7.829999923706055,7.829999923706055,7.829999923706055,0.0,6.157870769500732
2023-03-10,7.730000019073486,7.730000019073486,7.730000019073486,7.730000019073486,0.0,6.079226970672607
2023-03-13,7.690000057220459,7.690000057220459,7.690000057220459,7.690000057220459,0.0,6.0477681159973145
2023-03-14,7.71999979019165,7.71999979019165,7.71999979019165,7.71999979019165,0.0,6.0713605880737305
2023-03-15,7.630000114440918,7.630000114440918,7.630000114440918,7.630000114440918,0.0,6.000582695007324
2023-03-17,7.630000114440918,7.630000114440918,7.630000114440918,7.630000114440918,0.0,6.000582695007324
2023-03-20,7.630000114440918,7.630000114440918,7.630000114440918,7.630000114440918,0.0,6.000582695007324
2023-03-22,7.710000038146973,7.710000038146973,7.710000038146973,7.710000038146973,0.0,6.063497543334961
2023-03-23,7.710000038146973,7.710000038146973,7.710000038146973,7.710000038146973,0.0,6.063497543334961
2023-03-24,7.619999885559082,7.619999885559082,7.619999885559082,7.619999885559082,0.0,5.992715835571289
2023-03-28,7.679999828338623,7.679999828338623,7.679999828338623,7.679999828338623,0.0,6.0399041175842285
2023-03-29,7.730000019073486,7.730000019073486,7.730000019073486,7.730000019073486,0.0,6.079226970672607
2023-03-30,7.789999961853027,7.789999961853027,7.789999961853027,7.789999961853027,0.0,6.126412868499756
2023-03-31,7.78000020980835,7.78000020980835,7.78000020980835,7.78000020980835,0.0,6.156482219696045
2023-04-04,7.849999904632568,7.849999904632568,7.849999904632568,7.849999904632568,0.0,6.211876392364502
2023-04-05,7.829999923706055,7.829999923706055,7.829999923706055,7.829999923706055,0.0,6.196048736572266
2023-04-06,7.820000171661377,7.820000171661377,7.820000171661377,7.820000171661377,0.0,6.188135147094727
2023-04-12,7.900000095367432,7.900000095367432,7.900000095367432,7.900000095367432,0.0,6.251440525054932
2023-04-13,7.880000114440918,7.880000114440918,7.880000114440918,7.880000114440918,0.0,6.235613822937012
2023-04-14,7.929999828338623,7.929999828338623,7.929999828338623,7.929999828338623,0.0,6.275181770324707
2023-04-17,7.909999847412109,7.909999847412109,7.909999847412109,7.909999847412109,0.0,6.259352684020996
2023-04-18,7.929999828338623,7.929999828338623,7.929999828338623,7.929999828338623,0.0,6.275181770324707
2023-04-19,7.900000095367432,7.900000095367432,7.900000095367432,7.900000095367432,0.0,6.251440525054932
2023-04-20,7.889999866485596,7.889999866485596,7.889999866485596,7.889999866485596,0.0,6.243528842926025
2023-04-24,7.909999847412109,7.909999847412109,7.909999847412109,7.909999847412109,0.0,6.259352684020996
2023-04-25,7.889999866485596,7.889999866485596,7.889999866485596,7.889999866485596,0.0,6.243528842926025
2023-04-26,7.860000133514404,7.860000133514404,7.860000133514404,7.860000133514404,0.0,6.219789028167725
2023-04-27,7.860000133514404,7.860000133514404,7.860000133514404,7.860000133514404,0.0,6.219789028167725
2023-04-28,7.860000133514404,7.860000133514404,7.860000133514404,7.860000133514404,0.0,6.258005619049072
2023-05-02,7.849999904632568,7.849999904632568,7.849999904632568,7.849999904632568,0.0,6.250044345855713
2023-05-03,7.840000152587891,7.840000152587891,7.840000152587891,7.840000152587891,0.0,6.242081642150879
2023-05-04,7.789999961853027,7.789999961853027,7.789999961853027,7.789999961853027,0.0,6.202272415161133
2023-05-05,7.820000171661377,7.820000171661377,7.820000171661377,7.820000171661377,0.0,6.226157188415527
2023-05-08,7.840000152587891,7.840000152587891,7.840000152587891,7.840000152587891,0.0,6.242081642150879
2023-05-10,7.829999923706055,7.829999923706055,7.829999923706055,7.829999923706055,0.0,6.234119415283203
2023-05-11,7.809999942779541,7.809999942779541,7.809999942779541,7.809999942779541,0.0,6.218197345733643
2023-05-12,7.820000171661377,7.820000171661377,7.820000171661377,7.820000171661377,0.0,6.226157188415527
2023-05-15,7.809999942779541,7.809999942779541,7.809999942779541,7.809999942779541,0.0,6.218197345733643
2023-05-16,7.809999942779541,7.809999942779541,7.809999942779541,7.809999942779541,0.0,6.218197345733643
2023-05-17,7.78000020980835,7.78000020980835,7.78000020980835,7.78000020980835,0.0,6.194310188293457
2023-05-19,7.840000152587891,7.840000152587891,7.840000152587891,7.840000152587891,0.0,6.242081642150879
2023-05-22,7.829999923706055,7.829999923706055,7.829999923706055,7.829999923706055,0.0,6.234119415283203
2023-05-23,7.829999923706055,7.829999923706055,7.829999923706055,7.829999923706055,0.0,6.234119415283203
2023-05-24,7.769999980926514,7.769999980926514,7.769999980926514,7.769999980926514,0.0,6.186349391937256
2023-05-25,7.739999771118164,7.739999771118164,7.739999771118164,7.739999771118164,0.0,6.162463665008545
2023-05-26,7.75,7.75,7.75,7.75,0.0,6.170426845550537
2023-05-30,7.78000020980835,7.78000020980835,7.78000020980835,7.78000020980835,0.0,6.194310188293457
2023-05-31,7.699999809265137,7.699999809265137,7.699999809265137,7.699999809265137,0.0,6.168674945831299
2023-06-01,7.699999809265137,7.699999809265137,7.699999809265137,7.699999809265137,0.0,6.168674945831299
2023-06-02,7.78000020980835,7.78000020980835,7.78000020980835,7.78000020980835,0.0,6.232763767242432
2023-06-05,7.820000171661377,7.820000171661377,7.820000171661377,7.820000171661377,0.0,6.264810085296631
2023-06-06,7.809999942779541,7.809999942779541,7.809999942779541,7.809999942779541,0.0,6.256798267364502
2023-06-07,7.849999904632568,7.849999904632568,7.849999904632568,7.849999904632568,0.0,6.288845062255859
2023-06-08,7.829999923706055,7.829999923706055,7.829999923706055,7.829999923706055,0.0,6.272820949554443
2023-06-09,7.849999904632568,7.849999904632568,7.849999904632568,7.849999904632568,0.0,6.288845062255859
2023-06-12,7.860000133514404,7.860000133514404,7.860000133514404,7.860000133514404,0.0,6.296854019165039
2023-06-13,7.889999866485596,7.889999866485596,7.889999866485596,7.889999866485596,0.0,6.320888042449951
2023-06-14,7.909999847412109,7.909999847412109,7.909999847412109,7.909999847412109,0.0,6.336909294128418
2023-06-15,7.909999847412109,7.909999847412109,7.909999847412109,7.909999847412109,0.0,6.336909294128418
2023-06-16,7.949999809265137,7.949999809265137,7.949999809265137,7.949999809265137,0.0,6.368957042694092
2023-06-20,7.909999847412109,7.909999847412109,7.909999847412109,7.909999847412109,0.0,6.336909294128418
2023-06-21,7.889999866485596,7.889999866485596,7.889999866485596,7.889999866485596,0.0,6.320888042449951
2023-06-22,7.880000114440918,7.880000114440918,7.880000114440918,7.880000114440918,0.0,6.3128767013549805
2023-06-27,7.860000133514404,7.860000133514404,7.860000133514404,7.860000133514404,0.0,6.296854019165039
2023-06-28,7.880000114440918,7.880000114440918,7.880000114440918,7.880000114440918,0.0,6.3128767013549805
2023-06-29,7.889999866485596,7.889999866485596,7.889999866485596,7.889999866485596,0.0,6.320888042449951
2023-06-30,7.880000114440918,7.880000114440918,7.880000114440918,7.880000114440918,0.0,6.351517677307129
2023-07-03,7.909999847412109,7.909999847412109,7.909999847412109,7.909999847412109,0.0,6.375699520111084
2023-07-05,7.900000095367432,7.900000095367432,7.900000095367432,7.900000095367432,0.0,6.367640018463135
2023-07-06,7.840000152587891,7.840000152587891,7.840000152587891,7.840000152587891,0.0,6.319277286529541
2023-07-07,7.840000152587891,7.840000152587891,7.840000152587891,7.840000152587891,0.0,6.319277286529541
2023-07-10,7.849999904632568,7.849999904632568,7.849999904632568,7.849999904632568,0.0,6.327337265014648
2023-07-11,7.880000114440918,7.880000114440918,7.880000114440918,7.880000114440918,0.0,6.351517677307129
2023-07-12,7.949999809265137,7.949999809265137,7.949999809265137,7.949999809265137,0.0,6.407939434051514
2023-07-14,8.010000228881836,8.010000228881836,8.010000228881836,8.010000228881836,0.0,6.456301689147949
2023-07-18,8.0,8.0,8.0,8.0,0.0,6.448241710662842
2023-07-19,8.050000190734863,8.050000190734863,8.050000190734863,8.050000190734863,0.0,6.488543510437012
2023-07-20,8.039999961853027,8.039999961853027,8.039999961853027,8.039999961853027,0.0,6.480483055114746
2023-07-21,8.029999732971191,8.029999732971191,8.029999732971191,8.029999732971191,0.0,6.4724225997924805
2023-07-24,8.050000190734863,8.050000190734863,8.050000190734863,8.050000190734863,0.0,6.488543510437012
2023-07-25,8.050000190734863,8.050000190734863,8.050000190734863,8.050000190734863,0.0,6.488543510437012
2023-07-26,8.050000190734863,8.050000190734863,8.050000190734863,8.050000190734863,0.0,6.488543510437012
2023-07-27,8.09000015258789,8.09000015258789,8.09000015258789,8.09000015258789,0.0,6.520785331726074
2023-07-28,8.0600004196167,8.0600004196167,8.0600004196167,8.0600004196167,0.0,6.496603965759277
2023-07-31,8.029999732971191,8.029999732971191,8.029999732971191,8.029999732971191,0.0,6.5111985206604
2023-08-01,8.020000457763672,8.020000457763672,8.020000457763672,8.020000457763672,0.0,6.503091812133789
2023-08-02,7.96999979019165,7.96999979019165,7.96999979019165,7.96999979019165,0.0,6.462547302246094
2023-08-04,7.940000057220459,7.940000057220459,7.940000057220459,7.940000057220459,0.0,6.438220977783203
2023-08-07,7.949999809265137,7.949999809265137,7.949999809265137,7.949999809265137,0.0,6.446330547332764
2023-08-09,7.949999809265137,7.949999809265137,7.949999809265137,7.949999809265137,0.0,6.446330547332764
2023-08-10,7.980000019073486,7.980000019073486,7.980000019073486,7.980000019073486,0.0,6.470657825469971
2023-08-14,7.920000076293945,7.920000076293945,7.920000076293945,7.920000076293945,0.0,6.422003746032715
2023-08-16,7.869999885559082,7.869999885559082,7.869999885559082,7.869999885559082,0.0,6.381460189819336
2023-08-18,7.800000190734863,7.800000190734863,7.800000190734863,7.800000190734863,0.0,6.324700832366943
2023-08-21,7.809999942779541,7.809999942779541,7.809999942779541,7.809999942779541,0.0,6.332810878753662
2023-08-23,7.820000171661377,7.820000171661377,7.820000171661377,7.820000171661377,0.0,6.340919494628906
2023-08-24,7.869999885559082,7.869999885559082,7.869999885559082,7.869999885559082,0.0,6.381460189819336
2023-08-25,7.829999923706055,7.829999923706055,7.829999923706055,7.829999923706055,0.0,6.349027633666992
2023-08-28,7.860000133514404,7.860000133514404,7.860000133514404,7.860000133514404,0.0,6.373352527618408
2023-08-30,7.940000057220459,7.940000057220459,7.940000057220459,7.940000057220459,0.0,6.438220977783203
2023-08-31,7.889999866485596,7.889999866485596,7.889999866485596,7.889999866485596,0.0,6.43658971786499
2023-09-05,7.860000133514404,7.860000133514404,7.860000133514404,7.860000133514404,0.0,6.412116527557373
2023-09-06,7.829999923706055,7.829999923706055,7.829999923706055,7.829999923706055,0.0,6.38764238357544
2023-09-08,7.820000171661377,7.820000171661377,7.820000171661377,7.820000171661377,0.0,6.379485130310059
2023-09-11,7.840000152587891,7.840000152587891,7.840000152587891,7.840000152587891,0.0,6.3958001136779785
2023-09-12,7.840000152587891,7.840000152587891,7.840000152587891,7.840000152587891,0.0,6.3958001136779785
2023-09-13,7.840000152587891,7.840000152587891,7.840000152587891,7.840000152587891,0.0,6.3958001136779785
2023-09-14,7.869999885559082,7.869999885559082,7.869999885559082,7.869999885559082,0.0,6.420274257659912
2023-09-15,7.880000114440918,7.880000114440918,7.880000114440918,7.880000114440918,0.0,6.428433418273926
2023-09-18,7.840000152587891,7.840000152587891,7.840000152587891,7.840000152587891,0.0,6.3958001136779785
2023-09-19,7.840000152587891,7.840000152587891,7.840000152587891,7.840000152587891,0.0,6.3958001136779785
2023-09-21,7.769999980926514,7.769999980926514,7.769999980926514,7.769999980926514,0.0,6.338693618774414
2023-09-22,7.75,7.75,7.75,7.75,0.0,6.3223795890808105
2023-09-25,7.71999979019165,7.71999979019165,7.71999979019165,7.71999979019165,0.0,6.297904014587402
2023-09-27,7.679999828338623,7.679999828338623,7.679999828338623,7.679999828338623,0.0,6.265272617340088
2023-09-28,7.650000095367432,7.650000095367432,7.650000095367432,7.650000095367432,0.0,6.240800380706787
2023-09-29,7.650000095367432,7.650000095367432,7.650000095367432,7.650000095367432,0.0,6.280205249786377
2023-10-03,7.539999961853027,7.539999961853027,7.539999961853027,7.539999961853027,0.0,6.1899003982543945
2023-10-05,7.519999980926514,7.519999980926514,7.519999980926514,7.519999980926514,0.0,6.173483371734619
2023-10-06,7.480000019073486,7.480000019073486,7.480000019073486,7.480000019073486,0.0,6.140645980834961
2023-10-09,7.539999961853027,7.539999961853027,7.539999961853027,7.539999961853027,0.0,6.1899003982543945
2023-10-10,7.599999904632568,7.599999904632568,7.599999904632568,7.599999904632568,0.0,6.239157199859619
2023-10-11,7.639999866485596,7.639999866485596,7.639999866485596,7.639999866485596,0.0,6.271996021270752
2023-10-13,7.610000133514404,7.610000133514404,7.610000133514404,7.610000133514404,0.0,6.247366905212402
2023-10-16,7.599999904632568,7.599999904632568,7.599999904632568,7.599999904632568,0.0,6.239157199859619
2023-10-18,7.590000152587891,7.590000152587891,7.590000152587891,7.590000152587891,0.0,6.230949401855469
2023-10-20,7.5,7.5,7.5,7.5,0.0,6.157064437866211
2023-10-23,7.460000038146973,7.460000038146973,7.460000038146973,7.460000038146973,0.0,6.1242265701293945
2023-10-24,7.5,7.5,7.5,7.5,0.0,6.157064437866211
2023-10-25,7.480000019073486,7.480000019073486,7.480000019073486,7.480000019073486,0.0,6.140645980834961
2023-10-27,7.440000057220459,7.440000057220459,7.440000057220459,7.440000057220459,0.0,6.107807159423828
2023-10-30,7.440000057220459,7.440000057220459,7.440000057220459,7.440000057220459,0.0,6.107807159423828
2023-10-31,7.420000076293945,7.420000076293945,7.420000076293945,7.420000076293945,0.0,6.13094425201416
2023-11-02,7.570000171661377,7.570000171661377,7.570000171661377,7.570000171661377,0.0,6.254884719848633
2023-11-03,7.650000095367432,7.650000095367432,7.650000095367432,7.650000095367432,0.0,6.320985317230225
2023-11-06,7.659999847412109,7.659999847412109,7.659999847412109,7.659999847412109,0.0,6.329247951507568
2023-11-07,7.650000095367432,7.650000095367432,7.650000095367432,7.650000095367432,0.0,6.320985317230225
2023-11-09,7.659999847412109,7.659999847412109,7.659999847412109,7.659999847412109,0.0,6.329247951507568
2023-11-10,7.619999885559082,7.619999885559082,7.619999885559082,7.619999885559082,0.0,6.296197414398193
2023-11-13,7.639999866485596,7.639999866485596,7.639999866485596,7.639999866485596,0.0,6.312723159790039
2023-11-15,7.789999961853027,7.789999961853027,7.789999961853027,7.789999961853027,0.0,6.436664581298828
2023-11-16,7.789999961853027,7.789999961853027,7.789999961853027,7.789999961853027,0.0,6.436664581298828
2023-11-17,7.800000190734863,7.800000190734863,7.800000190734863,7.800000190734863,0.0,6.444926738739014
2023-11-20,7.809999942779541,7.809999942779541,7.809999942779541,7.809999942779541,0.0,6.453188896179199
2023-11-21,7.829999923706055,7.829999923706055,7.829999923706055,7.829999923706055,0.0,6.469715595245361
2023-11-22,7.849999904632568,7.849999904632568,7.849999904632568,7.849999904632568,0.0,6.486241817474365
2023-11-24,7.860000133514404,7.860000133514404,7.860000133514404,7.860000133514404,0.0,6.494502544403076
2023-11-27,7.849999904632568,7.849999904632568,7.849999904632568,7.849999904632568,0.0,6.486241817474365
2023-11-28,7.860000133514404,7.860000133514404,7.860000133514404,7.860000133514404,0.0,6.494502544403076
2023-11-29,7.909999847412109,7.909999847412109,7.909999847412109,7.909999847412109,0.0,6.5358171463012695
2023-11-30,7.849999904632568,7.849999904632568,7.849999904632568,7.849999904632568,0.0,6.525843143463135
2023-12-01,7.860000133514404,7.860000133514404,7.860000133514404,7.860000133514404,0.0,6.534154891967773
2023-12-04,7.900000095367432,7.900000095367432,7.900000095367432,7.900000095367432,0.0,6.56740665435791
2023-12-05,7.889999866485596,7.889999866485596,7.889999866485596,7.889999866485596,0.0,6.559094429016113
2023-12-06,7.920000076293945,7.920000076293945,7.920000076293945,7.920000076293945,0.0,6.584033966064453
2023-12-07,7.900000095367432,7.900000095367432,7.900000095367432,7.900000095367432,0.0,6.56740665435791
2023-12-11,7.920000076293945,7.920000076293945,7.920000076293945,7.920000076293945,0.0,6.584033966064453
2023-12-12,7.929999828338623,7.929999828338623,7.929999828338623,7.929999828338623,0.0,6.59234619140625
2023-12-13,7.949999809265137,7.949999809265137,7.949999809265137,7.949999809265137,0.0,6.608972072601318
2023-12-14,8.09000015258789,8.09000015258789,8.09000015258789,8.09000015258789,0.0,6.725357055664063
2023-12-15,8.079999923706055,8.079999923706055,8.079999923706055,8.079999923706055,0.0,6.717043876647949
2023-12-18,8.09000015258789,8.09000015258789,8.09000015258789,8.09000015258789,0.0,6.725357055664063
2023-12-19,8.109999656677246,8.109999656677246,8.109999656677246,8.109999656677246,0.0,6.741982936859131
2023-12-20,8.130000114440918,8.130000114440918,8.130000114440918,8.130000114440918,0.0,6.758608818054199
2023-12-21,8.109999656677246,8.109999656677246,8.109999656677246,8.109999656677246,0.0,6.741982936859131
2023-12-22,8.140000343322754,8.140000343322754,8.140000343322754,8.140000343322754,0.0,6.766924381256104
2023-12-27,8.170000076293945,8.170000076293945,8.170000076293945,8.170000076293945,0.0,6.791861534118652
2023-12-28,8.1899995803833,8.1899995803833,8.1899995803833,8.1899995803833,0.0,6.808487415313721
2023-12-29,8.140000343322754,8.140000343322754,8.140000343322754,8.140000343322754,0.0,6.806818008422852
2024-01-09,8.079999923706055,8.079999923706055,8.079999923706055,8.079999923706055,0.0,6.756643295288086
2024-01-10,8.100000381469727,8.100000381469727,8.100000381469727,8.100000381469727,0.0,6.7733683586120605
2024-01-11,8.109999656677246,8.109999656677246,8.109999656677246,8.109999656677246,0.0,6.781728744506836
2024-01-12,8.130000114440918,8.130000114440918,8.130000114440918,8.130000114440918,0.0,6.7984538078308105
2024-01-16,8.09000015258789,8.09000015258789,8.09000015258789,8.09000015258789,0.0,6.765005588531494
2024-01-17,8.050000190734863,8.050000190734863,8.050000190734863,8.050000190734863,0.0,6.731557846069336
2024-01-18,8.039999961853027,8.039999961853027,8.039999961853027,8.039999961853027,0.0,6.723194122314453
2024-01-19,8.069999694824219,8.069999694824219,8.069999694824219,8.069999694824219,0.0,6.748282432556152
2024-01-22,8.119999885559082,8.119999885559082,8.119999885559082,8.119999885559082,0.0,6.790092468261719
2024-01-23,8.119999885559082,8.119999885559082,8.119999885559082,8.119999885559082,0.0,6.790092468261719
2024-01-24,8.140000343322754,8.140000343322754,8.140000343322754,8.140000343322754,0.0,6.806818008422852
2024-01-29,8.170000076293945,8.170000076293945,8.170000076293945,8.170000076293945,0.0,6.831901550292969
2024-01-30,8.1899995803833,8.1899995803833,8.1899995803833,8.1899995803833,0.0,6.848626613616943
2024-01-31,8.140000343322754,8.140000343322754,8.140000343322754,8.140000343322754,0.0,6.846944808959961
2024-02-01,8.109999656677246,8.109999656677246,8.109999656677246,8.109999656677246,0.0,6.821710109710693
2024-02-02,8.119999885559082,8.119999885559082,8.119999885559082,8.119999885559082,0.0,6.83012056350708
2024-02-05,8.109999656677246,8.109999656677246,8.109999656677246,8.109999656677246,0.0,6.821710109710693
2024-02-06,8.119999885559082,8.119999885559082,8.119999885559082,8.119999885559082,0.0,6.83012056350708
2024-02-08,8.140000343322754,8.140000343322754,8.140000343322754,8.140000343322754,0.0,6.846944808959961
2024-02-12,8.170000076293945,8.170000076293945,8.170000076293945,8.170000076293945,0.0,6.87217903137207
2024-02-13,8.100000381469727,8.100000381469727,8.100000381469727,8.100000381469727,0.0,6.81329870223999
2024-02-14,8.119999885559082,8.119999885559082,8.119999885559082,8.119999885559082,0.0,6.83012056350708
2024-02-15,8.15999984741211,8.15999984741211,8.15999984741211,8.15999984741211,0.0,6.863769054412842
2024-02-16,8.15999984741211,8.15999984741211,8.15999984741211,8.15999984741211,0.0,6.863769054412842
2024-02-20,8.170000076293945,8.170000076293945,8.170000076293945,8.170000076293945,0.0,6.87217903137207
2024-02-21,8.170000076293945,8.170000076293945,8.170000076293945,8.170000076293945,0.0,6.87217903137207
2024-02-22,8.220000267028809,8.220000267028809,8.220000267028809,8.220000267028809,0.0,6.914237022399902
2024-02-23,8.239999771118164,8.239999771118164,8.239999771118164,8.239999771118164,0.0,6.931059837341309
2024-02-26,8.25,8.25,8.25,8.25,0.0,6.939472198486328
2024-02-27,8.229999542236328,8.229999542236328,8.229999542236328,8.229999542236328,0.0,6.9226484298706055
2024-02-28,8.210000038146973,8.210000038146973,8.210000038146973,8.210000038146973,0.0,6.905826568603516
2024-03-01,8.180000305175781,8.180000305175781,8.180000305175781,8.180000305175781,0.0,6.921054840087891
2024-03-04,8.210000038146973,8.210000038146973,8.210000038146973,8.210000038146973,0.0,6.946438312530518
2024-03-05,8.210000038146973,8.210000038146973,8.210000038146973,8.210000038146973,0.0,6.946438312530518
2024-03-06,8.220000267028809,8.220000267028809,8.220000267028809,8.220000267028809,0.0,6.954899311065674
2024-03-07,8.25,8.25,8.25,8.25,0.0,6.980281829833984
2024-03-08,8.270000457763672,8.270000457763672,8.270000457763672,8.270000457763672,0.0,6.997205257415772
2024-03-11,8.25,8.25,8.25,8.25,0.0,6.980281829833984
2024-03-12,8.289999961853027,8.289999961853027,8.289999961853027,8.289999961853027,0.0,7.014124870300293
2024-03-13,8.300000190734863,8.300000190734863,8.300000190734863,8.300000190734863,0.0,7.022586822509766
2024-03-14,8.270000457763672,8.270000457763672,8.270000457763672,8.270000457763672,0.0,6.997205257415772
2024-03-15,8.260000228881836,8.260000228881836,8.260000228881836,8.260000228881836,0.0,6.988742828369141
2024-03-19,8.270000457763672,8.270000457763672,8.270000457763672,8.270000457763672,0.0,6.997205257415772
2024-03-20,8.289999961853027,8.289999961853027,8.289999961853027,8.289999961853027,0.0,7.014124870300293
2024-03-21,8.359999656677246,8.359999656677246,8.359999656677246,8.359999656677246,0.0,7.073352336883545
2024-03-22,8.34000015258789,8.34000015258789,8.34000015258789,8.34000015258789,0.0,7.056430339813232
2024-03-26,8.34000015258789,8.34000015258789,8.34000015258789,8.34000015258789,0.0,7.056430339813232
2024-03-27,8.34000015258789,8.34000015258789,8.34000015258789,8.34000015258789,0.0,7.056430339813232
2024-03-28,8.329999923706055,8.329999923706055,8.329999923706055,8.329999923706055,0.0,7.088768005371094
2024-04-02,8.270000457763672,8.270000457763672,8.270000457763672,8.270000457763672,0.0,7.037707805633545
2024-04-03,8.270000457763672,8.270000457763672,8.270000457763672,8.270000457763672,0.0,7.037707805633545
2024-04-04,8.3100004196167,8.3100004196167,8.3100004196167,8.3100004196167,0.0,7.071748733520508
2024-04-05,8.25,8.25,8.25,8.25,0.0,7.020688533782959
2024-04-08,8.270000457763672,8.270000457763672,8.270000457763672,8.270000457763672,0.0,7.037707805633545
2024-04-09,8.289999961853027,8.289999961853027,8.289999961853027,8.289999961853027,0.0,7.054727554321289
2024-04-10,8.239999771118164,8.239999771118164,8.239999771118164,8.239999771118164,0.0,7.012178897857666
2024-04-11,8.229999542236328,8.229999542236328,8.229999542236328,8.229999542236328,0.0,7.00366735458374
2024-04-12,8.210000038146973,8.210000038146973,8.210000038146973,8.210000038146973,0.0,6.986649036407471
2024-04-15,8.210000038146973,8.210000038146973,8.210000038146973,8.210000038146973,0.0,6.986649036407471
2024-04-16,8.100000381469727,8.100000381469727,8.100000381469727,8.100000381469727,0.0,6.893040657043457
2024-04-17,8.109999656677246,8.109999656677246,8.109999656677246,8.109999656677246,0.0,6.901548862457275
2024-04-18,8.09000015258789,8.09000015258789,8.09000015258789,8.09000015258789,0.0,6.8845295906066895
2024-04-19,8.09000015258789,8.09000015258789,8.09000015258789,8.09000015258789,0.0,6.8845295906066895
2024-04-22,8.100000381469727,8.100000381469727,8.100000381469727,8.100000381469727,0.0,6.893040657043457
2024-04-23,8.149999618530273,8.149999618530273,8.149999618530273,8.149999618530273,0.0,6.935588836669922
2024-04-24,8.180000305175781,8.180000305175781,8.180000305175781,8.180000305175781,0.0,6.961119651794434
2024-04-25,8.119999885559082,8.119999885559082,8.119999885559082,8.119999885559082,0.0,6.910059928894043
2024-04-26,8.170000076293945,8.170000076293945,8.170000076293945,8.170000076293945,0.0,6.952609062194824
2024-04-29,8.199999809265137,8.199999809265137,8.199999809265137,8.199999809265137,0.0,6.978137969970703
2024-04-30,8.140000343322754,8.140000343322754,8.140000343322754,8.140000343322754,0.0,6.967868804931641
2024-05-02,8.09000015258789,8.09000015258789,8.09000015258789,8.09000015258789,0.0,6.925065994262695
2024-05-03,8.15999984741211,8.15999984741211,8.15999984741211,8.15999984741211,0.0,6.984987735748291
2024-05-06,8.180000305175781,8.180000305175781,8.180000305175781,8.180000305175781,0.0,7.002107620239258
2024-05-07,8.220000267028809,8.220000267028809,8.220000267028809,8.220000267028809,0.0,7.036347389221191
2024-05-08,8.220000267028809,8.220000267028809,8.220000267028809,8.220000267028809,0.0,7.036347389221191
2024-05-13,8.289999961853027,8.289999961853027,8.289999961853027,8.289999961853027,0.0,7.096266746520996
2024-05-14,8.279999732971191,8.279999732971191,8.279999732971191,8.279999732971191,0.0,7.087707996368408
2024-05-15,8.319999694824219,8.319999694824219,8.319999694824219,8.319999694824219,0.0,7.1219482421875
2024-05-16,8.350000381469727,8.350000381469727,8.350000381469727,8.350000381469727,0.0,7.147630214691162
2024-05-17,8.34000015258789,8.34000015258789,8.34000015258789,8.34000015258789,0.0,7.139067649841309
2024-05-21,8.34000015258789,8.34000015258789,8.34000015258789,8.34000015258789,0.0,7.139067649841309
2024-05-22,8.34000015258789,8.34000015258789,8.34000015258789,8.34000015258789,0.0,7.139067649841309
2024-05-23,8.3100004196167,8.3100004196167,8.3100004196167,8.3100004196167,0.0,7.113388538360596
2024-05-24,8.279999732971191,8.279999732971191,8.279999732971191,8.279999732971191,0.0,7.087707996368408
2024-05-28,8.289999961853027,8.289999961853027,8.289999961853027,8.289999961853027,0.0,7.096266746520996
2024-05-30,8.220000267028809,8.220000267028809,8.220000267028809,8.220000267028809,0.0,7.036347389221191
2024-05-31,8.1899995803833,8.1899995803833,8.1899995803833,8.1899995803833,0.0,7.051843166351318
2024-06-03,8.239999771118164,8.239999771118164,8.239999771118164,8.239999771118164,0.0,7.094897747039795
2024-06-04,8.220000267028809,8.220000267028809,8.220000267028809,8.220000267028809,0.0,7.077676773071289
2024-06-05,8.239999771118164,8.239999771118164,8.239999771118164,8.239999771118164,0.0,7.094897747039795
2024-06-06,8.279999732971191,8.279999732971191,8.279999732971191,8.279999732971191,0.0,7.129338264465332
2024-06-07,8.260000228881836,8.260000228881836,8.260000228881836,8.260000228881836,0.0,7.112117767333984
2024-06-10,8.239999771118164,8.239999771118164,8.239999771118164,8.239999771118164,0.0,7.094897747039795
2024-06-11,8.229999542236328,8.229999542236328,8.229999542236328,8.229999542236328,0.0,7.086287021636963
2024-06-12,8.300000190734863,8.300000190734863,8.300000190734863,8.300000190734863,0.0,7.14655876159668
2024-06-13,8.270000457763672,8.270000457763672,8.270000457763672,8.270000457763672,0.0,7.120728015899658
2024-06-14,8.260000228881836,8.260000228881836,8.260000228881836,8.260000228881836,0.0,7.112117767333984
2024-06-17,8.25,8.25,8.25,8.25,0.0,7.103507995605469
2024-06-18,8.300000190734863,8.300000190734863,8.300000190734863,8.300000190734863,0.0,7.14655876159668
2024-06-20,8.319999694824219,8.319999694824219,8.319999694824219,8.319999694824219,0.0,7.163780689239502
2024-06-21,8.3100004196167,8.3100004196167,8.3100004196167,8.3100004196167,0.0,7.155170917510986
2024-06-24,8.34000015258789,8.34000015258789,8.34000015258789,8.34000015258789,0.0,7.181000232696533
2024-06-25,8.329999923706055,8.329999923706055,8.329999923706055,8.329999923706055,0.0,7.172391414642334
2024-06-26,8.300000190734863,8.300000190734863,8.300000190734863,8.300000190734863,0.0,7.14655876159668
2024-06-27,8.3100004196167,8.3100004196167,8.3100004196167,8.3100004196167,0.0,7.155170917510986
2024-06-28,8.279999732971191,8.279999732971191,8.279999732971191,8.279999732971191,0.0,7.170757293701172
2024-07-01,8.279999732971191,8.279999732971191,8.279999732971191,8.279999732971191,0.0,7.170757293701172
2024-07-02,8.25,8.25,8.25,8.25,0.0,7.144776344299316
2024-07-03,8.289999961853027,8.289999961853027,8.289999961853027,8.289999961853027,0.0,7.179417133331299
2024-07-05,8.300000190734863,8.300000190734863,8.300000190734863,8.300000190734863,0.0,7.188077926635742
2024-07-08,8.329999923706055,8.329999923706055,8.329999923706055,8.329999923706055,0.0,7.214059829711914
2024-07-09,8.319999694824219,8.319999694824219,8.319999694824219,8.319999694824219,0.0,7.205400466918945
2024-07-10,8.329999923706055,8.329999923706055,8.329999923706055,8.329999923706055,0.0,7.214059829711914
2024-07-11,8.399999618530273,8.399999618530273,8.399999618530273,8.399999618530273,0.0,7.274681568145752
2024-07-12,8.40999984741211,8.40999984741211,8.40999984741211,8.40999984741211,0.0,7.283342361450195
2024-07-15,8.430000305175781,8.430000305175781,8.430000305175781,8.430000305175781,0.0,7.300663471221924
2024-07-16,8.449999809265137,8.449999809265137,8.449999809265137,8.449999809265137,0.0,7.317983627319336
2024-07-17,8.460000038146973,8.460000038146973,8.460000038146973,8.460000038146973,0.0,7.326644420623779
2024-07-18,8.449999809265137,8.449999809265137,8.449999809265137,8.449999809265137,0.0,7.317983627319336
2024-07-19,8.390000343322754,8.390000343322754,8.390000343322754,8.390000343322754,0.0,7.266021251678467
2024-07-22,8.390000343322754,8.390000343322754,8.390000343322754,8.390000343322754,0.0,7.266021251678467
2024-07-23,8.40999984741211,8.40999984741211,8.40999984741211,8.40999984741211,0.0,7.283342361450195
2024-07-24,8.359999656677246,8.359999656677246,8.359999656677246,8.359999656677246,0.0,7.240042686462402
2024-07-25,8.329999923706055,8.329999923706055,8.329999923706055,8.329999923706055,0.0,7.214059829711914
2024-07-26,8.359999656677246,8.359999656677246,8.359999656677246,8.359999656677246,0.0,7.240042686462402
2024-07-29,8.390000343322754,8.390000343322754,8.390000343322754,8.390000343322754,0.0,7.266021251678467
2024-07-30,8.40999984741211,8.40999984741211,8.40999984741211,8.40999984741211,0.0,7.283342361450195
2024-07-31,8.369999885559082,8.369999885559082,8.369999885559082,8.369999885559082,0.0,7.290310382843018
2024-08-01,8.399999618530273,8.399999618530273,8.399999618530273,8.399999618530273,0.0,7.316440105438232
2024-08-02,8.279999732971191,8.279999732971191,8.279999732971191,8.279999732971191,0.0,7.211920261383057
2024-08-05,8.130000114440918,8.130000114440918,8.130000114440918,8.130000114440918,0.0,7.081269264221191
2024-08-06,8.15999984741211,8.15999984741211,8.15999984741211,8.15999984741211,0.0,7.107398986816406
2024-08-07,8.229999542236328,8.229999542236328,8.229999542236328,8.229999542236328,0.0,7.168369770050049
2024-08-08,8.1899995803833,8.1899995803833,8.1899995803833,8.1899995803833,0.0,7.133528232574463
2024-08-09,8.220000267028809,8.220000267028809,8.220000267028809,8.220000267028809,0.0,7.159660816192627
2024-08-12,8.229999542236328,8.229999542236328,8.229999542236328,8.229999542236328,0.0,7.168369770050049
2024-08-13,8.270000457763672,8.270000457763672,8.270000457763672,8.270000457763672,0.0,7.203209400177002
2024-08-14,8.3100004196167,8.3100004196167,8.3100004196167,8.3100004196167,0.0,7.238051891326904
2024-08-16,8.390000343322754,8.390000343322754,8.390000343322754,8.390000343322754,0.0,7.307730197906494
2024-08-19,8.420000076293945,8.420000076293945,8.420000076293945,8.420000076293945,0.0,7.333861827850342
2024-08-20,8.460000038146973,8.460000038146973,8.460000038146973,8.460000038146973,0.0,7.368701457977295
2024-08-21,8.460000038146973,8.460000038146973,8.460000038146973,8.460000038146973,0.0,7.368701457977295
2024-08-22,8.470000267028809,8.470000267028809,8.470000267028809,8.470000267028809,0.0,7.3774094581604
2024-08-23,8.470000267028809,8.470000267028809,8.470000267028809,8.470000267028809,0.0,7.3774094581604
2024-08-26,8.520000457763672,8.520000457763672,8.520000457763672,8.520000457763672,0.0,7.420960903167725
2024-08-27,8.489999771118164,8.489999771118164,8.489999771118164,8.489999771118164,0.0,7.394830703735352
2024-08-28,8.510000228881836,8.510000228881836,8.510000228881836,8.510000228881836,0.0,7.41225004196167
2024-08-29,8.5,8.5,8.5,8.5,0.0,7.40354061126709
2024-08-30,8.470000267028809,8.470000267028809,8.470000267028809,8.470000267028809,0.0,7.419306755065918
2024-09-03,8.460000038146973,8.460000038146973,8.460000038146973,8.460000038146973,0.0,7.410549163818359
2024-09-04,8.420000076293945,8.420000076293945,8.420000076293945,8.420000076293945,0.0,7.375511646270752
2024-09-05,8.40999984741211,8.40999984741211,8.40999984741211,8.40999984741211,0.0,7.366751194000244
2024-09-06,8.390000343322754,8.390000343322754,8.390000343322754,8.390000343322754,0.0,7.349231243133545
2024-09-09,8.369999885559082,8.369999885559082,8.369999885559082,8.369999885559082,0.0,7.331713676452637
2024-09-10,8.380000114440918,8.380000114440918,8.380000114440918,8.380000114440918,0.0,7.34047269821167
2024-09-11,8.34000015258789,8.34000015258789,8.34000015258789,8.34000015258789,0.0,7.3054351806640625
2024-09-12,8.399999618530273,8.399999618530273,8.399999618530273,8.399999618530273,0.0,7.3579912185668945
2024-09-13,8.470000267028809,8.470000267028809,8.470000267028809,8.470000267028809,0.0,7.419306755065918
2024-09-16,8.5,8.5,8.5,8.5,0.0,7.445586681365967
2024-09-17,8.520000457763672,8.520000457763672,8.520000457763672,8.520000457763672,0.0,7.46310567855835
2024-09-18,8.510000228881836,8.510000228881836,8.510000228881836,8.510000228881836,0.0,7.454345226287842
2024-09-19,8.550000190734863,8.550000190734863,8.550000190734863,8.550000190734863,0.0,7.489384174346924
2024-09-20,8.539999961853027,8.539999961853027,8.539999961853027,8.539999961853027,0.0,7.480623722076416
2024-09-23,8.5600004196167,8.5600004196167,8.5600004196167,8.5600004196167,0.0,7.498145580291748
2024-09-24,8.569999694824219,8.569999694824219,8.569999694824219,8.569999694824219,0.0,7.506904602050781
2024-09-25,8.579999923706055,8.579999923706055,8.579999923706055,8.579999923706055,0.0,7.515663146972656
2024-09-26,8.600000381469727,8.600000381469727,8.600000381469727,8.600000381469727,0.0,7.533182621002197
2024-09-27,8.609999656677246,8.609999656677246,8.609999656677246,8.609999656677246,0.0,7.5419416427612305
2024-09-30,8.550000190734863,8.550000190734863,8.550000190734863,8.550000190734863,0.0,7.531371593475342
2024-10-01,8.550000190734863,8.550000190734863,8.550000190734863,8.550000190734863,0.0,7.531371593475342
2024-10-02,8.529999732971191,8.529999732971191,8.529999732971191,8.529999732971191,0.0,7.513753890991211
2024-10-03,8.510000228881836,8.510000228881836,8.510000228881836,8.510000228881836,0.0,7.496136665344238
2024-10-04,8.529999732971191,8.529999732971191,8.529999732971191,8.529999732971191,0.0,7.513753890991211
2024-10-07,8.529999732971191,8.529999732971191,8.529999732971191,8.529999732971191,0.0,7.513753890991211
2024-10-08,8.510000228881836,8.510000228881836,8.510000228881836,8.510000228881836,0.0,7.496136665344238
2024-10-09,8.539999961853027,8.539999961853027,8.539999961853027,8.539999961853027,0.0,7.522562026977539
2024-10-10,8.550000190734863,8.550000190734863,8.550000190734863,8.550000190734863,0.0,7.531371593475342
2024-10-11,8.569999694824219,8.569999694824219,8.569999694824219,8.569999694824219,0.0,7.548988819122314
2024-10-14,8.609999656677246,8.609999656677246,8.609999656677246,8.609999656677246,0.0,7.584222316741943
2024-10-15,8.640000343322754,8.640000343322754,8.640000343322754,8.640000343322754,0.0,7.61064863204956
2024-10-16,8.609999656677246,8.609999656677246,8.609999656677246,8.609999656677246,0.0,7.584222316741943
2024-10-17,8.630000114440918,8.630000114440918,8.630000114440918,8.630000114440918,0.0,7.601840972900391
2024-10-18,8.630000114440918,8.630000114440918,8.630000114440918,8.630000114440918,0.0,7.601840972900391
2024-10-21,8.630000114440918,8.630000114440918,8.630000114440918,8.630000114440918,0.0,7.601840972900391
2024-10-22,8.59000015258789,8.59000015258789,8.59000015258789,8.59000015258789,0.0,7.566606044769287
2024-10-23,8.59000015258789,8.59000015258789,8.59000015258789,8.59000015258789,0.0,7.566606044769287
2024-10-24,8.569999694824219,8.569999694824219,8.569999694824219,8.569999694824219,0.0,7.548988819122314
2024-10-25,8.579999923706055,8.579999923706055,8.579999923706055,8.579999923706055,0.0,7.557798862457275
2024-10-28,8.579999923706055,8.579999923706055,8.579999923706055,8.579999923706055,0.0,7.557798862457275
2024-10-29,8.569999694824219,8.569999694824219,8.569999694824219,8.569999694824219,0.0,7.548988819122314
2024-10-30,8.5600004196167,8.5600004196167,8.5600004196167,8.5600004196167,0.0,7.540180206298828
2024-10-31,8.4399995803833,8.4399995803833,8.4399995803833,8.4399995803833,0.0,7.476399898529053
2024-11-04,8.460000038146973,8.460000038146973,8.460000038146973,8.460000038146973,0.0,7.494117259979248
2024-11-05,8.449999809265137,8.449999809265137,8.449999809265137,8.449999809265137,0.0,7.485259532928467
2024-11-06,8.529999732971191,8.529999732971191,8.529999732971191,8.529999732971191,0.0,7.556125164031982
2024-11-07,8.59000015258789,8.59000015258789,8.59000015258789,8.59000015258789,0.0,7.609274864196777
2024-11-08,8.609999656677246,8.609999656677246,8.609999656677246,8.609999656677246,0.0,7.626991271972656
2024-11-11,8.640000343322754,8.640000343322754,8.640000343322754,8.640000343322754,0.0,7.653566360473633
2024-11-12,8.609999656677246,8.609999656677246,8.609999656677246,8.609999656677246,0.0,7.626991271972656
2024-11-13,8.579999923706055,8.579999923706055,8.579999923706055,8.579999923706055,0.0,7.600418567657471
2024-11-14,8.579999923706055,8.579999923706055,8.579999923706055,8.579999923706055,0.0,7.600418567657471
2024-11-15,8.520000457763672,8.520000457763672,8.520000457763672,8.520000457763672,0.0,7.547266483306885
2024-11-18,8.5,8.5,8.5,8.5,0.0,7.529549598693848
2024-11-19,8.489999771118164,8.489999771118164,8.489999771118164,8.489999771118164,0.0,7.520691394805908
2024-11-20,8.510000228881836,8.510000228881836,8.510000228881836,8.510000228881836,0.0,7.538408756256103
2024-11-21,8.539999961853027,8.539999961853027,8.539999961853027,8.539999961853027,0.0,7.564983367919922
2024-11-22,8.59000015258789,8.59000015258789,8.59000015258789,8.59000015258789,0.0,7.609274864196777
2024-11-25,8.649999618530273,8.649999618530273,8.649999618530273,8.649999618530273,0.0,7.662425994873047
2024-11-26,8.640000343322754,8.640000343322754,8.640000343322754,8.640000343322754,0.0,7.653566360473633
2024-11-27,8.65999984741211,8.65999984741211,8.65999984741211,8.65999984741211,0.0,7.6712822914123535
2024-11-29,8.609999656677246,8.609999656677246,8.609999656677246,8.609999656677246,0.0,7.67083740234375
2024-12-02,8.619999885559082,8.619999885559082,8.619999885559082,8.619999885559082,0.0,7.679746150970459
2024-12-03,8.630000114440918,8.630000114440918,8.630000114440918,8.630000114440918,0.0,7.688657283782959
2024-12-04,8.640000343322754,8.640000343322754,8.640000343322754,8.640000343322754,0.0,7.69756555557251
2024-12-05,8.640000343322754,8.640000343322754,8.640000343322754,8.640000343322754,0.0,7.69756555557251
2024-12-06,8.640000343322754,8.640000343322754,8.640000343322754,8.640000343322754,0.0,7.69756555557251
2024-12-09,8.640000343322754,8.640000343322754,8.640000343322754,8.640000343322754,0.0,7.69756555557251
2024-12-10,8.600000381469727,8.600000381469727,8.600000381469727,8.600000381469727,0.0,7.661929130554199
2024-12-11,8.600000381469727,8.600000381469727,8.600000381469727,8.600000381469727,0.0,7.661929130554199
2024-12-12,8.59000015258789,8.59000015258789,8.59000015258789,8.59000015258789,0.0,7.653018474578857
2024-12-13,8.5600004196167,8.5600004196167,8.5600004196167,8.5600004196167,0.0,7.62629222869873
2024-12-16,8.5600004196167,8.5600004196167,8.5600004196167,8.5600004196167,0.0,7.62629222869873
2024-12-17,8.529999732971191,8.529999732971191,8.529999732971191,8.529999732971191,0.0,7.599564075469971
2024-12-18,8.520000457763672,8.520000457763672,8.520000457763672,8.520000457763672,0.0,7.590654373168945
2024-12-19,8.390000343322754,8.390000343322754,8.390000343322754,8.390000343322754,0.0,7.47483491897583
2024-12-20,8.34000015258789,8.34000015258789,8.34000015258789,8.34000015258789,0.0,7.430288791656494
2024-12-23,8.390000343322754,8.390000343322754,8.390000343322754,8.390000343322754,0.0,7.47483491897583
2024-12-27,8.449999809265137,8.449999809265137,8.449999809265137,8.449999809265137,0.0,7.528289318084717
2024-12-30,8.359999656677246,8.359999656677246,8.359999656677246,8.359999656677246,0.0,7.448108196258545
2024-12-31,8.359999656677246,8.359999656677246,8.359999656677246,8.359999656677246,0.0,7.492469787597656
2025-01-02,8.380000114440918,8.380000114440918,8.380000114440918,8.380000114440918,0.0,7.510395050048828
2025-01-03,8.350000381469727,8.350000381469727,8.350000381469727,8.350000381469727,0.0,7.483508110046387
2025-01-06,8.430000305175781,8.430000305175781,8.430000305175781,8.430000305175781,0.0,7.555207252502441
2025-01-07,8.430000305175781,8.430000305175781,8.430000305175781,8.430000305175781,0.0,7.555207252502441
2025-01-08,8.350000381469727,8.350000381469727,8.350000381469727,8.350000381469727,0.0,7.483508110046387
2025-01-10,8.3100004196167,8.3100004196167,8.3100004196167,8.3100004196167,0.0,7.44766092300415
2025-01-13,8.270000457763672,8.270000457763672,8.270000457763672,8.270000457763672,0.0,7.411808013916016
2025-01-14,8.3100004196167,8.3100004196167,8.3100004196167,8.3100004196167,0.0,7.44766092300415
2025-01-15,8.40999984741211,8.40999984741211,8.40999984741211,8.40999984741211,0.0,7.537281990051269
2025-01-16,8.40999984741211,8.40999984741211,8.40999984741211,8.40999984741211,0.0,7.537281990051269
2025-01-17,8.470000267028809,8.470000267028809,8.470000267028809,8.470000267028809,0.0,7.591055870056152
2025-01-21,8.520000457763672,8.520000457763672,8.520000457763672,8.520000457763672,0.0,7.635868072509766
2025-01-22,8.550000190734863,8.550000190734863,8.550000190734863,8.550000190734863,0.0,7.662752628326416
2025-01-23,8.539999961853027,8.539999961853027,8.539999961853027,8.539999961853027,0.0,7.653790473937988
2025-01-24,8.569999694824219,8.569999694824219,8.569999694824219,8.569999694824219,0.0,7.680676937103271
2025-01-27,8.539999961853027,8.539999961853027,8.539999961853027,8.539999961853027,0.0,7.653790473937988
2025-01-28,8.539999961853027,8.539999961853027,8.539999961853027,8.539999961853027,0.0,7.653790473937988
2025-01-29,8.5600004196167,8.5600004196167,8.5600004196167,8.5600004196167,0.0,7.671716213226318
2025-01-30,8.579999923706055,8.579999923706055,8.579999923706055,8.579999923706055,0.0,7.689641952514648
2025-01-31,8.550000190734863,8.550000190734863,8.550000190734863,8.550000190734863,0.0,7.707219123840332
2025-02-03,8.430000305175781,8.430000305175781,8.430000305175781,8.430000305175781,0.0,7.599048137664795
2025-02-04,8.479999542236328,8.479999542236328,8.479999542236328,8.479999542236328,0.0,7.644117832183838
2025-02-05,8.510000228881836,8.510000228881836,8.510000228881836,8.510000228881836,0.0,7.671161651611328
2025-02-06,8.550000190734863,8.550000190734863,8.550000190734863,8.550000190734863,0.0,7.707219123840332
2025-02-07,8.5600004196167,8.5600004196167,8.5600004196167,8.5600004196167,0.0,7.716232299804687
2025-02-10,8.539999961853027,8.539999961853027,8.539999961853027,8.539999961853027,0.0,7.698204040527344
2025-02-11,8.529999732971191,8.529999732971191,8.529999732971191,8.529999732971191,0.0,7.689190864562988
2025-02-12,8.520000457763672,8.520000457763672,8.520000457763672,8.520000457763672,0.0,7.680177688598633
2025-02-13,8.550000190734863,8.550000190734863,8.550000190734863,8.550000190734863,0.0,7.707219123840332
2025-02-14,8.600000381469727,8.600000381469727,8.600000381469727,8.600000381469727,0.0,7.752289295196533
2025-02-18,8.600000381469727,8.600000381469727,8.600000381469727,8.600000381469727,0.0,7.752289295196533
2025-02-19,8.59000015258789,8.59000015258789,8.59000015258789,8.59000015258789,0.0,7.7432756423950195
2025-02-20,8.609999656677246,8.609999656677246,8.609999656677246,8.609999656677246,0.0,7.7613043785095215
2025-02-21,8.600000381469727,8.600000381469727,8.600000381469727,8.600000381469727,0.0,7.752289295196533
2025-02-24,8.539999961853027,8.539999961853027,8.539999961853027,8.539999961853027,0.0,7.698204040527344
2025-02-25,8.550000190734863,8.550000190734863,8.550000190734863,8.550000190734863,0.0,7.707219123840332
2025-02-26,8.569999694824219,8.569999694824219,8.569999694824219,8.569999694824219,0.0,7.725248336791992
2025-02-27,8.539999961853027,8.539999961853027,8.539999961853027,8.539999961853027,0.0,7.698204040527344
2025-02-28,8.460000038146973,8.460000038146973,8.460000038146973,8.460000038146973,0.0,7.671453475952148
2025-03-03,8.510000228881836,8.510000228881836,8.510000228881836,8.510000228881836,0.0,7.716793537139893
2025-03-04,8.390000343322754,8.390000343322754,8.390000343322754,8.390000343322754,0.0,7.607979774475098
2025-03-05,8.40999984741211,8.40999984741211,8.40999984741211,8.40999984741211,0.0,7.626113891601562
2025-03-06,8.369999885559082,8.369999885559082,8.369999885559082,8.369999885559082,0.0,7.589842796325684
2025-03-07,8.359999656677246,8.359999656677246,8.359999656677246,8.359999656677246,0.0,7.58077335357666
2025-03-10,8.319999694824219,8.319999694824219,8.319999694824219,8.319999694824219,0.0,7.544501781463623
2025-03-11,8.239999771118164,8.239999771118164,8.239999771118164,8.239999771118164,0.0,7.471959114074707
2025-03-12,8.220000267028809,8.220000267028809,8.220000267028809,8.220000267028809,0.0,7.453824043273926
2025-03-13,8.220000267028809,8.220000267028809,8.220000267028809,8.220000267028809,0.0,7.453824043273926
2025-03-14,8.239999771118164,8.239999771118164,8.239999771118164,8.239999771118164,0.0,7.471959114074707
2025-03-17,8.289999961853027,8.289999961853027,8.289999961853027,8.289999961853027,0.0,7.517299175262451
2025-03-18,8.279999732971191,8.279999732971191,8.279999732971191,8.279999732971191,0.0,7.508231163024902
2025-03-19,8.289999961853027,8.289999961853027,8.289999961853027,8.289999961853027,0.0,7.517299175262451
2025-03-20,8.34000015258789,8.34000015258789,8.34000015258789,8.34000015258789,0.0,7.562638759613037
2025-03-21,8.289999961853027,8.289999961853027,8.289999961853027,8.289999961853027,0.0,7.517299175262451
2025-03-24,8.350000381469727,8.350000381469727,8.350000381469727,8.350000381469727,0.0,7.571707248687744
2025-03-25,8.369999885559082,8.369999885559082,8.369999885559082,8.369999885559082,0.0,7.589842796325684
2025-03-26,8.359999656677246,8.359999656677246,8.359999656677246,8.359999656677246,0.0,7.58077335357666
2025-03-27,8.319999694824219,8.319999694824219,8.319999694824219,8.319999694824219,0.0,7.544501781463623
2025-03-28,8.25,8.25,8.25,8.25,0.0,7.481027126312256
2025-03-31,8.149999618530273,8.149999618530273,8.149999618530273,8.149999618530273,0.0,7.43586540222168
2025-04-01,8.199999809265137,8.199999809265137,8.199999809265137,8.199999809265137,0.0,7.481483459472656
2025-04-02,8.220000267028809,8.220000267028809,8.220000267028809,8.220000267028809,0.0,7.49973201751709
2025-04-03,8.130000114440918,8.130000114440918,8.130000114440918,8.130000114440918,0.0,7.417617797851562
2025-04-04,7.909999847412109,7.909999847412109,7.909999847412109,7.909999847412109,0.0,7.21689510345459
2025-04-08,7.829999923706055,7.829999923706055,7.829999923706055,7.829999923706055,0.0,7.143905162811279
2025-04-09,7.630000114440918,7.630000114440918,7.630000114440918,7.630000114440918,0.0,6.961429595947266
2025-04-10,7.869999885559082,7.869999885559082,7.869999885559082,7.869999885559082,0.0,7.180399894714356
2025-04-14,7.949999809265137,7.949999809265137,7.949999809265137,7.949999809265137,0.0,7.253389835357666
2025-04-15,7.989999771118164,7.989999771118164,7.989999771118164,7.989999771118164,0.0,7.289885520935059
2025-04-16,7.940000057220459,7.940000057220459,7.940000057220459,7.940000057220459,0.0,7.244266510009766
2025-04-17,7.940000057220459,7.940000057220459,7.940000057220459,7.940000057220459,0.0,7.244266510009766
2025-04-22,7.909999847412109,7.909999847412109,7.909999847412109,7.909999847412109,0.0,7.21689510345459
2025-04-23,8.069999694824219,8.069999694824219,8.069999694824219,8.069999694824219,0.0,7.362874507904053
2025-04-24,8.039999961853027,8.039999961853027,8.039999961853027,8.039999961853027,0.0,7.335503101348877
2025-04-25,8.09000015258789,8.09000015258789,8.09000015258789,8.09000015258789,0.0,7.38112211227417
2025-04-28,8.130000114440918,8.130000114440918,8.130000114440918,8.130000114440918,0.0,7.417617797851562
2025-04-29,8.149999618530273,8.149999618530273,8.149999618530273,8.149999618530273,0.0,7.43586540222168
2025-04-30,8.050000190734863,8.050000190734863,8.050000190734863,8.050000190734863,0.0,7.390421390533447
2025-05-02,8.1899995803833,8.1899995803833,8.1899995803833,8.1899995803833,0.0,7.51894998550415
2025-05-05,8.199999809265137,8.199999809265137,8.199999809265137,8.199999809265137,0.0,7.528130054473877
2025-05-06,8.180000305175781,8.180000305175781,8.180000305175781,8.180000305175781,0.0,7.509769439697266
2025-05-07,8.210000038146973,8.210000038146973,8.210000038146973,8.210000038146973,0.0,7.537312507629394
2025-05-08,8.220000267028809,8.220000267028809,8.220000267028809,8.220000267028809,0.0,7.546492576599121
2025-05-12,8.289999961853027,8.289999961853027,8.289999961853027,8.289999961853027,0.0,7.610756874084473
2025-05-13,8.329999923706055,8.329999923706055,8.329999923706055,8.329999923706055,0.0,7.647478580474853
2025-05-14,8.34000015258789,8.34000015258789,8.34000015258789,8.34000015258789,0.0,7.656659603118896
2025-05-15,8.329999923706055,8.329999923706055,8.329999923706055,8.329999923706055,0.0,7.647478580474853
2025-05-16,8.380000114440918,8.380000114440918,8.380000114440918,8.380000114440918,0.0,7.693382263183594
2025-05-19,8.390000343322754,8.390000343322754,8.390000343322754,8.390000343322754,0.0,7.7025628089904785
2025-05-20,8.420000076293945,8.420000076293945,8.420000076293945,8.420000076293945,0.0,7.730104446411133
2025-05-21,8.399999618530273,8.399999618530273,8.399999618530273,8.399999618530273,0.0,7.71174430847168
2025-05-22,8.34000015258789,8.34000015258789,8.34000015258789,8.34000015258789,0.0,7.656659603118896
2025-05-23,8.300000190734863,8.300000190734863,8.300000190734863,8.300000190734863,0.0,7.619938373565674
2025-05-27,8.369999885559082,8.369999885559082,8.369999885559082,8.369999885559082,0.0,7.684201717376709
2025-05-28,8.399999618530273,8.399999618530273,8.399999618530273,8.399999618530273,0.0,7.71174430847168
2025-05-30,8.34000015258789,8.34000015258789,8.34000015258789,8.34000015258789,0.0,7.656659603118896
2025-06-02,8.329999923706055,8.329999923706055,8.329999923706055,8.329999923706055,0.0,7.647478580474853
2025-06-03,8.359999656677246,8.359999656677246,8.359999656677246,8.359999656677246,0.0,7.675021648406982
2025-06-04,8.40999984741211,8.40999984741211,8.40999984741211,8.40999984741211,0.0,7.720922946929932
2025-06-05,8.399999618530273,8.399999618530273,8.399999618530273,8.399999618530273,0.0,7.71174430847168
2025-06-06,8.4399995803833,8.4399995803833,8.4399995803833,8.4399995803833,0.0,7.748465538024902
2025-06-10,8.449999809265137,8.449999809265137,8.449999809265137,8.449999809265137,0.0,7.75764799118042
2025-06-11,8.470000267028809,8.470000267028809,8.470000267028809,8.470000267028809,0.0,7.776009082794189
2025-06-12,8.460000038146973,8.460000038146973,8.460000038146973,8.460000038146973,0.0,7.766828536987305
2025-06-13,8.430000305175781,8.430000305175781,8.430000305175781,8.430000305175781,0.0,7.739286422729492
2025-06-16,8.470000267028809,8.470000267028809,8.470000267028809,8.470000267028809,0.0,7.776009082794189
2025-06-17,8.4399995803833,8.4399995803833,8.4399995803833,8.4399995803833,0.0,7.748465538024902
2025-06-18,8.420000076293945,8.420000076293945,8.420000076293945,8.420000076293945,0.0,7.730104446411133
2025-06-20,8.420000076293945,8.420000076293945,8.420000076293945,8.420000076293945,0.0,7.730104446411133
2025-06-24,8.470000267028809,8.470000267028809,8.470000267028809,8.470000267028809,0.0,7.776009082794189
2025-06-25,8.489999771118164,8.489999771118164,8.489999771118164,8.489999771118164,0.0,7.794370174407959
2025-06-26,8.5,8.5,8.5,8.5,0.0,7.803549766540527
2025-06-27,8.550000190734863,8.550000190734863,8.550000190734863,8.550000190734863,0.0,7.849452972412109
2025-06-30,8.510000228881836,8.510000228881836,8.510000228881836,8.510000228881836,0.0,7.85961389541626
2025-07-01,8.529999732971191,8.529999732971191,8.529999732971191,8.529999732971191,0.0,7.8780837059021
2025-07-02,8.529999732971191,8.529999732971191,8.529999732971191,8.529999732971191,0.0,7.8780837059021
2025-07-03,8.579999923706055,8.579999923706055,8.579999923706055,8.579999923706055,0.0,7.924263000488281
2025-07-07,8.579999923706055,8.579999923706055,8.579999923706055,8.579999923706055,0.0,7.924263000488281
2025-07-08,8.550000190734863,8.550000190734863,8.550000190734863,8.550000190734863,0.0,7.896556377410889
2025-07-09,8.569999694824219,8.569999694824219,8.569999694824219,8.569999694824219,0.0,7.91502571105957
2025-07-10,8.569999694824219,8.569999694824219,8.569999694824219,8.569999694824219,0.0,7.91502571105957
2025-07-11,8.539999961853027,8.539999961853027,8.539999961853027,8.539999961853027,0.0,7.887321472167969
2025-07-14,8.550000190734863,8.550000190734863,8.550000190734863,8.550000190734863,0.0,7.896556377410889
2025-07-15,8.550000190734863,8.550000190734863,8.550000190734863,8.550000190734863,0.0,7.896556377410889
2025-07-16,8.510000228881836,8.510000228881836,8.510000228881836,8.510000228881836,0.0,7.85961389541626
2025-07-17,8.539999961853027,8.539999961853027,8.539999961853027,8.539999961853027,0.0,7.887321472167969
2025-07-18,8.569999694824219,8.569999694824219,8.569999694824219,8.569999694824219,0.0,7.91502571105957
2025-07-21,8.59000015258789,8.59000015258789,8.59000015258789,8.59000015258789,0.0,7.933499336242676
2025-07-22,8.59000015258789,8.59000015258789,8.59000015258789,8.59000015258789,0.0,7.933499336242676
2025-07-23,8.619999885559082,8.619999885559082,8.619999885559082,8.619999885559082,0.0,7.961206436157227
2025-07-24,8.65999984741211,8.65999984741211,8.65999984741211,8.65999984741211,0.0,7.998148918151855
2025-07-25,8.640000343322754,8.640000343322754,8.640000343322754,8.640000343322754,0.0,7.979678153991699
2025-07-28,8.649999618530273,8.649999618530273,8.649999618530273,8.649999618530273,0.0,7.988912582397461
2025-07-29,8.640000343322754,8.640000343322754,8.640000343322754,8.640000343322754,0.0,7.979678153991699
2025-07-30,8.619999885559082,8.619999885559082,8.619999885559082,8.619999885559082,0.0,7.961206436157227
2025-07-31,8.5600004196167,8.5600004196167,8.5600004196167,8.5600004196167,0.0,7.952846527099609
2025-08-01,8.470000267028809,8.470000267028809,8.470000267028809,8.470000267028809,0.0,7.869228839874268
2025-08-04,8.529999732971191,8.529999732971191,8.529999732971191,8.529999732971191,0.0,7.924972057342529
2025-08-05,8.550000190734863,8.550000190734863,8.550000190734863,8.550000190734863,0.0,7.943554401397705
2025-08-06,8.539999961853027,8.539999961853027,8.539999961853027,8.539999961853027,0.0,7.934263706207275
2025-08-07,8.579999923706055,8.579999923706055,8.579999923706055,8.579999923706055,0.0,7.971426010131836
2025-08-08,8.579999923706055,8.579999923706055,8.579999923706055,8.579999923706055,0.0,7.971426010131836
2025-08-11,8.59000015258789,8.59000015258789,8.59000015258789,8.59000015258789,0.0,7.980717658996582
2025-08-12,8.59000015258789,8.59000015258789,8.59000015258789,8.59000015258789,0.0,7.980717658996582
2025-08-13,8.65999984741211,8.65999984741211,8.65999984741211,8.65999984741211,0.0,8.045751571655273
2025-08-14,8.649999618530273,8.649999618530273,8.649999618530273,8.649999618530273,0.0,8.036459922790527
2025-08-18,8.649999618530273,8.649999618530273,8.649999618530273,8.649999618530273,0.0,8.036459922790527
2025-08-19,8.65999984741211,8.65999984741211,8.65999984741211,8.65999984741211,0.0,8.045751571655273
2025-08-20,8.640000343322754,8.640000343322754,8.640000343322754,8.640000343322754,0.0,8.027170181274414
2025-08-21,8.630000114440918,8.630000114440918,8.630000114440918,8.630000114440918,0.0,8.0178804397583
2025-08-22,8.670000076293945,8.670000076293945,8.670000076293945,8.670000076293945,0.0,8.055044174194336
2025-08-25,8.710000038146973,8.710000038146973,8.710000038146973,8.710000038146973,0.0,8.092206001281738
2025-08-26,8.680000305175781,8.680000305175781,8.680000305175781,8.680000305175781,0.0,8.06433391571045
2025-08-27,8.6899995803833,8.6899995803833,8.6899995803833,8.6899995803833,0.0,8.073623657226562
2025-08-28,8.699999809265137,8.699999809265137,8.699999809265137,8.699999809265137,0.0,8.082913398742676
2025-08-29,8.649999618530273,8.649999618530273,8.649999618530273,8.649999618530273,0.0,8.085248947143555
2025-09-02,8.600000381469727,8.600000381469727,8.600000381469727,8.600000381469727,0.0,8.038515090942383
2025-09-03,8.600000381469727,8.600000381469727,8.600000381469727,8.600000381469727,0.0,8.038515090942383
2025-09-04,8.630000114440918,8.630000114440918,8.630000114440918,8.630000114440918,0.0,8.066557884216309
2025-09-05,8.680000305175781,8.680000305175781,8.680000305175781,8.680000305175781,0.0,8.11329460144043
2025-09-08,8.670000076293945,8.670000076293945,8.670000076293945,8.670000076293945,0.0,8.103946685791016
2025-09-09,8.6899995803833,8.6899995803833,8.6899995803833,8.6899995803833,0.0,8.122638702392578
2025-09-10,8.710000038146973,8.710000038146973,8.710000038146973,8.710000038146973,0.0,8.141334533691406
2025-09-11,8.729999542236328,8.729999542236328,8.729999542236328,8.729999542236328,0.0,8.160028457641602
2025-09-12,8.739999771118164,8.739999771118164,8.739999771118164,8.739999771118164,0.0,8.169376373291016
2025-09-15,8.75,8.75,8.75,8.75,0.0,8.17872142791748
2025-09-16,8.739999771118164,8.739999771118164,8.739999771118164,8.739999771118164,0.0,8.169376373291016
2025-09-17,8.75,8.75,8.75,8.75,0.0,8.17872142791748
2025-09-18,8.75,8.75,8.75,8.75,0.0,8.17872142791748
2025-09-19,8.75,8.75,8.75,8.75,0.0,8.17872142791748
2025-09-22,8.75,8.75,8.75,8.75,0.0,8.17872142791748
2025-09-23,8.779999732971191,8.779999732971191,8.779999732971191,8.779999732971191,0.0,8.20676326751709
2025-09-24,8.75,8.75,8.75,8.75,0.0,8.17872142791748
2025-09-25,8.699999809265137,8.699999809265137,8.699999809265137,8.699999809265137,0.0,8.131986618041992
2025-09-26,8.720000267028809,8.720000267028809,8.720000267028809,8.720000267028809,0.0,8.150680541992188
2025-09-29,8.75,8.75,8.75,8.75,0.0,8.17872142791748
2025-09-30,8.699999809265137,8.699999809265137,8.699999809265137,8.699999809265137,0.0,8.181073188781738
2025-10-01,8.720000267028809,8.720000267028809,8.720000267028809,8.720000267028809,0.0,8.199878692626953
2025-10-02,8.739999771118164,8.739999771118164,8.739999771118164,8.739999771118164,0.0,8.218688011169434
2025-10-03,8.760000228881836,8.760000228881836,8.760000228881836,8.760000228881836,0.0,8.237493515014648
2025-10-06,8.75,8.75,8.75,8.75,0.0,8.228089332580566
2025-10-07,8.739999771118164,8.739999771118164,8.739999771118164,8.739999771118164,0.0,8.218688011169434
2025-10-08,8.729999542236328,8.729999542236328,8.729999542236328,8.729999542236328,0.0,8.209283828735352
2025-10-09,8.720000267028809,8.720000267028809,8.720000267028809,8.720000267028809,0.0,8.199878692626953
2025-10-10,8.710000038146973,8.710000038146973,8.710000038146973,8.710000038146973,0.0,8.19047737121582
2025-10-13,8.640000343322754,8.640000343322754,8.640000343322754,8.640000343322754,0.0,8.124652862548828
2025-10-14,8.630000114440918,8.630000114440918,8.630000114440918,8.630000114440918,0.0,8.115248680114746
2025-10-15,8.720000267028809,8.720000267028809,8.720000267028809,8.720000267028809,0.0,8.199878692626953
2025-10-16,8.710000038146973,8.710000038146973,8.710000038146973,8.710000038146973,0.0,8.19047737121582
2025-10-17,8.680000305175781,8.680000305175781,8.680000305175781,8.680000305175781,0.0,8.162267684936523
2025-10-20,8.739999771118164,8.739999771118164,8.739999771118164,8.739999771118164,0.0,8.218688011169434
2025-10-21,8.75,8.75,8.75,8.75,0.0,8.228089332580566
2025-10-22,8.760000228881836,8.760000228881836,8.760000228881836,8.760000228881836,0.0,8.237493515014648
2025-10-23,8.75,8.75,8.75,8.75,0.0,8.228089332580566
2025-10-27,8.819999694824219,8.819999694824219,8.819999694824219,8.819999694824219,0.0,8.293914794921875
2025-10-28,8.829999923706055,8.829999923706055,8.829999923706055,8.829999923706055,0.0,8.303318977355957
2025-10-29,8.819999694824219,8.819999694824219,8.819999694824219,8.819999694824219,0.0,8.293914794921875
2025-10-30,8.789999961853027,8.789999961853027,8.789999961853027,8.789999961853027,0.0,8.265705108642578
2025-10-31,8.710000038146973,8.710000038146973,8.710000038146973,8.710000038146973,0.0,8.239689826965332
2025-11-03,8.6899995803833,8.6899995803833,8.6899995803833,8.6899995803833,0.0,8.2207670211792
2025-11-04,8.680000305175781,8.680000305175781,8.680000305175781,8.680000305175781,0.0,8.211310386657715
2025-11-05,8.680000305175781,8.680000305175781,8.680000305175781,8.680000305175781,0.0,8.211310386657715
2025-11-06,8.680000305175781,8.680000305175781,8.680000305175781,8.680000305175781,0.0,8.211310386657715
2025-11-07,8.640000343322754,8.640000343322754,8.640000343322754,8.640000343322754,0.0,8.173469543457031
2025-11-10,8.710000038146973,8.710000038146973,8.710000038146973,8.710000038146973,0.0,8.239689826965332
2025-11-11,8.739999771118164,8.739999771118164,8.739999771118164,8.739999771118164,0.0,8.26806926727295
2025-11-12,8.779999732971191,8.779999732971191,8.779999732971191,8.779999732971191,0.0,8.30591106414795
2025-11-13,8.760000228881836,8.760000228881836,8.760000228881836,8.760000228881836,0.0,8.28699016571045
2025-11-14,8.680000305175781,8.680000305175781,8.680000305175781,8.680000305175781,0.0,8.211310386657715
2025-11-17,8.699999809265137,8.699999809265137,8.699999809265137,8.699999809265137,0.0,8.230231285095215
2025-11-18,8.59000015258789,8.59000015258789,8.59000015258789,8.59000015258789,0.0,8.126169204711914
2025-11-19,8.630000114440918,8.630000114440918,8.630000114440918,8.630000114440918,0.0,8.164010047912598
2025-11-20,8.670000076293945,8.670000076293945,8.670000076293945,8.670000076293945,0.0,8.201848983764648
2025-11-21,8.569999694824219,8.569999694824219,8.569999694824219,8.569999694824219,0.0,8.107248306274414
2025-11-24,8.630000114440918,8.630000114440918,8.630000114440918,8.630000114440918,0.0,8.164010047912598
2025-11-25,8.670000076293945,8.670000076293945,8.670000076293945,8.670000076293945,0.0,8.201848983764648
2025-11-26,8.739999771118164,8.739999771118164,8.739999771118164,8.739999771118164,0.0,8.26806926727295
2025-11-28,8.720000267028809,8.720000267028809,8.720000267028809,8.720000267028809,0.0,8.29900074005127
2025-12-01,8.729999542236328,8.729999542236328,8.729999542236328,8.729999542236328,0.0,8.308516502380371
2025-12-02,8.720000267028809,8.720000267028809,8.720000267028809,8.720000267028809,0.0,8.29900074005127
2025-12-03,8.720000267028809,8.720000267028809,8.720000267028809,8.720000267028809,0.0,8.29900074005127
2025-12-04,8.75,8.75,8.75,8.75,0.0,8.327550888061523
2025-12-05,8.770000457763672,8.770000457763672,8.770000457763672,8.770000457763672,0.0,8.346587181091309
2025-12-08,8.75,8.75,8.75,8.75,0.0,8.327550888061523
2025-12-09,8.739999771118164,8.739999771118164,8.739999771118164,8.739999771118164,0.0,8.318034172058105
2025-12-10,8.729999542236328,8.729999542236328,8.729999542236328,8.729999542236328,0.0,8.308516502380371
2025-12-11,8.760000228881836,8.760000228881836,8.760000228881836,8.760000228881836,0.0,8.337067604064941
2025-12-12,8.779999732971191,8.779999732971191,8.779999732971191,8.779999732971191,0.0,8.35610294342041
2025-12-15,8.760000228881836,8.760000228881836,8.760000228881836,8.760000228881836,0.0,8.337067604064941
2025-12-16,8.739999771118164,8.739999771118164,8.739999771118164,8.739999771118164,0.0,8.318034172058105
2025-12-17,8.729999542236328,8.729999542236328,8.729999542236328,8.729999542236328,0.0,8.308516502380371
2025-12-18,8.729999542236328,8.729999542236328,8.729999542236328,8.729999542236328,0.0,8.308516502380371
2025-12-19,8.75,8.75,8.75,8.75,0.0,8.327550888061523
2025-12-22,8.760000228881836,8.760000228881836,8.760000228881836,8.760000228881836,0.0,8.337067604064941
2025-12-23,8.789999961853027,8.789999961853027,8.789999961853027,8.789999961853027,0.0,8.365621566772461
2025-12-29,8.819999694824219,8.819999694824219,8.819999694824219,8.819999694824219,0.0,8.394170761108398
2025-12-30,8.829999923706055,8.829999923706055,8.829999923706055,8.829999923706055,0.0,8.403687477111816
2025-12-31,8.770000457763672,8.770000457763672,8.770000457763672,8.770000457763672,0.0,8.396509170532227
2026-01-02,8.770000457763672,8.770000457763672,8.770000457763672,8.770000457763672,0.0,8.396509170532227
2026-01-05,8.789999961853027,8.789999961853027,8.789999961853027,8.789999961853027,0.0,8.415657997131348
2026-01-06,8.829999923706055,8.829999923706055,8.829999923706055,8.829999923706055,0.0,8.453951835632324
2026-01-07,8.850000381469727,8.850000381469727,8.850000381469727,8.850000381469727,0.0,8.473101615905762
2026-01-08,8.829999923706055,8.829999923706055,8.829999923706055,8.829999923706055,0.0,8.453951835632324
2026-01-09,8.850000381469727,8.850000381469727,8.850000381469727,8.850000381469727,0.0,8.473101615905762
2026-01-12,8.880000114440918,8.880000114440918,8.880000114440918,8.880000114440918,0.0,8.501824378967285
2026-01-13,8.869999885559082,8.869999885559082,8.869999885559082,8.869999885559082,0.0,8.4922513961792
2026-01-14,8.859999656677246,8.859999656677246,8.859999656677246,8.859999656677246,0.0,8.482677459716797
2026-01-15,8.890000343322754,8.890000343322754,8.890000343322754,8.890000343322754,0.0,8.511398315429688
2026-01-16,8.890000343322754,8.890000343322754,8.890000343322754,8.890000343322754,0.0,8.511398315429688
2026-01-20,8.829999923706055,8.829999923706055,8.829999923706055,8.829999923706055,0.0,8.453951835632324
2026-01-21,8.850000381469727,8.850000381469727,8.850000381469727,8.850000381469727,0.0,8.473101615905762
2026-01-22,8.890000343322754,8.890000343322754,8.890000343322754,8.890000343322754,0.0,8.511398315429688
2026-01-23,8.890000343322754,8.890000343322754,8.890000343322754,8.890000343322754,0.0,8.511398315429688
2026-01-26,8.9399995803833,8.9399995803833,8.9399995803833,8.9399995803833,0.0,8.559268951416016
2026-01-27,8.9399995803833,8.9399995803833,8.9399995803833,8.9399995803833,0.0,8.559268951416016
2026-01-28,8.949999809265137,8.949999809265137,8.949999809265137,8.949999809265137,0.0,8.568843841552734
2026-01-29,8.920000076293945,8.920000076293945,8.920000076293945,8.920000076293945,0.0,8.540121078491211
2026-01-30,8.869999885559082,8.869999885559082,8.869999885559082,8.869999885559082,0.0,8.542529106140137
2026-02-02,8.869999885559082,8.869999885559082,8.869999885559082,8.869999885559082,0.0,8.542529106140137
2026-02-03,8.890000343322754,8.890000343322754,8.890000343322754,8.890000343322754,0.0,8.561790466308594
2026-02-04,8.890000343322754,8.890000343322754,8.890000343322754,8.890000343322754,0.0,8.561790466308594
2026-02-05,8.829999923706055,8.829999923706055,8.829999923706055,8.829999923706055,0.0,8.50400447845459
2026-02-06,8.880000114440918,8.880000114440918,8.880000114440918,8.880000114440918,0.0,8.552160263061523
2026-02-09,8.930000305175781,8.930000305175781,8.930000305175781,8.930000305175781,0.0,8.600314140319824
2026-02-10,8.970000267028809,8.970000267028809,8.970000267028809,8.970000267028809,0.0,8.638837814331055
2026-02-11,8.960000038146973,8.960000038146973,8.960000038146973,8.960000038146973,0.0,8.629204750061035
2026-02-12,8.970000267028809,8.970000267028809,8.970000267028809,8.970000267028809,0.0,8.638837814331055
2026-02-13,8.890000343322754,8.890000343322754,8.890000343322754,8.890000343322754,0.0,8.561790466308594
2026-02-17,8.890000343322754,8.890000343322754,8.890000343322754,8.890000343322754,0.0,8.561790466308594
2026-02-18,8.949999809265137,8.949999809265137,8.949999809265137,8.949999809265137,0.0,8.619574546813965
2026-02-19,8.930000305175781,8.930000305175781,8.930000305175781,8.930000305175781,0.0,8.600314140319824
2026-02-20,8.9399995803833,8.9399995803833,8.9399995803833,8.9399995803833,0.0,8.609945297241211
2026-02-23,8.960000038146973,8.960000038146973,8.960000038146973,8.960000038146973,0.0,8.629204750061035
2026-02-24,8.9399995803833,8.9399995803833,8.9399995803833,8.9399995803833,0.0,8.609945297241211
2026-02-25,8.989999771118164,8.989999771118164,8.989999771118164,8.989999771118164,0.0,8.658098220825195
2026-02-26,9.0,9.0,9.0,9.0,0.0,8.667730331420898
2026-02-27,8.90999984741211,8.90999984741211,8.90999984741211,8.90999984741211,0.0,8.632367134094238
2026-03-02,8.869999885559082,8.869999885559082,8.869999885559082,8.869999885559082,0.0,8.593613624572754
2026-03-03,8.699999809265137,8.699999809265137,8.699999809265137,8.699999809265137,0.0,8.428910255432129
2026-03-04,8.779999732971191,8.779999732971191,8.779999732971191,8.779999732971191,0.0,8.506417274475098
2026-03-05,8.779999732971191,8.779999732971191,8.779999732971191,8.779999732971191,0.0,8.506417274475098
2026-03-06,8.649999618530273,8.649999618530273,8.649999618530273,8.649999618530273,0.0,8.380467414855957
2026-03-09,8.619999885559082,8.619999885559082,8.619999885559082,8.619999885559082,0.0,8.351401329040527
2026-03-10,8.739999771118164,8.739999771118164,8.739999771118164,8.739999771118164,0.0,8.467662811279297
2026-03-11,8.699999809265137,8.699999809265137,8.699999809265137,8.699999809265137,0.0,8.428910255432129
2026-03-12,8.630000114440918,8.630000114440918,8.630000114440918,8.630000114440918,0.0,8.361092567443848
2026-03-13,8.600000381469727,8.600000381469727,8.600000381469727,8.600000381469727,0.0,8.332025527954102
2026-03-16,8.630000114440918,8.630000114440918,8.630000114440918,8.630000114440918,0.0,8.361092567443848
2026-03-17,8.670000076293945,8.670000076293945,8.670000076293945,8.670000076293945,0.0,8.399845123291016
2026-03-18,8.619999885559082,8.619999885559082,8.619999885559082,8.619999885559082,0.0,8.351401329040527
2026-03-19,8.529999732971191,8.529999732971191,8.529999732971191,8.529999732971191,0.0,8.264206886291504
2026-03-20,8.489999771118164,8.489999771118164,8.489999771118164,8.489999771118164,0.0,8.22545337677002
2026-03-23,8.5600004196167,8.5600004196167,8.5600004196167,8.5600004196167,0.0,8.293272972106934
2026-03-24,8.510000228881836,8.510000228881836,8.510000228881836,8.510000228881836,0.0,8.244831085205078
2026-03-25,8.550000190734863,8.550000190734863,8.550000190734863,8.550000190734863,0.0,8.283584594726562
2026-03-26,8.510000228881836,8.510000228881836,8.510000228881836,8.510000228881836,0.0,8.244831085205078
2026-03-27,8.420000076293945,8.420000076293945,8.420000076293945,8.420000076293945,0.0,8.157635688781738
2026-03-30,8.399999618530273,8.399999618530273,8.399999618530273,8.399999618530273,0.0,8.138257026672363
2026-03-31,8.40999984741211,8.40999984741211,8.40999984741211,8.40999984741211,0.0,8.200173377990723
2026-04-01,8.520000457763672,8.520000457763672,8.520000457763672,8.520000457763672,0.0,8.307429313659668
2026-04-02,8.479999542236328,8.479999542236328,8.479999542236328,8.479999542236328,0.0,8.268425941467285
2026-04-07,8.520000457763672,8.520000457763672,8.520000457763672,8.520000457763672,0.0,8.307429313659668
2026-04-08,8.720000267028809,8.720000267028809,8.720000267028809,8.720000267028809,0.0,8.50243854522705
2026-04-09,8.720000267028809,8.720000267028809,8.720000267028809,8.720000267028809,0.0,8.50243854522705
2026-04-10,8.760000228881836,8.760000228881836,8.760000228881836,8.760000228881836,0.0,8.541440963745117
2026-04-13,8.729999542236328,8.729999542236328,8.729999542236328,8.729999542236328,0.0,8.512188911437988
2026-04-14,8.800000190734863,8.800000190734863,8.800000190734863,8.800000190734863,0.0,8.580443382263184
2026-04-15,8.819999694824219,8.819999694824219,8.819999694824219,8.819999694824219,0.0,8.599944114685059
2026-04-16,8.84000015258789,8.84000015258789,8.84000015258789,8.84000015258789,0.0,8.61944580078125
2026-04-17,8.899999618530273,8.899999618530273,8.899999618530273,8.899999618530273,0.0,8.677947044372559
2026-04-20,8.90999984741211,8.90999984741211,8.90999984741211,8.90999984741211,0.0,8.687699317932129
2026-04-21,8.90999984741211,8.90999984741211,8.90999984741211,8.90999984741211,0.0,8.687699317932129
2026-04-22,8.880000114440918,8.880000114440918,8.880000114440918,8.880000114440918,0.0,8.658447265625
2026-04-23,8.869999885559082,8.869999885559082,8.869999885559082,8.869999885559082,0.0,8.648696899414062
2026-04-24,8.850000381469727,8.850000381469727,8.850000381469727,8.850000381469727,0.0,8.629196166992188
2026-04-27,8.880000114440918,8.880000114440918,8.880000114440918,8.880000114440918,0.0,8.658447265625
2026-04-28,8.84000015258789,8.84000015258789,8.84000015258789,8.84000015258789,0.0,8.61944580078125
2026-04-29,8.829999923706055,8.829999923706055,8.829999923706055,8.829999923706055,0.0,8.60969352722168
2026-04-30,8.789999961853027,8.789999961853027,8.789999961853027,8.789999961853027,0.0,8.62293815612793
2026-05-04,8.84000015258789,8.84000015258789,8.84000015258789,8.84000015258789,0.0,8.671988487243652
2026-05-05,8.829999923706055,8.829999923706055,8.829999923706055,8.829999923706055,0.0,8.662177085876465
2026-05-06,8.90999984741211,8.90999984741211,8.90999984741211,8.90999984741211,0.0,8.740657806396484
2026-05-07,8.920000076293945,8.920000076293945,8.920000076293945,8.920000076293945,0.0,8.750467300415039
2026-05-08,8.90999984741211,8.90999984741211,8.90999984741211,8.90999984741211,0.0,8.740657806396484
2026-05-11,8.920000076293945,8.920000076293945,8.920000076293945,8.920000076293945,0.0,8.750467300415039
2026-05-12,8.859999656677246,8.859999656677246,8.859999656677246,8.859999656677246,0.0,8.691607475280762
2026-05-13,8.880000114440918,8.880000114440918,8.880000114440918,8.880000114440918,0.0,8.711227416992188
2026-05-15,8.850000381469727,8.850000381469727,8.850000381469727,8.850000381469727,0.0,8.681797981262207
2026-05-18,8.880000114440918,8.880000114440918,8.880000114440918,8.880000114440918,0.0,8.711227416992188
2026-05-19,8.84000015258789,8.84000015258789,8.84000015258789,8.84000015258789,0.0,8.671988487243652
2026-05-20,8.850000381469727,8.850000381469727,8.850000381469727,8.850000381469727,0.0,8.681797981262207
2026-05-21,8.880000114440918,8.880000114440918,8.880000114440918,8.880000114440918,0.0,8.711227416992188
2026-05-22,8.930000305175781,8.930000305175781,8.930000305175781,8.930000305175781,0.0,8.760276794433594
2026-05-26,8.979999542236328,8.979999542236328,8.979999542236328,8.979999542236328,0.0,8.809327125549316
2026-05-27,8.979999542236328,8.979999542236328,8.979999542236328,8.979999542236328,0.0,8.809327125549316
2026-05-28,8.960000038146973,8.960000038146973,8.960000038146973,8.960000038146973,0.0,8.78970718383789
2026-05-29,8.9399995803833,8.9399995803833,8.9399995803833,8.9399995803833,0.0,8.8262357711792
2026-06-01,8.920000076293945,8.920000076293945,8.920000076293945,8.920000076293945,0.0,8.806490898132324
2026-06-02,8.9399995803833,8.9399995803833,8.9399995803833,8.9399995803833,0.0,8.8262357711792
2026-06-03,8.9399995803833,8.9399995803833,8.9399995803833,8.9399995803833,0.0,8.8262357711792
2026-06-04,8.9399995803833,8.9399995803833,8.9399995803833,8.9399995803833,0.0,8.8262357711792
2026-06-05,8.899999618530273,8.899999618530273,8.899999618530273,8.899999618530273,0.0,8.786744117736816
2026-06-08,8.850000381469727,8.850000381469727,8.850000381469727,8.850000381469727,0.0,8.737381935119629
2026-06-09,8.880000114440918,8.880000114440918,8.880000114440918,8.880000114440918,0.0,8.766999244689941
2026-06-10,8.850000381469727,8.850000381469727,8.850000381469727,8.850000381469727,0.0,8.737381935119629
2026-06-11,8.819999694824219,8.819999694824219,8.819999694824219,8.819999694824219,0.0,8.707762718200684
2026-06-12,8.890000343322754,8.890000343322754,8.890000343322754,8.890000343322754,0.0,8.776872634887695
2026-06-15,8.989999771118164,8.989999771118164,8.989999771118164,8.989999771118164,0.0,8.87559986114502
2026-06-16,9.010000228881836,9.010000228881836,9.010000228881836,9.010000228881836,0.0,8.895345687866211
2026-06-17,9.0,9.0,9.0,9.0,0.0,8.885472297668457
2026-06-18,8.949999809265137,8.949999809265137,8.949999809265137,8.949999809265137,0.0,8.836108207702637
2026-06-22,8.949999809265137,8.949999809265137,8.949999809265137,8.949999809265137,0.0,8.836108207702637
2026-06-24,8.890000343322754,8.890000343322754,8.890000343322754,8.890000343322754,0.0,8.776872634887695
2026-06-25,8.890000343322754,8.890000343322754,8.890000343322754,8.890000343322754,0.0,8.776872634887695
2026-06-26,8.890000343322754,8.890000343322754,8.890000343322754,8.890000343322754,0.0,8.776872634887695
2026-06-29,8.920000076293945,8.920000076293945,8.920000076293945,8.920000076293945,0.0,8.806490898132324
2026-06-30,8.869999885559082,8.869999885559082,8.869999885559082,8.869999885559082,0.0,8.813446044921875
2026-07-01,8.880000114440918,8.880000114440918,8.880000114440918,8.880000114440918,0.0,8.823382377624512
2026-07-02,8.9399995803833,8.9399995803833,8.9399995803833,8.9399995803833,0.0,8.882999420166016
2026-07-06,8.949999809265137,8.949999809265137,8.949999809265137,8.949999809265137,0.0,8.892935752868652
2026-07-07,8.960000038146973,8.960000038146973,8.960000038146973,8.960000038146973,0.0,8.902872085571289
2026-07-08,8.899999618530273,8.899999618530273,8.899999618530273,8.899999618530273,0.0,8.843254089355469
2026-07-09,8.920000076293945,8.920000076293945,8.920000076293945,8.920000076293945,0.0,8.863127708435059
2026-07-10,8.960000038146973,8.960000038146973,8.960000038146973,8.960000038146973,0.0,8.902872085571289
2026-07-13,8.960000038146973,8.960000038146973,8.960000038146973,8.960000038146973,0.0,8.902872085571289
2026-07-14,8.960000038146973,8.960000038146973,8.960000038146973,8.960000038146973,0.0,8.902872085571289
2026-07-15,8.970000267028809,8.970000267028809,8.970000267028809,8.970000267028809,0.0,8.912809371948242
2026-07-16,8.960000038146973,8.960000038146973,8.960000038146973,8.960000038146973,0.0,8.902872085571289
2026-07-17,8.930000305175781,8.930000305175781,8.930000305175781,8.930000305175781,0.0,8.873064041137695
2026-07-20,0.0,0.0,0.0,8.930000305175781,0.0,8.873064041137695
2026-07-21,0.0,0.0,0.0,8.920000076293945,0.0,8.863127708435059
2026-07-22,0.0,0.0,0.0,8.949999809265137,0.0,8.892935752868652
2026-07-23,0.0,0.0,0.0,8.880000114440918,0.0,8.823382377624512
2026-07-24,0.0,0.0,0.0,8.890000343322754,0.0,8.833318710327148
2026-07-27,0.0,0.0,0.0,8.930000305175781,0.0,8.873064041137695
2026-07-28,0.0,0.0,0.0,8.90999984741211,0.0,8.853191375732422
2026-07-29,0.0,0.0,0.0,8.899999618530273,0.0,8.843254089355469
2026-07-30,0.0,0.0,0.0,8.9399995803833,0.0,8.882999420166016
2026-07-31,0.0,0.0,0.0,8.880000114440918,0.0,8.880000114440918
2026-08-03,0.0,0.0,0.0,8.970000267028809,0.0,8.970000267028809
2026-08-04,0.0,0.0,0.0,9.020000457763672,0.0,9.020000457763672
2026-08-05,0.0,0.0,0.0,9.100000381469728,0.0,9.100000381469728
2026-08-06,0.0,0.0,0.0,9.079999923706056,0.0,9.079999923706056
2026-08-07,0.0,0.0,0.0,9.09000015258789,0.0,9.09000015258789
2026-08-10,0.0,0.0,0.0,9.09000015258789,0.0,9.09000015258789
2026-08-11,0.0,0.0,0.0,9.100000381469728,0.0,9.100000381469728
2026-08-12,0.0,0.0,0.0,9.109999656677246,0.0,9.109999656677246
2026-08-13,0.0,0.0,0.0,9.149999618530272,0.0,9.149999618530272
