Date,Open,High,Low,Close,Volume,Adj Close
2022-03-07,37.42340087890625,37.42340087890625,37.42340087890625,37.42340087890625,0.0,37.42340087890625
2022-03-08,37.33140182495117,37.33140182495117,37.33140182495117,37.33140182495117,0.0,37.33140182495117
2022-03-09,38.419700622558594,38.419700622558594,38.419700622558594,38.419700622558594,0.0,38.419700622558594
2022-03-10,38.23569869995117,38.23569869995117,38.23569869995117,38.23569869995117,0.0,38.23569869995117
2022-03-11,37.597900390625,37.597900390625,37.597900390625,37.597900390625,0.0,37.597900390625
2022-03-14,37.18299865722656,37.18299865722656,37.18299865722656,37.18299865722656,0.0,37.18299865722656
2022-03-15,37.91279983520508,37.91279983520508,37.91279983520508,37.91279983520508,0.0,37.91279983520508
2022-03-16,39.023399353027344,39.023399353027344,39.023399353027344,39.023399353027344,0.0,39.023399353027344
2022-03-17,39.561798095703125,39.561798095703125,39.561798095703125,39.561798095703125,0.0,39.561798095703125
2022-03-18,40.0275993347168,40.0275993347168,40.0275993347168,40.0275993347168,0.0,40.0275993347168
2022-03-21,39.73799896240234,39.73799896240234,39.73799896240234,39.73799896240234,0.0,39.73799896240234
2022-03-22,40.29090118408203,40.29090118408203,40.29090118408203,40.29090118408203,0.0,40.29090118408203
2022-03-23,39.53229904174805,39.53229904174805,39.53229904174805,39.53229904174805,0.0,39.53229904174805
2022-03-24,40.16899871826172,40.16899871826172,40.16899871826172,40.16899871826172,0.0,40.16899871826172
2022-03-25,40.261600494384766,40.261600494384766,40.261600494384766,40.261600494384766,0.0,40.261600494384766
2022-03-28,40.434600830078125,40.434600830078125,40.434600830078125,40.434600830078125,0.0,40.434600830078125
2022-03-29,41.03739929199219,41.03739929199219,41.03739929199219,41.03739929199219,0.0,41.03739929199219
2022-03-30,40.65250015258789,40.65250015258789,40.65250015258789,40.65250015258789,0.0,40.65250015258789
2022-03-31,39.988800048828125,39.988800048828125,39.988800048828125,39.988800048828125,0.0,39.988800048828125
2022-04-01,40.007301330566406,40.007301330566406,40.007301330566406,40.007301330566406,0.0,40.007301330566406
2022-04-04,40.33390045166016,40.33390045166016,40.33390045166016,40.33390045166016,0.0,40.33390045166016
2022-04-05,39.544700622558594,39.544700622558594,39.544700622558594,39.544700622558594,0.0,39.544700622558594
2022-04-06,38.8838005065918,38.8838005065918,38.8838005065918,38.8838005065918,0.0,38.8838005065918
2022-04-07,39.09389877319336,39.09389877319336,39.09389877319336,39.09389877319336,0.0,39.09389877319336
2022-04-08,39.00590133666992,39.00590133666992,39.00590133666992,39.00590133666992,0.0,39.00590133666992
2022-04-11,38.45899963378906,38.45899963378906,38.45899963378906,38.45899963378906,0.0,38.45899963378906
2022-04-12,38.32609939575195,38.32609939575195,38.32609939575195,38.32609939575195,0.0,38.32609939575195
2022-04-13,38.94260025024414,38.94260025024414,38.94260025024414,38.94260025024414,0.0,38.94260025024414
2022-04-14,38.43109893798828,38.43109893798828,38.43109893798828,38.43109893798828,0.0,38.43109893798828
2022-04-19,38.96969985961914,38.96969985961914,38.96969985961914,38.96969985961914,0.0,38.96969985961914
2022-04-20,39.001800537109375,39.001800537109375,39.001800537109375,39.001800537109375,0.0,39.001800537109375
2022-04-21,38.22249984741211,38.22249984741211,38.22249984741211,38.22249984741211,0.0,38.22249984741211
2022-04-22,37.26210021972656,37.26210021972656,37.26210021972656,37.26210021972656,0.0,37.26210021972656
2022-04-25,37.59130096435547,37.59130096435547,37.59130096435547,37.59130096435547,0.0,37.59130096435547
2022-04-26,36.55339813232422,36.55339813232422,36.55339813232422,36.55339813232422,0.0,36.55339813232422
2022-04-27,36.56829833984375,36.56829833984375,36.56829833984375,36.56829833984375,0.0,36.56829833984375
2022-04-28,37.28850173950195,37.28850173950195,37.28850173950195,37.28850173950195,0.0,37.28850173950195
2022-04-29,36.08689880371094,36.08689880371094,36.08689880371094,36.08689880371094,0.0,36.08689880371094
2022-05-02,36.39820098876953,36.39820098876953,36.39820098876953,36.39820098876953,0.0,36.39820098876953
2022-05-03,36.45240020751953,36.45240020751953,36.45240020751953,36.45240020751953,0.0,36.45240020751953
2022-05-04,37.61009979248047,37.61009979248047,37.61009979248047,37.61009979248047,0.0,37.61009979248047
2022-05-05,36.36989974975586,36.36989974975586,36.36989974975586,36.36989974975586,0.0,36.36989974975586
2022-05-06,35.8046989440918,35.8046989440918,35.8046989440918,35.8046989440918,0.0,35.8046989440918
2022-05-10,34.75339889526367,34.75339889526367,34.75339889526367,34.75339889526367,0.0,34.75339889526367
2022-05-11,34.18199920654297,34.18199920654297,34.18199920654297,34.18199920654297,0.0,34.18199920654297
2022-05-12,34.37649917602539,34.37649917602539,34.37649917602539,34.37649917602539,0.0,34.37649917602539
2022-05-13,35.470699310302734,35.470699310302734,35.470699310302734,35.470699310302734,0.0,35.470699310302734
2022-05-16,35.31999969482422,35.31999969482422,35.31999969482422,35.31999969482422,0.0,35.31999969482422
2022-05-17,36.0015983581543,36.0015983581543,36.0015983581543,36.0015983581543,0.0,36.0015983581543
2022-05-18,34.13850021362305,34.13850021362305,34.13850021362305,34.13850021362305,0.0,34.13850021362305
2022-05-19,33.770301818847656,33.770301818847656,33.770301818847656,33.770301818847656,0.0,33.770301818847656
2022-05-20,34.001800537109375,34.001800537109375,34.001800537109375,34.001800537109375,0.0,34.001800537109375
2022-05-23,34.68259811401367,34.68259811401367,34.68259811401367,34.68259811401367,0.0,34.68259811401367
2022-05-24,34.32720184326172,34.32720184326172,34.32720184326172,34.32720184326172,0.0,34.32720184326172
2022-05-25,34.75019836425781,34.75019836425781,34.75019836425781,34.75019836425781,0.0,34.75019836425781
2022-05-27,36.30759811401367,36.30759811401367,36.30759811401367,36.30759811401367,0.0,36.30759811401367
2022-05-31,35.84749984741211,35.84749984741211,35.84749984741211,35.84749984741211,0.0,35.84749984741211
2022-06-01,35.543399810791016,35.543399810791016,35.543399810791016,35.543399810791016,0.0,35.543399810791016
2022-06-02,36.45830154418945,36.45830154418945,36.45830154418945,36.45830154418945,0.0,36.45830154418945
2022-06-03,36.000099182128906,36.000099182128906,36.000099182128906,36.000099182128906,0.0,36.000099182128906
2022-06-07,36.53519821166992,36.53519821166992,36.53519821166992,36.53519821166992,0.0,36.53519821166992
2022-06-08,35.977298736572266,35.977298736572266,35.977298736572266,35.977298736572266,0.0,35.977298736572266
2022-06-09,35.124900817871094,35.124900817871094,35.124900817871094,35.124900817871094,0.0,35.124900817871094
2022-06-10,34.074501037597656,34.074501037597656,34.074501037597656,34.074501037597656,0.0,34.074501037597656
2022-06-13,32.757598876953125,32.757598876953125,32.757598876953125,32.757598876953125,0.0,32.757598876953125
2022-06-14,32.60279846191406,32.60279846191406,32.60279846191406,32.60279846191406,0.0,32.60279846191406
2022-06-15,33.09489822387695,33.09489822387695,33.09489822387695,33.09489822387695,0.0,33.09489822387695
2022-06-16,32.019901275634766,32.019901275634766,32.019901275634766,32.019901275634766,0.0,32.019901275634766
2022-06-17,32.21979904174805,32.21979904174805,32.21979904174805,32.21979904174805,0.0,32.21979904174805
2022-06-21,32.881500244140625,32.881500244140625,32.881500244140625,32.881500244140625,0.0,32.881500244140625
2022-06-22,32.77690124511719,32.77690124511719,32.77690124511719,32.77690124511719,0.0,32.77690124511719
2022-06-24,34.20869827270508,34.20869827270508,34.20869827270508,34.20869827270508,0.0,34.20869827270508
2022-06-27,34.001399993896484,34.001399993896484,34.001399993896484,34.001399993896484,0.0,34.001399993896484
2022-06-28,33.34090042114258,33.34090042114258,33.34090042114258,33.34090042114258,0.0,33.34090042114258
2022-06-29,33.24689865112305,33.24689865112305,33.24689865112305,33.24689865112305,0.0,33.24689865112305
2022-06-30,32.8296012878418,32.8296012878418,32.8296012878418,32.8296012878418,0.0,32.8296012878418
2022-07-01,33.1057014465332,33.1057014465332,33.1057014465332,33.1057014465332,0.0,33.1057014465332
2022-07-05,33.19150161743164,33.19150161743164,33.19150161743164,33.19150161743164,0.0,33.19150161743164
2022-07-06,33.13669967651367,33.13669967651367,33.13669967651367,33.13669967651367,0.0,33.13669967651367
2022-07-07,33.80329895019531,33.80329895019531,33.80329895019531,33.80329895019531,0.0,33.80329895019531
2022-07-08,33.78030014038086,33.78030014038086,33.78030014038086,33.78030014038086,0.0,33.78030014038086
2022-07-11,33.330101013183594,33.330101013183594,33.330101013183594,33.330101013183594,0.0,33.330101013183594
2022-07-12,32.9208984375,32.9208984375,32.9208984375,32.9208984375,0.0,32.9208984375
2022-07-13,32.75339889526367,32.75339889526367,32.75339889526367,32.75339889526367,0.0,32.75339889526367
2022-07-14,32.59920120239258,32.59920120239258,32.59920120239258,32.59920120239258,0.0,32.59920120239258
2022-07-15,33.297298431396484,33.297298431396484,33.297298431396484,33.297298431396484,0.0,33.297298431396484
2022-07-18,33.08769989013672,33.08769989013672,33.08769989013672,33.08769989013672,0.0,33.08769989013672
2022-07-19,34.04029846191406,34.04029846191406,34.04029846191406,34.04029846191406,0.0,34.04029846191406
2022-07-20,34.28160095214844,34.28160095214844,34.28160095214844,34.28160095214844,0.0,34.28160095214844
2022-07-21,34.473899841308594,34.473899841308594,34.473899841308594,34.473899841308594,0.0,34.473899841308594
2022-07-22,34.1265983581543,34.1265983581543,34.1265983581543,34.1265983581543,0.0,34.1265983581543
2022-07-25,34.14400100708008,34.14400100708008,34.14400100708008,34.14400100708008,0.0,34.14400100708008
2022-07-26,33.535301208496094,33.535301208496094,33.535301208496094,33.535301208496094,0.0,33.535301208496094
2022-07-27,34.4463005065918,34.4463005065918,34.4463005065918,34.4463005065918,0.0,34.4463005065918
2022-07-28,34.89310073852539,34.89310073852539,34.89310073852539,34.89310073852539,0.0,34.89310073852539
2022-07-29,35.38859939575195,35.38859939575195,35.38859939575195,35.38859939575195,0.0,35.38859939575195
2022-08-01,35.34120178222656,35.34120178222656,35.34120178222656,35.34120178222656,0.0,35.34120178222656
2022-08-02,35.2760009765625,35.2760009765625,35.2760009765625,35.2760009765625,0.0,35.2760009765625
2022-08-03,35.94609832763672,35.94609832763672,35.94609832763672,35.94609832763672,0.0,35.94609832763672
2022-08-04,36.03820037841797,36.03820037841797,36.03820037841797,36.03820037841797,0.0,36.03820037841797
2022-08-05,36.06779861450195,36.06779861450195,36.06779861450195,36.06779861450195,0.0,36.06779861450195
2022-08-08,36.062198638916016,36.062198638916016,36.062198638916016,36.062198638916016,0.0,36.062198638916016
2022-08-09,35.712398529052734,35.712398529052734,35.712398529052734,35.712398529052734,0.0,35.712398529052734
2022-08-10,36.60329818725586,36.60329818725586,36.60329818725586,36.60329818725586,0.0,36.60329818725586
2022-08-11,36.6176986694336,36.6176986694336,36.6176986694336,36.6176986694336,0.0,36.6176986694336
2022-08-12,37.311500549316406,37.311500549316406,37.311500549316406,37.311500549316406,0.0,37.311500549316406
2022-08-16,37.37620162963867,37.37620162963867,37.37620162963867,37.37620162963867,0.0,37.37620162963867
2022-08-17,36.85929870605469,36.85929870605469,36.85929870605469,36.85929870605469,0.0,36.85929870605469
2022-08-18,36.993900299072266,36.993900299072266,36.993900299072266,36.993900299072266,0.0,36.993900299072266
2022-08-19,36.38190078735352,36.38190078735352,36.38190078735352,36.38190078735352,0.0,36.38190078735352
2022-08-22,35.582298278808594,35.582298278808594,35.582298278808594,35.582298278808594,0.0,35.582298278808594
2022-08-23,35.61880111694336,35.61880111694336,35.61880111694336,35.61880111694336,0.0,35.61880111694336
2022-08-24,35.77690124511719,35.77690124511719,35.77690124511719,35.77690124511719,0.0,35.77690124511719
2022-08-25,36.35129928588867,36.35129928588867,36.35129928588867,36.35129928588867,0.0,36.35129928588867
2022-08-26,35.18330001831055,35.18330001831055,35.18330001831055,35.18330001831055,0.0,35.18330001831055
2022-08-29,34.89120101928711,34.89120101928711,34.89120101928711,34.89120101928711,0.0,34.89120101928711
2022-08-30,34.563201904296875,34.563201904296875,34.563201904296875,34.563201904296875,0.0,34.563201904296875
2022-08-31,34.336700439453125,34.336700439453125,34.336700439453125,34.336700439453125,0.0,34.336700439453125
2022-09-01,34.3046989440918,34.3046989440918,34.3046989440918,34.3046989440918,0.0,34.3046989440918
2022-09-02,34.037601470947266,34.037601470947266,34.037601470947266,34.037601470947266,0.0,34.037601470947266
2022-09-06,33.85139846801758,33.85139846801758,33.85139846801758,33.85139846801758,0.0,33.85139846801758
2022-09-07,34.48680114746094,34.48680114746094,34.48680114746094,34.48680114746094,0.0,34.48680114746094
2022-09-08,34.840599060058594,34.840599060058594,34.840599060058594,34.840599060058594,0.0,34.840599060058594
2022-09-09,35.41419982910156,35.41419982910156,35.41419982910156,35.41419982910156,0.0,35.41419982910156
2022-09-12,35.64630126953125,35.64630126953125,35.64630126953125,35.64630126953125,0.0,35.64630126953125
2022-09-13,34.215999603271484,34.215999603271484,34.215999603271484,34.215999603271484,0.0,34.215999603271484
2022-09-14,34.372501373291016,34.372501373291016,34.372501373291016,34.372501373291016,0.0,34.372501373291016
2022-09-15,33.922401428222656,33.922401428222656,33.922401428222656,33.922401428222656,0.0,33.922401428222656
2022-09-16,33.39289855957031,33.39289855957031,33.39289855957031,33.39289855957031,0.0,33.39289855957031
2022-09-19,33.62779998779297,33.62779998779297,33.62779998779297,33.62779998779297,0.0,33.62779998779297
2022-09-20,33.1797981262207,33.1797981262207,33.1797981262207,33.1797981262207,0.0,33.1797981262207
2022-09-21,32.6421012878418,32.6421012878418,32.6421012878418,32.6421012878418,0.0,32.6421012878418
2022-09-22,32.2322998046875,32.2322998046875,32.2322998046875,32.2322998046875,0.0,32.2322998046875
2022-09-23,31.630800247192383,31.630800247192383,31.630800247192383,31.630800247192383,0.0,31.630800247192383
2022-09-26,31.21910095214844,31.21910095214844,31.21910095214844,31.21910095214844,0.0,31.21910095214844
2022-09-27,31.2450008392334,31.2450008392334,31.2450008392334,31.2450008392334,0.0,31.2450008392334
2022-09-28,31.904600143432617,31.904600143432617,31.904600143432617,31.904600143432617,0.0,31.904600143432617
2022-09-29,31.36529922485352,31.36529922485352,31.36529922485352,31.36529922485352,0.0,31.36529922485352
2022-09-30,30.996299743652344,30.996299743652344,30.996299743652344,30.996299743652344,0.0,30.996299743652344
2022-10-03,31.85860061645508,31.85860061645508,31.85860061645508,31.85860061645508,0.0,31.85860061645508
2022-10-04,32.793701171875,32.793701171875,32.793701171875,32.793701171875,0.0,32.793701171875
2022-10-05,32.784698486328125,32.784698486328125,32.784698486328125,32.784698486328125,0.0,32.784698486328125
2022-10-06,32.54169845581055,32.54169845581055,32.54169845581055,32.54169845581055,0.0,32.54169845581055
2022-10-07,31.343700408935547,31.343700408935547,31.343700408935547,31.343700408935547,0.0,31.343700408935547
2022-10-10,30.93180084228516,30.93180084228516,30.93180084228516,30.93180084228516,0.0,30.93180084228516
2022-10-11,30.537399291992188,30.537399291992188,30.537399291992188,30.537399291992188,0.0,30.537399291992188
2022-10-12,30.49469947814941,30.49469947814941,30.49469947814941,30.49469947814941,0.0,30.49469947814941
2022-10-13,31.262800216674805,31.262800216674805,31.262800216674805,31.262800216674805,0.0,31.262800216674805
2022-10-14,30.420499801635746,30.420499801635746,30.420499801635746,30.420499801635746,0.0,30.420499801635746
2022-10-17,31.156099319458008,31.156099319458008,31.156099319458008,31.156099319458008,0.0,31.156099319458008
2022-10-18,31.574800491333008,31.574800491333008,31.574800491333008,31.574800491333008,0.0,31.574800491333008
2022-10-19,31.24020004272461,31.24020004272461,31.24020004272461,31.24020004272461,0.0,31.24020004272461
2022-10-20,31.124500274658203,31.124500274658203,31.124500274658203,31.124500274658203,0.0,31.124500274658203
2022-10-21,31.931299209594727,31.931299209594727,31.931299209594727,31.931299209594727,0.0,31.931299209594727
2022-10-24,32.33509826660156,32.33509826660156,32.33509826660156,32.33509826660156,0.0,32.33509826660156
2022-10-25,32.76459884643555,32.76459884643555,32.76459884643555,32.76459884643555,0.0,32.76459884643555
2022-10-26,32.64609909057617,32.64609909057617,32.64609909057617,32.64609909057617,0.0,32.64609909057617
2022-10-27,32.46860122680664,32.46860122680664,32.46860122680664,32.46860122680664,0.0,32.46860122680664
2022-10-28,33.061798095703125,33.061798095703125,33.061798095703125,33.061798095703125,0.0,33.061798095703125
2022-10-31,32.88130187988281,32.88130187988281,32.88130187988281,32.88130187988281,0.0,32.88130187988281
2022-11-02,32.0546989440918,32.0546989440918,32.0546989440918,32.0546989440918,0.0,32.0546989440918
2022-11-03,31.75320053100586,31.75320053100586,31.75320053100586,31.75320053100586,0.0,31.75320053100586
2022-11-04,32.24449920654297,32.24449920654297,32.24449920654297,32.24449920654297,0.0,32.24449920654297
2022-11-07,32.61470031738281,32.61470031738281,32.61470031738281,32.61470031738281,0.0,32.61470031738281
2022-11-08,32.81919860839844,32.81919860839844,32.81919860839844,32.81919860839844,0.0,32.81919860839844
2022-11-09,32.101200103759766,32.101200103759766,32.101200103759766,32.101200103759766,0.0,32.101200103759766
2022-11-10,34.13750076293945,34.13750076293945,34.13750076293945,34.13750076293945,0.0,34.13750076293945
2022-11-11,34.820899963378906,34.820899963378906,34.820899963378906,34.820899963378906,0.0,34.820899963378906
2022-11-14,34.33980178833008,34.33980178833008,34.33980178833008,34.33980178833008,0.0,34.33980178833008
2022-11-15,34.76689910888672,34.76689910888672,34.76689910888672,34.76689910888672,0.0,34.76689910888672
2022-11-16,34.267799377441406,34.267799377441406,34.267799377441406,34.267799377441406,0.0,34.267799377441406
2022-11-17,34.08539962768555,34.08539962768555,34.08539962768555,34.08539962768555,0.0,34.08539962768555
2022-11-18,34.2765007019043,34.2765007019043,34.2765007019043,34.2765007019043,0.0,34.2765007019043
2022-11-21,34.14059829711914,34.14059829711914,34.14059829711914,34.14059829711914,0.0,34.14059829711914
2022-11-22,34.64459991455078,34.64459991455078,34.64459991455078,34.64459991455078,0.0,34.64459991455078
2022-11-23,34.83729934692383,34.83729934692383,34.83729934692383,34.83729934692383,0.0,34.83729934692383
2022-11-25,34.70140075683594,34.70140075683594,34.70140075683594,34.70140075683594,0.0,34.70140075683594
2022-11-28,34.07099914550781,34.07099914550781,34.07099914550781,34.07099914550781,0.0,34.07099914550781
2022-11-29,34.04629898071289,34.04629898071289,34.04629898071289,34.04629898071289,0.0,34.04629898071289
2022-11-30,35.1245002746582,35.1245002746582,35.1245002746582,35.1245002746582,0.0,35.1245002746582
2022-12-01,35.12099838256836,35.12099838256836,35.12099838256836,35.12099838256836,0.0,35.12099838256836
2022-12-02,35.07709884643555,35.07709884643555,35.07709884643555,35.07709884643555,0.0,35.07709884643555
2022-12-05,34.316001892089844,34.316001892089844,34.316001892089844,34.316001892089844,0.0,34.316001892089844
2022-12-06,33.625999450683594,33.625999450683594,33.625999450683594,33.625999450683594,0.0,33.625999450683594
2022-12-07,33.57529830932617,33.57529830932617,33.57529830932617,33.57529830932617,0.0,33.57529830932617
2022-12-08,33.76219940185547,33.76219940185547,33.76219940185547,33.76219940185547,0.0,33.76219940185547
2022-12-09,33.411800384521484,33.411800384521484,33.411800384521484,33.411800384521484,0.0,33.411800384521484
2022-12-12,34.02730178833008,34.02730178833008,34.02730178833008,34.02730178833008,0.0,34.02730178833008
2022-12-13,34.35060119628906,34.35060119628906,34.35060119628906,34.35060119628906,0.0,34.35060119628906
2022-12-14,34.12889862060547,34.12889862060547,34.12889862060547,34.12889862060547,0.0,34.12889862060547
2022-12-15,33.18659973144531,33.18659973144531,33.18659973144531,33.18659973144531,0.0,33.18659973144531
2022-12-16,32.879600524902344,32.879600524902344,32.879600524902344,32.879600524902344,0.0,32.879600524902344
2022-12-19,32.41699981689453,32.41699981689453,32.41699981689453,32.41699981689453,0.0,32.41699981689453
2022-12-20,32.47919845581055,32.47919845581055,32.47919845581055,32.47919845581055,0.0,32.47919845581055
2022-12-21,32.8406982421875,32.8406982421875,32.8406982421875,32.8406982421875,0.0,32.8406982421875
2022-12-22,32.25230026245117,32.25230026245117,32.25230026245117,32.25230026245117,0.0,32.25230026245117
2022-12-23,32.39789962768555,32.39789962768555,32.39789962768555,32.39789962768555,0.0,32.39789962768555
2022-12-27,32.227901458740234,32.227901458740234,32.227901458740234,32.227901458740234,0.0,32.227901458740234
2022-12-28,31.80649948120117,31.80649948120117,31.80649948120117,31.80649948120117,0.0,31.80649948120117
2022-12-29,32.519500732421875,32.519500732421875,32.519500732421875,32.519500732421875,0.0,32.519500732421875
2022-12-30,32.44300079345703,32.44300079345703,32.44300079345703,32.44300079345703,0.0,32.44300079345703
2023-01-03,32.3031005859375,32.3031005859375,32.3031005859375,32.3031005859375,0.0,32.3031005859375
2023-01-04,32.6245002746582,32.6245002746582,32.6245002746582,32.6245002746582,0.0,32.6245002746582
2023-01-05,32.20610046386719,32.20610046386719,32.20610046386719,32.20610046386719,0.0,32.20610046386719
2023-01-06,33.0531005859375,33.0531005859375,33.0531005859375,33.0531005859375,0.0,33.0531005859375
2023-01-09,33.30569839477539,33.30569839477539,33.30569839477539,33.30569839477539,0.0,33.30569839477539
2023-01-10,33.60020065307617,33.60020065307617,33.60020065307617,33.60020065307617,0.0,33.60020065307617
2023-01-11,34.09629821777344,34.09629821777344,34.09629821777344,34.09629821777344,0.0,34.09629821777344
2023-01-12,34.31959915161133,34.31959915161133,34.31959915161133,34.31959915161133,0.0,34.31959915161133
2023-01-13,34.56650161743164,34.56650161743164,34.56650161743164,34.56650161743164,0.0,34.56650161743164
2023-01-17,34.6171989440918,34.6171989440918,34.6171989440918,34.6171989440918,0.0,34.6171989440918
2023-01-18,34.19490051269531,34.19490051269531,34.19490051269531,34.19490051269531,0.0,34.19490051269531
2023-01-19,33.628501892089844,33.628501892089844,33.628501892089844,33.628501892089844,0.0,33.628501892089844
2023-01-20,34.49509811401367,34.49509811401367,34.49509811401367,34.49509811401367,0.0,34.49509811401367
2023-01-23,34.98849868774414,34.98849868774414,34.98849868774414,34.98849868774414,0.0,34.98849868774414
2023-01-24,34.96770095825195,34.96770095825195,34.96770095825195,34.96770095825195,0.0,34.96770095825195
2023-01-25,34.98059844970703,34.98059844970703,34.98059844970703,34.98059844970703,0.0,34.98059844970703
2023-01-26,35.47869873046875,35.47869873046875,35.47869873046875,35.47869873046875,0.0,35.47869873046875
2023-01-27,35.48199844360352,35.48199844360352,35.48199844360352,35.48199844360352,0.0,35.48199844360352
2023-01-30,35.00600051879883,35.00600051879883,35.00600051879883,35.00600051879883,0.0,35.00600051879883
2023-01-31,35.739601135253906,35.739601135253906,35.739601135253906,35.739601135253906,0.0,35.739601135253906
2023-02-01,36.235198974609375,36.235198974609375,36.235198974609375,36.235198974609375,0.0,36.235198974609375
2023-02-02,36.58940124511719,36.58940124511719,36.58940124511719,36.58940124511719,0.0,36.58940124511719
2023-02-03,36.08539962768555,36.08539962768555,36.08539962768555,36.08539962768555,0.0,36.08539962768555
2023-02-06,35.85850143432617,35.85850143432617,35.85850143432617,35.85850143432617,0.0,35.85850143432617
2023-02-07,36.33470153808594,36.33470153808594,36.33470153808594,36.33470153808594,0.0,36.33470153808594
2023-02-08,35.812400817871094,35.812400817871094,35.812400817871094,35.812400817871094,0.0,35.812400817871094
2023-02-09,35.49509811401367,35.49509811401367,35.49509811401367,35.49509811401367,0.0,35.49509811401367
2023-02-10,35.40689849853516,35.40689849853516,35.40689849853516,35.40689849853516,0.0,35.40689849853516
2023-02-13,35.78459930419922,35.78459930419922,35.78459930419922,35.78459930419922,0.0,35.78459930419922
2023-02-14,35.86009979248047,35.86009979248047,35.86009979248047,35.86009979248047,0.0,35.86009979248047
2023-02-15,36.00230026245117,36.00230026245117,36.00230026245117,36.00230026245117,0.0,36.00230026245117
2023-02-16,35.38909912109375,35.38909912109375,35.38909912109375,35.38909912109375,0.0,35.38909912109375
2023-02-17,35.077301025390625,35.077301025390625,35.077301025390625,35.077301025390625,0.0,35.077301025390625
2023-02-21,34.322200775146484,34.322200775146484,34.322200775146484,34.322200775146484,0.0,34.322200775146484
2023-02-22,34.31010055541992,34.31010055541992,34.31010055541992,34.31010055541992,0.0,34.31010055541992
2023-02-23,34.46160125732422,34.46160125732422,34.46160125732422,34.46160125732422,0.0,34.46160125732422
2023-02-24,34.070499420166016,34.070499420166016,34.070499420166016,34.070499420166016,0.0,34.070499420166016
2023-02-27,34.26129913330078,34.26129913330078,34.26129913330078,34.26129913330078,0.0,34.26129913330078
2023-02-28,34.38130187988281,34.38130187988281,34.38130187988281,34.38130187988281,0.0,34.38130187988281
2023-03-01,34.38100051879883,34.38100051879883,34.38100051879883,34.38100051879883,0.0,34.38100051879883
2023-03-02,34.64649963378906,34.64649963378906,34.64649963378906,34.64649963378906,0.0,34.64649963378906
2023-03-03,35.14390182495117,35.14390182495117,35.14390182495117,35.14390182495117,0.0,35.14390182495117
2023-03-06,34.9739990234375,34.9739990234375,34.9739990234375,34.9739990234375,0.0,34.9739990234375
2023-03-07,34.4536018371582,34.4536018371582,34.4536018371582,34.4536018371582,0.0,34.4536018371582
2023-03-08,34.66299819946289,34.66299819946289,34.66299819946289,34.66299819946289,0.0,34.66299819946289
2023-03-09,33.85210037231445,33.85210037231445,33.85210037231445,33.85210037231445,0.0,33.85210037231445
2023-03-10,33.15370178222656,33.15370178222656,33.15370178222656,33.15370178222656,0.0,33.15370178222656
2023-03-13,32.82699966430664,32.82699966430664,32.82699966430664,32.82699966430664,0.0,32.82699966430664
2023-03-14,33.53820037841797,33.53820037841797,33.53820037841797,33.53820037841797,0.0,33.53820037841797
2023-03-15,33.14569854736328,33.14569854736328,33.14569854736328,33.14569854736328,0.0,33.14569854736328
2023-03-16,33.91170120239258,33.91170120239258,33.91170120239258,33.91170120239258,0.0,33.91170120239258
2023-03-17,33.36690139770508,33.36690139770508,33.36690139770508,33.36690139770508,0.0,33.36690139770508
2023-03-20,33.634300231933594,33.634300231933594,33.634300231933594,33.634300231933594,0.0,33.634300231933594
2023-03-21,34.166099548339844,34.166099548339844,34.166099548339844,34.166099548339844,0.0,34.166099548339844
2023-03-22,33.50600051879883,33.50600051879883,33.50600051879883,33.50600051879883,0.0,33.50600051879883
2023-03-23,33.6265983581543,33.6265983581543,33.6265983581543,33.6265983581543,0.0,33.6265983581543
2023-03-24,33.65679931640625,33.65679931640625,33.65679931640625,33.65679931640625,0.0,33.65679931640625
2023-03-27,33.7140007019043,33.7140007019043,33.7140007019043,33.7140007019043,0.0,33.7140007019043
2023-03-28,33.620399475097656,33.620399475097656,33.620399475097656,33.620399475097656,0.0,33.620399475097656
2023-03-29,34.25619888305664,34.25619888305664,34.25619888305664,34.25619888305664,0.0,34.25619888305664
2023-03-31,34.951499938964844,34.951499938964844,34.951499938964844,34.951499938964844,0.0,34.951499938964844
2023-04-03,34.84109878540039,34.84109878540039,34.84109878540039,34.84109878540039,0.0,34.84109878540039
2023-04-04,34.49689865112305,34.49689865112305,34.49689865112305,34.49689865112305,0.0,34.49689865112305
2023-04-05,34.29779815673828,34.29779815673828,34.29779815673828,34.29779815673828,0.0,34.29779815673828
2023-04-06,34.389801025390625,34.389801025390625,34.389801025390625,34.389801025390625,0.0,34.389801025390625
2023-04-11,34.79600143432617,34.79600143432617,34.79600143432617,34.79600143432617,0.0,34.79600143432617
2023-04-12,34.622398376464844,34.622398376464844,34.622398376464844,34.622398376464844,0.0,34.622398376464844
2023-04-13,35.02410125732422,35.02410125732422,35.02410125732422,35.02410125732422,0.0,35.02410125732422
2023-04-14,34.845401763916016,34.845401763916016,34.845401763916016,34.845401763916016,0.0,34.845401763916016
2023-04-17,34.57569885253906,34.57569885253906,34.57569885253906,34.57569885253906,0.0,34.57569885253906
2023-04-18,34.62670135498047,34.62670135498047,34.62670135498047,34.62670135498047,0.0,34.62670135498047
2023-04-19,34.82820129394531,34.82820129394531,34.82820129394531,34.82820129394531,0.0,34.82820129394531
2023-04-20,34.80580139160156,34.80580139160156,34.80580139160156,34.80580139160156,0.0,34.80580139160156
2023-04-21,34.7598991394043,34.7598991394043,34.7598991394043,34.7598991394043,0.0,34.7598991394043
2023-04-24,34.78990173339844,34.78990173339844,34.78990173339844,34.78990173339844,0.0,34.78990173339844
2023-04-25,33.94229888916016,33.94229888916016,33.94229888916016,33.94229888916016,0.0,33.94229888916016
2023-04-26,33.7671012878418,33.7671012878418,33.7671012878418,33.7671012878418,0.0,33.7671012878418
2023-04-27,34.247398376464844,34.247398376464844,34.247398376464844,34.247398376464844,0.0,34.247398376464844
2023-04-28,34.630001068115234,34.630001068115234,34.630001068115234,34.630001068115234,0.0,34.630001068115234
2023-05-02,34.32640075683594,34.32640075683594,34.32640075683594,34.32640075683594,0.0,34.32640075683594
2023-05-03,34.145301818847656,34.145301818847656,34.145301818847656,34.145301818847656,0.0,34.145301818847656
2023-05-04,33.775299072265625,33.775299072265625,33.775299072265625,33.775299072265625,0.0,33.775299072265625
2023-05-05,34.26839828491211,34.26839828491211,34.26839828491211,34.26839828491211,0.0,34.26839828491211
2023-05-08,34.22119903564453,34.22119903564453,34.22119903564453,34.22119903564453,0.0,34.22119903564453
2023-05-10,34.18330001831055,34.18330001831055,34.18330001831055,34.18330001831055,0.0,34.18330001831055
2023-05-11,33.99589920043945,33.99589920043945,33.99589920043945,33.99589920043945,0.0,33.99589920043945
2023-05-12,33.870399475097656,33.870399475097656,33.870399475097656,33.870399475097656,0.0,33.870399475097656
2023-05-15,34.20500183105469,34.20500183105469,34.20500183105469,34.20500183105469,0.0,34.20500183105469
2023-05-16,33.85300064086914,33.85300064086914,33.85300064086914,33.85300064086914,0.0,33.85300064086914
2023-05-17,34.31669998168945,34.31669998168945,34.31669998168945,34.31669998168945,0.0,34.31669998168945
2023-05-19,34.6343994140625,34.6343994140625,34.6343994140625,34.6343994140625,0.0,34.6343994140625
2023-05-22,34.66569900512695,34.66569900512695,34.66569900512695,34.66569900512695,0.0,34.66569900512695
2023-05-23,34.262901306152344,34.262901306152344,34.262901306152344,34.262901306152344,0.0,34.262901306152344
2023-05-24,34.011199951171875,34.011199951171875,34.011199951171875,34.011199951171875,0.0,34.011199951171875
2023-05-25,34.24829864501953,34.24829864501953,34.24829864501953,34.24829864501953,0.0,34.24829864501953
2023-05-26,34.83039855957031,34.83039855957031,34.83039855957031,34.83039855957031,0.0,34.83039855957031
2023-05-30,34.747398376464844,34.747398376464844,34.747398376464844,34.747398376464844,0.0,34.747398376464844
2023-05-31,34.35459899902344,34.35459899902344,34.35459899902344,34.35459899902344,0.0,34.35459899902344
2023-06-01,34.68579864501953,34.68579864501953,34.68579864501953,34.68579864501953,0.0,34.68579864501953
2023-06-02,35.331298828125,35.331298828125,35.331298828125,35.331298828125,0.0,35.331298828125
2023-06-05,35.15650177001953,35.15650177001953,35.15650177001953,35.15650177001953,0.0,35.15650177001953
2023-06-06,35.43960189819336,35.43960189819336,35.43960189819336,35.43960189819336,0.0,35.43960189819336
2023-06-07,35.35900115966797,35.35900115966797,35.35900115966797,35.35900115966797,0.0,35.35900115966797
2023-06-08,35.50040054321289,35.50040054321289,35.50040054321289,35.50040054321289,0.0,35.50040054321289
2023-06-09,35.432701110839844,35.432701110839844,35.432701110839844,35.432701110839844,0.0,35.432701110839844
2023-06-12,35.75979995727539,35.75979995727539,35.75979995727539,35.75979995727539,0.0,35.75979995727539
2023-06-13,36.04629898071289,36.04629898071289,36.04629898071289,36.04629898071289,0.0,36.04629898071289
2023-06-14,36.08549880981445,36.08549880981445,36.08549880981445,36.08549880981445,0.0,36.08549880981445
2023-06-15,36.51169967651367,36.51169967651367,36.51169967651367,36.51169967651367,0.0,36.51169967651367
2023-06-16,36.27920150756836,36.27920150756836,36.27920150756836,36.27920150756836,0.0,36.27920150756836
2023-06-20,35.87179946899414,35.87179946899414,35.87179946899414,35.87179946899414,0.0,35.87179946899414
2023-06-21,35.59339904785156,35.59339904785156,35.59339904785156,35.59339904785156,0.0,35.59339904785156
2023-06-22,35.67409896850586,35.67409896850586,35.67409896850586,35.67409896850586,0.0,35.67409896850586
2023-06-26,35.41320037841797,35.41320037841797,35.41320037841797,35.41320037841797,0.0,35.41320037841797
2023-06-27,35.98749923706055,35.98749923706055,35.98749923706055,35.98749923706055,0.0,35.98749923706055
2023-06-28,35.911399841308594,35.911399841308594,35.911399841308594,35.911399841308594,0.0,35.911399841308594
2023-06-29,36.0614013671875,36.0614013671875,36.0614013671875,36.0614013671875,0.0,36.0614013671875
2023-06-30,36.36410140991211,36.36410140991211,36.36410140991211,36.36410140991211,0.0,36.36410140991211
2023-07-03,36.48749923706055,36.48749923706055,36.48749923706055,36.48749923706055,0.0,36.48749923706055
2023-07-05,36.20159912109375,36.20159912109375,36.20159912109375,36.20159912109375,0.0,36.20159912109375
2023-07-06,35.87070083618164,35.87070083618164,35.87070083618164,35.87070083618164,0.0,35.87070083618164
2023-07-07,35.90850067138672,35.90850067138672,35.90850067138672,35.90850067138672,0.0,35.90850067138672
2023-07-10,36.17290115356445,36.17290115356445,36.17290115356445,36.17290115356445,0.0,36.17290115356445
2023-07-11,36.5276985168457,36.5276985168457,36.5276985168457,36.5276985168457,0.0,36.5276985168457
2023-07-12,36.82379913330078,36.82379913330078,36.82379913330078,36.82379913330078,0.0,36.82379913330078
2023-07-13,37.31700134277344,37.31700134277344,37.31700134277344,37.31700134277344,0.0,37.31700134277344
2023-07-14,36.86259841918945,36.86259841918945,36.86259841918945,36.86259841918945,0.0,36.86259841918945
2023-07-17,37.03519821166992,37.03519821166992,37.03519821166992,37.03519821166992,0.0,37.03519821166992
2023-07-18,37.32099914550781,37.32099914550781,37.32099914550781,37.32099914550781,0.0,37.32099914550781
2023-07-19,37.30870056152344,37.30870056152344,37.30870056152344,37.30870056152344,0.0,37.30870056152344
2023-07-20,36.983001708984375,36.983001708984375,36.983001708984375,36.983001708984375,0.0,36.983001708984375
2023-07-21,37.11899948120117,37.11899948120117,37.11899948120117,37.11899948120117,0.0,37.11899948120117
2023-07-24,37.07059860229492,37.07059860229492,37.07059860229492,37.07059860229492,0.0,37.07059860229492
2023-07-25,37.25339889526367,37.25339889526367,37.25339889526367,37.25339889526367,0.0,37.25339889526367
2023-07-26,37.27159881591797,37.27159881591797,37.27159881591797,37.27159881591797,0.0,37.27159881591797
2023-07-27,37.117000579833984,37.117000579833984,37.117000579833984,37.117000579833984,0.0,37.117000579833984
2023-07-28,37.61709976196289,37.61709976196289,37.61709976196289,37.61709976196289,0.0,37.61709976196289
2023-07-31,37.82160186767578,37.82160186767578,37.82160186767578,37.82160186767578,0.0,37.82160186767578
2023-08-01,37.74829864501953,37.74829864501953,37.74829864501953,37.74829864501953,0.0,37.74829864501953
2023-08-02,37.1708984375,37.1708984375,37.1708984375,37.1708984375,0.0,37.1708984375
2023-08-03,36.97629928588867,36.97629928588867,36.97629928588867,36.97629928588867,0.0,36.97629928588867
2023-08-04,36.91310119628906,36.91310119628906,36.91310119628906,36.91310119628906,0.0,36.91310119628906
2023-08-07,37.13840103149414,37.13840103149414,37.13840103149414,37.13840103149414,0.0,37.13840103149414
2023-08-08,36.96540069580078,36.96540069580078,36.96540069580078,36.96540069580078,0.0,36.96540069580078
2023-08-09,36.74769973754883,36.74769973754883,36.74769973754883,36.74769973754883,0.0,36.74769973754883
2023-08-10,36.79399871826172,36.79399871826172,36.79399871826172,36.79399871826172,0.0,36.79399871826172
2023-08-11,36.61180114746094,36.61180114746094,36.61180114746094,36.61180114746094,0.0,36.61180114746094
2023-08-14,36.71689987182617,36.71689987182617,36.71689987182617,36.71689987182617,0.0,36.71689987182617
2023-08-16,35.94150161743164,35.94150161743164,35.94150161743164,35.94150161743164,0.0,35.94150161743164
2023-08-17,35.68370056152344,35.68370056152344,35.68370056152344,35.68370056152344,0.0,35.68370056152344
2023-08-18,35.7661018371582,35.7661018371582,35.7661018371582,35.7661018371582,0.0,35.7661018371582
2023-08-21,35.8848991394043,35.8848991394043,35.8848991394043,35.8848991394043,0.0,35.8848991394043
2023-08-22,35.663700103759766,35.663700103759766,35.663700103759766,35.663700103759766,0.0,35.663700103759766
2023-08-23,36.039398193359375,36.039398193359375,36.039398193359375,36.039398193359375,0.0,36.039398193359375
2023-08-24,35.415401458740234,35.415401458740234,35.415401458740234,35.415401458740234,0.0,35.415401458740234
2023-08-25,35.57789993286133,35.57789993286133,35.57789993286133,35.57789993286133,0.0,35.57789993286133
2023-08-28,35.87950134277344,35.87950134277344,35.87950134277344,35.87950134277344,0.0,35.87950134277344
2023-08-29,36.338600158691406,36.338600158691406,36.338600158691406,36.338600158691406,0.0,36.338600158691406
2023-08-30,36.51089859008789,36.51089859008789,36.51089859008789,36.51089859008789,0.0,36.51089859008789
2023-08-31,36.55799865722656,36.55799865722656,36.55799865722656,36.55799865722656,0.0,36.55799865722656
2023-09-01,36.740699768066406,36.740699768066406,36.740699768066406,36.740699768066406,0.0,36.740699768066406
2023-09-05,36.43579864501953,36.43579864501953,36.43579864501953,36.43579864501953,0.0,36.43579864501953
2023-09-06,36.24850082397461,36.24850082397461,36.24850082397461,36.24850082397461,0.0,36.24850082397461
2023-09-07,35.91600036621094,35.91600036621094,35.91600036621094,35.91600036621094,0.0,35.91600036621094
2023-09-08,35.97050094604492,35.97050094604492,35.97050094604492,35.97050094604492,0.0,35.97050094604492
2023-09-11,36.21530151367188,36.21530151367188,36.21530151367188,36.21530151367188,0.0,36.21530151367188
2023-09-12,36.07780075073242,36.07780075073242,36.07780075073242,36.07780075073242,0.0,36.07780075073242
2023-09-13,36.00170135498047,36.00170135498047,36.00170135498047,36.00170135498047,0.0,36.00170135498047
2023-09-14,36.30210113525391,36.30210113525391,36.30210113525391,36.30210113525391,0.0,36.30210113525391
2023-09-15,35.74869918823242,35.74869918823242,35.74869918823242,35.74869918823242,0.0,35.74869918823242
2023-09-18,35.66680145263672,35.66680145263672,35.66680145263672,35.66680145263672,0.0,35.66680145263672
2023-09-19,35.49860000610352,35.49860000610352,35.49860000610352,35.49860000610352,0.0,35.49860000610352
2023-09-20,35.222999572753906,35.222999572753906,35.222999572753906,35.222999572753906,0.0,35.222999572753906
2023-09-21,34.56639862060547,34.56639862060547,34.56639862060547,34.56639862060547,0.0,34.56639862060547
2023-09-22,34.4557991027832,34.4557991027832,34.4557991027832,34.4557991027832,0.0,34.4557991027832
2023-09-25,34.58100128173828,34.58100128173828,34.58100128173828,34.58100128173828,0.0,34.58100128173828
2023-09-26,34.161399841308594,34.161399841308594,34.161399841308594,34.161399841308594,0.0,34.161399841308594
2023-09-27,34.29710006713867,34.29710006713867,34.29710006713867,34.29710006713867,0.0,34.29710006713867
2023-09-28,34.585601806640625,34.585601806640625,34.585601806640625,34.585601806640625,0.0,34.585601806640625
2023-09-29,34.54439926147461,34.54439926147461,34.54439926147461,34.54439926147461,0.0,34.54439926147461
2023-10-02,34.39500045776367,34.39500045776367,34.39500045776367,34.39500045776367,0.0,34.39500045776367
2023-10-03,33.752201080322266,33.752201080322266,33.752201080322266,33.752201080322266,0.0,33.752201080322266
2023-10-05,33.73619842529297,33.73619842529297,33.73619842529297,33.73619842529297,0.0,33.73619842529297
2023-10-06,34.14250183105469,34.14250183105469,34.14250183105469,34.14250183105469,0.0,34.14250183105469
2023-10-09,34.23740005493164,34.23740005493164,34.23740005493164,34.23740005493164,0.0,34.23740005493164
2023-10-10,34.5797004699707,34.5797004699707,34.5797004699707,34.5797004699707,0.0,34.5797004699707
2023-10-11,34.680599212646484,34.680599212646484,34.680599212646484,34.680599212646484,0.0,34.680599212646484
2023-10-12,34.3734016418457,34.3734016418457,34.3734016418457,34.3734016418457,0.0,34.3734016418457
2023-10-13,34.16400146484375,34.16400146484375,34.16400146484375,34.16400146484375,0.0,34.16400146484375
2023-10-16,34.62730026245117,34.62730026245117,34.62730026245117,34.62730026245117,0.0,34.62730026245117
2023-10-17,34.760101318359375,34.760101318359375,34.760101318359375,34.760101318359375,0.0,34.760101318359375
2023-10-18,34.22850036621094,34.22850036621094,34.22850036621094,34.22850036621094,0.0,34.22850036621094
2023-10-19,33.84239959716797,33.84239959716797,33.84239959716797,33.84239959716797,0.0,33.84239959716797
2023-10-20,33.46910095214844,33.46910095214844,33.46910095214844,33.46910095214844,0.0,33.46910095214844
2023-10-23,33.359901428222656,33.359901428222656,33.359901428222656,33.359901428222656,0.0,33.359901428222656
2023-10-24,33.53099822998047,33.53099822998047,33.53099822998047,33.53099822998047,0.0,33.53099822998047
2023-10-25,32.850101470947266,32.850101470947266,32.850101470947266,32.850101470947266,0.0,32.850101470947266
2023-10-26,32.560298919677734,32.560298919677734,32.560298919677734,32.560298919677734,0.0,32.560298919677734
2023-10-27,32.510101318359375,32.510101318359375,32.510101318359375,32.510101318359375,0.0,32.510101318359375
2023-10-30,32.81209945678711,32.81209945678711,32.81209945678711,32.81209945678711,0.0,32.81209945678711
2023-10-31,33.11159896850586,33.11159896850586,33.11159896850586,33.11159896850586,0.0,33.11159896850586
2023-11-02,34.182498931884766,34.182498931884766,34.182498931884766,34.182498931884766,0.0,34.182498931884766
2023-11-03,34.73440170288086,34.73440170288086,34.73440170288086,34.73440170288086,0.0,34.73440170288086
2023-11-06,34.652400970458984,34.652400970458984,34.652400970458984,34.652400970458984,0.0,34.652400970458984
2023-11-07,34.74369812011719,34.74369812011719,34.74369812011719,34.74369812011719,0.0,34.74369812011719
2023-11-08,34.70600128173828,34.70600128173828,34.70600128173828,34.70600128173828,0.0,34.70600128173828
2023-11-09,34.49209976196289,34.49209976196289,34.49209976196289,34.49209976196289,0.0,34.49209976196289
2023-11-10,34.9651985168457,34.9651985168457,34.9651985168457,34.9651985168457,0.0,34.9651985168457
2023-11-13,34.90119934082031,34.90119934082031,34.90119934082031,34.90119934082031,0.0,34.90119934082031
2023-11-14,35.778499603271484,35.778499603271484,35.778499603271484,35.778499603271484,0.0,35.778499603271484
2023-11-15,35.80759811401367,35.80759811401367,35.80759811401367,35.80759811401367,0.0,35.80759811401367
2023-11-16,35.7041015625,35.7041015625,35.7041015625,35.7041015625,0.0,35.7041015625
2023-11-17,35.92169952392578,35.92169952392578,35.92169952392578,35.92169952392578,0.0,35.92169952392578
2023-11-20,36.20539855957031,36.20539855957031,36.20539855957031,36.20539855957031,0.0,36.20539855957031
2023-11-21,36.179500579833984,36.179500579833984,36.179500579833984,36.179500579833984,0.0,36.179500579833984
2023-11-22,36.42539978027344,36.42539978027344,36.42539978027344,36.42539978027344,0.0,36.42539978027344
2023-11-24,36.5265007019043,36.5265007019043,36.5265007019043,36.5265007019043,0.0,36.5265007019043
2023-11-27,36.44720077514648,36.44720077514648,36.44720077514648,36.44720077514648,0.0,36.44720077514648
2023-11-28,36.330299377441406,36.330299377441406,36.330299377441406,36.330299377441406,0.0,36.330299377441406
2023-11-29,36.68439865112305,36.68439865112305,36.68439865112305,36.68439865112305,0.0,36.68439865112305
2023-11-30,36.82649993896485,36.82649993896485,36.82649993896485,36.82649993896485,0.0,36.82649993896485
2023-12-01,37.20209884643555,37.20209884643555,37.20209884643555,37.20209884643555,0.0,37.20209884643555
2023-12-04,37.11199951171875,37.11199951171875,37.11199951171875,37.11199951171875,0.0,37.11199951171875
2023-12-05,36.85490036010742,36.85490036010742,36.85490036010742,36.85490036010742,0.0,36.85490036010742
2023-12-06,36.84659957885742,36.84659957885742,36.84659957885742,36.84659957885742,0.0,36.84659957885742
2023-12-07,37.22079849243164,37.22079849243164,37.22079849243164,37.22079849243164,0.0,37.22079849243164
2023-12-08,37.2952995300293,37.2952995300293,37.2952995300293,37.2952995300293,0.0,37.2952995300293
2023-12-11,37.61009979248047,37.61009979248047,37.61009979248047,37.61009979248047,0.0,37.61009979248047
2023-12-12,37.80609893798828,37.80609893798828,37.80609893798828,37.80609893798828,0.0,37.80609893798828
2023-12-13,38.777099609375,38.777099609375,38.777099609375,38.777099609375,0.0,38.777099609375
2023-12-14,39.35359954833984,39.35359954833984,39.35359954833984,39.35359954833984,0.0,39.35359954833984
2023-12-15,39.33990097045898,39.33990097045898,39.33990097045898,39.33990097045898,0.0,39.33990097045898
2023-12-18,39.29169845581055,39.29169845581055,39.29169845581055,39.29169845581055,0.0,39.29169845581055
2023-12-19,39.55339813232422,39.55339813232422,39.55339813232422,39.55339813232422,0.0,39.55339813232422
2023-12-20,38.8651008605957,38.8651008605957,38.8651008605957,38.8651008605957,0.0,38.8651008605957
2023-12-21,39.37969970703125,39.37969970703125,39.37969970703125,39.37969970703125,0.0,39.37969970703125
2023-12-22,39.49449920654297,39.49449920654297,39.49449920654297,39.49449920654297,0.0,39.49449920654297
2023-12-27,39.86149978637695,39.86149978637695,39.86149978637695,39.86149978637695,0.0,39.86149978637695
2023-12-28,39.87200164794922,39.87200164794922,39.87200164794922,39.87200164794922,0.0,39.87200164794922
2023-12-29,39.6338005065918,39.6338005065918,39.6338005065918,39.6338005065918,0.0,39.6338005065918
2024-01-08,39.44869995117188,39.44869995117188,39.44869995117188,39.44869995117188,0.0,39.44869995117188
2024-01-09,39.390098571777344,39.390098571777344,39.390098571777344,39.390098571777344,0.0,39.390098571777344
2024-01-10,39.62239837646485,39.62239837646485,39.62239837646485,39.62239837646485,0.0,39.62239837646485
2024-01-11,39.63819885253906,39.63819885253906,39.63819885253906,39.63819885253906,0.0,39.63819885253906
2024-01-12,39.653900146484375,39.653900146484375,39.653900146484375,39.653900146484375,0.0,39.653900146484375
2024-01-16,39.57170104980469,39.57170104980469,39.57170104980469,39.57170104980469,0.0,39.57170104980469
2024-01-17,39.24430084228516,39.24430084228516,39.24430084228516,39.24430084228516,0.0,39.24430084228516
2024-01-18,39.68439865112305,39.68439865112305,39.68439865112305,39.68439865112305,0.0,39.68439865112305
2024-01-19,40.28160095214844,40.28160095214844,40.28160095214844,40.28160095214844,0.0,40.28160095214844
2024-01-22,40.46889877319336,40.46889877319336,40.46889877319336,40.46889877319336,0.0,40.46889877319336
2024-01-23,40.60860061645508,40.60860061645508,40.60860061645508,40.60860061645508,0.0,40.60860061645508
2024-01-24,40.52519989013672,40.52519989013672,40.52519989013672,40.52519989013672,0.0,40.52519989013672
2024-01-26,40.60530090332031,40.60530090332031,40.60530090332031,40.60530090332031,0.0,40.60530090332031
2024-01-29,41.00460052490234,41.00460052490234,41.00460052490234,41.00460052490234,0.0,41.00460052490234
2024-01-30,40.87570190429688,40.87570190429688,40.87570190429688,40.87570190429688,0.0,40.87570190429688
2024-01-31,40.17580032348633,40.17580032348633,40.17580032348633,40.17580032348633,0.0,40.17580032348633
2024-02-01,40.564701080322266,40.564701080322266,40.564701080322266,40.564701080322266,0.0,40.564701080322266
2024-02-02,40.69499969482422,40.69499969482422,40.69499969482422,40.69499969482422,0.0,40.69499969482422
2024-02-05,40.46319961547852,40.46319961547852,40.46319961547852,40.46319961547852,0.0,40.46319961547852
2024-02-06,40.49530029296875,40.49530029296875,40.49530029296875,40.49530029296875,0.0,40.49530029296875
2024-02-07,40.8567008972168,40.8567008972168,40.8567008972168,40.8567008972168,0.0,40.8567008972168
2024-02-09,41.33829879760742,41.33829879760742,41.33829879760742,41.33829879760742,0.0,41.33829879760742
2024-02-12,41.34439849853516,41.34439849853516,41.34439849853516,41.34439849853516,0.0,41.34439849853516
2024-02-13,40.78670120239258,40.78670120239258,40.78670120239258,40.78670120239258,0.0,40.78670120239258
2024-02-14,41.42770004272461,41.42770004272461,41.42770004272461,41.42770004272461,0.0,41.42770004272461
2024-02-15,41.66600036621094,41.66600036621094,41.66600036621094,41.66600036621094,0.0,41.66600036621094
2024-02-16,41.3759994506836,41.3759994506836,41.3759994506836,41.3759994506836,0.0,41.3759994506836
2024-02-20,41.042701721191406,41.042701721191406,41.042701721191406,41.042701721191406,0.0,41.042701721191406
2024-02-21,40.96160125732422,40.96160125732422,40.96160125732422,40.96160125732422,0.0,40.96160125732422
2024-02-22,41.89250183105469,41.89250183105469,41.89250183105469,41.89250183105469,0.0,41.89250183105469
2024-02-23,41.852500915527344,41.852500915527344,41.852500915527344,41.852500915527344,0.0,41.852500915527344
2024-02-26,41.79940032958984,41.79940032958984,41.79940032958984,41.79940032958984,0.0,41.79940032958984
2024-02-27,41.94710159301758,41.94710159301758,41.94710159301758,41.94710159301758,0.0,41.94710159301758
2024-02-28,41.77180099487305,41.77180099487305,41.77180099487305,41.77180099487305,0.0,41.77180099487305
2024-02-29,42.21969985961914,42.21969985961914,42.21969985961914,42.21969985961914,0.0,42.21969985961914
2024-03-01,42.79010009765625,42.79010009765625,42.79010009765625,42.79010009765625,0.0,42.79010009765625
2024-03-04,42.90039825439453,42.90039825439453,42.90039825439453,42.90039825439453,0.0,42.90039825439453
2024-03-05,42.36470031738281,42.36470031738281,42.36470031738281,42.36470031738281,0.0,42.36470031738281
2024-03-06,42.71879959106445,42.71879959106445,42.71879959106445,42.71879959106445,0.0,42.71879959106445
2024-03-07,43.28879928588867,43.28879928588867,43.28879928588867,43.28879928588867,0.0,43.28879928588867
2024-03-08,42.83390045166016,42.83390045166016,42.83390045166016,42.83390045166016,0.0,42.83390045166016
2024-03-11,42.57789993286133,42.57789993286133,42.57789993286133,42.57789993286133,0.0,42.57789993286133
2024-03-12,43.11740112304688,43.11740112304688,43.11740112304688,43.11740112304688,0.0,43.11740112304688
2024-03-13,42.96939849853516,42.96939849853516,42.96939849853516,42.96939849853516,0.0,42.96939849853516
2024-03-14,42.765098571777344,42.765098571777344,42.765098571777344,42.765098571777344,0.0,42.765098571777344
2024-03-15,42.51380157470703,42.51380157470703,42.51380157470703,42.51380157470703,0.0,42.51380157470703
2024-03-18,42.722900390625,42.722900390625,42.722900390625,42.722900390625,0.0,42.722900390625
2024-03-19,42.902000427246094,42.902000427246094,42.902000427246094,42.902000427246094,0.0,42.902000427246094
2024-03-20,43.36180114746094,43.36180114746094,43.36180114746094,43.36180114746094,0.0,43.36180114746094
2024-03-21,43.7130012512207,43.7130012512207,43.7130012512207,43.7130012512207,0.0,43.7130012512207
2024-03-22,43.63800048828125,43.63800048828125,43.63800048828125,43.63800048828125,0.0,43.63800048828125
2024-03-25,43.45119857788086,43.45119857788086,43.45119857788086,43.45119857788086,0.0,43.45119857788086
2024-03-26,43.38410186767578,43.38410186767578,43.38410186767578,43.38410186767578,0.0,43.38410186767578
2024-03-27,43.71490097045898,43.71490097045898,43.71490097045898,43.71490097045898,0.0,43.71490097045898
2024-03-28,43.79460144042969,43.79460144042969,43.79460144042969,43.79460144042969,0.0,43.79460144042969
2024-04-02,43.37089920043945,43.37089920043945,43.37089920043945,43.37089920043945,0.0,43.37089920043945
2024-04-03,43.34000015258789,43.34000015258789,43.34000015258789,43.34000015258789,0.0,43.34000015258789
2024-04-04,42.69900131225586,42.69900131225586,42.69900131225586,42.69900131225586,0.0,42.69900131225586
2024-04-05,43.34859848022461,43.34859848022461,43.34859848022461,43.34859848022461,0.0,43.34859848022461
2024-04-08,43.328800201416016,43.328800201416016,43.328800201416016,43.328800201416016,0.0,43.328800201416016
2024-04-09,43.42639923095703,43.42639923095703,43.42639923095703,43.42639923095703,0.0,43.42639923095703
2024-04-10,43.0260009765625,43.0260009765625,43.0260009765625,43.0260009765625,0.0,43.0260009765625
2024-04-11,43.41350173950195,43.41350173950195,43.41350173950195,43.41350173950195,0.0,43.41350173950195
2024-04-12,42.69369888305664,42.69369888305664,42.69369888305664,42.69369888305664,0.0,42.69369888305664
2024-04-15,42.133399963378906,42.133399963378906,42.133399963378906,42.133399963378906,0.0,42.133399963378906
2024-04-16,42.10269927978516,42.10269927978516,42.10269927978516,42.10269927978516,0.0,42.10269927978516
2024-04-17,41.64759826660156,41.64759826660156,41.64759826660156,41.64759826660156,0.0,41.64759826660156
2024-04-18,41.43830108642578,41.43830108642578,41.43830108642578,41.43830108642578,0.0,41.43830108642578
2024-04-19,40.7593994140625,40.7593994140625,40.7593994140625,40.7593994140625,0.0,40.7593994140625
2024-04-22,41.17110061645508,41.17110061645508,41.17110061645508,41.17110061645508,0.0,41.17110061645508
2024-04-23,41.78680038452149,41.78680038452149,41.78680038452149,41.78680038452149,0.0,41.78680038452149
2024-04-24,41.73249816894531,41.73249816894531,41.73249816894531,41.73249816894531,0.0,41.73249816894531
2024-04-25,41.4536018371582,41.4536018371582,41.4536018371582,41.4536018371582,0.0,41.4536018371582
2024-04-26,42.12760162353516,42.12760162353516,42.12760162353516,42.12760162353516,0.0,42.12760162353516
2024-04-29,42.1259994506836,42.1259994506836,42.1259994506836,42.1259994506836,0.0,42.1259994506836
2024-04-30,41.450801849365234,41.450801849365234,41.450801849365234,41.450801849365234,0.0,41.450801849365234
2024-05-02,41.8922004699707,41.8922004699707,41.8922004699707,41.8922004699707,0.0,41.8922004699707
2024-05-03,42.36000061035156,42.36000061035156,42.36000061035156,42.36000061035156,0.0,42.36000061035156
2024-05-06,42.93960189819336,42.93960189819336,42.93960189819336,42.93960189819336,0.0,42.93960189819336
2024-05-07,42.81809997558594,42.81809997558594,42.81809997558594,42.81809997558594,0.0,42.81809997558594
2024-05-08,42.71810150146485,42.71810150146485,42.71810150146485,42.71810150146485,0.0,42.71810150146485
2024-05-10,42.99430084228516,42.99430084228516,42.99430084228516,42.99430084228516,0.0,42.99430084228516
2024-05-13,42.88650131225586,42.88650131225586,42.88650131225586,42.88650131225586,0.0,42.88650131225586
2024-05-14,43.1963005065918,43.1963005065918,43.1963005065918,43.1963005065918,0.0,43.1963005065918
2024-05-15,43.84280014038086,43.84280014038086,43.84280014038086,43.84280014038086,0.0,43.84280014038086
2024-05-16,43.74029922485352,43.74029922485352,43.74029922485352,43.74029922485352,0.0,43.74029922485352
2024-05-17,43.71649932861328,43.71649932861328,43.71649932861328,43.71649932861328,0.0,43.71649932861328
2024-05-21,44.06129837036133,44.06129837036133,44.06129837036133,44.06129837036133,0.0,44.06129837036133
2024-05-22,43.9380989074707,43.9380989074707,43.9380989074707,43.9380989074707,0.0,43.9380989074707
2024-05-23,43.697898864746094,43.697898864746094,43.697898864746094,43.697898864746094,0.0,43.697898864746094
2024-05-24,44.2322998046875,44.2322998046875,44.2322998046875,44.2322998046875,0.0,44.2322998046875
2024-05-28,44.3568000793457,44.3568000793457,44.3568000793457,44.3568000793457,0.0,44.3568000793457
2024-05-29,44.02199935913086,44.02199935913086,44.02199935913086,44.02199935913086,0.0,44.02199935913086
2024-05-30,43.66019821166992,43.66019821166992,43.66019821166992,43.66019821166992,0.0,43.66019821166992
2024-05-31,43.74489974975586,43.74489974975586,43.74489974975586,43.74489974975586,0.0,43.74489974975586
2024-06-03,43.85860061645508,43.85860061645508,43.85860061645508,43.85860061645508,0.0,43.85860061645508
2024-06-04,43.89509963989258,43.89509963989258,43.89509963989258,43.89509963989258,0.0,43.89509963989258
2024-06-05,44.85300064086914,44.85300064086914,44.85300064086914,44.85300064086914,0.0,44.85300064086914
2024-06-06,44.8286018371582,44.8286018371582,44.8286018371582,44.8286018371582,0.0,44.8286018371582
2024-06-07,44.74340057373047,44.74340057373047,44.74340057373047,44.74340057373047,0.0,44.74340057373047
2024-06-10,45.14350128173828,45.14350128173828,45.14350128173828,45.14350128173828,0.0,45.14350128173828
2024-06-11,45.21969985961914,45.21969985961914,45.21969985961914,45.21969985961914,0.0,45.21969985961914
2024-06-12,45.77180099487305,45.77180099487305,45.77180099487305,45.77180099487305,0.0,45.77180099487305
2024-06-13,45.706199645996094,45.706199645996094,45.706199645996094,45.706199645996094,0.0,45.706199645996094
2024-06-14,45.62020111083984,45.62020111083984,45.62020111083984,45.62020111083984,0.0,45.62020111083984
2024-06-17,45.94490051269531,45.94490051269531,45.94490051269531,45.94490051269531,0.0,45.94490051269531
2024-06-18,46.04610061645508,46.04610061645508,46.04610061645508,46.04610061645508,0.0,46.04610061645508
2024-06-20,45.85350036621094,45.85350036621094,45.85350036621094,45.85350036621094,0.0,45.85350036621094
2024-06-21,45.75139999389648,45.75139999389648,45.75139999389648,45.75139999389648,0.0,45.75139999389648
2024-06-24,45.535301208496094,45.535301208496094,45.535301208496094,45.535301208496094,0.0,45.535301208496094
2024-06-25,45.96870040893555,45.96870040893555,45.96870040893555,45.96870040893555,0.0,45.96870040893555
2024-06-26,45.97060012817383,45.97060012817383,45.97060012817383,45.97060012817383,0.0,45.97060012817383
2024-06-27,46.05799865722656,46.05799865722656,46.05799865722656,46.05799865722656,0.0,46.05799865722656
2024-06-28,45.69570159912109,45.69570159912109,45.69570159912109,45.69570159912109,0.0,45.69570159912109
2024-07-01,45.817901611328125,45.817901611328125,45.817901611328125,45.817901611328125,0.0,45.817901611328125
2024-07-02,46.08060073852539,46.08060073852539,46.08060073852539,46.08060073852539,0.0,46.08060073852539
2024-07-03,46.28179931640625,46.28179931640625,46.28179931640625,46.28179931640625,0.0,46.28179931640625
2024-07-05,46.64580154418945,46.64580154418945,46.64580154418945,46.64580154418945,0.0,46.64580154418945
2024-07-08,46.7489013671875,46.7489013671875,46.7489013671875,46.7489013671875,0.0,46.7489013671875
2024-07-09,46.83349990844727,46.83349990844727,46.83349990844727,46.83349990844727,0.0,46.83349990844727
2024-07-10,47.33250045776367,47.33250045776367,47.33250045776367,47.33250045776367,0.0,47.33250045776367
2024-07-11,46.77909851074219,46.77909851074219,46.77909851074219,46.77909851074219,0.0,46.77909851074219
2024-07-12,46.92290115356445,46.92290115356445,46.92290115356445,46.92290115356445,0.0,46.92290115356445
2024-07-15,47.01890182495117,47.01890182495117,47.01890182495117,47.01890182495117,0.0,47.01890182495117
2024-07-16,47.06449890136719,47.06449890136719,47.06449890136719,47.06449890136719,0.0,47.06449890136719
2024-07-17,45.57830047607422,45.57830047607422,45.57830047607422,45.57830047607422,0.0,45.57830047607422
2024-07-18,44.97859954833984,44.97859954833984,44.97859954833984,44.97859954833984,0.0,44.97859954833984
2024-07-22,45.28010177612305,45.28010177612305,45.28010177612305,45.28010177612305,0.0,45.28010177612305
2024-07-23,45.29230117797852,45.29230117797852,45.29230117797852,45.29230117797852,0.0,45.29230117797852
2024-07-24,43.957298278808594,43.957298278808594,43.957298278808594,43.957298278808594,0.0,43.957298278808594
2024-07-25,43.33369827270508,43.33369827270508,43.33369827270508,43.33369827270508,0.0,43.33369827270508
2024-07-26,43.70019912719727,43.70019912719727,43.70019912719727,43.70019912719727,0.0,43.70019912719727
2024-07-29,43.72669982910156,43.72669982910156,43.72669982910156,43.72669982910156,0.0,43.72669982910156
2024-07-30,43.18299865722656,43.18299865722656,43.18299865722656,43.18299865722656,0.0,43.18299865722656
2024-07-31,43.9723014831543,43.9723014831543,43.9723014831543,43.9723014831543,0.0,43.9723014831543
2024-08-01,43.38639831542969,43.38639831542969,43.38639831542969,43.38639831542969,0.0,43.38639831542969
2024-08-02,42.27330017089844,42.27330017089844,42.27330017089844,42.27330017089844,0.0,42.27330017089844
2024-08-05,41.05889892578125,41.05889892578125,41.05889892578125,41.05889892578125,0.0,41.05889892578125
2024-08-06,41.57830047607422,41.57830047607422,41.57830047607422,41.57830047607422,0.0,41.57830047607422
2024-08-07,41.2958984375,41.2958984375,41.2958984375,41.2958984375,0.0,41.2958984375
2024-08-08,42.590599060058594,42.590599060058594,42.590599060058594,42.590599060058594,0.0,42.590599060058594
2024-08-09,42.93519973754883,42.93519973754883,42.93519973754883,42.93519973754883,0.0,42.93519973754883
2024-08-12,42.93939971923828,42.93939971923828,42.93939971923828,42.93939971923828,0.0,42.93939971923828
2024-08-13,43.75579833984375,43.75579833984375,43.75579833984375,43.75579833984375,0.0,43.75579833984375
2024-08-14,44.00040054321289,44.00040054321289,44.00040054321289,44.00040054321289,0.0,44.00040054321289
2024-08-16,44.76250076293945,44.76250076293945,44.76250076293945,44.76250076293945,0.0,44.76250076293945
2024-08-19,45.24459838867188,45.24459838867188,45.24459838867188,45.24459838867188,0.0,45.24459838867188
2024-08-20,45.084999084472656,45.084999084472656,45.084999084472656,45.084999084472656,0.0,45.084999084472656
2024-08-21,45.36109924316406,45.36109924316406,45.36109924316406,45.36109924316406,0.0,45.36109924316406
2024-08-22,44.96080017089844,44.96080017089844,44.96080017089844,44.96080017089844,0.0,44.96080017089844
2024-08-23,45.42490005493164,45.42490005493164,45.42490005493164,45.42490005493164,0.0,45.42490005493164
2024-08-26,45.1343002319336,45.1343002319336,45.1343002319336,45.1343002319336,0.0,45.1343002319336
2024-08-27,45.25979995727539,45.25979995727539,45.25979995727539,45.25979995727539,0.0,45.25979995727539
2024-08-28,44.88710021972656,44.88710021972656,44.88710021972656,44.88710021972656,0.0,44.88710021972656
2024-08-29,44.85960006713867,44.85960006713867,44.85960006713867,44.85960006713867,0.0,44.85960006713867
2024-08-30,45.42839813232422,45.42839813232422,45.42839813232422,45.42839813232422,0.0,45.42839813232422
2024-09-03,44.13320159912109,44.13320159912109,44.13320159912109,44.13320159912109,0.0,44.13320159912109
2024-09-04,43.98130035400391,43.98130035400391,43.98130035400391,43.98130035400391,0.0,43.98130035400391
2024-09-05,43.86709976196289,43.86709976196289,43.86709976196289,43.86709976196289,0.0,43.86709976196289
2024-09-06,43.00260162353516,43.00260162353516,43.00260162353516,43.00260162353516,0.0,43.00260162353516
2024-09-09,43.51739883422852,43.51739883422852,43.51739883422852,43.51739883422852,0.0,43.51739883422852
2024-09-10,43.62979888916016,43.62979888916016,43.62979888916016,43.62979888916016,0.0,43.62979888916016
2024-09-11,44.37110137939453,44.37110137939453,44.37110137939453,44.37110137939453,0.0,44.37110137939453
2024-09-12,44.77320098876953,44.77320098876953,44.77320098876953,44.77320098876953,0.0,44.77320098876953
2024-09-13,44.99330139160156,44.99330139160156,44.99330139160156,44.99330139160156,0.0,44.99330139160156
2024-09-16,45.01380157470703,45.01380157470703,45.01380157470703,45.01380157470703,0.0,45.01380157470703
2024-09-17,45.062198638916016,45.062198638916016,45.062198638916016,45.062198638916016,0.0,45.062198638916016
2024-09-18,45.0099983215332,45.0099983215332,45.0099983215332,45.0099983215332,0.0,45.0099983215332
2024-09-19,46.01179885864258,46.01179885864258,46.01179885864258,46.01179885864258,0.0,46.01179885864258
2024-09-20,45.86149978637695,45.86149978637695,45.86149978637695,45.86149978637695,0.0,45.86149978637695
2024-09-23,45.76599884033203,45.76599884033203,45.76599884033203,45.76599884033203,0.0,45.76599884033203
2024-09-24,45.88859939575195,45.88859939575195,45.88859939575195,45.88859939575195,0.0,45.88859939575195
2024-09-25,45.84189987182617,45.84189987182617,45.84189987182617,45.84189987182617,0.0,45.84189987182617
2024-09-26,45.98429870605469,45.98429870605469,45.98429870605469,45.98429870605469,0.0,45.98429870605469
2024-09-27,45.660301208496094,45.660301208496094,45.660301208496094,45.660301208496094,0.0,45.660301208496094
2024-09-30,45.80490112304688,45.80490112304688,45.80490112304688,45.80490112304688,0.0,45.80490112304688
2024-10-01,45.30339813232422,45.30339813232422,45.30339813232422,45.30339813232422,0.0,45.30339813232422
2024-10-02,45.37739944458008,45.37739944458008,45.37739944458008,45.37739944458008,0.0,45.37739944458008
2024-10-03,45.36809921264648,45.36809921264648,45.36809921264648,45.36809921264648,0.0,45.36809921264648
2024-10-04,45.85919952392578,45.85919952392578,45.85919952392578,45.85919952392578,0.0,45.85919952392578
2024-10-07,45.43230056762695,45.43230056762695,45.43230056762695,45.43230056762695,0.0,45.43230056762695
2024-10-08,45.882999420166016,45.882999420166016,45.882999420166016,45.882999420166016,0.0,45.882999420166016
2024-10-09,46.223899841308594,46.223899841308594,46.223899841308594,46.223899841308594,0.0,46.223899841308594
2024-10-10,46.20280075073242,46.20280075073242,46.20280075073242,46.20280075073242,0.0,46.20280075073242
2024-10-11,46.82559967041016,46.82559967041016,46.82559967041016,46.82559967041016,0.0,46.82559967041016
2024-10-14,47.12620162963867,47.12620162963867,47.12620162963867,47.12620162963867,0.0,47.12620162963867
2024-10-15,46.70040130615234,46.70040130615234,46.70040130615234,46.70040130615234,0.0,46.70040130615234
2024-10-16,46.90710067749024,46.90710067749024,46.90710067749024,46.90710067749024,0.0,46.90710067749024
2024-10-17,46.855098724365234,46.855098724365234,46.855098724365234,46.855098724365234,0.0,46.855098724365234
2024-10-18,46.988399505615234,46.988399505615234,46.988399505615234,46.988399505615234,0.0,46.988399505615234
2024-10-21,46.91230010986328,46.91230010986328,46.91230010986328,46.91230010986328,0.0,46.91230010986328
2024-10-22,47.0973014831543,47.0973014831543,47.0973014831543,47.0973014831543,0.0,47.0973014831543
2024-10-23,46.5973014831543,46.5973014831543,46.5973014831543,46.5973014831543,0.0,46.5973014831543
2024-10-24,46.632598876953125,46.632598876953125,46.632598876953125,46.632598876953125,0.0,46.632598876953125
2024-10-25,46.60110092163086,46.60110092163086,46.60110092163086,46.60110092163086,0.0,46.60110092163086
2024-10-28,46.7588996887207,46.7588996887207,46.7588996887207,46.7588996887207,0.0,46.7588996887207
2024-10-29,46.97570037841797,46.97570037841797,46.97570037841797,46.97570037841797,0.0,46.97570037841797
2024-10-30,46.75510025024414,46.75510025024414,46.75510025024414,46.75510025024414,0.0,46.75510025024414
2024-10-31,45.56010055541992,45.56010055541992,45.56010055541992,45.56010055541992,0.0,45.56010055541992
2024-11-04,45.76279830932617,45.76279830932617,45.76279830932617,45.76279830932617,0.0,45.76279830932617
2024-11-05,46.446998596191406,46.446998596191406,46.446998596191406,46.446998596191406,0.0,46.446998596191406
2024-11-06,47.48509979248047,47.48509979248047,47.48509979248047,47.48509979248047,0.0,47.48509979248047
2024-11-07,47.9546012878418,47.9546012878418,47.9546012878418,47.9546012878418,0.0,47.9546012878418
2024-11-08,48.2218017578125,48.2218017578125,48.2218017578125,48.2218017578125,0.0,48.2218017578125
2024-11-11,48.309600830078125,48.309600830078125,48.309600830078125,48.309600830078125,0.0,48.309600830078125
2024-11-12,48.25450134277344,48.25450134277344,48.25450134277344,48.25450134277344,0.0,48.25450134277344
2024-11-13,48.44269943237305,48.44269943237305,48.44269943237305,48.44269943237305,0.0,48.44269943237305
2024-11-14,48.21799850463867,48.21799850463867,48.21799850463867,48.21799850463867,0.0,48.21799850463867
2024-11-15,47.35480117797852,47.35480117797852,47.35480117797852,47.35480117797852,0.0,47.35480117797852
2024-11-18,47.46070098876953,47.46070098876953,47.46070098876953,47.46070098876953,0.0,47.46070098876953
2024-11-19,47.86940002441406,47.86940002441406,47.86940002441406,47.86940002441406,0.0,47.86940002441406
2024-11-20,47.80440139770508,47.80440139770508,47.80440139770508,47.80440139770508,0.0,47.80440139770508
2024-11-21,47.96490097045898,47.96490097045898,47.96490097045898,47.96490097045898,0.0,47.96490097045898
2024-11-22,48.17660140991211,48.17660140991211,48.17660140991211,48.17660140991211,0.0,48.17660140991211
2024-11-25,48.28710174560547,48.28710174560547,48.28710174560547,48.28710174560547,0.0,48.28710174560547
2024-11-26,48.59769821166992,48.59769821166992,48.59769821166992,48.59769821166992,0.0,48.59769821166992
2024-11-27,48.18339920043945,48.18339920043945,48.18339920043945,48.18339920043945,0.0,48.18339920043945
2024-11-29,48.44810104370117,48.44810104370117,48.44810104370117,48.44810104370117,0.0,48.44810104370117
2024-12-02,48.56859970092773,48.56859970092773,48.56859970092773,48.56859970092773,0.0,48.56859970092773
2024-12-03,48.71149826049805,48.71149826049805,48.71149826049805,48.71149826049805,0.0,48.71149826049805
2024-12-04,49.27880096435547,49.27880096435547,49.27880096435547,49.27880096435547,0.0,49.27880096435547
2024-12-05,49.23040008544922,49.23040008544922,49.23040008544922,49.23040008544922,0.0,49.23040008544922
2024-12-06,49.333099365234375,49.333099365234375,49.333099365234375,49.333099365234375,0.0,49.333099365234375
2024-12-09,48.96860122680664,48.96860122680664,48.96860122680664,48.96860122680664,0.0,48.96860122680664
2024-12-10,48.837398529052734,48.837398529052734,48.837398529052734,48.837398529052734,0.0,48.837398529052734
2024-12-11,49.44889831542969,49.44889831542969,49.44889831542969,49.44889831542969,0.0,49.44889831542969
2024-12-12,49.23979949951172,49.23979949951172,49.23979949951172,49.23979949951172,0.0,49.23979949951172
2024-12-13,48.82310104370117,48.82310104370117,48.82310104370117,48.82310104370117,0.0,48.82310104370117
2024-12-16,49.07149887084961,49.07149887084961,49.07149887084961,49.07149887084961,0.0,49.07149887084961
2024-12-17,48.78860092163086,48.78860092163086,48.78860092163086,48.78860092163086,0.0,48.78860092163086
2024-12-18,47.15380096435547,47.15380096435547,47.15380096435547,47.15380096435547,0.0,47.15380096435547
2024-12-19,47.00650024414063,47.00650024414063,47.00650024414063,47.00650024414063,0.0,47.00650024414063
2024-12-20,47.50659942626953,47.50659942626953,47.50659942626953,47.50659942626953,0.0,47.50659942626953
2024-12-23,47.87670135498047,47.87670135498047,47.87670135498047,47.87670135498047,0.0,47.87670135498047
2024-12-27,47.70610046386719,47.70610046386719,47.70610046386719,47.70610046386719,0.0,47.70610046386719
2024-12-30,47.16619873046875,47.16619873046875,47.16619873046875,47.16619873046875,0.0,47.16619873046875
2024-12-31,46.91780090332031,46.91780090332031,46.91780090332031,46.91780090332031,0.0,46.91780090332031
2025-01-02,46.92290115356445,46.92290115356445,46.92290115356445,46.92290115356445,0.0,46.92290115356445
2025-01-03,47.6327018737793,47.6327018737793,47.6327018737793,47.6327018737793,0.0,47.6327018737793
2025-01-06,48.08089828491211,48.08089828491211,48.08089828491211,48.08089828491211,0.0,48.08089828491211
2025-01-07,47.34640121459961,47.34640121459961,47.34640121459961,47.34640121459961,0.0,47.34640121459961
2025-01-08,47.40610122680664,47.40610122680664,47.40610122680664,47.40610122680664,0.0,47.40610122680664
2025-01-10,46.77870178222656,46.77870178222656,46.77870178222656,46.77870178222656,0.0,46.77870178222656
2025-01-13,46.66609954833984,46.66609954833984,46.66609954833984,46.66609954833984,0.0,46.66609954833984
2025-01-14,46.527099609375,46.527099609375,46.527099609375,46.527099609375,0.0,46.527099609375
2025-01-15,47.659400939941406,47.659400939941406,47.659400939941406,47.659400939941406,0.0,47.659400939941406
2025-01-16,47.44660186767578,47.44660186767578,47.44660186767578,47.44660186767578,0.0,47.44660186767578
2025-01-17,47.80210113525391,47.80210113525391,47.80210113525391,47.80210113525391,0.0,47.80210113525391
2025-01-21,48.442501068115234,48.442501068115234,48.442501068115234,48.442501068115234,0.0,48.442501068115234
2025-01-22,48.95489883422852,48.95489883422852,48.95489883422852,48.95489883422852,0.0,48.95489883422852
2025-01-23,49.24470138549805,49.24470138549805,49.24470138549805,49.24470138549805,0.0,49.24470138549805
2025-01-24,49.05830001831055,49.05830001831055,49.05830001831055,49.05830001831055,0.0,49.05830001831055
2025-01-27,48.15330123901367,48.15330123901367,48.15330123901367,48.15330123901367,0.0,48.15330123901367
2025-01-28,48.8114013671875,48.8114013671875,48.8114013671875,48.8114013671875,0.0,48.8114013671875
2025-01-29,48.5078010559082,48.5078010559082,48.5078010559082,48.5078010559082,0.0,48.5078010559082
2025-01-30,48.4468002319336,48.4468002319336,48.4468002319336,48.4468002319336,0.0,48.4468002319336
2025-01-31,48.31069946289063,48.31069946289063,48.31069946289063,48.31069946289063,0.0,48.31069946289063
2025-02-03,47.86149978637695,47.86149978637695,47.86149978637695,47.86149978637695,0.0,47.86149978637695
2025-02-04,48.37730026245117,48.37730026245117,48.37730026245117,48.37730026245117,0.0,48.37730026245117
2025-02-05,48.33729934692383,48.33729934692383,48.33729934692383,48.33729934692383,0.0,48.33729934692383
2025-02-06,48.66379928588867,48.66379928588867,48.66379928588867,48.66379928588867,0.0,48.66379928588867
2025-02-07,47.97600173950195,47.97600173950195,47.97600173950195,47.97600173950195,0.0,47.97600173950195
2025-02-10,48.226600646972656,48.226600646972656,48.226600646972656,48.226600646972656,0.0,48.226600646972656
2025-02-11,48.18119812011719,48.18119812011719,48.18119812011719,48.18119812011719,0.0,48.18119812011719
2025-02-12,47.96260070800781,47.96260070800781,47.96260070800781,47.96260070800781,0.0,47.96260070800781
2025-02-13,48.35449981689453,48.35449981689453,48.35449981689453,48.35449981689453,0.0,48.35449981689453
2025-02-14,48.342899322509766,48.342899322509766,48.342899322509766,48.342899322509766,0.0,48.342899322509766
2025-02-18,48.38119888305664,48.38119888305664,48.38119888305664,48.38119888305664,0.0,48.38119888305664
2025-02-19,48.49610137939453,48.49610137939453,48.49610137939453,48.49610137939453,0.0,48.49610137939453
2025-02-20,48.294898986816406,48.294898986816406,48.294898986816406,48.294898986816406,0.0,48.294898986816406
2025-02-21,47.268798828125,47.268798828125,47.268798828125,47.268798828125,0.0,47.268798828125
2025-02-24,46.83110046386719,46.83110046386719,46.83110046386719,46.83110046386719,0.0,46.83110046386719
2025-02-25,46.4010009765625,46.4010009765625,46.4010009765625,46.4010009765625,0.0,46.4010009765625
2025-02-26,46.645599365234375,46.645599365234375,46.645599365234375,46.645599365234375,0.0,46.645599365234375
2025-02-27,45.7676010131836,45.7676010131836,45.7676010131836,45.7676010131836,0.0,45.7676010131836
2025-02-28,46.618499755859375,46.618499755859375,46.618499755859375,46.618499755859375,0.0,46.618499755859375
2025-03-03,45.49810028076172,45.49810028076172,45.49810028076172,45.49810028076172,0.0,45.49810028076172
2025-03-04,45.05709838867188,45.05709838867188,45.05709838867188,45.05709838867188,0.0,45.05709838867188
2025-03-05,45.58319854736328,45.58319854736328,45.58319854736328,45.58319854736328,0.0,45.58319854736328
2025-03-06,44.54029846191406,44.54029846191406,44.54029846191406,44.54029846191406,0.0,44.54029846191406
2025-03-07,44.27939987182617,44.27939987182617,44.27939987182617,44.27939987182617,0.0,44.27939987182617
2025-03-10,42.65639877319336,42.65639877319336,42.65639877319336,42.65639877319336,0.0,42.65639877319336
2025-03-11,42.68820190429688,42.68820190429688,42.68820190429688,42.68820190429688,0.0,42.68820190429688
2025-03-12,43.20989990234375,43.20989990234375,43.20989990234375,43.20989990234375,0.0,43.20989990234375
2025-03-13,42.285400390625,42.285400390625,42.285400390625,42.285400390625,0.0,42.285400390625
2025-03-14,43.391998291015625,43.391998291015625,43.391998291015625,43.391998291015625,0.0,43.391998291015625
2025-03-17,43.694801330566406,43.694801330566406,43.694801330566406,43.694801330566406,0.0,43.694801330566406
2025-03-18,43.09650039672852,43.09650039672852,43.09650039672852,43.09650039672852,0.0,43.09650039672852
2025-03-19,43.74530029296875,43.74530029296875,43.74530029296875,43.74530029296875,0.0,43.74530029296875
2025-03-20,43.61130142211914,43.61130142211914,43.61130142211914,43.61130142211914,0.0,43.61130142211914
2025-03-21,43.70320129394531,43.70320129394531,43.70320129394531,43.70320129394531,0.0,43.70320129394531
2025-03-24,44.64820098876953,44.64820098876953,44.64820098876953,44.64820098876953,0.0,44.64820098876953
2025-03-25,44.82720184326172,44.82720184326172,44.82720184326172,44.82720184326172,0.0,44.82720184326172
2025-03-26,44.0620002746582,44.0620002746582,44.0620002746582,44.0620002746582,0.0,44.0620002746582
2025-03-27,43.79800033569336,43.79800033569336,43.79800033569336,43.79800033569336,0.0,43.79800033569336
2025-03-28,42.75609970092773,42.75609970092773,42.75609970092773,42.75609970092773,0.0,42.75609970092773
2025-03-31,42.82690048217773,42.82690048217773,42.82690048217773,42.82690048217773,0.0,42.82690048217773
2025-04-01,43.04460144042969,43.04460144042969,43.04460144042969,43.04460144042969,0.0,43.04460144042969
2025-04-02,43.492801666259766,43.492801666259766,43.492801666259766,43.492801666259766,0.0,43.492801666259766
2025-04-03,40.93119812011719,40.93119812011719,40.93119812011719,40.93119812011719,0.0,40.93119812011719
2025-04-04,38.63019943237305,38.63019943237305,38.63019943237305,38.63019943237305,0.0,38.63019943237305
2025-04-07,38.63679885864258,38.63679885864258,38.63679885864258,38.63679885864258,0.0,38.63679885864258
2025-04-08,38.09510040283203,38.09510040283203,38.09510040283203,38.09510040283203,0.0,38.09510040283203
2025-04-09,41.6083984375,41.6083984375,41.6083984375,41.6083984375,0.0,41.6083984375
2025-04-10,40.22209930419922,40.22209930419922,40.22209930419922,40.22209930419922,0.0,40.22209930419922
2025-04-11,40.94240188598633,40.94240188598633,40.94240188598633,40.94240188598633,0.0,40.94240188598633
2025-04-14,41.23460006713867,41.23460006713867,41.23460006713867,41.23460006713867,0.0,41.23460006713867
2025-04-15,41.25419998168945,41.25419998168945,41.25419998168945,41.25419998168945,0.0,41.25419998168945
2025-04-16,40.25310134887695,40.25310134887695,40.25310134887695,40.25310134887695,0.0,40.25310134887695
2025-04-17,40.50170135498047,40.50170135498047,40.50170135498047,40.50170135498047,0.0,40.50170135498047
2025-04-22,40.457801818847656,40.457801818847656,40.457801818847656,40.457801818847656,0.0,40.457801818847656
2025-04-23,41.13290023803711,41.13290023803711,41.13290023803711,41.13290023803711,0.0,41.13290023803711
2025-04-24,42.10689926147461,42.10689926147461,42.10689926147461,42.10689926147461,0.0,42.10689926147461
2025-04-25,42.49639892578125,42.49639892578125,42.49639892578125,42.49639892578125,0.0,42.49639892578125
2025-04-28,42.48759841918945,42.48759841918945,42.48759841918945,42.48759841918945,0.0,42.48759841918945
2025-04-29,42.7422981262207,42.7422981262207,42.7422981262207,42.7422981262207,0.0,42.7422981262207
2025-04-30,42.77629852294922,42.77629852294922,42.77629852294922,42.77629852294922,0.0,42.77629852294922
2025-05-02,43.72769927978516,43.72769927978516,43.72769927978516,43.72769927978516,0.0,43.72769927978516
2025-05-05,43.52090072631836,43.52090072631836,43.52090072631836,43.52090072631836,0.0,43.52090072631836
2025-05-06,43.12009811401367,43.12009811401367,43.12009811401367,43.12009811401367,0.0,43.12009811401367
2025-05-07,43.16949844360352,43.16949844360352,43.16949844360352,43.16949844360352,0.0,43.16949844360352
2025-05-08,43.29859924316406,43.29859924316406,43.29859924316406,43.29859924316406,0.0,43.29859924316406
2025-05-12,44.73699951171875,44.73699951171875,44.73699951171875,44.73699951171875,0.0,44.73699951171875
2025-05-13,45.132999420166016,45.132999420166016,45.132999420166016,45.132999420166016,0.0,45.132999420166016
2025-05-14,45.22790145874024,45.22790145874024,45.22790145874024,45.22790145874024,0.0,45.22790145874024
2025-05-15,45.3577995300293,45.3577995300293,45.3577995300293,45.3577995300293,0.0,45.3577995300293
2025-05-16,45.68190002441406,45.68190002441406,45.68190002441406,45.68190002441406,0.0,45.68190002441406
2025-05-19,45.71139907836914,45.71139907836914,45.71139907836914,45.71139907836914,0.0,45.71139907836914
2025-05-20,45.59880065917969,45.59880065917969,45.59880065917969,45.59880065917969,0.0,45.59880065917969
2025-05-21,44.86589813232422,44.86589813232422,44.86589813232422,44.86589813232422,0.0,44.86589813232422
2025-05-22,44.877201080322266,44.877201080322266,44.877201080322266,44.877201080322266,0.0,44.877201080322266
2025-05-23,44.593299865722656,44.593299865722656,44.593299865722656,44.593299865722656,0.0,44.593299865722656
2025-05-27,45.49919891357422,45.49919891357422,45.49919891357422,45.49919891357422,0.0,45.49919891357422
2025-05-28,45.14179992675781,45.14179992675781,45.14179992675781,45.14179992675781,0.0,45.14179992675781
2025-05-30,45.2958984375,45.2958984375,45.2958984375,45.2958984375,0.0,45.2958984375
2025-06-02,45.48720169067383,45.48720169067383,45.48720169067383,45.48720169067383,0.0,45.48720169067383
2025-06-03,45.71160125732422,45.71160125732422,45.71160125732422,45.71160125732422,0.0,45.71160125732422
2025-06-04,45.75820159912109,45.75820159912109,45.75820159912109,45.75820159912109,0.0,45.75820159912109
2025-06-05,45.5797004699707,45.5797004699707,45.5797004699707,45.5797004699707,0.0,45.5797004699707
2025-06-06,46.11690139770508,46.11690139770508,46.11690139770508,46.11690139770508,0.0,46.11690139770508
2025-06-10,46.415000915527344,46.415000915527344,46.415000915527344,46.415000915527344,0.0,46.415000915527344
2025-06-11,46.21969985961914,46.21969985961914,46.21969985961914,46.21969985961914,0.0,46.21969985961914
2025-06-12,46.3927001953125,46.3927001953125,46.3927001953125,46.3927001953125,0.0,46.3927001953125
2025-06-13,45.861698150634766,45.861698150634766,45.861698150634766,45.861698150634766,0.0,45.861698150634766
2025-06-16,46.30899810791016,46.30899810791016,46.30899810791016,46.30899810791016,0.0,46.30899810791016
2025-06-17,45.99160003662109,45.99160003662109,45.99160003662109,45.99160003662109,0.0,45.99160003662109
2025-06-18,46.0275993347168,46.0275993347168,46.0275993347168,46.0275993347168,0.0,46.0275993347168
2025-06-20,45.8114013671875,45.8114013671875,45.8114013671875,45.8114013671875,0.0,45.8114013671875
2025-06-24,46.7422981262207,46.7422981262207,46.7422981262207,46.7422981262207,0.0,46.7422981262207
2025-06-25,46.75199890136719,46.75199890136719,46.75199890136719,46.75199890136719,0.0,46.75199890136719
2025-06-26,47.0906982421875,47.0906982421875,47.0906982421875,47.0906982421875,0.0,47.0906982421875
2025-06-27,47.38150024414063,47.38150024414063,47.38150024414063,47.38150024414063,0.0,47.38150024414063
2025-06-30,47.578800201416016,47.578800201416016,47.578800201416016,47.578800201416016,0.0,47.578800201416016
2025-07-01,47.43999862670898,47.43999862670898,47.43999862670898,47.43999862670898,0.0,47.43999862670898
2025-07-02,47.644798278808594,47.644798278808594,47.644798278808594,47.644798278808594,0.0,47.644798278808594
2025-07-03,48.14149856567383,48.14149856567383,48.14149856567383,48.14149856567383,0.0,48.14149856567383
2025-07-07,47.85469818115234,47.85469818115234,47.85469818115234,47.85469818115234,0.0,47.85469818115234
2025-07-08,47.7057991027832,47.7057991027832,47.7057991027832,47.7057991027832,0.0,47.7057991027832
2025-07-09,48.031700134277344,48.031700134277344,48.031700134277344,48.031700134277344,0.0,48.031700134277344
2025-07-10,48.125301361083984,48.125301361083984,48.125301361083984,48.125301361083984,0.0,48.125301361083984
2025-07-11,47.99679946899414,47.99679946899414,47.99679946899414,47.99679946899414,0.0,47.99679946899414
2025-07-14,48.06729888916016,48.06729888916016,48.06729888916016,48.06729888916016,0.0,48.06729888916016
2025-07-15,47.86090087890625,47.86090087890625,47.86090087890625,47.86090087890625,0.0,47.86090087890625
2025-07-16,47.95830154418945,47.95830154418945,47.95830154418945,47.95830154418945,0.0,47.95830154418945
2025-07-17,48.29100036621094,48.29100036621094,48.29100036621094,48.29100036621094,0.0,48.29100036621094
2025-07-18,48.41780090332031,48.41780090332031,48.41780090332031,48.41780090332031,0.0,48.41780090332031
2025-07-21,48.5093994140625,48.5093994140625,48.5093994140625,48.5093994140625,0.0,48.5093994140625
2025-07-22,48.56629943847656,48.56629943847656,48.56629943847656,48.56629943847656,0.0,48.56629943847656
2025-07-23,48.75870132446289,48.75870132446289,48.75870132446289,48.75870132446289,0.0,48.75870132446289
2025-07-24,48.93790054321289,48.93790054321289,48.93790054321289,48.93790054321289,0.0,48.93790054321289
2025-07-25,49.10300064086914,49.10300064086914,49.10300064086914,49.10300064086914,0.0,49.10300064086914
2025-07-28,49.07460021972656,49.07460021972656,49.07460021972656,49.07460021972656,0.0,49.07460021972656
2025-07-29,49.00590133666992,49.00590133666992,49.00590133666992,49.00590133666992,0.0,49.00590133666992
2025-07-30,48.97430038452149,48.97430038452149,48.97430038452149,48.97430038452149,0.0,48.97430038452149
2025-07-31,48.980899810791016,48.980899810791016,48.980899810791016,48.980899810791016,0.0,48.980899810791016
2025-08-01,48.12070083618164,48.12070083618164,48.12070083618164,48.12070083618164,0.0,48.12070083618164
2025-08-04,48.68190002441406,48.68190002441406,48.68190002441406,48.68190002441406,0.0,48.68190002441406
2025-08-05,48.02899932861328,48.02899932861328,48.02899932861328,48.02899932861328,0.0,48.02899932861328
2025-08-06,48.332298278808594,48.332298278808594,48.332298278808594,48.332298278808594,0.0,48.332298278808594
2025-08-07,48.132598876953125,48.132598876953125,48.132598876953125,48.132598876953125,0.0,48.132598876953125
2025-08-08,48.40950012207031,48.40950012207031,48.40950012207031,48.40950012207031,0.0,48.40950012207031
2025-08-11,48.4203987121582,48.4203987121582,48.4203987121582,48.4203987121582,0.0,48.4203987121582
2025-08-12,49.02360153198242,49.02360153198242,49.02360153198242,49.02360153198242,0.0,49.02360153198242
2025-08-13,49.02119827270508,49.02119827270508,49.02119827270508,49.02119827270508,0.0,49.02119827270508
2025-08-14,49.16260147094727,49.16260147094727,49.16260147094727,49.16260147094727,0.0,49.16260147094727
2025-08-18,49.00490188598633,49.00490188598633,49.00490188598633,49.00490188598633,0.0,49.00490188598633
2025-08-19,48.72779846191406,48.72779846191406,48.72779846191406,48.72779846191406,0.0,48.72779846191406
2025-08-20,48.674800872802734,48.674800872802734,48.674800872802734,48.674800872802734,0.0,48.674800872802734
2025-08-21,48.509498596191406,48.509498596191406,48.509498596191406,48.509498596191406,0.0,48.509498596191406
2025-08-22,49.10279846191406,49.10279846191406,49.10279846191406,49.10279846191406,0.0,49.10279846191406
2025-08-25,48.84439849853516,48.84439849853516,48.84439849853516,48.84439849853516,0.0,48.84439849853516
2025-08-26,49.096900939941406,49.096900939941406,49.096900939941406,49.096900939941406,0.0,49.096900939941406
2025-08-27,49.25650024414063,49.25650024414063,49.25650024414063,49.25650024414063,0.0,49.25650024414063
2025-08-28,49.37739944458008,49.37739944458008,49.37739944458008,49.37739944458008,0.0,49.37739944458008
2025-08-29,49.05910110473633,49.05910110473633,49.05910110473633,49.05910110473633,0.0,49.05910110473633
2025-09-02,48.76919937133789,48.76919937133789,48.76919937133789,48.76919937133789,0.0,48.76919937133789
2025-09-03,48.95980072021485,48.95980072021485,48.95980072021485,48.95980072021485,0.0,48.95980072021485
2025-09-04,49.45930099487305,49.45930099487305,49.45930099487305,49.45930099487305,0.0,49.45930099487305
2025-09-05,48.98329925537109,48.98329925537109,48.98329925537109,48.98329925537109,0.0,48.98329925537109
2025-09-08,49.17549896240234,49.17549896240234,49.17549896240234,49.17549896240234,0.0,49.17549896240234
2025-09-09,49.41889953613281,49.41889953613281,49.41889953613281,49.41889953613281,0.0,49.41889953613281
2025-09-10,48.93000030517578,48.93000030517578,48.93000030517578,48.93000030517578,0.0,48.93000030517578
2025-09-11,49.44940185546875,49.44940185546875,49.44940185546875,49.44940185546875,0.0,49.44940185546875
2025-09-12,49.424800872802734,49.424800872802734,49.424800872802734,49.424800872802734,0.0,49.424800872802734
2025-09-15,49.70759963989258,49.70759963989258,49.70759963989258,49.70759963989258,0.0,49.70759963989258
2025-09-16,49.56689834594727,49.56689834594727,49.56689834594727,49.56689834594727,0.0,49.56689834594727
2025-09-17,49.4536018371582,49.4536018371582,49.4536018371582,49.4536018371582,0.0,49.4536018371582
2025-09-18,49.85300064086914,49.85300064086914,49.85300064086914,49.85300064086914,0.0,49.85300064086914
2025-09-22,50.275299072265625,50.275299072265625,50.275299072265625,50.275299072265625,0.0,50.275299072265625
2025-09-23,49.80630111694336,49.80630111694336,49.80630111694336,49.80630111694336,0.0,49.80630111694336
2025-09-24,49.6265983581543,49.6265983581543,49.6265983581543,49.6265983581543,0.0,49.6265983581543
2025-09-25,49.48820114135742,49.48820114135742,49.48820114135742,49.48820114135742,0.0,49.48820114135742
2025-09-26,49.75,49.75,49.75,49.75,0.0,49.75
2025-09-29,49.957298278808594,49.957298278808594,49.957298278808594,49.957298278808594,0.0,49.957298278808594
2025-09-30,50.11130142211914,50.11130142211914,50.11130142211914,50.11130142211914,0.0,50.11130142211914
2025-10-01,50.10200119018555,50.10200119018555,50.10200119018555,50.10200119018555,0.0,50.10200119018555
2025-10-02,50.0817985534668,50.0817985534668,50.0817985534668,50.0817985534668,0.0,50.0817985534668
2025-10-03,50.09000015258789,50.09000015258789,50.09000015258789,50.09000015258789,0.0,50.09000015258789
2025-10-06,50.29729843139648,50.29729843139648,50.29729843139648,50.29729843139648,0.0,50.29729843139648
2025-10-07,50.02790069580078,50.02790069580078,50.02790069580078,50.02790069580078,0.0,50.02790069580078
2025-10-08,50.31380081176758,50.31380081176758,50.31380081176758,50.31380081176758,0.0,50.31380081176758
2025-10-09,50.23960113525391,50.23960113525391,50.23960113525391,50.23960113525391,0.0,50.23960113525391
2025-10-10,48.96099853515625,48.96099853515625,48.96099853515625,48.96099853515625,0.0,48.96099853515625
2025-10-13,49.64810180664063,49.64810180664063,49.64810180664063,49.64810180664063,0.0,49.64810180664063
2025-10-14,49.44369888305664,49.44369888305664,49.44369888305664,49.44369888305664,0.0,49.44369888305664
2025-10-15,49.71329879760742,49.71329879760742,49.71329879760742,49.71329879760742,0.0,49.71329879760742
2025-10-16,49.30609893798828,49.30609893798828,49.30609893798828,49.30609893798828,0.0,49.30609893798828
2025-10-17,49.641998291015625,49.641998291015625,49.641998291015625,49.641998291015625,0.0,49.641998291015625
2025-10-20,50.18579864501953,50.18579864501953,50.18579864501953,50.18579864501953,0.0,50.18579864501953
2025-10-21,50.24190139770508,50.24190139770508,50.24190139770508,50.24190139770508,0.0,50.24190139770508
2025-10-27,51.52640151977539,51.52640151977539,51.52640151977539,51.52640151977539,0.0,51.52640151977539
2025-10-28,51.74570083618164,51.74570083618164,51.74570083618164,51.74570083618164,0.0,51.74570083618164
2025-10-29,51.80030059814453,51.80030059814453,51.80030059814453,51.80030059814453,0.0,51.80030059814453
2025-10-30,51.48550033569336,51.48550033569336,51.48550033569336,51.48550033569336,0.0,51.48550033569336
2025-10-31,51.733001708984375,51.733001708984375,51.733001708984375,51.733001708984375,0.0,51.733001708984375
2025-11-03,51.95130157470703,51.95130157470703,51.95130157470703,51.95130157470703,0.0,51.95130157470703
2025-11-04,51.33580017089844,51.33580017089844,51.33580017089844,51.33580017089844,0.0,51.33580017089844
2025-11-05,51.49909973144531,51.49909973144531,51.49909973144531,51.49909973144531,0.0,51.49909973144531
2025-11-06,51.08369827270508,51.08369827270508,51.08369827270508,51.08369827270508,0.0,51.08369827270508
2025-11-07,51.17739868164063,51.17739868164063,51.17739868164063,51.17739868164063,0.0,51.17739868164063
2025-11-10,52.0620002746582,52.0620002746582,52.0620002746582,52.0620002746582,0.0,52.0620002746582
2025-11-11,52.053001403808594,52.053001403808594,52.053001403808594,52.053001403808594,0.0,52.053001403808594
2025-11-12,52.07429885864258,52.07429885864258,52.07429885864258,52.07429885864258,0.0,52.07429885864258
2025-11-13,51.17620086669922,51.17620086669922,51.17620086669922,51.17620086669922,0.0,51.17620086669922
2025-11-14,51.12179946899414,51.12179946899414,51.12179946899414,51.12179946899414,0.0,51.12179946899414
2025-11-17,50.6693000793457,50.6693000793457,50.6693000793457,50.6693000793457,0.0,50.6693000793457
2025-11-18,50.16230010986328,50.16230010986328,50.16230010986328,50.16230010986328,0.0,50.16230010986328
2025-11-19,50.419700622558594,50.419700622558594,50.419700622558594,50.419700622558594,0.0,50.419700622558594
2025-11-20,49.649898529052734,49.649898529052734,49.649898529052734,49.649898529052734,0.0,49.649898529052734
2025-11-21,50.132301330566406,50.132301330566406,50.132301330566406,50.132301330566406,0.0,50.132301330566406
2025-11-24,50.81969833374024,50.81969833374024,50.81969833374024,50.81969833374024,0.0,50.81969833374024
2025-11-25,51.322898864746094,51.322898864746094,51.322898864746094,51.322898864746094,0.0,51.322898864746094
2025-11-26,51.59389877319336,51.59389877319336,51.59389877319336,51.59389877319336,0.0,51.59389877319336
2025-11-28,51.86579895019531,51.86579895019531,51.86579895019531,51.86579895019531,0.0,51.86579895019531
2025-12-01,51.544700622558594,51.544700622558594,51.544700622558594,51.544700622558594,0.0,51.544700622558594
2025-12-02,51.549598693847656,51.549598693847656,51.549598693847656,51.549598693847656,0.0,51.549598693847656
2025-12-03,51.68299865722656,51.68299865722656,51.68299865722656,51.68299865722656,0.0,51.68299865722656
2025-12-04,51.65570068359375,51.65570068359375,51.65570068359375,51.65570068359375,0.0,51.65570068359375
2025-12-05,51.79199981689453,51.79199981689453,51.79199981689453,51.79199981689453,0.0,51.79199981689453
2025-12-08,51.59389877319336,51.59389877319336,51.59389877319336,51.59389877319336,0.0,51.59389877319336
2025-12-09,51.43389892578125,51.43389892578125,51.43389892578125,51.43389892578125,0.0,51.43389892578125
2025-12-10,51.6515998840332,51.6515998840332,51.6515998840332,51.6515998840332,0.0,51.6515998840332
2025-12-11,51.792701721191406,51.792701721191406,51.792701721191406,51.792701721191406,0.0,51.792701721191406
2025-12-12,51.19309997558594,51.19309997558594,51.19309997558594,51.19309997558594,0.0,51.19309997558594
2025-12-15,51.00640106201172,51.00640106201172,51.00640106201172,51.00640106201172,0.0,51.00640106201172
2025-12-16,50.90079879760742,50.90079879760742,50.90079879760742,50.90079879760742,0.0,50.90079879760742
2025-12-17,50.333099365234375,50.333099365234375,50.333099365234375,50.333099365234375,0.0,50.333099365234375
2025-12-18,50.62879943847656,50.62879943847656,50.62879943847656,50.62879943847656,0.0,50.62879943847656
2025-12-22,51.53559875488281,51.53559875488281,51.53559875488281,51.53559875488281,0.0,51.53559875488281
2025-12-23,51.81990051269531,51.81990051269531,51.81990051269531,51.81990051269531,0.0,51.81990051269531
2025-12-29,51.81460189819336,51.81460189819336,51.81460189819336,51.81460189819336,0.0,51.81460189819336
2025-12-30,51.73059844970703,51.73059844970703,51.73059844970703,51.73059844970703,0.0,51.73059844970703
2025-12-31,51.35269927978516,51.35269927978516,51.35269927978516,51.35269927978516,0.0,51.35269927978516
2026-01-02,51.351200103759766,51.351200103759766,51.351200103759766,51.351200103759766,0.0,51.351200103759766
2026-01-05,51.59870147705078,51.59870147705078,51.59870147705078,51.59870147705078,0.0,51.59870147705078
2026-01-06,52.0453987121582,52.0453987121582,52.0453987121582,52.0453987121582,0.0,52.0453987121582
2026-01-07,52.01959991455078,52.01959991455078,52.01959991455078,52.01959991455078,0.0,52.01959991455078
2026-01-08,51.95790100097656,51.95790100097656,51.95790100097656,51.95790100097656,0.0,51.95790100097656
2026-01-09,51.99489974975586,51.99489974975586,51.99489974975586,51.99489974975586,0.0,51.99489974975586
2026-01-12,51.99290084838867,51.99290084838867,51.99290084838867,51.99290084838867,0.0,51.99290084838867
2026-01-13,51.8223991394043,51.8223991394043,51.8223991394043,51.8223991394043,0.0,51.8223991394043
2026-01-14,51.272098541259766,51.272098541259766,51.272098541259766,51.272098541259766,0.0,51.272098541259766
2026-01-15,51.40129852294922,51.40129852294922,51.40129852294922,51.40129852294922,0.0,51.40129852294922
2026-01-16,51.4536018371582,51.4536018371582,51.4536018371582,51.4536018371582,0.0,51.4536018371582
2026-01-20,50.36069869995117,50.36069869995117,50.36069869995117,50.36069869995117,0.0,50.36069869995117
2026-01-21,50.865501403808594,50.865501403808594,50.865501403808594,50.865501403808594,0.0,50.865501403808594
2026-01-22,51.294700622558594,51.294700622558594,51.294700622558594,51.294700622558594,0.0,51.294700622558594
2026-01-23,51.33810043334961,51.33810043334961,51.33810043334961,51.33810043334961,0.0,51.33810043334961
2026-01-26,51.64910125732422,51.64910125732422,51.64910125732422,51.64910125732422,0.0,51.64910125732422
2026-01-27,52.001800537109375,52.001800537109375,52.001800537109375,52.001800537109375,0.0,52.001800537109375
2026-01-28,52.07360076904297,52.07360076904297,52.07360076904297,52.07360076904297,0.0,52.07360076904297
2026-01-29,52.01499938964844,52.01499938964844,52.01499938964844,52.01499938964844,0.0,52.01499938964844
2026-01-30,51.77140045166016,51.77140045166016,51.77140045166016,51.77140045166016,0.0,51.77140045166016
2026-02-02,51.990501403808594,51.990501403808594,51.990501403808594,51.990501403808594,0.0,51.990501403808594
2026-02-03,51.39580154418945,51.39580154418945,51.39580154418945,51.39580154418945,0.0,51.39580154418945
2026-02-04,51.095401763916016,51.095401763916016,51.095401763916016,51.095401763916016,0.0,51.095401763916016
2026-02-05,50.30120086669922,50.30120086669922,50.30120086669922,50.30120086669922,0.0,50.30120086669922
2026-02-06,51.197898864746094,51.197898864746094,51.197898864746094,51.197898864746094,0.0,51.197898864746094
2026-02-09,51.47169876098633,51.47169876098633,51.47169876098633,51.47169876098633,0.0,51.47169876098633
2026-02-10,51.099098205566406,51.099098205566406,51.099098205566406,51.099098205566406,0.0,51.099098205566406
2026-02-11,50.97169876098633,50.97169876098633,50.97169876098633,50.97169876098633,0.0,50.97169876098633
2026-02-12,50.42190170288086,50.42190170288086,50.42190170288086,50.42190170288086,0.0,50.42190170288086
2026-02-13,50.41529846191406,50.41529846191406,50.41529846191406,50.41529846191406,0.0,50.41529846191406
2026-02-17,50.50910186767578,50.50910186767578,50.50910186767578,50.50910186767578,0.0,50.50910186767578
2026-02-18,50.757301330566406,50.757301330566406,50.757301330566406,50.757301330566406,0.0,50.757301330566406
2026-02-19,50.61460113525391,50.61460113525391,50.61460113525391,50.61460113525391,0.0,50.61460113525391
2026-02-23,50.3036003112793,50.3036003112793,50.3036003112793,50.3036003112793,0.0,50.3036003112793
2026-02-24,50.6421012878418,50.6421012878418,50.6421012878418,50.6421012878418,0.0,50.6421012878418
2026-02-25,51.124000549316406,51.124000549316406,51.124000549316406,51.124000549316406,0.0,51.124000549316406
2026-02-26,50.83440017700195,50.83440017700195,50.83440017700195,50.83440017700195,0.0,50.83440017700195
2026-02-27,50.5177001953125,50.5177001953125,50.5177001953125,50.5177001953125,0.0,50.5177001953125
2026-03-02,50.42259979248047,50.42259979248047,50.42259979248047,50.42259979248047,0.0,50.42259979248047
2026-03-03,50.03749847412109,50.03749847412109,50.03749847412109,50.03749847412109,0.0,50.03749847412109
2026-03-04,50.53950119018555,50.53950119018555,50.53950119018555,50.53950119018555,0.0,50.53950119018555
2026-03-05,50.412200927734375,50.412200927734375,50.412200927734375,50.412200927734375,0.0,50.412200927734375
2026-03-06,49.55400085449219,49.55400085449219,49.55400085449219,49.55400085449219,0.0,49.55400085449219
2026-03-09,49.92689895629883,49.92689895629883,49.92689895629883,49.92689895629883,0.0,49.92689895629883
2026-03-10,50.0463981628418,50.0463981628418,50.0463981628418,50.0463981628418,0.0,50.0463981628418
2026-03-11,50.034400939941406,50.034400939941406,50.034400939941406,50.034400939941406,0.0,50.034400939941406
2026-03-12,49.22769927978516,49.22769927978516,49.22769927978516,49.22769927978516,0.0,49.22769927978516
2026-03-13,48.95389938354492,48.95389938354492,48.95389938354492,48.95389938354492,0.0,48.95389938354492
2026-03-16,49.48040008544922,49.48040008544922,49.48040008544922,49.48040008544922,0.0,49.48040008544922
2026-03-17,49.57690048217773,49.57690048217773,49.57690048217773,49.57690048217773,0.0,49.57690048217773
2026-03-18,48.93949890136719,48.93949890136719,48.93949890136719,48.93949890136719,0.0,48.93949890136719
2026-03-19,48.80179977416992,48.80179977416992,48.80179977416992,48.80179977416992,0.0,48.80179977416992
2026-03-20,48.04069900512695,48.04069900512695,48.04069900512695,48.04069900512695,0.0,48.04069900512695
2026-03-23,48.586700439453125,48.586700439453125,48.586700439453125,48.586700439453125,0.0,48.586700439453125
2026-03-24,48.28670120239258,48.28670120239258,48.28670120239258,48.28670120239258,0.0,48.28670120239258
2026-03-25,48.55739974975586,48.55739974975586,48.55739974975586,48.55739974975586,0.0,48.55739974975586
2026-03-26,47.5890007019043,47.5890007019043,47.5890007019043,47.5890007019043,0.0,47.5890007019043
2026-03-27,46.63029861450195,46.63029861450195,46.63029861450195,46.63029861450195,0.0,46.63029861450195
2026-03-30,46.50090026855469,46.50090026855469,46.50090026855469,46.50090026855469,0.0,46.50090026855469
2026-03-31,47.95970153808594,47.95970153808594,47.95970153808594,47.95970153808594,0.0,47.95970153808594
2026-04-01,48.4015007019043,48.4015007019043,48.4015007019043,48.4015007019043,0.0,48.4015007019043
2026-04-02,48.339500427246094,48.339500427246094,48.339500427246094,48.339500427246094,0.0,48.339500427246094
2026-04-07,48.71960067749024,48.71960067749024,48.71960067749024,48.71960067749024,0.0,48.71960067749024
2026-04-08,50.10390090942383,50.10390090942383,50.10390090942383,50.10390090942383,0.0,50.10390090942383
2026-04-09,50.51020050048828,50.51020050048828,50.51020050048828,50.51020050048828,0.0,50.51020050048828
2026-04-10,50.455299377441406,50.455299377441406,50.455299377441406,50.455299377441406,0.0,50.455299377441406
2026-04-13,50.89630126953125,50.89630126953125,50.89630126953125,50.89630126953125,0.0,50.89630126953125
2026-04-14,51.63209915161133,51.63209915161133,51.63209915161133,51.63209915161133,0.0,51.63209915161133
2026-04-15,52.01800155639648,52.01800155639648,52.01800155639648,52.01800155639648,0.0,52.01800155639648
2026-04-16,52.041900634765625,52.041900634765625,52.041900634765625,52.041900634765625,0.0,52.041900634765625
2026-04-17,52.80500030517578,52.80500030517578,52.80500030517578,52.80500030517578,0.0,52.80500030517578
2026-04-20,52.66329956054688,52.66329956054688,52.66329956054688,52.66329956054688,0.0,52.66329956054688
2026-04-21,52.38930130004883,52.38930130004883,52.38930130004883,52.38930130004883,0.0,52.38930130004883
2026-04-22,52.9744987487793,52.9744987487793,52.9744987487793,52.9744987487793,0.0,52.9744987487793
2026-04-23,52.595699310302734,52.595699310302734,52.595699310302734,52.595699310302734,0.0,52.595699310302734
2026-04-24,52.91170120239258,52.91170120239258,52.91170120239258,52.91170120239258,0.0,52.91170120239258
2026-04-27,53.08409881591797,53.08409881591797,53.08409881591797,53.08409881591797,0.0,53.08409881591797
2026-04-28,52.65370178222656,52.65370178222656,52.65370178222656,52.65370178222656,0.0,52.65370178222656
2026-04-29,52.54850006103516,52.54850006103516,52.54850006103516,52.54850006103516,0.0,52.54850006103516
2026-04-30,52.928001403808594,52.928001403808594,52.928001403808594,52.928001403808594,0.0,52.928001403808594
2026-05-04,52.99290084838867,52.99290084838867,52.99290084838867,52.99290084838867,0.0,52.99290084838867
2026-05-05,53.33599853515625,53.33599853515625,53.33599853515625,53.33599853515625,0.0,53.33599853515625
2026-05-06,53.94169998168945,53.94169998168945,53.94169998168945,53.94169998168945,0.0,53.94169998168945
2026-05-07,53.38180160522461,53.38180160522461,53.38180160522461,53.38180160522461,0.0,53.38180160522461
2026-05-08,53.80339813232422,53.80339813232422,53.80339813232422,53.80339813232422,0.0,53.80339813232422
2026-05-11,53.824501037597656,53.824501037597656,53.824501037597656,53.824501037597656,0.0,53.824501037597656
2026-05-12,53.97079849243164,53.97079849243164,53.97079849243164,53.97079849243164,0.0,53.97079849243164
2026-05-13,54.35340118408203,54.35340118408203,54.35340118408203,54.35340118408203,0.0,54.35340118408203
2026-05-15,54.19440078735352,54.19440078735352,54.19440078735352,54.19440078735352,0.0,54.19440078735352
2026-05-18,54.08810043334961,54.08810043334961,54.08810043334961,54.08810043334961,0.0,54.08810043334961
2026-05-19,53.77730178833008,53.77730178833008,53.77730178833008,53.77730178833008,0.0,53.77730178833008
2026-05-20,54.54309844970703,54.54309844970703,54.54309844970703,54.54309844970703,0.0,54.54309844970703
2026-05-21,54.76459884643555,54.76459884643555,54.76459884643555,54.76459884643555,0.0,54.76459884643555
2026-05-22,54.832801818847656,54.832801818847656,54.832801818847656,54.832801818847656,0.0,54.832801818847656
2026-05-26,55.43080139160156,55.43080139160156,55.43080139160156,55.43080139160156,0.0,55.43080139160156
2026-05-27,55.49430084228516,55.49430084228516,55.49430084228516,55.49430084228516,0.0,55.49430084228516
2026-05-28,55.86299896240234,55.86299896240234,55.86299896240234,55.86299896240234,0.0,55.86299896240234
2026-05-29,56.27450180053711,56.27450180053711,56.27450180053711,56.27450180053711,0.0,56.27450180053711
2026-06-01,56.87220001220703,56.87220001220703,56.87220001220703,56.87220001220703,0.0,56.87220001220703
2026-06-02,57.01490020751953,57.01490020751953,57.01490020751953,57.01490020751953,0.0,57.01490020751953
2026-06-03,56.56209945678711,56.56209945678711,56.56209945678711,56.56209945678711,0.0,56.56209945678711
2026-06-04,56.450801849365234,56.450801849365234,56.450801849365234,56.450801849365234,0.0,56.450801849365234
2026-06-05,54.76309967041016,54.76309967041016,54.76309967041016,54.76309967041016,0.0,54.76309967041016
2026-06-08,54.80410003662109,54.80410003662109,54.80410003662109,54.80410003662109,0.0,54.80410003662109
2026-06-09,54.75920104980469,54.75920104980469,54.75920104980469,54.75920104980469,0.0,54.75920104980469
2026-06-10,53.79330062866211,53.79330062866211,53.79330062866211,53.79330062866211,0.0,53.79330062866211
2026-06-11,54.86140060424805,54.86140060424805,54.86140060424805,54.86140060424805,0.0,54.86140060424805
2026-06-12,55.00749969482422,55.00749969482422,55.00749969482422,55.00749969482422,0.0,55.00749969482422
2026-06-15,56.095001220703125,56.095001220703125,56.095001220703125,56.095001220703125,0.0,56.095001220703125
2026-06-16,55.85309982299805,55.85309982299805,55.85309982299805,55.85309982299805,0.0,55.85309982299805
2026-06-17,55.35829925537109,55.35829925537109,55.35829925537109,55.35829925537109,0.0,55.35829925537109
2026-06-18,55.9900016784668,55.9900016784668,55.9900016784668,55.9900016784668,0.0,55.9900016784668
2026-06-22,55.9385986328125,55.9385986328125,55.9385986328125,55.9385986328125,0.0,55.9385986328125
2026-06-24,55.00279998779297,55.00279998779297,55.00279998779297,55.00279998779297,0.0,55.00279998779297
2026-06-25,55.15679931640625,55.15679931640625,55.15679931640625,55.15679931640625,0.0,55.15679931640625
2026-06-26,55.10079956054688,55.10079956054688,55.10079956054688,55.10079956054688,0.0,55.10079956054688
2026-06-29,55.80939865112305,55.80939865112305,55.80939865112305,55.80939865112305,0.0,55.80939865112305
2026-06-30,56.07149887084961,56.07149887084961,56.07149887084961,56.07149887084961,0.0,56.07149887084961
2026-07-01,55.95940017700195,55.95940017700195,55.95940017700195,55.95940017700195,0.0,55.95940017700195
2026-07-02,55.79199981689453,55.79199981689453,55.79199981689453,55.79199981689453,0.0,55.79199981689453
2026-07-06,56.30400085449219,56.30400085449219,56.30400085449219,56.30400085449219,0.0,56.30400085449219
2026-07-07,55.95560073852539,55.95560073852539,55.95560073852539,55.95560073852539,0.0,55.95560073852539
2026-07-08,55.99449920654297,55.99449920654297,55.99449920654297,55.99449920654297,0.0,55.99449920654297
2026-07-09,56.62490081787109,56.62490081787109,56.62490081787109,56.62490081787109,0.0,56.62490081787109
2026-07-10,56.77669906616211,56.77669906616211,56.77669906616211,56.77669906616211,0.0,56.77669906616211
2026-07-13,56.20880126953125,56.20880126953125,56.20880126953125,56.20880126953125,0.0,56.20880126953125
2026-07-14,56.72710037231445,56.72710037231445,56.72710037231445,56.72710037231445,0.0,56.72710037231445
2026-07-15,56.88479995727539,56.88479995727539,56.88479995727539,56.88479995727539,0.0,56.88479995727539
2026-07-16,56.307899475097656,56.307899475097656,56.307899475097656,56.307899475097656,0.0,56.307899475097656
2026-07-17,0.0,0.0,0.0,55.935001373291016,0.0,55.935001373291016
2026-07-20,0.0,0.0,0.0,55.89720153808594,0.0,55.89720153808594
2026-07-21,0.0,0.0,0.0,56.50040054321289,0.0,56.50040054321289
2026-07-22,0.0,0.0,0.0,56.51959991455078,0.0,56.51959991455078
2026-07-23,0.0,0.0,0.0,56.13529968261719,0.0,56.13529968261719
2026-07-24,0.0,0.0,0.0,56.074100494384766,0.0,56.074100494384766
2026-07-27,0.0,0.0,0.0,55.967098236083984,0.0,55.967098236083984
2026-07-28,0.0,0.0,0.0,55.96260070800781,0.0,55.96260070800781
2026-07-29,0.0,0.0,0.0,54.90629959106445,0.0,54.90629959106445
2026-07-30,0.0,0.0,0.0,55.99409866333008,0.0,55.99409866333008
2026-07-31,0.0,0.0,0.0,56.34619903564453,0.0,56.34619903564453
2026-08-03,0.0,0.0,0.0,57.07440185546875,0.0,57.07440185546875
2026-08-04,0.0,0.0,0.0,58.017799377441406,0.0,58.017799377441406
2026-08-05,0.0,0.0,0.0,58.25189971923828,0.0,58.25189971923828
2026-08-06,0.0,0.0,0.0,58.52470016479492,0.0,58.52470016479492
2026-08-07,0.0,0.0,0.0,58.799198150634766,0.0,58.799198150634766
2026-08-10,0.0,0.0,0.0,58.783199310302734,0.0,58.783199310302734
2026-08-11,0.0,0.0,0.0,58.76890182495117,0.0,58.76890182495117
2026-08-12,0.0,0.0,0.0,59.15639877319336,0.0,59.15639877319336
