Date,Open,High,Low,Close,Volume,Adj Close
2019-01-02,39.66999816894531,39.66999816894531,39.66999816894531,39.66999816894531,0.0,39.66999816894531
2019-01-03,38.290000915527344,38.290000915527344,38.290000915527344,38.290000915527344,0.0,38.290000915527344
2019-01-04,39.66999816894531,39.66999816894531,39.66999816894531,39.66999816894531,0.0,39.66999816894531
2019-01-07,40.619998931884766,40.619998931884766,40.619998931884766,40.619998931884766,0.0,40.619998931884766
2019-01-08,41.02000045776367,41.02000045776367,41.02000045776367,41.02000045776367,0.0,41.02000045776367
2019-01-09,41.470001220703125,41.470001220703125,41.470001220703125,41.470001220703125,0.0,41.470001220703125
2019-01-10,41.59000015258789,41.59000015258789,41.59000015258789,41.59000015258789,0.0,41.59000015258789
2019-01-11,41.59999847412109,41.59999847412109,41.59999847412109,41.59999847412109,0.0,41.59999847412109
2019-01-14,41.11000061035156,41.11000061035156,41.11000061035156,41.11000061035156,0.0,41.11000061035156
2019-01-15,41.900001525878906,41.900001525878906,41.900001525878906,41.900001525878906,0.0,41.900001525878906
2019-01-16,41.90999984741211,41.90999984741211,41.90999984741211,41.90999984741211,0.0,41.90999984741211
2019-01-17,42.16999816894531,42.16999816894531,42.16999816894531,42.16999816894531,0.0,42.16999816894531
2019-01-18,42.790000915527344,42.790000915527344,42.790000915527344,42.790000915527344,0.0,42.790000915527344
2019-01-22,42.0099983215332,42.0099983215332,42.0099983215332,42.0099983215332,0.0,42.0099983215332
2019-01-23,42.0,42.0,42.0,42.0,0.0,42.0
2019-01-24,42.52000045776367,42.52000045776367,42.52000045776367,42.52000045776367,0.0,42.52000045776367
2019-01-25,43.400001525878906,43.400001525878906,43.400001525878906,43.400001525878906,0.0,43.400001525878906
2019-01-28,42.900001525878906,42.900001525878906,42.900001525878906,42.900001525878906,0.0,42.900001525878906
2019-01-29,42.33000183105469,42.33000183105469,42.33000183105469,42.33000183105469,0.0,42.33000183105469
2019-01-30,43.36000061035156,43.36000061035156,43.36000061035156,43.36000061035156,0.0,43.36000061035156
2019-01-31,44.04999923706055,44.04999923706055,44.04999923706055,44.04999923706055,0.0,44.04999923706055
2019-02-01,44.22999954223633,44.22999954223633,44.22999954223633,44.22999954223633,0.0,44.22999954223633
2019-02-04,44.68000030517578,44.68000030517578,44.68000030517578,44.68000030517578,0.0,44.68000030517578
2019-02-05,44.97999954223633,44.97999954223633,44.97999954223633,44.97999954223633,0.0,44.97999954223633
2019-02-06,44.91999816894531,44.91999816894531,44.91999816894531,44.91999816894531,0.0,44.91999816894531
2019-02-07,44.38999938964844,44.38999938964844,44.38999938964844,44.38999938964844,0.0,44.38999938964844
2019-02-08,44.470001220703125,44.470001220703125,44.470001220703125,44.470001220703125,0.0,44.470001220703125
2019-02-11,44.540000915527344,44.540000915527344,44.540000915527344,44.540000915527344,0.0,44.540000915527344
2019-02-12,45.43999862670898,45.43999862670898,45.43999862670898,45.43999862670898,0.0,45.43999862670898
2019-02-13,45.52999877929688,45.52999877929688,45.52999877929688,45.52999877929688,0.0,45.52999877929688
2019-02-14,45.63999938964844,45.63999938964844,45.63999938964844,45.63999938964844,0.0,45.63999938964844
2019-02-15,45.7400016784668,45.7400016784668,45.7400016784668,45.7400016784668,0.0,45.7400016784668
2019-02-19,45.90999984741211,45.90999984741211,45.90999984741211,45.90999984741211,0.0,45.90999984741211
2019-02-20,45.900001525878906,45.900001525878906,45.900001525878906,45.900001525878906,0.0,45.900001525878906
2019-02-21,45.869998931884766,45.869998931884766,45.869998931884766,45.869998931884766,0.0,45.869998931884766
2019-02-22,46.41999816894531,46.41999816894531,46.41999816894531,46.41999816894531,0.0,46.41999816894531
2019-02-25,46.7599983215332,46.7599983215332,46.7599983215332,46.7599983215332,0.0,46.7599983215332
2019-02-26,46.68999862670898,46.68999862670898,46.68999862670898,46.68999862670898,0.0,46.68999862670898
2019-02-27,46.66999816894531,46.66999816894531,46.66999816894531,46.66999816894531,0.0,46.66999816894531
2019-02-28,46.43000030517578,46.43000030517578,46.43000030517578,46.43000030517578,0.0,46.43000030517578
2019-03-01,46.720001220703125,46.720001220703125,46.720001220703125,46.720001220703125,0.0,46.720001220703125
2019-03-04,46.400001525878906,46.400001525878906,46.400001525878906,46.400001525878906,0.0,46.400001525878906
2019-03-05,46.29999923706055,46.29999923706055,46.29999923706055,46.29999923706055,0.0,46.29999923706055
2019-03-06,45.90999984741211,45.90999984741211,45.90999984741211,45.90999984741211,0.0,45.90999984741211
2019-03-07,45.52999877929688,45.52999877929688,45.52999877929688,45.52999877929688,0.0,45.52999877929688
2019-03-08,45.31999969482422,45.31999969482422,45.31999969482422,45.31999969482422,0.0,45.31999969482422
2019-03-11,46.16999816894531,46.16999816894531,46.16999816894531,46.16999816894531,0.0,46.16999816894531
2019-03-12,46.560001373291016,46.560001373291016,46.560001373291016,46.560001373291016,0.0,46.560001373291016
2019-03-13,46.66999816894531,46.66999816894531,46.66999816894531,46.66999816894531,0.0,46.66999816894531
2019-03-14,46.619998931884766,46.619998931884766,46.619998931884766,46.619998931884766,0.0,46.619998931884766
2019-03-15,46.959999084472656,46.959999084472656,46.959999084472656,46.959999084472656,0.0,46.959999084472656
2019-03-19,47.47999954223633,47.47999954223633,47.47999954223633,47.47999954223633,0.0,47.47999954223633
2019-03-20,47.560001373291016,47.560001373291016,47.560001373291016,47.560001373291016,0.0,47.560001373291016
2019-03-21,48.470001220703125,48.470001220703125,48.470001220703125,48.470001220703125,0.0,48.470001220703125
2019-03-22,47.40999984741211,47.40999984741211,47.40999984741211,47.40999984741211,0.0,47.40999984741211
2019-03-25,47.18000030517578,47.18000030517578,47.18000030517578,47.18000030517578,0.0,47.18000030517578
2019-03-26,47.38999938964844,47.38999938964844,47.38999938964844,47.38999938964844,0.0,47.38999938964844
2019-03-27,46.91999816894531,46.91999816894531,46.91999816894531,46.91999816894531,0.0,46.91999816894531
2019-03-28,47.040000915527344,47.040000915527344,47.040000915527344,47.040000915527344,0.0,47.040000915527344
2019-03-29,47.4900016784668,47.4900016784668,47.4900016784668,47.4900016784668,0.0,47.4900016784668
2019-04-01,48.09999847412109,48.09999847412109,48.09999847412109,48.09999847412109,0.0,48.09999847412109
2019-04-02,48.380001068115234,48.380001068115234,48.380001068115234,48.380001068115234,0.0,48.380001068115234
2019-04-03,48.900001525878906,48.900001525878906,48.900001525878906,48.900001525878906,0.0,48.900001525878906
2019-04-04,48.52000045776367,48.52000045776367,48.52000045776367,48.52000045776367,0.0,48.52000045776367
2019-04-05,48.68999862670898,48.68999862670898,48.68999862670898,48.68999862670898,0.0,48.68999862670898
2019-04-08,48.790000915527344,48.790000915527344,48.790000915527344,48.790000915527344,0.0,48.790000915527344
2019-04-09,48.72999954223633,48.72999954223633,48.72999954223633,48.72999954223633,0.0,48.72999954223633
2019-04-10,49.08000183105469,49.08000183105469,49.08000183105469,49.08000183105469,0.0,49.08000183105469
2019-04-11,49.02000045776367,49.02000045776367,49.02000045776367,49.02000045776367,0.0,49.02000045776367
2019-04-12,49.34000015258789,49.34000015258789,49.34000015258789,49.34000015258789,0.0,49.34000015258789
2019-04-15,49.369998931884766,49.369998931884766,49.369998931884766,49.369998931884766,0.0,49.369998931884766
2019-04-16,49.459999084472656,49.459999084472656,49.459999084472656,49.459999084472656,0.0,49.459999084472656
2019-04-17,49.400001525878906,49.400001525878906,49.400001525878906,49.400001525878906,0.0,49.400001525878906
2019-04-18,49.34000015258789,49.34000015258789,49.34000015258789,49.34000015258789,0.0,49.34000015258789
2019-04-23,50.27000045776367,50.27000045776367,50.27000045776367,50.27000045776367,0.0,50.27000045776367
2019-04-24,50.27000045776367,50.27000045776367,50.27000045776367,50.27000045776367,0.0,50.27000045776367
2019-04-25,50.38999938964844,50.38999938964844,50.38999938964844,50.38999938964844,0.0,50.38999938964844
2019-04-26,50.540000915527344,50.540000915527344,50.540000915527344,50.540000915527344,0.0,50.540000915527344
2019-04-29,50.83000183105469,50.83000183105469,50.83000183105469,50.83000183105469,0.0,50.83000183105469
2019-04-30,50.459999084472656,50.459999084472656,50.459999084472656,50.459999084472656,0.0,50.459999084472656
2019-05-01,50.06999969482422,50.06999969482422,50.06999969482422,50.06999969482422,0.0,50.06999969482422
2019-05-02,50.02999877929688,50.02999877929688,50.02999877929688,50.02999877929688,0.0,50.02999877929688
2019-05-03,50.52999877929688,50.52999877929688,50.52999877929688,50.52999877929688,0.0,50.52999877929688
2019-05-07,49.31999969482422,49.31999969482422,49.31999969482422,49.31999969482422,0.0,49.31999969482422
2019-05-08,49.220001220703125,49.220001220703125,49.220001220703125,49.220001220703125,0.0,49.220001220703125
2019-05-09,48.900001525878906,48.900001525878906,48.900001525878906,48.900001525878906,0.0,48.900001525878906
2019-05-10,49.11000061035156,49.11000061035156,49.11000061035156,49.11000061035156,0.0,49.11000061035156
2019-05-13,47.400001525878906,47.400001525878906,47.400001525878906,47.400001525878906,0.0,47.400001525878906
2019-05-14,47.9900016784668,47.9900016784668,47.9900016784668,47.9900016784668,0.0,47.9900016784668
2019-05-15,48.61000061035156,48.61000061035156,48.61000061035156,48.61000061035156,0.0,48.61000061035156
2019-05-16,48.84000015258789,48.84000015258789,48.84000015258789,48.84000015258789,0.0,48.84000015258789
2019-05-17,48.15999984741211,48.15999984741211,48.15999984741211,48.15999984741211,0.0,48.15999984741211
2019-05-20,47.20000076293945,47.20000076293945,47.20000076293945,47.20000076293945,0.0,47.20000076293945
2019-05-21,47.65999984741211,47.65999984741211,47.65999984741211,47.65999984741211,0.0,47.65999984741211
2019-05-22,47.41999816894531,47.41999816894531,47.41999816894531,47.41999816894531,0.0,47.41999816894531
2019-05-23,46.58000183105469,46.58000183105469,46.58000183105469,46.58000183105469,0.0,46.58000183105469
2019-05-24,46.61000061035156,46.61000061035156,46.61000061035156,46.61000061035156,0.0,46.61000061035156
2019-05-28,46.84000015258789,46.84000015258789,46.84000015258789,46.84000015258789,0.0,46.84000015258789
2019-05-29,46.2400016784668,46.2400016784668,46.2400016784668,46.2400016784668,0.0,46.2400016784668
2019-05-30,46.470001220703125,46.470001220703125,46.470001220703125,46.470001220703125,0.0,46.470001220703125
2019-05-31,46.040000915527344,46.040000915527344,46.040000915527344,46.040000915527344,0.0,46.040000915527344
2019-06-04,45.95000076293945,45.95000076293945,45.95000076293945,45.95000076293945,0.0,45.95000076293945
2019-06-05,46.52000045776367,46.52000045776367,46.52000045776367,46.52000045776367,0.0,46.52000045776367
2019-06-06,46.790000915527344,46.790000915527344,46.790000915527344,46.790000915527344,0.0,46.790000915527344
2019-06-07,47.56999969482422,47.56999969482422,47.56999969482422,47.56999969482422,0.0,47.56999969482422
2019-06-10,48.209999084472656,48.209999084472656,48.209999084472656,48.209999084472656,0.0,48.209999084472656
2019-06-11,48.08000183105469,48.08000183105469,48.08000183105469,48.08000183105469,0.0,48.08000183105469
2019-06-12,47.959999084472656,47.959999084472656,47.959999084472656,47.959999084472656,0.0,47.959999084472656
2019-06-13,47.95000076293945,47.95000076293945,47.95000076293945,47.95000076293945,0.0,47.95000076293945
2019-06-14,47.63999938964844,47.63999938964844,47.63999938964844,47.63999938964844,0.0,47.63999938964844
2019-06-17,47.7599983215332,47.7599983215332,47.7599983215332,47.7599983215332,0.0,47.7599983215332
2019-06-18,48.369998931884766,48.369998931884766,48.369998931884766,48.369998931884766,0.0,48.369998931884766
2019-06-19,48.900001525878906,48.900001525878906,48.900001525878906,48.900001525878906,0.0,48.900001525878906
2019-06-20,49.45000076293945,49.45000076293945,49.45000076293945,49.45000076293945,0.0,49.45000076293945
2019-06-21,49.22999954223633,49.22999954223633,49.22999954223633,49.22999954223633,0.0,49.22999954223633
2019-06-24,49.060001373291016,49.060001373291016,49.060001373291016,49.060001373291016,0.0,49.060001373291016
2019-06-25,48.16999816894531,48.16999816894531,48.16999816894531,48.16999816894531,0.0,48.16999816894531
2019-06-26,48.41999816894531,48.41999816894531,48.41999816894531,48.41999816894531,0.0,48.41999816894531
2019-06-27,49.0099983215332,49.0099983215332,49.0099983215332,49.0099983215332,0.0,49.0099983215332
2019-06-28,49.25,49.25,49.25,49.25,0.0,49.25
2019-07-01,49.88999938964844,49.88999938964844,49.88999938964844,49.88999938964844,0.0,49.88999938964844
2019-07-02,50.06999969482422,50.06999969482422,50.06999969482422,50.06999969482422,0.0,50.06999969482422
2019-07-03,50.220001220703125,50.220001220703125,50.220001220703125,50.220001220703125,0.0,50.220001220703125
2019-07-05,50.220001220703125,50.220001220703125,50.220001220703125,50.220001220703125,0.0,50.220001220703125
2019-07-08,49.869998931884766,49.869998931884766,49.869998931884766,49.869998931884766,0.0,49.869998931884766
2019-07-09,50.18999862670898,50.18999862670898,50.18999862670898,50.18999862670898,0.0,50.18999862670898
2019-07-10,50.54999923706055,50.54999923706055,50.54999923706055,50.54999923706055,0.0,50.54999923706055
2019-07-11,50.59999847412109,50.59999847412109,50.59999847412109,50.59999847412109,0.0,50.59999847412109
2019-07-12,50.72999954223633,50.72999954223633,50.72999954223633,50.72999954223633,0.0,50.72999954223633
2019-07-15,50.970001220703125,50.970001220703125,50.970001220703125,50.970001220703125,0.0,50.970001220703125
2019-07-16,50.68999862670898,50.68999862670898,50.68999862670898,50.68999862670898,0.0,50.68999862670898
2019-07-17,50.630001068115234,50.630001068115234,50.630001068115234,50.630001068115234,0.0,50.630001068115234
2019-07-18,50.58000183105469,50.58000183105469,50.58000183105469,50.58000183105469,0.0,50.58000183105469
2019-07-19,50.5,50.5,50.5,50.5,0.0,50.5
2019-07-22,50.95000076293945,50.95000076293945,50.95000076293945,50.95000076293945,0.0,50.95000076293945
2019-07-23,51.119998931884766,51.119998931884766,51.119998931884766,51.119998931884766,0.0,51.119998931884766
2019-07-24,51.7599983215332,51.7599983215332,51.7599983215332,51.7599983215332,0.0,51.7599983215332
2019-07-25,51.5099983215332,51.5099983215332,51.5099983215332,51.5099983215332,0.0,51.5099983215332
2019-07-26,51.9900016784668,51.9900016784668,51.9900016784668,51.9900016784668,0.0,51.9900016784668
2019-07-29,51.459999084472656,51.459999084472656,51.459999084472656,51.459999084472656,0.0,51.459999084472656
2019-07-30,51.47999954223633,51.47999954223633,51.47999954223633,51.47999954223633,0.0,51.47999954223633
2019-07-31,50.58000183105469,50.58000183105469,50.58000183105469,50.58000183105469,0.0,50.58000183105469
2019-08-01,50.45000076293945,50.45000076293945,50.45000076293945,50.45000076293945,0.0,50.45000076293945
2019-08-02,49.5099983215332,49.5099983215332,49.5099983215332,49.5099983215332,0.0,49.5099983215332
2019-08-06,48.2599983215332,48.2599983215332,48.2599983215332,48.2599983215332,0.0,48.2599983215332
2019-08-07,48.47999954223633,48.47999954223633,48.47999954223633,48.47999954223633,0.0,48.47999954223633
2019-08-08,49.83000183105469,49.83000183105469,49.83000183105469,49.83000183105469,0.0,49.83000183105469
2019-08-09,49.220001220703125,49.220001220703125,49.220001220703125,49.220001220703125,0.0,49.220001220703125
2019-08-12,48.58000183105469,48.58000183105469,48.58000183105469,48.58000183105469,0.0,48.58000183105469
2019-08-13,49.310001373291016,49.310001373291016,49.310001373291016,49.310001373291016,0.0,49.310001373291016
2019-08-14,48.15999984741211,48.15999984741211,48.15999984741211,48.15999984741211,0.0,48.15999984741211
2019-08-15,48.06999969482422,48.06999969482422,48.06999969482422,48.06999969482422,0.0,48.06999969482422
2019-08-16,48.81999969482422,48.81999969482422,48.81999969482422,48.81999969482422,0.0,48.81999969482422
2019-08-19,49.31999969482422,49.31999969482422,49.31999969482422,49.31999969482422,0.0,49.31999969482422
2019-08-20,49.2599983215332,49.2599983215332,49.2599983215332,49.2599983215332,0.0,49.2599983215332
2019-08-21,49.79999923706055,49.79999923706055,49.79999923706055,49.79999923706055,0.0,49.79999923706055
2019-08-22,49.70000076293945,49.70000076293945,49.70000076293945,49.70000076293945,0.0,49.70000076293945
2019-08-23,48.63999938964844,48.63999938964844,48.63999938964844,48.63999938964844,0.0,48.63999938964844
2019-08-27,48.95000076293945,48.95000076293945,48.95000076293945,48.95000076293945,0.0,48.95000076293945
2019-08-28,48.7400016784668,48.7400016784668,48.7400016784668,48.7400016784668,0.0,48.7400016784668
2019-08-29,49.43000030517578,49.43000030517578,49.43000030517578,49.43000030517578,0.0,49.43000030517578
2019-08-30,49.4900016784668,49.4900016784668,49.4900016784668,49.4900016784668,0.0,49.4900016784668
2019-09-03,48.88999938964844,48.88999938964844,48.88999938964844,48.88999938964844,0.0,48.88999938964844
2019-09-04,49.47999954223633,49.47999954223633,49.47999954223633,49.47999954223633,0.0,49.47999954223633
2019-09-05,50.41999816894531,50.41999816894531,50.41999816894531,50.41999816894531,0.0,50.41999816894531
2019-09-06,50.13999938964844,50.13999938964844,50.13999938964844,50.13999938964844,0.0,50.13999938964844
2019-09-09,49.61000061035156,49.61000061035156,49.61000061035156,49.61000061035156,0.0,49.61000061035156
2019-09-10,49.290000915527344,49.290000915527344,49.290000915527344,49.290000915527344,0.0,49.290000915527344
2019-09-11,49.70000076293945,49.70000076293945,49.70000076293945,49.70000076293945,0.0,49.70000076293945
2019-09-12,49.970001220703125,49.970001220703125,49.970001220703125,49.970001220703125,0.0,49.970001220703125
2019-09-13,49.7599983215332,49.7599983215332,49.7599983215332,49.7599983215332,0.0,49.7599983215332
2019-09-16,49.72999954223633,49.72999954223633,49.72999954223633,49.72999954223633,0.0,49.72999954223633
2019-09-17,50.04999923706055,50.04999923706055,50.04999923706055,50.04999923706055,0.0,50.04999923706055
2019-09-18,50.08000183105469,50.08000183105469,50.08000183105469,50.08000183105469,0.0,50.08000183105469
2019-09-19,50.25,50.25,50.25,50.25,0.0,50.25
2019-09-20,49.93999862670898,49.93999862670898,49.93999862670898,49.93999862670898,0.0,49.93999862670898
2019-09-23,49.81999969482422,49.81999969482422,49.81999969482422,49.81999969482422,0.0,49.81999969482422
2019-09-24,49.060001373291016,49.060001373291016,49.060001373291016,49.060001373291016,0.0,49.060001373291016
2019-09-25,49.38999938964844,49.38999938964844,49.38999938964844,49.38999938964844,0.0,49.38999938964844
2019-09-26,49.43000030517578,49.43000030517578,49.43000030517578,49.43000030517578,0.0,49.43000030517578
2019-09-27,48.630001068115234,48.630001068115234,48.630001068115234,48.630001068115234,0.0,48.630001068115234
2019-09-30,48.900001525878906,48.900001525878906,48.900001525878906,48.900001525878906,0.0,48.900001525878906
2019-10-01,48.650001525878906,48.650001525878906,48.650001525878906,48.650001525878906,0.0,48.650001525878906
2019-10-02,47.90999984741211,47.90999984741211,47.90999984741211,47.90999984741211,0.0,47.90999984741211
2019-10-03,48.61000061035156,48.61000061035156,48.61000061035156,48.61000061035156,0.0,48.61000061035156
2019-10-04,49.33000183105469,49.33000183105469,49.33000183105469,49.33000183105469,0.0,49.33000183105469
2019-10-07,49.29999923706055,49.29999923706055,49.29999923706055,49.29999923706055,0.0,49.29999923706055
2019-10-08,48.45000076293945,48.45000076293945,48.45000076293945,48.45000076293945,0.0,48.45000076293945
2019-10-09,48.900001525878906,48.900001525878906,48.900001525878906,48.900001525878906,0.0,48.900001525878906
2019-10-10,48.93999862670898,48.93999862670898,48.93999862670898,48.93999862670898,0.0,48.93999862670898
2019-10-11,49.790000915527344,49.790000915527344,49.790000915527344,49.790000915527344,0.0,49.790000915527344
2019-10-15,50.38999938964844,50.38999938964844,50.38999938964844,50.38999938964844,0.0,50.38999938964844
2019-10-16,49.93000030517578,49.93000030517578,49.93000030517578,49.93000030517578,0.0,49.93000030517578
2019-10-17,49.95000076293945,49.95000076293945,49.95000076293945,49.95000076293945,0.0,49.95000076293945
2019-10-18,49.2599983215332,49.2599983215332,49.2599983215332,49.2599983215332,0.0,49.2599983215332
2019-10-21,49.68999862670898,49.68999862670898,49.68999862670898,49.68999862670898,0.0,49.68999862670898
2019-10-22,49.150001525878906,49.150001525878906,49.150001525878906,49.150001525878906,0.0,49.150001525878906
2019-10-23,49.2400016784668,49.2400016784668,49.2400016784668,49.2400016784668,0.0,49.2400016784668
2019-10-24,49.970001220703125,49.970001220703125,49.970001220703125,49.970001220703125,0.0,49.970001220703125
2019-10-25,50.290000915527344,50.290000915527344,50.290000915527344,50.290000915527344,0.0,50.290000915527344
2019-10-29,50.47999954223633,50.47999954223633,50.47999954223633,50.47999954223633,0.0,50.47999954223633
2019-10-30,50.7599983215332,50.7599983215332,50.7599983215332,50.7599983215332,0.0,50.7599983215332
2019-10-31,50.59999847412109,50.59999847412109,50.59999847412109,50.59999847412109,0.0,50.59999847412109
2019-11-01,51.06999969482422,51.06999969482422,51.06999969482422,51.06999969482422,0.0,51.06999969482422
2019-11-04,51.31999969482422,51.31999969482422,51.31999969482422,51.31999969482422,0.0,51.31999969482422
2019-11-05,51.45000076293945,51.45000076293945,51.45000076293945,51.45000076293945,0.0,51.45000076293945
2019-11-06,51.34000015258789,51.34000015258789,51.34000015258789,51.34000015258789,0.0,51.34000015258789
2019-11-07,51.52000045776367,51.52000045776367,51.52000045776367,51.52000045776367,0.0,51.52000045776367
2019-11-08,51.650001525878906,51.650001525878906,51.650001525878906,51.650001525878906,0.0,51.650001525878906
2019-11-12,51.959999084472656,51.959999084472656,51.959999084472656,51.959999084472656,0.0,51.959999084472656
2019-11-13,52.02000045776367,52.02000045776367,52.02000045776367,52.02000045776367,0.0,52.02000045776367
2019-11-14,52.0099983215332,52.0099983215332,52.0099983215332,52.0099983215332,0.0,52.0099983215332
2019-11-15,52.58000183105469,52.58000183105469,52.58000183105469,52.58000183105469,0.0,52.58000183105469
2019-11-18,52.790000915527344,52.790000915527344,52.790000915527344,52.790000915527344,0.0,52.790000915527344
2019-11-19,52.95000076293945,52.95000076293945,52.95000076293945,52.95000076293945,0.0,52.95000076293945
2019-11-20,52.68999862670898,52.68999862670898,52.68999862670898,52.68999862670898,0.0,52.68999862670898
2019-11-21,52.34999847412109,52.34999847412109,52.34999847412109,52.34999847412109,0.0,52.34999847412109
2019-11-22,52.380001068115234,52.380001068115234,52.380001068115234,52.380001068115234,0.0,52.380001068115234
2019-11-25,52.9900016784668,52.9900016784668,52.9900016784668,52.9900016784668,0.0,52.9900016784668
2019-11-26,53.20000076293945,53.20000076293945,53.20000076293945,53.20000076293945,0.0,53.20000076293945
2019-11-27,53.59000015258789,53.59000015258789,53.59000015258789,53.59000015258789,0.0,53.59000015258789
2019-11-29,53.2599983215332,53.2599983215332,53.2599983215332,53.2599983215332,0.0,53.2599983215332
2019-12-02,52.52999877929688,52.52999877929688,52.52999877929688,52.52999877929688,0.0,52.52999877929688
2019-12-03,52.369998931884766,52.369998931884766,52.369998931884766,52.369998931884766,0.0,52.369998931884766
2019-12-04,52.31999969482422,52.31999969482422,52.31999969482422,52.31999969482422,0.0,52.31999969482422
2019-12-05,52.5099983215332,52.5099983215332,52.5099983215332,52.5099983215332,0.0,52.5099983215332
2019-12-06,52.869998931884766,52.869998931884766,52.869998931884766,52.869998931884766,0.0,52.869998931884766
2019-12-09,52.66999816894531,52.66999816894531,52.66999816894531,52.66999816894531,0.0,52.66999816894531
2019-12-10,52.59999847412109,52.59999847412109,52.59999847412109,52.59999847412109,0.0,52.59999847412109
2019-12-11,52.77999877929688,52.77999877929688,52.77999877929688,52.77999877929688,0.0,52.77999877929688
2019-12-12,53.27000045776367,53.27000045776367,53.27000045776367,53.27000045776367,0.0,53.27000045776367
2019-12-13,53.810001373291016,53.810001373291016,53.810001373291016,53.810001373291016,0.0,53.810001373291016
2019-12-16,54.34000015258789,54.34000015258789,54.34000015258789,54.34000015258789,0.0,54.34000015258789
2019-12-17,54.380001068115234,54.380001068115234,54.380001068115234,54.380001068115234,0.0,54.380001068115234
2019-12-18,54.38999938964844,54.38999938964844,54.38999938964844,54.38999938964844,0.0,54.38999938964844
2019-12-19,54.619998931884766,54.619998931884766,54.619998931884766,54.619998931884766,0.0,54.619998931884766
2019-12-20,54.869998931884766,54.869998931884766,54.869998931884766,54.869998931884766,0.0,54.869998931884766
2019-12-23,54.93999862670898,54.93999862670898,54.93999862670898,54.93999862670898,0.0,54.93999862670898
2019-12-24,54.97999954223633,54.97999954223633,54.97999954223633,54.97999954223633,0.0,54.97999954223633
2019-12-30,55.0,55.0,55.0,55.0,0.0,55.0
2019-12-31,55.060001373291016,55.060001373291016,55.060001373291016,55.060001373291016,0.0,55.060001373291016
2020-01-02,56.25,56.25,56.25,56.25,0.0,56.25
2020-01-03,55.84999847412109,55.84999847412109,55.84999847412109,55.84999847412109,0.0,55.84999847412109
2020-01-06,56.09999847412109,56.09999847412109,56.09999847412109,56.09999847412109,0.0,56.09999847412109
2020-01-07,56.31999969482422,56.31999969482422,56.31999969482422,56.31999969482422,0.0,56.31999969482422
2020-01-08,56.79999923706055,56.79999923706055,56.79999923706055,56.79999923706055,0.0,56.79999923706055
2020-01-09,57.68000030517578,57.68000030517578,57.68000030517578,57.68000030517578,0.0,57.68000030517578
2020-01-10,57.790000915527344,57.790000915527344,57.790000915527344,57.790000915527344,0.0,57.790000915527344
2020-01-13,58.470001220703125,58.470001220703125,58.470001220703125,58.470001220703125,0.0,58.470001220703125
2020-01-14,58.29999923706055,58.29999923706055,58.29999923706055,58.29999923706055,0.0,58.29999923706055
2020-01-15,58.31999969482422,58.31999969482422,58.31999969482422,58.31999969482422,0.0,58.31999969482422
2020-01-16,58.84000015258789,58.84000015258789,58.84000015258789,58.84000015258789,0.0,58.84000015258789
2020-01-17,59.15999984741211,59.15999984741211,59.15999984741211,59.15999984741211,0.0,59.15999984741211
2020-01-21,59.0099983215332,59.0099983215332,59.0099983215332,59.0099983215332,0.0,59.0099983215332
2020-01-22,59.150001525878906,59.150001525878906,59.150001525878906,59.150001525878906,0.0,59.150001525878906
2020-01-23,59.130001068115234,59.130001068115234,59.130001068115234,59.130001068115234,0.0,59.130001068115234
2020-01-24,58.83000183105469,58.83000183105469,58.83000183105469,58.83000183105469,0.0,58.83000183105469
2020-01-27,57.630001068115234,57.630001068115234,57.630001068115234,57.630001068115234,0.0,57.630001068115234
2020-01-28,58.36000061035156,58.36000061035156,58.36000061035156,58.36000061035156,0.0,58.36000061035156
2020-01-29,58.400001525878906,58.400001525878906,58.400001525878906,58.400001525878906,0.0,58.400001525878906
2020-01-30,58.20000076293945,58.20000076293945,58.20000076293945,58.20000076293945,0.0,58.20000076293945
2020-01-31,57.25,57.25,57.25,57.25,0.0,57.25
2020-02-03,58.0099983215332,58.0099983215332,58.0099983215332,58.0099983215332,0.0,58.0099983215332
2020-02-04,59.33000183105469,59.33000183105469,59.33000183105469,59.33000183105469,0.0,59.33000183105469
2020-02-05,59.06999969482422,59.06999969482422,59.06999969482422,59.06999969482422,0.0,59.06999969482422
2020-02-06,59.59999847412109,59.59999847412109,59.59999847412109,59.59999847412109,0.0,59.59999847412109
2020-02-07,59.43999862670898,59.43999862670898,59.43999862670898,59.43999862670898,0.0,59.43999862670898
2020-02-10,60.0,60.0,60.0,60.0,0.0,60.0
2020-02-11,60.040000915527344,60.040000915527344,60.040000915527344,60.040000915527344,0.0,60.040000915527344
2020-02-12,60.66999816894531,60.66999816894531,60.66999816894531,60.66999816894531,0.0,60.66999816894531
2020-02-13,60.709999084472656,60.709999084472656,60.709999084472656,60.709999084472656,0.0,60.709999084472656
2020-02-14,60.880001068115234,60.880001068115234,60.880001068115234,60.880001068115234,0.0,60.880001068115234
2020-02-18,60.5,60.5,60.5,60.5,0.0,60.5
2020-02-19,61.22999954223633,61.22999954223633,61.22999954223633,61.22999954223633,0.0,61.22999954223633
2020-02-20,60.720001220703125,60.720001220703125,60.720001220703125,60.720001220703125,0.0,60.720001220703125
2020-02-21,59.41999816894531,59.41999816894531,59.41999816894531,59.41999816894531,0.0,59.41999816894531
2020-02-24,57.5099983215332,57.5099983215332,57.5099983215332,57.5099983215332,0.0,57.5099983215332
2020-02-25,56.47999954223633,56.47999954223633,56.47999954223633,56.47999954223633,0.0,56.47999954223633
2020-02-26,56.560001373291016,56.560001373291016,56.560001373291016,56.560001373291016,0.0,56.560001373291016
2020-02-27,54.70000076293945,54.70000076293945,54.70000076293945,54.70000076293945,0.0,54.70000076293945
2020-02-28,55.209999084472656,55.209999084472656,55.209999084472656,55.209999084472656,0.0,55.209999084472656
2020-03-02,56.790000915527344,56.790000915527344,56.790000915527344,56.790000915527344,0.0,56.790000915527344
2020-03-03,55.459999084472656,55.459999084472656,55.459999084472656,55.459999084472656,0.0,55.459999084472656
2020-03-04,56.93999862670898,56.93999862670898,56.93999862670898,56.93999862670898,0.0,56.93999862670898
2020-03-05,55.93000030517578,55.93000030517578,55.93000030517578,55.93000030517578,0.0,55.93000030517578
2020-03-06,54.84999847412109,54.84999847412109,54.84999847412109,54.84999847412109,0.0,54.84999847412109
2020-03-09,51.369998931884766,51.369998931884766,51.369998931884766,51.369998931884766,0.0,51.369998931884766
2020-03-10,53.380001068115234,53.380001068115234,53.380001068115234,53.380001068115234,0.0,53.380001068115234
2020-03-11,51.31999969482422,51.31999969482422,51.31999969482422,51.31999969482422,0.0,51.31999969482422
2020-03-12,47.68000030517578,47.68000030517578,47.68000030517578,47.68000030517578,0.0,47.68000030517578
2020-03-13,50.36000061035156,50.36000061035156,50.36000061035156,50.36000061035156,0.0,50.36000061035156
2020-03-16,45.63999938964844,45.63999938964844,45.63999938964844,45.63999938964844,0.0,45.63999938964844
2020-03-18,46.41999816894531,46.41999816894531,46.41999816894531,46.41999816894531,0.0,46.41999816894531
2020-03-19,46.9900016784668,46.9900016784668,46.9900016784668,46.9900016784668,0.0,46.9900016784668
2020-03-20,46.25,46.25,46.25,46.25,0.0,46.25
2020-03-23,46.52000045776367,46.52000045776367,46.52000045776367,46.52000045776367,0.0,46.52000045776367
2020-03-24,49.95000076293945,49.95000076293945,49.95000076293945,49.95000076293945,0.0,49.95000076293945
2020-03-25,49.68999862670898,49.68999862670898,49.68999862670898,49.68999862670898,0.0,49.68999862670898
2020-03-26,51.90999984741211,51.90999984741211,51.90999984741211,51.90999984741211,0.0,51.90999984741211
2020-03-27,50.52999877929688,50.52999877929688,50.52999877929688,50.52999877929688,0.0,50.52999877929688
2020-03-30,51.650001525878906,51.650001525878906,51.650001525878906,51.650001525878906,0.0,51.650001525878906
2020-03-31,51.09000015258789,51.09000015258789,51.09000015258789,51.09000015258789,0.0,51.09000015258789
2020-04-01,49.20000076293945,49.20000076293945,49.20000076293945,49.20000076293945,0.0,49.20000076293945
2020-04-02,49.52000045776367,49.52000045776367,49.52000045776367,49.52000045776367,0.0,49.52000045776367
2020-04-03,48.93000030517578,48.93000030517578,48.93000030517578,48.93000030517578,0.0,48.93000030517578
2020-04-06,51.970001220703125,51.970001220703125,51.970001220703125,51.970001220703125,0.0,51.970001220703125
2020-04-07,51.970001220703125,51.970001220703125,51.970001220703125,51.970001220703125,0.0,51.970001220703125
2020-04-08,53.13999938964844,53.13999938964844,53.13999938964844,53.13999938964844,0.0,53.13999938964844
2020-04-09,53.209999084472656,53.209999084472656,53.209999084472656,53.209999084472656,0.0,53.209999084472656
2020-04-14,55.77000045776367,55.77000045776367,55.77000045776367,55.77000045776367,0.0,55.77000045776367
2020-04-15,55.400001525878906,55.400001525878906,55.400001525878906,55.400001525878906,0.0,55.400001525878906
2020-04-16,56.400001525878906,56.400001525878906,56.400001525878906,56.400001525878906,0.0,56.400001525878906
2020-04-17,56.95000076293945,56.95000076293945,56.95000076293945,56.95000076293945,0.0,56.95000076293945
2020-04-20,56.959999084472656,56.959999084472656,56.959999084472656,56.959999084472656,0.0,56.959999084472656
2020-04-21,54.88999938964844,54.88999938964844,54.88999938964844,54.88999938964844,0.0,54.88999938964844
2020-04-22,56.41999816894531,56.41999816894531,56.41999816894531,56.41999816894531,0.0,56.41999816894531
2020-04-23,56.20000076293945,56.20000076293945,56.20000076293945,56.20000076293945,0.0,56.20000076293945
2020-04-24,56.63999938964844,56.63999938964844,56.63999938964844,56.63999938964844,0.0,56.63999938964844
2020-04-27,57.18000030517578,57.18000030517578,57.18000030517578,57.18000030517578,0.0,57.18000030517578
2020-04-28,56.38999938964844,56.38999938964844,56.38999938964844,56.38999938964844,0.0,56.38999938964844
2020-04-29,58.18000030517578,58.18000030517578,58.18000030517578,58.18000030517578,0.0,58.18000030517578
2020-04-30,58.150001525878906,58.150001525878906,58.150001525878906,58.150001525878906,0.0,58.150001525878906
2020-05-01,56.630001068115234,56.630001068115234,56.630001068115234,56.630001068115234,0.0,56.630001068115234
2020-05-05,57.83000183105469,57.83000183105469,57.83000183105469,57.83000183105469,0.0,57.83000183105469
2020-05-06,58.59000015258789,58.59000015258789,58.59000015258789,58.59000015258789,0.0,58.59000015258789
2020-05-07,59.75,59.75,59.75,59.75,0.0,59.75
2020-05-11,61.2400016784668,61.2400016784668,61.2400016784668,61.2400016784668,0.0,61.2400016784668
2020-05-12,60.52000045776367,60.52000045776367,60.52000045776367,60.52000045776367,0.0,60.52000045776367
2020-05-13,59.869998931884766,59.869998931884766,59.869998931884766,59.869998931884766,0.0,59.869998931884766
2020-05-14,59.90999984741211,59.90999984741211,59.90999984741211,59.90999984741211,0.0,59.90999984741211
2020-05-15,60.31999969482422,60.31999969482422,60.31999969482422,60.31999969482422,0.0,60.31999969482422
2020-05-18,60.97999954223633,60.97999954223633,60.97999954223633,60.97999954223633,0.0,60.97999954223633
2020-05-19,61.470001220703125,61.470001220703125,61.470001220703125,61.470001220703125,0.0,61.470001220703125
2020-05-20,62.79999923706055,62.79999923706055,62.79999923706055,62.79999923706055,0.0,62.79999923706055
2020-05-21,62.130001068115234,62.130001068115234,62.130001068115234,62.130001068115234,0.0,62.130001068115234
2020-05-22,62.22999954223633,62.22999954223633,62.22999954223633,62.22999954223633,0.0,62.22999954223633
2020-05-26,62.2599983215332,62.2599983215332,62.2599983215332,62.2599983215332,0.0,62.2599983215332
2020-05-27,62.0099983215332,62.0099983215332,62.0099983215332,62.0099983215332,0.0,62.0099983215332
2020-05-28,62.02000045776367,62.02000045776367,62.02000045776367,62.02000045776367,0.0,62.02000045776367
2020-05-29,62.91999816894531,62.91999816894531,62.91999816894531,62.91999816894531,0.0,62.91999816894531
2020-06-02,64.13999938964844,64.13999938964844,64.13999938964844,64.13999938964844,0.0,64.13999938964844
2020-06-03,64.45999908447266,64.45999908447266,64.45999908447266,64.45999908447266,0.0,64.45999908447266
2020-06-04,63.65999984741211,63.65999984741211,63.65999984741211,63.65999984741211,0.0,63.65999984741211
2020-06-05,64.51000213623047,64.51000213623047,64.51000213623047,64.51000213623047,0.0,64.51000213623047
2020-06-08,64.69999694824219,64.69999694824219,64.69999694824219,64.69999694824219,0.0,64.69999694824219
2020-06-09,65.25,65.25,65.25,65.25,0.0,65.25
2020-06-10,66.08000183105469,66.08000183105469,66.08000183105469,66.08000183105469,0.0,66.08000183105469
2020-06-11,63.38999938964844,63.38999938964844,63.38999938964844,63.38999938964844,0.0,63.38999938964844
2020-06-12,63.7599983215332,63.7599983215332,63.7599983215332,63.7599983215332,0.0,63.7599983215332
2020-06-15,64.25,64.25,64.25,64.25,0.0,64.25
2020-06-16,65.54000091552734,65.54000091552734,65.54000091552734,65.54000091552734,0.0,65.54000091552734
2020-06-17,65.88999938964844,65.88999938964844,65.88999938964844,65.88999938964844,0.0,65.88999938964844
2020-06-18,66.2699966430664,66.2699966430664,66.2699966430664,66.2699966430664,0.0,66.2699966430664
2020-06-19,66.22000122070312,66.22000122070312,66.22000122070312,66.22000122070312,0.0,66.22000122070312
2020-06-22,67.29000091552734,67.29000091552734,67.29000091552734,67.29000091552734,0.0,67.29000091552734
2020-06-23,68.01000213623047,68.01000213623047,68.01000213623047,68.01000213623047,0.0,68.01000213623047
2020-06-24,66.80999755859375,66.80999755859375,66.80999755859375,66.80999755859375,0.0,66.80999755859375
2020-06-25,67.43000030517578,67.43000030517578,67.43000030517578,67.43000030517578,0.0,67.43000030517578
2020-06-26,66.27999877929688,66.27999877929688,66.27999877929688,66.27999877929688,0.0,66.27999877929688
2020-06-29,66.29000091552734,66.29000091552734,66.29000091552734,66.29000091552734,0.0,66.29000091552734
2020-06-30,67.43000030517578,67.43000030517578,67.43000030517578,67.43000030517578,0.0,67.43000030517578
2020-07-01,68.1500015258789,68.1500015258789,68.1500015258789,68.1500015258789,0.0,68.1500015258789
2020-07-02,68.4800033569336,68.4800033569336,68.4800033569336,68.4800033569336,0.0,68.4800033569336
2020-07-06,70.05999755859375,70.05999755859375,70.05999755859375,70.05999755859375,0.0,70.05999755859375
2020-07-07,69.66999816894531,69.66999816894531,69.66999816894531,69.66999816894531,0.0,69.66999816894531
2020-07-08,71.08000183105469,71.08000183105469,71.08000183105469,71.08000183105469,0.0,71.08000183105469
2020-07-09,71.87999725341797,71.87999725341797,71.87999725341797,71.87999725341797,0.0,71.87999725341797
2020-07-10,71.77999877929688,71.77999877929688,71.77999877929688,71.77999877929688,0.0,71.77999877929688
2020-07-13,70.04000091552734,70.04000091552734,70.04000091552734,70.04000091552734,0.0,70.04000091552734
2020-07-14,70.20999908447266,70.20999908447266,70.20999908447266,70.20999908447266,0.0,70.20999908447266
2020-07-15,70.55000305175781,70.55000305175781,70.55000305175781,70.55000305175781,0.0,70.55000305175781
2020-07-16,69.5999984741211,69.5999984741211,69.5999984741211,69.5999984741211,0.0,69.5999984741211
2020-07-17,69.94999694824219,69.94999694824219,69.94999694824219,69.94999694824219,0.0,69.94999694824219
2020-07-20,71.88999938964844,71.88999938964844,71.88999938964844,71.88999938964844,0.0,71.88999938964844
2020-07-21,71.66000366210938,71.66000366210938,71.66000366210938,71.66000366210938,0.0,71.66000366210938
2020-07-22,71.81999969482422,71.81999969482422,71.81999969482422,71.81999969482422,0.0,71.81999969482422
2020-07-23,70.55999755859375,70.55999755859375,70.55999755859375,70.55999755859375,0.0,70.55999755859375
2020-07-24,70.25,70.25,70.25,70.25,0.0,70.25
2020-07-27,71.43000030517578,71.43000030517578,71.43000030517578,71.43000030517578,0.0,71.43000030517578
2020-07-28,70.87000274658203,70.87000274658203,70.87000274658203,70.87000274658203,0.0,70.87000274658203
2020-07-29,71.87999725341797,71.87999725341797,71.87999725341797,71.87999725341797,0.0,71.87999725341797
2020-07-30,72.20999908447266,72.20999908447266,72.20999908447266,72.20999908447266,0.0,72.20999908447266
2020-07-31,72.97000122070312,72.97000122070312,72.97000122070312,72.97000122070312,0.0,72.97000122070312
2020-08-04,74.6500015258789,74.6500015258789,74.6500015258789,74.6500015258789,0.0,74.6500015258789
2020-08-05,75.19000244140625,75.19000244140625,75.19000244140625,75.19000244140625,0.0,75.19000244140625
2020-08-06,75.73999786376953,75.73999786376953,75.73999786376953,75.73999786376953,0.0,75.73999786376953
2020-08-07,74.23999786376953,74.23999786376953,74.23999786376953,74.23999786376953,0.0,74.23999786376953
2020-08-10,73.44000244140625,73.44000244140625,73.44000244140625,73.44000244140625,0.0,73.44000244140625
2020-08-11,72.41999816894531,72.41999816894531,72.41999816894531,72.41999816894531,0.0,72.41999816894531
2020-08-12,73.5199966430664,73.5199966430664,73.5199966430664,73.5199966430664,0.0,73.5199966430664
2020-08-13,73.95999908447266,73.95999908447266,73.95999908447266,73.95999908447266,0.0,73.95999908447266
2020-08-14,73.70999908447266,73.70999908447266,73.70999908447266,73.70999908447266,0.0,73.70999908447266
2020-08-17,74.2300033569336,74.2300033569336,74.2300033569336,74.2300033569336,0.0,74.2300033569336
2020-08-18,74.72000122070312,74.72000122070312,74.72000122070312,74.72000122070312,0.0,74.72000122070312
2020-08-19,74.33000183105469,74.33000183105469,74.33000183105469,74.33000183105469,0.0,74.33000183105469
2020-08-20,74.9000015258789,74.9000015258789,74.9000015258789,74.9000015258789,0.0,74.9000015258789
2020-08-21,75.43000030517578,75.43000030517578,75.43000030517578,75.43000030517578,0.0,75.43000030517578
2020-08-24,76.02999877929688,76.02999877929688,76.02999877929688,76.02999877929688,0.0,76.02999877929688
2020-08-25,76.73999786376953,76.73999786376953,76.73999786376953,76.73999786376953,0.0,76.73999786376953
2020-08-26,78.9800033569336,78.9800033569336,78.9800033569336,78.9800033569336,0.0,78.9800033569336
2020-08-27,78.43000030517578,78.43000030517578,78.43000030517578,78.43000030517578,0.0,78.43000030517578
2020-08-28,78.76000213623047,78.76000213623047,78.76000213623047,78.76000213623047,0.0,78.76000213623047
2020-09-01,80.72000122070312,80.72000122070312,80.72000122070312,80.72000122070312,0.0,80.72000122070312
2020-09-02,81.33000183105469,81.33000183105469,81.33000183105469,81.33000183105469,0.0,81.33000183105469
2020-09-03,77.68000030517578,77.68000030517578,77.68000030517578,77.68000030517578,0.0,77.68000030517578
2020-09-04,76.05999755859375,76.05999755859375,76.05999755859375,76.05999755859375,0.0,76.05999755859375
2020-09-08,73.88999938964844,73.88999938964844,73.88999938964844,73.88999938964844,0.0,73.88999938964844
2020-09-09,75.18000030517578,75.18000030517578,75.18000030517578,75.18000030517578,0.0,75.18000030517578
2020-09-10,74.27999877929688,74.27999877929688,74.27999877929688,74.27999877929688,0.0,74.27999877929688
2020-09-11,73.80999755859375,73.80999755859375,73.80999755859375,73.80999755859375,0.0,73.80999755859375
2020-09-14,74.79000091552734,74.79000091552734,74.79000091552734,74.79000091552734,0.0,74.79000091552734
2020-09-15,75.62999725341797,75.62999725341797,75.62999725341797,75.62999725341797,0.0,75.62999725341797
2020-09-16,74.94000244140625,74.94000244140625,74.94000244140625,74.94000244140625,0.0,74.94000244140625
2020-09-17,74.12000274658203,74.12000274658203,74.12000274658203,74.12000274658203,0.0,74.12000274658203
2020-09-18,73.9000015258789,73.9000015258789,73.9000015258789,73.9000015258789,0.0,73.9000015258789
2020-09-21,74.38999938964844,74.38999938964844,74.38999938964844,74.38999938964844,0.0,74.38999938964844
2020-09-22,75.12000274658203,75.12000274658203,75.12000274658203,75.12000274658203,0.0,75.12000274658203
2020-09-23,73.70999908447266,73.70999908447266,73.70999908447266,73.70999908447266,0.0,73.70999908447266
2020-09-24,73.44000244140625,73.44000244140625,73.44000244140625,73.44000244140625,0.0,73.44000244140625
2020-09-25,74.62000274658203,74.62000274658203,74.62000274658203,74.62000274658203,0.0,74.62000274658203
2020-09-28,75.70999908447266,75.70999908447266,75.70999908447266,75.70999908447266,0.0,75.70999908447266
2020-09-29,76.02999877929688,76.02999877929688,76.02999877929688,76.02999877929688,0.0,76.02999877929688
2020-09-30,76.37000274658203,76.37000274658203,76.37000274658203,76.37000274658203,0.0,76.37000274658203
2020-10-01,77.41999816894531,77.41999816894531,77.41999816894531,77.41999816894531,0.0,77.41999816894531
2020-10-02,76.13999938964844,76.13999938964844,76.13999938964844,76.13999938964844,0.0,76.13999938964844
2020-10-05,77.44999694824219,77.44999694824219,77.44999694824219,77.44999694824219,0.0,77.44999694824219
2020-10-06,76.9000015258789,76.9000015258789,76.9000015258789,76.9000015258789,0.0,76.9000015258789
2020-10-07,78.16000366210938,78.16000366210938,78.16000366210938,78.16000366210938,0.0,78.16000366210938
2020-10-08,78.37000274658203,78.37000274658203,78.37000274658203,78.37000274658203,0.0,78.37000274658203
2020-10-09,79.55999755859375,79.55999755859375,79.55999755859375,79.55999755859375,0.0,79.55999755859375
2020-10-13,81.69000244140625,81.69000244140625,81.69000244140625,81.69000244140625,0.0,81.69000244140625
2020-10-14,81.18000030517578,81.18000030517578,81.18000030517578,81.18000030517578,0.0,81.18000030517578
2020-10-15,80.58000183105469,80.58000183105469,80.58000183105469,80.58000183105469,0.0,80.58000183105469
2020-10-16,80.48999786376953,80.48999786376953,80.48999786376953,80.48999786376953,0.0,80.48999786376953
2020-10-19,79.94999694824219,79.94999694824219,79.94999694824219,79.94999694824219,0.0,79.94999694824219
2020-10-20,80.05999755859375,80.05999755859375,80.05999755859375,80.05999755859375,0.0,80.05999755859375
2020-10-21,80.1500015258789,80.1500015258789,80.1500015258789,80.1500015258789,0.0,80.1500015258789
2020-10-22,79.94000244140625,79.94000244140625,79.94000244140625,79.94000244140625,0.0,79.94000244140625
2020-10-23,80.44999694824219,80.44999694824219,80.44999694824219,80.44999694824219,0.0,80.44999694824219
2020-10-27,79.81999969482422,79.81999969482422,79.81999969482422,79.81999969482422,0.0,79.81999969482422
2020-10-28,77.7699966430664,77.7699966430664,77.7699966430664,77.7699966430664,0.0,77.7699966430664
2020-10-29,78.61000061035156,78.61000061035156,78.61000061035156,78.61000061035156,0.0,78.61000061035156
2020-10-30,76.79000091552734,76.79000091552734,76.79000091552734,76.79000091552734,0.0,76.79000091552734
2020-11-02,76.94999694824219,76.94999694824219,76.94999694824219,76.94999694824219,0.0,76.94999694824219
2020-11-03,77.56999969482422,77.56999969482422,77.56999969482422,77.56999969482422,0.0,77.56999969482422
2020-11-04,80.62000274658203,80.62000274658203,80.62000274658203,80.62000274658203,0.0,80.62000274658203
2020-11-05,82.80000305175781,82.80000305175781,82.80000305175781,82.80000305175781,0.0,82.80000305175781
2020-11-06,83.4800033569336,83.4800033569336,83.4800033569336,83.4800033569336,0.0,83.4800033569336
2020-11-09,81.26000213623047,81.26000213623047,81.26000213623047,81.26000213623047,0.0,81.26000213623047
2020-11-10,78.95999908447266,78.95999908447266,78.95999908447266,78.95999908447266,0.0,78.95999908447266
2020-11-12,80.05999755859375,80.05999755859375,80.05999755859375,80.05999755859375,0.0,80.05999755859375
2020-11-13,80.52999877929688,80.52999877929688,80.52999877929688,80.52999877929688,0.0,80.52999877929688
2020-11-16,81.19000244140625,81.19000244140625,81.19000244140625,81.19000244140625,0.0,81.19000244140625
2020-11-17,81.11000061035156,81.11000061035156,81.11000061035156,81.11000061035156,0.0,81.11000061035156
2020-11-18,80.86000061035156,80.86000061035156,80.86000061035156,80.86000061035156,0.0,80.86000061035156
2020-11-19,81.4000015258789,81.4000015258789,81.4000015258789,81.4000015258789,0.0,81.4000015258789
2020-11-20,81.41999816894531,81.41999816894531,81.41999816894531,81.41999816894531,0.0,81.41999816894531
2020-11-23,81.66000366210938,81.66000366210938,81.66000366210938,81.66000366210938,0.0,81.66000366210938
2020-11-24,82.33999633789062,82.33999633789062,82.33999633789062,82.33999633789062,0.0,82.33999633789062
2020-11-25,82.58999633789062,82.58999633789062,82.58999633789062,82.58999633789062,0.0,82.58999633789062
2020-11-27,83.66000366210938,83.66000366210938,83.66000366210938,83.66000366210938,0.0,83.66000366210938
2020-11-30,83.43000030517578,83.43000030517578,83.43000030517578,83.43000030517578,0.0,83.43000030517578
2020-12-01,84.36000061035156,84.36000061035156,84.36000061035156,84.36000061035156,0.0,84.36000061035156
2020-12-02,84.58999633789062,84.58999633789062,84.58999633789062,84.58999633789062,0.0,84.58999633789062
2020-12-03,84.66000366210938,84.66000366210938,84.66000366210938,84.66000366210938,0.0,84.66000366210938
2020-12-04,85.23999786376953,85.23999786376953,85.23999786376953,85.23999786376953,0.0,85.23999786376953
2020-12-07,85.63999938964844,85.63999938964844,85.63999938964844,85.63999938964844,0.0,85.63999938964844
2020-12-08,85.83999633789062,85.83999633789062,85.83999633789062,85.83999633789062,0.0,85.83999633789062
2020-12-09,84.62000274658203,84.62000274658203,84.62000274658203,84.62000274658203,0.0,84.62000274658203
2020-12-10,84.98999786376953,84.98999786376953,84.98999786376953,84.98999786376953,0.0,84.98999786376953
2020-12-11,84.83999633789062,84.83999633789062,84.83999633789062,84.83999633789062,0.0,84.83999633789062
2020-12-14,85.0199966430664,85.0199966430664,85.0199966430664,85.0199966430664,0.0,85.0199966430664
2020-12-15,85.63999938964844,85.63999938964844,85.63999938964844,85.63999938964844,0.0,85.63999938964844
2020-12-16,86.19000244140625,86.19000244140625,86.19000244140625,86.19000244140625,0.0,86.19000244140625
2020-12-17,86.83999633789062,86.83999633789062,86.83999633789062,86.83999633789062,0.0,86.83999633789062
2020-12-18,87.05999755859375,87.05999755859375,87.05999755859375,87.05999755859375,0.0,87.05999755859375
2020-12-21,87.05000305175781,87.05000305175781,87.05000305175781,87.05000305175781,0.0,87.05000305175781
2020-12-22,87.62999725341797,87.62999725341797,87.62999725341797,87.62999725341797,0.0,87.62999725341797
2020-12-23,87.37000274658203,87.37000274658203,87.37000274658203,87.37000274658203,0.0,87.37000274658203
2020-12-24,87.30000305175781,87.30000305175781,87.30000305175781,87.30000305175781,0.0,87.30000305175781
2020-12-30,87.62000274658203,87.62000274658203,87.62000274658203,87.62000274658203,0.0,87.62000274658203
2020-12-31,87.61000061035156,87.61000061035156,87.61000061035156,87.61000061035156,0.0,87.61000061035156
2021-01-04,87.11000061035156,87.11000061035156,87.11000061035156,87.11000061035156,0.0,87.11000061035156
2021-01-05,88.16000366210938,88.16000366210938,88.16000366210938,88.16000366210938,0.0,88.16000366210938
2021-01-06,86.73999786376953,86.73999786376953,86.73999786376953,86.73999786376953,0.0,86.73999786376953
2021-01-07,88.91000366210938,88.91000366210938,88.91000366210938,88.91000366210938,0.0,88.91000366210938
2021-01-08,90.47000122070312,90.47000122070312,90.47000122070312,90.47000122070312,0.0,90.47000122070312
2021-01-11,90.05999755859375,90.05999755859375,90.05999755859375,90.05999755859375,0.0,90.05999755859375
2021-01-12,90.29000091552734,90.29000091552734,90.29000091552734,90.29000091552734,0.0,90.29000091552734
2021-01-13,90.6999969482422,90.6999969482422,90.6999969482422,90.6999969482422,0.0,90.6999969482422
2021-01-14,90.62000274658205,90.62000274658205,90.62000274658205,90.62000274658205,0.0,90.62000274658205
2021-01-15,89.62999725341797,89.62999725341797,89.62999725341797,89.62999725341797,0.0,89.62999725341797
2021-01-19,90.87999725341795,90.87999725341795,90.87999725341795,90.87999725341795,0.0,90.87999725341795
2021-01-20,92.62000274658205,92.62000274658205,92.62000274658205,92.62000274658205,0.0,92.62000274658205
2021-01-21,93.62000274658205,93.62000274658205,93.62000274658205,93.62000274658205,0.0,93.62000274658205
2021-01-22,93.2699966430664,93.2699966430664,93.2699966430664,93.2699966430664,0.0,93.2699966430664
2021-01-25,93.70999908447266,93.70999908447266,93.70999908447266,93.70999908447266,0.0,93.70999908447266
2021-01-26,92.81999969482422,92.81999969482422,92.81999969482422,92.81999969482422,0.0,92.81999969482422
2021-01-27,90.83000183105467,90.83000183105467,90.83000183105467,90.83000183105467,0.0,90.83000183105467
2021-01-28,90.81999969482422,90.81999969482422,90.81999969482422,90.81999969482422,0.0,90.81999969482422
2021-01-29,89.5199966430664,89.5199966430664,89.5199966430664,89.5199966430664,0.0,89.5199966430664
2021-02-01,91.4000015258789,91.4000015258789,91.4000015258789,91.4000015258789,0.0,91.4000015258789
2021-02-02,92.58999633789062,92.58999633789062,92.58999633789062,92.58999633789062,0.0,92.58999633789062
2021-02-03,92.72000122070312,92.72000122070312,92.72000122070312,92.72000122070312,0.0,92.72000122070312
2021-02-04,93.05999755859376,93.05999755859376,93.05999755859376,93.05999755859376,0.0,93.05999755859376
2021-02-05,93.62999725341795,93.62999725341795,93.62999725341795,93.62999725341795,0.0,93.62999725341795
2021-02-08,94.13999938964844,94.13999938964844,94.13999938964844,94.13999938964844,0.0,94.13999938964844
2021-02-09,94.51000213623048,94.51000213623048,94.51000213623048,94.51000213623048,0.0,94.51000213623048
2021-02-10,94.66999816894533,94.66999816894533,94.66999816894533,94.66999816894533,0.0,94.66999816894533
2021-02-11,95.66000366210938,95.66000366210938,95.66000366210938,95.66000366210938,0.0,95.66000366210938
2021-02-12,96.4800033569336,96.4800033569336,96.4800033569336,96.4800033569336,0.0,96.4800033569336
2021-02-16,96.5999984741211,96.5999984741211,96.5999984741211,96.5999984741211,0.0,96.5999984741211
2021-02-17,95.48999786376952,95.48999786376952,95.48999786376952,95.48999786376952,0.0,95.48999786376952
2021-02-18,94.80999755859376,94.80999755859376,94.80999755859376,94.80999755859376,0.0,94.80999755859376
2021-02-19,95.36000061035156,95.36000061035156,95.36000061035156,95.36000061035156,0.0,95.36000061035156
2021-02-22,92.88999938964844,92.88999938964844,92.88999938964844,92.88999938964844,0.0,92.88999938964844
2021-02-23,92.30999755859376,92.30999755859376,92.30999755859376,92.30999755859376,0.0,92.30999755859376
2021-02-24,92.36000061035156,92.36000061035156,92.36000061035156,92.36000061035156,0.0,92.36000061035156
2021-02-25,89.79000091552734,89.79000091552734,89.79000091552734,89.79000091552734,0.0,89.79000091552734
2021-02-26,89.91000366210938,89.91000366210938,89.91000366210938,89.91000366210938,0.0,89.91000366210938
2021-03-01,91.83999633789062,91.83999633789062,91.83999633789062,91.83999633789062,0.0,91.83999633789062
2021-03-02,90.54000091552734,90.54000091552734,90.54000091552734,90.54000091552734,0.0,90.54000091552734
2021-03-03,88.30999755859375,88.30999755859375,88.30999755859375,88.30999755859375,0.0,88.30999755859375
2021-03-04,85.77999877929688,85.77999877929688,85.77999877929688,85.77999877929688,0.0,85.77999877929688
2021-03-05,85.83000183105469,85.83000183105469,85.83000183105469,85.83000183105469,0.0,85.83000183105469
2021-03-08,82.98999786376953,82.98999786376953,82.98999786376953,82.98999786376953,0.0,82.98999786376953
2021-03-09,85.62000274658203,85.62000274658203,85.62000274658203,85.62000274658203,0.0,85.62000274658203
2021-03-10,85.30999755859375,85.30999755859375,85.30999755859375,85.30999755859375,0.0,85.30999755859375
2021-03-11,88.13999938964844,88.13999938964844,88.13999938964844,88.13999938964844,0.0,88.13999938964844
2021-03-12,87.4800033569336,87.4800033569336,87.4800033569336,87.4800033569336,0.0,87.4800033569336
2021-03-15,87.9000015258789,87.9000015258789,87.9000015258789,87.9000015258789,0.0,87.9000015258789
2021-03-16,88.2300033569336,88.2300033569336,88.2300033569336,88.2300033569336,0.0,88.2300033569336
2021-03-18,85.91000366210938,85.91000366210938,85.91000366210938,85.91000366210938,0.0,85.91000366210938
2021-03-19,86.1500015258789,86.1500015258789,86.1500015258789,86.1500015258789,0.0,86.1500015258789
2021-03-22,86.77999877929688,86.77999877929688,86.77999877929688,86.77999877929688,0.0,86.77999877929688
2021-03-23,85.8499984741211,85.8499984741211,85.8499984741211,85.8499984741211,0.0,85.8499984741211
2021-03-24,84.20999908447266,84.20999908447266,84.20999908447266,84.20999908447266,0.0,84.20999908447266
2021-03-25,84.18000030517578,84.18000030517578,84.18000030517578,84.18000030517578,0.0,84.18000030517578
2021-03-26,85.68000030517578,85.68000030517578,85.68000030517578,85.68000030517578,0.0,85.68000030517578
2021-03-29,85.12000274658203,85.12000274658203,85.12000274658203,85.12000274658203,0.0,85.12000274658203
2021-03-30,85.13999938964844,85.13999938964844,85.13999938964844,85.13999938964844,0.0,85.13999938964844
2021-03-31,86.43000030517578,86.43000030517578,86.43000030517578,86.43000030517578,0.0,86.43000030517578
2021-04-01,88.73999786376953,88.73999786376953,88.73999786376953,88.73999786376953,0.0,88.73999786376953
2021-04-06,90.2699966430664,90.2699966430664,90.2699966430664,90.2699966430664,0.0,90.2699966430664
2021-04-07,90.27999877929688,90.27999877929688,90.27999877929688,90.27999877929688,0.0,90.27999877929688
2021-04-08,91.30999755859376,91.30999755859376,91.30999755859376,91.30999755859376,0.0,91.30999755859376
2021-04-09,91.41000366210938,91.41000366210938,91.41000366210938,91.41000366210938,0.0,91.41000366210938
2021-04-12,91.0999984741211,91.0999984741211,91.0999984741211,91.0999984741211,0.0,91.0999984741211
2021-04-13,91.87999725341795,91.87999725341795,91.87999725341795,91.87999725341795,0.0,91.87999725341795
2021-04-14,91.12000274658205,91.12000274658205,91.12000274658205,91.12000274658205,0.0,91.12000274658205
2021-04-15,92.5500030517578,92.5500030517578,92.5500030517578,92.5500030517578,0.0,92.5500030517578
2021-04-16,92.2300033569336,92.2300033569336,92.2300033569336,92.2300033569336,0.0,92.2300033569336
2021-04-19,91.18000030517578,91.18000030517578,91.18000030517578,91.18000030517578,0.0,91.18000030517578
2021-04-20,89.8499984741211,89.8499984741211,89.8499984741211,89.8499984741211,0.0,89.8499984741211
2021-04-21,90.1500015258789,90.1500015258789,90.1500015258789,90.1500015258789,0.0,90.1500015258789
2021-04-22,89.88999938964844,89.88999938964844,89.88999938964844,89.88999938964844,0.0,89.88999938964844
2021-04-23,91.45999908447266,91.45999908447266,91.45999908447266,91.45999908447266,0.0,91.45999908447266
2021-04-26,92.48999786376952,92.48999786376952,92.48999786376952,92.48999786376952,0.0,92.48999786376952
2021-04-27,92.06999969482422,92.06999969482422,92.06999969482422,92.06999969482422,0.0,92.06999969482422
2021-04-28,91.83000183105467,91.83000183105467,91.83000183105467,91.83000183105467,0.0,91.83000183105467
2021-04-29,91.61000061035156,91.61000061035156,91.61000061035156,91.61000061035156,0.0,91.61000061035156
2021-04-30,90.08000183105467,90.08000183105467,90.08000183105467,90.08000183105467,0.0,90.08000183105467
2021-05-04,87.38999938964844,87.38999938964844,87.38999938964844,87.38999938964844,0.0,87.38999938964844
2021-05-05,86.80000305175781,86.80000305175781,86.80000305175781,86.80000305175781,0.0,86.80000305175781
2021-05-06,86.62999725341797,86.62999725341797,86.62999725341797,86.62999725341797,0.0,86.62999725341797
2021-05-07,87.36000061035156,87.36000061035156,87.36000061035156,87.36000061035156,0.0,87.36000061035156
2021-05-10,85.29000091552734,85.29000091552734,85.29000091552734,85.29000091552734,0.0,85.29000091552734
2021-05-11,85.29000091552734,85.29000091552734,85.29000091552734,85.29000091552734,0.0,85.29000091552734
2021-05-12,83.08000183105469,83.08000183105469,83.08000183105469,83.08000183105469,0.0,83.08000183105469
2021-05-13,82.55000305175781,82.55000305175781,82.55000305175781,82.55000305175781,0.0,82.55000305175781
2021-05-14,84.5999984741211,84.5999984741211,84.5999984741211,84.5999984741211,0.0,84.5999984741211
2021-05-17,84.2699966430664,84.2699966430664,84.2699966430664,84.2699966430664,0.0,84.2699966430664
2021-05-18,84.4000015258789,84.4000015258789,84.4000015258789,84.4000015258789,0.0,84.4000015258789
2021-05-19,84.62000274658203,84.62000274658203,84.62000274658203,84.62000274658203,0.0,84.62000274658203
2021-05-20,86.1500015258789,86.1500015258789,86.1500015258789,86.1500015258789,0.0,86.1500015258789
2021-05-21,85.88999938964844,85.88999938964844,85.88999938964844,85.88999938964844,0.0,85.88999938964844
2021-05-24,87.22000122070312,87.22000122070312,87.22000122070312,87.22000122070312,0.0,87.22000122070312
2021-05-25,87.5999984741211,87.5999984741211,87.5999984741211,87.5999984741211,0.0,87.5999984741211
2021-05-26,88.16000366210938,88.16000366210938,88.16000366210938,88.16000366210938,0.0,88.16000366210938
2021-05-27,88.12000274658203,88.12000274658203,88.12000274658203,88.12000274658203,0.0,88.12000274658203
2021-05-28,88.37999725341797,88.37999725341797,88.37999725341797,88.37999725341797,0.0,88.37999725341797
2021-06-01,88.58999633789062,88.58999633789062,88.58999633789062,88.58999633789062,0.0,88.58999633789062
2021-06-02,88.58999633789062,88.58999633789062,88.58999633789062,88.58999633789062,0.0,88.58999633789062
2021-06-03,87.69000244140625,87.69000244140625,87.69000244140625,87.69000244140625,0.0,87.69000244140625
2021-06-04,88.9000015258789,88.9000015258789,88.9000015258789,88.9000015258789,0.0,88.9000015258789
2021-06-08,89.19999694824219,89.19999694824219,89.19999694824219,89.19999694824219,0.0,89.19999694824219
2021-06-09,88.87000274658203,88.87000274658203,88.87000274658203,88.87000274658203,0.0,88.87000274658203
2021-06-10,89.79000091552734,89.79000091552734,89.79000091552734,89.79000091552734,0.0,89.79000091552734
2021-06-11,90.30999755859376,90.30999755859376,90.30999755859376,90.30999755859376,0.0,90.30999755859376
2021-06-14,91.06999969482422,91.06999969482422,91.06999969482422,91.06999969482422,0.0,91.06999969482422
2021-06-15,90.52999877929688,90.52999877929688,90.52999877929688,90.52999877929688,0.0,90.52999877929688
2021-06-16,90.0999984741211,90.0999984741211,90.0999984741211,90.0999984741211,0.0,90.0999984741211
2021-06-17,91.3000030517578,91.3000030517578,91.3000030517578,91.3000030517578,0.0,91.3000030517578
2021-06-18,90.8499984741211,90.8499984741211,90.8499984741211,90.8499984741211,0.0,90.8499984741211
2021-06-21,90.66999816894533,90.66999816894533,90.66999816894533,90.66999816894533,0.0,90.66999816894533
2021-06-22,91.47000122070312,91.47000122070312,91.47000122070312,91.47000122070312,0.0,91.47000122070312
2021-06-23,91.87000274658205,91.87000274658205,91.87000274658205,91.87000274658205,0.0,91.87000274658205
2021-06-24,92.70999908447266,92.70999908447266,92.70999908447266,92.70999908447266,0.0,92.70999908447266
2021-06-25,92.76000213623048,92.76000213623048,92.76000213623048,92.76000213623048,0.0,92.76000213623048
2021-06-28,93.86000061035156,93.86000061035156,93.86000061035156,93.86000061035156,0.0,93.86000061035156
2021-06-29,94.19000244140624,94.19000244140624,94.19000244140624,94.19000244140624,0.0,94.19000244140624
2021-06-30,93.62999725341795,93.62999725341795,93.62999725341795,93.62999725341795,0.0,93.62999725341795
2021-07-01,93.3499984741211,93.3499984741211,93.3499984741211,93.3499984741211,0.0,93.3499984741211
2021-07-02,93.94000244140624,93.94000244140624,93.94000244140624,93.94000244140624,0.0,93.94000244140624
2021-07-06,94.66000366210938,94.66000366210938,94.66000366210938,94.66000366210938,0.0,94.66000366210938
2021-07-07,94.23999786376952,94.23999786376952,94.23999786376952,94.23999786376952,0.0,94.23999786376952
2021-07-08,92.97000122070312,92.97000122070312,92.97000122070312,92.97000122070312,0.0,92.97000122070312
2021-07-09,93.81999969482422,93.81999969482422,93.81999969482422,93.81999969482422,0.0,93.81999969482422
2021-07-12,93.9800033569336,93.9800033569336,93.9800033569336,93.9800033569336,0.0,93.9800033569336
2021-07-13,93.87000274658205,93.87000274658205,93.87000274658205,93.87000274658205,0.0,93.87000274658205
2021-07-14,93.23999786376952,93.23999786376952,93.23999786376952,93.23999786376952,0.0,93.23999786376952
2021-07-15,92.18000030517578,92.18000030517578,92.18000030517578,92.18000030517578,0.0,92.18000030517578
2021-07-16,91.25,91.25,91.25,91.25,0.0,91.25
2021-07-19,90.8499984741211,90.8499984741211,90.8499984741211,90.8499984741211,0.0,90.8499984741211
2021-07-20,91.98999786376952,91.98999786376952,91.98999786376952,91.98999786376952,0.0,91.98999786376952
2021-07-21,93.05999755859376,93.05999755859376,93.05999755859376,93.05999755859376,0.0,93.05999755859376
2021-07-22,93.87000274658205,93.87000274658205,93.87000274658205,93.87000274658205,0.0,93.87000274658205
2021-07-23,95.5500030517578,95.5500030517578,95.5500030517578,95.5500030517578,0.0,95.5500030517578
2021-07-26,95.44000244140624,95.44000244140624,95.44000244140624,95.44000244140624,0.0,95.44000244140624
2021-07-27,93.80999755859376,93.80999755859376,93.80999755859376,93.80999755859376,0.0,93.80999755859376
2021-07-28,94.94000244140624,94.94000244140624,94.94000244140624,94.94000244140624,0.0,94.94000244140624
2021-07-29,95.08999633789062,95.08999633789062,95.08999633789062,95.08999633789062,0.0,95.08999633789062
2021-07-30,94.1500015258789,94.1500015258789,94.1500015258789,94.1500015258789,0.0,94.1500015258789
2021-08-03,94.87999725341795,94.87999725341795,94.87999725341795,94.87999725341795,0.0,94.87999725341795
2021-08-04,95.88999938964844,95.88999938964844,95.88999938964844,95.88999938964844,0.0,95.88999938964844
2021-08-05,96.2699966430664,96.2699966430664,96.2699966430664,96.2699966430664,0.0,96.2699966430664
2021-08-06,95.61000061035156,95.61000061035156,95.61000061035156,95.61000061035156,0.0,95.61000061035156
2021-08-09,95.5199966430664,95.5199966430664,95.5199966430664,95.5199966430664,0.0,95.5199966430664
2021-08-10,94.7699966430664,94.7699966430664,94.7699966430664,94.7699966430664,0.0,94.7699966430664
2021-08-11,94.44000244140624,94.44000244140624,94.44000244140624,94.44000244140624,0.0,94.44000244140624
2021-08-12,94.62000274658205,94.62000274658205,94.62000274658205,94.62000274658205,0.0,94.62000274658205
2021-08-13,94.6999969482422,94.6999969482422,94.6999969482422,94.6999969482422,0.0,94.6999969482422
2021-08-16,93.9499969482422,93.9499969482422,93.9499969482422,93.9499969482422,0.0,93.9499969482422
2021-08-17,92.91999816894533,92.91999816894533,92.91999816894533,92.91999816894533,0.0,92.91999816894533
2021-08-18,92.58000183105467,92.58000183105467,92.58000183105467,92.58000183105467,0.0,92.58000183105467
2021-08-19,92.48999786376952,92.48999786376952,92.48999786376952,92.48999786376952,0.0,92.48999786376952
2021-08-20,93.38999938964844,93.38999938964844,93.38999938964844,93.38999938964844,0.0,93.38999938964844
2021-08-23,95.18000030517578,95.18000030517578,95.18000030517578,95.18000030517578,0.0,95.18000030517578
2021-08-24,95.9000015258789,95.9000015258789,95.9000015258789,95.9000015258789,0.0,95.9000015258789
2021-08-25,96.30999755859376,96.30999755859376,96.30999755859376,96.30999755859376,0.0,96.30999755859376
2021-08-26,95.8000030517578,95.8000030517578,95.8000030517578,95.8000030517578,0.0,95.8000030517578
2021-08-27,96.91999816894533,96.91999816894533,96.91999816894533,96.91999816894533,0.0,96.91999816894533
2021-08-31,97.37000274658205,97.37000274658205,97.37000274658205,97.37000274658205,0.0,97.37000274658205
2021-09-01,97.6500015258789,97.6500015258789,97.6500015258789,97.6500015258789,0.0,97.6500015258789
2021-09-02,97.66000366210938,97.66000366210938,97.66000366210938,97.66000366210938,0.0,97.66000366210938
2021-09-03,98.37000274658205,98.37000274658205,98.37000274658205,98.37000274658205,0.0,98.37000274658205
2021-09-07,98.51000213623048,98.51000213623048,98.51000213623048,98.51000213623048,0.0,98.51000213623048
2021-09-08,97.1999969482422,97.1999969482422,97.1999969482422,97.1999969482422,0.0,97.1999969482422
2021-09-09,97.08000183105467,97.08000183105467,97.08000183105467,97.08000183105467,0.0,97.08000183105467
2021-09-10,96.83999633789062,96.83999633789062,96.83999633789062,96.83999633789062,0.0,96.83999633789062
2021-09-13,96.47000122070312,96.47000122070312,96.47000122070312,96.47000122070312,0.0,96.47000122070312
2021-09-14,96.5999984741211,96.5999984741211,96.5999984741211,96.5999984741211,0.0,96.5999984741211
2021-09-15,97.05999755859376,97.05999755859376,97.05999755859376,97.05999755859376,0.0,97.05999755859376
2021-09-16,97.2699966430664,97.2699966430664,97.2699966430664,97.2699966430664,0.0,97.2699966430664
2021-09-17,96.43000030517578,96.43000030517578,96.43000030517578,96.43000030517578,0.0,96.43000030517578
2021-09-20,94.62999725341795,94.62999725341795,94.62999725341795,94.62999725341795,0.0,94.62999725341795
2021-09-21,94.9800033569336,94.9800033569336,94.9800033569336,94.9800033569336,0.0,94.9800033569336
2021-09-22,95.6500015258789,95.6500015258789,95.6500015258789,95.6500015258789,0.0,95.6500015258789
2021-09-23,96.58000183105467,96.58000183105467,96.58000183105467,96.58000183105467,0.0,96.58000183105467
2021-09-24,96.70999908447266,96.70999908447266,96.70999908447266,96.70999908447266,0.0,96.70999908447266
2021-09-27,95.79000091552734,95.79000091552734,95.79000091552734,95.79000091552734,0.0,95.79000091552734
2021-09-28,92.4800033569336,92.4800033569336,92.4800033569336,92.4800033569336,0.0,92.4800033569336
2021-09-29,91.41000366210938,91.41000366210938,91.41000366210938,91.41000366210938,0.0,91.41000366210938
2021-09-30,91.4800033569336,91.4800033569336,91.4800033569336,91.4800033569336,0.0,91.4800033569336
2021-10-01,92.08000183105467,92.08000183105467,92.08000183105467,92.08000183105467,0.0,92.08000183105467
2021-10-04,89.68000030517578,89.68000030517578,89.68000030517578,89.68000030517578,0.0,89.68000030517578
2021-10-05,90.6500015258789,90.6500015258789,90.6500015258789,90.6500015258789,0.0,90.6500015258789
2021-10-06,91.16999816894533,91.16999816894533,91.16999816894533,91.16999816894533,0.0,91.16999816894533
2021-10-07,92.45999908447266,92.45999908447266,92.45999908447266,92.45999908447266,0.0,92.45999908447266
2021-10-08,91.6500015258789,91.6500015258789,91.6500015258789,91.6500015258789,0.0,91.6500015258789
2021-10-11,90.9000015258789,90.9000015258789,90.9000015258789,90.9000015258789,0.0,90.9000015258789
2021-10-12,91.13999938964844,91.13999938964844,91.13999938964844,91.13999938964844,0.0,91.13999938964844
2021-10-13,92.20999908447266,92.20999908447266,92.20999908447266,92.20999908447266,0.0,92.20999908447266
2021-10-14,93.94000244140624,93.94000244140624,93.94000244140624,93.94000244140624,0.0,93.94000244140624
2021-10-15,94.52999877929688,94.52999877929688,94.52999877929688,94.52999877929688,0.0,94.52999877929688
2021-10-18,95.26000213623048,95.26000213623048,95.26000213623048,95.26000213623048,0.0,95.26000213623048
2021-10-19,95.9499969482422,95.9499969482422,95.9499969482422,95.9499969482422,0.0,95.9499969482422
2021-10-20,95.5199966430664,95.5199966430664,95.5199966430664,95.5199966430664,0.0,95.5199966430664
2021-10-21,96.30999755859376,96.30999755859376,96.30999755859376,96.30999755859376,0.0,96.30999755859376
2021-10-22,95.47000122070312,95.47000122070312,95.47000122070312,95.47000122070312,0.0,95.47000122070312
2021-10-26,95.9000015258789,95.9000015258789,95.9000015258789,95.9000015258789,0.0,95.9000015258789
2021-10-27,95.81999969482422,95.81999969482422,95.81999969482422,95.81999969482422,0.0,95.81999969482422
2021-10-28,96.5,96.5,96.5,96.5,0.0,96.5
2021-10-29,96.30999755859376,96.30999755859376,96.30999755859376,96.30999755859376,0.0,96.30999755859376
2021-11-01,96.62999725341795,96.62999725341795,96.62999725341795,96.62999725341795,0.0,96.62999725341795
2021-11-02,97.0199966430664,97.0199966430664,97.0199966430664,97.0199966430664,0.0,97.0199966430664
2021-11-03,97.6999969482422,97.6999969482422,97.6999969482422,97.6999969482422,0.0,97.6999969482422
2021-11-04,99.5500030517578,99.5500030517578,99.5500030517578,99.5500030517578,0.0,99.5500030517578
2021-11-05,99.7300033569336,99.7300033569336,99.7300033569336,99.7300033569336,0.0,99.7300033569336
2021-11-08,100.44000244140624,100.44000244140624,100.44000244140624,100.44000244140624,0.0,100.44000244140624
2021-11-09,100.76000213623048,100.76000213623048,100.76000213623048,100.76000213623048,0.0,100.76000213623048
2021-11-10,98.08000183105467,98.08000183105467,98.08000183105467,98.08000183105467,0.0,98.08000183105467
2021-11-11,98.83000183105467,98.83000183105467,98.83000183105467,98.83000183105467,0.0,98.83000183105467
2021-11-12,100.4000015258789,100.4000015258789,100.4000015258789,100.4000015258789,0.0,100.4000015258789
2021-11-15,100.31999969482422,100.31999969482422,100.31999969482422,100.31999969482422,0.0,100.31999969482422
2021-11-16,101.2699966430664,101.2699966430664,101.2699966430664,101.2699966430664,0.0,101.2699966430664
2021-11-17,100.7300033569336,100.7300033569336,100.7300033569336,100.7300033569336,0.0,100.7300033569336
2021-11-18,101.5199966430664,101.5199966430664,101.5199966430664,101.5199966430664,0.0,101.5199966430664
2021-11-19,101.41000366210938,101.41000366210938,101.41000366210938,101.41000366210938,0.0,101.41000366210938
2021-11-22,99.18000030517578,99.18000030517578,99.18000030517578,99.18000030517578,0.0,99.18000030517578
2021-11-23,98.20999908447266,98.20999908447266,98.20999908447266,98.20999908447266,0.0,98.20999908447266
2021-11-24,98.86000061035156,98.86000061035156,98.86000061035156,98.86000061035156,0.0,98.86000061035156
2021-11-26,97.05999755859376,97.05999755859376,97.05999755859376,97.05999755859376,0.0,97.05999755859376
2021-11-29,98.98999786376952,98.98999786376952,98.98999786376952,98.98999786376952,0.0,98.98999786376952
2021-11-30,97.18000030517578,97.18000030517578,97.18000030517578,97.18000030517578,0.0,97.18000030517578
2021-12-01,95.41000366210938,95.41000366210938,95.41000366210938,95.41000366210938,0.0,95.41000366210938
2021-12-02,96.12999725341795,96.12999725341795,96.12999725341795,96.12999725341795,0.0,96.12999725341795
2021-12-03,94.5500030517578,94.5500030517578,94.5500030517578,94.5500030517578,0.0,94.5500030517578
2021-12-06,94.62000274658205,94.62000274658205,94.62000274658205,94.62000274658205,0.0,94.62000274658205
2021-12-07,98.02999877929688,98.02999877929688,98.02999877929688,98.02999877929688,0.0,98.02999877929688
2021-12-08,98.7300033569336,98.7300033569336,98.7300033569336,98.7300033569336,0.0,98.7300033569336
2021-12-09,96.9800033569336,96.9800033569336,96.9800033569336,96.9800033569336,0.0,96.9800033569336
2021-12-10,96.52999877929688,96.52999877929688,96.52999877929688,96.52999877929688,0.0,96.52999877929688
2021-12-13,95.08999633789062,95.08999633789062,95.08999633789062,95.08999633789062,0.0,95.08999633789062
2021-12-14,93.79000091552734,93.79000091552734,93.79000091552734,93.79000091552734,0.0,93.79000091552734
2021-12-15,95.87999725341795,95.87999725341795,95.87999725341795,95.87999725341795,0.0,95.87999725341795
2021-12-16,93.16000366210938,93.16000366210938,93.16000366210938,93.16000366210938,0.0,93.16000366210938
2021-12-17,93.38999938964844,93.38999938964844,93.38999938964844,93.38999938964844,0.0,93.38999938964844
2021-12-20,92.37999725341795,92.37999725341795,92.37999725341795,92.37999725341795,0.0,92.37999725341795
2021-12-21,95.05999755859376,95.05999755859376,95.05999755859376,95.05999755859376,0.0,95.05999755859376
2021-12-22,95.93000030517578,95.93000030517578,95.93000030517578,95.93000030517578,0.0,95.93000030517578
2021-12-23,96.68000030517578,96.68000030517578,96.68000030517578,96.68000030517578,0.0,96.68000030517578
2021-12-30,97.0,97.0,97.0,97.0,0.0,97.0
2021-12-31,96.4499969482422,96.4499969482422,96.4499969482422,96.4499969482422,0.0,96.4499969482422
2022-01-04,95.58999633789062,95.58999633789062,95.58999633789062,95.58999633789062,0.0,95.58999633789062
2022-01-05,91.9800033569336,91.9800033569336,91.9800033569336,91.9800033569336,0.0,91.9800033569336
2022-01-06,91.87999725341795,91.87999725341795,91.87999725341795,91.87999725341795,0.0,91.87999725341795
2022-01-07,90.81999969482422,90.81999969482422,90.81999969482422,90.81999969482422,0.0,90.81999969482422
2022-01-10,91.01000213623048,91.01000213623048,91.01000213623048,91.01000213623048,0.0,91.01000213623048
2022-01-11,92.02999877929688,92.02999877929688,92.02999877929688,92.02999877929688,0.0,92.02999877929688
2022-01-12,92.33000183105467,92.33000183105467,92.33000183105467,92.33000183105467,0.0,92.33000183105467
2022-01-13,89.7300033569336,89.7300033569336,89.7300033569336,89.7300033569336,0.0,89.7300033569336
2022-01-14,90.31999969482422,90.31999969482422,90.31999969482422,90.31999969482422,0.0,90.31999969482422
2022-01-18,87.91999816894531,87.91999816894531,87.91999816894531,87.91999816894531,0.0,87.91999816894531
2022-01-19,86.77999877929688,86.77999877929688,86.77999877929688,86.77999877929688,0.0,86.77999877929688
2022-01-20,85.72000122070312,85.72000122070312,85.72000122070312,85.72000122070312,0.0,85.72000122070312
2022-01-21,83.29000091552734,83.29000091552734,83.29000091552734,83.29000091552734,0.0,83.29000091552734
2022-01-24,84.0199966430664,84.0199966430664,84.0199966430664,84.0199966430664,0.0,84.0199966430664
2022-01-25,81.1500015258789,81.1500015258789,81.1500015258789,81.1500015258789,0.0,81.1500015258789
2022-01-26,81.33000183105469,81.33000183105469,81.33000183105469,81.33000183105469,0.0,81.33000183105469
2022-01-27,80.18000030517578,80.18000030517578,80.18000030517578,80.18000030517578,0.0,80.18000030517578
2022-01-28,82.25,82.25,82.25,82.25,0.0,82.25
2022-01-31,85.5999984741211,85.5999984741211,85.5999984741211,85.5999984741211,0.0,85.5999984741211
2022-02-01,86.33000183105469,86.33000183105469,86.33000183105469,86.33000183105469,0.0,86.33000183105469
2022-02-02,86.80000305175781,86.80000305175781,86.80000305175781,86.80000305175781,0.0,86.80000305175781
2022-02-03,83.02999877929688,83.02999877929688,83.02999877929688,83.02999877929688,0.0,83.02999877929688
2022-02-04,84.95999908447266,84.95999908447266,84.95999908447266,84.95999908447266,0.0,84.95999908447266
2022-02-07,84.77999877929688,84.77999877929688,84.77999877929688,84.77999877929688,0.0,84.77999877929688
2022-02-08,85.81999969482422,85.81999969482422,85.81999969482422,85.81999969482422,0.0,85.81999969482422
2022-02-09,88.36000061035156,88.36000061035156,88.36000061035156,88.36000061035156,0.0,88.36000061035156
2022-02-10,87.12999725341797,87.12999725341797,87.12999725341797,87.12999725341797,0.0,87.12999725341797
2022-02-11,84.41999816894531,84.41999816894531,84.41999816894531,84.41999816894531,0.0,84.41999816894531
2022-02-14,84.29000091552734,84.29000091552734,84.29000091552734,84.29000091552734,0.0,84.29000091552734
2022-02-15,86.7699966430664,86.7699966430664,86.7699966430664,86.7699966430664,0.0,86.7699966430664
2022-02-16,86.36000061035156,86.36000061035156,86.36000061035156,86.36000061035156,0.0,86.36000061035156
2022-02-17,83.55000305175781,83.55000305175781,83.55000305175781,83.55000305175781,0.0,83.55000305175781
2022-02-18,81.9800033569336,81.9800033569336,81.9800033569336,81.9800033569336,0.0,81.9800033569336
2022-02-22,80.8499984741211,80.8499984741211,80.8499984741211,80.8499984741211,0.0,80.8499984741211
2022-02-23,78.98999786376953,78.98999786376953,78.98999786376953,78.98999786376953,0.0,78.98999786376953
2022-02-24,81.58000183105469,81.58000183105469,81.58000183105469,81.58000183105469,0.0,81.58000183105469
2022-02-25,82.41000366210938,82.41000366210938,82.41000366210938,82.41000366210938,0.0,82.41000366210938
2022-02-28,82.9800033569336,82.9800033569336,82.9800033569336,82.9800033569336,0.0,82.9800033569336
2022-03-01,81.30999755859375,81.30999755859375,81.30999755859375,81.30999755859375,0.0,81.30999755859375
2022-03-02,82.30999755859375,82.30999755859375,82.30999755859375,82.30999755859375,0.0,82.30999755859375
2022-03-03,80.55000305175781,80.55000305175781,80.55000305175781,80.55000305175781,0.0,80.55000305175781
2022-03-04,78.12999725341797,78.12999725341797,78.12999725341797,78.12999725341797,0.0,78.12999725341797
2022-03-07,74.72000122070312,74.72000122070312,74.72000122070312,74.72000122070312,0.0,74.72000122070312
2022-03-08,74.83999633789062,74.83999633789062,74.83999633789062,74.83999633789062,0.0,74.83999633789062
2022-03-09,77.87000274658203,77.87000274658203,77.87000274658203,77.87000274658203,0.0,77.87000274658203
2022-03-10,77.16999816894531,77.16999816894531,77.16999816894531,77.16999816894531,0.0,77.16999816894531
2022-03-11,75.01000213623047,75.01000213623047,75.01000213623047,75.01000213623047,0.0,75.01000213623047
2022-03-14,72.83000183105469,72.83000183105469,72.83000183105469,72.83000183105469,0.0,72.83000183105469
2022-03-15,74.6500015258789,74.6500015258789,74.6500015258789,74.6500015258789,0.0,74.6500015258789
2022-03-16,78.16999816894531,78.16999816894531,78.16999816894531,78.16999816894531,0.0,78.16999816894531
2022-03-21,81.55999755859375,81.55999755859375,81.55999755859375,81.55999755859375,0.0,81.55999755859375
2022-03-22,83.25,83.25,83.25,83.25,0.0,83.25
2022-03-23,82.3499984741211,82.3499984741211,82.3499984741211,82.3499984741211,0.0,82.3499984741211
2022-03-24,84.4000015258789,84.4000015258789,84.4000015258789,84.4000015258789,0.0,84.4000015258789
2022-03-25,83.63999938964844,83.63999938964844,83.63999938964844,83.63999938964844,0.0,83.63999938964844
2022-03-28,84.62999725341797,84.62999725341797,84.62999725341797,84.62999725341797,0.0,84.62999725341797
2022-03-29,86.48999786376953,86.48999786376953,86.48999786376953,86.48999786376953,0.0,86.48999786376953
2022-03-30,85.0999984741211,85.0999984741211,85.0999984741211,85.0999984741211,0.0,85.0999984741211
2022-03-31,83.68000030517578,83.68000030517578,83.68000030517578,83.68000030517578,0.0,83.68000030517578
2022-04-01,83.61000061035156,83.61000061035156,83.61000061035156,83.61000061035156,0.0,83.61000061035156
2022-04-04,85.48999786376953,85.48999786376953,85.48999786376953,85.48999786376953,0.0,85.48999786376953
2022-04-05,83.16000366210938,83.16000366210938,83.16000366210938,83.16000366210938,0.0,83.16000366210938
2022-04-06,80.45999908447266,80.45999908447266,80.45999908447266,80.45999908447266,0.0,80.45999908447266
2022-04-07,80.11000061035156,80.11000061035156,80.11000061035156,80.11000061035156,0.0,80.11000061035156
2022-04-08,78.73999786376953,78.73999786376953,78.73999786376953,78.73999786376953,0.0,78.73999786376953
2022-04-11,77.33000183105469,77.33000183105469,77.33000183105469,77.33000183105469,0.0,77.33000183105469
2022-04-12,76.91999816894531,76.91999816894531,76.91999816894531,76.91999816894531,0.0,76.91999816894531
2022-04-13,78.81999969482422,78.81999969482422,78.81999969482422,78.81999969482422,0.0,78.81999969482422
2022-04-14,77.08999633789062,77.08999633789062,77.08999633789062,77.08999633789062,0.0,77.08999633789062
2022-04-19,78.13999938964844,78.13999938964844,78.13999938964844,78.13999938964844,0.0,78.13999938964844
2022-04-20,76.75,76.75,76.75,76.75,0.0,76.75
2022-04-21,74.7699966430664,74.7699966430664,74.7699966430664,74.7699966430664,0.0,74.7699966430664
2022-04-22,73.2699966430664,73.2699966430664,73.2699966430664,73.2699966430664,0.0,73.2699966430664
2022-04-25,74.06999969482422,74.06999969482422,74.06999969482422,74.06999969482422,0.0,74.06999969482422
2022-04-26,71.77999877929688,71.77999877929688,71.77999877929688,71.77999877929688,0.0,71.77999877929688
2022-04-27,71.41000366210938,71.41000366210938,71.41000366210938,71.41000366210938,0.0,71.41000366210938
2022-04-28,73.73999786376953,73.73999786376953,73.73999786376953,73.73999786376953,0.0,73.73999786376953
2022-04-29,71.91999816894531,71.91999816894531,71.91999816894531,71.91999816894531,0.0,71.91999816894531
2022-05-03,73.0199966430664,73.0199966430664,73.0199966430664,73.0199966430664,0.0,73.0199966430664
2022-05-04,75.02999877929688,75.02999877929688,75.02999877929688,75.02999877929688,0.0,75.02999877929688
2022-05-05,71.56999969482422,71.56999969482422,71.56999969482422,71.56999969482422,0.0,71.56999969482422
2022-05-06,70.20999908447266,70.20999908447266,70.20999908447266,70.20999908447266,0.0,70.20999908447266
2022-05-09,66.47000122070312,66.47000122070312,66.47000122070312,66.47000122070312,0.0,66.47000122070312
2022-05-10,67.36000061035156,67.36000061035156,67.36000061035156,67.36000061035156,0.0,67.36000061035156
2022-05-11,65.52999877929688,65.52999877929688,65.52999877929688,65.52999877929688,0.0,65.52999877929688
2022-05-12,65.41999816894531,65.41999816894531,65.41999816894531,65.41999816894531,0.0,65.41999816894531
2022-05-13,69.0,69.0,69.0,69.0,0.0,69.0
2022-05-16,67.5199966430664,67.5199966430664,67.5199966430664,67.5199966430664,0.0,67.5199966430664
2022-05-17,69.6500015258789,69.6500015258789,69.6500015258789,69.6500015258789,0.0,69.6500015258789
2022-05-18,67.1500015258789,67.1500015258789,67.1500015258789,67.1500015258789,0.0,67.1500015258789
2022-05-19,67.45999908447266,67.45999908447266,67.45999908447266,67.45999908447266,0.0,67.45999908447266
2022-05-20,67.45999908447266,67.45999908447266,67.45999908447266,67.45999908447266,0.0,67.45999908447266
2022-05-23,67.9800033569336,67.9800033569336,67.9800033569336,67.9800033569336,0.0,67.9800033569336
2022-05-24,65.20999908447266,65.20999908447266,65.20999908447266,65.20999908447266,0.0,65.20999908447266
2022-05-25,66.5,66.5,66.5,66.5,0.0,66.5
2022-05-26,68.18000030517578,68.18000030517578,68.18000030517578,68.18000030517578,0.0,68.18000030517578
2022-05-27,70.81999969482422,70.81999969482422,70.81999969482422,70.81999969482422,0.0,70.81999969482422
2022-05-31,70.20999908447266,70.20999908447266,70.20999908447266,70.20999908447266,0.0,70.20999908447266
2022-06-01,69.94000244140625,69.94000244140625,69.94000244140625,69.94000244140625,0.0,69.94000244140625
2022-06-07,71.98999786376953,71.98999786376953,71.98999786376953,71.98999786376953,0.0,71.98999786376953
2022-06-08,71.62999725341797,71.62999725341797,71.62999725341797,71.62999725341797,0.0,71.62999725341797
2022-06-09,69.7300033569336,69.7300033569336,69.7300033569336,69.7300033569336,0.0,69.7300033569336
2022-06-10,67.2699966430664,67.2699966430664,67.2699966430664,67.2699966430664,0.0,67.2699966430664
2022-06-13,63.5,63.5,63.5,63.5,0.0,63.5
2022-06-14,63.72999954223633,63.72999954223633,63.72999954223633,63.72999954223633,0.0,63.72999954223633
2022-06-15,65.02999877929688,65.02999877929688,65.02999877929688,65.02999877929688,0.0,65.02999877929688
2022-06-16,62.11000061035156,62.11000061035156,62.11000061035156,62.11000061035156,0.0,62.11000061035156
2022-06-17,62.869998931884766,62.869998931884766,62.869998931884766,62.869998931884766,0.0,62.869998931884766
2022-06-21,64.29000091552734,64.29000091552734,64.29000091552734,64.29000091552734,0.0,64.29000091552734
2022-06-22,63.869998931884766,63.869998931884766,63.869998931884766,63.869998931884766,0.0,63.869998931884766
2022-06-23,65.0199966430664,65.0199966430664,65.0199966430664,65.0199966430664,0.0,65.0199966430664
2022-06-24,67.41999816894531,67.41999816894531,67.41999816894531,67.41999816894531,0.0,67.41999816894531
2022-06-27,67.13999938964844,67.13999938964844,67.13999938964844,67.13999938964844,0.0,67.13999938964844
2022-06-28,65.01000213623047,65.01000213623047,65.01000213623047,65.01000213623047,0.0,65.01000213623047
2022-06-29,64.58000183105469,64.58000183105469,64.58000183105469,64.58000183105469,0.0,64.58000183105469
2022-06-30,63.220001220703125,63.220001220703125,63.220001220703125,63.220001220703125,0.0,63.220001220703125
2022-07-01,62.7400016784668,62.7400016784668,62.7400016784668,62.7400016784668,0.0,62.7400016784668
2022-07-05,63.93000030517578,63.93000030517578,63.93000030517578,63.93000030517578,0.0,63.93000030517578
2022-07-06,63.79999923706055,63.79999923706055,63.79999923706055,63.79999923706055,0.0,63.79999923706055
2022-07-07,65.77999877929688,65.77999877929688,65.77999877929688,65.77999877929688,0.0,65.77999877929688
2022-07-08,65.9800033569336,65.9800033569336,65.9800033569336,65.9800033569336,0.0,65.9800033569336
2022-07-11,64.43000030517578,64.43000030517578,64.43000030517578,64.43000030517578,0.0,64.43000030517578
2022-07-12,62.869998931884766,62.869998931884766,62.869998931884766,62.869998931884766,0.0,62.869998931884766
2022-07-13,62.93999862670898,62.93999862670898,62.93999862670898,62.93999862670898,0.0,62.93999862670898
2022-07-14,63.08000183105469,63.08000183105469,63.08000183105469,63.08000183105469,0.0,63.08000183105469
2022-07-15,64.30000305175781,64.30000305175781,64.30000305175781,64.30000305175781,0.0,64.30000305175781
2022-07-18,64.30000305175781,64.30000305175781,64.30000305175781,64.30000305175781,0.0,64.30000305175781
2022-07-19,66.0199966430664,66.0199966430664,66.0199966430664,66.0199966430664,0.0,66.0199966430664
2022-07-20,67.86000061035156,67.86000061035156,67.86000061035156,67.86000061035156,0.0,67.86000061035156
2022-07-21,68.97000122070312,68.97000122070312,68.97000122070312,68.97000122070312,0.0,68.97000122070312
2022-07-22,66.97000122070312,66.97000122070312,66.97000122070312,66.97000122070312,0.0,66.97000122070312
2022-07-25,66.45999908447266,66.45999908447266,66.45999908447266,66.45999908447266,0.0,66.45999908447266
2022-07-26,64.81999969482422,64.81999969482422,64.81999969482422,64.81999969482422,0.0,64.81999969482422
2022-07-27,67.62000274658203,67.62000274658203,67.62000274658203,67.62000274658203,0.0,67.62000274658203
2022-07-28,68.58999633789062,68.58999633789062,68.58999633789062,68.58999633789062,0.0,68.58999633789062
2022-07-29,69.80000305175781,69.80000305175781,69.80000305175781,69.80000305175781,0.0,69.80000305175781
2022-08-02,70.23999786376953,70.23999786376953,70.23999786376953,70.23999786376953,0.0,70.23999786376953
2022-08-03,71.91999816894531,71.91999816894531,71.91999816894531,71.91999816894531,0.0,71.91999816894531
2022-08-04,72.2699966430664,72.2699966430664,72.2699966430664,72.2699966430664,0.0,72.2699966430664
2022-08-05,72.62999725341797,72.62999725341797,72.62999725341797,72.62999725341797,0.0,72.62999725341797
2022-08-08,72.41000366210938,72.41000366210938,72.41000366210938,72.41000366210938,0.0,72.41000366210938
2022-08-09,70.87999725341797,70.87999725341797,70.87999725341797,70.87999725341797,0.0,70.87999725341797
2022-08-10,73.30000305175781,73.30000305175781,73.30000305175781,73.30000305175781,0.0,73.30000305175781
2022-08-11,72.68000030517578,72.68000030517578,72.68000030517578,72.68000030517578,0.0,72.68000030517578
2022-08-12,74.1500015258789,74.1500015258789,74.1500015258789,74.1500015258789,0.0,74.1500015258789
2022-08-15,74.62000274658203,74.62000274658203,74.62000274658203,74.62000274658203,0.0,74.62000274658203
2022-08-16,74.20999908447266,74.20999908447266,74.20999908447266,74.20999908447266,0.0,74.20999908447266
2022-08-17,73.25,73.25,73.25,73.25,0.0,73.25
2022-08-18,73.80000305175781,73.80000305175781,73.80000305175781,73.80000305175781,0.0,73.80000305175781
2022-08-19,72.08999633789062,72.08999633789062,72.08999633789062,72.08999633789062,0.0,72.08999633789062
2022-08-22,70.31999969482422,70.31999969482422,70.31999969482422,70.31999969482422,0.0,70.31999969482422
2022-08-23,70.41000366210938,70.41000366210938,70.41000366210938,70.41000366210938,0.0,70.41000366210938
2022-08-24,70.55999755859375,70.55999755859375,70.55999755859375,70.55999755859375,0.0,70.55999755859375
2022-08-25,72.12999725341797,72.12999725341797,72.12999725341797,72.12999725341797,0.0,72.12999725341797
2022-08-26,69.68000030517578,69.68000030517578,69.68000030517578,69.68000030517578,0.0,69.68000030517578
2022-08-30,68.19000244140625,68.19000244140625,68.19000244140625,68.19000244140625,0.0,68.19000244140625
2022-08-31,67.58000183105469,67.58000183105469,67.58000183105469,67.58000183105469,0.0,67.58000183105469
2022-09-01,66.13999938964844,66.13999938964844,66.13999938964844,66.13999938964844,0.0,66.13999938964844
2022-09-02,65.69999694824219,65.69999694824219,65.69999694824219,65.69999694824219,0.0,65.69999694824219
2022-09-06,65.05999755859375,65.05999755859375,65.05999755859375,65.05999755859375,0.0,65.05999755859375
2022-09-07,65.88999938964844,65.88999938964844,65.88999938964844,65.88999938964844,0.0,65.88999938964844
2022-09-08,66.69999694824219,66.69999694824219,66.69999694824219,66.69999694824219,0.0,66.69999694824219
2022-09-09,68.38999938964844,68.38999938964844,68.38999938964844,68.38999938964844,0.0,68.38999938964844
2022-09-12,69.08999633789062,69.08999633789062,69.08999633789062,69.08999633789062,0.0,69.08999633789062
2022-09-13,66.33000183105469,66.33000183105469,66.33000183105469,66.33000183105469,0.0,66.33000183105469
2022-09-14,66.62000274658203,66.62000274658203,66.62000274658203,66.62000274658203,0.0,66.62000274658203
2022-09-15,65.44000244140625,65.44000244140625,65.44000244140625,65.44000244140625,0.0,65.44000244140625
2022-09-16,64.5,64.5,64.5,64.5,0.0,64.5
2022-09-20,64.1500015258789,64.1500015258789,64.1500015258789,64.1500015258789,0.0,64.1500015258789
2022-09-21,63.34000015258789,63.34000015258789,63.34000015258789,63.34000015258789,0.0,63.34000015258789
2022-09-22,61.880001068115234,61.880001068115234,61.880001068115234,61.880001068115234,0.0,61.880001068115234
2022-09-23,60.84000015258789,60.84000015258789,60.84000015258789,60.84000015258789,0.0,60.84000015258789
2022-09-26,60.18999862670898,60.18999862670898,60.18999862670898,60.18999862670898,0.0,60.18999862670898
2022-09-27,60.77000045776367,60.77000045776367,60.77000045776367,60.77000045776367,0.0,60.77000045776367
2022-09-28,61.70000076293945,61.70000076293945,61.70000076293945,61.70000076293945,0.0,61.70000076293945
2022-09-29,60.2599983215332,60.2599983215332,60.2599983215332,60.2599983215332,0.0,60.2599983215332
2022-09-30,59.56999969482422,59.56999969482422,59.56999969482422,59.56999969482422,0.0,59.56999969482422
2022-10-03,60.810001373291016,60.810001373291016,60.810001373291016,60.810001373291016,0.0,60.810001373291016
2022-10-04,63.22999954223633,63.22999954223633,63.22999954223633,63.22999954223633,0.0,63.22999954223633
2022-10-05,63.47999954223633,63.47999954223633,63.47999954223633,63.47999954223633,0.0,63.47999954223633
2022-10-06,63.400001525878906,63.400001525878906,63.400001525878906,63.400001525878906,0.0,63.400001525878906
2022-10-07,60.5099983215332,60.5099983215332,60.5099983215332,60.5099983215332,0.0,60.5099983215332
2022-10-10,59.0099983215332,59.0099983215332,59.0099983215332,59.0099983215332,0.0,59.0099983215332
2022-10-11,57.52999877929688,57.52999877929688,57.52999877929688,57.52999877929688,0.0,57.52999877929688
2022-10-12,57.34000015258789,57.34000015258789,57.34000015258789,57.34000015258789,0.0,57.34000015258789
2022-10-13,57.84000015258789,57.84000015258789,57.84000015258789,57.84000015258789,0.0,57.84000015258789
2022-10-14,56.34999847412109,56.34999847412109,56.34999847412109,56.34999847412109,0.0,56.34999847412109
2022-10-17,58.060001373291016,58.060001373291016,58.060001373291016,58.060001373291016,0.0,58.060001373291016
2022-10-18,58.810001373291016,58.810001373291016,58.810001373291016,58.810001373291016,0.0,58.810001373291016
2022-10-19,58.04999923706055,58.04999923706055,58.04999923706055,58.04999923706055,0.0,58.04999923706055
2022-10-20,58.20000076293945,58.20000076293945,58.20000076293945,58.20000076293945,0.0,58.20000076293945
2022-10-21,59.09000015258789,59.09000015258789,59.09000015258789,59.09000015258789,0.0,59.09000015258789
2022-10-24,59.20000076293945,59.20000076293945,59.20000076293945,59.20000076293945,0.0,59.20000076293945
2022-10-25,60.790000915527344,60.790000915527344,60.790000915527344,60.790000915527344,0.0,60.790000915527344
2022-10-26,59.560001373291016,59.560001373291016,59.560001373291016,59.560001373291016,0.0,59.560001373291016
2022-10-27,59.47999954223633,59.47999954223633,59.47999954223633,59.47999954223633,0.0,59.47999954223633
2022-10-28,60.5,60.5,60.5,60.5,0.0,60.5
2022-11-01,59.84000015258789,59.84000015258789,59.84000015258789,59.84000015258789,0.0,59.84000015258789
2022-11-02,57.59999847412109,57.59999847412109,57.59999847412109,57.59999847412109,0.0,57.59999847412109
2022-11-03,56.810001373291016,56.810001373291016,56.810001373291016,56.810001373291016,0.0,56.810001373291016
2022-11-04,56.77999877929688,56.77999877929688,56.77999877929688,56.77999877929688,0.0,56.77999877929688
2022-11-07,57.20000076293945,57.20000076293945,57.20000076293945,57.20000076293945,0.0,57.20000076293945
2022-11-08,57.90999984741211,57.90999984741211,57.90999984741211,57.90999984741211,0.0,57.90999984741211
2022-11-09,56.369998931884766,56.369998931884766,56.369998931884766,56.369998931884766,0.0,56.369998931884766
2022-11-10,61.040000915527344,61.040000915527344,61.040000915527344,61.040000915527344,0.0,61.040000915527344
2022-11-11,63.08000183105469,63.08000183105469,63.08000183105469,63.08000183105469,0.0,63.08000183105469
2022-11-14,62.54999923706055,62.54999923706055,62.54999923706055,62.54999923706055,0.0,62.54999923706055
2022-11-15,64.25,64.25,64.25,64.25,0.0,64.25
2022-11-16,62.650001525878906,62.650001525878906,62.650001525878906,62.650001525878906,0.0,62.650001525878906
2022-11-17,62.11000061035156,62.11000061035156,62.11000061035156,62.11000061035156,0.0,62.11000061035156
2022-11-18,61.90999984741211,61.90999984741211,61.90999984741211,61.90999984741211,0.0,61.90999984741211
2022-11-21,60.810001373291016,60.810001373291016,60.810001373291016,60.810001373291016,0.0,60.810001373291016
2022-11-22,61.59999847412109,61.59999847412109,61.59999847412109,61.59999847412109,0.0,61.59999847412109
2022-11-23,62.52999877929688,62.52999877929688,62.52999877929688,62.52999877929688,0.0,62.52999877929688
2022-11-25,62.2400016784668,62.2400016784668,62.2400016784668,62.2400016784668,0.0,62.2400016784668
2022-11-28,61.27999877929688,61.27999877929688,61.27999877929688,61.27999877929688,0.0,61.27999877929688
2022-11-29,60.95000076293945,60.95000076293945,60.95000076293945,60.95000076293945,0.0,60.95000076293945
2022-11-30,63.52000045776367,63.52000045776367,63.52000045776367,63.52000045776367,0.0,63.52000045776367
2022-12-01,64.1500015258789,64.1500015258789,64.1500015258789,64.1500015258789,0.0,64.1500015258789
2022-12-02,63.810001373291016,63.810001373291016,63.810001373291016,63.810001373291016,0.0,63.810001373291016
2022-12-05,62.470001220703125,62.470001220703125,62.470001220703125,62.470001220703125,0.0,62.470001220703125
2022-12-06,61.04999923706055,61.04999923706055,61.04999923706055,61.04999923706055,0.0,61.04999923706055
2022-12-07,60.75,60.75,60.75,60.75,0.0,60.75
2022-12-08,61.93000030517578,61.93000030517578,61.93000030517578,61.93000030517578,0.0,61.93000030517578
2022-12-09,61.75,61.75,61.75,61.75,0.0,61.75
2022-12-12,62.56999969482422,62.56999969482422,62.56999969482422,62.56999969482422,0.0,62.56999969482422
2022-12-13,63.59000015258789,63.59000015258789,63.59000015258789,63.59000015258789,0.0,63.59000015258789
2022-12-14,63.59999847412109,63.59999847412109,63.59999847412109,63.59999847412109,0.0,63.59999847412109
2022-12-15,61.22999954223633,61.22999954223633,61.22999954223633,61.22999954223633,0.0,61.22999954223633
2022-12-16,60.540000915527344,60.540000915527344,60.540000915527344,60.540000915527344,0.0,60.540000915527344
2022-12-19,59.459999084472656,59.459999084472656,59.459999084472656,59.459999084472656,0.0,59.459999084472656
2022-12-20,59.52999877929688,59.52999877929688,59.52999877929688,59.52999877929688,0.0,59.52999877929688
2022-12-21,60.2599983215332,60.2599983215332,60.2599983215332,60.2599983215332,0.0,60.2599983215332
2022-12-22,58.790000915527344,58.790000915527344,58.790000915527344,58.790000915527344,0.0,58.790000915527344
2022-12-23,58.56999969482422,58.56999969482422,58.56999969482422,58.56999969482422,0.0,58.56999969482422
2022-12-29,58.68000030517578,58.68000030517578,58.68000030517578,58.68000030517578,0.0,58.68000030517578
2022-12-30,58.5099983215332,58.5099983215332,58.5099983215332,58.5099983215332,0.0,58.5099983215332
2023-01-03,58.310001373291016,58.310001373291016,58.310001373291016,58.310001373291016,0.0,58.310001373291016
2023-01-04,58.72999954223633,58.72999954223633,58.72999954223633,58.72999954223633,0.0,58.72999954223633
2023-01-05,57.2599983215332,57.2599983215332,57.2599983215332,57.2599983215332,0.0,57.2599983215332
2023-01-06,58.400001525878906,58.400001525878906,58.400001525878906,58.400001525878906,0.0,58.400001525878906
2023-01-09,59.650001525878906,59.650001525878906,59.650001525878906,59.650001525878906,0.0,59.650001525878906
2023-01-10,60.13999938964844,60.13999938964844,60.13999938964844,60.13999938964844,0.0,60.13999938964844
2023-01-11,61.2400016784668,61.2400016784668,61.2400016784668,61.2400016784668,0.0,61.2400016784668
2023-01-12,61.880001068115234,61.880001068115234,61.880001068115234,61.880001068115234,0.0,61.880001068115234
2023-01-13,62.54999923706055,62.54999923706055,62.54999923706055,62.54999923706055,0.0,62.54999923706055
2023-01-17,63.150001525878906,63.150001525878906,63.150001525878906,63.150001525878906,0.0,63.150001525878906
2023-01-18,62.63999938964844,62.63999938964844,62.63999938964844,62.63999938964844,0.0,62.63999938964844
2023-01-19,61.650001525878906,61.650001525878906,61.650001525878906,61.650001525878906,0.0,61.650001525878906
2023-01-20,63.369998931884766,63.369998931884766,63.369998931884766,63.369998931884766,0.0,63.369998931884766
2023-01-23,65.16999816894531,65.16999816894531,65.16999816894531,65.16999816894531,0.0,65.16999816894531
2023-01-24,64.83999633789062,64.83999633789062,64.83999633789062,64.83999633789062,0.0,64.83999633789062
2023-01-25,64.91000366210938,64.91000366210938,64.91000366210938,64.91000366210938,0.0,64.91000366210938
2023-01-26,66.16999816894531,66.16999816894531,66.16999816894531,66.16999816894531,0.0,66.16999816894531
2023-01-27,66.7300033569336,66.7300033569336,66.7300033569336,66.7300033569336,0.0,66.7300033569336
2023-01-30,65.11000061035156,65.11000061035156,65.11000061035156,65.11000061035156,0.0,65.11000061035156
2023-01-31,65.98999786376953,65.98999786376953,65.98999786376953,65.98999786376953,0.0,65.98999786376953
2023-02-01,68.23999786376953,68.23999786376953,68.23999786376953,68.23999786376953,0.0,68.23999786376953
2023-02-02,70.91000366210938,70.91000366210938,70.91000366210938,70.91000366210938,0.0,70.91000366210938
2023-02-03,69.27999877929688,69.27999877929688,69.27999877929688,69.27999877929688,0.0,69.27999877929688
2023-02-07,69.68000030517578,69.68000030517578,69.68000030517578,69.68000030517578,0.0,69.68000030517578
2023-02-08,68.76000213623047,68.76000213623047,68.76000213623047,68.76000213623047,0.0,68.76000213623047
2023-02-09,68.33999633789062,68.33999633789062,68.33999633789062,68.33999633789062,0.0,68.33999633789062
2023-02-10,67.27999877929688,67.27999877929688,67.27999877929688,67.27999877929688,0.0,67.27999877929688
2023-02-13,68.2300033569336,68.2300033569336,68.2300033569336,68.2300033569336,0.0,68.2300033569336
2023-02-14,69.20999908447266,69.20999908447266,69.20999908447266,69.20999908447266,0.0,69.20999908447266
2023-02-15,69.79000091552734,69.79000091552734,69.79000091552734,69.79000091552734,0.0,69.79000091552734
2023-02-16,68.26000213623047,68.26000213623047,68.26000213623047,68.26000213623047,0.0,68.26000213623047
2023-02-17,67.11000061035156,67.11000061035156,67.11000061035156,67.11000061035156,0.0,67.11000061035156
2023-02-21,65.80000305175781,65.80000305175781,65.80000305175781,65.80000305175781,0.0,65.80000305175781
2023-02-22,65.79000091552734,65.79000091552734,65.79000091552734,65.79000091552734,0.0,65.79000091552734
2023-02-23,66.72000122070312,66.72000122070312,66.72000122070312,66.72000122070312,0.0,66.72000122070312
2023-02-24,65.5199966430664,65.5199966430664,65.5199966430664,65.5199966430664,0.0,65.5199966430664
2023-02-27,66.0,66.0,66.0,66.0,0.0,66.0
2023-02-28,66.05000305175781,66.05000305175781,66.05000305175781,66.05000305175781,0.0,66.05000305175781
2023-03-01,66.12000274658203,66.12000274658203,66.12000274658203,66.12000274658203,0.0,66.12000274658203
2023-03-02,66.5199966430664,66.5199966430664,66.5199966430664,66.5199966430664,0.0,66.5199966430664
2023-03-03,67.81999969482422,67.81999969482422,67.81999969482422,67.81999969482422,0.0,67.81999969482422
2023-03-06,67.93000030517578,67.93000030517578,67.93000030517578,67.93000030517578,0.0,67.93000030517578
2023-03-07,67.37999725341797,67.37999725341797,67.37999725341797,67.37999725341797,0.0,67.37999725341797
2023-03-08,67.80999755859375,67.80999755859375,67.80999755859375,67.80999755859375,0.0,67.80999755859375
2023-03-09,66.55999755859375,66.55999755859375,66.55999755859375,66.55999755859375,0.0,66.55999755859375
2023-03-10,65.19000244140625,65.19000244140625,65.19000244140625,65.19000244140625,0.0,65.19000244140625
2023-03-13,65.61000061035156,65.61000061035156,65.61000061035156,65.61000061035156,0.0,65.61000061035156
2023-03-14,66.80000305175781,66.80000305175781,66.80000305175781,66.80000305175781,0.0,66.80000305175781
2023-03-15,66.68000030517578,66.68000030517578,66.68000030517578,66.68000030517578,0.0,66.68000030517578
2023-03-16,68.55999755859375,68.55999755859375,68.55999755859375,68.55999755859375,0.0,68.55999755859375
2023-03-20,68.41000366210938,68.41000366210938,68.41000366210938,68.41000366210938,0.0,68.41000366210938
2023-03-21,69.5199966430664,69.5199966430664,69.5199966430664,69.5199966430664,0.0,69.5199966430664
2023-03-22,68.81999969482422,68.81999969482422,68.81999969482422,68.81999969482422,0.0,68.81999969482422
2023-03-23,70.12000274658203,70.12000274658203,70.12000274658203,70.12000274658203,0.0,70.12000274658203
2023-03-24,69.47000122070312,69.47000122070312,69.47000122070312,69.47000122070312,0.0,69.47000122070312
2023-03-27,68.91000366210938,68.91000366210938,68.91000366210938,68.91000366210938,0.0,68.91000366210938
2023-03-28,68.5199966430664,68.5199966430664,68.5199966430664,68.5199966430664,0.0,68.5199966430664
2023-03-29,69.7300033569336,69.7300033569336,69.7300033569336,69.7300033569336,0.0,69.7300033569336
2023-03-30,70.54000091552734,70.54000091552734,70.54000091552734,70.54000091552734,0.0,70.54000091552734
2023-03-31,71.80999755859375,71.80999755859375,71.80999755859375,71.80999755859375,0.0,71.80999755859375
2023-04-03,71.33000183105469,71.33000183105469,71.33000183105469,71.33000183105469,0.0,71.33000183105469
2023-04-04,71.02999877929688,71.02999877929688,71.02999877929688,71.02999877929688,0.0,71.02999877929688
2023-04-05,69.66999816894531,69.66999816894531,69.66999816894531,69.66999816894531,0.0,69.66999816894531
2023-04-06,69.8499984741211,69.8499984741211,69.8499984741211,69.8499984741211,0.0,69.8499984741211
2023-04-11,69.7699966430664,69.7699966430664,69.7699966430664,69.7699966430664,0.0,69.7699966430664
2023-04-12,69.2300033569336,69.2300033569336,69.2300033569336,69.2300033569336,0.0,69.2300033569336
2023-04-13,70.4000015258789,70.4000015258789,70.4000015258789,70.4000015258789,0.0,70.4000015258789
2023-04-14,70.19000244140625,70.19000244140625,70.19000244140625,70.19000244140625,0.0,70.19000244140625
2023-04-17,70.30999755859375,70.30999755859375,70.30999755859375,70.30999755859375,0.0,70.30999755859375
2023-04-18,70.36000061035156,70.36000061035156,70.36000061035156,70.36000061035156,0.0,70.36000061035156
2023-04-19,69.9000015258789,69.9000015258789,69.9000015258789,69.9000015258789,0.0,69.9000015258789
2023-04-20,69.38999938964844,69.38999938964844,69.38999938964844,69.38999938964844,0.0,69.38999938964844
2023-04-21,69.37000274658203,69.37000274658203,69.37000274658203,69.37000274658203,0.0,69.37000274658203
2023-04-24,68.91999816894531,68.91999816894531,68.91999816894531,68.91999816894531,0.0,68.91999816894531
2023-04-25,66.88999938964844,66.88999938964844,66.88999938964844,66.88999938964844,0.0,66.88999938964844
2023-04-26,67.47000122070312,67.47000122070312,67.47000122070312,67.47000122070312,0.0,67.47000122070312
2023-04-27,68.5199966430664,68.5199966430664,68.5199966430664,68.5199966430664,0.0,68.5199966430664
2023-04-28,68.61000061035156,68.61000061035156,68.61000061035156,68.61000061035156,0.0,68.61000061035156
2023-05-02,68.08999633789062,68.08999633789062,68.08999633789062,68.08999633789062,0.0,68.08999633789062
2023-05-03,67.5199966430664,67.5199966430664,67.5199966430664,67.5199966430664,0.0,67.5199966430664
2023-05-04,67.79000091552734,67.79000091552734,67.79000091552734,67.79000091552734,0.0,67.79000091552734
2023-05-05,68.95999908447266,68.95999908447266,68.95999908447266,68.95999908447266,0.0,68.95999908447266
2023-05-09,69.23999786376953,69.23999786376953,69.23999786376953,69.23999786376953,0.0,69.23999786376953
2023-05-10,70.16999816894531,70.16999816894531,70.16999816894531,70.16999816894531,0.0,70.16999816894531
2023-05-11,70.22000122070312,70.22000122070312,70.22000122070312,70.22000122070312,0.0,70.22000122070312
2023-05-12,70.19000244140625,70.19000244140625,70.19000244140625,70.19000244140625,0.0,70.19000244140625
2023-05-15,70.91999816894531,70.91999816894531,70.91999816894531,70.91999816894531,0.0,70.91999816894531
2023-05-16,71.20999908447266,71.20999908447266,71.20999908447266,71.20999908447266,0.0,71.20999908447266
2023-05-17,72.22000122070312,72.22000122070312,72.22000122070312,72.22000122070312,0.0,72.22000122070312
2023-05-18,73.72000122070312,73.72000122070312,73.72000122070312,73.72000122070312,0.0,73.72000122070312
2023-05-19,73.48999786376953,73.48999786376953,73.48999786376953,73.48999786376953,0.0,73.48999786376953
2023-05-22,74.08000183105469,74.08000183105469,74.08000183105469,74.08000183105469,0.0,74.08000183105469
2023-05-23,72.91999816894531,72.91999816894531,72.91999816894531,72.91999816894531,0.0,72.91999816894531
2023-05-24,72.77999877929688,72.77999877929688,72.77999877929688,72.77999877929688,0.0,72.77999877929688
2023-05-25,75.12000274658203,75.12000274658203,75.12000274658203,75.12000274658203,0.0,75.12000274658203
2023-05-26,77.45999908447266,77.45999908447266,77.45999908447266,77.45999908447266,0.0,77.45999908447266
2023-05-30,78.0,78.0,78.0,78.0,0.0,78.0
2023-05-31,76.95999908447266,76.95999908447266,76.95999908447266,76.95999908447266,0.0,76.95999908447266
2023-06-01,78.18000030517578,78.18000030517578,78.18000030517578,78.18000030517578,0.0,78.18000030517578
2023-06-02,78.55999755859375,78.55999755859375,78.55999755859375,78.55999755859375,0.0,78.55999755859375
2023-06-06,79.0999984741211,79.0999984741211,79.0999984741211,79.0999984741211,0.0,79.0999984741211
2023-06-07,77.19999694824219,77.19999694824219,77.19999694824219,77.19999694824219,0.0,77.19999694824219
2023-06-08,77.87000274658203,77.87000274658203,77.87000274658203,77.87000274658203,0.0,77.87000274658203
2023-06-09,78.51000213623047,78.51000213623047,78.51000213623047,78.51000213623047,0.0,78.51000213623047
2023-06-12,80.0199966430664,80.0199966430664,80.0199966430664,80.0199966430664,0.0,80.0199966430664
2023-06-13,80.95999908447266,80.95999908447266,80.95999908447266,80.95999908447266,0.0,80.95999908447266
2023-06-14,81.5,81.5,81.5,81.5,0.0,81.5
2023-06-15,82.04000091552734,82.04000091552734,82.04000091552734,82.04000091552734,0.0,82.04000091552734
2023-06-16,81.31999969482422,81.31999969482422,81.31999969482422,81.31999969482422,0.0,81.31999969482422
2023-06-20,80.86000061035156,80.86000061035156,80.86000061035156,80.86000061035156,0.0,80.86000061035156
2023-06-21,79.51000213623047,79.51000213623047,79.51000213623047,79.51000213623047,0.0,79.51000213623047
2023-06-22,80.25,80.25,80.25,80.25,0.0,80.25
2023-06-23,79.2699966430664,79.2699966430664,79.2699966430664,79.2699966430664,0.0,79.2699966430664
2023-06-26,78.16000366210938,78.16000366210938,78.16000366210938,78.16000366210938,0.0,78.16000366210938
2023-06-27,79.41999816894531,79.41999816894531,79.41999816894531,79.41999816894531,0.0,79.41999816894531
2023-06-28,79.72000122070312,79.72000122070312,79.72000122070312,79.72000122070312,0.0,79.72000122070312
2023-06-29,79.58999633789062,79.58999633789062,79.58999633789062,79.58999633789062,0.0,79.58999633789062
2023-06-30,80.9000015258789,80.9000015258789,80.9000015258789,80.9000015258789,0.0,80.9000015258789
2023-07-03,81.16999816894531,81.16999816894531,81.16999816894531,81.16999816894531,0.0,81.16999816894531
2023-07-05,80.86000061035156,80.86000061035156,80.86000061035156,80.86000061035156,0.0,80.86000061035156
2023-07-06,79.87999725341797,79.87999725341797,79.87999725341797,79.87999725341797,0.0,79.87999725341797
2023-07-07,79.73999786376953,79.73999786376953,79.73999786376953,79.73999786376953,0.0,79.73999786376953
2023-07-10,79.95999908447266,79.95999908447266,79.95999908447266,79.95999908447266,0.0,79.95999908447266
2023-07-11,80.51000213623047,80.51000213623047,80.51000213623047,80.51000213623047,0.0,80.51000213623047
2023-07-12,81.61000061035156,81.61000061035156,81.61000061035156,81.61000061035156,0.0,81.61000061035156
2023-07-13,83.58999633789062,83.58999633789062,83.58999633789062,83.58999633789062,0.0,83.58999633789062
2023-07-14,83.5199966430664,83.5199966430664,83.5199966430664,83.5199966430664,0.0,83.5199966430664
2023-07-17,84.41000366210938,84.41000366210938,84.41000366210938,84.41000366210938,0.0,84.41000366210938
2023-07-18,84.94000244140625,84.94000244140625,84.94000244140625,84.94000244140625,0.0,84.94000244140625
2023-07-19,84.54000091552734,84.54000091552734,84.54000091552734,84.54000091552734,0.0,84.54000091552734
2023-07-20,81.80999755859375,81.80999755859375,81.80999755859375,81.80999755859375,0.0,81.80999755859375
2023-07-21,81.43000030517578,81.43000030517578,81.43000030517578,81.43000030517578,0.0,81.43000030517578
2023-07-24,81.5199966430664,81.5199966430664,81.5199966430664,81.5199966430664,0.0,81.5199966430664
2023-07-25,82.41999816894531,82.41999816894531,82.41999816894531,82.41999816894531,0.0,82.41999816894531
2023-07-26,81.91999816894531,81.91999816894531,81.91999816894531,81.91999816894531,0.0,81.91999816894531
2023-07-27,82.23999786376953,82.23999786376953,82.23999786376953,82.23999786376953,0.0,82.23999786376953
2023-07-28,83.63999938964844,83.63999938964844,83.63999938964844,83.63999938964844,0.0,83.63999938964844
2023-07-31,83.9800033569336,83.9800033569336,83.9800033569336,83.9800033569336,0.0,83.9800033569336
2023-08-01,83.94000244140625,83.94000244140625,83.94000244140625,83.94000244140625,0.0,83.94000244140625
2023-08-02,81.05000305175781,81.05000305175781,81.05000305175781,81.05000305175781,0.0,81.05000305175781
2023-08-03,80.98999786376953,80.98999786376953,80.98999786376953,80.98999786376953,0.0,80.98999786376953
2023-08-04,80.5999984741211,80.5999984741211,80.5999984741211,80.5999984741211,0.0,80.5999984741211
2023-08-08,79.5999984741211,79.5999984741211,79.5999984741211,79.5999984741211,0.0,79.5999984741211
2023-08-09,78.63999938964844,78.63999938964844,78.63999938964844,78.63999938964844,0.0,78.63999938964844
2023-08-10,78.80999755859375,78.80999755859375,78.80999755859375,78.80999755859375,0.0,78.80999755859375
2023-08-11,77.94000244140625,77.94000244140625,77.94000244140625,77.94000244140625,0.0,77.94000244140625
2023-08-14,78.9000015258789,78.9000015258789,78.9000015258789,78.9000015258789,0.0,78.9000015258789
2023-08-15,78.36000061035156,78.36000061035156,78.36000061035156,78.36000061035156,0.0,78.36000061035156
2023-08-16,77.44000244140625,77.44000244140625,77.44000244140625,77.44000244140625,0.0,77.44000244140625
2023-08-17,76.55000305175781,76.55000305175781,76.55000305175781,76.55000305175781,0.0,76.55000305175781
2023-08-18,76.44999694824219,76.44999694824219,76.44999694824219,76.44999694824219,0.0,76.44999694824219
2023-08-21,77.97000122070312,77.97000122070312,77.97000122070312,77.97000122070312,0.0,77.97000122070312
2023-08-22,78.11000061035156,78.11000061035156,78.11000061035156,78.11000061035156,0.0,78.11000061035156
2023-08-23,79.62000274658203,79.62000274658203,79.62000274658203,79.62000274658203,0.0,79.62000274658203
2023-08-24,77.98999786376953,77.98999786376953,77.98999786376953,77.98999786376953,0.0,77.98999786376953
2023-08-25,77.8499984741211,77.8499984741211,77.8499984741211,77.8499984741211,0.0,77.8499984741211
2023-08-29,80.08000183105469,80.08000183105469,80.08000183105469,80.08000183105469,0.0,80.08000183105469
2023-08-30,80.75,80.75,80.75,80.75,0.0,80.75
2023-08-31,81.33999633789062,81.33999633789062,81.33999633789062,81.33999633789062,0.0,81.33999633789062
2023-09-01,81.62999725341797,81.62999725341797,81.62999725341797,81.62999725341797,0.0,81.62999725341797
2023-09-05,81.9800033569336,81.9800033569336,81.9800033569336,81.9800033569336,0.0,81.9800033569336
2023-09-06,81.23999786376953,81.23999786376953,81.23999786376953,81.23999786376953,0.0,81.23999786376953
2023-09-07,80.31999969482422,80.31999969482422,80.31999969482422,80.31999969482422,0.0,80.31999969482422
2023-09-08,80.1500015258789,80.1500015258789,80.1500015258789,80.1500015258789,0.0,80.1500015258789
2023-09-11,80.66000366210938,80.66000366210938,80.66000366210938,80.66000366210938,0.0,80.66000366210938
2023-09-12,79.61000061035156,79.61000061035156,79.61000061035156,79.61000061035156,0.0,79.61000061035156
2023-09-13,79.8499984741211,79.8499984741211,79.8499984741211,79.8499984741211,0.0,79.8499984741211
2023-09-14,80.44999694824219,80.44999694824219,80.44999694824219,80.44999694824219,0.0,80.44999694824219
2023-09-15,78.87000274658203,78.87000274658203,78.87000274658203,78.87000274658203,0.0,78.87000274658203
2023-09-18,78.75,78.75,78.75,78.75,0.0,78.75
2023-09-19,78.37999725341797,78.37999725341797,78.37999725341797,78.37999725341797,0.0,78.37999725341797
2023-09-20,77.26000213623047,77.26000213623047,77.26000213623047,77.26000213623047,0.0,77.26000213623047
2023-09-21,75.4800033569336,75.4800033569336,75.4800033569336,75.4800033569336,0.0,75.4800033569336
2023-09-22,75.81999969482422,75.81999969482422,75.81999969482422,75.81999969482422,0.0,75.81999969482422
2023-09-25,76.0999984741211,76.0999984741211,76.0999984741211,76.0999984741211,0.0,76.0999984741211
2023-09-26,74.87000274658203,74.87000274658203,74.87000274658203,74.87000274658203,0.0,74.87000274658203
2023-09-27,75.37000274658203,75.37000274658203,75.37000274658203,75.37000274658203,0.0,75.37000274658203
2023-09-28,76.33000183105469,76.33000183105469,76.33000183105469,76.33000183105469,0.0,76.33000183105469
2023-09-29,76.66000366210938,76.66000366210938,76.66000366210938,76.66000366210938,0.0,76.66000366210938
2023-10-02,77.5199966430664,77.5199966430664,77.5199966430664,77.5199966430664,0.0,77.5199966430664
2023-10-03,75.79000091552734,75.79000091552734,75.79000091552734,75.79000091552734,0.0,75.79000091552734
2023-10-04,76.5999984741211,76.5999984741211,76.5999984741211,76.5999984741211,0.0,76.5999984741211
2023-10-05,76.66000366210938,76.66000366210938,76.66000366210938,76.66000366210938,0.0,76.66000366210938
2023-10-06,78.38999938964844,78.38999938964844,78.38999938964844,78.38999938964844,0.0,78.38999938964844
2023-10-09,78.56999969482422,78.56999969482422,78.56999969482422,78.56999969482422,0.0,78.56999969482422
2023-10-10,79.12999725341797,79.12999725341797,79.12999725341797,79.12999725341797,0.0,79.12999725341797
2023-10-11,79.8499984741211,79.8499984741211,79.8499984741211,79.8499984741211,0.0,79.8499984741211
2023-10-12,79.81999969482422,79.81999969482422,79.81999969482422,79.81999969482422,0.0,79.81999969482422
2023-10-13,78.2699966430664,78.2699966430664,78.2699966430664,78.2699966430664,0.0,78.2699966430664
2023-10-16,78.94000244140625,78.94000244140625,78.94000244140625,78.94000244140625,0.0,78.94000244140625
2023-10-17,78.75,78.75,78.75,78.75,0.0,78.75
2023-10-18,77.41000366210938,77.41000366210938,77.41000366210938,77.41000366210938,0.0,77.41000366210938
2023-10-19,76.81999969482422,76.81999969482422,76.81999969482422,76.81999969482422,0.0,76.81999969482422
2023-10-20,75.54000091552734,75.54000091552734,75.54000091552734,75.54000091552734,0.0,75.54000091552734
2023-10-23,75.80000305175781,75.80000305175781,75.80000305175781,75.80000305175781,0.0,75.80000305175781
2023-10-24,76.55000305175781,76.55000305175781,76.55000305175781,76.55000305175781,0.0,76.55000305175781
2023-10-25,74.45999908447266,74.45999908447266,74.45999908447266,74.45999908447266,0.0,74.45999908447266
2023-10-26,72.69999694824219,72.69999694824219,72.69999694824219,72.69999694824219,0.0,72.69999694824219
2023-10-27,73.36000061035156,73.36000061035156,73.36000061035156,73.36000061035156,0.0,73.36000061035156
2023-10-31,74.26000213623047,74.26000213623047,74.26000213623047,74.26000213623047,0.0,74.26000213623047
2023-11-01,75.75,75.75,75.75,75.75,0.0,75.75
2023-11-02,77.0999984741211,77.0999984741211,77.0999984741211,77.0999984741211,0.0,77.0999984741211
2023-11-03,78.45999908447266,78.45999908447266,78.45999908447266,78.45999908447266,0.0,78.45999908447266
2023-11-06,78.91000366210938,78.91000366210938,78.91000366210938,78.91000366210938,0.0,78.91000366210938
2023-11-07,79.87999725341797,79.87999725341797,79.87999725341797,79.87999725341797,0.0,79.87999725341797
2023-11-08,80.30000305175781,80.30000305175781,80.30000305175781,80.30000305175781,0.0,80.30000305175781
2023-11-09,79.98999786376953,79.98999786376953,79.98999786376953,79.98999786376953,0.0,79.98999786376953
2023-11-10,81.55999755859375,81.55999755859375,81.55999755859375,81.55999755859375,0.0,81.55999755859375
2023-11-13,81.62999725341797,81.62999725341797,81.62999725341797,81.62999725341797,0.0,81.62999725341797
2023-11-14,83.51000213623047,83.51000213623047,83.51000213623047,83.51000213623047,0.0,83.51000213623047
2023-11-15,83.66000366210938,83.66000366210938,83.66000366210938,83.66000366210938,0.0,83.66000366210938
2023-11-16,83.94999694824219,83.94999694824219,83.94999694824219,83.94999694824219,0.0,83.94999694824219
2023-11-17,84.08000183105469,84.08000183105469,84.08000183105469,84.08000183105469,0.0,84.08000183105469
2023-11-20,85.16999816894531,85.16999816894531,85.16999816894531,85.16999816894531,0.0,85.16999816894531
2023-11-21,84.80000305175781,84.80000305175781,84.80000305175781,84.80000305175781,0.0,84.80000305175781
2023-11-22,84.9800033569336,84.9800033569336,84.9800033569336,84.9800033569336,0.0,84.9800033569336
2023-11-24,84.61000061035156,84.61000061035156,84.61000061035156,84.61000061035156,0.0,84.61000061035156
2023-11-27,84.61000061035156,84.61000061035156,84.61000061035156,84.61000061035156,0.0,84.61000061035156
2023-11-28,85.0,85.0,85.0,85.0,0.0,85.0
2023-11-29,85.73999786376953,85.73999786376953,85.73999786376953,85.73999786376953,0.0,85.73999786376953
2023-11-30,85.27999877929688,85.27999877929688,85.27999877929688,85.27999877929688,0.0,85.27999877929688
2023-12-01,85.47000122070312,85.47000122070312,85.47000122070312,85.47000122070312,0.0,85.47000122070312
2023-12-04,84.4000015258789,84.4000015258789,84.4000015258789,84.4000015258789,0.0,84.4000015258789
2023-12-05,84.5199966430664,84.5199966430664,84.5199966430664,84.5199966430664,0.0,84.5199966430664
2023-12-06,83.80999755859375,83.80999755859375,83.80999755859375,83.80999755859375,0.0,83.80999755859375
2023-12-07,85.04000091552734,85.04000091552734,85.04000091552734,85.04000091552734,0.0,85.04000091552734
2023-12-08,85.77999877929688,85.77999877929688,85.77999877929688,85.77999877929688,0.0,85.77999877929688
2023-12-11,86.23999786376953,86.23999786376953,86.23999786376953,86.23999786376953,0.0,86.23999786376953
2023-12-12,87.0199966430664,87.0199966430664,87.0199966430664,87.0199966430664,0.0,87.0199966430664
2023-12-13,87.97000122070312,87.97000122070312,87.97000122070312,87.97000122070312,0.0,87.97000122070312
2023-12-14,88.30000305175781,88.30000305175781,88.30000305175781,88.30000305175781,0.0,88.30000305175781
2023-12-15,88.83999633789062,88.83999633789062,88.83999633789062,88.83999633789062,0.0,88.83999633789062
2023-12-18,89.16999816894531,89.16999816894531,89.16999816894531,89.16999816894531,0.0,89.16999816894531
2023-12-19,89.41000366210938,89.41000366210938,89.41000366210938,89.41000366210938,0.0,89.41000366210938
2023-12-20,88.2699966430664,88.2699966430664,88.2699966430664,88.2699966430664,0.0,88.2699966430664
2023-12-21,89.4800033569336,89.4800033569336,89.4800033569336,89.4800033569336,0.0,89.4800033569336
2023-12-22,89.43000030517578,89.43000030517578,89.43000030517578,89.43000030517578,0.0,89.43000030517578
2023-12-28,90.56999969482422,90.56999969482422,90.56999969482422,90.56999969482422,0.0,90.56999969482422
2023-12-29,90.02999877929688,90.02999877929688,90.02999877929688,90.02999877929688,0.0,90.02999877929688
2024-01-02,87.62000274658203,87.62000274658203,87.62000274658203,87.62000274658203,0.0,87.62000274658203
2024-01-03,86.44999694824219,86.44999694824219,86.44999694824219,86.44999694824219,0.0,86.44999694824219
2024-01-04,85.87000274658203,85.87000274658203,85.87000274658203,85.87000274658203,0.0,85.87000274658203
2024-01-05,86.06999969482422,86.06999969482422,86.06999969482422,86.06999969482422,0.0,86.06999969482422
2024-01-08,88.5,88.5,88.5,88.5,0.0,88.5
2024-01-09,89.27999877929688,89.27999877929688,89.27999877929688,89.27999877929688,0.0,89.27999877929688
2024-01-10,89.87000274658203,89.87000274658203,89.87000274658203,89.87000274658203,0.0,89.87000274658203
2024-01-11,90.4499969482422,90.4499969482422,90.4499969482422,90.4499969482422,0.0,90.4499969482422
2024-01-12,90.5199966430664,90.5199966430664,90.5199966430664,90.5199966430664,0.0,90.5199966430664
2024-01-16,91.26000213623048,91.26000213623048,91.26000213623048,91.26000213623048,0.0,91.26000213623048
2024-01-17,90.6500015258789,90.6500015258789,90.6500015258789,90.6500015258789,0.0,90.6500015258789
2024-01-18,92.1999969482422,92.1999969482422,92.1999969482422,92.1999969482422,0.0,92.1999969482422
2024-01-19,95.0,95.0,95.0,95.0,0.0,95.0
2024-01-22,95.66999816894533,95.66999816894533,95.66999816894533,95.66999816894533,0.0,95.66999816894533
2024-01-23,95.77999877929688,95.77999877929688,95.77999877929688,95.77999877929688,0.0,95.77999877929688
2024-01-24,96.75,96.75,96.75,96.75,0.0,96.75
2024-01-25,97.1999969482422,97.1999969482422,97.1999969482422,97.1999969482422,0.0,97.1999969482422
2024-01-26,96.2699966430664,96.2699966430664,96.2699966430664,96.2699966430664,0.0,96.2699966430664
2024-01-29,97.83999633789062,97.83999633789062,97.83999633789062,97.83999633789062,0.0,97.83999633789062
2024-01-30,97.3499984741211,97.3499984741211,97.3499984741211,97.3499984741211,0.0,97.3499984741211
2024-01-31,95.05999755859376,95.05999755859376,95.05999755859376,95.05999755859376,0.0,95.05999755859376
2024-02-01,96.01000213623048,96.01000213623048,96.01000213623048,96.01000213623048,0.0,96.01000213623048
2024-02-02,99.02999877929688,99.02999877929688,99.02999877929688,99.02999877929688,0.0,99.02999877929688
2024-02-06,98.12000274658205,98.12000274658205,98.12000274658205,98.12000274658205,0.0,98.12000274658205
2024-02-07,99.76000213623048,99.76000213623048,99.76000213623048,99.76000213623048,0.0,99.76000213623048
2024-02-08,101.4000015258789,101.4000015258789,101.4000015258789,101.4000015258789,0.0,101.4000015258789
2024-02-09,103.27999877929688,103.27999877929688,103.27999877929688,103.27999877929688,0.0,103.27999877929688
2024-02-12,102.87000274658205,102.87000274658205,102.87000274658205,102.87000274658205,0.0,102.87000274658205
2024-02-13,100.91000366210938,100.91000366210938,100.91000366210938,100.91000366210938,0.0,100.91000366210938
2024-02-14,102.83000183105467,102.83000183105467,102.83000183105467,102.83000183105467,0.0,102.83000183105467
2024-02-15,103.41000366210938,103.41000366210938,103.41000366210938,103.41000366210938,0.0,103.41000366210938
2024-02-16,102.0,102.0,102.0,102.0,0.0,102.0
2024-02-20,99.88999938964844,99.88999938964844,99.88999938964844,99.88999938964844,0.0,99.88999938964844
2024-02-21,98.3000030517578,98.3000030517578,98.3000030517578,98.3000030517578,0.0,98.3000030517578
2024-02-22,102.7300033569336,102.7300033569336,102.7300033569336,102.7300033569336,0.0,102.7300033569336
2024-02-23,102.2699966430664,102.2699966430664,102.2699966430664,102.2699966430664,0.0,102.2699966430664
2024-02-26,102.8000030517578,102.8000030517578,102.8000030517578,102.8000030517578,0.0,102.8000030517578
2024-02-27,102.62000274658205,102.62000274658205,102.62000274658205,102.62000274658205,0.0,102.62000274658205
2024-02-28,102.04000091552734,102.04000091552734,102.04000091552734,102.04000091552734,0.0,102.04000091552734
2024-02-29,104.02999877929688,104.02999877929688,104.02999877929688,104.02999877929688,0.0,104.02999877929688
2024-03-01,106.02999877929688,106.02999877929688,106.02999877929688,106.02999877929688,0.0,106.02999877929688
2024-03-04,106.62999725341795,106.62999725341795,106.62999725341795,106.62999725341795,0.0,106.62999725341795
2024-03-05,104.87999725341795,104.87999725341795,104.87999725341795,104.87999725341795,0.0,104.87999725341795
2024-03-06,106.31999969482422,106.31999969482422,106.31999969482422,106.31999969482422,0.0,106.31999969482422
2024-03-07,107.88999938964844,107.88999938964844,107.88999938964844,107.88999938964844,0.0,107.88999938964844
2024-03-08,105.61000061035156,105.61000061035156,105.61000061035156,105.61000061035156,0.0,105.61000061035156
2024-03-11,103.75,103.75,103.75,103.75,0.0,103.75
2024-03-12,105.62999725341795,105.62999725341795,105.62999725341795,105.62999725341795,0.0,105.62999725341795
2024-03-13,104.5,104.5,104.5,104.5,0.0,104.5
2024-03-14,103.77999877929688,103.77999877929688,103.77999877929688,103.77999877929688,0.0,103.77999877929688
2024-03-15,102.36000061035156,102.36000061035156,102.36000061035156,102.36000061035156,0.0,102.36000061035156
2024-03-19,103.36000061035156,103.36000061035156,103.36000061035156,103.36000061035156,0.0,103.36000061035156
2024-03-20,104.62000274658205,104.62000274658205,104.62000274658205,104.62000274658205,0.0,104.62000274658205
2024-03-21,106.06999969482422,106.06999969482422,106.06999969482422,106.06999969482422,0.0,106.06999969482422
2024-03-22,106.37000274658205,106.37000274658205,106.37000274658205,106.37000274658205,0.0,106.37000274658205
2024-03-25,105.98999786376952,105.98999786376952,105.98999786376952,105.98999786376952,0.0,105.98999786376952
2024-03-26,105.3499984741211,105.3499984741211,105.3499984741211,105.3499984741211,0.0,105.3499984741211
2024-03-27,104.81999969482422,104.81999969482422,104.81999969482422,104.81999969482422,0.0,104.81999969482422
2024-03-28,104.55999755859376,104.55999755859376,104.55999755859376,104.55999755859376,0.0,104.55999755859376
2024-04-02,104.6999969482422,104.6999969482422,104.6999969482422,104.6999969482422,0.0,104.6999969482422
2024-04-03,105.2699966430664,105.2699966430664,105.2699966430664,105.2699966430664,0.0,105.2699966430664
2024-04-04,103.69000244140624,103.69000244140624,103.69000244140624,103.69000244140624,0.0,103.69000244140624
2024-04-05,104.97000122070312,104.97000122070312,104.97000122070312,104.97000122070312,0.0,104.97000122070312
2024-04-08,104.98999786376952,104.98999786376952,104.98999786376952,104.98999786376952,0.0,104.98999786376952
2024-04-09,104.81999969482422,104.81999969482422,104.81999969482422,104.81999969482422,0.0,104.81999969482422
2024-04-10,104.0,104.0,104.0,104.0,0.0,104.0
2024-04-11,105.5,105.5,105.5,105.5,0.0,105.5
2024-04-12,103.58999633789062,103.58999633789062,103.58999633789062,103.58999633789062,0.0,103.58999633789062
2024-04-15,101.16999816894533,101.16999816894533,101.16999816894533,101.16999816894533,0.0,101.16999816894533
2024-04-16,101.06999969482422,101.06999969482422,101.06999969482422,101.06999969482422,0.0,101.06999969482422
2024-04-17,99.0999984741211,99.0999984741211,99.0999984741211,99.0999984741211,0.0,99.0999984741211
2024-04-18,98.73999786376952,98.73999786376952,98.73999786376952,98.73999786376952,0.0,98.73999786376952
2024-04-19,94.72000122070312,94.72000122070312,94.72000122070312,94.72000122070312,0.0,94.72000122070312
2024-04-22,94.97000122070312,94.97000122070312,94.97000122070312,94.97000122070312,0.0,94.97000122070312
2024-04-23,97.08999633789062,97.08999633789062,97.08999633789062,97.08999633789062,0.0,97.08999633789062
2024-04-24,97.68000030517578,97.68000030517578,97.68000030517578,97.68000030517578,0.0,97.68000030517578
2024-04-25,97.0,97.0,97.0,97.0,0.0,97.0
2024-04-26,99.4000015258789,99.4000015258789,99.4000015258789,99.4000015258789,0.0,99.4000015258789
2024-04-29,99.33999633789062,99.33999633789062,99.33999633789062,99.33999633789062,0.0,99.33999633789062
2024-04-30,97.38999938964844,97.38999938964844,97.38999938964844,97.38999938964844,0.0,97.38999938964844
2024-05-01,96.62999725341795,96.62999725341795,96.62999725341795,96.62999725341795,0.0,96.62999725341795
2024-05-02,97.83000183105467,97.83000183105467,97.83000183105467,97.83000183105467,0.0,97.83000183105467
2024-05-03,99.08999633789062,99.08999633789062,99.08999633789062,99.08999633789062,0.0,99.08999633789062
2024-05-07,100.97000122070312,100.97000122070312,100.97000122070312,100.97000122070312,0.0,100.97000122070312
2024-05-08,100.72000122070312,100.72000122070312,100.72000122070312,100.72000122070312,0.0,100.72000122070312
2024-05-09,100.66000366210938,100.66000366210938,100.66000366210938,100.66000366210938,0.0,100.66000366210938
2024-05-10,100.91999816894533,100.91999816894533,100.91999816894533,100.91999816894533,0.0,100.91999816894533
2024-05-13,101.2300033569336,101.2300033569336,101.2300033569336,101.2300033569336,0.0,101.2300033569336
2024-05-14,102.13999938964844,102.13999938964844,102.13999938964844,102.13999938964844,0.0,102.13999938964844
2024-05-15,104.5500030517578,104.5500030517578,104.5500030517578,104.5500030517578,0.0,104.5500030517578
2024-05-16,104.4800033569336,104.4800033569336,104.4800033569336,104.4800033569336,0.0,104.4800033569336
2024-05-17,104.37000274658205,104.37000274658205,104.37000274658205,104.37000274658205,0.0,104.37000274658205
2024-05-20,105.2699966430664,105.2699966430664,105.2699966430664,105.2699966430664,0.0,105.2699966430664
2024-05-21,105.22000122070312,105.22000122070312,105.22000122070312,105.22000122070312,0.0,105.22000122070312
2024-05-22,105.29000091552734,105.29000091552734,105.29000091552734,105.29000091552734,0.0,105.29000091552734
2024-05-23,105.9000015258789,105.9000015258789,105.9000015258789,105.9000015258789,0.0,105.9000015258789
2024-05-24,107.05999755859376,107.05999755859376,107.05999755859376,107.05999755859376,0.0,107.05999755859376
2024-05-28,108.31999969482422,108.31999969482422,108.31999969482422,108.31999969482422,0.0,108.31999969482422
2024-05-29,107.70999908447266,107.70999908447266,107.70999908447266,107.70999908447266,0.0,107.70999908447266
2024-05-30,105.0199966430664,105.0199966430664,105.0199966430664,105.0199966430664,0.0,105.0199966430664
2024-05-31,103.95999908447266,103.95999908447266,103.95999908447266,103.95999908447266,0.0,103.95999908447266
2024-06-04,104.70999908447266,104.70999908447266,104.70999908447266,104.70999908447266,0.0,104.70999908447266
2024-06-05,107.6999969482422,107.6999969482422,107.6999969482422,107.6999969482422,0.0,107.6999969482422
2024-06-06,107.9800033569336,107.9800033569336,107.9800033569336,107.9800033569336,0.0,107.9800033569336
2024-06-07,107.58999633789062,107.58999633789062,107.58999633789062,107.58999633789062,0.0,107.58999633789062
2024-06-10,108.66000366210938,108.66000366210938,108.66000366210938,108.66000366210938,0.0,108.66000366210938
2024-06-11,109.4499969482422,109.4499969482422,109.4499969482422,109.4499969482422,0.0,109.4499969482422
2024-06-12,112.23999786376952,112.23999786376952,112.23999786376952,112.23999786376952,0.0,112.23999786376952
2024-06-13,113.16000366210938,113.16000366210938,113.16000366210938,113.16000366210938,0.0,113.16000366210938
2024-06-14,113.4499969482422,113.4499969482422,113.4499969482422,113.4499969482422,0.0,113.4499969482422
2024-06-17,114.41999816894533,114.41999816894533,114.41999816894533,114.41999816894533,0.0,114.41999816894533
2024-06-18,115.25,115.25,115.25,115.25,0.0,115.25
2024-06-20,114.30999755859376,114.30999755859376,114.30999755859376,114.30999755859376,0.0,114.30999755859376
2024-06-21,113.19000244140624,113.19000244140624,113.19000244140624,113.19000244140624,0.0,113.19000244140624
2024-06-24,111.16999816894533,111.16999816894533,111.16999816894533,111.16999816894533,0.0,111.16999816894533
2024-06-25,112.62999725341795,112.62999725341795,112.62999725341795,112.62999725341795,0.0,112.62999725341795
2024-06-26,113.06999969482422,113.06999969482422,113.06999969482422,113.06999969482422,0.0,113.06999969482422
2024-06-27,113.38999938964844,113.38999938964844,113.38999938964844,113.38999938964844,0.0,113.38999938964844
2024-06-28,113.18000030517578,113.18000030517578,113.18000030517578,113.18000030517578,0.0,113.18000030517578
2024-07-01,113.45999908447266,113.45999908447266,113.45999908447266,113.45999908447266,0.0,113.45999908447266
2024-07-02,114.0199966430664,114.0199966430664,114.0199966430664,114.0199966430664,0.0,114.0199966430664
2024-07-03,115.83000183105467,115.83000183105467,115.83000183105467,115.83000183105467,0.0,115.83000183105467
2024-07-05,117.19000244140624,117.19000244140624,117.19000244140624,117.19000244140624,0.0,117.19000244140624
2024-07-08,117.5999984741211,117.5999984741211,117.5999984741211,117.5999984741211,0.0,117.5999984741211
2024-07-09,117.77999877929688,117.77999877929688,117.77999877929688,117.77999877929688,0.0,117.77999877929688
2024-07-10,118.9000015258789,118.9000015258789,118.9000015258789,118.9000015258789,0.0,118.9000015258789
2024-07-11,117.0199966430664,117.0199966430664,117.0199966430664,117.0199966430664,0.0,117.0199966430664
2024-07-12,116.56999969482422,116.56999969482422,116.56999969482422,116.56999969482422,0.0,116.56999969482422
2024-07-15,116.6999969482422,116.6999969482422,116.6999969482422,116.6999969482422,0.0,116.6999969482422
2024-07-16,116.4800033569336,116.4800033569336,116.4800033569336,116.4800033569336,0.0,116.4800033569336
2024-07-17,111.16000366210938,111.16000366210938,111.16000366210938,111.16000366210938,0.0,111.16000366210938
2024-07-18,109.80999755859376,109.80999755859376,109.80999755859376,109.80999755859376,0.0,109.80999755859376
2024-07-19,108.22000122070312,108.22000122070312,108.22000122070312,108.22000122070312,0.0,108.22000122070312
2024-07-22,109.37000274658205,109.37000274658205,109.37000274658205,109.37000274658205,0.0,109.37000274658205
2024-07-23,110.29000091552734,110.29000091552734,110.29000091552734,110.29000091552734,0.0,110.29000091552734
2024-07-24,106.04000091552734,106.04000091552734,106.04000091552734,106.04000091552734,0.0,106.04000091552734
2024-07-25,104.23999786376952,104.23999786376952,104.23999786376952,104.23999786376952,0.0,104.23999786376952
2024-07-26,104.33000183105467,104.33000183105467,104.33000183105467,104.33000183105467,0.0,104.33000183105467
2024-07-29,104.30999755859376,104.30999755859376,104.30999755859376,104.30999755859376,0.0,104.30999755859376
2024-07-30,102.44000244140624,102.44000244140624,102.44000244140624,102.44000244140624,0.0,102.44000244140624
2024-07-31,106.62999725341795,106.62999725341795,106.62999725341795,106.62999725341795,0.0,106.62999725341795
2024-08-01,104.06999969482422,104.06999969482422,104.06999969482422,104.06999969482422,0.0,104.06999969482422
2024-08-02,100.63999938964844,100.63999938964844,100.63999938964844,100.63999938964844,0.0,100.63999938964844
2024-08-06,99.18000030517578,99.18000030517578,99.18000030517578,99.18000030517578,0.0,99.18000030517578
2024-08-07,98.91000366210938,98.91000366210938,98.91000366210938,98.91000366210938,0.0,98.91000366210938
2024-08-08,101.6999969482422,101.6999969482422,101.6999969482422,101.6999969482422,0.0,101.6999969482422
2024-08-09,102.62000274658205,102.62000274658205,102.62000274658205,102.62000274658205,0.0,102.62000274658205
2024-08-12,103.12000274658205,103.12000274658205,103.12000274658205,103.12000274658205,0.0,103.12000274658205
2024-08-13,106.06999969482422,106.06999969482422,106.06999969482422,106.06999969482422,0.0,106.06999969482422
2024-08-14,106.5199966430664,106.5199966430664,106.5199966430664,106.5199966430664,0.0,106.5199966430664
2024-08-15,108.86000061035156,108.86000061035156,108.86000061035156,108.86000061035156,0.0,108.86000061035156
2024-08-16,109.81999969482422,109.81999969482422,109.81999969482422,109.81999969482422,0.0,109.81999969482422
2024-08-19,110.94000244140624,110.94000244140624,110.94000244140624,110.94000244140624,0.0,110.94000244140624
2024-08-20,110.88999938964844,110.88999938964844,110.88999938964844,110.88999938964844,0.0,110.88999938964844
2024-08-21,111.23999786376952,111.23999786376952,111.23999786376952,111.23999786376952,0.0,111.23999786376952
2024-08-22,109.5,109.5,109.5,109.5,0.0,109.5
2024-08-23,110.6999969482422,110.6999969482422,110.6999969482422,110.6999969482422,0.0,110.6999969482422
2024-08-27,109.2300033569336,109.2300033569336,109.2300033569336,109.2300033569336,0.0,109.2300033569336
2024-08-28,108.25,108.25,108.25,108.25,0.0,108.25
2024-08-29,107.5199966430664,107.5199966430664,107.5199966430664,107.5199966430664,0.0,107.5199966430664
2024-08-30,108.55999755859376,108.55999755859376,108.55999755859376,108.55999755859376,0.0,108.55999755859376
2024-09-03,103.93000030517578,103.93000030517578,103.93000030517578,103.93000030517578,0.0,103.93000030517578
2024-09-04,102.5199966430664,102.5199966430664,102.5199966430664,102.5199966430664,0.0,102.5199966430664
2024-09-05,102.41000366210938,102.41000366210938,102.41000366210938,102.41000366210938,0.0,102.41000366210938
2024-09-06,100.06999969482422,100.06999969482422,100.06999969482422,100.06999969482422,0.0,100.06999969482422
2024-09-09,100.66999816894533,100.66999816894533,100.66999816894533,100.66999816894533,0.0,100.66999816894533
2024-09-10,101.12999725341795,101.12999725341795,101.12999725341795,101.12999725341795,0.0,101.12999725341795
2024-09-11,103.86000061035156,103.86000061035156,103.86000061035156,103.86000061035156,0.0,103.86000061035156
2024-09-12,105.8499984741211,105.8499984741211,105.8499984741211,105.8499984741211,0.0,105.8499984741211
2024-09-13,106.5199966430664,106.5199966430664,106.5199966430664,106.5199966430664,0.0,106.5199966430664
2024-09-16,106.2300033569336,106.2300033569336,106.2300033569336,106.2300033569336,0.0,106.2300033569336
2024-09-17,105.87000274658205,105.87000274658205,105.87000274658205,105.87000274658205,0.0,105.87000274658205
2024-09-18,105.29000091552734,105.29000091552734,105.29000091552734,105.29000091552734,0.0,105.29000091552734
2024-09-19,108.4499969482422,108.4499969482422,108.4499969482422,108.4499969482422,0.0,108.4499969482422
2024-09-20,108.55999755859376,108.55999755859376,108.55999755859376,108.55999755859376,0.0,108.55999755859376
2024-09-23,109.08000183105467,109.08000183105467,109.08000183105467,109.08000183105467,0.0,109.08000183105467
2024-09-24,110.05999755859376,110.05999755859376,110.05999755859376,110.05999755859376,0.0,110.05999755859376
2024-09-25,110.80999755859376,110.80999755859376,110.80999755859376,110.80999755859376,0.0,110.80999755859376
2024-09-26,112.25,112.25,112.25,112.25,0.0,112.25
2024-09-27,111.62000274658205,111.62000274658205,111.62000274658205,111.62000274658205,0.0,111.62000274658205
2024-09-30,110.73999786376952,110.73999786376952,110.73999786376952,110.73999786376952,0.0,110.73999786376952
2024-10-01,109.30999755859376,109.30999755859376,109.30999755859376,109.30999755859376,0.0,109.30999755859376
2024-10-02,109.43000030517578,109.43000030517578,109.43000030517578,109.43000030517578,0.0,109.43000030517578
2024-10-03,110.29000091552734,110.29000091552734,110.29000091552734,110.29000091552734,0.0,110.29000091552734
2024-10-04,111.79000091552734,111.79000091552734,111.79000091552734,111.79000091552734,0.0,111.79000091552734
2024-10-07,111.55999755859376,111.55999755859376,111.55999755859376,111.55999755859376,0.0,111.55999755859376
2024-10-08,112.87000274658205,112.87000274658205,112.87000274658205,112.87000274658205,0.0,112.87000274658205
2024-10-09,113.98999786376952,113.98999786376952,113.98999786376952,113.98999786376952,0.0,113.98999786376952
2024-10-10,114.2699966430664,114.2699966430664,114.2699966430664,114.2699966430664,0.0,114.2699966430664
2024-10-11,115.18000030517578,115.18000030517578,115.18000030517578,115.18000030517578,0.0,115.18000030517578
2024-10-14,115.68000030517578,115.68000030517578,115.68000030517578,115.68000030517578,0.0,115.68000030517578
2024-10-15,113.4000015258789,113.4000015258789,113.4000015258789,113.4000015258789,0.0,113.4000015258789
2024-10-16,113.23999786376952,113.23999786376952,113.23999786376952,113.23999786376952,0.0,113.23999786376952
2024-10-17,113.41999816894533,113.41999816894533,113.41999816894533,113.41999816894533,0.0,113.41999816894533
2024-10-18,113.95999908447266,113.95999908447266,113.95999908447266,113.95999908447266,0.0,113.95999908447266
2024-10-21,114.68000030517578,114.68000030517578,114.68000030517578,114.68000030517578,0.0,114.68000030517578
2024-10-22,114.06999969482422,114.06999969482422,114.06999969482422,114.06999969482422,0.0,114.06999969482422
2024-10-23,112.38999938964844,112.38999938964844,112.38999938964844,112.38999938964844,0.0,112.38999938964844
2024-10-24,112.8000030517578,112.8000030517578,112.8000030517578,112.8000030517578,0.0,112.8000030517578
2024-10-25,113.36000061035156,113.36000061035156,113.36000061035156,113.36000061035156,0.0,113.36000061035156
2024-10-29,114.5199966430664,114.5199966430664,114.5199966430664,114.5199966430664,0.0,114.5199966430664
2024-10-30,113.80999755859376,113.80999755859376,113.80999755859376,113.80999755859376,0.0,113.80999755859376
2024-10-31,110.77999877929688,110.77999877929688,110.77999877929688,110.77999877929688,0.0,110.77999877929688
2024-11-01,111.04000091552734,111.04000091552734,111.04000091552734,111.04000091552734,0.0,111.04000091552734
2024-11-04,110.98999786376952,110.98999786376952,110.98999786376952,110.98999786376952,0.0,110.98999786376952
2024-11-05,113.0999984741211,113.0999984741211,113.0999984741211,113.0999984741211,0.0,113.0999984741211
2024-11-06,116.20999908447266,116.20999908447266,116.20999908447266,116.20999908447266,0.0,116.20999908447266
2024-11-07,118.75,118.75,118.75,118.75,0.0,118.75
2024-11-08,119.13999938964844,119.13999938964844,119.13999938964844,119.13999938964844,0.0,119.13999938964844
2024-11-11,118.2300033569336,118.2300033569336,118.2300033569336,118.2300033569336,0.0,118.2300033569336
2024-11-12,117.73999786376952,117.73999786376952,117.73999786376952,117.73999786376952,0.0,117.73999786376952
2024-11-13,117.11000061035156,117.11000061035156,117.11000061035156,117.11000061035156,0.0,117.11000061035156
2024-11-14,115.94000244140624,115.94000244140624,115.94000244140624,115.94000244140624,0.0,115.94000244140624
2024-11-15,113.7699966430664,113.7699966430664,113.7699966430664,113.7699966430664,0.0,113.7699966430664
2024-11-18,113.6999969482422,113.6999969482422,113.6999969482422,113.6999969482422,0.0,113.6999969482422
2024-11-19,115.87000274658205,115.87000274658205,115.87000274658205,115.87000274658205,0.0,115.87000274658205
2024-11-20,115.83999633789062,115.83999633789062,115.83999633789062,115.83999633789062,0.0,115.83999633789062
2024-11-21,117.12999725341795,117.12999725341795,117.12999725341795,117.12999725341795,0.0,117.12999725341795
2024-11-22,117.52999877929688,117.52999877929688,117.52999877929688,117.52999877929688,0.0,117.52999877929688
2024-11-25,117.19000244140624,117.19000244140624,117.19000244140624,117.19000244140624,0.0,117.19000244140624
2024-11-26,117.37999725341795,117.37999725341795,117.37999725341795,117.37999725341795,0.0,117.37999725341795
2024-11-27,115.69000244140624,115.69000244140624,115.69000244140624,115.69000244140624,0.0,115.69000244140624
2024-11-29,116.75,116.75,116.75,116.75,0.0,116.75
2024-12-02,118.13999938964844,118.13999938964844,118.13999938964844,118.13999938964844,0.0,118.13999938964844
2024-12-03,119.73999786376952,119.73999786376952,119.73999786376952,119.73999786376952,0.0,119.73999786376952
2024-12-04,122.20999908447266,122.20999908447266,122.20999908447266,122.20999908447266,0.0,122.20999908447266
2024-12-05,121.87999725341795,121.87999725341795,121.87999725341795,121.87999725341795,0.0,121.87999725341795
2024-12-06,123.1500015258789,123.1500015258789,123.1500015258789,123.1500015258789,0.0,123.1500015258789
2024-12-09,121.16999816894533,121.16999816894533,121.16999816894533,121.16999816894533,0.0,121.16999816894533
2024-12-10,119.1999969482422,119.1999969482422,119.1999969482422,119.1999969482422,0.0,119.1999969482422
2024-12-11,121.7699966430664,121.7699966430664,121.7699966430664,121.7699966430664,0.0,121.7699966430664
2024-12-12,121.62999725341795,121.62999725341795,121.62999725341795,121.62999725341795,0.0,121.62999725341795
2024-12-13,122.95999908447266,122.95999908447266,122.95999908447266,122.95999908447266,0.0,122.95999908447266
2024-12-16,124.9499969482422,124.9499969482422,124.9499969482422,124.9499969482422,0.0,124.9499969482422
2024-12-17,123.5500030517578,123.5500030517578,123.5500030517578,123.5500030517578,0.0,123.5500030517578
2024-12-18,118.83999633789062,118.83999633789062,118.83999633789062,118.83999633789062,0.0,118.83999633789062
2024-12-19,118.66000366210938,118.66000366210938,118.66000366210938,118.66000366210938,0.0,118.66000366210938
2024-12-20,119.73999786376952,119.73999786376952,119.73999786376952,119.73999786376952,0.0,119.73999786376952
2024-12-23,121.0199966430664,121.0199966430664,121.0199966430664,121.0199966430664,0.0,121.0199966430664
2024-12-24,122.3499984741211,122.3499984741211,122.3499984741211,122.3499984741211,0.0,122.3499984741211
2024-12-30,119.37000274658205,119.37000274658205,119.37000274658205,119.37000274658205,0.0,119.37000274658205
2024-12-31,118.25,118.25,118.25,118.25,0.0,118.25
2025-01-03,121.51000213623048,121.51000213623048,121.51000213623048,121.51000213623048,0.0,121.51000213623048
2025-01-06,123.83999633789062,123.83999633789062,123.83999633789062,123.83999633789062,0.0,123.83999633789062
2025-01-07,121.33999633789062,121.33999633789062,121.33999633789062,121.33999633789062,0.0,121.33999633789062
2025-01-08,121.19000244140624,121.19000244140624,121.19000244140624,121.19000244140624,0.0,121.19000244140624
2025-01-10,119.55999755859376,119.55999755859376,119.55999755859376,119.55999755859376,0.0,119.55999755859376
2025-01-13,118.08000183105467,118.08000183105467,118.08000183105467,118.08000183105467,0.0,118.08000183105467
2025-01-14,118.41999816894533,118.41999816894533,118.41999816894533,118.41999816894533,0.0,118.41999816894533
2025-01-15,120.93000030517578,120.93000030517578,120.93000030517578,120.93000030517578,0.0,120.93000030517578
2025-01-16,121.27999877929688,121.27999877929688,121.27999877929688,121.27999877929688,0.0,121.27999877929688
2025-01-17,123.0199966430664,123.0199966430664,123.0199966430664,123.0199966430664,0.0,123.0199966430664
2025-01-21,125.08999633789062,125.08999633789062,125.08999633789062,125.08999633789062,0.0,125.08999633789062
2025-01-22,127.79000091552734,127.79000091552734,127.79000091552734,127.79000091552734,0.0,127.79000091552734
2025-01-23,127.94000244140624,127.94000244140624,127.94000244140624,127.94000244140624,0.0,127.94000244140624
2025-01-24,127.47000122070312,127.47000122070312,127.47000122070312,127.47000122070312,0.0,127.47000122070312
2025-01-27,118.5500030517578,118.5500030517578,118.5500030517578,118.5500030517578,0.0,118.5500030517578
2025-01-28,122.23999786376952,122.23999786376952,122.23999786376952,122.23999786376952,0.0,122.23999786376952
2025-01-29,121.97000122070312,121.97000122070312,121.97000122070312,121.97000122070312,0.0,121.97000122070312
2025-01-30,123.33999633789062,123.33999633789062,123.33999633789062,123.33999633789062,0.0,123.33999633789062
2025-01-31,123.43000030517578,123.43000030517578,123.43000030517578,123.43000030517578,0.0,123.43000030517578
2025-02-04,123.5999984741211,123.5999984741211,123.5999984741211,123.5999984741211,0.0,123.5999984741211
2025-02-05,125.08000183105467,125.08000183105467,125.08000183105467,125.08000183105467,0.0,125.08000183105467
2025-02-06,125.43000030517578,125.43000030517578,125.43000030517578,125.43000030517578,0.0,125.43000030517578
2025-02-07,125.12000274658205,125.12000274658205,125.12000274658205,125.12000274658205,0.0,125.12000274658205
2025-02-10,126.25,126.25,126.25,126.25,0.0,126.25
2025-02-11,125.12000274658205,125.12000274658205,125.12000274658205,125.12000274658205,0.0,125.12000274658205
2025-02-12,124.9499969482422,124.9499969482422,124.9499969482422,124.9499969482422,0.0,124.9499969482422
2025-02-13,126.6500015258789,126.6500015258789,126.6500015258789,126.6500015258789,0.0,126.6500015258789
2025-02-14,126.58000183105467,126.58000183105467,126.58000183105467,126.58000183105467,0.0,126.58000183105467
2025-02-18,126.94000244140624,126.94000244140624,126.94000244140624,126.94000244140624,0.0,126.94000244140624
2025-02-19,125.9499969482422,125.9499969482422,125.9499969482422,125.9499969482422,0.0,125.9499969482422
2025-02-20,124.37000274658205,124.37000274658205,124.37000274658205,124.37000274658205,0.0,124.37000274658205
2025-02-21,121.16000366210938,121.16000366210938,121.16000366210938,121.16000366210938,0.0,121.16000366210938
2025-02-24,118.62000274658205,118.62000274658205,118.62000274658205,118.62000274658205,0.0,118.62000274658205
2025-02-25,116.08999633789062,116.08999633789062,116.08999633789062,116.08999633789062,0.0,116.08999633789062
2025-02-26,118.1500015258789,118.1500015258789,118.1500015258789,118.1500015258789,0.0,118.1500015258789
2025-02-27,113.91999816894533,113.91999816894533,113.91999816894533,113.91999816894533,0.0,113.91999816894533
2025-02-28,115.3000030517578,115.3000030517578,115.3000030517578,115.3000030517578,0.0,115.3000030517578
2025-03-03,111.33000183105467,111.33000183105467,111.33000183105467,111.33000183105467,0.0,111.33000183105467
2025-03-04,110.80999755859376,110.80999755859376,110.80999755859376,110.80999755859376,0.0,110.80999755859376
2025-03-05,112.83000183105467,112.83000183105467,112.83000183105467,112.83000183105467,0.0,112.83000183105467
2025-03-06,107.69000244140624,107.69000244140624,107.69000244140624,107.69000244140624,0.0,107.69000244140624
2025-03-07,108.33999633789062,108.33999633789062,108.33999633789062,108.33999633789062,0.0,108.33999633789062
2025-03-10,103.19000244140624,103.19000244140624,103.19000244140624,103.19000244140624,0.0,103.19000244140624
2025-03-11,104.36000061035156,104.36000061035156,104.36000061035156,104.36000061035156,0.0,104.36000061035156
2025-03-12,106.87999725341795,106.87999725341795,106.87999725341795,106.87999725341795,0.0,106.87999725341795
2025-03-13,104.33000183105467,104.33000183105467,104.33000183105467,104.33000183105467,0.0,104.33000183105467
2025-03-14,107.70999908447266,107.70999908447266,107.70999908447266,107.70999908447266,0.0,107.70999908447266
2025-03-18,106.38999938964844,106.38999938964844,106.38999938964844,106.38999938964844,0.0,106.38999938964844
2025-03-19,108.04000091552734,108.04000091552734,108.04000091552734,108.04000091552734,0.0,108.04000091552734
2025-03-20,108.08999633789062,108.08999633789062,108.08999633789062,108.08999633789062,0.0,108.08999633789062
2025-03-21,108.27999877929688,108.27999877929688,108.27999877929688,108.27999877929688,0.0,108.27999877929688
2025-03-24,111.0199966430664,111.0199966430664,111.0199966430664,111.0199966430664,0.0,111.0199966430664
2025-03-25,111.33000183105467,111.33000183105467,111.33000183105467,111.33000183105467,0.0,111.33000183105467
2025-03-26,107.61000061035156,107.61000061035156,107.61000061035156,107.61000061035156,0.0,107.61000061035156
2025-03-27,105.38999938964844,105.38999938964844,105.38999938964844,105.38999938964844,0.0,105.38999938964844
2025-03-28,102.75,102.75,102.75,102.75,0.0,102.75
2025-03-31,101.16000366210938,101.16000366210938,101.16000366210938,101.16000366210938,0.0,101.16000366210938
2025-04-01,102.4800033569336,102.4800033569336,102.4800033569336,102.4800033569336,0.0,102.4800033569336
2025-04-02,103.63999938964844,103.63999938964844,103.63999938964844,103.63999938964844,0.0,103.63999938964844
2025-04-03,96.87000274658205,96.87000274658205,96.87000274658205,96.87000274658205,0.0,96.87000274658205
2025-04-04,92.4499969482422,92.4499969482422,92.4499969482422,92.4499969482422,0.0,92.4499969482422
2025-04-07,92.3000030517578,92.3000030517578,92.3000030517578,92.3000030517578,0.0,92.3000030517578
2025-04-08,91.20999908447266,91.20999908447266,91.20999908447266,91.20999908447266,0.0,91.20999908447266
2025-04-09,101.30999755859376,101.30999755859376,101.30999755859376,101.30999755859376,0.0,101.30999755859376
2025-04-10,98.0199966430664,98.0199966430664,98.0199966430664,98.0199966430664,0.0,98.0199966430664
2025-04-11,99.41999816894533,99.41999816894533,99.41999816894533,99.41999816894533,0.0,99.41999816894533
2025-04-14,99.63999938964844,99.63999938964844,99.63999938964844,99.63999938964844,0.0,99.63999938964844
2025-04-15,100.37999725341795,100.37999725341795,100.37999725341795,100.37999725341795,0.0,100.37999725341795
2025-04-16,97.54000091552734,97.54000091552734,97.54000091552734,97.54000091552734,0.0,97.54000091552734
2025-04-17,96.91999816894533,96.91999816894533,96.91999816894533,96.91999816894533,0.0,96.91999816894533
2025-04-22,96.19000244140624,96.19000244140624,96.19000244140624,96.19000244140624,0.0,96.19000244140624
2025-04-23,100.08999633789062,100.08999633789062,100.08999633789062,100.08999633789062,0.0,100.08999633789062
2025-04-24,103.79000091552734,103.79000091552734,103.79000091552734,103.79000091552734,0.0,103.79000091552734
2025-04-25,106.0,106.0,106.0,106.0,0.0,106.0
2025-04-28,105.62000274658205,105.62000274658205,105.62000274658205,105.62000274658205,0.0,105.62000274658205
2025-04-29,106.11000061035156,106.11000061035156,106.11000061035156,106.11000061035156,0.0,106.11000061035156
2025-04-30,106.19000244140624,106.19000244140624,106.19000244140624,106.19000244140624,0.0,106.19000244140624
2025-05-01,108.27999877929688,108.27999877929688,108.27999877929688,108.27999877929688,0.0,108.27999877929688
2025-05-02,111.47000122070312,111.47000122070312,111.47000122070312,111.47000122070312,0.0,111.47000122070312
2025-05-06,110.3000030517578,110.3000030517578,110.3000030517578,110.3000030517578,0.0,110.3000030517578
2025-05-07,110.95999908447266,110.95999908447266,110.95999908447266,110.95999908447266,0.0,110.95999908447266
2025-05-08,112.02999877929688,112.02999877929688,112.02999877929688,112.02999877929688,0.0,112.02999877929688
2025-05-09,111.94000244140624,111.94000244140624,111.94000244140624,111.94000244140624,0.0,111.94000244140624
2025-05-12,117.08000183105467,117.08000183105467,117.08000183105467,117.08000183105467,0.0,117.08000183105467
2025-05-13,120.5999984741211,120.5999984741211,120.5999984741211,120.5999984741211,0.0,120.5999984741211
2025-05-14,122.30999755859376,122.30999755859376,122.30999755859376,122.30999755859376,0.0,122.30999755859376
2025-05-15,121.3499984741211,121.3499984741211,121.3499984741211,121.3499984741211,0.0,121.3499984741211
2025-05-16,121.72000122070312,121.72000122070312,121.72000122070312,121.72000122070312,0.0,121.72000122070312
2025-05-19,121.44000244140624,121.44000244140624,121.44000244140624,121.44000244140624,0.0,121.44000244140624
2025-05-20,121.43000030517578,121.43000030517578,121.43000030517578,121.43000030517578,0.0,121.43000030517578
2025-05-21,120.4000015258789,120.4000015258789,120.4000015258789,120.4000015258789,0.0,120.4000015258789
2025-05-22,120.8499984741211,120.8499984741211,120.8499984741211,120.8499984741211,0.0,120.8499984741211
2025-05-23,120.30999755859376,120.30999755859376,120.30999755859376,120.30999755859376,0.0,120.30999755859376
2025-05-27,122.6500015258789,122.6500015258789,122.6500015258789,122.6500015258789,0.0,122.6500015258789
2025-05-28,122.37999725341795,122.37999725341795,122.37999725341795,122.37999725341795,0.0,122.37999725341795
2025-05-29,122.54000091552734,122.54000091552734,122.54000091552734,122.54000091552734,0.0,122.54000091552734
2025-05-30,121.91000366210938,121.91000366210938,121.91000366210938,121.91000366210938,0.0,121.91000366210938
2025-06-03,125.11000061035156,125.11000061035156,125.11000061035156,125.11000061035156,0.0,125.11000061035156
2025-06-04,126.36000061035156,126.36000061035156,126.36000061035156,126.36000061035156,0.0,126.36000061035156
2025-06-05,126.0,126.0,126.0,126.0,0.0,126.0
2025-06-06,126.61000061035156,126.61000061035156,126.61000061035156,126.61000061035156,0.0,126.61000061035156
2025-06-09,126.83999633789062,126.83999633789062,126.83999633789062,126.83999633789062,0.0,126.83999633789062
2025-06-10,127.36000061035156,127.36000061035156,127.36000061035156,127.36000061035156,0.0,127.36000061035156
2025-06-11,128.27999877929688,128.27999877929688,128.27999877929688,128.27999877929688,0.0,128.27999877929688
2025-06-12,128.55999755859375,128.55999755859375,128.55999755859375,128.55999755859375,0.0,128.55999755859375
2025-06-13,126.66000366210938,126.66000366210938,126.66000366210938,126.66000366210938,0.0,126.66000366210938
2025-06-16,129.5,129.5,129.5,129.5,0.0,129.5
2025-06-17,129.1699981689453,129.1699981689453,129.1699981689453,129.1699981689453,0.0,129.1699981689453
2025-06-18,129.89999389648438,129.89999389648438,129.89999389648438,129.89999389648438,0.0,129.89999389648438
2025-06-20,129.07000732421875,129.07000732421875,129.07000732421875,129.07000732421875,0.0,129.07000732421875
2025-06-23,129.97999572753906,129.97999572753906,129.97999572753906,129.97999572753906,0.0,129.97999572753906
2025-06-24,133.8800048828125,133.8800048828125,133.8800048828125,133.8800048828125,0.0,133.8800048828125
2025-06-25,135.25999450683594,135.25999450683594,135.25999450683594,135.25999450683594,0.0,135.25999450683594
2025-06-26,137.3000030517578,137.3000030517578,137.3000030517578,137.3000030517578,0.0,137.3000030517578
2025-06-27,137.7899932861328,137.7899932861328,137.7899932861328,137.7899932861328,0.0,137.7899932861328
2025-06-30,139.1699981689453,139.1699981689453,139.1699981689453,139.1699981689453,0.0,139.1699981689453
2025-07-01,135.88999938964844,135.88999938964844,135.88999938964844,135.88999938964844,0.0,135.88999938964844
2025-07-02,137.33999633789062,137.33999633789062,137.33999633789062,137.33999633789062,0.0,137.33999633789062
2025-07-03,138.97999572753906,138.97999572753906,138.97999572753906,138.97999572753906,0.0,138.97999572753906
2025-07-07,137.83999633789062,137.83999633789062,137.83999633789062,137.83999633789062,0.0,137.83999633789062
2025-07-08,138.10000610351562,138.10000610351562,138.10000610351562,138.10000610351562,0.0,138.10000610351562
2025-07-09,139.5,139.5,139.5,139.5,0.0,139.5
2025-07-10,139.02000427246094,139.02000427246094,139.02000427246094,139.02000427246094,0.0,139.02000427246094
2025-07-11,138.8800048828125,138.8800048828125,138.8800048828125,138.8800048828125,0.0,138.8800048828125
2025-07-14,139.05999755859375,139.05999755859375,139.05999755859375,139.05999755859375,0.0,139.05999755859375
2025-07-15,140.85000610351562,140.85000610351562,140.85000610351562,140.85000610351562,0.0,140.85000610351562
2025-07-16,141.16000366210938,141.16000366210938,141.16000366210938,141.16000366210938,0.0,141.16000366210938
2025-07-17,142.3800048828125,142.3800048828125,142.3800048828125,142.3800048828125,0.0,142.3800048828125
2025-07-18,142.80999755859375,142.80999755859375,142.80999755859375,142.80999755859375,0.0,142.80999755859375
2025-07-21,143.08999633789062,143.08999633789062,143.08999633789062,143.08999633789062,0.0,143.08999633789062
2025-07-22,140.2100067138672,140.2100067138672,140.2100067138672,140.2100067138672,0.0,140.2100067138672
2025-07-23,142.47000122070312,142.47000122070312,142.47000122070312,142.47000122070312,0.0,142.47000122070312
2025-07-24,143.1699981689453,143.1699981689453,143.1699981689453,143.1699981689453,0.0,143.1699981689453
2025-07-25,144.00999450683594,144.00999450683594,144.00999450683594,144.00999450683594,0.0,144.00999450683594
2025-07-28,145.67999267578125,145.67999267578125,145.67999267578125,145.67999267578125,0.0,145.67999267578125
2025-07-29,145.92999267578125,145.92999267578125,145.92999267578125,145.92999267578125,0.0,145.92999267578125
2025-07-30,147.44000244140625,147.44000244140625,147.44000244140625,147.44000244140625,0.0,147.44000244140625
2025-07-31,148.75,148.75,148.75,148.75,0.0,148.75
2025-08-01,145.55999755859375,145.55999755859375,145.55999755859375,145.55999755859375,0.0,145.55999755859375
2025-08-05,148.44000244140625,148.44000244140625,148.44000244140625,148.44000244140625,0.0,148.44000244140625
2025-08-06,150.39999389648438,150.39999389648438,150.39999389648438,150.39999389648438,0.0,150.39999389648438
2025-08-07,151.5,151.5,151.5,151.5,0.0,151.5
2025-08-08,152.36000061035156,152.36000061035156,152.36000061035156,152.36000061035156,0.0,152.36000061035156
2025-08-11,151.57000732421875,151.57000732421875,151.57000732421875,151.57000732421875,0.0,151.57000732421875
2025-08-12,154.3000030517578,154.3000030517578,154.3000030517578,154.3000030517578,0.0,154.3000030517578
2025-08-13,153.6699981689453,153.6699981689453,153.6699981689453,153.6699981689453,0.0,153.6699981689453
2025-08-14,151.99000549316406,151.99000549316406,151.99000549316406,151.99000549316406,0.0,151.99000549316406
2025-08-15,151.80999755859375,151.80999755859375,151.80999755859375,151.80999755859375,0.0,151.80999755859375
2025-08-18,151.99000549316406,151.99000549316406,151.99000549316406,151.99000549316406,0.0,151.99000549316406
2025-08-19,147.5399932861328,147.5399932861328,147.5399932861328,147.5399932861328,0.0,147.5399932861328
2025-08-20,145.3300018310547,145.3300018310547,145.3300018310547,145.3300018310547,0.0,145.3300018310547
2025-08-21,145.10000610351562,145.10000610351562,145.10000610351562,145.10000610351562,0.0,145.10000610351562
2025-08-22,147.30999755859375,147.30999755859375,147.30999755859375,147.30999755859375,0.0,147.30999755859375
2025-08-26,149.44000244140625,149.44000244140625,149.44000244140625,149.44000244140625,0.0,149.44000244140625
2025-08-27,149.72000122070312,149.72000122070312,149.72000122070312,149.72000122070312,0.0,149.72000122070312
2025-08-28,152.9600067138672,152.9600067138672,152.9600067138672,152.9600067138672,0.0,152.9600067138672
2025-08-29,149.7899932861328,149.7899932861328,149.7899932861328,149.7899932861328,0.0,149.7899932861328
2025-09-02,148.05999755859375,148.05999755859375,148.05999755859375,148.05999755859375,0.0,148.05999755859375
2025-09-03,149.69000244140625,149.69000244140625,149.69000244140625,149.69000244140625,0.0,149.69000244140625
2025-09-04,152.3300018310547,152.3300018310547,152.3300018310547,152.3300018310547,0.0,152.3300018310547
2025-09-05,154.42999267578125,154.42999267578125,154.42999267578125,154.42999267578125,0.0,154.42999267578125
2025-09-08,156.33999633789062,156.33999633789062,156.33999633789062,156.33999633789062,0.0,156.33999633789062
2025-09-09,158.02000427246094,158.02000427246094,158.02000427246094,158.02000427246094,0.0,158.02000427246094
2025-09-10,163.17999267578125,163.17999267578125,163.17999267578125,163.17999267578125,0.0,163.17999267578125
2025-09-11,163.32000732421875,163.32000732421875,163.32000732421875,163.32000732421875,0.0,163.32000732421875
2025-09-12,163.6999969482422,163.6999969482422,163.6999969482422,163.6999969482422,0.0,163.6999969482422
2025-09-15,166.39999389648438,166.39999389648438,166.39999389648438,166.39999389648438,0.0,166.39999389648438
2025-09-16,166.64999389648438,166.64999389648438,166.64999389648438,166.64999389648438,0.0,166.64999389648438
2025-09-17,165.0,165.0,165.0,165.0,0.0,165.0
2025-09-18,168.07000732421875,168.07000732421875,168.07000732421875,168.07000732421875,0.0,168.07000732421875
2025-09-19,168.5399932861328,168.5399932861328,168.5399932861328,168.5399932861328,0.0,168.5399932861328
2025-09-22,170.0,170.0,170.0,170.0,0.0,170.0
2025-09-23,169.0500030517578,169.0500030517578,169.0500030517578,169.0500030517578,0.0,169.0500030517578
2025-09-24,167.0399932861328,167.0399932861328,167.0399932861328,167.0399932861328,0.0,167.0399932861328
2025-09-25,165.7100067138672,165.7100067138672,165.7100067138672,165.7100067138672,0.0,165.7100067138672
2025-09-26,164.63999938964844,164.63999938964844,164.63999938964844,164.63999938964844,0.0,164.63999938964844
2025-09-29,166.92999267578125,166.92999267578125,166.92999267578125,166.92999267578125,0.0,166.92999267578125
2025-09-30,168.11000061035156,168.11000061035156,168.11000061035156,168.11000061035156,0.0,168.11000061035156
2025-10-01,170.39999389648438,170.39999389648438,170.39999389648438,170.39999389648438,0.0,170.39999389648438
2025-10-02,173.02999877929688,173.02999877929688,173.02999877929688,173.02999877929688,0.0,173.02999877929688
2025-10-03,172.2899932861328,172.2899932861328,172.2899932861328,172.2899932861328,0.0,172.2899932861328
2025-10-06,173.6300048828125,173.6300048828125,173.6300048828125,173.6300048828125,0.0,173.6300048828125
2025-10-07,172.1999969482422,172.1999969482422,172.1999969482422,172.1999969482422,0.0,172.1999969482422
2025-10-08,175.5399932861328,175.5399932861328,175.5399932861328,175.5399932861328,0.0,175.5399932861328
2025-10-09,176.4499969482422,176.4499969482422,176.4499969482422,176.4499969482422,0.0,176.4499969482422
2025-10-10,169.72999572753906,169.72999572753906,169.72999572753906,169.72999572753906,0.0,169.72999572753906
2025-10-14,169.72000122070312,169.72000122070312,169.72000122070312,169.72000122070312,0.0,169.72000122070312
2025-10-15,173.9600067138672,173.9600067138672,173.9600067138672,173.9600067138672,0.0,173.9600067138672
2025-10-16,175.4600067138672,175.4600067138672,175.4600067138672,175.4600067138672,0.0,175.4600067138672
2025-10-17,173.74000549316406,173.74000549316406,173.74000549316406,173.74000549316406,0.0,173.74000549316406
2025-10-20,176.07000732421875,176.07000732421875,176.07000732421875,176.07000732421875,0.0,176.07000732421875
2025-10-21,174.8300018310547,174.8300018310547,174.8300018310547,174.8300018310547,0.0,174.8300018310547
2025-10-22,172.5800018310547,172.5800018310547,172.5800018310547,172.5800018310547,0.0,172.5800018310547
2025-10-23,175.77999877929688,175.77999877929688,175.77999877929688,175.77999877929688,0.0,175.77999877929688
2025-10-24,180.47000122070312,180.47000122070312,180.47000122070312,180.47000122070312,0.0,180.47000122070312
2025-10-28,186.6499938964844,186.6499938964844,186.6499938964844,186.6499938964844,0.0,186.6499938964844
2025-10-29,191.80999755859372,191.80999755859372,191.80999755859372,191.80999755859372,0.0,191.80999755859372
2025-10-30,187.2400054931641,187.2400054931641,187.2400054931641,187.2400054931641,0.0,187.2400054931641
2025-10-31,189.1199951171875,189.1199951171875,189.1199951171875,189.1199951171875,0.0,189.1199951171875
2025-11-03,190.3000030517578,190.3000030517578,190.3000030517578,190.3000030517578,0.0,190.3000030517578
2025-11-04,184.07000732421875,184.07000732421875,184.07000732421875,184.07000732421875,0.0,184.07000732421875
2025-11-05,186.47999572753903,186.47999572753903,186.47999572753903,186.47999572753903,0.0,186.47999572753903
2025-11-06,184.6699981689453,184.6699981689453,184.6699981689453,184.6699981689453,0.0,184.6699981689453
2025-11-07,182.8699951171875,182.8699951171875,182.8699951171875,182.8699951171875,0.0,182.8699951171875
2025-11-10,188.5800018310547,188.5800018310547,188.5800018310547,188.5800018310547,0.0,188.5800018310547
2025-11-12,185.5800018310547,185.5800018310547,185.5800018310547,185.5800018310547,0.0,185.5800018310547
2025-11-13,178.24000549316406,178.24000549316406,178.24000549316406,178.24000549316406,0.0,178.24000549316406
2025-11-14,177.67999267578125,177.67999267578125,177.67999267578125,177.67999267578125,0.0,177.67999267578125
2025-11-17,177.4600067138672,177.4600067138672,177.4600067138672,177.4600067138672,0.0,177.4600067138672
2025-11-18,173.07000732421875,173.07000732421875,173.07000732421875,173.07000732421875,0.0,173.07000732421875
2025-11-19,175.0,175.0,175.0,175.0,0.0,175.0
2025-11-20,170.2100067138672,170.2100067138672,170.2100067138672,170.2100067138672,0.0,170.2100067138672
2025-11-21,168.75999450683594,168.75999450683594,168.75999450683594,168.75999450683594,0.0,168.75999450683594
2025-11-24,175.99000549316406,175.99000549316406,175.99000549316406,175.99000549316406,0.0,175.99000549316406
2025-11-25,176.9199981689453,176.9199981689453,176.9199981689453,176.9199981689453,0.0,176.9199981689453
2025-11-26,179.74000549316406,179.74000549316406,179.74000549316406,179.74000549316406,0.0,179.74000549316406
2025-11-28,181.88999938964844,181.88999938964844,181.88999938964844,181.88999938964844,0.0,181.88999938964844
2025-12-01,179.25,179.25,179.25,179.25,0.0,179.25
2025-12-02,180.3600006103516,180.3600006103516,180.3600006103516,180.3600006103516,0.0,180.3600006103516
2025-12-03,180.19000244140625,180.19000244140625,180.19000244140625,180.19000244140625,0.0,180.19000244140625
2025-12-04,181.72999572753903,181.72999572753903,181.72999572753903,181.72999572753903,0.0,181.72999572753903
2025-12-05,183.4900054931641,183.4900054931641,183.4900054931641,183.4900054931641,0.0,183.4900054931641
2025-12-08,185.58999633789065,185.58999633789065,185.58999633789065,185.58999633789065,0.0,185.58999633789065
2025-12-09,185.67999267578125,185.67999267578125,185.67999267578125,185.67999267578125,0.0,185.67999267578125
2025-12-10,188.19000244140625,188.19000244140625,188.19000244140625,188.19000244140625,0.0,188.19000244140625
2025-12-11,187.6699981689453,187.6699981689453,187.6699981689453,187.6699981689453,0.0,187.6699981689453
2025-12-12,179.22000122070312,179.22000122070312,179.22000122070312,179.22000122070312,0.0,179.22000122070312
2025-12-15,177.30999755859375,177.30999755859375,177.30999755859375,177.30999755859375,0.0,177.30999755859375
2025-12-16,175.9499969482422,175.9499969482422,175.9499969482422,175.9499969482422,0.0,175.9499969482422
2025-12-17,171.49000549316406,171.49000549316406,171.49000549316406,171.49000549316406,0.0,171.49000549316406
2025-12-18,174.94000244140625,174.94000244140625,174.94000244140625,174.94000244140625,0.0,174.94000244140625
2025-12-22,182.6499938964844,182.6499938964844,182.6499938964844,182.6499938964844,0.0,182.6499938964844
2025-12-23,183.69000244140625,183.69000244140625,183.69000244140625,183.69000244140625,0.0,183.69000244140625
2025-12-24,184.5399932861328,184.5399932861328,184.5399932861328,184.5399932861328,0.0,184.5399932861328
2025-12-30,182.9499969482422,182.9499969482422,182.9499969482422,182.9499969482422,0.0,182.9499969482422
2025-12-31,181.58999633789065,181.58999633789065,181.58999633789065,181.58999633789065,0.0,181.58999633789065
2026-01-02,186.2700042724609,186.2700042724609,186.2700042724609,186.2700042724609,0.0,186.2700042724609
2026-01-05,187.2700042724609,187.2700042724609,187.2700042724609,187.2700042724609,0.0,187.2700042724609
2026-01-06,191.5200042724609,191.5200042724609,191.5200042724609,191.5200042724609,0.0,191.5200042724609
2026-01-07,190.4199981689453,190.4199981689453,190.4199981689453,190.4199981689453,0.0,190.4199981689453
2026-01-08,185.57000732421875,185.57000732421875,185.57000732421875,185.57000732421875,0.0,185.57000732421875
2026-01-09,188.97999572753903,188.97999572753903,188.97999572753903,188.97999572753903,0.0,188.97999572753903
2026-01-12,191.5200042724609,191.5200042724609,191.5200042724609,191.5200042724609,0.0,191.5200042724609
2026-01-13,193.97999572753903,193.97999572753903,193.97999572753903,193.97999572753903,0.0,193.97999572753903
2026-01-14,192.0200042724609,192.0200042724609,192.0200042724609,192.0200042724609,0.0,192.0200042724609
2026-01-15,194.3699951171875,194.3699951171875,194.3699951171875,194.3699951171875,0.0,194.3699951171875
2026-01-16,196.4600067138672,196.4600067138672,196.4600067138672,196.4600067138672,0.0,196.4600067138672
2026-01-20,194.22999572753903,194.22999572753903,194.22999572753903,194.22999572753903,0.0,194.22999572753903
2026-01-21,197.19000244140625,197.19000244140625,197.19000244140625,197.19000244140625,0.0,197.19000244140625
2026-01-22,198.7400054931641,198.7400054931641,198.7400054931641,198.7400054931641,0.0,198.7400054931641
2026-01-23,198.13999938964844,198.13999938964844,198.13999938964844,198.13999938964844,0.0,198.13999938964844
2026-01-26,198.55999755859372,198.55999755859372,198.55999755859372,198.55999755859372,0.0,198.55999755859372
2026-01-27,203.8800048828125,203.8800048828125,203.8800048828125,203.8800048828125,0.0,203.8800048828125
2026-01-28,207.22999572753903,207.22999572753903,207.22999572753903,207.22999572753903,0.0,207.22999572753903
2026-01-29,206.4199981689453,206.4199981689453,206.4199981689453,206.4199981689453,0.0,206.4199981689453
2026-01-30,201.72999572753903,201.72999572753903,201.72999572753903,201.72999572753903,0.0,201.72999572753903
2026-02-03,204.58999633789065,204.58999633789065,204.58999633789065,204.58999633789065,0.0,204.58999633789065
2026-02-04,196.58999633789065,196.58999633789065,196.58999633789065,196.58999633789065,0.0,196.58999633789065
2026-02-05,194.58999633789065,194.58999633789065,194.58999633789065,194.58999633789065,0.0,194.58999633789065
2026-02-06,201.1499938964844,201.1499938964844,201.1499938964844,201.1499938964844,0.0,201.1499938964844
2026-02-09,206.05999755859372,206.05999755859372,206.05999755859372,206.05999755859372,0.0,206.05999755859372
2026-02-10,204.22999572753903,204.22999572753903,204.22999572753903,204.22999572753903,0.0,204.22999572753903
2026-02-11,207.13999938964844,207.13999938964844,207.13999938964844,207.13999938964844,0.0,207.13999938964844
2026-02-12,204.75,204.75,204.75,204.75,0.0,204.75
2026-02-13,204.6499938964844,204.6499938964844,204.6499938964844,204.6499938964844,0.0,204.6499938964844
2026-02-17,204.77999877929688,204.77999877929688,204.77999877929688,204.77999877929688,0.0,204.77999877929688
2026-02-18,206.9499969482422,206.9499969482422,206.9499969482422,206.9499969482422,0.0,206.9499969482422
2026-02-19,207.7400054931641,207.7400054931641,207.7400054931641,207.7400054931641,0.0,207.7400054931641
2026-02-20,209.50999450683597,209.50999450683597,209.50999450683597,209.50999450683597,0.0,209.50999450683597
2026-02-23,208.91000366210935,208.91000366210935,208.91000366210935,208.91000366210935,0.0,208.91000366210935
2026-02-24,212.00999450683597,212.00999450683597,212.00999450683597,212.00999450683597,0.0,212.00999450683597
2026-02-25,216.7100067138672,216.7100067138672,216.7100067138672,216.7100067138672,0.0,216.7100067138672
2026-02-26,213.1499938964844,213.1499938964844,213.1499938964844,213.1499938964844,0.0,213.1499938964844
2026-02-27,210.97999572753903,210.97999572753903,210.97999572753903,210.97999572753903,0.0,210.97999572753903
2026-03-02,212.1499938964844,212.1499938964844,212.1499938964844,212.1499938964844,0.0,212.1499938964844
2026-03-03,202.8000030517578,202.8000030517578,202.8000030517578,202.8000030517578,0.0,202.8000030517578
2026-03-04,202.57000732421875,202.57000732421875,202.57000732421875,202.57000732421875,0.0,202.57000732421875
2026-03-05,202.3800048828125,202.3800048828125,202.3800048828125,202.3800048828125,0.0,202.3800048828125
2026-03-06,196.07000732421875,196.07000732421875,196.07000732421875,196.07000732421875,0.0,196.07000732421875
2026-03-09,198.3699951171875,198.3699951171875,198.3699951171875,198.3699951171875,0.0,198.3699951171875
2026-03-10,203.19000244140625,203.19000244140625,203.19000244140625,203.19000244140625,0.0,203.19000244140625
2026-03-11,205.6100006103516,205.6100006103516,205.6100006103516,205.6100006103516,0.0,205.6100006103516
2026-03-12,201.16000366210935,201.16000366210935,201.16000366210935,201.16000366210935,0.0,201.16000366210935
2026-03-13,200.05999755859372,200.05999755859372,200.05999755859372,200.05999755859372,0.0,200.05999755859372
2026-03-16,202.3000030517578,202.3000030517578,202.3000030517578,202.3000030517578,0.0,202.3000030517578
2026-03-18,206.5500030517578,206.5500030517578,206.5500030517578,206.5500030517578,0.0,206.5500030517578
2026-03-19,207.75,207.75,207.75,207.75,0.0,207.75
2026-03-20,201.72999572753903,201.72999572753903,201.72999572753903,201.72999572753903,0.0,201.72999572753903
2026-03-23,201.8600006103516,201.8600006103516,201.8600006103516,201.8600006103516,0.0,201.8600006103516
2026-03-24,204.42999267578125,204.42999267578125,204.42999267578125,204.42999267578125,0.0,204.42999267578125
2026-03-25,207.91000366210935,207.91000366210935,207.91000366210935,207.91000366210935,0.0,207.91000366210935
2026-03-26,198.0399932861328,198.0399932861328,198.0399932861328,198.0399932861328,0.0,198.0399932861328
2026-03-27,196.25999450683597,196.25999450683597,196.25999450683597,196.25999450683597,0.0,196.25999450683597
2026-03-30,188.80999755859372,188.80999755859372,188.80999755859372,188.80999755859372,0.0,188.80999755859372
2026-03-31,194.0500030517578,194.0500030517578,194.0500030517578,194.0500030517578,0.0,194.0500030517578
2026-04-01,202.8300018310547,202.8300018310547,202.8300018310547,202.8300018310547,0.0,202.8300018310547
2026-04-02,203.02999877929688,203.02999877929688,203.02999877929688,203.02999877929688,0.0,203.02999877929688
2026-04-07,207.57000732421875,207.57000732421875,207.57000732421875,207.57000732421875,0.0,207.57000732421875
2026-04-08,222.0200042724609,222.0200042724609,222.0200042724609,222.0200042724609,0.0,222.0200042724609
2026-04-09,224.2400054931641,224.2400054931641,224.2400054931641,224.2400054931641,0.0,224.2400054931641
2026-04-10,229.02999877929688,229.02999877929688,229.02999877929688,229.02999877929688,0.0,229.02999877929688
2026-04-13,231.52999877929688,231.52999877929688,231.52999877929688,231.52999877929688,0.0,231.52999877929688
2026-04-14,237.75,237.75,237.75,237.75,0.0,237.75
2026-04-15,238.8800048828125,238.8800048828125,238.8800048828125,238.8800048828125,0.0,238.8800048828125
2026-04-16,242.3500061035156,242.3500061035156,242.3500061035156,242.3500061035156,0.0,242.3500061035156
2026-04-17,245.75999450683597,245.75999450683597,245.75999450683597,245.75999450683597,0.0,245.75999450683597
2026-04-20,245.94000244140625,245.94000244140625,245.94000244140625,245.94000244140625,0.0,245.94000244140625
2026-04-21,247.5399932861328,247.5399932861328,247.5399932861328,247.5399932861328,0.0,247.5399932861328
2026-04-22,252.57000732421875,252.57000732421875,252.57000732421875,252.57000732421875,0.0,252.57000732421875
2026-04-23,251.05999755859372,251.05999755859372,251.05999755859372,251.05999755859372,0.0,251.05999755859372
2026-04-24,259.0599975585937,259.0599975585937,259.0599975585937,259.0599975585937,0.0,259.0599975585937
2026-04-27,260.42999267578125,260.42999267578125,260.42999267578125,260.42999267578125,0.0,260.42999267578125
2026-04-28,253.4600067138672,253.4600067138672,253.4600067138672,253.4600067138672,0.0,253.4600067138672
2026-04-29,256.3299865722656,256.3299865722656,256.3299865722656,256.3299865722656,0.0,256.3299865722656
2026-04-30,259.989990234375,259.989990234375,259.989990234375,259.989990234375,0.0,259.989990234375
2026-05-01,262.1199951171875,262.1199951171875,262.1199951171875,262.1199951171875,0.0,262.1199951171875
2026-05-05,270.6000061035156,270.6000061035156,270.6000061035156,270.6000061035156,0.0,270.6000061035156
2026-05-06,280.4100036621094,280.4100036621094,280.4100036621094,280.4100036621094,0.0,280.4100036621094
2026-05-07,280.32000732421875,280.32000732421875,280.32000732421875,280.32000732421875,0.0,280.32000732421875
2026-05-08,286.95001220703125,286.95001220703125,286.95001220703125,286.95001220703125,0.0,286.95001220703125
2026-05-11,293.2900085449219,293.2900085449219,293.2900085449219,293.2900085449219,0.0,293.2900085449219
2026-05-12,289.0,289.0,289.0,289.0,0.0,289.0
2026-05-13,295.1700134277344,295.1700134277344,295.1700134277344,295.1700134277344,0.0,295.1700134277344
2026-05-14,296.5599975585937,296.5599975585937,296.5599975585937,296.5599975585937,0.0,296.5599975585937
2026-05-15,286.4100036621094,286.4100036621094,286.4100036621094,286.4100036621094,0.0,286.4100036621094
2026-05-18,280.5,280.5,280.5,280.5,0.0,280.5
2026-05-19,276.1099853515625,276.1099853515625,276.1099853515625,276.1099853515625,0.0,276.1099853515625
2026-05-20,281.010009765625,281.010009765625,281.010009765625,281.010009765625,0.0,281.010009765625
2026-05-21,288.4200134277344,288.4200134277344,288.4200134277344,288.4200134277344,0.0,288.4200134277344
2026-05-22,291.69000244140625,291.69000244140625,291.69000244140625,291.69000244140625,0.0,291.69000244140625
2026-05-26,302.2099914550781,302.2099914550781,302.2099914550781,302.2099914550781,0.0,302.2099914550781
2026-05-27,301.6600036621094,301.6600036621094,301.6600036621094,301.6600036621094,0.0,301.6600036621094
2026-05-28,303.010009765625,303.010009765625,303.010009765625,303.010009765625,0.0,303.010009765625
2026-05-29,307.5899963378906,307.5899963378906,307.5899963378906,307.5899963378906,0.0,307.5899963378906
2026-06-02,316.8099975585937,316.8099975585937,316.8099975585937,316.8099975585937,0.0,316.8099975585937
2026-06-03,317.3900146484375,317.3900146484375,317.3900146484375,317.3900146484375,0.0,317.3900146484375
2026-06-04,309.9800109863281,309.9800109863281,309.9800109863281,309.9800109863281,0.0,309.9800109863281
2026-06-05,293.2300109863281,293.2300109863281,293.2300109863281,293.2300109863281,0.0,293.2300109863281
2026-06-08,293.0899963378906,293.0899963378906,293.0899963378906,293.0899963378906,0.0,293.0899963378906
2026-06-09,292.82000732421875,292.82000732421875,292.82000732421875,292.82000732421875,0.0,292.82000732421875
2026-06-10,283.1600036621094,283.1600036621094,283.1600036621094,283.1600036621094,0.0,283.1600036621094
2026-06-11,292.9100036621094,292.9100036621094,292.9100036621094,292.9100036621094,0.0,292.9100036621094
2026-06-12,299.0599975585937,299.0599975585937,299.0599975585937,299.0599975585937,0.0,299.0599975585937
2026-06-15,313.0199890136719,313.0199890136719,313.0199890136719,313.0199890136719,0.0,313.0199890136719
2026-06-16,307.29998779296875,307.29998779296875,307.29998779296875,307.29998779296875,0.0,307.29998779296875
2026-06-17,307.8299865722656,307.8299865722656,307.8299865722656,307.8299865722656,0.0,307.8299865722656
2026-06-18,317.489990234375,317.489990234375,317.489990234375,317.489990234375,0.0,317.489990234375
2026-06-22,321.6099853515625,321.6099853515625,321.6099853515625,321.6099853515625,0.0,321.6099853515625
2026-06-23,304.9599914550781,304.9599914550781,304.9599914550781,304.9599914550781,0.0,304.9599914550781
2026-06-24,302.67999267578125,302.67999267578125,302.67999267578125,302.67999267578125,0.0,302.67999267578125
2026-06-25,310.3500061035156,310.3500061035156,310.3500061035156,310.3500061035156,0.0,310.3500061035156
2026-06-26,296.8500061035156,296.8500061035156,296.8500061035156,296.8500061035156,0.0,296.8500061035156
2026-06-29,303.8699951171875,303.8699951171875,303.8699951171875,303.8699951171875,0.0,303.8699951171875
2026-06-30,313.07000732421875,313.07000732421875,313.07000732421875,313.07000732421875,0.0,313.07000732421875
2026-07-01,303.7099914550781,303.7099914550781,303.7099914550781,303.7099914550781,0.0,303.7099914550781
2026-07-02,291.1199951171875,291.1199951171875,291.1199951171875,291.1199951171875,0.0,291.1199951171875
2026-07-06,294.0799865722656,294.0799865722656,294.0799865722656,294.0799865722656,0.0,294.0799865722656
2026-07-07,282.8099975585937,282.8099975585937,282.8099975585937,282.8099975585937,0.0,282.8099975585937
2026-07-08,284.5400085449219,284.5400085449219,284.5400085449219,284.5400085449219,0.0,284.5400085449219
2026-07-09,290.0599975585937,290.0599975585937,290.0599975585937,290.0599975585937,0.0,290.0599975585937
2026-07-10,290.8399963378906,290.8399963378906,290.8399963378906,290.8399963378906,0.0,290.8399963378906
2026-07-13,280.54998779296875,280.54998779296875,280.54998779296875,280.54998779296875,0.0,280.54998779296875
2026-07-14,285.17999267578125,285.17999267578125,285.17999267578125,285.17999267578125,0.0,285.17999267578125
2026-07-15,283.3599853515625,283.3599853515625,283.3599853515625,283.3599853515625,0.0,283.3599853515625
2026-07-16,271.7900085449219,271.7900085449219,271.7900085449219,271.7900085449219,0.0,271.7900085449219
2026-07-17,0.0,0.0,0.0,265.739990234375,0.0,265.739990234375
2026-07-20,0.0,0.0,0.0,265.9800109863281,0.0,265.9800109863281
2026-07-21,0.0,0.0,0.0,278.3399963378906,0.0,278.3399963378906
2026-07-22,0.0,0.0,0.0,277.8999938964844,0.0,277.8999938964844
2026-07-23,0.0,0.0,0.0,277.5400085449219,0.0,277.5400085449219
2026-07-24,0.0,0.0,0.0,266.6099853515625,0.0,266.6099853515625
2026-07-27,0.0,0.0,0.0,261.8699951171875,0.0,261.8699951171875
2026-07-28,0.0,0.0,0.0,249.97999572753903,0.0,249.97999572753903
2026-07-29,0.0,0.0,0.0,240.0399932861328,0.0,240.0399932861328
2026-07-30,0.0,0.0,0.0,252.33999633789065,0.0,252.33999633789065
2026-07-31,0.0,0.0,0.0,261.0299987792969,0.0,261.0299987792969
2026-08-04,0.0,0.0,0.0,276.1199951171875,0.0,276.1199951171875
2026-08-05,0.0,0.0,0.0,275.7900085449219,0.0,275.7900085449219
2026-08-06,0.0,0.0,0.0,273.8599853515625,0.0,273.8599853515625
2026-08-07,0.0,0.0,0.0,276.0400085449219,0.0,276.0400085449219
2026-08-10,0.0,0.0,0.0,273.7900085449219,0.0,273.7900085449219
2026-08-11,0.0,0.0,0.0,274.8399963378906,0.0,274.8399963378906
2026-08-12,0.0,0.0,0.0,281.94000244140625,0.0,281.94000244140625
