Date,Open,High,Low,Close,Volume,Adj Close
2019-01-02,10.967100,10.967100,10.967100,10.967100,0.000000,10.967100
2019-01-03,10.647500,10.647500,10.647500,10.647500,0.000000,10.647500
2019-01-04,10.949000,10.949000,10.949000,10.949000,0.000000,10.949000
2019-01-07,11.059100,11.059100,11.059100,11.059100,0.000000,11.059100
2019-01-08,11.091500,11.091500,11.091500,11.091500,0.000000,11.091500
2019-01-09,11.324700,11.324700,11.324700,11.324700,0.000000,11.324700
2019-01-10,11.331600,11.331600,11.331600,11.331600,0.000000,11.331600
2019-01-11,11.303800,11.303800,11.303800,11.303800,0.000000,11.303800
2019-01-14,11.225900,11.225900,11.225900,11.225900,0.000000,11.225900
2019-01-15,11.370100,11.370100,11.370100,11.370100,0.000000,11.370100
2019-01-16,11.343800,11.343800,11.343800,11.343800,0.000000,11.343800
2019-01-17,11.411100,11.411100,11.411100,11.411100,0.000000,11.411100
2019-01-18,11.672300,11.672300,11.672300,11.672300,0.000000,11.672300
2019-01-22,11.491300,11.491300,11.491300,11.491300,0.000000,11.491300
2019-01-23,11.502400,11.502400,11.502400,11.502400,0.000000,11.502400
2019-01-24,11.738800,11.738800,11.738800,11.738800,0.000000,11.738800
2019-01-25,11.959800,11.959800,11.959800,11.959800,0.000000,11.959800
2019-01-28,11.853900,11.853900,11.853900,11.853900,0.000000,11.853900
2019-01-29,11.829300,11.829300,11.829300,11.829300,0.000000,11.829300
2019-01-30,11.980900,11.980900,11.980900,11.980900,0.000000,11.980900
2019-01-31,12.106600,12.106600,12.106600,12.106600,0.000000,12.106600
2019-02-01,12.133300,12.133300,12.133300,12.133300,0.000000,12.133300
2019-02-04,12.163200,12.163200,12.163200,12.163200,0.000000,12.163200
2019-02-05,12.255500,12.255500,12.255500,12.255500,0.000000,12.255500
2019-02-06,12.304900,12.304900,12.304900,12.304900,0.000000,12.304900
2019-02-07,12.130300,12.130300,12.130300,12.130300,0.000000,12.130300
2019-02-08,12.102700,12.102700,12.102700,12.102700,0.000000,12.102700
2019-02-11,12.150900,12.150900,12.150900,12.150900,0.000000,12.150900
2019-02-12,12.304300,12.304300,12.304300,12.304300,0.000000,12.304300
2019-02-13,12.408100,12.408100,12.408100,12.408100,0.000000,12.408100
2019-02-14,12.386500,12.386500,12.386500,12.386500,0.000000,12.386500
2019-02-15,12.395700,12.395700,12.395700,12.395700,0.000000,12.395700
2019-02-19,12.417100,12.417100,12.417100,12.417100,0.000000,12.417100
2019-02-20,12.523900,12.523900,12.523900,12.523900,0.000000,12.523900
2019-02-21,12.522400,12.522400,12.522400,12.522400,0.000000,12.522400
2019-02-22,12.670600,12.670600,12.670600,12.670600,0.000000,12.670600
2019-02-25,12.744700,12.744700,12.744700,12.744700,0.000000,12.744700
2019-02-26,12.649600,12.649600,12.649600,12.649600,0.000000,12.649600
2019-02-27,12.588000,12.588000,12.588000,12.588000,0.000000,12.588000
2019-02-28,12.536100,12.536100,12.536100,12.536100,0.000000,12.536100
2019-03-01,12.617400,12.617400,12.617400,12.617400,0.000000,12.617400
2019-03-04,12.662600,12.662600,12.662600,12.662600,0.000000,12.662600
2019-03-05,12.669100,12.669100,12.669100,12.669100,0.000000,12.669100
2019-03-06,12.603200,12.603200,12.603200,12.603200,0.000000,12.603200
2019-03-07,12.454700,12.454700,12.454700,12.454700,0.000000,12.454700
2019-03-08,12.345600,12.345600,12.345600,12.345600,0.000000,12.345600
2019-03-11,12.530300,12.530300,12.530300,12.530300,0.000000,12.530300
2019-03-12,12.580100,12.580100,12.580100,12.580100,0.000000,12.580100
2019-03-13,12.631900,12.631900,12.631900,12.631900,0.000000,12.631900
2019-03-14,12.633600,12.633600,12.633600,12.633600,0.000000,12.633600
2019-03-15,12.794300,12.794300,12.794300,12.794300,0.000000,12.794300
2019-03-18,,,,,,
2019-03-19,12.906200,12.906200,12.906200,12.906200,0.000000,12.906200
2019-03-20,12.846200,12.846200,12.846200,12.846200,0.000000,12.846200
2019-03-21,12.990100,12.990100,12.990100,12.990100,0.000000,12.990100
2019-03-22,12.746900,12.746900,12.746900,12.746900,0.000000,12.746900
2019-03-25,12.715800,12.715800,12.715800,12.715800,0.000000,12.715800
2019-03-26,12.782700,12.782700,12.782700,12.782700,0.000000,12.782700
2019-03-27,12.724900,12.724900,12.724900,12.724900,0.000000,12.724900
2019-03-28,12.724400,12.724400,12.724400,12.724400,0.000000,12.724400
2019-03-29,12.876700,12.876700,12.876700,12.876700,0.000000,12.876700
2019-04-01,13.087800,13.087800,13.087800,13.087800,0.000000,13.087800
2019-04-02,13.152700,13.152700,13.152700,13.152700,0.000000,13.152700
2019-04-03,13.329800,13.329800,13.329800,13.329800,0.000000,13.329800
2019-04-04,13.332300,13.332300,13.332300,13.332300,0.000000,13.332300
2019-04-05,13.384200,13.384200,13.384200,13.384200,0.000000,13.384200
2019-04-08,13.374400,13.374400,13.374400,13.374400,0.000000,13.374400
2019-04-09,13.364500,13.364500,13.364500,13.364500,0.000000,13.364500
2019-04-10,13.412700,13.412700,13.412700,13.412700,0.000000,13.412700
2019-04-11,13.406100,13.406100,13.406100,13.406100,0.000000,13.406100
2019-04-12,13.556100,13.556100,13.556100,13.556100,0.000000,13.556100
2019-04-15,13.548800,13.548800,13.548800,13.548800,0.000000,13.548800
2019-04-16,13.603400,13.603400,13.603400,13.603400,0.000000,13.603400
2019-04-17,13.665000,13.665000,13.665000,13.665000,0.000000,13.665000
2019-04-18,13.602300,13.602300,13.602300,13.602300,0.000000,13.602300
2019-04-22,,,,,,
2019-04-23,13.643200,13.643200,13.643200,13.643200,0.000000,13.643200
2019-04-24,13.686800,13.686800,13.686800,13.686800,0.000000,13.686800
2019-04-25,13.694800,13.694800,13.694800,13.694800,0.000000,13.694800
2019-04-26,13.707300,13.707300,13.707300,13.707300,0.000000,13.707300
2019-04-29,13.748800,13.748800,13.748800,13.748800,0.000000,13.748800
2019-04-30,13.696100,13.696100,13.696100,13.696100,0.000000,13.696100
2019-05-01,13.614100,13.614100,13.614100,13.614100,0.000000,13.614100
2019-05-02,13.594900,13.594900,13.594900,13.594900,0.000000,13.594900
2019-05-03,13.620700,13.620700,13.620700,13.620700,0.000000,13.620700
2019-05-06,,,,,,
2019-05-07,13.193000,13.193000,13.193000,13.193000,0.000000,13.193000
2019-05-08,13.196600,13.196600,13.196600,13.196600,0.000000,13.196600
2019-05-09,12.999000,12.999000,12.999000,12.999000,0.000000,12.999000
2019-05-10,13.060200,13.060200,13.060200,13.060200,0.000000,13.060200
2019-05-13,12.687200,12.687200,12.687200,12.687200,0.000000,12.687200
2019-05-14,12.759800,12.759800,12.759800,12.759800,0.000000,12.759800
2019-05-15,12.887600,12.887600,12.887600,12.887600,0.000000,12.887600
2019-05-16,12.947600,12.947600,12.947600,12.947600,0.000000,12.947600
2019-05-17,12.775100,12.775100,12.775100,12.775100,0.000000,12.775100
2019-05-20,12.541500,12.541500,12.541500,12.541500,0.000000,12.541500
2019-05-21,12.683700,12.683700,12.683700,12.683700,0.000000,12.683700
2019-05-22,12.640800,12.640800,12.640800,12.640800,0.000000,12.640800
2019-05-23,12.374900,12.374900,12.374900,12.374900,0.000000,12.374900
2019-05-24,12.392700,12.392700,12.392700,12.392700,0.000000,12.392700
2019-05-28,12.351100,12.351100,12.351100,12.351100,0.000000,12.351100
2019-05-29,12.224200,12.224200,12.224200,12.224200,0.000000,12.224200
2019-05-30,12.258100,12.258100,12.258100,12.258100,0.000000,12.258100
2019-05-31,12.131700,12.131700,12.131700,12.131700,0.000000,12.131700
2019-06-03,,,,,,
2019-06-04,12.283600,12.283600,12.283600,12.283600,0.000000,12.283600
2019-06-05,12.352600,12.352600,12.352600,12.352600,0.000000,12.352600
2019-06-06,12.373300,12.373300,12.373300,12.373300,0.000000,12.373300
2019-06-07,12.510900,12.510900,12.510900,12.510900,0.000000,12.510900
2019-06-10,12.670200,12.670200,12.670200,12.670200,0.000000,12.670200
2019-06-11,12.778100,12.778100,12.778100,12.778100,0.000000,12.778100
2019-06-12,12.626600,12.626600,12.626600,12.626600,0.000000,12.626600
2019-06-13,12.670600,12.670600,12.670600,12.670600,0.000000,12.670600
2019-06-14,12.582400,12.582400,12.582400,12.582400,0.000000,12.582400
2019-06-17,12.542000,12.542000,12.542000,12.542000,0.000000,12.542000
2019-06-18,12.743200,12.743200,12.743200,12.743200,0.000000,12.743200
2019-06-19,12.875500,12.875500,12.875500,12.875500,0.000000,12.875500
2019-06-20,13.067600,13.067600,13.067600,13.067600,0.000000,13.067600
2019-06-21,13.063500,13.063500,13.063500,13.063500,0.000000,13.063500
2019-06-24,13.047600,13.047600,13.047600,13.047600,0.000000,13.047600
2019-06-25,12.917800,12.917800,12.917800,12.917800,0.000000,12.917800
2019-06-26,12.964400,12.964400,12.964400,12.964400,0.000000,12.964400
2019-06-27,13.065000,13.065000,13.065000,13.065000,0.000000,13.065000
2019-06-28,13.146800,13.146800,13.146800,13.146800,0.000000,13.146800
2019-07-01,13.287700,13.287700,13.287700,13.287700,0.000000,13.287700
2019-07-02,13.278500,13.278500,13.278500,13.278500,0.000000,13.278500
2019-07-03,13.275400,13.275400,13.275400,13.275400,0.000000,13.275400
2019-07-05,13.220700,13.220700,13.220700,13.220700,0.000000,13.220700
2019-07-08,13.114700,13.114700,13.114700,13.114700,0.000000,13.114700
2019-07-09,13.079900,13.079900,13.079900,13.079900,0.000000,13.079900
2019-07-10,13.149700,13.149700,13.149700,13.149700,0.000000,13.149700
2019-07-11,13.193200,13.193200,13.193200,13.193200,0.000000,13.193200
2019-07-12,13.270100,13.270100,13.270100,13.270100,0.000000,13.270100
2019-07-15,13.324900,13.324900,13.324900,13.324900,0.000000,13.324900
2019-07-16,13.309400,13.309400,13.309400,13.309400,0.000000,13.309400
2019-07-17,13.250600,13.250600,13.250600,13.250600,0.000000,13.250600
2019-07-18,13.283000,13.283000,13.283000,13.283000,0.000000,13.283000
2019-07-19,13.290500,13.290500,13.290500,13.290500,0.000000,13.290500
2019-07-22,13.407300,13.407300,13.407300,13.407300,0.000000,13.407300
2019-07-23,13.601000,13.601000,13.601000,13.601000,0.000000,13.601000
2019-07-24,13.691700,13.691700,13.691700,13.691700,0.000000,13.691700
2019-07-25,13.577800,13.577800,13.577800,13.577800,0.000000,13.577800
2019-07-26,13.589800,13.589800,13.589800,13.589800,0.000000,13.589800
2019-07-29,13.491800,13.491800,13.491800,13.491800,0.000000,13.491800
2019-07-30,13.459200,13.459200,13.459200,13.459200,0.000000,13.459200
2019-07-31,13.322600,13.322600,13.322600,13.322600,0.000000,13.322600
2019-08-01,13.255900,13.255900,13.255900,13.255900,0.000000,13.255900
2019-08-02,12.965100,12.965100,12.965100,12.965100,0.000000,12.965100
2019-08-05,,,,,,
2019-08-06,12.680000,12.680000,12.680000,12.680000,0.000000,12.680000
2019-08-07,12.705500,12.705500,12.705500,12.705500,0.000000,12.705500
2019-08-08,12.935900,12.935900,12.935900,12.935900,0.000000,12.935900
2019-08-09,12.779400,12.779400,12.779400,12.779400,0.000000,12.779400
2019-08-12,12.685200,12.685200,12.685200,12.685200,0.000000,12.685200
2019-08-13,12.867400,12.867400,12.867400,12.867400,0.000000,12.867400
2019-08-14,12.553600,12.553600,12.553600,12.553600,0.000000,12.553600
2019-08-15,12.482500,12.482500,12.482500,12.482500,0.000000,12.482500
2019-08-16,12.654500,12.654500,12.654500,12.654500,0.000000,12.654500
2019-08-19,12.838700,12.838700,12.838700,12.838700,0.000000,12.838700
2019-08-20,12.802500,12.802500,12.802500,12.802500,0.000000,12.802500
2019-08-21,12.939800,12.939800,12.939800,12.939800,0.000000,12.939800
2019-08-22,12.877800,12.877800,12.877800,12.877800,0.000000,12.877800
2019-08-23,12.618800,12.618800,12.618800,12.618800,0.000000,12.618800
2019-08-26,12.677700,12.677700,12.677700,12.677700,0.000000,12.677700
2019-08-27,12.722900,12.722900,12.722900,12.722900,0.000000,12.722900
2019-08-28,12.734800,12.734800,12.734800,12.734800,0.000000,12.734800
2019-08-29,12.929500,12.929500,12.929500,12.929500,0.000000,12.929500
2019-08-30,12.999800,12.999800,12.999800,12.999800,0.000000,12.999800
2019-09-03,12.869500,12.869500,12.869500,12.869500,0.000000,12.869500
2019-09-04,13.085600,13.085600,13.085600,13.085600,0.000000,13.085600
2019-09-05,13.367700,13.367700,13.367700,13.367700,0.000000,13.367700
2019-09-06,13.390300,13.390300,13.390300,13.390300,0.000000,13.390300
2019-09-09,13.380300,13.380300,13.380300,13.380300,0.000000,13.380300
2019-09-10,13.359000,13.359000,13.359000,13.359000,0.000000,13.359000
2019-09-11,13.469600,13.469600,13.469600,13.469600,0.000000,13.469600
2019-09-12,13.556200,13.556200,13.556200,13.556200,0.000000,13.556200
2019-09-13,13.609000,13.609000,13.609000,13.609000,0.000000,13.609000
2019-09-16,13.519400,13.519400,13.519400,13.519400,0.000000,13.519400
2019-09-17,13.558800,13.558800,13.558800,13.558800,0.000000,13.558800
2019-09-18,13.610000,13.610000,13.610000,13.610000,0.000000,13.610000
2019-09-19,13.602000,13.602000,13.602000,13.602000,0.000000,13.602000
2019-09-20,13.471800,13.471800,13.471800,13.471800,0.000000,13.471800
2019-09-23,13.444500,13.444500,13.444500,13.444500,0.000000,13.444500
2019-09-24,13.336800,13.336800,13.336800,13.336800,0.000000,13.336800
2019-09-25,13.406900,13.406900,13.406900,13.406900,0.000000,13.406900
2019-09-26,13.437700,13.437700,13.437700,13.437700,0.000000,13.437700
2019-09-27,13.276300,13.276300,13.276300,13.276300,0.000000,13.276300
2019-09-30,13.359000,13.359000,13.359000,13.359000,0.000000,13.359000
2019-10-01,13.274100,13.274100,13.274100,13.274100,0.000000,13.274100
2019-10-02,13.040900,13.040900,13.040900,13.040900,0.000000,13.040900
2019-10-03,13.144700,13.144700,13.144700,13.144700,0.000000,13.144700
2019-10-04,13.295700,13.295700,13.295700,13.295700,0.000000,13.295700
2019-10-07,13.307300,13.307300,13.307300,13.307300,0.000000,13.307300
2019-10-08,13.072700,13.072700,13.072700,13.072700,0.000000,13.072700
2019-10-09,13.189800,13.189800,13.189800,13.189800,0.000000,13.189800
2019-10-10,13.270700,13.270700,13.270700,13.270700,0.000000,13.270700
2019-10-11,13.510200,13.510200,13.510200,13.510200,0.000000,13.510200
2019-10-14,13.479500,13.479500,13.479500,13.479500,0.000000,13.479500
2019-10-15,13.663800,13.663800,13.663800,13.663800,0.000000,13.663800
2019-10-16,13.652000,13.652000,13.652000,13.652000,0.000000,13.652000
2019-10-17,13.697100,13.697100,13.697100,13.697100,0.000000,13.697100
2019-10-18,13.617200,13.617200,13.617200,13.617200,0.000000,13.617200
2019-10-21,13.758700,13.758700,13.758700,13.758700,0.000000,13.758700
2019-10-22,13.656900,13.656900,13.656900,13.656900,0.000000,13.656900
2019-10-23,13.630400,13.630400,13.630400,13.630400,0.000000,13.630400
2019-10-24,13.862200,13.862200,13.862200,13.862200,0.000000,13.862200
2019-10-25,13.954900,13.954900,13.954900,13.954900,0.000000,13.954900
2019-10-28,,,,,,
2019-10-29,14.061900,14.061900,14.061900,14.061900,0.000000,14.061900
2019-10-30,14.056400,14.056400,14.056400,14.056400,0.000000,14.056400
2019-10-31,14.010700,14.010700,14.010700,14.010700,0.000000,14.010700
2019-11-01,14.107300,14.107300,14.107300,14.107300,0.000000,14.107300
2019-11-04,14.258000,14.258000,14.258000,14.258000,0.000000,14.258000
2019-11-05,14.291600,14.291600,14.291600,14.291600,0.000000,14.291600
2019-11-06,14.303900,14.303900,14.303900,14.303900,0.000000,14.303900
2019-11-07,14.376600,14.376600,14.376600,14.376600,0.000000,14.376600
2019-11-08,14.355300,14.355300,14.355300,14.355300,0.000000,14.355300
2019-11-11,14.253500,14.253500,14.253500,14.253500,0.000000,14.253500
2019-11-12,14.343200,14.343200,14.343200,14.343200,0.000000,14.343200
2019-11-13,14.338500,14.338500,14.338500,14.338500,0.000000,14.338500
2019-11-14,14.299600,14.299600,14.299600,14.299600,0.000000,14.299600
2019-11-15,14.479300,14.479300,14.479300,14.479300,0.000000,14.479300
2019-11-18,14.494100,14.494100,14.494100,14.494100,0.000000,14.494100
2019-11-19,14.504400,14.504400,14.504400,14.504400,0.000000,14.504400
2019-11-20,14.397700,14.397700,14.397700,14.397700,0.000000,14.397700
2019-11-21,14.240900,14.240900,14.240900,14.240900,0.000000,14.240900
2019-11-22,14.260500,14.260500,14.260500,14.260500,0.000000,14.260500
2019-11-25,14.436300,14.436300,14.436300,14.436300,0.000000,14.436300
2019-11-26,14.454300,14.454300,14.454300,14.454300,0.000000,14.454300
2019-11-27,14.524300,14.524300,14.524300,14.524300,0.000000,14.524300
2019-11-29,14.395100,14.395100,14.395100,14.395100,0.000000,14.395100
2019-12-02,14.252200,14.252200,14.252200,14.252200,0.000000,14.252200
2019-12-03,14.172800,14.172800,14.172800,14.172800,0.000000,14.172800
2019-12-04,14.223200,14.223200,14.223200,14.223200,0.000000,14.223200
2019-12-05,14.272600,14.272600,14.272600,14.272600,0.000000,14.272600
2019-12-06,14.388300,14.388300,14.388300,14.388300,0.000000,14.388300
2019-12-09,14.347900,14.347900,14.347900,14.347900,0.000000,14.347900
2019-12-10,14.299600,14.299600,14.299600,14.299600,0.000000,14.299600
2019-12-11,14.429200,14.429200,14.429200,14.429200,0.000000,14.429200
2019-12-12,14.597800,14.597800,14.597800,14.597800,0.000000,14.597800
2019-12-13,14.669700,14.669700,14.669700,14.669700,0.000000,14.669700
2019-12-16,14.757800,14.757800,14.757800,14.757800,0.000000,14.757800
2019-12-17,14.812700,14.812700,14.812700,14.812700,0.000000,14.812700
2019-12-18,14.789400,14.789400,14.789400,14.789400,0.000000,14.789400
2019-12-19,14.840800,14.840800,14.840800,14.840800,0.000000,14.840800
2019-12-20,14.867000,14.867000,14.867000,14.867000,0.000000,14.867000
2019-12-23,14.861800,14.861800,14.861800,14.861800,0.000000,14.861800
2019-12-24,14.850600,14.850600,14.850600,14.850600,0.000000,14.850600
2019-12-26,,,,,,
2019-12-27,,,,,,
2019-12-30,14.832900,14.832900,14.832900,14.832900,0.000000,14.832900
2019-12-31,14.817100,14.817100,14.817100,14.817100,0.000000,14.817100
2020-01-02,15.031600,15.031600,15.031600,15.031600,0.000000,15.031600
2020-01-03,14.920800,14.920800,14.920800,14.920800,0.000000,14.920800
2020-01-06,14.909900,14.909900,14.909900,14.909900,0.000000,14.909900
2020-01-07,15.019200,15.019200,15.019200,15.019200,0.000000,15.019200
2020-01-08,15.054100,15.054100,15.054100,15.054100,0.000000,15.054100
2020-01-09,15.218300,15.218300,15.218300,15.218300,0.000000,15.218300
2020-01-10,15.190700,15.190700,15.190700,15.190700,0.000000,15.190700
2020-01-13,15.322600,15.322600,15.322600,15.322600,0.000000,15.322600
2020-01-14,15.318200,15.318200,15.318200,15.318200,0.000000,15.318200
2020-01-15,15.324600,15.324600,15.324600,15.324600,0.000000,15.324600
2020-01-16,15.445000,15.445000,15.445000,15.445000,0.000000,15.445000
2020-01-17,15.473700,15.473700,15.473700,15.473700,0.000000,15.473700
2020-01-21,15.407400,15.407400,15.407400,15.407400,0.000000,15.407400
2020-01-22,15.471100,15.471100,15.471100,15.471100,0.000000,15.471100
2020-01-23,15.368600,15.368600,15.368600,15.368600,0.000000,15.368600
2020-01-24,15.273900,15.273900,15.273900,15.273900,0.000000,15.273900
2020-01-27,14.951200,14.951200,14.951200,14.951200,0.000000,14.951200
2020-01-28,15.105700,15.105700,15.105700,15.105700,0.000000,15.105700
2020-01-29,15.066500,15.066500,15.066500,15.066500,0.000000,15.066500
2020-01-30,14.988100,14.988100,14.988100,14.988100,0.000000,14.988100
2020-01-31,14.771800,14.771800,14.771800,14.771800,0.000000,14.771800
2020-02-03,14.911700,14.911700,14.911700,14.911700,0.000000,14.911700
2020-02-04,15.226500,15.226500,15.226500,15.226500,0.000000,15.226500
2020-02-05,15.335700,15.335700,15.335700,15.335700,0.000000,15.335700
2020-02-06,15.381900,15.381900,15.381900,15.381900,0.000000,15.381900
2020-02-07,15.276800,15.276800,15.276800,15.276800,0.000000,15.276800
2020-02-10,15.366100,15.366100,15.366100,15.366100,0.000000,15.366100
2020-02-11,15.480500,15.480500,15.480500,15.480500,0.000000,15.480500
2020-02-12,15.677100,15.677100,15.677100,15.677100,0.000000,15.677100
2020-02-13,15.646400,15.646400,15.646400,15.646400,0.000000,15.646400
2020-02-14,15.712200,15.712200,15.712200,15.712200,0.000000,15.712200
2020-02-18,15.593900,15.593900,15.593900,15.593900,0.000000,15.593900
2020-02-19,15.738100,15.738100,15.738100,15.738100,0.000000,15.738100
2020-02-20,15.637900,15.637900,15.637900,15.637900,0.000000,15.637900
2020-02-21,15.432700,15.432700,15.432700,15.432700,0.000000,15.432700
2020-02-24,14.882100,14.882100,14.882100,14.882100,0.000000,14.882100
2020-02-25,14.554600,14.554600,14.554600,14.554600,0.000000,14.554600
2020-02-26,14.537100,14.537100,14.537100,14.537100,0.000000,14.537100
2020-02-27,14.126300,14.126300,14.126300,14.126300,0.000000,14.126300
2020-02-28,14.036800,14.036800,14.036800,14.036800,0.000000,14.036800
2020-03-02,14.391300,14.391300,14.391300,14.391300,0.000000,14.391300
2020-03-03,14.198300,14.198300,14.198300,14.198300,0.000000,14.198300
2020-03-04,14.581400,14.581400,14.581400,14.581400,0.000000,14.581400
2020-03-05,14.241900,14.241900,14.241900,14.241900,0.000000,14.241900
2020-03-06,13.954200,13.954200,13.954200,13.954200,0.000000,13.954200
2020-03-09,13.062200,13.062200,13.062200,13.062200,0.000000,13.062200
2020-03-10,13.492300,13.492300,13.492300,13.492300,0.000000,13.492300
2020-03-11,13.051500,13.051500,13.051500,13.051500,0.000000,13.051500
2020-03-12,11.727500,11.727500,11.727500,11.727500,0.000000,11.727500
2020-03-13,12.466800,12.466800,12.466800,12.466800,0.000000,12.466800
2020-03-16,11.276300,11.276300,11.276300,11.276300,0.000000,11.276300
2020-03-17,,,,,,
2020-03-18,11.138000,11.138000,11.138000,11.138000,0.000000,11.138000
2020-03-19,11.245300,11.245300,11.245300,11.245300,0.000000,11.245300
2020-03-20,11.012700,11.012700,11.012700,11.012700,0.000000,11.012700
2020-03-23,10.778100,10.778100,10.778100,10.778100,0.000000,10.778100
2020-03-24,11.843200,11.843200,11.843200,11.843200,0.000000,11.843200
2020-03-25,12.021200,12.021200,12.021200,12.021200,0.000000,12.021200
2020-03-26,12.646100,12.646100,12.646100,12.646100,0.000000,12.646100
2020-03-27,12.228500,12.228500,12.228500,12.228500,0.000000,12.228500
2020-03-30,12.514000,12.514000,12.514000,12.514000,0.000000,12.514000
2020-03-31,12.372500,12.372500,12.372500,12.372500,0.000000,12.372500
2020-04-01,11.800100,11.800100,11.800100,11.800100,0.000000,11.800100
2020-04-02,12.034800,12.034800,12.034800,12.034800,0.000000,12.034800
2020-04-03,11.852200,11.852200,11.852200,11.852200,0.000000,11.852200
2020-04-06,12.666900,12.666900,12.666900,12.666900,0.000000,12.666900
2020-04-07,12.737200,12.737200,12.737200,12.737200,0.000000,12.737200
2020-04-08,13.027400,13.027400,13.027400,13.027400,0.000000,13.027400
2020-04-09,13.115800,13.115800,13.115800,13.115800,0.000000,13.115800
2020-04-13,,,,,,
2020-04-14,13.515500,13.515500,13.515500,13.515500,0.000000,13.515500
2020-04-15,13.198300,13.198300,13.198300,13.198300,0.000000,13.198300
2020-04-16,13.342400,13.342400,13.342400,13.342400,0.000000,13.342400
2020-04-17,13.641000,13.641000,13.641000,13.641000,0.000000,13.641000
2020-04-20,13.510600,13.510600,13.510600,13.510600,0.000000,13.510600
2020-04-21,13.012100,13.012100,13.012100,13.012100,0.000000,13.012100
2020-04-22,13.448200,13.448200,13.448200,13.448200,0.000000,13.448200
2020-04-23,13.398600,13.398600,13.398600,13.398600,0.000000,13.398600
2020-04-24,13.524400,13.524400,13.524400,13.524400,0.000000,13.524400
2020-04-27,13.752900,13.752900,13.752900,13.752900,0.000000,13.752900
2020-04-28,13.658300,13.658300,13.658300,13.658300,0.000000,13.658300
2020-04-29,14.075800,14.075800,14.075800,14.075800,0.000000,14.075800
2020-04-30,13.920200,13.920200,13.920200,13.920200,0.000000,13.920200
2020-05-01,13.577600,13.577600,13.577600,13.577600,0.000000,13.577600
2020-05-04,,,,,,
2020-05-05,13.760900,13.760900,13.760900,13.760900,0.000000,13.760900
2020-05-06,13.819300,13.819300,13.819300,13.819300,0.000000,13.819300
2020-05-07,14.020100,14.020100,14.020100,14.020100,0.000000,14.020100
2020-05-08,14.236300,14.236300,14.236300,14.236300,0.000000,14.236300
2020-05-11,14.271600,14.271600,14.271600,14.271600,0.000000,14.271600
2020-05-12,14.059000,14.059000,14.059000,14.059000,0.000000,14.059000
2020-05-13,13.923100,13.923100,13.923100,13.923100,0.000000,13.923100
2020-05-14,14.058300,14.058300,14.058300,14.058300,0.000000,14.058300
2020-05-15,14.093600,14.093600,14.093600,14.093600,0.000000,14.093600
2020-05-18,14.439900,14.439900,14.439900,14.439900,0.000000,14.439900
2020-05-19,14.472700,14.472700,14.472700,14.472700,0.000000,14.472700
2020-05-20,14.747000,14.747000,14.747000,14.747000,0.000000,14.747000
2020-05-21,14.514300,14.514300,14.514300,14.514300,0.000000,14.514300
2020-05-22,14.493500,14.493500,14.493500,14.493500,0.000000,14.493500
2020-05-26,14.639400,14.639400,14.639400,14.639400,0.000000,14.639400
2020-05-27,14.647100,14.647100,14.647100,14.647100,0.000000,14.647100
2020-05-28,14.673600,14.673600,14.673600,14.673600,0.000000,14.673600
2020-05-29,14.887500,14.887500,14.887500,14.887500,0.000000,14.887500
2020-06-01,,,,,,
2020-06-02,15.111600,15.111600,15.111600,15.111600,0.000000,15.111600
2020-06-03,15.369300,15.369300,15.369300,15.369300,0.000000,15.369300
2020-06-04,15.326100,15.326100,15.326100,15.326100,0.000000,15.326100
2020-06-05,15.671000,15.671000,15.671000,15.671000,0.000000,15.671000
2020-06-08,15.624800,15.624800,15.624800,15.624800,0.000000,15.624800
2020-06-09,15.603000,15.603000,15.603000,15.603000,0.000000,15.603000
2020-06-10,15.693900,15.693900,15.693900,15.693900,0.000000,15.693900
2020-06-11,14.928700,14.928700,14.928700,14.928700,0.000000,14.928700
2020-06-12,15.031500,15.031500,15.031500,15.031500,0.000000,15.031500
2020-06-15,15.059300,15.059300,15.059300,15.059300,0.000000,15.059300
2020-06-16,15.350100,15.350100,15.350100,15.350100,0.000000,15.350100
2020-06-17,15.472300,15.472300,15.472300,15.472300,0.000000,15.472300
2020-06-18,15.503900,15.503900,15.503900,15.503900,0.000000,15.503900
2020-06-19,15.514500,15.514500,15.514500,15.514500,0.000000,15.514500
2020-06-22,15.646700,15.646700,15.646700,15.646700,0.000000,15.646700
2020-06-23,15.816800,15.816800,15.816800,15.816800,0.000000,15.816800
2020-06-24,15.460200,15.460200,15.460200,15.460200,0.000000,15.460200
2020-06-25,15.605700,15.605700,15.605700,15.605700,0.000000,15.605700
2020-06-26,15.354500,15.354500,15.354500,15.354500,0.000000,15.354500
2020-06-29,15.421000,15.421000,15.421000,15.421000,0.000000,15.421000
2020-06-30,15.692800,15.692800,15.692800,15.692800,0.000000,15.692800
2020-07-01,15.783100,15.783100,15.783100,15.783100,0.000000,15.783100
2020-07-02,15.937900,15.937900,15.937900,15.937900,0.000000,15.937900
2020-07-06,16.318399,16.318399,16.318399,16.318399,0.000000,16.318399
2020-07-07,16.190901,16.190901,16.190901,16.190901,0.000000,16.190901
2020-07-08,16.398399,16.398399,16.398399,16.398399,0.000000,16.398399
2020-07-09,16.492800,16.492800,16.492800,16.492800,0.000000,16.492800
2020-07-10,16.485300,16.485300,16.485300,16.485300,0.000000,16.485300
2020-07-13,16.283600,16.283600,16.283600,16.283600,0.000000,16.283600
2020-07-14,16.323099,16.323099,16.323099,16.323099,0.000000,16.323099
2020-07-15,16.481400,16.481400,16.481400,16.481400,0.000000,16.481400
2020-07-16,16.327999,16.327999,16.327999,16.327999,0.000000,16.327999
2020-07-17,16.453699,16.453699,16.453699,16.453699,0.000000,16.453699
2020-07-20,16.747601,16.747601,16.747601,16.747601,0.000000,16.747601
2020-07-21,16.800200,16.800200,16.800200,16.800200,0.000000,16.800200
2020-07-22,16.862900,16.862900,16.862900,16.862900,0.000000,16.862900
2020-07-23,16.697701,16.697701,16.697701,16.697701,0.000000,16.697701
2020-07-24,16.451900,16.451900,16.451900,16.451900,0.000000,16.451900
2020-07-27,16.710699,16.710699,16.710699,16.710699,0.000000,16.710699
2020-07-28,16.589300,16.589300,16.589300,16.589300,0.000000,16.589300
2020-07-29,16.806000,16.806000,16.806000,16.806000,0.000000,16.806000
2020-07-30,16.810499,16.810499,16.810499,16.810499,0.000000,16.810499
2020-07-31,16.894100,16.894100,16.894100,16.894100,0.000000,16.894100
2020-08-03,,,,,,
2020-08-04,17.080000,17.080000,17.080000,17.080000,0.000000,17.080000
2020-08-05,17.255600,17.255600,17.255600,17.255600,0.000000,17.255600
2020-08-06,17.314301,17.314301,17.314301,17.314301,0.000000,17.314301
2020-08-07,17.230801,17.230801,17.230801,17.230801,0.000000,17.230801
2020-08-10,17.126801,17.126801,17.126801,17.126801,0.000000,17.126801
2020-08-11,17.105400,17.105400,17.105400,17.105400,0.000000,17.105400
2020-08-12,17.392401,17.392401,17.392401,17.392401,0.000000,17.392401
2020-08-13,17.339199,17.339199,17.339199,17.339199,0.000000,17.339199
2020-08-14,17.275801,17.275801,17.275801,17.275801,0.000000,17.275801
2020-08-17,17.466299,17.466299,17.466299,17.466299,0.000000,17.466299
2020-08-18,17.531401,17.531401,17.531401,17.531401,0.000000,17.531401
2020-08-19,17.459900,17.459900,17.459900,17.459900,0.000000,17.459900
2020-08-20,17.438700,17.438700,17.438700,17.438700,0.000000,17.438700
2020-08-21,17.448999,17.448999,17.448999,17.448999,0.000000,17.448999
2020-08-24,17.633600,17.633600,17.633600,17.633600,0.000000,17.633600
2020-08-25,17.735001,17.735001,17.735001,17.735001,0.000000,17.735001
2020-08-26,17.970200,17.970200,17.970200,17.970200,0.000000,17.970200
2020-08-27,17.843201,17.843201,17.843201,17.843201,0.000000,17.843201
2020-08-28,17.988300,17.988300,17.988300,17.988300,0.000000,17.988300
2020-08-31,17.852301,17.852301,17.852301,17.852301,0.000000,17.852301
2020-09-01,18.030701,18.030701,18.030701,18.030701,0.000000,18.030701
2020-09-02,18.342800,18.342800,18.342800,18.342800,0.000000,18.342800
2020-09-03,17.648399,17.648399,17.648399,17.648399,0.000000,17.648399
2020-09-04,17.286501,17.286501,17.286501,17.286501,0.000000,17.286501
2020-09-08,16.845600,16.845600,16.845600,16.845600,0.000000,16.845600
2020-09-09,17.194700,17.194700,17.194700,17.194700,0.000000,17.194700
2020-09-10,17.004000,17.004000,17.004000,17.004000,0.000000,17.004000
2020-09-11,17.005400,17.005400,17.005400,17.005400,0.000000,17.005400
2020-09-14,17.297300,17.297300,17.297300,17.297300,0.000000,17.297300
2020-09-15,17.442801,17.442801,17.442801,17.442801,0.000000,17.442801
2020-09-16,17.304001,17.304001,17.304001,17.304001,0.000000,17.304001
2020-09-17,17.138599,17.138599,17.138599,17.138599,0.000000,17.138599
2020-09-18,17.021700,17.021700,17.021700,17.021700,0.000000,17.021700
2020-09-21,16.865801,16.865801,16.865801,16.865801,0.000000,16.865801
2020-09-22,17.068300,17.068300,17.068300,17.068300,0.000000,17.068300
2020-09-23,16.890400,16.890400,16.890400,16.890400,0.000000,16.890400
2020-09-24,16.891399,16.891399,16.891399,16.891399,0.000000,16.891399
2020-09-25,17.060200,17.060200,17.060200,17.060200,0.000000,17.060200
2020-09-28,17.324600,17.324600,17.324600,17.324600,0.000000,17.324600
2020-09-29,17.376101,17.376101,17.376101,17.376101,0.000000,17.376101
2020-09-30,17.436001,17.436001,17.436001,17.436001,0.000000,17.436001
2020-10-01,17.612900,17.612900,17.612900,17.612900,0.000000,17.612900
2020-10-02,17.339100,17.339100,17.339100,17.339100,0.000000,17.339100
2020-10-05,17.689501,17.689501,17.689501,17.689501,0.000000,17.689501
2020-10-06,17.573900,17.573900,17.573900,17.573900,0.000000,17.573900
2020-10-07,17.816601,17.816601,17.816601,17.816601,0.000000,17.816601
2020-10-08,17.944401,17.944401,17.944401,17.944401,0.000000,17.944401
2020-10-09,18.199699,18.199699,18.199699,18.199699,0.000000,18.199699
2020-10-12,18.486099,18.486099,18.486099,18.486099,0.000000,18.486099
2020-10-13,18.445999,18.445999,18.445999,18.445999,0.000000,18.445999
2020-10-14,18.383200,18.383200,18.383200,18.383200,0.000000,18.383200
2020-10-15,18.209801,18.209801,18.209801,18.209801,0.000000,18.209801
2020-10-16,18.226999,18.226999,18.226999,18.226999,0.000000,18.226999
2020-10-19,18.018101,18.018101,18.018101,18.018101,0.000000,18.018101
2020-10-20,18.127600,18.127600,18.127600,18.127600,0.000000,18.127600
2020-10-21,18.188400,18.188400,18.188400,18.188400,0.000000,18.188400
2020-10-22,18.139900,18.139900,18.139900,18.139900,0.000000,18.139900
2020-10-23,18.131901,18.131901,18.131901,18.131901,0.000000,18.131901
2020-10-26,,,,,,
2020-10-27,17.703100,17.703100,17.703100,17.703100,0.000000,17.703100
2020-10-28,17.056999,17.056999,17.056999,17.056999,0.000000,17.056999
2020-10-29,17.243799,17.243799,17.243799,17.243799,0.000000,17.243799
2020-10-30,16.973600,16.973600,16.973600,16.973600,0.000000,16.973600
2020-11-02,17.153500,17.153500,17.153500,17.153500,0.000000,17.153500
2020-11-03,17.481199,17.481199,17.481199,17.481199,0.000000,17.481199
2020-11-04,18.065901,18.065901,18.065901,18.065901,0.000000,18.065901
2020-11-05,18.543400,18.543400,18.543400,18.543400,0.000000,18.543400
2020-11-06,18.633200,18.633200,18.633200,18.633200,0.000000,18.633200
2020-11-09,18.593800,18.593800,18.593800,18.593800,0.000000,18.593800
2020-11-10,18.304001,18.304001,18.304001,18.304001,0.000000,18.304001
2020-11-11,18.460300,18.460300,18.460300,18.460300,0.000000,18.460300
2020-11-12,18.364700,18.364700,18.364700,18.364700,0.000000,18.364700
2020-11-13,18.612600,18.612600,18.612600,18.612600,0.000000,18.612600
2020-11-16,18.825001,18.825001,18.825001,18.825001,0.000000,18.825001
2020-11-17,18.746901,18.746901,18.746901,18.746901,0.000000,18.746901
2020-11-18,18.635401,18.635401,18.635401,18.635401,0.000000,18.635401
2020-11-19,18.719601,18.719601,18.719601,18.719601,0.000000,18.719601
2020-11-20,18.623899,18.623899,18.623899,18.623899,0.000000,18.623899
2020-11-23,18.778900,18.778900,18.778900,18.778900,0.000000,18.778900
2020-11-24,18.952600,18.952600,18.952600,18.952600,0.000000,18.952600
2020-11-25,18.943300,18.943300,18.943300,18.943300,0.000000,18.943300
2020-11-27,19.117701,19.117701,19.117701,19.117701,0.000000,19.117701
2020-11-30,19.039700,19.039700,19.039700,19.039700,0.000000,19.039700
2020-12-01,19.251801,19.251801,19.251801,19.251801,0.000000,19.251801
2020-12-02,19.270000,19.270000,19.270000,19.270000,0.000000,19.270000
2020-12-03,19.304600,19.304600,19.304600,19.304600,0.000000,19.304600
2020-12-04,19.502899,19.502899,19.502899,19.502899,0.000000,19.502899
2020-12-07,19.525600,19.525600,19.525600,19.525600,0.000000,19.525600
2020-12-08,19.507299,19.507299,19.507299,19.507299,0.000000,19.507299
2020-12-09,19.310200,19.310200,19.310200,19.310200,0.000000,19.310200
2020-12-10,19.246000,19.246000,19.246000,19.246000,0.000000,19.246000
2020-12-11,19.238899,19.238899,19.238899,19.238899,0.000000,19.238899
2020-12-14,19.301001,19.301001,19.301001,19.301001,0.000000,19.301001
2020-12-15,19.472500,19.472500,19.472500,19.472500,0.000000,19.472500
2020-12-16,19.531099,19.531099,19.531099,19.531099,0.000000,19.531099
2020-12-17,19.603500,19.603500,19.603500,19.603500,0.000000,19.603500
2020-12-18,19.610701,19.610701,19.610701,19.610701,0.000000,19.610701
2020-12-21,19.550600,19.550600,19.550600,19.550600,0.000000,19.550600
2020-12-22,19.589100,19.589100,19.589100,19.589100,0.000000,19.589100
2020-12-23,19.534201,19.534201,19.534201,19.534201,0.000000,19.534201
2020-12-24,19.640900,19.640900,19.640900,19.640900,0.000000,19.640900
2020-12-28,,,,,,
2020-12-29,,,,,,
2020-12-30,19.954599,19.954599,19.954599,19.954599,0.000000,19.954599
2020-12-31,19.993099,19.993099,19.993099,19.993099,0.000000,19.993099
2021-01-04,19.898701,19.898701,19.898701,19.898701,0.000000,19.898701
2021-01-05,20.052700,20.052700,20.052700,20.052700,0.000000,20.052700
2021-01-06,20.017700,20.017700,20.017700,20.017700,0.000000,20.017700
2021-01-07,20.285101,20.285101,20.285101,20.285101,0.000000,20.285101
2021-01-08,20.584900,20.584900,20.584900,20.584900,0.000000,20.584900
2021-01-11,20.550301,20.550301,20.550301,20.550301,0.000000,20.550301
2021-01-12,20.496099,20.496099,20.496099,20.496099,0.000000,20.496099
2021-01-13,20.461700,20.461700,20.461700,20.461700,0.000000,20.461700
2021-01-14,20.431400,20.431400,20.431400,20.431400,0.000000,20.431400
2021-01-15,20.292299,20.292299,20.292299,20.292299,0.000000,20.292299
2021-01-19,20.606300,20.606300,20.606300,20.606300,0.000000,20.606300
2021-01-20,20.754101,20.754101,20.754101,20.754101,0.000000,20.754101
2021-01-21,20.849899,20.849899,20.849899,20.849899,0.000000,20.849899
2021-01-22,20.751900,20.751900,20.751900,20.751900,0.000000,20.751900
2021-01-25,20.866199,20.866199,20.866199,20.866199,0.000000,20.866199
2021-01-26,20.748699,20.748699,20.748699,20.748699,0.000000,20.748699
2021-01-27,20.139000,20.139000,20.139000,20.139000,0.000000,20.139000
2021-01-28,20.334700,20.334700,20.334700,20.334700,0.000000,20.334700
2021-01-29,19.976200,19.976200,19.976200,19.976200,0.000000,19.976200
2021-02-01,20.436600,20.436600,20.436600,20.436600,0.000000,20.436600
2021-02-02,20.816500,20.816500,20.816500,20.816500,0.000000,20.816500
2021-02-03,20.643999,20.643999,20.643999,20.643999,0.000000,20.643999
2021-02-04,20.827999,20.827999,20.827999,20.827999,0.000000,20.827999
2021-02-05,20.853701,20.853701,20.853701,20.853701,0.000000,20.853701
2021-02-08,21.069201,21.069201,21.069201,21.069201,0.000000,21.069201
2021-02-09,21.018000,21.018000,21.018000,21.018000,0.000000,21.018000
2021-02-10,21.047800,21.047800,21.047800,21.047800,0.000000,21.047800
2021-02-11,21.375200,21.375200,21.375200,21.375200,0.000000,21.375200
2021-02-12,21.521999,21.521999,21.521999,21.521999,0.000000,21.521999
2021-02-16,21.551100,21.551100,21.551100,21.551100,0.000000,21.551100
2021-02-17,21.363600,21.363600,21.363600,21.363600,0.000000,21.363600
2021-02-18,21.257200,21.257200,21.257200,21.257200,0.000000,21.257200
2021-02-19,21.223400,21.223400,21.223400,21.223400,0.000000,21.223400
2021-02-22,20.823500,20.823500,20.823500,20.823500,0.000000,20.823500
2021-02-23,20.761600,20.761600,20.761600,20.761600,0.000000,20.761600
2021-02-24,20.915400,20.915400,20.915400,20.915400,0.000000,20.915400
2021-02-25,20.470699,20.470699,20.470699,20.470699,0.000000,20.470699
2021-02-26,20.428101,20.428101,20.428101,20.428101,0.000000,20.428101
2021-03-01,20.957100,20.957100,20.957100,20.957100,0.000000,20.957100
2021-03-02,20.727900,20.727900,20.727900,20.727900,0.000000,20.727900
2021-03-03,20.438801,20.438801,20.438801,20.438801,0.000000,20.438801
2021-03-04,19.963100,19.963100,19.963100,19.963100,0.000000,19.963100
2021-03-05,20.235901,20.235901,20.235901,20.235901,0.000000,20.235901
2021-03-08,19.915400,19.915400,19.915400,19.915400,0.000000,19.915400
2021-03-09,20.422400,20.422400,20.422400,20.422400,0.000000,20.422400
2021-03-10,20.297800,20.297800,20.297800,20.297800,0.000000,20.297800
2021-03-11,20.759100,20.759100,20.759100,20.759100,0.000000,20.759100
2021-03-12,20.552799,20.552799,20.552799,20.552799,0.000000,20.552799
2021-03-15,20.619101,20.619101,20.619101,20.619101,0.000000,20.619101
2021-03-16,20.745100,20.745100,20.745100,20.745100,0.000000,20.745100
2021-03-17,,,,,,
2021-03-18,20.459200,20.459200,20.459200,20.459200,0.000000,20.459200
2021-03-19,20.375601,20.375601,20.375601,20.375601,0.000000,20.375601
2021-03-22,20.669800,20.669800,20.669800,20.669800,0.000000,20.669800
2021-03-23,20.489300,20.489300,20.489300,20.489300,0.000000,20.489300
2021-03-24,20.320000,20.320000,20.320000,20.320000,0.000000,20.320000
2021-03-25,20.278000,20.278000,20.278000,20.278000,0.000000,20.278000
2021-03-26,20.714899,20.714899,20.714899,20.714899,0.000000,20.714899
2021-03-29,20.640499,20.640499,20.640499,20.640499,0.000000,20.640499
2021-03-30,20.568199,20.568199,20.568199,20.568199,0.000000,20.568199
2021-03-31,20.786800,20.786800,20.786800,20.786800,0.000000,20.786800
2021-04-01,21.250401,21.250401,21.250401,21.250401,0.000000,21.250401
2021-04-05,,,,,,
2021-04-06,21.530399,21.530399,21.530399,21.530399,0.000000,21.530399
2021-04-07,21.560301,21.560301,21.560301,21.560301,0.000000,21.560301
2021-04-08,21.713200,21.713200,21.713200,21.713200,0.000000,21.713200
2021-04-09,21.788300,21.788300,21.788300,21.788300,0.000000,21.788300
2021-04-12,21.751301,21.751301,21.751301,21.751301,0.000000,21.751301
2021-04-13,21.870600,21.870600,21.870600,21.870600,0.000000,21.870600
2021-04-14,21.763901,21.763901,21.763901,21.763901,0.000000,21.763901
2021-04-15,22.080700,22.080700,22.080700,22.080700,0.000000,22.080700
2021-04-16,22.132200,22.132200,22.132200,22.132200,0.000000,22.132200
2021-04-19,21.916901,21.916901,21.916901,21.916901,0.000000,21.916901
2021-04-20,21.807199,21.807199,21.807199,21.807199,0.000000,21.807199
2021-04-21,21.948500,21.948500,21.948500,21.948500,0.000000,21.948500
2021-04-22,21.877399,21.877399,21.877399,21.877399,0.000000,21.877399
2021-04-23,22.140600,22.140600,22.140600,22.140600,0.000000,22.140600
2021-04-26,22.243999,22.243999,22.243999,22.243999,0.000000,22.243999
2021-04-27,22.222099,22.222099,22.222099,22.222099,0.000000,22.222099
2021-04-28,22.222099,22.222099,22.222099,22.222099,0.000000,22.222099
2021-04-29,22.208401,22.208401,22.208401,22.208401,0.000000,22.208401
2021-04-30,21.929100,21.929100,21.929100,21.929100,0.000000,21.929100
2021-05-03,,,,,,
2021-05-04,21.589600,21.589600,21.589600,21.589600,0.000000,21.589600
2021-05-05,21.592501,21.592501,21.592501,21.592501,0.000000,21.592501
2021-05-06,21.754000,21.754000,21.754000,21.754000,0.000000,21.754000
2021-05-07,21.927000,21.927000,21.927000,21.927000,0.000000,21.927000
2021-05-10,21.442301,21.442301,21.442301,21.442301,0.000000,21.442301
2021-05-11,21.347000,21.347000,21.347000,21.347000,0.000000,21.347000
2021-05-12,20.820000,20.820000,20.820000,20.820000,0.000000,20.820000
2021-05-13,20.912399,20.912399,20.912399,20.912399,0.000000,20.912399
2021-05-14,21.346901,21.346901,21.346901,21.346901,0.000000,21.346901
2021-05-17,21.225700,21.225700,21.225700,21.225700,0.000000,21.225700
2021-05-18,21.135300,21.135300,21.135300,21.135300,0.000000,21.135300
2021-05-19,21.104601,21.104601,21.104601,21.104601,0.000000,21.104601
2021-05-20,21.502899,21.502899,21.502899,21.502899,0.000000,21.502899
2021-05-21,21.422001,21.422001,21.422001,21.422001,0.000000,21.422001
2021-05-24,21.629499,21.629499,21.629499,21.629499,0.000000,21.629499
2021-05-25,21.828899,21.828899,21.828899,21.828899,0.000000,21.828899
2021-05-26,21.806400,21.806400,21.806400,21.806400,0.000000,21.806400
2021-05-27,21.784100,21.784100,21.784100,21.784100,0.000000,21.784100
2021-05-28,21.880100,21.880100,21.880100,21.880100,0.000000,21.880100
2021-06-01,21.863501,21.863501,21.863501,21.863501,0.000000,21.863501
2021-06-02,21.875900,21.875900,21.875900,21.875900,0.000000,21.875900
2021-06-03,21.650200,21.650200,21.650200,21.650200,0.000000,21.650200
2021-06-04,21.927401,21.927401,21.927401,21.927401,0.000000,21.927401
2021-06-07,,,,,,
2021-06-08,21.779900,21.779900,21.779900,21.779900,0.000000,21.779900
2021-06-09,21.799601,21.799601,21.799601,21.799601,0.000000,21.799601
2021-06-10,22.063101,22.063101,22.063101,22.063101,0.000000,22.063101
2021-06-11,22.129000,22.129000,22.129000,22.129000,0.000000,22.129000
2021-06-14,22.295601,22.295601,22.295601,22.295601,0.000000,22.295601
2021-06-15,22.251900,22.251900,22.251900,22.251900,0.000000,22.251900
2021-06-16,22.049999,22.049999,22.049999,22.049999,0.000000,22.049999
2021-06-17,22.197100,22.197100,22.197100,22.197100,0.000000,22.197100
2021-06-18,21.982901,21.982901,21.982901,21.982901,0.000000,21.982901
2021-06-21,22.142799,22.142799,22.142799,22.142799,0.000000,22.142799
2021-06-22,22.313999,22.313999,22.313999,22.313999,0.000000,22.313999
2021-06-23,22.330900,22.330900,22.330900,22.330900,0.000000,22.330900
2021-06-24,22.489401,22.489401,22.489401,22.489401,0.000000,22.489401
2021-06-25,22.601801,22.601801,22.601801,22.601801,0.000000,22.601801
2021-06-28,22.823099,22.823099,22.823099,22.823099,0.000000,22.823099
2021-06-29,22.883400,22.883400,22.883400,22.883400,0.000000,22.883400
2021-06-30,22.753300,22.753300,22.753300,22.753300,0.000000,22.753300
2021-07-01,22.750900,22.750900,22.750900,22.750900,0.000000,22.750900
2021-07-02,22.888700,22.888700,22.888700,22.888700,0.000000,22.888700
2021-07-06,22.956100,22.956100,22.956100,22.956100,0.000000,22.956100
2021-07-07,23.027901,23.027901,23.027901,23.027901,0.000000,23.027901
2021-07-08,22.813999,22.813999,22.813999,22.813999,0.000000,22.813999
2021-07-09,23.062901,23.062901,23.062901,23.062901,0.000000,23.062901
2021-07-12,23.149300,23.149300,23.149300,23.149300,0.000000,23.149300
2021-07-13,23.160801,23.160801,23.160801,23.160801,0.000000,23.160801
2021-07-14,23.191999,23.191999,23.191999,23.191999,0.000000,23.191999
2021-07-15,23.031099,23.031099,23.031099,23.031099,0.000000,23.031099
2021-07-16,22.817400,22.817400,22.817400,22.817400,0.000000,22.817400
2021-07-19,22.543800,22.543800,22.543800,22.543800,0.000000,22.543800
2021-07-20,22.776699,22.776699,22.776699,22.776699,0.000000,22.776699
2021-07-21,23.006701,23.006701,23.006701,23.006701,0.000000,23.006701
2021-07-22,23.156200,23.156200,23.156200,23.156200,0.000000,23.156200
2021-07-23,23.392500,23.392500,23.392500,23.392500,0.000000,23.392500
2021-07-26,23.350500,23.350500,23.350500,23.350500,0.000000,23.350500
2021-07-27,23.139900,23.139900,23.139900,23.139900,0.000000,23.139900
2021-07-28,23.305000,23.305000,23.305000,23.305000,0.000000,23.305000
2021-07-29,23.318199,23.318199,23.318199,23.318199,0.000000,23.318199
2021-07-30,23.290899,23.290899,23.290899,23.290899,0.000000,23.290899
2021-08-02,,,,,,
2021-08-03,23.401199,23.401199,23.401199,23.401199,0.000000,23.401199
2021-08-04,23.548100,23.548100,23.548100,23.548100,0.000000,23.548100
2021-08-05,23.650400,23.650400,23.650400,23.650400,0.000000,23.650400
2021-08-06,23.557100,23.557100,23.557100,23.557100,0.000000,23.557100
2021-08-09,23.470400,23.470400,23.470400,23.470400,0.000000,23.470400
2021-08-10,23.318800,23.318800,23.318800,23.318800,0.000000,23.318800
2021-08-11,23.259501,23.259501,23.259501,23.259501,0.000000,23.259501
2021-08-12,23.208000,23.208000,23.208000,23.208000,0.000000,23.208000
2021-08-13,23.264099,23.264099,23.264099,23.264099,0.000000,23.264099
2021-08-16,23.387400,23.387400,23.387400,23.387400,0.000000,23.387400
2021-08-17,23.184200,23.184200,23.184200,23.184200,0.000000,23.184200
2021-08-18,22.964701,22.964701,22.964701,22.964701,0.000000,22.964701
2021-08-19,23.062500,23.062500,23.062500,23.062500,0.000000,23.062500
2021-08-20,23.176701,23.176701,23.176701,23.176701,0.000000,23.176701
2021-08-23,23.476801,23.476801,23.476801,23.476801,0.000000,23.476801
2021-08-24,23.563499,23.563499,23.563499,23.563499,0.000000,23.563499
2021-08-25,23.549900,23.549900,23.549900,23.549900,0.000000,23.549900
2021-08-26,23.424000,23.424000,23.424000,23.424000,0.000000,23.424000
2021-08-27,23.647200,23.647200,23.647200,23.647200,0.000000,23.647200
2021-08-30,,,,,,
2021-08-31,23.764099,23.764099,23.764099,23.764099,0.000000,23.764099
2021-09-01,23.841999,23.841999,23.841999,23.841999,0.000000,23.841999
2021-09-02,23.828100,23.828100,23.828100,23.828100,0.000000,23.828100
2021-09-03,23.922800,23.922800,23.922800,23.922800,0.000000,23.922800
2021-09-07,23.850700,23.850700,23.850700,23.850700,0.000000,23.850700
2021-09-08,23.718399,23.718399,23.718399,23.718399,0.000000,23.718399
2021-09-09,23.685499,23.685499,23.685499,23.685499,0.000000,23.685499
2021-09-10,23.655701,23.655701,23.655701,23.655701,0.000000,23.655701
2021-09-13,23.575399,23.575399,23.575399,23.575399,0.000000,23.575399
2021-09-14,23.533001,23.533001,23.533001,23.533001,0.000000,23.533001
2021-09-15,23.619801,23.619801,23.619801,23.619801,0.000000,23.619801
2021-09-16,23.610100,23.610100,23.610100,23.610100,0.000000,23.610100
2021-09-17,23.390699,23.390699,23.390699,23.390699,0.000000,23.390699
2021-09-20,22.887300,22.887300,22.887300,22.887300,0.000000,22.887300
2021-09-21,22.931999,22.931999,22.931999,22.931999,0.000000,22.931999
2021-09-22,23.113199,23.113199,23.113199,23.113199,0.000000,23.113199
2021-09-23,23.396601,23.396601,23.396601,23.396601,0.000000,23.396601
2021-09-24,23.303400,23.303400,23.303400,23.303400,0.000000,23.303400
2021-09-27,23.090500,23.090500,23.090500,23.090500,0.000000,23.090500
2021-09-28,22.387400,22.387400,22.387400,22.387400,0.000000,22.387400
2021-09-29,22.324200,22.324200,22.324200,22.324200,0.000000,22.324200
2021-09-30,22.191999,22.191999,22.191999,22.191999,0.000000,22.191999
2021-10-01,22.330799,22.330799,22.330799,22.330799,0.000000,22.330799
2021-10-04,21.864700,21.864700,21.864700,21.864700,0.000000,21.864700
2021-10-05,22.115700,22.115700,22.115700,22.115700,0.000000,22.115700
2021-10-06,22.121500,22.121500,22.121500,22.121500,0.000000,22.121500
2021-10-07,22.377501,22.377501,22.377501,22.377501,0.000000,22.377501
2021-10-08,22.216000,22.216000,22.216000,22.216000,0.000000,22.216000
2021-10-11,22.025299,22.025299,22.025299,22.025299,0.000000,22.025299
2021-10-12,21.911800,21.911800,21.911800,21.911800,0.000000,21.911800
2021-10-13,22.053400,22.053400,22.053400,22.053400,0.000000,22.053400
2021-10-14,22.476601,22.476601,22.476601,22.476601,0.000000,22.476601
2021-10-15,22.636400,22.636400,22.636400,22.636400,0.000000,22.636400
2021-10-18,22.712500,22.712500,22.712500,22.712500,0.000000,22.712500
2021-10-19,22.923700,22.923700,22.923700,22.923700,0.000000,22.923700
2021-10-20,22.864599,22.864599,22.864599,22.864599,0.000000,22.864599
2021-10-21,22.799101,22.799101,22.799101,22.799101,0.000000,22.799101
2021-10-22,22.818800,22.818800,22.818800,22.818800,0.000000,22.818800
2021-10-25,,,,,,
2021-10-26,22.882299,22.882299,22.882299,22.882299,0.000000,22.882299
2021-10-27,22.705900,22.705900,22.705900,22.705900,0.000000,22.705900
2021-10-28,22.936399,22.936399,22.936399,22.936399,0.000000,22.936399
2021-10-29,23.034100,23.034100,23.034100,23.034100,0.000000,23.034100
2021-11-01,23.037100,23.037100,23.037100,23.037100,0.000000,23.037100
2021-11-02,23.180799,23.180799,23.180799,23.180799,0.000000,23.180799
2021-11-03,23.360300,23.360300,23.360300,23.360300,0.000000,23.360300
2021-11-04,23.687401,23.687401,23.687401,23.687401,0.000000,23.687401
2021-11-05,23.800400,23.800400,23.800400,23.800400,0.000000,23.800400
2021-11-08,23.878500,23.878500,23.878500,23.878500,0.000000,23.878500
2021-11-09,23.834900,23.834900,23.834900,23.834900,0.000000,23.834900
2021-11-10,23.569300,23.569300,23.569300,23.569300,0.000000,23.569300
2021-11-11,23.592699,23.592699,23.592699,23.592699,0.000000,23.592699
2021-11-12,23.836100,23.836100,23.836100,23.836100,0.000000,23.836100
2021-11-15,23.825600,23.825600,23.825600,23.825600,0.000000,23.825600
2021-11-16,23.971600,23.971600,23.971600,23.971600,0.000000,23.971600
2021-11-17,23.873199,23.873199,23.873199,23.873199,0.000000,23.873199
2021-11-18,23.975500,23.975500,23.975500,23.975500,0.000000,23.975500
2021-11-19,24.001400,24.001400,24.001400,24.001400,0.000000,24.001400
2021-11-22,23.759100,23.759100,23.759100,23.759100,0.000000,23.759100
2021-11-23,23.639999,23.639999,23.639999,23.639999,0.000000,23.639999
2021-11-24,23.683100,23.683100,23.683100,23.683100,0.000000,23.683100
2021-11-26,23.134001,23.134001,23.134001,23.134001,0.000000,23.134001
2021-11-29,23.504700,23.504700,23.504700,23.504700,0.000000,23.504700
2021-11-30,23.157801,23.157801,23.157801,23.157801,0.000000,23.157801
2021-12-01,23.199900,23.199900,23.199900,23.199900,0.000000,23.199900
2021-12-02,23.299601,23.299601,23.299601,23.299601,0.000000,23.299601
2021-12-03,23.085899,23.085899,23.085899,23.085899,0.000000,23.085899
2021-12-06,23.254299,23.254299,23.254299,23.254299,0.000000,23.254299
2021-12-07,23.875401,23.875401,23.875401,23.875401,0.000000,23.875401
2021-12-08,23.928200,23.928200,23.928200,23.928200,0.000000,23.928200
2021-12-09,23.722200,23.722200,23.722200,23.722200,0.000000,23.722200
2021-12-10,23.828199,23.828199,23.828199,23.828199,0.000000,23.828199
2021-12-13,23.601801,23.601801,23.601801,23.601801,0.000000,23.601801
2021-12-14,23.321699,23.321699,23.321699,23.321699,0.000000,23.321699
2021-12-15,23.719999,23.719999,23.719999,23.719999,0.000000,23.719999
2021-12-16,23.463699,23.463699,23.463699,23.463699,0.000000,23.463699
2021-12-17,23.222601,23.222601,23.222601,23.222601,0.000000,23.222601
2021-12-20,22.927900,22.927900,22.927900,22.927900,0.000000,22.927900
2021-12-21,23.412901,23.412901,23.412901,23.412901,0.000000,23.412901
2021-12-22,23.679899,23.679899,23.679899,23.679899,0.000000,23.679899
2021-12-23,23.848400,23.848400,23.848400,23.848400,0.000000,23.848400
2021-12-27,,,,,,
2021-12-28,,,,,,
2021-12-29,,,,,,
2021-12-30,24.096800,24.096800,24.096800,24.096800,0.000000,24.096800
2021-12-31,24.022499,24.022499,24.022499,24.022499,0.000000,24.022499
2022-01-03,,,,,,
2022-01-04,23.937300,23.937300,23.937300,23.937300,0.000000,23.937300
2022-01-05,23.496401,23.496401,23.496401,23.496401,0.000000,23.496401
2022-01-06,23.486500,23.486500,23.486500,23.486500,0.000000,23.486500
2022-01-07,23.196800,23.196800,23.196800,23.196800,0.000000,23.196800
2022-01-10,23.086901,23.086901,23.086901,23.086901,0.000000,23.086901
2022-01-11,23.385201,23.385201,23.385201,23.385201,0.000000,23.385201
2022-01-12,23.622400,23.622400,23.622400,23.622400,0.000000,23.622400
2022-01-13,23.328400,23.328400,23.328400,23.328400,0.000000,23.328400
2022-01-14,23.413099,23.413099,23.413099,23.413099,0.000000,23.413099
2022-01-18,22.830799,22.830799,22.830799,22.830799,0.000000,22.830799
2022-01-19,22.558001,22.558001,22.558001,22.558001,0.000000,22.558001
2022-01-20,22.404600,22.404600,22.404600,22.404600,0.000000,22.404600
2022-01-21,21.947001,21.947001,21.947001,21.947001,0.000000,21.947001
2022-01-24,21.831600,21.831600,21.831600,21.831600,0.000000,21.831600
2022-01-25,21.441000,21.441000,21.441000,21.441000,0.000000,21.441000
2022-01-26,21.536699,21.536699,21.536699,21.536699,0.000000,21.536699
2022-01-27,21.226400,21.226400,21.226400,21.226400,0.000000,21.226400
2022-01-28,21.674101,21.674101,21.674101,21.674101,0.000000,21.674101
2022-01-31,22.184900,22.184900,22.184900,22.184900,0.000000,22.184900
2022-02-01,22.357000,22.357000,22.357000,22.357000,0.000000,22.357000
2022-02-02,22.461201,22.461201,22.461201,22.461201,0.000000,22.461201
2022-02-03,21.736700,21.736700,21.736700,21.736700,0.000000,21.736700
2022-02-04,21.797001,21.797001,21.797001,21.797001,0.000000,21.797001
2022-02-07,21.690300,21.690300,21.690300,21.690300,0.000000,21.690300
2022-02-08,21.766800,21.766800,21.766800,21.766800,0.000000,21.766800
2022-02-09,22.259001,22.259001,22.259001,22.259001,0.000000,22.259001
2022-02-10,21.881201,21.881201,21.881201,21.881201,0.000000,21.881201
2022-02-11,21.296301,21.296301,21.296301,21.296301,0.000000,21.296301
2022-02-14,21.169800,21.169800,21.169800,21.169800,0.000000,21.169800
2022-02-15,21.626900,21.626900,21.626900,21.626900,0.000000,21.626900
2022-02-16,21.612400,21.612400,21.612400,21.612400,0.000000,21.612400
2022-02-17,21.170300,21.170300,21.170300,21.170300,0.000000,21.170300
2022-02-18,20.938601,20.938601,20.938601,20.938601,0.000000,20.938601
2022-02-22,20.709101,20.709101,20.709101,20.709101,0.000000,20.709101
2022-02-23,20.355101,20.355101,20.355101,20.355101,0.000000,20.355101
2022-02-24,20.634199,20.634199,20.634199,20.634199,0.000000,20.634199
2022-02-25,21.020100,21.020100,21.020100,21.020100,0.000000,21.020100
2022-02-28,20.880199,20.880199,20.880199,20.880199,0.000000,20.880199
2022-03-01,20.478901,20.478901,20.478901,20.478901,0.000000,20.478901
2022-03-02,20.731501,20.731501,20.731501,20.731501,0.000000,20.731501
2022-03-03,20.585501,20.585501,20.585501,20.585501,0.000000,20.585501
2022-03-04,20.200001,20.200001,20.200001,20.200001,0.000000,20.200001
2022-03-07,19.501900,19.501900,19.501900,19.501900,0.000000,19.501900
2022-03-08,19.383499,19.383499,19.383499,19.383499,0.000000,19.383499
2022-03-09,20.085800,20.085800,20.085800,20.085800,0.000000,20.085800
2022-03-10,19.840099,19.840099,19.840099,19.840099,0.000000,19.840099
2022-03-11,19.595600,19.595600,19.595600,19.595600,0.000000,19.595600
2022-03-14,19.425301,19.425301,19.425301,19.425301,0.000000,19.425301
2022-03-15,19.855700,19.855700,19.855700,19.855700,0.000000,19.855700
2022-03-16,20.561899,20.561899,20.561899,20.561899,0.000000,20.561899
2022-03-17,,,,,,
2022-03-18,,,,,,
2022-03-21,21.013599,21.013599,21.013599,21.013599,0.000000,21.013599
2022-03-22,21.232201,21.232201,21.232201,21.232201,0.000000,21.232201
2022-03-23,20.825399,20.825399,20.825399,20.825399,0.000000,20.825399
2022-03-24,21.164301,21.164301,21.164301,21.164301,0.000000,21.164301
2022-03-25,21.145901,21.145901,21.145901,21.145901,0.000000,21.145901
2022-03-28,21.315701,21.315701,21.315701,21.315701,0.000000,21.315701
2022-03-29,21.752300,21.752300,21.752300,21.752300,0.000000,21.752300
2022-03-30,21.529301,21.529301,21.529301,21.529301,0.000000,21.529301
2022-03-31,21.198601,21.198601,21.198601,21.198601,0.000000,21.198601
2022-04-01,21.181000,21.181000,21.181000,21.181000,0.000000,21.181000
2022-04-04,21.396601,21.396601,21.396601,21.396601,0.000000,21.396601
2022-04-05,20.982700,20.982700,20.982700,20.982700,0.000000,20.982700
2022-04-06,20.582800,20.582800,20.582800,20.582800,0.000000,20.582800
2022-04-07,20.694300,20.694300,20.694300,20.694300,0.000000,20.694300
2022-04-08,20.512501,20.512501,20.512501,20.512501,0.000000,20.512501
2022-04-11,20.073099,20.073099,20.073099,20.073099,0.000000,20.073099
2022-04-12,19.904400,19.904400,19.904400,19.904400,0.000000,19.904400
2022-04-13,20.101200,20.101200,20.101200,20.101200,0.000000,20.101200
2022-04-14,19.811600,19.811600,19.811600,19.811600,0.000000,19.811600
2022-04-18,,,,,,
2022-04-19,20.076000,20.076000,20.076000,20.076000,0.000000,20.076000
2022-04-20,20.137600,20.137600,20.137600,20.137600,0.000000,20.137600
2022-04-21,19.915701,19.915701,19.915701,19.915701,0.000000,19.915701
2022-04-22,19.322901,19.322901,19.322901,19.322901,0.000000,19.322901
2022-04-25,19.342600,19.342600,19.342600,19.342600,0.000000,19.342600
2022-04-26,18.775200,18.775200,18.775200,18.775200,0.000000,18.775200
2022-04-27,18.802099,18.802099,18.802099,18.802099,0.000000,18.802099
2022-04-28,19.447800,19.447800,19.447800,19.447800,0.000000,19.447800
2022-04-29,18.921301,18.921301,18.921301,18.921301,0.000000,18.921301
2022-05-02,,,,,,
2022-05-03,19.006599,19.006599,19.006599,19.006599,0.000000,19.006599
2022-05-04,19.419399,19.419399,19.419399,19.419399,0.000000,19.419399
2022-05-05,18.689301,18.689301,18.689301,18.689301,0.000000,18.689301
2022-05-06,18.435699,18.435699,18.435699,18.435699,0.000000,18.435699
2022-05-09,17.771799,17.771799,17.771799,17.771799,0.000000,17.771799
2022-05-10,17.913300,17.913300,17.913300,17.913300,0.000000,17.913300
2022-05-11,17.705900,17.705900,17.705900,17.705900,0.000000,17.705900
2022-05-12,17.721300,17.721300,17.721300,17.721300,0.000000,17.721300
2022-05-13,18.283701,18.283701,18.283701,18.283701,0.000000,18.283701
2022-05-16,18.139700,18.139700,18.139700,18.139700,0.000000,18.139700
2022-05-17,18.664301,18.664301,18.664301,18.664301,0.000000,18.664301
2022-05-18,18.021299,18.021299,18.021299,18.021299,0.000000,18.021299
2022-05-19,17.915701,17.915701,17.915701,17.915701,0.000000,17.915701
2022-05-20,17.962700,17.962700,17.962700,17.962700,0.000000,17.962700
2022-05-23,18.253099,18.253099,18.253099,18.253099,0.000000,18.253099
2022-05-24,17.928699,17.928699,17.928699,17.928699,0.000000,17.928699
2022-05-25,18.022200,18.022200,18.022200,18.022200,0.000000,18.022200
2022-05-26,18.348400,18.348400,18.348400,18.348400,0.000000,18.348400
2022-05-27,18.917601,18.917601,18.917601,18.917601,0.000000,18.917601
2022-05-31,18.892599,18.892599,18.892599,18.892599,0.000000,18.892599
2022-06-01,18.690599,18.690599,18.690599,18.690599,0.000000,18.690599
2022-06-02,,,,,,
2022-06-03,,,,,,
2022-06-06,,,,,,
2022-06-07,19.046700,19.046700,19.046700,19.046700,0.000000,19.046700
2022-06-08,18.919201,18.919201,18.919201,18.919201,0.000000,18.919201
2022-06-09,18.374300,18.374300,18.374300,18.374300,0.000000,18.374300
2022-06-10,17.739201,17.739201,17.739201,17.739201,0.000000,17.739201
2022-06-13,16.961500,16.961500,16.961500,16.961500,0.000000,16.961500
2022-06-14,16.925100,16.925100,16.925100,16.925100,0.000000,16.925100
2022-06-15,17.293800,17.293800,17.293800,17.293800,0.000000,17.293800
2022-06-16,16.603600,16.603600,16.603600,16.603600,0.000000,16.603600
2022-06-17,16.697599,16.697599,16.697599,16.697599,0.000000,16.697599
2022-06-21,17.052700,17.052700,17.052700,17.052700,0.000000,17.052700
2022-06-22,16.982500,16.982500,16.982500,16.982500,0.000000,16.982500
2022-06-23,17.192600,17.192600,17.192600,17.192600,0.000000,17.192600
2022-06-24,17.819599,17.819599,17.819599,17.819599,0.000000,17.819599
2022-06-27,17.744499,17.744499,17.744499,17.744499,0.000000,17.744499
2022-06-28,17.245501,17.245501,17.245501,17.245501,0.000000,17.245501
2022-06-29,17.179899,17.179899,17.179899,17.179899,0.000000,17.179899
2022-06-30,16.968201,16.968201,16.968201,16.968201,0.000000,16.968201
2022-07-01,16.902700,16.902700,16.902700,16.902700,0.000000,16.902700
2022-07-05,17.075500,17.075500,17.075500,17.075500,0.000000,17.075500
2022-07-06,17.149799,17.149799,17.149799,17.149799,0.000000,17.149799
2022-07-07,17.506800,17.506800,17.506800,17.506800,0.000000,17.506800
2022-07-08,17.507900,17.507900,17.507900,17.507900,0.000000,17.507900
2022-07-11,17.148100,17.148100,17.148100,17.148100,0.000000,17.148100
2022-07-12,16.973499,16.973499,16.973499,16.973499,0.000000,16.973499
2022-07-13,16.899300,16.899300,16.899300,16.899300,0.000000,16.899300
2022-07-14,16.861099,16.861099,16.861099,16.861099,0.000000,16.861099
2022-07-15,17.264799,17.264799,17.264799,17.264799,0.000000,17.264799
2022-07-18,17.155199,17.155199,17.155199,17.155199,0.000000,17.155199
2022-07-19,17.695200,17.695200,17.695200,17.695200,0.000000,17.695200
2022-07-20,18.025101,18.025101,18.025101,18.025101,0.000000,18.025101
2022-07-21,18.361300,18.361300,18.361300,18.361300,0.000000,18.361300
2022-07-22,18.066000,18.066000,18.066000,18.066000,0.000000,18.066000
2022-07-25,17.970301,17.970301,17.970301,17.970301,0.000000,17.970301
2022-07-26,17.671801,17.671801,17.671801,17.671801,0.000000,17.671801
2022-07-27,18.273800,18.273800,18.273800,18.273800,0.000000,18.273800
2022-07-28,18.543400,18.543400,18.543400,18.543400,0.000000,18.543400
2022-07-29,18.727501,18.727501,18.727501,18.727501,0.000000,18.727501
2022-08-01,,,,,,
2022-08-02,18.586300,18.586300,18.586300,18.586300,0.000000,18.586300
2022-08-03,19.027700,19.027700,19.027700,19.027700,0.000000,19.027700
2022-08-04,19.188900,19.188900,19.188900,19.188900,0.000000,19.188900
2022-08-05,19.092199,19.092199,19.092199,19.092199,0.000000,19.092199
2022-08-08,18.993500,18.993500,18.993500,18.993500,0.000000,18.993500
2022-08-09,18.583900,18.583900,18.583900,18.583900,0.000000,18.583900
2022-08-10,19.137400,19.137400,19.137400,19.137400,0.000000,19.137400
2022-08-11,19.105600,19.105600,19.105600,19.105600,0.000000,19.105600
2022-08-12,19.431801,19.431801,19.431801,19.431801,0.000000,19.431801
2022-08-15,19.534401,19.534401,19.534401,19.534401,0.000000,19.534401
2022-08-16,19.455299,19.455299,19.455299,19.455299,0.000000,19.455299
2022-08-17,19.183201,19.183201,19.183201,19.183201,0.000000,19.183201
2022-08-18,19.238899,19.238899,19.238899,19.238899,0.000000,19.238899
2022-08-19,18.852200,18.852200,18.852200,18.852200,0.000000,18.852200
2022-08-22,18.342899,18.342899,18.342899,18.342899,0.000000,18.342899
2022-08-23,18.205400,18.205400,18.205400,18.205400,0.000000,18.205400
2022-08-24,18.280300,18.280300,18.280300,18.280300,0.000000,18.280300
2022-08-25,18.559200,18.559200,18.559200,18.559200,0.000000,18.559200
2022-08-26,17.858200,17.858200,17.858200,17.858200,0.000000,17.858200
2022-08-29,,,,,,
2022-08-30,17.458900,17.458900,17.458900,17.458900,0.000000,17.458900
2022-08-31,17.359400,17.359400,17.359400,17.359400,0.000000,17.359400
2022-09-01,17.288099,17.288099,17.288099,17.288099,0.000000,17.288099
2022-09-02,17.166599,17.166599,17.166599,17.166599,0.000000,17.166599
2022-09-06,17.032301,17.032301,17.032301,17.032301,0.000000,17.032301
2022-09-07,17.320000,17.320000,17.320000,17.320000,0.000000,17.320000
2022-09-08,17.471500,17.471500,17.471500,17.471500,0.000000,17.471500
2022-09-09,17.844299,17.844299,17.844299,17.844299,0.000000,17.844299
2022-09-12,18.058001,18.058001,18.058001,18.058001,0.000000,18.058001
2022-09-13,17.232401,17.232401,17.232401,17.232401,0.000000,17.232401
2022-09-14,17.295300,17.295300,17.295300,17.295300,0.000000,17.295300
2022-09-15,16.972700,16.972700,16.972700,16.972700,0.000000,16.972700
2022-09-16,16.796400,16.796400,16.796400,16.796400,0.000000,16.796400
2022-09-19,,,,,,
2022-09-20,16.609699,16.609699,16.609699,16.609699,0.000000,16.609699
2022-09-21,16.360500,16.360500,16.360500,16.360500,0.000000,16.360500
2022-09-22,16.140100,16.140100,16.140100,16.140100,0.000000,16.140100
2022-09-23,15.939200,15.939200,15.939200,15.939200,0.000000,15.939200
2022-09-26,15.776700,15.776700,15.776700,15.776700,0.000000,15.776700
2022-09-27,15.774700,15.774700,15.774700,15.774700,0.000000,15.774700
2022-09-28,16.051600,16.051600,16.051600,16.051600,0.000000,16.051600
2022-09-29,15.747900,15.747900,15.747900,15.747900,0.000000,15.747900
2022-09-30,15.471500,15.471500,15.471500,15.471500,0.000000,15.471500
2022-10-03,15.841500,15.841500,15.841500,15.841500,0.000000,15.841500
2022-10-04,16.405899,16.405899,16.405899,16.405899,0.000000,16.405899
2022-10-05,16.504200,16.504200,16.504200,16.504200,0.000000,16.504200
2022-10-06,16.418501,16.418501,16.418501,16.418501,0.000000,16.418501
2022-10-07,15.856000,15.856000,15.856000,15.856000,0.000000,15.856000
2022-10-10,15.529800,15.529800,15.529800,15.529800,0.000000,15.529800
2022-10-11,15.269800,15.269800,15.269800,15.269800,0.000000,15.269800
2022-10-12,15.253100,15.253100,15.253100,15.253100,0.000000,15.253100
2022-10-13,15.600800,15.600800,15.600800,15.600800,0.000000,15.600800
2022-10-14,15.211300,15.211300,15.211300,15.211300,0.000000,15.211300
2022-10-17,15.638700,15.638700,15.638700,15.638700,0.000000,15.638700
2022-10-18,15.786300,15.786300,15.786300,15.786300,0.000000,15.786300
2022-10-19,15.684400,15.684400,15.684400,15.684400,0.000000,15.684400
2022-10-20,15.685200,15.685200,15.685200,15.685200,0.000000,15.685200
2022-10-21,15.950100,15.950100,15.950100,15.950100,0.000000,15.950100
2022-10-24,16.063499,16.063499,16.063499,16.063499,0.000000,16.063499
2022-10-25,16.436399,16.436399,16.436399,16.436399,0.000000,16.436399
2022-10-26,16.329399,16.329399,16.329399,16.329399,0.000000,16.329399
2022-10-27,16.109800,16.109800,16.109800,16.109800,0.000000,16.109800
2022-10-28,16.420601,16.420601,16.420601,16.420601,0.000000,16.420601
2022-10-31,,,,,,
2022-11-01,16.211800,16.211800,16.211800,16.211800,0.000000,16.211800
2022-11-02,15.734600,15.734600,15.734600,15.734600,0.000000,15.734600
2022-11-03,15.466400,15.466400,15.466400,15.466400,0.000000,15.466400
2022-11-04,15.803000,15.803000,15.803000,15.803000,0.000000,15.803000
2022-11-07,16.091299,16.091299,16.091299,16.091299,0.000000,16.091299
2022-11-08,16.271200,16.271200,16.271200,16.271200,0.000000,16.271200
2022-11-09,15.935700,15.935700,15.935700,15.935700,0.000000,15.935700
2022-11-10,17.123600,17.123600,17.123600,17.123600,0.000000,17.123600
2022-11-11,17.519899,17.519899,17.519899,17.519899,0.000000,17.519899
2022-11-14,17.407801,17.407801,17.407801,17.407801,0.000000,17.407801
2022-11-15,17.704901,17.704901,17.704901,17.704901,0.000000,17.704901
2022-11-16,17.369101,17.369101,17.369101,17.369101,0.000000,17.369101
2022-11-17,17.274599,17.274599,17.274599,17.274599,0.000000,17.274599
2022-11-18,17.315001,17.315001,17.315001,17.315001,0.000000,17.315001
2022-11-21,17.122499,17.122499,17.122499,17.122499,0.000000,17.122499
2022-11-22,17.299900,17.299900,17.299900,17.299900,0.000000,17.299900
2022-11-23,17.435301,17.435301,17.435301,17.435301,0.000000,17.435301
2022-11-25,17.391800,17.391800,17.391800,17.391800,0.000000,17.391800
2022-11-28,17.081400,17.081400,17.081400,17.081400,0.000000,17.081400
2022-11-29,17.009100,17.009100,17.009100,17.009100,0.000000,17.009100
2022-11-30,17.694599,17.694599,17.694599,17.694599,0.000000,17.694599
2022-12-01,17.769199,17.769199,17.769199,17.769199,0.000000,17.769199
2022-12-02,17.665300,17.665300,17.665300,17.665300,0.000000,17.665300
2022-12-05,17.448900,17.448900,17.448900,17.448900,0.000000,17.448900
2022-12-06,17.135900,17.135900,17.135900,17.135900,0.000000,17.135900
2022-12-07,17.092300,17.092300,17.092300,17.092300,0.000000,17.092300
2022-12-08,17.329300,17.329300,17.329300,17.329300,0.000000,17.329300
2022-12-09,17.261200,17.261200,17.261200,17.261200,0.000000,17.261200
2022-12-12,17.484501,17.484501,17.484501,17.484501,0.000000,17.484501
2022-12-13,17.743999,17.743999,17.743999,17.743999,0.000000,17.743999
2022-12-14,17.580700,17.580700,17.580700,17.580700,0.000000,17.580700
2022-12-15,16.994699,16.994699,16.994699,16.994699,0.000000,16.994699
2022-12-16,16.819401,16.819401,16.819401,16.819401,0.000000,16.819401
2022-12-19,16.637199,16.637199,16.637199,16.637199,0.000000,16.637199
2022-12-20,16.654600,16.654600,16.654600,16.654600,0.000000,16.654600
2022-12-21,16.960600,16.960600,16.960600,16.960600,0.000000,16.960600
2022-12-22,16.628700,16.628700,16.628700,16.628700,0.000000,16.628700
2022-12-23,16.668400,16.668400,16.668400,16.668400,0.000000,16.668400
2022-12-27,,,,,,
2022-12-28,,,,,,
2022-12-29,16.811600,16.811600,16.811600,16.811600,0.000000,16.811600
2022-12-30,16.730801,16.730801,16.730801,16.730801,0.000000,16.730801
2023-01-03,16.799500,16.799500,16.799500,16.799500,0.000000,16.799500
2023-01-04,17.092600,17.092600,17.092600,17.092600,0.000000,17.092600
2023-01-05,16.852699,16.852699,16.852699,16.852699,0.000000,16.852699
2023-01-06,17.247801,17.247801,17.247801,17.247801,0.000000,17.247801
2023-01-09,17.467501,17.467501,17.467501,17.467501,0.000000,17.467501
2023-01-10,17.616699,17.616699,17.616699,17.616699,0.000000,17.616699
2023-01-11,17.866400,17.866400,17.866400,17.866400,0.000000,17.866400
2023-01-12,18.015301,18.015301,18.015301,18.015301,0.000000,18.015301
2023-01-13,18.059299,18.059299,18.059299,18.059299,0.000000,18.059299
2023-01-17,18.089399,18.089399,18.089399,18.089399,0.000000,18.089399
2023-01-18,17.921200,17.921200,17.921200,17.921200,0.000000,17.921200
2023-01-19,17.741301,17.741301,17.741301,17.741301,0.000000,17.741301
2023-01-20,18.169399,18.169399,18.169399,18.169399,0.000000,18.169399
2023-01-23,18.493500,18.493500,18.493500,18.493500,0.000000,18.493500
2023-01-24,18.352301,18.352301,18.352301,18.352301,0.000000,18.352301
2023-01-25,18.319401,18.319401,18.319401,18.319401,0.000000,18.319401
2023-01-26,18.583401,18.583401,18.583401,18.583401,0.000000,18.583401
2023-01-27,18.607401,18.607401,18.607401,18.607401,0.000000,18.607401
2023-01-30,18.308901,18.308901,18.308901,18.308901,0.000000,18.308901
2023-01-31,18.514799,18.514799,18.514799,18.514799,0.000000,18.514799
2023-02-01,18.917700,18.917700,18.917700,18.917700,0.000000,18.917700
2023-02-02,19.435699,19.435699,19.435699,19.435699,0.000000,19.435699
2023-02-03,19.182400,19.182400,19.182400,19.182400,0.000000,19.182400
2023-02-06,,,,,,
2023-02-07,19.198601,19.198601,19.198601,19.198601,0.000000,19.198601
2023-02-08,18.871799,18.871799,18.871799,18.871799,0.000000,18.871799
2023-02-09,18.769800,18.769800,18.769800,18.769800,0.000000,18.769800
2023-02-10,18.582701,18.582701,18.582701,18.582701,0.000000,18.582701
2023-02-13,18.832199,18.832199,18.832199,18.832199,0.000000,18.832199
2023-02-14,18.841700,18.841700,18.841700,18.841700,0.000000,18.841700
2023-02-15,18.863300,18.863300,18.863300,18.863300,0.000000,18.863300
2023-02-16,18.571301,18.571301,18.571301,18.571301,0.000000,18.571301
2023-02-17,18.433201,18.433201,18.433201,18.433201,0.000000,18.433201
2023-02-21,18.061199,18.061199,18.061199,18.061199,0.000000,18.061199
2023-02-22,18.048800,18.048800,18.048800,18.048800,0.000000,18.048800
2023-02-23,18.240801,18.240801,18.240801,18.240801,0.000000,18.240801
2023-02-24,17.938200,17.938200,17.938200,17.938200,0.000000,17.938200
2023-02-27,17.991501,17.991501,17.991501,17.991501,0.000000,17.991501
2023-02-28,18.011000,18.011000,18.011000,18.011000,0.000000,18.011000
2023-03-01,17.972700,17.972700,17.972700,17.972700,0.000000,17.972700
2023-03-02,18.158600,18.158600,18.158600,18.158600,0.000000,18.158600
2023-03-03,18.434401,18.434401,18.434401,18.434401,0.000000,18.434401
2023-03-06,18.454399,18.454399,18.454399,18.454399,0.000000,18.454399
2023-03-07,18.210501,18.210501,18.210501,18.210501,0.000000,18.210501
2023-03-08,18.332399,18.332399,18.332399,18.332399,0.000000,18.332399
2023-03-09,18.116899,18.116899,18.116899,18.116899,0.000000,18.116899
2023-03-10,17.779400,17.779400,17.779400,17.779400,0.000000,17.779400
2023-03-13,17.789200,17.789200,17.789200,17.789200,0.000000,17.789200
2023-03-14,18.210100,18.210100,18.210100,18.210100,0.000000,18.210100
2023-03-15,18.037901,18.037901,18.037901,18.037901,0.000000,18.037901
2023-03-16,18.488899,18.488899,18.488899,18.488899,0.000000,18.488899
2023-03-17,,,,,,
2023-03-20,18.445200,18.445200,18.445200,18.445200,0.000000,18.445200
2023-03-21,18.746000,18.746000,18.746000,18.746000,0.000000,18.746000
2023-03-22,18.568899,18.568899,18.568899,18.568899,0.000000,18.568899
2023-03-23,18.769400,18.769400,18.769400,18.769400,0.000000,18.769400
2023-03-24,18.639000,18.639000,18.639000,18.639000,0.000000,18.639000
2023-03-27,18.581800,18.581800,18.581800,18.581800,0.000000,18.581800
2023-03-28,18.502300,18.502300,18.502300,18.502300,0.000000,18.502300
2023-03-29,18.886200,18.886200,18.886200,18.886200,0.000000,18.886200
2023-03-30,19.127399,19.127399,19.127399,19.127399,0.000000,19.127399
2023-03-31,19.347601,19.347601,19.347601,19.347601,0.000000,19.347601
2023-04-03,19.276600,19.276600,19.276600,19.276600,0.000000,19.276600
2023-04-04,19.186501,19.186501,19.186501,19.186501,0.000000,19.186501
2023-04-05,18.951200,18.951200,18.951200,18.951200,0.000000,18.951200
2023-04-06,18.995100,18.995100,18.995100,18.995100,0.000000,18.995100
2023-04-10,,,,,,
2023-04-11,18.979500,18.979500,18.979500,18.979500,0.000000,18.979500
2023-04-12,18.903799,18.903799,18.903799,18.903799,0.000000,18.903799
2023-04-13,19.184401,19.184401,19.184401,19.184401,0.000000,19.184401
2023-04-14,19.207701,19.207701,19.207701,19.207701,0.000000,19.207701
2023-04-17,19.184999,19.184999,19.184999,19.184999,0.000000,19.184999
2023-04-18,19.159300,19.159300,19.159300,19.159300,0.000000,19.159300
2023-04-19,19.108999,19.108999,19.108999,19.108999,0.000000,19.108999
2023-04-20,19.086000,19.086000,19.086000,19.086000,0.000000,19.086000
2023-04-21,19.082600,19.082600,19.082600,19.082600,0.000000,19.082600
2023-04-24,19.080601,19.080601,19.080601,19.080601,0.000000,19.080601
2023-04-25,18.660999,18.660999,18.660999,18.660999,0.000000,18.660999
2023-04-26,18.609400,18.609400,18.609400,18.609400,0.000000,18.609400
2023-04-27,19.102900,19.102900,19.102900,19.102900,0.000000,19.102900
2023-04-28,19.288000,19.288000,19.288000,19.288000,0.000000,19.288000
2023-05-01,,,,,,
2023-05-02,19.118099,19.118099,19.118099,19.118099,0.000000,19.118099
2023-05-03,19.021400,19.021400,19.021400,19.021400,0.000000,19.021400
2023-05-04,18.902599,18.902599,18.902599,18.902599,0.000000,18.902599
2023-05-05,19.260401,19.260401,19.260401,19.260401,0.000000,19.260401
2023-05-08,,,,,,
2023-05-09,19.058300,19.058300,19.058300,19.058300,0.000000,19.058300
2023-05-10,19.181499,19.181499,19.181499,19.181499,0.000000,19.181499
2023-05-11,19.176901,19.176901,19.176901,19.176901,0.000000,19.176901
2023-05-12,19.110300,19.110300,19.110300,19.110300,0.000000,19.110300
2023-05-15,19.302900,19.302900,19.302900,19.302900,0.000000,19.302900
2023-05-16,19.269400,19.269400,19.269400,19.269400,0.000000,19.269400
2023-05-17,19.490499,19.490499,19.490499,19.490499,0.000000,19.490499
2023-05-18,19.797001,19.797001,19.797001,19.797001,0.000000,19.797001
2023-05-19,19.736601,19.736601,19.736601,19.736601,0.000000,19.736601
2023-05-22,19.774500,19.774500,19.774500,19.774500,0.000000,19.774500
2023-05-23,19.454901,19.454901,19.454901,19.454901,0.000000,19.454901
2023-05-24,19.172701,19.172701,19.172701,19.172701,0.000000,19.172701
2023-05-25,19.649000,19.649000,19.649000,19.649000,0.000000,19.649000
2023-05-26,20.036400,20.036400,20.036400,20.036400,0.000000,20.036400
2023-05-30,20.024599,20.024599,20.024599,20.024599,0.000000,20.024599
2023-05-31,19.856501,19.856501,19.856501,19.856501,0.000000,19.856501
2023-06-01,20.071501,20.071501,20.071501,20.071501,0.000000,20.071501
2023-06-02,20.252701,20.252701,20.252701,20.252701,0.000000,20.252701
2023-06-05,,,,,,
2023-06-06,20.261299,20.261299,20.261299,20.261299,0.000000,20.261299
2023-06-07,20.065300,20.065300,20.065300,20.065300,0.000000,20.065300
2023-06-08,20.188999,20.188999,20.188999,20.188999,0.000000,20.188999
2023-06-09,20.247900,20.247900,20.247900,20.247900,0.000000,20.247900
2023-06-12,20.546700,20.546700,20.546700,20.546700,0.000000,20.546700
2023-06-13,20.645300,20.645300,20.645300,20.645300,0.000000,20.645300
2023-06-14,20.775200,20.775200,20.775200,20.775200,0.000000,20.775200
2023-06-15,20.987000,20.987000,20.987000,20.987000,0.000000,20.987000
2023-06-16,20.930901,20.930901,20.930901,20.930901,0.000000,20.930901
2023-06-20,20.818199,20.818199,20.818199,20.818199,0.000000,20.818199
2023-06-21,20.613701,20.613701,20.613701,20.613701,0.000000,20.613701
2023-06-22,20.764400,20.764400,20.764400,20.764400,0.000000,20.764400
2023-06-23,20.606400,20.606400,20.606400,20.606400,0.000000,20.606400
2023-06-26,20.490400,20.490400,20.490400,20.490400,0.000000,20.490400
2023-06-27,20.796301,20.796301,20.796301,20.796301,0.000000,20.796301
2023-06-28,20.789499,20.789499,20.789499,20.789499,0.000000,20.789499
2023-06-29,20.788200,20.788200,20.788200,20.788200,0.000000,20.788200
2023-06-30,21.039801,21.039801,21.039801,21.039801,0.000000,21.039801
2023-07-03,21.007999,21.007999,21.007999,21.007999,0.000000,21.007999
2023-07-05,20.927799,20.927799,20.927799,20.927799,0.000000,20.927799
2023-07-06,20.655800,20.655800,20.655800,20.655800,0.000000,20.655800
2023-07-07,20.624701,20.624701,20.624701,20.624701,0.000000,20.624701
2023-07-10,20.774300,20.774300,20.774300,20.774300,0.000000,20.774300
2023-07-11,20.929100,20.929100,20.929100,20.929100,0.000000,20.929100
2023-07-12,21.242599,21.242599,21.242599,21.242599,0.000000,21.242599
2023-07-13,21.531300,21.531300,21.531300,21.531300,0.000000,21.531300
2023-07-14,21.528000,21.528000,21.528000,21.528000,0.000000,21.528000
2023-07-17,21.623100,21.623100,21.623100,21.623100,0.000000,21.623100
2023-07-18,21.672600,21.672600,21.672600,21.672600,0.000000,21.672600
2023-07-19,21.614000,21.614000,21.614000,21.614000,0.000000,21.614000
2023-07-20,21.283899,21.283899,21.283899,21.283899,0.000000,21.283899
2023-07-21,21.391500,21.391500,21.391500,21.391500,0.000000,21.391500
2023-07-24,21.434999,21.434999,21.434999,21.434999,0.000000,21.434999
2023-07-25,21.566200,21.566200,21.566200,21.566200,0.000000,21.566200
2023-07-26,21.577999,21.577999,21.577999,21.577999,0.000000,21.577999
2023-07-27,21.724199,21.724199,21.724199,21.724199,0.000000,21.724199
2023-07-28,22.044300,22.044300,22.044300,22.044300,0.000000,22.044300
2023-07-31,22.075701,22.075701,22.075701,22.075701,0.000000,22.075701
2023-08-01,22.003300,22.003300,22.003300,22.003300,0.000000,22.003300
2023-08-02,21.597300,21.597300,21.597300,21.597300,0.000000,21.597300
2023-08-03,21.382799,21.382799,21.382799,21.382799,0.000000,21.382799
2023-08-04,21.349501,21.349501,21.349501,21.349501,0.000000,21.349501
2023-08-07,,,,,,
2023-08-08,21.337099,21.337099,21.337099,21.337099,0.000000,21.337099
2023-08-09,21.158701,21.158701,21.158701,21.158701,0.000000,21.158701
2023-08-10,21.215900,21.215900,21.215900,21.215900,0.000000,21.215900
2023-08-11,20.955200,20.955200,20.955200,20.955200,0.000000,20.955200
2023-08-14,21.207100,21.207100,21.207100,21.207100,0.000000,21.207100
2023-08-15,20.975100,20.975100,20.975100,20.975100,0.000000,20.975100
2023-08-16,20.791000,20.791000,20.791000,20.791000,0.000000,20.791000
2023-08-17,20.639700,20.639700,20.639700,20.639700,0.000000,20.639700
2023-08-18,20.624500,20.624500,20.624500,20.624500,0.000000,20.624500
2023-08-21,20.862000,20.862000,20.862000,20.862000,0.000000,20.862000
2023-08-22,20.840000,20.840000,20.840000,20.840000,0.000000,20.840000
2023-08-23,21.158899,21.158899,21.158899,21.158899,0.000000,21.158899
2023-08-24,20.845501,20.845501,20.845501,20.845501,0.000000,20.845501
2023-08-25,20.989700,20.989700,20.989700,20.989700,0.000000,20.989700
2023-08-28,,,,,,
2023-08-29,21.526800,21.526800,21.526800,21.526800,0.000000,21.526800
2023-08-30,21.648500,21.648500,21.648500,21.648500,0.000000,21.648500
2023-08-31,21.683800,21.683800,21.683800,21.683800,0.000000,21.683800
2023-09-01,21.707300,21.707300,21.707300,21.707300,0.000000,21.707300
2023-09-05,21.627501,21.627501,21.627501,21.627501,0.000000,21.627501
2023-09-06,21.538601,21.538601,21.538601,21.538601,0.000000,21.538601
2023-09-07,21.360901,21.360901,21.360901,21.360901,0.000000,21.360901
2023-09-08,21.282200,21.282200,21.282200,21.282200,0.000000,21.282200
2023-09-11,21.378700,21.378700,21.378700,21.378700,0.000000,21.378700
2023-09-12,21.198000,21.198000,21.198000,21.198000,0.000000,21.198000
2023-09-13,21.233299,21.233299,21.233299,21.233299,0.000000,21.233299
2023-09-14,21.331699,21.331699,21.331699,21.331699,0.000000,21.331699
2023-09-15,20.996201,20.996201,20.996201,20.996201,0.000000,20.996201
2023-09-18,21.022800,21.022800,21.022800,21.022800,0.000000,21.022800
2023-09-19,20.944401,20.944401,20.944401,20.944401,0.000000,20.944401
2023-09-20,20.760201,20.760201,20.760201,20.760201,0.000000,20.760201
2023-09-21,20.360001,20.360001,20.360001,20.360001,0.000000,20.360001
2023-09-22,20.360001,20.360001,20.360001,20.360001,0.000000,20.360001
2023-09-25,20.360701,20.360701,20.360701,20.360701,0.000000,20.360701
2023-09-26,20.038200,20.038200,20.038200,20.038200,0.000000,20.038200
2023-09-27,20.085300,20.085300,20.085300,20.085300,0.000000,20.085300
2023-09-28,20.301300,20.301300,20.301300,20.301300,0.000000,20.301300
2023-09-29,20.366600,20.366600,20.366600,20.366600,0.000000,20.366600
2023-10-02,20.429899,20.429899,20.429899,20.429899,0.000000,20.429899
2023-10-03,20.096300,20.096300,20.096300,20.096300,0.000000,20.096300
2023-10-04,20.318899,20.318899,20.318899,20.318899,0.000000,20.318899
2023-10-05,20.301300,20.301300,20.301300,20.301300,0.000000,20.301300
2023-10-06,20.592800,20.592800,20.592800,20.592800,0.000000,20.592800
2023-10-09,20.588100,20.588100,20.588100,20.588100,0.000000,20.588100
2023-10-10,20.767500,20.767500,20.767500,20.767500,0.000000,20.767500
2023-10-11,20.930000,20.930000,20.930000,20.930000,0.000000,20.930000
2023-10-12,20.953800,20.953800,20.953800,20.953800,0.000000,20.953800
2023-10-13,20.664801,20.664801,20.664801,20.664801,0.000000,20.664801
2023-10-16,20.850201,20.850201,20.850201,20.850201,0.000000,20.850201
2023-10-17,20.841000,20.841000,20.841000,20.841000,0.000000,20.841000
2023-10-18,20.484699,20.484699,20.484699,20.484699,0.000000,20.484699
2023-10-19,20.247499,20.247499,20.247499,20.247499,0.000000,20.247499
2023-10-20,19.992500,19.992500,19.992500,19.992500,0.000000,19.992500
2023-10-23,20.020100,20.020100,20.020100,20.020100,0.000000,20.020100
2023-10-24,20.075500,20.075500,20.075500,20.075500,0.000000,20.075500
2023-10-25,19.657200,19.657200,19.657200,19.657200,0.000000,19.657200
2023-10-26,19.350800,19.350800,19.350800,19.350800,0.000000,19.350800
2023-10-27,19.342899,19.342899,19.342899,19.342899,0.000000,19.342899
2023-10-30,,,,,,
2023-10-31,19.694500,19.694500,19.694500,19.694500,0.000000,19.694500
2023-11-01,19.912300,19.912300,19.912300,19.912300,0.000000,19.912300
2023-11-02,20.304501,20.304501,20.304501,20.304501,0.000000,20.304501
2023-11-03,20.569401,20.569401,20.569401,20.569401,0.000000,20.569401
2023-11-06,20.619801,20.619801,20.619801,20.619801,0.000000,20.619801
2023-11-07,20.761499,20.761499,20.761499,20.761499,0.000000,20.761499
2023-11-08,20.859900,20.859900,20.859900,20.859900,0.000000,20.859900
2023-11-09,20.790501,20.790501,20.790501,20.790501,0.000000,20.790501
2023-11-10,21.171101,21.171101,21.171101,21.171101,0.000000,21.171101
2023-11-13,21.115700,21.115700,21.115700,21.115700,0.000000,21.115700
2023-11-14,21.548901,21.548901,21.548901,21.548901,0.000000,21.548901
2023-11-15,21.672600,21.672600,21.672600,21.672600,0.000000,21.672600
2023-11-16,21.732500,21.732500,21.732500,21.732500,0.000000,21.732500
2023-11-17,21.676001,21.676001,21.676001,21.676001,0.000000,21.676001
2023-11-20,21.921000,21.921000,21.921000,21.921000,0.000000,21.921000
2023-11-21,21.884600,21.884600,21.884600,21.884600,0.000000,21.884600
2023-11-22,21.961800,21.961800,21.961800,21.961800,0.000000,21.961800
2023-11-24,21.969601,21.969601,21.969601,21.969601,0.000000,21.969601
2023-11-27,21.945601,21.945601,21.945601,21.945601,0.000000,21.945601
2023-11-28,21.943300,21.943300,21.943300,21.943300,0.000000,21.943300
2023-11-29,22.019699,22.019699,22.019699,22.019699,0.000000,22.019699
2023-11-30,22.101101,22.101101,22.101101,22.101101,0.000000,22.101101
2023-12-01,22.228201,22.228201,22.228201,22.228201,0.000000,22.228201
2023-12-04,21.960501,21.960501,21.960501,21.960501,0.000000,21.960501
2023-12-05,21.929300,21.929300,21.929300,21.929300,0.000000,21.929300
2023-12-06,21.913099,21.913099,21.913099,21.913099,0.000000,21.913099
2023-12-07,22.067801,22.067801,22.067801,22.067801,0.000000,22.067801
2023-12-08,22.148100,22.148100,22.148100,22.148100,0.000000,22.148100
2023-12-11,22.346300,22.346300,22.346300,22.346300,0.000000,22.346300
2023-12-12,22.501400,22.501400,22.501400,22.501400,0.000000,22.501400
2023-12-13,22.722401,22.722401,22.722401,22.722401,0.000000,22.722401
2023-12-14,22.853800,22.853800,22.853800,22.853800,0.000000,22.853800
2023-12-15,22.936100,22.936100,22.936100,22.936100,0.000000,22.936100
2023-12-18,23.015699,23.015699,23.015699,23.015699,0.000000,23.015699
2023-12-19,23.152399,23.152399,23.152399,23.152399,0.000000,23.152399
2023-12-20,22.859600,22.859600,22.859600,22.859600,0.000000,22.859600
2023-12-21,23.138500,23.138500,23.138500,23.138500,0.000000,23.138500
2023-12-22,23.098301,23.098301,23.098301,23.098301,0.000000,23.098301
2023-12-26,,,,,,
2023-12-27,,,,,,
2023-12-28,23.278999,23.278999,23.278999,23.278999,0.000000,23.278999
2023-12-29,23.165501,23.165501,23.165501,23.165501,0.000000,23.165501
2024-01-02,22.718399,22.718399,22.718399,22.718399,0.000000,22.718399
2024-01-03,22.386900,22.386900,22.386900,22.386900,0.000000,22.386900
2024-01-04,22.321501,22.321501,22.321501,22.321501,0.000000,22.321501
2024-01-05,22.340900,22.340900,22.340900,22.340900,0.000000,22.340900
2024-01-08,22.790100,22.790100,22.790100,22.790100,0.000000,22.790100
2024-01-09,22.766899,22.766899,22.766899,22.766899,0.000000,22.766899
2024-01-10,22.916599,22.916599,22.916599,22.916599,0.000000,22.916599
2024-01-11,22.993401,22.993401,22.993401,22.993401,0.000000,22.993401
2024-01-12,23.051800,23.051800,23.051800,23.051800,0.000000,23.051800
2024-01-16,22.939699,22.939699,22.939699,22.939699,0.000000,22.939699
2024-01-17,22.800600,22.800600,22.800600,22.800600,0.000000,22.800600
2024-01-18,23.214600,23.214600,23.214600,23.214600,0.000000,23.214600
2024-01-19,23.599501,23.599501,23.599501,23.599501,0.000000,23.599501
2024-01-22,23.643700,23.643700,23.643700,23.643700,0.000000,23.643700
2024-01-23,23.670601,23.670601,23.670601,23.670601,0.000000,23.670601
2024-01-24,23.877600,23.877600,23.877600,23.877600,0.000000,23.877600
2024-01-25,23.948999,23.948999,23.948999,23.948999,0.000000,23.948999
2024-01-26,23.870501,23.870501,23.870501,23.870501,0.000000,23.870501
2024-01-29,24.119101,24.119101,24.119101,24.119101,0.000000,24.119101
2024-01-30,24.131800,24.131800,24.131800,24.131800,0.000000,24.131800
2024-01-31,23.662600,23.662600,23.662600,23.662600,0.000000,23.662600
2024-02-01,23.941999,23.941999,23.941999,23.941999,0.000000,23.941999
2024-02-02,24.324800,24.324800,24.324800,24.324800,0.000000,24.324800
2024-02-05,,,,,,
2024-02-06,24.350401,24.350401,24.350401,24.350401,0.000000,24.350401
2024-02-07,24.540600,24.540600,24.540600,24.540600,0.000000,24.540600
2024-02-08,24.593599,24.593599,24.593599,24.593599,0.000000,24.593599
2024-02-09,24.972300,24.972300,24.972300,24.972300,0.000000,24.972300
2024-02-12,24.903299,24.903299,24.903299,24.903299,0.000000,24.903299
2024-02-13,24.503599,24.503599,24.503599,24.503599,0.000000,24.503599
2024-02-14,24.902399,24.902399,24.902399,24.902399,0.000000,24.902399
2024-02-15,25.003000,25.003000,25.003000,25.003000,0.000000,25.003000
2024-02-16,24.978901,24.978901,24.978901,24.978901,0.000000,24.978901
2024-02-20,24.666300,24.666300,24.666300,24.666300,0.000000,24.666300
2024-02-21,24.683901,24.683901,24.683901,24.683901,0.000000,24.683901
2024-02-22,25.384300,25.384300,25.384300,25.384300,0.000000,25.384300
2024-02-23,25.389299,25.389299,25.389299,25.389299,0.000000,25.389299
2024-02-26,25.418600,25.418600,25.418600,25.418600,0.000000,25.418600
2024-02-27,25.452499,25.452499,25.452499,25.452499,0.000000,25.452499
2024-02-28,25.315201,25.315201,25.315201,25.315201,0.000000,25.315201
2024-02-29,25.515699,25.515699,25.515699,25.515699,0.000000,25.515699
2024-03-01,25.902300,25.902300,25.902300,25.902300,0.000000,25.902300
2024-03-04,25.899599,25.899599,25.899599,25.899599,0.000000,25.899599
2024-03-05,25.470200,25.470200,25.470200,25.470200,0.000000,25.470200
2024-03-06,25.707001,25.707001,25.707001,25.707001,0.000000,25.707001
2024-03-07,26.029301,26.029301,26.029301,26.029301,0.000000,26.029301
2024-03-08,25.846399,25.846399,25.846399,25.846399,0.000000,25.846399
2024-03-11,25.674299,25.674299,25.674299,25.674299,0.000000,25.674299
2024-03-12,26.088699,26.088699,26.088699,26.088699,0.000000,26.088699
2024-03-13,26.016399,26.016399,26.016399,26.016399,0.000000,26.016399
2024-03-14,25.945101,25.945101,25.945101,25.945101,0.000000,25.945101
2024-03-15,25.531300,25.531300,25.531300,25.531300,0.000000,25.531300
2024-03-18,,,,,,
2024-03-19,25.773199,25.773199,25.773199,25.773199,0.000000,25.773199
2024-03-20,26.006599,26.006599,26.006599,26.006599,0.000000,26.006599
2024-03-21,26.244699,26.244699,26.244699,26.244699,0.000000,26.244699
2024-03-22,26.114201,26.114201,26.114201,26.114201,0.000000,26.114201
2024-03-25,25.994900,25.994900,25.994900,25.994900,0.000000,25.994900
2024-03-26,25.925501,25.925501,25.925501,25.925501,0.000000,25.925501
2024-03-27,25.923401,25.923401,25.923401,25.923401,0.000000,25.923401
2024-03-28,25.925699,25.925699,25.925699,25.925699,0.000000,25.925699
2024-04-01,,,,,,
2024-04-02,25.753799,25.753799,25.753799,25.753799,0.000000,25.753799
2024-04-03,25.851999,25.851999,25.851999,25.851999,0.000000,25.851999
2024-04-04,25.571301,25.571301,25.571301,25.571301,0.000000,25.571301
2024-04-05,25.877701,25.877701,25.877701,25.877701,0.000000,25.877701
2024-04-08,25.911400,25.911400,25.911400,25.911400,0.000000,25.911400
2024-04-09,25.935900,25.935900,25.935900,25.935900,0.000000,25.935900
2024-04-10,25.774900,25.774900,25.774900,25.774900,0.000000,25.774900
2024-04-11,25.924999,25.924999,25.924999,25.924999,0.000000,25.924999
2024-04-12,25.546101,25.546101,25.546101,25.546101,0.000000,25.546101
2024-04-15,25.224001,25.224001,25.224001,25.224001,0.000000,25.224001
2024-04-16,25.201599,25.201599,25.201599,25.201599,0.000000,25.201599
2024-04-17,24.965799,24.965799,24.965799,24.965799,0.000000,24.965799
2024-04-18,24.868200,24.868200,24.868200,24.868200,0.000000,24.868200
2024-04-19,24.523899,24.523899,24.523899,24.523899,0.000000,24.523899
2024-04-22,24.678499,24.678499,24.678499,24.678499,0.000000,24.678499
2024-04-23,25.145800,25.145800,25.145800,25.145800,0.000000,25.145800
2024-04-24,25.203100,25.203100,25.203100,25.203100,0.000000,25.203100
2024-04-25,25.116501,25.116501,25.116501,25.116501,0.000000,25.116501
2024-04-26,25.532400,25.532400,25.532400,25.532400,0.000000,25.532400
2024-04-29,25.502399,25.502399,25.502399,25.502399,0.000000,25.502399
2024-04-30,25.149900,25.149900,25.149900,25.149900,0.000000,25.149900
2024-05-01,24.990000,24.990000,24.990000,24.990000,0.000000,24.990000
2024-05-02,25.161100,25.161100,25.161100,25.161100,0.000000,25.161100
2024-05-03,25.561300,25.561300,25.561300,25.561300,0.000000,25.561300
2024-05-06,,,,,,
2024-05-07,26.005800,26.005800,26.005800,26.005800,0.000000,26.005800
2024-05-08,25.993099,25.993099,25.993099,25.993099,0.000000,25.993099
2024-05-09,26.049700,26.049700,26.049700,26.049700,0.000000,26.049700
2024-05-10,26.182301,26.182301,26.182301,26.182301,0.000000,26.182301
2024-05-13,26.163900,26.163900,26.163900,26.163900,0.000000,26.163900
2024-05-14,26.324301,26.324301,26.324301,26.324301,0.000000,26.324301
2024-05-15,26.795401,26.795401,26.795401,26.795401,0.000000,26.795401
2024-05-16,26.693100,26.693100,26.693100,26.693100,0.000000,26.693100
2024-05-17,26.620300,26.620300,26.620300,26.620300,0.000000,26.620300
2024-05-20,26.831301,26.831301,26.831301,26.831301,0.000000,26.831301
2024-05-21,26.830601,26.830601,26.830601,26.830601,0.000000,26.830601
2024-05-22,26.847200,26.847200,26.847200,26.847200,0.000000,26.847200
2024-05-23,26.808701,26.808701,26.808701,26.808701,0.000000,26.808701
2024-05-24,26.869101,26.869101,26.869101,26.869101,0.000000,26.869101
2024-05-28,26.865499,26.865499,26.865499,26.865499,0.000000,26.865499
2024-05-29,26.605101,26.605101,26.605101,26.605101,0.000000,26.605101
2024-05-30,26.210100,26.210100,26.210100,26.210100,0.000000,26.210100
2024-05-31,26.284100,26.284100,26.284100,26.284100,0.000000,26.284100
2024-06-03,,,,,,
2024-06-04,26.478600,26.478600,26.478600,26.478600,0.000000,26.478600
2024-06-05,26.986200,26.986200,26.986200,26.986200,0.000000,26.986200
2024-06-06,27.075500,27.075500,27.075500,27.075500,0.000000,27.075500
2024-06-07,27.073200,27.073200,27.073200,27.073200,0.000000,27.073200
2024-06-10,27.213400,27.213400,27.213400,27.213400,0.000000,27.213400
2024-06-11,27.181200,27.181200,27.181200,27.181200,0.000000,27.181200
2024-06-12,27.600700,27.600700,27.600700,27.600700,0.000000,27.600700
2024-06-13,27.410900,27.410900,27.410900,27.410900,0.000000,27.410900
2024-06-14,27.372499,27.372499,27.372499,27.372499,0.000000,27.372499
2024-06-17,27.545900,27.545900,27.545900,27.545900,0.000000,27.545900
2024-06-18,27.733200,27.733200,27.733200,27.733200,0.000000,27.733200
2024-06-20,27.558800,27.558800,27.558800,27.558800,0.000000,27.558800
2024-06-21,27.480200,27.480200,27.480200,27.480200,0.000000,27.480200
2024-06-24,27.235800,27.235800,27.235800,27.235800,0.000000,27.235800
2024-06-25,27.466900,27.466900,27.466900,27.466900,0.000000,27.466900
2024-06-26,27.444901,27.444901,27.444901,27.444901,0.000000,27.444901
2024-06-27,27.494699,27.494699,27.494699,27.494699,0.000000,27.494699
2024-06-28,27.303101,27.303101,27.303101,27.303101,0.000000,27.303101
2024-07-01,27.330999,27.330999,27.330999,27.330999,0.000000,27.330999
2024-07-02,27.441799,27.441799,27.441799,27.441799,0.000000,27.441799
2024-07-03,27.653500,27.653500,27.653500,27.653500,0.000000,27.653500
2024-07-05,27.835199,27.835199,27.835199,27.835199,0.000000,27.835199
2024-07-08,27.825199,27.825199,27.825199,27.825199,0.000000,27.825199
2024-07-09,27.743200,27.743200,27.743200,27.743200,0.000000,27.743200
2024-07-10,27.959499,27.959499,27.959499,27.959499,0.000000,27.959499
2024-07-11,27.668301,27.668301,27.668301,27.668301,0.000000,27.668301
2024-07-12,27.913500,27.913500,27.913500,27.913500,0.000000,27.913500
2024-07-15,27.874800,27.874800,27.874800,27.874800,0.000000,27.874800
2024-07-16,27.919600,27.919600,27.919600,27.919600,0.000000,27.919600
2024-07-17,27.127199,27.127199,27.127199,27.127199,0.000000,27.127199
2024-07-18,26.872801,26.872801,26.872801,26.872801,0.000000,26.872801
2024-07-19,26.545300,26.545300,26.545300,26.545300,0.000000,26.545300
2024-07-22,27.073999,27.073999,27.073999,27.073999,0.000000,27.073999
2024-07-23,27.023899,27.023899,27.023899,27.023899,0.000000,27.023899
2024-07-24,26.192200,26.192200,26.192200,26.192200,0.000000,26.192200
2024-07-25,25.989799,25.989799,25.989799,25.989799,0.000000,25.989799
2024-07-26,26.359100,26.359100,26.359100,26.359100,0.000000,26.359100
2024-07-29,26.327999,26.327999,26.327999,26.327999,0.000000,26.327999
2024-07-30,26.160801,26.160801,26.160801,26.160801,0.000000,26.160801
2024-07-31,26.827499,26.827499,26.827499,26.827499,0.000000,26.827499
2024-08-01,26.335400,26.335400,26.335400,26.335400,0.000000,26.335400
2024-08-02,25.568100,25.568100,25.568100,25.568100,0.000000,25.568100
2024-08-05,,,,,,
2024-08-06,25.294399,25.294399,25.294399,25.294399,0.000000,25.294399
2024-08-07,25.185699,25.185699,25.185699,25.185699,0.000000,25.185699
2024-08-08,25.831800,25.831800,25.831800,25.831800,0.000000,25.831800
2024-08-09,26.042200,26.042200,26.042200,26.042200,0.000000,26.042200
2024-08-12,26.016199,26.016199,26.016199,26.016199,0.000000,26.016199
2024-08-13,26.491400,26.491400,26.491400,26.491400,0.000000,26.491400
2024-08-14,26.573700,26.573700,26.573700,26.573700,0.000000,26.573700
2024-08-15,27.089899,27.089899,27.089899,27.089899,0.000000,27.089899
2024-08-16,27.105200,27.105200,27.105200,27.105200,0.000000,27.105200
2024-08-19,27.352400,27.352400,27.352400,27.352400,0.000000,27.352400
2024-08-20,27.355801,27.355801,27.355801,27.355801,0.000000,27.355801
2024-08-21,27.463600,27.463600,27.463600,27.463600,0.000000,27.463600
2024-08-22,27.222099,27.222099,27.222099,27.222099,0.000000,27.222099
2024-08-23,27.359699,27.359699,27.359699,27.359699,0.000000,27.359699
2024-08-26,,,,,,
2024-08-27,27.349300,27.349300,27.349300,27.349300,0.000000,27.349300
2024-08-28,27.202700,27.202700,27.202700,27.202700,0.000000,27.202700
2024-08-29,27.302000,27.302000,27.302000,27.302000,0.000000,27.302000
2024-08-30,27.520100,27.520100,27.520100,27.520100,0.000000,27.520100
2024-09-03,26.795500,26.795500,26.795500,26.795500,0.000000,26.795500
2024-09-04,26.729200,26.729200,26.729200,26.729200,0.000000,26.729200
2024-09-05,26.626200,26.626200,26.626200,26.626200,0.000000,26.626200
2024-09-06,26.194201,26.194201,26.194201,26.194201,0.000000,26.194201
2024-09-09,26.476500,26.476500,26.476500,26.476500,0.000000,26.476500
2024-09-10,26.493000,26.493000,26.493000,26.493000,0.000000,26.493000
2024-09-11,26.798201,26.798201,26.798201,26.798201,0.000000,26.798201
2024-09-12,26.997999,26.997999,26.997999,26.997999,0.000000,26.997999
2024-09-13,27.110201,27.110201,27.110201,27.110201,0.000000,27.110201
2024-09-16,27.033400,27.033400,27.033400,27.033400,0.000000,27.033400
2024-09-17,27.105499,27.105499,27.105499,27.105499,0.000000,27.105499
2024-09-18,26.937300,26.937300,26.937300,26.937300,0.000000,26.937300
2024-09-19,27.615801,27.615801,27.615801,27.615801,0.000000,27.615801
2024-09-20,27.379700,27.379700,27.379700,27.379700,0.000000,27.379700
2024-09-23,27.427401,27.427401,27.427401,27.427401,0.000000,27.427401
2024-09-24,27.591299,27.591299,27.591299,27.591299,0.000000,27.591299
2024-09-25,27.627100,27.627100,27.627100,27.627100,0.000000,27.627100
2024-09-26,28.054399,28.054399,28.054399,28.054399,0.000000,28.054399
2024-09-27,27.960199,27.960199,27.960199,27.960199,0.000000,27.960199
2024-09-30,27.938299,27.938299,27.938299,27.938299,0.000000,27.938299
2024-10-01,27.635201,27.635201,27.635201,27.635201,0.000000,27.635201
2024-10-02,27.779900,27.779900,27.779900,27.779900,0.000000,27.779900
2024-10-03,27.661600,27.661600,27.661600,27.661600,0.000000,27.661600
2024-10-04,,,,,,
2024-10-07,27.722700,27.722700,27.722700,27.722700,0.000000,27.722700
2024-10-08,27.863701,27.863701,27.863701,27.863701,0.000000,27.863701
2024-10-09,27.996099,27.996099,27.996099,27.996099,0.000000,27.996099
2024-10-10,,,,,,
2024-10-11,28.134600,28.134600,28.134600,28.134600,0.000000,28.134600
2024-10-14,28.291700,28.291700,28.291700,28.291700,0.000000,28.291700
2024-10-15,27.749500,27.749500,27.749500,27.749500,0.000000,27.749500
2024-10-16,27.635799,27.635799,27.635799,27.635799,0.000000,27.635799
2024-10-17,27.767000,27.767000,27.767000,27.767000,0.000000,27.767000
2024-10-18,27.983101,27.983101,27.983101,27.983101,0.000000,27.983101
2024-10-21,27.909401,27.909401,27.909401,27.909401,0.000000,27.909401
2024-10-22,27.780300,27.780300,27.780300,27.780300,0.000000,27.780300
2024-10-23,27.545099,27.545099,27.545099,27.545099,0.000000,27.545099
2024-10-24,27.569300,27.569300,27.569300,27.569300,0.000000,27.569300
2024-10-25,27.690599,27.690599,27.690599,27.690599,0.000000,27.690599
2024-10-28,,,,,,
2024-10-29,27.769800,27.769800,27.769800,27.769800,0.000000,27.769800
2024-10-30,27.681700,27.681700,27.681700,27.681700,0.000000,27.681700
2024-10-31,27.192600,27.192600,27.192600,27.192600,0.000000,27.192600
2024-11-01,27.440399,27.440399,27.440399,27.440399,0.000000,27.440399
2024-11-04,27.359600,27.359600,27.359600,27.359600,0.000000,27.359600
2024-11-05,27.706800,27.706800,27.706800,27.706800,0.000000,27.706800
2024-11-06,28.075701,28.075701,28.075701,28.075701,0.000000,28.075701
2024-11-07,28.459801,28.459801,28.459801,28.459801,0.000000,28.459801
2024-11-08,28.425600,28.425600,28.425600,28.425600,0.000000,28.425600
2024-11-11,28.446400,28.446400,28.446400,28.446400,0.000000,28.446400
2024-11-12,28.317101,28.317101,28.317101,28.317101,0.000000,28.317101
2024-11-13,28.224899,28.224899,28.224899,28.224899,0.000000,28.224899
2024-11-14,28.169500,28.169500,28.169500,28.169500,0.000000,28.169500
2024-11-15,27.537201,27.537201,27.537201,27.537201,0.000000,27.537201
2024-11-18,27.533600,27.533600,27.533600,27.533600,0.000000,27.533600
2024-11-19,27.625700,27.625700,27.625700,27.625700,0.000000,27.625700
2024-11-20,27.601700,27.601700,27.601700,27.601700,0.000000,27.601700
2024-11-21,27.798599,27.798599,27.798599,27.798599,0.000000,27.798599
2024-11-22,27.804100,27.804100,27.804100,27.804100,0.000000,27.804100
2024-11-25,27.795700,27.795700,27.795700,27.795700,0.000000,27.795700
2024-11-26,27.890800,27.890800,27.890800,27.890800,0.000000,27.890800
2024-11-27,27.817200,27.817200,27.817200,27.817200,0.000000,27.817200
2024-11-29,28.039801,28.039801,28.039801,28.039801,0.000000,28.039801
2024-12-02,28.303101,28.303101,28.303101,28.303101,0.000000,28.303101
2024-12-03,28.409100,28.409100,28.409100,28.409100,0.000000,28.409100
2024-12-04,28.744301,28.744301,28.744301,28.744301,0.000000,28.744301
2024-12-05,28.586201,28.586201,28.586201,28.586201,0.000000,28.586201
2024-12-06,28.749800,28.749800,28.749800,28.749800,0.000000,28.749800
2024-12-09,28.695299,28.695299,28.695299,28.695299,0.000000,28.695299
2024-12-10,28.563900,28.563900,28.563900,28.563900,0.000000,28.563900
2024-12-11,28.922001,28.922001,28.922001,28.922001,0.000000,28.922001
2024-12-12,28.674101,28.674101,28.674101,28.674101,0.000000,28.674101
2024-12-13,28.507299,28.507299,28.507299,28.507299,0.000000,28.507299
2024-12-16,28.702200,28.702200,28.702200,28.702200,0.000000,28.702200
2024-12-17,28.590500,28.590500,28.590500,28.590500,0.000000,28.590500
2024-12-18,27.915800,27.915800,27.915800,27.915800,0.000000,27.915800
2024-12-19,27.645201,27.645201,27.645201,27.645201,0.000000,27.645201
2024-12-20,27.703100,27.703100,27.703100,27.703100,0.000000,27.703100
2024-12-23,27.912201,27.912201,27.912201,27.912201,0.000000,27.912201
2024-12-24,28.096100,28.096100,28.096100,28.096100,0.000000,28.096100
2024-12-26,,,,,,
2024-12-27,,,,,,
2024-12-30,27.550900,27.550900,27.550900,27.550900,0.000000,27.550900
2024-12-31,27.442600,27.442600,27.442600,27.442600,0.000000,27.442600
2025-01-02,27.415501,27.415501,27.415501,27.415501,0.000000,27.415501
2025-01-03,27.671499,27.671499,27.671499,27.671499,0.000000,27.671499
2025-01-06,28.053101,28.053101,28.053101,28.053101,0.000000,28.053101
2025-01-07,27.841700,27.841700,27.841700,27.841700,0.000000,27.841700
2025-01-08,27.790001,27.790001,27.790001,27.790001,0.000000,27.790001
2025-01-10,27.408300,27.408300,27.408300,27.408300,0.000000,27.408300
2025-01-13,27.268000,27.268000,27.268000,27.268000,0.000000,27.268000
2025-01-14,27.426399,27.426399,27.426399,27.426399,0.000000,27.426399
2025-01-15,27.842300,27.842300,27.842300,27.842300,0.000000,27.842300
2025-01-16,27.964500,27.964500,27.964500,27.964500,0.000000,27.964500
2025-01-17,28.135900,28.135900,28.135900,28.135900,0.000000,28.135900
2025-01-21,28.592600,28.592600,28.592600,28.592600,0.000000,28.592600
2025-01-22,29.071400,29.071400,29.071400,29.071400,0.000000,29.071400
2025-01-23,29.117001,29.117001,29.117001,29.117001,0.000000,29.117001
2025-01-24,29.111000,29.111000,29.111000,29.111000,0.000000,29.111000
2025-01-27,28.452000,28.452000,28.452000,28.452000,0.000000,28.452000
2025-01-28,28.577900,28.577900,28.577900,28.577900,0.000000,28.577900
2025-01-29,28.469801,28.469801,28.469801,28.469801,0.000000,28.469801
2025-01-30,28.820999,28.820999,28.820999,28.820999,0.000000,28.820999
2025-01-31,28.740700,28.740700,28.740700,28.740700,0.000000,28.740700
2025-02-03,,,,,,
2025-02-04,28.695299,28.695299,28.695299,28.695299,0.000000,28.695299
2025-02-05,28.792900,28.792900,28.792900,28.792900,0.000000,28.792900
2025-02-06,28.984699,28.984699,28.984699,28.984699,0.000000,28.984699
2025-02-07,28.712099,28.712099,28.712099,28.712099,0.000000,28.712099
2025-02-10,28.923000,28.923000,28.923000,28.923000,0.000000,28.923000
2025-02-11,28.883801,28.883801,28.883801,28.883801,0.000000,28.883801
2025-02-12,28.757299,28.757299,28.757299,28.757299,0.000000,28.757299
2025-02-13,29.008600,29.008600,29.008600,29.008600,0.000000,29.008600
2025-02-14,29.025200,29.025200,29.025200,29.025200,0.000000,29.025200
2025-02-18,28.963600,28.963600,28.963600,28.963600,0.000000,28.963600
2025-02-19,29.002600,29.002600,29.002600,29.002600,0.000000,29.002600
2025-02-20,28.998899,28.998899,28.998899,28.998899,0.000000,28.998899
2025-02-21,28.700100,28.700100,28.700100,28.700100,0.000000,28.700100
2025-02-24,28.404100,28.404100,28.404100,28.404100,0.000000,28.404100
2025-02-25,28.174999,28.174999,28.174999,28.174999,0.000000,28.174999
2025-02-26,28.409700,28.409700,28.409700,28.409700,0.000000,28.409700
2025-02-27,27.860300,27.860300,27.860300,27.860300,0.000000,27.860300
2025-02-28,28.115601,28.115601,28.115601,28.115601,0.000000,28.115601
2025-03-03,27.803600,27.803600,27.803600,27.803600,0.000000,27.803600
2025-03-04,27.546700,27.546700,27.546700,27.546700,0.000000,27.546700
2025-03-05,28.117500,28.117500,28.117500,28.117500,0.000000,28.117500
2025-03-06,27.631100,27.631100,27.631100,27.631100,0.000000,27.631100
2025-03-07,27.762699,27.762699,27.762699,27.762699,0.000000,27.762699
2025-03-10,26.929501,26.929501,26.929501,26.929501,0.000000,26.929501
2025-03-11,26.931499,26.931499,26.931499,26.931499,0.000000,26.931499
2025-03-12,27.220600,27.220600,27.220600,27.220600,0.000000,27.220600
2025-03-13,26.657900,26.657900,26.657900,26.657900,0.000000,26.657900
2025-03-14,27.280600,27.280600,27.280600,27.280600,0.000000,27.280600
2025-03-17,,,,,,
2025-03-18,27.284700,27.284700,27.284700,27.284700,0.000000,27.284700
2025-03-19,27.454800,27.454800,27.454800,27.454800,0.000000,27.454800
2025-03-20,27.312799,27.312799,27.312799,27.312799,0.000000,27.312799
2025-03-21,27.148600,27.148600,27.148600,27.148600,0.000000,27.148600
2025-03-24,27.546900,27.546900,27.546900,27.546900,0.000000,27.546900
2025-03-25,27.608700,27.608700,27.608700,27.608700,0.000000,27.608700
2025-03-26,27.162901,27.162901,27.162901,27.162901,0.000000,27.162901
2025-03-27,27.086800,27.086800,27.086800,27.086800,0.000000,27.086800
2025-03-28,26.459999,26.459999,26.459999,26.459999,0.000000,26.459999
2025-03-31,26.374399,26.374399,26.374399,26.374399,0.000000,26.374399
2025-04-01,26.491400,26.491400,26.491400,26.491400,0.000000,26.491400
2025-04-02,26.620001,26.620001,26.620001,26.620001,0.000000,26.620001
2025-04-03,25.415800,25.415800,25.415800,25.415800,0.000000,25.415800
2025-04-04,23.898701,23.898701,23.898701,23.898701,0.000000,23.898701
2025-04-07,23.691700,23.691700,23.691700,23.691700,0.000000,23.691700
2025-04-08,23.503901,23.503901,23.503901,23.503901,0.000000,23.503901
2025-04-09,25.242399,25.242399,25.242399,25.242399,0.000000,25.242399
2025-04-10,24.721500,24.721500,24.721500,24.721500,0.000000,24.721500
2025-04-11,25.161699,25.161699,25.161699,25.161699,0.000000,25.161699
2025-04-14,25.397800,25.397800,25.397800,25.397800,0.000000,25.397800
2025-04-15,25.497101,25.497101,25.497101,25.497101,0.000000,25.497101
2025-04-16,25.034000,25.034000,25.034000,25.034000,0.000000,25.034000
2025-04-17,24.969200,24.969200,24.969200,24.969200,0.000000,24.969200
2025-04-21,,,,,,
2025-04-22,25.100300,25.100300,25.100300,25.100300,0.000000,25.100300
2025-04-23,25.616301,25.616301,25.616301,25.616301,0.000000,25.616301
2025-04-24,26.243500,26.243500,26.243500,26.243500,0.000000,26.243500
2025-04-25,26.453501,26.453501,26.453501,26.453501,0.000000,26.453501
2025-04-28,26.405100,26.405100,26.405100,26.405100,0.000000,26.405100
2025-04-29,26.448000,26.448000,26.448000,26.448000,0.000000,26.448000
2025-04-30,26.607599,26.607599,26.607599,26.607599,0.000000,26.607599
2025-05-01,26.676800,26.676800,26.676800,26.676800,0.000000,26.676800
2025-05-02,27.271200,27.271200,27.271200,27.271200,0.000000,27.271200
2025-05-05,,,,,,
2025-05-06,26.898800,26.898800,26.898800,26.898800,0.000000,26.898800
2025-05-07,27.122999,27.122999,27.122999,27.122999,0.000000,27.122999
2025-05-08,27.205299,27.205299,27.205299,27.205299,0.000000,27.205299
2025-05-09,27.186100,27.186100,27.186100,27.186100,0.000000,27.186100
2025-05-12,28.078501,28.078501,28.078501,28.078501,0.000000,28.078501
2025-05-13,28.351601,28.351601,28.351601,28.351601,0.000000,28.351601
2025-05-14,28.391800,28.391800,28.391800,28.391800,0.000000,28.391800
2025-05-15,28.461100,28.461100,28.461100,28.461100,0.000000,28.461100
2025-05-16,28.517000,28.517000,28.517000,28.517000,0.000000,28.517000
2025-05-19,28.551800,28.551800,28.551800,28.551800,0.000000,28.551800
2025-05-20,28.527700,28.527700,28.527700,28.527700,0.000000,28.527700
2025-05-21,28.317801,28.317801,28.317801,28.317801,0.000000,28.317801
2025-05-22,28.239700,28.239700,28.239700,28.239700,0.000000,28.239700
2025-05-23,28.031500,28.031500,28.031500,28.031500,0.000000,28.031500
2025-05-27,28.676800,28.676800,28.676800,28.676800,0.000000,28.676800
2025-05-28,28.543900,28.543900,28.543900,28.543900,0.000000,28.543900
2025-05-29,28.644199,28.644199,28.644199,28.644199,0.000000,28.644199
2025-05-30,28.501400,28.501400,28.501400,28.501400,0.000000,28.501400
2025-06-02,,,,,,
2025-06-03,28.724199,28.724199,28.724199,28.724199,0.000000,28.724199
2025-06-04,28.995199,28.995199,28.995199,28.995199,0.000000,28.995199
2025-06-05,29.063000,29.063000,29.063000,29.063000,0.000000,29.063000
2025-06-06,29.334499,29.334499,29.334499,29.334499,0.000000,29.334499
2025-06-09,29.365499,29.365499,29.365499,29.365499,0.000000,29.365499
2025-06-10,29.621099,29.621099,29.621099,29.621099,0.000000,29.621099
2025-06-11,29.590599,29.590599,29.590599,29.590599,0.000000,29.590599
2025-06-12,29.649099,29.649099,29.649099,29.649099,0.000000,29.649099
2025-06-13,29.127701,29.127701,29.127701,29.127701,0.000000,29.127701
2025-06-16,29.535299,29.535299,29.535299,29.535299,0.000000,29.535299
2025-06-17,29.246000,29.246000,29.246000,29.246000,0.000000,29.246000
2025-06-18,28.965599,28.965599,28.965599,28.965599,0.000000,28.965599
2025-06-20,28.783600,28.783600,28.783600,28.783600,0.000000,28.783600
2025-06-23,28.915701,28.915701,28.915701,28.915701,0.000000,28.915701
2025-06-24,29.442101,29.442101,29.442101,29.442101,0.000000,29.442101
2025-06-25,29.488001,29.488001,29.488001,29.488001,0.000000,29.488001
2025-06-26,29.693399,29.693399,29.693399,29.693399,0.000000,29.693399
2025-06-27,29.964600,29.964600,29.964600,29.964600,0.000000,29.964600
2025-06-30,30.062099,30.062099,30.062099,30.062099,0.000000,30.062099
2025-07-01,29.968000,29.968000,29.968000,29.968000,0.000000,29.968000
2025-07-02,30.119699,30.119699,30.119699,30.119699,0.000000,30.119699
2025-07-03,30.325001,30.325001,30.325001,30.325001,0.000000,30.325001
2025-07-07,30.088800,30.088800,30.088800,30.088800,0.000000,30.088800
2025-07-08,30.114599,30.114599,30.114599,30.114599,0.000000,30.114599
2025-07-09,30.246599,30.246599,30.246599,30.246599,0.000000,30.246599
2025-07-10,30.230400,30.230400,30.230400,30.230400,0.000000,30.230400
2025-07-11,30.050100,30.050100,30.050100,30.050100,0.000000,30.050100
2025-07-14,30.004900,30.004900,30.004900,30.004900,0.000000,30.004900
2025-07-15,30.026699,30.026699,30.026699,30.026699,0.000000,30.026699
2025-07-16,30.004200,30.004200,30.004200,30.004200,0.000000,30.004200
2025-07-17,30.355801,30.355801,30.355801,30.355801,0.000000,30.355801
2025-07-18,30.232300,30.232300,30.232300,30.232300,0.000000,30.232300
2025-07-21,30.338301,30.338301,30.338301,30.338301,0.000000,30.338301
2025-07-22,30.136400,30.136400,30.136400,30.136400,0.000000,30.136400
2025-07-23,30.379801,30.379801,30.379801,30.379801,0.000000,30.379801
2025-07-24,30.535999,30.535999,30.535999,30.535999,0.000000,30.535999
2025-07-25,30.562599,30.562599,30.562599,30.562599,0.000000,30.562599
2025-07-28,30.609699,30.609699,30.609699,30.609699,0.000000,30.609699
2025-07-29,30.383801,30.383801,30.383801,30.383801,0.000000,30.383801
2025-07-30,30.398800,30.398800,30.398800,30.398800,0.000000,30.398800
2025-07-31,30.044399,30.044399,30.044399,30.044399,0.000000,30.044399
2025-08-01,29.603600,29.603600,29.603600,29.603600,0.000000,29.603600
2025-08-04,,,,,,
2025-08-05,29.821699,29.821699,29.821699,29.821699,0.000000,29.821699
2025-08-06,29.935200,29.935200,29.935200,29.935200,0.000000,29.935200
2025-08-07,30.040899,30.040899,30.040899,30.040899,0.000000,30.040899
2025-08-08,30.317699,30.317699,30.317699,30.317699,0.000000,30.317699
2025-08-11,30.105301,30.105301,30.105301,30.105301,0.000000,30.105301
2025-08-12,30.425100,30.425100,30.425100,30.425100,0.000000,30.425100
2025-08-13,30.466000,30.466000,30.466000,30.466000,0.000000,30.466000
2025-08-14,30.597200,30.597200,30.597200,30.597200,0.000000,30.597200
2025-08-15,30.292601,30.292601,30.292601,30.292601,0.000000,30.292601
2025-08-18,30.291599,30.291599,30.291599,30.291599,0.000000,30.291599
2025-08-19,30.176300,30.176300,30.176300,30.176300,0.000000,30.176300
2025-08-20,30.085899,30.085899,30.085899,30.085899,0.000000,30.085899
2025-08-21,29.894100,29.894100,29.894100,29.894100,0.000000,29.894100
2025-08-22,30.313299,30.313299,30.313299,30.313299,0.000000,30.313299
2025-08-25,,,,,,
2025-08-26,30.340799,30.340799,30.340799,30.340799,0.000000,30.340799
2025-08-27,30.302601,30.302601,30.302601,30.302601,0.000000,30.302601
2025-08-28,30.362200,30.362200,30.362200,30.362200,0.000000,30.362200
2025-08-29,30.070400,30.070400,30.070400,30.070400,0.000000,30.070400
2025-09-02,29.757099,29.757099,29.757099,29.757099,0.000000,29.757099
2025-09-03,30.007401,30.007401,30.007401,30.007401,0.000000,30.007401
2025-09-04,30.274300,30.274300,30.274300,30.274300,0.000000,30.274300
2025-09-05,30.444201,30.444201,30.444201,30.444201,0.000000,30.444201
2025-09-08,30.651501,30.651501,30.651501,30.651501,0.000000,30.651501
2025-09-09,30.752701,30.752701,30.752701,30.752701,0.000000,30.752701
2025-09-10,30.841299,30.841299,30.841299,30.841299,0.000000,30.841299
2025-09-11,31.069500,31.069500,31.069500,31.069500,0.000000,31.069500
2025-09-12,30.971600,30.971600,30.971600,30.971600,0.000000,30.971600
2025-09-15,31.183500,31.183500,31.183500,31.183500,0.000000,31.183500
2025-09-16,31.215799,31.215799,31.215799,31.215799,0.000000,31.215799
2025-09-17,31.278500,31.278500,31.278500,31.278500,0.000000,31.278500
2025-09-18,31.531700,31.531700,31.531700,31.531700,0.000000,31.531700
2025-09-19,31.579901,31.579901,31.579901,31.579901,0.000000,31.579901
2025-09-22,31.769300,31.769300,31.769300,31.769300,0.000000,31.769300
2025-09-23,31.619699,31.619699,31.619699,31.619699,0.000000,31.619699
2025-09-24,31.473101,31.473101,31.473101,31.473101,0.000000,31.473101
2025-09-25,31.206200,31.206200,31.206200,31.206200,0.000000,31.206200
2025-09-26,31.319599,31.319599,31.319599,31.319599,0.000000,31.319599
2025-09-29,31.410500,31.410500,31.410500,31.410500,0.000000,31.410500
2025-09-30,31.651199,31.651199,31.651199,31.651199,0.000000,31.651199
2025-10-01,32.031399,32.031399,32.031399,32.031399,0.000000,32.031399
2025-10-02,32.190800,32.190800,32.190800,32.190800,0.000000,32.190800
2025-10-03,32.176998,32.176998,32.176998,32.176998,0.000000,32.176998
2025-10-06,32.355400,32.355400,32.355400,32.355400,0.000000,32.355400
2025-10-07,32.055199,32.055199,32.055199,32.055199,0.000000,32.055199
2025-10-08,32.196301,32.196301,32.196301,32.196301,0.000000,32.196301
2025-10-09,32.140701,32.140701,32.140701,32.140701,0.000000,32.140701
2025-10-10,31.234800,31.234800,31.234800,31.234800,0.000000,31.234800
2025-10-13,31.793400,31.793400,31.793400,31.793400,0.000000,31.793400
2025-10-14,31.575800,31.575800,31.575800,31.575800,0.000000,31.575800
2025-10-15,31.850599,31.850599,31.850599,31.850599,0.000000,31.850599
2025-10-16,31.804600,31.804600,31.804600,31.804600,0.000000,31.804600
2025-10-17,31.791800,31.791800,31.791800,31.791800,0.000000,31.791800
2025-10-20,32.229000,32.229000,32.229000,32.229000,0.000000,32.229000
2025-10-21,32.368000,32.368000,32.368000,32.368000,0.000000,32.368000
2025-10-22,32.059799,32.059799,32.059799,32.059799,0.000000,32.059799
2025-10-23,32.430698,32.430698,32.430698,32.430698,0.000000,32.430698
2025-10-24,32.701698,32.701698,32.701698,32.701698,0.000000,32.701698
2025-10-27,,,,,,
2025-10-28,32.958401,32.958401,32.958401,32.958401,0.000000,32.958401
2025-10-29,33.001701,33.001701,33.001701,33.001701,0.000000,33.001701
2025-10-30,32.715099,32.715099,32.715099,32.715099,0.000000,32.715099
2025-10-31,32.695099,32.695099,32.695099,32.695099,0.000000,32.695099
2025-11-03,32.760601,32.760601,32.760601,32.760601,0.000000,32.760601
2025-11-04,32.320801,32.320801,32.320801,32.320801,0.000000,32.320801
2025-11-05,32.436401,32.436401,32.436401,32.436401,0.000000,32.436401
2025-11-06,32.061600,32.061600,32.061600,32.061600,0.000000,32.061600
2025-11-07,31.916201,31.916201,31.916201,31.916201,0.000000,31.916201
2025-11-10,32.440102,32.440102,32.440102,32.440102,0.000000,32.440102
2025-11-11,32.450500,32.450500,32.450500,32.450500,0.000000,32.450500
2025-11-12,32.532398,32.532398,32.532398,32.532398,0.000000,32.532398
2025-11-13,31.946301,31.946301,31.946301,31.946301,0.000000,31.946301
2025-11-14,31.800501,31.800501,31.800501,31.800501,0.000000,31.800501
2025-11-17,31.505199,31.505199,31.505199,31.505199,0.000000,31.505199
2025-11-18,31.257500,31.257500,31.257500,31.257500,0.000000,31.257500
2025-11-19,31.426701,31.426701,31.426701,31.426701,0.000000,31.426701
2025-11-20,30.937099,30.937099,30.937099,30.937099,0.000000,30.937099
2025-11-21,31.198900,31.198900,31.198900,31.198900,0.000000,31.198900
2025-11-24,31.764500,31.764500,31.764500,31.764500,0.000000,31.764500
2025-11-25,32.099098,32.099098,32.099098,32.099098,0.000000,32.099098
2025-11-26,32.224300,32.224300,32.224300,32.224300,0.000000,32.224300
2025-11-28,32.445599,32.445599,32.445599,32.445599,0.000000,32.445599
2025-12-01,32.254799,32.254799,32.254799,32.254799,0.000000,32.254799
2025-12-02,32.436798,32.436798,32.436798,32.436798,0.000000,32.436798
2025-12-03,32.458401,32.458401,32.458401,32.458401,0.000000,32.458401
2025-12-04,32.545601,32.545601,32.545601,32.545601,0.000000,32.545601
2025-12-05,32.723598,32.723598,32.723598,32.723598,0.000000,32.723598
2025-12-08,32.617699,32.617699,32.617699,32.617699,0.000000,32.617699
2025-12-09,32.563400,32.563400,32.563400,32.563400,0.000000,32.563400
2025-12-10,32.754799,32.754799,32.754799,32.754799,0.000000,32.754799
2025-12-11,32.944599,32.944599,32.944599,32.944599,0.000000,32.944599
2025-12-12,32.440399,32.440399,32.440399,32.440399,0.000000,32.440399
2025-12-15,32.355999,32.355999,32.355999,32.355999,0.000000,32.355999
2025-12-16,32.278702,32.278702,32.278702,32.278702,0.000000,32.278702
2025-12-17,31.919600,31.919600,31.919600,31.919600,0.000000,31.919600
2025-12-18,32.282299,32.282299,32.282299,32.282299,0.000000,32.282299
2025-12-19,,,,,,
2025-12-22,32.804298,32.804298,32.804298,32.804298,0.000000,32.804298
2025-12-23,32.945499,32.945499,32.945499,32.945499,0.000000,32.945499
2025-12-24,33.023499,33.023499,33.023499,33.023499,0.000000,33.023499
2025-12-26,,,,,,
2025-12-29,,,,,,
2025-12-30,32.915001,32.915001,32.915001,32.915001,0.000000,32.915001
2025-12-31,32.697601,32.697601,32.697601,32.697601,0.000000,32.697601
2026-01-02,32.799702,32.799702,32.799702,32.799702,0.000000,32.799702
2026-01-05,33.276501,33.276501,33.276501,33.276501,0.000000,33.276501
2026-01-06,33.742599,33.742599,33.742599,33.742599,0.000000,33.742599
2026-01-07,33.573002,33.573002,33.573002,33.573002,0.000000,33.573002
2026-01-08,33.224201,33.224201,33.224201,33.224201,0.000000,33.224201
2026-01-09,33.632500,33.632500,33.632500,33.632500,0.000000,33.632500
2026-01-12,33.745998,33.745998,33.745998,33.745998,0.000000,33.745998
2026-01-13,33.406399,33.406399,33.406399,33.406399,0.000000,33.406399
2026-01-14,33.162102,33.162102,33.162102,33.162102,0.000000,33.162102
2026-01-15,33.505402,33.505402,33.505402,33.505402,0.000000,33.505402
2026-01-16,33.497601,33.497601,33.497601,33.497601,0.000000,33.497601
2026-01-20,32.800400,32.800400,32.800400,32.800400,0.000000,32.800400
2026-01-21,32.973499,32.973499,32.973499,32.973499,0.000000,32.973499
2026-01-22,33.073399,33.073399,33.073399,33.073399,0.000000,33.073399
2026-01-23,33.122101,33.122101,33.122101,33.122101,0.000000,33.122101
2026-01-26,33.370499,33.370499,33.370499,33.370499,0.000000,33.370499
2026-01-27,33.673100,33.673100,33.673100,33.673100,0.000000,33.673100
2026-01-28,33.453400,33.453400,33.453400,33.453400,0.000000,33.453400
2026-01-29,33.678799,33.678799,33.678799,33.678799,0.000000,33.678799
2026-01-30,32.997002,32.997002,32.997002,32.997002,0.000000,32.997002
2026-02-02,,,,,,
2026-02-03,32.313400,32.313400,32.313400,32.313400,0.000000,32.313400
2026-02-04,31.775000,31.775000,31.775000,31.775000,0.000000,31.775000
2026-02-05,31.660900,31.660900,31.660900,31.660900,0.000000,31.660900
2026-02-06,32.264301,32.264301,32.264301,32.264301,0.000000,32.264301
2026-02-09,32.511799,32.511799,32.511799,32.511799,0.000000,32.511799
2026-02-10,32.369202,32.369202,32.369202,32.369202,0.000000,32.369202
2026-02-11,32.287201,32.287201,32.287201,32.287201,0.000000,32.287201
2026-02-12,31.787500,31.787500,31.787500,31.787500,0.000000,31.787500
2026-02-13,31.850201,31.850201,31.850201,31.850201,0.000000,31.850201
2026-02-17,31.771099,31.771099,31.771099,31.771099,0.000000,31.771099
2026-02-18,32.165600,32.165600,32.165600,32.165600,0.000000,32.165600
2026-02-19,32.033100,32.033100,32.033100,32.033100,0.000000,32.033100
2026-02-20,32.343201,32.343201,32.343201,32.343201,0.000000,32.343201
2026-02-23,31.972700,31.972700,31.972700,31.972700,0.000000,31.972700
2026-02-24,32.232399,32.232399,32.232399,32.232399,0.000000,32.232399
2026-02-25,32.769699,32.769699,32.769699,32.769699,0.000000,32.769699
2026-02-26,32.636902,32.636902,32.636902,32.636902,0.000000,32.636902
2026-02-27,32.761002,32.761002,32.761002,32.761002,0.000000,32.761002
2026-03-02,32.523602,32.523602,32.523602,32.523602,0.000000,32.523602
2026-03-03,32.032799,32.032799,32.032799,32.032799,0.000000,32.032799
2026-03-04,32.338200,32.338200,32.338200,32.338200,0.000000,32.338200
2026-03-05,32.261501,32.261501,32.261501,32.261501,0.000000,32.261501
2026-03-06,31.848600,31.848600,31.848600,31.848600,0.000000,31.848600
2026-03-09,32.080101,32.080101,32.080101,32.080101,0.000000,32.080101
2026-03-10,32.098900,32.098900,32.098900,32.098900,0.000000,32.098900
2026-03-11,31.918501,31.918501,31.918501,31.918501,0.000000,31.918501
2026-03-12,31.403999,31.403999,31.403999,31.403999,0.000000,31.403999
2026-03-13,31.129299,31.129299,31.129299,31.129299,0.000000,31.129299
2026-03-16,31.509001,31.509001,31.509001,31.509001,0.000000,31.509001
2026-03-17,,,,,,
2026-03-18,31.204700,31.204700,31.204700,31.204700,0.000000,31.204700
2026-03-19,31.086500,31.086500,31.086500,31.086500,0.000000,31.086500
2026-03-20,30.797800,30.797800,30.797800,30.797800,0.000000,30.797800
2026-03-23,31.072800,31.072800,31.072800,31.072800,0.000000,31.072800
2026-03-24,30.932400,30.932400,30.932400,30.932400,0.000000,30.932400
2026-03-25,30.975901,30.975901,30.975901,30.975901,0.000000,30.975901
2026-03-26,30.307301,30.307301,30.307301,30.307301,0.000000,30.307301
2026-03-27,29.739799,29.739799,29.739799,29.739799,0.000000,29.739799
2026-03-30,29.655500,29.655500,29.655500,29.655500,0.000000,29.655500
2026-03-31,30.540701,30.540701,30.540701,30.540701,0.000000,30.540701
2026-04-01,30.918600,30.918600,30.918600,30.918600,0.000000,30.918600
2026-04-02,30.953501,30.953501,30.953501,30.953501,0.000000,30.953501
2026-04-06,,,,,,
2026-04-07,31.117399,31.117399,31.117399,31.117399,0.000000,31.117399
2026-04-08,32.199402,32.199402,32.199402,32.199402,0.000000,32.199402
2026-04-09,32.322800,32.322800,32.322800,32.322800,0.000000,32.322800
2026-04-10,32.421299,32.421299,32.421299,32.421299,0.000000,32.421299
2026-04-13,32.819599,32.819599,32.819599,32.819599,0.000000,32.819599
2026-04-14,33.284901,33.284901,33.284901,33.284901,0.000000,33.284901
2026-04-15,33.552200,33.552200,33.552200,33.552200,0.000000,33.552200
2026-04-16,33.558800,33.558800,33.558800,33.558800,0.000000,33.558800
2026-04-17,33.849800,33.849800,33.849800,33.849800,0.000000,33.849800
2026-04-20,33.682598,33.682598,33.682598,33.682598,0.000000,33.682598
2026-04-21,33.519299,33.519299,33.519299,33.519299,0.000000,33.519299
2026-04-22,33.749001,33.749001,33.749001,33.749001,0.000000,33.749001
2026-04-23,33.271900,33.271900,33.271900,33.271900,0.000000,33.271900
2026-04-24,33.673801,33.673801,33.673801,33.673801,0.000000,33.673801
2026-04-27,33.540100,33.540100,33.540100,33.540100,0.000000,33.540100
2026-04-28,33.147598,33.147598,33.147598,33.147598,0.000000,33.147598
2026-04-29,33.214199,33.214199,33.214199,33.214199,0.000000,33.214199
2026-04-30,33.242298,33.242298,33.242298,33.242298,0.000000,33.242298
2026-05-01,33.212799,33.212799,33.212799,33.212799,0.000000,33.212799
2026-05-04,,,,,,
2026-05-05,33.335098,33.335098,33.335098,33.335098,0.000000,33.335098
2026-05-06,33.710999,33.710999,33.710999,33.710999,0.000000,33.710999
2026-05-07,33.568501,33.568501,33.568501,33.568501,0.000000,33.568501
2026-05-08,33.564301,33.564301,33.564301,33.564301,0.000000,33.564301
2026-05-11,33.320499,33.320499,33.320499,33.320499,0.000000,33.320499
2026-05-12,33.092300,33.092300,33.092300,33.092300,0.000000,33.092300
2026-05-13,33.102699,33.102699,33.102699,33.102699,0.000000,33.102699
2026-05-14,33.454800,33.454800,33.454800,33.454800,0.000000,33.454800
2026-05-15,33.000401,33.000401,33.000401,33.000401,0.000000,33.000401
2026-05-18,32.952599,32.952599,32.952599,32.952599,0.000000,32.952599
2026-05-19,32.691799,32.691799,32.691799,32.691799,0.000000,32.691799
2026-05-20,33.171700,33.171700,33.171700,33.171700,0.000000,33.171700
2026-05-21,33.079700,33.079700,33.079700,33.079700,0.000000,33.079700
2026-05-22,33.284000,33.284000,33.284000,33.284000,0.000000,33.284000
2026-05-26,33.641602,33.641602,33.641602,33.641602,0.000000,33.641602
2026-05-27,33.568699,33.568699,33.568699,33.568699,0.000000,33.568699
2026-05-28,33.755402,33.755402,33.755402,33.755402,0.000000,33.755402
2026-05-29,33.951599,33.951599,33.951599,33.951599,0.000000,33.951599
2026-06-01,,,,,,
2026-06-02,34.385799,34.385799,34.385799,34.385799,0.000000,34.385799
2026-06-03,34.133099,34.133099,34.133099,34.133099,0.000000,34.133099
2026-06-04,34.177101,34.177101,34.177101,34.177101,0.000000,34.177101
2026-06-05,33.013199,33.013199,33.013199,33.013199,0.000000,33.013199
2026-06-08,33.360401,33.360401,33.360401,33.360401,0.000000,33.360401
2026-06-09,33.419300,33.419300,33.419300,33.419300,0.000000,33.419300
2026-06-10,32.838299,32.838299,32.838299,32.838299,0.000000,32.838299
2026-06-11,33.489101,33.489101,33.489101,33.489101,0.000000,33.489101
2026-06-12,33.778999,33.778999,33.778999,33.778999,0.000000,33.778999
2026-06-15,34.481499,34.481499,34.481499,34.481499,0.000000,34.481499
2026-06-16,34.005501,34.005501,34.005501,34.005501,0.000000,34.005501
2026-06-17,33.771999,33.771999,33.771999,33.771999,0.000000,33.771999
2026-06-18,34.300701,34.300701,34.300701,34.300701,0.000000,34.300701
2026-06-22,34.195599,34.195599,34.195599,34.195599,0.000000,34.195599
2026-06-23,33.365398,33.365398,33.365398,33.365398,0.000000,33.365398
2026-06-24,33.427101,33.427101,33.427101,33.427101,0.000000,33.427101
2026-06-25,33.595100,33.595100,33.595100,33.595100,0.000000,33.595100
2026-06-26,33.443802,33.443802,33.443802,33.443802,0.000000,33.443802
2026-06-29,34.185699,34.185699,34.185699,34.185699,0.000000,34.185699
2026-06-30,34.873501,34.873501,34.873501,34.873501,0.000000,34.873501
2026-07-01,34.528000,34.528000,34.528000,34.528000,0.000000,34.528000
2026-07-02,34.301899,34.301899,34.301899,34.301899,0.000000,34.301899
2026-07-06,34.579300,34.579300,34.579300,34.579300,0.000000,34.579300
2026-07-07,34.136700,34.136700,34.136700,34.136700,0.000000,34.136700
2026-07-08,34.056999,34.056999,34.056999,34.056999,0.000000,34.056999
2026-07-09,34.503300,34.503300,34.503300,34.503300,0.000000,34.503300
2026-07-10,34.659801,34.659801,34.659801,34.659801,0.000000,34.659801
2026-07-13,34.426399,34.426399,34.426399,34.426399,0.000000,34.426399
2026-07-14,34.589600,34.589600,34.589600,34.589600,0.000000,34.589600
2026-07-15,34.762100,34.762100,34.762100,34.762100,0.000000,34.762100
2026-07-16,34.558701,34.558701,34.558701,34.558701,0.000000,34.558701
2026-07-17,0.000000,0.000000,0.000000,33.998699,0.000000,33.998699
2026-07-20,34.066502,34.066502,34.066502,34.066502,0.000000,34.066502
2026-07-21,34.216702,34.216702,34.216702,34.216702,0.000000,34.216702
2026-07-22,34.006699,34.006699,34.006699,34.006699,0.000000,34.006699
2026-07-23,33.905602,33.905602,33.905602,33.905602,0.000000,33.905602
2026-07-24,33.812698,33.812698,33.812698,33.812698,0.000000,33.812698
2026-07-27,33.773102,33.773102,33.773102,33.773102,0.000000,33.773102
2026-07-28,33.720001,33.720001,33.720001,33.720001,0.000000,33.720001
2026-07-29,33.467602,33.467602,33.467602,33.467602,0.000000,33.467602
2026-07-30,34.354000,34.354000,34.354000,34.354000,0.000000,34.354000
2026-07-31,34.539902,34.539902,34.539902,34.539902,0.000000,34.539902
2026-08-03,,,,,,
2026-08-04,35.601501,35.601501,35.601501,35.601501,0.000000,35.601501
2026-08-05,35.535500,35.535500,35.535500,35.535500,0.000000,35.535500
2026-08-06,35.526100,35.526100,35.526100,35.526100,0.000000,35.526100
2026-08-07,35.766102,35.766102,35.766102,35.766102,0.000000,35.766102
2026-08-10,35.699100,35.699100,35.699100,35.699100,0.000000,35.699100
2026-08-11,35.665600,35.665600,35.665600,35.665600,0.000000,35.665600
2026-08-12,35.753601,35.753601,35.753601,35.753601,0.000000,35.753601
2026-08-13,35.852501,35.852501,35.852501,35.852501,0.000000,35.852501
2026-08-14,35.667500,35.667500,35.667500,35.667500,0.000000,35.667500
2026-08-17,,,,,,
