Date,Open,High,Low,Close,Volume,Adj Close
2019-01-02,15.300000,15.300000,15.300000,15.300000,0.000000,15.300000
2019-01-03,15.020000,15.020000,15.020000,15.020000,0.000000,15.020000
2019-01-04,15.400000,15.400000,15.400000,15.400000,0.000000,15.400000
2019-01-07,15.640000,15.640000,15.640000,15.640000,0.000000,15.640000
2019-01-08,15.760000,15.760000,15.760000,15.760000,0.000000,15.760000
2019-01-09,16.010000,16.010000,16.010000,16.010000,0.000000,16.010000
2019-01-10,15.980000,15.980000,15.980000,15.980000,0.000000,15.980000
2019-01-11,15.960000,15.960000,15.960000,15.960000,0.000000,15.960000
2019-01-14,15.830000,15.830000,15.830000,15.830000,0.000000,15.830000
2019-01-15,16.000000,16.000000,16.000000,16.000000,0.000000,16.000000
2019-01-16,16.080000,16.080000,16.080000,16.080000,0.000000,16.080000
2019-01-17,16.170000,16.170000,16.170000,16.170000,0.000000,16.170000
2019-01-18,16.379999,16.379999,16.379999,16.379999,0.000000,16.379999
2019-01-22,16.240000,16.240000,16.240000,16.240000,0.000000,16.240000
2019-01-23,16.200001,16.200001,16.200001,16.200001,0.000000,16.200001
2019-01-24,16.240000,16.240000,16.240000,16.240000,0.000000,16.240000
2019-01-25,16.440001,16.440001,16.440001,16.440001,0.000000,16.440001
2019-01-28,16.290001,16.290001,16.290001,16.290001,0.000000,16.290001
2019-01-29,16.260000,16.260000,16.260000,16.260000,0.000000,16.260000
2019-01-30,16.469999,16.469999,16.469999,16.469999,0.000000,16.469999
2019-01-31,16.570000,16.570000,16.570000,16.570000,0.000000,16.570000
2019-02-01,16.610001,16.610001,16.610001,16.610001,0.000000,16.610001
2019-02-04,16.730000,16.730000,16.730000,16.730000,0.000000,16.730000
2019-02-05,16.820000,16.820000,16.820000,16.820000,0.000000,16.820000
2019-02-06,16.799999,16.799999,16.799999,16.799999,0.000000,16.799999
2019-02-07,16.639999,16.639999,16.639999,16.639999,0.000000,16.639999
2019-02-08,16.650000,16.650000,16.650000,16.650000,0.000000,16.650000
2019-02-11,16.690001,16.690001,16.690001,16.690001,0.000000,16.690001
2019-02-12,16.900000,16.900000,16.900000,16.900000,0.000000,16.900000
2019-02-13,17.010000,17.010000,17.010000,17.010000,0.000000,17.010000
2019-02-14,17.059999,17.059999,17.059999,17.059999,0.000000,17.059999
2019-02-15,17.139999,17.139999,17.139999,17.139999,0.000000,17.139999
2019-02-19,17.120001,17.120001,17.120001,17.120001,0.000000,17.120001
2019-02-20,17.160000,17.160000,17.160000,17.160000,0.000000,17.160000
2019-02-21,17.139999,17.139999,17.139999,17.139999,0.000000,17.139999
2019-02-22,17.250000,17.250000,17.250000,17.250000,0.000000,17.250000
2019-02-25,17.420000,17.420000,17.420000,17.420000,0.000000,17.420000
2019-02-26,17.520000,17.520000,17.520000,17.520000,0.000000,17.520000
2019-02-27,17.459999,17.459999,17.459999,17.459999,0.000000,17.459999
2019-02-28,17.410000,17.410000,17.410000,17.410000,0.000000,17.410000
2019-03-01,17.600000,17.600000,17.600000,17.600000,0.000000,17.600000
2019-03-04,17.510000,17.510000,17.510000,17.510000,0.000000,17.510000
2019-03-05,17.540001,17.540001,17.540001,17.540001,0.000000,17.540001
2019-03-06,17.440001,17.440001,17.440001,17.440001,0.000000,17.440001
2019-03-07,17.270000,17.270000,17.270000,17.270000,0.000000,17.270000
2019-03-08,17.200001,17.200001,17.200001,17.200001,0.000000,17.200001
2019-03-11,17.440001,17.440001,17.440001,17.440001,0.000000,17.440001
2019-03-12,17.540001,17.540001,17.540001,17.540001,0.000000,17.540001
2019-03-13,17.629999,17.629999,17.629999,17.629999,0.000000,17.629999
2019-03-14,17.600000,17.600000,17.600000,17.600000,0.000000,17.600000
2019-03-15,17.730000,17.730000,17.730000,17.730000,0.000000,17.730000
2019-03-18,,,,,,
2019-03-19,17.900000,17.900000,17.900000,17.900000,0.000000,17.900000
2019-03-20,17.879999,17.879999,17.879999,17.879999,0.000000,17.879999
2019-03-21,17.990000,17.990000,17.990000,17.990000,0.000000,17.990000
2019-03-22,17.650000,17.650000,17.650000,17.650000,0.000000,17.650000
2019-03-25,17.580000,17.580000,17.580000,17.580000,0.000000,17.580000
2019-03-26,17.709999,17.709999,17.709999,17.709999,0.000000,17.709999
2019-03-27,17.660000,17.660000,17.660000,17.660000,0.000000,17.660000
2019-03-28,17.780001,17.780001,17.780001,17.780001,0.000000,17.780001
2019-03-29,17.900000,17.900000,17.900000,17.900000,0.000000,17.900000
2019-04-01,18.129999,18.129999,18.129999,18.129999,0.000000,18.129999
2019-04-02,18.230000,18.230000,18.230000,18.230000,0.000000,18.230000
2019-04-03,18.360001,18.360001,18.360001,18.360001,0.000000,18.360001
2019-04-04,18.340000,18.340000,18.340000,18.340000,0.000000,18.340000
2019-04-05,18.389999,18.389999,18.389999,18.389999,0.000000,18.389999
2019-04-08,18.400000,18.400000,18.400000,18.400000,0.000000,18.400000
2019-04-09,18.320000,18.320000,18.320000,18.320000,0.000000,18.320000
2019-04-10,18.420000,18.420000,18.420000,18.420000,0.000000,18.420000
2019-04-11,18.350000,18.350000,18.350000,18.350000,0.000000,18.350000
2019-04-12,18.440001,18.440001,18.440001,18.440001,0.000000,18.440001
2019-04-15,18.469999,18.469999,18.469999,18.469999,0.000000,18.469999
2019-04-16,18.459999,18.459999,18.459999,18.459999,0.000000,18.459999
2019-04-17,18.360001,18.360001,18.360001,18.360001,0.000000,18.360001
2019-04-18,18.370001,18.370001,18.370001,18.370001,0.000000,18.370001
2019-04-22,,,,,,
2019-04-23,18.510000,18.510000,18.510000,18.510000,0.000000,18.510000
2019-04-24,18.450001,18.450001,18.450001,18.450001,0.000000,18.450001
2019-04-25,18.459999,18.459999,18.459999,18.459999,0.000000,18.459999
2019-04-26,18.530001,18.530001,18.530001,18.530001,0.000000,18.530001
2019-04-29,18.580000,18.580000,18.580000,18.580000,0.000000,18.580000
2019-04-30,18.590000,18.590000,18.590000,18.590000,0.000000,18.590000
2019-05-01,18.480000,18.480000,18.480000,18.480000,0.000000,18.480000
2019-05-02,18.480000,18.480000,18.480000,18.480000,0.000000,18.480000
2019-05-03,18.660000,18.660000,18.660000,18.660000,0.000000,18.660000
2019-05-06,,,,,,
2019-05-07,18.270000,18.270000,18.270000,18.270000,0.000000,18.270000
2019-05-08,18.280001,18.280001,18.280001,18.280001,0.000000,18.280001
2019-05-09,18.139999,18.139999,18.139999,18.139999,0.000000,18.139999
2019-05-10,18.219999,18.219999,18.219999,18.219999,0.000000,18.219999
2019-05-13,17.790001,17.790001,17.790001,17.790001,0.000000,17.790001
2019-05-14,17.990000,17.990000,17.990000,17.990000,0.000000,17.990000
2019-05-15,18.120001,18.120001,18.120001,18.120001,0.000000,18.120001
2019-05-16,18.290001,18.290001,18.290001,18.290001,0.000000,18.290001
2019-05-17,18.180000,18.180000,18.180000,18.180000,0.000000,18.180000
2019-05-20,17.980000,17.980000,17.980000,17.980000,0.000000,17.980000
2019-05-21,18.170000,18.170000,18.170000,18.170000,0.000000,18.170000
2019-05-22,18.160000,18.160000,18.160000,18.160000,0.000000,18.160000
2019-05-23,17.910000,17.910000,17.910000,17.910000,0.000000,17.910000
2019-05-24,18.020000,18.020000,18.020000,18.020000,0.000000,18.020000
2019-05-28,18.020000,18.020000,18.020000,18.020000,0.000000,18.020000
2019-05-29,17.780001,17.780001,17.780001,17.780001,0.000000,17.780001
2019-05-30,17.830000,17.830000,17.830000,17.830000,0.000000,17.830000
2019-05-31,17.709999,17.709999,17.709999,17.709999,0.000000,17.709999
2019-06-03,,,,,,
2019-06-04,17.910000,17.910000,17.910000,17.910000,0.000000,17.910000
2019-06-05,18.100000,18.100000,18.100000,18.100000,0.000000,18.100000
2019-06-06,18.200001,18.200001,18.200001,18.200001,0.000000,18.200001
2019-06-07,18.389999,18.389999,18.389999,18.389999,0.000000,18.389999
2019-06-10,18.590000,18.590000,18.590000,18.590000,0.000000,18.590000
2019-06-11,18.600000,18.600000,18.600000,18.600000,0.000000,18.600000
2019-06-12,18.500000,18.500000,18.500000,18.500000,0.000000,18.500000
2019-06-13,18.500000,18.500000,18.500000,18.500000,0.000000,18.500000
2019-06-14,18.400000,18.400000,18.400000,18.400000,0.000000,18.400000
2019-06-17,18.410000,18.410000,18.410000,18.410000,0.000000,18.410000
2019-06-18,18.639999,18.639999,18.639999,18.639999,0.000000,18.639999
2019-06-19,18.780001,18.780001,18.780001,18.780001,0.000000,18.780001
2019-06-20,18.959999,18.959999,18.959999,18.959999,0.000000,18.959999
2019-06-21,18.870001,18.870001,18.870001,18.870001,0.000000,18.870001
2019-06-24,18.850000,18.850000,18.850000,18.850000,0.000000,18.850000
2019-06-25,18.670000,18.670000,18.670000,18.670000,0.000000,18.670000
2019-06-26,18.730000,18.730000,18.730000,18.730000,0.000000,18.730000
2019-06-27,18.860001,18.860001,18.860001,18.860001,0.000000,18.860001
2019-06-28,18.990000,18.990000,18.990000,18.990000,0.000000,18.990000
2019-07-01,19.129999,19.129999,19.129999,19.129999,0.000000,19.129999
2019-07-02,19.230000,19.230000,19.230000,19.230000,0.000000,19.230000
2019-07-03,19.309999,19.309999,19.309999,19.309999,0.000000,19.309999
2019-07-05,19.219999,19.219999,19.219999,19.219999,0.000000,19.219999
2019-07-08,19.090000,19.090000,19.090000,19.090000,0.000000,19.090000
2019-07-09,19.129999,19.129999,19.129999,19.129999,0.000000,19.129999
2019-07-10,19.230000,19.230000,19.230000,19.230000,0.000000,19.230000
2019-07-11,19.309999,19.309999,19.309999,19.309999,0.000000,19.309999
2019-07-12,19.309999,19.309999,19.309999,19.309999,0.000000,19.309999
2019-07-15,19.360001,19.360001,19.360001,19.360001,0.000000,19.360001
2019-07-16,19.360001,19.360001,19.360001,19.360001,0.000000,19.360001
2019-07-17,19.370001,19.370001,19.370001,19.370001,0.000000,19.370001
2019-07-18,19.370001,19.370001,19.370001,19.370001,0.000000,19.370001
2019-07-19,19.270000,19.270000,19.270000,19.270000,0.000000,19.270000
2019-07-22,19.330000,19.330000,19.330000,19.330000,0.000000,19.330000
2019-07-23,19.360001,19.360001,19.360001,19.360001,0.000000,19.360001
2019-07-24,19.450001,19.450001,19.450001,19.450001,0.000000,19.450001
2019-07-25,19.480000,19.480000,19.480000,19.480000,0.000000,19.480000
2019-07-26,19.670000,19.670000,19.670000,19.670000,0.000000,19.670000
2019-07-29,19.639999,19.639999,19.639999,19.639999,0.000000,19.639999
2019-07-30,19.500000,19.500000,19.500000,19.500000,0.000000,19.500000
2019-07-31,19.420000,19.420000,19.420000,19.420000,0.000000,19.420000
2019-08-01,19.440001,19.440001,19.440001,19.440001,0.000000,19.440001
2019-08-02,19.160000,19.160000,19.160000,19.160000,0.000000,19.160000
2019-08-05,,,,,,
2019-08-06,18.799999,18.799999,18.799999,18.799999,0.000000,18.799999
2019-08-07,18.879999,18.879999,18.879999,18.879999,0.000000,18.879999
2019-08-08,19.299999,19.299999,19.299999,19.299999,0.000000,19.299999
2019-08-09,19.190001,19.190001,19.190001,19.190001,0.000000,19.190001
2019-08-12,18.969999,18.969999,18.969999,18.969999,0.000000,18.969999
2019-08-13,19.090000,19.090000,19.090000,19.090000,0.000000,19.090000
2019-08-14,18.670000,18.670000,18.670000,18.670000,0.000000,18.670000
2019-08-15,18.690001,18.690001,18.690001,18.690001,0.000000,18.690001
2019-08-16,18.930000,18.930000,18.930000,18.930000,0.000000,18.930000
2019-08-19,19.129999,19.129999,19.129999,19.129999,0.000000,19.129999
2019-08-20,19.070000,19.070000,19.070000,19.070000,0.000000,19.070000
2019-08-21,19.260000,19.260000,19.260000,19.260000,0.000000,19.260000
2019-08-22,19.209999,19.209999,19.209999,19.209999,0.000000,19.209999
2019-08-23,18.920000,18.920000,18.920000,18.920000,0.000000,18.920000
2019-08-26,18.930000,18.930000,18.930000,18.930000,0.000000,18.930000
2019-08-27,18.969999,18.969999,18.969999,18.969999,0.000000,18.969999
2019-08-28,18.959999,18.959999,18.959999,18.959999,0.000000,18.959999
2019-08-29,19.120001,19.120001,19.120001,19.120001,0.000000,19.120001
2019-08-30,19.080000,19.080000,19.080000,19.080000,0.000000,19.080000
2019-09-03,19.010000,19.010000,19.010000,19.010000,0.000000,19.010000
2019-09-04,19.240000,19.240000,19.240000,19.240000,0.000000,19.240000
2019-09-05,19.450001,19.450001,19.450001,19.450001,0.000000,19.450001
2019-09-06,19.480000,19.480000,19.480000,19.480000,0.000000,19.480000
2019-09-09,19.280001,19.280001,19.280001,19.280001,0.000000,19.280001
2019-09-10,19.080000,19.080000,19.080000,19.080000,0.000000,19.080000
2019-09-11,19.170000,19.170000,19.170000,19.170000,0.000000,19.170000
2019-09-12,19.360001,19.360001,19.360001,19.360001,0.000000,19.360001
2019-09-13,19.360001,19.360001,19.360001,19.360001,0.000000,19.360001
2019-09-16,19.309999,19.309999,19.309999,19.309999,0.000000,19.309999
2019-09-17,19.379999,19.379999,19.379999,19.379999,0.000000,19.379999
2019-09-18,19.370001,19.370001,19.370001,19.370001,0.000000,19.370001
2019-09-19,19.430000,19.430000,19.430000,19.430000,0.000000,19.430000
2019-09-20,19.360001,19.360001,19.360001,19.360001,0.000000,19.360001
2019-09-23,19.309999,19.309999,19.309999,19.309999,0.000000,19.309999
2019-09-24,19.170000,19.170000,19.170000,19.170000,0.000000,19.170000
2019-09-25,19.150000,19.150000,19.150000,19.150000,0.000000,19.150000
2019-09-26,19.190001,19.190001,19.190001,19.190001,0.000000,19.190001
2019-09-27,19.070000,19.070000,19.070000,19.070000,0.000000,19.070000
2019-09-30,19.080000,19.080000,19.080000,19.080000,0.000000,19.080000
2019-10-01,18.920000,18.920000,18.920000,18.920000,0.000000,18.920000
2019-10-02,18.490000,18.490000,18.490000,18.490000,0.000000,18.490000
2019-10-03,18.650000,18.650000,18.650000,18.650000,0.000000,18.650000
2019-10-04,18.830000,18.830000,18.830000,18.830000,0.000000,18.830000
2019-10-07,18.809999,18.809999,18.809999,18.809999,0.000000,18.809999
2019-10-08,18.530001,18.530001,18.530001,18.530001,0.000000,18.530001
2019-10-09,18.670000,18.670000,18.670000,18.670000,0.000000,18.670000
2019-10-10,18.740000,18.740000,18.740000,18.740000,0.000000,18.740000
2019-10-11,19.010000,19.010000,19.010000,19.010000,0.000000,19.010000
2019-10-14,19.049999,19.049999,19.049999,19.049999,0.000000,19.049999
2019-10-15,19.240000,19.240000,19.240000,19.240000,0.000000,19.240000
2019-10-16,19.160000,19.160000,19.160000,19.160000,0.000000,19.160000
2019-10-17,19.160000,19.160000,19.160000,19.160000,0.000000,19.160000
2019-10-18,19.049999,19.049999,19.049999,19.049999,0.000000,19.049999
2019-10-21,19.090000,19.090000,19.090000,19.090000,0.000000,19.090000
2019-10-22,19.020000,19.020000,19.020000,19.020000,0.000000,19.020000
2019-10-23,19.070000,19.070000,19.070000,19.070000,0.000000,19.070000
2019-10-24,19.190001,19.190001,19.190001,19.190001,0.000000,19.190001
2019-10-25,19.230000,19.230000,19.230000,19.230000,0.000000,19.230000
2019-10-28,,,,,,
2019-10-29,19.350000,19.350000,19.350000,19.350000,0.000000,19.350000
2019-10-30,19.510000,19.510000,19.510000,19.510000,0.000000,19.510000
2019-10-31,19.500000,19.500000,19.500000,19.500000,0.000000,19.500000
2019-11-01,19.590000,19.590000,19.590000,19.590000,0.000000,19.590000
2019-11-04,19.620001,19.620001,19.620001,19.620001,0.000000,19.620001
2019-11-05,19.469999,19.469999,19.469999,19.469999,0.000000,19.469999
2019-11-06,19.459999,19.459999,19.459999,19.459999,0.000000,19.459999
2019-11-07,19.549999,19.549999,19.549999,19.549999,0.000000,19.549999
2019-11-08,19.590000,19.590000,19.590000,19.590000,0.000000,19.590000
2019-11-11,19.540001,19.540001,19.540001,19.540001,0.000000,19.540001
2019-11-12,19.590000,19.590000,19.590000,19.590000,0.000000,19.590000
2019-11-13,19.600000,19.600000,19.600000,19.600000,0.000000,19.600000
2019-11-14,19.680000,19.680000,19.680000,19.680000,0.000000,19.680000
2019-11-15,19.840000,19.840000,19.840000,19.840000,0.000000,19.840000
2019-11-18,19.900000,19.900000,19.900000,19.900000,0.000000,19.900000
2019-11-19,19.940001,19.940001,19.940001,19.940001,0.000000,19.940001
2019-11-20,19.900000,19.900000,19.900000,19.900000,0.000000,19.900000
2019-11-21,19.780001,19.780001,19.780001,19.780001,0.000000,19.780001
2019-11-22,19.850000,19.850000,19.850000,19.850000,0.000000,19.850000
2019-11-25,20.070000,20.070000,20.070000,20.070000,0.000000,20.070000
2019-11-26,20.170000,20.170000,20.170000,20.170000,0.000000,20.170000
2019-11-27,20.219999,20.219999,20.219999,20.219999,0.000000,20.219999
2019-11-29,20.100000,20.100000,20.100000,20.100000,0.000000,20.100000
2019-12-02,19.920000,19.920000,19.920000,19.920000,0.000000,19.920000
2019-12-03,19.910000,19.910000,19.910000,19.910000,0.000000,19.910000
2019-12-04,19.950001,19.950001,19.950001,19.950001,0.000000,19.950001
2019-12-05,20.000000,20.000000,20.000000,20.000000,0.000000,20.000000
2019-12-06,20.110001,20.110001,20.110001,20.110001,0.000000,20.110001
2019-12-09,20.040001,20.040001,20.040001,20.040001,0.000000,20.040001
2019-12-10,20.049999,20.049999,20.049999,20.049999,0.000000,20.049999
2019-12-11,20.080000,20.080000,20.080000,20.080000,0.000000,20.080000
2019-12-12,20.230000,20.230000,20.230000,20.230000,0.000000,20.230000
2019-12-13,20.370001,20.370001,20.370001,20.370001,0.000000,20.370001
2019-12-16,20.590000,20.590000,20.590000,20.590000,0.000000,20.590000
2019-12-17,20.600000,20.600000,20.600000,20.600000,0.000000,20.600000
2019-12-18,20.590000,20.590000,20.590000,20.590000,0.000000,20.590000
2019-12-19,20.629999,20.629999,20.629999,20.629999,0.000000,20.629999
2019-12-20,20.730000,20.730000,20.730000,20.730000,0.000000,20.730000
2019-12-23,20.780001,20.780001,20.780001,20.780001,0.000000,20.780001
2019-12-24,20.770000,20.770000,20.770000,20.770000,0.000000,20.770000
2019-12-26,,,,,,
2019-12-27,,,,,,
2019-12-30,20.830000,20.830000,20.830000,20.830000,0.000000,20.830000
2019-12-31,20.860001,20.860001,20.860001,20.860001,0.000000,20.860001
2020-01-02,21.010000,21.010000,21.010000,21.010000,0.000000,21.010000
2020-01-03,20.910000,20.910000,20.910000,20.910000,0.000000,20.910000
2020-01-06,20.920000,20.920000,20.920000,20.920000,0.000000,20.920000
2020-01-07,20.900000,20.900000,20.900000,20.900000,0.000000,20.900000
2020-01-08,20.980000,20.980000,20.980000,20.980000,0.000000,20.980000
2020-01-09,21.170000,21.170000,21.170000,21.170000,0.000000,21.170000
2020-01-10,21.110001,21.110001,21.110001,21.110001,0.000000,21.110001
2020-01-13,21.209999,21.209999,21.209999,21.209999,0.000000,21.209999
2020-01-14,21.160000,21.160000,21.160000,21.160000,0.000000,21.160000
2020-01-15,21.299999,21.299999,21.299999,21.299999,0.000000,21.299999
2020-01-16,21.389999,21.389999,21.389999,21.389999,0.000000,21.389999
2020-01-17,21.540001,21.540001,21.540001,21.540001,0.000000,21.540001
2020-01-21,21.520000,21.520000,21.520000,21.520000,0.000000,21.520000
2020-01-22,21.620001,21.620001,21.620001,21.620001,0.000000,21.620001
2020-01-23,21.549999,21.549999,21.549999,21.549999,0.000000,21.549999
2020-01-24,21.469999,21.469999,21.469999,21.469999,0.000000,21.469999
2020-01-27,21.120001,21.120001,21.120001,21.120001,0.000000,21.120001
2020-01-28,21.309999,21.309999,21.309999,21.309999,0.000000,21.309999
2020-01-29,21.290001,21.290001,21.290001,21.290001,0.000000,21.290001
2020-01-30,21.219999,21.219999,21.219999,21.219999,0.000000,21.219999
2020-01-31,20.969999,20.969999,20.969999,20.969999,0.000000,20.969999
2020-02-03,21.170000,21.170000,21.170000,21.170000,0.000000,21.170000
2020-02-04,21.469999,21.469999,21.469999,21.469999,0.000000,21.469999
2020-02-05,21.549999,21.549999,21.549999,21.549999,0.000000,21.549999
2020-02-06,21.629999,21.629999,21.629999,21.629999,0.000000,21.629999
2020-02-07,21.559999,21.559999,21.559999,21.559999,0.000000,21.559999
2020-02-10,21.670000,21.670000,21.670000,21.670000,0.000000,21.670000
2020-02-11,21.780001,21.780001,21.780001,21.780001,0.000000,21.780001
2020-02-12,21.889999,21.889999,21.889999,21.889999,0.000000,21.889999
2020-02-13,21.889999,21.889999,21.889999,21.889999,0.000000,21.889999
2020-02-14,21.940001,21.940001,21.940001,21.940001,0.000000,21.940001
2020-02-18,21.959999,21.959999,21.959999,21.959999,0.000000,21.959999
2020-02-19,22.180000,22.180000,22.180000,22.180000,0.000000,22.180000
2020-02-20,22.090000,22.090000,22.090000,22.090000,0.000000,22.090000
2020-02-21,21.910000,21.910000,21.910000,21.910000,0.000000,21.910000
2020-02-24,21.260000,21.260000,21.260000,21.260000,0.000000,21.260000
2020-02-25,20.820000,20.820000,20.820000,20.820000,0.000000,20.820000
2020-02-26,20.719999,20.719999,20.719999,20.719999,0.000000,20.719999
2020-02-27,20.120001,20.120001,20.120001,20.120001,0.000000,20.120001
2020-02-28,19.809999,19.809999,19.809999,19.809999,0.000000,19.809999
2020-03-02,20.420000,20.420000,20.420000,20.420000,0.000000,20.420000
2020-03-03,20.270000,20.270000,20.270000,20.270000,0.000000,20.270000
2020-03-04,20.840000,20.840000,20.840000,20.840000,0.000000,20.840000
2020-03-05,20.540001,20.540001,20.540001,20.540001,0.000000,20.540001
2020-03-06,19.980000,19.980000,19.980000,19.980000,0.000000,19.980000
2020-03-09,18.790001,18.790001,18.790001,18.790001,0.000000,18.790001
2020-03-10,19.129999,19.129999,19.129999,19.129999,0.000000,19.129999
2020-03-11,18.510000,18.510000,18.510000,18.510000,0.000000,18.510000
2020-03-12,16.730000,16.730000,16.730000,16.730000,0.000000,16.730000
2020-03-13,17.570000,17.570000,17.570000,17.570000,0.000000,17.570000
2020-03-16,15.990000,15.990000,15.990000,15.990000,0.000000,15.990000
2020-03-17,,,,,,
2020-03-18,15.850000,15.850000,15.850000,15.850000,0.000000,15.850000
2020-03-19,16.120001,16.120001,16.120001,16.120001,0.000000,16.120001
2020-03-20,15.950000,15.950000,15.950000,15.950000,0.000000,15.950000
2020-03-23,15.690000,15.690000,15.690000,15.690000,0.000000,15.690000
2020-03-24,16.959999,16.959999,16.959999,16.959999,0.000000,16.959999
2020-03-25,17.420000,17.420000,17.420000,17.420000,0.000000,17.420000
2020-03-26,18.160000,18.160000,18.160000,18.160000,0.000000,18.160000
2020-03-27,17.900000,17.900000,17.900000,17.900000,0.000000,17.900000
2020-03-30,18.299999,18.299999,18.299999,18.299999,0.000000,18.299999
2020-03-31,18.180000,18.180000,18.180000,18.180000,0.000000,18.180000
2020-04-01,17.510000,17.510000,17.510000,17.510000,0.000000,17.510000
2020-04-02,17.600000,17.600000,17.600000,17.600000,0.000000,17.600000
2020-04-03,17.490000,17.490000,17.490000,17.490000,0.000000,17.490000
2020-04-06,18.219999,18.219999,18.219999,18.219999,0.000000,18.219999
2020-04-07,18.330000,18.330000,18.330000,18.330000,0.000000,18.330000
2020-04-08,18.709999,18.709999,18.709999,18.709999,0.000000,18.709999
2020-04-09,19.000000,19.000000,19.000000,19.000000,0.000000,19.000000
2020-04-13,,,,,,
2020-04-14,19.580000,19.580000,19.580000,19.580000,0.000000,19.580000
2020-04-15,19.290001,19.290001,19.290001,19.290001,0.000000,19.290001
2020-04-16,19.379999,19.379999,19.379999,19.379999,0.000000,19.379999
2020-04-17,19.879999,19.879999,19.879999,19.879999,0.000000,19.879999
2020-04-20,19.730000,19.730000,19.730000,19.730000,0.000000,19.730000
2020-04-21,19.160000,19.160000,19.160000,19.160000,0.000000,19.160000
2020-04-22,19.570000,19.570000,19.570000,19.570000,0.000000,19.570000
2020-04-23,19.650000,19.650000,19.650000,19.650000,0.000000,19.650000
2020-04-24,19.719999,19.719999,19.719999,19.719999,0.000000,19.719999
2020-04-27,20.030001,20.030001,20.030001,20.030001,0.000000,20.030001
2020-04-28,20.040001,20.040001,20.040001,20.040001,0.000000,20.040001
2020-04-29,20.330000,20.330000,20.330000,20.330000,0.000000,20.330000
2020-04-30,20.180000,20.180000,20.180000,20.180000,0.000000,20.180000
2020-05-01,19.910000,19.910000,19.910000,19.910000,0.000000,19.910000
2020-05-04,,,,,,
2020-05-05,20.230000,20.230000,20.230000,20.230000,0.000000,20.230000
2020-05-06,20.290001,20.290001,20.290001,20.290001,0.000000,20.290001
2020-05-07,20.500000,20.500000,20.500000,20.500000,0.000000,20.500000
2020-05-08,20.660000,20.660000,20.660000,20.660000,0.000000,20.660000
2020-05-11,20.830000,20.830000,20.830000,20.830000,0.000000,20.830000
2020-05-12,20.690001,20.690001,20.690001,20.690001,0.000000,20.690001
2020-05-13,20.510000,20.510000,20.510000,20.510000,0.000000,20.510000
2020-05-14,20.370001,20.370001,20.370001,20.370001,0.000000,20.370001
2020-05-15,20.580000,20.580000,20.580000,20.580000,0.000000,20.580000
2020-05-18,21.090000,21.090000,21.090000,21.090000,0.000000,21.090000
2020-05-19,21.100000,21.100000,21.100000,21.100000,0.000000,21.100000
2020-05-20,21.450001,21.450001,21.450001,21.450001,0.000000,21.450001
2020-05-21,21.299999,21.299999,21.299999,21.299999,0.000000,21.299999
2020-05-22,21.330000,21.330000,21.330000,21.330000,0.000000,21.330000
2020-05-26,21.570000,21.570000,21.570000,21.570000,0.000000,21.570000
2020-05-27,21.620001,21.620001,21.620001,21.620001,0.000000,21.620001
2020-05-28,21.879999,21.879999,21.879999,21.879999,0.000000,21.879999
2020-05-29,22.100000,22.100000,22.100000,22.100000,0.000000,22.100000
2020-06-01,,,,,,
2020-06-02,22.500000,22.500000,22.500000,22.500000,0.000000,22.500000
2020-06-03,22.830000,22.830000,22.830000,22.830000,0.000000,22.830000
2020-06-04,22.620001,22.620001,22.620001,22.620001,0.000000,22.620001
2020-06-05,22.910000,22.910000,22.910000,22.910000,0.000000,22.910000
2020-06-08,22.959999,22.959999,22.959999,22.959999,0.000000,22.959999
2020-06-09,22.879999,22.879999,22.879999,22.879999,0.000000,22.879999
2020-06-10,23.139999,23.139999,23.139999,23.139999,0.000000,23.139999
2020-06-11,22.190001,22.190001,22.190001,22.190001,0.000000,22.190001
2020-06-12,22.290001,22.290001,22.290001,22.290001,0.000000,22.290001
2020-06-15,22.469999,22.469999,22.469999,22.469999,0.000000,22.469999
2020-06-16,22.930000,22.930000,22.930000,22.930000,0.000000,22.930000
2020-06-17,23.059999,23.059999,23.059999,23.059999,0.000000,23.059999
2020-06-18,22.980000,22.980000,22.980000,22.980000,0.000000,22.980000
2020-06-19,22.990000,22.990000,22.990000,22.990000,0.000000,22.990000
2020-06-22,23.180000,23.180000,23.180000,23.180000,0.000000,23.180000
2020-06-23,23.379999,23.379999,23.379999,23.379999,0.000000,23.379999
2020-06-24,22.860001,22.860001,22.860001,22.860001,0.000000,22.860001
2020-06-25,23.070000,23.070000,23.070000,23.070000,0.000000,23.070000
2020-06-26,22.820000,22.820000,22.820000,22.820000,0.000000,22.820000
2020-06-29,22.940001,22.940001,22.940001,22.940001,0.000000,22.940001
2020-06-30,23.190001,23.190001,23.190001,23.190001,0.000000,23.190001
2020-07-01,23.370001,23.370001,23.370001,23.370001,0.000000,23.370001
2020-07-02,23.570000,23.570000,23.570000,23.570000,0.000000,23.570000
2020-07-06,23.940001,23.940001,23.940001,23.940001,0.000000,23.940001
2020-07-07,23.750000,23.750000,23.750000,23.750000,0.000000,23.750000
2020-07-08,23.990000,23.990000,23.990000,23.990000,0.000000,23.990000
2020-07-09,24.020000,24.020000,24.020000,24.020000,0.000000,24.020000
2020-07-10,24.080000,24.080000,24.080000,24.080000,0.000000,24.080000
2020-07-13,23.910000,23.910000,23.910000,23.910000,0.000000,23.910000
2020-07-14,23.980000,23.980000,23.980000,23.980000,0.000000,23.980000
2020-07-15,24.400000,24.400000,24.400000,24.400000,0.000000,24.400000
2020-07-16,24.190001,24.190001,24.190001,24.190001,0.000000,24.190001
2020-07-17,24.490000,24.490000,24.490000,24.490000,0.000000,24.490000
2020-07-20,24.940001,24.940001,24.940001,24.940001,0.000000,24.940001
2020-07-21,25.080000,25.080000,25.080000,25.080000,0.000000,25.080000
2020-07-22,25.200001,25.200001,25.200001,25.200001,0.000000,25.200001
2020-07-23,25.059999,25.059999,25.059999,25.059999,0.000000,25.059999
2020-07-24,24.900000,24.900000,24.900000,24.900000,0.000000,24.900000
2020-07-27,25.080000,25.080000,25.080000,25.080000,0.000000,25.080000
2020-07-28,25.040001,25.040001,25.040001,25.040001,0.000000,25.040001
2020-07-29,25.340000,25.340000,25.340000,25.340000,0.000000,25.340000
2020-07-30,25.290001,25.290001,25.290001,25.290001,0.000000,25.290001
2020-07-31,25.150000,25.150000,25.150000,25.150000,0.000000,25.150000
2020-08-03,,,,,,
2020-08-04,25.559999,25.559999,25.559999,25.559999,0.000000,25.559999
2020-08-05,25.660000,25.660000,25.660000,25.660000,0.000000,25.660000
2020-08-06,25.680000,25.680000,25.680000,25.680000,0.000000,25.680000
2020-08-07,25.549999,25.549999,25.549999,25.549999,0.000000,25.549999
2020-08-10,25.299999,25.299999,25.299999,25.299999,0.000000,25.299999
2020-08-11,25.250000,25.250000,25.250000,25.250000,0.000000,25.250000
2020-08-12,25.620001,25.620001,25.620001,25.620001,0.000000,25.620001
2020-08-13,25.860001,25.860001,25.860001,25.860001,0.000000,25.860001
2020-08-14,25.629999,25.629999,25.629999,25.629999,0.000000,25.629999
2020-08-17,25.900000,25.900000,25.900000,25.900000,0.000000,25.900000
2020-08-18,25.980000,25.980000,25.980000,25.980000,0.000000,25.980000
2020-08-19,25.780001,25.780001,25.780001,25.780001,0.000000,25.780001
2020-08-20,25.820000,25.820000,25.820000,25.820000,0.000000,25.820000
2020-08-21,25.840000,25.840000,25.840000,25.840000,0.000000,25.840000
2020-08-24,26.010000,26.010000,26.010000,26.010000,0.000000,26.010000
2020-08-25,26.160000,26.160000,26.160000,26.160000,0.000000,26.160000
2020-08-26,26.420000,26.420000,26.420000,26.420000,0.000000,26.420000
2020-08-27,26.370001,26.370001,26.370001,26.370001,0.000000,26.370001
2020-08-28,26.520000,26.520000,26.520000,26.520000,0.000000,26.520000
2020-08-31,26.549999,26.549999,26.549999,26.549999,0.000000,26.549999
2020-09-01,26.910000,26.910000,26.910000,26.910000,0.000000,26.910000
2020-09-02,27.170000,27.170000,27.170000,27.170000,0.000000,27.170000
2020-09-03,26.299999,26.299999,26.299999,26.299999,0.000000,26.299999
2020-09-04,25.830000,25.830000,25.830000,25.830000,0.000000,25.830000
2020-09-08,25.520000,25.520000,25.520000,25.520000,0.000000,25.520000
2020-09-09,26.040001,26.040001,26.040001,26.040001,0.000000,26.040001
2020-09-10,25.760000,25.760000,25.760000,25.760000,0.000000,25.760000
2020-09-11,25.809999,25.809999,25.809999,25.809999,0.000000,25.809999
2020-09-14,26.129999,26.129999,26.129999,26.129999,0.000000,26.129999
2020-09-15,26.459999,26.459999,26.459999,26.459999,0.000000,26.459999
2020-09-16,26.360001,26.360001,26.360001,26.360001,0.000000,26.360001
2020-09-17,26.200001,26.200001,26.200001,26.200001,0.000000,26.200001
2020-09-18,26.230000,26.230000,26.230000,26.230000,0.000000,26.230000
2020-09-21,25.980000,25.980000,25.980000,25.980000,0.000000,25.980000
2020-09-22,26.090000,26.090000,26.090000,26.090000,0.000000,26.090000
2020-09-23,25.840000,25.840000,25.840000,25.840000,0.000000,25.840000
2020-09-24,25.660000,25.660000,25.660000,25.660000,0.000000,25.660000
2020-09-25,25.940001,25.940001,25.940001,25.940001,0.000000,25.940001
2020-09-28,26.309999,26.309999,26.309999,26.309999,0.000000,26.309999
2020-09-29,26.360001,26.360001,26.360001,26.360001,0.000000,26.360001
2020-09-30,26.440001,26.440001,26.440001,26.440001,0.000000,26.440001
2020-10-01,26.750000,26.750000,26.750000,26.750000,0.000000,26.750000
2020-10-02,26.540001,26.540001,26.540001,26.540001,0.000000,26.540001
2020-10-05,26.950001,26.950001,26.950001,26.950001,0.000000,26.950001
2020-10-06,26.709999,26.709999,26.709999,26.709999,0.000000,26.709999
2020-10-07,27.010000,27.010000,27.010000,27.010000,0.000000,27.010000
2020-10-08,27.180000,27.180000,27.180000,27.180000,0.000000,27.180000
2020-10-09,27.430000,27.430000,27.430000,27.430000,0.000000,27.430000
2020-10-12,27.670000,27.670000,27.670000,27.670000,0.000000,27.670000
2020-10-13,27.600000,27.600000,27.600000,27.600000,0.000000,27.600000
2020-10-14,27.500000,27.500000,27.500000,27.500000,0.000000,27.500000
2020-10-15,27.290001,27.290001,27.290001,27.290001,0.000000,27.290001
2020-10-16,27.540001,27.540001,27.540001,27.540001,0.000000,27.540001
2020-10-19,27.320000,27.320000,27.320000,27.320000,0.000000,27.320000
2020-10-20,27.360001,27.360001,27.360001,27.360001,0.000000,27.360001
2020-10-21,27.200001,27.200001,27.200001,27.200001,0.000000,27.200001
2020-10-22,27.139999,27.139999,27.139999,27.139999,0.000000,27.139999
2020-10-23,27.270000,27.270000,27.270000,27.270000,0.000000,27.270000
2020-10-26,,,,,,
2020-10-27,26.930000,26.930000,26.930000,26.930000,0.000000,26.930000
2020-10-28,26.200001,26.200001,26.200001,26.200001,0.000000,26.200001
2020-10-29,26.200001,26.200001,26.200001,26.200001,0.000000,26.200001
2020-10-30,25.809999,25.809999,25.809999,25.809999,0.000000,25.809999
2020-11-02,26.080000,26.080000,26.080000,26.080000,0.000000,26.080000
2020-11-03,26.629999,26.629999,26.629999,26.629999,0.000000,26.629999
2020-11-04,27.360001,27.360001,27.360001,27.360001,0.000000,27.360001
2020-11-05,28.110001,28.110001,28.110001,28.110001,0.000000,28.110001
2020-11-06,28.180000,28.180000,28.180000,28.180000,0.000000,28.180000
2020-11-09,27.780001,27.780001,27.780001,27.780001,0.000000,27.780001
2020-11-10,27.330000,27.330000,27.330000,27.330000,0.000000,27.330000
2020-11-11,27.700001,27.700001,27.700001,27.700001,0.000000,27.700001
2020-11-12,27.730000,27.730000,27.730000,27.730000,0.000000,27.730000
2020-11-13,27.799999,27.799999,27.799999,27.799999,0.000000,27.799999
2020-11-16,27.940001,27.940001,27.940001,27.940001,0.000000,27.940001
2020-11-17,27.700001,27.700001,27.700001,27.700001,0.000000,27.700001
2020-11-18,27.490000,27.490000,27.490000,27.490000,0.000000,27.490000
2020-11-19,27.700001,27.700001,27.700001,27.700001,0.000000,27.700001
2020-11-20,27.820000,27.820000,27.820000,27.820000,0.000000,27.820000
2020-11-23,27.680000,27.680000,27.680000,27.680000,0.000000,27.680000
2020-11-24,27.760000,27.760000,27.760000,27.760000,0.000000,27.760000
2020-11-25,27.750000,27.750000,27.750000,27.750000,0.000000,27.750000
2020-11-27,28.049999,28.049999,28.049999,28.049999,0.000000,28.049999
2020-11-30,28.150000,28.150000,28.150000,28.150000,0.000000,28.150000
2020-12-01,28.150000,28.150000,28.150000,28.150000,0.000000,28.150000
2020-12-02,28.160000,28.160000,28.160000,28.160000,0.000000,28.160000
2020-12-03,28.000000,28.000000,28.000000,28.000000,0.000000,28.000000
2020-12-04,28.170000,28.170000,28.170000,28.170000,0.000000,28.170000
2020-12-07,28.180000,28.180000,28.180000,28.180000,0.000000,28.180000
2020-12-08,28.299999,28.299999,28.299999,28.299999,0.000000,28.299999
2020-12-09,28.090000,28.090000,28.090000,28.090000,0.000000,28.090000
2020-12-10,28.230000,28.230000,28.230000,28.230000,0.000000,28.230000
2020-12-11,28.209999,28.209999,28.209999,28.209999,0.000000,28.209999
2020-12-14,28.250000,28.250000,28.250000,28.250000,0.000000,28.250000
2020-12-15,28.389999,28.389999,28.389999,28.389999,0.000000,28.389999
2020-12-16,28.620001,28.620001,28.620001,28.620001,0.000000,28.620001
2020-12-17,28.940001,28.940001,28.940001,28.940001,0.000000,28.940001
2020-12-18,28.940001,28.940001,28.940001,28.940001,0.000000,28.940001
2020-12-21,28.719999,28.719999,28.719999,28.719999,0.000000,28.719999
2020-12-22,28.760000,28.760000,28.760000,28.760000,0.000000,28.760000
2020-12-23,28.719999,28.719999,28.719999,28.719999,0.000000,28.719999
2020-12-24,28.820000,28.820000,28.820000,28.820000,0.000000,28.820000
2020-12-28,,,,,,
2020-12-29,,,,,,
2020-12-30,29.219999,29.219999,29.219999,29.219999,0.000000,29.219999
2020-12-31,29.200001,29.200001,29.200001,29.200001,0.000000,29.200001
2021-01-04,29.250000,29.250000,29.250000,29.250000,0.000000,29.250000
2021-01-05,29.320000,29.320000,29.320000,29.320000,0.000000,29.320000
2021-01-06,29.320000,29.320000,29.320000,29.320000,0.000000,29.320000
2021-01-07,29.639999,29.639999,29.639999,29.639999,0.000000,29.639999
2021-01-08,30.070000,30.070000,30.070000,30.070000,0.000000,30.070000
2021-01-11,29.780001,29.780001,29.780001,29.780001,0.000000,29.780001
2021-01-12,29.680000,29.680000,29.680000,29.680000,0.000000,29.680000
2021-01-13,29.660000,29.660000,29.660000,29.660000,0.000000,29.660000
2021-01-14,29.530001,29.530001,29.530001,29.530001,0.000000,29.530001
2021-01-15,29.330000,29.330000,29.330000,29.330000,0.000000,29.330000
2021-01-19,29.690001,29.690001,29.690001,29.690001,0.000000,29.690001
2021-01-20,30.070000,30.070000,30.070000,30.070000,0.000000,30.070000
2021-01-21,30.170000,30.170000,30.170000,30.170000,0.000000,30.170000
2021-01-22,30.080000,30.080000,30.080000,30.080000,0.000000,30.080000
2021-01-25,30.129999,30.129999,30.129999,30.129999,0.000000,30.129999
2021-01-26,29.850000,29.850000,29.850000,29.850000,0.000000,29.850000
2021-01-27,28.950001,28.950001,28.950001,28.950001,0.000000,28.950001
2021-01-28,29.129999,29.129999,29.129999,29.129999,0.000000,29.129999
2021-01-29,28.889999,28.889999,28.889999,28.889999,0.000000,28.889999
2021-02-01,29.389999,29.389999,29.389999,29.389999,0.000000,29.389999
2021-02-02,29.780001,29.780001,29.780001,29.780001,0.000000,29.780001
2021-02-03,29.700001,29.700001,29.700001,29.700001,0.000000,29.700001
2021-02-04,29.840000,29.840000,29.840000,29.840000,0.000000,29.840000
2021-02-05,30.230000,30.230000,30.230000,30.230000,0.000000,30.230000
2021-02-08,30.370001,30.370001,30.370001,30.370001,0.000000,30.370001
2021-02-09,30.500000,30.500000,30.500000,30.500000,0.000000,30.500000
2021-02-10,30.530001,30.530001,30.530001,30.530001,0.000000,30.530001
2021-02-11,30.690001,30.690001,30.690001,30.690001,0.000000,30.690001
2021-02-12,30.860001,30.860001,30.860001,30.860001,0.000000,30.860001
2021-02-16,30.879999,30.879999,30.879999,30.879999,0.000000,30.879999
2021-02-17,30.629999,30.629999,30.629999,30.629999,0.000000,30.629999
2021-02-18,30.469999,30.469999,30.469999,30.469999,0.000000,30.469999
2021-02-19,30.340000,30.340000,30.340000,30.340000,0.000000,30.340000
2021-02-22,29.760000,29.760000,29.760000,29.760000,0.000000,29.760000
2021-02-23,29.600000,29.600000,29.600000,29.600000,0.000000,29.600000
2021-02-24,29.480000,29.480000,29.480000,29.480000,0.000000,29.480000
2021-02-25,29.120001,29.120001,29.120001,29.120001,0.000000,29.120001
2021-02-26,28.830000,28.830000,28.830000,28.830000,0.000000,28.830000
2021-03-01,29.440001,29.440001,29.440001,29.440001,0.000000,29.440001
2021-03-02,29.309999,29.309999,29.309999,29.309999,0.000000,29.309999
2021-03-03,28.650000,28.650000,28.650000,28.650000,0.000000,28.650000
2021-03-04,28.080000,28.080000,28.080000,28.080000,0.000000,28.080000
2021-03-05,28.030001,28.030001,28.030001,28.030001,0.000000,28.030001
2021-03-08,27.700001,27.700001,27.700001,27.700001,0.000000,27.700001
2021-03-09,28.330000,28.330000,28.330000,28.330000,0.000000,28.330000
2021-03-10,28.420000,28.420000,28.420000,28.420000,0.000000,28.420000
2021-03-11,28.969999,28.969999,28.969999,28.969999,0.000000,28.969999
2021-03-12,28.809999,28.809999,28.809999,28.809999,0.000000,28.809999
2021-03-15,28.980000,28.980000,28.980000,28.980000,0.000000,28.980000
2021-03-16,29.049999,29.049999,29.049999,29.049999,0.000000,29.049999
2021-03-17,,,,,,
2021-03-18,28.520000,28.520000,28.520000,28.520000,0.000000,28.520000
2021-03-19,28.530001,28.530001,28.530001,28.530001,0.000000,28.530001
2021-03-22,28.660000,28.660000,28.660000,28.660000,0.000000,28.660000
2021-03-23,28.520000,28.520000,28.520000,28.520000,0.000000,28.520000
2021-03-24,28.170000,28.170000,28.170000,28.170000,0.000000,28.170000
2021-03-25,28.270000,28.270000,28.270000,28.270000,0.000000,28.270000
2021-03-26,28.700001,28.700001,28.700001,28.700001,0.000000,28.700001
2021-03-29,28.530001,28.530001,28.530001,28.530001,0.000000,28.530001
2021-03-30,28.440001,28.440001,28.440001,28.440001,0.000000,28.440001
2021-03-31,28.650000,28.650000,28.650000,28.650000,0.000000,28.650000
2021-04-01,29.100000,29.100000,29.100000,29.100000,0.000000,29.100000
2021-04-05,,,,,,
2021-04-06,29.430000,29.430000,29.430000,29.430000,0.000000,29.430000
2021-04-07,29.280001,29.280001,29.280001,29.280001,0.000000,29.280001
2021-04-08,29.740000,29.740000,29.740000,29.740000,0.000000,29.740000
2021-04-09,29.850000,29.850000,29.850000,29.850000,0.000000,29.850000
2021-04-12,29.750000,29.750000,29.750000,29.750000,0.000000,29.750000
2021-04-13,30.030001,30.030001,30.030001,30.030001,0.000000,30.030001
2021-04-14,29.980000,29.980000,29.980000,29.980000,0.000000,29.980000
2021-04-15,30.299999,30.299999,30.299999,30.299999,0.000000,30.299999
2021-04-16,30.350000,30.350000,30.350000,30.350000,0.000000,30.350000
2021-04-19,30.219999,30.219999,30.219999,30.219999,0.000000,30.219999
2021-04-20,29.969999,29.969999,29.969999,29.969999,0.000000,29.969999
2021-04-21,30.110001,30.110001,30.110001,30.110001,0.000000,30.110001
2021-04-22,30.280001,30.280001,30.280001,30.280001,0.000000,30.280001
2021-04-23,30.540001,30.540001,30.540001,30.540001,0.000000,30.540001
2021-04-26,30.580000,30.580000,30.580000,30.580000,0.000000,30.580000
2021-04-27,30.500000,30.500000,30.500000,30.500000,0.000000,30.500000
2021-04-28,30.570000,30.570000,30.570000,30.570000,0.000000,30.570000
2021-04-29,30.610001,30.610001,30.610001,30.610001,0.000000,30.610001
2021-04-30,30.250000,30.250000,30.250000,30.250000,0.000000,30.250000
2021-05-03,,,,,,
2021-05-04,29.809999,29.809999,29.809999,29.809999,0.000000,29.809999
2021-05-05,29.889999,29.889999,29.889999,29.889999,0.000000,29.889999
2021-05-06,30.040001,30.040001,30.040001,30.040001,0.000000,30.040001
2021-05-07,30.410000,30.410000,30.410000,30.410000,0.000000,30.410000
2021-05-10,30.080000,30.080000,30.080000,30.080000,0.000000,30.080000
2021-05-11,29.750000,29.750000,29.750000,29.750000,0.000000,29.750000
2021-05-12,29.170000,29.170000,29.170000,29.170000,0.000000,29.170000
2021-05-13,29.150000,29.150000,29.150000,29.150000,0.000000,29.150000
2021-05-14,29.600000,29.600000,29.600000,29.600000,0.000000,29.600000
2021-05-17,29.520000,29.520000,29.520000,29.520000,0.000000,29.520000
2021-05-18,29.670000,29.670000,29.670000,29.670000,0.000000,29.670000
2021-05-19,29.540001,29.540001,29.540001,29.540001,0.000000,29.540001
2021-05-20,30.059999,30.059999,30.059999,30.059999,0.000000,30.059999
2021-05-21,30.080000,30.080000,30.080000,30.080000,0.000000,30.080000
2021-05-24,30.309999,30.309999,30.309999,30.309999,0.000000,30.309999
2021-05-25,30.420000,30.420000,30.420000,30.420000,0.000000,30.420000
2021-05-26,30.379999,30.379999,30.379999,30.379999,0.000000,30.379999
2021-05-27,30.459999,30.459999,30.459999,30.459999,0.000000,30.459999
2021-05-28,30.719999,30.719999,30.719999,30.719999,0.000000,30.719999
2021-06-01,30.590000,30.590000,30.590000,30.590000,0.000000,30.590000
2021-06-02,30.440001,30.440001,30.440001,30.440001,0.000000,30.440001
2021-06-03,30.219999,30.219999,30.219999,30.219999,0.000000,30.219999
2021-06-04,30.450001,30.450001,30.450001,30.450001,0.000000,30.450001
2021-06-07,,,,,,
2021-06-08,30.500000,30.500000,30.500000,30.500000,0.000000,30.500000
2021-06-09,30.450001,30.450001,30.450001,30.450001,0.000000,30.450001
2021-06-10,30.650000,30.650000,30.650000,30.650000,0.000000,30.650000
2021-06-11,30.860001,30.860001,30.860001,30.860001,0.000000,30.860001
2021-06-14,31.000000,31.000000,31.000000,31.000000,0.000000,31.000000
2021-06-15,30.820000,30.820000,30.820000,30.820000,0.000000,30.820000
2021-06-16,30.730000,30.730000,30.730000,30.730000,0.000000,30.730000
2021-06-17,30.940001,30.940001,30.940001,30.940001,0.000000,30.940001
2021-06-18,30.670000,30.670000,30.670000,30.670000,0.000000,30.670000
2021-06-21,30.799999,30.799999,30.799999,30.799999,0.000000,30.799999
2021-06-22,31.059999,31.059999,31.059999,31.059999,0.000000,31.059999
2021-06-23,30.920000,30.920000,30.920000,30.920000,0.000000,30.920000
2021-06-24,31.110001,31.110001,31.110001,31.110001,0.000000,31.110001
2021-06-25,31.240000,31.240000,31.240000,31.240000,0.000000,31.240000
2021-06-28,31.290001,31.290001,31.290001,31.290001,0.000000,31.290001
2021-06-29,31.360001,31.360001,31.360001,31.360001,0.000000,31.360001
2021-06-30,31.150000,31.150000,31.150000,31.150000,0.000000,31.150000
2021-07-01,31.290001,31.290001,31.290001,31.290001,0.000000,31.290001
2021-07-02,31.459999,31.459999,31.459999,31.459999,0.000000,31.459999
2021-07-06,31.530001,31.530001,31.530001,31.530001,0.000000,31.530001
2021-07-07,31.570000,31.570000,31.570000,31.570000,0.000000,31.570000
2021-07-08,31.120001,31.120001,31.120001,31.120001,0.000000,31.120001
2021-07-09,31.379999,31.379999,31.379999,31.379999,0.000000,31.379999
2021-07-12,31.540001,31.540001,31.540001,31.540001,0.000000,31.540001
2021-07-13,31.500000,31.500000,31.500000,31.500000,0.000000,31.500000
2021-07-14,31.389999,31.389999,31.389999,31.389999,0.000000,31.389999
2021-07-15,31.209999,31.209999,31.209999,31.209999,0.000000,31.209999
2021-07-16,31.080000,31.080000,31.080000,31.080000,0.000000,31.080000
2021-07-19,30.670000,30.670000,30.670000,30.670000,0.000000,30.670000
2021-07-20,31.000000,31.000000,31.000000,31.000000,0.000000,31.000000
2021-07-21,31.240000,31.240000,31.240000,31.240000,0.000000,31.240000
2021-07-22,31.510000,31.510000,31.510000,31.510000,0.000000,31.510000
2021-07-23,31.809999,31.809999,31.809999,31.809999,0.000000,31.809999
2021-07-26,31.620001,31.620001,31.620001,31.620001,0.000000,31.620001
2021-07-27,31.400000,31.400000,31.400000,31.400000,0.000000,31.400000
2021-07-28,31.680000,31.680000,31.680000,31.680000,0.000000,31.680000
2021-07-29,31.969999,31.969999,31.969999,31.969999,0.000000,31.969999
2021-07-30,32.279999,32.279999,32.279999,32.279999,0.000000,32.279999
2021-08-02,,,,,,
2021-08-03,32.549999,32.549999,32.549999,32.549999,0.000000,32.549999
2021-08-04,32.720001,32.720001,32.720001,32.720001,0.000000,32.720001
2021-08-05,32.750000,32.750000,32.750000,32.750000,0.000000,32.750000
2021-08-06,32.639999,32.639999,32.639999,32.639999,0.000000,32.639999
2021-08-09,32.580002,32.580002,32.580002,32.580002,0.000000,32.580002
2021-08-10,32.500000,32.500000,32.500000,32.500000,0.000000,32.500000
2021-08-11,32.650002,32.650002,32.650002,32.650002,0.000000,32.650002
2021-08-12,32.889999,32.889999,32.889999,32.889999,0.000000,32.889999
2021-08-13,33.080002,33.080002,33.080002,33.080002,0.000000,33.080002
2021-08-16,33.049999,33.049999,33.049999,33.049999,0.000000,33.049999
2021-08-17,32.900002,32.900002,32.900002,32.900002,0.000000,32.900002
2021-08-18,32.740002,32.740002,32.740002,32.740002,0.000000,32.740002
2021-08-19,32.650002,32.650002,32.650002,32.650002,0.000000,32.650002
2021-08-20,32.849998,32.849998,32.849998,32.849998,0.000000,32.849998
2021-08-23,33.060001,33.060001,33.060001,33.060001,0.000000,33.060001
2021-08-24,33.200001,33.200001,33.200001,33.200001,0.000000,33.200001
2021-08-25,33.279999,33.279999,33.279999,33.279999,0.000000,33.279999
2021-08-26,33.029999,33.029999,33.029999,33.029999,0.000000,33.029999
2021-08-27,33.349998,33.349998,33.349998,33.349998,0.000000,33.349998
2021-08-30,33.430000,33.430000,33.430000,33.430000,0.000000,33.430000
2021-08-31,33.299999,33.299999,33.299999,33.299999,0.000000,33.299999
2021-09-01,33.439999,33.439999,33.439999,33.439999,0.000000,33.439999
2021-09-02,33.490002,33.490002,33.490002,33.490002,0.000000,33.490002
2021-09-03,33.509998,33.509998,33.509998,33.509998,0.000000,33.509998
2021-09-07,33.419998,33.419998,33.419998,33.419998,0.000000,33.419998
2021-09-08,33.139999,33.139999,33.139999,33.139999,0.000000,33.139999
2021-09-09,33.160000,33.160000,33.160000,33.160000,0.000000,33.160000
2021-09-10,32.990002,32.990002,32.990002,32.990002,0.000000,32.990002
2021-09-13,32.980000,32.980000,32.980000,32.980000,0.000000,32.980000
2021-09-14,33.040001,33.040001,33.040001,33.040001,0.000000,33.040001
2021-09-15,33.009998,33.009998,33.009998,33.009998,0.000000,33.009998
2021-09-16,33.049999,33.049999,33.049999,33.049999,0.000000,33.049999
2021-09-17,32.700001,32.700001,32.700001,32.700001,0.000000,32.700001
2021-09-20,32.220001,32.220001,32.220001,32.220001,0.000000,32.220001
2021-09-21,32.349998,32.349998,32.349998,32.349998,0.000000,32.349998
2021-09-22,32.540001,32.540001,32.540001,32.540001,0.000000,32.540001
2021-09-23,32.919998,32.919998,32.919998,32.919998,0.000000,32.919998
2021-09-24,32.830002,32.830002,32.830002,32.830002,0.000000,32.830002
2021-09-27,32.549999,32.549999,32.549999,32.549999,0.000000,32.549999
2021-09-28,31.760000,31.760000,31.760000,31.760000,0.000000,31.760000
2021-09-29,31.750000,31.750000,31.750000,31.750000,0.000000,31.750000
2021-09-30,31.760000,31.760000,31.760000,31.760000,0.000000,31.760000
2021-10-01,31.809999,31.809999,31.809999,31.809999,0.000000,31.809999
2021-10-04,31.389999,31.389999,31.389999,31.389999,0.000000,31.389999
2021-10-05,31.690001,31.690001,31.690001,31.690001,0.000000,31.690001
2021-10-06,31.750000,31.750000,31.750000,31.750000,0.000000,31.750000
2021-10-07,32.080002,32.080002,32.080002,32.080002,0.000000,32.080002
2021-10-08,31.990000,31.990000,31.990000,31.990000,0.000000,31.990000
2021-10-11,31.730000,31.730000,31.730000,31.730000,0.000000,31.730000
2021-10-12,31.809999,31.809999,31.809999,31.809999,0.000000,31.809999
2021-10-13,32.230000,32.230000,32.230000,32.230000,0.000000,32.230000
2021-10-14,32.639999,32.639999,32.639999,32.639999,0.000000,32.639999
2021-10-15,32.939999,32.939999,32.939999,32.939999,0.000000,32.939999
2021-10-18,33.029999,33.029999,33.029999,33.029999,0.000000,33.029999
2021-10-19,33.279999,33.279999,33.279999,33.279999,0.000000,33.279999
2021-10-20,33.400002,33.400002,33.400002,33.400002,0.000000,33.400002
2021-10-21,33.520000,33.520000,33.520000,33.520000,0.000000,33.520000
2021-10-22,33.549999,33.549999,33.549999,33.549999,0.000000,33.549999
2021-10-25,,,,,,
2021-10-26,33.720001,33.720001,33.720001,33.720001,0.000000,33.720001
2021-10-27,33.470001,33.470001,33.470001,33.470001,0.000000,33.470001
2021-10-28,33.639999,33.639999,33.639999,33.639999,0.000000,33.639999
2021-10-29,33.820000,33.820000,33.820000,33.820000,0.000000,33.820000
2021-11-01,34.040001,34.040001,34.040001,34.040001,0.000000,34.040001
2021-11-02,34.150002,34.150002,34.150002,34.150002,0.000000,34.150002
2021-11-03,34.080002,34.080002,34.080002,34.080002,0.000000,34.080002
2021-11-04,34.299999,34.299999,34.299999,34.299999,0.000000,34.299999
2021-11-05,34.200001,34.200001,34.200001,34.200001,0.000000,34.200001
2021-11-08,34.400002,34.400002,34.400002,34.400002,0.000000,34.400002
2021-11-09,34.459999,34.459999,34.459999,34.459999,0.000000,34.459999
2021-11-10,34.000000,34.000000,34.000000,34.000000,0.000000,34.000000
2021-11-11,34.060001,34.060001,34.060001,34.060001,0.000000,34.060001
2021-11-12,34.400002,34.400002,34.400002,34.400002,0.000000,34.400002
2021-11-15,34.330002,34.330002,34.330002,34.330002,0.000000,34.330002
2021-11-16,34.490002,34.490002,34.490002,34.490002,0.000000,34.490002
2021-11-17,34.520000,34.520000,34.520000,34.520000,0.000000,34.520000
2021-11-18,34.549999,34.549999,34.549999,34.549999,0.000000,34.549999
2021-11-19,34.389999,34.389999,34.389999,34.389999,0.000000,34.389999
2021-11-22,33.849998,33.849998,33.849998,33.849998,0.000000,33.849998
2021-11-23,33.439999,33.439999,33.439999,33.439999,0.000000,33.439999
2021-11-24,33.650002,33.650002,33.650002,33.650002,0.000000,33.650002
2021-11-26,33.180000,33.180000,33.180000,33.180000,0.000000,33.180000
2021-11-29,33.480000,33.480000,33.480000,33.480000,0.000000,33.480000
2021-11-30,32.889999,32.889999,32.889999,32.889999,0.000000,32.889999
2021-12-01,32.580002,32.580002,32.580002,32.580002,0.000000,32.580002
2021-12-02,32.740002,32.740002,32.740002,32.740002,0.000000,32.740002
2021-12-03,32.299999,32.299999,32.299999,32.299999,0.000000,32.299999
2021-12-06,32.439999,32.439999,32.439999,32.439999,0.000000,32.439999
2021-12-07,33.250000,33.250000,33.250000,33.250000,0.000000,33.250000
2021-12-08,33.500000,33.500000,33.500000,33.500000,0.000000,33.500000
2021-12-09,33.160000,33.160000,33.160000,33.160000,0.000000,33.160000
2021-12-10,33.070000,33.070000,33.070000,33.070000,0.000000,33.070000
2021-12-13,32.779999,32.779999,32.779999,32.779999,0.000000,32.779999
2021-12-14,32.290001,32.290001,32.290001,32.290001,0.000000,32.290001
2021-12-15,32.770000,32.770000,32.770000,32.770000,0.000000,32.770000
2021-12-16,32.599998,32.599998,32.599998,32.599998,0.000000,32.599998
2021-12-17,32.209999,32.209999,32.209999,32.209999,0.000000,32.209999
2021-12-20,31.780001,31.780001,31.780001,31.780001,0.000000,31.780001
2021-12-21,32.570000,32.570000,32.570000,32.570000,0.000000,32.570000
2021-12-22,32.860001,32.860001,32.860001,32.860001,0.000000,32.860001
2021-12-23,33.130001,33.130001,33.130001,33.130001,0.000000,33.130001
2021-12-27,,,,,,
2021-12-28,,,,,,
2021-12-29,,,,,,
2021-12-30,33.290001,33.290001,33.290001,33.290001,0.000000,33.290001
2021-12-31,33.230000,33.230000,33.230000,33.230000,0.000000,33.230000
2022-01-03,,,,,,
2022-01-04,32.820000,32.820000,32.820000,32.820000,0.000000,32.820000
2022-01-05,32.110001,32.110001,32.110001,32.110001,0.000000,32.110001
2022-01-06,31.910000,31.910000,31.910000,31.910000,0.000000,31.910000
2022-01-07,31.559999,31.559999,31.559999,31.559999,0.000000,31.559999
2022-01-10,31.270000,31.270000,31.270000,31.270000,0.000000,31.270000
2022-01-11,31.610001,31.610001,31.610001,31.610001,0.000000,31.610001
2022-01-12,31.860001,31.860001,31.860001,31.860001,0.000000,31.860001
2022-01-13,31.280001,31.280001,31.280001,31.280001,0.000000,31.280001
2022-01-14,31.090000,31.090000,31.090000,31.090000,0.000000,31.090000
2022-01-18,30.530001,30.530001,30.530001,30.530001,0.000000,30.530001
2022-01-19,30.379999,30.379999,30.379999,30.379999,0.000000,30.379999
2022-01-20,30.230000,30.230000,30.230000,30.230000,0.000000,30.230000
2022-01-21,29.590000,29.590000,29.590000,29.590000,0.000000,29.590000
2022-01-24,29.270000,29.270000,29.270000,29.270000,0.000000,29.270000
2022-01-25,28.740000,28.740000,28.740000,28.740000,0.000000,28.740000
2022-01-26,28.730000,28.730000,28.730000,28.730000,0.000000,28.730000
2022-01-27,28.450001,28.450001,28.450001,28.450001,0.000000,28.450001
2022-01-28,28.760000,28.760000,28.760000,28.760000,0.000000,28.760000
2022-01-31,29.670000,29.670000,29.670000,29.670000,0.000000,29.670000
2022-02-01,30.080000,30.080000,30.080000,30.080000,0.000000,30.080000
2022-02-02,30.200001,30.200001,30.200001,30.200001,0.000000,30.200001
2022-02-03,29.510000,29.510000,29.510000,29.510000,0.000000,29.510000
2022-02-04,29.770000,29.770000,29.770000,29.770000,0.000000,29.770000
2022-02-07,29.760000,29.760000,29.760000,29.760000,0.000000,29.760000
2022-02-08,29.930000,29.930000,29.930000,29.930000,0.000000,29.930000
2022-02-09,30.700001,30.700001,30.700001,30.700001,0.000000,30.700001
2022-02-10,30.320000,30.320000,30.320000,30.320000,0.000000,30.320000
2022-02-11,29.540001,29.540001,29.540001,29.540001,0.000000,29.540001
2022-02-14,29.270000,29.270000,29.270000,29.270000,0.000000,29.270000
2022-02-15,29.900000,29.900000,29.900000,29.900000,0.000000,29.900000
2022-02-16,29.650000,29.650000,29.650000,29.650000,0.000000,29.650000
2022-02-17,29.049999,29.049999,29.049999,29.049999,0.000000,29.049999
2022-02-18,28.650000,28.650000,28.650000,28.650000,0.000000,28.650000
2022-02-22,28.350000,28.350000,28.350000,28.350000,0.000000,28.350000
2022-02-23,27.750000,27.750000,27.750000,27.750000,0.000000,27.750000
2022-02-24,28.030001,28.030001,28.030001,28.030001,0.000000,28.030001
2022-02-25,28.730000,28.730000,28.730000,28.730000,0.000000,28.730000
2022-02-28,28.670000,28.670000,28.670000,28.670000,0.000000,28.670000
2022-03-01,28.020000,28.020000,28.020000,28.020000,0.000000,28.020000
2022-03-02,28.200001,28.200001,28.200001,28.200001,0.000000,28.200001
2022-03-03,27.680000,27.680000,27.680000,27.680000,0.000000,27.680000
2022-03-04,26.870001,26.870001,26.870001,26.870001,0.000000,26.870001
2022-03-07,26.020000,26.020000,26.020000,26.020000,0.000000,26.020000
2022-03-08,26.030001,26.030001,26.030001,26.030001,0.000000,26.030001
2022-03-09,27.020000,27.020000,27.020000,27.020000,0.000000,27.020000
2022-03-10,26.790001,26.790001,26.790001,26.790001,0.000000,26.790001
2022-03-11,26.500000,26.500000,26.500000,26.500000,0.000000,26.500000
2022-03-14,26.350000,26.350000,26.350000,26.350000,0.000000,26.350000
2022-03-15,26.610001,26.610001,26.610001,26.610001,0.000000,26.610001
2022-03-16,27.799999,27.799999,27.799999,27.799999,0.000000,27.799999
2022-03-17,,,,,,
2022-03-18,,,,,,
2022-03-21,28.459999,28.459999,28.459999,28.459999,0.000000,28.459999
2022-03-22,28.799999,28.799999,28.799999,28.799999,0.000000,28.799999
2022-03-23,28.469999,28.469999,28.469999,28.469999,0.000000,28.469999
2022-03-24,28.730000,28.730000,28.730000,28.730000,0.000000,28.730000
2022-03-25,28.580000,28.580000,28.580000,28.580000,0.000000,28.580000
2022-03-28,28.780001,28.780001,28.780001,28.780001,0.000000,28.780001
2022-03-29,29.459999,29.459999,29.459999,29.459999,0.000000,29.459999
2022-03-30,29.360001,29.360001,29.360001,29.360001,0.000000,29.360001
2022-03-31,28.780001,28.780001,28.780001,28.780001,0.000000,28.780001
2022-04-01,28.910000,28.910000,28.910000,28.910000,0.000000,28.910000
2022-04-04,29.129999,29.129999,29.129999,29.129999,0.000000,29.129999
2022-04-05,28.830000,28.830000,28.830000,28.830000,0.000000,28.830000
2022-04-06,28.180000,28.180000,28.180000,28.180000,0.000000,28.180000
2022-04-07,28.180000,28.180000,28.180000,28.180000,0.000000,28.180000
2022-04-08,28.049999,28.049999,28.049999,28.049999,0.000000,28.049999
2022-04-11,27.700001,27.700001,27.700001,27.700001,0.000000,27.700001
2022-04-12,27.410000,27.410000,27.410000,27.410000,0.000000,27.410000
2022-04-13,27.780001,27.780001,27.780001,27.780001,0.000000,27.780001
2022-04-14,27.379999,27.379999,27.379999,27.379999,0.000000,27.379999
2022-04-18,,,,,,
2022-04-19,27.570000,27.570000,27.570000,27.570000,0.000000,27.570000
2022-04-20,27.370001,27.370001,27.370001,27.370001,0.000000,27.370001
2022-04-21,26.840000,26.840000,26.840000,26.840000,0.000000,26.840000
2022-04-22,26.139999,26.139999,26.139999,26.139999,0.000000,26.139999
2022-04-25,25.910000,25.910000,25.910000,25.910000,0.000000,25.910000
2022-04-26,25.299999,25.299999,25.299999,25.299999,0.000000,25.299999
2022-04-27,25.350000,25.350000,25.350000,25.350000,0.000000,25.350000
2022-04-28,25.750000,25.750000,25.750000,25.750000,0.000000,25.750000
2022-04-29,25.350000,25.350000,25.350000,25.350000,0.000000,25.350000
2022-05-02,,,,,,
2022-05-03,25.450001,25.450001,25.450001,25.450001,0.000000,25.450001
2022-05-04,25.959999,25.959999,25.959999,25.959999,0.000000,25.959999
2022-05-05,25.090000,25.090000,25.090000,25.090000,0.000000,25.090000
2022-05-06,24.520000,24.520000,24.520000,24.520000,0.000000,24.520000
2022-05-09,23.469999,23.469999,23.469999,23.469999,0.000000,23.469999
2022-05-10,23.639999,23.639999,23.639999,23.639999,0.000000,23.639999
2022-05-11,23.420000,23.420000,23.420000,23.420000,0.000000,23.420000
2022-05-12,23.250000,23.250000,23.250000,23.250000,0.000000,23.250000
2022-05-13,24.120001,24.120001,24.120001,24.120001,0.000000,24.120001
2022-05-16,23.900000,23.900000,23.900000,23.900000,0.000000,23.900000
2022-05-17,24.459999,24.459999,24.459999,24.459999,0.000000,24.459999
2022-05-18,23.830000,23.830000,23.830000,23.830000,0.000000,23.830000
2022-05-19,23.910000,23.910000,23.910000,23.910000,0.000000,23.910000
2022-05-20,23.790001,23.790001,23.790001,23.790001,0.000000,23.790001
2022-05-23,24.180000,24.180000,24.180000,24.180000,0.000000,24.180000
2022-05-24,23.740000,23.740000,23.740000,23.740000,0.000000,23.740000
2022-05-25,23.980000,23.980000,23.980000,23.980000,0.000000,23.980000
2022-05-26,24.490000,24.490000,24.490000,24.490000,0.000000,24.490000
2022-05-27,25.250000,25.250000,25.250000,25.250000,0.000000,25.250000
2022-05-31,25.190001,25.190001,25.190001,25.190001,0.000000,25.190001
2022-06-01,24.950001,24.950001,24.950001,24.950001,0.000000,24.950001
2022-06-02,25.750000,25.750000,25.750000,25.750000,0.000000,25.750000
2022-06-03,25.430000,25.430000,25.430000,25.430000,0.000000,25.430000
2022-06-06,,,,,,
2022-06-07,25.680000,25.680000,25.680000,25.680000,0.000000,25.680000
2022-06-08,25.469999,25.469999,25.469999,25.469999,0.000000,25.469999
2022-06-09,24.889999,24.889999,24.889999,24.889999,0.000000,24.889999
2022-06-10,24.100000,24.100000,24.100000,24.100000,0.000000,24.100000
2022-06-13,23.040001,23.040001,23.040001,23.040001,0.000000,23.040001
2022-06-14,22.820000,22.820000,22.820000,22.820000,0.000000,22.820000
2022-06-15,23.200001,23.200001,23.200001,23.200001,0.000000,23.200001
2022-06-16,22.410000,22.410000,22.410000,22.410000,0.000000,22.410000
2022-06-17,22.469999,22.469999,22.469999,22.469999,0.000000,22.469999
2022-06-21,22.920000,22.920000,22.920000,22.920000,0.000000,22.920000
2022-06-22,22.959999,22.959999,22.959999,22.959999,0.000000,22.959999
2022-06-23,23.020000,23.020000,23.020000,23.020000,0.000000,23.020000
2022-06-24,23.820000,23.820000,23.820000,23.820000,0.000000,23.820000
2022-06-27,23.889999,23.889999,23.889999,23.889999,0.000000,23.889999
2022-06-28,23.420000,23.420000,23.420000,23.420000,0.000000,23.420000
2022-06-29,23.120001,23.120001,23.120001,23.120001,0.000000,23.120001
2022-06-30,22.860001,22.860001,22.860001,22.860001,0.000000,22.860001
2022-07-01,22.980000,22.980000,22.980000,22.980000,0.000000,22.980000
2022-07-05,23.139999,23.139999,23.139999,23.139999,0.000000,23.139999
2022-07-06,23.230000,23.230000,23.230000,23.230000,0.000000,23.230000
2022-07-07,23.740000,23.740000,23.740000,23.740000,0.000000,23.740000
2022-07-08,23.840000,23.840000,23.840000,23.840000,0.000000,23.840000
2022-07-11,23.450001,23.450001,23.450001,23.450001,0.000000,23.450001
2022-07-12,23.190001,23.190001,23.190001,23.190001,0.000000,23.190001
2022-07-13,23.120001,23.120001,23.120001,23.120001,0.000000,23.120001
2022-07-14,22.820000,22.820000,22.820000,22.820000,0.000000,22.820000
2022-07-15,23.230000,23.230000,23.230000,23.230000,0.000000,23.230000
2022-07-18,23.299999,23.299999,23.299999,23.299999,0.000000,23.299999
2022-07-19,23.840000,23.840000,23.840000,23.840000,0.000000,23.840000
2022-07-20,24.230000,24.230000,24.230000,24.230000,0.000000,24.230000
2022-07-21,24.540001,24.540001,24.540001,24.540001,0.000000,24.540001
2022-07-22,24.240000,24.240000,24.240000,24.240000,0.000000,24.240000
2022-07-25,24.139999,24.139999,24.139999,24.139999,0.000000,24.139999
2022-07-26,23.690001,23.690001,23.690001,23.690001,0.000000,23.690001
2022-07-27,24.350000,24.350000,24.350000,24.350000,0.000000,24.350000
2022-07-28,24.950001,24.950001,24.950001,24.950001,0.000000,24.950001
2022-07-29,25.250000,25.250000,25.250000,25.250000,0.000000,25.250000
2022-08-01,,,,,,
2022-08-02,25.219999,25.219999,25.219999,25.219999,0.000000,25.219999
2022-08-03,25.490000,25.490000,25.490000,25.490000,0.000000,25.490000
2022-08-04,25.790001,25.790001,25.790001,25.790001,0.000000,25.790001
2022-08-05,25.820000,25.820000,25.820000,25.820000,0.000000,25.820000
2022-08-08,25.830000,25.830000,25.830000,25.830000,0.000000,25.830000
2022-08-09,25.510000,25.510000,25.510000,25.510000,0.000000,25.510000
2022-08-10,26.080000,26.080000,26.080000,26.080000,0.000000,26.080000
2022-08-11,26.200001,26.200001,26.200001,26.200001,0.000000,26.200001
2022-08-12,26.490000,26.490000,26.490000,26.490000,0.000000,26.490000
2022-08-15,26.620001,26.620001,26.620001,26.620001,0.000000,26.620001
2022-08-16,26.670000,26.670000,26.670000,26.670000,0.000000,26.670000
2022-08-17,26.530001,26.530001,26.530001,26.530001,0.000000,26.530001
2022-08-18,26.559999,26.559999,26.559999,26.559999,0.000000,26.559999
2022-08-19,26.110001,26.110001,26.110001,26.110001,0.000000,26.110001
2022-08-22,25.520000,25.520000,25.520000,25.520000,0.000000,25.520000
2022-08-23,25.400000,25.400000,25.400000,25.400000,0.000000,25.400000
2022-08-24,25.520000,25.520000,25.520000,25.520000,0.000000,25.520000
2022-08-25,25.959999,25.959999,25.959999,25.959999,0.000000,25.959999
2022-08-26,25.240000,25.240000,25.240000,25.240000,0.000000,25.240000
2022-08-29,24.910000,24.910000,24.910000,24.910000,0.000000,24.910000
2022-08-30,24.820000,24.820000,24.820000,24.820000,0.000000,24.820000
2022-08-31,24.590000,24.590000,24.590000,24.590000,0.000000,24.590000
2022-09-01,24.170000,24.170000,24.170000,24.170000,0.000000,24.170000
2022-09-02,24.160000,24.160000,24.160000,24.160000,0.000000,24.160000
2022-09-06,24.010000,24.010000,24.010000,24.010000,0.000000,24.010000
2022-09-07,24.370001,24.370001,24.370001,24.370001,0.000000,24.370001
2022-09-08,24.760000,24.760000,24.760000,24.760000,0.000000,24.760000
2022-09-09,25.270000,25.270000,25.270000,25.270000,0.000000,25.270000
2022-09-12,25.520000,25.520000,25.520000,25.520000,0.000000,25.520000
2022-09-13,24.629999,24.629999,24.629999,24.629999,0.000000,24.629999
2022-09-14,24.520000,24.520000,24.520000,24.520000,0.000000,24.520000
2022-09-15,24.280001,24.280001,24.280001,24.280001,0.000000,24.280001
2022-09-16,23.959999,23.959999,23.959999,23.959999,0.000000,23.959999
2022-09-19,23.930000,23.930000,23.930000,23.930000,0.000000,23.930000
2022-09-20,23.629999,23.629999,23.629999,23.629999,0.000000,23.629999
2022-09-21,23.379999,23.379999,23.379999,23.379999,0.000000,23.379999
2022-09-22,22.799999,22.799999,22.799999,22.799999,0.000000,22.799999
2022-09-23,22.370001,22.370001,22.370001,22.370001,0.000000,22.370001
2022-09-26,22.100000,22.100000,22.100000,22.100000,0.000000,22.100000
2022-09-27,22.139999,22.139999,22.139999,22.139999,0.000000,22.139999
2022-09-28,22.540001,22.540001,22.540001,22.540001,0.000000,22.540001
2022-09-29,22.129999,22.129999,22.129999,22.129999,0.000000,22.129999
2022-09-30,22.010000,22.010000,22.010000,22.010000,0.000000,22.010000
2022-10-03,22.500000,22.500000,22.500000,22.500000,0.000000,22.500000
2022-10-04,23.370001,23.370001,23.370001,23.370001,0.000000,23.370001
2022-10-05,23.330000,23.330000,23.330000,23.330000,0.000000,23.330000
2022-10-06,23.180000,23.180000,23.180000,23.180000,0.000000,23.180000
2022-10-07,22.459999,22.459999,22.459999,22.459999,0.000000,22.459999
2022-10-10,22.110001,22.110001,22.110001,22.110001,0.000000,22.110001
2022-10-11,21.860001,21.860001,21.860001,21.860001,0.000000,21.860001
2022-10-12,21.770000,21.770000,21.770000,21.770000,0.000000,21.770000
2022-10-13,21.940001,21.940001,21.940001,21.940001,0.000000,21.940001
2022-10-14,21.530001,21.530001,21.530001,21.530001,0.000000,21.530001
2022-10-17,22.100000,22.100000,22.100000,22.100000,0.000000,22.100000
2022-10-18,22.290001,22.290001,22.290001,22.290001,0.000000,22.290001
2022-10-19,21.920000,21.920000,21.920000,21.920000,0.000000,21.920000
2022-10-20,21.700001,21.700001,21.700001,21.700001,0.000000,21.700001
2022-10-21,21.900000,21.900000,21.900000,21.900000,0.000000,21.900000
2022-10-24,22.040001,22.040001,22.040001,22.040001,0.000000,22.040001
2022-10-25,22.650000,22.650000,22.650000,22.650000,0.000000,22.650000
2022-10-26,22.610001,22.610001,22.610001,22.610001,0.000000,22.610001
2022-10-27,22.530001,22.530001,22.530001,22.530001,0.000000,22.530001
2022-10-28,22.870001,22.870001,22.870001,22.870001,0.000000,22.870001
2022-10-31,,,,,,
2022-11-01,22.629999,22.629999,22.629999,22.629999,0.000000,22.629999
2022-11-02,22.150000,22.150000,22.150000,22.150000,0.000000,22.150000
2022-11-03,21.959999,21.959999,21.959999,21.959999,0.000000,21.959999
2022-11-04,22.200001,22.200001,22.200001,22.200001,0.000000,22.200001
2022-11-07,22.410000,22.410000,22.410000,22.410000,0.000000,22.410000
2022-11-08,22.680000,22.680000,22.680000,22.680000,0.000000,22.680000
2022-11-09,22.360001,22.360001,22.360001,22.360001,0.000000,22.360001
2022-11-10,23.660000,23.660000,23.660000,23.660000,0.000000,23.660000
2022-11-11,24.280001,24.280001,24.280001,24.280001,0.000000,24.280001
2022-11-14,24.080000,24.080000,24.080000,24.080000,0.000000,24.080000
2022-11-15,24.440001,24.440001,24.440001,24.440001,0.000000,24.440001
2022-11-16,24.180000,24.180000,24.180000,24.180000,0.000000,24.180000
2022-11-17,23.860001,23.860001,23.860001,23.860001,0.000000,23.860001
2022-11-18,23.930000,23.930000,23.930000,23.930000,0.000000,23.930000
2022-11-21,23.750000,23.750000,23.750000,23.750000,0.000000,23.750000
2022-11-22,23.969999,23.969999,23.969999,23.969999,0.000000,23.969999
2022-11-23,24.290001,24.290001,24.290001,24.290001,0.000000,24.290001
2022-11-25,24.240000,24.240000,24.240000,24.240000,0.000000,24.240000
2022-11-28,24.000000,24.000000,24.000000,24.000000,0.000000,24.000000
2022-11-29,23.920000,23.920000,23.920000,23.920000,0.000000,23.920000
2022-11-30,24.639999,24.639999,24.639999,24.639999,0.000000,24.639999
2022-12-01,25.000000,25.000000,25.000000,25.000000,0.000000,25.000000
2022-12-02,24.799999,24.799999,24.799999,24.799999,0.000000,24.799999
2022-12-05,24.459999,24.459999,24.459999,24.459999,0.000000,24.459999
2022-12-06,24.080000,24.080000,24.080000,24.080000,0.000000,24.080000
2022-12-07,23.910000,23.910000,23.910000,23.910000,0.000000,23.910000
2022-12-08,24.129999,24.129999,24.129999,24.129999,0.000000,24.129999
2022-12-09,24.049999,24.049999,24.049999,24.049999,0.000000,24.049999
2022-12-12,24.219999,24.219999,24.219999,24.219999,0.000000,24.219999
2022-12-13,24.480000,24.480000,24.480000,24.480000,0.000000,24.480000
2022-12-14,24.480000,24.480000,24.480000,24.480000,0.000000,24.480000
2022-12-15,23.809999,23.809999,23.809999,23.809999,0.000000,23.809999
2022-12-16,23.490000,23.490000,23.490000,23.490000,0.000000,23.490000
2022-12-19,23.240000,23.240000,23.240000,23.240000,0.000000,23.240000
2022-12-20,23.230000,23.230000,23.230000,23.230000,0.000000,23.230000
2022-12-21,23.459999,23.459999,23.459999,23.459999,0.000000,23.459999
2022-12-22,23.160000,23.160000,23.160000,23.160000,0.000000,23.160000
2022-12-23,23.190001,23.190001,23.190001,23.190001,0.000000,23.190001
2022-12-27,,,,,,
2022-12-28,,,,,,
2022-12-29,23.360001,23.360001,23.360001,23.360001,0.000000,23.360001
2022-12-30,23.250000,23.250000,23.250000,23.250000,0.000000,23.250000
2023-01-03,23.250000,23.250000,23.250000,23.250000,0.000000,23.250000
2023-01-04,23.450001,23.450001,23.450001,23.450001,0.000000,23.450001
2023-01-05,23.120001,23.120001,23.120001,23.120001,0.000000,23.120001
2023-01-06,23.450001,23.450001,23.450001,23.450001,0.000000,23.450001
2023-01-09,23.709999,23.709999,23.709999,23.709999,0.000000,23.709999
2023-01-10,23.830000,23.830000,23.830000,23.830000,0.000000,23.830000
2023-01-11,24.090000,24.090000,24.090000,24.090000,0.000000,24.090000
2023-01-12,24.320000,24.320000,24.320000,24.320000,0.000000,24.320000
2023-01-13,24.440001,24.440001,24.440001,24.440001,0.000000,24.440001
2023-01-17,24.540001,24.540001,24.540001,24.540001,0.000000,24.540001
2023-01-18,24.469999,24.469999,24.469999,24.469999,0.000000,24.469999
2023-01-19,24.030001,24.030001,24.030001,24.030001,0.000000,24.030001
2023-01-20,24.360001,24.360001,24.360001,24.360001,0.000000,24.360001
2023-01-23,24.750000,24.750000,24.750000,24.750000,0.000000,24.750000
2023-01-24,24.650000,24.650000,24.650000,24.650000,0.000000,24.650000
2023-01-25,24.629999,24.629999,24.629999,24.629999,0.000000,24.629999
2023-01-26,24.799999,24.799999,24.799999,24.799999,0.000000,24.799999
2023-01-27,24.940001,24.940001,24.940001,24.940001,0.000000,24.940001
2023-01-30,24.740000,24.740000,24.740000,24.740000,0.000000,24.740000
2023-01-31,24.920000,24.920000,24.920000,24.920000,0.000000,24.920000
2023-02-01,25.469999,25.469999,25.469999,25.469999,0.000000,25.469999
2023-02-02,25.930000,25.930000,25.930000,25.930000,0.000000,25.930000
2023-02-03,25.719999,25.719999,25.719999,25.719999,0.000000,25.719999
2023-02-06,,,,,,
2023-02-07,25.770000,25.770000,25.770000,25.770000,0.000000,25.770000
2023-02-08,25.500000,25.500000,25.500000,25.500000,0.000000,25.500000
2023-02-09,25.420000,25.420000,25.420000,25.420000,0.000000,25.420000
2023-02-10,25.200001,25.200001,25.200001,25.200001,0.000000,25.200001
2023-02-13,25.469999,25.469999,25.469999,25.469999,0.000000,25.469999
2023-02-14,25.709999,25.709999,25.709999,25.709999,0.000000,25.709999
2023-02-15,25.830000,25.830000,25.830000,25.830000,0.000000,25.830000
2023-02-16,25.510000,25.510000,25.510000,25.510000,0.000000,25.510000
2023-02-17,25.290001,25.290001,25.290001,25.290001,0.000000,25.290001
2023-02-21,24.930000,24.930000,24.930000,24.930000,0.000000,24.930000
2023-02-22,24.799999,24.799999,24.799999,24.799999,0.000000,24.799999
2023-02-23,24.650000,24.650000,24.650000,24.650000,0.000000,24.650000
2023-02-24,24.370001,24.370001,24.370001,24.370001,0.000000,24.370001
2023-02-27,24.520000,24.520000,24.520000,24.520000,0.000000,24.520000
2023-02-28,24.440001,24.440001,24.440001,24.440001,0.000000,24.440001
2023-03-01,24.400000,24.400000,24.400000,24.400000,0.000000,24.400000
2023-03-02,24.540001,24.540001,24.540001,24.540001,0.000000,24.540001
2023-03-03,24.950001,24.950001,24.950001,24.950001,0.000000,24.950001
2023-03-06,24.959999,24.959999,24.959999,24.959999,0.000000,24.959999
2023-03-07,24.670000,24.670000,24.670000,24.670000,0.000000,24.670000
2023-03-08,24.700001,24.700001,24.700001,24.700001,0.000000,24.700001
2023-03-09,24.330000,24.330000,24.330000,24.330000,0.000000,24.330000
2023-03-10,23.760000,23.760000,23.760000,23.760000,0.000000,23.760000
2023-03-13,23.700001,23.700001,23.700001,23.700001,0.000000,23.700001
2023-03-14,24.030001,24.030001,24.030001,24.030001,0.000000,24.030001
2023-03-15,23.690001,23.690001,23.690001,23.690001,0.000000,23.690001
2023-03-16,24.180000,24.180000,24.180000,24.180000,0.000000,24.180000
2023-03-17,,,,,,
2023-03-20,24.139999,24.139999,24.139999,24.139999,0.000000,24.139999
2023-03-21,24.520000,24.520000,24.520000,24.520000,0.000000,24.520000
2023-03-22,24.400000,24.400000,24.400000,24.400000,0.000000,24.400000
2023-03-23,24.549999,24.549999,24.549999,24.549999,0.000000,24.549999
2023-03-24,24.440001,24.440001,24.440001,24.440001,0.000000,24.440001
2023-03-27,24.530001,24.530001,24.530001,24.530001,0.000000,24.530001
2023-03-28,24.459999,24.459999,24.459999,24.459999,0.000000,24.459999
2023-03-29,24.820000,24.820000,24.820000,24.820000,0.000000,24.820000
2023-03-30,25.059999,25.059999,25.059999,25.059999,0.000000,25.059999
2023-03-31,25.320000,25.320000,25.320000,25.320000,0.000000,25.320000
2023-04-03,25.230000,25.230000,25.230000,25.230000,0.000000,25.230000
2023-04-04,25.190001,25.190001,25.190001,25.190001,0.000000,25.190001
2023-04-05,24.950001,24.950001,24.950001,24.950001,0.000000,24.950001
2023-04-06,24.900000,24.900000,24.900000,24.900000,0.000000,24.900000
2023-04-10,,,,,,
2023-04-11,25.020000,25.020000,25.020000,25.020000,0.000000,25.020000
2023-04-12,25.010000,25.010000,25.010000,25.010000,0.000000,25.010000
2023-04-13,25.309999,25.309999,25.309999,25.309999,0.000000,25.309999
2023-04-14,25.280001,25.280001,25.280001,25.280001,0.000000,25.280001
2023-04-17,25.250000,25.250000,25.250000,25.250000,0.000000,25.250000
2023-04-18,25.340000,25.340000,25.340000,25.340000,0.000000,25.340000
2023-04-19,25.230000,25.230000,25.230000,25.230000,0.000000,25.230000
2023-04-20,25.150000,25.150000,25.150000,25.150000,0.000000,25.150000
2023-04-21,25.180000,25.180000,25.180000,25.180000,0.000000,25.180000
2023-04-24,25.180000,25.180000,25.180000,25.180000,0.000000,25.180000
2023-04-25,24.639999,24.639999,24.639999,24.639999,0.000000,24.639999
2023-04-26,24.629999,24.629999,24.629999,24.629999,0.000000,24.629999
2023-04-27,24.900000,24.900000,24.900000,24.900000,0.000000,24.900000
2023-04-28,25.110001,25.110001,25.110001,25.110001,0.000000,25.110001
2023-05-01,,,,,,
2023-05-02,25.030001,25.030001,25.030001,25.030001,0.000000,25.030001
2023-05-03,24.930000,24.930000,24.930000,24.930000,0.000000,24.930000
2023-05-04,24.910000,24.910000,24.910000,24.910000,0.000000,24.910000
2023-05-05,25.049999,25.049999,25.049999,25.049999,0.000000,25.049999
2023-05-08,25.320000,25.320000,25.320000,25.320000,0.000000,25.320000
2023-05-09,25.180000,25.180000,25.180000,25.180000,0.000000,25.180000
2023-05-10,25.309999,25.309999,25.309999,25.309999,0.000000,25.309999
2023-05-11,25.219999,25.219999,25.219999,25.219999,0.000000,25.219999
2023-05-12,25.219999,25.219999,25.219999,25.219999,0.000000,25.219999
2023-05-15,25.459999,25.459999,25.459999,25.459999,0.000000,25.459999
2023-05-16,25.350000,25.350000,25.350000,25.350000,0.000000,25.350000
2023-05-17,25.389999,25.389999,25.389999,25.389999,0.000000,25.389999
2023-05-18,25.660000,25.660000,25.660000,25.660000,0.000000,25.660000
2023-05-19,25.680000,25.680000,25.680000,25.680000,0.000000,25.680000
2023-05-22,25.870001,25.870001,25.870001,25.870001,0.000000,25.870001
2023-05-23,25.549999,25.549999,25.549999,25.549999,0.000000,25.549999
2023-05-24,25.230000,25.230000,25.230000,25.230000,0.000000,25.230000
2023-05-25,25.389999,25.389999,25.389999,25.389999,0.000000,25.389999
2023-05-26,25.830000,25.830000,25.830000,25.830000,0.000000,25.830000
2023-05-30,25.629999,25.629999,25.629999,25.629999,0.000000,25.629999
2023-05-31,25.580000,25.580000,25.580000,25.580000,0.000000,25.580000
2023-06-01,26.059999,26.059999,26.059999,26.059999,0.000000,26.059999
2023-06-02,26.299999,26.299999,26.299999,26.299999,0.000000,26.299999
2023-06-05,,,,,,
2023-06-06,26.500000,26.500000,26.500000,26.500000,0.000000,26.500000
2023-06-07,26.170000,26.170000,26.170000,26.170000,0.000000,26.170000
2023-06-08,26.290001,26.290001,26.290001,26.290001,0.000000,26.290001
2023-06-09,26.309999,26.309999,26.309999,26.309999,0.000000,26.309999
2023-06-12,26.610001,26.610001,26.610001,26.610001,0.000000,26.610001
2023-06-13,26.840000,26.840000,26.840000,26.840000,0.000000,26.840000
2023-06-14,26.980000,26.980000,26.980000,26.980000,0.000000,26.980000
2023-06-15,27.240000,27.240000,27.240000,27.240000,0.000000,27.240000
2023-06-16,27.100000,27.100000,27.100000,27.100000,0.000000,27.100000
2023-06-20,26.799999,26.799999,26.799999,26.799999,0.000000,26.799999
2023-06-21,26.629999,26.629999,26.629999,26.629999,0.000000,26.629999
2023-06-22,26.570000,26.570000,26.570000,26.570000,0.000000,26.570000
2023-06-23,26.340000,26.340000,26.340000,26.340000,0.000000,26.340000
2023-06-26,26.209999,26.209999,26.209999,26.209999,0.000000,26.209999
2023-06-27,26.410000,26.410000,26.410000,26.410000,0.000000,26.410000
2023-06-28,26.510000,26.510000,26.510000,26.510000,0.000000,26.510000
2023-06-29,26.420000,26.420000,26.420000,26.420000,0.000000,26.420000
2023-06-30,26.790001,26.790001,26.790001,26.790001,0.000000,26.790001
2023-07-03,26.709999,26.709999,26.709999,26.709999,0.000000,26.709999
2023-07-05,26.620001,26.620001,26.620001,26.620001,0.000000,26.620001
2023-07-06,26.230000,26.230000,26.230000,26.230000,0.000000,26.230000
2023-07-07,26.190001,26.190001,26.190001,26.190001,0.000000,26.190001
2023-07-10,26.410000,26.410000,26.410000,26.410000,0.000000,26.410000
2023-07-11,26.530001,26.530001,26.530001,26.530001,0.000000,26.530001
2023-07-12,26.840000,26.840000,26.840000,26.840000,0.000000,26.840000
2023-07-13,27.150000,27.150000,27.150000,27.150000,0.000000,27.150000
2023-07-14,27.180000,27.180000,27.180000,27.180000,0.000000,27.180000
2023-07-17,27.379999,27.379999,27.379999,27.379999,0.000000,27.379999
2023-07-18,27.580000,27.580000,27.580000,27.580000,0.000000,27.580000
2023-07-19,27.510000,27.510000,27.510000,27.510000,0.000000,27.510000
2023-07-20,27.170000,27.170000,27.170000,27.170000,0.000000,27.170000
2023-07-21,27.120001,27.120001,27.120001,27.120001,0.000000,27.120001
2023-07-24,26.950001,26.950001,26.950001,26.950001,0.000000,26.950001
2023-07-25,27.160000,27.160000,27.160000,27.160000,0.000000,27.160000
2023-07-26,27.070000,27.070000,27.070000,27.070000,0.000000,27.070000
2023-07-27,26.799999,26.799999,26.799999,26.799999,0.000000,26.799999
2023-07-28,27.030001,27.030001,27.030001,27.030001,0.000000,27.030001
2023-07-31,27.190001,27.190001,27.190001,27.190001,0.000000,27.190001
2023-08-01,27.209999,27.209999,27.209999,27.209999,0.000000,27.209999
2023-08-02,26.709999,26.709999,26.709999,26.709999,0.000000,26.709999
2023-08-03,26.629999,26.629999,26.629999,26.629999,0.000000,26.629999
2023-08-04,26.820000,26.820000,26.820000,26.820000,0.000000,26.820000
2023-08-07,,,,,,
2023-08-08,26.950001,26.950001,26.950001,26.950001,0.000000,26.950001
2023-08-09,26.719999,26.719999,26.719999,26.719999,0.000000,26.719999
2023-08-10,26.639999,26.639999,26.639999,26.639999,0.000000,26.639999
2023-08-11,26.520000,26.520000,26.520000,26.520000,0.000000,26.520000
2023-08-14,26.639999,26.639999,26.639999,26.639999,0.000000,26.639999
2023-08-15,26.430000,26.430000,26.430000,26.430000,0.000000,26.430000
2023-08-16,26.219999,26.219999,26.219999,26.219999,0.000000,26.219999
2023-08-17,25.780001,25.780001,25.780001,25.780001,0.000000,25.780001
2023-08-18,25.650000,25.650000,25.650000,25.650000,0.000000,25.650000
2023-08-21,25.750000,25.750000,25.750000,25.750000,0.000000,25.750000
2023-08-22,25.840000,25.840000,25.840000,25.840000,0.000000,25.840000
2023-08-23,26.129999,26.129999,26.129999,26.129999,0.000000,26.129999
2023-08-24,25.730000,25.730000,25.730000,25.730000,0.000000,25.730000
2023-08-25,25.870001,25.870001,25.870001,25.870001,0.000000,25.870001
2023-08-28,26.110001,26.110001,26.110001,26.110001,0.000000,26.110001
2023-08-29,26.530001,26.530001,26.530001,26.530001,0.000000,26.530001
2023-08-30,26.590000,26.590000,26.590000,26.590000,0.000000,26.590000
2023-08-31,26.690001,26.690001,26.690001,26.690001,0.000000,26.690001
2023-09-01,26.930000,26.930000,26.930000,26.930000,0.000000,26.930000
2023-09-05,26.959999,26.959999,26.959999,26.959999,0.000000,26.959999
2023-09-06,26.879999,26.879999,26.879999,26.879999,0.000000,26.879999
2023-09-07,26.830000,26.830000,26.830000,26.830000,0.000000,26.830000
2023-09-08,26.719999,26.719999,26.719999,26.719999,0.000000,26.719999
2023-09-11,26.940001,26.940001,26.940001,26.940001,0.000000,26.940001
2023-09-12,26.709999,26.709999,26.709999,26.709999,0.000000,26.709999
2023-09-13,26.610001,26.610001,26.610001,26.610001,0.000000,26.610001
2023-09-14,26.650000,26.650000,26.650000,26.650000,0.000000,26.650000
2023-09-15,26.410000,26.410000,26.410000,26.410000,0.000000,26.410000
2023-09-18,26.230000,26.230000,26.230000,26.230000,0.000000,26.230000
2023-09-19,26.180000,26.180000,26.180000,26.180000,0.000000,26.180000
2023-09-20,26.070000,26.070000,26.070000,26.070000,0.000000,26.070000
2023-09-21,25.469999,25.469999,25.469999,25.469999,0.000000,25.469999
2023-09-22,25.530001,25.530001,25.530001,25.530001,0.000000,25.530001
2023-09-25,25.549999,25.549999,25.549999,25.549999,0.000000,25.549999
2023-09-26,25.139999,25.139999,25.139999,25.139999,0.000000,25.139999
2023-09-27,25.150000,25.150000,25.150000,25.150000,0.000000,25.150000
2023-09-28,25.290001,25.290001,25.290001,25.290001,0.000000,25.290001
2023-09-29,25.340000,25.340000,25.340000,25.340000,0.000000,25.340000
2023-10-02,25.170000,25.170000,25.170000,25.170000,0.000000,25.170000
2023-10-03,24.719999,24.719999,24.719999,24.719999,0.000000,24.719999
2023-10-04,24.889999,24.889999,24.889999,24.889999,0.000000,24.889999
2023-10-05,24.850000,24.850000,24.850000,24.850000,0.000000,24.850000
2023-10-06,25.330000,25.330000,25.330000,25.330000,0.000000,25.330000
2023-10-09,25.400000,25.400000,25.400000,25.400000,0.000000,25.400000
2023-10-10,25.740000,25.740000,25.740000,25.740000,0.000000,25.740000
2023-10-11,25.790001,25.790001,25.790001,25.790001,0.000000,25.790001
2023-10-12,25.610001,25.610001,25.610001,25.610001,0.000000,25.610001
2023-10-13,25.400000,25.400000,25.400000,25.400000,0.000000,25.400000
2023-10-16,25.580000,25.580000,25.580000,25.580000,0.000000,25.580000
2023-10-17,25.450001,25.450001,25.450001,25.450001,0.000000,25.450001
2023-10-18,24.980000,24.980000,24.980000,24.980000,0.000000,24.980000
2023-10-19,24.879999,24.879999,24.879999,24.879999,0.000000,24.879999
2023-10-20,24.590000,24.590000,24.590000,24.590000,0.000000,24.590000
2023-10-23,24.510000,24.510000,24.510000,24.510000,0.000000,24.510000
2023-10-24,24.730000,24.730000,24.730000,24.730000,0.000000,24.730000
2023-10-25,24.290001,24.290001,24.290001,24.290001,0.000000,24.290001
2023-10-26,24.020000,24.020000,24.020000,24.020000,0.000000,24.020000
2023-10-27,24.000000,24.000000,24.000000,24.000000,0.000000,24.000000
2023-10-30,,,,,,
2023-10-31,24.320000,24.320000,24.320000,24.320000,0.000000,24.320000
2023-11-01,24.650000,24.650000,24.650000,24.650000,0.000000,24.650000
2023-11-02,25.049999,25.049999,25.049999,25.049999,0.000000,25.049999
2023-11-03,25.379999,25.379999,25.379999,25.379999,0.000000,25.379999
2023-11-06,25.430000,25.430000,25.430000,25.430000,0.000000,25.430000
2023-11-07,25.480000,25.480000,25.480000,25.480000,0.000000,25.480000
2023-11-08,25.520000,25.520000,25.520000,25.520000,0.000000,25.520000
2023-11-09,25.120001,25.120001,25.120001,25.120001,0.000000,25.120001
2023-11-10,25.340000,25.340000,25.340000,25.340000,0.000000,25.340000
2023-11-13,25.430000,25.430000,25.430000,25.430000,0.000000,25.430000
2023-11-14,26.020000,26.020000,26.020000,26.020000,0.000000,26.020000
2023-11-15,26.160000,26.160000,26.160000,26.160000,0.000000,26.160000
2023-11-16,26.209999,26.209999,26.209999,26.209999,0.000000,26.209999
2023-11-17,26.360001,26.360001,26.360001,26.360001,0.000000,26.360001
2023-11-20,26.590000,26.590000,26.590000,26.590000,0.000000,26.590000
2023-11-21,26.540001,26.540001,26.540001,26.540001,0.000000,26.540001
2023-11-22,26.639999,26.639999,26.639999,26.639999,0.000000,26.639999
2023-11-24,26.690001,26.690001,26.690001,26.690001,0.000000,26.690001
2023-11-27,26.660000,26.660000,26.660000,26.660000,0.000000,26.660000
2023-11-28,26.559999,26.559999,26.559999,26.559999,0.000000,26.559999
2023-11-29,26.770000,26.770000,26.770000,26.770000,0.000000,26.770000
2023-11-30,26.780001,26.780001,26.780001,26.780001,0.000000,26.780001
2023-12-01,26.969999,26.969999,26.969999,26.969999,0.000000,26.969999
2023-12-04,26.750000,26.750000,26.750000,26.750000,0.000000,26.750000
2023-12-05,26.629999,26.629999,26.629999,26.629999,0.000000,26.629999
2023-12-06,26.590000,26.590000,26.590000,26.590000,0.000000,26.590000
2023-12-07,26.790001,26.790001,26.790001,26.790001,0.000000,26.790001
2023-12-08,26.900000,26.900000,26.900000,26.900000,0.000000,26.900000
2023-12-11,27.180000,27.180000,27.180000,27.180000,0.000000,27.180000
2023-12-12,27.379999,27.379999,27.379999,27.379999,0.000000,27.379999
2023-12-13,27.790001,27.790001,27.790001,27.790001,0.000000,27.790001
2023-12-14,28.040001,28.040001,28.040001,28.040001,0.000000,28.040001
2023-12-15,28.070000,28.070000,28.070000,28.070000,0.000000,28.070000
2023-12-18,28.209999,28.209999,28.209999,28.209999,0.000000,28.209999
2023-12-19,28.410000,28.410000,28.410000,28.410000,0.000000,28.410000
2023-12-20,28.000000,28.000000,28.000000,28.000000,0.000000,28.000000
2023-12-21,28.309999,28.309999,28.309999,28.309999,0.000000,28.309999
2023-12-22,28.320000,28.320000,28.320000,28.320000,0.000000,28.320000
2023-12-26,,,,,,
2023-12-27,,,,,,
2023-12-28,28.690001,28.690001,28.690001,28.690001,0.000000,28.690001
2023-12-29,28.620001,28.620001,28.620001,28.620001,0.000000,28.620001
2024-01-02,28.129999,28.129999,28.129999,28.129999,0.000000,28.129999
2024-01-03,27.770000,27.770000,27.770000,27.770000,0.000000,27.770000
2024-01-04,27.790001,27.790001,27.790001,27.790001,0.000000,27.790001
2024-01-05,27.799999,27.799999,27.799999,27.799999,0.000000,27.799999
2024-01-08,28.280001,28.280001,28.280001,28.280001,0.000000,28.280001
2024-01-09,28.370001,28.370001,28.370001,28.370001,0.000000,28.370001
2024-01-10,28.549999,28.549999,28.549999,28.549999,0.000000,28.549999
2024-01-11,28.610001,28.610001,28.610001,28.610001,0.000000,28.610001
2024-01-12,28.600000,28.600000,28.600000,28.600000,0.000000,28.600000
2024-01-16,28.570000,28.570000,28.570000,28.570000,0.000000,28.570000
2024-01-17,28.379999,28.379999,28.379999,28.379999,0.000000,28.379999
2024-01-18,28.600000,28.600000,28.600000,28.600000,0.000000,28.600000
2024-01-19,28.910000,28.910000,28.910000,28.910000,0.000000,28.910000
2024-01-22,28.930000,28.930000,28.930000,28.930000,0.000000,28.930000
2024-01-23,29.040001,29.040001,29.040001,29.040001,0.000000,29.040001
2024-01-24,29.219999,29.219999,29.219999,29.219999,0.000000,29.219999
2024-01-25,29.400000,29.400000,29.400000,29.400000,0.000000,29.400000
2024-01-26,29.549999,29.549999,29.549999,29.549999,0.000000,29.549999
2024-01-29,29.850000,29.850000,29.850000,29.850000,0.000000,29.850000
2024-01-30,29.700001,29.700001,29.700001,29.700001,0.000000,29.700001
2024-01-31,29.330000,29.330000,29.330000,29.330000,0.000000,29.330000
2024-02-01,29.660000,29.660000,29.660000,29.660000,0.000000,29.660000
2024-02-02,29.660000,29.660000,29.660000,29.660000,0.000000,29.660000
2024-02-05,,,,,,
2024-02-06,29.629999,29.629999,29.629999,29.629999,0.000000,29.629999
2024-02-07,29.990000,29.990000,29.990000,29.990000,0.000000,29.990000
2024-02-08,29.969999,29.969999,29.969999,29.969999,0.000000,29.969999
2024-02-09,30.190001,30.190001,30.190001,30.190001,0.000000,30.190001
2024-02-12,30.059999,30.059999,30.059999,30.059999,0.000000,30.059999
2024-02-13,29.639999,29.639999,29.639999,29.639999,0.000000,29.639999
2024-02-14,30.139999,30.139999,30.139999,30.139999,0.000000,30.139999
2024-02-15,30.219999,30.219999,30.219999,30.219999,0.000000,30.219999
2024-02-16,,,,,,
2024-02-20,29.840000,29.840000,29.840000,29.840000,0.000000,29.840000
2024-02-21,29.820000,29.820000,29.820000,29.820000,0.000000,29.820000
2024-02-22,30.500000,30.500000,30.500000,30.500000,0.000000,30.500000
2024-02-23,30.490000,30.490000,30.490000,30.490000,0.000000,30.490000
2024-02-26,30.530001,30.530001,30.530001,30.530001,0.000000,30.530001
2024-02-27,30.520000,30.520000,30.520000,30.520000,0.000000,30.520000
2024-02-28,30.430000,30.430000,30.430000,30.430000,0.000000,30.430000
2024-02-29,30.629999,30.629999,30.629999,30.629999,0.000000,30.629999
2024-03-01,31.049999,31.049999,31.049999,31.049999,0.000000,31.049999
2024-03-04,31.180000,31.180000,31.180000,31.180000,0.000000,31.180000
2024-03-05,30.760000,30.760000,30.760000,30.760000,0.000000,30.760000
2024-03-06,31.080000,31.080000,31.080000,31.080000,0.000000,31.080000
2024-03-07,31.540001,31.540001,31.540001,31.540001,0.000000,31.540001
2024-03-08,31.440001,31.440001,31.440001,31.440001,0.000000,31.440001
2024-03-11,31.299999,31.299999,31.299999,31.299999,0.000000,31.299999
2024-03-12,31.700001,31.700001,31.700001,31.700001,0.000000,31.700001
2024-03-13,31.590000,31.590000,31.590000,31.590000,0.000000,31.590000
2024-03-14,31.570000,31.570000,31.570000,31.570000,0.000000,31.570000
2024-03-15,31.280001,31.280001,31.280001,31.280001,0.000000,31.280001
2024-03-18,,,,,,
2024-03-19,31.400000,31.400000,31.400000,31.400000,0.000000,31.400000
2024-03-20,31.639999,31.639999,31.639999,31.639999,0.000000,31.639999
2024-03-21,31.879999,31.879999,31.879999,31.879999,0.000000,31.879999
2024-03-22,31.799999,31.799999,31.799999,31.799999,0.000000,31.799999
2024-03-25,31.719999,31.719999,31.719999,31.719999,0.000000,31.719999
2024-03-26,31.790001,31.790001,31.790001,31.790001,0.000000,31.790001
2024-03-27,31.820000,31.820000,31.820000,31.820000,0.000000,31.820000
2024-03-28,31.709999,31.709999,31.709999,31.709999,0.000000,31.709999
2024-04-01,,,,,,
2024-04-02,31.410000,31.410000,31.410000,31.410000,0.000000,31.410000
2024-04-03,31.530001,31.530001,31.530001,31.530001,0.000000,31.530001
2024-04-04,31.150000,31.150000,31.150000,31.150000,0.000000,31.150000
2024-04-05,31.440001,31.440001,31.440001,31.440001,0.000000,31.440001
2024-04-08,31.500000,31.500000,31.500000,31.500000,0.000000,31.500000
2024-04-09,31.520000,31.520000,31.520000,31.520000,0.000000,31.520000
2024-04-10,31.240000,31.240000,31.240000,31.240000,0.000000,31.240000
2024-04-11,31.450001,31.450001,31.450001,31.450001,0.000000,31.450001
2024-04-12,30.980000,30.980000,30.980000,30.980000,0.000000,30.980000
2024-04-15,30.600000,30.600000,30.600000,30.600000,0.000000,30.600000
2024-04-16,30.510000,30.510000,30.510000,30.510000,0.000000,30.510000
2024-04-17,30.389999,30.389999,30.389999,30.389999,0.000000,30.389999
2024-04-18,30.240000,30.240000,30.240000,30.240000,0.000000,30.240000
2024-04-19,29.760000,29.760000,29.760000,29.760000,0.000000,29.760000
2024-04-22,30.049999,30.049999,30.049999,30.049999,0.000000,30.049999
2024-04-23,30.639999,30.639999,30.639999,30.639999,0.000000,30.639999
2024-04-24,30.760000,30.760000,30.760000,30.760000,0.000000,30.760000
2024-04-25,30.730000,30.730000,30.730000,30.730000,0.000000,30.730000
2024-04-26,31.030001,31.030001,31.030001,31.030001,0.000000,31.030001
2024-04-29,31.020000,31.020000,31.020000,31.020000,0.000000,31.020000
2024-04-30,30.730000,30.730000,30.730000,30.730000,0.000000,30.730000
2024-05-01,30.590000,30.590000,30.590000,30.590000,0.000000,30.590000
2024-05-02,30.790001,30.790001,30.790001,30.790001,0.000000,30.790001
2024-05-03,31.090000,31.090000,31.090000,31.090000,0.000000,31.090000
2024-05-06,,,,,,
2024-05-07,31.620001,31.620001,31.620001,31.620001,0.000000,31.620001
2024-05-08,31.400000,31.400000,31.400000,31.400000,0.000000,31.400000
2024-05-09,31.520000,31.520000,31.520000,31.520000,0.000000,31.520000
2024-05-10,31.580000,31.580000,31.580000,31.580000,0.000000,31.580000
2024-05-13,31.540001,31.540001,31.540001,31.540001,0.000000,31.540001
2024-05-14,31.700001,31.700001,31.700001,31.700001,0.000000,31.700001
2024-05-15,32.209999,32.209999,32.209999,32.209999,0.000000,32.209999
2024-05-16,32.049999,32.049999,32.049999,32.049999,0.000000,32.049999
2024-05-17,32.099998,32.099998,32.099998,32.099998,0.000000,32.099998
2024-05-20,32.209999,32.209999,32.209999,32.209999,0.000000,32.209999
2024-05-21,32.169998,32.169998,32.169998,32.169998,0.000000,32.169998
2024-05-22,32.090000,32.090000,32.090000,32.090000,0.000000,32.090000
2024-05-23,31.860001,31.860001,31.860001,31.860001,0.000000,31.860001
2024-05-24,31.850000,31.850000,31.850000,31.850000,0.000000,31.850000
2024-05-28,31.770000,31.770000,31.770000,31.770000,0.000000,31.770000
2024-05-29,31.389999,31.389999,31.389999,31.389999,0.000000,31.389999
2024-05-30,31.260000,31.260000,31.260000,31.260000,0.000000,31.260000
2024-05-31,31.270000,31.270000,31.270000,31.270000,0.000000,31.270000
2024-06-03,,,,,,
2024-06-04,31.330000,31.330000,31.330000,31.330000,0.000000,31.330000
2024-06-05,31.740000,31.740000,31.740000,31.740000,0.000000,31.740000
2024-06-06,31.910000,31.910000,31.910000,31.910000,0.000000,31.910000
2024-06-07,31.760000,31.760000,31.760000,31.760000,0.000000,31.760000
2024-06-10,31.820000,31.820000,31.820000,31.820000,0.000000,31.820000
2024-06-11,31.760000,31.760000,31.760000,31.760000,0.000000,31.760000
2024-06-12,32.130001,32.130001,32.130001,32.130001,0.000000,32.130001
2024-06-13,32.049999,32.049999,32.049999,32.049999,0.000000,32.049999
2024-06-14,31.959999,31.959999,31.959999,31.959999,0.000000,31.959999
2024-06-17,31.980000,31.980000,31.980000,31.980000,0.000000,31.980000
2024-06-18,32.029999,32.029999,32.029999,32.029999,0.000000,32.029999
2024-06-20,32.049999,32.049999,32.049999,32.049999,0.000000,32.049999
2024-06-21,32.130001,32.130001,32.130001,32.130001,0.000000,32.130001
2024-06-24,32.060001,32.060001,32.060001,32.060001,0.000000,32.060001
2024-06-25,32.299999,32.299999,32.299999,32.299999,0.000000,32.299999
2024-06-26,32.259998,32.259998,32.259998,32.259998,0.000000,32.259998
2024-06-27,32.310001,32.310001,32.310001,32.310001,0.000000,32.310001
2024-06-28,32.139999,32.139999,32.139999,32.139999,0.000000,32.139999
2024-07-01,31.950001,31.950001,31.950001,31.950001,0.000000,31.950001
2024-07-02,32.119999,32.119999,32.119999,32.119999,0.000000,32.119999
2024-07-03,32.270000,32.270000,32.270000,32.270000,0.000000,32.270000
2024-07-05,32.650002,32.650002,32.650002,32.650002,0.000000,32.650002
2024-07-08,32.630001,32.630001,32.630001,32.630001,0.000000,32.630001
2024-07-09,32.520000,32.520000,32.520000,32.520000,0.000000,32.520000
2024-07-10,32.810001,32.810001,32.810001,32.810001,0.000000,32.810001
2024-07-11,32.770000,32.770000,32.770000,32.770000,0.000000,32.770000
2024-07-12,33.090000,33.090000,33.090000,33.090000,0.000000,33.090000
2024-07-15,32.930000,32.930000,32.930000,32.930000,0.000000,32.930000
2024-07-16,33.080002,33.080002,33.080002,33.080002,0.000000,33.080002
2024-07-17,32.380001,32.380001,32.380001,32.380001,0.000000,32.380001
2024-07-18,31.950001,31.950001,31.950001,31.950001,0.000000,31.950001
2024-07-19,31.870001,31.870001,31.870001,31.870001,0.000000,31.870001
2024-07-22,32.169998,32.169998,32.169998,32.169998,0.000000,32.169998
2024-07-23,32.200001,32.200001,32.200001,32.200001,0.000000,32.200001
2024-07-24,31.540001,31.540001,31.540001,31.540001,0.000000,31.540001
2024-07-25,31.200001,31.200001,31.200001,31.200001,0.000000,31.200001
2024-07-26,31.330000,31.330000,31.330000,31.330000,0.000000,31.330000
2024-07-29,31.469999,31.469999,31.469999,31.469999,0.000000,31.469999
2024-07-30,31.250000,31.250000,31.250000,31.250000,0.000000,31.250000
2024-07-31,31.850000,31.850000,31.850000,31.850000,0.000000,31.850000
2024-08-01,31.420000,31.420000,31.420000,31.420000,0.000000,31.420000
2024-08-02,30.540001,30.540001,30.540001,30.540001,0.000000,30.540001
2024-08-05,,,,,,
2024-08-06,30.209999,30.209999,30.209999,30.209999,0.000000,30.209999
2024-08-07,30.209999,30.209999,30.209999,30.209999,0.000000,30.209999
2024-08-08,30.920000,30.920000,30.920000,30.920000,0.000000,30.920000
2024-08-09,31.120001,31.120001,31.120001,31.120001,0.000000,31.120001
2024-08-12,31.059999,31.059999,31.059999,31.059999,0.000000,31.059999
2024-08-13,31.559999,31.559999,31.559999,31.559999,0.000000,31.559999
2024-08-14,31.590000,31.590000,31.590000,31.590000,0.000000,31.590000
2024-08-15,32.029999,32.029999,32.029999,32.029999,0.000000,32.029999
2024-08-16,32.180000,32.180000,32.180000,32.180000,0.000000,32.180000
2024-08-19,32.450001,32.450001,32.450001,32.450001,0.000000,32.450001
2024-08-20,32.459999,32.459999,32.459999,32.459999,0.000000,32.459999
2024-08-21,32.630001,32.630001,32.630001,32.630001,0.000000,32.630001
2024-08-22,32.439999,32.439999,32.439999,32.439999,0.000000,32.439999
2024-08-23,32.639999,32.639999,32.639999,32.639999,0.000000,32.639999
2024-08-26,32.509998,32.509998,32.509998,32.509998,0.000000,32.509998
2024-08-27,32.639999,32.639999,32.639999,32.639999,0.000000,32.639999
2024-08-28,32.389999,32.389999,32.389999,32.389999,0.000000,32.389999
2024-08-29,32.680000,32.680000,32.680000,32.680000,0.000000,32.680000
2024-08-30,32.910000,32.910000,32.910000,32.910000,0.000000,32.910000
2024-09-03,32.119999,32.119999,32.119999,32.119999,0.000000,32.119999
2024-09-04,32.020000,32.020000,32.020000,32.020000,0.000000,32.020000
2024-09-05,31.959999,31.959999,31.959999,31.959999,0.000000,31.959999
2024-09-06,31.570000,31.570000,31.570000,31.570000,0.000000,31.570000
2024-09-09,31.910000,31.910000,31.910000,31.910000,0.000000,31.910000
2024-09-10,31.959999,31.959999,31.959999,31.959999,0.000000,31.959999
2024-09-11,32.360001,32.360001,32.360001,32.360001,0.000000,32.360001
2024-09-12,32.650002,32.650002,32.650002,32.650002,0.000000,32.650002
2024-09-13,32.869999,32.869999,32.869999,32.869999,0.000000,32.869999
2024-09-16,32.939999,32.939999,32.939999,32.939999,0.000000,32.939999
2024-09-17,32.779999,32.779999,32.779999,32.779999,0.000000,32.779999
2024-09-18,32.669998,32.669998,32.669998,32.669998,0.000000,32.669998
2024-09-19,33.400002,33.400002,33.400002,33.400002,0.000000,33.400002
2024-09-20,33.230000,33.230000,33.230000,33.230000,0.000000,33.230000
2024-09-23,33.250000,33.250000,33.250000,33.250000,0.000000,33.250000
2024-09-24,33.389999,33.389999,33.389999,33.389999,0.000000,33.389999
2024-09-25,33.419998,33.419998,33.419998,33.419998,0.000000,33.419998
2024-09-26,33.730000,33.730000,33.730000,33.730000,0.000000,33.730000
2024-09-27,33.630001,33.630001,33.630001,33.630001,0.000000,33.630001
2024-09-30,33.490002,33.490002,33.490002,33.490002,0.000000,33.490002
2024-10-01,33.330002,33.330002,33.330002,33.330002,0.000000,33.330002
2024-10-02,33.459999,33.459999,33.459999,33.459999,0.000000,33.459999
2024-10-03,33.320000,33.320000,33.320000,33.320000,0.000000,33.320000
2024-10-04,,,,,,
2024-10-07,33.400002,33.400002,33.400002,33.400002,0.000000,33.400002
2024-10-08,33.410000,33.410000,33.410000,33.410000,0.000000,33.410000
2024-10-09,33.590000,33.590000,33.590000,33.590000,0.000000,33.590000
2024-10-10,33.520000,33.520000,33.520000,33.520000,0.000000,33.520000
2024-10-11,33.790001,33.790001,33.790001,33.790001,0.000000,33.790001
2024-10-14,33.950001,33.950001,33.950001,33.950001,0.000000,33.950001
2024-10-15,33.590000,33.590000,33.590000,33.590000,0.000000,33.590000
2024-10-16,33.480000,33.480000,33.480000,33.480000,0.000000,33.480000
2024-10-17,33.630001,33.630001,33.630001,33.630001,0.000000,33.630001
2024-10-18,34.000000,34.000000,34.000000,34.000000,0.000000,34.000000
2024-10-21,33.880001,33.880001,33.880001,33.880001,0.000000,33.880001
2024-10-22,33.660000,33.660000,33.660000,33.660000,0.000000,33.660000
2024-10-23,33.349998,33.349998,33.349998,33.349998,0.000000,33.349998
2024-10-24,33.410000,33.410000,33.410000,33.410000,0.000000,33.410000
2024-10-25,33.410000,33.410000,33.410000,33.410000,0.000000,33.410000
2024-10-28,,,,,,
2024-10-29,33.619999,33.619999,33.619999,33.619999,0.000000,33.619999
2024-10-30,33.290001,33.290001,33.290001,33.290001,0.000000,33.290001
2024-10-31,32.860001,32.860001,32.860001,32.860001,0.000000,32.860001
2024-11-01,33.160000,33.160000,33.160000,33.160000,0.000000,33.160000
2024-11-04,33.060001,33.060001,33.060001,33.060001,0.000000,33.060001
2024-11-05,33.439999,33.439999,33.439999,33.439999,0.000000,33.439999
2024-11-06,33.590000,33.590000,33.590000,33.590000,0.000000,33.590000
2024-11-07,34.029999,34.029999,34.029999,34.029999,0.000000,34.029999
2024-11-08,34.070000,34.070000,34.070000,34.070000,0.000000,34.070000
2024-11-11,34.060001,34.060001,34.060001,34.060001,0.000000,34.060001
2024-11-12,33.980000,33.980000,33.980000,33.980000,0.000000,33.980000
2024-11-13,33.939999,33.939999,33.939999,33.939999,0.000000,33.939999
2024-11-14,33.689999,33.689999,33.689999,33.689999,0.000000,33.689999
2024-11-15,32.970001,32.970001,32.970001,32.970001,0.000000,32.970001
2024-11-18,33.180000,33.180000,33.180000,33.180000,0.000000,33.180000
2024-11-19,33.349998,33.349998,33.349998,33.349998,0.000000,33.349998
2024-11-20,33.439999,33.439999,33.439999,33.439999,0.000000,33.439999
2024-11-21,33.680000,33.680000,33.680000,33.680000,0.000000,33.680000
2024-11-22,33.750000,33.750000,33.750000,33.750000,0.000000,33.750000
2024-11-25,33.889999,33.889999,33.889999,33.889999,0.000000,33.889999
2024-11-26,33.939999,33.939999,33.939999,33.939999,0.000000,33.939999
2024-11-27,33.970001,33.970001,33.970001,33.970001,0.000000,33.970001
2024-11-29,34.099998,34.099998,34.099998,34.099998,0.000000,34.099998
2024-12-02,34.310001,34.310001,34.310001,34.310001,0.000000,34.310001
2024-12-03,34.430000,34.430000,34.430000,34.430000,0.000000,34.430000
2024-12-04,34.660000,34.660000,34.660000,34.660000,0.000000,34.660000
2024-12-05,34.560001,34.560001,34.560001,34.560001,0.000000,34.560001
2024-12-06,34.700001,34.700001,34.700001,34.700001,0.000000,34.700001
2024-12-09,34.410000,34.410000,34.410000,34.410000,0.000000,34.410000
2024-12-10,34.160000,34.160000,34.160000,34.160000,0.000000,34.160000
2024-12-11,34.439999,34.439999,34.439999,34.439999,0.000000,34.439999
2024-12-12,34.410000,34.410000,34.410000,34.410000,0.000000,34.410000
2024-12-13,34.209999,34.209999,34.209999,34.209999,0.000000,34.209999
2024-12-16,34.430000,34.430000,34.430000,34.430000,0.000000,34.430000
2024-12-17,34.290001,34.290001,34.290001,34.290001,0.000000,34.290001
2024-12-18,33.400002,33.400002,33.400002,33.400002,0.000000,33.400002
2024-12-19,33.209999,33.209999,33.209999,33.209999,0.000000,33.209999
2024-12-20,33.250000,33.250000,33.250000,33.250000,0.000000,33.250000
2024-12-23,33.410000,33.410000,33.410000,33.410000,0.000000,33.410000
2024-12-24,33.660000,33.660000,33.660000,33.660000,0.000000,33.660000
2024-12-26,,,,,,
2024-12-27,,,,,,
2024-12-30,33.099998,33.099998,33.099998,33.099998,0.000000,33.099998
2024-12-31,32.939999,32.939999,32.939999,32.939999,0.000000,32.939999
2025-01-02,32.930000,32.930000,32.930000,32.930000,0.000000,32.930000
2025-01-03,33.330002,33.330002,33.330002,33.330002,0.000000,33.330002
2025-01-06,33.610001,33.610001,33.610001,33.610001,0.000000,33.610001
2025-01-07,33.369999,33.369999,33.369999,33.369999,0.000000,33.369999
2025-01-08,33.320000,33.320000,33.320000,33.320000,0.000000,33.320000
2025-01-10,32.830002,32.830002,32.830002,32.830002,0.000000,32.830002
2025-01-13,32.730000,32.730000,32.730000,32.730000,0.000000,32.730000
2025-01-14,32.759998,32.759998,32.759998,32.759998,0.000000,32.759998
2025-01-15,33.279999,33.279999,33.279999,33.279999,0.000000,33.279999
2025-01-16,33.509998,33.509998,33.509998,33.509998,0.000000,33.509998
2025-01-17,33.639999,33.639999,33.639999,33.639999,0.000000,33.639999
2025-01-21,34.330002,34.330002,34.330002,34.330002,0.000000,34.330002
2025-01-22,34.810001,34.810001,34.810001,34.810001,0.000000,34.810001
2025-01-23,34.930000,34.930000,34.930000,34.930000,0.000000,34.930000
2025-01-24,34.950001,34.950001,34.950001,34.950001,0.000000,34.950001
2025-01-27,33.919998,33.919998,33.919998,33.919998,0.000000,33.919998
2025-01-28,34.250000,34.250000,34.250000,34.250000,0.000000,34.250000
2025-01-29,34.189999,34.189999,34.189999,34.189999,0.000000,34.189999
2025-01-30,34.580002,34.580002,34.580002,34.580002,0.000000,34.580002
2025-01-31,34.580002,34.580002,34.580002,34.580002,0.000000,34.580002
2025-02-03,,,,,,
2025-02-04,34.520000,34.520000,34.520000,34.520000,0.000000,34.520000
2025-02-05,34.730000,34.730000,34.730000,34.730000,0.000000,34.730000
2025-02-06,34.730000,34.730000,34.730000,34.730000,0.000000,34.730000
2025-02-07,34.360001,34.360001,34.360001,34.360001,0.000000,34.360001
2025-02-10,34.610001,34.610001,34.610001,34.610001,0.000000,34.610001
2025-02-11,34.520000,34.520000,34.520000,34.520000,0.000000,34.520000
2025-02-12,34.509998,34.509998,34.509998,34.509998,0.000000,34.509998
2025-02-13,34.520000,34.520000,34.520000,34.520000,0.000000,34.520000
2025-02-14,34.610001,34.610001,34.610001,34.610001,0.000000,34.610001
2025-02-18,34.799999,34.799999,34.799999,34.799999,0.000000,34.799999
2025-02-19,34.639999,34.639999,34.639999,34.639999,0.000000,34.639999
2025-02-20,34.400002,34.400002,34.400002,34.400002,0.000000,34.400002
2025-02-21,33.950001,33.950001,33.950001,33.950001,0.000000,33.950001
2025-02-24,33.660000,33.660000,33.660000,33.660000,0.000000,33.660000
2025-02-25,33.410000,33.410000,33.410000,33.410000,0.000000,33.410000
2025-02-26,33.619999,33.619999,33.619999,33.619999,0.000000,33.619999
2025-02-27,33.189999,33.189999,33.189999,33.189999,0.000000,33.189999
2025-02-28,33.389999,33.389999,33.389999,33.389999,0.000000,33.389999
2025-03-03,33.220001,33.220001,33.220001,33.220001,0.000000,33.220001
2025-03-04,33.150002,33.150002,33.150002,33.150002,0.000000,33.150002
2025-03-05,33.669998,33.669998,33.669998,33.669998,0.000000,33.669998
2025-03-06,32.790001,32.790001,32.790001,32.790001,0.000000,32.790001
2025-03-07,32.639999,32.639999,32.639999,32.639999,0.000000,32.639999
2025-03-10,31.580000,31.580000,31.580000,31.580000,0.000000,31.580000
2025-03-11,31.600000,31.600000,31.600000,31.600000,0.000000,31.600000
2025-03-12,31.920000,31.920000,31.920000,31.920000,0.000000,31.920000
2025-03-13,31.459999,31.459999,31.459999,31.459999,0.000000,31.459999
2025-03-14,32.099998,32.099998,32.099998,32.099998,0.000000,32.099998
2025-03-17,,,,,,
2025-03-18,32.299999,32.299999,32.299999,32.299999,0.000000,32.299999
2025-03-19,32.650002,32.650002,32.650002,32.650002,0.000000,32.650002
2025-03-20,32.520000,32.520000,32.520000,32.520000,0.000000,32.520000
2025-03-21,32.410000,32.410000,32.410000,32.410000,0.000000,32.410000
2025-03-24,32.799999,32.799999,32.799999,32.799999,0.000000,32.799999
2025-03-25,32.820000,32.820000,32.820000,32.820000,0.000000,32.820000
2025-03-26,32.230000,32.230000,32.230000,32.230000,0.000000,32.230000
2025-03-27,32.130001,32.130001,32.130001,32.130001,0.000000,32.130001
2025-03-28,31.610001,31.610001,31.610001,31.610001,0.000000,31.610001
2025-03-31,31.450001,31.450001,31.450001,31.450001,0.000000,31.450001
2025-04-01,31.650000,31.650000,31.650000,31.650000,0.000000,31.650000
2025-04-02,31.900000,31.900000,31.900000,31.900000,0.000000,31.900000
2025-04-03,30.590000,30.590000,30.590000,30.590000,0.000000,30.590000
2025-04-04,28.879999,28.879999,28.879999,28.879999,0.000000,28.879999
2025-04-07,28.139999,28.139999,28.139999,28.139999,0.000000,28.139999
2025-04-08,28.219999,28.219999,28.219999,28.219999,0.000000,28.219999
2025-04-09,29.750000,29.750000,29.750000,29.750000,0.000000,29.750000
2025-04-10,29.490000,29.490000,29.490000,29.490000,0.000000,29.490000
2025-04-11,29.889999,29.889999,29.889999,29.889999,0.000000,29.889999
2025-04-14,30.290001,30.290001,30.290001,30.290001,0.000000,30.290001
2025-04-15,30.540001,30.540001,30.540001,30.540001,0.000000,30.540001
2025-04-16,30.230000,30.230000,30.230000,30.230000,0.000000,30.230000
2025-04-17,30.270000,30.270000,30.270000,30.270000,0.000000,30.270000
2025-04-21,,,,,,
2025-04-22,30.520000,30.520000,30.520000,30.520000,0.000000,30.520000
2025-04-23,30.940001,30.940001,30.940001,30.940001,0.000000,30.940001
2025-04-24,31.590000,31.590000,31.590000,31.590000,0.000000,31.590000
2025-04-25,31.799999,31.799999,31.799999,31.799999,0.000000,31.799999
2025-04-28,31.920000,31.920000,31.920000,31.920000,0.000000,31.920000
2025-04-29,32.080002,32.080002,32.080002,32.080002,0.000000,32.080002
2025-04-30,32.130001,32.130001,32.130001,32.130001,0.000000,32.130001
2025-05-01,32.279999,32.279999,32.279999,32.279999,0.000000,32.279999
2025-05-02,32.779999,32.779999,32.779999,32.779999,0.000000,32.779999
2025-05-05,,,,,,
2025-05-06,32.439999,32.439999,32.439999,32.439999,0.000000,32.439999
2025-05-07,32.470001,32.470001,32.470001,32.470001,0.000000,32.470001
2025-05-08,32.240002,32.240002,32.240002,32.240002,0.000000,32.240002
2025-05-09,32.169998,32.169998,32.169998,32.169998,0.000000,32.169998
2025-05-12,32.810001,32.810001,32.810001,32.810001,0.000000,32.810001
2025-05-13,33.130001,33.130001,33.130001,33.130001,0.000000,33.130001
2025-05-14,33.180000,33.180000,33.180000,33.180000,0.000000,33.180000
2025-05-15,33.320000,33.320000,33.320000,33.320000,0.000000,33.320000
2025-05-16,33.480000,33.480000,33.480000,33.480000,0.000000,33.480000
2025-05-19,33.599998,33.599998,33.599998,33.599998,0.000000,33.599998
2025-05-20,33.599998,33.599998,33.599998,33.599998,0.000000,33.599998
2025-05-21,33.320000,33.320000,33.320000,33.320000,0.000000,33.320000
2025-05-22,33.369999,33.369999,33.369999,33.369999,0.000000,33.369999
2025-05-23,33.349998,33.349998,33.349998,33.349998,0.000000,33.349998
2025-05-27,33.830002,33.830002,33.830002,33.830002,0.000000,33.830002
2025-05-28,33.650002,33.650002,33.650002,33.650002,0.000000,33.650002
2025-05-29,33.580002,33.580002,33.580002,33.580002,0.000000,33.580002
2025-05-30,33.560001,33.560001,33.560001,33.560001,0.000000,33.560001
2025-06-02,,,,,,
2025-06-03,33.799999,33.799999,33.799999,33.799999,0.000000,33.799999
2025-06-04,33.950001,33.950001,33.950001,33.950001,0.000000,33.950001
2025-06-05,34.029999,34.029999,34.029999,34.029999,0.000000,34.029999
2025-06-06,34.180000,34.180000,34.180000,34.180000,0.000000,34.180000
2025-06-09,34.150002,34.150002,34.150002,34.150002,0.000000,34.150002
2025-06-10,34.090000,34.090000,34.090000,34.090000,0.000000,34.090000
2025-06-11,34.119999,34.119999,34.119999,34.119999,0.000000,34.119999
2025-06-12,34.290001,34.290001,34.290001,34.290001,0.000000,34.290001
2025-06-13,34.040001,34.040001,34.040001,34.040001,0.000000,34.040001
2025-06-16,34.240002,34.240002,34.240002,34.240002,0.000000,34.240002
2025-06-17,33.889999,33.889999,33.889999,33.889999,0.000000,33.889999
2025-06-18,33.830002,33.830002,33.830002,33.830002,0.000000,33.830002
2025-06-20,33.680000,33.680000,33.680000,33.680000,0.000000,33.680000
2025-06-23,33.939999,33.939999,33.939999,33.939999,0.000000,33.939999
2025-06-24,34.549999,34.549999,34.549999,34.549999,0.000000,34.549999
2025-06-25,34.450001,34.450001,34.450001,34.450001,0.000000,34.450001
2025-06-26,34.700001,34.700001,34.700001,34.700001,0.000000,34.700001
2025-06-27,34.939999,34.939999,34.939999,34.939999,0.000000,34.939999
2025-06-30,35.020000,35.020000,35.020000,35.020000,0.000000,35.020000
2025-07-01,34.790001,34.790001,34.790001,34.790001,0.000000,34.790001
2025-07-02,34.880001,34.880001,34.880001,34.880001,0.000000,34.880001
2025-07-03,35.090000,35.090000,35.090000,35.090000,0.000000,35.090000
2025-07-07,35.000000,35.000000,35.000000,35.000000,0.000000,35.000000
2025-07-08,34.939999,34.939999,34.939999,34.939999,0.000000,34.939999
2025-07-09,35.110001,35.110001,35.110001,35.110001,0.000000,35.110001
2025-07-10,35.070000,35.070000,35.070000,35.070000,0.000000,35.070000
2025-07-11,34.810001,34.810001,34.810001,34.810001,0.000000,34.810001
2025-07-14,34.939999,34.939999,34.939999,34.939999,0.000000,34.939999
2025-07-15,34.900002,34.900002,34.900002,34.900002,0.000000,34.900002
2025-07-16,35.080002,35.080002,35.080002,35.080002,0.000000,35.080002
2025-07-17,35.410000,35.410000,35.410000,35.410000,0.000000,35.410000
2025-07-18,35.320000,35.320000,35.320000,35.320000,0.000000,35.320000
2025-07-21,35.250000,35.250000,35.250000,35.250000,0.000000,35.250000
2025-07-22,35.080002,35.080002,35.080002,35.080002,0.000000,35.080002
2025-07-23,35.740002,35.740002,35.740002,35.740002,0.000000,35.740002
2025-07-24,35.930000,35.930000,35.930000,35.930000,0.000000,35.930000
2025-07-25,35.959999,35.959999,35.959999,35.959999,0.000000,35.959999
2025-07-28,35.889999,35.889999,35.889999,35.889999,0.000000,35.889999
2025-07-29,35.900002,35.900002,35.900002,35.900002,0.000000,35.900002
2025-07-30,35.669998,35.669998,35.669998,35.669998,0.000000,35.669998
2025-07-31,35.580002,35.580002,35.580002,35.580002,0.000000,35.580002
2025-08-01,35.099998,35.099998,35.099998,35.099998,0.000000,35.099998
2025-08-04,,,,,,
2025-08-05,35.200001,35.200001,35.200001,35.200001,0.000000,35.200001
2025-08-06,35.490002,35.490002,35.490002,35.490002,0.000000,35.490002
2025-08-07,35.389999,35.389999,35.389999,35.389999,0.000000,35.389999
2025-08-08,35.299999,35.299999,35.299999,35.299999,0.000000,35.299999
2025-08-11,35.160000,35.160000,35.160000,35.160000,0.000000,35.160000
2025-08-12,35.459999,35.459999,35.459999,35.459999,0.000000,35.459999
2025-08-13,35.750000,35.750000,35.750000,35.750000,0.000000,35.750000
2025-08-14,35.730000,35.730000,35.730000,35.730000,0.000000,35.730000
2025-08-15,35.660000,35.660000,35.660000,35.660000,0.000000,35.660000
2025-08-18,35.700001,35.700001,35.700001,35.700001,0.000000,35.700001
2025-08-19,35.430000,35.430000,35.430000,35.430000,0.000000,35.430000
2025-08-20,35.480000,35.480000,35.480000,35.480000,0.000000,35.480000
2025-08-21,35.320000,35.320000,35.320000,35.320000,0.000000,35.320000
2025-08-22,35.750000,35.750000,35.750000,35.750000,0.000000,35.750000
2025-08-25,35.709999,35.709999,35.709999,35.709999,0.000000,35.709999
2025-08-26,35.889999,35.889999,35.889999,35.889999,0.000000,35.889999
2025-08-27,35.900002,35.900002,35.900002,35.900002,0.000000,35.900002
2025-08-28,36.139999,36.139999,36.139999,36.139999,0.000000,36.139999
2025-08-29,35.840000,35.840000,35.840000,35.840000,0.000000,35.840000
2025-09-02,35.450001,35.450001,35.450001,35.450001,0.000000,35.450001
2025-09-03,35.599998,35.599998,35.599998,35.599998,0.000000,35.599998
2025-09-04,35.919998,35.919998,35.919998,35.919998,0.000000,35.919998
2025-09-05,36.060001,36.060001,36.060001,36.060001,0.000000,36.060001
2025-09-08,36.290001,36.290001,36.290001,36.290001,0.000000,36.290001
2025-09-09,36.250000,36.250000,36.250000,36.250000,0.000000,36.250000
2025-09-10,36.500000,36.500000,36.500000,36.500000,0.000000,36.500000
2025-09-11,36.680000,36.680000,36.680000,36.680000,0.000000,36.680000
2025-09-12,36.419998,36.419998,36.419998,36.419998,0.000000,36.419998
2025-09-15,36.590000,36.590000,36.590000,36.590000,0.000000,36.590000
2025-09-16,36.560001,36.560001,36.560001,36.560001,0.000000,36.560001
2025-09-17,36.529999,36.529999,36.529999,36.529999,0.000000,36.529999
2025-09-18,36.599998,36.599998,36.599998,36.599998,0.000000,36.599998
2025-09-19,36.689999,36.689999,36.689999,36.689999,0.000000,36.689999
2025-09-22,36.939999,36.939999,36.939999,36.939999,0.000000,36.939999
2025-09-23,36.590000,36.590000,36.590000,36.590000,0.000000,36.590000
2025-09-24,36.410000,36.410000,36.410000,36.410000,0.000000,36.410000
2025-09-25,35.980000,35.980000,35.980000,35.980000,0.000000,35.980000
2025-09-26,36.060001,36.060001,36.060001,36.060001,0.000000,36.060001
2025-09-29,36.400002,36.400002,36.400002,36.400002,0.000000,36.400002
2025-09-30,36.610001,36.610001,36.610001,36.610001,0.000000,36.610001
2025-10-01,36.970001,36.970001,36.970001,36.970001,0.000000,36.970001
2025-10-02,37.279999,37.279999,37.279999,37.279999,0.000000,37.279999
2025-10-03,37.410000,37.410000,37.410000,37.410000,0.000000,37.410000
2025-10-06,37.709999,37.709999,37.709999,37.709999,0.000000,37.709999
2025-10-07,37.540001,37.540001,37.540001,37.540001,0.000000,37.540001
2025-10-08,37.939999,37.939999,37.939999,37.939999,0.000000,37.939999
2025-10-09,37.910000,37.910000,37.910000,37.910000,0.000000,37.910000
2025-10-10,36.959999,36.959999,36.959999,36.959999,0.000000,36.959999
2025-10-13,37.270000,37.270000,37.270000,37.270000,0.000000,37.270000
2025-10-14,37.110001,37.110001,37.110001,37.110001,0.000000,37.110001
2025-10-15,37.220001,37.220001,37.220001,37.220001,0.000000,37.220001
2025-10-16,37.189999,37.189999,37.189999,37.189999,0.000000,37.189999
2025-10-17,37.049999,37.049999,37.049999,37.049999,0.000000,37.049999
2025-10-20,37.540001,37.540001,37.540001,37.540001,0.000000,37.540001
2025-10-21,37.630001,37.630001,37.630001,37.630001,0.000000,37.630001
2025-10-22,37.049999,37.049999,37.049999,37.049999,0.000000,37.049999
2025-10-23,37.520000,37.520000,37.520000,37.520000,0.000000,37.520000
2025-10-24,37.750000,37.750000,37.750000,37.750000,0.000000,37.750000
2025-10-27,,,,,,
2025-10-28,37.919998,37.919998,37.919998,37.919998,0.000000,37.919998
2025-10-29,37.820000,37.820000,37.820000,37.820000,0.000000,37.820000
2025-10-30,37.560001,37.560001,37.560001,37.560001,0.000000,37.560001
2025-10-31,37.610001,37.610001,37.610001,37.610001,0.000000,37.610001
2025-11-03,37.570000,37.570000,37.570000,37.570000,0.000000,37.570000
2025-11-04,36.980000,36.980000,36.980000,36.980000,0.000000,36.980000
2025-11-05,37.169998,37.169998,37.169998,37.169998,0.000000,37.169998
2025-11-06,36.840000,36.840000,36.840000,36.840000,0.000000,36.840000
2025-11-07,36.840000,36.840000,36.840000,36.840000,0.000000,36.840000
2025-11-10,37.340000,37.340000,37.340000,37.340000,0.000000,37.340000
2025-11-11,37.369999,37.369999,37.369999,37.369999,0.000000,37.369999
2025-11-12,37.349998,37.349998,37.349998,37.349998,0.000000,37.349998
2025-11-13,36.689999,36.689999,36.689999,36.689999,0.000000,36.689999
2025-11-14,36.540001,36.540001,36.540001,36.540001,0.000000,36.540001
2025-11-17,36.330002,36.330002,36.330002,36.330002,0.000000,36.330002
2025-11-18,36.020000,36.020000,36.020000,36.020000,0.000000,36.020000
2025-11-19,35.930000,35.930000,35.930000,35.930000,0.000000,35.930000
2025-11-20,35.380001,35.380001,35.380001,35.380001,0.000000,35.380001
2025-11-21,35.450001,35.450001,35.450001,35.450001,0.000000,35.450001
2025-11-24,35.910000,35.910000,35.910000,35.910000,0.000000,35.910000
2025-11-25,36.139999,36.139999,36.139999,36.139999,0.000000,36.139999
2025-11-26,36.349998,36.349998,36.349998,36.349998,0.000000,36.349998
2025-11-28,36.540001,36.540001,36.540001,36.540001,0.000000,36.540001
2025-12-01,36.230000,36.230000,36.230000,36.230000,0.000000,36.230000
2025-12-02,36.349998,36.349998,36.349998,36.349998,0.000000,36.349998
2025-12-03,36.509998,36.509998,36.509998,36.509998,0.000000,36.509998
2025-12-04,36.450001,36.450001,36.450001,36.450001,0.000000,36.450001
2025-12-05,36.320000,36.320000,36.320000,36.320000,0.000000,36.320000
2025-12-08,36.070000,36.070000,36.070000,36.070000,0.000000,36.070000
2025-12-09,36.040001,36.040001,36.040001,36.040001,0.000000,36.040001
2025-12-10,36.380001,36.380001,36.380001,36.380001,0.000000,36.380001
2025-12-11,36.299999,36.299999,36.299999,36.299999,0.000000,36.299999
2025-12-12,35.880001,35.880001,35.880001,35.880001,0.000000,35.880001
2025-12-15,35.680000,35.680000,35.680000,35.680000,0.000000,35.680000
2025-12-16,35.630001,35.630001,35.630001,35.630001,0.000000,35.630001
2025-12-17,35.270000,35.270000,35.270000,35.270000,0.000000,35.270000
2025-12-18,35.389999,35.389999,35.389999,35.389999,0.000000,35.389999
2025-12-19,,,,,,
2025-12-22,36.060001,36.060001,36.060001,36.060001,0.000000,36.060001
2025-12-23,36.169998,36.169998,36.169998,36.169998,0.000000,36.169998
2025-12-24,36.209999,36.209999,36.209999,36.209999,0.000000,36.209999
2025-12-26,,,,,,
2025-12-29,,,,,,
2025-12-30,36.090000,36.090000,36.090000,36.090000,0.000000,36.090000
2025-12-31,35.939999,35.939999,35.939999,35.939999,0.000000,35.939999
2026-01-02,36.180000,36.180000,36.180000,36.180000,0.000000,36.180000
2026-01-05,36.650002,36.650002,36.650002,36.650002,0.000000,36.650002
2026-01-06,37.080002,37.080002,37.080002,37.080002,0.000000,37.080002
2026-01-07,36.910000,36.910000,36.910000,36.910000,0.000000,36.910000
2026-01-08,36.840000,36.840000,36.840000,36.840000,0.000000,36.840000
2026-01-09,37.009998,37.009998,37.009998,37.009998,0.000000,37.009998
2026-01-12,37.130001,37.130001,37.130001,37.130001,0.000000,37.130001
2026-01-13,37.099998,37.099998,37.099998,37.099998,0.000000,37.099998
2026-01-14,36.860001,36.860001,36.860001,36.860001,0.000000,36.860001
2026-01-15,36.990002,36.990002,36.990002,36.990002,0.000000,36.990002
2026-01-16,37.160000,37.160000,37.160000,37.160000,0.000000,37.160000
2026-01-20,36.529999,36.529999,36.529999,36.529999,0.000000,36.529999
2026-01-21,36.630001,36.630001,36.630001,36.630001,0.000000,36.630001
2026-01-22,36.759998,36.759998,36.759998,36.759998,0.000000,36.759998
2026-01-23,36.770000,36.770000,36.770000,36.770000,0.000000,36.770000
2026-01-26,36.939999,36.939999,36.939999,36.939999,0.000000,36.939999
2026-01-27,37.340000,37.340000,37.340000,37.340000,0.000000,37.340000
2026-01-28,37.169998,37.169998,37.169998,37.169998,0.000000,37.169998
2026-01-29,37.060001,37.060001,37.060001,37.060001,0.000000,37.060001
2026-01-30,36.549999,36.549999,36.549999,36.549999,0.000000,36.549999
2026-02-02,,,,,,
2026-02-03,36.270000,36.270000,36.270000,36.270000,0.000000,36.270000
2026-02-04,35.529999,35.529999,35.529999,35.529999,0.000000,35.529999
2026-02-05,35.110001,35.110001,35.110001,35.110001,0.000000,35.110001
2026-02-06,35.549999,35.549999,35.549999,35.549999,0.000000,35.549999
2026-02-09,36.029999,36.029999,36.029999,36.029999,0.000000,36.029999
2026-02-10,36.000000,36.000000,36.000000,36.000000,0.000000,36.000000
2026-02-11,35.950001,35.950001,35.950001,35.950001,0.000000,35.950001
2026-02-12,35.410000,35.410000,35.410000,35.410000,0.000000,35.410000
2026-02-13,35.720001,35.720001,35.720001,35.720001,0.000000,35.720001
2026-02-17,35.860001,35.860001,35.860001,35.860001,0.000000,35.860001
2026-02-18,36.259998,36.259998,36.259998,36.259998,0.000000,36.259998
2026-02-19,36.400002,36.400002,36.400002,36.400002,0.000000,36.400002
2026-02-20,36.450001,36.450001,36.450001,36.450001,0.000000,36.450001
2026-02-23,35.919998,35.919998,35.919998,35.919998,0.000000,35.919998
2026-02-24,36.200001,36.200001,36.200001,36.200001,0.000000,36.200001
2026-02-25,36.189999,36.189999,36.189999,36.189999,0.000000,36.189999
2026-02-26,36.270000,36.270000,36.270000,36.270000,0.000000,36.270000
2026-02-27,36.290001,36.290001,36.290001,36.290001,0.000000,36.290001
2026-03-02,36.180000,36.180000,36.180000,36.180000,0.000000,36.180000
2026-03-03,35.439999,35.439999,35.439999,35.439999,0.000000,35.439999
2026-03-04,35.669998,35.669998,35.669998,35.669998,0.000000,35.669998
2026-03-05,35.369999,35.369999,35.369999,35.369999,0.000000,35.369999
2026-03-06,35.020000,35.020000,35.020000,35.020000,0.000000,35.020000
2026-03-09,35.259998,35.259998,35.259998,35.259998,0.000000,35.259998
2026-03-10,35.279999,35.279999,35.279999,35.279999,0.000000,35.279999
2026-03-11,35.130001,35.130001,35.130001,35.130001,0.000000,35.130001
2026-03-12,34.529999,34.529999,34.529999,34.529999,0.000000,34.529999
2026-03-13,34.310001,34.310001,34.310001,34.310001,0.000000,34.310001
2026-03-16,34.770000,34.770000,34.770000,34.770000,0.000000,34.770000
2026-03-17,,,,,,
2026-03-18,34.549999,34.549999,34.549999,34.549999,0.000000,34.549999
2026-03-19,34.570000,34.570000,34.570000,34.570000,0.000000,34.570000
2026-03-20,33.910000,33.910000,33.910000,33.910000,0.000000,33.910000
2026-03-23,34.250000,34.250000,34.250000,34.250000,0.000000,34.250000
2026-03-24,34.220001,34.220001,34.220001,34.220001,0.000000,34.220001
2026-03-25,34.570000,34.570000,34.570000,34.570000,0.000000,34.570000
2026-03-26,33.889999,33.889999,33.889999,33.889999,0.000000,33.889999
2026-03-27,33.410000,33.410000,33.410000,33.410000,0.000000,33.410000
2026-03-30,33.310001,33.310001,33.310001,33.310001,0.000000,33.310001
2026-03-31,34.290001,34.290001,34.290001,34.290001,0.000000,34.290001
2026-04-01,34.830002,34.830002,34.830002,34.830002,0.000000,34.830002
2026-04-02,34.840000,34.840000,34.840000,34.840000,0.000000,34.840000
2026-04-06,,,,,,
2026-04-07,35.060001,35.060001,35.060001,35.060001,0.000000,35.060001
2026-04-08,36.040001,36.040001,36.040001,36.040001,0.000000,36.040001
2026-04-09,36.270000,36.270000,36.270000,36.270000,0.000000,36.270000
2026-04-10,36.290001,36.290001,36.290001,36.290001,0.000000,36.290001
2026-04-13,36.639999,36.639999,36.639999,36.639999,0.000000,36.639999
2026-04-14,36.959999,36.959999,36.959999,36.959999,0.000000,36.959999
2026-04-15,37.040001,37.040001,37.040001,37.040001,0.000000,37.040001
2026-04-16,37.090000,37.090000,37.090000,37.090000,0.000000,37.090000
2026-04-17,37.500000,37.500000,37.500000,37.500000,0.000000,37.500000
2026-04-20,37.419998,37.419998,37.419998,37.419998,0.000000,37.419998
2026-04-21,36.970001,36.970001,36.970001,36.970001,0.000000,36.970001
2026-04-22,37.320000,37.320000,37.320000,37.320000,0.000000,37.320000
2026-04-23,37.290001,37.290001,37.290001,37.290001,0.000000,37.290001
2026-04-24,37.459999,37.459999,37.459999,37.459999,0.000000,37.459999
2026-04-27,37.340000,37.340000,37.340000,37.340000,0.000000,37.340000
2026-04-28,36.820000,36.820000,36.820000,36.820000,0.000000,36.820000
2026-04-29,36.680000,36.680000,36.680000,36.680000,0.000000,36.680000
2026-04-30,37.180000,37.180000,37.180000,37.180000,0.000000,37.180000
2026-05-01,37.200001,37.200001,37.200001,37.200001,0.000000,37.200001
2026-05-04,,,,,,
2026-05-05,37.299999,37.299999,37.299999,37.299999,0.000000,37.299999
2026-05-06,37.830002,37.830002,37.830002,37.830002,0.000000,37.830002
2026-05-07,37.139999,37.139999,37.139999,37.139999,0.000000,37.139999
2026-05-08,37.279999,37.279999,37.279999,37.279999,0.000000,37.279999
2026-05-11,37.299999,37.299999,37.299999,37.299999,0.000000,37.299999
2026-05-12,37.279999,37.279999,37.279999,37.279999,0.000000,37.279999
2026-05-13,37.220001,37.220001,37.220001,37.220001,0.000000,37.220001
2026-05-14,37.259998,37.259998,37.259998,37.259998,0.000000,37.259998
2026-05-15,36.590000,36.590000,36.590000,36.590000,0.000000,36.590000
2026-05-18,36.529999,36.529999,36.529999,36.529999,0.000000,36.529999
2026-05-19,36.310001,36.310001,36.310001,36.310001,0.000000,36.310001
2026-05-20,36.840000,36.840000,36.840000,36.840000,0.000000,36.840000
2026-05-21,37.200001,37.200001,37.200001,37.200001,0.000000,37.200001
2026-05-22,37.439999,37.439999,37.439999,37.439999,0.000000,37.439999
2026-05-26,37.799999,37.799999,37.799999,37.799999,0.000000,37.799999
2026-05-27,37.590000,37.590000,37.590000,37.590000,0.000000,37.590000
2026-05-28,37.860001,37.860001,37.860001,37.860001,0.000000,37.860001
2026-05-29,38.020000,38.020000,38.020000,38.020000,0.000000,38.020000
2026-06-01,,,,,,
2026-06-02,38.029999,38.029999,38.029999,38.029999,0.000000,38.029999
2026-06-03,37.830002,37.830002,37.830002,37.830002,0.000000,37.830002
2026-06-04,38.060001,38.060001,38.060001,38.060001,0.000000,38.060001
2026-06-05,37.049999,37.049999,37.049999,37.049999,0.000000,37.049999
2026-06-08,37.169998,37.169998,37.169998,37.169998,0.000000,37.169998
2026-06-09,37.299999,37.299999,37.299999,37.299999,0.000000,37.299999
2026-06-10,36.560001,36.560001,36.560001,36.560001,0.000000,36.560001
2026-06-11,37.320000,37.320000,37.320000,37.320000,0.000000,37.320000
2026-06-12,37.450001,37.450001,37.450001,37.450001,0.000000,37.450001
2026-06-15,37.990002,37.990002,37.990002,37.990002,0.000000,37.990002
2026-06-16,37.810001,37.810001,37.810001,37.810001,0.000000,37.810001
2026-06-17,37.720001,37.720001,37.720001,37.720001,0.000000,37.720001
2026-06-18,37.950001,37.950001,37.950001,37.950001,0.000000,37.950001
2026-06-22,37.860001,37.860001,37.860001,37.860001,0.000000,37.860001
2026-06-23,37.400002,37.400002,37.400002,37.400002,0.000000,37.400002
2026-06-24,37.529999,37.529999,37.529999,37.529999,0.000000,37.529999
2026-06-25,37.730000,37.730000,37.730000,37.730000,0.000000,37.730000
2026-06-26,37.709999,37.709999,37.709999,37.709999,0.000000,37.709999
2026-06-29,38.270000,38.270000,38.270000,38.270000,0.000000,38.270000
2026-06-30,38.610001,38.610001,38.610001,38.610001,0.000000,38.610001
2026-07-01,38.549999,38.549999,38.549999,38.549999,0.000000,38.549999
2026-07-02,38.580002,38.580002,38.580002,38.580002,0.000000,38.580002
2026-07-06,38.799999,38.799999,38.799999,38.799999,0.000000,38.799999
2026-07-07,38.490002,38.490002,38.490002,38.490002,0.000000,38.490002
2026-07-08,38.320000,38.320000,38.320000,38.320000,0.000000,38.320000
2026-07-09,38.549999,38.549999,38.549999,38.549999,0.000000,38.549999
2026-07-10,38.389999,38.389999,38.389999,38.389999,0.000000,38.389999
2026-07-13,38.000000,38.000000,38.000000,38.000000,0.000000,38.000000
2026-07-14,38.049999,38.049999,38.049999,38.049999,0.000000,38.049999
2026-07-15,38.209999,38.209999,38.209999,38.209999,0.000000,38.209999
2026-07-16,37.770000,37.770000,37.770000,37.770000,0.000000,37.770000
2026-07-17,0.000000,0.000000,0.000000,37.259998,0.000000,37.259998
2026-07-20,37.200001,37.200001,37.200001,37.200001,0.000000,37.200001
2026-07-21,37.560001,37.560001,37.560001,37.560001,0.000000,37.560001
2026-07-22,37.290001,37.290001,37.290001,37.290001,0.000000,37.290001
2026-07-23,37.209999,37.209999,37.209999,37.209999,0.000000,37.209999
2026-07-24,37.040001,37.040001,37.040001,37.040001,0.000000,37.040001
2026-07-27,37.320000,37.320000,37.320000,37.320000,0.000000,37.320000
2026-07-28,37.080002,37.080002,37.080002,37.080002,0.000000,37.080002
2026-07-29,36.740002,36.740002,36.740002,36.740002,0.000000,36.740002
2026-07-30,36.810001,36.810001,36.810001,36.810001,0.000000,36.810001
2026-07-31,37.369999,37.369999,37.369999,37.369999,0.000000,37.369999
2026-08-03,,,,,,
2026-08-04,38.230000,38.230000,38.230000,38.230000,0.000000,38.230000
2026-08-05,38.580002,38.580002,38.580002,38.580002,0.000000,38.580002
2026-08-06,38.669998,38.669998,38.669998,38.669998,0.000000,38.669998
2026-08-07,38.889999,38.889999,38.889999,38.889999,0.000000,38.889999
2026-08-10,39.160000,39.160000,39.160000,39.160000,0.000000,39.160000
2026-08-11,39.220001,39.220001,39.220001,39.220001,0.000000,39.220001
2026-08-12,39.160000,39.160000,39.160000,39.160000,0.000000,39.160000
2026-08-13,39.160000,39.160000,39.160000,39.160000,0.000000,39.160000
2026-08-14,39.080002,39.080002,39.080002,39.080002,0.000000,39.080002
2026-08-17,,,,,,
