Date,Open,High,Low,Close,Volume,Adj Close
2019-01-02,43.630001,43.630001,43.630001,43.630001,0.000000,43.630001
2019-01-03,42.119999,42.119999,42.119999,42.119999,0.000000,42.119999
2019-01-04,43.650002,43.650002,43.650002,43.650002,0.000000,43.650002
2019-01-07,44.639999,44.639999,44.639999,44.639999,0.000000,44.639999
2019-01-08,45.040001,45.040001,45.040001,45.040001,0.000000,45.040001
2019-01-09,45.470001,45.470001,45.470001,45.470001,0.000000,45.470001
2019-01-10,45.590000,45.590000,45.590000,45.590000,0.000000,45.590000
2019-01-11,45.599998,45.599998,45.599998,45.599998,0.000000,45.599998
2019-01-14,45.099998,45.099998,45.099998,45.099998,0.000000,45.099998
2019-01-15,45.889999,45.889999,45.889999,45.889999,0.000000,45.889999
2019-01-16,45.900002,45.900002,45.900002,45.900002,0.000000,45.900002
2019-01-17,46.160000,46.160000,46.160000,46.160000,0.000000,46.160000
2019-01-18,46.770000,46.770000,46.770000,46.770000,0.000000,46.770000
2019-01-22,45.990002,45.990002,45.990002,45.990002,0.000000,45.990002
2019-01-23,45.970001,45.970001,45.970001,45.970001,0.000000,45.970001
2019-01-24,46.490002,46.490002,46.490002,46.490002,0.000000,46.490002
2019-01-25,47.389999,47.389999,47.389999,47.389999,0.000000,47.389999
2019-01-28,46.869999,46.869999,46.869999,46.869999,0.000000,46.869999
2019-01-29,46.290001,46.290001,46.290001,46.290001,0.000000,46.290001
2019-01-30,47.330002,47.330002,47.330002,47.330002,0.000000,47.330002
2019-01-31,48.090000,48.090000,48.090000,48.090000,0.000000,48.090000
2019-02-01,48.279999,48.279999,48.279999,48.279999,0.000000,48.279999
2019-02-04,48.759998,48.759998,48.759998,48.759998,0.000000,48.759998
2019-02-05,49.080002,49.080002,49.080002,49.080002,0.000000,49.080002
2019-02-06,49.020000,49.020000,49.020000,49.020000,0.000000,49.020000
2019-02-07,48.450001,48.450001,48.450001,48.450001,0.000000,48.450001
2019-02-08,48.529999,48.529999,48.529999,48.529999,0.000000,48.529999
2019-02-11,48.599998,48.599998,48.599998,48.599998,0.000000,48.599998
2019-02-12,49.580002,49.580002,49.580002,49.580002,0.000000,49.580002
2019-02-13,49.680000,49.680000,49.680000,49.680000,0.000000,49.680000
2019-02-14,49.790001,49.790001,49.790001,49.790001,0.000000,49.790001
2019-02-15,49.900002,49.900002,49.900002,49.900002,0.000000,49.900002
2019-02-19,50.090000,50.090000,50.090000,50.090000,0.000000,50.090000
2019-02-20,50.080002,50.080002,50.080002,50.080002,0.000000,50.080002
2019-02-21,50.040001,50.040001,50.040001,50.040001,0.000000,50.040001
2019-02-22,50.630001,50.630001,50.630001,50.630001,0.000000,50.630001
2019-02-25,51.000000,51.000000,51.000000,51.000000,0.000000,51.000000
2019-02-26,50.919998,50.919998,50.919998,50.919998,0.000000,50.919998
2019-02-27,50.900002,50.900002,50.900002,50.900002,0.000000,50.900002
2019-02-28,50.639999,50.639999,50.639999,50.639999,0.000000,50.639999
2019-03-01,50.959999,50.959999,50.959999,50.959999,0.000000,50.959999
2019-03-04,50.610001,50.610001,50.610001,50.610001,0.000000,50.610001
2019-03-05,50.500000,50.500000,50.500000,50.500000,0.000000,50.500000
2019-03-06,50.070000,50.070000,50.070000,50.070000,0.000000,50.070000
2019-03-07,49.660000,49.660000,49.660000,49.660000,0.000000,49.660000
2019-03-08,49.430000,49.430000,49.430000,49.430000,0.000000,49.430000
2019-03-11,50.349998,50.349998,50.349998,50.349998,0.000000,50.349998
2019-03-12,50.770000,50.770000,50.770000,50.770000,0.000000,50.770000
2019-03-13,50.889999,50.889999,50.889999,50.889999,0.000000,50.889999
2019-03-14,50.830002,50.830002,50.830002,50.830002,0.000000,50.830002
2019-03-15,51.189999,51.189999,51.189999,51.189999,0.000000,51.189999
2019-03-18,,,,,,
2019-03-19,51.759998,51.759998,51.759998,51.759998,0.000000,51.759998
2019-03-20,51.849998,51.849998,51.849998,51.849998,0.000000,51.849998
2019-03-21,52.830002,52.830002,52.830002,52.830002,0.000000,52.830002
2019-03-22,51.689999,51.689999,51.689999,51.689999,0.000000,51.689999
2019-03-25,51.430000,51.430000,51.430000,51.430000,0.000000,51.430000
2019-03-26,51.660000,51.660000,51.660000,51.660000,0.000000,51.660000
2019-03-27,51.139999,51.139999,51.139999,51.139999,0.000000,51.139999
2019-03-28,51.279999,51.279999,51.279999,51.279999,0.000000,51.279999
2019-03-29,51.759998,51.759998,51.759998,51.759998,0.000000,51.759998
2019-04-01,52.419998,52.419998,52.419998,52.419998,0.000000,52.419998
2019-04-02,52.730000,52.730000,52.730000,52.730000,0.000000,52.730000
2019-04-03,53.279999,53.279999,53.279999,53.279999,0.000000,53.279999
2019-04-04,52.869999,52.869999,52.869999,52.869999,0.000000,52.869999
2019-04-05,53.060001,53.060001,53.060001,53.060001,0.000000,53.060001
2019-04-08,53.160000,53.160000,53.160000,53.160000,0.000000,53.160000
2019-04-09,53.090000,53.090000,53.090000,53.090000,0.000000,53.090000
2019-04-10,53.470001,53.470001,53.470001,53.470001,0.000000,53.470001
2019-04-11,53.400002,53.400002,53.400002,53.400002,0.000000,53.400002
2019-04-12,53.750000,53.750000,53.750000,53.750000,0.000000,53.750000
2019-04-15,53.779999,53.779999,53.779999,53.779999,0.000000,53.779999
2019-04-16,53.880001,53.880001,53.880001,53.880001,0.000000,53.880001
2019-04-17,53.820000,53.820000,53.820000,53.820000,0.000000,53.820000
2019-04-18,53.759998,53.759998,53.759998,53.759998,0.000000,53.759998
2019-04-22,,,,,,
2019-04-23,54.750000,54.750000,54.750000,54.750000,0.000000,54.750000
2019-04-24,54.740002,54.740002,54.740002,54.740002,0.000000,54.740002
2019-04-25,54.869999,54.869999,54.869999,54.869999,0.000000,54.869999
2019-04-26,55.040001,55.040001,55.040001,55.040001,0.000000,55.040001
2019-04-29,55.349998,55.349998,55.349998,55.349998,0.000000,55.349998
2019-04-30,54.950001,54.950001,54.950001,54.950001,0.000000,54.950001
2019-05-01,54.529999,54.529999,54.529999,54.529999,0.000000,54.529999
2019-05-02,54.480000,54.480000,54.480000,54.480000,0.000000,54.480000
2019-05-03,55.020000,55.020000,55.020000,55.020000,0.000000,55.020000
2019-05-06,,,,,,
2019-05-07,53.720001,53.720001,53.720001,53.720001,0.000000,53.720001
2019-05-08,53.610001,53.610001,53.610001,53.610001,0.000000,53.610001
2019-05-09,53.259998,53.259998,53.259998,53.259998,0.000000,53.259998
2019-05-10,53.490002,53.490002,53.490002,53.490002,0.000000,53.490002
2019-05-13,51.639999,51.639999,51.639999,51.639999,0.000000,51.639999
2019-05-14,52.279999,52.279999,52.279999,52.279999,0.000000,52.279999
2019-05-15,52.939999,52.939999,52.939999,52.939999,0.000000,52.939999
2019-05-16,53.189999,53.189999,53.189999,53.189999,0.000000,53.189999
2019-05-17,52.459999,52.459999,52.459999,52.459999,0.000000,52.459999
2019-05-20,51.410000,51.410000,51.410000,51.410000,0.000000,51.410000
2019-05-21,51.919998,51.919998,51.919998,51.919998,0.000000,51.919998
2019-05-22,51.660000,51.660000,51.660000,51.660000,0.000000,51.660000
2019-05-23,50.740002,50.740002,50.740002,50.740002,0.000000,50.740002
2019-05-24,50.779999,50.779999,50.779999,50.779999,0.000000,50.779999
2019-05-28,51.029999,51.029999,51.029999,51.029999,0.000000,51.029999
2019-05-29,50.369999,50.369999,50.369999,50.369999,0.000000,50.369999
2019-05-30,50.619999,50.619999,50.619999,50.619999,0.000000,50.619999
2019-05-31,50.160000,50.160000,50.160000,50.160000,0.000000,50.160000
2019-06-03,,,,,,
2019-06-04,50.060001,50.060001,50.060001,50.060001,0.000000,50.060001
2019-06-05,50.669998,50.669998,50.669998,50.669998,0.000000,50.669998
2019-06-06,50.970001,50.970001,50.970001,50.970001,0.000000,50.970001
2019-06-07,51.810001,51.810001,51.810001,51.810001,0.000000,51.810001
2019-06-10,52.490002,52.490002,52.490002,52.490002,0.000000,52.490002
2019-06-11,52.360001,52.360001,52.360001,52.360001,0.000000,52.360001
2019-06-12,52.230000,52.230000,52.230000,52.230000,0.000000,52.230000
2019-06-13,52.209999,52.209999,52.209999,52.209999,0.000000,52.209999
2019-06-14,51.869999,51.869999,51.869999,51.869999,0.000000,51.869999
2019-06-17,52.009998,52.009998,52.009998,52.009998,0.000000,52.009998
2019-06-18,52.660000,52.660000,52.660000,52.660000,0.000000,52.660000
2019-06-19,53.240002,53.240002,53.240002,53.240002,0.000000,53.240002
2019-06-20,53.830002,53.830002,53.830002,53.830002,0.000000,53.830002
2019-06-21,53.590000,53.590000,53.590000,53.590000,0.000000,53.590000
2019-06-24,53.410000,53.410000,53.410000,53.410000,0.000000,53.410000
2019-06-25,52.450001,52.450001,52.450001,52.450001,0.000000,52.450001
2019-06-26,52.709999,52.709999,52.709999,52.709999,0.000000,52.709999
2019-06-27,53.349998,53.349998,53.349998,53.349998,0.000000,53.349998
2019-06-28,53.610001,53.610001,53.610001,53.610001,0.000000,53.610001
2019-07-01,54.290001,54.290001,54.290001,54.290001,0.000000,54.290001
2019-07-02,54.490002,54.490002,54.490002,54.490002,0.000000,54.490002
2019-07-03,54.650002,54.650002,54.650002,54.650002,0.000000,54.650002
2019-07-05,54.650002,54.650002,54.650002,54.650002,0.000000,54.650002
2019-07-08,54.270000,54.270000,54.270000,54.270000,0.000000,54.270000
2019-07-09,54.619999,54.619999,54.619999,54.619999,0.000000,54.619999
2019-07-10,55.009998,55.009998,55.009998,55.009998,0.000000,55.009998
2019-07-11,55.060001,55.060001,55.060001,55.060001,0.000000,55.060001
2019-07-12,55.189999,55.189999,55.189999,55.189999,0.000000,55.189999
2019-07-15,55.450001,55.450001,55.450001,55.450001,0.000000,55.450001
2019-07-16,55.150002,55.150002,55.150002,55.150002,0.000000,55.150002
2019-07-17,55.090000,55.090000,55.090000,55.090000,0.000000,55.090000
2019-07-18,55.029999,55.029999,55.029999,55.029999,0.000000,55.029999
2019-07-19,54.939999,54.939999,54.939999,54.939999,0.000000,54.939999
2019-07-22,55.430000,55.430000,55.430000,55.430000,0.000000,55.430000
2019-07-23,55.610001,55.610001,55.610001,55.610001,0.000000,55.610001
2019-07-24,56.299999,56.299999,56.299999,56.299999,0.000000,56.299999
2019-07-25,56.020000,56.020000,56.020000,56.020000,0.000000,56.020000
2019-07-26,56.540001,56.540001,56.540001,56.540001,0.000000,56.540001
2019-07-29,55.959999,55.959999,55.959999,55.959999,0.000000,55.959999
2019-07-30,55.990002,55.990002,55.990002,55.990002,0.000000,55.990002
2019-07-31,55.009998,55.009998,55.009998,55.009998,0.000000,55.009998
2019-08-01,54.869999,54.869999,54.869999,54.869999,0.000000,54.869999
2019-08-02,53.860001,53.860001,53.860001,53.860001,0.000000,53.860001
2019-08-05,,,,,,
2019-08-06,52.509998,52.509998,52.509998,52.509998,0.000000,52.509998
2019-08-07,52.750000,52.750000,52.750000,52.750000,0.000000,52.750000
2019-08-08,54.209999,54.209999,54.209999,54.209999,0.000000,54.209999
2019-08-09,53.549999,53.549999,53.549999,53.549999,0.000000,53.549999
2019-08-12,52.860001,52.860001,52.860001,52.860001,0.000000,52.860001
2019-08-13,53.639999,53.639999,53.639999,53.639999,0.000000,53.639999
2019-08-14,52.389999,52.389999,52.389999,52.389999,0.000000,52.389999
2019-08-15,52.299999,52.299999,52.299999,52.299999,0.000000,52.299999
2019-08-16,53.110001,53.110001,53.110001,53.110001,0.000000,53.110001
2019-08-19,53.639999,53.639999,53.639999,53.639999,0.000000,53.639999
2019-08-20,53.580002,53.580002,53.580002,53.580002,0.000000,53.580002
2019-08-21,54.160000,54.160000,54.160000,54.160000,0.000000,54.160000
2019-08-22,54.060001,54.060001,54.060001,54.060001,0.000000,54.060001
2019-08-23,52.919998,52.919998,52.919998,52.919998,0.000000,52.919998
2019-08-26,,,,,,
2019-08-27,53.250000,53.250000,53.250000,53.250000,0.000000,53.250000
2019-08-28,53.020000,53.020000,53.020000,53.020000,0.000000,53.020000
2019-08-29,53.759998,53.759998,53.759998,53.759998,0.000000,53.759998
2019-08-30,53.820000,53.820000,53.820000,53.820000,0.000000,53.820000
2019-09-03,53.169998,53.169998,53.169998,53.169998,0.000000,53.169998
2019-09-04,53.810001,53.810001,53.810001,53.810001,0.000000,53.810001
2019-09-05,54.820000,54.820000,54.820000,54.820000,0.000000,54.820000
2019-09-06,54.509998,54.509998,54.509998,54.509998,0.000000,54.509998
2019-09-09,53.980000,53.980000,53.980000,53.980000,0.000000,53.980000
2019-09-10,53.650002,53.650002,53.650002,53.650002,0.000000,53.650002
2019-09-11,54.099998,54.099998,54.099998,54.099998,0.000000,54.099998
2019-09-12,54.389999,54.389999,54.389999,54.389999,0.000000,54.389999
2019-09-13,54.160000,54.160000,54.160000,54.160000,0.000000,54.160000
2019-09-16,54.119999,54.119999,54.119999,54.119999,0.000000,54.119999
2019-09-17,54.439999,54.439999,54.439999,54.439999,0.000000,54.439999
2019-09-18,54.490002,54.490002,54.490002,54.490002,0.000000,54.490002
2019-09-19,54.680000,54.680000,54.680000,54.680000,0.000000,54.680000
2019-09-20,54.340000,54.340000,54.340000,54.340000,0.000000,54.340000
2019-09-23,54.209999,54.209999,54.209999,54.209999,0.000000,54.209999
2019-09-24,53.400002,53.400002,53.400002,53.400002,0.000000,53.400002
2019-09-25,53.770000,53.770000,53.770000,53.770000,0.000000,53.770000
2019-09-26,53.799999,53.799999,53.799999,53.799999,0.000000,53.799999
2019-09-27,52.950001,52.950001,52.950001,52.950001,0.000000,52.950001
2019-09-30,53.250000,53.250000,53.250000,53.250000,0.000000,53.250000
2019-10-01,52.959999,52.959999,52.959999,52.959999,0.000000,52.959999
2019-10-02,52.150002,52.150002,52.150002,52.150002,0.000000,52.150002
2019-10-03,52.889999,52.889999,52.889999,52.889999,0.000000,52.889999
2019-10-04,53.669998,53.669998,53.669998,53.669998,0.000000,53.669998
2019-10-07,53.630001,53.630001,53.630001,53.630001,0.000000,53.630001
2019-10-08,52.730000,52.730000,52.730000,52.730000,0.000000,52.730000
2019-10-09,53.220001,53.220001,53.220001,53.220001,0.000000,53.220001
2019-10-10,53.270000,53.270000,53.270000,53.270000,0.000000,53.270000
2019-10-11,54.189999,54.189999,54.189999,54.189999,0.000000,54.189999
2019-10-14,,,,,,
2019-10-15,54.849998,54.849998,54.849998,54.849998,0.000000,54.849998
2019-10-16,54.360001,54.360001,54.360001,54.360001,0.000000,54.360001
2019-10-17,54.380001,54.380001,54.380001,54.380001,0.000000,54.380001
2019-10-18,53.650002,53.650002,53.650002,53.650002,0.000000,53.650002
2019-10-21,54.119999,54.119999,54.119999,54.119999,0.000000,54.119999
2019-10-22,53.540001,53.540001,53.540001,53.540001,0.000000,53.540001
2019-10-23,53.639999,53.639999,53.639999,53.639999,0.000000,53.639999
2019-10-24,54.389999,54.389999,54.389999,54.389999,0.000000,54.389999
2019-10-25,54.750000,54.750000,54.750000,54.750000,0.000000,54.750000
2019-10-28,,,,,,
2019-10-29,54.959999,54.959999,54.959999,54.959999,0.000000,54.959999
2019-10-30,55.250000,55.250000,55.250000,55.250000,0.000000,55.250000
2019-10-31,55.099998,55.099998,55.099998,55.099998,0.000000,55.099998
2019-11-01,55.610001,55.610001,55.610001,55.610001,0.000000,55.610001
2019-11-04,55.900002,55.900002,55.900002,55.900002,0.000000,55.900002
2019-11-05,56.029999,56.029999,56.029999,56.029999,0.000000,56.029999
2019-11-06,55.919998,55.919998,55.919998,55.919998,0.000000,55.919998
2019-11-07,56.130001,56.130001,56.130001,56.130001,0.000000,56.130001
2019-11-08,56.270000,56.270000,56.270000,56.270000,0.000000,56.270000
2019-11-11,,,,,,
2019-11-12,56.590000,56.590000,56.590000,56.590000,0.000000,56.590000
2019-11-13,56.650002,56.650002,56.650002,56.650002,0.000000,56.650002
2019-11-14,56.630001,56.630001,56.630001,56.630001,0.000000,56.630001
2019-11-15,57.240002,57.240002,57.240002,57.240002,0.000000,57.240002
2019-11-18,57.459999,57.459999,57.459999,57.459999,0.000000,57.459999
2019-11-19,57.630001,57.630001,57.630001,57.630001,0.000000,57.630001
2019-11-20,57.330002,57.330002,57.330002,57.330002,0.000000,57.330002
2019-11-21,56.980000,56.980000,56.980000,56.980000,0.000000,56.980000
2019-11-22,57.020000,57.020000,57.020000,57.020000,0.000000,57.020000
2019-11-25,57.680000,57.680000,57.680000,57.680000,0.000000,57.680000
2019-11-26,57.880001,57.880001,57.880001,57.880001,0.000000,57.880001
2019-11-27,58.299999,58.299999,58.299999,58.299999,0.000000,58.299999
2019-11-29,57.939999,57.939999,57.939999,57.939999,0.000000,57.939999
2019-12-02,57.160000,57.160000,57.160000,57.160000,0.000000,57.160000
2019-12-03,56.970001,56.970001,56.970001,56.970001,0.000000,56.970001
2019-12-04,56.939999,56.939999,56.939999,56.939999,0.000000,56.939999
2019-12-05,57.150002,57.150002,57.150002,57.150002,0.000000,57.150002
2019-12-06,57.560001,57.560001,57.560001,57.560001,0.000000,57.560001
2019-12-09,57.349998,57.349998,57.349998,57.349998,0.000000,57.349998
2019-12-10,57.279999,57.279999,57.279999,57.279999,0.000000,57.279999
2019-12-11,57.490002,57.490002,57.490002,57.490002,0.000000,57.490002
2019-12-12,58.020000,58.020000,58.020000,58.020000,0.000000,58.020000
2019-12-13,58.590000,58.590000,58.590000,58.590000,0.000000,58.590000
2019-12-16,59.160000,59.160000,59.160000,59.160000,0.000000,59.160000
2019-12-17,59.200001,59.200001,59.200001,59.200001,0.000000,59.200001
2019-12-18,59.220001,59.220001,59.220001,59.220001,0.000000,59.220001
2019-12-19,59.470001,59.470001,59.470001,59.470001,0.000000,59.470001
2019-12-20,59.730000,59.730000,59.730000,59.730000,0.000000,59.730000
2019-12-23,59.820000,59.820000,59.820000,59.820000,0.000000,59.820000
2019-12-24,59.860001,59.860001,59.860001,59.860001,0.000000,59.860001
2019-12-26,,,,,,
2019-12-27,,,,,,
2019-12-30,59.880001,59.880001,59.880001,59.880001,0.000000,59.880001
2019-12-31,59.950001,59.950001,59.950001,59.950001,0.000000,59.950001
2020-01-02,61.220001,61.220001,61.220001,61.220001,0.000000,61.220001
2020-01-03,60.779999,60.779999,60.779999,60.779999,0.000000,60.779999
2020-01-06,61.049999,61.049999,61.049999,61.049999,0.000000,61.049999
2020-01-07,61.270000,61.270000,61.270000,61.270000,0.000000,61.270000
2020-01-08,61.790001,61.790001,61.790001,61.790001,0.000000,61.790001
2020-01-09,62.730000,62.730000,62.730000,62.730000,0.000000,62.730000
2020-01-10,62.849998,62.849998,62.849998,62.849998,0.000000,62.849998
2020-01-13,63.599998,63.599998,63.599998,63.599998,0.000000,63.599998
2020-01-14,63.389999,63.389999,63.389999,63.389999,0.000000,63.389999
2020-01-15,63.410000,63.410000,63.410000,63.410000,0.000000,63.410000
2020-01-16,63.980000,63.980000,63.980000,63.980000,0.000000,63.980000
2020-01-17,64.330002,64.330002,64.330002,64.330002,0.000000,64.330002
2020-01-21,64.160004,64.160004,64.160004,64.160004,0.000000,64.160004
2020-01-22,64.320000,64.320000,64.320000,64.320000,0.000000,64.320000
2020-01-23,64.300003,64.300003,64.300003,64.300003,0.000000,64.300003
2020-01-24,63.980000,63.980000,63.980000,63.980000,0.000000,63.980000
2020-01-27,62.660000,62.660000,62.660000,62.660000,0.000000,62.660000
2020-01-28,63.450001,63.450001,63.450001,63.450001,0.000000,63.450001
2020-01-29,63.509998,63.509998,63.509998,63.509998,0.000000,63.509998
2020-01-30,63.279999,63.279999,63.279999,63.279999,0.000000,63.279999
2020-01-31,62.230000,62.230000,62.230000,62.230000,0.000000,62.230000
2020-02-03,63.049999,63.049999,63.049999,63.049999,0.000000,63.049999
2020-02-04,64.480003,64.480003,64.480003,64.480003,0.000000,64.480003
2020-02-05,64.250000,64.250000,64.250000,64.250000,0.000000,64.250000
2020-02-06,64.849998,64.849998,64.849998,64.849998,0.000000,64.849998
2020-02-07,64.639999,64.639999,64.639999,64.639999,0.000000,64.639999
2020-02-10,65.250000,65.250000,65.250000,65.250000,0.000000,65.250000
2020-02-11,65.290001,65.290001,65.290001,65.290001,0.000000,65.290001
2020-02-12,65.980003,65.980003,65.980003,65.980003,0.000000,65.980003
2020-02-13,66.010002,66.010002,66.010002,66.010002,0.000000,66.010002
2020-02-14,66.190002,66.190002,66.190002,66.190002,0.000000,66.190002
2020-02-18,65.779999,65.779999,65.779999,65.779999,0.000000,65.779999
2020-02-19,66.550003,66.550003,66.550003,66.550003,0.000000,66.550003
2020-02-20,65.980003,65.980003,65.980003,65.980003,0.000000,65.980003
2020-02-21,64.570000,64.570000,64.570000,64.570000,0.000000,64.570000
2020-02-24,62.459999,62.459999,62.459999,62.459999,0.000000,62.459999
2020-02-25,61.330002,61.330002,61.330002,61.330002,0.000000,61.330002
2020-02-26,61.419998,61.419998,61.419998,61.419998,0.000000,61.419998
2020-02-27,59.509998,59.509998,59.509998,59.509998,0.000000,59.509998
2020-02-28,60.060001,60.060001,60.060001,60.060001,0.000000,60.060001
2020-03-02,61.619999,61.619999,61.619999,61.619999,0.000000,61.619999
2020-03-03,60.299999,60.299999,60.299999,60.299999,0.000000,60.299999
2020-03-04,61.810001,61.810001,61.810001,61.810001,0.000000,61.810001
2020-03-05,60.770000,60.770000,60.770000,60.770000,0.000000,60.770000
2020-03-06,59.680000,59.680000,59.680000,59.680000,0.000000,59.680000
2020-03-09,55.889999,55.889999,55.889999,55.889999,0.000000,55.889999
2020-03-10,58.080002,58.080002,58.080002,58.080002,0.000000,58.080002
2020-03-11,55.840000,55.840000,55.840000,55.840000,0.000000,55.840000
2020-03-12,51.930000,51.930000,51.930000,51.930000,0.000000,51.930000
2020-03-13,54.799999,54.799999,54.799999,54.799999,0.000000,54.799999
2020-03-16,49.709999,49.709999,49.709999,49.709999,0.000000,49.709999
2020-03-17,,,,,,
2020-03-18,50.630001,50.630001,50.630001,50.630001,0.000000,50.630001
2020-03-19,51.270000,51.270000,51.270000,51.270000,0.000000,51.270000
2020-03-20,50.470001,50.470001,50.470001,50.470001,0.000000,50.470001
2020-03-23,50.849998,50.849998,50.849998,50.849998,0.000000,50.849998
2020-03-24,54.540001,54.540001,54.540001,54.540001,0.000000,54.540001
2020-03-25,54.220001,54.220001,54.220001,54.220001,0.000000,54.220001
2020-03-26,56.630001,56.630001,56.630001,56.630001,0.000000,56.630001
2020-03-27,55.160000,55.160000,55.160000,55.160000,0.000000,55.160000
2020-03-30,56.330002,56.330002,56.330002,56.330002,0.000000,56.330002
2020-03-31,55.700001,55.700001,55.700001,55.700001,0.000000,55.700001
2020-04-01,53.660000,53.660000,53.660000,53.660000,0.000000,53.660000
2020-04-02,53.970001,53.970001,53.970001,53.970001,0.000000,53.970001
2020-04-03,53.340000,53.340000,53.340000,53.340000,0.000000,53.340000
2020-04-06,56.630001,56.630001,56.630001,56.630001,0.000000,56.630001
2020-04-07,56.619999,56.619999,56.619999,56.619999,0.000000,56.619999
2020-04-08,57.900002,57.900002,57.900002,57.900002,0.000000,57.900002
2020-04-09,57.970001,57.970001,57.970001,57.970001,0.000000,57.970001
2020-04-13,,,,,,
2020-04-14,60.709999,60.709999,60.709999,60.709999,0.000000,60.709999
2020-04-15,60.380001,60.380001,60.380001,60.380001,0.000000,60.380001
2020-04-16,61.389999,61.389999,61.389999,61.389999,0.000000,61.389999
2020-04-17,61.910000,61.910000,61.910000,61.910000,0.000000,61.910000
2020-04-20,61.970001,61.970001,61.970001,61.970001,0.000000,61.970001
2020-04-21,59.939999,59.939999,59.939999,59.939999,0.000000,59.939999
2020-04-22,61.430000,61.430000,61.430000,61.430000,0.000000,61.430000
2020-04-23,61.200001,61.200001,61.200001,61.200001,0.000000,61.200001
2020-04-24,61.610001,61.610001,61.610001,61.610001,0.000000,61.610001
2020-04-27,62.160000,62.160000,62.160000,62.160000,0.000000,62.160000
2020-04-28,61.380001,61.380001,61.380001,61.380001,0.000000,61.380001
2020-04-29,63.110001,63.110001,63.110001,63.110001,0.000000,63.110001
2020-04-30,63.070000,63.070000,63.070000,63.070000,0.000000,63.070000
2020-05-01,61.549999,61.549999,61.549999,61.549999,0.000000,61.549999
2020-05-04,,,,,,
2020-05-05,62.750000,62.750000,62.750000,62.750000,0.000000,62.750000
2020-05-06,63.529999,63.529999,63.529999,63.529999,0.000000,63.529999
2020-05-07,64.769997,64.769997,64.769997,64.769997,0.000000,64.769997
2020-05-08,,,,,,
2020-05-11,66.370003,66.370003,66.370003,66.370003,0.000000,66.370003
2020-05-12,65.589996,65.589996,65.589996,65.589996,0.000000,65.589996
2020-05-13,64.889999,64.889999,64.889999,64.889999,0.000000,64.889999
2020-05-14,64.940002,64.940002,64.940002,64.940002,0.000000,64.940002
2020-05-15,65.379997,65.379997,65.379997,65.379997,0.000000,65.379997
2020-05-18,66.080002,66.080002,66.080002,66.080002,0.000000,66.080002
2020-05-19,66.620003,66.620003,66.620003,66.620003,0.000000,66.620003
2020-05-20,68.040001,68.040001,68.040001,68.040001,0.000000,68.040001
2020-05-21,67.320000,67.320000,67.320000,67.320000,0.000000,67.320000
2020-05-22,67.430000,67.430000,67.430000,67.430000,0.000000,67.430000
2020-05-26,67.459999,67.459999,67.459999,67.459999,0.000000,67.459999
2020-05-27,67.190002,67.190002,67.190002,67.190002,0.000000,67.190002
2020-05-28,67.190002,67.190002,67.190002,67.190002,0.000000,67.190002
2020-05-29,68.160004,68.160004,68.160004,68.160004,0.000000,68.160004
2020-06-01,,,,,,
2020-06-02,69.489998,69.489998,69.489998,69.489998,0.000000,69.489998
2020-06-03,69.830002,69.830002,69.830002,69.830002,0.000000,69.830002
2020-06-04,68.970001,68.970001,68.970001,68.970001,0.000000,68.970001
2020-06-05,69.879997,69.879997,69.879997,69.879997,0.000000,69.879997
2020-06-08,70.080002,70.080002,70.080002,70.080002,0.000000,70.080002
2020-06-09,70.669998,70.669998,70.669998,70.669998,0.000000,70.669998
2020-06-10,71.570000,71.570000,71.570000,71.570000,0.000000,71.570000
2020-06-11,68.660004,68.660004,68.660004,68.660004,0.000000,68.660004
2020-06-12,69.059998,69.059998,69.059998,69.059998,0.000000,69.059998
2020-06-15,69.580002,69.580002,69.580002,69.580002,0.000000,69.580002
2020-06-16,70.980003,70.980003,70.980003,70.980003,0.000000,70.980003
2020-06-17,71.360001,71.360001,71.360001,71.360001,0.000000,71.360001
2020-06-18,71.760002,71.760002,71.760002,71.760002,0.000000,71.760002
2020-06-19,71.709999,71.709999,71.709999,71.709999,0.000000,71.709999
2020-06-22,72.860001,72.860001,72.860001,72.860001,0.000000,72.860001
2020-06-23,73.629997,73.629997,73.629997,73.629997,0.000000,73.629997
2020-06-24,72.339996,72.339996,72.339996,72.339996,0.000000,72.339996
2020-06-25,73.000000,73.000000,73.000000,73.000000,0.000000,73.000000
2020-06-26,71.760002,71.760002,71.760002,71.760002,0.000000,71.760002
2020-06-29,71.779999,71.779999,71.779999,71.779999,0.000000,71.779999
2020-06-30,73.000000,73.000000,73.000000,73.000000,0.000000,73.000000
2020-07-01,73.779999,73.779999,73.779999,73.779999,0.000000,73.779999
2020-07-02,74.129997,74.129997,74.129997,74.129997,0.000000,74.129997
2020-07-06,75.830002,75.830002,75.830002,75.830002,0.000000,75.830002
2020-07-07,75.410004,75.410004,75.410004,75.410004,0.000000,75.410004
2020-07-08,76.930000,76.930000,76.930000,76.930000,0.000000,76.930000
2020-07-09,77.790001,77.790001,77.790001,77.790001,0.000000,77.790001
2020-07-10,77.680000,77.680000,77.680000,77.680000,0.000000,77.680000
2020-07-13,75.800003,75.800003,75.800003,75.800003,0.000000,75.800003
2020-07-14,75.989998,75.989998,75.989998,75.989998,0.000000,75.989998
2020-07-15,76.360001,76.360001,76.360001,76.360001,0.000000,76.360001
2020-07-16,75.330002,75.330002,75.330002,75.330002,0.000000,75.330002
2020-07-17,75.699997,75.699997,75.699997,75.699997,0.000000,75.699997
2020-07-20,77.790001,77.790001,77.790001,77.790001,0.000000,77.790001
2020-07-21,77.550003,77.550003,77.550003,77.550003,0.000000,77.550003
2020-07-22,77.720001,77.720001,77.720001,77.720001,0.000000,77.720001
2020-07-23,76.349998,76.349998,76.349998,76.349998,0.000000,76.349998
2020-07-24,76.010002,76.010002,76.010002,76.010002,0.000000,76.010002
2020-07-27,77.290001,77.290001,77.290001,77.290001,0.000000,77.290001
2020-07-28,76.680000,76.680000,76.680000,76.680000,0.000000,76.680000
2020-07-29,77.769997,77.769997,77.769997,77.769997,0.000000,77.769997
2020-07-30,78.120003,78.120003,78.120003,78.120003,0.000000,78.120003
2020-07-31,78.949997,78.949997,78.949997,78.949997,0.000000,78.949997
2020-08-03,,,,,,
2020-08-04,80.750000,80.750000,80.750000,80.750000,0.000000,80.750000
2020-08-05,81.330002,81.330002,81.330002,81.330002,0.000000,81.330002
2020-08-06,81.919998,81.919998,81.919998,81.919998,0.000000,81.919998
2020-08-07,80.309998,80.309998,80.309998,80.309998,0.000000,80.309998
2020-08-10,79.449997,79.449997,79.449997,79.449997,0.000000,79.449997
2020-08-11,78.339996,78.339996,78.339996,78.339996,0.000000,78.339996
2020-08-12,79.529999,79.529999,79.529999,79.529999,0.000000,79.529999
2020-08-13,80.000000,80.000000,80.000000,80.000000,0.000000,80.000000
2020-08-14,79.730003,79.730003,79.730003,79.730003,0.000000,79.730003
2020-08-17,80.279999,80.279999,80.279999,80.279999,0.000000,80.279999
2020-08-18,80.820000,80.820000,80.820000,80.820000,0.000000,80.820000
2020-08-19,80.389999,80.389999,80.389999,80.389999,0.000000,80.389999
2020-08-20,81.010002,81.010002,81.010002,81.010002,0.000000,81.010002
2020-08-21,81.580002,81.580002,81.580002,81.580002,0.000000,81.580002
2020-08-24,82.230003,82.230003,82.230003,82.230003,0.000000,82.230003
2020-08-25,82.989998,82.989998,82.989998,82.989998,0.000000,82.989998
2020-08-26,85.389999,85.389999,85.389999,85.389999,0.000000,85.389999
2020-08-27,84.800003,84.800003,84.800003,84.800003,0.000000,84.800003
2020-08-28,85.160004,85.160004,85.160004,85.160004,0.000000,85.160004
2020-08-31,,,,,,
2020-09-01,87.260002,87.260002,87.260002,87.260002,0.000000,87.260002
2020-09-02,87.919998,87.919998,87.919998,87.919998,0.000000,87.919998
2020-09-03,83.989998,83.989998,83.989998,83.989998,0.000000,83.989998
2020-09-04,82.239998,82.239998,82.239998,82.239998,0.000000,82.239998
2020-09-08,79.889999,79.889999,79.889999,79.889999,0.000000,79.889999
2020-09-09,81.279999,81.279999,81.279999,81.279999,0.000000,81.279999
2020-09-10,80.309998,80.309998,80.309998,80.309998,0.000000,80.309998
2020-09-11,79.809998,79.809998,79.809998,79.809998,0.000000,79.809998
2020-09-14,80.860001,80.860001,80.860001,80.860001,0.000000,80.860001
2020-09-15,81.760002,81.760002,81.760002,81.760002,0.000000,81.760002
2020-09-16,81.010002,81.010002,81.010002,81.010002,0.000000,81.010002
2020-09-17,80.129997,80.129997,80.129997,80.129997,0.000000,80.129997
2020-09-18,79.889999,79.889999,79.889999,79.889999,0.000000,79.889999
2020-09-21,80.400002,80.400002,80.400002,80.400002,0.000000,80.400002
2020-09-22,81.190002,81.190002,81.190002,81.190002,0.000000,81.190002
2020-09-23,79.669998,79.669998,79.669998,79.669998,0.000000,79.669998
2020-09-24,79.389999,79.389999,79.389999,79.389999,0.000000,79.389999
2020-09-25,80.650002,80.650002,80.650002,80.650002,0.000000,80.650002
2020-09-28,81.830002,81.830002,81.830002,81.830002,0.000000,81.830002
2020-09-29,82.169998,82.169998,82.169998,82.169998,0.000000,82.169998
2020-09-30,82.540001,82.540001,82.540001,82.540001,0.000000,82.540001
2020-10-01,83.660004,83.660004,83.660004,83.660004,0.000000,83.660004
2020-10-02,82.279999,82.279999,82.279999,82.279999,0.000000,82.279999
2020-10-05,83.690002,83.690002,83.690002,83.690002,0.000000,83.690002
2020-10-06,83.089996,83.089996,83.089996,83.089996,0.000000,83.089996
2020-10-07,84.449997,84.449997,84.449997,84.449997,0.000000,84.449997
2020-10-08,84.680000,84.680000,84.680000,84.680000,0.000000,84.680000
2020-10-09,85.949997,85.949997,85.949997,85.949997,0.000000,85.949997
2020-10-12,,,,,,
2020-10-13,88.250000,88.250000,88.250000,88.250000,0.000000,88.250000
2020-10-14,87.690002,87.690002,87.690002,87.690002,0.000000,87.690002
2020-10-15,87.050003,87.050003,87.050003,87.050003,0.000000,87.050003
2020-10-16,86.949997,86.949997,86.949997,86.949997,0.000000,86.949997
2020-10-19,86.370003,86.370003,86.370003,86.370003,0.000000,86.370003
2020-10-20,86.480003,86.480003,86.480003,86.480003,0.000000,86.480003
2020-10-21,86.580002,86.580002,86.580002,86.580002,0.000000,86.580002
2020-10-22,86.349998,86.349998,86.349998,86.349998,0.000000,86.349998
2020-10-23,86.889999,86.889999,86.889999,86.889999,0.000000,86.889999
2020-10-26,,,,,,
2020-10-27,86.199997,86.199997,86.199997,86.199997,0.000000,86.199997
2020-10-28,83.980003,83.980003,83.980003,83.980003,0.000000,83.980003
2020-10-29,84.900002,84.900002,84.900002,84.900002,0.000000,84.900002
2020-10-30,82.930000,82.930000,82.930000,82.930000,0.000000,82.930000
2020-11-02,83.099998,83.099998,83.099998,83.099998,0.000000,83.099998
2020-11-03,83.779999,83.779999,83.779999,83.779999,0.000000,83.779999
2020-11-04,87.050003,87.050003,87.050003,87.050003,0.000000,87.050003
2020-11-05,89.400002,89.400002,89.400002,89.400002,0.000000,89.400002
2020-11-06,90.129997,90.129997,90.129997,90.129997,0.000000,90.129997
2020-11-09,87.750000,87.750000,87.750000,87.750000,0.000000,87.750000
2020-11-10,85.269997,85.269997,85.269997,85.269997,0.000000,85.269997
2020-11-11,,,,,,
2020-11-12,86.459999,86.459999,86.459999,86.459999,0.000000,86.459999
2020-11-13,86.959999,86.959999,86.959999,86.959999,0.000000,86.959999
2020-11-16,87.669998,87.669998,87.669998,87.669998,0.000000,87.669998
2020-11-17,87.589996,87.589996,87.589996,87.589996,0.000000,87.589996
2020-11-18,87.309998,87.309998,87.309998,87.309998,0.000000,87.309998
2020-11-19,87.889999,87.889999,87.889999,87.889999,0.000000,87.889999
2020-11-20,87.910004,87.910004,87.910004,87.910004,0.000000,87.910004
2020-11-23,88.160004,88.160004,88.160004,88.160004,0.000000,88.160004
2020-11-24,88.889999,88.889999,88.889999,88.889999,0.000000,88.889999
2020-11-25,89.160004,89.160004,89.160004,89.160004,0.000000,89.160004
2020-11-27,90.309998,90.309998,90.309998,90.309998,0.000000,90.309998
2020-11-30,90.050003,90.050003,90.050003,90.050003,0.000000,90.050003
2020-12-01,91.059998,91.059998,91.059998,91.059998,0.000000,91.059998
2020-12-02,91.309998,91.309998,91.309998,91.309998,0.000000,91.309998
2020-12-03,91.379997,91.379997,91.379997,91.379997,0.000000,91.379997
2020-12-04,92.000000,92.000000,92.000000,92.000000,0.000000,92.000000
2020-12-07,92.430000,92.430000,92.430000,92.430000,0.000000,92.430000
2020-12-08,92.650002,92.650002,92.650002,92.650002,0.000000,92.650002
2020-12-09,91.330002,91.330002,91.330002,91.330002,0.000000,91.330002
2020-12-10,91.720001,91.720001,91.720001,91.720001,0.000000,91.720001
2020-12-11,91.559998,91.559998,91.559998,91.559998,0.000000,91.559998
2020-12-14,91.750000,91.750000,91.750000,91.750000,0.000000,91.750000
2020-12-15,92.419998,92.419998,92.419998,92.419998,0.000000,92.419998
2020-12-16,93.019997,93.019997,93.019997,93.019997,0.000000,93.019997
2020-12-17,93.709999,93.709999,93.709999,93.709999,0.000000,93.709999
2020-12-18,93.940002,93.940002,93.940002,93.940002,0.000000,93.940002
2020-12-21,93.930000,93.930000,93.930000,93.930000,0.000000,93.930000
2020-12-22,94.550003,94.550003,94.550003,94.550003,0.000000,94.550003
2020-12-23,94.269997,94.269997,94.269997,94.269997,0.000000,94.269997
2020-12-24,94.190002,94.190002,94.190002,94.190002,0.000000,94.190002
2020-12-28,,,,,,
2020-12-29,,,,,,
2020-12-30,94.529999,94.529999,94.529999,94.529999,0.000000,94.529999
2020-12-31,94.529999,94.529999,94.529999,94.529999,0.000000,94.529999
2021-01-04,94.010002,94.010002,94.010002,94.010002,0.000000,94.010002
2021-01-05,95.110001,95.110001,95.110001,95.110001,0.000000,95.110001
2021-01-06,93.620003,93.620003,93.620003,93.620003,0.000000,93.620003
2021-01-07,95.919998,95.919998,95.919998,95.919998,0.000000,95.919998
2021-01-08,97.599998,97.599998,97.599998,97.599998,0.000000,97.599998
2021-01-11,97.160004,97.160004,97.160004,97.160004,0.000000,97.160004
2021-01-12,97.400002,97.400002,97.400002,97.400002,0.000000,97.400002
2021-01-13,97.849998,97.849998,97.849998,97.849998,0.000000,97.849998
2021-01-14,97.750000,97.750000,97.750000,97.750000,0.000000,97.750000
2021-01-15,96.690002,96.690002,96.690002,96.690002,0.000000,96.690002
2021-01-19,98.040001,98.040001,98.040001,98.040001,0.000000,98.040001
2021-01-20,99.910004,99.910004,99.910004,99.910004,0.000000,99.910004
2021-01-21,100.980003,100.980003,100.980003,100.980003,0.000000,100.980003
2021-01-22,100.599998,100.599998,100.599998,100.599998,0.000000,100.599998
2021-01-25,101.080002,101.080002,101.080002,101.080002,0.000000,101.080002
2021-01-26,100.110001,100.110001,100.110001,100.110001,0.000000,100.110001
2021-01-27,97.959999,97.959999,97.959999,97.959999,0.000000,97.959999
2021-01-28,97.949997,97.949997,97.949997,97.949997,0.000000,97.949997
2021-01-29,96.550003,96.550003,96.550003,96.550003,0.000000,96.550003
2021-02-01,98.580002,98.580002,98.580002,98.580002,0.000000,98.580002
2021-02-02,99.849998,99.849998,99.849998,99.849998,0.000000,99.849998
2021-02-03,99.989998,99.989998,99.989998,99.989998,0.000000,99.989998
2021-02-04,100.360001,100.360001,100.360001,100.360001,0.000000,100.360001
2021-02-05,100.970001,100.970001,100.970001,100.970001,0.000000,100.970001
2021-02-08,101.519997,101.519997,101.519997,101.519997,0.000000,101.519997
2021-02-09,101.910004,101.910004,101.910004,101.910004,0.000000,101.910004
2021-02-10,102.080002,102.080002,102.080002,102.080002,0.000000,102.080002
2021-02-11,103.160004,103.160004,103.160004,103.160004,0.000000,103.160004
2021-02-12,104.029999,104.029999,104.029999,104.029999,0.000000,104.029999
2021-02-16,104.160004,104.160004,104.160004,104.160004,0.000000,104.160004
2021-02-17,102.959999,102.959999,102.959999,102.959999,0.000000,102.959999
2021-02-18,102.230003,102.230003,102.230003,102.230003,0.000000,102.230003
2021-02-19,102.820000,102.820000,102.820000,102.820000,0.000000,102.820000
2021-02-22,100.160004,100.160004,100.160004,100.160004,0.000000,100.160004
2021-02-23,99.529999,99.529999,99.529999,99.529999,0.000000,99.529999
2021-02-24,99.580002,99.580002,99.580002,99.580002,0.000000,99.580002
2021-02-25,96.800003,96.800003,96.800003,96.800003,0.000000,96.800003
2021-02-26,96.940002,96.940002,96.940002,96.940002,0.000000,96.940002
2021-03-01,99.010002,99.010002,99.010002,99.010002,0.000000,99.010002
2021-03-02,97.610001,97.610001,97.610001,97.610001,0.000000,97.610001
2021-03-03,95.199997,95.199997,95.199997,95.199997,0.000000,95.199997
2021-03-04,92.470001,92.470001,92.470001,92.470001,0.000000,92.470001
2021-03-05,92.519997,92.519997,92.519997,92.519997,0.000000,92.519997
2021-03-08,89.459999,89.459999,89.459999,89.459999,0.000000,89.459999
2021-03-09,92.290001,92.290001,92.290001,92.290001,0.000000,92.290001
2021-03-10,91.959999,91.959999,91.959999,91.959999,0.000000,91.959999
2021-03-11,95.010002,95.010002,95.010002,95.010002,0.000000,95.010002
2021-03-12,94.300003,94.300003,94.300003,94.300003,0.000000,94.300003
2021-03-15,94.750000,94.750000,94.750000,94.750000,0.000000,94.750000
2021-03-16,95.099998,95.099998,95.099998,95.099998,0.000000,95.099998
2021-03-17,,,,,,
2021-03-18,92.599998,92.599998,92.599998,92.599998,0.000000,92.599998
2021-03-19,92.849998,92.849998,92.849998,92.849998,0.000000,92.849998
2021-03-22,93.529999,93.529999,93.529999,93.529999,0.000000,93.529999
2021-03-23,92.519997,92.519997,92.519997,92.519997,0.000000,92.519997
2021-03-24,90.760002,90.760002,90.760002,90.760002,0.000000,90.760002
2021-03-25,90.730003,90.730003,90.730003,90.730003,0.000000,90.730003
2021-03-26,92.330002,92.330002,92.330002,92.330002,0.000000,92.330002
2021-03-29,91.730003,91.730003,91.730003,91.730003,0.000000,91.730003
2021-03-30,91.750000,91.750000,91.750000,91.750000,0.000000,91.750000
2021-03-31,93.139999,93.139999,93.139999,93.139999,0.000000,93.139999
2021-04-01,95.629997,95.629997,95.629997,95.629997,0.000000,95.629997
2021-04-05,,,,,,
2021-04-06,97.269997,97.269997,97.269997,97.269997,0.000000,97.269997
2021-04-07,97.279999,97.279999,97.279999,97.279999,0.000000,97.279999
2021-04-08,98.389999,98.389999,98.389999,98.389999,0.000000,98.389999
2021-04-09,98.489998,98.489998,98.489998,98.489998,0.000000,98.489998
2021-04-12,98.150002,98.150002,98.150002,98.150002,0.000000,98.150002
2021-04-13,99.000000,99.000000,99.000000,99.000000,0.000000,99.000000
2021-04-14,98.169998,98.169998,98.169998,98.169998,0.000000,98.169998
2021-04-15,99.720001,99.720001,99.720001,99.720001,0.000000,99.720001
2021-04-16,99.360001,99.360001,99.360001,99.360001,0.000000,99.360001
2021-04-19,98.239998,98.239998,98.239998,98.239998,0.000000,98.239998
2021-04-20,96.790001,96.790001,96.790001,96.790001,0.000000,96.790001
2021-04-21,97.120003,97.120003,97.120003,97.120003,0.000000,97.120003
2021-04-22,96.839996,96.839996,96.839996,96.839996,0.000000,96.839996
2021-04-23,98.529999,98.529999,98.529999,98.529999,0.000000,98.529999
2021-04-26,99.629997,99.629997,99.629997,99.629997,0.000000,99.629997
2021-04-27,99.180000,99.180000,99.180000,99.180000,0.000000,99.180000
2021-04-28,98.919998,98.919998,98.919998,98.919998,0.000000,98.919998
2021-04-29,98.680000,98.680000,98.680000,98.680000,0.000000,98.680000
2021-04-30,97.029999,97.029999,97.029999,97.029999,0.000000,97.029999
2021-05-03,,,,,,
2021-05-04,94.129997,94.129997,94.129997,94.129997,0.000000,94.129997
2021-05-05,93.500000,93.500000,93.500000,93.500000,0.000000,93.500000
2021-05-06,93.309998,93.309998,93.309998,93.309998,0.000000,93.309998
2021-05-07,94.089996,94.089996,94.089996,94.089996,0.000000,94.089996
2021-05-10,91.860001,91.860001,91.860001,91.860001,0.000000,91.860001
2021-05-11,91.860001,91.860001,91.860001,91.860001,0.000000,91.860001
2021-05-12,89.470001,89.470001,89.470001,89.470001,0.000000,89.470001
2021-05-13,88.910004,88.910004,88.910004,88.910004,0.000000,88.910004
2021-05-14,91.110001,91.110001,91.110001,91.110001,0.000000,91.110001
2021-05-17,90.750000,90.750000,90.750000,90.750000,0.000000,90.750000
2021-05-18,90.900002,90.900002,90.900002,90.900002,0.000000,90.900002
2021-05-19,91.129997,91.129997,91.129997,91.129997,0.000000,91.129997
2021-05-20,92.779999,92.779999,92.779999,92.779999,0.000000,92.779999
2021-05-21,92.489998,92.489998,92.489998,92.489998,0.000000,92.489998
2021-05-24,93.919998,93.919998,93.919998,93.919998,0.000000,93.919998
2021-05-25,94.330002,94.330002,94.330002,94.330002,0.000000,94.330002
2021-05-26,94.930000,94.930000,94.930000,94.930000,0.000000,94.930000
2021-05-27,94.889999,94.889999,94.889999,94.889999,0.000000,94.889999
2021-05-28,95.169998,95.169998,95.169998,95.169998,0.000000,95.169998
2021-06-01,95.379997,95.379997,95.379997,95.379997,0.000000,95.379997
2021-06-02,95.379997,95.379997,95.379997,95.379997,0.000000,95.379997
2021-06-03,94.410004,94.410004,94.410004,94.410004,0.000000,94.410004
2021-06-04,95.720001,95.720001,95.720001,95.720001,0.000000,95.720001
2021-06-07,,,,,,
2021-06-08,96.029999,96.029999,96.029999,96.029999,0.000000,96.029999
2021-06-09,95.680000,95.680000,95.680000,95.680000,0.000000,95.680000
2021-06-10,96.669998,96.669998,96.669998,96.669998,0.000000,96.669998
2021-06-11,97.220001,97.220001,97.220001,97.220001,0.000000,97.220001
2021-06-14,98.040001,98.040001,98.040001,98.040001,0.000000,98.040001
2021-06-15,97.459999,97.459999,97.459999,97.459999,0.000000,97.459999
2021-06-16,97.000000,97.000000,97.000000,97.000000,0.000000,97.000000
2021-06-17,98.279999,98.279999,98.279999,98.279999,0.000000,98.279999
2021-06-18,97.790001,97.790001,97.790001,97.790001,0.000000,97.790001
2021-06-21,97.599998,97.599998,97.599998,97.599998,0.000000,97.599998
2021-06-22,98.459999,98.459999,98.459999,98.459999,0.000000,98.459999
2021-06-23,98.889999,98.889999,98.889999,98.889999,0.000000,98.889999
2021-06-24,99.790001,99.790001,99.790001,99.790001,0.000000,99.790001
2021-06-25,99.839996,99.839996,99.839996,99.839996,0.000000,99.839996
2021-06-28,101.019997,101.019997,101.019997,101.019997,0.000000,101.019997
2021-06-29,101.370003,101.370003,101.370003,101.370003,0.000000,101.370003
2021-06-30,100.769997,100.769997,100.769997,100.769997,0.000000,100.769997
2021-07-01,100.470001,100.470001,100.470001,100.470001,0.000000,100.470001
2021-07-02,101.099998,101.099998,101.099998,101.099998,0.000000,101.099998
2021-07-06,101.870003,101.870003,101.870003,101.870003,0.000000,101.870003
2021-07-07,101.419998,101.419998,101.419998,101.419998,0.000000,101.419998
2021-07-08,100.050003,100.050003,100.050003,100.050003,0.000000,100.050003
2021-07-09,100.970001,100.970001,100.970001,100.970001,0.000000,100.970001
2021-07-12,101.129997,101.129997,101.129997,101.129997,0.000000,101.129997
2021-07-13,101.010002,101.010002,101.010002,101.010002,0.000000,101.010002
2021-07-14,100.339996,100.339996,100.339996,100.339996,0.000000,100.339996
2021-07-15,99.190002,99.190002,99.190002,99.190002,0.000000,99.190002
2021-07-16,98.190002,98.190002,98.190002,98.190002,0.000000,98.190002
2021-07-19,97.760002,97.760002,97.760002,97.760002,0.000000,97.760002
2021-07-20,98.980003,98.980003,98.980003,98.980003,0.000000,98.980003
2021-07-21,100.129997,100.129997,100.129997,100.129997,0.000000,100.129997
2021-07-22,101.000000,101.000000,101.000000,101.000000,0.000000,101.000000
2021-07-23,102.809998,102.809998,102.809998,102.809998,0.000000,102.809998
2021-07-26,102.690002,102.690002,102.690002,102.690002,0.000000,102.690002
2021-07-27,100.930000,100.930000,100.930000,100.930000,0.000000,100.930000
2021-07-28,102.139999,102.139999,102.139999,102.139999,0.000000,102.139999
2021-07-29,102.300003,102.300003,102.300003,102.300003,0.000000,102.300003
2021-07-30,101.290001,101.290001,101.290001,101.290001,0.000000,101.290001
2021-08-02,,,,,,
2021-08-03,102.070000,102.070000,102.070000,102.070000,0.000000,102.070000
2021-08-04,103.150002,103.150002,103.150002,103.150002,0.000000,103.150002
2021-08-05,103.559998,103.559998,103.559998,103.559998,0.000000,103.559998
2021-08-06,102.849998,102.849998,102.849998,102.849998,0.000000,102.849998
2021-08-09,102.750000,102.750000,102.750000,102.750000,0.000000,102.750000
2021-08-10,101.940002,101.940002,101.940002,101.940002,0.000000,101.940002
2021-08-11,101.580002,101.580002,101.580002,101.580002,0.000000,101.580002
2021-08-12,101.769997,101.769997,101.769997,101.769997,0.000000,101.769997
2021-08-13,101.860001,101.860001,101.860001,101.860001,0.000000,101.860001
2021-08-16,101.050003,101.050003,101.050003,101.050003,0.000000,101.050003
2021-08-17,99.949997,99.949997,99.949997,99.949997,0.000000,99.949997
2021-08-18,99.580002,99.580002,99.580002,99.580002,0.000000,99.580002
2021-08-19,99.480003,99.480003,99.480003,99.480003,0.000000,99.480003
2021-08-20,100.440002,100.440002,100.440002,100.440002,0.000000,100.440002
2021-08-23,102.360001,102.360001,102.360001,102.360001,0.000000,102.360001
2021-08-24,103.129997,103.129997,103.129997,103.129997,0.000000,103.129997
2021-08-25,103.580002,103.580002,103.580002,103.580002,0.000000,103.580002
2021-08-26,103.029999,103.029999,103.029999,103.029999,0.000000,103.029999
2021-08-27,104.230003,104.230003,104.230003,104.230003,0.000000,104.230003
2021-08-30,,,,,,
2021-08-31,104.709999,104.709999,104.709999,104.709999,0.000000,104.709999
2021-09-01,105.000000,105.000000,105.000000,105.000000,0.000000,105.000000
2021-09-02,105.019997,105.019997,105.019997,105.019997,0.000000,105.019997
2021-09-03,105.779999,105.779999,105.779999,105.779999,0.000000,105.779999
2021-09-07,105.919998,105.919998,105.919998,105.919998,0.000000,105.919998
2021-09-08,104.510002,104.510002,104.510002,104.510002,0.000000,104.510002
2021-09-09,104.389999,104.389999,104.389999,104.389999,0.000000,104.389999
2021-09-10,104.120003,104.120003,104.120003,104.120003,0.000000,104.120003
2021-09-13,103.730003,103.730003,103.730003,103.730003,0.000000,103.730003
2021-09-14,103.849998,103.849998,103.849998,103.849998,0.000000,103.849998
2021-09-15,104.349998,104.349998,104.349998,104.349998,0.000000,104.349998
2021-09-16,104.570000,104.570000,104.570000,104.570000,0.000000,104.570000
2021-09-17,103.680000,103.680000,103.680000,103.680000,0.000000,103.680000
2021-09-20,101.739998,101.739998,101.739998,101.739998,0.000000,101.739998
2021-09-21,102.110001,102.110001,102.110001,102.110001,0.000000,102.110001
2021-09-22,102.820000,102.820000,102.820000,102.820000,0.000000,102.820000
2021-09-23,103.830002,103.830002,103.830002,103.830002,0.000000,103.830002
2021-09-24,103.970001,103.970001,103.970001,103.970001,0.000000,103.970001
2021-09-27,102.970001,102.970001,102.970001,102.970001,0.000000,102.970001
2021-09-28,99.410004,99.410004,99.410004,99.410004,0.000000,99.410004
2021-09-29,98.260002,98.260002,98.260002,98.260002,0.000000,98.260002
2021-09-30,98.330002,98.330002,98.330002,98.330002,0.000000,98.330002
2021-10-01,98.980003,98.980003,98.980003,98.980003,0.000000,98.980003
2021-10-04,96.389999,96.389999,96.389999,96.389999,0.000000,96.389999
2021-10-05,97.430000,97.430000,97.430000,97.430000,0.000000,97.430000
2021-10-06,97.989998,97.989998,97.989998,97.989998,0.000000,97.989998
2021-10-07,99.379997,99.379997,99.379997,99.379997,0.000000,99.379997
2021-10-08,98.510002,98.510002,98.510002,98.510002,0.000000,98.510002
2021-10-11,97.699997,97.699997,97.699997,97.699997,0.000000,97.699997
2021-10-12,97.949997,97.949997,97.949997,97.949997,0.000000,97.949997
2021-10-13,99.099998,99.099998,99.099998,99.099998,0.000000,99.099998
2021-10-14,100.959999,100.959999,100.959999,100.959999,0.000000,100.959999
2021-10-15,101.589996,101.589996,101.589996,101.589996,0.000000,101.589996
2021-10-18,102.379997,102.379997,102.379997,102.379997,0.000000,102.379997
2021-10-19,103.120003,103.120003,103.120003,103.120003,0.000000,103.120003
2021-10-20,102.650002,102.650002,102.650002,102.650002,0.000000,102.650002
2021-10-21,103.500000,103.500000,103.500000,103.500000,0.000000,103.500000
2021-10-22,102.589996,102.589996,102.589996,102.589996,0.000000,102.589996
2021-10-25,,,,,,
2021-10-26,103.050003,103.050003,103.050003,103.050003,0.000000,103.050003
2021-10-27,102.959999,102.959999,102.959999,102.959999,0.000000,102.959999
2021-10-28,103.690002,103.690002,103.690002,103.690002,0.000000,103.690002
2021-10-29,103.480003,103.480003,103.480003,103.480003,0.000000,103.480003
2021-11-01,103.830002,103.830002,103.830002,103.830002,0.000000,103.830002
2021-11-02,104.239998,104.239998,104.239998,104.239998,0.000000,104.239998
2021-11-03,104.970001,104.970001,104.970001,104.970001,0.000000,104.970001
2021-11-04,106.949997,106.949997,106.949997,106.949997,0.000000,106.949997
2021-11-05,107.150002,107.150002,107.150002,107.150002,0.000000,107.150002
2021-11-08,107.900002,107.900002,107.900002,107.900002,0.000000,107.900002
2021-11-09,108.250000,108.250000,108.250000,108.250000,0.000000,108.250000
2021-11-10,105.370003,105.370003,105.370003,105.370003,0.000000,105.370003
2021-11-11,106.169998,106.169998,106.169998,106.169998,0.000000,106.169998
2021-11-12,107.860001,107.860001,107.860001,107.860001,0.000000,107.860001
2021-11-15,107.769997,107.769997,107.769997,107.769997,0.000000,107.769997
2021-11-16,108.790001,108.790001,108.790001,108.790001,0.000000,108.790001
2021-11-17,108.209999,108.209999,108.209999,108.209999,0.000000,108.209999
2021-11-18,109.059998,109.059998,109.059998,109.059998,0.000000,109.059998
2021-11-19,108.930000,108.930000,108.930000,108.930000,0.000000,108.930000
2021-11-22,106.529999,106.529999,106.529999,106.529999,0.000000,106.529999
2021-11-23,105.489998,105.489998,105.489998,105.489998,0.000000,105.489998
2021-11-24,106.190002,106.190002,106.190002,106.190002,0.000000,106.190002
2021-11-26,104.250000,104.250000,104.250000,104.250000,0.000000,104.250000
2021-11-29,106.309998,106.309998,106.309998,106.309998,0.000000,106.309998
2021-11-30,104.370003,104.370003,104.370003,104.370003,0.000000,104.370003
2021-12-01,102.480003,102.480003,102.480003,102.480003,0.000000,102.480003
2021-12-02,103.239998,103.239998,103.239998,103.239998,0.000000,103.239998
2021-12-03,101.550003,101.550003,101.550003,101.550003,0.000000,101.550003
2021-12-06,101.610001,101.610001,101.610001,101.610001,0.000000,101.610001
2021-12-07,105.279999,105.279999,105.279999,105.279999,0.000000,105.279999
2021-12-08,106.029999,106.029999,106.029999,106.029999,0.000000,106.029999
2021-12-09,104.150002,104.150002,104.150002,104.150002,0.000000,104.150002
2021-12-10,103.660004,103.660004,103.660004,103.660004,0.000000,103.660004
2021-12-13,102.110001,102.110001,102.110001,102.110001,0.000000,102.110001
2021-12-14,100.720001,100.720001,100.720001,100.720001,0.000000,100.720001
2021-12-15,102.949997,102.949997,102.949997,102.949997,0.000000,102.949997
2021-12-16,100.040001,100.040001,100.040001,100.040001,0.000000,100.040001
2021-12-17,100.279999,100.279999,100.279999,100.279999,0.000000,100.279999
2021-12-20,99.190002,99.190002,99.190002,99.190002,0.000000,99.190002
2021-12-21,102.070000,102.070000,102.070000,102.070000,0.000000,102.070000
2021-12-22,103.000000,103.000000,103.000000,103.000000,0.000000,103.000000
2021-12-23,103.800003,103.800003,103.800003,103.800003,0.000000,103.800003
2021-12-27,,,,,,
2021-12-28,,,,,,
2021-12-29,,,,,,
2021-12-30,104.139999,104.139999,104.139999,104.139999,0.000000,104.139999
2021-12-31,103.550003,103.550003,103.550003,103.550003,0.000000,103.550003
2022-01-03,,,,,,
2022-01-04,102.620003,102.620003,102.620003,102.620003,0.000000,102.620003
2022-01-05,98.739998,98.739998,98.739998,98.739998,0.000000,98.739998
2022-01-06,98.629997,98.629997,98.629997,98.629997,0.000000,98.629997
2022-01-07,97.500000,97.500000,97.500000,97.500000,0.000000,97.500000
2022-01-10,97.699997,97.699997,97.699997,97.699997,0.000000,97.699997
2022-01-11,98.790001,98.790001,98.790001,98.790001,0.000000,98.790001
2022-01-12,99.099998,99.099998,99.099998,99.099998,0.000000,99.099998
2022-01-13,96.309998,96.309998,96.309998,96.309998,0.000000,96.309998
2022-01-14,96.940002,96.940002,96.940002,96.940002,0.000000,96.940002
2022-01-18,94.360001,94.360001,94.360001,94.360001,0.000000,94.360001
2022-01-19,93.139999,93.139999,93.139999,93.139999,0.000000,93.139999
2022-01-20,92.000000,92.000000,92.000000,92.000000,0.000000,92.000000
2022-01-21,89.389999,89.389999,89.389999,89.389999,0.000000,89.389999
2022-01-24,90.169998,90.169998,90.169998,90.169998,0.000000,90.169998
2022-01-25,87.089996,87.089996,87.089996,87.089996,0.000000,87.089996
2022-01-26,87.279999,87.279999,87.279999,87.279999,0.000000,87.279999
2022-01-27,86.050003,86.050003,86.050003,86.050003,0.000000,86.050003
2022-01-28,88.269997,88.269997,88.269997,88.269997,0.000000,88.269997
2022-01-31,91.860001,91.860001,91.860001,91.860001,0.000000,91.860001
2022-02-01,92.639999,92.639999,92.639999,92.639999,0.000000,92.639999
2022-02-02,93.139999,93.139999,93.139999,93.139999,0.000000,93.139999
2022-02-03,89.099998,89.099998,89.099998,89.099998,0.000000,89.099998
2022-02-04,91.160004,91.160004,91.160004,91.160004,0.000000,91.160004
2022-02-07,90.970001,90.970001,90.970001,90.970001,0.000000,90.970001
2022-02-08,92.080002,92.080002,92.080002,92.080002,0.000000,92.080002
2022-02-09,94.809998,94.809998,94.809998,94.809998,0.000000,94.809998
2022-02-10,93.489998,93.489998,93.489998,93.489998,0.000000,93.489998
2022-02-11,90.580002,90.580002,90.580002,90.580002,0.000000,90.580002
2022-02-14,90.430000,90.430000,90.430000,90.430000,0.000000,90.430000
2022-02-15,93.089996,93.089996,93.089996,93.089996,0.000000,93.089996
2022-02-16,92.650002,92.650002,92.650002,92.650002,0.000000,92.650002
2022-02-17,89.639999,89.639999,89.639999,89.639999,0.000000,89.639999
2022-02-18,87.959999,87.959999,87.959999,87.959999,0.000000,87.959999
2022-02-22,86.730003,86.730003,86.730003,86.730003,0.000000,86.730003
2022-02-23,84.730003,84.730003,84.730003,84.730003,0.000000,84.730003
2022-02-24,87.519997,87.519997,87.519997,87.519997,0.000000,87.519997
2022-02-25,88.400002,88.400002,88.400002,88.400002,0.000000,88.400002
2022-02-28,89.010002,89.010002,89.010002,89.010002,0.000000,89.010002
2022-03-01,87.220001,87.220001,87.220001,87.220001,0.000000,87.220001
2022-03-02,88.300003,88.300003,88.300003,88.300003,0.000000,88.300003
2022-03-03,86.410004,86.410004,86.410004,86.410004,0.000000,86.410004
2022-03-04,83.809998,83.809998,83.809998,83.809998,0.000000,83.809998
2022-03-07,80.150002,80.150002,80.150002,80.150002,0.000000,80.150002
2022-03-08,80.269997,80.269997,80.269997,80.269997,0.000000,80.269997
2022-03-09,83.519997,83.519997,83.519997,83.519997,0.000000,83.519997
2022-03-10,82.769997,82.769997,82.769997,82.769997,0.000000,82.769997
2022-03-11,80.449997,80.449997,80.449997,80.449997,0.000000,80.449997
2022-03-14,78.099998,78.099998,78.099998,78.099998,0.000000,78.099998
2022-03-15,80.059998,80.059998,80.059998,80.059998,0.000000,80.059998
2022-03-16,83.839996,83.839996,83.839996,83.839996,0.000000,83.839996
2022-03-17,,,,,,
2022-03-18,,,,,,
2022-03-21,87.470001,87.470001,87.470001,87.470001,0.000000,87.470001
2022-03-22,89.269997,89.269997,89.269997,89.269997,0.000000,89.269997
2022-03-23,88.309998,88.309998,88.309998,88.309998,0.000000,88.309998
2022-03-24,90.500000,90.500000,90.500000,90.500000,0.000000,90.500000
2022-03-25,89.690002,89.690002,89.690002,89.690002,0.000000,89.690002
2022-03-28,90.739998,90.739998,90.739998,90.739998,0.000000,90.739998
2022-03-29,92.750000,92.750000,92.750000,92.750000,0.000000,92.750000
2022-03-30,91.250000,91.250000,91.250000,91.250000,0.000000,91.250000
2022-03-31,89.720001,89.720001,89.720001,89.720001,0.000000,89.720001
2022-04-01,89.650002,89.650002,89.650002,89.650002,0.000000,89.650002
2022-04-04,91.660004,91.660004,91.660004,91.660004,0.000000,91.660004
2022-04-05,89.160004,89.160004,89.160004,89.160004,0.000000,89.160004
2022-04-06,86.269997,86.269997,86.269997,86.269997,0.000000,86.269997
2022-04-07,85.889999,85.889999,85.889999,85.889999,0.000000,85.889999
2022-04-08,84.419998,84.419998,84.419998,84.419998,0.000000,84.419998
2022-04-11,82.900002,82.900002,82.900002,82.900002,0.000000,82.900002
2022-04-12,82.459999,82.459999,82.459999,82.459999,0.000000,82.459999
2022-04-13,84.500000,84.500000,84.500000,84.500000,0.000000,84.500000
2022-04-14,82.639999,82.639999,82.639999,82.639999,0.000000,82.639999
2022-04-18,,,,,,
2022-04-19,83.760002,83.760002,83.760002,83.760002,0.000000,83.760002
2022-04-20,82.279999,82.279999,82.279999,82.279999,0.000000,82.279999
2022-04-21,80.150002,80.150002,80.150002,80.150002,0.000000,80.150002
2022-04-22,78.540001,78.540001,78.540001,78.540001,0.000000,78.540001
2022-04-25,79.400002,79.400002,79.400002,79.400002,0.000000,79.400002
2022-04-26,76.930000,76.930000,76.930000,76.930000,0.000000,76.930000
2022-04-27,76.540001,76.540001,76.540001,76.540001,0.000000,76.540001
2022-04-28,79.040001,79.040001,79.040001,79.040001,0.000000,79.040001
2022-04-29,77.080002,77.080002,77.080002,77.080002,0.000000,77.080002
2022-05-02,,,,,,
2022-05-03,78.260002,78.260002,78.260002,78.260002,0.000000,78.260002
2022-05-04,80.410004,80.410004,80.410004,80.410004,0.000000,80.410004
2022-05-05,76.699997,76.699997,76.699997,76.699997,0.000000,76.699997
2022-05-06,75.239998,75.239998,75.239998,75.239998,0.000000,75.239998
2022-05-09,71.230003,71.230003,71.230003,71.230003,0.000000,71.230003
2022-05-10,72.190002,72.190002,72.190002,72.190002,0.000000,72.190002
2022-05-11,70.230003,70.230003,70.230003,70.230003,0.000000,70.230003
2022-05-12,70.099998,70.099998,70.099998,70.099998,0.000000,70.099998
2022-05-13,73.940002,73.940002,73.940002,73.940002,0.000000,73.940002
2022-05-16,72.349998,72.349998,72.349998,72.349998,0.000000,72.349998
2022-05-17,74.639999,74.639999,74.639999,74.639999,0.000000,74.639999
2022-05-18,71.959999,71.959999,71.959999,71.959999,0.000000,71.959999
2022-05-19,72.290001,72.290001,72.290001,72.290001,0.000000,72.290001
2022-05-20,72.279999,72.279999,72.279999,72.279999,0.000000,72.279999
2022-05-23,72.839996,72.839996,72.839996,72.839996,0.000000,72.839996
2022-05-24,69.870003,69.870003,69.870003,69.870003,0.000000,69.870003
2022-05-25,71.250000,71.250000,71.250000,71.250000,0.000000,71.250000
2022-05-26,73.050003,73.050003,73.050003,73.050003,0.000000,73.050003
2022-05-27,75.870003,75.870003,75.870003,75.870003,0.000000,75.870003
2022-05-31,75.220001,75.220001,75.220001,75.220001,0.000000,75.220001
2022-06-01,74.930000,74.930000,74.930000,74.930000,0.000000,74.930000
2022-06-02,,,,,,
2022-06-03,,,,,,
2022-06-06,,,,,,
2022-06-07,77.120003,77.120003,77.120003,77.120003,0.000000,77.120003
2022-06-08,76.739998,76.739998,76.739998,76.739998,0.000000,76.739998
2022-06-09,74.699997,74.699997,74.699997,74.699997,0.000000,74.699997
2022-06-10,72.050003,72.050003,72.050003,72.050003,0.000000,72.050003
2022-06-13,68.010002,68.010002,68.010002,68.010002,0.000000,68.010002
2022-06-14,68.269997,68.269997,68.269997,68.269997,0.000000,68.269997
2022-06-15,69.650002,69.650002,69.650002,69.650002,0.000000,69.650002
2022-06-16,66.529999,66.529999,66.529999,66.529999,0.000000,66.529999
2022-06-17,67.339996,67.339996,67.339996,67.339996,0.000000,67.339996
2022-06-21,68.860001,68.860001,68.860001,68.860001,0.000000,68.860001
2022-06-22,68.410004,68.410004,68.410004,68.410004,0.000000,68.410004
2022-06-23,69.639999,69.639999,69.639999,69.639999,0.000000,69.639999
2022-06-24,72.209999,72.209999,72.209999,72.209999,0.000000,72.209999
2022-06-27,71.910004,71.910004,71.910004,71.910004,0.000000,71.910004
2022-06-28,69.620003,69.620003,69.620003,69.620003,0.000000,69.620003
2022-06-29,69.160004,69.160004,69.160004,69.160004,0.000000,69.160004
2022-06-30,67.709999,67.709999,67.709999,67.709999,0.000000,67.709999
2022-07-01,67.190002,67.190002,67.190002,67.190002,0.000000,67.190002
2022-07-05,68.459999,68.459999,68.459999,68.459999,0.000000,68.459999
2022-07-06,68.320000,68.320000,68.320000,68.320000,0.000000,68.320000
2022-07-07,70.440002,70.440002,70.440002,70.440002,0.000000,70.440002
2022-07-08,70.650002,70.650002,70.650002,70.650002,0.000000,70.650002
2022-07-11,68.989998,68.989998,68.989998,68.989998,0.000000,68.989998
2022-07-12,67.320000,67.320000,67.320000,67.320000,0.000000,67.320000
2022-07-13,67.389999,67.389999,67.389999,67.389999,0.000000,67.389999
2022-07-14,67.540001,67.540001,67.540001,67.540001,0.000000,67.540001
2022-07-15,68.849998,68.849998,68.849998,68.849998,0.000000,68.849998
2022-07-18,68.839996,68.839996,68.839996,68.839996,0.000000,68.839996
2022-07-19,70.690002,70.690002,70.690002,70.690002,0.000000,70.690002
2022-07-20,72.650002,72.650002,72.650002,72.650002,0.000000,72.650002
2022-07-21,73.839996,73.839996,73.839996,73.839996,0.000000,73.839996
2022-07-22,71.699997,71.699997,71.699997,71.699997,0.000000,71.699997
2022-07-25,71.150002,71.150002,71.150002,71.150002,0.000000,71.150002
2022-07-26,69.389999,69.389999,69.389999,69.389999,0.000000,69.389999
2022-07-27,72.389999,72.389999,72.389999,72.389999,0.000000,72.389999
2022-07-28,73.430000,73.430000,73.430000,73.430000,0.000000,73.430000
2022-07-29,74.720001,74.720001,74.720001,74.720001,0.000000,74.720001
2022-08-01,,,,,,
2022-08-02,75.190002,75.190002,75.190002,75.190002,0.000000,75.190002
2022-08-03,76.980003,76.980003,76.980003,76.980003,0.000000,76.980003
2022-08-04,77.360001,77.360001,77.360001,77.360001,0.000000,77.360001
2022-08-05,77.739998,77.739998,77.739998,77.739998,0.000000,77.739998
2022-08-08,77.500000,77.500000,77.500000,77.500000,0.000000,77.500000
2022-08-09,75.870003,75.870003,75.870003,75.870003,0.000000,75.870003
2022-08-10,78.449997,78.449997,78.449997,78.449997,0.000000,78.449997
2022-08-11,77.790001,77.790001,77.790001,77.790001,0.000000,77.790001
2022-08-12,79.370003,79.370003,79.370003,79.370003,0.000000,79.370003
2022-08-15,79.870003,79.870003,79.870003,79.870003,0.000000,79.870003
2022-08-16,79.419998,79.419998,79.419998,79.419998,0.000000,79.419998
2022-08-17,78.400002,78.400002,78.400002,78.400002,0.000000,78.400002
2022-08-18,78.980003,78.980003,78.980003,78.980003,0.000000,78.980003
2022-08-19,77.150002,77.150002,77.150002,77.150002,0.000000,77.150002
2022-08-22,75.260002,75.260002,75.260002,75.260002,0.000000,75.260002
2022-08-23,75.349998,75.349998,75.349998,75.349998,0.000000,75.349998
2022-08-24,75.510002,75.510002,75.510002,75.510002,0.000000,75.510002
2022-08-25,77.180000,77.180000,77.180000,77.180000,0.000000,77.180000
2022-08-26,74.559998,74.559998,74.559998,74.559998,0.000000,74.559998
2022-08-29,,,,,,
2022-08-30,72.959999,72.959999,72.959999,72.959999,0.000000,72.959999
2022-08-31,72.309998,72.309998,72.309998,72.309998,0.000000,72.309998
2022-09-01,70.769997,70.769997,70.769997,70.769997,0.000000,70.769997
2022-09-02,70.300003,70.300003,70.300003,70.300003,0.000000,70.300003
2022-09-06,69.610001,69.610001,69.610001,69.610001,0.000000,69.610001
2022-09-07,70.489998,70.489998,70.489998,70.489998,0.000000,70.489998
2022-09-08,71.370003,71.370003,71.370003,71.370003,0.000000,71.370003
2022-09-09,73.169998,73.169998,73.169998,73.169998,0.000000,73.169998
2022-09-12,73.910004,73.910004,73.910004,73.910004,0.000000,73.910004
2022-09-13,70.959999,70.959999,70.959999,70.959999,0.000000,70.959999
2022-09-14,71.279999,71.279999,71.279999,71.279999,0.000000,71.279999
2022-09-15,70.010002,70.010002,70.010002,70.010002,0.000000,70.010002
2022-09-16,69.010002,69.010002,69.010002,69.010002,0.000000,69.010002
2022-09-19,,,,,,
2022-09-20,68.620003,68.620003,68.620003,68.620003,0.000000,68.620003
2022-09-21,67.760002,67.760002,67.760002,67.760002,0.000000,67.760002
2022-09-22,66.199997,66.199997,66.199997,66.199997,0.000000,66.199997
2022-09-23,65.080002,65.080002,65.080002,65.080002,0.000000,65.080002
2022-09-26,64.379997,64.379997,64.379997,64.379997,0.000000,64.379997
2022-09-27,65.000000,65.000000,65.000000,65.000000,0.000000,65.000000
2022-09-28,66.000000,66.000000,66.000000,66.000000,0.000000,66.000000
2022-09-29,64.449997,64.449997,64.449997,64.449997,0.000000,64.449997
2022-09-30,63.720001,63.720001,63.720001,63.720001,0.000000,63.720001
2022-10-03,65.040001,65.040001,65.040001,65.040001,0.000000,65.040001
2022-10-04,67.620003,67.620003,67.620003,67.620003,0.000000,67.620003
2022-10-05,67.889999,67.889999,67.889999,67.889999,0.000000,67.889999
2022-10-06,67.800003,67.800003,67.800003,67.800003,0.000000,67.800003
2022-10-07,64.720001,64.720001,64.720001,64.720001,0.000000,64.720001
2022-10-10,63.110001,63.110001,63.110001,63.110001,0.000000,63.110001
2022-10-11,61.520000,61.520000,61.520000,61.520000,0.000000,61.520000
2022-10-12,61.320000,61.320000,61.320000,61.320000,0.000000,61.320000
2022-10-13,61.849998,61.849998,61.849998,61.849998,0.000000,61.849998
2022-10-14,60.259998,60.259998,60.259998,60.259998,0.000000,60.259998
2022-10-17,62.090000,62.090000,62.090000,62.090000,0.000000,62.090000
2022-10-18,62.889999,62.889999,62.889999,62.889999,0.000000,62.889999
2022-10-19,62.080002,62.080002,62.080002,62.080002,0.000000,62.080002
2022-10-20,62.230000,62.230000,62.230000,62.230000,0.000000,62.230000
2022-10-21,63.180000,63.180000,63.180000,63.180000,0.000000,63.180000
2022-10-24,63.299999,63.299999,63.299999,63.299999,0.000000,63.299999
2022-10-25,65.000000,65.000000,65.000000,65.000000,0.000000,65.000000
2022-10-26,63.680000,63.680000,63.680000,63.680000,0.000000,63.680000
2022-10-27,63.599998,63.599998,63.599998,63.599998,0.000000,63.599998
2022-10-28,64.690002,64.690002,64.690002,64.690002,0.000000,64.690002
2022-10-31,,,,,,
2022-11-01,63.980000,63.980000,63.980000,63.980000,0.000000,63.980000
2022-11-02,61.580002,61.580002,61.580002,61.580002,0.000000,61.580002
2022-11-03,60.730000,60.730000,60.730000,60.730000,0.000000,60.730000
2022-11-04,60.700001,60.700001,60.700001,60.700001,0.000000,60.700001
2022-11-07,61.150002,61.150002,61.150002,61.150002,0.000000,61.150002
2022-11-08,61.910000,61.910000,61.910000,61.910000,0.000000,61.910000
2022-11-09,60.259998,60.259998,60.259998,60.259998,0.000000,60.259998
2022-11-10,65.250000,65.250000,65.250000,65.250000,0.000000,65.250000
2022-11-11,67.430000,67.430000,67.430000,67.430000,0.000000,67.430000
2022-11-14,66.860001,66.860001,66.860001,66.860001,0.000000,66.860001
2022-11-15,68.680000,68.680000,68.680000,68.680000,0.000000,68.680000
2022-11-16,66.970001,66.970001,66.970001,66.970001,0.000000,66.970001
2022-11-17,66.389999,66.389999,66.389999,66.389999,0.000000,66.389999
2022-11-18,66.169998,66.169998,66.169998,66.169998,0.000000,66.169998
2022-11-21,65.000000,65.000000,65.000000,65.000000,0.000000,65.000000
2022-11-22,65.839996,65.839996,65.839996,65.839996,0.000000,65.839996
2022-11-23,66.830002,66.830002,66.830002,66.830002,0.000000,66.830002
2022-11-25,66.519997,66.519997,66.519997,66.519997,0.000000,66.519997
2022-11-28,65.489998,65.489998,65.489998,65.489998,0.000000,65.489998
2022-11-29,65.139999,65.139999,65.139999,65.139999,0.000000,65.139999
2022-11-30,67.889999,67.889999,67.889999,67.889999,0.000000,67.889999
2022-12-01,68.550003,68.550003,68.550003,68.550003,0.000000,68.550003
2022-12-02,68.190002,68.190002,68.190002,68.190002,0.000000,68.190002
2022-12-05,66.750000,66.750000,66.750000,66.750000,0.000000,66.750000
2022-12-06,65.230003,65.230003,65.230003,65.230003,0.000000,65.230003
2022-12-07,64.919998,64.919998,64.919998,64.919998,0.000000,64.919998
2022-12-08,66.180000,66.180000,66.180000,66.180000,0.000000,66.180000
2022-12-09,65.980003,65.980003,65.980003,65.980003,0.000000,65.980003
2022-12-12,66.860001,66.860001,66.860001,66.860001,0.000000,66.860001
2022-12-13,67.940002,67.940002,67.940002,67.940002,0.000000,67.940002
2022-12-14,67.959999,67.959999,67.959999,67.959999,0.000000,67.959999
2022-12-15,65.419998,65.419998,65.419998,65.419998,0.000000,65.419998
2022-12-16,64.680000,64.680000,64.680000,64.680000,0.000000,64.680000
2022-12-19,63.520000,63.520000,63.520000,63.520000,0.000000,63.520000
2022-12-20,63.599998,63.599998,63.599998,63.599998,0.000000,63.599998
2022-12-21,64.379997,64.379997,64.379997,64.379997,0.000000,64.379997
2022-12-22,62.810001,62.810001,62.810001,62.810001,0.000000,62.810001
2022-12-23,62.570000,62.570000,62.570000,62.570000,0.000000,62.570000
2022-12-27,,,,,,
2022-12-28,,,,,,
2022-12-29,62.680000,62.680000,62.680000,62.680000,0.000000,62.680000
2022-12-30,62.509998,62.509998,62.509998,62.509998,0.000000,62.509998
2023-01-03,62.279999,62.279999,62.279999,62.279999,0.000000,62.279999
2023-01-04,62.730000,62.730000,62.730000,62.730000,0.000000,62.730000
2023-01-05,61.160000,61.160000,61.160000,61.160000,0.000000,61.160000
2023-01-06,62.369999,62.369999,62.369999,62.369999,0.000000,62.369999
2023-01-09,63.720001,63.720001,63.720001,63.720001,0.000000,63.720001
2023-01-10,64.239998,64.239998,64.239998,64.239998,0.000000,64.239998
2023-01-11,65.410004,65.410004,65.410004,65.410004,0.000000,65.410004
2023-01-12,66.099998,66.099998,66.099998,66.099998,0.000000,66.099998
2023-01-13,66.809998,66.809998,66.809998,66.809998,0.000000,66.809998
2023-01-17,67.440002,67.440002,67.440002,67.440002,0.000000,67.440002
2023-01-18,66.900002,66.900002,66.900002,66.900002,0.000000,66.900002
2023-01-19,65.839996,65.839996,65.839996,65.839996,0.000000,65.839996
2023-01-20,67.680000,67.680000,67.680000,67.680000,0.000000,67.680000
2023-01-23,69.589996,69.589996,69.589996,69.589996,0.000000,69.589996
2023-01-24,69.239998,69.239998,69.239998,69.239998,0.000000,69.239998
2023-01-25,69.320000,69.320000,69.320000,69.320000,0.000000,69.320000
2023-01-26,70.650002,70.650002,70.650002,70.650002,0.000000,70.650002
2023-01-27,71.250000,71.250000,71.250000,71.250000,0.000000,71.250000
2023-01-30,69.529999,69.529999,69.529999,69.529999,0.000000,69.529999
2023-01-31,70.459999,70.459999,70.459999,70.459999,0.000000,70.459999
2023-02-01,72.860001,72.860001,72.860001,72.860001,0.000000,72.860001
2023-02-02,75.709999,75.709999,75.709999,75.709999,0.000000,75.709999
2023-02-03,73.980003,73.980003,73.980003,73.980003,0.000000,73.980003
2023-02-06,,,,,,
2023-02-07,74.400002,74.400002,74.400002,74.400002,0.000000,74.400002
2023-02-08,73.410004,73.410004,73.410004,73.410004,0.000000,73.410004
2023-02-09,72.970001,72.970001,72.970001,72.970001,0.000000,72.970001
2023-02-10,71.830002,71.830002,71.830002,71.830002,0.000000,71.830002
2023-02-13,72.839996,72.839996,72.839996,72.839996,0.000000,72.839996
2023-02-14,73.889999,73.889999,73.889999,73.889999,0.000000,73.889999
2023-02-15,74.500000,74.500000,74.500000,74.500000,0.000000,74.500000
2023-02-16,72.870003,72.870003,72.870003,72.870003,0.000000,72.870003
2023-02-17,71.639999,71.639999,71.639999,71.639999,0.000000,71.639999
2023-02-21,70.239998,70.239998,70.239998,70.239998,0.000000,70.239998
2023-02-22,70.220001,70.220001,70.220001,70.220001,0.000000,70.220001
2023-02-23,71.220001,71.220001,71.220001,71.220001,0.000000,71.220001
2023-02-24,69.940002,69.940002,69.940002,69.940002,0.000000,69.940002
2023-02-27,70.440002,70.440002,70.440002,70.440002,0.000000,70.440002
2023-02-28,70.500000,70.500000,70.500000,70.500000,0.000000,70.500000
2023-03-01,70.570000,70.570000,70.570000,70.570000,0.000000,70.570000
2023-03-02,71.000000,71.000000,71.000000,71.000000,0.000000,71.000000
2023-03-03,72.389999,72.389999,72.389999,72.389999,0.000000,72.389999
2023-03-06,72.500000,72.500000,72.500000,72.500000,0.000000,72.500000
2023-03-07,71.910004,71.910004,71.910004,71.910004,0.000000,71.910004
2023-03-08,72.370003,72.370003,72.370003,72.370003,0.000000,72.370003
2023-03-09,71.040001,71.040001,71.040001,71.040001,0.000000,71.040001
2023-03-10,69.570000,69.570000,69.570000,69.570000,0.000000,69.570000
2023-03-13,70.010002,70.010002,70.010002,70.010002,0.000000,70.010002
2023-03-14,71.279999,71.279999,71.279999,71.279999,0.000000,71.279999
2023-03-15,71.160004,71.160004,71.160004,71.160004,0.000000,71.160004
2023-03-16,73.160004,73.160004,73.160004,73.160004,0.000000,73.160004
2023-03-17,,,,,,
2023-03-20,72.989998,72.989998,72.989998,72.989998,0.000000,72.989998
2023-03-21,74.180000,74.180000,74.180000,74.180000,0.000000,74.180000
2023-03-22,73.430000,73.430000,73.430000,73.430000,0.000000,73.430000
2023-03-23,74.820000,74.820000,74.820000,74.820000,0.000000,74.820000
2023-03-24,74.120003,74.120003,74.120003,74.120003,0.000000,74.120003
2023-03-27,73.529999,73.529999,73.529999,73.529999,0.000000,73.529999
2023-03-28,73.110001,73.110001,73.110001,73.110001,0.000000,73.110001
2023-03-29,74.400002,74.400002,74.400002,74.400002,0.000000,74.400002
2023-03-30,75.260002,75.260002,75.260002,75.260002,0.000000,75.260002
2023-03-31,76.610001,76.610001,76.610001,76.610001,0.000000,76.610001
2023-04-03,76.099998,76.099998,76.099998,76.099998,0.000000,76.099998
2023-04-04,75.779999,75.779999,75.779999,75.779999,0.000000,75.779999
2023-04-05,74.330002,74.330002,74.330002,74.330002,0.000000,74.330002
2023-04-06,74.519997,74.519997,74.519997,74.519997,0.000000,74.519997
2023-04-10,,,,,,
2023-04-11,74.430000,74.430000,74.430000,74.430000,0.000000,74.430000
2023-04-12,73.849998,73.849998,73.849998,73.849998,0.000000,73.849998
2023-04-13,75.099998,75.099998,75.099998,75.099998,0.000000,75.099998
2023-04-14,74.879997,74.879997,74.879997,74.879997,0.000000,74.879997
2023-04-17,74.989998,74.989998,74.989998,74.989998,0.000000,74.989998
2023-04-18,75.050003,75.050003,75.050003,75.050003,0.000000,75.050003
2023-04-19,74.559998,74.559998,74.559998,74.559998,0.000000,74.559998
2023-04-20,74.019997,74.019997,74.019997,74.019997,0.000000,74.019997
2023-04-21,74.000000,74.000000,74.000000,74.000000,0.000000,74.000000
2023-04-24,73.510002,73.510002,73.510002,73.510002,0.000000,73.510002
2023-04-25,71.349998,71.349998,71.349998,71.349998,0.000000,71.349998
2023-04-26,71.959999,71.959999,71.959999,71.959999,0.000000,71.959999
2023-04-27,73.080002,73.080002,73.080002,73.080002,0.000000,73.080002
2023-04-28,73.180000,73.180000,73.180000,73.180000,0.000000,73.180000
2023-05-01,,,,,,
2023-05-02,72.610001,72.610001,72.610001,72.610001,0.000000,72.610001
2023-05-03,72.010002,72.010002,72.010002,72.010002,0.000000,72.010002
2023-05-04,72.290001,72.290001,72.290001,72.290001,0.000000,72.290001
2023-05-05,73.540001,73.540001,73.540001,73.540001,0.000000,73.540001
2023-05-08,,,,,,
2023-05-09,73.839996,73.839996,73.839996,73.839996,0.000000,73.839996
2023-05-10,74.820000,74.820000,74.820000,74.820000,0.000000,74.820000
2023-05-11,74.879997,74.879997,74.879997,74.879997,0.000000,74.879997
2023-05-12,74.839996,74.839996,74.839996,74.839996,0.000000,74.839996
2023-05-15,75.620003,75.620003,75.620003,75.620003,0.000000,75.620003
2023-05-16,75.930000,75.930000,75.930000,75.930000,0.000000,75.930000
2023-05-17,77.000000,77.000000,77.000000,77.000000,0.000000,77.000000
2023-05-18,78.599998,78.599998,78.599998,78.599998,0.000000,78.599998
2023-05-19,78.349998,78.349998,78.349998,78.349998,0.000000,78.349998
2023-05-22,78.980003,78.980003,78.980003,78.980003,0.000000,78.980003
2023-05-23,77.739998,77.739998,77.739998,77.739998,0.000000,77.739998
2023-05-24,77.589996,77.589996,77.589996,77.589996,0.000000,77.589996
2023-05-25,80.089996,80.089996,80.089996,80.089996,0.000000,80.089996
2023-05-26,82.580002,82.580002,82.580002,82.580002,0.000000,82.580002
2023-05-30,83.150002,83.150002,83.150002,83.150002,0.000000,83.150002
2023-05-31,82.050003,82.050003,82.050003,82.050003,0.000000,82.050003
2023-06-01,83.339996,83.339996,83.339996,83.339996,0.000000,83.339996
2023-06-02,83.739998,83.739998,83.739998,83.739998,0.000000,83.739998
2023-06-05,,,,,,
2023-06-06,84.309998,84.309998,84.309998,84.309998,0.000000,84.309998
2023-06-07,82.290001,82.290001,82.290001,82.290001,0.000000,82.290001
2023-06-08,83.000000,83.000000,83.000000,83.000000,0.000000,83.000000
2023-06-09,83.680000,83.680000,83.680000,83.680000,0.000000,83.680000
2023-06-12,85.290001,85.290001,85.290001,85.290001,0.000000,85.290001
2023-06-13,86.290001,86.290001,86.290001,86.290001,0.000000,86.290001
2023-06-14,86.860001,86.860001,86.860001,86.860001,0.000000,86.860001
2023-06-15,87.440002,87.440002,87.440002,87.440002,0.000000,87.440002
2023-06-16,86.669998,86.669998,86.669998,86.669998,0.000000,86.669998
2023-06-20,86.169998,86.169998,86.169998,86.169998,0.000000,86.169998
2023-06-21,84.739998,84.739998,84.739998,84.739998,0.000000,84.739998
2023-06-22,85.519997,85.519997,85.519997,85.519997,0.000000,85.519997
2023-06-23,84.480003,84.480003,84.480003,84.480003,0.000000,84.480003
2023-06-26,83.290001,83.290001,83.290001,83.290001,0.000000,83.290001
2023-06-27,84.629997,84.629997,84.629997,84.629997,0.000000,84.629997
2023-06-28,84.949997,84.949997,84.949997,84.949997,0.000000,84.949997
2023-06-29,84.809998,84.809998,84.809998,84.809998,0.000000,84.809998
2023-06-30,86.209999,86.209999,86.209999,86.209999,0.000000,86.209999
2023-07-03,86.489998,86.489998,86.489998,86.489998,0.000000,86.489998
2023-07-05,86.160004,86.160004,86.160004,86.160004,0.000000,86.160004
2023-07-06,85.110001,85.110001,85.110001,85.110001,0.000000,85.110001
2023-07-07,84.959999,84.959999,84.959999,84.959999,0.000000,84.959999
2023-07-10,85.199997,85.199997,85.199997,85.199997,0.000000,85.199997
2023-07-11,85.779999,85.779999,85.779999,85.779999,0.000000,85.779999
2023-07-12,86.940002,86.940002,86.940002,86.940002,0.000000,86.940002
2023-07-13,89.059998,89.059998,89.059998,89.059998,0.000000,89.059998
2023-07-14,88.980003,88.980003,88.980003,88.980003,0.000000,88.980003
2023-07-17,89.930000,89.930000,89.930000,89.930000,0.000000,89.930000
2023-07-18,90.489998,90.489998,90.489998,90.489998,0.000000,90.489998
2023-07-19,90.059998,90.059998,90.059998,90.059998,0.000000,90.059998
2023-07-20,87.150002,87.150002,87.150002,87.150002,0.000000,87.150002
2023-07-21,86.739998,86.739998,86.739998,86.739998,0.000000,86.739998
2023-07-24,86.839996,86.839996,86.839996,86.839996,0.000000,86.839996
2023-07-25,87.800003,87.800003,87.800003,87.800003,0.000000,87.800003
2023-07-26,87.269997,87.269997,87.269997,87.269997,0.000000,87.269997
2023-07-27,87.599998,87.599998,87.599998,87.599998,0.000000,87.599998
2023-07-28,89.089996,89.089996,89.089996,89.089996,0.000000,89.089996
2023-07-31,89.449997,89.449997,89.449997,89.449997,0.000000,89.449997
2023-08-01,89.410004,89.410004,89.410004,89.410004,0.000000,89.410004
2023-08-02,86.330002,86.330002,86.330002,86.330002,0.000000,86.330002
2023-08-03,86.260002,86.260002,86.260002,86.260002,0.000000,86.260002
2023-08-04,85.839996,85.839996,85.839996,85.839996,0.000000,85.839996
2023-08-07,,,,,,
2023-08-08,84.769997,84.769997,84.769997,84.769997,0.000000,84.769997
2023-08-09,83.750000,83.750000,83.750000,83.750000,0.000000,83.750000
2023-08-10,83.930000,83.930000,83.930000,83.930000,0.000000,83.930000
2023-08-11,83.000000,83.000000,83.000000,83.000000,0.000000,83.000000
2023-08-14,84.019997,84.019997,84.019997,84.019997,0.000000,84.019997
2023-08-15,83.449997,83.449997,83.449997,83.449997,0.000000,83.449997
2023-08-16,82.459999,82.459999,82.459999,82.459999,0.000000,82.459999
2023-08-17,81.519997,81.519997,81.519997,81.519997,0.000000,81.519997
2023-08-18,81.410004,81.410004,81.410004,81.410004,0.000000,81.410004
2023-08-21,83.019997,83.019997,83.019997,83.019997,0.000000,83.019997
2023-08-22,83.169998,83.169998,83.169998,83.169998,0.000000,83.169998
2023-08-23,84.779999,84.779999,84.779999,84.779999,0.000000,84.779999
2023-08-24,83.050003,83.050003,83.050003,83.050003,0.000000,83.050003
2023-08-25,82.889999,82.889999,82.889999,82.889999,0.000000,82.889999
2023-08-28,,,,,,
2023-08-29,85.260002,85.260002,85.260002,85.260002,0.000000,85.260002
2023-08-30,85.970001,85.970001,85.970001,85.970001,0.000000,85.970001
2023-08-31,86.599998,86.599998,86.599998,86.599998,0.000000,86.599998
2023-09-01,86.910004,86.910004,86.910004,86.910004,0.000000,86.910004
2023-09-05,87.279999,87.279999,87.279999,87.279999,0.000000,87.279999
2023-09-06,86.489998,86.489998,86.489998,86.489998,0.000000,86.489998
2023-09-07,85.500000,85.500000,85.500000,85.500000,0.000000,85.500000
2023-09-08,85.320000,85.320000,85.320000,85.320000,0.000000,85.320000
2023-09-11,85.870003,85.870003,85.870003,85.870003,0.000000,85.870003
2023-09-12,84.750000,84.750000,84.750000,84.750000,0.000000,84.750000
2023-09-13,85.000000,85.000000,85.000000,85.000000,0.000000,85.000000
2023-09-14,85.639999,85.639999,85.639999,85.639999,0.000000,85.639999
2023-09-15,83.959999,83.959999,83.959999,83.959999,0.000000,83.959999
2023-09-18,83.830002,83.830002,83.830002,83.830002,0.000000,83.830002
2023-09-19,83.430000,83.430000,83.430000,83.430000,0.000000,83.430000
2023-09-20,82.239998,82.239998,82.239998,82.239998,0.000000,82.239998
2023-09-21,80.339996,80.339996,80.339996,80.339996,0.000000,80.339996
2023-09-22,80.699997,80.699997,80.699997,80.699997,0.000000,80.699997
2023-09-25,81.000000,81.000000,81.000000,81.000000,0.000000,81.000000
2023-09-26,79.680000,79.680000,79.680000,79.680000,0.000000,79.680000
2023-09-27,80.220001,80.220001,80.220001,80.220001,0.000000,80.220001
2023-09-28,81.230003,81.230003,81.230003,81.230003,0.000000,81.230003
2023-09-29,81.589996,81.589996,81.589996,81.589996,0.000000,81.589996
2023-10-02,82.500000,82.500000,82.500000,82.500000,0.000000,82.500000
2023-10-03,80.660004,80.660004,80.660004,80.660004,0.000000,80.660004
2023-10-04,81.510002,81.510002,81.510002,81.510002,0.000000,81.510002
2023-10-05,81.580002,81.580002,81.580002,81.580002,0.000000,81.580002
2023-10-06,83.419998,83.419998,83.419998,83.419998,0.000000,83.419998
2023-10-09,83.610001,83.610001,83.610001,83.610001,0.000000,83.610001
2023-10-10,84.209999,84.209999,84.209999,84.209999,0.000000,84.209999
2023-10-11,84.970001,84.970001,84.970001,84.970001,0.000000,84.970001
2023-10-12,84.940002,84.940002,84.940002,84.940002,0.000000,84.940002
2023-10-13,83.279999,83.279999,83.279999,83.279999,0.000000,83.279999
2023-10-16,84.000000,84.000000,84.000000,84.000000,0.000000,84.000000
2023-10-17,83.790001,83.790001,83.790001,83.790001,0.000000,83.790001
2023-10-18,82.360001,82.360001,82.360001,82.360001,0.000000,82.360001
2023-10-19,81.730003,81.730003,81.730003,81.730003,0.000000,81.730003
2023-10-20,80.379997,80.379997,80.379997,80.379997,0.000000,80.379997
2023-10-23,80.650002,80.650002,80.650002,80.650002,0.000000,80.650002
2023-10-24,81.449997,81.449997,81.449997,81.449997,0.000000,81.449997
2023-10-25,79.209999,79.209999,79.209999,79.209999,0.000000,79.209999
2023-10-26,77.349998,77.349998,77.349998,77.349998,0.000000,77.349998
2023-10-27,78.050003,78.050003,78.050003,78.050003,0.000000,78.050003
2023-10-30,,,,,,
2023-10-31,78.989998,78.989998,78.989998,78.989998,0.000000,78.989998
2023-11-01,80.580002,80.580002,80.580002,80.580002,0.000000,80.580002
2023-11-02,82.019997,82.019997,82.019997,82.019997,0.000000,82.019997
2023-11-03,83.470001,83.470001,83.470001,83.470001,0.000000,83.470001
2023-11-06,83.940002,83.940002,83.940002,83.940002,0.000000,83.940002
2023-11-07,84.970001,84.970001,84.970001,84.970001,0.000000,84.970001
2023-11-08,85.410004,85.410004,85.410004,85.410004,0.000000,85.410004
2023-11-09,85.080002,85.080002,85.080002,85.080002,0.000000,85.080002
2023-11-10,86.750000,86.750000,86.750000,86.750000,0.000000,86.750000
2023-11-13,86.830002,86.830002,86.830002,86.830002,0.000000,86.830002
2023-11-14,88.820000,88.820000,88.820000,88.820000,0.000000,88.820000
2023-11-15,88.980003,88.980003,88.980003,88.980003,0.000000,88.980003
2023-11-16,89.290001,89.290001,89.290001,89.290001,0.000000,89.290001
2023-11-17,89.419998,89.419998,89.419998,89.419998,0.000000,89.419998
2023-11-20,90.580002,90.580002,90.580002,90.580002,0.000000,90.580002
2023-11-21,90.190002,90.190002,90.190002,90.190002,0.000000,90.190002
2023-11-22,90.370003,90.370003,90.370003,90.370003,0.000000,90.370003
2023-11-24,89.980003,89.980003,89.980003,89.980003,0.000000,89.980003
2023-11-27,89.970001,89.970001,89.970001,89.970001,0.000000,89.970001
2023-11-28,90.389999,90.389999,90.389999,90.389999,0.000000,90.389999
2023-11-29,91.169998,91.169998,91.169998,91.169998,0.000000,91.169998
2023-11-30,90.680000,90.680000,90.680000,90.680000,0.000000,90.680000
2023-12-01,90.889999,90.889999,90.889999,90.889999,0.000000,90.889999
2023-12-04,89.739998,89.739998,89.739998,89.739998,0.000000,89.739998
2023-12-05,89.870003,89.870003,89.870003,89.870003,0.000000,89.870003
2023-12-06,89.110001,89.110001,89.110001,89.110001,0.000000,89.110001
2023-12-07,90.419998,90.419998,90.419998,90.419998,0.000000,90.419998
2023-12-08,91.209999,91.209999,91.209999,91.209999,0.000000,91.209999
2023-12-11,91.690002,91.690002,91.690002,91.690002,0.000000,91.690002
2023-12-12,92.519997,92.519997,92.519997,92.519997,0.000000,92.519997
2023-12-13,93.529999,93.529999,93.529999,93.529999,0.000000,93.529999
2023-12-14,93.879997,93.879997,93.879997,93.879997,0.000000,93.879997
2023-12-15,94.440002,94.440002,94.440002,94.440002,0.000000,94.440002
2023-12-18,94.790001,94.790001,94.790001,94.790001,0.000000,94.790001
2023-12-19,95.050003,95.050003,95.050003,95.050003,0.000000,95.050003
2023-12-20,93.839996,93.839996,93.839996,93.839996,0.000000,93.839996
2023-12-21,95.120003,95.120003,95.120003,95.120003,0.000000,95.120003
2023-12-22,95.070000,95.070000,95.070000,95.070000,0.000000,95.070000
2023-12-26,,,,,,
2023-12-27,,,,,,
2023-12-28,96.279999,96.279999,96.279999,96.279999,0.000000,96.279999
2023-12-29,95.690002,95.690002,95.690002,95.690002,0.000000,95.690002
2024-01-02,93.129997,93.129997,93.129997,93.129997,0.000000,93.129997
2024-01-03,91.889999,91.889999,91.889999,91.889999,0.000000,91.889999
2024-01-04,91.260002,91.260002,91.260002,91.260002,0.000000,91.260002
2024-01-05,91.480003,91.480003,91.480003,91.480003,0.000000,91.480003
2024-01-08,94.059998,94.059998,94.059998,94.059998,0.000000,94.059998
2024-01-09,94.879997,94.879997,94.879997,94.879997,0.000000,94.879997
2024-01-10,95.510002,95.510002,95.510002,95.510002,0.000000,95.510002
2024-01-11,96.129997,96.129997,96.129997,96.129997,0.000000,96.129997
2024-01-12,96.199997,96.199997,96.199997,96.199997,0.000000,96.199997
2024-01-16,96.980003,96.980003,96.980003,96.980003,0.000000,96.980003
2024-01-17,96.330002,96.330002,96.330002,96.330002,0.000000,96.330002
2024-01-18,97.980003,97.980003,97.980003,97.980003,0.000000,97.980003
2024-01-19,100.949997,100.949997,100.949997,100.949997,0.000000,100.949997
2024-01-22,101.660004,101.660004,101.660004,101.660004,0.000000,101.660004
2024-01-23,101.769997,101.769997,101.769997,101.769997,0.000000,101.769997
2024-01-24,102.800003,102.800003,102.800003,102.800003,0.000000,102.800003
2024-01-25,103.279999,103.279999,103.279999,103.279999,0.000000,103.279999
2024-01-26,102.290001,102.290001,102.290001,102.290001,0.000000,102.290001
2024-01-29,103.949997,103.949997,103.949997,103.949997,0.000000,103.949997
2024-01-30,103.440002,103.440002,103.440002,103.440002,0.000000,103.440002
2024-01-31,101.000000,101.000000,101.000000,101.000000,0.000000,101.000000
2024-02-01,102.010002,102.010002,102.010002,102.010002,0.000000,102.010002
2024-02-02,105.220001,105.220001,105.220001,105.220001,0.000000,105.220001
2024-02-05,,,,,,
2024-02-06,104.239998,104.239998,104.239998,104.239998,0.000000,104.239998
2024-02-07,105.980003,105.980003,105.980003,105.980003,0.000000,105.980003
2024-02-08,107.730003,107.730003,107.730003,107.730003,0.000000,107.730003
2024-02-09,109.720001,109.720001,109.720001,109.720001,0.000000,109.720001
2024-02-12,109.279999,109.279999,109.279999,109.279999,0.000000,109.279999
2024-02-13,107.190002,107.190002,107.190002,107.190002,0.000000,107.190002
2024-02-14,109.230003,109.230003,109.230003,109.230003,0.000000,109.230003
2024-02-15,109.849998,109.849998,109.849998,109.849998,0.000000,109.849998
2024-02-16,108.349998,108.349998,108.349998,108.349998,0.000000,108.349998
2024-02-20,106.099998,106.099998,106.099998,106.099998,0.000000,106.099998
2024-02-21,104.410004,104.410004,104.410004,104.410004,0.000000,104.410004
2024-02-22,109.120003,109.120003,109.120003,109.120003,0.000000,109.120003
2024-02-23,108.620003,108.620003,108.620003,108.620003,0.000000,108.620003
2024-02-26,109.190002,109.190002,109.190002,109.190002,0.000000,109.190002
2024-02-27,108.989998,108.989998,108.989998,108.989998,0.000000,108.989998
2024-02-28,108.379997,108.379997,108.379997,108.379997,0.000000,108.379997
2024-02-29,110.489998,110.489998,110.489998,110.489998,0.000000,110.489998
2024-03-01,112.599998,112.599998,112.599998,112.599998,0.000000,112.599998
2024-03-04,113.239998,113.239998,113.239998,113.239998,0.000000,113.239998
2024-03-05,111.379997,111.379997,111.379997,111.379997,0.000000,111.379997
2024-03-06,112.910004,112.910004,112.910004,112.910004,0.000000,112.910004
2024-03-07,114.570000,114.570000,114.570000,114.570000,0.000000,114.570000
2024-03-08,112.150002,112.150002,112.150002,112.150002,0.000000,112.150002
2024-03-11,110.169998,110.169998,110.169998,110.169998,0.000000,110.169998
2024-03-12,112.169998,112.169998,112.169998,112.169998,0.000000,112.169998
2024-03-13,110.959999,110.959999,110.959999,110.959999,0.000000,110.959999
2024-03-14,110.199997,110.199997,110.199997,110.199997,0.000000,110.199997
2024-03-15,108.680000,108.680000,108.680000,108.680000,0.000000,108.680000
2024-03-18,,,,,,
2024-03-19,109.739998,109.739998,109.739998,109.739998,0.000000,109.739998
2024-03-20,111.080002,111.080002,111.080002,111.080002,0.000000,111.080002
2024-03-21,112.620003,112.620003,112.620003,112.620003,0.000000,112.620003
2024-03-22,112.940002,112.940002,112.940002,112.940002,0.000000,112.940002
2024-03-25,112.529999,112.529999,112.529999,112.529999,0.000000,112.529999
2024-03-26,111.849998,111.849998,111.849998,111.849998,0.000000,111.849998
2024-03-27,111.279999,111.279999,111.279999,111.279999,0.000000,111.279999
2024-03-28,111.010002,111.010002,111.010002,111.010002,0.000000,111.010002
2024-04-01,,,,,,
2024-04-02,111.139999,111.139999,111.139999,111.139999,0.000000,111.139999
2024-04-03,111.750000,111.750000,111.750000,111.750000,0.000000,111.750000
2024-04-04,110.070000,110.070000,110.070000,110.070000,0.000000,110.070000
2024-04-05,111.430000,111.430000,111.430000,111.430000,0.000000,111.430000
2024-04-08,111.440002,111.440002,111.440002,111.440002,0.000000,111.440002
2024-04-09,111.260002,111.260002,111.260002,111.260002,0.000000,111.260002
2024-04-10,110.389999,110.389999,110.389999,110.389999,0.000000,110.389999
2024-04-11,111.980003,111.980003,111.980003,111.980003,0.000000,111.980003
2024-04-12,109.949997,109.949997,109.949997,109.949997,0.000000,109.949997
2024-04-15,107.379997,107.379997,107.379997,107.379997,0.000000,107.379997
2024-04-16,107.269997,107.269997,107.269997,107.269997,0.000000,107.269997
2024-04-17,105.180000,105.180000,105.180000,105.180000,0.000000,105.180000
2024-04-18,104.790001,104.790001,104.790001,104.790001,0.000000,104.790001
2024-04-19,100.529999,100.529999,100.529999,100.529999,0.000000,100.529999
2024-04-22,100.790001,100.790001,100.790001,100.790001,0.000000,100.790001
2024-04-23,103.029999,103.029999,103.029999,103.029999,0.000000,103.029999
2024-04-24,103.660004,103.660004,103.660004,103.660004,0.000000,103.660004
2024-04-25,102.940002,102.940002,102.940002,102.940002,0.000000,102.940002
2024-04-26,105.480003,105.480003,105.480003,105.480003,0.000000,105.480003
2024-04-29,105.419998,105.419998,105.419998,105.419998,0.000000,105.419998
2024-04-30,103.349998,103.349998,103.349998,103.349998,0.000000,103.349998
2024-05-01,102.540001,102.540001,102.540001,102.540001,0.000000,102.540001
2024-05-02,103.809998,103.809998,103.809998,103.809998,0.000000,103.809998
2024-05-03,105.139999,105.139999,105.139999,105.139999,0.000000,105.139999
2024-05-06,,,,,,
2024-05-07,107.139999,107.139999,107.139999,107.139999,0.000000,107.139999
2024-05-08,106.870003,106.870003,106.870003,106.870003,0.000000,106.870003
2024-05-09,106.800003,106.800003,106.800003,106.800003,0.000000,106.800003
2024-05-10,107.080002,107.080002,107.080002,107.080002,0.000000,107.080002
2024-05-13,107.400002,107.400002,107.400002,107.400002,0.000000,107.400002
2024-05-14,108.360001,108.360001,108.360001,108.360001,0.000000,108.360001
2024-05-15,110.919998,110.919998,110.919998,110.919998,0.000000,110.919998
2024-05-16,110.849998,110.849998,110.849998,110.849998,0.000000,110.849998
2024-05-17,110.730003,110.730003,110.730003,110.730003,0.000000,110.730003
2024-05-20,111.680000,111.680000,111.680000,111.680000,0.000000,111.680000
2024-05-21,111.620003,111.620003,111.620003,111.620003,0.000000,111.620003
2024-05-22,111.690002,111.690002,111.690002,111.690002,0.000000,111.690002
2024-05-23,112.339996,112.339996,112.339996,112.339996,0.000000,112.339996
2024-05-24,113.570000,113.570000,113.570000,113.570000,0.000000,113.570000
2024-05-28,114.900002,114.900002,114.900002,114.900002,0.000000,114.900002
2024-05-29,114.250000,114.250000,114.250000,114.250000,0.000000,114.250000
2024-05-30,111.389999,111.389999,111.389999,111.389999,0.000000,111.389999
2024-05-31,110.269997,110.269997,110.269997,110.269997,0.000000,110.269997
2024-06-03,,,,,,
2024-06-04,111.059998,111.059998,111.059998,111.059998,0.000000,111.059998
2024-06-05,114.230003,114.230003,114.230003,114.230003,0.000000,114.230003
2024-06-06,114.529999,114.529999,114.529999,114.529999,0.000000,114.529999
2024-06-07,114.110001,114.110001,114.110001,114.110001,0.000000,114.110001
2024-06-10,115.239998,115.239998,115.239998,115.239998,0.000000,115.239998
2024-06-11,116.080002,116.080002,116.080002,116.080002,0.000000,116.080002
2024-06-12,119.029999,119.029999,119.029999,119.029999,0.000000,119.029999
2024-06-13,120.010002,120.010002,120.010002,120.010002,0.000000,120.010002
2024-06-14,120.320000,120.320000,120.320000,120.320000,0.000000,120.320000
2024-06-17,121.330002,121.330002,121.330002,121.330002,0.000000,121.330002
2024-06-18,122.209999,122.209999,122.209999,122.209999,0.000000,122.209999
2024-06-20,121.220001,121.220001,121.220001,121.220001,0.000000,121.220001
2024-06-21,120.029999,120.029999,120.029999,120.029999,0.000000,120.029999
2024-06-24,117.879997,117.879997,117.879997,117.879997,0.000000,117.879997
2024-06-25,119.419998,119.419998,119.419998,119.419998,0.000000,119.419998
2024-06-26,119.889999,119.889999,119.889999,119.889999,0.000000,119.889999
2024-06-27,120.230003,120.230003,120.230003,120.230003,0.000000,120.230003
2024-06-28,120.000000,120.000000,120.000000,120.000000,0.000000,120.000000
2024-07-01,120.290001,120.290001,120.290001,120.290001,0.000000,120.290001
2024-07-02,120.889999,120.889999,120.889999,120.889999,0.000000,120.889999
2024-07-03,122.809998,122.809998,122.809998,122.809998,0.000000,122.809998
2024-07-05,124.239998,124.239998,124.239998,124.239998,0.000000,124.239998
2024-07-08,124.680000,124.680000,124.680000,124.680000,0.000000,124.680000
2024-07-09,124.860001,124.860001,124.860001,124.860001,0.000000,124.860001
2024-07-10,126.050003,126.050003,126.050003,126.050003,0.000000,126.050003
2024-07-11,124.059998,124.059998,124.059998,124.059998,0.000000,124.059998
2024-07-12,123.570000,123.570000,123.570000,123.570000,0.000000,123.570000
2024-07-15,123.709999,123.709999,123.709999,123.709999,0.000000,123.709999
2024-07-16,123.470001,123.470001,123.470001,123.470001,0.000000,123.470001
2024-07-17,117.839996,117.839996,117.839996,117.839996,0.000000,117.839996
2024-07-18,116.400002,116.400002,116.400002,116.400002,0.000000,116.400002
2024-07-19,114.720001,114.720001,114.720001,114.720001,0.000000,114.720001
2024-07-22,115.930000,115.930000,115.930000,115.930000,0.000000,115.930000
2024-07-23,116.910004,116.910004,116.910004,116.910004,0.000000,116.910004
2024-07-24,112.400002,112.400002,112.400002,112.400002,0.000000,112.400002
2024-07-25,110.480003,110.480003,110.480003,110.480003,0.000000,110.480003
2024-07-26,110.580002,110.580002,110.580002,110.580002,0.000000,110.580002
2024-07-29,110.550003,110.550003,110.550003,110.550003,0.000000,110.550003
2024-07-30,108.570000,108.570000,108.570000,108.570000,0.000000,108.570000
2024-07-31,113.000000,113.000000,113.000000,113.000000,0.000000,113.000000
2024-08-01,110.290001,110.290001,110.290001,110.290001,0.000000,110.290001
2024-08-02,106.660004,106.660004,106.660004,106.660004,0.000000,106.660004
2024-08-05,,,,,,
2024-08-06,105.110001,105.110001,105.110001,105.110001,0.000000,105.110001
2024-08-07,104.820000,104.820000,104.820000,104.820000,0.000000,104.820000
2024-08-08,107.769997,107.769997,107.769997,107.769997,0.000000,107.769997
2024-08-09,108.750000,108.750000,108.750000,108.750000,0.000000,108.750000
2024-08-12,109.269997,109.269997,109.269997,109.269997,0.000000,109.269997
2024-08-13,112.400002,112.400002,112.400002,112.400002,0.000000,112.400002
2024-08-14,112.870003,112.870003,112.870003,112.870003,0.000000,112.870003
2024-08-15,115.339996,115.339996,115.339996,115.339996,0.000000,115.339996
2024-08-16,116.360001,116.360001,116.360001,116.360001,0.000000,116.360001
2024-08-19,117.550003,117.550003,117.550003,117.550003,0.000000,117.550003
2024-08-20,117.489998,117.489998,117.489998,117.489998,0.000000,117.489998
2024-08-21,117.870003,117.870003,117.870003,117.870003,0.000000,117.870003
2024-08-22,116.010002,116.010002,116.010002,116.010002,0.000000,116.010002
2024-08-23,117.290001,117.290001,117.290001,117.290001,0.000000,117.290001
2024-08-26,,,,,,
2024-08-27,115.720001,115.720001,115.720001,115.720001,0.000000,115.720001
2024-08-28,114.680000,114.680000,114.680000,114.680000,0.000000,114.680000
2024-08-29,113.900002,113.900002,113.900002,113.900002,0.000000,113.900002
2024-08-30,115.000000,115.000000,115.000000,115.000000,0.000000,115.000000
2024-09-03,110.099998,110.099998,110.099998,110.099998,0.000000,110.099998
2024-09-04,108.599998,108.599998,108.599998,108.599998,0.000000,108.599998
2024-09-05,108.489998,108.489998,108.489998,108.489998,0.000000,108.489998
2024-09-06,106.000000,106.000000,106.000000,106.000000,0.000000,106.000000
2024-09-09,106.639999,106.639999,106.639999,106.639999,0.000000,106.639999
2024-09-10,107.110001,107.110001,107.110001,107.110001,0.000000,107.110001
2024-09-11,110.010002,110.010002,110.010002,110.010002,0.000000,110.010002
2024-09-12,112.120003,112.120003,112.120003,112.120003,0.000000,112.120003
2024-09-13,112.820000,112.820000,112.820000,112.820000,0.000000,112.820000
2024-09-16,112.510002,112.510002,112.510002,112.510002,0.000000,112.510002
2024-09-17,112.129997,112.129997,112.129997,112.129997,0.000000,112.129997
2024-09-18,111.510002,111.510002,111.510002,111.510002,0.000000,111.510002
2024-09-19,114.860001,114.860001,114.860001,114.860001,0.000000,114.860001
2024-09-20,114.970001,114.970001,114.970001,114.970001,0.000000,114.970001
2024-09-23,115.519997,115.519997,115.519997,115.519997,0.000000,115.519997
2024-09-24,116.550003,116.550003,116.550003,116.550003,0.000000,116.550003
2024-09-25,117.349998,117.349998,117.349998,117.349998,0.000000,117.349998
2024-09-26,118.870003,118.870003,118.870003,118.870003,0.000000,118.870003
2024-09-27,118.199997,118.199997,118.199997,118.199997,0.000000,118.199997
2024-09-30,117.269997,117.269997,117.269997,117.269997,0.000000,117.269997
2024-10-01,115.750000,115.750000,115.750000,115.750000,0.000000,115.750000
2024-10-02,115.879997,115.879997,115.879997,115.879997,0.000000,115.879997
2024-10-03,116.779999,116.779999,116.779999,116.779999,0.000000,116.779999
2024-10-04,118.379997,118.379997,118.379997,118.379997,0.000000,118.379997
2024-10-07,118.120003,118.120003,118.120003,118.120003,0.000000,118.120003
2024-10-08,119.500000,119.500000,119.500000,119.500000,0.000000,119.500000
2024-10-09,120.690002,120.690002,120.690002,120.690002,0.000000,120.690002
2024-10-10,120.989998,120.989998,120.989998,120.989998,0.000000,120.989998
2024-10-11,121.949997,121.949997,121.949997,121.949997,0.000000,121.949997
2024-10-14,122.480003,122.480003,122.480003,122.480003,0.000000,122.480003
2024-10-15,120.059998,120.059998,120.059998,120.059998,0.000000,120.059998
2024-10-16,119.889999,119.889999,119.889999,119.889999,0.000000,119.889999
2024-10-17,120.080002,120.080002,120.080002,120.080002,0.000000,120.080002
2024-10-18,120.650002,120.650002,120.650002,120.650002,0.000000,120.650002
2024-10-21,121.400002,121.400002,121.400002,121.400002,0.000000,121.400002
2024-10-22,120.760002,120.760002,120.760002,120.760002,0.000000,120.760002
2024-10-23,118.970001,118.970001,118.970001,118.970001,0.000000,118.970001
2024-10-24,119.410004,119.410004,119.410004,119.410004,0.000000,119.410004
2024-10-25,120.000000,120.000000,120.000000,120.000000,0.000000,120.000000
2024-10-28,,,,,,
2024-10-29,121.220001,121.220001,121.220001,121.220001,0.000000,121.220001
2024-10-30,120.470001,120.470001,120.470001,120.470001,0.000000,120.470001
2024-10-31,117.260002,117.260002,117.260002,117.260002,0.000000,117.260002
2024-11-01,117.540001,117.540001,117.540001,117.540001,0.000000,117.540001
2024-11-04,117.470001,117.470001,117.470001,117.470001,0.000000,117.470001
2024-11-05,119.709999,119.709999,119.709999,119.709999,0.000000,119.709999
2024-11-06,123.000000,123.000000,123.000000,123.000000,0.000000,123.000000
2024-11-07,125.690002,125.690002,125.690002,125.690002,0.000000,125.690002
2024-11-08,126.099998,126.099998,126.099998,126.099998,0.000000,126.099998
2024-11-11,125.129997,125.129997,125.129997,125.129997,0.000000,125.129997
2024-11-12,124.599998,124.599998,124.599998,124.599998,0.000000,124.599998
2024-11-13,123.930000,123.930000,123.930000,123.930000,0.000000,123.930000
2024-11-14,122.690002,122.690002,122.690002,122.690002,0.000000,122.690002
2024-11-15,120.389999,120.389999,120.389999,120.389999,0.000000,120.389999
2024-11-18,120.320000,120.320000,120.320000,120.320000,0.000000,120.320000
2024-11-19,122.610001,122.610001,122.610001,122.610001,0.000000,122.610001
2024-11-20,122.580002,122.580002,122.580002,122.580002,0.000000,122.580002
2024-11-21,123.949997,123.949997,123.949997,123.949997,0.000000,123.949997
2024-11-22,124.360001,124.360001,124.360001,124.360001,0.000000,124.360001
2024-11-25,124.000000,124.000000,124.000000,124.000000,0.000000,124.000000
2024-11-26,124.209999,124.209999,124.209999,124.209999,0.000000,124.209999
2024-11-27,122.419998,122.419998,122.419998,122.419998,0.000000,122.419998
2024-11-29,123.529999,123.529999,123.529999,123.529999,0.000000,123.529999
2024-12-02,125.000000,125.000000,125.000000,125.000000,0.000000,125.000000
2024-12-03,126.690002,126.690002,126.690002,126.690002,0.000000,126.690002
2024-12-04,129.300003,129.300003,129.300003,129.300003,0.000000,129.300003
2024-12-05,128.949997,128.949997,128.949997,128.949997,0.000000,128.949997
2024-12-06,130.289993,130.289993,130.289993,130.289993,0.000000,130.289993
2024-12-09,128.190002,128.190002,128.190002,128.190002,0.000000,128.190002
2024-12-10,126.099998,126.099998,126.099998,126.099998,0.000000,126.099998
2024-12-11,128.820007,128.820007,128.820007,128.820007,0.000000,128.820007
2024-12-12,128.669998,128.669998,128.669998,128.669998,0.000000,128.669998
2024-12-13,130.080002,130.080002,130.080002,130.080002,0.000000,130.080002
2024-12-16,132.179993,132.179993,132.179993,132.179993,0.000000,132.179993
2024-12-17,130.690002,130.690002,130.690002,130.690002,0.000000,130.690002
2024-12-18,125.709999,125.709999,125.709999,125.709999,0.000000,125.709999
2024-12-19,125.510002,125.510002,125.510002,125.510002,0.000000,125.510002
2024-12-20,126.650002,126.650002,126.650002,126.650002,0.000000,126.650002
2024-12-23,128.000000,128.000000,128.000000,128.000000,0.000000,128.000000
2024-12-24,129.410004,129.410004,129.410004,129.410004,0.000000,129.410004
2024-12-26,,,,,,
2024-12-27,,,,,,
2024-12-30,126.250000,126.250000,126.250000,126.250000,0.000000,126.250000
2024-12-31,125.070000,125.070000,125.070000,125.070000,0.000000,125.070000
2025-01-02,126.010002,126.010002,126.010002,126.010002,0.000000,126.010002
2025-01-03,128.500000,128.500000,128.500000,128.500000,0.000000,128.500000
2025-01-06,130.960007,130.960007,130.960007,130.960007,0.000000,130.960007
2025-01-07,128.320007,128.320007,128.320007,128.320007,0.000000,128.320007
2025-01-08,128.160004,128.160004,128.160004,128.160004,0.000000,128.160004
2025-01-10,126.430000,126.430000,126.430000,126.430000,0.000000,126.430000
2025-01-13,124.849998,124.849998,124.849998,124.849998,0.000000,124.849998
2025-01-14,125.209999,125.209999,125.209999,125.209999,0.000000,125.209999
2025-01-15,127.870003,127.870003,127.870003,127.870003,0.000000,127.870003
2025-01-16,128.229996,128.229996,128.229996,128.229996,0.000000,128.229996
2025-01-17,130.080002,130.080002,130.080002,130.080002,0.000000,130.080002
2025-01-21,132.259995,132.259995,132.259995,132.259995,0.000000,132.259995
2025-01-22,135.110001,135.110001,135.110001,135.110001,0.000000,135.110001
2025-01-23,135.270004,135.270004,135.270004,135.270004,0.000000,135.270004
2025-01-24,134.770004,134.770004,134.770004,134.770004,0.000000,134.770004
2025-01-27,125.330002,125.330002,125.330002,125.330002,0.000000,125.330002
2025-01-28,129.229996,129.229996,129.229996,129.229996,0.000000,129.229996
2025-01-29,128.940002,128.940002,128.940002,128.940002,0.000000,128.940002
2025-01-30,130.389999,130.389999,130.389999,130.389999,0.000000,130.389999
2025-01-31,130.479996,130.479996,130.479996,130.479996,0.000000,130.479996
2025-02-03,,,,,,
2025-02-04,130.660004,130.660004,130.660004,130.660004,0.000000,130.660004
2025-02-05,132.210007,132.210007,132.210007,132.210007,0.000000,132.210007
2025-02-06,132.589996,132.589996,132.589996,132.589996,0.000000,132.589996
2025-02-07,132.259995,132.259995,132.259995,132.259995,0.000000,132.259995
2025-02-10,133.440002,133.440002,133.440002,133.440002,0.000000,133.440002
2025-02-11,132.250000,132.250000,132.250000,132.250000,0.000000,132.250000
2025-02-12,132.070007,132.070007,132.070007,132.070007,0.000000,132.070007
2025-02-13,133.860001,133.860001,133.860001,133.860001,0.000000,133.860001
2025-02-14,133.779999,133.779999,133.779999,133.779999,0.000000,133.779999
2025-02-18,134.160004,134.160004,134.160004,134.160004,0.000000,134.160004
2025-02-19,133.119995,133.119995,133.119995,133.119995,0.000000,133.119995
2025-02-20,131.440002,131.440002,131.440002,131.440002,0.000000,131.440002
2025-02-21,128.050003,128.050003,128.050003,128.050003,0.000000,128.050003
2025-02-24,125.360001,125.360001,125.360001,125.360001,0.000000,125.360001
2025-02-25,122.680000,122.680000,122.680000,122.680000,0.000000,122.680000
2025-02-26,124.860001,124.860001,124.860001,124.860001,0.000000,124.860001
2025-02-27,120.379997,120.379997,120.379997,120.379997,0.000000,120.379997
2025-02-28,121.839996,121.839996,121.839996,121.839996,0.000000,121.839996
2025-03-03,117.650002,117.650002,117.650002,117.650002,0.000000,117.650002
2025-03-04,117.089996,117.089996,117.089996,117.089996,0.000000,117.089996
2025-03-05,119.220001,119.220001,119.220001,119.220001,0.000000,119.220001
2025-03-06,113.790001,113.790001,113.790001,113.790001,0.000000,113.790001
2025-03-07,114.470001,114.470001,114.470001,114.470001,0.000000,114.470001
2025-03-10,109.029999,109.029999,109.029999,109.029999,0.000000,109.029999
2025-03-11,110.260002,110.260002,110.260002,110.260002,0.000000,110.260002
2025-03-12,112.919998,112.919998,112.919998,112.919998,0.000000,112.919998
2025-03-13,110.230003,110.230003,110.230003,110.230003,0.000000,110.230003
2025-03-14,113.800003,113.800003,113.800003,113.800003,0.000000,113.800003
2025-03-17,,,,,,
2025-03-18,112.389999,112.389999,112.389999,112.389999,0.000000,112.389999
2025-03-19,114.139999,114.139999,114.139999,114.139999,0.000000,114.139999
2025-03-20,114.190002,114.190002,114.190002,114.190002,0.000000,114.190002
2025-03-21,114.389999,114.389999,114.389999,114.389999,0.000000,114.389999
2025-03-24,117.279999,117.279999,117.279999,117.279999,0.000000,117.279999
2025-03-25,117.610001,117.610001,117.610001,117.610001,0.000000,117.610001
2025-03-26,113.669998,113.669998,113.669998,113.669998,0.000000,113.669998
2025-03-27,111.330002,111.330002,111.330002,111.330002,0.000000,111.330002
2025-03-28,108.540001,108.540001,108.540001,108.540001,0.000000,108.540001
2025-03-31,106.860001,106.860001,106.860001,106.860001,0.000000,106.860001
2025-04-01,108.239998,108.239998,108.239998,108.239998,0.000000,108.239998
2025-04-02,109.470001,109.470001,109.470001,109.470001,0.000000,109.470001
2025-04-03,102.320000,102.320000,102.320000,102.320000,0.000000,102.320000
2025-04-04,97.650002,97.650002,97.650002,97.650002,0.000000,97.650002
2025-04-07,97.489998,97.489998,97.489998,97.489998,0.000000,97.489998
2025-04-08,96.330002,96.330002,96.330002,96.330002,0.000000,96.330002
2025-04-09,107.000000,107.000000,107.000000,107.000000,0.000000,107.000000
2025-04-10,103.529999,103.529999,103.529999,103.529999,0.000000,103.529999
2025-04-11,105.000000,105.000000,105.000000,105.000000,0.000000,105.000000
2025-04-14,105.230003,105.230003,105.230003,105.230003,0.000000,105.230003
2025-04-15,106.010002,106.010002,106.010002,106.010002,0.000000,106.010002
2025-04-16,103.010002,103.010002,103.010002,103.010002,0.000000,103.010002
2025-04-17,102.349998,102.349998,102.349998,102.349998,0.000000,102.349998
2025-04-21,,,,,,
2025-04-22,101.570000,101.570000,101.570000,101.570000,0.000000,101.570000
2025-04-23,105.690002,105.690002,105.690002,105.690002,0.000000,105.690002
2025-04-24,109.599998,109.599998,109.599998,109.599998,0.000000,109.599998
2025-04-25,111.930000,111.930000,111.930000,111.930000,0.000000,111.930000
2025-04-28,111.519997,111.519997,111.519997,111.519997,0.000000,111.519997
2025-04-29,112.040001,112.040001,112.040001,112.040001,0.000000,112.040001
2025-04-30,112.120003,112.120003,112.120003,112.120003,0.000000,112.120003
2025-05-01,114.330002,114.330002,114.330002,114.330002,0.000000,114.330002
2025-05-02,117.690002,117.690002,117.690002,117.690002,0.000000,117.690002
2025-05-05,,,,,,
2025-05-06,116.449997,116.449997,116.449997,116.449997,0.000000,116.449997
2025-05-07,117.150002,117.150002,117.150002,117.150002,0.000000,117.150002
2025-05-08,118.269997,118.269997,118.269997,118.269997,0.000000,118.269997
2025-05-09,118.180000,118.180000,118.180000,118.180000,0.000000,118.180000
2025-05-12,123.589996,123.589996,123.589996,123.589996,0.000000,123.589996
2025-05-13,127.309998,127.309998,127.309998,127.309998,0.000000,127.309998
2025-05-14,129.119995,129.119995,129.119995,129.119995,0.000000,129.119995
2025-05-15,128.100006,128.100006,128.100006,128.100006,0.000000,128.100006
2025-05-16,128.490005,128.490005,128.490005,128.490005,0.000000,128.490005
2025-05-19,128.190002,128.190002,128.190002,128.190002,0.000000,128.190002
2025-05-20,128.179993,128.179993,128.179993,128.179993,0.000000,128.179993
2025-05-21,127.089996,127.089996,127.089996,127.089996,0.000000,127.089996
2025-05-22,127.559998,127.559998,127.559998,127.559998,0.000000,127.559998
2025-05-23,126.989998,126.989998,126.989998,126.989998,0.000000,126.989998
2025-05-27,129.460007,129.460007,129.460007,129.460007,0.000000,129.460007
2025-05-28,129.169998,129.169998,129.169998,129.169998,0.000000,129.169998
2025-05-29,129.330002,129.330002,129.330002,129.330002,0.000000,129.330002
2025-05-30,128.660004,128.660004,128.660004,128.660004,0.000000,128.660004
2025-06-02,,,,,,
2025-06-03,132.039993,132.039993,132.039993,132.039993,0.000000,132.039993
2025-06-04,133.360001,133.360001,133.360001,133.360001,0.000000,133.360001
2025-06-05,132.970001,132.970001,132.970001,132.970001,0.000000,132.970001
2025-06-06,133.619995,133.619995,133.619995,133.619995,0.000000,133.619995
2025-06-09,133.850006,133.850006,133.850006,133.850006,0.000000,133.850006
2025-06-10,134.399994,134.399994,134.399994,134.399994,0.000000,134.399994
2025-06-11,135.369995,135.369995,135.369995,135.369995,0.000000,135.369995
2025-06-12,135.669998,135.669998,135.669998,135.669998,0.000000,135.669998
2025-06-13,133.660004,133.660004,133.660004,133.660004,0.000000,133.660004
2025-06-16,136.649994,136.649994,136.649994,136.649994,0.000000,136.649994
2025-06-17,136.300003,136.300003,136.300003,136.300003,0.000000,136.300003
2025-06-18,137.070007,137.070007,137.070007,137.070007,0.000000,137.070007
2025-06-20,136.179993,136.179993,136.179993,136.179993,0.000000,136.179993
2025-06-23,137.139999,137.139999,137.139999,137.139999,0.000000,137.139999
2025-06-24,141.259995,141.259995,141.259995,141.259995,0.000000,141.259995
2025-06-25,142.710007,142.710007,142.710007,142.710007,0.000000,142.710007
2025-06-26,144.850006,144.850006,144.850006,144.850006,0.000000,144.850006
2025-06-27,145.380005,145.380005,145.380005,145.380005,0.000000,145.380005
2025-06-30,146.820007,146.820007,146.820007,146.820007,0.000000,146.820007
2025-07-01,143.360001,143.360001,143.360001,143.360001,0.000000,143.360001
2025-07-02,144.889999,144.889999,144.889999,144.889999,0.000000,144.889999
2025-07-03,146.610001,146.610001,146.610001,146.610001,0.000000,146.610001
2025-07-07,145.410004,145.410004,145.410004,145.410004,0.000000,145.410004
2025-07-08,145.679993,145.679993,145.679993,145.679993,0.000000,145.679993
2025-07-09,147.149994,147.149994,147.149994,147.149994,0.000000,147.149994
2025-07-10,146.639999,146.639999,146.639999,146.639999,0.000000,146.639999
2025-07-11,146.490005,146.490005,146.490005,146.490005,0.000000,146.490005
2025-07-14,146.679993,146.679993,146.679993,146.679993,0.000000,146.679993
2025-07-15,148.559998,148.559998,148.559998,148.559998,0.000000,148.559998
2025-07-16,148.889999,148.889999,148.889999,148.889999,0.000000,148.889999
2025-07-17,150.169998,150.169998,150.169998,150.169998,0.000000,150.169998
2025-07-18,150.630005,150.630005,150.630005,150.630005,0.000000,150.630005
2025-07-21,150.919998,150.919998,150.919998,150.919998,0.000000,150.919998
2025-07-22,147.869995,147.869995,147.869995,147.869995,0.000000,147.869995
2025-07-23,150.259995,150.259995,150.259995,150.259995,0.000000,150.259995
2025-07-24,150.990005,150.990005,150.990005,150.990005,0.000000,150.990005
2025-07-25,151.869995,151.869995,151.869995,151.869995,0.000000,151.869995
2025-07-28,153.630005,153.630005,153.630005,153.630005,0.000000,153.630005
2025-07-29,153.889999,153.889999,153.889999,153.889999,0.000000,153.889999
2025-07-30,155.490005,155.490005,155.490005,155.490005,0.000000,155.490005
2025-07-31,156.860001,156.860001,156.860001,156.860001,0.000000,156.860001
2025-08-01,153.490005,153.490005,153.490005,153.490005,0.000000,153.490005
2025-08-04,,,,,,
2025-08-05,156.529999,156.529999,156.529999,156.529999,0.000000,156.529999
2025-08-06,158.589996,158.589996,158.589996,158.589996,0.000000,158.589996
2025-08-07,159.750000,159.750000,159.750000,159.750000,0.000000,159.750000
2025-08-08,160.649994,160.649994,160.649994,160.649994,0.000000,160.649994
2025-08-11,159.809998,159.809998,159.809998,159.809998,0.000000,159.809998
2025-08-12,162.690002,162.690002,162.690002,162.690002,0.000000,162.690002
2025-08-13,162.020004,162.020004,162.020004,162.020004,0.000000,162.020004
2025-08-14,160.250000,160.250000,160.250000,160.250000,0.000000,160.250000
2025-08-15,160.050003,160.050003,160.050003,160.050003,0.000000,160.050003
2025-08-18,160.240005,160.240005,160.240005,160.240005,0.000000,160.240005
2025-08-19,155.539993,155.539993,155.539993,155.539993,0.000000,155.539993
2025-08-20,153.210007,153.210007,153.210007,153.210007,0.000000,153.210007
2025-08-21,152.970001,152.970001,152.970001,152.970001,0.000000,152.970001
2025-08-22,155.300003,155.300003,155.300003,155.300003,0.000000,155.300003
2025-08-25,,,,,,
2025-08-26,157.539993,157.539993,157.539993,157.539993,0.000000,157.539993
2025-08-27,157.830002,157.830002,157.830002,157.830002,0.000000,157.830002
2025-08-28,161.240005,161.240005,161.240005,161.240005,0.000000,161.240005
2025-08-29,157.889999,157.889999,157.889999,157.889999,0.000000,157.889999
2025-09-02,156.059998,156.059998,156.059998,156.059998,0.000000,156.059998
2025-09-03,157.779999,157.779999,157.779999,157.779999,0.000000,157.779999
2025-09-04,160.559998,160.559998,160.559998,160.559998,0.000000,160.559998
2025-09-05,162.770004,162.770004,162.770004,162.770004,0.000000,162.770004
2025-09-08,164.770004,164.770004,164.770004,164.770004,0.000000,164.770004
2025-09-09,166.539993,166.539993,166.539993,166.539993,0.000000,166.539993
2025-09-10,171.990005,171.990005,171.990005,171.990005,0.000000,171.990005
2025-09-11,172.130005,172.130005,172.130005,172.130005,0.000000,172.130005
2025-09-12,172.520004,172.520004,172.520004,172.520004,0.000000,172.520004
2025-09-15,175.360001,175.360001,175.360001,175.360001,0.000000,175.360001
2025-09-16,175.619995,175.619995,175.619995,175.619995,0.000000,175.619995
2025-09-17,173.880005,173.880005,173.880005,173.880005,0.000000,173.880005
2025-09-18,177.119995,177.119995,177.119995,177.119995,0.000000,177.119995
2025-09-19,177.610001,177.610001,177.610001,177.610001,0.000000,177.610001
2025-09-22,179.139999,179.139999,179.139999,179.139999,0.000000,179.139999
2025-09-23,178.139999,178.139999,178.139999,178.139999,0.000000,178.139999
2025-09-24,176.020004,176.020004,176.020004,176.020004,0.000000,176.020004
2025-09-25,174.610001,174.610001,174.610001,174.610001,0.000000,174.610001
2025-09-26,173.479996,173.479996,173.479996,173.479996,0.000000,173.479996
2025-09-29,175.889999,175.889999,175.889999,175.889999,0.000000,175.889999
2025-09-30,177.130005,177.130005,177.130005,177.130005,0.000000,177.130005
2025-10-01,179.539993,179.539993,179.539993,179.539993,0.000000,179.539993
2025-10-02,182.309998,182.309998,182.309998,182.309998,0.000000,182.309998
2025-10-03,181.520004,181.520004,181.520004,181.520004,0.000000,181.520004
2025-10-06,182.929993,182.929993,182.929993,182.929993,0.000000,182.929993
2025-10-07,181.419998,181.419998,181.419998,181.419998,0.000000,181.419998
2025-10-08,184.940002,184.940002,184.940002,184.940002,0.000000,184.940002
2025-10-09,185.889999,185.889999,185.889999,185.889999,0.000000,185.889999
2025-10-10,178.809998,178.809998,178.809998,178.809998,0.000000,178.809998
2025-10-13,,,,,,
2025-10-14,178.789993,178.789993,178.789993,178.789993,0.000000,178.789993
2025-10-15,183.259995,183.259995,183.259995,183.259995,0.000000,183.259995
2025-10-16,184.830002,184.830002,184.830002,184.830002,0.000000,184.830002
2025-10-17,183.020004,183.020004,183.020004,183.020004,0.000000,183.020004
2025-10-20,185.460007,185.460007,185.460007,185.460007,0.000000,185.460007
2025-10-21,184.160004,184.160004,184.160004,184.160004,0.000000,184.160004
2025-10-22,181.789993,181.789993,181.789993,181.789993,0.000000,181.789993
2025-10-23,185.149994,185.149994,185.149994,185.149994,0.000000,185.149994
2025-10-24,190.089996,190.089996,190.089996,190.089996,0.000000,190.089996
2025-10-27,,,,,,
2025-10-28,196.589996,196.589996,196.589996,196.589996,0.000000,196.589996
2025-10-29,202.029999,202.029999,202.029999,202.029999,0.000000,202.029999
2025-10-30,197.199997,197.199997,197.199997,197.199997,0.000000,197.199997
2025-10-31,199.179993,199.179993,199.179993,199.179993,0.000000,199.179993
2025-11-03,200.410004,200.410004,200.410004,200.410004,0.000000,200.410004
2025-11-04,193.860001,193.860001,193.860001,193.860001,0.000000,193.860001
2025-11-05,196.389999,196.389999,196.389999,196.389999,0.000000,196.389999
2025-11-06,194.479996,194.479996,194.479996,194.479996,0.000000,194.479996
2025-11-07,192.580002,192.580002,192.580002,192.580002,0.000000,192.580002
2025-11-10,198.580002,198.580002,198.580002,198.580002,0.000000,198.580002
2025-11-11,,,,,,
2025-11-12,195.429993,195.429993,195.429993,195.429993,0.000000,195.429993
2025-11-13,187.690002,187.690002,187.690002,187.690002,0.000000,187.690002
2025-11-14,187.100006,187.100006,187.100006,187.100006,0.000000,187.100006
2025-11-17,186.860001,186.860001,186.860001,186.860001,0.000000,186.860001
2025-11-18,182.229996,182.229996,182.229996,182.229996,0.000000,182.229996
2025-11-19,184.259995,184.259995,184.259995,184.259995,0.000000,184.259995
2025-11-20,179.210007,179.210007,179.210007,179.210007,0.000000,179.210007
2025-11-21,177.690002,177.690002,177.690002,177.690002,0.000000,177.690002
2025-11-24,185.300003,185.300003,185.300003,185.300003,0.000000,185.300003
2025-11-25,186.270004,186.270004,186.270004,186.270004,0.000000,186.270004
2025-11-26,189.240005,189.240005,189.240005,189.240005,0.000000,189.240005
2025-11-28,191.500000,191.500000,191.500000,191.500000,0.000000,191.500000
2025-12-01,188.710007,188.710007,188.710007,188.710007,0.000000,188.710007
2025-12-02,189.869995,189.869995,189.869995,189.869995,0.000000,189.869995
2025-12-03,189.690002,189.690002,189.690002,189.690002,0.000000,189.690002
2025-12-04,191.309998,191.309998,191.309998,191.309998,0.000000,191.309998
2025-12-05,193.160004,193.160004,193.160004,193.160004,0.000000,193.160004
2025-12-08,195.369995,195.369995,195.369995,195.369995,0.000000,195.369995
2025-12-09,195.449997,195.449997,195.449997,195.449997,0.000000,195.449997
2025-12-10,198.089996,198.089996,198.089996,198.089996,0.000000,198.089996
2025-12-11,197.539993,197.539993,197.539993,197.539993,0.000000,197.539993
2025-12-12,188.639999,188.639999,188.639999,188.639999,0.000000,188.639999
2025-12-15,186.630005,186.630005,186.630005,186.630005,0.000000,186.630005
2025-12-16,185.199997,185.199997,185.199997,185.199997,0.000000,185.199997
2025-12-17,180.500000,180.500000,180.500000,180.500000,0.000000,180.500000
2025-12-18,184.130005,184.130005,184.130005,184.130005,0.000000,184.130005
2025-12-19,,,,,,
2025-12-22,192.229996,192.229996,192.229996,192.229996,0.000000,192.229996
2025-12-23,193.330002,193.330002,193.330002,193.330002,0.000000,193.330002
2025-12-24,194.210007,194.210007,194.210007,194.210007,0.000000,194.210007
2025-12-26,,,,,,
2025-12-29,,,,,,
2025-12-30,192.520004,192.520004,192.520004,192.520004,0.000000,192.520004
2025-12-31,191.100006,191.100006,191.100006,191.100006,0.000000,191.100006
2026-01-02,196.020004,196.020004,196.020004,196.020004,0.000000,196.020004
2026-01-05,197.050003,197.050003,197.050003,197.050003,0.000000,197.050003
2026-01-06,201.529999,201.529999,201.529999,201.529999,0.000000,201.529999
2026-01-07,200.369995,200.369995,200.369995,200.369995,0.000000,200.369995
2026-01-08,195.259995,195.259995,195.259995,195.259995,0.000000,195.259995
2026-01-09,198.850006,198.850006,198.850006,198.850006,0.000000,198.850006
2026-01-12,201.509995,201.509995,201.509995,201.509995,0.000000,201.509995
2026-01-13,204.089996,204.089996,204.089996,204.089996,0.000000,204.089996
2026-01-14,202.029999,202.029999,202.029999,202.029999,0.000000,202.029999
2026-01-15,204.500000,204.500000,204.500000,204.500000,0.000000,204.500000
2026-01-16,206.699997,206.699997,206.699997,206.699997,0.000000,206.699997
2026-01-20,204.339996,204.339996,204.339996,204.339996,0.000000,204.339996
2026-01-21,207.449997,207.449997,207.449997,207.449997,0.000000,207.449997
2026-01-22,209.080002,209.080002,209.080002,209.080002,0.000000,209.080002
2026-01-23,208.449997,208.449997,208.449997,208.449997,0.000000,208.449997
2026-01-26,208.869995,208.869995,208.869995,208.869995,0.000000,208.869995
2026-01-27,214.470001,214.470001,214.470001,214.470001,0.000000,214.470001
2026-01-28,217.990005,217.990005,217.990005,217.990005,0.000000,217.990005
2026-01-29,217.139999,217.139999,217.139999,217.139999,0.000000,217.139999
2026-01-30,212.199997,212.199997,212.199997,212.199997,0.000000,212.199997
2026-02-02,,,,,,
2026-02-03,215.190002,215.190002,215.190002,215.190002,0.000000,215.190002
2026-02-04,206.779999,206.779999,206.779999,206.779999,0.000000,206.779999
2026-02-05,204.669998,204.669998,204.669998,204.669998,0.000000,204.669998
2026-02-06,211.570007,211.570007,211.570007,211.570007,0.000000,211.570007
2026-02-09,216.720001,216.720001,216.720001,216.720001,0.000000,216.720001
2026-02-10,214.789993,214.789993,214.789993,214.789993,0.000000,214.789993
2026-02-11,217.850006,217.850006,217.850006,217.850006,0.000000,217.850006
2026-02-12,215.339996,215.339996,215.339996,215.339996,0.000000,215.339996
2026-02-13,215.229996,215.229996,215.229996,215.229996,0.000000,215.229996
2026-02-17,215.360001,215.360001,215.360001,215.360001,0.000000,215.360001
2026-02-18,217.630005,217.630005,217.630005,217.630005,0.000000,217.630005
2026-02-19,218.460007,218.460007,218.460007,218.460007,0.000000,218.460007
2026-02-20,220.320007,220.320007,220.320007,220.320007,0.000000,220.320007
2026-02-23,219.679993,219.679993,219.679993,219.679993,0.000000,219.679993
2026-02-24,222.929993,222.929993,222.929993,222.929993,0.000000,222.929993
2026-02-25,227.869995,227.869995,227.869995,227.869995,0.000000,227.869995
2026-02-26,224.130005,224.130005,224.130005,224.130005,0.000000,224.130005
2026-02-27,221.850006,221.850006,221.850006,221.850006,0.000000,221.850006
2026-03-02,223.070007,223.070007,223.070007,223.070007,0.000000,223.070007
2026-03-03,213.229996,213.229996,213.229996,213.229996,0.000000,213.229996
2026-03-04,212.990005,212.990005,212.990005,212.990005,0.000000,212.990005
2026-03-05,212.789993,212.789993,212.789993,212.789993,0.000000,212.789993
2026-03-06,206.139999,206.139999,206.139999,206.139999,0.000000,206.139999
2026-03-09,208.550003,208.550003,208.550003,208.550003,0.000000,208.550003
2026-03-10,213.619995,213.619995,213.619995,213.619995,0.000000,213.619995
2026-03-11,216.160004,216.160004,216.160004,216.160004,0.000000,216.160004
2026-03-12,211.479996,211.479996,211.479996,211.479996,0.000000,211.479996
2026-03-13,210.320007,210.320007,210.320007,210.320007,0.000000,210.320007
2026-03-16,212.669998,212.669998,212.669998,212.669998,0.000000,212.669998
2026-03-17,,,,,,
2026-03-18,217.130005,217.130005,217.130005,217.130005,0.000000,217.130005
2026-03-19,218.380005,218.380005,218.380005,218.380005,0.000000,218.380005
2026-03-20,212.059998,212.059998,212.059998,212.059998,0.000000,212.059998
2026-03-23,212.179993,212.179993,212.179993,212.179993,0.000000,212.179993
2026-03-24,214.880005,214.880005,214.880005,214.880005,0.000000,214.880005
2026-03-25,218.529999,218.529999,218.529999,218.529999,0.000000,218.529999
2026-03-26,208.160004,208.160004,208.160004,208.160004,0.000000,208.160004
2026-03-27,206.279999,206.279999,206.279999,206.279999,0.000000,206.279999
2026-03-30,198.449997,198.449997,198.449997,198.449997,0.000000,198.449997
2026-03-31,203.949997,203.949997,203.949997,203.949997,0.000000,203.949997
2026-04-01,213.179993,213.179993,213.179993,213.179993,0.000000,213.179993
2026-04-02,213.389999,213.389999,213.389999,213.389999,0.000000,213.389999
2026-04-06,,,,,,
2026-04-07,218.139999,218.139999,218.139999,218.139999,0.000000,218.139999
2026-04-08,233.320007,233.320007,233.320007,233.320007,0.000000,233.320007
2026-04-09,235.649994,235.649994,235.649994,235.649994,0.000000,235.649994
2026-04-10,240.690002,240.690002,240.690002,240.690002,0.000000,240.690002
2026-04-13,243.309998,243.309998,243.309998,243.309998,0.000000,243.309998
2026-04-14,249.839996,249.839996,249.839996,249.839996,0.000000,249.839996
2026-04-15,251.020004,251.020004,251.020004,251.020004,0.000000,251.020004
2026-04-16,254.669998,254.669998,254.669998,254.669998,0.000000,254.669998
2026-04-17,258.239990,258.239990,258.239990,258.239990,0.000000,258.239990
2026-04-20,258.429993,258.429993,258.429993,258.429993,0.000000,258.429993
2026-04-21,260.100006,260.100006,260.100006,260.100006,0.000000,260.100006
2026-04-22,265.380005,265.380005,265.380005,265.380005,0.000000,265.380005
2026-04-23,263.790009,263.790009,263.790009,263.790009,0.000000,263.790009
2026-04-24,272.200012,272.200012,272.200012,272.200012,0.000000,272.200012
2026-04-27,273.619995,273.619995,273.619995,273.619995,0.000000,273.619995
2026-04-28,266.299988,266.299988,266.299988,266.299988,0.000000,266.299988
2026-04-29,269.309998,269.309998,269.309998,269.309998,0.000000,269.309998
2026-04-30,273.149994,273.149994,273.149994,273.149994,0.000000,273.149994
2026-05-01,275.380005,275.380005,275.380005,275.380005,0.000000,275.380005
2026-05-04,,,,,,
2026-05-05,284.279999,284.279999,284.279999,284.279999,0.000000,284.279999
2026-05-06,294.579987,294.579987,294.579987,294.579987,0.000000,294.579987
2026-05-07,294.480011,294.480011,294.480011,294.480011,0.000000,294.480011
2026-05-08,301.440002,301.440002,301.440002,301.440002,0.000000,301.440002
2026-05-11,308.089996,308.089996,308.089996,308.089996,0.000000,308.089996
2026-05-12,303.579987,303.579987,303.579987,303.579987,0.000000,303.579987
2026-05-13,310.059998,310.059998,310.059998,310.059998,0.000000,310.059998
2026-05-14,311.510010,311.510010,311.510010,311.510010,0.000000,311.510010
2026-05-15,300.839996,300.839996,300.839996,300.839996,0.000000,300.839996
2026-05-18,294.619995,294.619995,294.619995,294.619995,0.000000,294.619995
2026-05-19,290.010010,290.010010,290.010010,290.010010,0.000000,290.010010
2026-05-20,295.160004,295.160004,295.160004,295.160004,0.000000,295.160004
2026-05-21,302.929993,302.929993,302.929993,302.929993,0.000000,302.929993
2026-05-22,306.359985,306.359985,306.359985,306.359985,0.000000,306.359985
2026-05-26,317.390015,317.390015,317.390015,317.390015,0.000000,317.390015
2026-05-27,316.809998,316.809998,316.809998,316.809998,0.000000,316.809998
2026-05-28,318.230011,318.230011,318.230011,318.230011,0.000000,318.230011
2026-05-29,323.029999,323.029999,323.029999,323.029999,0.000000,323.029999
2026-06-01,,,,,,
2026-06-02,332.700012,332.700012,332.700012,332.700012,0.000000,332.700012
2026-06-03,333.299988,333.299988,333.299988,333.299988,0.000000,333.299988
2026-06-04,325.519989,325.519989,325.519989,325.519989,0.000000,325.519989
2026-06-05,307.929993,307.929993,307.929993,307.929993,0.000000,307.929993
2026-06-08,307.760010,307.760010,307.760010,307.760010,0.000000,307.760010
2026-06-09,307.470001,307.470001,307.470001,307.470001,0.000000,307.470001
2026-06-10,297.329987,297.329987,297.329987,297.329987,0.000000,297.329987
2026-06-11,307.570007,307.570007,307.570007,307.570007,0.000000,307.570007
2026-06-12,314.010010,314.010010,314.010010,314.010010,0.000000,314.010010
2026-06-15,328.660004,328.660004,328.660004,328.660004,0.000000,328.660004
2026-06-16,322.649994,322.649994,322.649994,322.649994,0.000000,322.649994
2026-06-17,323.200012,323.200012,323.200012,323.200012,0.000000,323.200012
2026-06-18,333.329987,333.329987,333.329987,333.329987,0.000000,333.329987
2026-06-22,337.649994,337.649994,337.649994,337.649994,0.000000,337.649994
2026-06-23,320.160004,320.160004,320.160004,320.160004,0.000000,320.160004
2026-06-24,317.760010,317.760010,317.760010,317.760010,0.000000,317.760010
2026-06-25,325.809998,325.809998,325.809998,325.809998,0.000000,325.809998
2026-06-26,311.630005,311.630005,311.630005,311.630005,0.000000,311.630005
2026-06-29,318.989990,318.989990,318.989990,318.989990,0.000000,318.989990
2026-06-30,328.640015,328.640015,328.640015,328.640015,0.000000,328.640015
2026-07-01,318.809998,318.809998,318.809998,318.809998,0.000000,318.809998
2026-07-02,305.600006,305.600006,305.600006,305.600006,0.000000,305.600006
2026-07-06,308.690002,308.690002,308.690002,308.690002,0.000000,308.690002
2026-07-07,296.850006,296.850006,296.850006,296.850006,0.000000,296.850006
2026-07-08,298.660004,298.660004,298.660004,298.660004,0.000000,298.660004
2026-07-09,304.450012,304.450012,304.450012,304.450012,0.000000,304.450012
2026-07-10,305.269989,305.269989,305.269989,305.269989,0.000000,305.269989
2026-07-13,294.459991,294.459991,294.459991,294.459991,0.000000,294.459991
2026-07-14,299.309998,299.309998,299.309998,299.309998,0.000000,299.309998
2026-07-15,297.399994,297.399994,297.399994,297.399994,0.000000,297.399994
2026-07-16,285.250000,285.250000,285.250000,285.250000,0.000000,285.250000
2026-07-17,0.000000,0.000000,0.000000,278.890015,0.000000,278.890015
2026-07-20,279.140015,279.140015,279.140015,279.140015,0.000000,279.140015
2026-07-21,292.100006,292.100006,292.100006,292.100006,0.000000,292.100006
2026-07-22,291.640015,291.640015,291.640015,291.640015,0.000000,291.640015
2026-07-23,291.260010,291.260010,291.260010,291.260010,0.000000,291.260010
2026-07-24,279.779999,279.779999,279.779999,279.779999,0.000000,279.779999
2026-07-27,274.790009,274.790009,274.790009,274.790009,0.000000,274.790009
2026-07-28,262.309998,262.309998,262.309998,262.309998,0.000000,262.309998
2026-07-29,251.880005,251.880005,251.880005,251.880005,0.000000,251.880005
2026-07-30,264.790009,264.790009,264.790009,264.790009,0.000000,264.790009
2026-07-31,273.899994,273.899994,273.899994,273.899994,0.000000,273.899994
2026-08-03,,,,,,
2026-08-04,289.720001,289.720001,289.720001,289.720001,0.000000,289.720001
2026-08-05,289.359985,289.359985,289.359985,289.359985,0.000000,289.359985
2026-08-06,287.329987,287.329987,287.329987,287.329987,0.000000,287.329987
2026-08-07,289.619995,289.619995,289.619995,289.619995,0.000000,289.619995
2026-08-10,287.250000,287.250000,287.250000,287.250000,0.000000,287.250000
2026-08-11,288.350006,288.350006,288.350006,288.350006,0.000000,288.350006
2026-08-12,295.799988,295.799988,295.799988,295.799988,0.000000,295.799988
2026-08-13,300.399994,300.399994,300.399994,300.399994,0.000000,300.399994
2026-08-14,301.420013,301.420013,301.420013,301.420013,0.000000,301.420013
2026-08-17,,,,,,
