Date,Open,High,Low,Close,Volume,Adj Close
2019-01-02,1.418700,1.418700,1.418700,1.418700,0.000000,1.418700
2019-01-03,1.419600,1.419600,1.419600,1.419600,0.000000,1.419600
2019-01-04,1.422800,1.422800,1.422800,1.422800,0.000000,1.422800
2019-01-07,1.420900,1.420900,1.420900,1.420900,0.000000,1.420900
2019-01-08,1.422100,1.422100,1.422100,1.422100,0.000000,1.422100
2019-01-09,1.422300,1.422300,1.422300,1.422300,0.000000,1.422300
2019-01-10,1.423600,1.423600,1.423600,1.423600,0.000000,1.423600
2019-01-11,1.426400,1.426400,1.426400,1.426400,0.000000,1.426400
2019-01-14,1.426200,1.426200,1.426200,1.426200,0.000000,1.426200
2019-01-15,1.427200,1.427200,1.427200,1.427200,0.000000,1.427200
2019-01-16,1.427600,1.427600,1.427600,1.427600,0.000000,1.427600
2019-01-17,1.427800,1.427800,1.427800,1.427800,0.000000,1.427800
2019-01-18,1.430000,1.430000,1.430000,1.430000,0.000000,1.430000
2019-01-22,1.430700,1.430700,1.430700,1.430700,0.000000,1.430700
2019-01-23,1.432800,1.432800,1.432800,1.432800,0.000000,1.432800
2019-01-24,1.432200,1.432200,1.432200,1.432200,0.000000,1.432200
2019-01-25,1.438900,1.438900,1.438900,1.438900,0.000000,1.438900
2019-01-28,1.436200,1.436200,1.436200,1.436200,0.000000,1.436200
2019-01-29,1.437400,1.437400,1.437400,1.437400,0.000000,1.437400
2019-01-30,1.439000,1.439000,1.439000,1.439000,0.000000,1.439000
2019-01-31,1.443500,1.443500,1.443500,1.443500,0.000000,1.443500
2019-02-01,1.447400,1.447400,1.447400,1.447400,0.000000,1.447400
2019-02-04,1.447800,1.447800,1.447800,1.447800,0.000000,1.447800
2019-02-05,1.448500,1.448500,1.448500,1.448500,0.000000,1.448500
2019-02-06,1.452700,1.452700,1.452700,1.452700,0.000000,1.452700
2019-02-07,1.453200,1.453200,1.453200,1.453200,0.000000,1.453200
2019-02-08,1.455900,1.455900,1.455900,1.455900,0.000000,1.455900
2019-02-11,1.457100,1.457100,1.457100,1.457100,0.000000,1.457100
2019-02-12,1.456300,1.456300,1.456300,1.456300,0.000000,1.456300
2019-02-13,1.453500,1.453500,1.453500,1.453500,0.000000,1.453500
2019-02-14,1.453600,1.453600,1.453600,1.453600,0.000000,1.453600
2019-02-15,1.456400,1.456400,1.456400,1.456400,0.000000,1.456400
2019-02-19,1.458500,1.458500,1.458500,1.458500,0.000000,1.458500
2019-02-20,1.462800,1.462800,1.462800,1.462800,0.000000,1.462800
2019-02-21,1.460000,1.460000,1.460000,1.460000,0.000000,1.460000
2019-02-22,1.457500,1.457500,1.457500,1.457500,0.000000,1.457500
2019-02-25,1.460200,1.460200,1.460200,1.460200,0.000000,1.460200
2019-02-26,1.458500,1.458500,1.458500,1.458500,0.000000,1.458500
2019-02-27,1.460100,1.460100,1.460100,1.460100,0.000000,1.460100
2019-02-28,1.454900,1.454900,1.454900,1.454900,0.000000,1.454900
2019-03-01,1.451500,1.451500,1.451500,1.451500,0.000000,1.451500
2019-03-04,1.445900,1.445900,1.445900,1.445900,0.000000,1.445900
2019-03-05,1.448300,1.448300,1.448300,1.448300,0.000000,1.448300
2019-03-06,1.451400,1.451400,1.451400,1.451400,0.000000,1.451400
2019-03-07,1.452700,1.452700,1.452700,1.452700,0.000000,1.452700
2019-03-08,1.457200,1.457200,1.457200,1.457200,0.000000,1.457200
2019-03-11,1.458100,1.458100,1.458100,1.458100,0.000000,1.458100
2019-03-12,1.459900,1.459900,1.459900,1.459900,0.000000,1.459900
2019-03-13,1.464600,1.464600,1.464600,1.464600,0.000000,1.464600
2019-03-14,1.464800,1.464800,1.464800,1.464800,0.000000,1.464800
2019-03-15,1.464200,1.464200,1.464200,1.464200,0.000000,1.464200
2019-03-18,,,,,,
2019-03-19,1.470400,1.470400,1.470400,1.470400,0.000000,1.470400
2019-03-20,1.467600,1.467600,1.467600,1.467600,0.000000,1.467600
2019-03-21,1.472600,1.472600,1.472600,1.472600,0.000000,1.472600
2019-03-22,1.476500,1.476500,1.476500,1.476500,0.000000,1.476500
2019-03-25,1.476800,1.476800,1.476800,1.476800,0.000000,1.476800
2019-03-26,1.477800,1.477800,1.477800,1.477800,0.000000,1.477800
2019-03-27,1.480900,1.480900,1.480900,1.480900,0.000000,1.480900
2019-03-28,1.482900,1.482900,1.482900,1.482900,0.000000,1.482900
2019-03-29,1.483500,1.483500,1.483500,1.483500,0.000000,1.483500
2019-04-01,1.484600,1.484600,1.484600,1.484600,0.000000,1.484600
2019-04-02,1.484100,1.484100,1.484100,1.484100,0.000000,1.484100
2019-04-03,1.484300,1.484300,1.484300,1.484300,0.000000,1.484300
2019-04-04,1.484200,1.484200,1.484200,1.484200,0.000000,1.484200
2019-04-05,1.484400,1.484400,1.484400,1.484400,0.000000,1.484400
2019-04-08,1.488100,1.488100,1.488100,1.488100,0.000000,1.488100
2019-04-09,1.486400,1.486400,1.486400,1.486400,0.000000,1.486400
2019-04-10,1.486300,1.486300,1.486300,1.486300,0.000000,1.486300
2019-04-11,1.487600,1.487600,1.487600,1.487600,0.000000,1.487600
2019-04-12,1.481900,1.481900,1.481900,1.481900,0.000000,1.481900
2019-04-15,1.481000,1.481000,1.481000,1.481000,0.000000,1.481000
2019-04-16,1.482400,1.482400,1.482400,1.482400,0.000000,1.482400
2019-04-17,1.480300,1.480300,1.480300,1.480300,0.000000,1.480300
2019-04-18,1.481400,1.481400,1.481400,1.481400,0.000000,1.481400
2019-04-22,,,,,,
2019-04-23,1.482700,1.482700,1.482700,1.482700,0.000000,1.482700
2019-04-24,1.489700,1.489700,1.489700,1.489700,0.000000,1.489700
2019-04-25,1.491200,1.491200,1.491200,1.491200,0.000000,1.491200
2019-04-26,1.490900,1.490900,1.490900,1.490900,0.000000,1.490900
2019-04-29,1.492900,1.492900,1.492900,1.492900,0.000000,1.492900
2019-04-30,1.491900,1.491900,1.491900,1.491900,0.000000,1.491900
2019-05-01,1.494900,1.494900,1.494900,1.494900,0.000000,1.494900
2019-05-02,1.494800,1.494800,1.494800,1.494800,0.000000,1.494800
2019-05-03,1.493300,1.493300,1.493300,1.493300,0.000000,1.493300
2019-05-06,,,,,,
2019-05-07,1.492100,1.492100,1.492100,1.492100,0.000000,1.492100
2019-05-08,1.490500,1.490500,1.490500,1.490500,0.000000,1.490500
2019-05-09,1.488400,1.488400,1.488400,1.488400,0.000000,1.488400
2019-05-10,1.490000,1.490000,1.490000,1.490000,0.000000,1.490000
2019-05-13,1.490500,1.490500,1.490500,1.490500,0.000000,1.490500
2019-05-14,1.492800,1.492800,1.492800,1.492800,0.000000,1.492800
2019-05-15,1.495400,1.495400,1.495400,1.495400,0.000000,1.495400
2019-05-16,1.499800,1.499800,1.499800,1.499800,0.000000,1.499800
2019-05-17,1.500700,1.500700,1.500700,1.500700,0.000000,1.500700
2019-05-20,1.500100,1.500100,1.500100,1.500100,0.000000,1.500100
2019-05-21,1.503200,1.503200,1.503200,1.503200,0.000000,1.503200
2019-05-22,1.502000,1.502000,1.502000,1.502000,0.000000,1.502000
2019-05-23,1.499600,1.499600,1.499600,1.499600,0.000000,1.499600
2019-05-24,1.507200,1.507200,1.507200,1.507200,0.000000,1.507200
2019-05-28,1.508500,1.508500,1.508500,1.508500,0.000000,1.508500
2019-05-29,1.507600,1.507600,1.507600,1.507600,0.000000,1.507600
2019-05-30,1.507700,1.507700,1.507700,1.507700,0.000000,1.507700
2019-05-31,1.509700,1.509700,1.509700,1.509700,0.000000,1.509700
2019-06-03,,,,,,
2019-06-04,1.517900,1.517900,1.517900,1.517900,0.000000,1.517900
2019-06-05,1.519300,1.519300,1.519300,1.519300,0.000000,1.519300
2019-06-06,1.520100,1.520100,1.520100,1.520100,0.000000,1.520100
2019-06-07,1.522300,1.522300,1.522300,1.522300,0.000000,1.522300
2019-06-10,1.527300,1.527300,1.527300,1.527300,0.000000,1.527300
2019-06-11,1.527300,1.527300,1.527300,1.527300,0.000000,1.527300
2019-06-12,1.529400,1.529400,1.529400,1.529400,0.000000,1.529400
2019-06-13,1.532200,1.532200,1.532200,1.532200,0.000000,1.532200
2019-06-14,1.533300,1.533300,1.533300,1.533300,0.000000,1.533300
2019-06-17,1.534400,1.534400,1.534400,1.534400,0.000000,1.534400
2019-06-18,1.538600,1.538600,1.538600,1.538600,0.000000,1.538600
2019-06-19,1.541900,1.541900,1.541900,1.541900,0.000000,1.541900
2019-06-20,1.550000,1.550000,1.550000,1.550000,0.000000,1.550000
2019-06-21,1.550200,1.550200,1.550200,1.550200,0.000000,1.550200
2019-06-24,1.549300,1.549300,1.549300,1.549300,0.000000,1.549300
2019-06-25,1.551800,1.551800,1.551800,1.551800,0.000000,1.551800
2019-06-26,1.548200,1.548200,1.548200,1.548200,0.000000,1.548200
2019-06-27,1.544800,1.544800,1.544800,1.544800,0.000000,1.544800
2019-06-28,1.548200,1.548200,1.548200,1.548200,0.000000,1.548200
2019-07-01,1.550300,1.550300,1.550300,1.550300,0.000000,1.550300
2019-07-02,1.552800,1.552800,1.552800,1.552800,0.000000,1.552800
2019-07-03,1.561000,1.561000,1.561000,1.561000,0.000000,1.561000
2019-07-05,1.563400,1.563400,1.563400,1.563400,0.000000,1.563400
2019-07-08,1.555700,1.555700,1.555700,1.555700,0.000000,1.555700
2019-07-09,1.553100,1.553100,1.553100,1.553100,0.000000,1.553100
2019-07-10,1.550900,1.550900,1.550900,1.550900,0.000000,1.550900
2019-07-11,1.554400,1.554400,1.554400,1.554400,0.000000,1.554400
2019-07-12,1.550600,1.550600,1.550600,1.550600,0.000000,1.550600
2019-07-15,1.551600,1.551600,1.551600,1.551600,0.000000,1.551600
2019-07-16,1.553000,1.553000,1.553000,1.553000,0.000000,1.553000
2019-07-17,1.551600,1.551600,1.551600,1.551600,0.000000,1.551600
2019-07-18,1.554600,1.554600,1.554600,1.554600,0.000000,1.554600
2019-07-19,1.557100,1.557100,1.557100,1.557100,0.000000,1.557100
2019-07-22,1.556500,1.556500,1.556500,1.556500,0.000000,1.556500
2019-07-23,1.557300,1.557300,1.557300,1.557300,0.000000,1.557300
2019-07-24,1.558300,1.558300,1.558300,1.558300,0.000000,1.558300
2019-07-25,1.556600,1.556600,1.556600,1.556600,0.000000,1.556600
2019-07-26,1.555300,1.555300,1.555300,1.555300,0.000000,1.555300
2019-07-29,1.555600,1.555600,1.555600,1.555600,0.000000,1.555600
2019-07-30,1.556800,1.556800,1.556800,1.556800,0.000000,1.556800
2019-07-31,1.555100,1.555100,1.555100,1.555100,0.000000,1.555100
2019-08-01,1.550600,1.550600,1.550600,1.550600,0.000000,1.550600
2019-08-02,1.555100,1.555100,1.555100,1.555100,0.000000,1.555100
2019-08-05,,,,,,
2019-08-06,1.553400,1.553400,1.553400,1.553400,0.000000,1.553400
2019-08-07,1.559600,1.559600,1.559600,1.559600,0.000000,1.559600
2019-08-08,1.565000,1.565000,1.565000,1.565000,0.000000,1.565000
2019-08-09,1.566900,1.566900,1.566900,1.566900,0.000000,1.566900
2019-08-12,1.566900,1.566900,1.566900,1.566900,0.000000,1.566900
2019-08-13,1.570100,1.570100,1.570100,1.570100,0.000000,1.570100
2019-08-14,1.567700,1.567700,1.567700,1.567700,0.000000,1.567700
2019-08-15,1.571800,1.571800,1.571800,1.571800,0.000000,1.571800
2019-08-16,1.575400,1.575400,1.575400,1.575400,0.000000,1.575400
2019-08-19,1.574900,1.574900,1.574900,1.574900,0.000000,1.574900
2019-08-20,1.572300,1.572300,1.572300,1.572300,0.000000,1.572300
2019-08-21,1.573400,1.573400,1.573400,1.573400,0.000000,1.573400
2019-08-22,1.571500,1.571500,1.571500,1.571500,0.000000,1.571500
2019-08-23,1.570400,1.570400,1.570400,1.570400,0.000000,1.570400
2019-08-26,1.573300,1.573300,1.573300,1.573300,0.000000,1.573300
2019-08-27,1.575100,1.575100,1.575100,1.575100,0.000000,1.575100
2019-08-28,1.581600,1.581600,1.581600,1.581600,0.000000,1.581600
2019-08-29,1.581900,1.581900,1.581900,1.581900,0.000000,1.581900
2019-08-30,1.583100,1.583100,1.583100,1.583100,0.000000,1.583100
2019-09-03,1.582300,1.582300,1.582300,1.582300,0.000000,1.582300
2019-09-04,1.588100,1.588100,1.588100,1.588100,0.000000,1.588100
2019-09-05,1.588600,1.588600,1.588600,1.588600,0.000000,1.588600
2019-09-06,1.578900,1.578900,1.578900,1.578900,0.000000,1.578900
2019-09-09,1.580000,1.580000,1.580000,1.580000,0.000000,1.580000
2019-09-10,1.570700,1.570700,1.570700,1.570700,0.000000,1.570700
2019-09-11,1.568300,1.568300,1.568300,1.568300,0.000000,1.568300
2019-09-12,1.568100,1.568100,1.568100,1.568100,0.000000,1.568100
2019-09-13,1.567600,1.567600,1.567600,1.567600,0.000000,1.567600
2019-09-16,1.564900,1.564900,1.564900,1.564900,0.000000,1.564900
2019-09-17,1.564100,1.564100,1.564100,1.564100,0.000000,1.564100
2019-09-18,1.568000,1.568000,1.568000,1.568000,0.000000,1.568000
2019-09-19,1.569500,1.569500,1.569500,1.569500,0.000000,1.569500
2019-09-20,1.572600,1.572600,1.572600,1.572600,0.000000,1.572600
2019-09-23,1.574900,1.574900,1.574900,1.574900,0.000000,1.574900
2019-09-24,1.577200,1.577200,1.577200,1.577200,0.000000,1.577200
2019-09-25,1.575300,1.575300,1.575300,1.575300,0.000000,1.575300
2019-09-26,1.573000,1.573000,1.573000,1.573000,0.000000,1.573000
2019-09-27,1.573900,1.573900,1.573900,1.573900,0.000000,1.573900
2019-09-30,1.571900,1.571900,1.571900,1.571900,0.000000,1.571900
2019-10-01,1.570000,1.570000,1.570000,1.570000,0.000000,1.570000
2019-10-02,1.567400,1.567400,1.567400,1.567400,0.000000,1.567400
2019-10-03,1.567300,1.567300,1.567300,1.567300,0.000000,1.567300
2019-10-04,1.571700,1.571700,1.571700,1.571700,0.000000,1.571700
2019-10-07,1.575500,1.575500,1.575500,1.575500,0.000000,1.575500
2019-10-08,1.573000,1.573000,1.573000,1.573000,0.000000,1.573000
2019-10-09,1.571300,1.571300,1.571300,1.571300,0.000000,1.571300
2019-10-10,1.570100,1.570100,1.570100,1.570100,0.000000,1.570100
2019-10-11,1.570100,1.570100,1.570100,1.570100,0.000000,1.570100
2019-10-14,1.568300,1.568300,1.568300,1.568300,0.000000,1.568300
2019-10-15,1.570500,1.570500,1.570500,1.570500,0.000000,1.570500
2019-10-16,1.568600,1.568600,1.568600,1.568600,0.000000,1.568600
2019-10-17,1.571700,1.571700,1.571700,1.571700,0.000000,1.571700
2019-10-18,1.570100,1.570100,1.570100,1.570100,0.000000,1.570100
2019-10-21,1.570400,1.570400,1.570400,1.570400,0.000000,1.570400
2019-10-22,1.569400,1.569400,1.569400,1.569400,0.000000,1.569400
2019-10-23,1.570300,1.570300,1.570300,1.570300,0.000000,1.570300
2019-10-24,1.573000,1.573000,1.573000,1.573000,0.000000,1.573000
2019-10-25,1.574700,1.574700,1.574700,1.574700,0.000000,1.574700
2019-10-28,,,,,,
2019-10-29,1.568900,1.568900,1.568900,1.568900,0.000000,1.568900
2019-10-30,1.571400,1.571400,1.571400,1.571400,0.000000,1.571400
2019-10-31,1.577400,1.577400,1.577400,1.577400,0.000000,1.577400
2019-11-01,1.583600,1.583600,1.583600,1.583600,0.000000,1.583600
2019-11-04,1.585700,1.585700,1.585700,1.585700,0.000000,1.585700
2019-11-05,1.582100,1.582100,1.582100,1.582100,0.000000,1.582100
2019-11-06,1.577000,1.577000,1.577000,1.577000,0.000000,1.577000
2019-11-07,1.580400,1.580400,1.580400,1.580400,0.000000,1.580400
2019-11-08,1.572900,1.572900,1.572900,1.572900,0.000000,1.572900
2019-11-11,1.569600,1.569600,1.569600,1.569600,0.000000,1.569600
2019-11-12,1.570000,1.570000,1.570000,1.570000,0.000000,1.570000
2019-11-13,1.568500,1.568500,1.568500,1.568500,0.000000,1.568500
2019-11-14,1.572700,1.572700,1.572700,1.572700,0.000000,1.572700
2019-11-15,1.571600,1.571600,1.571600,1.571600,0.000000,1.571600
2019-11-18,1.574700,1.574700,1.574700,1.574700,0.000000,1.574700
2019-11-19,1.577500,1.577500,1.577500,1.577500,0.000000,1.577500
2019-11-20,1.573900,1.573900,1.573900,1.573900,0.000000,1.573900
2019-11-21,1.571200,1.571200,1.571200,1.571200,0.000000,1.571200
2019-11-22,1.572800,1.572800,1.572800,1.572800,0.000000,1.572800
2019-11-25,1.576100,1.576100,1.576100,1.576100,0.000000,1.576100
2019-11-26,1.577900,1.577900,1.577900,1.577900,0.000000,1.577900
2019-11-27,1.582000,1.582000,1.582000,1.582000,0.000000,1.582000
2019-11-29,1.580100,1.580100,1.580100,1.580100,0.000000,1.580100
2019-12-02,1.577200,1.577200,1.577200,1.577200,0.000000,1.577200
2019-12-03,1.570200,1.570200,1.570200,1.570200,0.000000,1.570200
2019-12-04,1.571400,1.571400,1.571400,1.571400,0.000000,1.571400
2019-12-05,1.572700,1.572700,1.572700,1.572700,0.000000,1.572700
2019-12-06,1.573700,1.573700,1.573700,1.573700,0.000000,1.573700
2019-12-09,1.576500,1.576500,1.576500,1.576500,0.000000,1.576500
2019-12-10,1.574000,1.574000,1.574000,1.574000,0.000000,1.574000
2019-12-11,1.574000,1.574000,1.574000,1.574000,0.000000,1.574000
2019-12-12,1.579100,1.579100,1.579100,1.579100,0.000000,1.579100
2019-12-13,1.590200,1.590200,1.590200,1.590200,0.000000,1.590200
2019-12-16,1.595700,1.595700,1.595700,1.595700,0.000000,1.595700
2019-12-17,1.596700,1.596700,1.596700,1.596700,0.000000,1.596700
2019-12-18,1.595700,1.595700,1.595700,1.595700,0.000000,1.595700
2019-12-19,1.595300,1.595300,1.595300,1.595300,0.000000,1.595300
2019-12-20,1.598100,1.598100,1.598100,1.598100,0.000000,1.598100
2019-12-23,1.601500,1.601500,1.601500,1.601500,0.000000,1.601500
2019-12-24,1.603500,1.603500,1.603500,1.603500,0.000000,1.603500
2019-12-26,,,,,,
2019-12-27,1.610900,1.610900,1.610900,1.610900,0.000000,1.610900
2019-12-30,1.610500,1.610500,1.610500,1.610500,0.000000,1.610500
2019-12-31,1.608100,1.608100,1.608100,1.608100,0.000000,1.608100
2020-01-02,1.610800,1.610800,1.610800,1.610800,0.000000,1.610800
2020-01-03,1.612000,1.612000,1.612000,1.612000,0.000000,1.612000
2020-01-06,1.614800,1.614800,1.614800,1.614800,0.000000,1.614800
2020-01-07,1.617300,1.617300,1.617300,1.617300,0.000000,1.617300
2020-01-08,1.614500,1.614500,1.614500,1.614500,0.000000,1.614500
2020-01-09,1.615400,1.615400,1.615400,1.615400,0.000000,1.615400
2020-01-10,1.619000,1.619000,1.619000,1.619000,0.000000,1.619000
2020-01-13,1.620000,1.620000,1.620000,1.620000,0.000000,1.620000
2020-01-14,1.621200,1.621200,1.621200,1.621200,0.000000,1.621200
2020-01-15,1.622200,1.622200,1.622200,1.622200,0.000000,1.622200
2020-01-16,1.625000,1.625000,1.625000,1.625000,0.000000,1.625000
2020-01-17,1.630900,1.630900,1.630900,1.630900,0.000000,1.630900
2020-01-21,1.629300,1.629300,1.629300,1.629300,0.000000,1.629300
2020-01-22,1.631200,1.631200,1.631200,1.631200,0.000000,1.631200
2020-01-23,1.630600,1.630600,1.630600,1.630600,0.000000,1.630600
2020-01-24,1.632800,1.632800,1.632800,1.632800,0.000000,1.632800
2020-01-27,1.627300,1.627300,1.627300,1.627300,0.000000,1.627300
2020-01-28,1.621600,1.621600,1.621600,1.621600,0.000000,1.621600
2020-01-29,1.624100,1.624100,1.624100,1.624100,0.000000,1.624100
2020-01-30,1.624300,1.624300,1.624300,1.624300,0.000000,1.624300
2020-01-31,1.621900,1.621900,1.621900,1.621900,0.000000,1.621900
2020-02-03,1.620800,1.620800,1.620800,1.620800,0.000000,1.620800
2020-02-04,1.629000,1.629000,1.629000,1.629000,0.000000,1.629000
2020-02-05,1.629600,1.629600,1.629600,1.629600,0.000000,1.629600
2020-02-06,1.634200,1.634200,1.634200,1.634200,0.000000,1.634200
2020-02-07,1.634900,1.634900,1.634900,1.634900,0.000000,1.634900
2020-02-10,1.635500,1.635500,1.635500,1.635500,0.000000,1.635500
2020-02-11,1.638900,1.638900,1.638900,1.638900,0.000000,1.638900
2020-02-12,1.639800,1.639800,1.639800,1.639800,0.000000,1.639800
2020-02-13,1.638900,1.638900,1.638900,1.638900,0.000000,1.638900
2020-02-14,1.640800,1.640800,1.640800,1.640800,0.000000,1.640800
2020-02-18,1.640900,1.640900,1.640900,1.640900,0.000000,1.640900
2020-02-19,1.645500,1.645500,1.645500,1.645500,0.000000,1.645500
2020-02-20,1.646000,1.646000,1.646000,1.646000,0.000000,1.646000
2020-02-21,1.645000,1.645000,1.645000,1.645000,0.000000,1.645000
2020-02-24,1.635200,1.635200,1.635200,1.635200,0.000000,1.635200
2020-02-25,1.626500,1.626500,1.626500,1.626500,0.000000,1.626500
2020-02-26,1.612700,1.612700,1.612700,1.612700,0.000000,1.612700
2020-02-27,1.610800,1.610800,1.610800,1.610800,0.000000,1.610800
2020-02-28,1.575300,1.575300,1.575300,1.575300,0.000000,1.575300
2020-03-02,1.580300,1.580300,1.580300,1.580300,0.000000,1.580300
2020-03-03,1.600300,1.600300,1.600300,1.600300,0.000000,1.600300
2020-03-04,1.612900,1.612900,1.612900,1.612900,0.000000,1.612900
2020-03-05,1.614300,1.614300,1.614300,1.614300,0.000000,1.614300
2020-03-06,1.603500,1.603500,1.603500,1.603500,0.000000,1.603500
2020-03-09,1.572200,1.572200,1.572200,1.572200,0.000000,1.572200
2020-03-10,1.560500,1.560500,1.560500,1.560500,0.000000,1.560500
2020-03-11,1.549000,1.549000,1.549000,1.549000,0.000000,1.549000
2020-03-12,1.510500,1.510500,1.510500,1.510500,0.000000,1.510500
2020-03-13,1.483300,1.483300,1.483300,1.483300,0.000000,1.483300
2020-03-16,1.384900,1.384900,1.384900,1.384900,0.000000,1.384900
2020-03-17,,,,,,
2020-03-18,1.395600,1.395600,1.395600,1.395600,0.000000,1.395600
2020-03-19,1.362000,1.362000,1.362000,1.362000,0.000000,1.362000
2020-03-20,1.388200,1.388200,1.388200,1.388200,0.000000,1.388200
2020-03-23,1.376200,1.376200,1.376200,1.376200,0.000000,1.376200
2020-03-24,1.401800,1.401800,1.401800,1.401800,0.000000,1.401800
2020-03-25,1.433800,1.433800,1.433800,1.433800,0.000000,1.433800
2020-03-26,1.448200,1.448200,1.448200,1.448200,0.000000,1.448200
2020-03-27,1.459100,1.459100,1.459100,1.459100,0.000000,1.459100
2020-03-30,1.459800,1.459800,1.459800,1.459800,0.000000,1.459800
2020-03-31,1.466800,1.466800,1.466800,1.466800,0.000000,1.466800
2020-04-01,1.459900,1.459900,1.459900,1.459900,0.000000,1.459900
2020-04-02,1.452900,1.452900,1.452900,1.452900,0.000000,1.452900
2020-04-03,1.457900,1.457900,1.457900,1.457900,0.000000,1.457900
2020-04-06,1.466400,1.466400,1.466400,1.466400,0.000000,1.466400
2020-04-07,1.485600,1.485600,1.485600,1.485600,0.000000,1.485600
2020-04-08,1.485400,1.485400,1.485400,1.485400,0.000000,1.485400
2020-04-09,1.495900,1.495900,1.495900,1.495900,0.000000,1.495900
2020-04-13,,,,,,
2020-04-14,1.515800,1.515800,1.515800,1.515800,0.000000,1.515800
2020-04-15,1.513700,1.513700,1.513700,1.513700,0.000000,1.513700
2020-04-16,1.514000,1.514000,1.514000,1.514000,0.000000,1.514000
2020-04-17,1.519100,1.519100,1.519100,1.519100,0.000000,1.519100
2020-04-20,1.519900,1.519900,1.519900,1.519900,0.000000,1.519900
2020-04-21,1.510100,1.510100,1.510100,1.510100,0.000000,1.510100
2020-04-22,1.506500,1.506500,1.506500,1.506500,0.000000,1.506500
2020-04-23,1.515800,1.515800,1.515800,1.515800,0.000000,1.515800
2020-04-24,1.519200,1.519200,1.519200,1.519200,0.000000,1.519200
2020-04-27,1.518700,1.518700,1.518700,1.518700,0.000000,1.518700
2020-04-28,1.521100,1.521100,1.521100,1.521100,0.000000,1.521100
2020-04-29,1.524500,1.524500,1.524500,1.524500,0.000000,1.524500
2020-04-30,1.532600,1.532600,1.532600,1.532600,0.000000,1.532600
2020-05-01,1.518500,1.518500,1.518500,1.518500,0.000000,1.518500
2020-05-04,,,,,,
2020-05-05,1.513100,1.513100,1.513100,1.513100,0.000000,1.513100
2020-05-06,1.518400,1.518400,1.518400,1.518400,0.000000,1.518400
2020-05-07,1.514500,1.514500,1.514500,1.514500,0.000000,1.514500
2020-05-08,1.525900,1.525900,1.525900,1.525900,0.000000,1.525900
2020-05-11,1.525800,1.525800,1.525800,1.525800,0.000000,1.525800
2020-05-12,1.523500,1.523500,1.523500,1.523500,0.000000,1.523500
2020-05-13,1.524300,1.524300,1.524300,1.524300,0.000000,1.524300
2020-05-14,1.517100,1.517100,1.517100,1.517100,0.000000,1.517100
2020-05-15,1.523300,1.523300,1.523300,1.523300,0.000000,1.523300
2020-05-18,1.535700,1.535700,1.535700,1.535700,0.000000,1.535700
2020-05-19,1.534500,1.534500,1.534500,1.534500,0.000000,1.534500
2020-05-20,1.539800,1.539800,1.539800,1.539800,0.000000,1.539800
2020-05-21,1.544000,1.544000,1.544000,1.544000,0.000000,1.544000
2020-05-22,1.537000,1.537000,1.537000,1.537000,0.000000,1.537000
2020-05-26,1.548100,1.548100,1.548100,1.548100,0.000000,1.548100
2020-05-27,1.544700,1.544700,1.544700,1.544700,0.000000,1.544700
2020-05-28,1.555700,1.555700,1.555700,1.555700,0.000000,1.555700
2020-05-29,1.556200,1.556200,1.556200,1.556200,0.000000,1.556200
2020-06-01,,,,,,
2020-06-02,1.570700,1.570700,1.570700,1.570700,0.000000,1.570700
2020-06-03,1.574800,1.574800,1.574800,1.574800,0.000000,1.574800
2020-06-04,1.577300,1.577300,1.577300,1.577300,0.000000,1.577300
2020-06-05,1.576900,1.576900,1.576900,1.576900,0.000000,1.576900
2020-06-08,1.583300,1.583300,1.583300,1.583300,0.000000,1.583300
2020-06-09,1.584700,1.584700,1.584700,1.584700,0.000000,1.584700
2020-06-10,1.585600,1.585600,1.585600,1.585600,0.000000,1.585600
2020-06-11,1.582900,1.582900,1.582900,1.582900,0.000000,1.582900
2020-06-12,1.567000,1.567000,1.567000,1.567000,0.000000,1.567000
2020-06-15,1.558000,1.558000,1.558000,1.558000,0.000000,1.558000
2020-06-16,1.578200,1.578200,1.578200,1.578200,0.000000,1.578200
2020-06-17,1.584600,1.584600,1.584600,1.584600,0.000000,1.584600
2020-06-18,1.586600,1.586600,1.586600,1.586600,0.000000,1.586600
2020-06-19,1.588900,1.588900,1.588900,1.588900,0.000000,1.588900
2020-06-22,1.590000,1.590000,1.590000,1.590000,0.000000,1.590000
2020-06-23,1.595900,1.595900,1.595900,1.595900,0.000000,1.595900
2020-06-24,1.592300,1.592300,1.592300,1.592300,0.000000,1.592300
2020-06-25,1.577600,1.577600,1.577600,1.577600,0.000000,1.577600
2020-06-26,1.584800,1.584800,1.584800,1.584800,0.000000,1.584800
2020-06-29,1.575900,1.575900,1.575900,1.575900,0.000000,1.575900
2020-06-30,1.579700,1.579700,1.579700,1.579700,0.000000,1.579700
2020-07-01,1.581200,1.581200,1.581200,1.581200,0.000000,1.581200
2020-07-02,1.594000,1.594000,1.594000,1.594000,0.000000,1.594000
2020-07-06,1.604600,1.604600,1.604600,1.604600,0.000000,1.604600
2020-07-07,1.605400,1.605400,1.605400,1.605400,0.000000,1.605400
2020-07-08,1.607400,1.607400,1.607400,1.607400,0.000000,1.607400
2020-07-09,1.613200,1.613200,1.613200,1.613200,0.000000,1.613200
2020-07-10,1.611700,1.611700,1.611700,1.611700,0.000000,1.611700
2020-07-13,1.616600,1.616600,1.616600,1.616600,0.000000,1.616600
2020-07-14,1.608100,1.608100,1.608100,1.608100,0.000000,1.608100
2020-07-15,1.624000,1.624000,1.624000,1.624000,0.000000,1.624000
2020-07-16,1.620600,1.620600,1.620600,1.620600,0.000000,1.620600
2020-07-17,1.620000,1.620000,1.620000,1.620000,0.000000,1.620000
2020-07-20,1.621200,1.621200,1.621200,1.621200,0.000000,1.621200
2020-07-21,1.636400,1.636400,1.636400,1.636400,0.000000,1.636400
2020-07-22,1.637800,1.637800,1.637800,1.637800,0.000000,1.637800
2020-07-23,1.645900,1.645900,1.645900,1.645900,0.000000,1.645900
2020-07-24,1.637400,1.637400,1.637400,1.637400,0.000000,1.637400
2020-07-27,1.643100,1.643100,1.643100,1.643100,0.000000,1.643100
2020-07-28,1.641100,1.641100,1.641100,1.641100,0.000000,1.641100
2020-07-29,1.646700,1.646700,1.646700,1.646700,0.000000,1.646700
2020-07-30,1.642400,1.642400,1.642400,1.642400,0.000000,1.642400
2020-07-31,1.644800,1.644800,1.644800,1.644800,0.000000,1.644800
2020-08-03,,,,,,
2020-08-04,1.648300,1.648300,1.648300,1.648300,0.000000,1.648300
2020-08-05,1.668300,1.668300,1.668300,1.668300,0.000000,1.668300
2020-08-06,1.665300,1.665300,1.665300,1.665300,0.000000,1.665300
2020-08-07,1.672400,1.672400,1.672400,1.672400,0.000000,1.672400
2020-08-10,1.667400,1.667400,1.667400,1.667400,0.000000,1.667400
2020-08-11,1.666700,1.666700,1.666700,1.666700,0.000000,1.666700
2020-08-12,1.655400,1.655400,1.655400,1.655400,0.000000,1.655400
2020-08-13,1.663500,1.663500,1.663500,1.663500,0.000000,1.663500
2020-08-14,1.659700,1.659700,1.659700,1.659700,0.000000,1.659700
2020-08-17,1.661600,1.661600,1.661600,1.661600,0.000000,1.661600
2020-08-18,1.673000,1.673000,1.673000,1.673000,0.000000,1.673000
2020-08-19,1.668100,1.668100,1.668100,1.668100,0.000000,1.668100
2020-08-20,1.657200,1.657200,1.657200,1.657200,0.000000,1.657200
2020-08-21,1.660700,1.660700,1.660700,1.660700,0.000000,1.660700
2020-08-24,1.672900,1.672900,1.672900,1.672900,0.000000,1.672900
2020-08-25,1.670400,1.670400,1.670400,1.670400,0.000000,1.670400
2020-08-26,1.671700,1.671700,1.671700,1.671700,0.000000,1.671700
2020-08-27,1.676200,1.676200,1.676200,1.676200,0.000000,1.676200
2020-08-28,1.679000,1.679000,1.679000,1.679000,0.000000,1.679000
2020-08-31,1.682700,1.682700,1.682700,1.682700,0.000000,1.682700
2020-09-01,1.686100,1.686100,1.686100,1.686100,0.000000,1.686100
2020-09-02,1.691900,1.691900,1.691900,1.691900,0.000000,1.691900
2020-09-03,1.688100,1.688100,1.688100,1.688100,0.000000,1.688100
2020-09-04,1.670700,1.670700,1.670700,1.670700,0.000000,1.670700
2020-09-08,1.661600,1.661600,1.661600,1.661600,0.000000,1.661600
2020-09-09,1.651500,1.651500,1.651500,1.651500,0.000000,1.651500
2020-09-10,1.669200,1.669200,1.669200,1.669200,0.000000,1.669200
2020-09-11,1.662300,1.662300,1.662300,1.662300,0.000000,1.662300
2020-09-14,1.667300,1.667300,1.667300,1.667300,0.000000,1.667300
2020-09-15,1.681100,1.681100,1.681100,1.681100,0.000000,1.681100
2020-09-16,1.682200,1.682200,1.682200,1.682200,0.000000,1.682200
2020-09-17,1.673500,1.673500,1.673500,1.673500,0.000000,1.673500
2020-09-18,1.672300,1.672300,1.672300,1.672300,0.000000,1.672300
2020-09-21,1.652000,1.652000,1.652000,1.652000,0.000000,1.652000
2020-09-22,1.640200,1.640200,1.640200,1.640200,0.000000,1.640200
2020-09-23,1.645200,1.645200,1.645200,1.645200,0.000000,1.645200
2020-09-24,1.630000,1.630000,1.630000,1.630000,0.000000,1.630000
2020-09-25,1.621800,1.621800,1.621800,1.621800,0.000000,1.621800
2020-09-28,1.637600,1.637600,1.637600,1.637600,0.000000,1.637600
2020-09-29,1.649000,1.649000,1.649000,1.649000,0.000000,1.649000
2020-09-30,1.647500,1.647500,1.647500,1.647500,0.000000,1.647500
2020-10-01,1.655500,1.655500,1.655500,1.655500,0.000000,1.655500
2020-10-02,1.656400,1.656400,1.656400,1.656400,0.000000,1.656400
2020-10-05,1.659300,1.659300,1.659300,1.659300,0.000000,1.659300
2020-10-06,1.664200,1.664200,1.664200,1.664200,0.000000,1.664200
2020-10-07,1.661000,1.661000,1.661000,1.661000,0.000000,1.661000
2020-10-08,1.670100,1.670100,1.670100,1.670100,0.000000,1.670100
2020-10-09,1.678000,1.678000,1.678000,1.678000,0.000000,1.678000
2020-10-12,1.686400,1.686400,1.686400,1.686400,0.000000,1.686400
2020-10-13,1.692800,1.692800,1.692800,1.692800,0.000000,1.692800
2020-10-14,1.684300,1.684300,1.684300,1.684300,0.000000,1.684300
2020-10-15,1.677300,1.677300,1.677300,1.677300,0.000000,1.677300
2020-10-16,1.676900,1.676900,1.676900,1.676900,0.000000,1.676900
2020-10-19,1.680400,1.680400,1.680400,1.680400,0.000000,1.680400
2020-10-20,1.677000,1.677000,1.677000,1.677000,0.000000,1.677000
2020-10-21,1.675800,1.675800,1.675800,1.675800,0.000000,1.675800
2020-10-22,1.670400,1.670400,1.670400,1.670400,0.000000,1.670400
2020-10-23,1.671800,1.671800,1.671800,1.671800,0.000000,1.671800
2020-10-26,,,,,,
2020-10-27,1.661600,1.661600,1.661600,1.661600,0.000000,1.661600
2020-10-28,1.650600,1.650600,1.650600,1.650600,0.000000,1.650600
2020-10-29,1.636500,1.636500,1.636500,1.636500,0.000000,1.636500
2020-10-30,1.636400,1.636400,1.636400,1.636400,0.000000,1.636400
2020-11-02,1.639300,1.639300,1.639300,1.639300,0.000000,1.639300
2020-11-03,1.652500,1.652500,1.652500,1.652500,0.000000,1.652500
2020-11-04,1.657700,1.657700,1.657700,1.657700,0.000000,1.657700
2020-11-05,1.681800,1.681800,1.681800,1.681800,0.000000,1.681800
2020-11-06,1.692800,1.692800,1.692800,1.692800,0.000000,1.692800
2020-11-09,1.708100,1.708100,1.708100,1.708100,0.000000,1.708100
2020-11-10,1.693800,1.693800,1.693800,1.693800,0.000000,1.693800
2020-11-11,1.697900,1.697900,1.697900,1.697900,0.000000,1.697900
2020-11-12,1.701200,1.701200,1.701200,1.701200,0.000000,1.701200
2020-11-13,1.697700,1.697700,1.697700,1.697700,0.000000,1.697700
2020-11-16,1.707500,1.707500,1.707500,1.707500,0.000000,1.707500
2020-11-17,1.711900,1.711900,1.711900,1.711900,0.000000,1.711900
2020-11-18,1.711900,1.711900,1.711900,1.711900,0.000000,1.711900
2020-11-19,1.704300,1.704300,1.704300,1.704300,0.000000,1.704300
2020-11-20,1.711900,1.711900,1.711900,1.711900,0.000000,1.711900
2020-11-23,1.711000,1.711000,1.711000,1.711000,0.000000,1.711000
2020-11-24,1.704100,1.704100,1.704100,1.704100,0.000000,1.704100
2020-11-25,1.711300,1.711300,1.711300,1.711300,0.000000,1.711300
2020-11-27,1.708300,1.708300,1.708300,1.708300,0.000000,1.708300
2020-11-30,1.706600,1.706600,1.706600,1.706600,0.000000,1.706600
2020-12-01,1.709300,1.709300,1.709300,1.709300,0.000000,1.709300
2020-12-02,1.712100,1.712100,1.712100,1.712100,0.000000,1.712100
2020-12-03,1.714500,1.714500,1.714500,1.714500,0.000000,1.714500
2020-12-04,1.718800,1.718800,1.718800,1.718800,0.000000,1.718800
2020-12-07,1.718800,1.718800,1.718800,1.718800,0.000000,1.718800
2020-12-08,1.719100,1.719100,1.719100,1.719100,0.000000,1.719100
2020-12-09,1.725800,1.725800,1.725800,1.725800,0.000000,1.725800
2020-12-10,1.720400,1.720400,1.720400,1.720400,0.000000,1.720400
2020-12-11,1.713300,1.713300,1.713300,1.713300,0.000000,1.713300
2020-12-14,1.715500,1.715500,1.715500,1.715500,0.000000,1.715500
2020-12-15,1.711600,1.711600,1.711600,1.711600,0.000000,1.711600
2020-12-16,1.727500,1.727500,1.727500,1.727500,0.000000,1.727500
2020-12-17,1.732600,1.732600,1.732600,1.732600,0.000000,1.732600
2020-12-18,1.736300,1.736300,1.736300,1.736300,0.000000,1.736300
2020-12-21,1.718100,1.718100,1.718100,1.718100,0.000000,1.718100
2020-12-22,1.722600,1.722600,1.722600,1.722600,0.000000,1.722600
2020-12-23,1.723000,1.723000,1.723000,1.723000,0.000000,1.723000
2020-12-24,1.728500,1.728500,1.728500,1.728500,0.000000,1.728500
2020-12-28,,,,,,
2020-12-29,1.748500,1.748500,1.748500,1.748500,0.000000,1.748500
2020-12-30,1.749200,1.749200,1.749200,1.749200,0.000000,1.749200
2020-12-31,1.750300,1.750300,1.750300,1.750300,0.000000,1.750300
2021-01-04,1.766600,1.766600,1.766600,1.766600,0.000000,1.766600
2021-01-05,1.758800,1.758800,1.758800,1.758800,0.000000,1.758800
2021-01-06,1.765900,1.765900,1.765900,1.765900,0.000000,1.765900
2021-01-07,1.770500,1.770500,1.770500,1.770500,0.000000,1.770500
2021-01-08,1.777900,1.777900,1.777900,1.777900,0.000000,1.777900
2021-01-11,1.767500,1.767500,1.767500,1.767500,0.000000,1.767500
2021-01-12,1.762100,1.762100,1.762100,1.762100,0.000000,1.762100
2021-01-13,1.761700,1.761700,1.761700,1.761700,0.000000,1.761700
2021-01-14,1.764100,1.764100,1.764100,1.764100,0.000000,1.764100
2021-01-15,1.762300,1.762300,1.762300,1.762300,0.000000,1.762300
2021-01-19,1.759200,1.759200,1.759200,1.759200,0.000000,1.759200
2021-01-20,1.765100,1.765100,1.765100,1.765100,0.000000,1.765100
2021-01-21,1.772800,1.772800,1.772800,1.772800,0.000000,1.772800
2021-01-22,1.764200,1.764200,1.764200,1.764200,0.000000,1.764200
2021-01-25,1.763800,1.763800,1.763800,1.763800,0.000000,1.763800
2021-01-26,1.760000,1.760000,1.760000,1.760000,0.000000,1.760000
2021-01-27,1.750700,1.750700,1.750700,1.750700,0.000000,1.750700
2021-01-28,1.736300,1.736300,1.736300,1.736300,0.000000,1.736300
2021-01-29,1.741600,1.741600,1.741600,1.741600,0.000000,1.741600
2021-02-01,1.743400,1.743400,1.743400,1.743400,0.000000,1.743400
2021-02-02,1.754100,1.754100,1.754100,1.754100,0.000000,1.754100
2021-02-03,1.760000,1.760000,1.760000,1.760000,0.000000,1.760000
2021-02-04,1.760600,1.760600,1.760600,1.760600,0.000000,1.760600
2021-02-05,1.765700,1.765700,1.765700,1.765700,0.000000,1.765700
2021-02-08,1.772300,1.772300,1.772300,1.772300,0.000000,1.772300
2021-02-09,1.775200,1.775200,1.775200,1.775200,0.000000,1.775200
2021-02-10,1.776100,1.776100,1.776100,1.776100,0.000000,1.776100
2021-02-11,1.775500,1.775500,1.775500,1.775500,0.000000,1.775500
2021-02-12,1.775600,1.775600,1.775600,1.775600,0.000000,1.775600
2021-02-16,1.790400,1.790400,1.790400,1.790400,0.000000,1.790400
2021-02-17,1.781600,1.781600,1.781600,1.781600,0.000000,1.781600
2021-02-18,1.774600,1.774600,1.774600,1.774600,0.000000,1.774600
2021-02-19,1.769000,1.769000,1.769000,1.769000,0.000000,1.769000
2021-02-22,1.763200,1.763200,1.763200,1.763200,0.000000,1.763200
2021-02-23,1.764300,1.764300,1.764300,1.764300,0.000000,1.764300
2021-02-24,1.767300,1.767300,1.767300,1.767300,0.000000,1.767300
2021-02-25,1.772400,1.772400,1.772400,1.772400,0.000000,1.772400
2021-02-26,1.746000,1.746000,1.746000,1.746000,0.000000,1.746000
2021-03-01,1.741800,1.741800,1.741800,1.741800,0.000000,1.741800
2021-03-02,1.754800,1.754800,1.754800,1.754800,0.000000,1.754800
2021-03-03,1.759000,1.759000,1.759000,1.759000,0.000000,1.759000
2021-03-04,1.746000,1.746000,1.746000,1.746000,0.000000,1.746000
2021-03-05,1.734800,1.734800,1.734800,1.734800,0.000000,1.734800
2021-03-08,1.738000,1.738000,1.738000,1.738000,0.000000,1.738000
2021-03-09,1.748600,1.748600,1.748600,1.748600,0.000000,1.748600
2021-03-10,1.754600,1.754600,1.754600,1.754600,0.000000,1.754600
2021-03-11,1.762400,1.762400,1.762400,1.762400,0.000000,1.762400
2021-03-12,1.760200,1.760200,1.760200,1.760200,0.000000,1.760200
2021-03-15,1.765100,1.765100,1.765100,1.765100,0.000000,1.765100
2021-03-16,1.770500,1.770500,1.770500,1.770500,0.000000,1.770500
2021-03-17,,,,,,
2021-03-18,1.773600,1.773600,1.773600,1.773600,0.000000,1.773600
2021-03-19,1.768700,1.768700,1.768700,1.768700,0.000000,1.768700
2021-03-22,1.766000,1.766000,1.766000,1.766000,0.000000,1.766000
2021-03-23,1.766500,1.766500,1.766500,1.766500,0.000000,1.766500
2021-03-24,1.763200,1.763200,1.763200,1.763200,0.000000,1.763200
2021-03-25,1.756600,1.756600,1.756600,1.756600,0.000000,1.756600
2021-03-26,1.765600,1.765600,1.765600,1.765600,0.000000,1.765600
2021-03-29,1.773200,1.773200,1.773200,1.773200,0.000000,1.773200
2021-03-30,1.769900,1.769900,1.769900,1.769900,0.000000,1.769900
2021-03-31,1.768900,1.768900,1.768900,1.768900,0.000000,1.768900
2021-04-01,1.773000,1.773000,1.773000,1.773000,0.000000,1.773000
2021-04-05,,,,,,
2021-04-06,1.788800,1.788800,1.788800,1.788800,0.000000,1.788800
2021-04-07,1.790400,1.790400,1.790400,1.790400,0.000000,1.790400
2021-04-08,1.791400,1.791400,1.791400,1.791400,0.000000,1.791400
2021-04-09,1.796500,1.796500,1.796500,1.796500,0.000000,1.796500
2021-04-12,1.796200,1.796200,1.796200,1.796200,0.000000,1.796200
2021-04-13,1.794200,1.794200,1.794200,1.794200,0.000000,1.794200
2021-04-14,1.798200,1.798200,1.798200,1.798200,0.000000,1.798200
2021-04-15,1.801400,1.801400,1.801400,1.801400,0.000000,1.801400
2021-04-16,1.809300,1.809300,1.809300,1.809300,0.000000,1.809300
2021-04-19,1.813600,1.813600,1.813600,1.813600,0.000000,1.813600
2021-04-20,1.804500,1.804500,1.804500,1.804500,0.000000,1.804500
2021-04-21,1.795900,1.795900,1.795900,1.795900,0.000000,1.795900
2021-04-22,1.806100,1.806100,1.806100,1.806100,0.000000,1.806100
2021-04-23,1.804500,1.804500,1.804500,1.804500,0.000000,1.804500
2021-04-26,1.809300,1.809300,1.809300,1.809300,0.000000,1.809300
2021-04-27,1.812100,1.812100,1.812100,1.812100,0.000000,1.812100
2021-04-28,1.813200,1.813200,1.813200,1.813200,0.000000,1.813200
2021-04-29,1.814400,1.814400,1.814400,1.814400,0.000000,1.814400
2021-04-30,1.808800,1.808800,1.808800,1.808800,0.000000,1.808800
2021-05-03,,,,,,
2021-05-04,1.807000,1.807000,1.807000,1.807000,0.000000,1.807000
2021-05-05,1.801100,1.801100,1.801100,1.801100,0.000000,1.801100
2021-05-06,1.804700,1.804700,1.804700,1.804700,0.000000,1.804700
2021-05-07,1.817500,1.817500,1.817500,1.817500,0.000000,1.817500
2021-05-10,1.823200,1.823200,1.823200,1.823200,0.000000,1.823200
2021-05-11,1.807200,1.807200,1.807200,1.807200,0.000000,1.807200
2021-05-12,1.807700,1.807700,1.807700,1.807700,0.000000,1.807700
2021-05-13,1.787900,1.787900,1.787900,1.787900,0.000000,1.787900
2021-05-14,1.801100,1.801100,1.801100,1.801100,0.000000,1.801100
2021-05-17,1.811500,1.811500,1.811500,1.811500,0.000000,1.811500
2021-05-18,1.818000,1.818000,1.818000,1.818000,0.000000,1.818000
2021-05-19,1.806600,1.806600,1.806600,1.806600,0.000000,1.806600
2021-05-20,1.807800,1.807800,1.807800,1.807800,0.000000,1.807800
2021-05-21,1.812600,1.812600,1.812600,1.812600,0.000000,1.812600
2021-05-24,1.812900,1.812900,1.812900,1.812900,0.000000,1.812900
2021-05-25,1.818400,1.818400,1.818400,1.818400,0.000000,1.818400
2021-05-26,1.820100,1.820100,1.820100,1.820100,0.000000,1.820100
2021-05-27,1.817000,1.817000,1.817000,1.817000,0.000000,1.817000
2021-05-28,1.821800,1.821800,1.821800,1.821800,0.000000,1.821800
2021-06-01,1.830000,1.830000,1.830000,1.830000,0.000000,1.830000
2021-06-02,1.827400,1.827400,1.827400,1.827400,0.000000,1.827400
2021-06-03,1.825200,1.825200,1.825200,1.825200,0.000000,1.825200
2021-06-04,1.821600,1.821600,1.821600,1.821600,0.000000,1.821600
2021-06-07,,,,,,
2021-06-08,1.826100,1.826100,1.826100,1.826100,0.000000,1.826100
2021-06-09,1.823000,1.823000,1.823000,1.823000,0.000000,1.823000
2021-06-10,1.821500,1.821500,1.821500,1.821500,0.000000,1.821500
2021-06-11,1.826300,1.826300,1.826300,1.826300,0.000000,1.826300
2021-06-14,1.823200,1.823200,1.823200,1.823200,0.000000,1.823200
2021-06-15,1.825300,1.825300,1.825300,1.825300,0.000000,1.825300
2021-06-16,1.822300,1.822300,1.822300,1.822300,0.000000,1.822300
2021-06-17,1.810000,1.810000,1.810000,1.810000,0.000000,1.810000
2021-06-18,1.810300,1.810300,1.810300,1.810300,0.000000,1.810300
2021-06-21,1.796600,1.796600,1.796600,1.796600,0.000000,1.796600
2021-06-22,1.806000,1.806000,1.806000,1.806000,0.000000,1.806000
2021-06-23,1.808800,1.808800,1.808800,1.808800,0.000000,1.808800
2021-06-24,1.809000,1.809000,1.809000,1.809000,0.000000,1.809000
2021-06-25,1.812600,1.812600,1.812600,1.812600,0.000000,1.812600
2021-06-28,1.815400,1.815400,1.815400,1.815400,0.000000,1.815400
2021-06-29,1.816000,1.816000,1.816000,1.816000,0.000000,1.816000
2021-06-30,1.810500,1.810500,1.810500,1.810500,0.000000,1.810500
2021-07-01,1.811200,1.811200,1.811200,1.811200,0.000000,1.811200
2021-07-02,1.818200,1.818200,1.818200,1.818200,0.000000,1.818200
2021-07-06,1.822700,1.822700,1.822700,1.822700,0.000000,1.822700
2021-07-07,1.819700,1.819700,1.819700,1.819700,0.000000,1.819700
2021-07-08,1.809700,1.809700,1.809700,1.809700,0.000000,1.809700
2021-07-09,1.808100,1.808100,1.808100,1.808100,0.000000,1.808100
2021-07-12,1.815100,1.815100,1.815100,1.815100,0.000000,1.815100
2021-07-13,1.822000,1.822000,1.822000,1.822000,0.000000,1.822000
2021-07-14,1.818300,1.818300,1.818300,1.818300,0.000000,1.818300
2021-07-15,1.817400,1.817400,1.817400,1.817400,0.000000,1.817400
2021-07-16,1.814100,1.814100,1.814100,1.814100,0.000000,1.814100
2021-07-19,1.797400,1.797400,1.797400,1.797400,0.000000,1.797400
2021-07-20,1.790200,1.790200,1.790200,1.790200,0.000000,1.790200
2021-07-21,1.804800,1.804800,1.804800,1.804800,0.000000,1.804800
2021-07-22,1.813200,1.813200,1.813200,1.813200,0.000000,1.813200
2021-07-23,1.816100,1.816100,1.816100,1.816100,0.000000,1.816100
2021-07-26,1.813800,1.813800,1.813800,1.813800,0.000000,1.813800
2021-07-27,1.809200,1.809200,1.809200,1.809200,0.000000,1.809200
2021-07-28,1.810100,1.810100,1.810100,1.810100,0.000000,1.810100
2021-07-29,1.820200,1.820200,1.820200,1.820200,0.000000,1.820200
2021-07-30,1.822000,1.822000,1.822000,1.822000,0.000000,1.822000
2021-08-02,,,,,,
2021-08-03,1.822800,1.822800,1.822800,1.822800,0.000000,1.822800
2021-08-04,1.828200,1.828200,1.828200,1.828200,0.000000,1.828200
2021-08-05,1.826200,1.826200,1.826200,1.826200,0.000000,1.826200
2021-08-06,1.829100,1.829100,1.829100,1.829100,0.000000,1.829100
2021-08-09,1.824100,1.824100,1.824100,1.824100,0.000000,1.824100
2021-08-10,1.824700,1.824700,1.824700,1.824700,0.000000,1.824700
2021-08-11,1.827100,1.827100,1.827100,1.827100,0.000000,1.827100
2021-08-12,1.833100,1.833100,1.833100,1.833100,0.000000,1.833100
2021-08-13,1.836400,1.836400,1.836400,1.836400,0.000000,1.836400
2021-08-16,1.833400,1.833400,1.833400,1.833400,0.000000,1.833400
2021-08-17,1.833500,1.833500,1.833500,1.833500,0.000000,1.833500
2021-08-18,1.832600,1.832600,1.832600,1.832600,0.000000,1.832600
2021-08-19,1.818600,1.818600,1.818600,1.818600,0.000000,1.818600
2021-08-20,1.816700,1.816700,1.816700,1.816700,0.000000,1.816700
2021-08-23,1.826700,1.826700,1.826700,1.826700,0.000000,1.826700
2021-08-24,1.833300,1.833300,1.833300,1.833300,0.000000,1.833300
2021-08-25,1.836900,1.836900,1.836900,1.836900,0.000000,1.836900
2021-08-26,1.836500,1.836500,1.836500,1.836500,0.000000,1.836500
2021-08-27,1.835700,1.835700,1.835700,1.835700,0.000000,1.835700
2021-08-30,1.843000,1.843000,1.843000,1.843000,0.000000,1.843000
2021-08-31,1.844300,1.844300,1.844300,1.844300,0.000000,1.844300
2021-09-01,1.845500,1.845500,1.845500,1.845500,0.000000,1.845500
2021-09-02,1.847000,1.847000,1.847000,1.847000,0.000000,1.847000
2021-09-03,1.848800,1.848800,1.848800,1.848800,0.000000,1.848800
2021-09-07,1.849300,1.849300,1.849300,1.849300,0.000000,1.849300
2021-09-08,1.842700,1.842700,1.842700,1.842700,0.000000,1.842700
2021-09-09,1.836600,1.836600,1.836600,1.836600,0.000000,1.836600
2021-09-10,1.839800,1.839800,1.839800,1.839800,0.000000,1.839800
2021-09-13,1.837000,1.837000,1.837000,1.837000,0.000000,1.837000
2021-09-14,1.834900,1.834900,1.834900,1.834900,0.000000,1.834900
2021-09-15,1.832600,1.832600,1.832600,1.832600,0.000000,1.832600
2021-09-16,1.831800,1.831800,1.831800,1.831800,0.000000,1.831800
2021-09-17,1.829200,1.829200,1.829200,1.829200,0.000000,1.829200
2021-09-20,1.810200,1.810200,1.810200,1.810200,0.000000,1.810200
2021-09-21,1.807900,1.807900,1.807900,1.807900,0.000000,1.807900
2021-09-22,1.810700,1.810700,1.810700,1.810700,0.000000,1.810700
2021-09-23,1.821400,1.821400,1.821400,1.821400,0.000000,1.821400
2021-09-24,1.826400,1.826400,1.826400,1.826400,0.000000,1.826400
2021-09-27,1.825500,1.825500,1.825500,1.825500,0.000000,1.825500
2021-09-28,1.814200,1.814200,1.814200,1.814200,0.000000,1.814200
2021-09-29,1.802500,1.802500,1.802500,1.802500,0.000000,1.802500
2021-09-30,1.798400,1.798400,1.798400,1.798400,0.000000,1.798400
2021-10-01,1.782900,1.782900,1.782900,1.782900,0.000000,1.782900
2021-10-04,1.792000,1.792000,1.792000,1.792000,0.000000,1.792000
2021-10-05,1.785300,1.785300,1.785300,1.785300,0.000000,1.785300
2021-10-06,1.779100,1.779100,1.779100,1.779100,0.000000,1.779100
2021-10-07,1.794700,1.794700,1.794700,1.794700,0.000000,1.794700
2021-10-08,1.802300,1.802300,1.802300,1.802300,0.000000,1.802300
2021-10-11,1.798900,1.798900,1.798900,1.798900,0.000000,1.798900
2021-10-12,1.794100,1.794100,1.794100,1.794100,0.000000,1.794100
2021-10-13,1.798700,1.798700,1.798700,1.798700,0.000000,1.798700
2021-10-14,1.809500,1.809500,1.809500,1.809500,0.000000,1.809500
2021-10-15,1.826700,1.826700,1.826700,1.826700,0.000000,1.826700
2021-10-18,1.831000,1.831000,1.831000,1.831000,0.000000,1.831000
2021-10-19,1.832800,1.832800,1.832800,1.832800,0.000000,1.832800
2021-10-20,1.839000,1.839000,1.839000,1.839000,0.000000,1.839000
2021-10-21,1.837100,1.837100,1.837100,1.837100,0.000000,1.837100
2021-10-22,1.847700,1.847700,1.847700,1.847700,0.000000,1.847700
2021-10-25,,,,,,
2021-10-26,1.855500,1.855500,1.855500,1.855500,0.000000,1.855500
2021-10-27,1.853800,1.853800,1.853800,1.853800,0.000000,1.853800
2021-10-28,1.851500,1.851500,1.851500,1.851500,0.000000,1.851500
2021-10-29,1.852500,1.852500,1.852500,1.852500,0.000000,1.852500
2021-11-01,1.860400,1.860400,1.860400,1.860400,0.000000,1.860400
2021-11-02,1.862100,1.862100,1.862100,1.862100,0.000000,1.862100
2021-11-03,1.862600,1.862600,1.862600,1.862600,0.000000,1.862600
2021-11-04,1.869800,1.869800,1.869800,1.869800,0.000000,1.869800
2021-11-05,1.874200,1.874200,1.874200,1.874200,0.000000,1.874200
2021-11-08,1.875400,1.875400,1.875400,1.875400,0.000000,1.875400
2021-11-09,1.877600,1.877600,1.877600,1.877600,0.000000,1.877600
2021-11-10,1.875700,1.875700,1.875700,1.875700,0.000000,1.875700
2021-11-11,1.875100,1.875100,1.875100,1.875100,0.000000,1.875100
2021-11-12,1.876400,1.876400,1.876400,1.876400,0.000000,1.876400
2021-11-15,1.881600,1.881600,1.881600,1.881600,0.000000,1.881600
2021-11-16,1.883000,1.883000,1.883000,1.883000,0.000000,1.883000
2021-11-17,1.882400,1.882400,1.882400,1.882400,0.000000,1.882400
2021-11-18,1.877800,1.877800,1.877800,1.877800,0.000000,1.877800
2021-11-19,1.873400,1.873400,1.873400,1.873400,0.000000,1.873400
2021-11-22,1.870200,1.870200,1.870200,1.870200,0.000000,1.870200
2021-11-23,1.862900,1.862900,1.862900,1.862900,0.000000,1.862900
2021-11-24,1.859700,1.859700,1.859700,1.859700,0.000000,1.859700
2021-11-26,1.844000,1.844000,1.844000,1.844000,0.000000,1.844000
2021-11-29,1.824900,1.824900,1.824900,1.824900,0.000000,1.824900
2021-11-30,1.819800,1.819800,1.819800,1.819800,0.000000,1.819800
2021-12-01,1.818900,1.818900,1.818900,1.818900,0.000000,1.818900
2021-12-02,1.811100,1.811100,1.811100,1.811100,0.000000,1.811100
2021-12-03,1.829100,1.829100,1.829100,1.829100,0.000000,1.829100
2021-12-06,1.826300,1.826300,1.826300,1.826300,0.000000,1.826300
2021-12-07,1.847600,1.847600,1.847600,1.847600,0.000000,1.847600
2021-12-08,1.863000,1.863000,1.863000,1.863000,0.000000,1.863000
2021-12-09,1.862000,1.862000,1.862000,1.862000,0.000000,1.862000
2021-12-10,1.857000,1.857000,1.857000,1.857000,0.000000,1.857000
2021-12-13,1.857800,1.857800,1.857800,1.857800,0.000000,1.857800
2021-12-14,1.849100,1.849100,1.849100,1.849100,0.000000,1.849100
2021-12-15,1.841600,1.841600,1.841600,1.841600,0.000000,1.841600
2021-12-16,1.853700,1.853700,1.853700,1.853700,0.000000,1.853700
2021-12-17,1.846100,1.846100,1.846100,1.846100,0.000000,1.846100
2021-12-20,1.826800,1.826800,1.826800,1.826800,0.000000,1.826800
2021-12-21,1.830500,1.830500,1.830500,1.830500,0.000000,1.830500
2021-12-22,1.840200,1.840200,1.840200,1.840200,0.000000,1.840200
2021-12-23,1.849700,1.849700,1.849700,1.849700,0.000000,1.849700
2021-12-27,,,,,,
2021-12-28,,,,,,
2021-12-29,1.866700,1.866700,1.866700,1.866700,0.000000,1.866700
2021-12-30,1.866600,1.866600,1.866600,1.866600,0.000000,1.866600
2021-12-31,1.866000,1.866000,1.866000,1.866000,0.000000,1.866000
2022-01-03,,,,,,
2022-01-04,1.873800,1.873800,1.873800,1.873800,0.000000,1.873800
2022-01-05,1.874800,1.874800,1.874800,1.874800,0.000000,1.874800
2022-01-06,1.855200,1.855200,1.855200,1.855200,0.000000,1.855200
2022-01-07,1.852500,1.852500,1.852500,1.852500,0.000000,1.852500
2022-01-10,1.847200,1.847200,1.847200,1.847200,0.000000,1.847200
2022-01-11,1.840500,1.840500,1.840500,1.840500,0.000000,1.840500
2022-01-12,1.851500,1.851500,1.851500,1.851500,0.000000,1.851500
2022-01-13,1.851700,1.851700,1.851700,1.851700,0.000000,1.851700
2022-01-14,1.841000,1.841000,1.841000,1.841000,0.000000,1.841000
2022-01-18,1.832400,1.832400,1.832400,1.832400,0.000000,1.832400
2022-01-19,1.818500,1.818500,1.818500,1.818500,0.000000,1.818500
2022-01-20,1.823200,1.823200,1.823200,1.823200,0.000000,1.823200
2022-01-21,1.813200,1.813200,1.813200,1.813200,0.000000,1.813200
2022-01-24,1.794200,1.794200,1.794200,1.794200,0.000000,1.794200
2022-01-25,1.781600,1.781600,1.781600,1.781600,0.000000,1.781600
2022-01-26,1.785500,1.785500,1.785500,1.785500,0.000000,1.785500
2022-01-27,1.773800,1.773800,1.773800,1.773800,0.000000,1.773800
2022-01-28,1.773200,1.773200,1.773200,1.773200,0.000000,1.773200
2022-01-31,1.784400,1.784400,1.784400,1.784400,0.000000,1.784400
2022-02-01,1.793100,1.793100,1.793100,1.793100,0.000000,1.793100
2022-02-02,1.798900,1.798900,1.798900,1.798900,0.000000,1.798900
2022-02-03,1.800000,1.800000,1.800000,1.800000,0.000000,1.800000
2022-02-04,1.791500,1.791500,1.791500,1.791500,0.000000,1.791500
2022-02-07,1.792900,1.792900,1.792900,1.792900,0.000000,1.792900
2022-02-08,1.790600,1.790600,1.790600,1.790600,0.000000,1.790600
2022-02-09,1.800400,1.800400,1.800400,1.800400,0.000000,1.800400
2022-02-10,1.805100,1.805100,1.805100,1.805100,0.000000,1.805100
2022-02-11,1.797700,1.797700,1.797700,1.797700,0.000000,1.797700
2022-02-14,1.784100,1.784100,1.784100,1.784100,0.000000,1.784100
2022-02-15,1.789100,1.789100,1.789100,1.789100,0.000000,1.789100
2022-02-16,1.793300,1.793300,1.793300,1.793300,0.000000,1.793300
2022-02-17,1.792700,1.792700,1.792700,1.792700,0.000000,1.792700
2022-02-18,1.784100,1.784100,1.784100,1.784100,0.000000,1.784100
2022-02-22,1.776400,1.776400,1.776400,1.776400,0.000000,1.776400
2022-02-23,1.776900,1.776900,1.776900,1.776900,0.000000,1.776900
2022-02-24,1.760800,1.760800,1.760800,1.760800,0.000000,1.760800
2022-02-25,1.772800,1.772800,1.772800,1.772800,0.000000,1.772800
2022-02-28,1.781500,1.781500,1.781500,1.781500,0.000000,1.781500
2022-03-01,1.776700,1.776700,1.776700,1.776700,0.000000,1.776700
2022-03-02,1.770000,1.770000,1.770000,1.770000,0.000000,1.770000
2022-03-03,1.773500,1.773500,1.773500,1.773500,0.000000,1.773500
2022-03-04,1.754800,1.754800,1.754800,1.754800,0.000000,1.754800
2022-03-07,1.751200,1.751200,1.751200,1.751200,0.000000,1.751200
2022-03-08,1.745700,1.745700,1.745700,1.745700,0.000000,1.745700
2022-03-09,1.734500,1.734500,1.734500,1.734500,0.000000,1.734500
2022-03-10,1.748200,1.748200,1.748200,1.748200,0.000000,1.748200
2022-03-11,1.753900,1.753900,1.753900,1.753900,0.000000,1.753900
2022-03-14,1.743100,1.743100,1.743100,1.743100,0.000000,1.743100
2022-03-15,1.732000,1.732000,1.732000,1.732000,0.000000,1.732000
2022-03-16,1.747000,1.747000,1.747000,1.747000,0.000000,1.747000
2022-03-17,,,,,,
2022-03-18,,,,,,
2022-03-21,1.766500,1.766500,1.766500,1.766500,0.000000,1.766500
2022-03-22,1.765900,1.765900,1.765900,1.765900,0.000000,1.765900
2022-03-23,1.768600,1.768600,1.768600,1.768600,0.000000,1.768600
2022-03-24,1.764500,1.764500,1.764500,1.764500,0.000000,1.764500
2022-03-25,1.766800,1.766800,1.766800,1.766800,0.000000,1.766800
2022-03-28,1.769900,1.769900,1.769900,1.769900,0.000000,1.769900
2022-03-29,1.774000,1.774000,1.774000,1.774000,0.000000,1.774000
2022-03-30,1.779900,1.779900,1.779900,1.779900,0.000000,1.779900
2022-03-31,1.780700,1.780700,1.780700,1.780700,0.000000,1.780700
2022-04-01,1.776300,1.776300,1.776300,1.776300,0.000000,1.776300
2022-04-04,1.784800,1.784800,1.784800,1.784800,0.000000,1.784800
2022-04-05,1.788200,1.788200,1.788200,1.788200,0.000000,1.788200
2022-04-06,1.783300,1.783300,1.783300,1.783300,0.000000,1.783300
2022-04-07,1.777900,1.777900,1.777900,1.777900,0.000000,1.777900
2022-04-08,1.779700,1.779700,1.779700,1.779700,0.000000,1.779700
2022-04-11,1.780200,1.780200,1.780200,1.780200,0.000000,1.780200
2022-04-12,1.770300,1.770300,1.770300,1.770300,0.000000,1.770300
2022-04-13,1.774100,1.774100,1.774100,1.774100,0.000000,1.774100
2022-04-14,1.776700,1.776700,1.776700,1.776700,0.000000,1.776700
2022-04-18,,,,,,
2022-04-19,1.775600,1.775600,1.775600,1.775600,0.000000,1.775600
2022-04-20,1.773500,1.773500,1.773500,1.773500,0.000000,1.773500
2022-04-21,1.780500,1.780500,1.780500,1.780500,0.000000,1.780500
2022-04-22,1.771700,1.771700,1.771700,1.771700,0.000000,1.771700
2022-04-25,1.752000,1.752000,1.752000,1.752000,0.000000,1.752000
2022-04-26,1.753200,1.753200,1.753200,1.753200,0.000000,1.753200
2022-04-27,1.745600,1.745600,1.745600,1.745600,0.000000,1.745600
2022-04-28,1.753200,1.753200,1.753200,1.753200,0.000000,1.753200
2022-04-29,1.768500,1.768500,1.768500,1.768500,0.000000,1.768500
2022-05-02,,,,,,
2022-05-03,1.747100,1.747100,1.747100,1.747100,0.000000,1.747100
2022-05-04,1.750300,1.750300,1.750300,1.750300,0.000000,1.750300
2022-05-05,1.767400,1.767400,1.767400,1.767400,0.000000,1.767400
2022-05-06,1.746700,1.746700,1.746700,1.746700,0.000000,1.746700
2022-05-09,1.733900,1.733900,1.733900,1.733900,0.000000,1.733900
2022-05-10,1.717700,1.717700,1.717700,1.717700,0.000000,1.717700
2022-05-11,1.721100,1.721100,1.721100,1.721100,0.000000,1.721100
2022-05-12,1.728900,1.728900,1.728900,1.728900,0.000000,1.728900
2022-05-13,1.734000,1.734000,1.734000,1.734000,0.000000,1.734000
2022-05-16,1.739600,1.739600,1.739600,1.739600,0.000000,1.739600
2022-05-17,1.745900,1.745900,1.745900,1.745900,0.000000,1.745900
2022-05-18,1.745400,1.745400,1.745400,1.745400,0.000000,1.745400
2022-05-19,1.737900,1.737900,1.737900,1.737900,0.000000,1.737900
2022-05-20,1.754200,1.754200,1.754200,1.754200,0.000000,1.754200
2022-05-23,1.750900,1.750900,1.750900,1.750900,0.000000,1.750900
2022-05-24,1.744500,1.744500,1.744500,1.744500,0.000000,1.744500
2022-05-25,1.746700,1.746700,1.746700,1.746700,0.000000,1.746700
2022-05-26,1.747300,1.747300,1.747300,1.747300,0.000000,1.747300
2022-05-27,1.747700,1.747700,1.747700,1.747700,0.000000,1.747700
2022-05-31,1.752700,1.752700,1.752700,1.752700,0.000000,1.752700
2022-06-01,1.749700,1.749700,1.749700,1.749700,0.000000,1.749700
2022-06-02,1.747300,1.747300,1.747300,1.747300,0.000000,1.747300
2022-06-03,1.748200,1.748200,1.748200,1.748200,0.000000,1.748200
2022-06-06,,,,,,
2022-06-07,1.754200,1.754200,1.754200,1.754200,0.000000,1.754200
2022-06-08,1.759700,1.759700,1.759700,1.759700,0.000000,1.759700
2022-06-09,1.758200,1.758200,1.758200,1.758200,0.000000,1.758200
2022-06-10,1.753100,1.753100,1.753100,1.753100,0.000000,1.753100
2022-06-13,1.739000,1.739000,1.739000,1.739000,0.000000,1.739000
2022-06-14,1.718900,1.718900,1.718900,1.718900,0.000000,1.718900
2022-06-15,1.726600,1.726600,1.726600,1.726600,0.000000,1.726600
2022-06-16,1.719500,1.719500,1.719500,1.719500,0.000000,1.719500
2022-06-17,1.717800,1.717800,1.717800,1.717800,0.000000,1.717800
2022-06-21,1.724800,1.724800,1.724800,1.724800,0.000000,1.724800
2022-06-22,1.717600,1.717600,1.717600,1.717600,0.000000,1.717600
2022-06-23,1.720300,1.720300,1.720300,1.720300,0.000000,1.720300
2022-06-24,1.714100,1.714100,1.714100,1.714100,0.000000,1.714100
2022-06-27,1.728000,1.728000,1.728000,1.728000,0.000000,1.728000
2022-06-28,1.733400,1.733400,1.733400,1.733400,0.000000,1.733400
2022-06-29,1.736800,1.736800,1.736800,1.736800,0.000000,1.736800
2022-06-30,1.732700,1.732700,1.732700,1.732700,0.000000,1.732700
2022-07-01,1.731100,1.731100,1.731100,1.731100,0.000000,1.731100
2022-07-05,1.736600,1.736600,1.736600,1.736600,0.000000,1.736600
2022-07-06,1.725800,1.725800,1.725800,1.725800,0.000000,1.725800
2022-07-07,1.724700,1.724700,1.724700,1.724700,0.000000,1.724700
2022-07-08,1.722600,1.722600,1.722600,1.722600,0.000000,1.722600
2022-07-11,1.719600,1.719600,1.719600,1.719600,0.000000,1.719600
2022-07-12,1.723900,1.723900,1.723900,1.723900,0.000000,1.723900
2022-07-13,1.721500,1.721500,1.721500,1.721500,0.000000,1.721500
2022-07-14,1.717800,1.717800,1.717800,1.717800,0.000000,1.717800
2022-07-15,1.712800,1.712800,1.712800,1.712800,0.000000,1.712800
2022-07-18,1.715800,1.715800,1.715800,1.715800,0.000000,1.715800
2022-07-19,1.713800,1.713800,1.713800,1.713800,0.000000,1.713800
2022-07-20,1.715300,1.715300,1.715300,1.715300,0.000000,1.715300
2022-07-21,1.708100,1.708100,1.708100,1.708100,0.000000,1.708100
2022-07-22,1.714900,1.714900,1.714900,1.714900,0.000000,1.714900
2022-07-25,1.716900,1.716900,1.716900,1.716900,0.000000,1.716900
2022-07-26,1.726400,1.726400,1.726400,1.726400,0.000000,1.726400
2022-07-27,1.725800,1.725800,1.725800,1.725800,0.000000,1.725800
2022-07-28,1.729200,1.729200,1.729200,1.729200,0.000000,1.729200
2022-07-29,1.731700,1.731700,1.731700,1.731700,0.000000,1.731700
2022-08-01,,,,,,
2022-08-02,1.727500,1.727500,1.727500,1.727500,0.000000,1.727500
2022-08-03,1.726500,1.726500,1.726500,1.726500,0.000000,1.726500
2022-08-04,1.724600,1.724600,1.724600,1.724600,0.000000,1.724600
2022-08-05,1.726600,1.726600,1.726600,1.726600,0.000000,1.726600
2022-08-08,1.726800,1.726800,1.726800,1.726800,0.000000,1.726800
2022-08-09,1.730300,1.730300,1.730300,1.730300,0.000000,1.730300
2022-08-10,1.728600,1.728600,1.728600,1.728600,0.000000,1.728600
2022-08-11,1.723300,1.723300,1.723300,1.723300,0.000000,1.723300
2022-08-12,1.724500,1.724500,1.724500,1.724500,0.000000,1.724500
2022-08-15,1.727800,1.727800,1.727800,1.727800,0.000000,1.727800
2022-08-16,1.729200,1.729200,1.729200,1.729200,0.000000,1.729200
2022-08-17,1.727900,1.727900,1.727900,1.727900,0.000000,1.727900
2022-08-18,1.729200,1.729200,1.729200,1.729200,0.000000,1.729200
2022-08-19,1.733200,1.733200,1.733200,1.733200,0.000000,1.733200
2022-08-22,1.733600,1.733600,1.733600,1.733600,0.000000,1.733600
2022-08-23,1.728900,1.728900,1.728900,1.728900,0.000000,1.728900
2022-08-24,1.727300,1.727300,1.727300,1.727300,0.000000,1.727300
2022-08-25,1.731300,1.731300,1.731300,1.731300,0.000000,1.731300
2022-08-26,1.733200,1.733200,1.733200,1.733200,0.000000,1.733200
2022-08-29,1.732900,1.732900,1.732900,1.732900,0.000000,1.732900
2022-08-30,1.727500,1.727500,1.727500,1.727500,0.000000,1.727500
2022-08-31,1.721300,1.721300,1.721300,1.721300,0.000000,1.721300
2022-09-01,1.717700,1.717700,1.717700,1.717700,0.000000,1.717700
2022-09-02,1.713100,1.713100,1.713100,1.713100,0.000000,1.713100
2022-09-06,1.716100,1.716100,1.716100,1.716100,0.000000,1.716100
2022-09-07,1.714100,1.714100,1.714100,1.714100,0.000000,1.714100
2022-09-08,1.714000,1.714000,1.714000,1.714000,0.000000,1.714000
2022-09-09,1.715300,1.715300,1.715300,1.715300,0.000000,1.715300
2022-09-12,1.716400,1.716400,1.716400,1.716400,0.000000,1.716400
2022-09-13,1.721700,1.721700,1.721700,1.721700,0.000000,1.721700
2022-09-14,1.708500,1.708500,1.708500,1.708500,0.000000,1.708500
2022-09-15,1.709000,1.709000,1.709000,1.709000,0.000000,1.709000
2022-09-16,1.704000,1.704000,1.704000,1.704000,0.000000,1.704000
2022-09-19,1.697500,1.697500,1.697500,1.697500,0.000000,1.697500
2022-09-20,1.699100,1.699100,1.699100,1.699100,0.000000,1.699100
2022-09-21,1.700000,1.700000,1.700000,1.700000,0.000000,1.700000
2022-09-22,1.699800,1.699800,1.699800,1.699800,0.000000,1.699800
2022-09-23,1.687700,1.687700,1.687700,1.687700,0.000000,1.687700
2022-09-26,1.678700,1.678700,1.678700,1.678700,0.000000,1.678700
2022-09-27,1.669600,1.669600,1.669600,1.669600,0.000000,1.669600
2022-09-28,1.658100,1.658100,1.658100,1.658100,0.000000,1.658100
2022-09-29,1.663900,1.663900,1.663900,1.663900,0.000000,1.663900
2022-09-30,1.659300,1.659300,1.659300,1.659300,0.000000,1.659300
2022-10-03,1.655400,1.655400,1.655400,1.655400,0.000000,1.655400
2022-10-04,1.666200,1.666200,1.666200,1.666200,0.000000,1.666200
2022-10-05,1.674700,1.674700,1.674700,1.674700,0.000000,1.674700
2022-10-06,1.671300,1.671300,1.671300,1.671300,0.000000,1.671300
2022-10-07,1.672300,1.672300,1.672300,1.672300,0.000000,1.672300
2022-10-10,1.661100,1.661100,1.661100,1.661100,0.000000,1.661100
2022-10-11,1.650600,1.650600,1.650600,1.650600,0.000000,1.650600
2022-10-12,1.646800,1.646800,1.646800,1.646800,0.000000,1.646800
2022-10-13,1.648900,1.648900,1.648900,1.648900,0.000000,1.648900
2022-10-14,1.653800,1.653800,1.653800,1.653800,0.000000,1.653800
2022-10-17,1.650600,1.650600,1.650600,1.650600,0.000000,1.650600
2022-10-18,1.650800,1.650800,1.650800,1.650800,0.000000,1.650800
2022-10-19,1.650900,1.650900,1.650900,1.650900,0.000000,1.650900
2022-10-20,1.645500,1.645500,1.645500,1.645500,0.000000,1.645500
2022-10-21,1.642600,1.642600,1.642600,1.642600,0.000000,1.642600
2022-10-24,1.646800,1.646800,1.646800,1.646800,0.000000,1.646800
2022-10-25,1.646000,1.646000,1.646000,1.646000,0.000000,1.646000
2022-10-26,1.652800,1.652800,1.652800,1.652800,0.000000,1.652800
2022-10-27,1.659100,1.659100,1.659100,1.659100,0.000000,1.659100
2022-10-28,1.667400,1.667400,1.667400,1.667400,0.000000,1.667400
2022-10-31,,,,,,
2022-11-01,1.671500,1.671500,1.671500,1.671500,0.000000,1.671500
2022-11-02,1.677500,1.677500,1.677500,1.677500,0.000000,1.677500
2022-11-03,1.680500,1.680500,1.680500,1.680500,0.000000,1.680500
2022-11-04,1.688700,1.688700,1.688700,1.688700,0.000000,1.688700
2022-11-07,1.681300,1.681300,1.681300,1.681300,0.000000,1.681300
2022-11-08,1.677000,1.677000,1.677000,1.677000,0.000000,1.677000
2022-11-09,1.679100,1.679100,1.679100,1.679100,0.000000,1.679100
2022-11-10,1.685300,1.685300,1.685300,1.685300,0.000000,1.685300
2022-11-11,1.682800,1.682800,1.682800,1.682800,0.000000,1.682800
2022-11-14,1.680900,1.680900,1.680900,1.680900,0.000000,1.680900
2022-11-15,1.677200,1.677200,1.677200,1.677200,0.000000,1.677200
2022-11-16,1.677100,1.677100,1.677100,1.677100,0.000000,1.677100
2022-11-17,1.677700,1.677700,1.677700,1.677700,0.000000,1.677700
2022-11-18,1.679900,1.679900,1.679900,1.679900,0.000000,1.679900
2022-11-21,1.685200,1.685200,1.685200,1.685200,0.000000,1.685200
2022-11-22,1.686500,1.686500,1.686500,1.686500,0.000000,1.686500
2022-11-23,1.686500,1.686500,1.686500,1.686500,0.000000,1.686500
2022-11-25,1.685100,1.685100,1.685100,1.685100,0.000000,1.685100
2022-11-28,1.681300,1.681300,1.681300,1.681300,0.000000,1.681300
2022-11-29,1.690100,1.690100,1.690100,1.690100,0.000000,1.690100
2022-11-30,1.694300,1.694300,1.694300,1.694300,0.000000,1.694300
2022-12-01,1.691800,1.691800,1.691800,1.691800,0.000000,1.691800
2022-12-02,1.693800,1.693800,1.693800,1.693800,0.000000,1.693800
2022-12-05,1.700900,1.700900,1.700900,1.700900,0.000000,1.700900
2022-12-06,1.700400,1.700400,1.700400,1.700400,0.000000,1.700400
2022-12-07,1.700000,1.700000,1.700000,1.700000,0.000000,1.700000
2022-12-08,1.704500,1.704500,1.704500,1.704500,0.000000,1.704500
2022-12-09,1.698800,1.698800,1.698800,1.698800,0.000000,1.698800
2022-12-12,1.691000,1.691000,1.691000,1.691000,0.000000,1.691000
2022-12-13,1.697100,1.697100,1.697100,1.697100,0.000000,1.697100
2022-12-14,1.695200,1.695200,1.695200,1.695200,0.000000,1.695200
2022-12-15,1.695500,1.695500,1.695500,1.695500,0.000000,1.695500
2022-12-16,1.701600,1.701600,1.701600,1.701600,0.000000,1.701600
2022-12-19,1.699900,1.699900,1.699900,1.699900,0.000000,1.699900
2022-12-20,1.698100,1.698100,1.698100,1.698100,0.000000,1.698100
2022-12-21,1.702700,1.702700,1.702700,1.702700,0.000000,1.702700
2022-12-22,1.705800,1.705800,1.705800,1.705800,0.000000,1.705800
2022-12-23,1.706700,1.706700,1.706700,1.706700,0.000000,1.706700
2022-12-27,,,,,,
2022-12-28,1.705700,1.705700,1.705700,1.705700,0.000000,1.705700
2022-12-29,1.704500,1.704500,1.704500,1.704500,0.000000,1.704500
2022-12-30,1.702000,1.702000,1.702000,1.702000,0.000000,1.702000
2023-01-03,1.711500,1.711500,1.711500,1.711500,0.000000,1.711500
2023-01-04,1.713100,1.713100,1.713100,1.713100,0.000000,1.713100
2023-01-05,1.714600,1.714600,1.714600,1.714600,0.000000,1.714600
2023-01-06,1.720500,1.720500,1.720500,1.720500,0.000000,1.720500
2023-01-09,1.718000,1.718000,1.718000,1.718000,0.000000,1.718000
2023-01-10,1.717600,1.717600,1.717600,1.717600,0.000000,1.717600
2023-01-11,1.719600,1.719600,1.719600,1.719600,0.000000,1.719600
2023-01-12,1.725000,1.725000,1.725000,1.725000,0.000000,1.725000
2023-01-13,1.728800,1.728800,1.728800,1.728800,0.000000,1.728800
2023-01-17,1.727600,1.727600,1.727600,1.727600,0.000000,1.727600
2023-01-18,1.726300,1.726300,1.726300,1.726300,0.000000,1.726300
2023-01-19,1.723900,1.723900,1.723900,1.723900,0.000000,1.723900
2023-01-20,1.727300,1.727300,1.727300,1.727300,0.000000,1.727300
2023-01-23,1.721300,1.721300,1.721300,1.721300,0.000000,1.721300
2023-01-24,1.716900,1.716900,1.716900,1.716900,0.000000,1.716900
2023-01-25,1.718900,1.718900,1.718900,1.718900,0.000000,1.718900
2023-01-26,1.721800,1.721800,1.721800,1.721800,0.000000,1.721800
2023-01-27,1.724700,1.724700,1.724700,1.724700,0.000000,1.724700
2023-01-30,1.718700,1.718700,1.718700,1.718700,0.000000,1.718700
2023-01-31,1.711700,1.711700,1.711700,1.711700,0.000000,1.711700
2023-02-01,1.717200,1.717200,1.717200,1.717200,0.000000,1.717200
2023-02-02,1.719400,1.719400,1.719400,1.719400,0.000000,1.719400
2023-02-03,1.716400,1.716400,1.716400,1.716400,0.000000,1.716400
2023-02-06,,,,,,
2023-02-07,1.703500,1.703500,1.703500,1.703500,0.000000,1.703500
2023-02-08,1.708200,1.708200,1.708200,1.708200,0.000000,1.708200
2023-02-09,1.712900,1.712900,1.712900,1.712900,0.000000,1.712900
2023-02-10,1.704500,1.704500,1.704500,1.704500,0.000000,1.704500
2023-02-13,1.705700,1.705700,1.705700,1.705700,0.000000,1.705700
2023-02-14,1.712600,1.712600,1.712600,1.712600,0.000000,1.712600
2023-02-15,1.705800,1.705800,1.705800,1.705800,0.000000,1.705800
2023-02-16,1.707100,1.707100,1.707100,1.707100,0.000000,1.707100
2023-02-17,1.697500,1.697500,1.697500,1.697500,0.000000,1.697500
2023-02-21,1.695700,1.695700,1.695700,1.695700,0.000000,1.695700
2023-02-22,1.688200,1.688200,1.688200,1.688200,0.000000,1.688200
2023-02-23,1.686300,1.686300,1.686300,1.686300,0.000000,1.686300
2023-02-24,1.687400,1.687400,1.687400,1.687400,0.000000,1.687400
2023-02-27,1.686500,1.686500,1.686500,1.686500,0.000000,1.686500
2023-02-28,1.686300,1.686300,1.686300,1.686300,0.000000,1.686300
2023-03-01,1.691200,1.691200,1.691200,1.691200,0.000000,1.691200
2023-03-02,1.693500,1.693500,1.693500,1.693500,0.000000,1.693500
2023-03-03,1.695200,1.695200,1.695200,1.695200,0.000000,1.695200
2023-03-06,1.696400,1.696400,1.696400,1.696400,0.000000,1.696400
2023-03-07,1.697600,1.697600,1.697600,1.697600,0.000000,1.697600
2023-03-08,1.689700,1.689700,1.689700,1.689700,0.000000,1.689700
2023-03-09,1.690000,1.690000,1.690000,1.690000,0.000000,1.690000
2023-03-10,1.682400,1.682400,1.682400,1.682400,0.000000,1.682400
2023-03-13,1.685800,1.685800,1.685800,1.685800,0.000000,1.685800
2023-03-14,1.679100,1.679100,1.679100,1.679100,0.000000,1.679100
2023-03-15,1.673300,1.673300,1.673300,1.673300,0.000000,1.673300
2023-03-16,1.660600,1.660600,1.660600,1.660600,0.000000,1.660600
2023-03-17,,,,,,
2023-03-20,1.655900,1.655900,1.655900,1.655900,0.000000,1.655900
2023-03-21,1.657600,1.657600,1.657600,1.657600,0.000000,1.657600
2023-03-22,1.662200,1.662200,1.662200,1.662200,0.000000,1.662200
2023-03-23,1.669000,1.669000,1.669000,1.669000,0.000000,1.669000
2023-03-24,1.666400,1.666400,1.666400,1.666400,0.000000,1.666400
2023-03-27,1.663100,1.663100,1.663100,1.663100,0.000000,1.663100
2023-03-28,1.665600,1.665600,1.665600,1.665600,0.000000,1.665600
2023-03-29,1.674900,1.674900,1.674900,1.674900,0.000000,1.674900
2023-03-30,1.678200,1.678200,1.678200,1.678200,0.000000,1.678200
2023-03-31,1.680800,1.680800,1.680800,1.680800,0.000000,1.680800
2023-04-03,1.687300,1.687300,1.687300,1.687300,0.000000,1.687300
2023-04-04,1.693000,1.693000,1.693000,1.693000,0.000000,1.693000
2023-04-05,1.698600,1.698600,1.698600,1.698600,0.000000,1.698600
2023-04-06,1.705800,1.705800,1.705800,1.705800,0.000000,1.705800
2023-04-10,,,,,,
2023-04-11,1.706800,1.706800,1.706800,1.706800,0.000000,1.706800
2023-04-12,1.711400,1.711400,1.711400,1.711400,0.000000,1.711400
2023-04-13,1.715000,1.715000,1.715000,1.715000,0.000000,1.715000
2023-04-14,1.717000,1.717000,1.717000,1.717000,0.000000,1.717000
2023-04-17,1.712200,1.712200,1.712200,1.712200,0.000000,1.712200
2023-04-18,1.706600,1.706600,1.706600,1.706600,0.000000,1.706600
2023-04-19,1.703300,1.703300,1.703300,1.703300,0.000000,1.703300
2023-04-20,1.704900,1.704900,1.704900,1.704900,0.000000,1.704900
2023-04-21,1.704500,1.704500,1.704500,1.704500,0.000000,1.704500
2023-04-24,1.698800,1.698800,1.698800,1.698800,0.000000,1.698800
2023-04-25,1.700600,1.700600,1.700600,1.700600,0.000000,1.700600
2023-04-26,1.704500,1.704500,1.704500,1.704500,0.000000,1.704500
2023-04-27,1.700200,1.700200,1.700200,1.700200,0.000000,1.700200
2023-04-28,1.695900,1.695900,1.695900,1.695900,0.000000,1.695900
2023-05-01,,,,,,
2023-05-02,1.697900,1.697900,1.697900,1.697900,0.000000,1.697900
2023-05-03,1.700900,1.700900,1.700900,1.700900,0.000000,1.700900
2023-05-04,1.705100,1.705100,1.705100,1.705100,0.000000,1.705100
2023-05-05,1.706300,1.706300,1.706300,1.706300,0.000000,1.706300
2023-05-08,1.705100,1.705100,1.705100,1.705100,0.000000,1.705100
2023-05-09,1.699200,1.699200,1.699200,1.699200,0.000000,1.699200
2023-05-10,1.698600,1.698600,1.698600,1.698600,0.000000,1.698600
2023-05-11,1.703200,1.703200,1.703200,1.703200,0.000000,1.703200
2023-05-12,1.701300,1.701300,1.701300,1.701300,0.000000,1.701300
2023-05-15,1.703300,1.703300,1.703300,1.703300,0.000000,1.703300
2023-05-16,1.701100,1.701100,1.701100,1.701100,0.000000,1.701100
2023-05-17,1.693500,1.693500,1.693500,1.693500,0.000000,1.693500
2023-05-18,1.690700,1.690700,1.690700,1.690700,0.000000,1.690700
2023-05-19,1.685200,1.685200,1.685200,1.685200,0.000000,1.685200
2023-05-22,1.683600,1.683600,1.683600,1.683600,0.000000,1.683600
2023-05-23,1.679600,1.679600,1.679600,1.679600,0.000000,1.679600
2023-05-24,1.672900,1.672900,1.672900,1.672900,0.000000,1.672900
2023-05-25,1.668400,1.668400,1.668400,1.668400,0.000000,1.668400
2023-05-26,1.661400,1.661400,1.661400,1.661400,0.000000,1.661400
2023-05-30,1.662600,1.662600,1.662600,1.662600,0.000000,1.662600
2023-05-31,1.660100,1.660100,1.660100,1.660100,0.000000,1.660100
2023-06-01,1.662500,1.662500,1.662500,1.662500,0.000000,1.662500
2023-06-02,1.675700,1.675700,1.675700,1.675700,0.000000,1.675700
2023-06-05,,,,,,
2023-06-06,1.673700,1.673700,1.673700,1.673700,0.000000,1.673700
2023-06-07,1.674600,1.674600,1.674600,1.674600,0.000000,1.674600
2023-06-08,1.667800,1.667800,1.667800,1.667800,0.000000,1.667800
2023-06-09,1.673200,1.673200,1.673200,1.673200,0.000000,1.673200
2023-06-12,1.676300,1.676300,1.676300,1.676300,0.000000,1.676300
2023-06-13,1.678700,1.678700,1.678700,1.678700,0.000000,1.678700
2023-06-14,1.679900,1.679900,1.679900,1.679900,0.000000,1.679900
2023-06-15,1.682700,1.682700,1.682700,1.682700,0.000000,1.682700
2023-06-16,1.689100,1.689100,1.689100,1.689100,0.000000,1.689100
2023-06-20,1.678800,1.678800,1.678800,1.678800,0.000000,1.678800
2023-06-21,1.675900,1.675900,1.675900,1.675900,0.000000,1.675900
2023-06-22,1.670700,1.670700,1.670700,1.670700,0.000000,1.670700
2023-06-23,1.665600,1.665600,1.665600,1.665600,0.000000,1.665600
2023-06-26,1.662200,1.662200,1.662200,1.662200,0.000000,1.662200
2023-06-27,1.661600,1.661600,1.661600,1.661600,0.000000,1.661600
2023-06-28,1.666700,1.666700,1.666700,1.666700,0.000000,1.666700
2023-06-29,1.667400,1.667400,1.667400,1.667400,0.000000,1.667400
2023-06-30,1.661300,1.661300,1.661300,1.661300,0.000000,1.661300
2023-07-03,1.670000,1.670000,1.670000,1.670000,0.000000,1.670000
2023-07-05,1.666500,1.666500,1.666500,1.666500,0.000000,1.666500
2023-07-06,1.656200,1.656200,1.656200,1.656200,0.000000,1.656200
2023-07-07,1.642800,1.642800,1.642800,1.642800,0.000000,1.642800
2023-07-10,1.642900,1.642900,1.642900,1.642900,0.000000,1.642900
2023-07-11,1.645300,1.645300,1.645300,1.645300,0.000000,1.645300
2023-07-12,1.649900,1.649900,1.649900,1.649900,0.000000,1.649900
2023-07-13,1.665700,1.665700,1.665700,1.665700,0.000000,1.665700
2023-07-14,1.672100,1.672100,1.672100,1.672100,0.000000,1.672100
2023-07-17,1.672000,1.672000,1.672000,1.672000,0.000000,1.672000
2023-07-18,1.671800,1.671800,1.671800,1.671800,0.000000,1.671800
2023-07-19,1.681600,1.681600,1.681600,1.681600,0.000000,1.681600
2023-07-20,1.682900,1.682900,1.682900,1.682900,0.000000,1.682900
2023-07-21,1.677700,1.677700,1.677700,1.677700,0.000000,1.677700
2023-07-24,1.678000,1.678000,1.678000,1.678000,0.000000,1.678000
2023-07-25,1.678500,1.678500,1.678500,1.678500,0.000000,1.678500
2023-07-26,1.678900,1.678900,1.678900,1.678900,0.000000,1.678900
2023-07-27,1.682200,1.682200,1.682200,1.682200,0.000000,1.682200
2023-07-28,1.675700,1.675700,1.675700,1.675700,0.000000,1.675700
2023-07-31,1.677300,1.677300,1.677300,1.677300,0.000000,1.677300
2023-08-01,1.678900,1.678900,1.678900,1.678900,0.000000,1.678900
2023-08-02,1.671200,1.671200,1.671200,1.671200,0.000000,1.671200
2023-08-03,1.663700,1.663700,1.663700,1.663700,0.000000,1.663700
2023-08-04,1.660300,1.660300,1.660300,1.660300,0.000000,1.660300
2023-08-07,,,,,,
2023-08-08,1.667500,1.667500,1.667500,1.667500,0.000000,1.667500
2023-08-09,1.670000,1.670000,1.670000,1.670000,0.000000,1.670000
2023-08-10,1.667400,1.667400,1.667400,1.667400,0.000000,1.667400
2023-08-11,1.665400,1.665400,1.665400,1.665400,0.000000,1.665400
2023-08-14,1.662000,1.662000,1.662000,1.662000,0.000000,1.662000
2023-08-15,1.658900,1.658900,1.658900,1.658900,0.000000,1.658900
2023-08-16,1.656200,1.656200,1.656200,1.656200,0.000000,1.656200
2023-08-17,1.655300,1.655300,1.655300,1.655300,0.000000,1.655300
2023-08-18,1.652000,1.652000,1.652000,1.652000,0.000000,1.652000
2023-08-21,1.650600,1.650600,1.650600,1.650600,0.000000,1.650600
2023-08-22,1.653600,1.653600,1.653600,1.653600,0.000000,1.653600
2023-08-23,1.657800,1.657800,1.657800,1.657800,0.000000,1.657800
2023-08-24,1.659900,1.659900,1.659900,1.659900,0.000000,1.659900
2023-08-25,1.659000,1.659000,1.659000,1.659000,0.000000,1.659000
2023-08-28,1.660100,1.660100,1.660100,1.660100,0.000000,1.660100
2023-08-29,1.663600,1.663600,1.663600,1.663600,0.000000,1.663600
2023-08-30,1.665300,1.665300,1.665300,1.665300,0.000000,1.665300
2023-08-31,1.666700,1.666700,1.666700,1.666700,0.000000,1.666700
2023-09-01,1.663400,1.663400,1.663400,1.663400,0.000000,1.663400
2023-09-05,1.663000,1.663000,1.663000,1.663000,0.000000,1.663000
2023-09-06,1.658300,1.658300,1.658300,1.658300,0.000000,1.658300
2023-09-07,1.659600,1.659600,1.659600,1.659600,0.000000,1.659600
2023-09-08,1.660100,1.660100,1.660100,1.660100,0.000000,1.660100
2023-09-11,1.661100,1.661100,1.661100,1.661100,0.000000,1.661100
2023-09-12,1.663700,1.663700,1.663700,1.663700,0.000000,1.663700
2023-09-13,1.659500,1.659500,1.659500,1.659500,0.000000,1.659500
2023-09-14,1.668500,1.668500,1.668500,1.668500,0.000000,1.668500
2023-09-15,1.675800,1.675800,1.675800,1.675800,0.000000,1.675800
2023-09-18,1.669300,1.669300,1.669300,1.669300,0.000000,1.669300
2023-09-19,1.668500,1.668500,1.668500,1.668500,0.000000,1.668500
2023-09-20,1.667600,1.667600,1.667600,1.667600,0.000000,1.667600
2023-09-21,1.664300,1.664300,1.664300,1.664300,0.000000,1.664300
2023-09-22,1.658700,1.658700,1.658700,1.658700,0.000000,1.658700
2023-09-25,1.657400,1.657400,1.657400,1.657400,0.000000,1.657400
2023-09-26,1.653400,1.653400,1.653400,1.653400,0.000000,1.653400
2023-09-27,1.648800,1.648800,1.648800,1.648800,0.000000,1.648800
2023-09-28,1.644700,1.644700,1.644700,1.644700,0.000000,1.644700
2023-09-29,1.650200,1.650200,1.650200,1.650200,0.000000,1.650200
2023-10-02,1.647500,1.647500,1.647500,1.647500,0.000000,1.647500
2023-10-03,1.641500,1.641500,1.641500,1.641500,0.000000,1.641500
2023-10-04,1.632000,1.632000,1.632000,1.632000,0.000000,1.632000
2023-10-05,1.634800,1.634800,1.634800,1.634800,0.000000,1.634800
2023-10-06,1.634200,1.634200,1.634200,1.634200,0.000000,1.634200
2023-10-09,1.641000,1.641000,1.641000,1.641000,0.000000,1.641000
2023-10-10,1.649800,1.649800,1.649800,1.649800,0.000000,1.649800
2023-10-11,1.659500,1.659500,1.659500,1.659500,0.000000,1.659500
2023-10-12,1.667100,1.667100,1.667100,1.667100,0.000000,1.667100
2023-10-13,1.661600,1.661600,1.661600,1.661600,0.000000,1.661600
2023-10-16,1.657900,1.657900,1.657900,1.657900,0.000000,1.657900
2023-10-17,1.660200,1.660200,1.660200,1.660200,0.000000,1.660200
2023-10-18,1.653200,1.653200,1.653200,1.653200,0.000000,1.653200
2023-10-19,1.637900,1.637900,1.637900,1.637900,0.000000,1.637900
2023-10-20,1.631400,1.631400,1.631400,1.631400,0.000000,1.631400
2023-10-23,1.624400,1.624400,1.624400,1.624400,0.000000,1.624400
2023-10-24,1.629100,1.629100,1.629100,1.629100,0.000000,1.629100
2023-10-25,1.629000,1.629000,1.629000,1.629000,0.000000,1.629000
2023-10-26,1.620500,1.620500,1.620500,1.620500,0.000000,1.620500
2023-10-27,1.619200,1.619200,1.619200,1.619200,0.000000,1.619200
2023-10-30,,,,,,
2023-10-31,1.620000,1.620000,1.620000,1.620000,0.000000,1.620000
2023-11-01,1.618500,1.618500,1.618500,1.618500,0.000000,1.618500
2023-11-02,1.633200,1.633200,1.633200,1.633200,0.000000,1.633200
2023-11-03,1.640900,1.640900,1.640900,1.640900,0.000000,1.640900
2023-11-06,1.651900,1.651900,1.651900,1.651900,0.000000,1.651900
2023-11-07,1.650900,1.650900,1.650900,1.650900,0.000000,1.650900
2023-11-08,1.653200,1.653200,1.653200,1.653200,0.000000,1.653200
2023-11-09,1.657900,1.657900,1.657900,1.657900,0.000000,1.657900
2023-11-10,1.650300,1.650300,1.650300,1.650300,0.000000,1.650300
2023-11-13,1.661400,1.661400,1.661400,1.661400,0.000000,1.661400
2023-11-14,1.661700,1.661700,1.661700,1.661700,0.000000,1.661700
2023-11-15,1.686200,1.686200,1.686200,1.686200,0.000000,1.686200
2023-11-16,1.682300,1.682300,1.682300,1.682300,0.000000,1.682300
2023-11-17,1.682800,1.682800,1.682800,1.682800,0.000000,1.682800
2023-11-20,1.683500,1.683500,1.683500,1.683500,0.000000,1.683500
2023-11-21,1.687100,1.687100,1.687100,1.687100,0.000000,1.687100
2023-11-22,1.682700,1.682700,1.682700,1.682700,0.000000,1.682700
2023-11-24,1.686500,1.686500,1.686500,1.686500,0.000000,1.686500
2023-11-27,1.686500,1.686500,1.686500,1.686500,0.000000,1.686500
2023-11-28,1.681700,1.681700,1.681700,1.681700,0.000000,1.681700
2023-11-29,1.684600,1.684600,1.684600,1.684600,0.000000,1.684600
2023-11-30,1.683700,1.683700,1.683700,1.683700,0.000000,1.683700
2023-12-01,1.686300,1.686300,1.686300,1.686300,0.000000,1.686300
2023-12-04,1.693700,1.693700,1.693700,1.693700,0.000000,1.693700
2023-12-05,1.684900,1.684900,1.684900,1.684900,0.000000,1.684900
2023-12-06,1.688200,1.688200,1.688200,1.688200,0.000000,1.688200
2023-12-07,1.684800,1.684800,1.684800,1.684800,0.000000,1.684800
2023-12-08,1.689800,1.689800,1.689800,1.689800,0.000000,1.689800
2023-12-11,1.690500,1.690500,1.690500,1.690500,0.000000,1.690500
2023-12-12,1.694100,1.694100,1.694100,1.694100,0.000000,1.694100
2023-12-13,1.697700,1.697700,1.697700,1.697700,0.000000,1.697700
2023-12-14,1.718000,1.718000,1.718000,1.718000,0.000000,1.718000
2023-12-15,1.720200,1.720200,1.720200,1.720200,0.000000,1.720200
2023-12-18,1.718900,1.718900,1.718900,1.718900,0.000000,1.718900
2023-12-19,1.723700,1.723700,1.723700,1.723700,0.000000,1.723700
2023-12-20,1.733400,1.733400,1.733400,1.733400,0.000000,1.733400
2023-12-21,1.722800,1.722800,1.722800,1.722800,0.000000,1.722800
2023-12-22,1.734300,1.734300,1.734300,1.734300,0.000000,1.734300
2023-12-26,,,,,,
2023-12-27,1.744600,1.744600,1.744600,1.744600,0.000000,1.744600
2023-12-28,1.745200,1.745200,1.745200,1.745200,0.000000,1.745200
2023-12-29,1.745500,1.745500,1.745500,1.745500,0.000000,1.745500
2024-01-02,1.744100,1.744100,1.744100,1.744100,0.000000,1.744100
2024-01-03,1.731400,1.731400,1.731400,1.731400,0.000000,1.731400
2024-01-04,1.726000,1.726000,1.726000,1.726000,0.000000,1.726000
2024-01-05,1.719000,1.719000,1.719000,1.719000,0.000000,1.719000
2024-01-08,1.721000,1.721000,1.721000,1.721000,0.000000,1.721000
2024-01-09,1.730300,1.730300,1.730300,1.730300,0.000000,1.730300
2024-01-10,1.727300,1.727300,1.727300,1.727300,0.000000,1.727300
2024-01-11,1.730700,1.730700,1.730700,1.730700,0.000000,1.730700
2024-01-12,1.732500,1.732500,1.732500,1.732500,0.000000,1.732500
2024-01-16,1.732000,1.732000,1.732000,1.732000,0.000000,1.732000
2024-01-17,1.718500,1.718500,1.718500,1.718500,0.000000,1.718500
2024-01-18,1.712600,1.712600,1.712600,1.712600,0.000000,1.712600
2024-01-19,1.721000,1.721000,1.721000,1.721000,0.000000,1.721000
2024-01-22,1.727800,1.727800,1.727800,1.727800,0.000000,1.727800
2024-01-23,1.725700,1.725700,1.725700,1.725700,0.000000,1.725700
2024-01-24,1.729500,1.729500,1.729500,1.729500,0.000000,1.729500
2024-01-25,1.731100,1.731100,1.731100,1.731100,0.000000,1.731100
2024-01-26,1.740900,1.740900,1.740900,1.740900,0.000000,1.740900
2024-01-29,1.744200,1.744200,1.744200,1.744200,0.000000,1.744200
2024-01-30,1.750200,1.750200,1.750200,1.750200,0.000000,1.750200
2024-01-31,1.751600,1.751600,1.751600,1.751600,0.000000,1.751600
2024-02-01,1.744600,1.744600,1.744600,1.744600,0.000000,1.744600
2024-02-02,1.755900,1.755900,1.755900,1.755900,0.000000,1.755900
2024-02-05,,,,,,
2024-02-06,1.752200,1.752200,1.752200,1.752200,0.000000,1.752200
2024-02-07,1.756800,1.756800,1.756800,1.756800,0.000000,1.756800
2024-02-08,1.759300,1.759300,1.759300,1.759300,0.000000,1.759300
2024-02-09,1.756800,1.756800,1.756800,1.756800,0.000000,1.756800
2024-02-12,1.760400,1.760400,1.760400,1.760400,0.000000,1.760400
2024-02-13,1.759800,1.759800,1.759800,1.759800,0.000000,1.759800
2024-02-14,1.743300,1.743300,1.743300,1.743300,0.000000,1.743300
2024-02-15,1.750400,1.750400,1.750400,1.750400,0.000000,1.750400
2024-02-16,1.755700,1.755700,1.755700,1.755700,0.000000,1.755700
2024-02-20,1.756100,1.756100,1.756100,1.756100,0.000000,1.756100
2024-02-21,1.751500,1.751500,1.751500,1.751500,0.000000,1.751500
2024-02-22,1.753100,1.753100,1.753100,1.753100,0.000000,1.753100
2024-02-23,1.762000,1.762000,1.762000,1.762000,0.000000,1.762000
2024-02-26,1.763900,1.763900,1.763900,1.763900,0.000000,1.763900
2024-02-27,1.759700,1.759700,1.759700,1.759700,0.000000,1.759700
2024-02-28,1.756500,1.756500,1.756500,1.756500,0.000000,1.756500
2024-02-29,1.757400,1.757400,1.757400,1.757400,0.000000,1.757400
2024-03-01,1.764300,1.764300,1.764300,1.764300,0.000000,1.764300
2024-03-04,1.775900,1.775900,1.775900,1.775900,0.000000,1.775900
2024-03-05,1.777800,1.777800,1.777800,1.777800,0.000000,1.777800
2024-03-06,1.775300,1.775300,1.775300,1.775300,0.000000,1.775300
2024-03-07,1.783500,1.783500,1.783500,1.783500,0.000000,1.783500
2024-03-08,1.795300,1.795300,1.795300,1.795300,0.000000,1.795300
2024-03-11,1.787700,1.787700,1.787700,1.787700,0.000000,1.787700
2024-03-12,1.786000,1.786000,1.786000,1.786000,0.000000,1.786000
2024-03-13,1.794100,1.794100,1.794100,1.794100,0.000000,1.794100
2024-03-14,1.796700,1.796700,1.796700,1.796700,0.000000,1.796700
2024-03-15,1.789500,1.789500,1.789500,1.789500,0.000000,1.789500
2024-03-18,,,,,,
2024-03-19,1.781300,1.781300,1.781300,1.781300,0.000000,1.781300
2024-03-20,1.786900,1.786900,1.786900,1.786900,0.000000,1.786900
2024-03-21,1.801300,1.801300,1.801300,1.801300,0.000000,1.801300
2024-03-22,1.805900,1.805900,1.805900,1.805900,0.000000,1.805900
2024-03-25,1.806200,1.806200,1.806200,1.806200,0.000000,1.806200
2024-03-26,1.807500,1.807500,1.807500,1.807500,0.000000,1.807500
2024-03-27,1.805000,1.805000,1.805000,1.805000,0.000000,1.805000
2024-03-28,1.814100,1.814100,1.814100,1.814100,0.000000,1.814100
2024-04-01,,,,,,
2024-04-02,1.814300,1.814300,1.814300,1.814300,0.000000,1.814300
2024-04-03,1.804700,1.804700,1.804700,1.804700,0.000000,1.804700
2024-04-04,1.812300,1.812300,1.812300,1.812300,0.000000,1.812300
2024-04-05,1.800900,1.800900,1.800900,1.800900,0.000000,1.800900
2024-04-08,1.811400,1.811400,1.811400,1.811400,0.000000,1.811400
2024-04-09,1.811500,1.811500,1.811500,1.811500,0.000000,1.811500
2024-04-10,1.814800,1.814800,1.814800,1.814800,0.000000,1.814800
2024-04-11,1.801500,1.801500,1.801500,1.801500,0.000000,1.801500
2024-04-12,1.808400,1.808400,1.808400,1.808400,0.000000,1.808400
2024-04-15,1.800600,1.800600,1.800600,1.800600,0.000000,1.800600
2024-04-16,1.785100,1.785100,1.785100,1.785100,0.000000,1.785100
2024-04-17,1.780700,1.780700,1.780700,1.780700,0.000000,1.780700
2024-04-18,1.780600,1.780600,1.780600,1.780600,0.000000,1.780600
2024-04-19,1.773700,1.773700,1.773700,1.773700,0.000000,1.773700
2024-04-22,1.777900,1.777900,1.777900,1.777900,0.000000,1.777900
2024-04-23,1.782800,1.782800,1.782800,1.782800,0.000000,1.782800
2024-04-24,1.791300,1.791300,1.791300,1.791300,0.000000,1.791300
2024-04-25,1.784000,1.784000,1.784000,1.784000,0.000000,1.784000
2024-04-26,1.785300,1.785300,1.785300,1.785300,0.000000,1.785300
2024-04-29,1.796500,1.796500,1.796500,1.796500,0.000000,1.796500
2024-04-30,1.797100,1.797100,1.797100,1.797100,0.000000,1.797100
2024-05-01,1.788700,1.788700,1.788700,1.788700,0.000000,1.788700
2024-05-02,1.792700,1.792700,1.792700,1.792700,0.000000,1.792700
2024-05-03,1.797600,1.797600,1.797600,1.797600,0.000000,1.797600
2024-05-06,,,,,,
2024-05-07,1.810200,1.810200,1.810200,1.810200,0.000000,1.810200
2024-05-08,1.810300,1.810300,1.810300,1.810300,0.000000,1.810300
2024-05-09,1.809800,1.809800,1.809800,1.809800,0.000000,1.809800
2024-05-10,1.813900,1.813900,1.813900,1.813900,0.000000,1.813900
2024-05-13,1.811300,1.811300,1.811300,1.811300,0.000000,1.811300
2024-05-14,1.809800,1.809800,1.809800,1.809800,0.000000,1.809800
2024-05-15,1.816600,1.816600,1.816600,1.816600,0.000000,1.816600
2024-05-16,1.827200,1.827200,1.827200,1.827200,0.000000,1.827200
2024-05-17,1.823700,1.823700,1.823700,1.823700,0.000000,1.823700
2024-05-20,1.829100,1.829100,1.829100,1.829100,0.000000,1.829100
2024-05-21,1.826700,1.826700,1.826700,1.826700,0.000000,1.826700
2024-05-22,1.827400,1.827400,1.827400,1.827400,0.000000,1.827400
2024-05-23,1.823600,1.823600,1.823600,1.823600,0.000000,1.823600
2024-05-24,1.814500,1.814500,1.814500,1.814500,0.000000,1.814500
2024-05-28,1.820500,1.820500,1.820500,1.820500,0.000000,1.820500
2024-05-29,1.813400,1.813400,1.813400,1.813400,0.000000,1.813400
2024-05-30,1.801500,1.801500,1.801500,1.801500,0.000000,1.801500
2024-05-31,1.803000,1.803000,1.803000,1.803000,0.000000,1.803000
2024-06-03,,,,,,
2024-06-04,1.807600,1.807600,1.807600,1.807600,0.000000,1.807600
2024-06-05,1.810900,1.810900,1.810900,1.810900,0.000000,1.810900
2024-06-06,1.824800,1.824800,1.824800,1.824800,0.000000,1.824800
2024-06-07,1.820900,1.820900,1.820900,1.820900,0.000000,1.820900
2024-06-10,1.809500,1.809500,1.809500,1.809500,0.000000,1.809500
2024-06-11,1.809200,1.809200,1.809200,1.809200,0.000000,1.809200
2024-06-12,1.808700,1.808700,1.808700,1.808700,0.000000,1.808700
2024-06-13,1.816800,1.816800,1.816800,1.816800,0.000000,1.816800
2024-06-14,1.816900,1.816900,1.816900,1.816900,0.000000,1.816900
2024-06-17,1.813400,1.813400,1.813400,1.813400,0.000000,1.813400
2024-06-18,1.816900,1.816900,1.816900,1.816900,0.000000,1.816900
2024-06-20,1.825800,1.825800,1.825800,1.825800,0.000000,1.825800
2024-06-21,1.824200,1.824200,1.824200,1.824200,0.000000,1.824200
2024-06-24,1.823500,1.823500,1.823500,1.823500,0.000000,1.823500
2024-06-25,1.822900,1.822900,1.822900,1.822900,0.000000,1.822900
2024-06-26,1.824400,1.824400,1.824400,1.824400,0.000000,1.824400
2024-06-27,1.820100,1.820100,1.820100,1.820100,0.000000,1.820100
2024-06-28,1.823800,1.823800,1.823800,1.823800,0.000000,1.823800
2024-07-01,1.818300,1.818300,1.818300,1.818300,0.000000,1.818300
2024-07-02,1.811100,1.811100,1.811100,1.811100,0.000000,1.811100
2024-07-03,1.820300,1.820300,1.820300,1.820300,0.000000,1.820300
2024-07-05,1.830500,1.830500,1.830500,1.830500,0.000000,1.830500
2024-07-08,1.835700,1.835700,1.835700,1.835700,0.000000,1.835700
2024-07-09,1.838000,1.838000,1.838000,1.838000,0.000000,1.838000
2024-07-10,1.839200,1.839200,1.839200,1.839200,0.000000,1.839200
2024-07-11,1.846200,1.846200,1.846200,1.846200,0.000000,1.846200
2024-07-12,1.847300,1.847300,1.847300,1.847300,0.000000,1.847300
2024-07-15,1.851600,1.851600,1.851600,1.851600,0.000000,1.851600
2024-07-16,1.850200,1.850200,1.850200,1.850200,0.000000,1.850200
2024-07-17,1.856300,1.856300,1.856300,1.856300,0.000000,1.856300
2024-07-18,1.849700,1.849700,1.849700,1.849700,0.000000,1.849700
2024-07-19,1.836700,1.836700,1.836700,1.836700,0.000000,1.836700
2024-07-22,1.832600,1.832600,1.832600,1.832600,0.000000,1.832600
2024-07-23,1.834400,1.834400,1.834400,1.834400,0.000000,1.834400
2024-07-24,1.831600,1.831600,1.831600,1.831600,0.000000,1.831600
2024-07-25,1.816500,1.816500,1.816500,1.816500,0.000000,1.816500
2024-07-26,1.817800,1.817800,1.817800,1.817800,0.000000,1.817800
2024-07-29,1.826300,1.826300,1.826300,1.826300,0.000000,1.826300
2024-07-30,1.827100,1.827100,1.827100,1.827100,0.000000,1.827100
2024-07-31,1.832600,1.832600,1.832600,1.832600,0.000000,1.832600
2024-08-01,1.843100,1.843100,1.843100,1.843100,0.000000,1.843100
2024-08-02,1.842300,1.842300,1.842300,1.842300,0.000000,1.842300
2024-08-05,,,,,,
2024-08-06,1.837300,1.837300,1.837300,1.837300,0.000000,1.837300
2024-08-07,1.832400,1.832400,1.832400,1.832400,0.000000,1.832400
2024-08-08,1.830700,1.830700,1.830700,1.830700,0.000000,1.830700
2024-08-09,1.840300,1.840300,1.840300,1.840300,0.000000,1.840300
2024-08-12,1.843500,1.843500,1.843500,1.843500,0.000000,1.843500
2024-08-13,1.844800,1.844800,1.844800,1.844800,0.000000,1.844800
2024-08-14,1.851500,1.851500,1.851500,1.851500,0.000000,1.851500
2024-08-15,1.852500,1.852500,1.852500,1.852500,0.000000,1.852500
2024-08-16,1.853000,1.853000,1.853000,1.853000,0.000000,1.853000
2024-08-19,1.854400,1.854400,1.854400,1.854400,0.000000,1.854400
2024-08-20,1.858400,1.858400,1.858400,1.858400,0.000000,1.858400
2024-08-21,1.857000,1.857000,1.857000,1.857000,0.000000,1.857000
2024-08-22,1.858600,1.858600,1.858600,1.858600,0.000000,1.858600
2024-08-23,1.853100,1.853100,1.853100,1.853100,0.000000,1.853100
2024-08-26,1.859200,1.859200,1.859200,1.859200,0.000000,1.859200
2024-08-27,1.857500,1.857500,1.857500,1.857500,0.000000,1.857500
2024-08-28,1.858700,1.858700,1.858700,1.858700,0.000000,1.858700
2024-08-29,1.859800,1.859800,1.859800,1.859800,0.000000,1.859800
2024-08-30,1.859200,1.859200,1.859200,1.859200,0.000000,1.859200
2024-09-03,1.854900,1.854900,1.854900,1.854900,0.000000,1.854900
2024-09-04,1.850400,1.850400,1.850400,1.850400,0.000000,1.850400
2024-09-05,1.853100,1.853100,1.853100,1.853100,0.000000,1.853100
2024-09-06,1.856700,1.856700,1.856700,1.856700,0.000000,1.856700
2024-09-09,1.856000,1.856000,1.856000,1.856000,0.000000,1.856000
2024-09-10,1.860000,1.860000,1.860000,1.860000,0.000000,1.860000
2024-09-11,1.861400,1.861400,1.861400,1.861400,0.000000,1.861400
2024-09-12,1.863800,1.863800,1.863800,1.863800,0.000000,1.863800
2024-09-13,1.868700,1.868700,1.868700,1.868700,0.000000,1.868700
2024-09-16,1.872300,1.872300,1.872300,1.872300,0.000000,1.872300
2024-09-17,1.873900,1.873900,1.873900,1.873900,0.000000,1.873900
2024-09-18,1.869500,1.869500,1.869500,1.869500,0.000000,1.869500
2024-09-19,1.874300,1.874300,1.874300,1.874300,0.000000,1.874300
2024-09-20,1.876200,1.876200,1.876200,1.876200,0.000000,1.876200
2024-09-23,1.873900,1.873900,1.873900,1.873900,0.000000,1.873900
2024-09-24,1.874500,1.874500,1.874500,1.874500,0.000000,1.874500
2024-09-25,1.878600,1.878600,1.878600,1.878600,0.000000,1.878600
2024-09-26,1.878200,1.878200,1.878200,1.878200,0.000000,1.878200
2024-09-27,1.885200,1.885200,1.885200,1.885200,0.000000,1.885200
2024-09-30,1.881500,1.881500,1.881500,1.881500,0.000000,1.881500
2024-10-01,1.882500,1.882500,1.882500,1.882500,0.000000,1.882500
2024-10-02,1.886300,1.886300,1.886300,1.886300,0.000000,1.886300
2024-10-03,1.885800,1.885800,1.885800,1.885800,0.000000,1.885800
2024-10-04,1.880600,1.880600,1.880600,1.880600,0.000000,1.880600
2024-10-07,1.884100,1.884100,1.884100,1.884100,0.000000,1.884100
2024-10-08,1.866500,1.866500,1.866500,1.866500,0.000000,1.866500
2024-10-09,1.865500,1.865500,1.865500,1.865500,0.000000,1.865500
2024-10-10,1.871600,1.871600,1.871600,1.871600,0.000000,1.871600
2024-10-11,1.869500,1.869500,1.869500,1.869500,0.000000,1.869500
2024-10-14,1.879200,1.879200,1.879200,1.879200,0.000000,1.879200
2024-10-15,1.882500,1.882500,1.882500,1.882500,0.000000,1.882500
2024-10-16,1.878700,1.878700,1.878700,1.878700,0.000000,1.878700
2024-10-17,1.884300,1.884300,1.884300,1.884300,0.000000,1.884300
2024-10-18,1.888500,1.888500,1.888500,1.888500,0.000000,1.888500
2024-10-21,1.890600,1.890600,1.890600,1.890600,0.000000,1.890600
2024-10-22,1.882400,1.882400,1.882400,1.882400,0.000000,1.882400
2024-10-23,1.881000,1.881000,1.881000,1.881000,0.000000,1.881000
2024-10-24,1.876600,1.876600,1.876600,1.876600,0.000000,1.876600
2024-10-25,1.875400,1.875400,1.875400,1.875400,0.000000,1.875400
2024-10-28,,,,,,
2024-10-29,1.873300,1.873300,1.873300,1.873300,0.000000,1.873300
2024-10-30,1.868900,1.868900,1.868900,1.868900,0.000000,1.868900
2024-10-31,1.861400,1.861400,1.861400,1.861400,0.000000,1.861400
2024-11-01,1.852100,1.852100,1.852100,1.852100,0.000000,1.852100
2024-11-04,1.853700,1.853700,1.853700,1.853700,0.000000,1.853700
2024-11-05,1.851400,1.851400,1.851400,1.851400,0.000000,1.851400
2024-11-06,1.859400,1.859400,1.859400,1.859400,0.000000,1.859400
2024-11-07,1.869300,1.869300,1.869300,1.869300,0.000000,1.869300
2024-11-08,1.874100,1.874100,1.874100,1.874100,0.000000,1.874100
2024-11-11,1.881100,1.881100,1.881100,1.881100,0.000000,1.881100
2024-11-12,1.875000,1.875000,1.875000,1.875000,0.000000,1.875000
2024-11-13,1.862400,1.862400,1.862400,1.862400,0.000000,1.862400
2024-11-14,1.866600,1.866600,1.866600,1.866600,0.000000,1.866600
2024-11-15,1.862900,1.862900,1.862900,1.862900,0.000000,1.862900
2024-11-18,1.851600,1.851600,1.851600,1.851600,0.000000,1.851600
2024-11-19,1.854700,1.854700,1.854700,1.854700,0.000000,1.854700
2024-11-20,1.859500,1.859500,1.859500,1.859500,0.000000,1.859500
2024-11-21,1.858200,1.858200,1.858200,1.858200,0.000000,1.858200
2024-11-22,1.869600,1.869600,1.869600,1.869600,0.000000,1.869600
2024-11-25,1.878200,1.878200,1.878200,1.878200,0.000000,1.878200
2024-11-26,1.882300,1.882300,1.882300,1.882300,0.000000,1.882300
2024-11-27,1.886400,1.886400,1.886400,1.886400,0.000000,1.886400
2024-11-29,1.885300,1.885300,1.885300,1.885300,0.000000,1.885300
2024-12-02,1.893800,1.893800,1.893800,1.893800,0.000000,1.893800
2024-12-03,1.902200,1.902200,1.902200,1.902200,0.000000,1.902200
2024-12-04,1.903200,1.903200,1.903200,1.903200,0.000000,1.903200
2024-12-05,1.910500,1.910500,1.910500,1.910500,0.000000,1.910500
2024-12-06,1.910400,1.910400,1.910400,1.910400,0.000000,1.910400
2024-12-09,1.911900,1.911900,1.911900,1.911900,0.000000,1.911900
2024-12-10,1.905300,1.905300,1.905300,1.905300,0.000000,1.905300
2024-12-11,1.899700,1.899700,1.899700,1.899700,0.000000,1.899700
2024-12-12,1.907900,1.907900,1.907900,1.907900,0.000000,1.907900
2024-12-13,1.901300,1.901300,1.901300,1.901300,0.000000,1.901300
2024-12-16,1.895300,1.895300,1.895300,1.895300,0.000000,1.895300
2024-12-17,1.893700,1.893700,1.893700,1.893700,0.000000,1.893700
2024-12-18,1.890100,1.890100,1.890100,1.890100,0.000000,1.890100
2024-12-19,1.854800,1.854800,1.854800,1.854800,0.000000,1.854800
2024-12-20,1.847700,1.847700,1.847700,1.847700,0.000000,1.847700
2024-12-23,1.863400,1.863400,1.863400,1.863400,0.000000,1.863400
2024-12-24,1.866700,1.866700,1.866700,1.866700,0.000000,1.866700
2024-12-26,,,,,,
2024-12-27,1.872100,1.872100,1.872100,1.872100,0.000000,1.872100
2024-12-30,1.863600,1.863600,1.863600,1.863600,0.000000,1.863600
2024-12-31,1.860000,1.860000,1.860000,1.860000,0.000000,1.860000
2025-01-02,1.862000,1.862000,1.862000,1.862000,0.000000,1.862000
2025-01-03,1.864000,1.864000,1.864000,1.864000,0.000000,1.864000
2025-01-06,1.867200,1.867200,1.867200,1.867200,0.000000,1.867200
2025-01-07,1.872200,1.872200,1.872200,1.872200,0.000000,1.872200
2025-01-08,1.866000,1.866000,1.866000,1.866000,0.000000,1.866000
2025-01-10,1.865300,1.865300,1.865300,1.865300,0.000000,1.865300
2025-01-13,1.852600,1.852600,1.852600,1.852600,0.000000,1.852600
2025-01-14,1.851300,1.851300,1.851300,1.851300,0.000000,1.851300
2025-01-15,1.852400,1.852400,1.852400,1.852400,0.000000,1.852400
2025-01-16,1.868600,1.868600,1.868600,1.868600,0.000000,1.868600
2025-01-17,1.877100,1.877100,1.877100,1.877100,0.000000,1.877100
2025-01-21,1.880300,1.880300,1.880300,1.880300,0.000000,1.880300
2025-01-22,1.892200,1.892200,1.892200,1.892200,0.000000,1.892200
2025-01-23,1.899300,1.899300,1.899300,1.899300,0.000000,1.899300
2025-01-24,1.901700,1.901700,1.901700,1.901700,0.000000,1.901700
2025-01-27,1.893800,1.893800,1.893800,1.893800,0.000000,1.893800
2025-01-28,1.887300,1.887300,1.887300,1.887300,0.000000,1.887300
2025-01-29,1.892500,1.892500,1.892500,1.892500,0.000000,1.892500
2025-01-30,1.894800,1.894800,1.894800,1.894800,0.000000,1.894800
2025-01-31,1.905000,1.905000,1.905000,1.905000,0.000000,1.905000
2025-02-03,,,,,,
2025-02-04,1.892800,1.892800,1.892800,1.892800,0.000000,1.892800
2025-02-05,1.899300,1.899300,1.899300,1.899300,0.000000,1.899300
2025-02-06,1.908100,1.908100,1.908100,1.908100,0.000000,1.908100
2025-02-07,1.911200,1.911200,1.911200,1.911200,0.000000,1.911200
2025-02-10,1.906500,1.906500,1.906500,1.906500,0.000000,1.906500
2025-02-11,1.909400,1.909400,1.909400,1.909400,0.000000,1.909400
2025-02-12,1.909700,1.909700,1.909700,1.909700,0.000000,1.909700
2025-02-13,1.909900,1.909900,1.909900,1.909900,0.000000,1.909900
2025-02-14,1.918900,1.918900,1.918900,1.918900,0.000000,1.918900
2025-02-18,1.922600,1.922600,1.922600,1.922600,0.000000,1.922600
2025-02-19,1.923400,1.923400,1.923400,1.923400,0.000000,1.923400
2025-02-20,1.920000,1.920000,1.920000,1.920000,0.000000,1.920000
2025-02-21,1.914200,1.914200,1.914200,1.914200,0.000000,1.914200
2025-02-24,1.907500,1.907500,1.907500,1.907500,0.000000,1.907500
2025-02-25,1.904400,1.904400,1.904400,1.904400,0.000000,1.904400
2025-02-26,1.904500,1.904500,1.904500,1.904500,0.000000,1.904500
2025-02-27,1.912900,1.912900,1.912900,1.912900,0.000000,1.912900
2025-02-28,1.899300,1.899300,1.899300,1.899300,0.000000,1.899300
2025-03-03,1.913400,1.913400,1.913400,1.913400,0.000000,1.913400
2025-03-04,1.906000,1.906000,1.906000,1.906000,0.000000,1.906000
2025-03-05,1.900600,1.900600,1.900600,1.900600,0.000000,1.900600
2025-03-06,1.903700,1.903700,1.903700,1.903700,0.000000,1.903700
2025-03-07,1.893000,1.893000,1.893000,1.893000,0.000000,1.893000
2025-03-10,1.891800,1.891800,1.891800,1.891800,0.000000,1.891800
2025-03-11,1.870800,1.870800,1.870800,1.870800,0.000000,1.870800
2025-03-12,1.868400,1.868400,1.868400,1.868400,0.000000,1.868400
2025-03-13,1.871400,1.871400,1.871400,1.871400,0.000000,1.871400
2025-03-14,1.871700,1.871700,1.871700,1.871700,0.000000,1.871700
2025-03-17,,,,,,
2025-03-18,1.893800,1.893800,1.893800,1.893800,0.000000,1.893800
2025-03-19,1.891100,1.891100,1.891100,1.891100,0.000000,1.891100
2025-03-20,1.895800,1.895800,1.895800,1.895800,0.000000,1.895800
2025-03-21,1.893800,1.893800,1.893800,1.893800,0.000000,1.893800
2025-03-24,1.893200,1.893200,1.893200,1.893200,0.000000,1.893200
2025-03-25,1.899400,1.899400,1.899400,1.899400,0.000000,1.899400
2025-03-26,1.902400,1.902400,1.902400,1.902400,0.000000,1.902400
2025-03-27,1.893300,1.893300,1.893300,1.893300,0.000000,1.893300
2025-03-28,1.894800,1.894800,1.894800,1.894800,0.000000,1.894800
2025-03-31,1.878700,1.878700,1.878700,1.878700,0.000000,1.878700
2025-04-01,1.885000,1.885000,1.885000,1.885000,0.000000,1.885000
2025-04-02,1.880700,1.880700,1.880700,1.880700,0.000000,1.880700
2025-04-03,1.874500,1.874500,1.874500,1.874500,0.000000,1.874500
2025-04-04,1.838500,1.838500,1.838500,1.838500,0.000000,1.838500
2025-04-07,1.793900,1.793900,1.793900,1.793900,0.000000,1.793900
2025-04-08,1.794200,1.794200,1.794200,1.794200,0.000000,1.794200
2025-04-09,1.783400,1.783400,1.783400,1.783400,0.000000,1.783400
2025-04-10,1.817600,1.817600,1.817600,1.817600,0.000000,1.817600
2025-04-11,1.814300,1.814300,1.814300,1.814300,0.000000,1.814300
2025-04-14,1.823300,1.823300,1.823300,1.823300,0.000000,1.823300
2025-04-15,1.837100,1.837100,1.837100,1.837100,0.000000,1.837100
2025-04-16,1.841100,1.841100,1.841100,1.841100,0.000000,1.841100
2025-04-17,1.841400,1.841400,1.841400,1.841400,0.000000,1.841400
2025-04-21,,,,,,
2025-04-22,1.847300,1.847300,1.847300,1.847300,0.000000,1.847300
2025-04-23,1.859100,1.859100,1.859100,1.859100,0.000000,1.859100
2025-04-24,1.861500,1.861500,1.861500,1.861500,0.000000,1.861500
2025-04-25,1.873600,1.873600,1.873600,1.873600,0.000000,1.873600
2025-04-28,1.877700,1.877700,1.877700,1.877700,0.000000,1.877700
2025-04-29,1.880400,1.880400,1.880400,1.880400,0.000000,1.880400
2025-04-30,1.887500,1.887500,1.887500,1.887500,0.000000,1.887500
2025-05-01,1.888300,1.888300,1.888300,1.888300,0.000000,1.888300
2025-05-02,1.892100,1.892100,1.892100,1.892100,0.000000,1.892100
2025-05-05,,,,,,
2025-05-06,1.899500,1.899500,1.899500,1.899500,0.000000,1.899500
2025-05-07,1.899700,1.899700,1.899700,1.899700,0.000000,1.899700
2025-05-08,1.904600,1.904600,1.904600,1.904600,0.000000,1.904600
2025-05-09,1.903200,1.903200,1.903200,1.903200,0.000000,1.903200
2025-05-12,1.898800,1.898800,1.898800,1.898800,0.000000,1.898800
2025-05-13,1.899100,1.899100,1.899100,1.899100,0.000000,1.899100
2025-05-14,1.903600,1.903600,1.903600,1.903600,0.000000,1.903600
2025-05-15,1.897900,1.897900,1.897900,1.897900,0.000000,1.897900
2025-05-16,1.908900,1.908900,1.908900,1.908900,0.000000,1.908900
2025-05-19,1.912800,1.912800,1.912800,1.912800,0.000000,1.912800
2025-05-20,1.919500,1.919500,1.919500,1.919500,0.000000,1.919500
2025-05-21,1.924100,1.924100,1.924100,1.924100,0.000000,1.924100
2025-05-22,1.915300,1.915300,1.915300,1.915300,0.000000,1.915300
2025-05-23,1.919100,1.919100,1.919100,1.919100,0.000000,1.919100
2025-05-27,1.926900,1.926900,1.926900,1.926900,0.000000,1.926900
2025-05-28,1.930600,1.930600,1.930600,1.930600,0.000000,1.930600
2025-05-29,1.926500,1.926500,1.926500,1.926500,0.000000,1.926500
2025-05-30,1.930900,1.930900,1.930900,1.930900,0.000000,1.930900
2025-06-02,,,,,,
2025-06-03,1.935700,1.935700,1.935700,1.935700,0.000000,1.935700
2025-06-04,1.938500,1.938500,1.938500,1.938500,0.000000,1.938500
2025-06-05,1.947600,1.947600,1.947600,1.947600,0.000000,1.947600
2025-06-06,1.944200,1.944200,1.944200,1.944200,0.000000,1.944200
2025-06-09,1.945000,1.945000,1.945000,1.945000,0.000000,1.945000
2025-06-10,1.946100,1.946100,1.946100,1.946100,0.000000,1.946100
2025-06-11,1.948000,1.948000,1.948000,1.948000,0.000000,1.948000
2025-06-12,1.950800,1.950800,1.950800,1.950800,0.000000,1.950800
2025-06-13,1.950900,1.950900,1.950900,1.950900,0.000000,1.950900
2025-06-16,1.948100,1.948100,1.948100,1.948100,0.000000,1.948100
2025-06-17,1.950000,1.950000,1.950000,1.950000,0.000000,1.950000
2025-06-18,1.943600,1.943600,1.943600,1.943600,0.000000,1.943600
2025-06-20,1.943600,1.943600,1.943600,1.943600,0.000000,1.943600
2025-06-23,1.936100,1.936100,1.936100,1.936100,0.000000,1.936100
2025-06-24,1.953400,1.953400,1.953400,1.953400,0.000000,1.953400
2025-06-25,1.959700,1.959700,1.959700,1.959700,0.000000,1.959700
2025-06-26,1.963300,1.963300,1.963300,1.963300,0.000000,1.963300
2025-06-27,1.969700,1.969700,1.969700,1.969700,0.000000,1.969700
2025-06-30,1.973800,1.973800,1.973800,1.973800,0.000000,1.973800
2025-07-01,1.976000,1.976000,1.976000,1.976000,0.000000,1.976000
2025-07-02,1.976300,1.976300,1.976300,1.976300,0.000000,1.976300
2025-07-03,1.976400,1.976400,1.976400,1.976400,0.000000,1.976400
2025-07-07,1.978700,1.978700,1.978700,1.978700,0.000000,1.978700
2025-07-08,1.975100,1.975100,1.975100,1.975100,0.000000,1.975100
2025-07-09,1.974300,1.974300,1.974300,1.974300,0.000000,1.974300
2025-07-10,1.982000,1.982000,1.982000,1.982000,0.000000,1.982000
2025-07-11,1.982200,1.982200,1.982200,1.982200,0.000000,1.982200
2025-07-14,1.979800,1.979800,1.979800,1.979800,0.000000,1.979800
2025-07-15,1.982700,1.982700,1.982700,1.982700,0.000000,1.982700
2025-07-16,1.976400,1.976400,1.976400,1.976400,0.000000,1.976400
2025-07-17,1.976500,1.976500,1.976500,1.976500,0.000000,1.976500
2025-07-18,1.985000,1.985000,1.985000,1.985000,0.000000,1.985000
2025-07-21,1.981900,1.981900,1.981900,1.981900,0.000000,1.981900
2025-07-22,1.983700,1.983700,1.983700,1.983700,0.000000,1.983700
2025-07-23,1.991200,1.991200,1.991200,1.991200,0.000000,1.991200
2025-07-24,1.997700,1.997700,1.997700,1.997700,0.000000,1.997700
2025-07-25,1.995700,1.995700,1.995700,1.995700,0.000000,1.995700
2025-07-28,1.998600,1.998600,1.998600,1.998600,0.000000,1.998600
2025-07-29,1.995700,1.995700,1.995700,1.995700,0.000000,1.995700
2025-07-30,1.990700,1.990700,1.990700,1.990700,0.000000,1.990700
2025-07-31,1.990300,1.990300,1.990300,1.990300,0.000000,1.990300
2025-08-01,1.980700,1.980700,1.980700,1.980700,0.000000,1.980700
2025-08-04,,,,,,
2025-08-05,1.989500,1.989500,1.989500,1.989500,0.000000,1.989500
2025-08-06,1.985300,1.985300,1.985300,1.985300,0.000000,1.985300
2025-08-07,1.992700,1.992700,1.992700,1.992700,0.000000,1.992700
2025-08-08,1.994800,1.994800,1.994800,1.994800,0.000000,1.994800
2025-08-11,1.996800,1.996800,1.996800,1.996800,0.000000,1.996800
2025-08-12,1.995200,1.995200,1.995200,1.995200,0.000000,1.995200
2025-08-13,2.007400,2.007400,2.007400,2.007400,0.000000,2.007400
2025-08-14,2.009500,2.009500,2.009500,2.009500,0.000000,2.009500
2025-08-15,2.009900,2.009900,2.009900,2.009900,0.000000,2.009900
2025-08-18,2.006300,2.006300,2.006300,2.006300,0.000000,2.006300
2025-08-19,2.003600,2.003600,2.003600,2.003600,0.000000,2.003600
2025-08-20,1.997900,1.997900,1.997900,1.997900,0.000000,1.997900
2025-08-21,1.992600,1.992600,1.992600,1.992600,0.000000,1.992600
2025-08-22,1.992200,1.992200,1.992200,1.992200,0.000000,1.992200
2025-08-25,2.005800,2.005800,2.005800,2.005800,0.000000,2.005800
2025-08-26,1.999900,1.999900,1.999900,1.999900,0.000000,1.999900
2025-08-27,1.998900,1.998900,1.998900,1.998900,0.000000,1.998900
2025-08-28,2.000500,2.000500,2.000500,2.000500,0.000000,2.000500
2025-08-29,2.001100,2.001100,2.001100,2.001100,0.000000,2.001100
2025-09-02,1.996400,1.996400,1.996400,1.996400,0.000000,1.996400
2025-09-03,1.993500,1.993500,1.993500,1.993500,0.000000,1.993500
2025-09-04,2.000700,2.000700,2.000700,2.000700,0.000000,2.000700
2025-09-05,2.009000,2.009000,2.009000,2.009000,0.000000,2.009000
2025-09-08,2.012000,2.012000,2.012000,2.012000,0.000000,2.012000
2025-09-09,2.016400,2.016400,2.016400,2.016400,0.000000,2.016400
2025-09-10,2.022300,2.022300,2.022300,2.022300,0.000000,2.022300
2025-09-11,2.021700,2.021700,2.021700,2.021700,0.000000,2.021700
2025-09-12,2.031800,2.031800,2.031800,2.031800,0.000000,2.031800
2025-09-15,2.032700,2.032700,2.032700,2.032700,0.000000,2.032700
2025-09-16,2.037600,2.037600,2.037600,2.037600,0.000000,2.037600
2025-09-17,2.032900,2.032900,2.032900,2.032900,0.000000,2.032900
2025-09-18,2.036900,2.036900,2.036900,2.036900,0.000000,2.036900
2025-09-19,2.039200,2.039200,2.039200,2.039200,0.000000,2.039200
2025-09-22,2.044200,2.044200,2.044200,2.044200,0.000000,2.044200
2025-09-23,2.047600,2.047600,2.047600,2.047600,0.000000,2.047600
2025-09-24,2.044200,2.044200,2.044200,2.044200,0.000000,2.044200
2025-09-25,2.040500,2.040500,2.040500,2.040500,0.000000,2.040500
2025-09-26,2.033500,2.033500,2.033500,2.033500,0.000000,2.033500
2025-09-29,2.047800,2.047800,2.047800,2.047800,0.000000,2.047800
2025-09-30,2.050500,2.050500,2.050500,2.050500,0.000000,2.050500
2025-10-01,2.059600,2.059600,2.059600,2.059600,0.000000,2.059600
2025-10-02,2.065400,2.065400,2.065400,2.065400,0.000000,2.065400
2025-10-03,2.067500,2.067500,2.067500,2.067500,0.000000,2.067500
2025-10-06,2.068400,2.068400,2.068400,2.068400,0.000000,2.068400
2025-10-07,2.072300,2.072300,2.072300,2.072300,0.000000,2.072300
2025-10-08,2.072700,2.072700,2.072700,2.072700,0.000000,2.072700
2025-10-09,2.078000,2.078000,2.078000,2.078000,0.000000,2.078000
2025-10-10,2.072400,2.072400,2.072400,2.072400,0.000000,2.072400
2025-10-13,2.055000,2.055000,2.055000,2.055000,0.000000,2.055000
2025-10-14,2.062200,2.062200,2.062200,2.062200,0.000000,2.062200
2025-10-15,2.072600,2.072600,2.072600,2.072600,0.000000,2.072600
2025-10-16,2.079800,2.079800,2.079800,2.079800,0.000000,2.079800
2025-10-17,2.072200,2.072200,2.072200,2.072200,0.000000,2.072200
2025-10-20,2.077300,2.077300,2.077300,2.077300,0.000000,2.077300
2025-10-21,2.081700,2.081700,2.081700,2.081700,0.000000,2.081700
2025-10-22,2.073500,2.073500,2.073500,2.073500,0.000000,2.073500
2025-10-23,2.074100,2.074100,2.074100,2.074100,0.000000,2.074100
2025-10-24,2.076000,2.076000,2.076000,2.076000,0.000000,2.076000
2025-10-27,,,,,,
2025-10-28,2.084500,2.084500,2.084500,2.084500,0.000000,2.084500
2025-10-29,2.093300,2.093300,2.093300,2.093300,0.000000,2.093300
2025-10-30,2.090400,2.090400,2.090400,2.090400,0.000000,2.090400
2025-10-31,2.086100,2.086100,2.086100,2.086100,0.000000,2.086100
2025-11-03,2.088200,2.088200,2.088200,2.088200,0.000000,2.088200
2025-11-04,2.079900,2.079900,2.079900,2.079900,0.000000,2.079900
2025-11-05,2.074200,2.074200,2.074200,2.074200,0.000000,2.074200
2025-11-06,2.081000,2.081000,2.081000,2.081000,0.000000,2.081000
2025-11-07,2.070500,2.070500,2.070500,2.070500,0.000000,2.070500
2025-11-10,2.082000,2.082000,2.082000,2.082000,0.000000,2.082000
2025-11-11,2.094800,2.094800,2.094800,2.094800,0.000000,2.094800
2025-11-12,2.099800,2.099800,2.099800,2.099800,0.000000,2.099800
2025-11-13,2.106000,2.106000,2.106000,2.106000,0.000000,2.106000
2025-11-14,2.081000,2.081000,2.081000,2.081000,0.000000,2.081000
2025-11-17,2.079400,2.079400,2.079400,2.079400,0.000000,2.079400
2025-11-18,2.067200,2.067200,2.067200,2.067200,0.000000,2.067200
2025-11-19,2.068300,2.068300,2.068300,2.068300,0.000000,2.068300
2025-11-20,2.067600,2.067600,2.067600,2.067600,0.000000,2.067600
2025-11-21,2.046700,2.046700,2.046700,2.046700,0.000000,2.046700
2025-11-24,2.057000,2.057000,2.057000,2.057000,0.000000,2.057000
2025-11-25,2.069700,2.069700,2.069700,2.069700,0.000000,2.069700
2025-11-26,2.078500,2.078500,2.078500,2.078500,0.000000,2.078500
2025-11-28,2.088600,2.088600,2.088600,2.088600,0.000000,2.088600
2025-12-01,2.095600,2.095600,2.095600,2.095600,0.000000,2.095600
2025-12-02,2.091800,2.091800,2.091800,2.091800,0.000000,2.091800
2025-12-03,2.096000,2.096000,2.096000,2.096000,0.000000,2.096000
2025-12-04,2.097800,2.097800,2.097800,2.097800,0.000000,2.097800
2025-12-05,2.103300,2.103300,2.103300,2.103300,0.000000,2.103300
2025-12-08,2.096600,2.096600,2.096600,2.096600,0.000000,2.096600
2025-12-09,2.094000,2.094000,2.094000,2.094000,0.000000,2.094000
2025-12-10,2.090800,2.090800,2.090800,2.090800,0.000000,2.090800
2025-12-11,2.097700,2.097700,2.097700,2.097700,0.000000,2.097700
2025-12-12,2.110700,2.110700,2.110700,2.110700,0.000000,2.110700
2025-12-15,2.104300,2.104300,2.104300,2.104300,0.000000,2.104300
2025-12-16,2.094000,2.094000,2.094000,2.094000,0.000000,2.094000
2025-12-17,2.095600,2.095600,2.095600,2.095600,0.000000,2.095600
2025-12-18,2.089600,2.089600,2.089600,2.089600,0.000000,2.089600
2025-12-19,2.096300,2.096300,2.096300,2.096300,0.000000,2.096300
2025-12-22,2.108000,2.108000,2.108000,2.108000,0.000000,2.108000
2025-12-23,2.115700,2.115700,2.115700,2.115700,0.000000,2.115700
2025-12-24,2.122200,2.122200,2.122200,2.122200,0.000000,2.122200
2025-12-26,,,,,,
2025-12-29,,,,,,
2025-12-30,2.121400,2.121400,2.121400,2.121400,0.000000,2.121400
2025-12-31,2.117700,2.117700,2.117700,2.117700,0.000000,2.117700
2026-01-02,2.125100,2.125100,2.125100,2.125100,0.000000,2.125100
2026-01-05,2.135900,2.135900,2.135900,2.135900,0.000000,2.135900
2026-01-06,2.148500,2.148500,2.148500,2.148500,0.000000,2.148500
2026-01-07,2.151600,2.151600,2.151600,2.151600,0.000000,2.151600
2026-01-08,2.145700,2.145700,2.145700,2.145700,0.000000,2.145700
2026-01-09,2.154800,2.154800,2.154800,2.154800,0.000000,2.154800
2026-01-12,2.166500,2.166500,2.166500,2.166500,0.000000,2.166500
2026-01-13,2.172500,2.172500,2.172500,2.172500,0.000000,2.172500
2026-01-14,2.177300,2.177300,2.177300,2.177300,0.000000,2.177300
2026-01-15,2.181400,2.181400,2.181400,2.181400,0.000000,2.181400
2026-01-16,2.183100,2.183100,2.183100,2.183100,0.000000,2.183100
2026-01-20,2.178600,2.178600,2.178600,2.178600,0.000000,2.178600
2026-01-21,2.176200,2.176200,2.176200,2.176200,0.000000,2.176200
2026-01-22,2.186300,2.186300,2.186300,2.186300,0.000000,2.186300
2026-01-23,2.196300,2.196300,2.196300,2.196300,0.000000,2.196300
2026-01-26,2.210200,2.210200,2.210200,2.210200,0.000000,2.210200
2026-01-27,2.214200,2.214200,2.214200,2.214200,0.000000,2.214200
2026-01-28,2.232100,2.232100,2.232100,2.232100,0.000000,2.232100
2026-01-29,2.248300,2.248300,2.248300,2.248300,0.000000,2.248300
2026-01-30,2.229200,2.229200,2.229200,2.229200,0.000000,2.229200
2026-02-02,,,,,,
2026-02-03,2.214700,2.214700,2.214700,2.214700,0.000000,2.214700
2026-02-04,2.223100,2.223100,2.223100,2.223100,0.000000,2.223100
2026-02-05,2.199900,2.199900,2.199900,2.199900,0.000000,2.199900
2026-02-06,2.190000,2.190000,2.190000,2.190000,0.000000,2.190000
2026-02-09,2.208800,2.208800,2.208800,2.208800,0.000000,2.208800
2026-02-10,2.218400,2.218400,2.218400,2.218400,0.000000,2.218400
2026-02-11,2.219400,2.219400,2.219400,2.219400,0.000000,2.219400
2026-02-12,2.226500,2.226500,2.226500,2.226500,0.000000,2.226500
2026-02-13,2.204700,2.204700,2.204700,2.204700,0.000000,2.204700
2026-02-17,2.208100,2.208100,2.208100,2.208100,0.000000,2.208100
2026-02-18,2.212500,2.212500,2.212500,2.212500,0.000000,2.212500
2026-02-19,2.215000,2.215000,2.215000,2.215000,0.000000,2.215000
2026-02-20,2.219100,2.219100,2.219100,2.219100,0.000000,2.219100
2026-02-23,2.228600,2.228600,2.228600,2.228600,0.000000,2.228600
2026-02-24,2.224700,2.224700,2.224700,2.224700,0.000000,2.224700
2026-02-25,2.231800,2.231800,2.231800,2.231800,0.000000,2.231800
2026-02-26,2.238500,2.238500,2.238500,2.238500,0.000000,2.238500
2026-02-27,2.232600,2.232600,2.232600,2.232600,0.000000,2.232600
2026-03-02,2.228600,2.228600,2.228600,2.228600,0.000000,2.228600
2026-03-03,2.200200,2.200200,2.200200,2.200200,0.000000,2.200200
2026-03-04,2.191100,2.191100,2.191100,2.191100,0.000000,2.191100
2026-03-05,2.201400,2.201400,2.201400,2.201400,0.000000,2.201400
2026-03-06,2.184800,2.184800,2.184800,2.184800,0.000000,2.184800
2026-03-09,2.163900,2.163900,2.163900,2.163900,0.000000,2.163900
2026-03-10,2.189300,2.189300,2.189300,2.189300,0.000000,2.189300
2026-03-11,2.192100,2.192100,2.192100,2.192100,0.000000,2.192100
2026-03-12,2.191800,2.191800,2.191800,2.191800,0.000000,2.191800
2026-03-13,2.179300,2.179300,2.179300,2.179300,0.000000,2.179300
2026-03-16,2.172500,2.172500,2.172500,2.172500,0.000000,2.172500
2026-03-17,,,,,,
2026-03-18,2.184200,2.184200,2.184200,2.184200,0.000000,2.184200
2026-03-19,2.159900,2.159900,2.159900,2.159900,0.000000,2.159900
2026-03-20,2.162500,2.162500,2.162500,2.162500,0.000000,2.162500
2026-03-23,2.134700,2.134700,2.134700,2.134700,0.000000,2.134700
2026-03-24,2.141800,2.141800,2.141800,2.141800,0.000000,2.141800
2026-03-25,2.161800,2.161800,2.161800,2.161800,0.000000,2.161800
2026-03-26,2.150300,2.150300,2.150300,2.150300,0.000000,2.150300
2026-03-27,2.139400,2.139400,2.139400,2.139400,0.000000,2.139400
2026-03-30,2.143600,2.143600,2.143600,2.143600,0.000000,2.143600
2026-03-31,2.140600,2.140600,2.140600,2.140600,0.000000,2.140600
2026-04-01,2.171500,2.171500,2.171500,2.171500,0.000000,2.171500
2026-04-02,2.161600,2.161600,2.161600,2.161600,0.000000,2.161600
2026-04-06,,,,,,
2026-04-07,2.170100,2.170100,2.170100,2.170100,0.000000,2.170100
2026-04-08,2.193600,2.193600,2.193600,2.193600,0.000000,2.193600
2026-04-09,2.198400,2.198400,2.198400,2.198400,0.000000,2.198400
2026-04-10,2.207100,2.207100,2.207100,2.207100,0.000000,2.207100
2026-04-13,2.206000,2.206000,2.206000,2.206000,0.000000,2.206000
2026-04-14,2.216400,2.216400,2.216400,2.216400,0.000000,2.216400
2026-04-15,2.225800,2.225800,2.225800,2.225800,0.000000,2.225800
2026-04-16,2.226800,2.226800,2.226800,2.226800,0.000000,2.226800
2026-04-17,2.221800,2.221800,2.221800,2.221800,0.000000,2.221800
2026-04-20,2.224800,2.224800,2.224800,2.224800,0.000000,2.224800
2026-04-21,2.227400,2.227400,2.227400,2.227400,0.000000,2.227400
2026-04-22,2.224500,2.224500,2.224500,2.224500,0.000000,2.224500
2026-04-23,2.223900,2.223900,2.223900,2.223900,0.000000,2.223900
2026-04-24,2.223100,2.223100,2.223100,2.223100,0.000000,2.223100
2026-04-27,2.231600,2.231600,2.231600,2.231600,0.000000,2.231600
2026-04-28,2.223400,2.223400,2.223400,2.223400,0.000000,2.223400
2026-04-29,2.217800,2.217800,2.217800,2.217800,0.000000,2.217800
2026-04-30,2.222900,2.222900,2.222900,2.222900,0.000000,2.222900
2026-05-01,2.226400,2.226400,2.226400,2.226400,0.000000,2.226400
2026-05-04,,,,,,
2026-05-05,2.226700,2.226700,2.226700,2.226700,0.000000,2.226700
2026-05-06,2.242900,2.242900,2.242900,2.242900,0.000000,2.242900
2026-05-07,2.246500,2.246500,2.246500,2.246500,0.000000,2.246500
2026-05-08,2.231700,2.231700,2.231700,2.231700,0.000000,2.231700
2026-05-11,2.230300,2.230300,2.230300,2.230300,0.000000,2.230300
2026-05-12,2.234500,2.234500,2.234500,2.234500,0.000000,2.234500
2026-05-13,2.236200,2.236200,2.236200,2.236200,0.000000,2.236200
2026-05-14,2.240100,2.240100,2.240100,2.240100,0.000000,2.240100
2026-05-15,2.232300,2.232300,2.232300,2.232300,0.000000,2.232300
2026-05-18,2.226700,2.226700,2.226700,2.226700,0.000000,2.226700
2026-05-19,2.233600,2.233600,2.233600,2.233600,0.000000,2.233600
2026-05-20,2.228500,2.228500,2.228500,2.228500,0.000000,2.228500
2026-05-21,2.235200,2.235200,2.235200,2.235200,0.000000,2.235200
2026-05-22,2.237500,2.237500,2.237500,2.237500,0.000000,2.237500
2026-05-26,2.244900,2.244900,2.244900,2.244900,0.000000,2.244900
2026-05-27,2.241100,2.241100,2.241100,2.241100,0.000000,2.241100
2026-05-28,2.231300,2.231300,2.231300,2.231300,0.000000,2.231300
2026-05-29,2.245500,2.245500,2.245500,2.245500,0.000000,2.245500
2026-06-01,,,,,,
2026-06-02,2.247100,2.247100,2.247100,2.247100,0.000000,2.247100
2026-06-03,2.250900,2.250900,2.250900,2.250900,0.000000,2.250900
2026-06-04,2.249000,2.249000,2.249000,2.249000,0.000000,2.249000
2026-06-05,2.254300,2.254300,2.254300,2.254300,0.000000,2.254300
2026-06-08,2.221500,2.221500,2.221500,2.221500,0.000000,2.221500
2026-06-09,2.229200,2.229200,2.229200,2.229200,0.000000,2.229200
2026-06-10,2.215500,2.215500,2.215500,2.215500,0.000000,2.215500
2026-06-11,2.206800,2.206800,2.206800,2.206800,0.000000,2.206800
2026-06-12,2.224100,2.224100,2.224100,2.224100,0.000000,2.224100
2026-06-15,2.239000,2.239000,2.239000,2.239000,0.000000,2.239000
2026-06-16,2.244600,2.244600,2.244600,2.244600,0.000000,2.244600
2026-06-17,2.241700,2.241700,2.241700,2.241700,0.000000,2.241700
2026-06-18,2.228300,2.228300,2.228300,2.228300,0.000000,2.228300
2026-06-22,2.228300,2.228300,2.228300,2.228300,0.000000,2.228300
2026-06-23,2.222300,2.222300,2.222300,2.222300,0.000000,2.222300
2026-06-24,2.213200,2.213200,2.213200,2.213200,0.000000,2.213200
2026-06-25,2.211100,2.211100,2.211100,2.211100,0.000000,2.211100
2026-06-26,2.213600,2.213600,2.213600,2.213600,0.000000,2.213600
2026-06-29,2.206300,2.206300,2.206300,2.206300,0.000000,2.206300
2026-06-30,2.216200,2.216200,2.216200,2.216200,0.000000,2.216200
2026-07-01,2.216200,2.216200,2.216200,2.216200,0.000000,2.216200
2026-07-02,2.213800,2.213800,2.213800,2.213800,0.000000,2.213800
2026-07-06,2.222700,2.222700,2.222700,2.222700,0.000000,2.222700
2026-07-07,2.228300,2.228300,2.228300,2.228300,0.000000,2.228300
2026-07-08,2.214800,2.214800,2.214800,2.214800,0.000000,2.214800
2026-07-09,2.216100,2.216100,2.216100,2.216100,0.000000,2.216100
2026-07-10,2.221800,2.221800,2.221800,2.221800,0.000000,2.221800
2026-07-13,2.222100,2.222100,2.222100,2.222100,0.000000,2.222100
2026-07-14,2.215500,2.215500,2.215500,2.215500,0.000000,2.215500
2026-07-15,2.225700,2.225700,2.225700,2.225700,0.000000,2.225700
2026-07-16,2.222500,2.222500,2.222500,2.222500,0.000000,2.222500
2026-07-17,2.215500,2.215500,2.215500,2.215500,0.000000,2.215500
2026-07-20,2.216000,2.216000,2.216000,2.216000,0.000000,2.216000
2026-07-21,2.222300,2.222300,2.222300,2.222300,0.000000,2.222300
2026-07-22,2.237800,2.237800,2.237800,2.237800,0.000000,2.237800
2026-07-23,2.239400,2.239400,2.239400,2.239400,0.000000,2.239400
2026-07-24,2.228200,2.228200,2.228200,2.228200,0.000000,2.228200
2026-07-27,2.236800,2.236800,2.236800,2.236800,0.000000,2.236800
2026-07-28,2.225300,2.225300,2.225300,2.225300,0.000000,2.225300
2026-07-29,2.222800,2.222800,2.222800,2.222800,0.000000,2.222800
2026-07-30,2.221900,2.221900,2.221900,2.221900,0.000000,2.221900
2026-07-31,2.240400,2.240400,2.240400,2.240400,0.000000,2.240400
2026-08-03,,,,,,
2026-08-04,2.251900,2.251900,2.251900,2.251900,0.000000,2.251900
2026-08-05,2.268900,2.268900,2.268900,2.268900,0.000000,2.268900
2026-08-06,2.268500,2.268500,2.268500,2.268500,0.000000,2.268500
2026-08-07,2.271100,2.271100,2.271100,2.271100,0.000000,2.271100
2026-08-10,2.273900,2.273900,2.273900,2.273900,0.000000,2.273900
2026-08-11,2.282000,2.282000,2.282000,2.282000,0.000000,2.282000
2026-08-12,2.286600,2.286600,2.286600,2.286600,0.000000,2.286600
2026-08-13,2.287500,2.287500,2.287500,2.287500,0.000000,2.287500
2026-08-14,2.286200,2.286200,2.286200,2.286200,0.000000,2.286200
2026-08-17,2.292600,2.292600,2.292600,2.292600,0.000000,2.292600
