Date,Open,High,Low,Close,Volume,Adj Close
2019-04-26,10.031000,10.031000,10.031000,10.031000,0.000000,8.800066
2019-04-29,10.043000,10.043000,10.043000,10.043000,0.000000,8.810593
2019-04-30,10.072000,10.072000,10.072000,10.072000,0.000000,8.836034
2019-05-01,10.031000,10.031000,10.031000,10.031000,0.000000,8.800066
2019-05-02,9.975000,9.975000,9.975000,9.975000,0.000000,8.750937
2019-05-03,10.046000,10.046000,10.046000,10.046000,0.000000,8.813224
2019-05-06,,,,,,
2019-05-07,9.896000,9.896000,9.896000,9.896000,0.000000,8.681629
2019-05-08,9.888000,9.888000,9.888000,9.888000,0.000000,8.674612
2019-05-09,9.840000,9.840000,9.840000,9.840000,0.000000,8.632503
2019-05-10,9.865000,9.865000,9.865000,9.865000,0.000000,8.654434
2019-05-13,9.732000,9.732000,9.732000,9.732000,0.000000,8.537758
2019-05-14,9.769000,9.769000,9.769000,9.769000,0.000000,8.570215
2019-05-15,9.804000,9.804000,9.804000,9.804000,0.000000,8.600922
2019-05-16,9.879000,9.879000,9.879000,9.879000,0.000000,8.666717
2019-05-17,9.823000,9.823000,9.823000,9.823000,0.000000,8.617589
2019-05-20,9.784000,9.784000,9.784000,9.784000,0.000000,8.583374
2019-05-21,9.838000,9.838000,9.838000,9.838000,0.000000,8.630749
2019-05-22,9.811000,9.811000,9.811000,9.811000,0.000000,8.607061
2019-05-23,9.699000,9.699000,9.699000,9.699000,0.000000,8.508805
2019-05-24,9.750000,9.750000,9.750000,9.750000,0.000000,8.553547
2019-05-28,9.657000,9.657000,9.657000,9.657000,0.000000,8.471958
2019-05-29,9.561000,9.561000,9.561000,9.561000,0.000000,8.387740
2019-05-30,9.571000,9.571000,9.571000,9.571000,0.000000,8.396513
2019-05-31,9.509000,9.509000,9.509000,9.509000,0.000000,8.342120
2019-06-03,,,,,,
2019-06-04,9.675000,9.675000,9.675000,9.675000,0.000000,8.487751
2019-06-05,9.758000,9.758000,9.758000,9.758000,0.000000,8.560565
2019-06-06,9.825000,9.825000,9.825000,9.825000,0.000000,8.619344
2019-06-07,9.939000,9.939000,9.939000,9.939000,0.000000,8.719354
2019-06-10,9.976000,9.976000,9.976000,9.976000,0.000000,8.751815
2019-06-11,10.016000,10.016000,10.016000,10.016000,0.000000,8.786905
2019-06-12,10.003000,10.003000,10.003000,10.003000,0.000000,8.775499
2019-06-13,9.995000,9.995000,9.995000,9.995000,0.000000,8.768483
2019-06-14,9.918000,9.918000,9.918000,9.918000,0.000000,8.700931
2019-06-17,9.867000,9.867000,9.867000,9.867000,0.000000,8.656191
2019-06-18,9.970000,9.970000,9.970000,9.970000,0.000000,8.746550
2019-06-19,10.020000,10.020000,10.020000,10.020000,0.000000,8.790417
2019-06-20,10.114000,10.114000,10.114000,10.114000,0.000000,8.872881
2019-06-21,10.077000,10.077000,10.077000,10.077000,0.000000,8.840419
2019-06-24,10.115000,10.115000,10.115000,10.115000,0.000000,8.873755
2019-06-25,10.015000,10.015000,10.015000,10.015000,0.000000,8.786030
2019-06-26,9.951000,9.951000,9.951000,9.951000,0.000000,8.729882
2019-06-27,9.980000,9.980000,9.980000,9.980000,0.000000,8.755322
2019-06-28,10.020000,10.020000,10.020000,10.020000,0.000000,8.790417
2019-07-01,10.027000,10.027000,10.027000,10.027000,0.000000,8.860289
2019-07-02,10.069000,10.069000,10.069000,10.069000,0.000000,8.897402
2019-07-03,10.122000,10.122000,10.122000,10.122000,0.000000,8.944234
2019-07-05,10.042000,10.042000,10.042000,10.042000,0.000000,8.873542
2019-07-08,9.979000,9.979000,9.979000,9.979000,0.000000,8.817872
2019-07-09,9.925000,9.925000,9.925000,9.925000,0.000000,8.770155
2019-07-10,9.957000,9.957000,9.957000,9.957000,0.000000,8.798432
2019-07-11,9.982000,9.982000,9.982000,9.982000,0.000000,8.820525
2019-07-12,10.020000,10.020000,10.020000,10.020000,0.000000,8.854103
2019-07-15,10.034000,10.034000,10.034000,10.034000,0.000000,8.866477
2019-07-16,10.022000,10.022000,10.022000,10.022000,0.000000,8.855871
2019-07-17,9.983000,9.983000,9.983000,9.983000,0.000000,8.821408
2019-07-18,10.037000,10.037000,10.037000,10.037000,0.000000,8.869125
2019-07-19,10.044000,10.044000,10.044000,10.044000,0.000000,8.875312
2019-07-22,10.055000,10.055000,10.055000,10.055000,0.000000,8.885033
2019-07-23,10.095000,10.095000,10.095000,10.095000,0.000000,8.920377
2019-07-24,10.117000,10.117000,10.117000,10.117000,0.000000,8.939816
2019-07-25,10.095000,10.095000,10.095000,10.095000,0.000000,8.920377
2019-07-26,10.091000,10.091000,10.091000,10.091000,0.000000,8.916842
2019-07-29,10.108000,10.108000,10.108000,10.108000,0.000000,8.931865
2019-07-30,10.045000,10.045000,10.045000,10.045000,0.000000,8.876195
2019-07-31,9.971000,9.971000,9.971000,9.971000,0.000000,8.810803
2019-08-01,9.940000,9.940000,9.940000,9.940000,0.000000,8.783413
2019-08-02,9.826000,9.826000,9.826000,9.826000,0.000000,8.682675
2019-08-05,,,,,,
2019-08-06,9.636000,9.636000,9.636000,9.636000,0.000000,8.514784
2019-08-07,9.680000,9.680000,9.680000,9.680000,0.000000,8.553664
2019-08-08,9.829000,9.829000,9.829000,9.829000,0.000000,8.685328
2019-08-09,9.800000,9.800000,9.800000,9.800000,0.000000,8.659699
2019-08-12,9.750000,9.750000,9.750000,9.750000,0.000000,8.615519
2019-08-13,9.800000,9.800000,9.800000,9.800000,0.000000,8.659699
2019-08-14,9.622000,9.622000,9.622000,9.622000,0.000000,8.502412
2019-08-15,9.582000,9.582000,9.582000,9.582000,0.000000,8.467068
2019-08-16,9.702000,9.702000,9.702000,9.702000,0.000000,8.573103
2019-08-19,9.805000,9.805000,9.805000,9.805000,0.000000,8.664121
2019-08-20,9.764000,9.764000,9.764000,9.764000,0.000000,8.627890
2019-08-21,9.854000,9.854000,9.854000,9.854000,0.000000,8.707417
2019-08-22,9.810000,9.810000,9.810000,9.810000,0.000000,8.668537
2019-08-23,9.662000,9.662000,9.662000,9.662000,0.000000,8.537761
2019-08-26,,,,,,
2019-08-27,9.711000,9.711000,9.711000,9.711000,0.000000,8.581058
2019-08-28,9.725000,9.725000,9.725000,9.725000,0.000000,8.593430
2019-08-29,9.829000,9.829000,9.829000,9.829000,0.000000,8.685328
2019-08-30,9.860000,9.860000,9.860000,9.860000,0.000000,8.712720
2019-09-03,9.810000,9.810000,9.810000,9.810000,0.000000,8.668537
2019-09-04,9.916000,9.916000,9.916000,9.916000,0.000000,8.762204
2019-09-05,10.015000,10.015000,10.015000,10.015000,0.000000,8.849684
2019-09-06,10.059000,10.059000,10.059000,10.059000,0.000000,8.888564
2019-09-09,10.014000,10.014000,10.014000,10.014000,0.000000,8.848801
2019-09-10,10.031000,10.031000,10.031000,10.031000,0.000000,8.863824
2019-09-11,10.099000,10.099000,10.099000,10.099000,0.000000,8.923912
2019-09-12,10.134000,10.134000,10.134000,10.134000,0.000000,8.954839
2019-09-13,10.150000,10.150000,10.150000,10.150000,0.000000,8.968977
2019-09-16,10.051000,10.051000,10.051000,10.051000,0.000000,8.881495
2019-09-17,10.131000,10.131000,10.131000,10.131000,0.000000,8.952187
2019-09-18,10.158000,10.158000,10.158000,10.158000,0.000000,8.976046
2019-09-19,10.159000,10.159000,10.159000,10.159000,0.000000,8.976929
2019-09-20,10.108000,10.108000,10.108000,10.108000,0.000000,8.931865
2019-09-23,10.093000,10.093000,10.093000,10.093000,0.000000,8.918610
2019-09-24,10.065000,10.065000,10.065000,10.065000,0.000000,8.893867
2019-09-25,10.045000,10.045000,10.045000,10.045000,0.000000,8.876195
2019-09-26,10.062000,10.062000,10.062000,10.062000,0.000000,8.891215
2019-09-27,10.065000,10.065000,10.065000,10.065000,0.000000,8.893867
2019-09-30,10.088000,10.088000,10.088000,10.088000,0.000000,8.914191
2019-10-01,9.988000,9.988000,9.988000,9.988000,0.000000,8.825826
2019-10-02,9.811000,9.811000,9.811000,9.811000,0.000000,8.669421
2019-10-03,9.867000,9.867000,9.867000,9.867000,0.000000,8.718906
2019-10-04,9.975000,9.975000,9.975000,9.975000,0.000000,8.814340
2019-10-07,9.987000,9.987000,9.987000,9.987000,0.000000,8.824942
2019-10-08,9.857000,9.857000,9.857000,9.857000,0.000000,8.710071
2019-10-09,9.921000,9.921000,9.921000,9.921000,0.000000,8.766623
2019-10-10,9.990000,9.990000,9.990000,9.990000,0.000000,8.827595
2019-10-11,10.108000,10.108000,10.108000,10.108000,0.000000,8.931865
2019-10-14,10.087000,10.087000,10.087000,10.087000,0.000000,8.913305
2019-10-15,10.171000,10.171000,10.171000,10.171000,0.000000,8.987533
2019-10-16,10.180000,10.180000,10.180000,10.180000,0.000000,8.995485
2019-10-17,10.217000,10.217000,10.217000,10.217000,0.000000,9.028181
2019-10-18,10.170000,10.170000,10.170000,10.170000,0.000000,8.986649
2019-10-21,10.203000,10.203000,10.203000,10.203000,0.000000,9.015810
2019-10-22,10.214000,10.214000,10.214000,10.214000,0.000000,9.025530
2019-10-23,10.208000,10.208000,10.208000,10.208000,0.000000,9.020227
2019-10-24,10.248000,10.248000,10.248000,10.248000,0.000000,9.055573
2019-10-25,10.277000,10.277000,10.277000,10.277000,0.000000,9.081200
2019-10-28,,,,,,
2019-10-29,10.349000,10.349000,10.349000,10.349000,0.000000,9.144822
2019-10-30,10.412000,10.412000,10.412000,10.412000,0.000000,9.200491
2019-10-31,10.378000,10.378000,10.378000,10.378000,0.000000,9.170446
2019-11-01,10.435000,10.435000,10.435000,10.435000,0.000000,9.220814
2019-11-04,10.491000,10.491000,10.491000,10.491000,0.000000,9.270299
2019-11-05,10.479000,10.479000,10.479000,10.479000,0.000000,9.259694
2019-11-06,10.545000,10.545000,10.545000,10.545000,0.000000,9.318016
2019-11-07,10.535000,10.535000,10.535000,10.535000,0.000000,9.309178
2019-11-08,10.547000,10.547000,10.547000,10.547000,0.000000,9.319782
2019-11-11,10.516000,10.516000,10.516000,10.516000,0.000000,9.292388
2019-11-12,10.528000,10.528000,10.528000,10.528000,0.000000,9.302995
2019-11-13,10.521000,10.521000,10.521000,10.521000,0.000000,9.296808
2019-11-14,10.484000,10.484000,10.484000,10.484000,0.000000,9.264113
2019-11-15,10.544000,10.544000,10.544000,10.544000,0.000000,9.317132
2019-11-18,10.574000,10.574000,10.574000,10.574000,0.000000,9.343642
2019-11-19,10.595000,10.595000,10.595000,10.595000,0.000000,9.362196
2019-11-20,10.528000,10.528000,10.528000,10.528000,0.000000,9.302995
2019-11-21,10.505000,10.505000,10.505000,10.505000,0.000000,9.282669
2019-11-22,10.510000,10.510000,10.510000,10.510000,0.000000,9.287088
2019-11-25,10.589000,10.589000,10.589000,10.589000,0.000000,9.356894
2019-11-26,10.614000,10.614000,10.614000,10.614000,0.000000,9.378986
2019-11-27,10.662000,10.662000,10.662000,10.662000,0.000000,9.421401
2019-11-29,10.627000,10.627000,10.627000,10.627000,0.000000,9.390474
2019-12-02,10.541000,10.541000,10.541000,10.541000,0.000000,9.314480
2019-12-03,10.472000,10.472000,10.472000,10.472000,0.000000,9.253508
2019-12-04,10.545000,10.545000,10.545000,10.545000,0.000000,9.318016
2019-12-05,10.573000,10.573000,10.573000,10.573000,0.000000,9.342758
2019-12-06,10.660000,10.660000,10.660000,10.660000,0.000000,9.419635
2019-12-09,10.644000,10.644000,10.644000,10.644000,0.000000,9.405496
2019-12-10,10.606000,10.606000,10.606000,10.606000,0.000000,9.371917
2019-12-11,10.659000,10.659000,10.659000,10.659000,0.000000,9.418750
2019-12-12,10.747000,10.747000,10.747000,10.747000,0.000000,9.496511
2019-12-13,10.782000,10.782000,10.782000,10.782000,0.000000,9.527438
2019-12-16,10.889000,10.889000,10.889000,10.889000,0.000000,9.621987
2019-12-17,10.828000,10.828000,10.828000,10.828000,0.000000,9.568087
2019-12-18,10.813000,10.813000,10.813000,10.813000,0.000000,9.554832
2019-12-19,10.841000,10.841000,10.841000,10.841000,0.000000,9.579572
2019-12-20,10.911000,10.911000,10.911000,10.911000,0.000000,9.641430
2019-12-23,10.910000,10.910000,10.910000,10.910000,0.000000,9.640544
2019-12-24,10.914000,10.914000,10.914000,10.914000,0.000000,9.644079
2019-12-26,,,,,,
2019-12-27,,,,,,
2019-12-30,10.921000,10.921000,10.921000,10.921000,0.000000,9.650265
2019-12-31,10.937000,10.937000,10.937000,10.937000,0.000000,9.664404
2020-01-02,10.944000,10.944000,10.944000,10.944000,0.000000,9.670590
2020-01-03,10.893000,10.893000,10.893000,10.893000,0.000000,9.625523
2020-01-06,10.913000,10.913000,10.913000,10.913000,0.000000,9.643195
2020-01-07,10.902000,10.902000,10.902000,10.902000,0.000000,9.633478
2020-01-08,10.905000,10.905000,10.905000,10.905000,0.000000,9.636127
2020-01-09,10.952000,10.952000,10.952000,10.952000,0.000000,9.677657
2020-01-10,10.931000,10.931000,10.931000,10.931000,0.000000,9.659101
2020-01-13,10.957000,10.957000,10.957000,10.957000,0.000000,9.682076
2020-01-14,10.960000,10.960000,10.960000,10.960000,0.000000,9.684728
2020-01-15,11.031000,11.031000,11.031000,11.031000,0.000000,9.747467
2020-01-16,11.069000,11.069000,11.069000,11.069000,0.000000,9.781046
2020-01-17,11.096000,11.096000,11.096000,11.096000,0.000000,9.804902
2020-01-21,11.058000,11.058000,11.058000,11.058000,0.000000,9.771324
2020-01-22,11.080000,11.080000,11.080000,11.080000,0.000000,9.790765
2020-01-23,11.001000,11.001000,11.001000,11.001000,0.000000,9.720957
2020-01-24,11.018000,11.018000,11.018000,11.018000,0.000000,9.735979
2020-01-27,10.843000,10.843000,10.843000,10.843000,0.000000,9.581342
2020-01-28,10.910000,10.910000,10.910000,10.910000,0.000000,9.640544
2020-01-29,10.923000,10.923000,10.923000,10.923000,0.000000,9.652033
2020-01-30,10.910000,10.910000,10.910000,10.910000,0.000000,9.640544
2020-01-31,10.817000,10.817000,10.817000,10.817000,0.000000,9.558366
2020-02-03,10.849000,10.849000,10.849000,10.849000,0.000000,9.586642
2020-02-04,11.026000,11.026000,11.026000,11.026000,0.000000,9.743048
2020-02-05,11.101000,11.101000,11.101000,11.101000,0.000000,9.809321
2020-02-06,11.125000,11.125000,11.125000,11.125000,0.000000,9.830528
2020-02-07,11.071000,11.071000,11.071000,11.071000,0.000000,9.782812
2020-02-10,11.090000,11.090000,11.090000,11.090000,0.000000,9.799601
2020-02-11,11.138000,11.138000,11.138000,11.138000,0.000000,9.842015
2020-02-12,11.162000,11.162000,11.162000,11.162000,0.000000,9.863223
2020-02-13,11.112000,11.112000,11.112000,11.112000,0.000000,9.819040
2020-02-14,11.087000,11.087000,11.087000,11.087000,0.000000,9.796949
2020-02-18,11.047000,11.047000,11.047000,11.047000,0.000000,9.761605
2020-02-19,11.095000,11.095000,11.095000,11.095000,0.000000,9.804020
2020-02-20,11.068000,11.068000,11.068000,11.068000,0.000000,9.780161
2020-02-21,11.035000,11.035000,11.035000,11.035000,0.000000,9.751000
2020-02-24,10.691000,10.691000,10.691000,10.691000,0.000000,9.447026
2020-02-25,10.491000,10.491000,10.491000,10.491000,0.000000,9.270299
2020-02-26,10.458000,10.458000,10.458000,10.458000,0.000000,9.241139
2020-02-27,10.097000,10.097000,10.097000,10.097000,0.000000,8.922143
2020-02-28,9.841000,9.841000,9.841000,9.841000,0.000000,8.695932
2020-03-02,10.121000,10.121000,10.121000,10.121000,0.000000,8.943350
2020-03-03,10.101000,10.101000,10.101000,10.101000,0.000000,8.925678
2020-03-04,10.396000,10.396000,10.396000,10.396000,0.000000,9.186353
2020-03-05,10.221000,10.221000,10.221000,10.221000,0.000000,9.031715
2020-03-06,10.043000,10.043000,10.043000,10.043000,0.000000,8.874426
2020-03-09,9.497000,9.497000,9.497000,9.497000,0.000000,8.391956
2020-03-10,9.621000,9.621000,9.621000,9.621000,0.000000,8.501530
2020-03-11,9.323000,9.323000,9.323000,9.323000,0.000000,8.238202
2020-03-12,8.417000,8.417000,8.417000,8.417000,0.000000,7.437623
2020-03-13,8.809000,8.809000,8.809000,8.809000,0.000000,7.784010
2020-03-16,8.156000,8.156000,8.156000,8.156000,0.000000,7.206992
2020-03-17,,,,,,
2020-03-18,8.000000,8.000000,8.000000,8.000000,0.000000,7.069144
2020-03-19,8.085000,8.085000,8.085000,8.085000,0.000000,7.144254
2020-03-20,7.853000,7.853000,7.853000,7.853000,0.000000,6.939249
2020-03-23,7.496000,7.496000,7.496000,7.496000,0.000000,6.623787
2020-03-24,8.109000,8.109000,8.109000,8.109000,0.000000,7.165462
2020-03-25,8.355000,8.355000,8.355000,8.355000,0.000000,7.382837
2020-03-26,8.838000,8.838000,8.838000,8.838000,0.000000,7.809638
2020-03-27,8.614000,8.614000,8.614000,8.614000,0.000000,7.611701
2020-03-30,8.858000,8.858000,8.858000,8.858000,0.000000,7.827310
2020-03-31,8.807000,8.807000,8.807000,8.807000,0.000000,7.782244
2020-04-01,8.548000,8.548000,8.548000,8.548000,0.000000,7.553381
2020-04-02,8.660000,8.660000,8.660000,8.660000,0.000000,7.652349
2020-04-03,8.604000,8.604000,8.604000,8.604000,0.000000,7.602864
2020-04-06,8.976000,8.976000,8.976000,8.976000,0.000000,7.931581
2020-04-07,8.998000,8.998000,8.998000,8.998000,0.000000,7.951019
2020-04-08,9.112000,9.112000,9.112000,9.112000,0.000000,8.051756
2020-04-09,9.254000,9.254000,9.254000,9.254000,0.000000,8.177232
2020-04-13,,,,,,
2020-04-14,9.400000,9.400000,9.400000,9.400000,0.000000,8.306244
2020-04-15,9.214000,9.214000,9.214000,9.214000,0.000000,8.141887
2020-04-16,9.263000,9.263000,9.263000,9.263000,0.000000,8.185185
2020-04-17,9.493000,9.493000,9.493000,9.493000,0.000000,8.388423
2020-04-20,9.458000,9.458000,9.458000,9.458000,0.000000,8.357496
2020-04-21,9.174000,9.174000,9.174000,9.174000,0.000000,8.106541
2020-04-22,9.298000,9.298000,9.298000,9.298000,0.000000,8.216113
2020-04-23,9.295000,9.295000,9.295000,9.295000,0.000000,8.213462
2020-04-24,9.342000,9.342000,9.342000,9.342000,0.000000,8.254992
2020-04-27,9.512000,9.512000,9.512000,9.512000,0.000000,8.405213
2020-04-28,9.552000,9.552000,9.552000,9.552000,0.000000,8.440558
2020-04-29,9.669000,9.669000,9.669000,9.669000,0.000000,8.543943
2020-04-30,9.588000,9.588000,9.588000,9.588000,0.000000,8.472369
2020-05-01,9.431000,9.431000,9.431000,9.431000,0.000000,8.333637
2020-05-04,,,,,,
2020-05-05,9.400000,9.400000,9.400000,9.400000,0.000000,8.306244
2020-05-06,9.333000,9.333000,9.333000,9.333000,0.000000,8.247042
2020-05-07,9.411000,9.411000,9.411000,9.411000,0.000000,8.315966
2020-05-08,,,,,,
2020-05-11,9.563000,9.563000,9.563000,9.563000,0.000000,8.450278
2020-05-12,9.500000,9.500000,9.500000,9.500000,0.000000,8.394608
2020-05-13,9.352000,9.352000,9.352000,9.352000,0.000000,8.263828
2020-05-14,9.329000,9.329000,9.329000,9.329000,0.000000,8.243505
2020-05-15,9.370000,9.370000,9.370000,9.370000,0.000000,8.279736
2020-05-18,9.660000,9.660000,9.660000,9.660000,0.000000,8.535992
2020-05-19,9.564000,9.564000,9.564000,9.564000,0.000000,8.451162
2020-05-20,9.662000,9.662000,9.662000,9.662000,0.000000,8.537761
2020-05-21,9.593000,9.593000,9.593000,9.593000,0.000000,8.476789
2020-05-22,9.556000,9.556000,9.556000,9.556000,0.000000,8.444094
2020-05-26,9.739000,9.739000,9.739000,9.739000,0.000000,8.605798
2020-05-27,9.782000,9.782000,9.782000,9.782000,0.000000,8.643794
2020-05-28,9.872000,9.872000,9.872000,9.872000,0.000000,8.723324
2020-05-29,9.861000,9.861000,9.861000,9.861000,0.000000,8.713604
2020-06-01,,,,,,
2020-06-02,9.981000,9.981000,9.981000,9.981000,0.000000,8.819640
2020-06-03,10.210000,10.210000,10.210000,10.210000,0.000000,9.021994
2020-06-04,10.226000,10.226000,10.226000,10.226000,0.000000,9.036133
2020-06-05,10.441000,10.441000,10.441000,10.441000,0.000000,9.226117
2020-06-08,10.462000,10.462000,10.462000,10.462000,0.000000,9.244671
2020-06-09,10.392000,10.392000,10.392000,10.392000,0.000000,9.182818
2020-06-10,10.389000,10.389000,10.389000,10.389000,0.000000,9.180167
2020-06-11,9.940000,9.940000,9.940000,9.940000,0.000000,8.783413
2020-06-12,9.934000,9.934000,9.934000,9.934000,0.000000,8.778110
2020-06-15,9.970000,9.970000,9.970000,9.970000,0.000000,8.809921
2020-06-16,10.187000,10.187000,10.187000,10.187000,0.000000,9.001673
2020-06-17,10.220000,10.220000,10.220000,10.220000,0.000000,9.030831
2020-06-18,10.187000,10.187000,10.187000,10.187000,0.000000,9.001673
2020-06-19,10.194000,10.194000,10.194000,10.194000,0.000000,9.007856
2020-06-22,10.186000,10.186000,10.186000,10.186000,0.000000,9.000787
2020-06-23,10.262000,10.262000,10.262000,10.262000,0.000000,9.067945
2020-06-24,9.994000,9.994000,9.994000,9.994000,0.000000,8.831127
2020-06-25,10.066000,10.066000,10.066000,10.066000,0.000000,8.894751
2020-06-26,9.975000,9.975000,9.975000,9.975000,0.000000,8.814340
2020-06-29,10.048000,10.048000,10.048000,10.048000,0.000000,8.878845
2020-06-30,10.117000,10.117000,10.117000,10.117000,0.000000,8.939816
2020-07-01,10.006000,10.006000,10.006000,10.006000,0.000000,8.962813
2020-07-02,10.089000,10.089000,10.089000,10.089000,0.000000,9.037160
2020-07-06,10.207000,10.207000,10.207000,10.207000,0.000000,9.142859
2020-07-07,10.102000,10.102000,10.102000,10.102000,0.000000,9.048806
2020-07-08,10.163000,10.163000,10.163000,10.163000,0.000000,9.103448
2020-07-09,10.064000,10.064000,10.064000,10.064000,0.000000,9.014769
2020-07-10,10.106000,10.106000,10.106000,10.106000,0.000000,9.052389
2020-07-13,10.123000,10.123000,10.123000,10.123000,0.000000,9.067616
2020-07-14,10.178000,10.178000,10.178000,10.178000,0.000000,9.116884
2020-07-15,10.326000,10.326000,10.326000,10.326000,0.000000,9.249454
2020-07-16,10.256000,10.256000,10.256000,10.256000,0.000000,9.186750
2020-07-17,10.300000,10.300000,10.300000,10.300000,0.000000,9.226164
2020-07-20,10.310000,10.310000,10.310000,10.310000,0.000000,9.235122
2020-07-21,10.378000,10.378000,10.378000,10.378000,0.000000,9.296030
2020-07-22,10.410000,10.410000,10.410000,10.410000,0.000000,9.324696
2020-07-23,10.446000,10.446000,10.446000,10.446000,0.000000,9.356941
2020-07-24,10.375000,10.375000,10.375000,10.375000,0.000000,9.293344
2020-07-27,10.497000,10.497000,10.497000,10.497000,0.000000,9.402624
2020-07-28,10.475000,10.475000,10.475000,10.475000,0.000000,9.382919
2020-07-29,10.590000,10.590000,10.590000,10.590000,0.000000,9.485928
2020-07-30,10.469000,10.469000,10.469000,10.469000,0.000000,9.377544
2020-07-31,10.400000,10.400000,10.400000,10.400000,0.000000,9.315738
2020-08-03,,,,,,
2020-08-04,10.453000,10.453000,10.453000,10.453000,0.000000,9.363214
2020-08-05,10.552000,10.552000,10.552000,10.552000,0.000000,9.451891
2020-08-06,10.485000,10.485000,10.485000,10.485000,0.000000,9.391875
2020-08-07,10.503000,10.503000,10.503000,10.503000,0.000000,9.408000
2020-08-10,10.554000,10.554000,10.554000,10.554000,0.000000,9.453683
2020-08-11,10.589000,10.589000,10.589000,10.589000,0.000000,9.485034
2020-08-12,10.731000,10.731000,10.731000,10.731000,0.000000,9.612229
2020-08-13,10.676000,10.676000,10.676000,10.676000,0.000000,9.562962
2020-08-14,10.641000,10.641000,10.641000,10.641000,0.000000,9.531611
2020-08-17,10.698000,10.698000,10.698000,10.698000,0.000000,9.582670
2020-08-18,10.710000,10.710000,10.710000,10.710000,0.000000,9.593419
2020-08-19,10.702000,10.702000,10.702000,10.702000,0.000000,9.586251
2020-08-20,10.633000,10.633000,10.633000,10.633000,0.000000,9.524446
2020-08-21,10.611000,10.611000,10.611000,10.611000,0.000000,9.504740
2020-08-24,10.761000,10.761000,10.761000,10.761000,0.000000,9.639102
2020-08-25,10.751000,10.751000,10.751000,10.751000,0.000000,9.630143
2020-08-26,10.775000,10.775000,10.775000,10.775000,0.000000,9.651642
2020-08-27,10.766000,10.766000,10.766000,10.766000,0.000000,9.643580
2020-08-28,10.797000,10.797000,10.797000,10.797000,0.000000,9.671348
2020-08-31,,,,,,
2020-09-01,10.739000,10.739000,10.739000,10.739000,0.000000,9.619394
2020-09-02,10.883000,10.883000,10.883000,10.883000,0.000000,9.748382
2020-09-03,10.669000,10.669000,10.669000,10.669000,0.000000,9.556691
2020-09-04,10.579000,10.579000,10.579000,10.579000,0.000000,9.476076
2020-09-08,10.483000,10.483000,10.483000,10.483000,0.000000,9.390086
2020-09-09,10.670000,10.670000,10.670000,10.670000,0.000000,9.557590
2020-09-10,10.573000,10.573000,10.573000,10.573000,0.000000,9.470701
2020-09-11,10.612000,10.612000,10.612000,10.612000,0.000000,9.505635
2020-09-14,10.719000,10.719000,10.719000,10.719000,0.000000,9.601481
2020-09-15,10.808000,10.808000,10.808000,10.808000,0.000000,9.681201
2020-09-16,10.820000,10.820000,10.820000,10.820000,0.000000,9.691950
2020-09-17,10.778000,10.778000,10.778000,10.778000,0.000000,9.654328
2020-09-18,10.736000,10.736000,10.736000,10.736000,0.000000,9.616708
2020-09-21,10.479000,10.479000,10.479000,10.479000,0.000000,9.386502
2020-09-22,10.535000,10.535000,10.535000,10.535000,0.000000,9.436662
2020-09-23,10.479000,10.479000,10.479000,10.479000,0.000000,9.386502
2020-09-24,10.423000,10.423000,10.423000,10.423000,0.000000,9.336342
2020-09-25,10.475000,10.475000,10.475000,10.475000,0.000000,9.382919
2020-09-28,10.659000,10.659000,10.659000,10.659000,0.000000,9.547735
2020-09-29,10.628000,10.628000,10.628000,10.628000,0.000000,9.519968
2020-09-30,10.661000,10.661000,10.661000,10.661000,0.000000,9.549526
2020-10-01,10.685000,10.685000,10.685000,10.685000,0.000000,9.571025
2020-10-02,10.676000,10.676000,10.676000,10.676000,0.000000,9.562962
2020-10-05,10.839000,10.839000,10.839000,10.839000,0.000000,9.708970
2020-10-06,10.760000,10.760000,10.760000,10.760000,0.000000,9.638206
2020-10-07,10.832000,10.832000,10.832000,10.832000,0.000000,9.702700
2020-10-08,10.922000,10.922000,10.922000,10.922000,0.000000,9.783317
2020-10-09,11.016000,11.016000,11.016000,11.016000,0.000000,9.867517
2020-10-12,,,,,,
2020-10-13,11.023000,11.023000,11.023000,11.023000,0.000000,9.873785
2020-10-14,11.015000,11.015000,11.015000,11.015000,0.000000,9.866621
2020-10-15,10.913000,10.913000,10.913000,10.913000,0.000000,9.775254
2020-10-16,10.972000,10.972000,10.972000,10.972000,0.000000,9.828104
2020-10-19,10.854000,10.854000,10.854000,10.854000,0.000000,9.722405
2020-10-20,10.873000,10.873000,10.873000,10.873000,0.000000,9.739426
2020-10-21,10.802000,10.802000,10.802000,10.802000,0.000000,9.675825
2020-10-22,10.827000,10.827000,10.827000,10.827000,0.000000,9.698219
2020-10-23,10.856000,10.856000,10.856000,10.856000,0.000000,9.724196
2020-10-26,,,,,,
2020-10-27,10.573000,10.573000,10.573000,10.573000,0.000000,9.470701
2020-10-28,10.233000,10.233000,10.233000,10.233000,0.000000,9.166149
2020-10-29,10.215000,10.215000,10.215000,10.215000,0.000000,9.150024
2020-10-30,10.181000,10.181000,10.181000,10.181000,0.000000,9.119571
2020-11-02,10.347000,10.347000,10.347000,10.347000,0.000000,9.268263
2020-11-03,10.567000,10.567000,10.567000,10.567000,0.000000,9.465326
2020-11-04,10.720000,10.720000,10.720000,10.720000,0.000000,9.602375
2020-11-05,10.872000,10.872000,10.872000,10.872000,0.000000,9.738528
2020-11-06,10.900000,10.900000,10.900000,10.900000,0.000000,9.763609
2020-11-09,11.124000,11.124000,11.124000,11.124000,0.000000,9.964255
2020-11-10,11.229000,11.229000,11.229000,11.229000,0.000000,10.058310
2020-11-11,,,,,,
2020-11-12,11.195000,11.195000,11.195000,11.195000,0.000000,10.027854
2020-11-13,11.314000,11.314000,11.314000,11.314000,0.000000,10.134448
2020-11-16,11.485000,11.485000,11.485000,11.485000,0.000000,10.287620
2020-11-17,11.452000,11.452000,11.452000,11.452000,0.000000,10.258060
2020-11-18,11.458000,11.458000,11.458000,11.458000,0.000000,10.263435
2020-11-19,11.426000,11.426000,11.426000,11.426000,0.000000,10.234772
2020-11-20,11.403000,11.403000,11.403000,11.403000,0.000000,10.214169
2020-11-23,11.414000,11.414000,11.414000,11.414000,0.000000,10.224021
2020-11-24,11.514000,11.514000,11.514000,11.514000,0.000000,10.313597
2020-11-25,11.506000,11.506000,11.506000,11.506000,0.000000,10.306430
2020-11-27,11.561000,11.561000,11.561000,11.561000,0.000000,10.355697
2020-11-30,11.482000,11.482000,11.482000,11.482000,0.000000,10.284932
2020-12-01,11.553000,11.553000,11.553000,11.553000,0.000000,10.348531
2020-12-02,11.555000,11.555000,11.555000,11.555000,0.000000,10.350322
2020-12-03,11.582000,11.582000,11.582000,11.582000,0.000000,10.374509
2020-12-04,11.657000,11.657000,11.657000,11.657000,0.000000,10.441687
2020-12-07,11.626000,11.626000,11.626000,11.626000,0.000000,10.413920
2020-12-08,11.697000,11.697000,11.697000,11.697000,0.000000,10.477516
2020-12-09,11.703000,11.703000,11.703000,11.703000,0.000000,10.482892
2020-12-10,11.666000,11.666000,11.666000,11.666000,0.000000,10.449750
2020-12-11,11.634000,11.634000,11.634000,11.634000,0.000000,10.421085
2020-12-14,11.582000,11.582000,11.582000,11.582000,0.000000,10.374509
2020-12-15,11.678000,11.678000,11.678000,11.678000,0.000000,10.460498
2020-12-16,11.783000,11.783000,11.783000,11.783000,0.000000,10.554552
2020-12-17,11.825000,11.825000,11.825000,11.825000,0.000000,10.592173
2020-12-18,11.812000,11.812000,11.812000,11.812000,0.000000,10.580529
2020-12-21,11.686000,11.686000,11.686000,11.686000,0.000000,10.467665
2020-12-22,11.690000,11.690000,11.690000,11.690000,0.000000,10.471248
2020-12-23,11.716000,11.716000,11.716000,11.716000,0.000000,10.494536
2020-12-24,11.753000,11.753000,11.753000,11.753000,0.000000,10.527679
2020-12-28,,,,,,
2020-12-29,,,,,,
2020-12-30,11.928000,11.928000,11.928000,11.928000,0.000000,10.684435
2020-12-31,11.928000,11.928000,11.928000,11.928000,0.000000,10.684435
2021-01-04,11.769000,11.769000,11.769000,11.769000,0.000000,10.661499
2021-01-05,11.790000,11.790000,11.790000,11.790000,0.000000,10.680524
2021-01-06,11.941000,11.941000,11.941000,11.941000,0.000000,10.817314
2021-01-07,12.002000,12.002000,12.002000,12.002000,0.000000,10.872575
2021-01-08,12.029000,12.029000,12.029000,12.029000,0.000000,10.897033
2021-01-11,11.938000,11.938000,11.938000,11.938000,0.000000,10.814594
2021-01-12,11.956000,11.956000,11.956000,11.956000,0.000000,10.830903
2021-01-13,11.938000,11.938000,11.938000,11.938000,0.000000,10.814594
2021-01-14,11.942000,11.942000,11.942000,11.942000,0.000000,10.818221
2021-01-15,11.856000,11.856000,11.856000,11.856000,0.000000,10.740314
2021-01-19,11.980000,11.980000,11.980000,11.980000,0.000000,10.852644
2021-01-20,11.991000,11.991000,11.991000,11.991000,0.000000,10.862610
2021-01-21,11.977000,11.977000,11.977000,11.977000,0.000000,10.849926
2021-01-22,11.940000,11.940000,11.940000,11.940000,0.000000,10.816410
2021-01-25,11.956000,11.956000,11.956000,11.956000,0.000000,10.830903
2021-01-26,11.965000,11.965000,11.965000,11.965000,0.000000,10.839056
2021-01-27,11.701000,11.701000,11.701000,11.701000,0.000000,10.599899
2021-01-28,11.784000,11.784000,11.784000,11.784000,0.000000,10.675089
2021-01-29,11.600000,11.600000,11.600000,11.600000,0.000000,10.508403
2021-02-01,11.741000,11.741000,11.741000,11.741000,0.000000,10.636135
2021-02-02,11.867000,11.867000,11.867000,11.867000,0.000000,10.750278
2021-02-03,11.836000,11.836000,11.836000,11.836000,0.000000,10.722195
2021-02-04,11.854000,11.854000,11.854000,11.854000,0.000000,10.738502
2021-02-05,11.868000,11.868000,11.868000,11.868000,0.000000,10.751184
2021-02-08,11.896000,11.896000,11.896000,11.896000,0.000000,10.776548
2021-02-09,11.932000,11.932000,11.932000,11.932000,0.000000,10.809162
2021-02-10,11.919000,11.919000,11.919000,11.919000,0.000000,10.797384
2021-02-11,11.948000,11.948000,11.948000,11.948000,0.000000,10.823656
2021-02-12,11.989000,11.989000,11.989000,11.989000,0.000000,10.860798
2021-02-16,12.045000,12.045000,12.045000,12.045000,0.000000,10.911529
2021-02-17,11.961000,11.961000,11.961000,11.961000,0.000000,10.835434
2021-02-18,11.937000,11.937000,11.937000,11.937000,0.000000,10.813693
2021-02-19,11.951000,11.951000,11.951000,11.951000,0.000000,10.826373
2021-02-22,11.880000,11.880000,11.880000,11.880000,0.000000,10.762055
2021-02-23,11.876000,11.876000,11.876000,11.876000,0.000000,10.758432
2021-02-24,11.938000,11.938000,11.938000,11.938000,0.000000,10.814594
2021-02-25,11.845000,11.845000,11.845000,11.845000,0.000000,10.730347
2021-02-26,11.640000,11.640000,11.640000,11.640000,0.000000,10.544640
2021-03-01,11.855000,11.855000,11.855000,11.855000,0.000000,10.739406
2021-03-02,11.826000,11.826000,11.826000,11.826000,0.000000,10.713136
2021-03-03,11.772000,11.772000,11.772000,11.772000,0.000000,10.664217
2021-03-04,11.652000,11.652000,11.652000,11.652000,0.000000,10.555511
2021-03-05,11.745000,11.745000,11.745000,11.745000,0.000000,10.639758
2021-03-08,11.747000,11.747000,11.747000,11.747000,0.000000,10.641570
2021-03-09,11.822000,11.822000,11.822000,11.822000,0.000000,10.709513
2021-03-10,11.906000,11.906000,11.906000,11.906000,0.000000,10.785608
2021-03-11,11.980000,11.980000,11.980000,11.980000,0.000000,10.852644
2021-03-12,11.981000,11.981000,11.981000,11.981000,0.000000,10.853550
2021-03-15,12.062000,12.062000,12.062000,12.062000,0.000000,10.926927
2021-03-16,12.103000,12.103000,12.103000,12.103000,0.000000,10.964069
2021-03-17,,,,,,
2021-03-18,12.070000,12.070000,12.070000,12.070000,0.000000,10.934175
2021-03-19,11.994000,11.994000,11.994000,11.994000,0.000000,10.865328
2021-03-22,12.098000,12.098000,12.098000,12.098000,0.000000,10.959540
2021-03-23,12.038000,12.038000,12.038000,12.038000,0.000000,10.905186
2021-03-24,11.967000,11.967000,11.967000,11.967000,0.000000,10.840868
2021-03-25,12.046000,12.046000,12.046000,12.046000,0.000000,10.912435
2021-03-26,12.249000,12.249000,12.249000,12.249000,0.000000,11.096331
2021-03-29,12.267000,12.267000,12.267000,12.267000,0.000000,11.112638
2021-03-30,12.204000,12.204000,12.204000,12.204000,0.000000,11.055565
2021-03-31,12.209000,12.209000,12.209000,12.209000,0.000000,11.060094
2021-04-01,12.284000,12.284000,12.284000,12.284000,0.000000,11.128036
2021-04-05,,,,,,
2021-04-06,12.408000,12.408000,12.408000,12.408000,0.000000,11.240369
2021-04-07,12.416000,12.416000,12.416000,12.416000,0.000000,11.247614
2021-04-08,12.519000,12.519000,12.519000,12.519000,0.000000,11.340923
2021-04-09,12.537000,12.537000,12.537000,12.537000,0.000000,11.357227
2021-04-12,12.537000,12.537000,12.537000,12.537000,0.000000,11.357227
2021-04-13,12.531000,12.531000,12.531000,12.531000,0.000000,11.351795
2021-04-14,12.550000,12.550000,12.550000,12.550000,0.000000,11.369006
2021-04-15,12.633000,12.633000,12.633000,12.633000,0.000000,11.444196
2021-04-16,12.724000,12.724000,12.724000,12.724000,0.000000,11.526632
2021-04-19,12.725000,12.725000,12.725000,12.725000,0.000000,11.527537
2021-04-20,12.625000,12.625000,12.625000,12.625000,0.000000,11.436950
2021-04-21,12.707000,12.707000,12.707000,12.707000,0.000000,11.511231
2021-04-22,12.678000,12.678000,12.678000,12.678000,0.000000,11.484961
2021-04-23,12.740000,12.740000,12.740000,12.740000,0.000000,11.541125
2021-04-26,12.727000,12.727000,12.727000,12.727000,0.000000,11.529349
2021-04-27,12.756000,12.756000,12.756000,12.756000,0.000000,11.555620
2021-04-28,12.722000,12.722000,12.722000,12.722000,0.000000,11.524820
2021-04-29,12.779000,12.779000,12.779000,12.779000,0.000000,11.576455
2021-04-30,12.707000,12.707000,12.707000,12.707000,0.000000,11.511231
2021-05-03,,,,,,
2021-05-04,12.761000,12.761000,12.761000,12.761000,0.000000,11.560150
2021-05-05,12.786000,12.786000,12.786000,12.786000,0.000000,11.582797
2021-05-06,12.905000,12.905000,12.905000,12.905000,0.000000,11.690598
2021-05-07,12.995000,12.995000,12.995000,12.995000,0.000000,11.772131
2021-05-10,12.985000,12.985000,12.985000,12.985000,0.000000,11.763071
2021-05-11,12.830000,12.830000,12.830000,12.830000,0.000000,11.622655
2021-05-12,12.713000,12.713000,12.713000,12.713000,0.000000,11.516667
2021-05-13,12.819000,12.819000,12.819000,12.819000,0.000000,11.612693
2021-05-14,12.998000,12.998000,12.998000,12.998000,0.000000,11.774848
2021-05-17,13.005000,13.005000,13.005000,13.005000,0.000000,11.781189
2021-05-18,12.973000,12.973000,12.973000,12.973000,0.000000,11.752198
2021-05-19,12.894000,12.894000,12.894000,12.894000,0.000000,11.680634
2021-05-20,13.030000,13.030000,13.030000,13.030000,0.000000,11.803837
2021-05-21,13.025000,13.025000,13.025000,13.025000,0.000000,11.799308
2021-05-24,13.082000,13.082000,13.082000,13.082000,0.000000,11.850943
2021-05-25,13.092000,13.092000,13.092000,13.092000,0.000000,11.860002
2021-05-26,13.089000,13.089000,13.089000,13.089000,0.000000,11.857285
2021-05-27,13.058000,13.058000,13.058000,13.058000,0.000000,11.829202
2021-05-28,13.080000,13.080000,13.080000,13.080000,0.000000,11.849131
2021-06-01,13.077000,13.077000,13.077000,13.077000,0.000000,11.846413
2021-06-02,13.092000,13.092000,13.092000,13.092000,0.000000,11.860002
2021-06-03,13.065000,13.065000,13.065000,13.065000,0.000000,11.835542
2021-06-04,13.167000,13.167000,13.167000,13.167000,0.000000,11.927945
2021-06-07,,,,,,
2021-06-08,13.172000,13.172000,13.172000,13.172000,0.000000,11.932474
2021-06-09,13.176000,13.176000,13.176000,13.176000,0.000000,11.936099
2021-06-10,13.215000,13.215000,13.215000,13.215000,0.000000,11.971428
2021-06-11,13.218000,13.218000,13.218000,13.218000,0.000000,11.974144
2021-06-14,13.238000,13.238000,13.238000,13.238000,0.000000,11.992262
2021-06-15,13.298000,13.298000,13.298000,13.298000,0.000000,12.046616
2021-06-16,13.248000,13.248000,13.248000,13.248000,0.000000,12.001321
2021-06-17,13.168000,13.168000,13.168000,13.168000,0.000000,11.928850
2021-06-18,12.955000,12.955000,12.955000,12.955000,0.000000,11.735893
2021-06-21,13.109000,13.109000,13.109000,13.109000,0.000000,11.875401
2021-06-22,13.135000,13.135000,13.135000,13.135000,0.000000,11.898954
2021-06-23,13.115000,13.115000,13.115000,13.115000,0.000000,11.880838
2021-06-24,13.137000,13.137000,13.137000,13.137000,0.000000,11.900767
2021-06-25,13.174000,13.174000,13.174000,13.174000,0.000000,11.934284
2021-06-28,13.202000,13.202000,13.202000,13.202000,0.000000,11.959651
2021-06-29,13.203000,13.203000,13.203000,13.203000,0.000000,11.960556
2021-06-30,13.158000,13.158000,13.158000,13.158000,0.000000,11.919791
2021-07-01,13.052000,13.052000,13.052000,13.052000,0.000000,11.971625
2021-07-02,13.086000,13.086000,13.086000,13.086000,0.000000,12.002810
2021-07-06,13.052000,13.052000,13.052000,13.052000,0.000000,11.971625
2021-07-07,13.151000,13.151000,13.151000,13.151000,0.000000,12.062430
2021-07-08,13.038000,13.038000,13.038000,13.038000,0.000000,11.958782
2021-07-09,13.197000,13.197000,13.197000,13.197000,0.000000,12.104622
2021-07-12,13.246000,13.246000,13.246000,13.246000,0.000000,12.149568
2021-07-13,13.237000,13.237000,13.237000,13.237000,0.000000,12.141313
2021-07-14,13.239000,13.239000,13.239000,13.239000,0.000000,12.143146
2021-07-15,13.186000,13.186000,13.186000,13.186000,0.000000,12.094533
2021-07-16,13.170000,13.170000,13.170000,13.170000,0.000000,12.079857
2021-07-19,12.962000,12.962000,12.962000,12.962000,0.000000,11.889073
2021-07-20,13.048000,13.048000,13.048000,13.048000,0.000000,11.967954
2021-07-21,13.163000,13.163000,13.163000,13.163000,0.000000,12.073437
2021-07-22,13.124000,13.124000,13.124000,13.124000,0.000000,12.037664
2021-07-23,13.259000,13.259000,13.259000,13.259000,0.000000,12.161489
2021-07-26,13.240000,13.240000,13.240000,13.240000,0.000000,12.144063
2021-07-27,13.208000,13.208000,13.208000,13.208000,0.000000,12.114713
2021-07-28,13.174000,13.174000,13.174000,13.174000,0.000000,12.083525
2021-07-29,13.333000,13.333000,13.333000,13.333000,0.000000,12.229364
2021-07-30,13.304000,13.304000,13.304000,13.304000,0.000000,12.202765
2021-08-02,,,,,,
2021-08-03,13.416000,13.416000,13.416000,13.416000,0.000000,12.305494
2021-08-04,13.383000,13.383000,13.383000,13.383000,0.000000,12.275227
2021-08-05,13.448000,13.448000,13.448000,13.448000,0.000000,12.334845
2021-08-06,13.393000,13.393000,13.393000,13.393000,0.000000,12.284398
2021-08-09,13.396000,13.396000,13.396000,13.396000,0.000000,12.287150
2021-08-10,13.427000,13.427000,13.427000,13.427000,0.000000,12.315583
2021-08-11,13.501000,13.501000,13.501000,13.501000,0.000000,12.383460
2021-08-12,13.502000,13.502000,13.502000,13.502000,0.000000,12.384376
2021-08-13,13.569000,13.569000,13.569000,13.569000,0.000000,12.445830
2021-08-16,13.610000,13.610000,13.610000,13.610000,0.000000,12.483437
2021-08-17,13.539000,13.539000,13.539000,13.539000,0.000000,12.418313
2021-08-18,13.441000,13.441000,13.441000,13.441000,0.000000,12.328426
2021-08-19,13.420000,13.420000,13.420000,13.420000,0.000000,12.309162
2021-08-20,13.466000,13.466000,13.466000,13.466000,0.000000,12.351355
2021-08-23,13.519000,13.519000,13.519000,13.519000,0.000000,12.399969
2021-08-24,13.507000,13.507000,13.507000,13.507000,0.000000,12.388963
2021-08-25,13.499000,13.499000,13.499000,13.499000,0.000000,12.381624
2021-08-26,13.482000,13.482000,13.482000,13.482000,0.000000,12.366032
2021-08-27,13.535000,13.535000,13.535000,13.535000,0.000000,12.414643
2021-08-30,,,,,,
2021-08-31,13.530000,13.530000,13.530000,13.530000,0.000000,12.410059
2021-09-01,13.517000,13.517000,13.517000,13.517000,0.000000,12.398135
2021-09-02,13.539000,13.539000,13.539000,13.539000,0.000000,12.418313
2021-09-03,13.543000,13.543000,13.543000,13.543000,0.000000,12.421982
2021-09-07,13.400000,13.400000,13.400000,13.400000,0.000000,12.290816
2021-09-08,13.350000,13.350000,13.350000,13.350000,0.000000,12.244958
2021-09-09,13.295000,13.295000,13.295000,13.295000,0.000000,12.194510
2021-09-10,13.254000,13.254000,13.254000,13.254000,0.000000,12.156905
2021-09-13,13.272000,13.272000,13.272000,13.272000,0.000000,12.173412
2021-09-14,13.252000,13.252000,13.252000,13.252000,0.000000,12.155068
2021-09-15,13.296000,13.296000,13.296000,13.296000,0.000000,12.195427
2021-09-16,13.255000,13.255000,13.255000,13.255000,0.000000,12.157822
2021-09-17,13.131000,13.131000,13.131000,13.131000,0.000000,12.044084
2021-09-20,12.973000,12.973000,12.973000,12.973000,0.000000,11.899163
2021-09-21,12.993000,12.993000,12.993000,12.993000,0.000000,11.917509
2021-09-22,13.096000,13.096000,13.096000,13.096000,0.000000,12.011981
2021-09-23,13.199000,13.199000,13.199000,13.199000,0.000000,12.106457
2021-09-24,13.134000,13.134000,13.134000,13.134000,0.000000,12.046836
2021-09-27,13.091000,13.091000,13.091000,13.091000,0.000000,12.007396
2021-09-28,12.891000,12.891000,12.891000,12.891000,0.000000,11.823952
2021-09-29,12.918000,12.918000,12.918000,12.918000,0.000000,11.848716
2021-09-30,12.843000,12.843000,12.843000,12.843000,0.000000,11.779927
2021-10-01,12.863000,12.863000,12.863000,12.863000,0.000000,11.798268
2021-10-04,12.821000,12.821000,12.821000,12.821000,0.000000,11.759745
2021-10-05,12.899000,12.899000,12.899000,12.899000,0.000000,11.831289
2021-10-06,12.852000,12.852000,12.852000,12.852000,0.000000,11.788179
2021-10-07,13.007000,13.007000,13.007000,13.007000,0.000000,11.930349
2021-10-08,13.007000,13.007000,13.007000,13.007000,0.000000,11.930349
2021-10-11,,,,,,
2021-10-12,12.941000,12.941000,12.941000,12.941000,0.000000,11.869813
2021-10-13,13.021000,13.021000,13.021000,13.021000,0.000000,11.943191
2021-10-14,13.217000,13.217000,13.217000,13.217000,0.000000,12.122968
2021-10-15,13.305000,13.305000,13.305000,13.305000,0.000000,12.203684
2021-10-18,13.239000,13.239000,13.239000,13.239000,0.000000,12.143146
2021-10-19,13.308000,13.308000,13.308000,13.308000,0.000000,12.206434
2021-10-20,13.354000,13.354000,13.354000,13.354000,0.000000,12.248627
2021-10-21,13.352000,13.352000,13.352000,13.352000,0.000000,12.246793
2021-10-22,13.370000,13.370000,13.370000,13.370000,0.000000,12.263303
2021-10-25,,,,,,
2021-10-26,13.369000,13.369000,13.369000,13.369000,0.000000,12.262385
2021-10-27,13.305000,13.305000,13.305000,13.305000,0.000000,12.203684
2021-10-28,13.415000,13.415000,13.415000,13.415000,0.000000,12.304578
2021-10-29,13.401000,13.401000,13.401000,13.401000,0.000000,12.291736
2021-11-01,13.416000,13.416000,13.416000,13.416000,0.000000,12.305494
2021-11-02,13.517000,13.517000,13.517000,13.517000,0.000000,12.398135
2021-11-03,13.586000,13.586000,13.586000,13.586000,0.000000,12.461423
2021-11-04,13.613000,13.613000,13.613000,13.613000,0.000000,12.486187
2021-11-05,13.649000,13.649000,13.649000,13.649000,0.000000,12.519209
2021-11-08,13.636000,13.636000,13.636000,13.636000,0.000000,12.507283
2021-11-09,13.654000,13.654000,13.654000,13.654000,0.000000,12.523794
2021-11-10,13.620000,13.620000,13.620000,13.620000,0.000000,12.492609
2021-11-11,,,,,,
2021-11-12,13.654000,13.654000,13.654000,13.654000,0.000000,12.523794
2021-11-15,13.669000,13.669000,13.669000,13.669000,0.000000,12.537553
2021-11-16,13.647000,13.647000,13.647000,13.647000,0.000000,12.517374
2021-11-17,13.633000,13.633000,13.633000,13.633000,0.000000,12.504532
2021-11-18,13.639000,13.639000,13.639000,13.639000,0.000000,12.510036
2021-11-19,13.629000,13.629000,13.629000,13.629000,0.000000,12.500864
2021-11-22,13.591000,13.591000,13.591000,13.591000,0.000000,12.466009
2021-11-23,13.595000,13.595000,13.595000,13.595000,0.000000,12.469679
2021-11-24,13.546000,13.546000,13.546000,13.546000,0.000000,12.424733
2021-11-26,13.317000,13.317000,13.317000,13.317000,0.000000,12.214689
2021-11-29,13.404000,13.404000,13.404000,13.404000,0.000000,12.294490
2021-11-30,13.159000,13.159000,13.159000,13.159000,0.000000,12.069767
2021-12-01,13.255000,13.255000,13.255000,13.255000,0.000000,12.157822
2021-12-02,13.362000,13.362000,13.362000,13.362000,0.000000,12.255965
2021-12-03,13.330000,13.330000,13.330000,13.330000,0.000000,12.226613
2021-12-06,13.508000,13.508000,13.508000,13.508000,0.000000,12.389878
2021-12-07,13.680000,13.680000,13.680000,13.680000,0.000000,12.547643
2021-12-08,13.717000,13.717000,13.717000,13.717000,0.000000,12.581580
2021-12-09,13.701000,13.701000,13.701000,13.701000,0.000000,12.566902
2021-12-10,13.823000,13.823000,13.823000,13.823000,0.000000,12.678804
2021-12-13,13.770000,13.770000,13.770000,13.770000,0.000000,12.630193
2021-12-14,13.654000,13.654000,13.654000,13.654000,0.000000,12.523794
2021-12-15,13.732000,13.732000,13.732000,13.732000,0.000000,12.595337
2021-12-16,13.800000,13.800000,13.800000,13.800000,0.000000,12.657708
2021-12-17,13.684000,13.684000,13.684000,13.684000,0.000000,12.551311
2021-12-20,13.547000,13.547000,13.547000,13.547000,0.000000,12.425652
2021-12-21,13.705000,13.705000,13.705000,13.705000,0.000000,12.570573
2021-12-22,13.846000,13.846000,13.846000,13.846000,0.000000,12.699901
2021-12-23,13.931000,13.931000,13.931000,13.931000,0.000000,12.777865
2021-12-27,,,,,,
2021-12-28,,,,,,
2021-12-29,,,,,,
2021-12-30,14.131000,14.131000,14.131000,14.131000,0.000000,12.961309
2021-12-31,14.142000,14.142000,14.142000,14.142000,0.000000,12.971400
2022-01-03,,,,,,
2022-01-04,14.076000,14.076000,14.076000,14.076000,0.000000,12.910863
2022-01-05,13.950000,13.950000,13.950000,13.950000,0.000000,12.795294
2022-01-06,13.853000,13.853000,13.853000,13.853000,0.000000,12.706323
2022-01-07,13.825000,13.825000,13.825000,13.825000,0.000000,12.680640
2022-01-10,13.770000,13.770000,13.770000,13.770000,0.000000,12.630193
2022-01-11,13.869000,13.869000,13.869000,13.869000,0.000000,12.720998
2022-01-12,13.963000,13.963000,13.963000,13.963000,0.000000,12.807217
2022-01-13,13.925000,13.925000,13.925000,13.925000,0.000000,12.772362
2022-01-14,13.886000,13.886000,13.886000,13.886000,0.000000,12.736590
2022-01-18,13.707000,13.707000,13.707000,13.707000,0.000000,12.572407
2022-01-19,13.681000,13.681000,13.681000,13.681000,0.000000,12.548558
2022-01-20,13.616000,13.616000,13.616000,13.616000,0.000000,12.488939
2022-01-21,13.501000,13.501000,13.501000,13.501000,0.000000,12.383460
2022-01-24,13.411000,13.411000,13.411000,13.411000,0.000000,12.300907
2022-01-25,13.344000,13.344000,13.344000,13.344000,0.000000,12.239454
2022-01-26,13.340000,13.340000,13.340000,13.340000,0.000000,12.235785
2022-01-27,13.275000,13.275000,13.275000,13.275000,0.000000,12.176166
2022-01-28,13.258000,13.258000,13.258000,13.258000,0.000000,12.160573
2022-01-31,13.398000,13.398000,13.398000,13.398000,0.000000,12.288983
2022-02-01,13.448000,13.448000,13.448000,13.448000,0.000000,12.334845
2022-02-02,13.598000,13.598000,13.598000,13.598000,0.000000,12.472429
2022-02-03,13.473000,13.473000,13.473000,13.473000,0.000000,12.357777
2022-02-04,13.404000,13.404000,13.404000,13.404000,0.000000,12.294490
2022-02-07,13.433000,13.433000,13.433000,13.433000,0.000000,12.321088
2022-02-08,13.509000,13.509000,13.509000,13.509000,0.000000,12.390797
2022-02-09,13.669000,13.669000,13.669000,13.669000,0.000000,12.537553
2022-02-10,13.529000,13.529000,13.529000,13.529000,0.000000,12.409141
2022-02-11,13.410000,13.410000,13.410000,13.410000,0.000000,12.299991
2022-02-14,13.254000,13.254000,13.254000,13.254000,0.000000,12.156905
2022-02-15,13.425000,13.425000,13.425000,13.425000,0.000000,12.313749
2022-02-16,13.446000,13.446000,13.446000,13.446000,0.000000,12.333011
2022-02-17,13.361000,13.361000,13.361000,13.361000,0.000000,12.255046
2022-02-18,13.341000,13.341000,13.341000,13.341000,0.000000,12.236702
2022-02-22,13.241000,13.241000,13.241000,13.241000,0.000000,12.144980
2022-02-23,13.162000,13.162000,13.162000,13.162000,0.000000,12.072519
2022-02-24,12.925000,12.925000,12.925000,12.925000,0.000000,11.855137
2022-02-25,13.326000,13.326000,13.326000,13.326000,0.000000,12.222943
2022-02-28,13.309000,13.309000,13.309000,13.309000,0.000000,12.207350
2022-03-01,13.112000,13.112000,13.112000,13.112000,0.000000,12.026659
2022-03-02,13.177000,13.177000,13.177000,13.177000,0.000000,12.086278
2022-03-03,13.084000,13.084000,13.084000,13.084000,0.000000,12.000976
2022-03-04,12.865000,12.865000,12.865000,12.865000,0.000000,11.800103
2022-03-07,12.608000,12.608000,12.608000,12.608000,0.000000,11.564376
2022-03-08,12.485000,12.485000,12.485000,12.485000,0.000000,11.451557
2022-03-09,12.884000,12.884000,12.884000,12.884000,0.000000,11.817530
2022-03-10,12.779000,12.779000,12.779000,12.779000,0.000000,11.721222
2022-03-11,12.686000,12.686000,12.686000,12.686000,0.000000,11.635921
2022-03-14,12.771000,12.771000,12.771000,12.771000,0.000000,11.713883
2022-03-15,12.940000,12.940000,12.940000,12.940000,0.000000,11.868895
2022-03-16,13.129000,13.129000,13.129000,13.129000,0.000000,12.042250
2022-03-17,,,,,,
2022-03-18,,,,,,
2022-03-21,13.369000,13.369000,13.369000,13.369000,0.000000,12.262385
2022-03-22,13.457000,13.457000,13.457000,13.457000,0.000000,12.343100
2022-03-23,13.297000,13.297000,13.297000,13.297000,0.000000,12.196345
2022-03-24,13.394000,13.394000,13.394000,13.394000,0.000000,12.285316
2022-03-25,13.445000,13.445000,13.445000,13.445000,0.000000,12.332093
2022-03-28,13.466000,13.466000,13.466000,13.466000,0.000000,12.351355
2022-03-29,13.635000,13.635000,13.635000,13.635000,0.000000,12.506367
2022-03-30,13.647000,13.647000,13.647000,13.647000,0.000000,12.517374
2022-03-31,13.484000,13.484000,13.484000,13.484000,0.000000,12.367866
2022-04-01,13.526000,13.526000,13.526000,13.526000,0.000000,12.406388
2022-04-04,13.549000,13.549000,13.549000,13.549000,0.000000,12.427485
2022-04-05,13.511000,13.511000,13.511000,13.511000,0.000000,12.392631
2022-04-06,13.522000,13.522000,13.522000,13.522000,0.000000,12.402720
2022-04-07,13.573000,13.573000,13.573000,13.573000,0.000000,12.449498
2022-04-08,13.593000,13.593000,13.593000,13.593000,0.000000,12.467844
2022-04-11,13.502000,13.502000,13.502000,13.502000,0.000000,12.384376
2022-04-12,13.401000,13.401000,13.401000,13.401000,0.000000,12.291736
2022-04-13,13.417000,13.417000,13.417000,13.417000,0.000000,12.306412
2022-04-14,13.360000,13.360000,13.360000,13.360000,0.000000,12.254129
2022-04-18,,,,,,
2022-04-19,13.353000,13.353000,13.353000,13.353000,0.000000,12.247709
2022-04-20,13.539000,13.539000,13.539000,13.539000,0.000000,12.418313
2022-04-21,13.481000,13.481000,13.481000,13.481000,0.000000,12.365114
2022-04-22,13.212000,13.212000,13.212000,13.212000,0.000000,12.118381
2022-04-25,13.196000,13.196000,13.196000,13.196000,0.000000,12.103704
2022-04-26,12.978000,12.978000,12.978000,12.978000,0.000000,11.903749
2022-04-27,12.969000,12.969000,12.969000,12.969000,0.000000,11.895494
2022-04-28,13.080000,13.080000,13.080000,13.080000,0.000000,11.997307
2022-04-29,12.920000,12.920000,12.920000,12.920000,0.000000,11.850550
2022-05-02,,,,,,
2022-05-03,12.911000,12.911000,12.911000,12.911000,0.000000,11.842296
2022-05-04,13.048000,13.048000,13.048000,13.048000,0.000000,11.967954
2022-05-05,12.815000,12.815000,12.815000,12.815000,0.000000,11.754242
2022-05-06,12.728000,12.728000,12.728000,12.728000,0.000000,11.674443
2022-05-09,12.503000,12.503000,12.503000,12.503000,0.000000,11.468068
2022-05-10,12.544000,12.544000,12.544000,12.544000,0.000000,11.505673
2022-05-11,12.500000,12.500000,12.500000,12.500000,0.000000,11.465315
2022-05-12,12.426000,12.426000,12.426000,12.426000,0.000000,11.397441
2022-05-13,12.594000,12.594000,12.594000,12.594000,0.000000,11.551534
2022-05-16,12.590000,12.590000,12.590000,12.590000,0.000000,11.547868
2022-05-17,12.843000,12.843000,12.843000,12.843000,0.000000,11.779927
2022-05-18,12.531000,12.531000,12.531000,12.531000,0.000000,11.493750
2022-05-19,12.344000,12.344000,12.344000,12.344000,0.000000,11.322228
2022-05-20,12.417000,12.417000,12.417000,12.417000,0.000000,11.389187
2022-05-23,12.577000,12.577000,12.577000,12.577000,0.000000,11.535942
2022-05-24,12.582000,12.582000,12.582000,12.582000,0.000000,11.540529
2022-05-25,12.627000,12.627000,12.627000,12.627000,0.000000,11.581802
2022-05-26,12.731000,12.731000,12.731000,12.731000,0.000000,11.677195
2022-05-27,12.889000,12.889000,12.889000,12.889000,0.000000,11.822115
2022-05-31,12.868000,12.868000,12.868000,12.868000,0.000000,11.802855
2022-06-01,12.758000,12.758000,12.758000,12.758000,0.000000,11.701960
2022-06-02,,,,,,
2022-06-03,,,,,,
2022-06-06,,,,,,
2022-06-07,12.897000,12.897000,12.897000,12.897000,0.000000,11.829454
2022-06-08,12.785000,12.785000,12.785000,12.785000,0.000000,11.726725
2022-06-09,12.567000,12.567000,12.567000,12.567000,0.000000,11.526771
2022-06-10,12.295000,12.295000,12.295000,12.295000,0.000000,11.277286
2022-06-13,12.007000,12.007000,12.007000,12.007000,0.000000,11.013124
2022-06-14,11.881000,11.881000,11.881000,11.881000,0.000000,10.897553
2022-06-15,11.994000,11.994000,11.994000,11.994000,0.000000,11.001202
2022-06-16,11.833000,11.833000,11.833000,11.833000,0.000000,10.853525
2022-06-17,11.812000,11.812000,11.812000,11.812000,0.000000,10.834266
2022-06-21,12.076000,12.076000,12.076000,12.076000,0.000000,11.076412
2022-06-22,12.081000,12.081000,12.081000,12.081000,0.000000,11.080998
2022-06-23,12.103000,12.103000,12.103000,12.103000,0.000000,11.101176
2022-06-24,12.420000,12.420000,12.420000,12.420000,0.000000,11.391938
2022-06-27,12.445000,12.445000,12.445000,12.445000,0.000000,11.414868
2022-06-28,12.317000,12.317000,12.317000,12.317000,0.000000,11.297463
2022-06-29,12.265000,12.265000,12.265000,12.265000,0.000000,11.249769
2022-06-30,12.192000,12.192000,12.192000,12.192000,0.000000,11.182811
2022-07-01,12.012000,12.012000,12.012000,12.012000,0.000000,11.170819
2022-07-05,11.897000,11.897000,11.897000,11.897000,0.000000,11.063873
2022-07-06,12.013000,12.013000,12.013000,12.013000,0.000000,11.171750
2022-07-07,12.061000,12.061000,12.061000,12.061000,0.000000,11.216390
2022-07-08,12.074000,12.074000,12.074000,12.074000,0.000000,11.228477
2022-07-11,11.981000,11.981000,11.981000,11.981000,0.000000,11.141992
2022-07-12,11.974000,11.974000,11.974000,11.974000,0.000000,11.135480
2022-07-13,11.939000,11.939000,11.939000,11.939000,0.000000,11.102932
2022-07-14,11.803000,11.803000,11.803000,11.803000,0.000000,10.976457
2022-07-15,12.027000,12.027000,12.027000,12.027000,0.000000,11.184771
2022-07-18,12.023000,12.023000,12.023000,12.023000,0.000000,11.181049
2022-07-19,12.255000,12.255000,12.255000,12.255000,0.000000,11.396803
2022-07-20,12.207000,12.207000,12.207000,12.207000,0.000000,11.352165
2022-07-21,12.262000,12.262000,12.262000,12.262000,0.000000,11.403314
2022-07-22,12.267000,12.267000,12.267000,12.267000,0.000000,11.407963
2022-07-25,12.290000,12.290000,12.290000,12.290000,0.000000,11.429352
2022-07-26,12.281000,12.281000,12.281000,12.281000,0.000000,11.420981
2022-07-27,12.418000,12.418000,12.418000,12.418000,0.000000,11.548389
2022-07-28,12.593000,12.593000,12.593000,12.593000,0.000000,11.711134
2022-07-29,12.612000,12.612000,12.612000,12.612000,0.000000,11.728803
2022-08-01,,,,,,
2022-08-02,12.563000,12.563000,12.563000,12.563000,0.000000,11.683235
2022-08-03,12.631000,12.631000,12.631000,12.631000,0.000000,11.746472
2022-08-04,12.664000,12.664000,12.664000,12.664000,0.000000,11.777161
2022-08-05,12.611000,12.611000,12.611000,12.611000,0.000000,11.727872
2022-08-08,12.635000,12.635000,12.635000,12.635000,0.000000,11.750193
2022-08-09,12.589000,12.589000,12.589000,12.589000,0.000000,11.707415
2022-08-10,12.787000,12.787000,12.787000,12.787000,0.000000,11.891548
2022-08-11,12.781000,12.781000,12.781000,12.781000,0.000000,11.885968
2022-08-12,12.825000,12.825000,12.825000,12.825000,0.000000,11.926888
2022-08-15,12.875000,12.875000,12.875000,12.875000,0.000000,11.973387
2022-08-16,12.901000,12.901000,12.901000,12.901000,0.000000,11.997565
2022-08-17,12.831000,12.831000,12.831000,12.831000,0.000000,11.932467
2022-08-18,12.886000,12.886000,12.886000,12.886000,0.000000,11.983617
2022-08-19,12.765000,12.765000,12.765000,12.765000,0.000000,11.871089
2022-08-22,12.540000,12.540000,12.540000,12.540000,0.000000,11.661845
2022-08-23,12.469000,12.469000,12.469000,12.469000,0.000000,11.595818
2022-08-24,12.523000,12.523000,12.523000,12.523000,0.000000,11.646036
2022-08-25,12.622000,12.622000,12.622000,12.622000,0.000000,11.738103
2022-08-26,12.305000,12.305000,12.305000,12.305000,0.000000,11.443302
2022-08-29,,,,,,
2022-08-30,12.113000,12.113000,12.113000,12.113000,0.000000,11.264747
2022-08-31,12.028000,12.028000,12.028000,12.028000,0.000000,11.185699
2022-09-01,11.960000,11.960000,11.960000,11.960000,0.000000,11.122461
2022-09-02,11.955000,11.955000,11.955000,11.955000,0.000000,11.117813
2022-09-06,11.886000,11.886000,11.886000,11.886000,0.000000,11.053643
2022-09-07,12.027000,12.027000,12.027000,12.027000,0.000000,11.184771
2022-09-08,12.108000,12.108000,12.108000,12.108000,0.000000,11.260098
2022-09-09,12.279000,12.279000,12.279000,12.279000,0.000000,11.419123
2022-09-12,12.425000,12.425000,12.425000,12.425000,0.000000,11.554898
2022-09-13,12.042000,12.042000,12.042000,12.042000,0.000000,11.198720
2022-09-14,11.998000,11.998000,11.998000,11.998000,0.000000,11.157800
2022-09-15,11.880000,11.880000,11.880000,11.880000,0.000000,11.048064
2022-09-16,11.799000,11.799000,11.799000,11.799000,0.000000,10.972737
2022-09-19,,,,,,
2022-09-20,11.691000,11.691000,11.691000,11.691000,0.000000,10.872299
2022-09-21,11.573000,11.573000,11.573000,11.573000,0.000000,10.762563
2022-09-22,11.456000,11.456000,11.456000,11.456000,0.000000,10.653756
2022-09-23,11.298000,11.298000,11.298000,11.298000,0.000000,10.506821
2022-09-26,11.213000,11.213000,11.213000,11.213000,0.000000,10.427773
2022-09-27,11.162000,11.162000,11.162000,11.162000,0.000000,10.380344
2022-09-28,11.278000,11.278000,11.278000,11.278000,0.000000,10.488220
2022-09-29,11.179000,11.179000,11.179000,11.179000,0.000000,10.396152
2022-09-30,11.081000,11.081000,11.081000,11.081000,0.000000,10.305017
2022-10-03,11.245000,11.245000,11.245000,11.245000,0.000000,10.457532
2022-10-04,11.583000,11.583000,11.583000,11.583000,0.000000,10.771863
2022-10-05,11.548000,11.548000,11.548000,11.548000,0.000000,10.739313
2022-10-06,11.397000,11.397000,11.397000,11.397000,0.000000,10.598889
2022-10-07,11.133000,11.133000,11.133000,11.133000,0.000000,10.353375
2022-10-10,,,,,,
2022-10-11,11.026000,11.026000,11.026000,11.026000,0.000000,10.253869
2022-10-12,11.013000,11.013000,11.013000,11.013000,0.000000,10.241779
2022-10-13,11.188000,11.188000,11.188000,11.188000,0.000000,10.404524
2022-10-14,11.088000,11.088000,11.088000,11.088000,0.000000,10.311526
2022-10-17,11.298000,11.298000,11.298000,11.298000,0.000000,10.506821
2022-10-18,11.404000,11.404000,11.404000,11.404000,0.000000,10.605397
2022-10-19,11.306000,11.306000,11.306000,11.306000,0.000000,10.514260
2022-10-20,11.223000,11.223000,11.223000,11.223000,0.000000,10.437073
2022-10-21,11.348000,11.348000,11.348000,11.348000,0.000000,10.553318
2022-10-24,11.541000,11.541000,11.541000,11.541000,0.000000,10.732804
2022-10-25,11.714000,11.714000,11.714000,11.714000,0.000000,10.893688
2022-10-26,11.727000,11.727000,11.727000,11.727000,0.000000,10.905779
2022-10-27,11.691000,11.691000,11.691000,11.691000,0.000000,10.872299
2022-10-28,11.894000,11.894000,11.894000,11.894000,0.000000,11.061083
2022-10-31,,,,,,
2022-11-01,11.838000,11.838000,11.838000,11.838000,0.000000,11.009006
2022-11-02,11.747000,11.747000,11.747000,11.747000,0.000000,10.924377
2022-11-03,11.618000,11.618000,11.618000,11.618000,0.000000,10.804412
2022-11-04,11.850000,11.850000,11.850000,11.850000,0.000000,11.020165
2022-11-07,11.990000,11.990000,11.990000,11.990000,0.000000,11.150361
2022-11-08,12.067000,12.067000,12.067000,12.067000,0.000000,11.221970
2022-11-09,11.948000,11.948000,11.948000,11.948000,0.000000,11.111302
2022-11-10,12.438000,12.438000,12.438000,12.438000,0.000000,11.566989
2022-11-11,,,,,,
2022-11-14,12.470000,12.470000,12.470000,12.470000,0.000000,11.596748
2022-11-15,12.560000,12.560000,12.560000,12.560000,0.000000,11.680446
2022-11-16,12.517000,12.517000,12.517000,12.517000,0.000000,11.640456
2022-11-17,12.490000,12.490000,12.490000,12.490000,0.000000,11.615348
2022-11-18,12.597000,12.597000,12.597000,12.597000,0.000000,11.714854
2022-11-21,12.609000,12.609000,12.609000,12.609000,0.000000,11.726012
2022-11-22,12.726000,12.726000,12.726000,12.726000,0.000000,11.834821
2022-11-23,12.823000,12.823000,12.823000,12.823000,0.000000,11.925028
2022-11-25,12.849000,12.849000,12.849000,12.849000,0.000000,11.949206
2022-11-28,12.709000,12.709000,12.709000,12.709000,0.000000,11.819010
2022-11-29,12.659000,12.659000,12.659000,12.659000,0.000000,11.772511
2022-11-30,12.840000,12.840000,12.840000,12.840000,0.000000,11.940838
2022-12-01,13.003000,13.003000,13.003000,13.003000,0.000000,12.092422
2022-12-02,13.006000,13.006000,13.006000,13.006000,0.000000,12.095212
2022-12-05,12.867000,12.867000,12.867000,12.867000,0.000000,11.965945
2022-12-06,12.762000,12.762000,12.762000,12.762000,0.000000,11.868299
2022-12-07,12.695000,12.695000,12.695000,12.695000,0.000000,11.805991
2022-12-08,12.740000,12.740000,12.740000,12.740000,0.000000,11.847839
2022-12-09,12.738000,12.738000,12.738000,12.738000,0.000000,11.845979
2022-12-12,12.800000,12.800000,12.800000,12.800000,0.000000,11.903638
2022-12-13,12.947000,12.947000,12.947000,12.947000,0.000000,12.040344
2022-12-14,12.921000,12.921000,12.921000,12.921000,0.000000,12.016166
2022-12-15,12.616000,12.616000,12.616000,12.616000,0.000000,11.732523
2022-12-16,12.501000,12.501000,12.501000,12.501000,0.000000,11.625577
2022-12-19,12.474000,12.474000,12.474000,12.474000,0.000000,11.600466
2022-12-20,12.444000,12.444000,12.444000,12.444000,0.000000,11.572568
2022-12-21,12.608000,12.608000,12.608000,12.608000,0.000000,11.725083
2022-12-22,12.496000,12.496000,12.496000,12.496000,0.000000,11.620928
2022-12-23,12.533000,12.533000,12.533000,12.533000,0.000000,11.655335
2022-12-27,,,,,,
2022-12-28,,,,,,
2022-12-29,12.619000,12.619000,12.619000,12.619000,0.000000,11.735312
2022-12-30,12.538000,12.538000,12.538000,12.538000,0.000000,11.659986
2023-01-03,12.433000,12.433000,12.433000,12.433000,0.000000,11.670024
2023-01-04,12.593000,12.593000,12.593000,12.593000,0.000000,11.820208
2023-01-05,12.449000,12.449000,12.449000,12.449000,0.000000,11.685044
2023-01-06,12.715000,12.715000,12.715000,12.715000,0.000000,11.934718
2023-01-09,12.750000,12.750000,12.750000,12.750000,0.000000,11.967572
2023-01-10,12.739000,12.739000,12.739000,12.739000,0.000000,11.957248
2023-01-11,12.797000,12.797000,12.797000,12.797000,0.000000,12.011688
2023-01-12,12.821000,12.821000,12.821000,12.821000,0.000000,12.034215
2023-01-13,12.891000,12.891000,12.891000,12.891000,0.000000,12.099917
2023-01-17,12.876000,12.876000,12.876000,12.876000,0.000000,12.085840
2023-01-18,12.752000,12.752000,12.752000,12.752000,0.000000,11.969449
2023-01-19,12.559000,12.559000,12.559000,12.559000,0.000000,11.788294
2023-01-20,12.676000,12.676000,12.676000,12.676000,0.000000,11.898112
2023-01-23,12.801000,12.801000,12.801000,12.801000,0.000000,12.015442
2023-01-24,12.793000,12.793000,12.793000,12.793000,0.000000,12.007933
2023-01-25,12.758000,12.758000,12.758000,12.758000,0.000000,11.975080
2023-01-26,12.716000,12.716000,12.716000,12.716000,0.000000,11.935658
2023-01-27,12.697000,12.697000,12.697000,12.697000,0.000000,11.917825
2023-01-30,12.690000,12.690000,12.690000,12.690000,0.000000,11.911254
2023-01-31,12.779000,12.779000,12.779000,12.779000,0.000000,11.994793
2023-02-01,12.894000,12.894000,12.894000,12.894000,0.000000,12.102734
2023-02-02,12.920000,12.920000,12.920000,12.920000,0.000000,12.127140
2023-02-03,12.871000,12.871000,12.871000,12.871000,0.000000,12.081147
2023-02-06,,,,,,
2023-02-07,12.736000,12.736000,12.736000,12.736000,0.000000,11.954432
2023-02-08,12.686000,12.686000,12.686000,12.686000,0.000000,11.907499
2023-02-09,12.645000,12.645000,12.645000,12.645000,0.000000,11.869017
2023-02-10,12.640000,12.640000,12.640000,12.640000,0.000000,11.864323
2023-02-13,12.820000,12.820000,12.820000,12.820000,0.000000,12.033276
2023-02-14,12.770000,12.770000,12.770000,12.770000,0.000000,11.986345
2023-02-15,12.782000,12.782000,12.782000,12.782000,0.000000,11.997607
2023-02-16,12.742000,12.742000,12.742000,12.742000,0.000000,11.960063
2023-02-17,12.787000,12.787000,12.787000,12.787000,0.000000,12.002301
2023-02-21,12.655000,12.655000,12.655000,12.655000,0.000000,11.878402
2023-02-22,12.624000,12.624000,12.624000,12.624000,0.000000,11.849303
2023-02-23,12.622000,12.622000,12.622000,12.622000,0.000000,11.847426
2023-02-24,12.515000,12.515000,12.515000,12.515000,0.000000,11.746994
2023-02-27,12.564000,12.564000,12.564000,12.564000,0.000000,11.792986
2023-02-28,12.531000,12.531000,12.531000,12.531000,0.000000,11.762011
2023-03-01,12.522000,12.522000,12.522000,12.522000,0.000000,11.753563
2023-03-02,12.599000,12.599000,12.599000,12.599000,0.000000,11.825838
2023-03-03,12.712000,12.712000,12.712000,12.712000,0.000000,11.931904
2023-03-06,12.714000,12.714000,12.714000,12.714000,0.000000,11.933780
2023-03-07,12.552000,12.552000,12.552000,12.552000,0.000000,11.781722
2023-03-08,12.551000,12.551000,12.551000,12.551000,0.000000,11.780784
2023-03-09,12.473000,12.473000,12.473000,12.473000,0.000000,11.707569
2023-03-10,12.385000,12.385000,12.385000,12.385000,0.000000,11.624971
2023-03-13,12.374000,12.374000,12.374000,12.374000,0.000000,11.614646
2023-03-14,12.524000,12.524000,12.524000,12.524000,0.000000,11.755441
2023-03-15,12.310000,12.310000,12.310000,12.310000,0.000000,11.554575
2023-03-16,12.528000,12.528000,12.528000,12.528000,0.000000,11.759194
2023-03-17,,,,,,
2023-03-20,12.609000,12.609000,12.609000,12.609000,0.000000,11.835225
2023-03-21,12.712000,12.712000,12.712000,12.712000,0.000000,11.931904
2023-03-22,12.652000,12.652000,12.652000,12.652000,0.000000,11.875587
2023-03-23,12.717000,12.717000,12.717000,12.717000,0.000000,11.936597
2023-03-24,12.693000,12.693000,12.693000,12.693000,0.000000,11.914070
2023-03-27,12.740000,12.740000,12.740000,12.740000,0.000000,11.958186
2023-03-28,12.785000,12.785000,12.785000,12.785000,0.000000,12.000424
2023-03-29,12.927000,12.927000,12.927000,12.927000,0.000000,12.133710
2023-03-30,13.005000,13.005000,13.005000,13.005000,0.000000,12.206923
2023-03-31,13.129000,13.129000,13.129000,13.129000,0.000000,12.323314
2023-04-03,13.128000,13.128000,13.128000,13.128000,0.000000,12.322376
2023-04-04,13.094000,13.094000,13.094000,13.094000,0.000000,12.290462
2023-04-05,13.056000,13.056000,13.056000,13.056000,0.000000,12.254793
2023-04-06,13.063000,13.063000,13.063000,13.063000,0.000000,12.261364
2023-04-10,,,,,,
2023-04-11,13.078000,13.078000,13.078000,13.078000,0.000000,12.275444
2023-04-12,13.114000,13.114000,13.114000,13.114000,0.000000,12.309235
2023-04-13,13.204000,13.204000,13.204000,13.204000,0.000000,12.393713
2023-04-14,13.212000,13.212000,13.212000,13.212000,0.000000,12.401219
2023-04-17,13.253000,13.253000,13.253000,13.253000,0.000000,12.439706
2023-04-18,13.276000,13.276000,13.276000,13.276000,0.000000,12.461291
2023-04-19,13.253000,13.253000,13.253000,13.253000,0.000000,12.439706
2023-04-20,13.283000,13.283000,13.283000,13.283000,0.000000,12.467864
2023-04-21,13.315000,13.315000,13.315000,13.315000,0.000000,12.497899
2023-04-24,13.355000,13.355000,13.355000,13.355000,0.000000,12.535444
2023-04-25,13.311000,13.311000,13.311000,13.311000,0.000000,12.494144
2023-04-26,13.182000,13.182000,13.182000,13.182000,0.000000,12.373062
2023-04-27,13.326000,13.326000,13.326000,13.326000,0.000000,12.508224
2023-04-28,13.438000,13.438000,13.438000,13.438000,0.000000,12.613351
2023-05-01,,,,,,
2023-05-02,13.340000,13.340000,13.340000,13.340000,0.000000,12.521365
2023-05-03,13.357000,13.357000,13.357000,13.357000,0.000000,12.537322
2023-05-04,13.289000,13.289000,13.289000,13.289000,0.000000,12.473495
2023-05-05,13.419000,13.419000,13.419000,13.419000,0.000000,12.595517
2023-05-08,,,,,,
2023-05-09,13.382000,13.382000,13.382000,13.382000,0.000000,12.560788
2023-05-10,13.356000,13.356000,13.356000,13.356000,0.000000,12.536384
2023-05-11,13.347000,13.347000,13.347000,13.347000,0.000000,12.527936
2023-05-12,13.359000,13.359000,13.359000,13.359000,0.000000,12.539200
2023-05-15,13.399000,13.399000,13.399000,13.399000,0.000000,12.576746
2023-05-16,13.305000,13.305000,13.305000,13.305000,0.000000,12.488515
2023-05-17,13.346000,13.346000,13.346000,13.346000,0.000000,12.526997
2023-05-18,13.394000,13.394000,13.394000,13.394000,0.000000,12.572052
2023-05-19,13.456000,13.456000,13.456000,13.456000,0.000000,12.630246
2023-05-22,13.414000,13.414000,13.414000,13.414000,0.000000,12.590824
2023-05-23,13.253000,13.253000,13.253000,13.253000,0.000000,12.439706
2023-05-24,13.096000,13.096000,13.096000,13.096000,0.000000,12.292337
2023-05-25,13.171000,13.171000,13.171000,13.171000,0.000000,12.362735
2023-05-26,13.330000,13.330000,13.330000,13.330000,0.000000,12.511979
2023-05-30,13.228000,13.228000,13.228000,13.228000,0.000000,12.416239
2023-05-31,13.085000,13.085000,13.085000,13.085000,0.000000,12.282014
2023-06-01,13.173000,13.173000,13.173000,13.173000,0.000000,12.364614
2023-06-02,13.394000,13.394000,13.394000,13.394000,0.000000,12.572052
2023-06-05,,,,,,
2023-06-06,13.337000,13.337000,13.337000,13.337000,0.000000,12.518549
2023-06-07,13.331000,13.331000,13.331000,13.331000,0.000000,12.512918
2023-06-08,13.381000,13.381000,13.381000,13.381000,0.000000,12.559849
2023-06-09,13.380000,13.380000,13.380000,13.380000,0.000000,12.558909
2023-06-12,13.437000,13.437000,13.437000,13.437000,0.000000,12.612413
2023-06-13,13.538000,13.538000,13.538000,13.538000,0.000000,12.707215
2023-06-14,13.601000,13.601000,13.601000,13.601000,0.000000,12.766349
2023-06-15,13.731000,13.731000,13.731000,13.731000,0.000000,12.888370
2023-06-16,13.742000,13.742000,13.742000,13.742000,0.000000,12.898695
2023-06-20,13.602000,13.602000,13.602000,13.602000,0.000000,12.767287
2023-06-21,13.579000,13.579000,13.579000,13.579000,0.000000,12.745700
2023-06-22,13.568000,13.568000,13.568000,13.568000,0.000000,12.735374
2023-06-23,13.467000,13.467000,13.467000,13.467000,0.000000,12.640572
2023-06-26,13.456000,13.456000,13.456000,13.456000,0.000000,12.630246
2023-06-27,13.562000,13.562000,13.562000,13.562000,0.000000,12.729742
2023-06-28,13.519000,13.519000,13.519000,13.519000,0.000000,12.689381
2023-06-29,13.546000,13.546000,13.546000,13.546000,0.000000,12.714723
2023-06-30,13.702000,13.702000,13.702000,13.702000,0.000000,12.861150
2023-07-03,13.525000,13.525000,13.525000,13.525000,0.000000,12.841492
2023-07-05,13.445000,13.445000,13.445000,13.445000,0.000000,12.765535
2023-07-06,13.300000,13.300000,13.300000,13.300000,0.000000,12.627864
2023-07-07,13.267000,13.267000,13.267000,13.267000,0.000000,12.596531
2023-07-10,13.326000,13.326000,13.326000,13.326000,0.000000,12.652549
2023-07-11,13.399000,13.399000,13.399000,13.399000,0.000000,12.721861
2023-07-12,13.534000,13.534000,13.534000,13.534000,0.000000,12.850039
2023-07-13,13.651000,13.651000,13.651000,13.651000,0.000000,12.961125
2023-07-14,13.681000,13.681000,13.681000,13.681000,0.000000,12.989608
2023-07-17,13.672000,13.672000,13.672000,13.672000,0.000000,12.981063
2023-07-18,13.730000,13.730000,13.730000,13.730000,0.000000,13.036133
2023-07-19,13.725000,13.725000,13.725000,13.725000,0.000000,13.031385
2023-07-20,13.769000,13.769000,13.769000,13.769000,0.000000,13.073161
2023-07-21,13.798000,13.798000,13.798000,13.798000,0.000000,13.100698
2023-07-24,13.811000,13.811000,13.811000,13.811000,0.000000,13.113039
2023-07-25,13.859000,13.859000,13.859000,13.859000,0.000000,13.158614
2023-07-26,13.820000,13.820000,13.820000,13.820000,0.000000,13.121583
2023-07-27,13.797000,13.797000,13.797000,13.797000,0.000000,13.099747
2023-07-28,13.860000,13.860000,13.860000,13.860000,0.000000,13.159562
2023-07-31,13.817000,13.817000,13.817000,13.817000,0.000000,13.118737
2023-08-01,13.787000,13.787000,13.787000,13.787000,0.000000,13.090252
2023-08-02,13.707000,13.707000,13.707000,13.707000,0.000000,13.014294
2023-08-03,13.661000,13.661000,13.661000,13.661000,0.000000,12.970620
2023-08-04,13.633000,13.633000,13.633000,13.633000,0.000000,12.944035
2023-08-07,,,,,,
2023-08-08,13.693000,13.693000,13.693000,13.693000,0.000000,13.001003
2023-08-09,13.688000,13.688000,13.688000,13.688000,0.000000,12.996255
2023-08-10,13.716000,13.716000,13.716000,13.716000,0.000000,13.022840
2023-08-11,13.674000,13.674000,13.674000,13.674000,0.000000,12.982962
2023-08-14,13.681000,13.681000,13.681000,13.681000,0.000000,12.989608
2023-08-15,13.571000,13.571000,13.571000,13.571000,0.000000,12.885167
2023-08-16,13.538000,13.538000,13.538000,13.538000,0.000000,12.853835
2023-08-17,13.427000,13.427000,13.427000,13.427000,0.000000,12.748445
2023-08-18,13.387000,13.387000,13.387000,13.387000,0.000000,12.710467
2023-08-21,13.405000,13.405000,13.405000,13.405000,0.000000,12.727556
2023-08-22,13.360000,13.360000,13.360000,13.360000,0.000000,12.684831
2023-08-23,13.501000,13.501000,13.501000,13.501000,0.000000,12.818707
2023-08-24,13.415000,13.415000,13.415000,13.415000,0.000000,12.737052
2023-08-25,13.450000,13.450000,13.450000,13.450000,0.000000,12.770283
2023-08-28,,,,,,
2023-08-29,13.631000,13.631000,13.631000,13.631000,0.000000,12.942136
2023-08-30,13.685000,13.685000,13.685000,13.685000,0.000000,12.993407
2023-08-31,13.610000,13.610000,13.610000,13.610000,0.000000,12.922196
2023-09-01,13.590000,13.590000,13.590000,13.590000,0.000000,12.903208
2023-09-05,13.440000,13.440000,13.440000,13.440000,0.000000,12.760788
2023-09-06,13.432000,13.432000,13.432000,13.432000,0.000000,12.753193
2023-09-07,13.440000,13.440000,13.440000,13.440000,0.000000,12.760788
2023-09-08,13.448000,13.448000,13.448000,13.448000,0.000000,12.768384
2023-09-11,13.516000,13.516000,13.516000,13.516000,0.000000,12.832948
2023-09-12,13.437000,13.437000,13.437000,13.437000,0.000000,12.757939
2023-09-13,13.396000,13.396000,13.396000,13.396000,0.000000,12.719010
2023-09-14,13.478000,13.478000,13.478000,13.478000,0.000000,12.796866
2023-09-15,13.383000,13.383000,13.383000,13.383000,0.000000,12.706670
2023-09-18,13.372000,13.372000,13.372000,13.372000,0.000000,12.696224
2023-09-19,13.357000,13.357000,13.357000,13.357000,0.000000,12.681983
2023-09-20,13.353000,13.353000,13.353000,13.353000,0.000000,12.678185
2023-09-21,13.142000,13.142000,13.142000,13.142000,0.000000,12.477848
2023-09-22,13.125000,13.125000,13.125000,13.125000,0.000000,12.461707
2023-09-25,13.090000,13.090000,13.090000,13.090000,0.000000,12.428477
2023-09-26,12.957000,12.957000,12.957000,12.957000,0.000000,12.302197
2023-09-27,12.929000,12.929000,12.929000,12.929000,0.000000,12.275612
2023-09-28,12.995000,12.995000,12.995000,12.995000,0.000000,12.338277
2023-09-29,13.002000,13.002000,13.002000,13.002000,0.000000,12.344924
2023-10-02,12.887000,12.887000,12.887000,12.887000,0.000000,12.235735
2023-10-03,12.779000,12.779000,12.779000,12.779000,0.000000,12.133194
2023-10-04,12.831000,12.831000,12.831000,12.831000,0.000000,12.182566
2023-10-05,12.812000,12.812000,12.812000,12.812000,0.000000,12.164525
2023-10-06,12.905000,12.905000,12.905000,12.905000,0.000000,12.252826
2023-10-09,,,,,,
2023-10-10,13.073000,13.073000,13.073000,13.073000,0.000000,12.412335
2023-10-11,13.133000,13.133000,13.133000,13.133000,0.000000,12.469303
2023-10-12,13.069000,13.069000,13.069000,13.069000,0.000000,12.408537
2023-10-13,12.977000,12.977000,12.977000,12.977000,0.000000,12.321187
2023-10-16,13.071000,13.071000,13.071000,13.071000,0.000000,12.410437
2023-10-17,13.124000,13.124000,13.124000,13.124000,0.000000,12.460756
2023-10-18,12.989000,12.989000,12.989000,12.989000,0.000000,12.332581
2023-10-19,12.896000,12.896000,12.896000,12.896000,0.000000,12.244280
2023-10-20,12.774000,12.774000,12.774000,12.774000,0.000000,12.128446
2023-10-23,12.756000,12.756000,12.756000,12.756000,0.000000,12.111355
2023-10-24,12.818000,12.818000,12.818000,12.818000,0.000000,12.170222
2023-10-25,12.758000,12.758000,12.758000,12.758000,0.000000,12.113254
2023-10-26,12.665000,12.665000,12.665000,12.665000,0.000000,12.024954
2023-10-27,12.534000,12.534000,12.534000,12.534000,0.000000,11.900574
2023-10-30,,,,,,
2023-10-31,12.672000,12.672000,12.672000,12.672000,0.000000,12.031601
2023-11-01,12.748000,12.748000,12.748000,12.748000,0.000000,12.103761
2023-11-02,12.978000,12.978000,12.978000,12.978000,0.000000,12.322136
2023-11-03,13.037000,13.037000,13.037000,13.037000,0.000000,12.378154
2023-11-06,13.070000,13.070000,13.070000,13.070000,0.000000,12.409487
2023-11-07,13.043000,13.043000,13.043000,13.043000,0.000000,12.383851
2023-11-08,13.082000,13.082000,13.082000,13.082000,0.000000,12.420880
2023-11-09,13.125000,13.125000,13.125000,13.125000,0.000000,12.461707
2023-11-10,13.156000,13.156000,13.156000,13.156000,0.000000,12.491140
2023-11-13,13.176000,13.176000,13.176000,13.176000,0.000000,12.510129
2023-11-14,13.363000,13.363000,13.363000,13.363000,0.000000,12.687679
2023-11-15,13.375000,13.375000,13.375000,13.375000,0.000000,12.699073
2023-11-16,13.336000,13.336000,13.336000,13.336000,0.000000,12.662045
2023-11-17,13.398000,13.398000,13.398000,13.398000,0.000000,12.720911
2023-11-20,13.432000,13.432000,13.432000,13.432000,0.000000,12.753193
2023-11-21,13.478000,13.478000,13.478000,13.478000,0.000000,12.796866
2023-11-22,13.502000,13.502000,13.502000,13.502000,0.000000,12.819655
2023-11-24,13.572000,13.572000,13.572000,13.572000,0.000000,12.886116
2023-11-27,13.530000,13.530000,13.530000,13.530000,0.000000,12.846239
2023-11-28,13.512000,13.512000,13.512000,13.512000,0.000000,12.829150
2023-11-29,13.523000,13.523000,13.523000,13.523000,0.000000,12.839593
2023-11-30,13.591000,13.591000,13.591000,13.591000,0.000000,12.904157
2023-12-01,13.657000,13.657000,13.657000,13.657000,0.000000,12.966821
2023-12-04,13.629000,13.629000,13.629000,13.629000,0.000000,12.940236
2023-12-05,13.587000,13.587000,13.587000,13.587000,0.000000,12.900358
2023-12-06,13.589000,13.589000,13.589000,13.589000,0.000000,12.902259
2023-12-07,13.603000,13.603000,13.603000,13.603000,0.000000,12.915550
2023-12-08,13.667000,13.667000,13.667000,13.667000,0.000000,12.976316
2023-12-11,13.800000,13.800000,13.800000,13.800000,0.000000,13.102595
2023-12-12,13.879000,13.879000,13.879000,13.879000,0.000000,13.177603
2023-12-13,13.940000,13.940000,13.940000,13.940000,0.000000,13.235519
2023-12-14,14.028000,14.028000,14.028000,14.028000,0.000000,13.319073
2023-12-15,14.002000,14.002000,14.002000,14.002000,0.000000,13.294386
2023-12-18,14.035000,14.035000,14.035000,14.035000,0.000000,13.325719
2023-12-19,14.091000,14.091000,14.091000,14.091000,0.000000,13.378888
2023-12-20,13.979000,13.979000,13.979000,13.979000,0.000000,13.272550
2023-12-21,14.043000,14.043000,14.043000,14.043000,0.000000,13.333315
2023-12-22,14.109000,14.109000,14.109000,14.109000,0.000000,13.395980
2023-12-26,,,,,,
2023-12-27,,,,,,
2023-12-28,14.234000,14.234000,14.234000,14.234000,0.000000,13.514663
2023-12-29,14.217000,14.217000,14.217000,14.217000,0.000000,13.498522
2024-01-02,14.030000,14.030000,14.030000,14.030000,0.000000,13.427861
2024-01-03,13.911000,13.911000,13.911000,13.911000,0.000000,13.313969
2024-01-04,13.959000,13.959000,13.959000,13.959000,0.000000,13.359908
2024-01-05,13.924000,13.924000,13.924000,13.924000,0.000000,13.326411
2024-01-08,14.027000,14.027000,14.027000,14.027000,0.000000,13.424991
2024-01-09,13.975000,13.975000,13.975000,13.975000,0.000000,13.375222
2024-01-10,14.040000,14.040000,14.040000,14.040000,0.000000,13.437431
2024-01-11,13.999000,13.999000,13.999000,13.999000,0.000000,13.398191
2024-01-12,14.091000,14.091000,14.091000,14.091000,0.000000,13.486243
2024-01-16,13.998000,13.998000,13.998000,13.998000,0.000000,13.397235
2024-01-17,13.916000,13.916000,13.916000,13.916000,0.000000,13.318755
2024-01-18,14.036000,14.036000,14.036000,14.036000,0.000000,13.433604
2024-01-19,14.123000,14.123000,14.123000,14.123000,0.000000,13.516870
2024-01-22,14.168000,14.168000,14.168000,14.168000,0.000000,13.559938
2024-01-23,14.167000,14.167000,14.167000,14.167000,0.000000,13.558981
2024-01-24,14.176000,14.176000,14.176000,14.176000,0.000000,13.567595
2024-01-25,14.176000,14.176000,14.176000,14.176000,0.000000,13.567595
2024-01-26,14.229000,14.229000,14.229000,14.229000,0.000000,13.618321
2024-01-29,14.256000,14.256000,14.256000,14.256000,0.000000,13.644161
2024-01-30,14.297000,14.297000,14.297000,14.297000,0.000000,13.683402
2024-01-31,14.218000,14.218000,14.218000,14.218000,0.000000,13.607794
2024-02-01,14.253000,14.253000,14.253000,14.253000,0.000000,13.641291
2024-02-02,14.292000,14.292000,14.292000,14.292000,0.000000,13.678617
2024-02-05,,,,,,
2024-02-06,14.336000,14.336000,14.336000,14.336000,0.000000,13.720729
2024-02-07,14.442000,14.442000,14.442000,14.442000,0.000000,13.822181
2024-02-08,14.486000,14.486000,14.486000,14.486000,0.000000,13.864291
2024-02-09,14.492000,14.492000,14.492000,14.492000,0.000000,13.870033
2024-02-12,14.483000,14.483000,14.483000,14.483000,0.000000,13.861420
2024-02-13,14.318000,14.318000,14.318000,14.318000,0.000000,13.703501
2024-02-14,14.408000,14.408000,14.408000,14.408000,0.000000,13.789639
2024-02-15,14.497000,14.497000,14.497000,14.497000,0.000000,13.874819
2024-02-16,14.517000,14.517000,14.517000,14.517000,0.000000,13.893960
2024-02-20,14.567000,14.567000,14.567000,14.567000,0.000000,13.941814
2024-02-21,14.572000,14.572000,14.572000,14.572000,0.000000,13.946599
2024-02-22,14.709000,14.709000,14.709000,14.709000,0.000000,14.077721
2024-02-23,14.751000,14.751000,14.751000,14.751000,0.000000,14.117918
2024-02-26,14.730000,14.730000,14.730000,14.730000,0.000000,14.097818
2024-02-27,14.682000,14.682000,14.682000,14.682000,0.000000,14.051879
2024-02-28,14.605000,14.605000,14.605000,14.605000,0.000000,13.978184
2024-02-29,14.628000,14.628000,14.628000,14.628000,0.000000,14.000197
2024-03-01,14.748000,14.748000,14.748000,14.748000,0.000000,14.115047
2024-03-04,14.803000,14.803000,14.803000,14.803000,0.000000,14.167686
2024-03-05,14.692000,14.692000,14.692000,14.692000,0.000000,14.061450
2024-03-06,14.786000,14.786000,14.786000,14.786000,0.000000,14.151416
2024-03-07,14.965000,14.965000,14.965000,14.965000,0.000000,14.322733
2024-03-08,14.944000,14.944000,14.944000,14.944000,0.000000,14.302635
2024-03-11,14.896000,14.896000,14.896000,14.896000,0.000000,14.256695
2024-03-12,15.022000,15.022000,15.022000,15.022000,0.000000,14.377288
2024-03-13,15.018000,15.018000,15.018000,15.018000,0.000000,14.373458
2024-03-14,14.963000,14.963000,14.963000,14.963000,0.000000,14.320819
2024-03-15,14.825000,14.825000,14.825000,14.825000,0.000000,14.188743
2024-03-18,,,,,,
2024-03-19,14.777000,14.777000,14.777000,14.777000,0.000000,14.142803
2024-03-20,14.832000,14.832000,14.832000,14.832000,0.000000,14.195441
2024-03-21,14.930000,14.930000,14.930000,14.930000,0.000000,14.289235
2024-03-22,14.907000,14.907000,14.907000,14.907000,0.000000,14.267222
2024-03-25,14.854000,14.854000,14.854000,14.854000,0.000000,14.216497
2024-03-26,14.855000,14.855000,14.855000,14.855000,0.000000,14.217454
2024-03-27,14.895000,14.895000,14.895000,14.895000,0.000000,14.255737
2024-03-28,14.911000,14.911000,14.911000,14.911000,0.000000,14.271051
2024-04-01,,,,,,
2024-04-02,14.770000,14.770000,14.770000,14.770000,0.000000,14.136104
2024-04-03,14.754000,14.754000,14.754000,14.754000,0.000000,14.120789
2024-04-04,14.676000,14.676000,14.676000,14.676000,0.000000,14.046137
2024-04-05,14.685000,14.685000,14.685000,14.685000,0.000000,14.054751
2024-04-08,14.706000,14.706000,14.706000,14.706000,0.000000,14.074850
2024-04-09,14.711000,14.711000,14.711000,14.711000,0.000000,14.079636
2024-04-10,14.610000,14.610000,14.610000,14.610000,0.000000,13.982969
2024-04-11,14.590000,14.590000,14.590000,14.590000,0.000000,13.963827
2024-04-12,14.419000,14.419000,14.419000,14.419000,0.000000,13.800166
2024-04-15,14.368000,14.368000,14.368000,14.368000,0.000000,13.751354
2024-04-16,14.279000,14.279000,14.279000,14.279000,0.000000,13.666176
2024-04-17,14.259000,14.259000,14.259000,14.259000,0.000000,13.647034
2024-04-18,14.289000,14.289000,14.289000,14.289000,0.000000,13.675746
2024-04-19,14.302000,14.302000,14.302000,14.302000,0.000000,13.688188
2024-04-22,14.397000,14.397000,14.397000,14.397000,0.000000,13.779111
2024-04-23,14.532000,14.532000,14.532000,14.532000,0.000000,13.908316
2024-04-24,14.556000,14.556000,14.556000,14.556000,0.000000,13.931287
2024-04-25,14.522000,14.522000,14.522000,14.522000,0.000000,13.898747
2024-04-26,14.578000,14.578000,14.578000,14.578000,0.000000,13.952343
2024-04-29,14.640000,14.640000,14.640000,14.640000,0.000000,14.011683
2024-04-30,14.525000,14.525000,14.525000,14.525000,0.000000,13.901617
2024-05-01,14.483000,14.483000,14.483000,14.483000,0.000000,13.861420
2024-05-02,14.472000,14.472000,14.472000,14.472000,0.000000,13.850892
2024-05-03,14.646000,14.646000,14.646000,14.646000,0.000000,14.017424
2024-05-06,,,,,,
2024-05-07,14.833000,14.833000,14.833000,14.833000,0.000000,14.196399
2024-05-08,14.920000,14.920000,14.920000,14.920000,0.000000,14.279666
2024-05-09,15.008000,15.008000,15.008000,15.008000,0.000000,14.363889
2024-05-10,15.118000,15.118000,15.118000,15.118000,0.000000,14.469168
2024-05-13,15.152000,15.152000,15.152000,15.152000,0.000000,14.501708
2024-05-14,15.203000,15.203000,15.203000,15.203000,0.000000,14.550519
2024-05-15,15.353000,15.353000,15.353000,15.353000,0.000000,14.694081
2024-05-16,15.339000,15.339000,15.339000,15.339000,0.000000,14.680682
2024-05-17,15.335000,15.335000,15.335000,15.335000,0.000000,14.676854
2024-05-20,15.326000,15.326000,15.326000,15.326000,0.000000,14.668240
2024-05-21,15.330000,15.330000,15.330000,15.330000,0.000000,14.672069
2024-05-22,15.328000,15.328000,15.328000,15.328000,0.000000,14.670154
2024-05-23,15.230000,15.230000,15.230000,15.230000,0.000000,14.576360
2024-05-24,15.245000,15.245000,15.245000,15.245000,0.000000,14.590715
2024-05-28,15.105000,15.105000,15.105000,15.105000,0.000000,14.456724
2024-05-29,14.923000,14.923000,14.923000,14.923000,0.000000,14.282537
2024-05-30,14.992000,14.992000,14.992000,14.992000,0.000000,14.348576
2024-05-31,15.119000,15.119000,15.119000,15.119000,0.000000,14.470125
2024-06-03,,,,,,
2024-06-04,15.173000,15.173000,15.173000,15.173000,0.000000,14.521807
2024-06-05,15.297000,15.297000,15.297000,15.297000,0.000000,14.640484
2024-06-06,15.332000,15.332000,15.332000,15.332000,0.000000,14.673983
2024-06-07,15.325000,15.325000,15.325000,15.325000,0.000000,14.667282
2024-06-10,15.292000,15.292000,15.292000,15.292000,0.000000,14.635698
2024-06-11,15.237000,15.237000,15.237000,15.237000,0.000000,14.583061
2024-06-12,15.446000,15.446000,15.446000,15.446000,0.000000,14.783091
2024-06-13,15.402000,15.402000,15.402000,15.402000,0.000000,14.740979
2024-06-14,15.305000,15.305000,15.305000,15.305000,0.000000,14.648142
2024-06-17,15.423000,15.423000,15.423000,15.423000,0.000000,14.761077
2024-06-18,15.503000,15.503000,15.503000,15.503000,0.000000,14.837644
2024-06-20,15.479000,15.479000,15.479000,15.479000,0.000000,14.814672
2024-06-21,15.436000,15.436000,15.436000,15.436000,0.000000,14.773520
2024-06-24,15.499000,15.499000,15.499000,15.499000,0.000000,14.833815
2024-06-25,15.413000,15.413000,15.413000,15.413000,0.000000,14.751507
2024-06-26,15.295000,15.295000,15.295000,15.295000,0.000000,14.638571
2024-06-27,15.279000,15.279000,15.279000,15.279000,0.000000,14.623258
2024-06-28,15.268000,15.268000,15.268000,15.268000,0.000000,14.612729
2024-07-01,15.042000,15.042000,15.042000,15.042000,0.000000,14.565329
2024-07-02,15.080000,15.080000,15.080000,15.080000,0.000000,14.602124
2024-07-03,15.166000,15.166000,15.166000,15.166000,0.000000,14.685400
2024-07-05,15.203000,15.203000,15.203000,15.203000,0.000000,14.721227
2024-07-08,15.209000,15.209000,15.209000,15.209000,0.000000,14.727036
2024-07-09,15.143000,15.143000,15.143000,15.143000,0.000000,14.663128
2024-07-10,15.283000,15.283000,15.283000,15.283000,0.000000,14.798692
2024-07-11,15.374000,15.374000,15.374000,15.374000,0.000000,14.886807
2024-07-12,15.521000,15.521000,15.521000,15.521000,0.000000,15.029150
2024-07-15,15.462000,15.462000,15.462000,15.462000,0.000000,14.972019
2024-07-16,15.524000,15.524000,15.524000,15.524000,0.000000,15.032054
2024-07-17,15.570000,15.570000,15.570000,15.570000,0.000000,15.076596
2024-07-18,15.489000,15.489000,15.489000,15.489000,0.000000,14.998163
2024-07-19,15.351000,15.351000,15.351000,15.351000,0.000000,14.864537
2024-07-22,15.456000,15.456000,15.456000,15.456000,0.000000,14.966208
2024-07-23,15.401000,15.401000,15.401000,15.401000,0.000000,14.912952
2024-07-24,15.258000,15.258000,15.258000,15.258000,0.000000,14.774484
2024-07-25,15.246000,15.246000,15.246000,15.246000,0.000000,14.762864
2024-07-26,15.440000,15.440000,15.440000,15.440000,0.000000,14.950715
2024-07-29,15.360000,15.360000,15.360000,15.360000,0.000000,14.873250
2024-07-30,15.338000,15.338000,15.338000,15.338000,0.000000,14.851949
2024-07-31,15.501000,15.501000,15.501000,15.501000,0.000000,15.009784
2024-08-01,15.385000,15.385000,15.385000,15.385000,0.000000,14.897459
2024-08-02,15.284000,15.284000,15.284000,15.284000,0.000000,14.799661
2024-08-05,,,,,,
2024-08-06,15.069000,15.069000,15.069000,15.069000,0.000000,14.591474
2024-08-07,15.084000,15.084000,15.084000,15.084000,0.000000,14.605997
2024-08-08,15.264000,15.264000,15.264000,15.264000,0.000000,14.780293
2024-08-09,15.322000,15.322000,15.322000,15.322000,0.000000,14.836455
2024-08-12,15.263000,15.263000,15.263000,15.263000,0.000000,14.779325
2024-08-13,15.419000,15.419000,15.419000,15.419000,0.000000,14.930382
2024-08-14,15.523000,15.523000,15.523000,15.523000,0.000000,15.031085
2024-08-15,15.658000,15.658000,15.658000,15.658000,0.000000,15.161808
2024-08-16,15.684000,15.684000,15.684000,15.684000,0.000000,15.186985
2024-08-19,15.799000,15.799000,15.799000,15.799000,0.000000,15.298340
2024-08-20,15.814000,15.814000,15.814000,15.814000,0.000000,15.312864
2024-08-21,15.906000,15.906000,15.906000,15.906000,0.000000,15.401949
2024-08-22,15.912000,15.912000,15.912000,15.912000,0.000000,15.407759
2024-08-23,16.045000,16.045000,16.045000,16.045000,0.000000,15.536544
2024-08-26,,,,,,
2024-08-27,16.070000,16.070000,16.070000,16.070000,0.000000,15.560751
2024-08-28,16.070999,16.070999,16.070999,16.070999,0.000000,15.561719
2024-08-29,16.115000,16.115000,16.115000,16.115000,0.000000,15.604326
2024-08-30,16.224001,16.224001,16.224001,16.224001,0.000000,15.709873
2024-09-03,16.066000,16.066000,16.066000,16.066000,0.000000,15.556879
2024-09-04,16.082001,16.082001,16.082001,16.082001,0.000000,15.572373
2024-09-05,15.956000,15.956000,15.956000,15.956000,0.000000,15.450365
2024-09-06,15.837000,15.837000,15.837000,15.837000,0.000000,15.335135
2024-09-09,15.935000,15.935000,15.935000,15.935000,0.000000,15.430031
2024-09-10,15.953000,15.953000,15.953000,15.953000,0.000000,15.447459
2024-09-11,15.953000,15.953000,15.953000,15.953000,0.000000,15.447459
2024-09-12,16.063000,16.063000,16.063000,16.063000,0.000000,15.553973
2024-09-13,16.186001,16.186001,16.186001,16.186001,0.000000,15.673076
2024-09-16,16.240999,16.240999,16.240999,16.240999,0.000000,15.726332
2024-09-17,16.254000,16.254000,16.254000,16.254000,0.000000,15.738920
2024-09-18,16.174999,16.174999,16.174999,16.174999,0.000000,15.662425
2024-09-19,16.327999,16.327999,16.327999,16.327999,0.000000,15.810575
2024-09-20,16.221001,16.221001,16.221001,16.221001,0.000000,15.706968
2024-09-23,16.320999,16.320999,16.320999,16.320999,0.000000,15.803796
2024-09-24,16.375999,16.375999,16.375999,16.375999,0.000000,15.857054
2024-09-25,16.393999,16.393999,16.393999,16.393999,0.000000,15.874482
2024-09-26,16.541000,16.541000,16.541000,16.541000,0.000000,16.016827
2024-09-27,16.535000,16.535000,16.535000,16.535000,0.000000,16.011017
2024-09-30,16.490000,16.490000,16.490000,16.490000,0.000000,15.967441
2024-10-01,16.408001,16.408001,16.408001,16.408001,0.000000,15.888041
2024-10-02,16.424999,16.424999,16.424999,16.424999,0.000000,15.904502
2024-10-03,16.301001,16.301001,16.301001,16.301001,0.000000,15.784432
2024-10-04,,,,,,
2024-10-07,16.235001,16.235001,16.235001,16.235001,0.000000,15.720524
2024-10-08,16.282000,16.282000,16.282000,16.282000,0.000000,15.766033
2024-10-09,16.398001,16.398001,16.398001,16.398001,0.000000,15.878358
2024-10-10,16.334000,16.334000,16.334000,16.334000,0.000000,15.816385
2024-10-11,16.454000,16.454000,16.454000,16.454000,0.000000,15.932584
2024-10-14,,,,,,
2024-10-15,16.473000,16.473000,16.473000,16.473000,0.000000,15.950980
2024-10-16,16.472000,16.472000,16.472000,16.472000,0.000000,15.950012
2024-10-17,16.580000,16.580000,16.580000,16.580000,0.000000,16.054592
2024-10-18,16.584000,16.584000,16.584000,16.584000,0.000000,16.058464
2024-10-21,16.482000,16.482000,16.482000,16.482000,0.000000,15.959698
2024-10-22,16.410999,16.410999,16.410999,16.410999,0.000000,15.890945
2024-10-23,16.365999,16.365999,16.365999,16.365999,0.000000,15.847371
2024-10-24,16.378000,16.378000,16.378000,16.378000,0.000000,15.858992
2024-10-25,16.340000,16.340000,16.340000,16.340000,0.000000,15.822197
2024-10-28,,,,,,
2024-10-29,16.319000,16.319000,16.319000,16.319000,0.000000,15.801861
2024-10-30,16.283001,16.283001,16.283001,16.283001,0.000000,15.767003
2024-10-31,16.038000,16.038000,16.038000,16.038000,0.000000,15.529765
2024-11-01,16.134001,16.134001,16.134001,16.134001,0.000000,15.622724
2024-11-04,16.118999,16.118999,16.118999,16.118999,0.000000,15.608198
2024-11-05,16.267000,16.267000,16.267000,16.267000,0.000000,15.751510
2024-11-06,16.301001,16.301001,16.301001,16.301001,0.000000,15.784432
2024-11-07,16.382000,16.382000,16.382000,16.382000,0.000000,15.862865
2024-11-08,16.368999,16.368999,16.368999,16.368999,0.000000,15.850276
2024-11-11,,,,,,
2024-11-12,16.115999,16.115999,16.115999,16.115999,0.000000,15.605293
2024-11-13,16.091000,16.091000,16.091000,16.091000,0.000000,15.581086
2024-11-14,16.046000,16.046000,16.046000,16.046000,0.000000,15.537512
2024-11-15,15.857000,15.857000,15.857000,15.857000,0.000000,15.354502
2024-11-18,15.920000,15.920000,15.920000,15.920000,0.000000,15.415505
2024-11-19,15.901000,15.901000,15.901000,15.901000,0.000000,15.397107
2024-11-20,15.859000,15.859000,15.859000,15.859000,0.000000,15.356439
2024-11-21,15.949000,15.949000,15.949000,15.949000,0.000000,15.443586
2024-11-22,16.084999,16.084999,16.084999,16.084999,0.000000,15.575274
2024-11-25,16.146000,16.146000,16.146000,16.146000,0.000000,15.634344
2024-11-26,16.181999,16.181999,16.181999,16.181999,0.000000,15.669203
2024-11-27,16.207001,16.207001,16.207001,16.207001,0.000000,15.693410
2024-11-29,16.285000,16.285000,16.285000,16.285000,0.000000,15.768939
2024-12-02,16.285999,16.285999,16.285999,16.285999,0.000000,15.769906
2024-12-03,16.268000,16.268000,16.268000,16.268000,0.000000,15.752477
2024-12-04,16.268999,16.268999,16.268999,16.268999,0.000000,15.753446
2024-12-05,16.299000,16.299000,16.299000,16.299000,0.000000,15.782495
2024-12-06,16.271999,16.271999,16.271999,16.271999,0.000000,15.756351
2024-12-09,16.216999,16.216999,16.216999,16.216999,0.000000,15.703093
2024-12-10,16.059999,16.059999,16.059999,16.059999,0.000000,15.551068
2024-12-11,16.146000,16.146000,16.146000,16.146000,0.000000,15.634344
2024-12-12,16.115999,16.115999,16.115999,16.115999,0.000000,15.605293
2024-12-13,16.225000,16.225000,16.225000,16.225000,0.000000,15.710840
2024-12-16,16.289000,16.289000,16.289000,16.289000,0.000000,15.772811
2024-12-17,16.208000,16.208000,16.208000,16.208000,0.000000,15.694379
2024-12-18,15.947000,15.947000,15.947000,15.947000,0.000000,15.441649
2024-12-19,15.749000,15.749000,15.749000,15.749000,0.000000,15.249925
2024-12-20,15.736000,15.736000,15.736000,15.736000,0.000000,15.237336
2024-12-23,15.813000,15.813000,15.813000,15.813000,0.000000,15.311895
2024-12-24,15.911000,15.911000,15.911000,15.911000,0.000000,15.406791
2024-12-26,,,,,,
2024-12-27,,,,,,
2024-12-30,15.747000,15.747000,15.747000,15.747000,0.000000,15.247988
2024-12-31,15.753000,15.753000,15.753000,15.753000,0.000000,15.253798
2025-01-02,15.563000,15.563000,15.563000,15.563000,0.000000,15.069818
2025-01-03,15.618000,15.618000,15.618000,15.618000,0.000000,15.123075
2025-01-06,15.612000,15.612000,15.612000,15.612000,0.000000,15.117267
2025-01-07,15.595000,15.595000,15.595000,15.595000,0.000000,15.100804
2025-01-08,15.608000,15.608000,15.608000,15.608000,0.000000,15.113392
2025-01-10,15.418000,15.418000,15.418000,15.418000,0.000000,14.929414
2025-01-13,15.362000,15.362000,15.362000,15.362000,0.000000,14.875188
2025-01-14,15.462000,15.462000,15.462000,15.462000,0.000000,14.972019
2025-01-15,15.600000,15.600000,15.600000,15.600000,0.000000,15.105646
2025-01-16,15.712000,15.712000,15.712000,15.712000,0.000000,15.214096
2025-01-17,15.813000,15.813000,15.813000,15.813000,0.000000,15.311895
2025-01-21,16.006001,16.006001,16.006001,16.006001,0.000000,15.498780
2025-01-22,16.058001,16.058001,16.058001,16.058001,0.000000,15.549133
2025-01-23,16.107000,16.107000,16.107000,16.107000,0.000000,15.596581
2025-01-24,16.205000,16.205000,16.205000,16.205000,0.000000,15.691474
2025-01-27,16.038000,16.038000,16.038000,16.038000,0.000000,15.529765
2025-01-28,15.930000,15.930000,15.930000,15.930000,0.000000,15.425189
2025-01-29,15.940000,15.940000,15.940000,15.940000,0.000000,15.434872
2025-01-30,16.114000,16.114000,16.114000,16.114000,0.000000,15.603358
2025-01-31,16.108999,16.108999,16.108999,16.108999,0.000000,15.598515
2025-02-03,,,,,,
2025-02-04,15.991000,15.991000,15.991000,15.991000,0.000000,15.484255
2025-02-05,16.110001,16.110001,16.110001,16.110001,0.000000,15.599484
2025-02-06,16.125999,16.125999,16.125999,16.125999,0.000000,15.614977
2025-02-07,16.011999,16.011999,16.011999,16.011999,0.000000,15.504590
2025-02-10,16.072001,16.072001,16.072001,16.072001,0.000000,15.562689
2025-02-11,16.121000,16.121000,16.121000,16.121000,0.000000,15.610136
2025-02-12,16.118999,16.118999,16.118999,16.118999,0.000000,15.608198
2025-02-13,16.271999,16.271999,16.271999,16.271999,0.000000,15.756351
2025-02-14,16.222000,16.222000,16.222000,16.222000,0.000000,15.707935
2025-02-18,16.290001,16.290001,16.290001,16.290001,0.000000,15.773782
2025-02-19,16.323000,16.323000,16.323000,16.323000,0.000000,15.805734
2025-02-20,16.391001,16.391001,16.391001,16.391001,0.000000,15.871580
2025-02-21,16.399000,16.399000,16.399000,16.399000,0.000000,15.879326
2025-02-24,16.340000,16.340000,16.340000,16.340000,0.000000,15.822197
2025-02-25,16.393000,16.393000,16.393000,16.393000,0.000000,15.873516
2025-02-26,16.382999,16.382999,16.382999,16.382999,0.000000,15.863832
2025-02-27,16.205999,16.205999,16.205999,16.205999,0.000000,15.692441
2025-02-28,16.305000,16.305000,16.305000,16.305000,0.000000,15.788304
2025-03-03,16.354000,16.354000,16.354000,16.354000,0.000000,15.835753
2025-03-04,16.212000,16.212000,16.212000,16.212000,0.000000,15.698253
2025-03-05,16.482000,16.482000,16.482000,16.482000,0.000000,15.959698
2025-03-06,16.430000,16.430000,16.430000,16.430000,0.000000,15.909344
2025-03-07,16.612000,16.612000,16.612000,16.612000,0.000000,16.085577
2025-03-10,16.434999,16.434999,16.434999,16.434999,0.000000,15.914186
2025-03-11,16.232000,16.232000,16.232000,16.232000,0.000000,15.717618
2025-03-12,16.159000,16.159000,16.159000,16.159000,0.000000,15.646933
2025-03-13,16.038000,16.038000,16.038000,16.038000,0.000000,15.529765
2025-03-14,16.177999,16.177999,16.177999,16.177999,0.000000,15.665330
2025-03-17,,,,,,
2025-03-18,16.288000,16.288000,16.288000,16.288000,0.000000,15.771844
2025-03-19,16.313000,16.313000,16.313000,16.313000,0.000000,15.796052
2025-03-20,16.277000,16.277000,16.277000,16.277000,0.000000,15.761192
2025-03-21,16.181999,16.181999,16.181999,16.181999,0.000000,15.669203
2025-03-24,16.207001,16.207001,16.207001,16.207001,0.000000,15.693410
2025-03-25,16.174999,16.174999,16.174999,16.174999,0.000000,15.662425
2025-03-26,16.115999,16.115999,16.115999,16.115999,0.000000,15.605293
2025-03-27,16.101000,16.101000,16.101000,16.101000,0.000000,15.590769
2025-03-28,16.011999,16.011999,16.011999,16.011999,0.000000,15.504590
2025-03-31,16.020000,16.020000,16.020000,16.020000,0.000000,15.512336
2025-04-01,16.046000,16.046000,16.046000,16.046000,0.000000,15.537512
2025-04-02,16.087999,16.087999,16.087999,16.087999,0.000000,15.578180
2025-04-03,15.910000,15.910000,15.910000,15.910000,0.000000,15.405822
2025-04-04,15.027000,15.027000,15.027000,15.027000,0.000000,14.550804
2025-04-07,14.657000,14.657000,14.657000,14.657000,0.000000,14.192529
2025-04-08,14.707000,14.707000,14.707000,14.707000,0.000000,14.240944
2025-04-09,15.139000,15.139000,15.139000,15.139000,0.000000,14.659255
2025-04-10,15.212000,15.212000,15.212000,15.212000,0.000000,14.729941
2025-04-11,15.443000,15.443000,15.443000,15.443000,0.000000,14.953621
2025-04-14,15.692000,15.692000,15.692000,15.692000,0.000000,15.194731
2025-04-15,15.674000,15.674000,15.674000,15.674000,0.000000,15.177300
2025-04-16,15.525000,15.525000,15.525000,15.525000,0.000000,15.033022
2025-04-17,15.584000,15.584000,15.584000,15.584000,0.000000,15.090153
2025-04-21,,,,,,
2025-04-22,15.662000,15.662000,15.662000,15.662000,0.000000,15.165681
2025-04-23,15.673000,15.673000,15.673000,15.673000,0.000000,15.176332
2025-04-24,15.821000,15.821000,15.821000,15.821000,0.000000,15.319642
2025-04-25,15.818000,15.818000,15.818000,15.818000,0.000000,15.316738
2025-04-28,15.885000,15.885000,15.885000,15.885000,0.000000,15.381615
2025-04-29,15.883000,15.883000,15.883000,15.883000,0.000000,15.379679
2025-04-30,16.035000,16.035000,16.035000,16.035000,0.000000,15.526861
2025-05-01,15.981000,15.981000,15.981000,15.981000,0.000000,15.474572
2025-05-02,16.323000,16.323000,16.323000,16.323000,0.000000,15.805734
2025-05-05,,,,,,
2025-05-06,16.200001,16.200001,16.200001,16.200001,0.000000,15.686632
2025-05-07,16.288000,16.288000,16.288000,16.288000,0.000000,15.771844
2025-05-08,16.223000,16.223000,16.223000,16.223000,0.000000,15.708902
2025-05-09,16.233000,16.233000,16.233000,16.233000,0.000000,15.718586
2025-05-12,16.364000,16.364000,16.364000,16.364000,0.000000,15.845435
2025-05-13,16.371000,16.371000,16.371000,16.371000,0.000000,15.852214
2025-05-14,16.309000,16.309000,16.309000,16.309000,0.000000,15.792178
2025-05-15,16.534000,16.534000,16.534000,16.534000,0.000000,16.010048
2025-05-16,16.582001,16.582001,16.582001,16.582001,0.000000,16.056528
2025-05-19,16.686001,16.686001,16.686001,16.686001,0.000000,16.157232
2025-05-20,16.723000,16.723000,16.723000,16.723000,0.000000,16.193058
2025-05-21,16.667999,16.667999,16.667999,16.667999,0.000000,16.139801
2025-05-22,16.556999,16.556999,16.556999,16.556999,0.000000,16.032320
2025-05-23,16.549999,16.549999,16.549999,16.549999,0.000000,16.025539
2025-05-27,16.750000,16.750000,16.750000,16.750000,0.000000,16.219204
2025-05-28,16.625000,16.625000,16.625000,16.625000,0.000000,16.098164
2025-05-29,16.698000,16.698000,16.698000,16.698000,0.000000,16.168850
2025-05-30,16.722000,16.722000,16.722000,16.722000,0.000000,16.192091
2025-06-02,,,,,,
2025-06-03,16.745001,16.745001,16.745001,16.745001,0.000000,16.214363
2025-06-04,16.830999,16.830999,16.830999,16.830999,0.000000,16.297636
2025-06-05,16.830000,16.830000,16.830000,16.830000,0.000000,16.296667
2025-06-06,16.846001,16.846001,16.846001,16.846001,0.000000,16.312162
2025-06-09,16.799999,16.799999,16.799999,16.799999,0.000000,16.267618
2025-06-10,16.865000,16.865000,16.865000,16.865000,0.000000,16.330559
2025-06-11,16.851000,16.851000,16.851000,16.851000,0.000000,16.317001
2025-06-12,16.969999,16.969999,16.969999,16.969999,0.000000,16.432230
2025-06-13,16.757999,16.757999,16.757999,16.757999,0.000000,16.226948
2025-06-16,16.854000,16.854000,16.854000,16.854000,0.000000,16.319906
2025-06-17,16.649000,16.649000,16.649000,16.649000,0.000000,16.121405
2025-06-18,16.614000,16.614000,16.614000,16.614000,0.000000,16.087513
2025-06-20,16.562000,16.562000,16.562000,16.562000,0.000000,16.037161
2025-06-23,16.615999,16.615999,16.615999,16.615999,0.000000,16.089449
2025-06-24,16.827000,16.827000,16.827000,16.827000,0.000000,16.293764
2025-06-25,16.669001,16.669001,16.669001,16.669001,0.000000,16.140770
2025-06-26,16.771000,16.771000,16.771000,16.771000,0.000000,16.239536
2025-06-27,16.923000,16.923000,16.923000,16.923000,0.000000,16.386723
2025-06-30,16.950001,16.950001,16.950001,16.950001,0.000000,16.412867
2025-07-01,16.870001,16.870001,16.870001,16.870001,0.000000,16.513060
2025-07-02,16.889999,16.889999,16.889999,16.889999,0.000000,16.532635
2025-07-03,16.962000,16.962000,16.962000,16.962000,0.000000,16.603113
2025-07-07,16.860001,16.860001,16.860001,16.860001,0.000000,16.503271
2025-07-08,16.818001,16.818001,16.818001,16.818001,0.000000,16.462162
2025-07-09,16.872999,16.872999,16.872999,16.872999,0.000000,16.515995
2025-07-10,16.950001,16.950001,16.950001,16.950001,0.000000,16.591368
2025-07-11,16.823999,16.823999,16.823999,16.823999,0.000000,16.468031
2025-07-14,16.813999,16.813999,16.813999,16.813999,0.000000,16.458244
2025-07-15,16.669001,16.669001,16.669001,16.669001,0.000000,16.316313
2025-07-16,16.733000,16.733000,16.733000,16.733000,0.000000,16.378958
2025-07-17,16.966000,16.966000,16.966000,16.966000,0.000000,16.607027
2025-07-18,16.919001,16.919001,16.919001,16.919001,0.000000,16.561024
2025-07-21,16.872000,16.872000,16.872000,16.872000,0.000000,16.515017
2025-07-22,16.941999,16.941999,16.941999,16.941999,0.000000,16.583536
2025-07-23,16.989000,16.989000,16.989000,16.989000,0.000000,16.629541
2025-07-24,17.089001,17.089001,17.089001,17.089001,0.000000,16.727427
2025-07-25,17.090000,17.090000,17.090000,17.090000,0.000000,16.728405
2025-07-28,16.927999,16.927999,16.927999,16.927999,0.000000,16.569832
2025-07-29,16.813999,16.813999,16.813999,16.813999,0.000000,16.458244
2025-07-30,16.740999,16.740999,16.740999,16.740999,0.000000,16.386787
2025-07-31,16.590000,16.590000,16.590000,16.590000,0.000000,16.238983
2025-08-01,16.507999,16.507999,16.507999,16.507999,0.000000,16.158718
2025-08-04,,,,,,
2025-08-05,16.533001,16.533001,16.533001,16.533001,0.000000,16.183191
2025-08-06,16.558001,16.558001,16.558001,16.558001,0.000000,16.207661
2025-08-07,16.707001,16.707001,16.707001,16.707001,0.000000,16.353508
2025-08-08,16.775000,16.775000,16.775000,16.775000,0.000000,16.420069
2025-08-11,16.700001,16.700001,16.700001,16.700001,0.000000,16.346657
2025-08-12,16.787001,16.787001,16.787001,16.787001,0.000000,16.431816
2025-08-13,16.889000,16.889000,16.889000,16.889000,0.000000,16.531658
2025-08-14,,,,,,
2025-08-15,,,,,,
2025-08-18,16.795000,16.795000,16.795000,16.795000,0.000000,16.439648
2025-08-19,16.875999,16.875999,16.875999,16.875999,0.000000,16.518932
2025-08-20,16.965000,16.965000,16.965000,16.965000,0.000000,16.606050
2025-08-21,16.886999,16.886999,16.886999,16.886999,0.000000,16.529699
2025-08-22,17.063000,17.063000,17.063000,17.063000,0.000000,16.701977
2025-08-25,,,,,,
2025-08-26,16.919001,16.919001,16.919001,16.919001,0.000000,16.561024
2025-08-27,16.906000,16.906000,16.906000,16.906000,0.000000,16.548298
2025-08-28,16.903000,16.903000,16.903000,16.903000,0.000000,16.545361
2025-08-29,16.868999,16.868999,16.868999,16.868999,0.000000,16.512081
2025-09-02,16.761999,16.761999,16.761999,16.761999,0.000000,16.407343
2025-09-03,16.843000,16.843000,16.843000,16.843000,0.000000,16.486631
2025-09-04,16.929001,16.929001,16.929001,16.929001,0.000000,16.570812
2025-09-05,17.031000,17.031000,17.031000,17.031000,0.000000,16.670654
2025-09-08,17.051001,17.051001,17.051001,17.051001,0.000000,16.690229
2025-09-09,17.014999,17.014999,17.014999,17.014999,0.000000,16.654991
2025-09-10,17.069000,17.069000,17.069000,17.069000,0.000000,16.707848
2025-09-11,17.167999,17.167999,17.167999,17.167999,0.000000,16.804754
2025-09-12,17.110001,17.110001,17.110001,17.110001,0.000000,16.747982
2025-09-15,17.052999,17.052999,17.052999,17.052999,0.000000,16.692186
2025-09-16,16.996000,16.996000,16.996000,16.996000,0.000000,16.636393
2025-09-17,17.035000,17.035000,17.035000,17.035000,0.000000,16.674568
2025-09-18,17.011999,17.011999,17.011999,17.011999,0.000000,16.652054
2025-09-19,16.993999,16.993999,16.993999,16.993999,0.000000,16.634436
2025-09-22,16.941000,16.941000,16.941000,16.941000,0.000000,16.582556
2025-09-23,16.955999,16.955999,16.955999,16.955999,0.000000,16.597239
2025-09-24,16.902000,16.902000,16.902000,16.902000,0.000000,16.544382
2025-09-25,16.766001,16.766001,16.766001,16.766001,0.000000,16.411261
2025-09-26,16.823000,16.823000,16.823000,16.823000,0.000000,16.467054
2025-09-29,16.885000,16.885000,16.885000,16.885000,0.000000,16.527742
2025-09-30,17.066999,17.066999,17.066999,17.066999,0.000000,16.705891
2025-10-01,17.155001,17.155001,17.155001,17.155001,0.000000,16.792030
2025-10-02,17.195999,17.195999,17.195999,17.195999,0.000000,16.832161
2025-10-03,17.259001,17.259001,17.259001,17.259001,0.000000,16.893829
2025-10-06,17.240999,17.240999,17.240999,17.240999,0.000000,16.876209
2025-10-07,17.187000,17.187000,17.187000,17.187000,0.000000,16.823353
2025-10-08,17.243000,17.243000,17.243000,17.243000,0.000000,16.878166
2025-10-09,17.198999,17.198999,17.198999,17.198999,0.000000,16.835098
2025-10-10,17.011999,17.011999,17.011999,17.011999,0.000000,16.652054
2025-10-13,,,,,,
2025-10-14,17.148001,17.148001,17.148001,17.148001,0.000000,16.785179
2025-10-15,17.235001,17.235001,17.235001,17.235001,0.000000,16.870337
2025-10-16,17.284000,17.284000,17.284000,17.284000,0.000000,16.918299
2025-10-17,17.333000,17.333000,17.333000,17.333000,0.000000,16.966263
2025-10-20,17.406000,17.406000,17.406000,17.406000,0.000000,17.037720
2025-10-21,17.405001,17.405001,17.405001,17.405001,0.000000,17.036739
2025-10-22,,,,,,
2025-10-23,17.320999,17.320999,17.320999,17.320999,0.000000,16.954517
2025-10-24,17.323000,17.323000,17.323000,17.323000,0.000000,16.956474
2025-10-27,,,,,,
2025-10-28,17.289000,17.289000,17.289000,17.289000,0.000000,16.923195
2025-10-29,17.143999,17.143999,17.143999,17.143999,0.000000,16.781261
2025-10-30,17.063000,17.063000,17.063000,17.063000,0.000000,16.701977
2025-10-31,16.947001,16.947001,16.947001,16.947001,0.000000,16.588430
2025-11-03,16.862000,16.862000,16.862000,16.862000,0.000000,16.505228
2025-11-04,16.778000,16.778000,16.778000,16.778000,0.000000,16.423006
2025-11-05,16.799999,16.799999,16.799999,16.799999,0.000000,16.444540
2025-11-06,16.702000,16.702000,16.702000,16.702000,0.000000,16.348614
2025-11-07,16.763000,16.763000,16.763000,16.763000,0.000000,16.408325
2025-11-10,16.875000,16.875000,16.875000,16.875000,0.000000,16.517954
2025-11-11,,,,,,
2025-11-12,17.167999,17.167999,17.167999,17.167999,0.000000,16.804754
2025-11-13,17.079000,17.079000,17.079000,17.079000,0.000000,16.717638
2025-11-14,16.997999,16.997999,16.997999,16.997999,0.000000,16.638350
2025-11-17,16.879000,16.879000,16.879000,16.879000,0.000000,16.521868
2025-11-18,16.818001,16.818001,16.818001,16.818001,0.000000,16.462162
2025-11-19,16.792000,16.792000,16.792000,16.792000,0.000000,16.436708
2025-11-20,16.698000,16.698000,16.698000,16.698000,0.000000,16.344698
2025-11-21,16.881001,16.881001,16.881001,16.881001,0.000000,16.523827
2025-11-24,16.895000,16.895000,16.895000,16.895000,0.000000,16.537531
2025-11-25,17.052999,17.052999,17.052999,17.052999,0.000000,16.692186
2025-11-26,17.143000,17.143000,17.143000,17.143000,0.000000,16.780283
2025-11-28,17.264000,17.264000,17.264000,17.264000,0.000000,16.898724
2025-12-01,17.157000,17.157000,17.157000,17.157000,0.000000,16.793987
2025-12-02,17.104000,17.104000,17.104000,17.104000,0.000000,16.742109
2025-12-03,17.201000,17.201000,17.201000,17.201000,0.000000,16.837055
2025-12-04,17.193001,17.193001,17.193001,17.193001,0.000000,16.829227
2025-12-05,17.174000,17.174000,17.174000,17.174000,0.000000,16.810627
2025-12-08,17.149000,17.149000,17.149000,17.149000,0.000000,16.786156
2025-12-09,17.110001,17.110001,17.110001,17.110001,0.000000,16.747982
2025-12-10,17.231001,17.231001,17.231001,17.231001,0.000000,16.866423
2025-12-11,17.356001,17.356001,17.356001,17.356001,0.000000,16.988777
2025-12-12,17.229000,17.229000,17.229000,17.229000,0.000000,16.864464
2025-12-15,17.302000,17.302000,17.302000,17.302000,0.000000,16.935919
2025-12-16,17.170000,17.170000,17.170000,17.170000,0.000000,16.806713
2025-12-17,17.091000,17.091000,17.091000,17.091000,0.000000,16.729383
2025-12-18,17.132999,17.132999,17.132999,17.132999,0.000000,16.770494
2025-12-19,,,,,,
2025-12-22,17.230000,17.230000,17.230000,17.230000,0.000000,16.865442
2025-12-23,17.260000,17.260000,17.260000,17.260000,0.000000,16.894808
2025-12-24,17.299999,17.299999,17.299999,17.299999,0.000000,16.933960
2025-12-26,,,,,,
2025-12-29,,,,,,
2025-12-30,17.283001,17.283001,17.283001,17.283001,0.000000,16.917322
2025-12-31,17.193001,17.193001,17.193001,17.193001,0.000000,16.829227
2026-01-02,17.066000,17.066000,17.066000,17.066000,0.000000,16.851570
2026-01-05,17.083000,17.083000,17.083000,17.083000,0.000000,16.868357
2026-01-06,17.202999,17.202999,17.202999,17.202999,0.000000,16.986847
2026-01-07,17.082001,17.082001,17.082001,17.082001,0.000000,16.867369
2026-01-08,17.087000,17.087000,17.087000,17.087000,0.000000,16.872305
2026-01-09,17.150000,17.150000,17.150000,17.150000,0.000000,16.934513
2026-01-12,17.256001,17.256001,17.256001,17.256001,0.000000,17.039183
2026-01-13,17.245001,17.245001,17.245001,17.245001,0.000000,17.028320
2026-01-14,17.312000,17.312000,17.312000,17.312000,0.000000,17.094479
2026-01-15,17.367001,17.367001,17.367001,17.367001,0.000000,17.148788
2026-01-16,17.414000,17.414000,17.414000,17.414000,0.000000,17.195196
2026-01-20,17.277000,17.277000,17.277000,17.277000,0.000000,17.059919
2026-01-21,17.219000,17.219000,17.219000,17.219000,0.000000,17.002647
2026-01-22,17.332001,17.332001,17.332001,17.332001,0.000000,17.114227
2026-01-23,17.357000,17.357000,17.357000,17.357000,0.000000,17.138914
2026-01-26,17.473000,17.473000,17.473000,17.473000,0.000000,17.253456
2026-01-27,17.531000,17.531000,17.531000,17.531000,0.000000,17.310726
2026-01-28,17.527000,17.527000,17.527000,17.527000,0.000000,17.306778
2026-01-29,17.639000,17.639000,17.639000,17.639000,0.000000,17.417370
2026-01-30,,,,,,
2026-02-02,17.676001,17.676001,17.676001,17.676001,0.000000,17.453905
2026-02-03,17.877001,17.877001,17.877001,17.877001,0.000000,17.652380
2026-02-04,17.978001,17.978001,17.978001,17.978001,0.000000,17.752111
2026-02-05,18.025999,18.025999,18.025999,18.025999,0.000000,17.799507
2026-02-06,18.218000,18.218000,18.218000,18.218000,0.000000,17.989096
2026-02-09,18.264999,18.264999,18.264999,18.264999,0.000000,18.035503
2026-02-10,18.330999,18.330999,18.330999,18.330999,0.000000,18.100674
2026-02-11,18.320999,18.320999,18.320999,18.320999,0.000000,18.090799
2026-02-12,18.240000,18.240000,18.240000,18.240000,0.000000,18.010818
2026-02-13,18.288000,18.288000,18.288000,18.288000,0.000000,18.058216
2026-02-17,18.195999,18.195999,18.195999,18.195999,0.000000,17.967371
2026-02-18,18.240000,18.240000,18.240000,18.240000,0.000000,18.010818
2026-02-19,18.173000,18.173000,18.173000,18.173000,0.000000,17.944660
2026-02-20,18.254999,18.254999,18.254999,18.254999,0.000000,18.025629
2026-02-23,18.230000,18.230000,18.230000,18.230000,0.000000,18.000944
2026-02-24,18.337999,18.337999,18.337999,18.337999,0.000000,18.107586
2026-02-25,18.233000,18.233000,18.233000,18.233000,0.000000,18.003906
2026-02-26,18.274000,18.274000,18.274000,18.274000,0.000000,18.044392
2026-02-27,18.433001,18.433001,18.433001,18.433001,0.000000,18.201393
2026-03-02,18.225000,18.225000,18.225000,18.225000,0.000000,17.996008
2026-03-03,17.818001,17.818001,17.818001,17.818001,0.000000,17.594122
2026-03-04,17.855000,17.855000,17.855000,17.855000,0.000000,17.630655
2026-03-05,17.653999,17.653999,17.653999,17.653999,0.000000,17.432180
2026-03-06,17.476999,17.476999,17.476999,17.476999,0.000000,17.257404
2026-03-09,17.415001,17.415001,17.415001,17.415001,0.000000,17.196186
2026-03-10,17.459000,17.459000,17.459000,17.459000,0.000000,17.239632
2026-03-11,17.298000,17.298000,17.298000,17.298000,0.000000,17.080654
2026-03-12,17.090000,17.090000,17.090000,17.090000,0.000000,16.875269
2026-03-13,17.009001,17.009001,17.009001,17.009001,0.000000,16.795286
2026-03-16,17.181999,17.181999,17.181999,17.181999,0.000000,16.966112
2026-03-17,,,,,,
2026-03-18,16.900000,16.900000,16.900000,16.900000,0.000000,16.687654
2026-03-19,16.715000,16.715000,16.715000,16.715000,0.000000,16.504980
2026-03-20,16.544001,16.544001,16.544001,16.544001,0.000000,16.336128
2026-03-23,16.652000,16.652000,16.652000,16.652000,0.000000,16.442772
2026-03-24,16.666000,16.666000,16.666000,16.666000,0.000000,16.456596
2026-03-25,16.750999,16.750999,16.750999,16.750999,0.000000,16.540527
2026-03-26,16.561001,16.561001,16.561001,16.561001,0.000000,16.352915
2026-03-27,16.417000,16.417000,16.417000,16.417000,0.000000,16.210724
2026-03-30,16.434999,16.434999,16.434999,16.434999,0.000000,16.228497
2026-03-31,16.625000,16.625000,16.625000,16.625000,0.000000,16.416111
2026-04-01,16.812000,16.812000,16.812000,16.812000,0.000000,16.600761
2026-04-02,16.816999,16.816999,16.816999,16.816999,0.000000,16.605698
2026-04-06,,,,,,
2026-04-07,16.827000,16.827000,16.827000,16.827000,0.000000,16.615572
2026-04-08,17.371000,17.371000,17.371000,17.371000,0.000000,17.152737
2026-04-09,17.396999,17.396999,17.396999,17.396999,0.000000,17.178410
2026-04-10,17.399000,17.399000,17.399000,17.399000,0.000000,17.180386
2026-04-13,17.465000,17.465000,17.465000,17.465000,0.000000,17.245556
2026-04-14,17.636999,17.636999,17.636999,17.636999,0.000000,17.415394
2026-04-15,17.601999,17.601999,17.601999,17.601999,0.000000,17.380835
2026-04-16,17.639000,17.639000,17.639000,17.639000,0.000000,17.417370
2026-04-17,17.933001,17.933001,17.933001,17.933001,0.000000,17.707676
2026-04-20,17.832001,17.832001,17.832001,17.832001,0.000000,17.607946
2026-04-21,17.745001,17.745001,17.745001,17.745001,0.000000,17.522039
2026-04-22,17.757000,17.757000,17.757000,17.757000,0.000000,17.533888
2026-04-23,17.961000,17.961000,17.961000,17.961000,0.000000,17.735325
2026-04-24,17.948999,17.948999,17.948999,17.948999,0.000000,17.723475
2026-04-27,17.871000,17.871000,17.871000,17.871000,0.000000,17.646456
2026-04-28,17.743999,17.743999,17.743999,17.743999,0.000000,17.521049
2026-04-29,17.726999,17.726999,17.726999,17.726999,0.000000,17.504263
2026-04-30,17.891001,17.891001,17.891001,17.891001,0.000000,17.666204
2026-05-01,17.900999,17.900999,17.900999,17.900999,0.000000,17.676077
2026-05-04,,,,,,
2026-05-05,17.777000,17.777000,17.777000,17.777000,0.000000,17.553637
2026-05-06,18.016001,18.016001,18.016001,18.016001,0.000000,17.789633
2026-05-07,17.836000,17.836000,17.836000,17.836000,0.000000,17.611895
2026-05-08,17.796000,17.796000,17.796000,17.796000,0.000000,17.572397
2026-05-11,17.777000,17.777000,17.777000,17.777000,0.000000,17.553637
2026-05-12,17.719000,17.719000,17.719000,17.719000,0.000000,17.496365
2026-05-13,17.684000,17.684000,17.684000,17.684000,0.000000,17.461805
2026-05-14,17.884001,17.884001,17.884001,17.884001,0.000000,17.659292
2026-05-15,17.764000,17.764000,17.764000,17.764000,0.000000,17.540800
2026-05-18,17.884001,17.884001,17.884001,17.884001,0.000000,17.659292
2026-05-19,17.823000,17.823000,17.823000,17.823000,0.000000,17.599058
2026-05-20,17.900000,17.900000,17.900000,17.900000,0.000000,17.675091
2026-05-21,17.931000,17.931000,17.931000,17.931000,0.000000,17.705700
2026-05-22,18.049000,18.049000,18.049000,18.049000,0.000000,17.822218
2026-05-26,18.054001,18.054001,18.054001,18.054001,0.000000,17.827156
2026-05-27,18.099001,18.099001,18.099001,18.099001,0.000000,17.871592
2026-05-28,18.011000,18.011000,18.011000,18.011000,0.000000,17.784695
2026-05-29,17.997999,17.997999,17.997999,17.997999,0.000000,17.771858
2026-06-01,,,,,,
2026-06-02,18.079000,18.079000,18.079000,18.079000,0.000000,17.851841
2026-06-03,17.990000,17.990000,17.990000,17.990000,0.000000,17.763960
2026-06-04,18.089001,18.089001,18.089001,18.089001,0.000000,17.861717
2026-06-05,17.871000,17.871000,17.871000,17.871000,0.000000,17.646456
2026-06-08,17.834999,17.834999,17.834999,17.834999,0.000000,17.610907
2026-06-09,17.934000,17.934000,17.934000,17.934000,0.000000,17.708664
2026-06-10,17.840000,17.840000,17.840000,17.840000,0.000000,17.615845
2026-06-11,17.908001,17.908001,17.908001,17.908001,0.000000,17.682991
2026-06-12,18.100000,18.100000,18.100000,18.100000,0.000000,17.872578
2026-06-15,18.191000,18.191000,18.191000,18.191000,0.000000,17.962435
2026-06-16,18.179001,18.179001,18.179001,18.179001,0.000000,17.950586
2026-06-17,18.073999,18.073999,18.073999,18.073999,0.000000,17.846903
2026-06-18,18.108999,18.108999,18.108999,18.108999,0.000000,17.881464
2026-06-22,18.096001,18.096001,18.096001,18.096001,0.000000,17.868628
2026-06-23,17.900999,17.900999,17.900999,17.900999,0.000000,17.676077
2026-06-24,17.937000,17.937000,17.937000,17.937000,0.000000,17.711626
2026-06-25,18.014000,18.014000,18.014000,18.014000,0.000000,17.787659
2026-06-26,17.959999,17.959999,17.959999,17.959999,0.000000,17.734335
2026-06-29,18.075001,18.075001,18.075001,18.075001,0.000000,17.847893
2026-06-30,18.122999,18.122999,18.122999,18.122999,0.000000,17.895288
2026-07-01,17.885000,17.885000,17.885000,17.885000,0.000000,17.885000
2026-07-02,18.135000,18.135000,18.135000,18.135000,0.000000,18.135000
2026-07-06,18.188000,18.188000,18.188000,18.188000,0.000000,18.188000
2026-07-07,18.195000,18.195000,18.195000,18.195000,0.000000,18.195000
2026-07-08,18.041000,18.041000,18.041000,18.041000,0.000000,18.041000
2026-07-09,18.096001,18.096001,18.096001,18.096001,0.000000,18.096001
2026-07-10,18.176001,18.176001,18.176001,18.176001,0.000000,18.176001
2026-07-13,18.145000,18.145000,18.145000,18.145000,0.000000,18.145000
2026-07-14,18.069000,18.069000,18.069000,18.069000,0.000000,18.069000
2026-07-15,18.059000,18.059000,18.059000,18.059000,0.000000,18.059000
2026-07-16,18.198999,18.198999,18.198999,18.198999,0.000000,18.198999
2026-07-17,,,,,,
2026-07-20,18.080000,18.080000,18.080000,18.080000,0.000000,18.080000
2026-07-21,18.042999,18.042999,18.042999,18.042999,0.000000,18.042999
2026-07-22,18.107000,18.107000,18.107000,18.107000,0.000000,18.107000
2026-07-23,18.011999,18.011999,18.011999,18.011999,0.000000,18.011999
2026-07-24,18.173000,18.173000,18.173000,18.173000,0.000000,18.173000
2026-07-27,18.296000,18.296000,18.296000,18.296000,0.000000,18.296000
2026-07-28,18.597000,18.597000,18.597000,18.597000,0.000000,18.597000
2026-07-29,18.496000,18.496000,18.496000,18.496000,0.000000,18.496000
2026-07-30,18.589001,18.589001,18.589001,18.589001,0.000000,18.589001
2026-07-31,18.587000,18.587000,18.587000,18.587000,0.000000,18.587000
2026-08-03,,,,,,
2026-08-04,18.907000,18.907000,18.907000,18.907000,0.000000,18.907000
2026-08-05,19.020000,19.020000,19.020000,19.020000,0.000000,19.020000
2026-08-06,19.003000,19.003000,19.003000,19.003000,0.000000,19.003000
2026-08-07,19.086000,19.086000,19.086000,19.086000,0.000000,19.086000
2026-08-10,19.059999,19.059999,19.059999,19.059999,0.000000,19.059999
2026-08-11,19.059999,19.059999,19.059999,19.059999,0.000000,19.059999
2026-08-12,19.021999,19.021999,19.021999,19.021999,0.000000,19.021999
2026-08-13,19.014999,19.014999,19.014999,19.014999,0.000000,19.014999
2026-08-14,18.944000,18.944000,18.944000,18.944000,0.000000,18.944000
2026-08-17,,,,,,
