Date,Open,High,Low,Close,Volume,Adj Close
2019-01-02,15.110000,15.110000,15.110000,15.110000,0.000000,15.110000
2019-01-03,14.950000,14.950000,14.950000,14.950000,0.000000,14.950000
2019-01-04,15.440000,15.440000,15.440000,15.440000,0.000000,15.440000
2019-01-07,15.630000,15.630000,15.630000,15.630000,0.000000,15.630000
2019-01-08,15.790000,15.790000,15.790000,15.790000,0.000000,15.790000
2019-01-09,15.990000,15.990000,15.990000,15.990000,0.000000,15.990000
2019-01-10,16.030001,16.030001,16.030001,16.030001,0.000000,16.030001
2019-01-11,16.030001,16.030001,16.030001,16.030001,0.000000,16.030001
2019-01-14,15.960000,15.960000,15.960000,15.960000,0.000000,15.960000
2019-01-15,16.010000,16.010000,16.010000,16.010000,0.000000,16.010000
2019-01-16,16.110001,16.110001,16.110001,16.110001,0.000000,16.110001
2019-01-17,16.219999,16.219999,16.219999,16.219999,0.000000,16.219999
2019-01-18,16.410000,16.410000,16.410000,16.410000,0.000000,16.410000
2019-01-22,16.180000,16.180000,16.180000,16.180000,0.000000,16.180000
2019-01-23,16.160000,16.160000,16.160000,16.160000,0.000000,16.160000
2019-01-24,16.240000,16.240000,16.240000,16.240000,0.000000,16.240000
2019-01-25,16.450001,16.450001,16.450001,16.450001,0.000000,16.450001
2019-01-28,16.389999,16.389999,16.389999,16.389999,0.000000,16.389999
2019-01-29,16.389999,16.389999,16.389999,16.389999,0.000000,16.389999
2019-01-30,16.540001,16.540001,16.540001,16.540001,0.000000,16.540001
2019-01-31,16.549999,16.549999,16.549999,16.549999,0.000000,16.549999
2019-02-01,16.570000,16.570000,16.570000,16.570000,0.000000,16.570000
2019-02-04,16.660000,16.660000,16.660000,16.660000,0.000000,16.660000
2019-02-05,16.709999,16.709999,16.709999,16.709999,0.000000,16.709999
2019-02-06,16.680000,16.680000,16.680000,16.680000,0.000000,16.680000
2019-02-07,16.480000,16.480000,16.480000,16.480000,0.000000,16.480000
2019-02-08,16.379999,16.379999,16.379999,16.379999,0.000000,16.379999
2019-02-11,16.459999,16.459999,16.459999,16.459999,0.000000,16.459999
2019-02-12,16.690001,16.690001,16.690001,16.690001,0.000000,16.690001
2019-02-13,16.750000,16.750000,16.750000,16.750000,0.000000,16.750000
2019-02-14,16.740000,16.740000,16.740000,16.740000,0.000000,16.740000
2019-02-15,16.969999,16.969999,16.969999,16.969999,0.000000,16.969999
2019-02-19,17.080000,17.080000,17.080000,17.080000,0.000000,17.080000
2019-02-20,17.200001,17.200001,17.200001,17.200001,0.000000,17.200001
2019-02-21,17.100000,17.100000,17.100000,17.100000,0.000000,17.100000
2019-02-22,17.170000,17.170000,17.170000,17.170000,0.000000,17.170000
2019-02-25,17.170000,17.170000,17.170000,17.170000,0.000000,17.170000
2019-02-26,17.129999,17.129999,17.129999,17.129999,0.000000,17.129999
2019-02-27,17.129999,17.129999,17.129999,17.129999,0.000000,17.129999
2019-02-28,17.059999,17.059999,17.059999,17.059999,0.000000,17.059999
2019-03-01,17.180000,17.180000,17.180000,17.180000,0.000000,17.180000
2019-03-04,17.110001,17.110001,17.110001,17.110001,0.000000,17.110001
2019-03-05,17.030001,17.030001,17.030001,17.030001,0.000000,17.030001
2019-03-06,16.830000,16.830000,16.830000,16.830000,0.000000,16.830000
2019-03-07,16.580000,16.580000,16.580000,16.580000,0.000000,16.580000
2019-03-08,16.490000,16.490000,16.490000,16.490000,0.000000,16.490000
2019-03-11,16.700001,16.700001,16.700001,16.700001,0.000000,16.700001
2019-03-12,16.730000,16.730000,16.730000,16.730000,0.000000,16.730000
2019-03-13,16.820000,16.820000,16.820000,16.820000,0.000000,16.820000
2019-03-14,16.770000,16.770000,16.770000,16.770000,0.000000,16.770000
2019-03-15,16.840000,16.840000,16.840000,16.840000,0.000000,16.840000
2019-03-18,16.980000,16.980000,16.980000,16.980000,0.000000,16.980000
2019-03-19,16.900000,16.900000,16.900000,16.900000,0.000000,16.900000
2019-03-20,16.770000,16.770000,16.770000,16.770000,0.000000,16.770000
2019-03-21,16.850000,16.850000,16.850000,16.850000,0.000000,16.850000
2019-03-22,16.400000,16.400000,16.400000,16.400000,0.000000,16.400000
2019-03-25,16.389999,16.389999,16.389999,16.389999,0.000000,16.389999
2019-03-26,16.549999,16.549999,16.549999,16.549999,0.000000,16.549999
2019-03-27,16.549999,16.549999,16.549999,16.549999,0.000000,16.549999
2019-03-28,16.580000,16.580000,16.580000,16.580000,0.000000,16.580000
2019-03-29,16.620001,16.620001,16.620001,16.620001,0.000000,16.620001
2019-04-01,16.910000,16.910000,16.910000,16.910000,0.000000,16.910000
2019-04-02,16.879999,16.879999,16.879999,16.879999,0.000000,16.879999
2019-04-03,17.000000,17.000000,17.000000,17.000000,0.000000,17.000000
2019-04-04,17.100000,17.100000,17.100000,17.100000,0.000000,17.100000
2019-04-05,17.209999,17.209999,17.209999,17.209999,0.000000,17.209999
2019-04-08,17.219999,17.219999,17.219999,17.219999,0.000000,17.219999
2019-04-09,17.020000,17.020000,17.020000,17.020000,0.000000,17.020000
2019-04-10,17.160000,17.160000,17.160000,17.160000,0.000000,17.160000
2019-04-11,17.180000,17.180000,17.180000,17.180000,0.000000,17.180000
2019-04-12,17.350000,17.350000,17.350000,17.350000,0.000000,17.350000
2019-04-15,17.340000,17.340000,17.340000,17.340000,0.000000,17.340000
2019-04-16,17.420000,17.420000,17.420000,17.420000,0.000000,17.420000
2019-04-17,17.420000,17.420000,17.420000,17.420000,0.000000,17.420000
2019-04-18,17.379999,17.379999,17.379999,17.379999,0.000000,17.379999
2019-04-22,,,,,,
2019-04-23,17.450001,17.450001,17.450001,17.450001,0.000000,17.450001
2019-04-24,17.379999,17.379999,17.379999,17.379999,0.000000,17.379999
2019-04-25,17.240000,17.240000,17.240000,17.240000,0.000000,17.240000
2019-04-26,17.350000,17.350000,17.350000,17.350000,0.000000,17.350000
2019-04-29,17.420000,17.420000,17.420000,17.420000,0.000000,17.420000
2019-04-30,17.389999,17.389999,17.389999,17.389999,0.000000,17.389999
2019-05-01,,,,,,
2019-05-02,17.209999,17.209999,17.209999,17.209999,0.000000,17.209999
2019-05-03,17.430000,17.430000,17.430000,17.430000,0.000000,17.430000
2019-05-06,,,,,,
2019-05-07,17.030001,17.030001,17.030001,17.030001,0.000000,17.030001
2019-05-08,16.959999,16.959999,16.959999,16.959999,0.000000,16.959999
2019-05-09,16.879999,16.879999,16.879999,16.879999,0.000000,16.879999
2019-05-10,16.940001,16.940001,16.940001,16.940001,0.000000,16.940001
2019-05-13,16.440001,16.440001,16.440001,16.440001,0.000000,16.440001
2019-05-14,16.629999,16.629999,16.629999,16.629999,0.000000,16.629999
2019-05-15,16.639999,16.639999,16.639999,16.639999,0.000000,16.639999
2019-05-16,16.709999,16.709999,16.709999,16.709999,0.000000,16.709999
2019-05-17,16.530001,16.530001,16.530001,16.530001,0.000000,16.530001
2019-05-20,16.430000,16.430000,16.430000,16.430000,0.000000,16.430000
2019-05-21,16.590000,16.590000,16.590000,16.590000,0.000000,16.590000
2019-05-22,16.410000,16.410000,16.410000,16.410000,0.000000,16.410000
2019-05-23,16.090000,16.090000,16.090000,16.090000,0.000000,16.090000
2019-05-24,16.209999,16.209999,16.209999,16.209999,0.000000,16.209999
2019-05-28,16.080000,16.080000,16.080000,16.080000,0.000000,16.080000
2019-05-29,15.980000,15.980000,15.980000,15.980000,0.000000,15.980000
2019-05-30,15.930000,15.930000,15.930000,15.930000,0.000000,15.930000
2019-05-31,15.720000,15.720000,15.720000,15.720000,0.000000,15.720000
2019-06-03,15.840000,15.840000,15.840000,15.840000,0.000000,15.840000
2019-06-04,16.240000,16.240000,16.240000,16.240000,0.000000,16.240000
2019-06-05,16.190001,16.190001,16.190001,16.190001,0.000000,16.190001
2019-06-06,16.170000,16.170000,16.170000,16.170000,0.000000,16.170000
2019-06-07,16.280001,16.280001,16.280001,16.280001,0.000000,16.280001
2019-06-10,16.350000,16.350000,16.350000,16.350000,0.000000,16.350000
2019-06-11,16.400000,16.400000,16.400000,16.400000,0.000000,16.400000
2019-06-12,16.290001,16.290001,16.290001,16.290001,0.000000,16.290001
2019-06-13,16.410000,16.410000,16.410000,16.410000,0.000000,16.410000
2019-06-14,16.260000,16.260000,16.260000,16.260000,0.000000,16.260000
2019-06-17,16.209999,16.209999,16.209999,16.209999,0.000000,16.209999
2019-06-18,16.420000,16.420000,16.420000,16.420000,0.000000,16.420000
2019-06-19,16.490000,16.490000,16.490000,16.490000,0.000000,16.490000
2019-06-20,16.650000,16.650000,16.650000,16.650000,0.000000,16.650000
2019-06-21,16.580000,16.580000,16.580000,16.580000,0.000000,16.580000
2019-06-24,16.480000,16.480000,16.480000,16.480000,0.000000,16.480000
2019-06-25,16.410000,16.410000,16.410000,16.410000,0.000000,16.410000
2019-06-26,16.469999,16.469999,16.469999,16.469999,0.000000,16.469999
2019-06-27,16.660000,16.660000,16.660000,16.660000,0.000000,16.660000
2019-06-28,16.850000,16.850000,16.850000,16.850000,0.000000,16.850000
2019-07-01,16.930000,16.930000,16.930000,16.930000,0.000000,16.930000
2019-07-02,16.850000,16.850000,16.850000,16.850000,0.000000,16.850000
2019-07-03,16.959999,16.959999,16.959999,16.959999,0.000000,16.959999
2019-07-05,16.980000,16.980000,16.980000,16.980000,0.000000,16.980000
2019-07-08,16.820000,16.820000,16.820000,16.820000,0.000000,16.820000
2019-07-09,16.730000,16.730000,16.730000,16.730000,0.000000,16.730000
2019-07-10,16.750000,16.750000,16.750000,16.750000,0.000000,16.750000
2019-07-11,16.750000,16.750000,16.750000,16.750000,0.000000,16.750000
2019-07-12,16.910000,16.910000,16.910000,16.910000,0.000000,16.910000
2019-07-15,16.830000,16.830000,16.830000,16.830000,0.000000,16.830000
2019-07-16,16.820000,16.820000,16.820000,16.820000,0.000000,16.820000
2019-07-17,16.670000,16.670000,16.670000,16.670000,0.000000,16.670000
2019-07-18,16.700001,16.700001,16.700001,16.700001,0.000000,16.700001
2019-07-19,16.700001,16.700001,16.700001,16.700001,0.000000,16.700001
2019-07-22,16.700001,16.700001,16.700001,16.700001,0.000000,16.700001
2019-07-23,16.860001,16.860001,16.860001,16.860001,0.000000,16.860001
2019-07-24,17.059999,17.059999,17.059999,17.059999,0.000000,17.059999
2019-07-25,16.900000,16.900000,16.900000,16.900000,0.000000,16.900000
2019-07-26,16.969999,16.969999,16.969999,16.969999,0.000000,16.969999
2019-07-29,16.870001,16.870001,16.870001,16.870001,0.000000,16.870001
2019-07-30,16.930000,16.930000,16.930000,16.930000,0.000000,16.930000
2019-07-31,16.780001,16.780001,16.780001,16.780001,0.000000,16.780001
2019-08-01,16.510000,16.510000,16.510000,16.510000,0.000000,16.510000
2019-08-02,16.320000,16.320000,16.320000,16.320000,0.000000,16.320000
2019-08-05,15.890000,15.890000,15.890000,15.890000,0.000000,15.890000
2019-08-06,16.010000,16.010000,16.010000,16.010000,0.000000,16.010000
2019-08-07,16.000000,16.000000,16.000000,16.000000,0.000000,16.000000
2019-08-08,16.250000,16.250000,16.250000,16.250000,0.000000,16.250000
2019-08-09,16.049999,16.049999,16.049999,16.049999,0.000000,16.049999
2019-08-12,15.830000,15.830000,15.830000,15.830000,0.000000,15.830000
2019-08-13,15.960000,15.960000,15.960000,15.960000,0.000000,15.960000
2019-08-14,15.500000,15.500000,15.500000,15.500000,0.000000,15.500000
2019-08-15,15.410000,15.410000,15.410000,15.410000,0.000000,15.410000
2019-08-16,15.690000,15.690000,15.690000,15.690000,0.000000,15.690000
2019-08-19,15.890000,15.890000,15.890000,15.890000,0.000000,15.890000
2019-08-20,15.790000,15.790000,15.790000,15.790000,0.000000,15.790000
2019-08-21,15.890000,15.890000,15.890000,15.890000,0.000000,15.890000
2019-08-22,15.890000,15.890000,15.890000,15.890000,0.000000,15.890000
2019-08-23,15.530000,15.530000,15.530000,15.530000,0.000000,15.530000
2019-08-26,,,,,,
2019-08-27,15.500000,15.500000,15.500000,15.500000,0.000000,15.500000
2019-08-28,15.610000,15.610000,15.610000,15.610000,0.000000,15.610000
2019-08-29,15.820000,15.820000,15.820000,15.820000,0.000000,15.820000
2019-08-30,15.880000,15.880000,15.880000,15.880000,0.000000,15.880000
2019-09-03,15.720000,15.720000,15.720000,15.720000,0.000000,15.720000
2019-09-04,15.920000,15.920000,15.920000,15.920000,0.000000,15.920000
2019-09-05,16.219999,16.219999,16.219999,16.219999,0.000000,16.219999
2019-09-06,16.219999,16.219999,16.219999,16.219999,0.000000,16.219999
2019-09-09,16.500000,16.500000,16.500000,16.500000,0.000000,16.500000
2019-09-10,16.730000,16.730000,16.730000,16.730000,0.000000,16.730000
2019-09-11,16.959999,16.959999,16.959999,16.959999,0.000000,16.959999
2019-09-12,16.959999,16.959999,16.959999,16.959999,0.000000,16.959999
2019-09-13,17.080000,17.080000,17.080000,17.080000,0.000000,17.080000
2019-09-16,17.110001,17.110001,17.110001,17.110001,0.000000,17.110001
2019-09-17,17.000000,17.000000,17.000000,17.000000,0.000000,17.000000
2019-09-18,16.910000,16.910000,16.910000,16.910000,0.000000,16.910000
2019-09-19,16.889999,16.889999,16.889999,16.889999,0.000000,16.889999
2019-09-20,16.850000,16.850000,16.850000,16.850000,0.000000,16.850000
2019-09-23,16.840000,16.840000,16.840000,16.840000,0.000000,16.840000
2019-09-24,16.680000,16.680000,16.680000,16.680000,0.000000,16.680000
2019-09-25,16.780001,16.780001,16.780001,16.780001,0.000000,16.780001
2019-09-26,16.700001,16.700001,16.700001,16.700001,0.000000,16.700001
2019-09-27,16.650000,16.650000,16.650000,16.650000,0.000000,16.650000
2019-09-30,16.680000,16.680000,16.680000,16.680000,0.000000,16.680000
2019-10-01,16.430000,16.430000,16.430000,16.430000,0.000000,16.430000
2019-10-02,16.180000,16.180000,16.180000,16.180000,0.000000,16.180000
2019-10-03,16.190001,16.190001,16.190001,16.190001,0.000000,16.190001
2019-10-04,16.330000,16.330000,16.330000,16.330000,0.000000,16.330000
2019-10-07,16.260000,16.260000,16.260000,16.260000,0.000000,16.260000
2019-10-08,16.000000,16.000000,16.000000,16.000000,0.000000,16.000000
2019-10-09,16.100000,16.100000,16.100000,16.100000,0.000000,16.100000
2019-10-10,16.240000,16.240000,16.240000,16.240000,0.000000,16.240000
2019-10-11,16.590000,16.590000,16.590000,16.590000,0.000000,16.590000
2019-10-14,16.530001,16.530001,16.530001,16.530001,0.000000,16.530001
2019-10-15,16.719999,16.719999,16.719999,16.719999,0.000000,16.719999
2019-10-16,16.740000,16.740000,16.740000,16.740000,0.000000,16.740000
2019-10-17,16.830000,16.830000,16.830000,16.830000,0.000000,16.830000
2019-10-18,16.840000,16.840000,16.840000,16.840000,0.000000,16.840000
2019-10-21,17.000000,17.000000,17.000000,17.000000,0.000000,17.000000
2019-10-22,17.030001,17.030001,17.030001,17.030001,0.000000,17.030001
2019-10-23,17.090000,17.090000,17.090000,17.090000,0.000000,17.090000
2019-10-24,17.040001,17.040001,17.040001,17.040001,0.000000,17.040001
2019-10-25,17.129999,17.129999,17.129999,17.129999,0.000000,17.129999
2019-10-28,17.219999,17.219999,17.219999,17.219999,0.000000,17.219999
2019-10-29,17.270000,17.270000,17.270000,17.270000,0.000000,17.270000
2019-10-30,17.190001,17.190001,17.190001,17.190001,0.000000,17.190001
2019-10-31,17.070000,17.070000,17.070000,17.070000,0.000000,17.070000
2019-11-01,17.350000,17.350000,17.350000,17.350000,0.000000,17.350000
2019-11-04,17.549999,17.549999,17.549999,17.549999,0.000000,17.549999
2019-11-05,17.610001,17.610001,17.610001,17.610001,0.000000,17.610001
2019-11-06,17.540001,17.540001,17.540001,17.540001,0.000000,17.540001
2019-11-07,17.639999,17.639999,17.639999,17.639999,0.000000,17.639999
2019-11-08,17.650000,17.650000,17.650000,17.650000,0.000000,17.650000
2019-11-11,17.620001,17.620001,17.620001,17.620001,0.000000,17.620001
2019-11-12,17.629999,17.629999,17.629999,17.629999,0.000000,17.629999
2019-11-13,17.500000,17.500000,17.500000,17.500000,0.000000,17.500000
2019-11-14,17.480000,17.480000,17.480000,17.480000,0.000000,17.480000
2019-11-15,17.600000,17.600000,17.600000,17.600000,0.000000,17.600000
2019-11-18,17.530001,17.530001,17.530001,17.530001,0.000000,17.530001
2019-11-19,17.490000,17.490000,17.490000,17.490000,0.000000,17.490000
2019-11-20,17.389999,17.389999,17.389999,17.389999,0.000000,17.389999
2019-11-21,17.340000,17.340000,17.340000,17.340000,0.000000,17.340000
2019-11-22,17.410000,17.410000,17.410000,17.410000,0.000000,17.410000
2019-11-25,17.620001,17.620001,17.620001,17.620001,0.000000,17.620001
2019-11-26,17.610001,17.610001,17.610001,17.610001,0.000000,17.610001
2019-11-27,17.690001,17.690001,17.690001,17.690001,0.000000,17.690001
2019-11-29,17.559999,17.559999,17.559999,17.559999,0.000000,17.559999
2019-12-02,17.459999,17.459999,17.459999,17.459999,0.000000,17.459999
2019-12-03,17.309999,17.309999,17.309999,17.309999,0.000000,17.309999
2019-12-04,17.490000,17.490000,17.490000,17.490000,0.000000,17.490000
2019-12-05,17.549999,17.549999,17.549999,17.549999,0.000000,17.549999
2019-12-06,17.740000,17.740000,17.740000,17.740000,0.000000,17.740000
2019-12-09,17.709999,17.709999,17.709999,17.709999,0.000000,17.709999
2019-12-10,17.690001,17.690001,17.690001,17.690001,0.000000,17.690001
2019-12-11,17.770000,17.770000,17.770000,17.770000,0.000000,17.770000
2019-12-12,18.000000,18.000000,18.000000,18.000000,0.000000,18.000000
2019-12-13,17.980000,17.980000,17.980000,17.980000,0.000000,17.980000
2019-12-16,18.120001,18.120001,18.120001,18.120001,0.000000,18.120001
2019-12-17,18.150000,18.150000,18.150000,18.150000,0.000000,18.150000
2019-12-18,18.139999,18.139999,18.139999,18.139999,0.000000,18.139999
2019-12-19,18.170000,18.170000,18.170000,18.170000,0.000000,18.170000
2019-12-20,18.180000,18.180000,18.180000,18.180000,0.000000,18.180000
2019-12-23,18.190001,18.190001,18.190001,18.190001,0.000000,18.190001
2019-12-24,18.209999,18.209999,18.209999,18.209999,0.000000,18.209999
2019-12-26,,,,,,
2019-12-27,18.230000,18.230000,18.230000,18.230000,0.000000,18.230000
2019-12-30,18.190001,18.190001,18.190001,18.190001,0.000000,18.190001
2019-12-31,18.250000,18.250000,18.250000,18.250000,0.000000,18.250000
2020-01-02,18.320000,18.320000,18.320000,18.320000,0.000000,18.320000
2020-01-03,18.180000,18.180000,18.180000,18.180000,0.000000,18.180000
2020-01-06,18.170000,18.170000,18.170000,18.170000,0.000000,18.170000
2020-01-07,18.150000,18.150000,18.150000,18.150000,0.000000,18.150000
2020-01-08,18.120001,18.120001,18.120001,18.120001,0.000000,18.120001
2020-01-09,18.120001,18.120001,18.120001,18.120001,0.000000,18.120001
2020-01-10,18.020000,18.020000,18.020000,18.020000,0.000000,18.020000
2020-01-13,18.120001,18.120001,18.120001,18.120001,0.000000,18.120001
2020-01-14,18.150000,18.150000,18.150000,18.150000,0.000000,18.150000
2020-01-15,18.129999,18.129999,18.129999,18.129999,0.000000,18.129999
2020-01-16,18.280001,18.280001,18.280001,18.280001,0.000000,18.280001
2020-01-17,18.260000,18.260000,18.260000,18.260000,0.000000,18.260000
2020-01-21,18.100000,18.100000,18.100000,18.100000,0.000000,18.100000
2020-01-22,18.080000,18.080000,18.080000,18.080000,0.000000,18.080000
2020-01-23,18.049999,18.049999,18.049999,18.049999,0.000000,18.049999
2020-01-24,17.860001,17.860001,17.860001,17.860001,0.000000,17.860001
2020-01-27,17.530001,17.530001,17.530001,17.530001,0.000000,17.530001
2020-01-28,17.660000,17.660000,17.660000,17.660000,0.000000,17.660000
2020-01-29,17.570000,17.570000,17.570000,17.570000,0.000000,17.570000
2020-01-30,17.580000,17.580000,17.580000,17.580000,0.000000,17.580000
2020-01-31,17.250000,17.250000,17.250000,17.250000,0.000000,17.250000
2020-02-03,17.309999,17.309999,17.309999,17.309999,0.000000,17.309999
2020-02-04,17.540001,17.540001,17.540001,17.540001,0.000000,17.540001
2020-02-05,17.860001,17.860001,17.860001,17.860001,0.000000,17.860001
2020-02-06,17.770000,17.770000,17.770000,17.770000,0.000000,17.770000
2020-02-07,17.570000,17.570000,17.570000,17.570000,0.000000,17.570000
2020-02-10,17.580000,17.580000,17.580000,17.580000,0.000000,17.580000
2020-02-11,17.740000,17.740000,17.740000,17.740000,0.000000,17.740000
2020-02-12,17.850000,17.850000,17.850000,17.850000,0.000000,17.850000
2020-02-13,17.799999,17.799999,17.799999,17.799999,0.000000,17.799999
2020-02-14,17.740000,17.740000,17.740000,17.740000,0.000000,17.740000
2020-02-18,17.610001,17.610001,17.610001,17.610001,0.000000,17.610001
2020-02-19,17.680000,17.680000,17.680000,17.680000,0.000000,17.680000
2020-02-20,17.700001,17.700001,17.700001,17.700001,0.000000,17.700001
2020-02-21,17.549999,17.549999,17.549999,17.549999,0.000000,17.549999
2020-02-24,16.920000,16.920000,16.920000,16.920000,0.000000,16.920000
2020-02-25,16.389999,16.389999,16.389999,16.389999,0.000000,16.389999
2020-02-26,16.200001,16.200001,16.200001,16.200001,0.000000,16.200001
2020-02-27,15.620000,15.620000,15.620000,15.620000,0.000000,15.620000
2020-02-28,15.460000,15.460000,15.460000,15.460000,0.000000,15.460000
2020-03-02,15.770000,15.770000,15.770000,15.770000,0.000000,15.770000
2020-03-03,15.440000,15.440000,15.440000,15.440000,0.000000,15.440000
2020-03-04,15.780000,15.780000,15.780000,15.780000,0.000000,15.780000
2020-03-05,15.170000,15.170000,15.170000,15.170000,0.000000,15.170000
2020-03-06,14.810000,14.810000,14.810000,14.810000,0.000000,14.810000
2020-03-09,13.270000,13.270000,13.270000,13.270000,0.000000,13.270000
2020-03-10,13.740000,13.740000,13.740000,13.740000,0.000000,13.740000
2020-03-11,12.960000,12.960000,12.960000,12.960000,0.000000,12.960000
2020-03-12,11.510000,11.510000,11.510000,11.510000,0.000000,11.510000
2020-03-13,12.300000,12.300000,12.300000,12.300000,0.000000,12.300000
2020-03-16,10.800000,10.800000,10.800000,10.800000,0.000000,10.800000
2020-03-17,11.230000,11.230000,11.230000,11.230000,0.000000,11.230000
2020-03-18,10.190000,10.190000,10.190000,10.190000,0.000000,10.190000
2020-03-19,10.510000,10.510000,10.510000,10.510000,0.000000,10.510000
2020-03-20,10.220000,10.220000,10.220000,10.220000,0.000000,10.220000
2020-03-23,9.980000,9.980000,9.980000,9.980000,0.000000,9.980000
2020-03-24,10.980000,10.980000,10.980000,10.980000,0.000000,10.980000
2020-03-25,11.300000,11.300000,11.300000,11.300000,0.000000,11.300000
2020-03-26,11.950000,11.950000,11.950000,11.950000,0.000000,11.950000
2020-03-27,11.500000,11.500000,11.500000,11.500000,0.000000,11.500000
2020-03-30,11.640000,11.640000,11.640000,11.640000,0.000000,11.640000
2020-03-31,11.570000,11.570000,11.570000,11.570000,0.000000,11.570000
2020-04-01,10.980000,10.980000,10.980000,10.980000,0.000000,10.980000
2020-04-02,11.070000,11.070000,11.070000,11.070000,0.000000,11.070000
2020-04-03,10.740000,10.740000,10.740000,10.740000,0.000000,10.740000
2020-04-06,11.530000,11.530000,11.530000,11.530000,0.000000,11.530000
2020-04-07,11.740000,11.740000,11.740000,11.740000,0.000000,11.740000
2020-04-08,12.180000,12.180000,12.180000,12.180000,0.000000,12.180000
2020-04-09,12.620000,12.620000,12.620000,12.620000,0.000000,12.620000
2020-04-13,,,,,,
2020-04-14,12.480000,12.480000,12.480000,12.480000,0.000000,12.480000
2020-04-15,11.870000,11.870000,11.870000,11.870000,0.000000,11.870000
2020-04-16,11.750000,11.750000,11.750000,11.750000,0.000000,11.750000
2020-04-17,12.270000,12.270000,12.270000,12.270000,0.000000,12.270000
2020-04-20,12.060000,12.060000,12.060000,12.060000,0.000000,12.060000
2020-04-21,11.780000,11.780000,11.780000,11.780000,0.000000,11.780000
2020-04-22,11.910000,11.910000,11.910000,11.910000,0.000000,11.910000
2020-04-23,12.090000,12.090000,12.090000,12.090000,0.000000,12.090000
2020-04-24,12.260000,12.260000,12.260000,12.260000,0.000000,12.260000
2020-04-27,12.680000,12.680000,12.680000,12.680000,0.000000,12.680000
2020-04-28,12.940000,12.940000,12.940000,12.940000,0.000000,12.940000
2020-04-29,13.570000,13.570000,13.570000,13.570000,0.000000,13.570000
2020-04-30,13.190000,13.190000,13.190000,13.190000,0.000000,13.190000
2020-05-01,,,,,,
2020-05-04,12.690000,12.690000,12.690000,12.690000,0.000000,12.690000
2020-05-05,12.680000,12.680000,12.680000,12.680000,0.000000,12.680000
2020-05-06,12.480000,12.480000,12.480000,12.480000,0.000000,12.480000
2020-05-07,12.700000,12.700000,12.700000,12.700000,0.000000,12.700000
2020-05-08,,,,,,
2020-05-11,12.920000,12.920000,12.920000,12.920000,0.000000,12.920000
2020-05-12,12.540000,12.540000,12.540000,12.540000,0.000000,12.540000
2020-05-13,12.140000,12.140000,12.140000,12.140000,0.000000,12.140000
2020-05-14,12.200000,12.200000,12.200000,12.200000,0.000000,12.200000
2020-05-15,12.270000,12.270000,12.270000,12.270000,0.000000,12.270000
2020-05-18,13.030000,13.030000,13.030000,13.030000,0.000000,13.030000
2020-05-19,12.820000,12.820000,12.820000,12.820000,0.000000,12.820000
2020-05-20,13.150000,13.150000,13.150000,13.150000,0.000000,13.150000
2020-05-21,13.110000,13.110000,13.110000,13.110000,0.000000,13.110000
2020-05-22,13.080000,13.080000,13.080000,13.080000,0.000000,13.080000
2020-05-26,13.680000,13.680000,13.680000,13.680000,0.000000,13.680000
2020-05-27,14.140000,14.140000,14.140000,14.140000,0.000000,14.140000
2020-05-28,13.910000,13.910000,13.910000,13.910000,0.000000,13.910000
2020-05-29,13.760000,13.760000,13.760000,13.760000,0.000000,13.760000
2020-06-01,13.970000,13.970000,13.970000,13.970000,0.000000,13.970000
2020-06-02,14.170000,14.170000,14.170000,14.170000,0.000000,14.170000
2020-06-03,14.630000,14.630000,14.630000,14.630000,0.000000,14.630000
2020-06-04,14.780000,14.780000,14.780000,14.780000,0.000000,14.780000
2020-06-05,15.350000,15.350000,15.350000,15.350000,0.000000,15.350000
2020-06-08,15.750000,15.750000,15.750000,15.750000,0.000000,15.750000
2020-06-09,15.350000,15.350000,15.350000,15.350000,0.000000,15.350000
2020-06-10,14.900000,14.900000,14.900000,14.900000,0.000000,14.900000
2020-06-11,13.770000,13.770000,13.770000,13.770000,0.000000,13.770000
2020-06-12,14.080000,14.080000,14.080000,14.080000,0.000000,14.080000
2020-06-15,14.250000,14.250000,14.250000,14.250000,0.000000,14.250000
2020-06-16,14.540000,14.540000,14.540000,14.540000,0.000000,14.540000
2020-06-17,14.330000,14.330000,14.330000,14.330000,0.000000,14.330000
2020-06-18,14.290000,14.290000,14.290000,14.290000,0.000000,14.290000
2020-06-19,14.170000,14.170000,14.170000,14.170000,0.000000,14.170000
2020-06-22,14.240000,14.240000,14.240000,14.240000,0.000000,14.240000
2020-06-23,14.310000,14.310000,14.310000,14.310000,0.000000,14.310000
2020-06-24,13.770000,13.770000,13.770000,13.770000,0.000000,13.770000
2020-06-25,13.940000,13.940000,13.940000,13.940000,0.000000,13.940000
2020-06-26,13.620000,13.620000,13.620000,13.620000,0.000000,13.620000
2020-06-29,13.950000,13.950000,13.950000,13.950000,0.000000,13.950000
2020-06-30,14.100000,14.100000,14.100000,14.100000,0.000000,14.100000
2020-07-01,13.910000,13.910000,13.910000,13.910000,0.000000,13.910000
2020-07-02,14.000000,14.000000,14.000000,14.000000,0.000000,14.000000
2020-07-06,14.220000,14.220000,14.220000,14.220000,0.000000,14.220000
2020-07-07,13.920000,13.920000,13.920000,13.920000,0.000000,13.920000
2020-07-08,14.000000,14.000000,14.000000,14.000000,0.000000,14.000000
2020-07-09,13.680000,13.680000,13.680000,13.680000,0.000000,13.680000
2020-07-10,13.950000,13.950000,13.950000,13.950000,0.000000,13.950000
2020-07-13,13.910000,13.910000,13.910000,13.910000,0.000000,13.910000
2020-07-14,14.130000,14.130000,14.130000,14.130000,0.000000,14.130000
2020-07-15,14.540000,14.540000,14.540000,14.540000,0.000000,14.540000
2020-07-16,14.510000,14.510000,14.510000,14.510000,0.000000,14.510000
2020-07-17,14.490000,14.490000,14.490000,14.490000,0.000000,14.490000
2020-07-20,14.420000,14.420000,14.420000,14.420000,0.000000,14.420000
2020-07-21,14.660000,14.660000,14.660000,14.660000,0.000000,14.660000
2020-07-22,14.710000,14.710000,14.710000,14.710000,0.000000,14.710000
2020-07-23,14.730000,14.730000,14.730000,14.730000,0.000000,14.730000
2020-07-24,14.640000,14.640000,14.640000,14.640000,0.000000,14.640000
2020-07-27,14.740000,14.740000,14.740000,14.740000,0.000000,14.740000
2020-07-28,14.610000,14.610000,14.610000,14.610000,0.000000,14.610000
2020-07-29,14.850000,14.850000,14.850000,14.850000,0.000000,14.850000
2020-07-30,14.660000,14.660000,14.660000,14.660000,0.000000,14.660000
2020-07-31,14.480000,14.480000,14.480000,14.480000,0.000000,14.480000
2020-08-03,14.650000,14.650000,14.650000,14.650000,0.000000,14.650000
2020-08-04,14.770000,14.770000,14.770000,14.770000,0.000000,14.770000
2020-08-05,15.030000,15.030000,15.030000,15.030000,0.000000,15.030000
2020-08-06,15.010000,15.010000,15.010000,15.010000,0.000000,15.010000
2020-08-07,15.150000,15.150000,15.150000,15.150000,0.000000,15.150000
2020-08-10,15.370000,15.370000,15.370000,15.370000,0.000000,15.370000
2020-08-11,15.460000,15.460000,15.460000,15.460000,0.000000,15.460000
2020-08-12,15.570000,15.570000,15.570000,15.570000,0.000000,15.570000
2020-08-13,15.480000,15.480000,15.480000,15.480000,0.000000,15.480000
2020-08-14,15.500000,15.500000,15.500000,15.500000,0.000000,15.500000
2020-08-17,15.480000,15.480000,15.480000,15.480000,0.000000,15.480000
2020-08-18,15.360000,15.360000,15.360000,15.360000,0.000000,15.360000
2020-08-19,15.310000,15.310000,15.310000,15.310000,0.000000,15.310000
2020-08-20,15.180000,15.180000,15.180000,15.180000,0.000000,15.180000
2020-08-21,15.080000,15.080000,15.080000,15.080000,0.000000,15.080000
2020-08-24,15.380000,15.380000,15.380000,15.380000,0.000000,15.380000
2020-08-25,15.390000,15.390000,15.390000,15.390000,0.000000,15.390000
2020-08-26,15.370000,15.370000,15.370000,15.370000,0.000000,15.370000
2020-08-27,15.410000,15.410000,15.410000,15.410000,0.000000,15.410000
2020-08-28,15.560000,15.560000,15.560000,15.560000,0.000000,15.560000
2020-08-31,,,,,,
2020-09-01,15.440000,15.440000,15.440000,15.440000,0.000000,15.440000
2020-09-02,15.580000,15.580000,15.580000,15.580000,0.000000,15.580000
2020-09-03,15.270000,15.270000,15.270000,15.270000,0.000000,15.270000
2020-09-04,15.350000,15.350000,15.350000,15.350000,0.000000,15.350000
2020-09-08,15.050000,15.050000,15.050000,15.050000,0.000000,15.050000
2020-09-09,15.220000,15.220000,15.220000,15.220000,0.000000,15.220000
2020-09-10,15.020000,15.020000,15.020000,15.020000,0.000000,15.020000
2020-09-11,15.080000,15.080000,15.080000,15.080000,0.000000,15.080000
2020-09-14,15.340000,15.340000,15.340000,15.340000,0.000000,15.340000
2020-09-15,15.300000,15.300000,15.300000,15.300000,0.000000,15.300000
2020-09-16,15.430000,15.430000,15.430000,15.430000,0.000000,15.430000
2020-09-17,15.410000,15.410000,15.410000,15.410000,0.000000,15.410000
2020-09-18,15.280000,15.280000,15.280000,15.280000,0.000000,15.280000
2020-09-21,14.730000,14.730000,14.730000,14.730000,0.000000,14.730000
2020-09-22,14.730000,14.730000,14.730000,14.730000,0.000000,14.730000
2020-09-23,14.400000,14.400000,14.400000,14.400000,0.000000,14.400000
2020-09-24,14.420000,14.420000,14.420000,14.420000,0.000000,14.420000
2020-09-25,14.520000,14.520000,14.520000,14.520000,0.000000,14.520000
2020-09-28,14.890000,14.890000,14.890000,14.890000,0.000000,14.890000
2020-09-29,14.770000,14.770000,14.770000,14.770000,0.000000,14.770000
2020-09-30,14.810000,14.810000,14.810000,14.810000,0.000000,14.810000
2020-10-01,14.910000,14.910000,14.910000,14.910000,0.000000,14.910000
2020-10-02,15.020000,15.020000,15.020000,15.020000,0.000000,15.020000
2020-10-05,15.400000,15.400000,15.400000,15.400000,0.000000,15.400000
2020-10-06,15.300000,15.300000,15.300000,15.300000,0.000000,15.300000
2020-10-07,15.560000,15.560000,15.560000,15.560000,0.000000,15.560000
2020-10-08,15.770000,15.770000,15.770000,15.770000,0.000000,15.770000
2020-10-09,15.790000,15.790000,15.790000,15.790000,0.000000,15.790000
2020-10-12,15.880000,15.880000,15.880000,15.880000,0.000000,15.880000
2020-10-13,15.640000,15.640000,15.640000,15.640000,0.000000,15.640000
2020-10-14,15.630000,15.630000,15.630000,15.630000,0.000000,15.630000
2020-10-15,15.690000,15.690000,15.690000,15.690000,0.000000,15.690000
2020-10-16,15.660000,15.660000,15.660000,15.660000,0.000000,15.660000
2020-10-19,15.540000,15.540000,15.540000,15.540000,0.000000,15.540000
2020-10-20,15.650000,15.650000,15.650000,15.650000,0.000000,15.650000
2020-10-21,15.630000,15.630000,15.630000,15.630000,0.000000,15.630000
2020-10-22,15.820000,15.820000,15.820000,15.820000,0.000000,15.820000
2020-10-23,15.940000,15.940000,15.940000,15.940000,0.000000,15.940000
2020-10-26,15.560000,15.560000,15.560000,15.560000,0.000000,15.560000
2020-10-27,15.300000,15.300000,15.300000,15.300000,0.000000,15.300000
2020-10-28,14.820000,14.820000,14.820000,14.820000,0.000000,14.820000
2020-10-29,15.000000,15.000000,15.000000,15.000000,0.000000,15.000000
2020-10-30,14.960000,14.960000,14.960000,14.960000,0.000000,14.960000
2020-11-02,15.300000,15.300000,15.300000,15.300000,0.000000,15.300000
2020-11-03,15.660000,15.660000,15.660000,15.660000,0.000000,15.660000
2020-11-04,15.490000,15.490000,15.490000,15.490000,0.000000,15.490000
2020-11-05,15.920000,15.920000,15.920000,15.920000,0.000000,15.920000
2020-11-06,15.820000,15.820000,15.820000,15.820000,0.000000,15.820000
2020-11-09,16.629999,16.629999,16.629999,16.629999,0.000000,16.629999
2020-11-10,16.940001,16.940001,16.940001,16.940001,0.000000,16.940001
2020-11-11,16.879999,16.879999,16.879999,16.879999,0.000000,16.879999
2020-11-12,16.559999,16.559999,16.559999,16.559999,0.000000,16.559999
2020-11-13,16.940001,16.940001,16.940001,16.940001,0.000000,16.940001
2020-11-16,17.430000,17.430000,17.430000,17.430000,0.000000,17.430000
2020-11-17,17.459999,17.459999,17.459999,17.459999,0.000000,17.459999
2020-11-18,17.320000,17.320000,17.320000,17.320000,0.000000,17.320000
2020-11-19,17.400000,17.400000,17.400000,17.400000,0.000000,17.400000
2020-11-20,17.360001,17.360001,17.360001,17.360001,0.000000,17.360001
2020-11-23,17.700001,17.700001,17.700001,17.700001,0.000000,17.700001
2020-11-24,18.200001,18.200001,18.200001,18.200001,0.000000,18.200001
2020-11-25,18.049999,18.049999,18.049999,18.049999,0.000000,18.049999
2020-11-27,18.040001,18.040001,18.040001,18.040001,0.000000,18.040001
2020-11-30,17.590000,17.590000,17.590000,17.590000,0.000000,17.590000
2020-12-01,17.920000,17.920000,17.920000,17.920000,0.000000,17.920000
2020-12-02,18.000000,18.000000,18.000000,18.000000,0.000000,18.000000
2020-12-03,18.160000,18.160000,18.160000,18.160000,0.000000,18.160000
2020-12-04,18.520000,18.520000,18.520000,18.520000,0.000000,18.520000
2020-12-07,18.389999,18.389999,18.389999,18.389999,0.000000,18.389999
2020-12-08,18.459999,18.459999,18.459999,18.459999,0.000000,18.459999
2020-12-09,18.469999,18.469999,18.469999,18.469999,0.000000,18.469999
2020-12-10,18.520000,18.520000,18.520000,18.520000,0.000000,18.520000
2020-12-11,18.379999,18.379999,18.379999,18.379999,0.000000,18.379999
2020-12-14,18.299999,18.299999,18.299999,18.299999,0.000000,18.299999
2020-12-15,18.680000,18.680000,18.680000,18.680000,0.000000,18.680000
2020-12-16,18.660000,18.660000,18.660000,18.660000,0.000000,18.660000
2020-12-17,18.790001,18.790001,18.790001,18.790001,0.000000,18.790001
2020-12-18,18.660000,18.660000,18.660000,18.660000,0.000000,18.660000
2020-12-21,18.530001,18.530001,18.530001,18.530001,0.000000,18.530001
2020-12-22,18.450001,18.450001,18.450001,18.450001,0.000000,18.450001
2020-12-23,18.750000,18.750000,18.750000,18.750000,0.000000,18.750000
2020-12-24,18.770000,18.770000,18.770000,18.770000,0.000000,18.770000
2020-12-28,,,,,,
2020-12-29,18.719999,18.719999,18.719999,18.719999,0.000000,18.719999
2020-12-30,18.879999,18.879999,18.879999,18.879999,0.000000,18.879999
2020-12-31,18.900000,18.900000,18.900000,18.900000,0.000000,18.900000
2021-01-04,18.740000,18.740000,18.740000,18.740000,0.000000,18.740000
2021-01-05,19.080000,19.080000,19.080000,19.080000,0.000000,19.080000
2021-01-06,19.780001,19.780001,19.780001,19.780001,0.000000,19.780001
2021-01-07,19.990000,19.990000,19.990000,19.990000,0.000000,19.990000
2021-01-08,19.889999,19.889999,19.889999,19.889999,0.000000,19.889999
2021-01-11,19.850000,19.850000,19.850000,19.850000,0.000000,19.850000
2021-01-12,20.180000,20.180000,20.180000,20.180000,0.000000,20.180000
2021-01-13,20.010000,20.010000,20.010000,20.010000,0.000000,20.010000
2021-01-14,20.290001,20.290001,20.290001,20.290001,0.000000,20.290001
2021-01-15,19.950001,19.950001,19.950001,19.950001,0.000000,19.950001
2021-01-19,20.100000,20.100000,20.100000,20.100000,0.000000,20.100000
2021-01-20,20.219999,20.219999,20.219999,20.219999,0.000000,20.219999
2021-01-21,20.080000,20.080000,20.080000,20.080000,0.000000,20.080000
2021-01-22,20.059999,20.059999,20.059999,20.059999,0.000000,20.059999
2021-01-25,19.950001,19.950001,19.950001,19.950001,0.000000,19.950001
2021-01-26,19.879999,19.879999,19.879999,19.879999,0.000000,19.879999
2021-01-27,19.510000,19.510000,19.510000,19.510000,0.000000,19.510000
2021-01-28,19.620001,19.620001,19.620001,19.620001,0.000000,19.620001
2021-01-29,19.230000,19.230000,19.230000,19.230000,0.000000,19.230000
2021-02-01,19.590000,19.590000,19.590000,19.590000,0.000000,19.590000
2021-02-02,19.799999,19.799999,19.799999,19.799999,0.000000,19.799999
2021-02-03,19.980000,19.980000,19.980000,19.980000,0.000000,19.980000
2021-02-04,20.230000,20.230000,20.230000,20.230000,0.000000,20.230000
2021-02-05,20.420000,20.420000,20.420000,20.420000,0.000000,20.420000
2021-02-08,20.820000,20.820000,20.820000,20.820000,0.000000,20.820000
2021-02-09,20.840000,20.840000,20.840000,20.840000,0.000000,20.840000
2021-02-10,20.820000,20.820000,20.820000,20.820000,0.000000,20.820000
2021-02-11,20.850000,20.850000,20.850000,20.850000,0.000000,20.850000
2021-02-12,20.969999,20.969999,20.969999,20.969999,0.000000,20.969999
2021-02-16,21.110001,21.110001,21.110001,21.110001,0.000000,21.110001
2021-02-17,21.020000,21.020000,21.020000,21.020000,0.000000,21.020000
2021-02-18,20.750000,20.750000,20.750000,20.750000,0.000000,20.750000
2021-02-19,21.100000,21.100000,21.100000,21.100000,0.000000,21.100000
2021-02-22,21.309999,21.309999,21.309999,21.309999,0.000000,21.309999
2021-02-23,21.340000,21.340000,21.340000,21.340000,0.000000,21.340000
2021-02-24,21.770000,21.770000,21.770000,21.770000,0.000000,21.770000
2021-02-25,21.209999,21.209999,21.209999,21.209999,0.000000,21.209999
2021-02-26,21.030001,21.030001,21.030001,21.030001,0.000000,21.030001
2021-03-01,21.590000,21.590000,21.590000,21.590000,0.000000,21.590000
2021-03-02,21.459999,21.459999,21.459999,21.459999,0.000000,21.459999
2021-03-03,21.570000,21.570000,21.570000,21.570000,0.000000,21.570000
2021-03-04,21.260000,21.260000,21.260000,21.260000,0.000000,21.260000
2021-03-05,21.740000,21.740000,21.740000,21.740000,0.000000,21.740000
2021-03-08,21.980000,21.980000,21.980000,21.980000,0.000000,21.980000
2021-03-09,22.040001,22.040001,22.040001,22.040001,0.000000,22.040001
2021-03-10,22.379999,22.379999,22.379999,22.379999,0.000000,22.379999
2021-03-11,22.639999,22.639999,22.639999,22.639999,0.000000,22.639999
2021-03-12,22.820000,22.820000,22.820000,22.820000,0.000000,22.820000
2021-03-15,22.910000,22.910000,22.910000,22.910000,0.000000,22.910000
2021-03-16,22.670000,22.670000,22.670000,22.670000,0.000000,22.670000
2021-03-17,22.860001,22.860001,22.860001,22.860001,0.000000,22.860001
2021-03-18,22.570000,22.570000,22.570000,22.570000,0.000000,22.570000
2021-03-19,22.580000,22.580000,22.580000,22.580000,0.000000,22.580000
2021-03-22,22.410000,22.410000,22.410000,22.410000,0.000000,22.410000
2021-03-23,21.719999,21.719999,21.719999,21.719999,0.000000,21.719999
2021-03-24,21.559999,21.559999,21.559999,21.559999,0.000000,21.559999
2021-03-25,21.940001,21.940001,21.940001,21.940001,0.000000,21.940001
2021-03-26,22.309999,22.309999,22.309999,22.309999,0.000000,22.309999
2021-03-29,21.940001,21.940001,21.940001,21.940001,0.000000,21.940001
2021-03-30,22.170000,22.170000,22.170000,22.170000,0.000000,22.170000
2021-03-31,22.080000,22.080000,22.080000,22.080000,0.000000,22.080000
2021-04-01,22.389999,22.389999,22.389999,22.389999,0.000000,22.389999
2021-04-05,,,,,,
2021-04-06,22.520000,22.520000,22.520000,22.520000,0.000000,22.520000
2021-04-07,22.459999,22.459999,22.459999,22.459999,0.000000,22.459999
2021-04-08,22.480000,22.480000,22.480000,22.480000,0.000000,22.480000
2021-04-09,22.559999,22.559999,22.559999,22.559999,0.000000,22.559999
2021-04-12,22.559999,22.559999,22.559999,22.559999,0.000000,22.559999
2021-04-13,22.459999,22.459999,22.459999,22.459999,0.000000,22.459999
2021-04-14,22.620001,22.620001,22.620001,22.620001,0.000000,22.620001
2021-04-15,22.730000,22.730000,22.730000,22.730000,0.000000,22.730000
2021-04-16,22.850000,22.850000,22.850000,22.850000,0.000000,22.850000
2021-04-19,22.750000,22.750000,22.750000,22.750000,0.000000,22.750000
2021-04-20,22.270000,22.270000,22.270000,22.270000,0.000000,22.270000
2021-04-21,22.610001,22.610001,22.610001,22.610001,0.000000,22.610001
2021-04-22,22.459999,22.459999,22.459999,22.459999,0.000000,22.459999
2021-04-23,22.850000,22.850000,22.850000,22.850000,0.000000,22.850000
2021-04-26,22.980000,22.980000,22.980000,22.980000,0.000000,22.980000
2021-04-27,23.030001,23.030001,23.030001,23.030001,0.000000,23.030001
2021-04-28,23.090000,23.090000,23.090000,23.090000,0.000000,23.090000
2021-04-29,23.150000,23.150000,23.150000,23.150000,0.000000,23.150000
2021-04-30,22.850000,22.850000,22.850000,22.850000,0.000000,22.850000
2021-05-03,,,,,,
2021-05-04,23.070000,23.070000,23.070000,23.070000,0.000000,23.070000
2021-05-05,23.280001,23.280001,23.280001,23.280001,0.000000,23.280001
2021-05-06,23.459999,23.459999,23.459999,23.459999,0.000000,23.459999
2021-05-07,23.780001,23.780001,23.780001,23.780001,0.000000,23.780001
2021-05-10,23.610001,23.610001,23.610001,23.610001,0.000000,23.610001
2021-05-11,23.370001,23.370001,23.370001,23.370001,0.000000,23.370001
2021-05-12,22.780001,22.780001,22.780001,22.780001,0.000000,22.780001
2021-05-13,23.110001,23.110001,23.110001,23.110001,0.000000,23.110001
2021-05-14,23.540001,23.540001,23.540001,23.540001,0.000000,23.540001
2021-05-17,23.610001,23.610001,23.610001,23.610001,0.000000,23.610001
2021-05-18,23.430000,23.430000,23.430000,23.430000,0.000000,23.430000
2021-05-19,23.180000,23.180000,23.180000,23.180000,0.000000,23.180000
2021-05-20,23.270000,23.270000,23.270000,23.270000,0.000000,23.270000
2021-05-21,23.320000,23.320000,23.320000,23.320000,0.000000,23.320000
2021-05-24,23.430000,23.430000,23.430000,23.430000,0.000000,23.430000
2021-05-25,23.180000,23.180000,23.180000,23.180000,0.000000,23.180000
2021-05-26,23.379999,23.379999,23.379999,23.379999,0.000000,23.379999
2021-05-27,23.600000,23.600000,23.600000,23.600000,0.000000,23.600000
2021-05-28,23.600000,23.600000,23.600000,23.600000,0.000000,23.600000
2021-06-01,23.889999,23.889999,23.889999,23.889999,0.000000,23.889999
2021-06-02,23.850000,23.850000,23.850000,23.850000,0.000000,23.850000
2021-06-03,23.770000,23.770000,23.770000,23.770000,0.000000,23.770000
2021-06-04,23.879999,23.879999,23.879999,23.879999,0.000000,23.879999
2021-06-07,23.870001,23.870001,23.870001,23.870001,0.000000,23.870001
2021-06-08,23.959999,23.959999,23.959999,23.959999,0.000000,23.959999
2021-06-09,23.750000,23.750000,23.750000,23.750000,0.000000,23.750000
2021-06-10,23.610001,23.610001,23.610001,23.610001,0.000000,23.610001
2021-06-11,23.740000,23.740000,23.740000,23.740000,0.000000,23.740000
2021-06-14,23.540001,23.540001,23.540001,23.540001,0.000000,23.540001
2021-06-15,23.580000,23.580000,23.580000,23.580000,0.000000,23.580000
2021-06-16,23.450001,23.450001,23.450001,23.450001,0.000000,23.450001
2021-06-17,22.910000,22.910000,22.910000,22.910000,0.000000,22.910000
2021-06-18,22.410000,22.410000,22.410000,22.410000,0.000000,22.410000
2021-06-21,22.910000,22.910000,22.910000,22.910000,0.000000,22.910000
2021-06-22,22.950001,22.950001,22.950001,22.950001,0.000000,22.950001
2021-06-23,22.930000,22.930000,22.930000,22.930000,0.000000,22.930000
2021-06-24,23.170000,23.170000,23.170000,23.170000,0.000000,23.170000
2021-06-25,23.299999,23.299999,23.299999,23.299999,0.000000,23.299999
2021-06-28,23.020000,23.020000,23.020000,23.020000,0.000000,23.020000
2021-06-29,22.950001,22.950001,22.950001,22.950001,0.000000,22.950001
2021-06-30,22.990000,22.990000,22.990000,22.990000,0.000000,22.990000
2021-07-01,23.160000,23.160000,23.160000,23.160000,0.000000,23.160000
2021-07-02,23.139999,23.139999,23.139999,23.139999,0.000000,23.139999
2021-07-06,22.770000,22.770000,22.770000,22.770000,0.000000,22.770000
2021-07-07,22.740000,22.740000,22.740000,22.740000,0.000000,22.740000
2021-07-08,22.420000,22.420000,22.420000,22.420000,0.000000,22.420000
2021-07-09,22.969999,22.969999,22.969999,22.969999,0.000000,22.969999
2021-07-12,23.040001,23.040001,23.040001,23.040001,0.000000,23.040001
2021-07-13,22.740000,22.740000,22.740000,22.740000,0.000000,22.740000
2021-07-14,22.639999,22.639999,22.639999,22.639999,0.000000,22.639999
2021-07-15,22.510000,22.510000,22.510000,22.510000,0.000000,22.510000
2021-07-16,22.150000,22.150000,22.150000,22.150000,0.000000,22.150000
2021-07-19,21.620001,21.620001,21.620001,21.620001,0.000000,21.620001
2021-07-20,22.059999,22.059999,22.059999,22.059999,0.000000,22.059999
2021-07-21,22.480000,22.480000,22.480000,22.480000,0.000000,22.480000
2021-07-22,22.309999,22.309999,22.309999,22.309999,0.000000,22.309999
2021-07-23,22.440001,22.440001,22.440001,22.440001,0.000000,22.440001
2021-07-26,22.620001,22.620001,22.620001,22.620001,0.000000,22.620001
2021-07-27,22.510000,22.510000,22.510000,22.510000,0.000000,22.510000
2021-07-28,22.650000,22.650000,22.650000,22.650000,0.000000,22.650000
2021-07-29,22.879999,22.879999,22.879999,22.879999,0.000000,22.879999
2021-07-30,22.760000,22.760000,22.760000,22.760000,0.000000,22.760000
2021-08-02,22.719999,22.719999,22.719999,22.719999,0.000000,22.719999
2021-08-03,22.910000,22.910000,22.910000,22.910000,0.000000,22.910000
2021-08-04,22.610001,22.610001,22.610001,22.610001,0.000000,22.610001
2021-08-05,22.830000,22.830000,22.830000,22.830000,0.000000,22.830000
2021-08-06,22.980000,22.980000,22.980000,22.980000,0.000000,22.980000
2021-08-09,22.889999,22.889999,22.889999,22.889999,0.000000,22.889999
2021-08-10,23.110001,23.110001,23.110001,23.110001,0.000000,23.110001
2021-08-11,23.370001,23.370001,23.370001,23.370001,0.000000,23.370001
2021-08-12,23.320000,23.320000,23.320000,23.320000,0.000000,23.320000
2021-08-13,23.260000,23.260000,23.260000,23.260000,0.000000,23.260000
2021-08-16,23.120001,23.120001,23.120001,23.120001,0.000000,23.120001
2021-08-17,22.790001,22.790001,22.790001,22.790001,0.000000,22.790001
2021-08-18,22.650000,22.650000,22.650000,22.650000,0.000000,22.650000
2021-08-19,22.340000,22.340000,22.340000,22.340000,0.000000,22.340000
2021-08-20,22.520000,22.520000,22.520000,22.520000,0.000000,22.520000
2021-08-23,22.809999,22.809999,22.809999,22.809999,0.000000,22.809999
2021-08-24,23.020000,23.020000,23.020000,23.020000,0.000000,23.020000
2021-08-25,23.170000,23.170000,23.170000,23.170000,0.000000,23.170000
2021-08-26,22.950001,22.950001,22.950001,22.950001,0.000000,22.950001
2021-08-27,23.379999,23.379999,23.379999,23.379999,0.000000,23.379999
2021-08-30,,,,,,
2021-08-31,23.260000,23.260000,23.260000,23.260000,0.000000,23.260000
2021-09-01,23.299999,23.299999,23.299999,23.299999,0.000000,23.299999
2021-09-02,23.440001,23.440001,23.440001,23.440001,0.000000,23.440001
2021-09-03,23.400000,23.400000,23.400000,23.400000,0.000000,23.400000
2021-09-07,23.230000,23.230000,23.230000,23.230000,0.000000,23.230000
2021-09-08,23.040001,23.040001,23.040001,23.040001,0.000000,23.040001
2021-09-09,23.059999,23.059999,23.059999,23.059999,0.000000,23.059999
2021-09-10,22.920000,22.920000,22.920000,22.920000,0.000000,22.920000
2021-09-13,23.170000,23.170000,23.170000,23.170000,0.000000,23.170000
2021-09-14,22.910000,22.910000,22.910000,22.910000,0.000000,22.910000
2021-09-15,23.129999,23.129999,23.129999,23.129999,0.000000,23.129999
2021-09-16,23.040001,23.040001,23.040001,23.040001,0.000000,23.040001
2021-09-17,22.889999,22.889999,22.889999,22.889999,0.000000,22.889999
2021-09-20,22.389999,22.389999,22.389999,22.389999,0.000000,22.389999
2021-09-21,22.379999,22.379999,22.379999,22.379999,0.000000,22.379999
2021-09-22,22.650000,22.650000,22.650000,22.650000,0.000000,22.650000
2021-09-23,23.059999,23.059999,23.059999,23.059999,0.000000,23.059999
2021-09-24,23.059999,23.059999,23.059999,23.059999,0.000000,23.059999
2021-09-27,23.410000,23.410000,23.410000,23.410000,0.000000,23.410000
2021-09-28,23.090000,23.090000,23.090000,23.090000,0.000000,23.090000
2021-09-29,23.090000,23.090000,23.090000,23.090000,0.000000,23.090000
2021-09-30,22.820000,22.820000,22.820000,22.820000,0.000000,22.820000
2021-10-01,23.129999,23.129999,23.129999,23.129999,0.000000,23.129999
2021-10-04,23.049999,23.049999,23.049999,23.049999,0.000000,23.049999
2021-10-05,23.200001,23.200001,23.200001,23.200001,0.000000,23.200001
2021-10-06,23.049999,23.049999,23.049999,23.049999,0.000000,23.049999
2021-10-07,23.309999,23.309999,23.309999,23.309999,0.000000,23.309999
2021-10-08,23.309999,23.309999,23.309999,23.309999,0.000000,23.309999
2021-10-11,23.190001,23.190001,23.190001,23.190001,0.000000,23.190001
2021-10-12,23.219999,23.219999,23.219999,23.219999,0.000000,23.219999
2021-10-13,23.260000,23.260000,23.260000,23.260000,0.000000,23.260000
2021-10-14,23.559999,23.559999,23.559999,23.559999,0.000000,23.559999
2021-10-15,23.610001,23.610001,23.610001,23.610001,0.000000,23.610001
2021-10-18,23.629999,23.629999,23.629999,23.629999,0.000000,23.629999
2021-10-19,23.709999,23.709999,23.709999,23.709999,0.000000,23.709999
2021-10-20,23.889999,23.889999,23.889999,23.889999,0.000000,23.889999
2021-10-21,23.790001,23.790001,23.790001,23.790001,0.000000,23.790001
2021-10-22,23.860001,23.860001,23.860001,23.860001,0.000000,23.860001
2021-10-25,23.980000,23.980000,23.980000,23.980000,0.000000,23.980000
2021-10-26,23.850000,23.850000,23.850000,23.850000,0.000000,23.850000
2021-10-27,23.450001,23.450001,23.450001,23.450001,0.000000,23.450001
2021-10-28,23.760000,23.760000,23.760000,23.760000,0.000000,23.760000
2021-10-29,23.620001,23.620001,23.620001,23.620001,0.000000,23.620001
2021-11-01,24.049999,24.049999,24.049999,24.049999,0.000000,24.049999
2021-11-02,23.980000,23.980000,23.980000,23.980000,0.000000,23.980000
2021-11-03,24.290001,24.290001,24.290001,24.290001,0.000000,24.290001
2021-11-04,24.190001,24.190001,24.190001,24.190001,0.000000,24.190001
2021-11-05,24.450001,24.450001,24.450001,24.450001,0.000000,24.450001
2021-11-08,24.520000,24.520000,24.520000,24.520000,0.000000,24.520000
2021-11-09,24.459999,24.459999,24.459999,24.459999,0.000000,24.459999
2021-11-10,24.219999,24.219999,24.219999,24.219999,0.000000,24.219999
2021-11-11,24.379999,24.379999,24.379999,24.379999,0.000000,24.379999
2021-11-12,24.450001,24.450001,24.450001,24.450001,0.000000,24.450001
2021-11-15,24.430000,24.430000,24.430000,24.430000,0.000000,24.430000
2021-11-16,24.379999,24.379999,24.379999,24.379999,0.000000,24.379999
2021-11-17,24.190001,24.190001,24.190001,24.190001,0.000000,24.190001
2021-11-18,24.139999,24.139999,24.139999,24.139999,0.000000,24.139999
2021-11-19,23.850000,23.850000,23.850000,23.850000,0.000000,23.850000
2021-11-22,23.950001,23.950001,23.950001,23.950001,0.000000,23.950001
2021-11-23,24.059999,24.059999,24.059999,24.059999,0.000000,24.059999
2021-11-24,23.969999,23.969999,23.969999,23.969999,0.000000,23.969999
2021-11-26,23.200001,23.200001,23.200001,23.200001,0.000000,23.200001
2021-11-29,23.170000,23.170000,23.170000,23.170000,0.000000,23.170000
2021-11-30,22.680000,22.680000,22.680000,22.680000,0.000000,22.680000
2021-12-01,22.450001,22.450001,22.450001,22.450001,0.000000,22.450001
2021-12-02,22.959999,22.959999,22.959999,22.959999,0.000000,22.959999
2021-12-03,22.790001,22.790001,22.790001,22.790001,0.000000,22.790001
2021-12-06,23.170000,23.170000,23.170000,23.170000,0.000000,23.170000
2021-12-07,23.549999,23.549999,23.549999,23.549999,0.000000,23.549999
2021-12-08,23.610001,23.610001,23.610001,23.610001,0.000000,23.610001
2021-12-09,23.360001,23.360001,23.360001,23.360001,0.000000,23.360001
2021-12-10,23.430000,23.430000,23.430000,23.430000,0.000000,23.430000
2021-12-13,23.059999,23.059999,23.059999,23.059999,0.000000,23.059999
2021-12-14,22.980000,22.980000,22.980000,22.980000,0.000000,22.980000
2021-12-15,23.180000,23.180000,23.180000,23.180000,0.000000,23.180000
2021-12-16,23.120001,23.120001,23.120001,23.120001,0.000000,23.120001
2021-12-17,22.940001,22.940001,22.940001,22.940001,0.000000,22.940001
2021-12-20,22.570000,22.570000,22.570000,22.570000,0.000000,22.570000
2021-12-21,23.110001,23.110001,23.110001,23.110001,0.000000,23.110001
2021-12-22,23.330000,23.330000,23.330000,23.330000,0.000000,23.330000
2021-12-23,23.510000,23.510000,23.510000,23.510000,0.000000,23.510000
2021-12-27,,,,,,
2021-12-28,,,,,,
2021-12-29,23.910000,23.910000,23.910000,23.910000,0.000000,23.910000
2021-12-30,23.809999,23.809999,23.809999,23.809999,0.000000,23.809999
2021-12-31,23.870001,23.870001,23.870001,23.870001,0.000000,23.870001
2022-01-03,,,,,,
2022-01-04,24.400000,24.400000,24.400000,24.400000,0.000000,24.400000
2022-01-05,24.090000,24.090000,24.090000,24.090000,0.000000,24.090000
2022-01-06,24.250000,24.250000,24.250000,24.250000,0.000000,24.250000
2022-01-07,24.280001,24.280001,24.280001,24.280001,0.000000,24.280001
2022-01-10,24.129999,24.129999,24.129999,24.129999,0.000000,24.129999
2022-01-11,24.410000,24.410000,24.410000,24.410000,0.000000,24.410000
2022-01-12,24.490000,24.490000,24.490000,24.490000,0.000000,24.490000
2022-01-13,24.510000,24.510000,24.510000,24.510000,0.000000,24.510000
2022-01-14,24.570000,24.570000,24.570000,24.570000,0.000000,24.570000
2022-01-18,24.110001,24.110001,24.110001,24.110001,0.000000,24.110001
2022-01-19,23.830000,23.830000,23.830000,23.830000,0.000000,23.830000
2022-01-20,23.450001,23.450001,23.450001,23.450001,0.000000,23.450001
2022-01-21,23.059999,23.059999,23.059999,23.059999,0.000000,23.059999
2022-01-24,23.219999,23.219999,23.219999,23.219999,0.000000,23.219999
2022-01-25,23.110001,23.110001,23.110001,23.110001,0.000000,23.110001
2022-01-26,22.930000,22.930000,22.930000,22.930000,0.000000,22.930000
2022-01-27,22.700001,22.700001,22.700001,22.700001,0.000000,22.700001
2022-01-28,22.910000,22.910000,22.910000,22.910000,0.000000,22.910000
2022-01-31,23.270000,23.270000,23.270000,23.270000,0.000000,23.270000
2022-02-01,23.540001,23.540001,23.540001,23.540001,0.000000,23.540001
2022-02-02,23.629999,23.629999,23.629999,23.629999,0.000000,23.629999
2022-02-03,23.360001,23.360001,23.360001,23.360001,0.000000,23.360001
2022-02-04,23.389999,23.389999,23.389999,23.389999,0.000000,23.389999
2022-02-07,23.450001,23.450001,23.450001,23.450001,0.000000,23.450001
2022-02-08,23.740000,23.740000,23.740000,23.740000,0.000000,23.740000
2022-02-09,24.059999,24.059999,24.059999,24.059999,0.000000,24.059999
2022-02-10,23.790001,23.790001,23.790001,23.790001,0.000000,23.790001
2022-02-11,23.639999,23.639999,23.639999,23.639999,0.000000,23.639999
2022-02-14,23.469999,23.469999,23.469999,23.469999,0.000000,23.469999
2022-02-15,23.959999,23.959999,23.959999,23.959999,0.000000,23.959999
2022-02-16,24.070000,24.070000,24.070000,24.070000,0.000000,24.070000
2022-02-17,23.660000,23.660000,23.660000,23.660000,0.000000,23.660000
2022-02-18,23.570000,23.570000,23.570000,23.570000,0.000000,23.570000
2022-02-22,23.219999,23.219999,23.219999,23.219999,0.000000,23.219999
2022-02-23,22.959999,22.959999,22.959999,22.959999,0.000000,22.959999
2022-02-24,22.900000,22.900000,22.900000,22.900000,0.000000,22.900000
2022-02-25,23.510000,23.510000,23.510000,23.510000,0.000000,23.510000
2022-02-28,23.469999,23.469999,23.469999,23.469999,0.000000,23.469999
2022-03-01,22.900000,22.900000,22.900000,22.900000,0.000000,22.900000
2022-03-02,23.430000,23.430000,23.430000,23.430000,0.000000,23.430000
2022-03-03,23.240000,23.240000,23.240000,23.240000,0.000000,23.240000
2022-03-04,22.809999,22.809999,22.809999,22.809999,0.000000,22.809999
2022-03-07,22.139999,22.139999,22.139999,22.139999,0.000000,22.139999
2022-03-08,22.209999,22.209999,22.209999,22.209999,0.000000,22.209999
2022-03-09,22.809999,22.809999,22.809999,22.809999,0.000000,22.809999
2022-03-10,22.820000,22.820000,22.820000,22.820000,0.000000,22.820000
2022-03-11,22.690001,22.690001,22.690001,22.690001,0.000000,22.690001
2022-03-14,22.639999,22.639999,22.639999,22.639999,0.000000,22.639999
2022-03-15,22.799999,22.799999,22.799999,22.799999,0.000000,22.799999
2022-03-16,23.370001,23.370001,23.370001,23.370001,0.000000,23.370001
2022-03-17,23.600000,23.600000,23.600000,23.600000,0.000000,23.600000
2022-03-18,23.719999,23.719999,23.719999,23.719999,0.000000,23.719999
2022-03-21,23.730000,23.730000,23.730000,23.730000,0.000000,23.730000
2022-03-22,23.889999,23.889999,23.889999,23.889999,0.000000,23.889999
2022-03-23,23.590000,23.590000,23.590000,23.590000,0.000000,23.590000
2022-03-24,23.750000,23.750000,23.750000,23.750000,0.000000,23.750000
2022-03-25,23.950001,23.950001,23.950001,23.950001,0.000000,23.950001
2022-03-28,23.780001,23.780001,23.780001,23.780001,0.000000,23.780001
2022-03-29,24.170000,24.170000,24.170000,24.170000,0.000000,24.170000
2022-03-30,23.900000,23.900000,23.900000,23.900000,0.000000,23.900000
2022-03-31,23.540001,23.540001,23.540001,23.540001,0.000000,23.540001
2022-04-01,23.660000,23.660000,23.660000,23.660000,0.000000,23.660000
2022-04-04,23.629999,23.629999,23.629999,23.629999,0.000000,23.629999
2022-04-05,23.240000,23.240000,23.240000,23.240000,0.000000,23.240000
2022-04-06,22.990000,22.990000,22.990000,22.990000,0.000000,22.990000
2022-04-07,22.969999,22.969999,22.969999,22.969999,0.000000,22.969999
2022-04-08,23.090000,23.090000,23.090000,23.090000,0.000000,23.090000
2022-04-11,22.980000,22.980000,22.980000,22.980000,0.000000,22.980000
2022-04-12,22.969999,22.969999,22.969999,22.969999,0.000000,22.969999
2022-04-13,23.309999,23.309999,23.309999,23.309999,0.000000,23.309999
2022-04-14,23.260000,23.260000,23.260000,23.260000,0.000000,23.260000
2022-04-18,,,,,,
2022-04-19,23.580000,23.580000,23.580000,23.580000,0.000000,23.580000
2022-04-20,23.790001,23.790001,23.790001,23.790001,0.000000,23.790001
2022-04-21,23.400000,23.400000,23.400000,23.400000,0.000000,23.400000
2022-04-22,22.820000,22.820000,22.820000,22.820000,0.000000,22.820000
2022-04-25,22.740000,22.740000,22.740000,22.740000,0.000000,22.740000
2022-04-26,22.190001,22.190001,22.190001,22.190001,0.000000,22.190001
2022-04-27,22.230000,22.230000,22.230000,22.230000,0.000000,22.230000
2022-04-28,22.600000,22.600000,22.600000,22.600000,0.000000,22.600000
2022-04-29,22.190001,22.190001,22.190001,22.190001,0.000000,22.190001
2022-05-02,,,,,,
2022-05-03,22.570000,22.570000,22.570000,22.570000,0.000000,22.570000
2022-05-04,23.129999,23.129999,23.129999,23.129999,0.000000,23.129999
2022-05-05,22.450001,22.450001,22.450001,22.450001,0.000000,22.450001
2022-05-06,22.270000,22.270000,22.270000,22.270000,0.000000,22.270000
2022-05-09,21.549999,21.549999,21.549999,21.549999,0.000000,21.549999
2022-05-10,21.490000,21.490000,21.490000,21.490000,0.000000,21.490000
2022-05-11,21.270000,21.270000,21.270000,21.270000,0.000000,21.270000
2022-05-12,21.299999,21.299999,21.299999,21.299999,0.000000,21.299999
2022-05-13,21.809999,21.809999,21.809999,21.809999,0.000000,21.809999
2022-05-16,21.840000,21.840000,21.840000,21.840000,0.000000,21.840000
2022-05-17,22.450001,22.450001,22.450001,22.450001,0.000000,22.450001
2022-05-18,21.770000,21.770000,21.770000,21.770000,0.000000,21.770000
2022-05-19,21.780001,21.780001,21.780001,21.780001,0.000000,21.780001
2022-05-20,21.750000,21.750000,21.750000,21.750000,0.000000,21.750000
2022-05-23,22.120001,22.120001,22.120001,22.120001,0.000000,22.120001
2022-05-24,21.930000,21.930000,21.930000,21.930000,0.000000,21.930000
2022-05-25,22.260000,22.260000,22.260000,22.260000,0.000000,22.260000
2022-05-26,22.690001,22.690001,22.690001,22.690001,0.000000,22.690001
2022-05-27,23.080000,23.080000,23.080000,23.080000,0.000000,23.080000
2022-05-31,22.930000,22.930000,22.930000,22.930000,0.000000,22.930000
2022-06-01,22.820000,22.820000,22.820000,22.820000,0.000000,22.820000
2022-06-02,,,,,,
2022-06-03,,,,,,
2022-06-06,23.129999,23.129999,23.129999,23.129999,0.000000,23.129999
2022-06-07,23.340000,23.340000,23.340000,23.340000,0.000000,23.340000
2022-06-08,23.000000,23.000000,23.000000,23.000000,0.000000,23.000000
2022-06-09,22.549999,22.549999,22.549999,22.549999,0.000000,22.549999
2022-06-10,21.930000,21.930000,21.930000,21.930000,0.000000,21.930000
2022-06-13,21.020000,21.020000,21.020000,21.020000,0.000000,21.020000
2022-06-14,20.940001,20.940001,20.940001,20.940001,0.000000,20.940001
2022-06-15,21.180000,21.180000,21.180000,21.180000,0.000000,21.180000
2022-06-16,20.350000,20.350000,20.350000,20.350000,0.000000,20.350000
2022-06-17,20.340000,20.340000,20.340000,20.340000,0.000000,20.340000
2022-06-21,20.660000,20.660000,20.660000,20.660000,0.000000,20.660000
2022-06-22,20.459999,20.459999,20.459999,20.459999,0.000000,20.459999
2022-06-23,20.320000,20.320000,20.320000,20.320000,0.000000,20.320000
2022-06-24,20.940001,20.940001,20.940001,20.940001,0.000000,20.940001
2022-06-27,21.040001,21.040001,21.040001,21.040001,0.000000,21.040001
2022-06-28,20.879999,20.879999,20.879999,20.879999,0.000000,20.879999
2022-06-29,20.629999,20.629999,20.629999,20.629999,0.000000,20.629999
2022-06-30,20.459999,20.459999,20.459999,20.459999,0.000000,20.459999
2022-07-01,20.590000,20.590000,20.590000,20.590000,0.000000,20.590000
2022-07-05,20.299999,20.299999,20.299999,20.299999,0.000000,20.299999
2022-07-06,20.139999,20.139999,20.139999,20.139999,0.000000,20.139999
2022-07-07,20.559999,20.559999,20.559999,20.559999,0.000000,20.559999
2022-07-08,20.570000,20.570000,20.570000,20.570000,0.000000,20.570000
2022-07-11,20.309999,20.309999,20.309999,20.309999,0.000000,20.309999
2022-07-12,20.270000,20.270000,20.270000,20.270000,0.000000,20.270000
2022-07-13,20.219999,20.219999,20.219999,20.219999,0.000000,20.219999
2022-07-14,19.930000,19.930000,19.930000,19.930000,0.000000,19.930000
2022-07-15,20.290001,20.290001,20.290001,20.290001,0.000000,20.290001
2022-07-18,20.400000,20.400000,20.400000,20.400000,0.000000,20.400000
2022-07-19,21.020000,21.020000,21.020000,21.020000,0.000000,21.020000
2022-07-20,21.150000,21.150000,21.150000,21.150000,0.000000,21.150000
2022-07-21,21.250000,21.250000,21.250000,21.250000,0.000000,21.250000
2022-07-22,21.100000,21.100000,21.100000,21.100000,0.000000,21.100000
2022-07-25,21.299999,21.299999,21.299999,21.299999,0.000000,21.299999
2022-07-26,21.100000,21.100000,21.100000,21.100000,0.000000,21.100000
2022-07-27,21.520000,21.520000,21.520000,21.520000,0.000000,21.520000
2022-07-28,21.709999,21.709999,21.709999,21.709999,0.000000,21.709999
2022-07-29,21.969999,21.969999,21.969999,21.969999,0.000000,21.969999
2022-08-01,21.959999,21.959999,21.959999,21.959999,0.000000,21.959999
2022-08-02,21.690001,21.690001,21.690001,21.690001,0.000000,21.690001
2022-08-03,21.820000,21.820000,21.820000,21.820000,0.000000,21.820000
2022-08-04,21.730000,21.730000,21.730000,21.730000,0.000000,21.730000
2022-08-05,21.770000,21.770000,21.770000,21.770000,0.000000,21.770000
2022-08-08,21.879999,21.879999,21.879999,21.879999,0.000000,21.879999
2022-08-09,21.760000,21.760000,21.760000,21.760000,0.000000,21.760000
2022-08-10,22.280001,22.280001,22.280001,22.280001,0.000000,22.280001
2022-08-11,22.480000,22.480000,22.480000,22.480000,0.000000,22.480000
2022-08-12,22.750000,22.750000,22.750000,22.750000,0.000000,22.750000
2022-08-15,22.650000,22.650000,22.650000,22.650000,0.000000,22.650000
2022-08-16,22.760000,22.760000,22.760000,22.760000,0.000000,22.760000
2022-08-17,22.500000,22.500000,22.500000,22.500000,0.000000,22.500000
2022-08-18,22.620001,22.620001,22.620001,22.620001,0.000000,22.620001
2022-08-19,22.270000,22.270000,22.270000,22.270000,0.000000,22.270000
2022-08-22,21.820000,21.820000,21.820000,21.820000,0.000000,21.820000
2022-08-23,21.910000,21.910000,21.910000,21.910000,0.000000,21.910000
2022-08-24,22.000000,22.000000,22.000000,22.000000,0.000000,22.000000
2022-08-25,22.309999,22.309999,22.309999,22.309999,0.000000,22.309999
2022-08-26,21.700001,21.700001,21.700001,21.700001,0.000000,21.700001
2022-08-29,,,,,,
2022-08-30,21.340000,21.340000,21.340000,21.340000,0.000000,21.340000
2022-08-31,21.190001,21.190001,21.190001,21.190001,0.000000,21.190001
2022-09-01,20.940001,20.940001,20.940001,20.940001,0.000000,20.940001
2022-09-02,20.889999,20.889999,20.889999,20.889999,0.000000,20.889999
2022-09-06,20.690001,20.690001,20.690001,20.690001,0.000000,20.690001
2022-09-07,20.980000,20.980000,20.980000,20.980000,0.000000,20.980000
2022-09-08,21.139999,21.139999,21.139999,21.139999,0.000000,21.139999
2022-09-09,21.570000,21.570000,21.570000,21.570000,0.000000,21.570000
2022-09-12,21.830000,21.830000,21.830000,21.830000,0.000000,21.830000
2022-09-13,21.030001,21.030001,21.030001,21.030001,0.000000,21.030001
2022-09-14,21.040001,21.040001,21.040001,21.040001,0.000000,21.040001
2022-09-15,20.950001,20.950001,20.950001,20.950001,0.000000,20.950001
2022-09-16,20.690001,20.690001,20.690001,20.690001,0.000000,20.690001
2022-09-19,,,,,,
2022-09-20,20.580000,20.580000,20.580000,20.580000,0.000000,20.580000
2022-09-21,20.309999,20.309999,20.309999,20.309999,0.000000,20.309999
2022-09-22,20.030001,20.030001,20.030001,20.030001,0.000000,20.030001
2022-09-23,19.430000,19.430000,19.430000,19.430000,0.000000,19.430000
2022-09-26,19.059999,19.059999,19.059999,19.059999,0.000000,19.059999
2022-09-27,19.040001,19.040001,19.040001,19.040001,0.000000,19.040001
2022-09-28,19.540001,19.540001,19.540001,19.540001,0.000000,19.540001
2022-09-29,19.190001,19.190001,19.190001,19.190001,0.000000,19.190001
2022-09-30,19.110001,19.110001,19.110001,19.110001,0.000000,19.110001
2022-10-03,19.690001,19.690001,19.690001,19.690001,0.000000,19.690001
2022-10-04,20.459999,20.459999,20.459999,20.459999,0.000000,20.459999
2022-10-05,20.309999,20.309999,20.309999,20.309999,0.000000,20.309999
2022-10-06,20.139999,20.139999,20.139999,20.139999,0.000000,20.139999
2022-10-07,19.750000,19.750000,19.750000,19.750000,0.000000,19.750000
2022-10-10,19.700001,19.700001,19.700001,19.700001,0.000000,19.700001
2022-10-11,19.600000,19.600000,19.600000,19.600000,0.000000,19.600000
2022-10-12,19.510000,19.510000,19.510000,19.510000,0.000000,19.510000
2022-10-13,20.040001,20.040001,20.040001,20.040001,0.000000,20.040001
2022-10-14,19.620001,19.620001,19.620001,19.620001,0.000000,19.620001
2022-10-17,20.080000,20.080000,20.080000,20.080000,0.000000,20.080000
2022-10-18,20.309999,20.309999,20.309999,20.309999,0.000000,20.309999
2022-10-19,20.040001,20.040001,20.040001,20.040001,0.000000,20.040001
2022-10-20,19.820000,19.820000,19.820000,19.820000,0.000000,19.820000
2022-10-21,20.250000,20.250000,20.250000,20.250000,0.000000,20.250000
2022-10-24,20.379999,20.379999,20.379999,20.379999,0.000000,20.379999
2022-10-25,20.770000,20.770000,20.770000,20.770000,0.000000,20.770000
2022-10-26,20.900000,20.900000,20.900000,20.900000,0.000000,20.900000
2022-10-27,20.879999,20.879999,20.879999,20.879999,0.000000,20.879999
2022-10-28,21.170000,21.170000,21.170000,21.170000,0.000000,21.170000
2022-10-31,21.120001,21.120001,21.120001,21.120001,0.000000,21.120001
2022-11-01,21.250000,21.250000,21.250000,21.250000,0.000000,21.250000
2022-11-02,20.770000,20.770000,20.770000,20.770000,0.000000,20.770000
2022-11-03,20.650000,20.650000,20.650000,20.650000,0.000000,20.650000
2022-11-04,21.150000,21.150000,21.150000,21.150000,0.000000,21.150000
2022-11-07,21.379999,21.379999,21.379999,21.379999,0.000000,21.379999
2022-11-08,21.450001,21.450001,21.450001,21.450001,0.000000,21.450001
2022-11-09,20.980000,20.980000,20.980000,20.980000,0.000000,20.980000
2022-11-10,22.090000,22.090000,22.090000,22.090000,0.000000,22.090000
2022-11-11,22.389999,22.389999,22.389999,22.389999,0.000000,22.389999
2022-11-14,22.129999,22.129999,22.129999,22.129999,0.000000,22.129999
2022-11-15,22.350000,22.350000,22.350000,22.350000,0.000000,22.350000
2022-11-16,22.030001,22.030001,22.030001,22.030001,0.000000,22.030001
2022-11-17,21.969999,21.969999,21.969999,21.969999,0.000000,21.969999
2022-11-18,22.059999,22.059999,22.059999,22.059999,0.000000,22.059999
2022-11-21,21.980000,21.980000,21.980000,21.980000,0.000000,21.980000
2022-11-22,22.330000,22.330000,22.330000,22.330000,0.000000,22.330000
2022-11-23,22.430000,22.430000,22.430000,22.430000,0.000000,22.430000
2022-11-25,22.540001,22.540001,22.540001,22.540001,0.000000,22.540001
2022-11-28,22.110001,22.110001,22.110001,22.110001,0.000000,22.110001
2022-11-29,22.250000,22.250000,22.250000,22.250000,0.000000,22.250000
2022-11-30,22.690001,22.690001,22.690001,22.690001,0.000000,22.690001
2022-12-01,22.700001,22.700001,22.700001,22.700001,0.000000,22.700001
2022-12-02,22.730000,22.730000,22.730000,22.730000,0.000000,22.730000
2022-12-05,22.160000,22.160000,22.160000,22.160000,0.000000,22.160000
2022-12-06,21.980000,21.980000,21.980000,21.980000,0.000000,21.980000
2022-12-07,21.920000,21.920000,21.920000,21.920000,0.000000,21.920000
2022-12-08,22.000000,22.000000,22.000000,22.000000,0.000000,22.000000
2022-12-09,21.870001,21.870001,21.870001,21.870001,0.000000,21.870001
2022-12-12,22.049999,22.049999,22.049999,22.049999,0.000000,22.049999
2022-12-13,22.230000,22.230000,22.230000,22.230000,0.000000,22.230000
2022-12-14,22.120001,22.120001,22.120001,22.120001,0.000000,22.120001
2022-12-15,21.670000,21.670000,21.670000,21.670000,0.000000,21.670000
2022-12-16,21.520000,21.520000,21.520000,21.520000,0.000000,21.520000
2022-12-19,21.370001,21.370001,21.370001,21.370001,0.000000,21.370001
2022-12-20,21.500000,21.500000,21.500000,21.500000,0.000000,21.500000
2022-12-21,21.820000,21.820000,21.820000,21.820000,0.000000,21.820000
2022-12-22,21.590000,21.590000,21.590000,21.590000,0.000000,21.590000
2022-12-23,21.780001,21.780001,21.780001,21.780001,0.000000,21.780001
2022-12-27,,,,,,
2022-12-28,21.469999,21.469999,21.469999,21.469999,0.000000,21.469999
2022-12-29,21.879999,21.879999,21.879999,21.879999,0.000000,21.879999
2022-12-30,21.799999,21.799999,21.799999,21.799999,0.000000,21.799999
2023-01-03,21.780001,21.780001,21.780001,21.780001,0.000000,21.780001
2023-01-04,22.110001,22.110001,22.110001,22.110001,0.000000,22.110001
2023-01-05,21.959999,21.959999,21.959999,21.959999,0.000000,21.959999
2023-01-06,22.520000,22.520000,22.520000,22.520000,0.000000,22.520000
2023-01-09,22.549999,22.549999,22.549999,22.549999,0.000000,22.549999
2023-01-10,22.700001,22.700001,22.700001,22.700001,0.000000,22.700001
2023-01-11,22.870001,22.870001,22.870001,22.870001,0.000000,22.870001
2023-01-12,23.160000,23.160000,23.160000,23.160000,0.000000,23.160000
2023-01-13,23.270000,23.270000,23.270000,23.270000,0.000000,23.270000
2023-01-17,23.219999,23.219999,23.219999,23.219999,0.000000,23.219999
2023-01-18,22.950001,22.950001,22.950001,22.950001,0.000000,22.950001
2023-01-19,22.809999,22.809999,22.809999,22.809999,0.000000,22.809999
2023-01-20,23.180000,23.180000,23.180000,23.180000,0.000000,23.180000
2023-01-23,23.400000,23.400000,23.400000,23.400000,0.000000,23.400000
2023-01-24,23.360001,23.360001,23.360001,23.360001,0.000000,23.360001
2023-01-25,23.469999,23.469999,23.469999,23.469999,0.000000,23.469999
2023-01-26,23.660000,23.660000,23.660000,23.660000,0.000000,23.660000
2023-01-27,23.700001,23.700001,23.700001,23.700001,0.000000,23.700001
2023-01-30,23.450001,23.450001,23.450001,23.450001,0.000000,23.450001
2023-01-31,23.879999,23.879999,23.879999,23.879999,0.000000,23.879999
2023-02-01,24.160000,24.160000,24.160000,24.160000,0.000000,24.160000
2023-02-02,24.350000,24.350000,24.350000,24.350000,0.000000,24.350000
2023-02-03,24.120001,24.120001,24.120001,24.120001,0.000000,24.120001
2023-02-06,23.860001,23.860001,23.860001,23.860001,0.000000,23.860001
2023-02-07,24.080000,24.080000,24.080000,24.080000,0.000000,24.080000
2023-02-08,23.850000,23.850000,23.850000,23.850000,0.000000,23.850000
2023-02-09,23.670000,23.670000,23.670000,23.670000,0.000000,23.670000
2023-02-10,23.700001,23.700001,23.700001,23.700001,0.000000,23.700001
2023-02-13,23.920000,23.920000,23.920000,23.920000,0.000000,23.920000
2023-02-14,23.930000,23.930000,23.930000,23.930000,0.000000,23.930000
2023-02-15,24.000000,24.000000,24.000000,24.000000,0.000000,24.000000
2023-02-16,23.840000,23.840000,23.840000,23.840000,0.000000,23.840000
2023-02-17,23.830000,23.830000,23.830000,23.830000,0.000000,23.830000
2023-02-21,23.340000,23.340000,23.340000,23.340000,0.000000,23.340000
2023-02-22,23.299999,23.299999,23.299999,23.299999,0.000000,23.299999
2023-02-23,23.440001,23.440001,23.440001,23.440001,0.000000,23.440001
2023-02-24,23.309999,23.309999,23.309999,23.309999,0.000000,23.309999
2023-02-27,23.440001,23.440001,23.440001,23.440001,0.000000,23.440001
2023-02-28,23.400000,23.400000,23.400000,23.400000,0.000000,23.400000
2023-03-01,23.520000,23.520000,23.520000,23.520000,0.000000,23.520000
2023-03-02,23.549999,23.549999,23.549999,23.549999,0.000000,23.549999
2023-03-03,23.840000,23.840000,23.840000,23.840000,0.000000,23.840000
2023-03-06,23.580000,23.580000,23.580000,23.580000,0.000000,23.580000
2023-03-07,23.250000,23.250000,23.250000,23.250000,0.000000,23.250000
2023-03-08,23.280001,23.280001,23.280001,23.280001,0.000000,23.280001
2023-03-09,22.760000,22.760000,22.760000,22.760000,0.000000,22.760000
2023-03-10,22.260000,22.260000,22.260000,22.260000,0.000000,22.260000
2023-03-13,21.629999,21.629999,21.629999,21.629999,0.000000,21.629999
2023-03-14,21.910000,21.910000,21.910000,21.910000,0.000000,21.910000
2023-03-15,21.299999,21.299999,21.299999,21.299999,0.000000,21.299999
2023-03-16,21.620001,21.620001,21.620001,21.620001,0.000000,21.620001
2023-03-17,21.150000,21.150000,21.150000,21.150000,0.000000,21.150000
2023-03-20,21.440001,21.440001,21.440001,21.440001,0.000000,21.440001
2023-03-21,21.889999,21.889999,21.889999,21.889999,0.000000,21.889999
2023-03-22,21.480000,21.480000,21.480000,21.480000,0.000000,21.480000
2023-03-23,21.379999,21.379999,21.379999,21.379999,0.000000,21.379999
2023-03-24,21.420000,21.420000,21.420000,21.420000,0.000000,21.420000
2023-03-27,21.650000,21.650000,21.650000,21.650000,0.000000,21.650000
2023-03-28,21.740000,21.740000,21.740000,21.740000,0.000000,21.740000
2023-03-29,21.980000,21.980000,21.980000,21.980000,0.000000,21.980000
2023-03-30,22.070000,22.070000,22.070000,22.070000,0.000000,22.070000
2023-03-31,22.330000,22.330000,22.330000,22.330000,0.000000,22.330000
2023-04-03,22.430000,22.430000,22.430000,22.430000,0.000000,22.430000
2023-04-04,22.120001,22.120001,22.120001,22.120001,0.000000,22.120001
2023-04-05,21.930000,21.930000,21.930000,21.930000,0.000000,21.930000
2023-04-06,21.930000,21.930000,21.930000,21.930000,0.000000,21.930000
2023-04-10,,,,,,
2023-04-11,22.309999,22.309999,22.309999,22.309999,0.000000,22.309999
2023-04-12,22.260000,22.260000,22.260000,22.260000,0.000000,22.260000
2023-04-13,22.469999,22.469999,22.469999,22.469999,0.000000,22.469999
2023-04-14,22.360001,22.360001,22.360001,22.360001,0.000000,22.360001
2023-04-17,22.459999,22.459999,22.459999,22.459999,0.000000,22.459999
2023-04-18,22.490000,22.490000,22.490000,22.490000,0.000000,22.490000
2023-04-19,22.500000,22.500000,22.500000,22.500000,0.000000,22.500000
2023-04-20,22.370001,22.370001,22.370001,22.370001,0.000000,22.370001
2023-04-21,22.309999,22.309999,22.309999,22.309999,0.000000,22.309999
2023-04-24,22.350000,22.350000,22.350000,22.350000,0.000000,22.350000
2023-04-25,21.879999,21.879999,21.879999,21.879999,0.000000,21.879999
2023-04-26,21.750000,21.750000,21.750000,21.750000,0.000000,21.750000
2023-04-27,22.059999,22.059999,22.059999,22.059999,0.000000,22.059999
2023-04-28,22.260000,22.260000,22.260000,22.260000,0.000000,22.260000
2023-05-01,,,,,,
2023-05-02,21.830000,21.830000,21.830000,21.830000,0.000000,21.830000
2023-05-03,21.760000,21.760000,21.760000,21.760000,0.000000,21.760000
2023-05-04,21.430000,21.430000,21.430000,21.430000,0.000000,21.430000
2023-05-05,21.920000,21.920000,21.920000,21.920000,0.000000,21.920000
2023-05-08,,,,,,
2023-05-09,21.820000,21.820000,21.820000,21.820000,0.000000,21.820000
2023-05-10,21.780001,21.780001,21.780001,21.780001,0.000000,21.780001
2023-05-11,21.639999,21.639999,21.639999,21.639999,0.000000,21.639999
2023-05-12,21.610001,21.610001,21.610001,21.610001,0.000000,21.610001
2023-05-15,21.850000,21.850000,21.850000,21.850000,0.000000,21.850000
2023-05-16,21.559999,21.559999,21.559999,21.559999,0.000000,21.559999
2023-05-17,21.900000,21.900000,21.900000,21.900000,0.000000,21.900000
2023-05-18,22.020000,22.020000,22.020000,22.020000,0.000000,22.020000
2023-05-19,21.920000,21.920000,21.920000,21.920000,0.000000,21.920000
2023-05-22,22.030001,22.030001,22.030001,22.030001,0.000000,22.030001
2023-05-23,21.889999,21.889999,21.889999,21.889999,0.000000,21.889999
2023-05-24,21.620001,21.620001,21.620001,21.620001,0.000000,21.620001
2023-05-25,21.540001,21.540001,21.540001,21.540001,0.000000,21.540001
2023-05-26,21.690001,21.690001,21.690001,21.690001,0.000000,21.690001
2023-05-30,21.610001,21.610001,21.610001,21.610001,0.000000,21.610001
2023-05-31,21.250000,21.250000,21.250000,21.250000,0.000000,21.250000
2023-06-01,21.490000,21.490000,21.490000,21.490000,0.000000,21.490000
2023-06-02,22.120001,22.120001,22.120001,22.120001,0.000000,22.120001
2023-06-05,21.920000,21.920000,21.920000,21.920000,0.000000,21.920000
2023-06-06,22.320000,22.320000,22.320000,22.320000,0.000000,22.320000
2023-06-07,22.580000,22.580000,22.580000,22.580000,0.000000,22.580000
2023-06-08,22.580000,22.580000,22.580000,22.580000,0.000000,22.580000
2023-06-09,22.469999,22.469999,22.469999,22.469999,0.000000,22.469999
2023-06-12,22.549999,22.549999,22.549999,22.549999,0.000000,22.549999
2023-06-13,22.799999,22.799999,22.799999,22.799999,0.000000,22.799999
2023-06-14,22.670000,22.670000,22.670000,22.670000,0.000000,22.670000
2023-06-15,22.910000,22.910000,22.910000,22.910000,0.000000,22.910000
2023-06-16,22.820000,22.820000,22.820000,22.820000,0.000000,22.820000
2023-06-20,22.600000,22.600000,22.600000,22.600000,0.000000,22.600000
2023-06-21,22.600000,22.600000,22.600000,22.600000,0.000000,22.600000
2023-06-22,22.410000,22.410000,22.410000,22.410000,0.000000,22.410000
2023-06-23,22.139999,22.139999,22.139999,22.139999,0.000000,22.139999
2023-06-26,22.250000,22.250000,22.250000,22.250000,0.000000,22.250000
2023-06-27,22.530001,22.530001,22.530001,22.530001,0.000000,22.530001
2023-06-28,22.559999,22.559999,22.559999,22.559999,0.000000,22.559999
2023-06-29,22.760000,22.760000,22.760000,22.760000,0.000000,22.760000
2023-06-30,22.900000,22.900000,22.900000,22.900000,0.000000,22.900000
2023-07-03,23.040001,23.040001,23.040001,23.040001,0.000000,23.040001
2023-07-05,22.809999,22.809999,22.809999,22.809999,0.000000,22.809999
2023-07-06,22.520000,22.520000,22.520000,22.520000,0.000000,22.520000
2023-07-07,22.840000,22.840000,22.840000,22.840000,0.000000,22.840000
2023-07-10,23.030001,23.030001,23.030001,23.030001,0.000000,23.030001
2023-07-11,23.299999,23.299999,23.299999,23.299999,0.000000,23.299999
2023-07-12,23.600000,23.600000,23.600000,23.600000,0.000000,23.600000
2023-07-13,23.809999,23.809999,23.809999,23.809999,0.000000,23.809999
2023-07-14,23.520000,23.520000,23.520000,23.520000,0.000000,23.520000
2023-07-17,23.620001,23.620001,23.620001,23.620001,0.000000,23.620001
2023-07-18,23.940001,23.940001,23.940001,23.940001,0.000000,23.940001
2023-07-19,24.080000,24.080000,24.080000,24.080000,0.000000,24.080000
2023-07-20,23.969999,23.969999,23.969999,23.969999,0.000000,23.969999
2023-07-21,23.870001,23.870001,23.870001,23.870001,0.000000,23.870001
2023-07-24,23.969999,23.969999,23.969999,23.969999,0.000000,23.969999
2023-07-25,24.020000,24.020000,24.020000,24.020000,0.000000,24.020000
2023-07-26,24.170000,24.170000,24.170000,24.170000,0.000000,24.170000
2023-07-27,23.959999,23.959999,23.959999,23.959999,0.000000,23.959999
2023-07-28,24.160000,24.160000,24.160000,24.160000,0.000000,24.160000
2023-07-31,24.280001,24.280001,24.280001,24.280001,0.000000,24.280001
2023-08-01,24.160000,24.160000,24.160000,24.160000,0.000000,24.160000
2023-08-02,23.889999,23.889999,23.889999,23.889999,0.000000,23.889999
2023-08-03,23.840000,23.840000,23.840000,23.840000,0.000000,23.840000
2023-08-04,23.900000,23.900000,23.900000,23.900000,0.000000,23.900000
2023-08-07,24.049999,24.049999,24.049999,24.049999,0.000000,24.049999
2023-08-08,23.900000,23.900000,23.900000,23.900000,0.000000,23.900000
2023-08-09,23.820000,23.820000,23.820000,23.820000,0.000000,23.820000
2023-08-10,23.760000,23.760000,23.760000,23.760000,0.000000,23.760000
2023-08-11,23.760000,23.760000,23.760000,23.760000,0.000000,23.760000
2023-08-14,23.690001,23.690001,23.690001,23.690001,0.000000,23.690001
2023-08-15,23.370001,23.370001,23.370001,23.370001,0.000000,23.370001
2023-08-16,23.160000,23.160000,23.160000,23.160000,0.000000,23.160000
2023-08-17,23.020000,23.020000,23.020000,23.020000,0.000000,23.020000
2023-08-18,23.040001,23.040001,23.040001,23.040001,0.000000,23.040001
2023-08-21,23.010000,23.010000,23.010000,23.010000,0.000000,23.010000
2023-08-22,22.879999,22.879999,22.879999,22.879999,0.000000,22.879999
2023-08-23,23.080000,23.080000,23.080000,23.080000,0.000000,23.080000
2023-08-24,22.870001,22.870001,22.870001,22.870001,0.000000,22.870001
2023-08-25,22.920000,22.920000,22.920000,22.920000,0.000000,22.920000
2023-08-28,,,,,,
2023-08-29,23.469999,23.469999,23.469999,23.469999,0.000000,23.469999
2023-08-30,23.520000,23.520000,23.520000,23.520000,0.000000,23.520000
2023-08-31,23.510000,23.510000,23.510000,23.510000,0.000000,23.510000
2023-09-01,23.700001,23.700001,23.700001,23.700001,0.000000,23.700001
2023-09-05,23.280001,23.280001,23.280001,23.280001,0.000000,23.280001
2023-09-06,23.170000,23.170000,23.170000,23.170000,0.000000,23.170000
2023-09-07,22.969999,22.969999,22.969999,22.969999,0.000000,22.969999
2023-09-08,22.990000,22.990000,22.990000,22.990000,0.000000,22.990000
2023-09-11,23.070000,23.070000,23.070000,23.070000,0.000000,23.070000
2023-09-12,23.100000,23.100000,23.100000,23.100000,0.000000,23.100000
2023-09-13,22.950001,22.950001,22.950001,22.950001,0.000000,22.950001
2023-09-14,23.260000,23.260000,23.260000,23.260000,0.000000,23.260000
2023-09-15,23.090000,23.090000,23.090000,23.090000,0.000000,23.090000
2023-09-18,23.010000,23.010000,23.010000,23.010000,0.000000,23.010000
2023-09-19,23.020000,23.020000,23.020000,23.020000,0.000000,23.020000
2023-09-20,22.900000,22.900000,22.900000,22.900000,0.000000,22.900000
2023-09-21,22.639999,22.639999,22.639999,22.639999,0.000000,22.639999
2023-09-22,22.570000,22.570000,22.570000,22.570000,0.000000,22.570000
2023-09-25,22.629999,22.629999,22.629999,22.629999,0.000000,22.629999
2023-09-26,22.330000,22.330000,22.330000,22.330000,0.000000,22.330000
2023-09-27,22.410000,22.410000,22.410000,22.410000,0.000000,22.410000
2023-09-28,22.620001,22.620001,22.620001,22.620001,0.000000,22.620001
2023-09-29,22.540001,22.540001,22.540001,22.540001,0.000000,22.540001
2023-10-02,22.190001,22.190001,22.190001,22.190001,0.000000,22.190001
2023-10-03,21.820000,21.820000,21.820000,21.820000,0.000000,21.820000
2023-10-04,21.820000,21.820000,21.820000,21.820000,0.000000,21.820000
2023-10-05,21.870001,21.870001,21.870001,21.870001,0.000000,21.870001
2023-10-06,22.059999,22.059999,22.059999,22.059999,0.000000,22.059999
2023-10-09,22.160000,22.160000,22.160000,22.160000,0.000000,22.160000
2023-10-10,22.420000,22.420000,22.420000,22.420000,0.000000,22.420000
2023-10-11,22.450001,22.450001,22.450001,22.450001,0.000000,22.450001
2023-10-12,22.110001,22.110001,22.110001,22.110001,0.000000,22.110001
2023-10-13,21.940001,21.940001,21.940001,21.940001,0.000000,21.940001
2023-10-16,22.219999,22.219999,22.219999,22.219999,0.000000,22.219999
2023-10-17,22.410000,22.410000,22.410000,22.410000,0.000000,22.410000
2023-10-18,22.000000,22.000000,22.000000,22.000000,0.000000,22.000000
2023-10-19,21.760000,21.760000,21.760000,21.760000,0.000000,21.760000
2023-10-20,21.490000,21.490000,21.490000,21.490000,0.000000,21.490000
2023-10-23,21.350000,21.350000,21.350000,21.350000,0.000000,21.350000
2023-10-24,21.410000,21.410000,21.410000,21.410000,0.000000,21.410000
2023-10-25,21.170000,21.170000,21.170000,21.170000,0.000000,21.170000
2023-10-26,21.250000,21.250000,21.250000,21.250000,0.000000,21.250000
2023-10-27,21.110001,21.110001,21.110001,21.110001,0.000000,21.110001
2023-10-30,21.299999,21.299999,21.299999,21.299999,0.000000,21.299999
2023-10-31,21.430000,21.430000,21.430000,21.430000,0.000000,21.430000
2023-11-01,21.559999,21.559999,21.559999,21.559999,0.000000,21.559999
2023-11-02,22.020000,22.020000,22.020000,22.020000,0.000000,22.020000
2023-11-03,22.480000,22.480000,22.480000,22.480000,0.000000,22.480000
2023-11-06,22.250000,22.250000,22.250000,22.250000,0.000000,22.250000
2023-11-07,22.100000,22.100000,22.100000,22.100000,0.000000,22.100000
2023-11-08,21.940001,21.940001,21.940001,21.940001,0.000000,21.940001
2023-11-09,21.799999,21.799999,21.799999,21.799999,0.000000,21.799999
2023-11-10,22.000000,22.000000,22.000000,22.000000,0.000000,22.000000
2023-11-13,21.990000,21.990000,21.990000,21.990000,0.000000,21.990000
2023-11-14,22.840000,22.840000,22.840000,22.840000,0.000000,22.840000
2023-11-15,22.910000,22.910000,22.910000,22.910000,0.000000,22.910000
2023-11-16,22.660000,22.660000,22.660000,22.660000,0.000000,22.660000
2023-11-17,22.940001,22.940001,22.940001,22.940001,0.000000,22.940001
2023-11-20,23.010000,23.010000,23.010000,23.010000,0.000000,23.010000
2023-11-21,22.820000,22.820000,22.820000,22.820000,0.000000,22.820000
2023-11-22,22.910000,22.910000,22.910000,22.910000,0.000000,22.910000
2023-11-24,23.059999,23.059999,23.059999,23.059999,0.000000,23.059999
2023-11-27,23.010000,23.010000,23.010000,23.010000,0.000000,23.010000
2023-11-28,23.000000,23.000000,23.000000,23.000000,0.000000,23.000000
2023-11-29,23.129999,23.129999,23.129999,23.129999,0.000000,23.129999
2023-11-30,23.190001,23.190001,23.190001,23.190001,0.000000,23.190001
2023-12-01,23.680000,23.680000,23.680000,23.680000,0.000000,23.680000
2023-12-04,23.700001,23.700001,23.700001,23.700001,0.000000,23.700001
2023-12-05,23.440001,23.440001,23.440001,23.440001,0.000000,23.440001
2023-12-06,23.430000,23.430000,23.430000,23.430000,0.000000,23.430000
2023-12-07,23.610001,23.610001,23.610001,23.610001,0.000000,23.610001
2023-12-08,23.700001,23.700001,23.700001,23.700001,0.000000,23.700001
2023-12-11,23.770000,23.770000,23.770000,23.770000,0.000000,23.770000
2023-12-12,23.670000,23.670000,23.670000,23.670000,0.000000,23.670000
2023-12-13,24.280001,24.280001,24.280001,24.280001,0.000000,24.280001
2023-12-14,24.889999,24.889999,24.889999,24.889999,0.000000,24.889999
2023-12-15,24.690001,24.690001,24.690001,24.690001,0.000000,24.690001
2023-12-18,24.690001,24.690001,24.690001,24.690001,0.000000,24.690001
2023-12-19,25.070000,25.070000,25.070000,25.070000,0.000000,25.070000
2023-12-20,24.690001,24.690001,24.690001,24.690001,0.000000,24.690001
2023-12-21,25.040001,25.040001,25.040001,25.040001,0.000000,25.040001
2023-12-22,25.150000,25.150000,25.150000,25.150000,0.000000,25.150000
2023-12-26,,,,,,
2023-12-27,25.410000,25.410000,25.410000,25.410000,0.000000,25.410000
2023-12-28,25.360001,25.360001,25.360001,25.360001,0.000000,25.360001
2023-12-29,25.200001,25.200001,25.200001,25.200001,0.000000,25.200001
2024-01-02,25.090000,25.090000,25.090000,25.090000,0.000000,25.090000
2024-01-03,24.629999,24.629999,24.629999,24.629999,0.000000,24.629999
2024-01-04,24.650000,24.650000,24.650000,24.650000,0.000000,24.650000
2024-01-05,24.740000,24.740000,24.740000,24.740000,0.000000,24.740000
2024-01-08,24.990000,24.990000,24.990000,24.990000,0.000000,24.990000
2024-01-09,24.770000,24.770000,24.770000,24.770000,0.000000,24.770000
2024-01-10,24.790001,24.790001,24.790001,24.790001,0.000000,24.790001
2024-01-11,24.690001,24.690001,24.690001,24.690001,0.000000,24.690001
2024-01-12,24.629999,24.629999,24.629999,24.629999,0.000000,24.629999
2024-01-16,24.320000,24.320000,24.320000,24.320000,0.000000,24.320000
2024-01-17,24.100000,24.100000,24.100000,24.100000,0.000000,24.100000
2024-01-18,24.290001,24.290001,24.290001,24.290001,0.000000,24.290001
2024-01-19,24.450001,24.450001,24.450001,24.450001,0.000000,24.450001
2024-01-22,24.719999,24.719999,24.719999,24.719999,0.000000,24.719999
2024-01-23,24.639999,24.639999,24.639999,24.639999,0.000000,24.639999
2024-01-24,24.650000,24.650000,24.650000,24.650000,0.000000,24.650000
2024-01-25,24.830000,24.830000,24.830000,24.830000,0.000000,24.830000
2024-01-26,24.900000,24.900000,24.900000,24.900000,0.000000,24.900000
2024-01-29,25.070000,25.070000,25.070000,25.070000,0.000000,25.070000
2024-01-30,25.030001,25.030001,25.030001,25.030001,0.000000,25.030001
2024-01-31,24.620001,24.620001,24.620001,24.620001,0.000000,24.620001
2024-02-01,24.780001,24.780001,24.780001,24.780001,0.000000,24.780001
2024-02-02,24.629999,24.629999,24.629999,24.629999,0.000000,24.629999
2024-02-05,24.340000,24.340000,24.340000,24.340000,0.000000,24.340000
2024-02-06,24.450001,24.450001,24.450001,24.450001,0.000000,24.450001
2024-02-07,24.450001,24.450001,24.450001,24.450001,0.000000,24.450001
2024-02-08,24.549999,24.549999,24.549999,24.549999,0.000000,24.549999
2024-02-09,24.670000,24.670000,24.670000,24.670000,0.000000,24.670000
2024-02-12,24.990000,24.990000,24.990000,24.990000,0.000000,24.990000
2024-02-13,24.330000,24.330000,24.330000,24.330000,0.000000,24.330000
2024-02-14,24.660000,24.660000,24.660000,24.660000,0.000000,24.660000
2024-02-15,25.059999,25.059999,25.059999,25.059999,0.000000,25.059999
2024-02-16,24.940001,24.940001,24.940001,24.940001,0.000000,24.940001
2024-02-20,24.830000,24.830000,24.830000,24.830000,0.000000,24.830000
2024-02-21,24.879999,24.879999,24.879999,24.879999,0.000000,24.879999
2024-02-22,25.030001,25.030001,25.030001,25.030001,0.000000,25.030001
2024-02-23,25.080000,25.080000,25.080000,25.080000,0.000000,25.080000
2024-02-26,25.030001,25.030001,25.030001,25.030001,0.000000,25.030001
2024-02-27,25.180000,25.180000,25.180000,25.180000,0.000000,25.180000
2024-02-28,25.049999,25.049999,25.049999,25.049999,0.000000,25.049999
2024-02-29,25.219999,25.219999,25.219999,25.219999,0.000000,25.219999
2024-03-01,25.379999,25.379999,25.379999,25.379999,0.000000,25.379999
2024-03-04,25.309999,25.309999,25.309999,25.309999,0.000000,25.309999
2024-03-05,25.299999,25.299999,25.299999,25.299999,0.000000,25.299999
2024-03-06,25.469999,25.469999,25.469999,25.469999,0.000000,25.469999
2024-03-07,25.690001,25.690001,25.690001,25.690001,0.000000,25.690001
2024-03-08,25.670000,25.670000,25.670000,25.670000,0.000000,25.670000
2024-03-11,25.620001,25.620001,25.620001,25.620001,0.000000,25.620001
2024-03-12,25.650000,25.650000,25.650000,25.650000,0.000000,25.650000
2024-03-13,25.700001,25.700001,25.700001,25.700001,0.000000,25.700001
2024-03-14,25.400000,25.400000,25.400000,25.400000,0.000000,25.400000
2024-03-15,25.500000,25.500000,25.500000,25.500000,0.000000,25.500000
2024-03-18,25.459999,25.459999,25.459999,25.459999,0.000000,25.459999
2024-03-19,25.610001,25.610001,25.610001,25.610001,0.000000,25.610001
2024-03-20,25.980000,25.980000,25.980000,25.980000,0.000000,25.980000
2024-03-21,26.160000,26.160000,26.160000,26.160000,0.000000,26.160000
2024-03-22,25.950001,25.950001,25.950001,25.950001,0.000000,25.950001
2024-03-25,25.990000,25.990000,25.990000,25.990000,0.000000,25.990000
2024-03-26,25.969999,25.969999,25.969999,25.969999,0.000000,25.969999
2024-03-27,26.440001,26.440001,26.440001,26.440001,0.000000,26.440001
2024-03-28,26.530001,26.530001,26.530001,26.530001,0.000000,26.530001
2024-04-01,,,,,,
2024-04-02,26.080000,26.080000,26.080000,26.080000,0.000000,26.080000
2024-04-03,26.270000,26.270000,26.270000,26.270000,0.000000,26.270000
2024-04-04,26.070000,26.070000,26.070000,26.070000,0.000000,26.070000
2024-04-05,26.180000,26.180000,26.180000,26.180000,0.000000,26.180000
2024-04-08,26.309999,26.309999,26.309999,26.309999,0.000000,26.309999
2024-04-09,26.360001,26.360001,26.360001,26.360001,0.000000,26.360001
2024-04-10,25.860001,25.860001,25.860001,25.860001,0.000000,25.860001
2024-04-11,25.830000,25.830000,25.830000,25.830000,0.000000,25.830000
2024-04-12,25.430000,25.430000,25.430000,25.430000,0.000000,25.430000
2024-04-15,25.240000,25.240000,25.240000,25.240000,0.000000,25.240000
2024-04-16,25.030001,25.030001,25.030001,25.030001,0.000000,25.030001
2024-04-17,24.959999,24.959999,24.959999,24.959999,0.000000,24.959999
2024-04-18,25.010000,25.010000,25.010000,25.010000,0.000000,25.010000
2024-04-19,25.160000,25.160000,25.160000,25.160000,0.000000,25.160000
2024-04-22,25.410000,25.410000,25.410000,25.410000,0.000000,25.410000
2024-04-23,25.680000,25.680000,25.680000,25.680000,0.000000,25.680000
2024-04-24,25.650000,25.650000,25.650000,25.650000,0.000000,25.650000
2024-04-25,25.500000,25.500000,25.500000,25.500000,0.000000,25.500000
2024-04-26,25.610001,25.610001,25.610001,25.610001,0.000000,25.610001
2024-04-29,25.809999,25.809999,25.809999,25.809999,0.000000,25.809999
2024-04-30,25.330000,25.330000,25.330000,25.330000,0.000000,25.330000
2024-05-01,,,,,,
2024-05-02,25.670000,25.670000,25.670000,25.670000,0.000000,25.670000
2024-05-03,25.879999,25.879999,25.879999,25.879999,0.000000,25.879999
2024-05-06,,,,,,
2024-05-07,26.150000,26.150000,26.150000,26.150000,0.000000,26.150000
2024-05-08,26.170000,26.170000,26.170000,26.170000,0.000000,26.170000
2024-05-09,26.420000,26.420000,26.420000,26.420000,0.000000,26.420000
2024-05-10,26.400000,26.400000,26.400000,26.400000,0.000000,26.400000
2024-05-13,26.420000,26.420000,26.420000,26.420000,0.000000,26.420000
2024-05-14,26.620001,26.620001,26.620001,26.620001,0.000000,26.620001
2024-05-15,26.780001,26.780001,26.780001,26.780001,0.000000,26.780001
2024-05-16,26.680000,26.680000,26.680000,26.680000,0.000000,26.680000
2024-05-17,26.770000,26.770000,26.770000,26.770000,0.000000,26.770000
2024-05-20,26.740000,26.740000,26.740000,26.740000,0.000000,26.740000
2024-05-21,26.700001,26.700001,26.700001,26.700001,0.000000,26.700001
2024-05-22,26.469999,26.469999,26.469999,26.469999,0.000000,26.469999
2024-05-23,26.150000,26.150000,26.150000,26.150000,0.000000,26.150000
2024-05-24,26.389999,26.389999,26.389999,26.389999,0.000000,26.389999
2024-05-28,26.350000,26.350000,26.350000,26.350000,0.000000,26.350000
2024-05-29,25.969999,25.969999,25.969999,25.969999,0.000000,25.969999
2024-05-30,26.280001,26.280001,26.280001,26.280001,0.000000,26.280001
2024-05-31,26.600000,26.600000,26.600000,26.600000,0.000000,26.600000
2024-06-03,26.490000,26.490000,26.490000,26.490000,0.000000,26.490000
2024-06-04,26.150000,26.150000,26.150000,26.150000,0.000000,26.150000
2024-06-05,26.270000,26.270000,26.270000,26.270000,0.000000,26.270000
2024-06-06,26.219999,26.219999,26.219999,26.219999,0.000000,26.219999
2024-06-07,26.000000,26.000000,26.000000,26.000000,0.000000,26.000000
2024-06-10,26.020000,26.020000,26.020000,26.020000,0.000000,26.020000
2024-06-11,25.790001,25.790001,25.790001,25.790001,0.000000,25.790001
2024-06-12,26.080000,26.080000,26.080000,26.080000,0.000000,26.080000
2024-06-13,25.760000,25.760000,25.760000,25.760000,0.000000,25.760000
2024-06-14,25.430000,25.430000,25.430000,25.430000,0.000000,25.430000
2024-06-17,25.620001,25.620001,25.620001,25.620001,0.000000,25.620001
2024-06-18,25.700001,25.700001,25.700001,25.700001,0.000000,25.700001
2024-06-20,25.719999,25.719999,25.719999,25.719999,0.000000,25.719999
2024-06-21,25.680000,25.680000,25.680000,25.680000,0.000000,25.680000
2024-06-24,25.910000,25.910000,25.910000,25.910000,0.000000,25.910000
2024-06-25,25.719999,25.719999,25.719999,25.719999,0.000000,25.719999
2024-06-26,25.629999,25.629999,25.629999,25.629999,0.000000,25.629999
2024-06-27,25.690001,25.690001,25.690001,25.690001,0.000000,25.690001
2024-06-28,25.820000,25.820000,25.820000,25.820000,0.000000,25.820000
2024-07-01,25.700001,25.700001,25.700001,25.700001,0.000000,25.700001
2024-07-02,25.799999,25.799999,25.799999,25.799999,0.000000,25.799999
2024-07-03,25.879999,25.879999,25.879999,25.879999,0.000000,25.879999
2024-07-05,25.760000,25.760000,25.760000,25.760000,0.000000,25.760000
2024-07-08,25.820000,25.820000,25.820000,25.820000,0.000000,25.820000
2024-07-09,25.719999,25.719999,25.719999,25.719999,0.000000,25.719999
2024-07-10,26.000000,26.000000,26.000000,26.000000,0.000000,26.000000
2024-07-11,26.559999,26.559999,26.559999,26.559999,0.000000,26.559999
2024-07-12,26.799999,26.799999,26.799999,26.799999,0.000000,26.799999
2024-07-15,26.950001,26.950001,26.950001,26.950001,0.000000,26.950001
2024-07-16,27.570000,27.570000,27.570000,27.570000,0.000000,27.570000
2024-07-17,27.500000,27.500000,27.500000,27.500000,0.000000,27.500000
2024-07-18,27.240000,27.240000,27.240000,27.240000,0.000000,27.240000
2024-07-19,27.030001,27.030001,27.030001,27.030001,0.000000,27.030001
2024-07-22,27.270000,27.270000,27.270000,27.270000,0.000000,27.270000
2024-07-23,27.320000,27.320000,27.320000,27.320000,0.000000,27.320000
2024-07-24,26.950001,26.950001,26.950001,26.950001,0.000000,26.950001
2024-07-25,27.160000,27.160000,27.160000,27.160000,0.000000,27.160000
2024-07-26,27.559999,27.559999,27.559999,27.559999,0.000000,27.559999
2024-07-29,27.450001,27.450001,27.450001,27.450001,0.000000,27.450001
2024-07-30,27.580000,27.580000,27.580000,27.580000,0.000000,27.580000
2024-07-31,27.770000,27.770000,27.770000,27.770000,0.000000,27.770000
2024-08-01,27.049999,27.049999,27.049999,27.049999,0.000000,27.049999
2024-08-02,26.290001,26.290001,26.290001,26.290001,0.000000,26.290001
2024-08-05,25.490000,25.490000,25.490000,25.490000,0.000000,25.490000
2024-08-06,25.670000,25.670000,25.670000,25.670000,0.000000,25.670000
2024-08-07,25.540001,25.540001,25.540001,25.540001,0.000000,25.540001
2024-08-08,26.000000,26.000000,26.000000,26.000000,0.000000,26.000000
2024-08-09,26.040001,26.040001,26.040001,26.040001,0.000000,26.040001
2024-08-12,25.920000,25.920000,25.920000,25.920000,0.000000,25.920000
2024-08-13,26.280001,26.280001,26.280001,26.280001,0.000000,26.280001
2024-08-14,26.290001,26.290001,26.290001,26.290001,0.000000,26.290001
2024-08-15,26.730000,26.730000,26.730000,26.730000,0.000000,26.730000
2024-08-16,26.870001,26.870001,26.870001,26.870001,0.000000,26.870001
2024-08-19,27.129999,27.129999,27.129999,27.129999,0.000000,27.129999
2024-08-20,26.910000,26.910000,26.910000,26.910000,0.000000,26.910000
2024-08-21,27.150000,27.150000,27.150000,27.150000,0.000000,27.150000
2024-08-22,27.010000,27.010000,27.010000,27.010000,0.000000,27.010000
2024-08-23,27.660000,27.660000,27.660000,27.660000,0.000000,27.660000
2024-08-26,,,,,,
2024-08-27,27.580000,27.580000,27.580000,27.580000,0.000000,27.580000
2024-08-28,27.459999,27.459999,27.459999,27.459999,0.000000,27.459999
2024-08-29,27.570000,27.570000,27.570000,27.570000,0.000000,27.570000
2024-08-30,27.719999,27.719999,27.719999,27.719999,0.000000,27.719999
2024-09-03,27.100000,27.100000,27.100000,27.100000,0.000000,27.100000
2024-09-04,26.990000,26.990000,26.990000,26.990000,0.000000,26.990000
2024-09-05,26.920000,26.920000,26.920000,26.920000,0.000000,26.920000
2024-09-06,26.450001,26.450001,26.450001,26.450001,0.000000,26.450001
2024-09-09,26.540001,26.540001,26.540001,26.540001,0.000000,26.540001
2024-09-10,26.400000,26.400000,26.400000,26.400000,0.000000,26.400000
2024-09-11,26.400000,26.400000,26.400000,26.400000,0.000000,26.400000
2024-09-12,26.650000,26.650000,26.650000,26.650000,0.000000,26.650000
2024-09-13,27.049999,27.049999,27.049999,27.049999,0.000000,27.049999
2024-09-16,27.240000,27.240000,27.240000,27.240000,0.000000,27.240000
2024-09-17,27.410000,27.410000,27.410000,27.410000,0.000000,27.410000
2024-09-18,27.430000,27.430000,27.430000,27.430000,0.000000,27.430000
2024-09-19,27.940001,27.940001,27.940001,27.940001,0.000000,27.940001
2024-09-20,27.650000,27.650000,27.650000,27.650000,0.000000,27.650000
2024-09-23,27.680000,27.680000,27.680000,27.680000,0.000000,27.680000
2024-09-24,27.740000,27.740000,27.740000,27.740000,0.000000,27.740000
2024-09-25,27.450001,27.450001,27.450001,27.450001,0.000000,27.450001
2024-09-26,27.860001,27.860001,27.860001,27.860001,0.000000,27.860001
2024-09-27,27.920000,27.920000,27.920000,27.920000,0.000000,27.920000
2024-09-30,27.940001,27.940001,27.940001,27.940001,0.000000,27.940001
2024-10-01,27.670000,27.670000,27.670000,27.670000,0.000000,27.670000
2024-10-02,27.600000,27.600000,27.600000,27.600000,0.000000,27.600000
2024-10-03,27.450001,27.450001,27.450001,27.450001,0.000000,27.450001
2024-10-04,27.780001,27.780001,27.780001,27.780001,0.000000,27.780001
2024-10-07,27.590000,27.590000,27.590000,27.590000,0.000000,27.590000
2024-10-08,27.480000,27.480000,27.480000,27.480000,0.000000,27.480000
2024-10-09,27.600000,27.600000,27.600000,27.600000,0.000000,27.600000
2024-10-10,27.549999,27.549999,27.549999,27.549999,0.000000,27.549999
2024-10-11,27.870001,27.870001,27.870001,27.870001,0.000000,27.870001
2024-10-14,27.980000,27.980000,27.980000,27.980000,0.000000,27.980000
2024-10-15,27.860001,27.860001,27.860001,27.860001,0.000000,27.860001
2024-10-16,28.139999,28.139999,28.139999,28.139999,0.000000,28.139999
2024-10-17,28.190001,28.190001,28.190001,28.190001,0.000000,28.190001
2024-10-18,28.190001,28.190001,28.190001,28.190001,0.000000,28.190001
2024-10-21,27.790001,27.790001,27.790001,27.790001,0.000000,27.790001
2024-10-22,27.690001,27.690001,27.690001,27.690001,0.000000,27.690001
2024-10-23,27.500000,27.500000,27.500000,27.500000,0.000000,27.500000
2024-10-24,27.570000,27.570000,27.570000,27.570000,0.000000,27.570000
2024-10-25,27.400000,27.400000,27.400000,27.400000,0.000000,27.400000
2024-10-28,27.700001,27.700001,27.700001,27.700001,0.000000,27.700001
2024-10-29,27.590000,27.590000,27.590000,27.590000,0.000000,27.590000
2024-10-30,27.629999,27.629999,27.629999,27.629999,0.000000,27.629999
2024-10-31,27.320000,27.320000,27.320000,27.320000,0.000000,27.320000
2024-11-01,27.350000,27.350000,27.350000,27.350000,0.000000,27.350000
2024-11-04,27.400000,27.400000,27.400000,27.400000,0.000000,27.400000
2024-11-05,27.760000,27.760000,27.760000,27.760000,0.000000,27.760000
2024-11-06,28.740000,28.740000,28.740000,28.740000,0.000000,28.740000
2024-11-07,28.719999,28.719999,28.719999,28.719999,0.000000,28.719999
2024-11-08,28.629999,28.629999,28.629999,28.629999,0.000000,28.629999
2024-11-11,28.860001,28.860001,28.860001,28.860001,0.000000,28.860001
2024-11-12,28.520000,28.520000,28.520000,28.520000,0.000000,28.520000
2024-11-13,28.379999,28.379999,28.379999,28.379999,0.000000,28.379999
2024-11-14,28.260000,28.260000,28.260000,28.260000,0.000000,28.260000
2024-11-15,28.110001,28.110001,28.110001,28.110001,0.000000,28.110001
2024-11-18,28.219999,28.219999,28.219999,28.219999,0.000000,28.219999
2024-11-19,28.160000,28.160000,28.160000,28.160000,0.000000,28.160000
2024-11-20,28.200001,28.200001,28.200001,28.200001,0.000000,28.200001
2024-11-21,28.530001,28.530001,28.530001,28.530001,0.000000,28.530001
2024-11-22,28.850000,28.850000,28.850000,28.850000,0.000000,28.850000
2024-11-25,29.160000,29.160000,29.160000,29.160000,0.000000,29.160000
2024-11-26,28.950001,28.950001,28.950001,28.950001,0.000000,28.950001
2024-11-27,28.969999,28.969999,28.969999,28.969999,0.000000,28.969999
2024-11-29,29.110001,29.110001,29.110001,29.110001,0.000000,29.110001
2024-12-02,29.070000,29.070000,29.070000,29.070000,0.000000,29.070000
2024-12-03,29.000000,29.000000,29.000000,29.000000,0.000000,29.000000
2024-12-04,28.980000,28.980000,28.980000,28.980000,0.000000,28.980000
2024-12-05,28.900000,28.900000,28.900000,28.900000,0.000000,28.900000
2024-12-06,28.830000,28.830000,28.830000,28.830000,0.000000,28.830000
2024-12-09,28.790001,28.790001,28.790001,28.790001,0.000000,28.790001
2024-12-10,28.629999,28.629999,28.629999,28.629999,0.000000,28.629999
2024-12-11,28.760000,28.760000,28.760000,28.760000,0.000000,28.760000
2024-12-12,28.530001,28.530001,28.530001,28.530001,0.000000,28.530001
2024-12-13,28.379999,28.379999,28.379999,28.379999,0.000000,28.379999
2024-12-16,28.309999,28.309999,28.309999,28.309999,0.000000,28.309999
2024-12-17,28.000000,28.000000,28.000000,28.000000,0.000000,28.000000
2024-12-18,27.120001,27.120001,27.120001,27.120001,0.000000,27.120001
2024-12-19,27.040001,27.040001,27.040001,27.040001,0.000000,27.040001
2024-12-20,27.280001,27.280001,27.280001,27.280001,0.000000,27.280001
2024-12-23,27.370001,27.370001,27.370001,27.370001,0.000000,27.370001
2024-12-24,27.540001,27.540001,27.540001,27.540001,0.000000,27.540001
2024-12-26,,,,,,
2024-12-27,27.459999,27.459999,27.459999,27.459999,0.000000,27.459999
2024-12-30,27.330000,27.330000,27.330000,27.330000,0.000000,27.330000
2024-12-31,27.389999,27.389999,27.389999,27.389999,0.000000,27.389999
2025-01-02,27.320000,27.320000,27.320000,27.320000,0.000000,27.320000
2025-01-03,27.530001,27.530001,27.530001,27.530001,0.000000,27.530001
2025-01-06,27.639999,27.639999,27.639999,27.639999,0.000000,27.639999
2025-01-07,27.510000,27.510000,27.510000,27.510000,0.000000,27.510000
2025-01-08,27.430000,27.430000,27.430000,27.430000,0.000000,27.430000
2025-01-10,27.000000,27.000000,27.000000,27.000000,0.000000,27.000000
2025-01-13,27.200001,27.200001,27.200001,27.200001,0.000000,27.200001
2025-01-14,27.520000,27.520000,27.520000,27.520000,0.000000,27.520000
2025-01-15,27.910000,27.910000,27.910000,27.910000,0.000000,27.910000
2025-01-16,27.969999,27.969999,27.969999,27.969999,0.000000,27.969999
2025-01-17,28.080000,28.080000,28.080000,28.080000,0.000000,28.080000
2025-01-21,28.480000,28.480000,28.480000,28.480000,0.000000,28.480000
2025-01-22,28.299999,28.299999,28.299999,28.299999,0.000000,28.299999
2025-01-23,28.389999,28.389999,28.389999,28.389999,0.000000,28.389999
2025-01-24,28.440001,28.440001,28.440001,28.440001,0.000000,28.440001
2025-01-27,28.400000,28.400000,28.400000,28.400000,0.000000,28.400000
2025-01-28,28.340000,28.340000,28.340000,28.340000,0.000000,28.340000
2025-01-29,28.320000,28.320000,28.320000,28.320000,0.000000,28.320000
2025-01-30,28.580000,28.580000,28.580000,28.580000,0.000000,28.580000
2025-01-31,28.299999,28.299999,28.299999,28.299999,0.000000,28.299999
2025-02-03,27.889999,27.889999,27.889999,27.889999,0.000000,27.889999
2025-02-04,28.150000,28.150000,28.150000,28.150000,0.000000,28.150000
2025-02-05,28.350000,28.350000,28.350000,28.350000,0.000000,28.350000
2025-02-06,28.360001,28.360001,28.360001,28.360001,0.000000,28.360001
2025-02-07,28.110001,28.110001,28.110001,28.110001,0.000000,28.110001
2025-02-10,28.150000,28.150000,28.150000,28.150000,0.000000,28.150000
2025-02-11,28.200001,28.200001,28.200001,28.200001,0.000000,28.200001
2025-02-12,27.969999,27.969999,27.969999,27.969999,0.000000,27.969999
2025-02-13,28.240000,28.240000,28.240000,28.240000,0.000000,28.240000
2025-02-14,28.290001,28.290001,28.290001,28.290001,0.000000,28.290001
2025-02-18,28.450001,28.450001,28.450001,28.450001,0.000000,28.450001
2025-02-19,28.330000,28.330000,28.330000,28.330000,0.000000,28.330000
2025-02-20,28.240000,28.240000,28.240000,28.240000,0.000000,28.240000
2025-02-21,27.750000,27.750000,27.750000,27.750000,0.000000,27.750000
2025-02-24,27.740000,27.740000,27.740000,27.740000,0.000000,27.740000
2025-02-25,27.799999,27.799999,27.799999,27.799999,0.000000,27.799999
2025-02-26,27.730000,27.730000,27.730000,27.730000,0.000000,27.730000
2025-02-27,27.490000,27.490000,27.490000,27.490000,0.000000,27.490000
2025-02-28,27.650000,27.650000,27.650000,27.650000,0.000000,27.650000
2025-03-03,27.260000,27.260000,27.260000,27.260000,0.000000,27.260000
2025-03-04,26.860001,26.860001,26.860001,26.860001,0.000000,26.860001
2025-03-05,27.309999,27.309999,27.309999,27.309999,0.000000,27.309999
2025-03-06,27.160000,27.160000,27.160000,27.160000,0.000000,27.160000
2025-03-07,27.389999,27.389999,27.389999,27.389999,0.000000,27.389999
2025-03-10,26.809999,26.809999,26.809999,26.809999,0.000000,26.809999
2025-03-11,26.700001,26.700001,26.700001,26.700001,0.000000,26.700001
2025-03-12,26.680000,26.680000,26.680000,26.680000,0.000000,26.680000
2025-03-13,26.389999,26.389999,26.389999,26.389999,0.000000,26.389999
2025-03-14,26.950001,26.950001,26.950001,26.950001,0.000000,26.950001
2025-03-17,27.290001,27.290001,27.290001,27.290001,0.000000,27.290001
2025-03-18,27.260000,27.260000,27.260000,27.260000,0.000000,27.260000
2025-03-19,27.480000,27.480000,27.480000,27.480000,0.000000,27.480000
2025-03-20,27.309999,27.309999,27.309999,27.309999,0.000000,27.309999
2025-03-21,27.129999,27.129999,27.129999,27.129999,0.000000,27.129999
2025-03-24,27.530001,27.530001,27.530001,27.530001,0.000000,27.530001
2025-03-25,27.520000,27.520000,27.520000,27.520000,0.000000,27.520000
2025-03-26,27.410000,27.410000,27.410000,27.410000,0.000000,27.410000
2025-03-27,27.350000,27.350000,27.350000,27.350000,0.000000,27.350000
2025-03-28,26.910000,26.910000,26.910000,26.910000,0.000000,26.910000
2025-03-31,26.879999,26.879999,26.879999,26.879999,0.000000,26.879999
2025-04-01,26.910000,26.910000,26.910000,26.910000,0.000000,26.910000
2025-04-02,27.180000,27.180000,27.180000,27.180000,0.000000,27.180000
2025-04-03,25.700001,25.700001,25.700001,25.700001,0.000000,25.700001
2025-04-04,24.299999,24.299999,24.299999,24.299999,0.000000,24.299999
2025-04-07,23.940001,23.940001,23.940001,23.940001,0.000000,23.940001
2025-04-08,23.570000,23.570000,23.570000,23.570000,0.000000,23.570000
2025-04-09,25.340000,25.340000,25.340000,25.340000,0.000000,25.340000
2025-04-10,24.530001,24.530001,24.530001,24.530001,0.000000,24.530001
2025-04-11,24.940001,24.940001,24.940001,24.940001,0.000000,24.940001
2025-04-14,25.240000,25.240000,25.240000,25.240000,0.000000,25.240000
2025-04-15,25.250000,25.250000,25.250000,25.250000,0.000000,25.250000
2025-04-16,25.110001,25.110001,25.110001,25.110001,0.000000,25.110001
2025-04-17,25.330000,25.330000,25.330000,25.330000,0.000000,25.330000
2025-04-21,,,,,,
2025-04-22,25.559999,25.559999,25.559999,25.559999,0.000000,25.559999
2025-04-23,25.780001,25.780001,25.780001,25.780001,0.000000,25.780001
2025-04-24,26.230000,26.230000,26.230000,26.230000,0.000000,26.230000
2025-04-25,26.170000,26.170000,26.170000,26.170000,0.000000,26.170000
2025-04-28,26.340000,26.340000,26.340000,26.340000,0.000000,26.340000
2025-04-29,26.440001,26.440001,26.440001,26.440001,0.000000,26.440001
2025-04-30,26.350000,26.350000,26.350000,26.350000,0.000000,26.350000
2025-05-01,,,,,,
2025-05-02,26.830000,26.830000,26.830000,26.830000,0.000000,26.830000
2025-05-05,,,,,,
2025-05-06,26.650000,26.650000,26.650000,26.650000,0.000000,26.650000
2025-05-07,26.709999,26.709999,26.709999,26.709999,0.000000,26.709999
2025-05-08,27.030001,27.030001,27.030001,27.030001,0.000000,27.030001
2025-05-09,27.120001,27.120001,27.120001,27.120001,0.000000,27.120001
2025-05-12,27.820000,27.820000,27.820000,27.820000,0.000000,27.820000
2025-05-13,28.000000,28.000000,28.000000,28.000000,0.000000,28.000000
2025-05-14,27.799999,27.799999,27.799999,27.799999,0.000000,27.799999
2025-05-15,27.910000,27.910000,27.910000,27.910000,0.000000,27.910000
2025-05-16,28.059999,28.059999,28.059999,28.059999,0.000000,28.059999
2025-05-19,28.049999,28.049999,28.049999,28.049999,0.000000,28.049999
2025-05-20,28.059999,28.059999,28.059999,28.059999,0.000000,28.059999
2025-05-21,27.500000,27.500000,27.500000,27.500000,0.000000,27.500000
2025-05-22,27.469999,27.469999,27.469999,27.469999,0.000000,27.469999
2025-05-23,27.440001,27.440001,27.440001,27.440001,0.000000,27.440001
2025-05-27,27.950001,27.950001,27.950001,27.950001,0.000000,27.950001
2025-05-28,27.660000,27.660000,27.660000,27.660000,0.000000,27.660000
2025-05-29,27.799999,27.799999,27.799999,27.799999,0.000000,27.799999
2025-05-30,27.700001,27.700001,27.700001,27.700001,0.000000,27.700001
2025-06-02,27.780001,27.780001,27.780001,27.780001,0.000000,27.780001
2025-06-03,27.990000,27.990000,27.990000,27.990000,0.000000,27.990000
2025-06-04,27.930000,27.930000,27.930000,27.930000,0.000000,27.930000
2025-06-05,27.900000,27.900000,27.900000,27.900000,0.000000,27.900000
2025-06-06,28.160000,28.160000,28.160000,28.160000,0.000000,28.160000
2025-06-09,28.290001,28.290001,28.290001,28.290001,0.000000,28.290001
2025-06-10,28.430000,28.430000,28.430000,28.430000,0.000000,28.430000
2025-06-11,28.350000,28.350000,28.350000,28.350000,0.000000,28.350000
2025-06-12,28.410000,28.410000,28.410000,28.410000,0.000000,28.410000
2025-06-13,28.010000,28.010000,28.010000,28.010000,0.000000,28.010000
2025-06-16,28.270000,28.270000,28.270000,28.270000,0.000000,28.270000
2025-06-17,27.959999,27.959999,27.959999,27.959999,0.000000,27.959999
2025-06-18,28.040001,28.040001,28.040001,28.040001,0.000000,28.040001
2025-06-20,28.030001,28.030001,28.030001,28.030001,0.000000,28.030001
2025-06-23,28.250000,28.250000,28.250000,28.250000,0.000000,28.250000
2025-06-24,28.540001,28.540001,28.540001,28.540001,0.000000,28.540001
2025-06-25,28.360001,28.360001,28.360001,28.360001,0.000000,28.360001
2025-06-26,28.750000,28.750000,28.750000,28.750000,0.000000,28.750000
2025-06-27,28.850000,28.850000,28.850000,28.850000,0.000000,28.850000
2025-06-30,28.930000,28.930000,28.930000,28.930000,0.000000,28.930000
2025-07-01,29.309999,29.309999,29.309999,29.309999,0.000000,29.309999
2025-07-02,29.559999,29.559999,29.559999,29.559999,0.000000,29.559999
2025-07-03,29.660000,29.660000,29.660000,29.660000,0.000000,29.660000
2025-07-07,29.290001,29.290001,29.290001,29.290001,0.000000,29.290001
2025-07-08,29.520000,29.520000,29.520000,29.520000,0.000000,29.520000
2025-07-09,29.660000,29.660000,29.660000,29.660000,0.000000,29.660000
2025-07-10,29.860001,29.860001,29.860001,29.860001,0.000000,29.860001
2025-07-11,29.620001,29.620001,29.620001,29.620001,0.000000,29.620001
2025-07-14,29.639999,29.639999,29.639999,29.639999,0.000000,29.639999
2025-07-15,29.090000,29.090000,29.090000,29.090000,0.000000,29.090000
2025-07-16,29.209999,29.209999,29.209999,29.209999,0.000000,29.209999
2025-07-17,29.459999,29.459999,29.459999,29.459999,0.000000,29.459999
2025-07-18,29.389999,29.389999,29.389999,29.389999,0.000000,29.389999
2025-07-21,29.330000,29.330000,29.330000,29.330000,0.000000,29.330000
2025-07-22,29.750000,29.750000,29.750000,29.750000,0.000000,29.750000
2025-07-23,30.090000,30.090000,30.090000,30.090000,0.000000,30.090000
2025-07-24,29.750000,29.750000,29.750000,29.750000,0.000000,29.750000
2025-07-25,29.850000,29.850000,29.850000,29.850000,0.000000,29.850000
2025-07-28,29.639999,29.639999,29.639999,29.639999,0.000000,29.639999
2025-07-29,29.580000,29.580000,29.580000,29.580000,0.000000,29.580000
2025-07-30,29.250000,29.250000,29.250000,29.250000,0.000000,29.250000
2025-07-31,28.969999,28.969999,28.969999,28.969999,0.000000,28.969999
2025-08-01,28.680000,28.680000,28.680000,28.680000,0.000000,28.680000
2025-08-04,28.980000,28.980000,28.980000,28.980000,0.000000,28.980000
2025-08-05,29.100000,29.100000,29.100000,29.100000,0.000000,29.100000
2025-08-06,29.129999,29.129999,29.129999,29.129999,0.000000,29.129999
2025-08-07,29.209999,29.209999,29.209999,29.209999,0.000000,29.209999
2025-08-08,29.350000,29.350000,29.350000,29.350000,0.000000,29.350000
2025-08-11,29.250000,29.250000,29.250000,29.250000,0.000000,29.250000
2025-08-12,29.860001,29.860001,29.860001,29.860001,0.000000,29.860001
2025-08-13,30.330000,30.330000,30.330000,30.330000,0.000000,30.330000
2025-08-14,30.120001,30.120001,30.120001,30.120001,0.000000,30.120001
2025-08-15,30.030001,30.030001,30.030001,30.030001,0.000000,30.030001
2025-08-18,30.040001,30.040001,30.040001,30.040001,0.000000,30.040001
2025-08-19,30.100000,30.100000,30.100000,30.100000,0.000000,30.100000
2025-08-20,30.059999,30.059999,30.059999,30.059999,0.000000,30.059999
2025-08-21,30.049999,30.049999,30.049999,30.049999,0.000000,30.049999
2025-08-22,30.940001,30.940001,30.940001,30.940001,0.000000,30.940001
2025-08-25,,,,,,
2025-08-26,30.730000,30.730000,30.730000,30.730000,0.000000,30.730000
2025-08-27,30.799999,30.799999,30.799999,30.799999,0.000000,30.799999
2025-08-28,30.790001,30.790001,30.790001,30.790001,0.000000,30.790001
2025-08-29,30.730000,30.730000,30.730000,30.730000,0.000000,30.730000
2025-09-02,30.540001,30.540001,30.540001,30.540001,0.000000,30.540001
2025-09-03,30.510000,30.510000,30.510000,30.510000,0.000000,30.510000
2025-09-04,30.820000,30.820000,30.820000,30.820000,0.000000,30.820000
2025-09-05,30.920000,30.920000,30.920000,30.920000,0.000000,30.920000
2025-09-08,30.990000,30.990000,30.990000,30.990000,0.000000,30.990000
2025-09-09,30.770000,30.770000,30.770000,30.770000,0.000000,30.770000
2025-09-10,30.750000,30.750000,30.750000,30.750000,0.000000,30.750000
2025-09-11,31.209999,31.209999,31.209999,31.209999,0.000000,31.209999
2025-09-12,30.980000,30.980000,30.980000,30.980000,0.000000,30.980000
2025-09-15,30.940001,30.940001,30.940001,30.940001,0.000000,30.940001
2025-09-16,30.900000,30.900000,30.900000,30.900000,0.000000,30.900000
2025-09-17,30.879999,30.879999,30.879999,30.879999,0.000000,30.879999
2025-09-18,31.129999,31.129999,31.129999,31.129999,0.000000,31.129999
2025-09-19,30.920000,30.920000,30.920000,30.920000,0.000000,30.920000
2025-09-22,30.930000,30.930000,30.930000,30.930000,0.000000,30.930000
2025-09-23,30.950001,30.950001,30.950001,30.950001,0.000000,30.950001
2025-09-24,30.850000,30.850000,30.850000,30.850000,0.000000,30.850000
2025-09-25,30.610001,30.610001,30.610001,30.610001,0.000000,30.610001
2025-09-26,30.920000,30.920000,30.920000,30.920000,0.000000,30.920000
2025-09-29,30.889999,30.889999,30.889999,30.889999,0.000000,30.889999
2025-09-30,30.959999,30.959999,30.959999,30.959999,0.000000,30.959999
2025-10-01,30.990000,30.990000,30.990000,30.990000,0.000000,30.990000
2025-10-02,31.020000,31.020000,31.020000,31.020000,0.000000,31.020000
2025-10-03,31.240000,31.240000,31.240000,31.240000,0.000000,31.240000
2025-10-06,31.190001,31.190001,31.190001,31.190001,0.000000,31.190001
2025-10-07,30.910000,30.910000,30.910000,30.910000,0.000000,30.910000
2025-10-08,31.010000,31.010000,31.010000,31.010000,0.000000,31.010000
2025-10-09,30.730000,30.730000,30.730000,30.730000,0.000000,30.730000
2025-10-10,29.900000,29.900000,29.900000,29.900000,0.000000,29.900000
2025-10-13,30.290001,30.290001,30.290001,30.290001,0.000000,30.290001
2025-10-14,30.629999,30.629999,30.629999,30.629999,0.000000,30.629999
2025-10-15,30.670000,30.670000,30.670000,30.670000,0.000000,30.670000
2025-10-16,30.309999,30.309999,30.309999,30.309999,0.000000,30.309999
2025-10-17,30.389999,30.389999,30.389999,30.389999,0.000000,30.389999
2025-10-20,30.740000,30.740000,30.740000,30.740000,0.000000,30.740000
2025-10-21,30.750000,30.750000,30.750000,30.750000,0.000000,30.750000
2025-10-22,30.639999,30.639999,30.639999,30.639999,0.000000,30.639999
2025-10-23,30.870001,30.870001,30.870001,30.870001,0.000000,30.870001
2025-10-24,30.980000,30.980000,30.980000,30.980000,0.000000,30.980000
2025-10-27,31.070000,31.070000,31.070000,31.070000,0.000000,31.070000
2025-10-28,30.850000,30.850000,30.850000,30.850000,0.000000,30.850000
2025-10-29,30.530001,30.530001,30.530001,30.530001,0.000000,30.530001
2025-10-30,30.400000,30.400000,30.400000,30.400000,0.000000,30.400000
2025-10-31,30.469999,30.469999,30.469999,30.469999,0.000000,30.469999
2025-11-03,30.459999,30.459999,30.459999,30.459999,0.000000,30.459999
2025-11-04,30.219999,30.219999,30.219999,30.219999,0.000000,30.219999
2025-11-05,30.440001,30.440001,30.440001,30.440001,0.000000,30.440001
2025-11-06,30.260000,30.260000,30.260000,30.260000,0.000000,30.260000
2025-11-07,30.520000,30.520000,30.520000,30.520000,0.000000,30.520000
2025-11-10,30.730000,30.730000,30.730000,30.730000,0.000000,30.730000
2025-11-11,30.879999,30.879999,30.879999,30.879999,0.000000,30.879999
2025-11-12,31.020000,31.020000,31.020000,31.020000,0.000000,31.020000
2025-11-13,30.730000,30.730000,30.730000,30.730000,0.000000,30.730000
2025-11-14,30.629999,30.629999,30.629999,30.629999,0.000000,30.629999
2025-11-17,30.049999,30.049999,30.049999,30.049999,0.000000,30.049999
2025-11-18,30.059999,30.059999,30.059999,30.059999,0.000000,30.059999
2025-11-19,30.010000,30.010000,30.010000,30.010000,0.000000,30.010000
2025-11-20,29.670000,29.670000,29.670000,29.670000,0.000000,29.670000
2025-11-21,30.400000,30.400000,30.400000,30.400000,0.000000,30.400000
2025-11-24,30.549999,30.549999,30.549999,30.549999,0.000000,30.549999
2025-11-25,31.100000,31.100000,31.100000,31.100000,0.000000,31.100000
2025-11-26,31.360001,31.360001,31.360001,31.360001,0.000000,31.360001
2025-11-28,31.549999,31.549999,31.549999,31.549999,0.000000,31.549999
2025-12-01,31.480000,31.480000,31.480000,31.480000,0.000000,31.480000
2025-12-02,31.440001,31.440001,31.440001,31.440001,0.000000,31.440001
2025-12-03,31.780001,31.780001,31.780001,31.780001,0.000000,31.780001
2025-12-04,31.799999,31.799999,31.799999,31.799999,0.000000,31.799999
2025-12-05,31.830000,31.830000,31.830000,31.830000,0.000000,31.830000
2025-12-08,31.680000,31.680000,31.680000,31.680000,0.000000,31.680000
2025-12-09,31.680000,31.680000,31.680000,31.680000,0.000000,31.680000
2025-12-10,32.279999,32.279999,32.279999,32.279999,0.000000,32.279999
2025-12-11,32.560001,32.560001,32.560001,32.560001,0.000000,32.560001
2025-12-12,32.360001,32.360001,32.360001,32.360001,0.000000,32.360001
2025-12-15,32.400002,32.400002,32.400002,32.400002,0.000000,32.400002
2025-12-16,32.200001,32.200001,32.200001,32.200001,0.000000,32.200001
2025-12-17,32.180000,32.180000,32.180000,32.180000,0.000000,32.180000
2025-12-18,32.250000,32.250000,32.250000,32.250000,0.000000,32.250000
2025-12-19,32.360001,32.360001,32.360001,32.360001,0.000000,32.360001
2025-12-22,32.590000,32.590000,32.590000,32.590000,0.000000,32.590000
2025-12-23,32.560001,32.560001,32.560001,32.560001,0.000000,32.560001
2025-12-24,32.610001,32.610001,32.610001,32.610001,0.000000,32.610001
2025-12-26,,,,,,
2025-12-29,32.520000,32.520000,32.520000,32.520000,0.000000,32.520000
2025-12-30,32.480000,32.480000,32.480000,32.480000,0.000000,32.480000
2025-12-31,32.230000,32.230000,32.230000,32.230000,0.000000,32.230000
2026-01-02,32.509998,32.509998,32.509998,32.509998,0.000000,32.509998
2026-01-05,32.889999,32.889999,32.889999,32.889999,0.000000,32.889999
2026-01-06,33.150002,33.150002,33.150002,33.150002,0.000000,33.150002
2026-01-07,32.849998,32.849998,32.849998,32.849998,0.000000,32.849998
2026-01-08,33.220001,33.220001,33.220001,33.220001,0.000000,33.220001
2026-01-09,33.360001,33.360001,33.360001,33.360001,0.000000,33.360001
2026-01-12,33.369999,33.369999,33.369999,33.369999,0.000000,33.369999
2026-01-13,33.290001,33.290001,33.290001,33.290001,0.000000,33.290001
2026-01-14,33.470001,33.470001,33.470001,33.470001,0.000000,33.470001
2026-01-15,33.669998,33.669998,33.669998,33.669998,0.000000,33.669998
2026-01-16,33.549999,33.549999,33.549999,33.549999,0.000000,33.549999
2026-01-20,33.169998,33.169998,33.169998,33.169998,0.000000,33.169998
2026-01-21,33.810001,33.810001,33.810001,33.810001,0.000000,33.810001
2026-01-22,33.980000,33.980000,33.980000,33.980000,0.000000,33.980000
2026-01-23,33.830002,33.830002,33.830002,33.830002,0.000000,33.830002
2026-01-26,33.910000,33.910000,33.910000,33.910000,0.000000,33.910000
2026-01-27,33.980000,33.980000,33.980000,33.980000,0.000000,33.980000
2026-01-28,33.810001,33.810001,33.810001,33.810001,0.000000,33.810001
2026-01-29,33.980000,33.980000,33.980000,33.980000,0.000000,33.980000
2026-01-30,33.730000,33.730000,33.730000,33.730000,0.000000,33.730000
2026-02-02,33.970001,33.970001,33.970001,33.970001,0.000000,33.970001
2026-02-03,34.119999,34.119999,34.119999,34.119999,0.000000,34.119999
2026-02-04,34.650002,34.650002,34.650002,34.650002,0.000000,34.650002
2026-02-05,34.279999,34.279999,34.279999,34.279999,0.000000,34.279999
2026-02-06,35.020000,35.020000,35.020000,35.020000,0.000000,35.020000
2026-02-09,35.130001,35.130001,35.130001,35.130001,0.000000,35.130001
2026-02-10,35.230000,35.230000,35.230000,35.230000,0.000000,35.230000
2026-02-11,35.290001,35.290001,35.290001,35.290001,0.000000,35.290001
2026-02-12,34.830002,34.830002,34.830002,34.830002,0.000000,34.830002
2026-02-13,35.009998,35.009998,35.009998,35.009998,0.000000,35.009998
2026-02-17,34.919998,34.919998,34.919998,34.919998,0.000000,34.919998
2026-02-18,35.110001,35.110001,35.110001,35.110001,0.000000,35.110001
2026-02-19,35.040001,35.040001,35.040001,35.040001,0.000000,35.040001
2026-02-20,35.220001,35.220001,35.220001,35.220001,0.000000,35.220001
2026-02-23,34.709999,34.709999,34.709999,34.709999,0.000000,34.709999
2026-02-24,34.919998,34.919998,34.919998,34.919998,0.000000,34.919998
2026-02-25,34.950001,34.950001,34.950001,34.950001,0.000000,34.950001
2026-02-26,35.110001,35.110001,35.110001,35.110001,0.000000,35.110001
2026-02-27,34.959999,34.959999,34.959999,34.959999,0.000000,34.959999
2026-03-02,34.830002,34.830002,34.830002,34.830002,0.000000,34.830002
2026-03-03,34.189999,34.189999,34.189999,34.189999,0.000000,34.189999
2026-03-04,34.220001,34.220001,34.220001,34.220001,0.000000,34.220001
2026-03-05,33.810001,33.810001,33.810001,33.810001,0.000000,33.810001
2026-03-06,33.320000,33.320000,33.320000,33.320000,0.000000,33.320000
2026-03-09,33.320000,33.320000,33.320000,33.320000,0.000000,33.320000
2026-03-10,33.150002,33.150002,33.150002,33.150002,0.000000,33.150002
2026-03-11,33.090000,33.090000,33.090000,33.090000,0.000000,33.090000
2026-03-12,32.500000,32.500000,32.500000,32.500000,0.000000,32.500000
2026-03-13,32.320000,32.320000,32.320000,32.320000,0.000000,32.320000
2026-03-16,32.570000,32.570000,32.570000,32.570000,0.000000,32.570000
2026-03-17,32.790001,32.790001,32.790001,32.790001,0.000000,32.790001
2026-03-18,32.360001,32.360001,32.360001,32.360001,0.000000,32.360001
2026-03-19,32.290001,32.290001,32.290001,32.290001,0.000000,32.290001
2026-03-20,31.809999,31.809999,31.809999,31.809999,0.000000,31.809999
2026-03-23,32.360001,32.360001,32.360001,32.360001,0.000000,32.360001
2026-03-24,32.540001,32.540001,32.540001,32.540001,0.000000,32.540001
2026-03-25,32.880001,32.880001,32.880001,32.880001,0.000000,32.880001
2026-03-26,32.599998,32.599998,32.599998,32.599998,0.000000,32.599998
2026-03-27,32.240002,32.240002,32.240002,32.240002,0.000000,32.240002
2026-03-30,32.150002,32.150002,32.150002,32.150002,0.000000,32.150002
2026-03-31,32.900002,32.900002,32.900002,32.900002,0.000000,32.900002
2026-04-01,33.060001,33.060001,33.060001,33.060001,0.000000,33.060001
2026-04-02,33.009998,33.009998,33.009998,33.009998,0.000000,33.009998
2026-04-06,,,,,,
2026-04-07,33.189999,33.189999,33.189999,33.189999,0.000000,33.189999
2026-04-08,34.060001,34.060001,34.060001,34.060001,0.000000,34.060001
2026-04-09,34.130001,34.130001,34.130001,34.130001,0.000000,34.130001
2026-04-10,33.980000,33.980000,33.980000,33.980000,0.000000,33.980000
2026-04-13,34.290001,34.290001,34.290001,34.290001,0.000000,34.290001
2026-04-14,34.330002,34.330002,34.330002,34.330002,0.000000,34.330002
2026-04-15,34.230000,34.230000,34.230000,34.230000,0.000000,34.230000
2026-04-16,34.320000,34.320000,34.320000,34.320000,0.000000,34.320000
2026-04-17,34.779999,34.779999,34.779999,34.779999,0.000000,34.779999
2026-04-20,34.869999,34.869999,34.869999,34.869999,0.000000,34.869999
2026-04-21,34.639999,34.639999,34.639999,34.639999,0.000000,34.639999
2026-04-22,34.630001,34.630001,34.630001,34.630001,0.000000,34.630001
2026-04-23,34.549999,34.549999,34.549999,34.549999,0.000000,34.549999
2026-04-24,34.450001,34.450001,34.450001,34.450001,0.000000,34.450001
2026-04-27,34.490002,34.490002,34.490002,34.490002,0.000000,34.490002
2026-04-28,34.450001,34.450001,34.450001,34.450001,0.000000,34.450001
2026-04-29,34.220001,34.220001,34.220001,34.220001,0.000000,34.220001
2026-04-30,34.750000,34.750000,34.750000,34.750000,0.000000,34.750000
2026-05-01,,,,,,
2026-05-04,,,,,,
2026-05-05,34.630001,34.630001,34.630001,34.630001,0.000000,34.630001
2026-05-06,35.000000,35.000000,35.000000,35.000000,0.000000,35.000000
2026-05-07,34.680000,34.680000,34.680000,34.680000,0.000000,34.680000
2026-05-08,34.840000,34.840000,34.840000,34.840000,0.000000,34.840000
2026-05-11,34.650002,34.650002,34.650002,34.650002,0.000000,34.650002
2026-05-12,34.549999,34.549999,34.549999,34.549999,0.000000,34.549999
2026-05-13,34.439999,34.439999,34.439999,34.439999,0.000000,34.439999
2026-05-14,34.549999,34.549999,34.549999,34.549999,0.000000,34.549999
2026-05-15,34.130001,34.130001,34.130001,34.130001,0.000000,34.130001
2026-05-18,34.389999,34.389999,34.389999,34.389999,0.000000,34.389999
2026-05-19,34.060001,34.060001,34.060001,34.060001,0.000000,34.060001
2026-05-20,34.560001,34.560001,34.560001,34.560001,0.000000,34.560001
2026-05-21,34.669998,34.669998,34.669998,34.669998,0.000000,34.669998
2026-05-22,34.810001,34.810001,34.810001,34.810001,0.000000,34.810001
2026-05-26,35.119999,35.119999,35.119999,35.119999,0.000000,35.119999
2026-05-27,35.049999,35.049999,35.049999,35.049999,0.000000,35.049999
2026-05-28,35.139999,35.139999,35.139999,35.139999,0.000000,35.139999
2026-05-29,35.139999,35.139999,35.139999,35.139999,0.000000,35.139999
2026-06-01,35.090000,35.090000,35.090000,35.090000,0.000000,35.090000
2026-06-02,35.290001,35.290001,35.290001,35.290001,0.000000,35.290001
2026-06-03,35.029999,35.029999,35.029999,35.029999,0.000000,35.029999
2026-06-04,35.330002,35.330002,35.330002,35.330002,0.000000,35.330002
2026-06-05,34.910000,34.910000,34.910000,34.910000,0.000000,34.910000
2026-06-08,34.930000,34.930000,34.930000,34.930000,0.000000,34.930000
2026-06-09,35.200001,35.200001,35.200001,35.200001,0.000000,35.200001
2026-06-10,34.849998,34.849998,34.849998,34.849998,0.000000,34.849998
2026-06-11,35.490002,35.490002,35.490002,35.490002,0.000000,35.490002
2026-06-12,35.799999,35.799999,35.799999,35.799999,0.000000,35.799999
2026-06-15,35.740002,35.740002,35.740002,35.740002,0.000000,35.740002
2026-06-16,35.720001,35.720001,35.720001,35.720001,0.000000,35.720001
2026-06-17,35.209999,35.209999,35.209999,35.209999,0.000000,35.209999
2026-06-18,35.290001,35.290001,35.290001,35.290001,0.000000,35.290001
2026-06-22,35.340000,35.340000,35.340000,35.340000,0.000000,35.340000
2026-06-23,35.189999,35.189999,35.189999,35.189999,0.000000,35.189999
2026-06-24,35.389999,35.389999,35.389999,35.389999,0.000000,35.389999
2026-06-25,35.639999,35.639999,35.639999,35.639999,0.000000,35.639999
2026-06-26,35.820000,35.820000,35.820000,35.820000,0.000000,35.820000
2026-06-29,35.770000,35.770000,35.770000,35.770000,0.000000,35.770000
2026-06-30,35.709999,35.709999,35.709999,35.709999,0.000000,35.709999
2026-07-01,35.689999,35.689999,35.689999,35.689999,0.000000,35.689999
2026-07-02,36.000000,36.000000,36.000000,36.000000,0.000000,36.000000
2026-07-06,36.139999,36.139999,36.139999,36.139999,0.000000,36.139999
2026-07-07,35.970001,35.970001,35.970001,35.970001,0.000000,35.970001
2026-07-08,35.570000,35.570000,35.570000,35.570000,0.000000,35.570000
2026-07-09,35.759998,35.759998,35.759998,35.759998,0.000000,35.759998
2026-07-10,35.910000,35.910000,35.910000,35.910000,0.000000,35.910000
2026-07-13,35.910000,35.910000,35.910000,35.910000,0.000000,35.910000
2026-07-14,35.910000,35.910000,35.910000,35.910000,0.000000,35.910000
2026-07-15,36.130001,36.130001,36.130001,36.130001,0.000000,36.130001
2026-07-16,36.480000,36.480000,36.480000,36.480000,0.000000,36.480000
2026-07-17,0.000000,0.000000,0.000000,36.270000,0.000000,36.270000
2026-07-20,36.000000,36.000000,36.000000,36.000000,0.000000,36.000000
2026-07-21,36.189999,36.189999,36.189999,36.189999,0.000000,36.189999
2026-07-22,36.299999,36.299999,36.299999,36.299999,0.000000,36.299999
2026-07-23,36.000000,36.000000,36.000000,36.000000,0.000000,36.000000
2026-07-24,36.310001,36.310001,36.310001,36.310001,0.000000,36.310001
2026-07-27,36.540001,36.540001,36.540001,36.540001,0.000000,36.540001
2026-07-28,36.959999,36.959999,36.959999,36.959999,0.000000,36.959999
2026-07-29,36.770000,36.770000,36.770000,36.770000,0.000000,36.770000
2026-07-30,36.939999,36.939999,36.939999,36.939999,0.000000,36.939999
2026-07-31,36.750000,36.750000,36.750000,36.750000,0.000000,36.750000
2026-08-03,37.160000,37.160000,37.160000,37.160000,0.000000,37.160000
2026-08-04,37.599998,37.599998,37.599998,37.599998,0.000000,37.599998
2026-08-05,37.520000,37.520000,37.520000,37.520000,0.000000,37.520000
2026-08-06,37.459999,37.459999,37.459999,37.459999,0.000000,37.459999
2026-08-07,37.720001,37.720001,37.720001,37.720001,0.000000,37.720001
2026-08-10,37.639999,37.639999,37.639999,37.639999,0.000000,37.639999
2026-08-11,37.700001,37.700001,37.700001,37.700001,0.000000,37.700001
2026-08-12,37.720001,37.720001,37.720001,37.720001,0.000000,37.720001
2026-08-13,37.880001,37.880001,37.880001,37.880001,0.000000,37.880001
2026-08-14,38.040001,38.040001,38.040001,38.040001,0.000000,38.040001
2026-08-17,,,,,,
