Date,Open,High,Low,Close,Volume,Adj Close
2018-02-26,288000.000000,288600.000000,288000.000000,288600.000000,1.000000,288600.000000
2018-02-27,288000.000000,288600.000000,288000.000000,288600.000000,1.000000,288600.000000
2018-02-28,288600.000000,288600.000000,287400.000000,287400.000000,0.000000,287400.000000
2018-03-01,287400.000000,287400.000000,287400.000000,287400.000000,0.000000,287400.000000
2018-03-02,287400.000000,287400.000000,287400.000000,287400.000000,0.000000,287400.000000
2018-03-05,287400.000000,287400.000000,287400.000000,287400.000000,0.000000,287400.000000
2018-03-06,287400.000000,287400.000000,287400.000000,287400.000000,0.000000,287400.000000
2018-03-07,287400.000000,287400.000000,287400.000000,287400.000000,0.000000,287400.000000
2018-03-08,287400.000000,287400.000000,287400.000000,287400.000000,0.000000,287400.000000
2018-03-09,287400.000000,287400.000000,287400.000000,287400.000000,0.000000,287400.000000
2018-03-12,287400.000000,287400.000000,287400.000000,287400.000000,0.000000,287400.000000
2018-03-13,287400.000000,287400.000000,287400.000000,287400.000000,0.000000,287400.000000
2018-03-14,287400.000000,287400.000000,287400.000000,287400.000000,0.000000,287400.000000
2018-03-15,287400.000000,287400.000000,287400.000000,287400.000000,0.000000,287400.000000
2018-03-16,287400.000000,287400.000000,287400.000000,287400.000000,0.000000,287400.000000
2018-03-19,287400.000000,287400.000000,287400.000000,287400.000000,0.000000,287400.000000
2018-03-20,287400.000000,287400.000000,287400.000000,287400.000000,0.000000,287400.000000
2018-03-21,288600.000000,288600.000000,288600.000000,288600.000000,1.000000,288600.000000
2018-03-22,288000.000000,288000.000000,288000.000000,288000.000000,7.000000,288000.000000
2018-03-23,288000.000000,288000.000000,288000.000000,288000.000000,0.000000,288000.000000
2018-03-26,288000.000000,288960.000000,287700.000000,288000.000000,2.000000,288000.000000
2018-03-27,288000.000000,290520.000000,287700.000000,288000.000000,2.000000,288000.000000
2018-03-28,288000.000000,288000.000000,287400.000000,287400.000000,0.000000,287400.000000
2018-03-29,287400.000000,287400.000000,287400.000000,287400.000000,0.000000,287400.000000
2018-04-02,288000.000000,288000.000000,288000.000000,288000.000000,2.000000,288000.000000
2018-04-03,288000.000000,288000.000000,288000.000000,288000.000000,0.000000,288000.000000
2018-04-04,288000.000000,288000.000000,288000.000000,288000.000000,0.000000,288000.000000
2018-04-05,287700.000000,287700.000000,287400.000000,287400.000000,1.000000,287400.000000
2018-04-06,287400.000000,287400.000000,287400.000000,287400.000000,0.000000,287400.000000
2018-04-09,287400.000000,287400.000000,287400.000000,287400.000000,0.000000,287400.000000
2018-04-10,286800.000000,287400.000000,275190.000000,287400.000000,1.000000,287400.000000
2018-04-11,287400.000000,287400.000000,287400.000000,287400.000000,0.000000,287400.000000
2018-04-12,287400.000000,287400.000000,287400.000000,287400.000000,0.000000,287400.000000
2018-04-13,285000.000000,285000.000000,285000.000000,285000.000000,0.000000,285000.000000
2018-04-16,298200.000000,298500.000000,288450.000000,292500.000000,0.000000,292500.000000
2018-04-17,292500.000000,292500.000000,291000.000000,291000.000000,0.000000,291000.000000
2018-04-18,291000.000000,291000.000000,291000.000000,291000.000000,0.000000,291000.000000
2018-04-19,291000.000000,291000.000000,291000.000000,291000.000000,0.000000,291000.000000
2018-04-20,291000.000000,291000.000000,291000.000000,291000.000000,0.000000,291000.000000
2018-04-23,291000.000000,291000.000000,291000.000000,291000.000000,0.000000,291000.000000
2018-04-24,288000.000000,298500.000000,288000.000000,298500.000000,0.000000,298500.000000
2018-04-25,298500.000000,298500.000000,298500.000000,298500.000000,0.000000,298500.000000
2018-04-26,298500.000000,298500.000000,291000.000000,291000.000000,0.000000,291000.000000
2018-04-27,291000.000000,291000.000000,291000.000000,291000.000000,0.000000,291000.000000
2018-04-30,291000.000000,291000.000000,291000.000000,291000.000000,0.000000,291000.000000
2018-05-01,291000.000000,291000.000000,291000.000000,291000.000000,0.000000,291000.000000
2018-05-02,291000.000000,291000.000000,291000.000000,291000.000000,0.000000,291000.000000
2018-05-03,291000.000000,291000.000000,291000.000000,291000.000000,0.000000,291000.000000
2018-05-04,291000.000000,291000.000000,291000.000000,291000.000000,0.000000,291000.000000
2018-05-07,291000.000000,291000.000000,291000.000000,291000.000000,0.000000,291000.000000
2018-05-08,291000.000000,291000.000000,291000.000000,291000.000000,0.000000,291000.000000
2018-05-09,291000.000000,291000.000000,291000.000000,291000.000000,2.000000,291000.000000
2018-05-10,291000.000000,291000.000000,291000.000000,291000.000000,0.000000,291000.000000
2018-05-11,291000.000000,293580.000000,288300.000000,288300.000000,4.000000,288300.000000
2018-05-14,288600.000000,288600.000000,288300.000000,288300.000000,0.000000,288300.000000
2018-05-15,289500.000000,291000.000000,288600.000000,291000.000000,12.000000,291000.000000
2018-05-16,291000.000000,291000.000000,288600.000000,289800.000000,3.000000,289800.000000
2018-05-17,289800.000000,289800.000000,289800.000000,289800.000000,0.000000,289800.000000
2018-05-18,289500.000000,298200.000000,289500.000000,291000.000000,1.000000,291000.000000
2018-05-21,291000.000000,291000.000000,291000.000000,291000.000000,0.000000,291000.000000
2018-05-22,291000.000000,291000.000000,291000.000000,291000.000000,0.000000,291000.000000
2018-05-23,291000.000000,291000.000000,291000.000000,291000.000000,0.000000,291000.000000
2018-05-24,291000.000000,291000.000000,291000.000000,291000.000000,0.000000,291000.000000
2018-05-25,291000.000000,291000.000000,291000.000000,291000.000000,0.000000,291000.000000
2018-05-29,297900.000000,298500.000000,297900.000000,298500.000000,0.000000,298500.000000
2018-05-30,298200.000000,298200.000000,289500.000000,292500.000000,1.000000,292500.000000
2018-05-31,291000.000000,292200.000000,291000.000000,292200.000000,0.000000,292200.000000
2018-06-01,292200.000000,292200.000000,292200.000000,292200.000000,0.000000,292200.000000
2018-06-04,292200.000000,292200.000000,292200.000000,292200.000000,0.000000,292200.000000
2018-06-05,297390.000000,297390.000000,292500.000000,293400.000000,0.000000,293400.000000
2018-06-06,289500.000000,292500.000000,289500.000000,292500.000000,2.000000,292500.000000
2018-06-07,292500.000000,292500.000000,292500.000000,292500.000000,0.000000,292500.000000
2018-06-08,292500.000000,292500.000000,292500.000000,292500.000000,0.000000,292500.000000
2018-06-11,292500.000000,292500.000000,292500.000000,292500.000000,0.000000,292500.000000
2018-06-12,292500.000000,292500.000000,292500.000000,292500.000000,0.000000,292500.000000
2018-06-13,293550.000000,294000.000000,291300.000000,291300.000000,0.000000,291300.000000
2018-06-14,291300.000000,291300.000000,291300.000000,291300.000000,0.000000,291300.000000
2018-06-15,291300.000000,291300.000000,291300.000000,291300.000000,0.000000,291300.000000
2018-06-18,291300.000000,291300.000000,291300.000000,291300.000000,0.000000,291300.000000
2018-06-19,292200.000000,292200.000000,292200.000000,292200.000000,0.000000,292200.000000
2018-06-20,293730.000000,293730.000000,292500.000000,292800.000000,0.000000,292800.000000
2018-06-21,292800.000000,292800.000000,292800.000000,292800.000000,0.000000,292800.000000
2018-06-22,292800.000000,292800.000000,292800.000000,292800.000000,0.000000,292800.000000
2018-06-25,292500.000000,292500.000000,292500.000000,292500.000000,0.000000,292500.000000
2018-06-26,292500.000000,292500.000000,292500.000000,292500.000000,0.000000,292500.000000
2018-06-27,291000.000000,291900.000000,291000.000000,291900.000000,0.000000,291900.000000
2018-06-28,291900.000000,291900.000000,291900.000000,291900.000000,0.000000,291900.000000
2018-06-29,292800.000000,292800.000000,292800.000000,292800.000000,0.000000,292800.000000
2018-07-02,292800.000000,292800.000000,292800.000000,292800.000000,0.000000,292800.000000
2018-07-03,292500.000000,354000.000000,292500.000000,292500.000000,0.000000,292500.000000
2018-07-05,293100.000000,293100.000000,292500.000000,292500.000000,0.000000,292500.000000
2018-07-06,292500.000000,292500.000000,292500.000000,292500.000000,0.000000,292500.000000
2018-07-09,292500.000000,292500.000000,292500.000000,292500.000000,0.000000,292500.000000
2018-07-10,292500.000000,292500.000000,292500.000000,292500.000000,0.000000,292500.000000
2018-07-11,292500.000000,292500.000000,292500.000000,292500.000000,0.000000,292500.000000
2018-07-12,292500.000000,292500.000000,292500.000000,292500.000000,0.000000,292500.000000
2018-07-13,297000.000000,297000.000000,297000.000000,297000.000000,0.000000,297000.000000
2018-07-16,297000.000000,297000.000000,297000.000000,297000.000000,0.000000,297000.000000
2018-07-17,297000.000000,297000.000000,297000.000000,297000.000000,0.000000,297000.000000
2018-07-18,297000.000000,297000.000000,297000.000000,297000.000000,0.000000,297000.000000
2018-07-19,297000.000000,297000.000000,297000.000000,297000.000000,0.000000,297000.000000
2018-07-20,297000.000000,297000.000000,297000.000000,297000.000000,0.000000,297000.000000
2018-07-23,297000.000000,297000.000000,297000.000000,297000.000000,0.000000,297000.000000
2018-07-24,295710.000000,296250.000000,295710.000000,296250.000000,0.000000,296250.000000
2018-07-25,295200.000000,300000.000000,295200.000000,300000.000000,0.000000,300000.000000
2018-07-26,300000.000000,300000.000000,300000.000000,300000.000000,0.000000,300000.000000
2018-07-27,294000.000000,294000.000000,294000.000000,294000.000000,0.000000,294000.000000
2018-07-30,306000.000000,306000.000000,306000.000000,306000.000000,0.000000,306000.000000
2018-07-31,306000.000000,306000.000000,306000.000000,306000.000000,0.000000,306000.000000
2018-08-01,306000.000000,306000.000000,306000.000000,306000.000000,0.000000,306000.000000
2018-08-02,306000.000000,306000.000000,306000.000000,306000.000000,0.000000,306000.000000
2018-08-03,306000.000000,306000.000000,306000.000000,306000.000000,0.000000,306000.000000
2018-08-06,306000.000000,306000.000000,306000.000000,306000.000000,0.000000,306000.000000
2018-08-07,306000.000000,306000.000000,306000.000000,306000.000000,0.000000,306000.000000
2018-08-08,306000.000000,306000.000000,306000.000000,306000.000000,0.000000,306000.000000
2018-08-09,306000.000000,306000.000000,306000.000000,306000.000000,0.000000,306000.000000
2018-08-10,295500.000000,295500.000000,295500.000000,295500.000000,0.000000,295500.000000
2018-08-13,295800.000000,295800.000000,292500.000000,295500.000000,1.000000,295500.000000
2018-08-14,300900.000000,300900.000000,300900.000000,300900.000000,0.000000,300900.000000
2018-08-15,295800.000000,297870.000000,295800.000000,297870.000000,0.000000,297870.000000
2018-08-16,297870.000000,297870.000000,297870.000000,297870.000000,0.000000,297870.000000
2018-08-17,306000.000000,306000.000000,306000.000000,306000.000000,0.000000,306000.000000
2018-08-20,306000.000000,306000.000000,306000.000000,306000.000000,0.000000,306000.000000
2018-08-21,306000.000000,306000.000000,306000.000000,306000.000000,0.000000,306000.000000
2018-08-22,306000.000000,306000.000000,306000.000000,306000.000000,0.000000,306000.000000
2018-08-23,305700.000000,305700.000000,298800.000000,303000.000000,0.000000,303000.000000
2018-08-24,303000.000000,303000.000000,301500.000000,302700.000000,0.000000,302700.000000
2018-08-27,302700.000000,302700.000000,302700.000000,302700.000000,0.000000,302700.000000
2018-08-28,302700.000000,302700.000000,302700.000000,302700.000000,0.000000,302700.000000
2018-08-29,302700.000000,302700.000000,302700.000000,302700.000000,0.000000,302700.000000
2018-08-30,301500.000000,301500.000000,298980.000000,298980.000000,0.000000,298980.000000
2018-08-31,298980.000000,298980.000000,298980.000000,298980.000000,0.000000,298980.000000
2018-09-04,298980.000000,298980.000000,298980.000000,298980.000000,0.000000,298980.000000
2018-09-05,295500.000000,301200.000000,295500.000000,301200.000000,1.000000,301200.000000
2018-09-06,301200.000000,303330.000000,301200.000000,303000.000000,2.000000,303000.000000
2018-09-07,303000.000000,303000.000000,303000.000000,303000.000000,0.000000,303000.000000
2018-09-10,306000.000000,306000.000000,303900.000000,303900.000000,0.000000,303900.000000
2018-09-11,303000.000000,303000.000000,303000.000000,303000.000000,7.000000,303000.000000
2018-09-12,303000.000000,303000.000000,301500.000000,303000.000000,15.000000,303000.000000
2018-09-13,303000.000000,303000.000000,303000.000000,303000.000000,0.000000,303000.000000
2018-09-14,303000.000000,303000.000000,303000.000000,303000.000000,0.000000,303000.000000
2018-09-17,303000.000000,303000.000000,303000.000000,303000.000000,2.000000,303000.000000
2018-09-18,304500.000000,304500.000000,304500.000000,304500.000000,0.000000,304500.000000
2018-09-19,304170.000000,304500.000000,303000.000000,304500.000000,1.000000,304500.000000
2018-09-20,304500.000000,306000.000000,304500.000000,306000.000000,4.000000,306000.000000
2018-09-21,306000.000000,306000.000000,306000.000000,306000.000000,0.000000,306000.000000
2018-09-24,315000.000000,315000.000000,306600.000000,307500.000000,5.000000,307500.000000
2018-09-25,307500.000000,307500.000000,307500.000000,307500.000000,0.000000,307500.000000
2018-09-26,306000.000000,306000.000000,306000.000000,306000.000000,0.000000,306000.000000
2018-09-27,306000.000000,306000.000000,306000.000000,306000.000000,3.000000,306000.000000
2018-09-28,306000.000000,306090.000000,305700.000000,306000.000000,8.000000,306000.000000
2018-10-01,306000.000000,306000.000000,305250.000000,306000.000000,4.000000,306000.000000
2018-10-02,307800.000000,307800.000000,304800.000000,307800.000000,0.000000,307800.000000
2018-10-03,306000.000000,307500.000000,306000.000000,307500.000000,0.000000,307500.000000
2018-10-04,309570.000000,309570.000000,307800.000000,307800.000000,0.000000,307800.000000
2018-10-05,307800.000000,307800.000000,307650.000000,307650.000000,0.000000,307650.000000
2018-10-08,309300.000000,310800.000000,309300.000000,310500.000000,2.000000,310500.000000
2018-10-09,310200.000000,324120.000000,310200.000000,317100.000000,1.000000,317100.000000
2018-10-10,316470.000000,316470.000000,312630.000000,315000.000000,1.000000,315000.000000
2018-10-11,325500.000000,325500.000000,309000.000000,310200.000000,11.000000,310200.000000
2018-10-12,312600.000000,313500.000000,309600.000000,310410.000000,3.000000,310410.000000
2018-10-15,316200.000000,316200.000000,306630.000000,309300.000000,8.000000,309300.000000
2018-10-16,312300.000000,313530.000000,303930.000000,306900.000000,3.000000,306900.000000
2018-10-17,310500.000000,313590.000000,305400.000000,307500.000000,24.000000,307500.000000
2018-10-18,306900.000000,312600.000000,304200.000000,307500.000000,2.000000,307500.000000
2018-10-19,303300.000000,306300.000000,303300.000000,304800.000000,0.000000,304800.000000
2018-10-22,304800.000000,305100.000000,304500.000000,305100.000000,1.000000,305100.000000
2018-10-23,304500.000000,306000.000000,303300.000000,303900.000000,1.000000,303900.000000
2018-10-24,304800.000000,308400.000000,304800.000000,304800.000000,2.000000,304800.000000
2018-10-25,309000.000000,310800.000000,304800.000000,304800.000000,1.000000,304800.000000
2018-10-26,306000.000000,306000.000000,305370.000000,305580.000000,1.000000,305580.000000
2018-10-29,306300.000000,306300.000000,303600.000000,303900.000000,1.000000,303900.000000
2018-10-30,304500.000000,304500.000000,304500.000000,304500.000000,0.000000,304500.000000
2018-10-31,304020.000000,304050.000000,303570.000000,303630.000000,1.000000,303630.000000
2018-11-01,303300.000000,303510.000000,303300.000000,303510.000000,0.000000,303510.000000
2018-11-02,304260.000000,304500.000000,303300.000000,303300.000000,0.000000,303300.000000
2018-11-05,304800.000000,304800.000000,301500.000000,303600.000000,0.000000,303600.000000
2018-11-06,300300.000000,303000.000000,300000.000000,303000.000000,9.000000,303000.000000
2018-11-07,303300.000000,304320.000000,300900.000000,303000.000000,1.000000,303000.000000
2018-11-08,303000.000000,303000.000000,301950.000000,301950.000000,0.000000,301950.000000
2018-11-09,304200.000000,304200.000000,304200.000000,304200.000000,0.000000,304200.000000
2018-11-12,302700.000000,302700.000000,302700.000000,302700.000000,0.000000,302700.000000
2018-11-13,303000.000000,303000.000000,298200.000000,298200.000000,0.000000,298200.000000
2018-11-14,300000.000000,302100.000000,300000.000000,300600.000000,1.000000,300600.000000
2018-11-15,300960.000000,300960.000000,300960.000000,300960.000000,1.000000,300960.000000
2018-11-16,302100.000000,302100.000000,301200.000000,301200.000000,0.000000,301200.000000
2018-11-19,302700.000000,302700.000000,298800.000000,299190.000000,0.000000,299190.000000
2018-11-20,301500.000000,301500.000000,298800.000000,298800.000000,1.000000,298800.000000
2018-11-21,300090.000000,300090.000000,300000.000000,300000.000000,0.000000,300000.000000
2018-11-23,300000.000000,300000.000000,300000.000000,300000.000000,0.000000,300000.000000
2018-11-26,303600.000000,303600.000000,299880.000000,299880.000000,0.000000,299880.000000
2018-11-27,299700.000000,300000.000000,299700.000000,300000.000000,0.000000,300000.000000
2018-11-28,300000.000000,301200.000000,300000.000000,301200.000000,0.000000,301200.000000
2018-11-29,303000.000000,303300.000000,303000.000000,303300.000000,0.000000,303300.000000
2018-11-30,301500.000000,303000.000000,300000.000000,303000.000000,2.000000,303000.000000
2018-12-03,299100.000000,303000.000000,298500.000000,303000.000000,1.000000,303000.000000
2018-12-04,300900.000000,302400.000000,300900.000000,301500.000000,0.000000,301500.000000
2018-12-06,301500.000000,302400.000000,298800.000000,302400.000000,0.000000,302400.000000
2018-12-07,300000.000000,302400.000000,282450.000000,301200.000000,0.000000,301200.000000
2018-12-10,301500.000000,301800.000000,301500.000000,301800.000000,0.000000,301800.000000
2018-12-11,302400.000000,302400.000000,300450.000000,300600.000000,2.000000,300600.000000
2018-12-12,301560.000000,303000.000000,301560.000000,303000.000000,0.000000,303000.000000
2018-12-13,302100.000000,303600.000000,300000.000000,303000.000000,2.000000,303000.000000
2018-12-14,303900.000000,303900.000000,302100.000000,302190.000000,1.000000,302190.000000
2018-12-17,302190.000000,303000.000000,300000.000000,301500.000000,1.000000,301500.000000
2018-12-18,303000.000000,303000.000000,301500.000000,301500.000000,0.000000,301500.000000
2018-12-19,301500.000000,303000.000000,300300.000000,302280.000000,1.000000,302280.000000
2018-12-20,303000.000000,303000.000000,300720.000000,302400.000000,2.000000,302400.000000
2018-12-21,302100.000000,302700.000000,301200.000000,302400.000000,1.000000,302400.000000
2018-12-24,303300.000000,303600.000000,302100.000000,303600.000000,0.000000,303600.000000
2018-12-26,303300.000000,303900.000000,302400.000000,303900.000000,0.000000,303900.000000
2018-12-27,303300.000000,303900.000000,301800.000000,303900.000000,0.000000,303900.000000
2018-12-28,300600.000000,304200.000000,300300.000000,302670.000000,0.000000,302670.000000
2018-12-31,286500.000000,303000.000000,286500.000000,302700.000000,0.000000,302700.000000
2019-01-02,302550.000000,303000.000000,302550.000000,303000.000000,0.000000,303000.000000
2019-01-03,301050.000000,303900.000000,301050.000000,303000.000000,0.000000,303000.000000
2019-01-04,303000.000000,303000.000000,302460.000000,303000.000000,1.000000,303000.000000
2019-01-07,304200.000000,304200.000000,301920.000000,303000.000000,0.000000,303000.000000
2019-01-08,302400.000000,304200.000000,302400.000000,303900.000000,16.000000,303900.000000
2019-01-09,300300.000000,303900.000000,300300.000000,303900.000000,0.000000,303900.000000
2019-01-10,301800.000000,303900.000000,301800.000000,302700.000000,0.000000,302700.000000
2019-01-11,302700.000000,303930.000000,302700.000000,303330.000000,0.000000,303330.000000
2019-01-14,309000.000000,309000.000000,300300.000000,302400.000000,0.000000,302400.000000
2019-01-15,309000.000000,309000.000000,300300.000000,302100.000000,0.000000,302100.000000
2019-01-16,300600.000000,302100.000000,300300.000000,301500.000000,1.000000,301500.000000
2019-01-17,301200.000000,301200.000000,301200.000000,301200.000000,0.000000,301200.000000
2019-01-18,301770.000000,301800.000000,301710.000000,301710.000000,0.000000,301710.000000
2019-01-22,304800.000000,304800.000000,301800.000000,301800.000000,1.000000,301800.000000
2019-01-23,309000.000000,309000.000000,302820.000000,304500.000000,13.000000,304500.000000
2019-01-24,305700.000000,305700.000000,302100.000000,304500.000000,3.000000,304500.000000
2019-01-25,305100.000000,305100.000000,303300.000000,304800.000000,3.000000,304800.000000
2019-01-28,305400.000000,305400.000000,304200.000000,304200.000000,2.000000,304200.000000
2019-01-29,305100.000000,305100.000000,303630.000000,304200.000000,1.000000,304200.000000
2019-01-30,305400.000000,305400.000000,302850.000000,302850.000000,1.000000,302850.000000
2019-01-31,303300.000000,304500.000000,303000.000000,304200.000000,1.000000,304200.000000
2019-02-01,304500.000000,305100.000000,303000.000000,304200.000000,1.000000,304200.000000
2019-02-04,305400.000000,305400.000000,303780.000000,304200.000000,1.000000,304200.000000
2019-02-05,304500.000000,305100.000000,304200.000000,304350.000000,0.000000,304350.000000
2019-02-06,304500.000000,304500.000000,303600.000000,303750.000000,0.000000,303750.000000
2019-02-07,304800.000000,304800.000000,303000.000000,303300.000000,0.000000,303300.000000
2019-02-08,305100.000000,305100.000000,303600.000000,304200.000000,2.000000,304200.000000
2019-02-11,305100.000000,305100.000000,304200.000000,304500.000000,1.000000,304500.000000
2019-02-12,304500.000000,304500.000000,303900.000000,304200.000000,1.000000,304200.000000
2019-02-13,304800.000000,304800.000000,302700.000000,303000.000000,1.000000,303000.000000
2019-02-14,304200.000000,304200.000000,303000.000000,303330.000000,1.000000,303330.000000
2019-02-15,304500.000000,304800.000000,304020.000000,304500.000000,1.000000,304500.000000
2019-02-19,304800.000000,304800.000000,303600.000000,304170.000000,1.000000,304170.000000
2019-02-20,305400.000000,305400.000000,303900.000000,303990.000000,2.000000,303990.000000
2019-02-21,304800.000000,304800.000000,303000.000000,304170.000000,1.000000,304170.000000
2019-02-22,304500.000000,304800.000000,303600.000000,304200.000000,0.000000,304200.000000
2019-02-25,304200.000000,305100.000000,303900.000000,304350.000000,0.000000,304350.000000
2019-02-26,304500.000000,304500.000000,303600.000000,303750.000000,0.000000,303750.000000
2019-02-27,304200.000000,304200.000000,302400.000000,302760.000000,0.000000,302760.000000
2019-02-28,303300.000000,303600.000000,301890.000000,303000.000000,0.000000,303000.000000
2019-03-01,303900.000000,303900.000000,301800.000000,303060.000000,0.000000,303060.000000
2019-03-04,304200.000000,304200.000000,302850.000000,303000.000000,0.000000,303000.000000
2019-03-05,304200.000000,304200.000000,302700.000000,303150.000000,0.000000,303150.000000
2019-03-06,303900.000000,303900.000000,303000.000000,303300.000000,0.000000,303300.000000
2019-03-07,303450.000000,305100.000000,302400.000000,304200.000000,5.000000,304200.000000
2019-03-08,304500.000000,304500.000000,302400.000000,304170.000000,2.000000,304170.000000
2019-03-11,304200.000000,304500.000000,303600.000000,303900.000000,1.000000,303900.000000
2019-03-12,304500.000000,304500.000000,303570.000000,304500.000000,0.000000,304500.000000
2019-03-13,304500.000000,304500.000000,303900.000000,304200.000000,0.000000,304200.000000
2019-03-14,304200.000000,304500.000000,303300.000000,303900.000000,0.000000,303900.000000
2019-03-15,303600.000000,304500.000000,303000.000000,304500.000000,0.000000,304500.000000
2019-03-18,304500.000000,304500.000000,303600.000000,304500.000000,1.000000,304500.000000
2019-03-19,303900.000000,304500.000000,303000.000000,304500.000000,0.000000,304500.000000
2019-03-20,304500.000000,304500.000000,300900.000000,302400.000000,1.000000,302400.000000
2019-03-21,303000.000000,304500.000000,303000.000000,304500.000000,1.000000,304500.000000
2019-03-22,304500.000000,304500.000000,302400.000000,304350.000000,4.000000,304350.000000
2019-03-25,304500.000000,304500.000000,303000.000000,303300.000000,0.000000,303300.000000
2019-03-26,303000.000000,304500.000000,300300.000000,304500.000000,5.000000,304500.000000
2019-03-27,305400.000000,306000.000000,301500.000000,304500.000000,6.000000,304500.000000
2019-03-28,303900.000000,304650.000000,303000.000000,304500.000000,1.000000,304500.000000
2019-03-29,303900.000000,303900.000000,300600.000000,302910.000000,2.000000,302910.000000
2019-04-01,304200.000000,304200.000000,301500.000000,302010.000000,2.000000,302010.000000
2019-04-02,301500.000000,303300.000000,300600.000000,302340.000000,1.000000,302340.000000
2019-04-03,302400.000000,303600.000000,302250.000000,303000.000000,1.000000,303000.000000
2019-04-04,304200.000000,304200.000000,301500.000000,303000.000000,1.000000,303000.000000
2019-04-05,303000.000000,304500.000000,303000.000000,304050.000000,0.000000,304050.000000
2019-04-08,303600.000000,304500.000000,303000.000000,303930.000000,0.000000,303930.000000
2019-04-09,303000.000000,303900.000000,301260.000000,303000.000000,0.000000,303000.000000
2019-04-10,303000.000000,303600.000000,303000.000000,303300.000000,3.000000,303300.000000
2019-04-11,303900.000000,303900.000000,303300.000000,303600.000000,1.000000,303600.000000
2019-04-12,303300.000000,303900.000000,303300.000000,303330.000000,0.000000,303330.000000
2019-04-15,303600.000000,303600.000000,300930.000000,303360.000000,1.000000,303360.000000
2019-04-16,303900.000000,303900.000000,303000.000000,303600.000000,0.000000,303600.000000
2019-04-17,303000.000000,303600.000000,303000.000000,303600.000000,1.000000,303600.000000
2019-04-18,303450.000000,304500.000000,303300.000000,303600.000000,1.000000,303600.000000
2019-04-22,304500.000000,304800.000000,304200.000000,304740.000000,5.000000,304740.000000
2019-04-23,306000.000000,306600.000000,304200.000000,305220.000000,12.000000,305220.000000
2019-04-24,306300.000000,306600.000000,305370.000000,305400.000000,1.000000,305400.000000
2019-04-25,304500.000000,306300.000000,304500.000000,305400.000000,0.000000,305400.000000
2019-04-26,305250.000000,306300.000000,304770.000000,306300.000000,0.000000,306300.000000
2019-04-29,304800.000000,306000.000000,304800.000000,304800.000000,1.000000,304800.000000
2019-04-30,304500.000000,305880.000000,304500.000000,304950.000000,1.000000,304950.000000
2019-05-01,305760.000000,306000.000000,304800.000000,304800.000000,1.000000,304800.000000
2019-05-02,305160.000000,305700.000000,304800.000000,305370.000000,0.000000,305370.000000
2019-05-03,306000.000000,306270.000000,305400.000000,305610.000000,1.000000,305610.000000
2019-05-06,305700.000000,306000.000000,304800.000000,305100.000000,1.000000,305100.000000
2019-05-07,306000.000000,306000.000000,305100.000000,305700.000000,1.000000,305700.000000
2019-05-08,306000.000000,306000.000000,305400.000000,305700.000000,1.000000,305700.000000
2019-05-09,305700.000000,306000.000000,304800.000000,305100.000000,1.000000,305100.000000
2019-05-10,305100.000000,305700.000000,305100.000000,305550.000000,0.000000,305550.000000
2019-05-13,305700.000000,306000.000000,305400.000000,305580.000000,1.000000,305580.000000
2019-05-14,305700.000000,306000.000000,305700.000000,305910.000000,1.000000,305910.000000
2019-05-15,305700.000000,306300.000000,305700.000000,305700.000000,6.000000,305700.000000
2019-05-16,305400.000000,306600.000000,305400.000000,306600.000000,1.000000,306600.000000
2019-05-17,308700.000000,308700.000000,306300.000000,306600.000000,0.000000,306600.000000
2019-05-20,307800.000000,307800.000000,306540.000000,306900.000000,0.000000,306900.000000
2019-05-21,306300.000000,306900.000000,305100.000000,306360.000000,0.000000,306360.000000
2019-05-22,306300.000000,306510.000000,305100.000000,305100.000000,1.000000,305100.000000
2019-05-23,306000.000000,306300.000000,305100.000000,305910.000000,0.000000,305910.000000
2019-05-24,306600.000000,306600.000000,306000.000000,306300.000000,0.000000,306300.000000
2019-05-28,306900.000000,306900.000000,305100.000000,305400.000000,3.000000,305400.000000
2019-05-29,305100.000000,306300.000000,305100.000000,306300.000000,1.000000,306300.000000
2019-05-30,305220.000000,306270.000000,305100.000000,305700.000000,0.000000,305700.000000
2019-05-31,305700.000000,306300.000000,305100.000000,306000.000000,1.000000,306000.000000
2019-06-03,306300.000000,306300.000000,305100.000000,305670.000000,0.000000,305670.000000
2019-06-04,306300.000000,306600.000000,306000.000000,306600.000000,1.000000,306600.000000
2019-06-05,306600.000000,309030.000000,306120.000000,309000.000000,1.000000,309000.000000
2019-06-06,308700.000000,308700.000000,306000.000000,306300.000000,1.000000,306300.000000
2019-06-07,307500.000000,307800.000000,306300.000000,306600.000000,0.000000,306600.000000
2019-06-10,307500.000000,307500.000000,305100.000000,305100.000000,1.000000,305100.000000
2019-06-11,306000.000000,306000.000000,304800.000000,305250.000000,2.000000,305250.000000
2019-06-12,305100.000000,306000.000000,303900.000000,305700.000000,0.000000,305700.000000
2019-06-13,306000.000000,306900.000000,304800.000000,305580.000000,0.000000,305580.000000
2019-06-14,307200.000000,315000.000000,305700.000000,315000.000000,0.000000,315000.000000
2019-06-17,317700.000000,441900.000000,317700.000000,359700.000000,6.000000,359700.000000
2019-06-18,386400.000000,584100.000000,333000.000000,445560.000000,4.000000,445560.000000
2019-06-19,621000.000000,1509600.000000,600000.000000,1494000.000000,112.000000,1494000.000000
2019-06-20,1950000.000000,2179500.000000,990000.000000,1096500.000000,127.000000,1096500.000000
2019-06-21,942000.000000,1121220.000000,804000.000000,811500.000000,58.000000,811500.000000
2019-06-24,819300.000000,833700.000000,649860.000000,697200.000000,28.000000,697200.000000
2019-06-25,635700.000000,780000.000000,635400.000000,696000.000000,29.000000,696000.000000
2019-06-26,702000.000000,702000.000000,615000.000000,616800.000000,18.000000,616800.000000
2019-06-27,600000.000000,726600.000000,600000.000000,651000.000000,20.000000,651000.000000
2019-06-28,685500.000000,720000.000000,630000.000000,648000.000000,12.000000,648000.000000
2019-07-01,654000.000000,672000.000000,571500.000000,577500.000000,16.000000,577500.000000
2019-07-02,615000.000000,625200.000000,543000.000000,548400.000000,11.000000,548400.000000
2019-07-03,541800.000000,549000.000000,450000.000000,450300.000000,18.000000,450300.000000
2019-07-05,450300.000000,451500.000000,414000.000000,429600.000000,13.000000,429600.000000
2019-07-08,435000.000000,472200.000000,401130.000000,453150.000000,24.000000,453150.000000
2019-07-09,452400.000000,469200.000000,436500.000000,446400.000000,12.000000,446400.000000
2019-07-10,446700.000000,455700.000000,418500.000000,434400.000000,10.000000,434400.000000
2019-07-11,435300.000000,435900.000000,409200.000000,423000.000000,7.000000,423000.000000
2019-07-12,425700.000000,442200.000000,394500.000000,413700.000000,18.000000,413700.000000
2019-07-15,416100.000000,437400.000000,396000.000000,403800.000000,17.000000,403800.000000
2019-07-16,405000.000000,405000.000000,384000.000000,386700.000000,9.000000,386700.000000
2019-07-17,384900.000000,420000.000000,381000.000000,411000.000000,19.000000,411000.000000
2019-07-18,373500.000000,435000.000000,369060.000000,388200.000000,37.000000,388200.000000
2019-07-19,379500.000000,395700.000000,375000.000000,386400.000000,5.000000,386400.000000
2019-07-22,378600.000000,385560.000000,375300.000000,376800.000000,3.000000,376800.000000
2019-07-23,375000.000000,395100.000000,367500.000000,391500.000000,5.000000,391500.000000
2019-07-24,391200.000000,420000.000000,390000.000000,410100.000000,8.000000,410100.000000
2019-07-25,402300.000000,411000.000000,341400.000000,345300.000000,15.000000,345300.000000
2019-07-26,340200.000000,366000.000000,339000.000000,341100.000000,4.000000,341100.000000
2019-07-29,340800.000000,352200.000000,340800.000000,346500.000000,2.000000,346500.000000
2019-07-30,346500.000000,352200.000000,343500.000000,349200.000000,1.000000,349200.000000
2019-07-31,347700.000000,348000.000000,318900.000000,324300.000000,3.000000,324300.000000
2019-08-01,327000.000000,331830.000000,266700.000000,276000.000000,10.000000,276000.000000
2019-08-02,287100.000000,298500.000000,280500.000000,297000.000000,3.000000,297000.000000
2019-08-05,292800.000000,297600.000000,285000.000000,297600.000000,2.000000,297600.000000
2019-08-06,299700.000000,303000.000000,287250.000000,296400.000000,2.000000,296400.000000
2019-08-07,296400.000000,298560.000000,288600.000000,293400.000000,2.000000,293400.000000
2019-08-08,298800.000000,304500.000000,289500.000000,297300.000000,2.000000,297300.000000
2019-08-09,300000.000000,304500.000000,288000.000000,300600.000000,2.000000,300600.000000
2019-08-12,301500.000000,301500.000000,286110.000000,295500.000000,1.000000,295500.000000
2019-08-13,295500.000000,299400.000000,289530.000000,297000.000000,1.000000,297000.000000
2019-08-14,300600.000000,301500.000000,285510.000000,292500.000000,4.000000,292500.000000
2019-08-15,292800.000000,295500.000000,270000.000000,273600.000000,3.000000,273600.000000
2019-08-16,270300.000000,280860.000000,258060.000000,258300.000000,2.000000,258300.000000
2019-08-19,258900.000000,268800.000000,255300.000000,258600.000000,3.000000,258600.000000
2019-08-20,259500.000000,284910.000000,259500.000000,278400.000000,2.000000,278400.000000
2019-08-21,284100.000000,284520.000000,273000.000000,284400.000000,1.000000,284400.000000
2019-08-22,284400.000000,284400.000000,259500.000000,260700.000000,2.000000,260700.000000
2019-08-23,262500.000000,275100.000000,259500.000000,261000.000000,1.000000,261000.000000
2019-08-26,263100.000000,269700.000000,259500.000000,264000.000000,1.000000,264000.000000
2019-08-27,264900.000000,304500.000000,263910.000000,277800.000000,7.000000,277800.000000
2019-08-28,263400.000000,277500.000000,263400.000000,274200.000000,1.000000,274200.000000
2019-08-29,276000.000000,286320.000000,262500.000000,267600.000000,1.000000,267600.000000
2019-08-30,269100.000000,269670.000000,252900.000000,252900.000000,2.000000,252900.000000
2019-09-03,253500.000000,255450.000000,237000.000000,249900.000000,2.000000,249900.000000
2019-09-04,251700.000000,252300.000000,235200.000000,243000.000000,1.000000,243000.000000
2019-09-05,245130.000000,245130.000000,217050.000000,220800.000000,3.000000,220800.000000
2019-09-06,228900.000000,237000.000000,225000.000000,234000.000000,2.000000,234000.000000
2019-09-09,237300.000000,247740.000000,235170.000000,247200.000000,1.000000,247200.000000
2019-09-10,256200.000000,266100.000000,246000.000000,257100.000000,3.000000,257100.000000
2019-09-11,264600.000000,264600.000000,249600.000000,259800.000000,1.000000,259800.000000
2019-09-12,258300.000000,264150.000000,253500.000000,259800.000000,1.000000,259800.000000
2019-09-13,260700.000000,262500.000000,254400.000000,255600.000000,1.000000,255600.000000
2019-09-16,261600.000000,261600.000000,242220.000000,255000.000000,1.000000,255000.000000
2019-09-17,258000.000000,264000.000000,255840.000000,263700.000000,2.000000,263700.000000
2019-09-18,265800.000000,269100.000000,257520.000000,258000.000000,2.000000,258000.000000
2019-09-19,261000.000000,269400.000000,253800.000000,256500.000000,3.000000,256500.000000
2019-09-20,261300.000000,282000.000000,255000.000000,255000.000000,6.000000,255000.000000
2019-09-23,258300.000000,268800.000000,234000.000000,239700.000000,6.000000,239700.000000
2019-09-24,253200.000000,253200.000000,231000.000000,231300.000000,6.000000,231300.000000
2019-09-25,231000.000000,235800.000000,207600.000000,212400.000000,2.000000,212400.000000
2019-09-26,215400.000000,224100.000000,209100.000000,213900.000000,1.000000,213900.000000
2019-09-27,210900.000000,210900.000000,187050.000000,195000.000000,3.000000,195000.000000
2019-09-30,193200.000000,193200.000000,174900.000000,177900.000000,3.000000,177900.000000
2019-10-01,181200.000000,183000.000000,171000.000000,172200.000000,2.000000,172200.000000
2019-10-02,177300.000000,181200.000000,164400.000000,180600.000000,2.000000,180600.000000
2019-10-03,181800.000000,196110.000000,172800.000000,192000.000000,2.000000,192000.000000
2019-10-04,194100.000000,198600.000000,189840.000000,193800.000000,1.000000,193800.000000
2019-10-07,193500.000000,195990.000000,183150.000000,186900.000000,2.000000,186900.000000
2019-10-08,188700.000000,188700.000000,179700.000000,180000.000000,1.000000,180000.000000
2019-10-09,180600.000000,181500.000000,172200.000000,172200.000000,1.000000,172200.000000
2019-10-10,174000.000000,175500.000000,162000.000000,166500.000000,2.000000,166500.000000
2019-10-11,166800.000000,174900.000000,166800.000000,171600.000000,1.000000,171600.000000
2019-10-14,169200.000000,170850.000000,163800.000000,165000.000000,1.000000,165000.000000
2019-10-15,163200.000000,176700.000000,163200.000000,172200.000000,1.000000,172200.000000
2019-10-16,170100.000000,179400.000000,164700.000000,165900.000000,1.000000,165900.000000
2019-10-17,169500.000000,174300.000000,154500.000000,173700.000000,1.000000,173700.000000
2019-10-18,173400.000000,173400.000000,168000.000000,169500.000000,1.000000,169500.000000
2019-10-21,171000.000000,172770.000000,160800.000000,163200.000000,1.000000,163200.000000
2019-10-22,163500.000000,175500.000000,162300.000000,167700.000000,1.000000,167700.000000
2019-10-23,167400.000000,174000.000000,167400.000000,169800.000000,1.000000,169800.000000
2019-10-24,172500.000000,177120.000000,169500.000000,170100.000000,1.000000,170100.000000
2019-10-25,169500.000000,171300.000000,155700.000000,156300.000000,1.000000,156300.000000
2019-10-28,156900.000000,164700.000000,154500.000000,156000.000000,1.000000,156000.000000
2019-10-29,156000.000000,156000.000000,144000.000000,151800.000000,1.000000,151800.000000
2019-10-30,151800.000000,155820.000000,149400.000000,150000.000000,1.000000,150000.000000
2019-10-31,150000.000000,153660.000000,147000.000000,147000.000000,0.000000,147000.000000
2019-11-01,146700.000000,151650.000000,144000.000000,145800.000000,1.000000,145800.000000
2019-11-04,150300.000000,150300.000000,142980.000000,144600.000000,1.000000,144600.000000
2019-11-05,142800.000000,145290.000000,135300.000000,137700.000000,2.000000,137700.000000
2019-11-06,134700.000000,135000.000000,124500.000000,124500.000000,3.000000,124500.000000
2019-11-07,124500.000000,129600.000000,121800.000000,126600.000000,1.000000,126600.000000
2019-11-08,133200.000000,133200.000000,120000.000000,127200.000000,7.000000,127200.000000
2019-11-11,131700.000000,132300.000000,119700.000000,124200.000000,2.000000,124200.000000
2019-11-12,123900.000000,125700.000000,115500.000000,117000.000000,2.000000,117000.000000
2019-11-13,119700.000000,123600.000000,108000.000000,108000.000000,2.000000,108000.000000
2019-11-14,111300.000000,116400.000000,94800.000000,114000.000000,3.000000,114000.000000
2019-11-15,120000.000000,205500.000000,120000.000000,178170.000000,93.000000,178170.000000
2019-11-18,185700.000000,185700.000000,147000.000000,156300.000000,14.000000,156300.000000
2019-11-19,150300.000000,154080.000000,136500.000000,150900.000000,5.000000,150900.000000
2019-11-20,149400.000000,154470.000000,140100.000000,142500.000000,3.000000,142500.000000
2019-11-21,144600.000000,172500.000000,142800.000000,160500.000000,8.000000,160500.000000
2019-11-22,168300.000000,231000.000000,163800.000000,217200.000000,21.000000,217200.000000
2019-11-25,209100.000000,217200.000000,181500.000000,183870.000000,11.000000,183870.000000
2019-11-26,190500.000000,285000.000000,184200.000000,232800.000000,83.000000,232800.000000
2019-11-27,225000.000000,249000.000000,213000.000000,224100.000000,15.000000,224100.000000
2019-11-29,234900.000000,234900.000000,215490.000000,223800.000000,2.000000,223800.000000
2019-12-02,225000.000000,285300.000000,223200.000000,271800.000000,30.000000,271800.000000
2019-12-03,275700.000000,375000.000000,249600.000000,375000.000000,57.000000,375000.000000
2019-12-04,363000.000000,405000.000000,336000.000000,349200.000000,33.000000,349200.000000
2019-12-05,328500.000000,336390.000000,300360.000000,316200.000000,12.000000,316200.000000
2019-12-06,315000.000000,348900.000000,303000.000000,311400.000000,8.000000,311400.000000
2019-12-09,312000.000000,370200.000000,312000.000000,353700.000000,12.000000,353700.000000
2019-12-10,349200.000000,388200.000000,348000.000000,348000.000000,13.000000,348000.000000
2019-12-11,345300.000000,382500.000000,330300.000000,360000.000000,8.000000,360000.000000
2019-12-12,360000.000000,387000.000000,351000.000000,372900.000000,6.000000,372900.000000
2019-12-13,368100.000000,381300.000000,348300.000000,350400.000000,5.000000,350400.000000
2019-12-16,348300.000000,357000.000000,324300.000000,328800.000000,6.000000,328800.000000
2019-12-17,327900.000000,360450.000000,315000.000000,330000.000000,8.000000,330000.000000
2019-12-18,330000.000000,370500.000000,320100.000000,334800.000000,14.000000,334800.000000
2019-12-19,343200.000000,343500.000000,323700.000000,323700.000000,5.000000,323700.000000
2019-12-20,337200.000000,338700.000000,308400.000000,309000.000000,8.000000,309000.000000
2019-12-23,312600.000000,315000.000000,251400.000000,252000.000000,15.000000,252000.000000
2019-12-24,255300.000000,259500.000000,226500.000000,236400.000000,7.000000,236400.000000
2019-12-26,240000.000000,269400.000000,234000.000000,263700.000000,7.000000,263700.000000
2019-12-27,265500.000000,281220.000000,240000.000000,248700.000000,9.000000,248700.000000
2019-12-30,246600.000000,256200.000000,235800.000000,242100.000000,4.000000,242100.000000
2019-12-31,240300.000000,257850.000000,227100.000000,252900.000000,8.000000,252900.000000
2020-01-02,255900.000000,265800.000000,244560.000000,254100.000000,6.000000,254100.000000
2020-01-03,251100.000000,254100.000000,240000.000000,248400.000000,3.000000,248400.000000
2020-01-06,240000.000000,249000.000000,234300.000000,237600.000000,4.000000,237600.000000
2020-01-07,238500.000000,240900.000000,228000.000000,228000.000000,3.000000,228000.000000
2020-01-08,228000.000000,233370.000000,211200.000000,214500.000000,6.000000,214500.000000
2020-01-09,214200.000000,225000.000000,203400.000000,223500.000000,4.000000,223500.000000
2020-01-10,225300.000000,232200.000000,211500.000000,212700.000000,4.000000,212700.000000
2020-01-13,213000.000000,222000.000000,205620.000000,213000.000000,4.000000,213000.000000
2020-01-14,214800.000000,220800.000000,206400.000000,217200.000000,6.000000,217200.000000
2020-01-15,216600.000000,281700.000000,214800.000000,270000.000000,21.000000,270000.000000
2020-01-16,277500.000000,289260.000000,255600.000000,258300.000000,8.000000,258300.000000
2020-01-17,259800.000000,273000.000000,255600.000000,265200.000000,5.000000,265200.000000
2020-01-21,272100.000000,272100.000000,235500.000000,243000.000000,4.000000,243000.000000
2020-01-22,243000.000000,260700.000000,240630.000000,255600.000000,3.000000,255600.000000
2020-01-23,260100.000000,295170.000000,255510.000000,280500.000000,11.000000,280500.000000
2020-01-24,282900.000000,282900.000000,257700.000000,263400.000000,5.000000,263400.000000
2020-01-27,255000.000000,267000.000000,252000.000000,252300.000000,2.000000,252300.000000
2020-01-28,258000.000000,263700.000000,247800.000000,258000.000000,2.000000,258000.000000
2020-01-29,263400.000000,263400.000000,246300.000000,250800.000000,2.000000,250800.000000
2020-01-30,249300.000000,253200.000000,231000.000000,235800.000000,4.000000,235800.000000
2020-01-31,234000.000000,244500.000000,231000.000000,243600.000000,1.000000,243600.000000
2020-02-03,243600.000000,251700.000000,232920.000000,233700.000000,2.000000,233700.000000
2020-02-04,234000.000000,240360.000000,228000.000000,232500.000000,2.000000,232500.000000
2020-02-05,240600.000000,241800.000000,232500.000000,235500.000000,2.000000,235500.000000
2020-02-06,235800.000000,236100.000000,219300.000000,219600.000000,2.000000,219600.000000
2020-02-07,221700.000000,236310.000000,219000.000000,229500.000000,2.000000,229500.000000
2020-02-10,234000.000000,244500.000000,232500.000000,235500.000000,2.000000,235500.000000
2020-02-11,236400.000000,241500.000000,230400.000000,236400.000000,1.000000,236400.000000
2020-02-12,236400.000000,252000.000000,230400.000000,248700.000000,7.000000,248700.000000
2020-02-13,210000.000000,222900.000000,189000.000000,211800.000000,8.000000,211800.000000
2020-02-14,213900.000000,224400.000000,204900.000000,212700.000000,6.000000,212700.000000
2020-02-18,211500.000000,213180.000000,204210.000000,206400.000000,2.000000,206400.000000
2020-02-19,205800.000000,210000.000000,195000.000000,208800.000000,3.000000,208800.000000
2020-02-20,208800.000000,217500.000000,204930.000000,211800.000000,3.000000,211800.000000
2020-02-21,214200.000000,223500.000000,206130.000000,218400.000000,3.000000,218400.000000
2020-02-24,214800.000000,216900.000000,196800.000000,213600.000000,3.000000,213600.000000
2020-02-25,217200.000000,236100.000000,217200.000000,230100.000000,5.000000,230100.000000
2020-02-26,229500.000000,239700.000000,226500.000000,236700.000000,3.000000,236700.000000
2020-02-27,236700.000000,236700.000000,213000.000000,218100.000000,3.000000,218100.000000
2020-02-28,210300.000000,229350.000000,198000.000000,227700.000000,4.000000,227700.000000
2020-03-02,228000.000000,250500.000000,225300.000000,248100.000000,4.000000,248100.000000
2020-03-03,251100.000000,252900.000000,217500.000000,220800.000000,4.000000,220800.000000
2020-03-04,218400.000000,238800.000000,218400.000000,228000.000000,1.000000,228000.000000
2020-03-05,228300.000000,236430.000000,217500.000000,223500.000000,1.000000,223500.000000
2020-03-06,219900.000000,219900.000000,207300.000000,207300.000000,1.000000,207300.000000
2020-03-09,206100.000000,206100.000000,132600.000000,134100.000000,7.000000,134100.000000
2020-03-10,150000.000000,159300.000000,142500.000000,147000.000000,4.000000,147000.000000
2020-03-11,174000.000000,194100.000000,168000.000000,183600.000000,6.000000,183600.000000
2020-03-12,174000.000000,177900.000000,151800.000000,152400.000000,3.000000,152400.000000
2020-03-13,164400.000000,164400.000000,147000.000000,152100.000000,3.000000,152100.000000
2020-03-16,144300.000000,144600.000000,120600.000000,124800.000000,2.000000,124800.000000
2020-03-17,131400.000000,141690.000000,130800.000000,141000.000000,2.000000,141000.000000
2020-03-18,135000.000000,138000.000000,112500.000000,120000.000000,3.000000,120000.000000
2020-03-19,122700.000000,140700.000000,113400.000000,130800.000000,2.000000,130800.000000
2020-03-20,138300.000000,141600.000000,120900.000000,120900.000000,3.000000,120900.000000
2020-03-23,119100.000000,122400.000000,112200.000000,122100.000000,3.000000,122100.000000
2020-03-24,130200.000000,139200.000000,124500.000000,127800.000000,4.000000,127800.000000
2020-03-25,125400.000000,164400.000000,120300.000000,151200.000000,5.000000,151200.000000
2020-03-26,158700.000000,192900.000000,157440.000000,179100.000000,7.000000,179100.000000
2020-03-27,168600.000000,170400.000000,150300.000000,160500.000000,4.000000,160500.000000
2020-03-30,153900.000000,159600.000000,147000.000000,150600.000000,2.000000,150600.000000
2020-03-31,150000.000000,165480.000000,144000.000000,153600.000000,1.000000,153600.000000
2020-04-01,150000.000000,182100.000000,144000.000000,162600.000000,7.000000,162600.000000
2020-04-02,179100.000000,179100.000000,159000.000000,163800.000000,2.000000,163800.000000
2020-04-03,164700.000000,174900.000000,158700.000000,160500.000000,1.000000,160500.000000
2020-04-06,173100.000000,190200.000000,172620.000000,184500.000000,4.000000,184500.000000
2020-04-07,195600.000000,201000.000000,187500.000000,190500.000000,3.000000,190500.000000
2020-04-08,195000.000000,213000.000000,191100.000000,213000.000000,4.000000,213000.000000
2020-04-09,215400.000000,228000.000000,207420.000000,217200.000000,3.000000,217200.000000
2020-04-13,230100.000000,242700.000000,221310.000000,239100.000000,3.000000,239100.000000
2020-04-14,246000.000000,250500.000000,238500.000000,242100.000000,3.000000,242100.000000
2020-04-15,240000.000000,245700.000000,227100.000000,232800.000000,3.000000,232800.000000
2020-04-16,238200.000000,239400.000000,225000.000000,231000.000000,1.000000,231000.000000
2020-04-17,236700.000000,240000.000000,225330.000000,235800.000000,2.000000,235800.000000
2020-04-20,237000.000000,264900.000000,205800.000000,216300.000000,8.000000,216300.000000
2020-04-21,207300.000000,232200.000000,207300.000000,224400.000000,2.000000,224400.000000
2020-04-22,231000.000000,237000.000000,227610.000000,231900.000000,2.000000,231900.000000
2020-04-23,236700.000000,251100.000000,232200.000000,246600.000000,2.000000,246600.000000
2020-04-24,249000.000000,261000.000000,246600.000000,247200.000000,2.000000,247200.000000
2020-04-27,264000.000000,276600.000000,255600.000000,270000.000000,5.000000,270000.000000
2020-04-28,276000.000000,282630.000000,265500.000000,271500.000000,3.000000,271500.000000
2020-04-29,283200.000000,283200.000000,255000.000000,265200.000000,4.000000,265200.000000
2020-04-30,262500.000000,262500.000000,246300.000000,250500.000000,2.000000,250500.000000
2020-05-01,242400.000000,242400.000000,204000.000000,218700.000000,9.000000,218700.000000
2020-05-04,211500.000000,221700.000000,205500.000000,216300.000000,2.000000,216300.000000
2020-05-05,221100.000000,222000.000000,213300.000000,216000.000000,2.000000,216000.000000
2020-05-06,215400.000000,225600.000000,214500.000000,225000.000000,2.000000,225000.000000
2020-05-07,222000.000000,239700.000000,222000.000000,233400.000000,1.000000,233400.000000
2020-05-08,239400.000000,249900.000000,234000.000000,236100.000000,4.000000,236100.000000
2020-05-11,236100.000000,240000.000000,225000.000000,232200.000000,2.000000,232200.000000
2020-05-12,237000.000000,245700.000000,222300.000000,223500.000000,3.000000,223500.000000
2020-05-13,222000.000000,224100.000000,210000.000000,222900.000000,2.000000,222900.000000
2020-05-14,211500.000000,222000.000000,204300.000000,212100.000000,2.000000,212100.000000
2020-05-15,208800.000000,219000.000000,204000.000000,218400.000000,1.000000,218400.000000
2020-05-18,225000.000000,231600.000000,217380.000000,223500.000000,4.000000,223500.000000
2020-05-19,225600.000000,239100.000000,225600.000000,238200.000000,2.000000,238200.000000
2020-05-20,240000.000000,246000.000000,235830.000000,242100.000000,1.000000,242100.000000
2020-05-21,240600.000000,245040.000000,229800.000000,240300.000000,2.000000,240300.000000
2020-05-22,236400.000000,283200.000000,233190.000000,269100.000000,15.000000,269100.000000
2020-05-26,279000.000000,319650.000000,270480.000000,301800.000000,14.000000,301800.000000
2020-05-27,310800.000000,330000.000000,302100.000000,309900.000000,5.000000,309900.000000
2020-05-28,305400.000000,330000.000000,301350.000000,310500.000000,5.000000,310500.000000
2020-05-29,297600.000000,299700.000000,270000.000000,278400.000000,6.000000,278400.000000
2020-06-01,273600.000000,297870.000000,271500.000000,291300.000000,3.000000,291300.000000
2020-06-02,288600.000000,288600.000000,275400.000000,279900.000000,1.000000,279900.000000
2020-06-03,281400.000000,288300.000000,275100.000000,279000.000000,1.000000,279000.000000
2020-06-04,277200.000000,285000.000000,269400.000000,276900.000000,2.000000,276900.000000
2020-06-05,282000.000000,282300.000000,266400.000000,274800.000000,2.000000,274800.000000
2020-06-08,279600.000000,344700.000000,276450.000000,325200.000000,14.000000,325200.000000
2020-06-09,323100.000000,323700.000000,303300.000000,308400.000000,6.000000,308400.000000
2020-06-10,310800.000000,324000.000000,295500.000000,324000.000000,4.000000,324000.000000
2020-06-11,318000.000000,318000.000000,295110.000000,300000.000000,4.000000,300000.000000
2020-06-12,307800.000000,330000.000000,302100.000000,319800.000000,4.000000,319800.000000
2020-06-15,301200.000000,336600.000000,301200.000000,331800.000000,6.000000,331800.000000
2020-06-16,327300.000000,336000.000000,300000.000000,322200.000000,8.000000,322200.000000
2020-06-17,319800.000000,323550.000000,292500.000000,294600.000000,4.000000,294600.000000
2020-06-18,291300.000000,292590.000000,256800.000000,270000.000000,8.000000,270000.000000
2020-06-19,275400.000000,283500.000000,269700.000000,271200.000000,5.000000,271200.000000
2020-06-22,276300.000000,284400.000000,255000.000000,256500.000000,8.000000,256500.000000
2020-06-23,284400.000000,285000.000000,237300.000000,243000.000000,8.000000,243000.000000
2020-06-24,243000.000000,247500.000000,231600.000000,244200.000000,5.000000,244200.000000
2020-06-25,247500.000000,290400.000000,234930.000000,280500.000000,10.000000,280500.000000
2020-06-26,282000.000000,295500.000000,264000.000000,267300.000000,32.000000,267300.000000
2020-06-29,267000.000000,268500.000000,255000.000000,267600.000000,4.000000,267600.000000
2020-06-30,265800.000000,267300.000000,258600.000000,264000.000000,2.000000,264000.000000
2020-07-01,263100.000000,268500.000000,247500.000000,259200.000000,3.000000,259200.000000
2020-07-02,255900.000000,257400.000000,237600.000000,246300.000000,4.000000,246300.000000
2020-07-06,257100.000000,257100.000000,243300.000000,246600.000000,2.000000,246600.000000
2020-07-07,244500.000000,244800.000000,227700.000000,229500.000000,3.000000,229500.000000
2020-07-08,227700.000000,239100.000000,219300.000000,222900.000000,4.000000,222900.000000
2020-07-09,218400.000000,229500.000000,212100.000000,218100.000000,6.000000,218100.000000
2020-07-10,216300.000000,229800.000000,213000.000000,225300.000000,3.000000,225300.000000
2020-07-13,225300.000000,233700.000000,213600.000000,214800.000000,5.000000,214800.000000
2020-07-14,213300.000000,216000.000000,204000.000000,210000.000000,2.000000,210000.000000
2020-07-15,227400.000000,228000.000000,211800.000000,222600.000000,3.000000,222600.000000
2020-07-16,219600.000000,220200.000000,213000.000000,214500.000000,2.000000,214500.000000
2020-07-17,213300.000000,217740.000000,204000.000000,208500.000000,3.000000,208500.000000
2020-07-20,207000.000000,207870.000000,200400.000000,203100.000000,2.000000,203100.000000
2020-07-21,203700.000000,207000.000000,195300.000000,197700.000000,4.000000,197700.000000
2020-07-22,197700.000000,202860.000000,181500.000000,189000.000000,6.000000,189000.000000
2020-07-23,187500.000000,203700.000000,186300.000000,186600.000000,7.000000,186600.000000
2020-07-24,184500.000000,195600.000000,181500.000000,191700.000000,2.000000,191700.000000
2020-07-27,190800.000000,193530.000000,182400.000000,190200.000000,2.000000,190200.000000
2020-07-28,187500.000000,207000.000000,186000.000000,198900.000000,4.000000,198900.000000
2020-07-29,199800.000000,203100.000000,189300.000000,192900.000000,1.000000,192900.000000
2020-07-30,190500.000000,194400.000000,184800.000000,189600.000000,1.000000,189600.000000
2020-07-31,189300.000000,196800.000000,187650.000000,195900.000000,1.000000,195900.000000
2020-08-03,195300.000000,201300.000000,194400.000000,201000.000000,1.000000,201000.000000
2020-08-04,201000.000000,204000.000000,198900.000000,200400.000000,1.000000,200400.000000
2020-08-05,201000.000000,202950.000000,195300.000000,198600.000000,1.000000,198600.000000
2020-08-06,197700.000000,206100.000000,192900.000000,199800.000000,2.000000,199800.000000
2020-08-07,199500.000000,205350.000000,195900.000000,196500.000000,1.000000,196500.000000
2020-08-10,196800.000000,200250.000000,193500.000000,195000.000000,1.000000,195000.000000
2020-08-11,195900.000000,198000.000000,185400.000000,186300.000000,1.000000,186300.000000
2020-08-12,186300.000000,191400.000000,177900.000000,181500.000000,2.000000,181500.000000
2020-08-13,180300.000000,186300.000000,174900.000000,174900.000000,1.000000,174900.000000
2020-08-14,175500.000000,180000.000000,170700.000000,174900.000000,2.000000,174900.000000
2020-08-17,173100.000000,173820.000000,168000.000000,168900.000000,2.000000,168900.000000
2020-08-18,169200.000000,190800.000000,169200.000000,186000.000000,3.000000,186000.000000
2020-08-19,183900.000000,195000.000000,177300.000000,192900.000000,2.000000,192900.000000
2020-08-20,193500.000000,242100.000000,180000.000000,186000.000000,35.000000,186000.000000
2020-08-21,187500.000000,189240.000000,177000.000000,177900.000000,3.000000,177900.000000
2020-08-24,177600.000000,183150.000000,174300.000000,177900.000000,1.000000,177900.000000
2020-08-25,178200.000000,183900.000000,175500.000000,180000.000000,2.000000,180000.000000
2020-08-26,180000.000000,191700.000000,175200.000000,185100.000000,5.000000,185100.000000
2020-08-27,184800.000000,186000.000000,180000.000000,180600.000000,1.000000,180600.000000
2020-08-28,180000.000000,187500.000000,180000.000000,186000.000000,2.000000,186000.000000
2020-08-31,195000.000000,195300.000000,180300.000000,181500.000000,7.000000,181500.000000
2020-09-01,182400.000000,192300.000000,160500.000000,168900.000000,6.000000,168900.000000
2020-09-02,165000.000000,177900.000000,153600.000000,154200.000000,7.000000,154200.000000
2020-09-03,153900.000000,154200.000000,145200.000000,146400.000000,3.000000,146400.000000
2020-09-04,148200.000000,149400.000000,139200.000000,141300.000000,3.000000,141300.000000
2020-09-08,141000.000000,142500.000000,136800.000000,138300.000000,3.000000,138300.000000
2020-09-09,139800.000000,142500.000000,138900.000000,140700.000000,2.000000,140700.000000
2020-09-10,141000.000000,141000.000000,137100.000000,138300.000000,2.000000,138300.000000
2020-09-11,138300.000000,141000.000000,136710.000000,139500.000000,1.000000,139500.000000
2020-09-14,138900.000000,141000.000000,135300.000000,137100.000000,2.000000,137100.000000
2020-09-15,136500.000000,138900.000000,131100.000000,132300.000000,2.000000,132300.000000
2020-09-16,134100.000000,138300.000000,130800.000000,134700.000000,10.000000,134700.000000
2020-09-17,133800.000000,134700.000000,126000.000000,132300.000000,7.000000,132300.000000
2020-09-18,130200.000000,131700.000000,123600.000000,126600.000000,6.000000,126600.000000
2020-09-21,126600.000000,126630.000000,120300.000000,121800.000000,3.000000,121800.000000
2020-09-22,120900.000000,124200.000000,119400.000000,120900.000000,5.000000,120900.000000
2020-09-23,126300.000000,127860.000000,114600.000000,116100.000000,3.000000,116100.000000
2020-09-24,116100.000000,117510.000000,104100.000000,109200.000000,5.000000,109200.000000
2020-09-25,109200.000000,116700.000000,107100.000000,108000.000000,3.000000,108000.000000
2020-09-28,108000.000000,108600.000000,106200.000000,107100.000000,3.000000,107100.000000
2020-09-29,107100.000000,112650.000000,102300.000000,111600.000000,3.000000,111600.000000
2020-09-30,112200.000000,114600.000000,105600.000000,109200.000000,3.000000,109200.000000
2020-10-01,114000.000000,137400.000000,110400.000000,118800.000000,25.000000,118800.000000
2020-10-02,118500.000000,120300.000000,115500.000000,118800.000000,6.000000,118800.000000
2020-10-05,121800.000000,121950.000000,116400.000000,119100.000000,4.000000,119100.000000
2020-10-06,121800.000000,123840.000000,117600.000000,118200.000000,4.000000,118200.000000
2020-10-07,117900.000000,130500.000000,115500.000000,119700.000000,16.000000,119700.000000
2020-10-08,122100.000000,126300.000000,119700.000000,119850.000000,8.000000,119850.000000
2020-10-09,124800.000000,137700.000000,123000.000000,132000.000000,27.000000,132000.000000
2020-10-12,135900.000000,141000.000000,126000.000000,140100.000000,14.000000,140100.000000
2020-10-13,141000.000000,149400.000000,135030.000000,144900.000000,13.000000,144900.000000
2020-10-14,144900.000000,146700.000000,136800.000000,140100.000000,4.000000,140100.000000
2020-10-15,135300.000000,137100.000000,128100.000000,133800.000000,7.000000,133800.000000
2020-10-16,134100.000000,137400.000000,129000.000000,132900.000000,5.000000,132900.000000
2020-10-19,132600.000000,134460.000000,119400.000000,120600.000000,8.000000,120600.000000
2020-10-20,121800.000000,123000.000000,105990.000000,111600.000000,15.000000,111600.000000
2020-10-21,111600.000000,113400.000000,105600.000000,110700.000000,8.000000,110700.000000
2020-10-22,110700.000000,111300.000000,105900.000000,109500.000000,6.000000,109500.000000
2020-10-23,111600.000000,117900.000000,109500.000000,113100.000000,7.000000,113100.000000
2020-10-26,113100.000000,114000.000000,98400.000000,103500.000000,14.000000,103500.000000
2020-10-27,102900.000000,103500.000000,83700.000000,87900.000000,47.000000,87900.000000
2020-10-28,70500.000000,73800.000000,65100.000000,72000.000000,86.000000,72000.000000
2020-10-29,69000.000000,72000.000000,68400.000000,70500.000000,12.000000,70500.000000
2020-10-30,70500.000000,73800.000000,69600.000000,71400.000000,10.000000,71400.000000
2020-11-02,71400.000000,75420.000000,69600.000000,73800.000000,20.000000,73800.000000
2020-11-03,75600.000000,75900.000000,70200.000000,71700.000000,15.000000,71700.000000
2020-11-04,72000.000000,75000.000000,68400.000000,72600.000000,9.000000,72600.000000
2020-11-05,78000.000000,94500.000000,75600.000000,93000.000000,132.000000,93000.000000
2020-11-06,102600.000000,146400.000000,97500.000000,123300.000000,866.000000,123300.000000
2020-11-09,143100.000000,145800.000000,107400.000000,129900.000000,364.000000,129900.000000
2020-11-10,111600.000000,128400.000000,108000.000000,108900.000000,98.000000,108900.000000
2020-11-11,105000.000000,106500.000000,92100.000000,93900.000000,146.000000,93900.000000
2020-11-12,90000.000000,93600.000000,81000.000000,84000.000000,74.000000,84000.000000
2020-11-13,85800.000000,93450.000000,82200.000000,86700.000000,50.000000,86700.000000
2020-11-16,86400.000000,91200.000000,83100.000000,87300.000000,31.000000,87300.000000
2020-11-17,84900.000000,88800.000000,82800.000000,85200.000000,40.000000,85200.000000
2020-11-18,85800.000000,88500.000000,81300.000000,82500.000000,27.000000,82500.000000
2020-11-19,82500.000000,84600.000000,76500.000000,82500.000000,43.000000,82500.000000
2020-11-20,82500.000000,99000.000000,81000.000000,94800.000000,93.000000,94800.000000
2020-11-23,98400.000000,111000.000000,94500.000000,107400.000000,90.000000,107400.000000
2020-11-24,115200.000000,122700.000000,102000.000000,110400.000000,112.000000,110400.000000
2020-11-25,104100.000000,114000.000000,100500.000000,103500.000000,39.000000,103500.000000
2020-11-27,105000.000000,119700.000000,100500.000000,117000.000000,82.000000,117000.000000
2020-11-30,125700.000000,132600.000000,110100.000000,128700.000000,160.000000,128700.000000
2020-12-01,131400.000000,131700.000000,111300.000000,111300.000000,69.000000,111300.000000
2020-12-02,112620.000000,129000.000000,111300.000000,121500.000000,102.000000,121500.000000
2020-12-03,121200.000000,126900.000000,115950.000000,120600.000000,40.000000,120600.000000
2020-12-04,121500.000000,130500.000000,112500.000000,114600.000000,102.000000,114600.000000
2020-12-07,112500.000000,114000.000000,102300.000000,106800.000000,44.000000,106800.000000
2020-12-08,105000.000000,113700.000000,104400.000000,109800.000000,24.000000,109800.000000
2020-12-09,111900.000000,113100.000000,100500.000000,104400.000000,29.000000,104400.000000
2020-12-10,102900.000000,129600.000000,101100.000000,113400.000000,86.000000,113400.000000
2020-12-11,113100.000000,113700.000000,102300.000000,105000.000000,27.000000,105000.000000
2020-12-14,105600.000000,108900.000000,103200.000000,105900.000000,16.000000,105900.000000
2020-12-15,106800.000000,112500.000000,103500.000000,109800.000000,32.000000,109800.000000
2020-12-16,112200.000000,116700.000000,109800.000000,113400.000000,22.000000,113400.000000
2020-12-17,113100.000000,118800.000000,111600.000000,115800.000000,19.000000,115800.000000
2020-12-18,116100.000000,119400.000000,109500.000000,112500.000000,62.000000,112500.000000
2020-12-21,110100.000000,117000.000000,107100.000000,114900.000000,19.000000,114900.000000
2020-12-22,117000.000000,120000.000000,111000.000000,115500.000000,21.000000,115500.000000
2020-12-23,116700.000000,121800.000000,112530.000000,114900.000000,28.000000,114900.000000
2020-12-24,115800.000000,116820.000000,107400.000000,108000.000000,12.000000,108000.000000
2020-12-28,111900.000000,112200.000000,102300.000000,105300.000000,21.000000,105300.000000
2020-12-29,107400.000000,108570.000000,99300.000000,102300.000000,15.000000,102300.000000
2020-12-30,102600.000000,103530.000000,97800.000000,100200.000000,29.000000,100200.000000
2020-12-31,99600.000000,101400.000000,93600.000000,97200.000000,34.000000,97200.000000
2021-01-04,99600.000000,102900.000000,94500.000000,101700.000000,30.000000,101700.000000
2021-01-05,100800.000000,105600.000000,100200.000000,104100.000000,19.000000,104100.000000
2021-01-06,116100.000000,142500.000000,114330.000000,125550.000000,512.000000,125550.000000
2021-01-07,132600.000000,159000.000000,129000.000000,147900.000000,263.000000,147900.000000
2021-01-08,150000.000000,199500.000000,139800.000000,179400.000000,362.000000,179400.000000
2021-01-11,160800.000000,207000.000000,150600.000000,183600.000000,172.000000,183600.000000
2021-01-12,186600.000000,193500.000000,168600.000000,177900.000000,71.000000,177900.000000
2021-01-13,175200.000000,220500.000000,171000.000000,198000.000000,458.000000,198000.000000
2021-01-14,202800.000000,220800.000000,182100.000000,196500.000000,254.000000,196500.000000
2021-01-15,209400.000000,214410.000000,184800.000000,190200.000000,120.000000,190200.000000
2021-01-19,189600.000000,189750.000000,172680.000000,180900.000000,90.000000,180900.000000
2021-01-20,180300.000000,188400.000000,173700.000000,177900.000000,54.000000,177900.000000
2021-01-21,177000.000000,178800.000000,166800.000000,170400.000000,45.000000,170400.000000
2021-01-22,167400.000000,179400.000000,166650.000000,172200.000000,38.000000,172200.000000
2021-01-25,169200.000000,170400.000000,144300.000000,160800.000000,72.000000,160800.000000
2021-01-26,160500.000000,186600.000000,160500.000000,168300.000000,89.000000,168300.000000
2021-01-27,162600.000000,178800.000000,157500.000000,163800.000000,67.000000,163800.000000
2021-01-28,162300.000000,189000.000000,160500.000000,165900.000000,122.000000,165900.000000
2021-01-29,167100.000000,204900.000000,157800.000000,174600.000000,257.000000,174600.000000
2021-02-01,181200.000000,190350.000000,169620.000000,186000.000000,165.000000,186000.000000
2021-02-02,185100.000000,216000.000000,177600.000000,212700.000000,302.000000,212700.000000
2021-02-03,220800.000000,224100.000000,198900.000000,204600.000000,300.000000,204600.000000
2021-02-04,214200.000000,215100.000000,199500.000000,204600.000000,106.000000,204600.000000
2021-02-05,206700.000000,247500.000000,196500.000000,244800.000000,263.000000,244800.000000
2021-02-08,234000.000000,269100.000000,225600.000000,255000.000000,132.000000,255000.000000
2021-02-09,252000.000000,287100.000000,248400.000000,271500.000000,194.000000,271500.000000
2021-02-10,285900.000000,313140.000000,255300.000000,277500.000000,201.000000,277500.000000
2021-02-11,272700.000000,276000.000000,218400.000000,242400.000000,136.000000,242400.000000
2021-02-12,226200.000000,249600.000000,219300.000000,234900.000000,83.000000,234900.000000
2021-02-16,231300.000000,241800.000000,223200.000000,226800.000000,75.000000,226800.000000
2021-02-17,222300.000000,223800.000000,199800.000000,201900.000000,77.000000,201900.000000
2021-02-18,204600.000000,224700.000000,197130.000000,214200.000000,75.000000,214200.000000
2021-02-19,218700.000000,220140.000000,204900.000000,213900.000000,45.000000,213900.000000
2021-02-22,210000.000000,212400.000000,199500.000000,204300.000000,56.000000,204300.000000
2021-02-23,186300.000000,191700.000000,165300.000000,190800.000000,83.000000,190800.000000
2021-02-24,192600.000000,203100.000000,188700.000000,195600.000000,46.000000,195600.000000
2021-02-25,193800.000000,195600.000000,173100.000000,176100.000000,42.000000,176100.000000
2021-02-26,171000.000000,182670.000000,165900.000000,165900.000000,33.000000,165900.000000
2021-03-01,172800.000000,184200.000000,167100.000000,177900.000000,85.000000,177900.000000
2021-03-02,177600.000000,195000.000000,174600.000000,175800.000000,74.000000,175800.000000
2021-03-03,176700.000000,178200.000000,154500.000000,157800.000000,43.000000,157800.000000
2021-03-04,159000.000000,159750.000000,132150.000000,137400.000000,60.000000,137400.000000
2021-03-05,141000.000000,142200.000000,117090.000000,135300.000000,45.000000,135300.000000
2021-03-08,137550.000000,147600.000000,135600.000000,143400.000000,40.000000,143400.000000
2021-03-09,147030.000000,169200.000000,142500.000000,167100.000000,104.000000,167100.000000
2021-03-10,168000.000000,172500.000000,150000.000000,156000.000000,49.000000,156000.000000
2021-03-11,187800.000000,189150.000000,160800.000000,178500.000000,346.000000,178500.000000
2021-03-12,170100.000000,179100.000000,167100.000000,174000.000000,78.000000,174000.000000
2021-03-15,174600.000000,177300.000000,163200.000000,169800.000000,141.000000,169800.000000
2021-03-16,167400.000000,170700.000000,153000.000000,156900.000000,66.000000,156900.000000
2021-03-17,151200.000000,169200.000000,149730.000000,166200.000000,47.000000,166200.000000
2021-03-18,169500.000000,173400.000000,157560.000000,159900.000000,61.000000,159900.000000
2021-03-19,159000.000000,166500.000000,153000.000000,162600.000000,37.000000,162600.000000
2021-03-22,166500.000000,167010.000000,150600.000000,150900.000000,51.000000,150900.000000
2021-03-23,150600.000000,164400.000000,145800.000000,147000.000000,76.000000,147000.000000
2021-03-24,150300.000000,161700.000000,144300.000000,145800.000000,71.000000,145800.000000
2021-03-25,141900.000000,154200.000000,133500.000000,153450.000000,51.000000,153450.000000
2021-03-26,154050.000000,154800.000000,144900.000000,153000.000000,40.000000,153000.000000
2021-03-29,152100.000000,157500.000000,142500.000000,143100.000000,29.000000,143100.000000
2021-03-30,142200.000000,144900.000000,135600.000000,140400.000000,31.000000,140400.000000
2021-03-31,144840.000000,159000.000000,143700.000000,148200.000000,58.000000,148200.000000
2021-04-01,152700.000000,154800.000000,148950.000000,153300.000000,15.000000,153300.000000
2021-04-05,155460.000000,157200.000000,143250.000000,144000.000000,19.000000,144000.000000
2021-04-06,146700.000000,155700.000000,144900.000000,155400.000000,20.000000,155400.000000
2021-04-07,151500.000000,154200.000000,145500.000000,147600.000000,18.000000,147600.000000
2021-04-08,148500.000000,148500.000000,141300.000000,144000.000000,19.000000,144000.000000
2021-04-09,143100.000000,149400.000000,139500.000000,141000.000000,30.000000,141000.000000
2021-04-12,141900.000000,141900.000000,129900.000000,134400.000000,23.000000,134400.000000
2021-04-13,133200.000000,138000.000000,130800.000000,133500.000000,25.000000,133500.000000
2021-04-14,134400.000000,139500.000000,129600.000000,130500.000000,22.000000,130500.000000
2021-04-15,131400.000000,133800.000000,120900.000000,123300.000000,23.000000,123300.000000
2021-04-16,123600.000000,132000.000000,116100.000000,129900.000000,20.000000,129900.000000
2021-04-19,127800.000000,137010.000000,125100.000000,130800.000000,30.000000,130800.000000
2021-04-20,132900.000000,132900.000000,112500.000000,113700.000000,49.000000,113700.000000
2021-04-21,112200.000000,121200.000000,108300.000000,119700.000000,35.000000,119700.000000
2021-04-22,122700.000000,124200.000000,111900.000000,114300.000000,19.000000,114300.000000
2021-04-23,114600.000000,121500.000000,113490.000000,119400.000000,16.000000,119400.000000
2021-04-26,122100.000000,128100.000000,118200.000000,124800.000000,13.000000,124800.000000
2021-04-27,128400.000000,130800.000000,120900.000000,130500.000000,20.000000,130500.000000
2021-04-28,143700.000000,147000.000000,129600.000000,135000.000000,247.000000,135000.000000
2021-04-29,131700.000000,133500.000000,121500.000000,126600.000000,43.000000,126600.000000
2021-04-30,123900.000000,128100.000000,122400.000000,126600.000000,17.000000,126600.000000
2021-05-03,127200.000000,127200.000000,119100.000000,125700.000000,22.000000,125700.000000
2021-05-04,123000.000000,123000.000000,114600.000000,116100.000000,27.000000,116100.000000
2021-05-05,117000.000000,119100.000000,114300.000000,117000.000000,16.000000,117000.000000
2021-05-06,115500.000000,115500.000000,105000.000000,109200.000000,23.000000,109200.000000
2021-05-07,109620.000000,117300.000000,109500.000000,111300.000000,22.000000,111300.000000
2021-05-10,111000.000000,112500.000000,101400.000000,102000.000000,26.000000,102000.000000
2021-05-11,93900.000000,106500.000000,90600.000000,105300.000000,34.000000,105300.000000
2021-05-12,103770.000000,112200.000000,102450.000000,108000.000000,18.000000,108000.000000
2021-05-13,108600.000000,110580.000000,96900.000000,101400.000000,22.000000,101400.000000
2021-05-14,103800.000000,105000.000000,97200.000000,103200.000000,18.000000,103200.000000
2021-05-17,101700.000000,110100.000000,101700.000000,109200.000000,16.000000,109200.000000
2021-05-18,111000.000000,115500.000000,105900.000000,106800.000000,43.000000,106800.000000
2021-05-19,103500.000000,105900.000000,101400.000000,103800.000000,12.000000,103800.000000
2021-05-20,102900.000000,111300.000000,102900.000000,109500.000000,25.000000,109500.000000
2021-05-21,111300.000000,114600.000000,109500.000000,111300.000000,14.000000,111300.000000
2021-05-24,111000.000000,113100.000000,104400.000000,107100.000000,13.000000,107100.000000
2021-05-25,107100.000000,112500.000000,106200.000000,108000.000000,26.000000,108000.000000
2021-05-26,108300.000000,133200.000000,108300.000000,129000.000000,128.000000,129000.000000
2021-05-27,126600.000000,129780.000000,116700.000000,122100.000000,54.000000,122100.000000
2021-05-28,121800.000000,138900.000000,120630.000000,131400.000000,75.000000,131400.000000
2021-06-01,133500.000000,134100.000000,122400.000000,128700.000000,31.000000,128700.000000
2021-06-02,129600.000000,139200.000000,125100.000000,135300.000000,94.000000,135300.000000
2021-06-03,135000.000000,140100.000000,126300.000000,128700.000000,64.000000,128700.000000
2021-06-04,132000.000000,132750.000000,124800.000000,125100.000000,25.000000,125100.000000
2021-06-07,124350.000000,132000.000000,123000.000000,128100.000000,37.000000,128100.000000
2021-06-08,128400.000000,136950.000000,124500.000000,135900.000000,26.000000,135900.000000
2021-06-09,132900.000000,168300.000000,132900.000000,145500.000000,185.000000,145500.000000
2021-06-10,144300.000000,144300.000000,130500.000000,132000.000000,29.000000,132000.000000
2021-06-11,132300.000000,137700.000000,129900.000000,135600.000000,25.000000,135600.000000
2021-06-14,136500.000000,164700.000000,131100.000000,144000.000000,115.000000,144000.000000
2021-06-15,141900.000000,143100.000000,127800.000000,128100.000000,50.000000,128100.000000
2021-06-16,127800.000000,137640.000000,126000.000000,130200.000000,38.000000,130200.000000
2021-06-17,129600.000000,135000.000000,127800.000000,131700.000000,38.000000,131700.000000
2021-06-18,129900.000000,131700.000000,124200.000000,125400.000000,22.000000,125400.000000
2021-06-21,124950.000000,127800.000000,120300.000000,124800.000000,46.000000,124800.000000
2021-06-22,123600.000000,128100.000000,120000.000000,125100.000000,29.000000,125100.000000
2021-06-23,125700.000000,131400.000000,123900.000000,126600.000000,36.000000,126600.000000
2021-06-24,127500.000000,135900.000000,125400.000000,129000.000000,63.000000,129000.000000
2021-06-25,129000.000000,133200.000000,126000.000000,131700.000000,90.000000,131700.000000
2021-06-28,132000.000000,135600.000000,129900.000000,130800.000000,24.000000,130800.000000
2021-06-29,131100.000000,133500.000000,120300.000000,120900.000000,17.000000,120900.000000
2021-06-30,120600.000000,126300.000000,117900.000000,120900.000000,36.000000,120900.000000
2021-07-01,121800.000000,123300.000000,117900.000000,120600.000000,40.000000,120600.000000
2021-07-02,121200.000000,121800.000000,117300.000000,121800.000000,15.000000,121800.000000
2021-07-06,120300.000000,121200.000000,113400.000000,114300.000000,24.000000,114300.000000
2021-07-07,114600.000000,115230.000000,110100.000000,114600.000000,18.000000,114600.000000
2021-07-08,111600.000000,116400.000000,109200.000000,115200.000000,16.000000,115200.000000
2021-07-09,115800.000000,118200.000000,114000.000000,116400.000000,13.000000,116400.000000
2021-07-12,115800.000000,117600.000000,113700.000000,116100.000000,15.000000,116100.000000
2021-07-13,117000.000000,120600.000000,114000.000000,117000.000000,26.000000,117000.000000
2021-07-14,119100.000000,120600.000000,107400.000000,108900.000000,34.000000,108900.000000
2021-07-15,108900.000000,114900.000000,107100.000000,114300.000000,19.000000,114300.000000
2021-07-16,115800.000000,116850.000000,108600.000000,109800.000000,9.000000,109800.000000
2021-07-19,111000.000000,111000.000000,105300.000000,108300.000000,14.000000,108300.000000
2021-07-20,108300.000000,112650.000000,106500.000000,108900.000000,31.000000,108900.000000
2021-07-21,109800.000000,115500.000000,108300.000000,113400.000000,25.000000,113400.000000
2021-07-22,111600.000000,113400.000000,108000.000000,109200.000000,4.000000,109200.000000
2021-07-23,111900.000000,112500.000000,105900.000000,109200.000000,13.000000,109200.000000
2021-07-26,108000.000000,111300.000000,106500.000000,107700.000000,19.000000,107700.000000
2021-07-27,106500.000000,108300.000000,98100.000000,100500.000000,24.000000,100500.000000
2021-07-28,102600.000000,112500.000000,102000.000000,110700.000000,52.000000,110700.000000
2021-07-29,110100.000000,111300.000000,106200.000000,108600.000000,11.000000,108600.000000
2021-07-30,108600.000000,110100.000000,101460.000000,102900.000000,18.000000,102900.000000
2021-08-02,105000.000000,108600.000000,102000.000000,106200.000000,10.000000,106200.000000
2021-08-03,108300.000000,108300.000000,101100.000000,104100.000000,10.000000,104100.000000
2021-08-04,104100.000000,106800.000000,99000.000000,99000.000000,16.000000,99000.000000
2021-08-05,100200.000000,108900.000000,100200.000000,108900.000000,34.000000,108900.000000
2021-08-06,109200.000000,109200.000000,101400.000000,105000.000000,13.000000,105000.000000
2021-08-09,104700.000000,106500.000000,102300.000000,105300.000000,13.000000,105300.000000
2021-08-10,104400.000000,108300.000000,102600.000000,107100.000000,12.000000,107100.000000
2021-08-11,106500.000000,107100.000000,101400.000000,105900.000000,9.000000,105900.000000
2021-08-12,104700.000000,104700.000000,102000.000000,104400.000000,6.000000,104400.000000
2021-08-13,105600.000000,105600.000000,101400.000000,102600.000000,7.000000,102600.000000
2021-08-16,102600.000000,106200.000000,99600.000000,100800.000000,14.000000,100800.000000
2021-08-17,101100.000000,101100.000000,94800.000000,96000.000000,12.000000,96000.000000
2021-08-18,95100.000000,100800.000000,91800.000000,97200.000000,24.000000,97200.000000
2021-08-19,95100.000000,96300.000000,90900.000000,93300.000000,19.000000,93300.000000
2021-08-20,93000.000000,96300.000000,92400.000000,95100.000000,14.000000,95100.000000
2021-08-23,96300.000000,97200.000000,93600.000000,95700.000000,20.000000,95700.000000
2021-08-24,97200.000000,102600.000000,95400.000000,99300.000000,27.000000,99300.000000
2021-08-25,99000.000000,101400.000000,96900.000000,98400.000000,11.000000,98400.000000
2021-08-26,98400.000000,100500.000000,96000.000000,97200.000000,7.000000,97200.000000
2021-08-27,96900.000000,100200.000000,96330.000000,97800.000000,7.000000,97800.000000
2021-08-30,100200.000000,101280.000000,95700.000000,98400.000000,10.000000,98400.000000
2021-08-31,97500.000000,105000.000000,97500.000000,102000.000000,13.000000,102000.000000
2021-09-01,102900.000000,106800.000000,101400.000000,101400.000000,9.000000,101400.000000
2021-09-02,103200.000000,106800.000000,102000.000000,103800.000000,12.000000,103800.000000
2021-09-03,103200.000000,104400.000000,99300.000000,100800.000000,4.000000,100800.000000
2021-09-07,100500.000000,112500.000000,100500.000000,105300.000000,39.000000,105300.000000
2021-09-08,108000.000000,109500.000000,95400.000000,101400.000000,27.000000,101400.000000
2021-09-09,100800.000000,103500.000000,99210.000000,101400.000000,7.000000,101400.000000
2021-09-10,101400.000000,102600.000000,99300.000000,100200.000000,6.000000,100200.000000
2021-09-13,101400.000000,101700.000000,97320.000000,99300.000000,88.000000,99300.000000
2021-09-14,105000.000000,111300.000000,87600.000000,94500.000000,247.000000,94500.000000
2021-09-15,93300.000000,95100.000000,90000.000000,90600.000000,28.000000,90600.000000
2021-09-16,91200.000000,91500.000000,85500.000000,90900.000000,35.000000,90900.000000
2021-09-17,91500.000000,93600.000000,89100.000000,89100.000000,20.000000,89100.000000
2021-09-20,85800.000000,87900.000000,84300.000000,85200.000000,14.000000,85200.000000
2021-09-21,85800.000000,92700.000000,85620.000000,92100.000000,28.000000,92100.000000
2021-09-22,91200.000000,93600.000000,89100.000000,89700.000000,12.000000,89700.000000
2021-09-23,91800.000000,94200.000000,90450.000000,92700.000000,13.000000,92700.000000
2021-09-24,91200.000000,92310.000000,88200.000000,89700.000000,19.000000,89700.000000
2021-09-27,88800.000000,93600.000000,87300.000000,90300.000000,19.000000,90300.000000
2021-09-28,89700.000000,92100.000000,83700.000000,84300.000000,26.000000,84300.000000
2021-09-29,84300.000000,86700.000000,79800.000000,81000.000000,28.000000,81000.000000
2021-09-30,81000.000000,89700.000000,80100.000000,84600.000000,32.000000,84600.000000
2021-10-01,84600.000000,85800.000000,81600.000000,85500.000000,10.000000,85500.000000
2021-10-04,84300.000000,84900.000000,77100.000000,81000.000000,21.000000,81000.000000
2021-10-05,82500.000000,85200.000000,78600.000000,83100.000000,30.000000,83100.000000
2021-10-06,82500.000000,82500.000000,78600.000000,81600.000000,18.000000,81600.000000
2021-10-07,83100.000000,84600.000000,81300.000000,83400.000000,14.000000,83400.000000
2021-10-08,83100.000000,84300.000000,81000.000000,81000.000000,25.000000,81000.000000
2021-10-11,87780.000000,91500.000000,87000.000000,89400.000000,41.000000,89400.000000
2021-10-12,89850.000000,92400.000000,84900.000000,85200.000000,22.000000,85200.000000
2021-10-13,86100.000000,90900.000000,85500.000000,88200.000000,16.000000,88200.000000
2021-10-14,90600.000000,92100.000000,89100.000000,90300.000000,20.000000,90300.000000
2021-10-15,90000.000000,90300.000000,87300.000000,87300.000000,8.000000,87300.000000
2021-10-18,87000.000000,87600.000000,85500.000000,86400.000000,8.000000,86400.000000
2021-10-19,86100.000000,96000.000000,85800.000000,92700.000000,47.000000,92700.000000
2021-10-20,93000.000000,93900.000000,87600.000000,88800.000000,19.000000,88800.000000
2021-10-21,87600.000000,93000.000000,86700.000000,89400.000000,20.000000,89400.000000
2021-10-22,87900.000000,88200.000000,83100.000000,85200.000000,15.000000,85200.000000
2021-10-25,85200.000000,87300.000000,83100.000000,85200.000000,8.000000,85200.000000
2021-10-26,85800.000000,87000.000000,82800.000000,83700.000000,9.000000,83700.000000
2021-10-27,83700.000000,84300.000000,80850.000000,81900.000000,9.000000,81900.000000
2021-10-28,81900.000000,83700.000000,81000.000000,83100.000000,6.000000,83100.000000
2021-10-29,81900.000000,83100.000000,79500.000000,80100.000000,9.000000,80100.000000
2021-11-01,81600.000000,85500.000000,79800.000000,85500.000000,16.000000,85500.000000
2021-11-02,84900.000000,85020.000000,80100.000000,82200.000000,13.000000,82200.000000
2021-11-03,83400.000000,84900.000000,81000.000000,83100.000000,13.000000,83100.000000
2021-11-04,84300.000000,84300.000000,79800.000000,81600.000000,14.000000,81600.000000
2021-11-05,81900.000000,82200.000000,73800.000000,77700.000000,33.000000,77700.000000
2021-11-08,79500.000000,80700.000000,77100.000000,79500.000000,54.000000,79500.000000
2021-11-09,81000.000000,85800.000000,76500.000000,84000.000000,38.000000,84000.000000
2021-11-10,81300.000000,84510.000000,78600.000000,79500.000000,29.000000,79500.000000
2021-11-11,79500.000000,81900.000000,76800.000000,79200.000000,34.000000,79200.000000
2021-11-12,82500.000000,87900.000000,81300.000000,86700.000000,112.000000,86700.000000
2021-11-15,104400.000000,116400.000000,92400.000000,97800.000000,1169.000000,97800.000000
2021-11-16,89850.000000,94200.000000,85800.000000,90000.000000,110.000000,90000.000000
2021-11-17,89100.000000,93000.000000,87300.000000,88500.000000,41.000000,88500.000000
2021-11-18,88500.000000,88500.000000,79500.000000,80400.000000,34.000000,80400.000000
2021-11-19,80400.000000,84000.000000,77100.000000,77400.000000,42.000000,77400.000000
2021-11-22,77310.000000,77850.000000,69300.000000,71700.000000,52.000000,71700.000000
2021-11-23,71700.000000,76500.000000,68400.000000,73500.000000,50.000000,73500.000000
2021-11-24,71400.000000,75000.000000,69900.000000,73800.000000,20.000000,73800.000000
2021-11-26,71700.000000,72600.000000,68700.000000,70500.000000,23.000000,70500.000000
2021-11-29,70500.000000,72900.000000,67500.000000,70800.000000,28.000000,70800.000000
2021-11-30,70800.000000,71100.000000,66600.000000,69600.000000,18.000000,69600.000000
2021-12-01,69600.000000,71400.000000,63600.000000,64500.000000,17.000000,64500.000000
2021-12-02,64200.000000,66600.000000,61500.000000,66600.000000,19.000000,66600.000000
2021-12-03,66600.000000,70200.000000,63900.000000,67800.000000,34.000000,67800.000000
2021-12-06,67500.000000,68100.000000,63300.000000,66000.000000,16.000000,66000.000000
2021-12-07,66300.000000,69900.000000,66300.000000,67200.000000,18.000000,67200.000000
2021-12-08,67200.000000,70500.000000,65400.000000,68100.000000,19.000000,68100.000000
2021-12-09,69000.000000,70200.000000,64200.000000,65400.000000,20.000000,65400.000000
2021-12-10,64800.000000,66000.000000,63300.000000,63900.000000,10.000000,63900.000000
2021-12-13,62700.000000,64200.000000,60900.000000,63000.000000,22.000000,63000.000000
2021-12-14,60600.000000,62100.000000,57600.000000,61200.000000,23.000000,61200.000000
2021-12-15,61200.000000,63150.000000,57900.000000,61800.000000,24.000000,61800.000000
2021-12-16,62700.000000,63900.000000,60600.000000,60600.000000,14.000000,60600.000000
2021-12-17,59700.000000,61500.000000,57300.000000,58200.000000,37.000000,58200.000000
2021-12-20,58500.000000,60600.000000,56730.000000,58500.000000,23.000000,58500.000000
2021-12-21,58200.000000,61800.000000,58200.000000,60000.000000,20.000000,60000.000000
2021-12-22,59100.000000,64500.000000,59100.000000,64500.000000,19.000000,64500.000000
2021-12-23,64200.000000,64950.000000,61500.000000,61800.000000,15.000000,61800.000000
2021-12-27,61200.000000,62400.000000,60300.000000,60600.000000,13.000000,60600.000000
2021-12-28,60000.000000,60900.000000,57900.000000,58200.000000,17.000000,58200.000000
2021-12-29,57600.000000,57600.000000,53130.000000,53400.000000,38.000000,53400.000000
2021-12-30,53400.000000,55470.000000,53100.000000,54300.000000,26.000000,54300.000000
2021-12-31,54600.000000,55800.000000,51900.000000,52500.000000,41.000000,52500.000000
2022-01-03,52500.000000,57450.000000,52500.000000,56700.000000,26.000000,56700.000000
2022-01-04,57300.000000,57600.000000,53700.000000,54000.000000,16.000000,54000.000000
2022-01-05,54000.000000,55200.000000,50700.000000,51000.000000,13.000000,51000.000000
2022-01-06,50400.000000,52200.000000,48600.000000,50700.000000,10.000000,50700.000000
2022-01-07,50100.000000,53400.000000,49800.000000,51600.000000,9.000000,51600.000000
2022-01-10,51000.000000,53700.000000,49500.000000,52200.000000,17.000000,52200.000000
2022-01-11,51300.000000,54000.000000,50700.000000,54000.000000,12.000000,54000.000000
2022-01-12,52200.000000,54600.000000,51900.000000,52200.000000,7.000000,52200.000000
2022-01-13,51900.000000,56100.000000,50100.000000,50400.000000,18.000000,50400.000000
2022-01-14,50100.000000,50670.000000,47100.000000,48600.000000,19.000000,48600.000000
2022-01-18,48300.000000,48600.000000,45000.000000,46800.000000,18.000000,46800.000000
2022-01-19,46500.000000,46650.000000,43800.000000,44400.000000,15.000000,44400.000000
2022-01-20,44100.000000,48900.000000,44100.000000,44700.000000,31.000000,44700.000000
2022-01-21,45300.000000,45300.000000,41700.000000,43500.000000,17.000000,43500.000000
2022-01-24,41100.000000,42600.000000,37800.000000,42000.000000,22.000000,42000.000000
2022-01-25,41700.000000,43500.000000,40800.000000,42300.000000,5.000000,42300.000000
2022-01-26,42600.000000,44700.000000,40200.000000,41100.000000,11.000000,41100.000000
2022-01-27,40800.000000,42300.000000,38100.000000,38100.000000,9.000000,38100.000000
2022-01-28,38400.000000,39600.000000,36600.000000,38400.000000,12.000000,38400.000000
2022-01-31,38100.000000,42600.000000,38100.000000,41100.000000,11.000000,41100.000000
2022-02-01,42000.000000,45300.000000,41250.000000,44700.000000,13.000000,44700.000000
2022-02-02,44700.000000,45000.000000,40500.000000,40500.000000,9.000000,40500.000000
2022-02-03,39300.000000,40800.000000,38700.000000,39600.000000,7.000000,39600.000000
2022-02-04,39600.000000,42900.000000,39000.000000,42300.000000,13.000000,42300.000000
2022-02-07,42000.000000,44100.000000,41100.000000,41400.000000,8.000000,41400.000000
2022-02-08,41400.000000,43200.000000,41400.000000,42600.000000,6.000000,42600.000000
2022-02-09,43800.000000,49500.000000,43800.000000,45600.000000,22.000000,45600.000000
2022-02-10,44700.000000,47100.000000,43200.000000,43500.000000,19.000000,43500.000000
2022-02-11,44100.000000,45600.000000,41700.000000,42600.000000,13.000000,42600.000000
2022-02-14,42600.000000,42720.000000,39300.000000,40500.000000,14.000000,40500.000000
2022-02-15,41100.000000,43800.000000,40500.000000,42600.000000,9.000000,42600.000000
2022-02-16,42600.000000,43500.000000,41100.000000,42600.000000,11.000000,42600.000000
2022-02-17,42000.000000,42600.000000,39900.000000,40500.000000,10.000000,40500.000000
2022-02-18,40800.000000,40800.000000,36600.000000,38100.000000,16.000000,38100.000000
2022-02-22,37200.000000,37800.000000,35100.000000,36000.000000,13.000000,36000.000000
2022-02-23,36600.000000,36900.000000,30600.000000,31200.000000,43.000000,31200.000000
2022-02-24,29100.000000,33900.000000,28650.000000,33300.000000,14.000000,33300.000000
2022-02-25,33900.000000,34200.000000,31800.000000,32400.000000,12.000000,32400.000000
2022-02-28,31200.000000,34500.000000,31200.000000,34500.000000,7.000000,34500.000000
2022-03-01,34500.000000,35370.000000,33300.000000,33600.000000,7.000000,33600.000000
2022-03-02,33300.000000,35040.000000,32700.000000,33600.000000,7.000000,33600.000000
2022-03-03,33900.000000,34500.000000,32700.000000,33600.000000,5.000000,33600.000000
2022-03-04,33000.000000,33000.000000,30600.000000,31200.000000,11.000000,31200.000000
2022-03-07,30900.000000,32100.000000,30300.000000,30300.000000,8.000000,30300.000000
2022-03-08,30600.000000,32400.000000,29400.000000,30600.000000,15.000000,30600.000000
2022-03-09,30900.000000,33300.000000,30900.000000,32100.000000,9.000000,32100.000000
2022-03-10,32400.000000,35100.000000,31500.000000,33600.000000,14.000000,33600.000000
2022-03-11,34500.000000,34500.000000,31800.000000,32400.000000,7.000000,32400.000000
2022-03-14,32400.000000,32400.000000,29250.000000,30000.000000,13.000000,30000.000000
2022-03-15,30300.000000,31200.000000,29700.000000,30300.000000,3.000000,30300.000000
2022-03-16,31200.000000,35100.000000,31200.000000,33600.000000,27.000000,33600.000000
2022-03-17,33000.000000,34230.000000,31800.000000,32700.000000,7.000000,32700.000000
2022-03-18,33000.000000,35100.000000,31800.000000,31800.000000,24.000000,31800.000000
2022-03-21,34200.000000,35700.000000,32400.000000,34200.000000,26.000000,34200.000000
2022-03-22,32700.000000,33600.000000,30300.000000,33000.000000,30.000000,33000.000000
2022-03-23,34200.000000,36600.000000,33900.000000,34500.000000,15.000000,34500.000000
2022-03-24,34200.000000,44100.000000,32100.000000,41100.000000,240.000000,41100.000000
2022-03-25,43200.000000,44100.000000,35400.000000,39900.000000,288.000000,39900.000000
2022-03-28,35700.000000,36900.000000,33900.000000,34200.000000,82.000000,34200.000000
2022-03-29,33600.000000,38400.000000,33300.000000,36300.000000,63.000000,36300.000000
2022-03-30,35100.000000,40500.000000,33900.000000,34800.000000,122.000000,34800.000000
2022-03-31,34800.000000,34800.000000,33150.000000,34200.000000,23.000000,34200.000000
2022-04-01,34500.000000,36900.000000,33600.000000,33900.000000,47.000000,33900.000000
2022-04-04,34500.000000,34500.000000,32850.000000,33300.000000,15.000000,33300.000000
2022-04-05,32700.000000,33300.000000,30300.000000,31200.000000,40.000000,31200.000000
2022-04-06,30900.000000,33000.000000,30600.000000,31800.000000,35.000000,31800.000000
2022-04-07,31500.000000,32400.000000,30300.000000,31200.000000,15.000000,31200.000000
2022-04-08,30600.000000,30900.000000,30000.000000,30300.000000,11.000000,30300.000000
2022-04-11,30000.000000,30000.000000,27900.000000,28380.000000,21.000000,28380.000000
2022-04-12,28740.000000,30600.000000,27990.000000,28440.000000,12.000000,28440.000000
2022-04-13,28980.000000,29400.000000,28110.000000,29100.000000,8.000000,29100.000000
2022-04-14,29100.000000,29100.000000,26730.000000,27480.000000,19.000000,27480.000000
2022-04-18,28560.000000,28800.000000,25500.000000,25800.000000,19.000000,25800.000000
2022-04-19,25800.000000,26820.000000,25500.000000,26190.000000,10.000000,26190.000000
2022-04-20,26370.000000,26550.000000,24960.000000,25170.000000,17.000000,25170.000000
2022-04-21,25200.000000,26070.000000,23130.000000,23490.000000,14.000000,23490.000000
2022-04-22,23400.000000,23850.000000,22800.000000,22920.000000,7.000000,22920.000000
2022-04-25,23100.000000,23700.000000,21690.000000,22380.000000,12.000000,22380.000000
2022-04-26,22380.000000,22380.000000,20490.000000,21000.000000,10.000000,21000.000000
2022-04-27,21030.000000,21330.000000,19500.000000,19950.000000,16.000000,19950.000000
2022-04-28,21000.000000,21000.000000,19200.000000,20550.000000,11.000000,20550.000000
2022-04-29,21300.000000,21300.000000,20400.000000,20400.000000,6.000000,20400.000000
2022-05-02,21000.000000,21000.000000,20220.000000,20520.000000,5.000000,20520.000000
2022-05-03,20700.000000,21000.000000,19500.000000,20070.000000,10.000000,20070.000000
2022-05-04,20100.000000,20850.000000,19650.000000,20340.000000,10.000000,20340.000000
2022-05-05,20700.000000,21000.000000,19050.000000,19710.000000,7.000000,19710.000000
2022-05-06,19800.000000,20460.000000,17700.000000,18600.000000,15.000000,18600.000000
2022-05-09,18600.000000,18600.000000,15750.000000,16080.000000,13.000000,16080.000000
2022-05-10,16200.000000,16200.000000,13200.000000,13800.000000,32.000000,13800.000000
2022-05-11,13500.000000,13500.000000,11700.000000,12210.000000,23.000000,12210.000000
2022-05-12,13560.000000,13680.000000,11700.000000,12390.000000,10.000000,12390.000000
2022-05-13,13470.000000,13470.000000,12000.000000,13260.000000,11.000000,13260.000000
2022-05-16,12000.000000,15000.000000,12000.000000,13800.000000,30.000000,13800.000000
2022-05-17,14790.000000,15000.000000,12870.000000,13110.000000,31.000000,13110.000000
2022-05-18,13500.000000,13740.000000,12030.000000,12120.000000,9.000000,12120.000000
2022-05-19,11970.000000,13050.000000,11970.000000,13050.000000,13.000000,13050.000000
2022-05-20,12900.000000,12900.000000,11790.000000,12000.000000,11.000000,12000.000000
2022-05-23,11850.000000,12000.000000,11700.000000,11820.000000,7.000000,11820.000000
2022-05-24,11700.000000,11910.000000,10680.000000,11490.000000,7.000000,11490.000000
2022-05-25,11400.000000,11700.000000,11100.000000,11700.000000,5.000000,11700.000000
2022-05-26,11400.000000,12300.000000,11400.000000,12270.000000,5.000000,12270.000000
2022-05-27,12030.000000,13500.000000,11700.000000,12690.000000,67.000000,12690.000000
2022-05-31,12540.000000,12900.000000,11490.000000,12000.000000,14.000000,12000.000000
2022-06-01,12300.000000,12600.000000,12000.000000,12330.000000,6.000000,12330.000000
2022-06-02,12780.000000,12780.000000,11640.000000,12240.000000,9.000000,12240.000000
2022-06-03,12600.000000,15000.000000,12030.000000,12780.000000,12.000000,12780.000000
2022-06-06,12840.000000,13200.000000,12000.000000,12600.000000,6.000000,12600.000000
2022-06-07,12600.000000,13110.000000,12180.000000,12600.000000,7.000000,12600.000000
2022-06-08,12570.000000,13200.000000,12330.000000,13170.000000,9.000000,13170.000000
2022-06-09,13200.000000,13500.000000,12600.000000,13200.000000,6.000000,13200.000000
2022-06-10,13050.000000,13200.000000,12000.000000,12210.000000,10.000000,12210.000000
2022-06-13,12000.000000,12420.000000,11400.000000,11490.000000,5.000000,11490.000000
2022-06-14,11400.000000,12000.000000,11040.000000,11040.000000,13.000000,11040.000000
2022-06-15,11400.000000,11760.000000,10500.000000,10800.000000,10.000000,10800.000000
2022-06-16,11190.000000,11730.000000,9000.000000,9900.000000,14.000000,9900.000000
2022-06-17,10110.000000,10110.000000,9600.000000,9780.000000,12.000000,9780.000000
2022-06-21,9900.000000,10860.000000,9840.000000,10470.000000,11.000000,10470.000000
2022-06-22,10170.000000,10320.000000,9690.000000,9720.000000,15.000000,9720.000000
2022-06-23,9600.000000,12600.000000,9600.000000,11160.000000,16.000000,11160.000000
2022-06-24,11940.000000,12120.000000,10800.000000,10800.000000,9.000000,10800.000000
2022-06-27,11490.000000,11790.000000,10200.000000,10200.000000,9.000000,10200.000000
2022-06-28,10200.000000,10230.000000,9060.000000,9150.000000,15.000000,9150.000000
2022-06-29,9300.000000,9450.000000,8700.000000,8820.000000,17.000000,8820.000000
2022-06-30,4440.000000,4620.000000,3900.000000,4140.000000,2358.000000,4140.000000
2022-07-01,4320.000000,4830.000000,4140.000000,4530.000000,1268.000000,4530.000000
2022-07-05,4290.000000,5190.000000,4260.000000,4920.000000,804.000000,4920.000000
2022-07-06,4860.000000,5220.000000,4500.000000,4890.000000,792.000000,4890.000000
2022-07-07,4890.000000,5280.000000,4650.000000,4860.000000,524.000000,4860.000000
2022-07-08,4860.000000,5460.000000,4800.000000,5100.000000,748.000000,5100.000000
2022-07-11,5040.000000,5040.000000,4560.000000,4680.000000,405.000000,4680.000000
2022-07-12,4740.000000,4770.000000,4290.000000,4590.000000,294.000000,4590.000000
2022-07-13,4440.000000,4560.000000,4350.000000,4440.000000,131.000000,4440.000000
2022-07-14,4470.000000,6810.000000,4350.000000,5400.000000,2868.000000,5400.000000
2022-07-15,5520.000000,5550.000000,4890.000000,5100.000000,579.000000,5100.000000
2022-07-18,5100.000000,5790.000000,4830.000000,5160.000000,728.000000,5160.000000
2022-07-19,4860.000000,5250.000000,4620.000000,4800.000000,590.000000,4800.000000
2022-07-20,4710.000000,5400.000000,4710.000000,5040.000000,652.000000,5040.000000
2022-07-21,5100.000000,5250.000000,4890.000000,5070.000000,316.000000,5070.000000
2022-07-22,4980.000000,5070.000000,4500.000000,4560.000000,235.000000,4560.000000
2022-07-25,4800.000000,5220.000000,4650.000000,4800.000000,460.000000,4800.000000
2022-07-26,4680.000000,4710.000000,4140.000000,4260.000000,679.000000,4260.000000
2022-07-27,4350.000000,4530.000000,4260.000000,4290.000000,252.000000,4290.000000
2022-07-28,4200.000000,4380.000000,4110.000000,4230.000000,237.000000,4230.000000
2022-07-29,4140.000000,4500.000000,4050.000000,4380.000000,292.000000,4380.000000
2022-08-01,4350.000000,4500.000000,4170.000000,4200.000000,122.000000,4200.000000
2022-08-02,4140.000000,4410.000000,4110.000000,4200.000000,340.000000,4200.000000
2022-08-03,4350.000000,4500.000000,4230.000000,4350.000000,152.000000,4350.000000
2022-08-04,4500.000000,4710.000000,4230.000000,4620.000000,167.000000,4620.000000
2022-08-05,4590.000000,4650.000000,4440.000000,4470.000000,105.000000,4470.000000
2022-08-08,4500.000000,4950.000000,4440.000000,4860.000000,263.000000,4860.000000
2022-08-09,4800.000000,4830.000000,4530.000000,4560.000000,115.000000,4560.000000
2022-08-10,4680.000000,4800.000000,4560.000000,4740.000000,260.000000,4740.000000
2022-08-11,4680.000000,4950.000000,4560.000000,4800.000000,216.000000,4800.000000
2022-08-12,4590.000000,4920.000000,4530.000000,4620.000000,198.000000,4620.000000
2022-08-15,4560.000000,5190.000000,4560.000000,4890.000000,500.000000,4890.000000
2022-08-16,4950.000000,4950.000000,4620.000000,4650.000000,186.000000,4650.000000
2022-08-17,4590.000000,5010.000000,4530.000000,4560.000000,304.000000,4560.000000
2022-08-18,4530.000000,4620.000000,4050.000000,4260.000000,179.000000,4260.000000
2022-08-19,4380.000000,4380.000000,3930.000000,3990.000000,189.000000,3990.000000
2022-08-22,3930.000000,3960.000000,3630.000000,3690.000000,309.000000,3690.000000
2022-08-23,3720.000000,3780.000000,3660.000000,3750.000000,90.000000,3750.000000
2022-08-24,3750.000000,3960.000000,3630.000000,3810.000000,99.000000,3810.000000
2022-08-25,3780.000000,4110.000000,3780.000000,4110.000000,218.000000,4110.000000
2022-08-26,4140.000000,4140.000000,3780.000000,3810.000000,203.000000,3810.000000
2022-08-29,3810.000000,3960.000000,3750.000000,3810.000000,131.000000,3810.000000
2022-08-30,3720.000000,3780.000000,3570.000000,3570.000000,208.000000,3570.000000
2022-08-31,3630.000000,5340.000000,3630.000000,4620.000000,1639.000000,4620.000000
2022-09-01,4500.000000,4500.000000,3630.000000,3750.000000,618.000000,3750.000000
2022-09-02,3900.000000,3900.000000,3600.000000,3630.000000,284.000000,3630.000000
2022-09-06,3600.000000,3660.000000,3360.000000,3360.000000,237.000000,3360.000000
2022-09-07,3360.000000,3390.000000,3210.000000,3330.000000,156.000000,3330.000000
2022-09-08,3150.000000,3390.000000,3150.000000,3360.000000,118.000000,3360.000000
2022-09-09,3330.000000,3660.000000,3330.000000,3540.000000,122.000000,3540.000000
2022-09-12,3390.000000,3660.000000,3390.000000,3600.000000,122.000000,3600.000000
2022-09-13,3540.000000,4320.000000,3330.000000,3900.000000,892.000000,3900.000000
2022-09-14,5700.000000,7140.000000,4710.000000,4950.000000,9745.000000,4950.000000
2022-09-15,4380.000000,4650.000000,3930.000000,4170.000000,1152.000000,4170.000000
2022-09-16,3930.000000,4200.000000,3750.000000,3900.000000,522.000000,3900.000000
2022-09-19,3900.000000,4050.000000,3450.000000,3570.000000,378.000000,3570.000000
2022-09-20,3540.000000,4020.000000,3360.000000,3600.000000,503.000000,3600.000000
2022-09-21,3570.000000,3660.000000,3180.000000,3390.000000,321.000000,3390.000000
2022-09-22,3300.000000,3420.000000,3180.000000,3360.000000,174.000000,3360.000000
2022-09-23,3300.000000,3300.000000,3090.000000,3150.000000,221.000000,3150.000000
2022-09-26,3210.000000,3390.000000,3060.000000,3060.000000,166.000000,3060.000000
2022-09-27,3000.000000,3240.000000,2640.000000,3000.000000,268.000000,3000.000000
2022-09-28,3000.000000,3150.000000,2940.000000,3090.000000,95.000000,3090.000000
2022-09-29,2730.000000,3090.000000,2730.000000,2820.000000,128.000000,2820.000000
2022-09-30,2760.000000,2820.000000,2640.000000,2700.000000,102.000000,2700.000000
2022-10-03,2610.000000,3150.000000,2610.000000,2820.000000,89.000000,2820.000000
2022-10-04,3000.000000,3240.000000,2910.000000,3090.000000,119.000000,3090.000000
2022-10-05,3090.000000,3120.000000,2730.000000,2910.000000,73.000000,2910.000000
2022-10-06,3060.000000,4140.000000,2910.000000,3420.000000,908.000000,3420.000000
2022-10-07,3870.000000,3900.000000,2940.000000,3030.000000,1044.000000,3030.000000
2022-10-10,3030.000000,3030.000000,2790.000000,2850.000000,222.000000,2850.000000
2022-10-11,2790.000000,3000.000000,2730.000000,2820.000000,177.000000,2820.000000
2022-10-12,2880.000000,2910.000000,2670.000000,2880.000000,200.000000,2880.000000
2022-10-13,2940.000000,2940.000000,2700.000000,2790.000000,116.000000,2790.000000
2022-10-14,2850.000000,2910.000000,2730.000000,2790.000000,72.000000,2790.000000
2022-10-17,2730.000000,3120.000000,2730.000000,2850.000000,197.000000,2850.000000
2022-10-18,3060.000000,3180.000000,2970.000000,3030.000000,171.000000,3030.000000
2022-10-19,3000.000000,3120.000000,2670.000000,2760.000000,190.000000,2760.000000
2022-10-20,2880.000000,3000.000000,2760.000000,2850.000000,117.000000,2850.000000
2022-10-21,2850.000000,2910.000000,2760.000000,2910.000000,62.000000,2910.000000
2022-10-24,2820.000000,2910.000000,2700.000000,2850.000000,105.000000,2850.000000
2022-10-25,2970.000000,3000.000000,2760.000000,2970.000000,149.000000,2970.000000
2022-10-26,3000.000000,3300.000000,2730.000000,3030.000000,161.000000,3030.000000
2022-10-27,3000.000000,3180.000000,2970.000000,3030.000000,81.000000,3030.000000
2022-10-28,2940.000000,3000.000000,2820.000000,2970.000000,48.000000,2970.000000
2022-10-31,3000.000000,3210.000000,2820.000000,3000.000000,327.000000,3000.000000
2022-11-01,3270.000000,4200.000000,3090.000000,3150.000000,898.000000,3150.000000
2022-11-02,3120.000000,3150.000000,2850.000000,2970.000000,213.000000,2970.000000
2022-11-03,2880.000000,3090.000000,2850.000000,2940.000000,125.000000,2940.000000
2022-11-04,2820.000000,3120.000000,2820.000000,3030.000000,122.000000,3030.000000
2022-11-07,3000.000000,3120.000000,1800.000000,2370.000000,365.000000,2370.000000
2022-11-08,2175.000000,2190.000000,1950.000000,2055.000000,269.000000,2055.000000
2022-11-09,1905.000000,2205.000000,1845.000000,1995.000000,409.000000,1995.000000
2022-11-10,2085.000000,2145.000000,1965.000000,2010.000000,147.000000,2010.000000
2022-11-11,1995.000000,2370.000000,1980.000000,2130.000000,422.000000,2130.000000
2022-11-14,2595.000000,2595.000000,1891.500000,1995.000000,507.000000,1995.000000
2022-11-15,2010.000000,2040.000000,1875.000000,1920.000000,171.000000,1920.000000
2022-11-16,1890.000000,1920.000000,1710.000000,1740.000000,233.000000,1740.000000
2022-11-17,1695.000000,1785.000000,1651.500000,1725.000000,140.000000,1725.000000
2022-11-18,1770.000000,1830.000000,1582.500000,1620.000000,157.000000,1620.000000
2022-11-21,1590.000000,1590.000000,1380.000000,1530.000000,153.000000,1530.000000
2022-11-22,1545.000000,1560.000000,1440.000000,1485.000000,94.000000,1485.000000
2022-11-23,1455.000000,1512.000000,1299.000000,1342.500000,197.000000,1342.500000
2022-11-25,1395.000000,1414.500000,1356.000000,1372.500000,39.000000,1372.500000
2022-11-28,1333.500000,1384.500000,1291.500000,1309.500000,79.000000,1309.500000
2022-11-29,1275.000000,1560.000000,1275.000000,1308.000000,161.000000,1308.000000
2022-11-30,1338.000000,1354.500000,1230.000000,1290.000000,126.000000,1290.000000
2022-12-01,1318.500000,1470.000000,1225.500000,1417.500000,367.000000,1417.500000
2022-12-02,1410.000000,1620.000000,1305.000000,1590.000000,789.000000,1590.000000
2022-12-05,1635.000000,1980.000000,1440.000000,1482.000000,970.000000,1482.000000
2022-12-06,1560.000000,1560.000000,1500.000000,1500.000000,283.000000,1500.000000
2022-12-07,1485.000000,1485.000000,1276.500000,1338.000000,125.000000,1338.000000
2022-12-08,1308.000000,1380.000000,1291.500000,1309.500000,114.000000,1309.500000
2022-12-09,1330.500000,1560.000000,1305.000000,1500.000000,131.000000,1500.000000
2022-12-12,1470.000000,1585.500000,1455.000000,1545.000000,119.000000,1545.000000
2022-12-13,1515.000000,1650.000000,1455.000000,1500.000000,124.000000,1500.000000
2022-12-14,1450.500000,1530.000000,1350.000000,1393.500000,139.000000,1393.500000
2022-12-15,1351.500000,1383.000000,1275.000000,1333.500000,73.000000,1333.500000
2022-12-16,1290.000000,1387.500000,1290.000000,1387.500000,119.000000,1387.500000
2022-12-19,1335.000000,1395.000000,1306.500000,1369.500000,27.000000,1369.500000
2022-12-20,1290.000000,1350.000000,1240.500000,1240.500000,108.000000,1240.500000
2022-12-21,1260.000000,1290.000000,1233.000000,1260.000000,27.000000,1260.000000
2022-12-22,1260.000000,1290.000000,1140.000000,1185.000000,83.000000,1185.000000
2022-12-23,1179.000000,1257.000000,1174.500000,1188.000000,21.000000,1188.000000
2022-12-27,1185.000000,1185.000000,1050.000000,1102.500000,77.000000,1102.500000
2022-12-28,1155.000000,1170.000000,1065.000000,1074.000000,57.000000,1074.000000
2022-12-29,1050.000000,1140.000000,1021.500000,1077.000000,68.000000,1077.000000
2022-12-30,1080.000000,1140.000000,993.000000,1035.000000,65.000000,1035.000000
2023-01-03,1050.000000,1110.000000,1033.500000,1072.500000,45.000000,1072.500000
2023-01-04,1050.000000,1162.500000,1035.000000,1095.000000,89.000000,1095.000000
2023-01-05,1093.500000,1245.000000,1093.500000,1207.500000,94.000000,1207.500000
2023-01-06,1203.000000,1335.000000,1185.000000,1290.000000,72.000000,1290.000000
2023-01-09,1380.000000,1410.000000,1290.000000,1366.500000,43.000000,1366.500000
2023-01-10,1275.000000,1455.000000,1275.000000,1452.000000,47.000000,1452.000000
2023-01-11,1395.000000,1488.000000,1378.500000,1485.000000,1094.000000,1485.000000
2023-01-12,2025.000000,3075.000000,1830.000000,2475.000000,15355.000000,2475.000000
2023-01-13,2250.000000,2475.000000,2100.000000,2430.000000,886.000000,2430.000000
2023-01-17,2415.000000,2685.000000,2160.000000,2550.000000,592.000000,2550.000000
2023-01-18,2445.000000,2625.000000,2280.000000,2355.000000,180.000000,2355.000000
2023-01-19,2325.000000,2325.000000,1785.000000,2295.000000,180.000000,2295.000000
2023-01-20,2160.000000,2310.000000,1950.000000,2085.000000,158.000000,2085.000000
2023-01-23,2085.000000,2310.000000,2025.000000,2310.000000,156.000000,2310.000000
2023-01-24,2265.000000,2355.000000,2070.000000,2265.000000,68.000000,2265.000000
2023-01-25,2250.000000,2550.000000,2205.000000,2535.000000,129.000000,2535.000000
2023-01-26,2505.000000,2700.000000,2505.000000,2670.000000,170.000000,2670.000000
2023-01-27,3075.000000,3450.000000,1830.000000,1830.000000,1357.000000,1830.000000
2023-01-30,1845.000000,1890.000000,1575.000000,1620.000000,551.000000,1620.000000
2023-01-31,1650.000000,1770.000000,1605.000000,1650.000000,336.000000,1650.000000
2023-02-01,1635.000000,1740.000000,1545.000000,1635.000000,279.000000,1635.000000
2023-02-02,1740.000000,1785.000000,1620.000000,1680.000000,257.000000,1680.000000
2023-02-03,1635.000000,1725.000000,1500.000000,1590.000000,271.000000,1590.000000
2023-02-06,1530.000000,1590.000000,1530.000000,1560.000000,94.000000,1560.000000
2023-02-07,1575.000000,1620.000000,1425.000000,1440.000000,161.000000,1440.000000
2023-02-08,1425.000000,1462.500000,1260.000000,1275.000000,165.000000,1275.000000
2023-02-09,1290.000000,1440.000000,1275.000000,1395.000000,433.000000,1395.000000
2023-02-10,1384.500000,1384.500000,1230.000000,1230.000000,161.000000,1230.000000
2023-02-13,1230.000000,1356.000000,1230.000000,1327.500000,128.000000,1327.500000
2023-02-14,1312.500000,1377.000000,1275.000000,1320.000000,48.000000,1320.000000
2023-02-15,1324.500000,1423.500000,1309.500000,1410.000000,67.000000,1410.000000
2023-02-16,1368.000000,1635.000000,1350.000000,1425.000000,349.000000,1425.000000
2023-02-17,1497.000000,1545.000000,1441.500000,1500.000000,87.000000,1500.000000
2023-02-21,1455.000000,1530.000000,1395.000000,1452.000000,73.000000,1452.000000
2023-02-22,1410.000000,1455.000000,1380.000000,1410.000000,23.000000,1410.000000
2023-02-23,1408.500000,1530.000000,1351.500000,1435.500000,67.000000,1435.500000
2023-02-24,1410.000000,1465.500000,1380.000000,1395.000000,28.000000,1395.000000
2023-02-27,1350.000000,1485.000000,1350.000000,1360.500000,64.000000,1360.500000
2023-02-28,1425.000000,1425.000000,1356.000000,1357.500000,29.000000,1357.500000
2023-03-01,1356.000000,1395.000000,1275.000000,1348.500000,40.000000,1348.500000
2023-03-02,1320.000000,1408.500000,1305.000000,1390.500000,53.000000,1390.500000
2023-03-03,1380.000000,1429.500000,1347.000000,1347.000000,36.000000,1347.000000
2023-03-06,1384.500000,1395.000000,1350.000000,1363.500000,12.000000,1363.500000
2023-03-07,1335.000000,1350.000000,1320.000000,1347.000000,9.000000,1347.000000
2023-03-08,1320.000000,1380.000000,1305.000000,1380.000000,17.000000,1380.000000
2023-03-09,1380.000000,1380.000000,1305.000000,1320.000000,19.000000,1320.000000
2023-03-10,1302.000000,1410.000000,1275.000000,1290.000000,58.000000,1290.000000
2023-03-13,1246.500000,1282.500000,1140.000000,1201.500000,105.000000,1201.500000
2023-03-14,1201.500000,1350.000000,1201.500000,1245.000000,38.000000,1245.000000
2023-03-15,1260.000000,1290.000000,1203.000000,1245.000000,22.000000,1245.000000
2023-03-16,1200.000000,1290.000000,1200.000000,1275.000000,15.000000,1275.000000
2023-03-17,1320.000000,1470.000000,1020.000000,1113.000000,203.000000,1113.000000
2023-03-20,1125.000000,1231.500000,1125.000000,1170.000000,29.000000,1170.000000
2023-03-21,1185.000000,1185.000000,1110.000000,1162.500000,25.000000,1162.500000
2023-03-22,1245.000000,1245.000000,1162.500000,1170.000000,32.000000,1170.000000
2023-03-23,1170.000000,1230.000000,1170.000000,1170.000000,31.000000,1170.000000
2023-03-24,1140.000000,1200.000000,1126.500000,1182.000000,13.000000,1182.000000
2023-03-27,1140.000000,1275.000000,1140.000000,1215.000000,19.000000,1215.000000
2023-03-28,1290.000000,1305.000000,1170.000000,1194.000000,20.000000,1194.000000
2023-03-29,1162.500000,1275.000000,1110.000000,1213.500000,95.000000,1213.500000
2023-03-30,1185.000000,1275.000000,1185.000000,1215.000000,17.000000,1215.000000
2023-03-31,1227.000000,1260.000000,1161.000000,1200.000000,16.000000,1200.000000
2023-04-03,1215.000000,1290.000000,1200.000000,1275.000000,66.000000,1275.000000
2023-04-04,1237.500000,1350.000000,1218.000000,1260.000000,16.000000,1260.000000
2023-04-05,1290.000000,1335.000000,1125.000000,1200.000000,26.000000,1200.000000
2023-04-06,1200.000000,1245.000000,1128.000000,1215.000000,21.000000,1215.000000
2023-04-10,1260.000000,1275.000000,1141.500000,1200.000000,49.000000,1200.000000
2023-04-11,1200.000000,1245.000000,1126.500000,1237.500000,25.000000,1237.500000
2023-04-12,1233.000000,1245.000000,1185.000000,1206.000000,14.000000,1206.000000
2023-04-13,1183.500000,1260.000000,1183.500000,1210.500000,43.000000,1210.500000
2023-04-14,1260.000000,1260.000000,1207.500000,1218.000000,46.000000,1218.000000
2023-04-17,1275.000000,1275.000000,1200.000000,1227.000000,8.000000,1227.000000
2023-04-18,1245.000000,1335.000000,1200.000000,1275.000000,55.000000,1275.000000
2023-04-19,1230.000000,1267.500000,1215.000000,1236.000000,15.000000,1236.000000
2023-04-20,1245.000000,1335.000000,1186.500000,1215.000000,13.000000,1215.000000
2023-04-21,1170.000000,1230.000000,1170.000000,1171.500000,12.000000,1171.500000
2023-04-24,1155.000000,1230.000000,1155.000000,1156.500000,11.000000,1156.500000
2023-04-25,1156.500000,1177.500000,1125.000000,1126.500000,15.000000,1126.500000
2023-04-26,1182.000000,1182.000000,1125.000000,1128.000000,49.000000,1128.000000
2023-04-27,1125.000000,1192.500000,1125.000000,1147.500000,32.000000,1147.500000
2023-04-28,1140.000000,1155.000000,1125.000000,1125.000000,72.000000,1125.000000
2023-05-01,1170.000000,1249.500000,1155.000000,1170.000000,62.000000,1170.000000
2023-05-02,1140.000000,1189.500000,1125.000000,1134.000000,31.000000,1134.000000
2023-05-03,1155.000000,1197.000000,1132.500000,1155.000000,33.000000,1155.000000
2023-05-04,1140.000000,1200.000000,1125.000000,1165.500000,74.000000,1165.500000
2023-05-05,1200.000000,1200.000000,1132.500000,1155.000000,53.000000,1155.000000
2023-05-08,1158.000000,1192.500000,1125.000000,1174.500000,43.000000,1174.500000
2023-05-09,1174.500000,1177.500000,1125.000000,1155.000000,23.000000,1155.000000
2023-05-10,1185.000000,1185.000000,1140.000000,1155.000000,22.000000,1155.000000
2023-05-11,1126.500000,1170.000000,1125.000000,1140.000000,14.000000,1140.000000
2023-05-12,1141.500000,1170.000000,1125.000000,1125.000000,24.000000,1125.000000
2023-05-15,1125.000000,1162.500000,1102.500000,1128.000000,50.000000,1128.000000
2023-05-16,1125.000000,1126.500000,1095.000000,1095.000000,8.000000,1095.000000
2023-05-17,1110.000000,1170.000000,1087.500000,1140.000000,54.000000,1140.000000
2023-05-18,1105.500000,1140.000000,1102.500000,1102.500000,25.000000,1102.500000
2023-05-19,1080.000000,1137.000000,1060.500000,1095.000000,17.000000,1095.000000
2023-05-22,1102.500000,1170.000000,1080.000000,1140.000000,38.000000,1140.000000
2023-05-23,1140.000000,1237.500000,1140.000000,1200.000000,73.000000,1200.000000
2023-05-24,1215.000000,1215.000000,1065.000000,1164.000000,36.000000,1164.000000
2023-05-25,1180.500000,1185.000000,1110.000000,1140.000000,5.000000,1140.000000
2023-05-26,1125.000000,1185.000000,1125.000000,1125.000000,16.000000,1125.000000
2023-05-30,1185.000000,1185.000000,1080.000000,1110.000000,25.000000,1110.000000
2023-05-31,1080.000000,1125.000000,1065.000000,1078.500000,17.000000,1078.500000
2023-06-01,1087.500000,1110.000000,1005.000000,1050.000000,30.000000,1050.000000
2023-06-02,1071.000000,1096.500000,1048.500000,1065.000000,26.000000,1065.000000
2023-06-05,1057.500000,1110.000000,1035.000000,1036.500000,19.000000,1036.500000
2023-06-06,1036.500000,1050.000000,1020.000000,1050.000000,17.000000,1050.000000
2023-06-07,1095.000000,1095.000000,1050.000000,1065.000000,23.000000,1065.000000
2023-06-08,1080.000000,1099.500000,1041.000000,1065.000000,29.000000,1065.000000
2023-06-09,1110.000000,1110.000000,1035.000000,1051.500000,21.000000,1051.500000
2023-06-12,1095.000000,1095.000000,1050.000000,1065.000000,6.000000,1065.000000
2023-06-13,1065.000000,1093.500000,1050.000000,1050.000000,36.000000,1050.000000
2023-06-14,1050.000000,1071.000000,1050.000000,1050.000000,16.000000,1050.000000
2023-06-15,1065.000000,1089.000000,1020.000000,1035.000000,43.000000,1035.000000
2023-06-16,1005.000000,1080.000000,1005.000000,1033.500000,26.000000,1033.500000
2023-06-20,1020.000000,1035.000000,990.000000,1005.000000,40.000000,1005.000000
2023-06-21,1035.000000,1035.000000,840.000000,931.500000,97.000000,931.500000
2023-06-22,1020.000000,1035.000000,900.000000,957.000000,24.000000,957.000000
2023-06-23,955.500000,1087.500000,922.500000,981.000000,60.000000,981.000000
2023-06-26,960.000000,1050.000000,915.000000,934.500000,40.000000,934.500000
2023-06-27,960.000000,1102.500000,960.000000,1021.500000,103.000000,1021.500000
2023-06-28,1095.000000,1095.000000,1020.000000,1050.000000,14.000000,1050.000000
2023-06-29,1065.000000,1068.000000,915.000000,915.000000,113.000000,915.000000
2023-06-30,960.000000,1018.500000,870.000000,907.500000,86.000000,907.500000
2023-07-03,901.500000,946.500000,901.500000,930.000000,22.000000,930.000000
2023-07-05,945.000000,945.000000,841.500000,870.000000,74.000000,870.000000
2023-07-06,870.000000,885.000000,795.000000,847.500000,63.000000,847.500000
2023-07-07,885.000000,885.000000,780.000000,825.000000,81.000000,825.000000
2023-07-10,855.000000,870.000000,802.500000,855.000000,77.000000,855.000000
2023-07-11,898.500000,960.000000,847.500000,885.000000,162.000000,885.000000
2023-07-12,900.000000,960.000000,885.000000,900.000000,49.000000,900.000000
2023-07-13,946.500000,1122.000000,900.000000,996.000000,187.000000,996.000000
2023-07-14,990.000000,990.000000,900.000000,939.000000,54.000000,939.000000
2023-07-17,916.500000,990.000000,900.000000,904.500000,150.000000,904.500000
2023-07-18,936.000000,990.000000,900.000000,937.500000,50.000000,937.500000
2023-07-19,952.500000,960.000000,916.500000,916.500000,32.000000,916.500000
2023-07-20,907.500000,958.500000,900.000000,915.000000,35.000000,915.000000
2023-07-21,916.500000,945.000000,900.000000,901.500000,33.000000,901.500000
2023-07-24,901.500000,930.000000,870.000000,913.500000,27.000000,913.500000
2023-07-25,886.500000,924.000000,840.000000,870.000000,53.000000,870.000000
2023-07-26,856.500000,900.000000,840.000000,843.000000,87.000000,843.000000
2023-07-27,826.500000,900.000000,750.000000,766.500000,176.000000,766.500000
2023-07-28,810.000000,840.000000,780.000000,798.000000,57.000000,798.000000
2023-07-31,801.000000,867.000000,795.000000,810.000000,61.000000,810.000000
2023-08-01,826.500000,853.500000,750.000000,802.500000,67.000000,802.500000
2023-08-02,778.500000,825.000000,754.500000,781.500000,39.000000,781.500000
2023-08-03,777.000000,810.000000,765.000000,765.000000,21.000000,765.000000
2023-08-04,751.500000,810.000000,751.500000,753.000000,45.000000,753.000000
2023-08-07,787.500000,787.500000,652.500000,720.000000,71.000000,720.000000
2023-08-08,699.000000,756.000000,690.000000,705.000000,43.000000,705.000000
2023-08-09,705.000000,735.000000,690.000000,720.000000,32.000000,720.000000
2023-08-10,721.500000,750.000000,705.000000,705.000000,26.000000,705.000000
2023-08-11,660.000000,705.000000,660.000000,688.500000,45.000000,688.500000
2023-08-14,675.000000,705.000000,675.000000,697.500000,17.000000,697.500000
2023-08-15,703.500000,720.000000,676.500000,705.000000,18.000000,705.000000
2023-08-16,675.000000,709.500000,630.000000,660.000000,27.000000,660.000000
2023-08-17,649.500000,696.000000,514.500000,585.000000,59.000000,585.000000
2023-08-18,597.000000,598.500000,571.500000,579.000000,30.000000,579.000000
2023-08-21,579.000000,579.000000,540.000000,544.500000,24.000000,544.500000
2023-08-22,555.000000,585.000000,495.000000,502.500000,22.000000,502.500000
2023-08-23,529.500000,556.500000,511.500000,525.000000,15.000000,525.000000
2023-08-24,526.500000,541.500000,450.000000,483.000000,59.000000,483.000000
2023-08-25,517.500000,537.000000,451.500000,493.500000,56.000000,493.500000
2023-08-28,475.500000,510.000000,450.000000,480.000000,7.000000,480.000000
2023-08-29,450.000000,525.000000,418.500000,450.000000,196.000000,450.000000
2023-08-30,453.000000,583.500000,435.000000,450.000000,554.000000,450.000000
2023-08-31,474.000000,637.500000,453.000000,535.500000,1333.000000,535.500000
2023-09-01,517.500000,517.500000,451.500000,451.500000,394.000000,451.500000
2023-09-05,450.000000,582.000000,450.000000,453.000000,1043.000000,453.000000
2023-09-06,483.000000,483.000000,420.000000,423.000000,244.000000,423.000000
2023-09-07,435.000000,435.000000,390.000000,405.000000,115.000000,405.000000
2023-09-08,420.000000,480.000000,406.500000,468.000000,477.000000,468.000000
2023-09-11,570.000000,660.000000,495.000000,577.500000,2447.000000,577.500000
2023-09-12,553.500000,565.500000,475.500000,510.000000,909.000000,510.000000
2023-09-13,508.500000,522.000000,412.500000,421.500000,696.000000,421.500000
2023-09-14,409.500000,472.500000,409.500000,435.000000,590.000000,435.000000
2023-09-15,459.000000,466.500000,370.500000,370.500000,484.000000,370.500000
2023-09-18,352.500000,402.000000,345.000000,376.500000,403.000000,376.500000
2023-09-19,397.500000,400.500000,331.500000,357.000000,173.000000,357.000000
2023-09-20,388.500000,388.500000,345.000000,345.000000,217.000000,345.000000
2023-09-21,307.500000,352.500000,301.500000,328.500000,169.000000,328.500000
2023-09-22,318.000000,366.000000,312.000000,331.500000,118.000000,331.500000
2023-09-25,325.500000,345.000000,261.000000,270.000000,442.000000,270.000000
2023-09-26,295.500000,295.500000,270.000000,277.500000,232.000000,277.500000
2023-09-27,277.500000,300.000000,255.000000,261.000000,312.000000,261.000000
2023-09-28,261.000000,517.500000,255.000000,283.500000,8187.000000,283.500000
2023-09-29,285.000000,330.000000,270.000000,330.000000,927.000000,330.000000
2023-10-02,319.500000,345.000000,303.000000,336.000000,300.000000,336.000000
2023-10-03,315.000000,345.000000,300.000000,330.000000,246.000000,330.000000
2023-10-04,334.500000,345.000000,306.000000,307.500000,140.000000,307.500000
2023-10-05,304.500000,328.500000,304.500000,306.000000,271.000000,306.000000
2023-10-06,304.500000,327.000000,304.500000,315.000000,82.000000,315.000000
2023-10-09,304.500000,330.000000,300.000000,300.000000,72.000000,300.000000
2023-10-10,306.000000,327.000000,292.500000,294.000000,136.000000,294.000000
2023-10-11,307.500000,310.500000,286.500000,300.000000,215.000000,300.000000
2023-10-12,330.000000,417.000000,300.000000,382.500000,1776.000000,382.500000
2023-10-13,367.500000,381.000000,330.000000,367.500000,225.000000,367.500000
2023-10-16,366.000000,435.000000,337.500000,420.000000,327.000000,420.000000
2023-10-17,408.000000,435.000000,379.500000,400.500000,300.000000,400.500000
2023-10-18,400.500000,417.000000,385.500000,390.000000,63.000000,390.000000
2023-10-19,387.000000,399.000000,348.000000,373.500000,152.000000,373.500000
2023-10-20,366.000000,402.000000,352.500000,366.000000,173.000000,366.000000
2023-10-23,390.000000,450.000000,366.000000,411.000000,328.000000,411.000000
2023-10-24,420.000000,480.000000,405.000000,405.000000,377.000000,405.000000
2023-10-25,435.000000,450.000000,426.000000,432.000000,123.000000,432.000000
2023-10-26,430.500000,495.000000,427.500000,459.000000,239.000000,459.000000
2023-10-27,475.500000,495.000000,459.000000,459.000000,178.000000,459.000000
2023-10-30,567.000000,570.000000,420.000000,496.500000,539.000000,496.500000
2023-10-31,525.000000,525.000000,435.000000,442.500000,222.000000,442.500000
2023-11-01,450.000000,471.000000,420.000000,450.000000,128.000000,450.000000
2023-11-02,474.000000,474.000000,351.000000,424.500000,285.000000,424.500000
2023-11-03,439.500000,465.000000,384.000000,414.000000,204.000000,414.000000
2023-11-06,405.000000,421.500000,378.000000,405.000000,103.000000,405.000000
2023-11-07,396.000000,420.000000,345.000000,391.500000,150.000000,391.500000
2023-11-08,382.500000,400.500000,345.000000,390.000000,49.000000,390.000000
2023-11-09,384.000000,405.000000,330.000000,372.000000,173.000000,372.000000
2023-11-10,390.000000,397.500000,331.500000,375.000000,128.000000,375.000000
2023-11-13,375.000000,375.000000,346.500000,360.000000,45.000000,360.000000
2023-11-14,358.500000,370.500000,346.500000,357.000000,35.000000,357.000000
2023-11-15,375.000000,375.000000,360.000000,361.500000,64.000000,361.500000
2023-11-16,394.500000,394.500000,360.000000,370.500000,79.000000,370.500000
2023-11-17,372.000000,450.000000,360.000000,414.000000,227.000000,414.000000
2023-11-20,450.000000,450.000000,427.500000,444.000000,91.000000,444.000000
2023-11-21,448.500000,484.500000,391.500000,436.500000,224.000000,436.500000
2023-11-22,435.000000,450.000000,420.000000,435.000000,27.000000,435.000000
2023-11-24,448.500000,487.500000,397.500000,435.000000,77.000000,435.000000
2023-11-27,450.000000,457.500000,435.000000,439.500000,55.000000,439.500000
2023-11-28,442.500000,444.000000,390.000000,426.000000,104.000000,426.000000
2023-11-29,426.000000,450.000000,421.500000,448.500000,54.000000,448.500000
2023-11-30,465.000000,465.000000,420.000000,427.500000,51.000000,427.500000
2023-12-01,427.500000,450.000000,397.500000,447.000000,117.000000,447.000000
2023-12-04,450.000000,517.500000,420.000000,517.500000,704.000000,517.500000
2023-12-05,502.500000,576.000000,468.000000,510.000000,671.000000,510.000000
2023-12-06,528.000000,540.000000,495.000000,508.500000,138.000000,508.500000
2023-12-07,540.000000,540.000000,481.500000,522.000000,148.000000,522.000000
2023-12-08,510.000000,544.500000,495.000000,544.500000,211.000000,544.500000
2023-12-11,529.500000,540.000000,487.500000,540.000000,139.000000,540.000000
2023-12-12,535.500000,535.500000,493.500000,498.000000,149.000000,498.000000
2023-12-13,507.000000,535.500000,465.000000,504.000000,73.000000,504.000000
2023-12-14,510.000000,525.000000,487.500000,525.000000,109.000000,525.000000
2023-12-15,523.500000,528.000000,459.000000,466.500000,156.000000,466.500000
2023-12-18,480.000000,493.500000,375.000000,447.000000,236.000000,447.000000
2023-12-19,433.500000,472.500000,406.500000,465.000000,204.000000,465.000000
2023-12-20,450.000000,465.000000,414.000000,441.000000,189.000000,441.000000
2023-12-21,435.000000,450.000000,412.500000,417.000000,132.000000,417.000000
2023-12-22,405.000000,483.000000,405.000000,480.000000,199.000000,480.000000
2023-12-26,489.000000,520.500000,465.000000,519.000000,178.000000,519.000000
2023-12-27,519.000000,748.500000,495.000000,735.000000,1246.000000,735.000000
2023-12-28,766.500000,772.500000,615.000000,673.500000,434.000000,673.500000
2023-12-29,675.000000,702.000000,540.000000,652.500000,390.000000,652.500000
2024-01-02,675.000000,675.000000,570.000000,577.500000,166.000000,577.500000
2024-01-03,630.000000,630.000000,540.000000,597.000000,237.000000,597.000000
2024-01-04,579.000000,630.000000,555.000000,591.000000,41.000000,591.000000
2024-01-05,600.000000,600.000000,555.000000,559.500000,117.000000,559.500000
2024-01-08,555.000000,598.500000,540.000000,565.500000,246.000000,565.500000
2024-01-09,600.000000,600.000000,495.000000,525.000000,247.000000,525.000000
2024-01-10,523.500000,570.000000,510.000000,513.000000,161.000000,513.000000
2024-01-11,570.000000,570.000000,480.000000,540.000000,301.000000,540.000000
2024-01-12,499.500000,540.000000,481.500000,510.000000,158.000000,510.000000
2024-01-16,510.000000,538.500000,429.000000,450.000000,319.000000,450.000000
2024-01-17,471.000000,472.500000,438.000000,463.500000,100.000000,463.500000
2024-01-18,465.000000,466.500000,435.000000,463.500000,70.000000,463.500000
2024-01-19,459.000000,462.000000,399.000000,418.500000,133.000000,418.500000
2024-01-22,417.000000,438.000000,405.000000,429.000000,72.000000,429.000000
2024-01-23,439.500000,439.500000,367.500000,409.500000,61.000000,409.500000
2024-01-24,408.000000,433.500000,391.500000,427.500000,95.000000,427.500000
2024-01-25,421.500000,510.000000,412.500000,504.000000,307.000000,504.000000
2024-01-26,570.000000,600.000000,450.000000,472.500000,616.000000,472.500000
2024-01-29,459.000000,585.000000,459.000000,553.500000,222.000000,553.500000
2024-01-30,570.000000,570.000000,525.000000,540.000000,92.000000,540.000000
2024-01-31,595.500000,595.500000,480.000000,525.000000,177.000000,525.000000
2024-02-01,531.000000,531.000000,487.500000,487.500000,234.000000,487.500000
2024-02-02,495.000000,510.000000,390.000000,405.000000,368.000000,405.000000
2024-02-05,391.500000,435.000000,390.000000,397.500000,86.000000,397.500000
2024-02-06,390.000000,429.000000,360.000000,373.500000,121.000000,373.500000
2024-02-07,391.500000,391.500000,327.000000,343.500000,414.000000,343.500000
2024-02-08,378.000000,480.000000,375.000000,471.000000,900.000000,471.000000
2024-02-09,574.500000,632.250000,353.250000,428.250000,5108.000000,428.250000
2024-02-12,416.250000,418.500000,278.250000,306.750000,3564.000000,306.750000
2024-02-13,318.750000,318.750000,187.500000,202.500000,4453.000000,202.500000
2024-02-14,242.250000,243.750000,174.750000,184.500000,6405.000000,184.500000
2024-02-15,184.500000,192.375000,123.750000,135.074997,8705.000000,135.074997
2024-02-16,135.000000,144.000000,108.750000,141.750000,10205.000000,141.750000
2024-02-20,150.000000,206.250000,141.750000,177.000000,16309.000000,177.000000
2024-02-21,165.750000,190.125000,156.524994,184.500000,5593.000000,184.500000
2024-02-22,183.000000,184.500000,165.000000,177.750000,3799.000000,177.750000
2024-02-23,171.000000,180.074997,161.250000,174.750000,3136.000000,174.750000
2024-02-26,168.750000,199.350006,162.750000,189.000000,10989.000000,189.000000
2024-02-27,199.500000,212.250000,180.750000,195.000000,7220.000000,195.000000
2024-02-28,202.500000,229.500000,187.500000,206.250000,15949.000000,206.250000
2024-02-29,201.750000,205.500000,164.250000,195.750000,5516.000000,195.750000
2024-03-01,196.500000,198.750000,168.750000,173.250000,3639.000000,173.250000
2024-03-04,169.500000,176.250000,147.000000,150.000000,5592.000000,150.000000
2024-03-05,150.750000,159.375000,143.250000,146.250000,2384.000000,146.250000
2024-03-06,147.750000,154.649994,138.750000,144.000000,2179.000000,144.000000
2024-03-07,144.000000,149.250000,129.000000,133.500000,3624.000000,133.500000
2024-03-08,144.750000,146.250000,126.000000,127.500000,3509.000000,127.500000
2024-03-11,133.500000,194.250000,112.500000,117.750000,47143.000000,117.750000
2024-03-12,122.250000,141.000000,116.250000,133.500000,11951.000000,133.500000
2024-03-13,142.500000,142.500000,128.250000,128.250000,6288.000000,128.250000
2024-03-14,131.250000,131.250000,114.000000,117.000000,5949.000000,117.000000
2024-03-15,114.000000,117.000000,104.250000,111.750000,5776.000000,111.750000
2024-03-18,111.000000,114.750000,105.750000,113.699997,1392.000000,113.699997
2024-03-19,111.750000,113.250000,102.000000,104.250000,2217.000000,104.250000
2024-03-20,102.000000,108.000000,95.250000,100.500000,3697.000000,100.500000
2024-03-21,102.750000,123.750000,102.750000,110.250000,7912.000000,110.250000
2024-03-22,111.750000,120.000000,105.974998,111.000000,2655.000000,111.000000
2024-03-25,118.500000,118.875000,108.750000,111.750000,7444.000000,111.750000
2024-03-26,110.250000,113.250000,101.250000,103.500000,5247.000000,103.500000
2024-03-27,102.750000,107.250000,93.750000,102.750000,6073.000000,102.750000
2024-03-28,105.000000,117.750000,101.250000,111.750000,4819.000000,111.750000
2024-04-01,107.250000,115.875000,101.250000,109.500000,3845.000000,109.500000
2024-04-02,101.250000,105.750000,91.500000,93.000000,4328.000000,93.000000
2024-04-03,93.750000,99.750000,93.750000,97.500000,2919.000000,97.500000
2024-04-04,105.000000,105.000000,94.500000,96.750000,2467.000000,96.750000
2024-04-05,93.000000,101.099998,93.000000,96.750000,3351.000000,96.750000
2024-04-08,101.250000,114.750000,101.250000,112.500000,7599.000000,112.500000
2024-04-09,115.500000,141.750000,113.250000,133.500000,26879.000000,133.500000
2024-04-10,132.750000,133.500000,117.750000,129.000000,5944.000000,129.000000
2024-04-11,128.250000,128.250000,114.750000,123.750000,4316.000000,123.750000
2024-04-12,120.000000,126.675003,107.250000,110.250000,3213.000000,110.250000
2024-04-15,113.250000,120.000000,102.974998,111.000000,2647.000000,111.000000
2024-04-16,111.000000,116.250000,101.250000,105.000000,1995.000000,105.000000
2024-04-17,105.000000,106.500000,97.500000,101.250000,2296.000000,101.250000
2024-04-18,105.000000,109.949997,100.500000,104.250000,1313.000000,104.250000
2024-04-19,102.750000,105.750000,99.000000,102.000000,1748.000000,102.000000
2024-04-22,112.500000,114.000000,102.000000,104.250000,17431.000000,104.250000
2024-04-23,102.000000,103.500000,95.250000,99.000000,4991.000000,99.000000
2024-04-24,97.500000,108.750000,96.750000,104.250000,3107.000000,104.250000
2024-04-25,109.500000,112.500000,99.750000,112.500000,5775.000000,112.500000
2024-04-26,111.750000,131.250000,110.625000,122.250000,6637.000000,122.250000
2024-04-29,117.000000,119.250000,102.750000,114.000000,5507.000000,114.000000
2024-04-30,112.500000,118.500000,104.625000,108.750000,4213.000000,108.750000
2024-05-01,108.750000,121.500000,108.750000,111.000000,7047.000000,111.000000
2024-05-02,116.250000,119.250000,108.750000,116.250000,1612.000000,116.250000
2024-05-03,115.500000,118.500000,111.750000,116.250000,1536.000000,116.250000
2024-05-06,114.750000,119.250000,109.500000,113.250000,3228.000000,113.250000
2024-05-07,120.000000,123.750000,105.750000,110.250000,8359.000000,110.250000
2024-05-08,110.250000,121.500000,105.750000,120.000000,7296.000000,120.000000
2024-05-09,121.500000,121.500000,112.500000,116.250000,2829.000000,116.250000
2024-05-10,116.250000,123.750000,112.500000,123.750000,5004.000000,123.750000
2024-05-13,133.500000,135.000000,119.250000,123.000000,12839.000000,123.000000
2024-05-14,121.500000,130.500000,116.250000,130.500000,7791.000000,130.500000
2024-05-15,126.750000,131.250000,120.000000,123.375000,5187.000000,123.375000
2024-05-16,129.750000,130.500000,117.000000,122.250000,7691.000000,122.250000
2024-05-17,123.750000,123.750000,117.750000,120.000000,3496.000000,120.000000
2024-05-20,122.250000,131.250000,116.250000,126.000000,6267.000000,126.000000
2024-05-21,127.500000,129.375000,116.250000,119.250000,6931.000000,119.250000
2024-05-22,123.750000,123.750000,108.750000,112.500000,12515.000000,112.500000
2024-05-23,115.500000,115.500000,101.250000,103.500000,6807.000000,103.500000
2024-05-24,105.000000,105.750000,94.500000,98.625000,5353.000000,98.625000
2024-05-28,99.750000,99.750000,93.750000,97.500000,3848.000000,97.500000
2024-05-29,96.750000,97.500000,90.750000,92.250000,4233.000000,92.250000
2024-05-30,95.250000,95.250000,85.500000,92.250000,4049.000000,92.250000
2024-05-31,91.500000,96.000000,89.250000,91.500000,3807.000000,91.500000
2024-06-03,89.250000,93.000000,87.750000,93.000000,2276.000000,93.000000
2024-06-04,90.750000,94.500000,90.750000,91.500000,2173.000000,91.500000
2024-06-05,94.500000,94.500000,87.000000,90.000000,2144.000000,90.000000
2024-06-06,90.750000,111.750000,90.000000,108.000000,13771.000000,108.000000
2024-06-07,108.000000,108.000000,93.750000,95.250000,6811.000000,95.250000
2024-06-10,96.750000,105.000000,93.750000,104.250000,3420.000000,104.250000
2024-06-11,101.250000,108.750000,98.250000,99.750000,5740.000000,99.750000
2024-06-12,102.750000,108.000000,96.750000,100.500000,7848.000000,100.500000
2024-06-13,101.250000,102.750000,93.000000,93.750000,4411.000000,93.750000
2024-06-14,96.000000,97.500000,93.750000,97.500000,3041.000000,97.500000
2024-06-17,93.750000,99.000000,93.750000,96.000000,2599.000000,96.000000
2024-06-18,96.750000,96.750000,90.000000,93.750000,3241.000000,93.750000
2024-06-20,96.750000,96.750000,91.875000,93.000000,3739.000000,93.000000
2024-06-21,93.000000,93.750000,85.500000,85.500000,10580.000000,85.500000
2024-06-24,87.000000,87.000000,79.500000,84.000000,8892.000000,84.000000
2024-06-25,84.000000,86.250000,81.000000,84.000000,2951.000000,84.000000
2024-06-26,85.500000,90.000000,81.750000,85.500000,7504.000000,85.500000
2024-06-27,84.000000,84.750000,81.000000,83.250000,3451.000000,83.250000
2024-06-28,84.750000,90.000000,82.500000,89.250000,9533.000000,89.250000
2024-07-01,90.000000,92.250000,85.875000,90.750000,3312.000000,90.750000
2024-07-02,90.750000,95.250000,90.750000,93.750000,3076.000000,93.750000
2024-07-03,92.250000,97.500000,90.000000,93.000000,1636.000000,93.000000
2024-07-05,87.750000,93.000000,87.000000,90.750000,2004.000000,90.750000
2024-07-08,90.000000,90.750000,84.000000,85.500000,1761.000000,85.500000
2024-07-09,83.250000,86.250000,81.000000,83.250000,2232.000000,83.250000
2024-07-10,84.000000,84.750000,82.500000,84.000000,957.000000,84.000000
2024-07-11,84.750000,84.750000,81.750000,84.000000,2388.000000,84.000000
2024-07-12,83.250000,88.500000,83.250000,83.250000,1944.000000,83.250000
2024-07-15,86.250000,90.750000,84.000000,87.000000,10293.000000,87.000000
2024-07-16,84.750000,87.750000,81.000000,83.250000,8156.000000,83.250000
2024-07-17,84.000000,84.750000,79.500000,81.750000,3435.000000,81.750000
2024-07-18,81.000000,82.500000,78.750000,81.750000,2615.000000,81.750000
2024-07-19,79.500000,84.000000,78.824997,81.000000,2037.000000,81.000000
2024-07-22,82.500000,83.250000,78.000000,79.650002,2333.000000,79.650002
2024-07-23,78.000000,81.000000,75.750000,76.500000,2648.000000,76.500000
2024-07-24,75.000000,76.500000,72.525002,73.125000,3705.000000,73.125000
2024-07-25,71.250000,72.750000,67.500000,68.250000,1959.000000,68.250000
2024-07-26,68.324997,70.500000,68.250000,68.849998,1196.000000,68.849998
2024-07-29,70.500000,73.650002,68.849998,71.175003,2299.000000,71.175003
2024-07-30,69.750000,72.000000,68.925003,69.525002,568.000000,69.525002
2024-07-31,68.250000,72.000000,65.250000,66.000000,2435.000000,66.000000
2024-08-01,65.775002,66.000000,63.750000,64.574997,1881.000000,64.574997
2024-08-02,62.549999,63.375000,53.250000,55.500000,3168.000000,55.500000
2024-08-05,44.549999,50.700001,36.900002,42.825001,5607.000000,42.825001
2024-08-06,42.750000,52.724998,42.224998,51.150002,6557.000000,51.150002
2024-08-07,52.500000,54.750000,47.924999,48.750000,2347.000000,48.750000
2024-08-08,47.549999,56.250000,47.549999,52.349998,3151.000000,52.349998
2024-08-09,53.174999,55.799999,51.000000,51.750000,3724.000000,51.750000
2024-08-12,55.125000,55.125000,48.750000,51.974998,1197.000000,51.974998
2024-08-13,54.750000,59.924999,51.599998,57.750000,2519.000000,57.750000
2024-08-14,59.250000,59.924999,54.525002,54.825001,1491.000000,54.825001
2024-08-15,55.500000,56.625000,53.250000,54.299999,2688.000000,54.299999
2024-08-16,56.174999,64.425003,53.924999,61.424999,1672.000000,61.424999
2024-08-19,61.500000,63.900002,60.000000,62.250000,1889.000000,62.250000
2024-08-20,62.700001,66.150002,49.275002,56.250000,8440.000000,56.250000
2024-08-21,55.500000,60.000000,54.750000,57.450001,4103.000000,57.450001
2024-08-22,58.799999,60.000000,55.500000,55.575001,1463.000000,55.575001
2024-08-23,56.325001,58.424999,55.500000,58.125000,4092.000000,58.125000
2024-08-26,58.500000,58.500000,55.275002,57.375000,4104.000000,57.375000
2024-08-27,57.375000,59.625000,55.500000,58.049999,3001.000000,58.049999
2024-08-28,57.375000,57.450001,53.250000,53.474998,915.000000,53.474998
2024-08-29,53.549999,55.500000,50.400002,52.875000,3115.000000,52.875000
2024-08-30,52.500000,52.875000,50.325001,50.325001,1975.000000,50.325001
2024-09-03,52.125000,52.125000,41.250000,46.275002,4652.000000,46.275002
2024-09-04,46.275002,46.650002,44.924999,45.150002,1188.000000,45.150002
2024-09-05,44.700001,45.150002,41.474998,43.500000,2932.000000,43.500000
2024-09-06,45.900002,45.900002,31.575001,33.375000,16431.000000,33.375000
2024-09-09,36.075001,37.500000,28.725000,31.350000,10449.000000,31.350000
2024-09-10,32.174999,33.750000,28.875000,33.750000,5332.000000,33.750000
2024-09-11,33.000000,34.724998,32.250000,33.750000,1787.000000,33.750000
2024-09-12,35.099998,36.299999,32.250000,33.825001,1085.000000,33.825001
2024-09-13,36.224998,42.375000,35.625000,38.849998,4888.000000,38.849998
2024-09-16,38.474998,40.500000,38.400002,39.224998,1531.000000,39.224998
2024-09-17,39.750000,42.224998,38.250000,39.000000,1431.000000,39.000000
2024-09-18,40.575001,41.849998,37.275002,38.250000,1803.000000,38.250000
2024-09-19,41.099998,44.250000,37.650002,39.375000,6200.000000,39.375000
2024-09-20,40.200001,42.825001,37.650002,37.650002,3584.000000,37.650002
2024-09-23,38.849998,41.474998,38.250000,40.650002,2065.000000,40.650002
2024-09-24,39.450001,42.674999,39.450001,42.375000,1563.000000,42.375000
2024-09-25,42.674999,42.674999,41.250000,41.625000,493.000000,41.625000
2024-09-26,45.000000,48.000000,43.424999,45.900002,2287.000000,45.900002
2024-09-27,44.700001,55.349998,44.250000,54.750000,8189.000000,54.750000
2024-09-30,53.400002,53.625000,47.250000,51.075001,2325.000000,51.075001
2024-10-01,48.000000,50.549999,45.750000,48.000000,2564.000000,48.000000
2024-10-02,48.750000,48.750000,45.750000,46.500000,787.000000,46.500000
2024-10-03,46.500000,50.700001,43.575001,43.799999,1272.000000,43.799999
2024-10-04,45.000000,45.000000,40.200001,43.500000,3128.000000,43.500000
2024-10-07,43.500000,45.000000,42.075001,43.200001,2231.000000,43.200001
2024-10-08,43.200001,43.500000,39.750000,40.724998,2860.000000,40.724998
2024-10-09,39.375000,41.325001,38.549999,40.500000,1325.000000,40.500000
2024-10-10,40.724998,41.250000,39.450001,39.750000,843.000000,39.750000
2024-10-11,39.750000,41.625000,38.775002,40.349998,2729.000000,40.349998
2024-10-14,40.500000,44.474998,38.849998,42.224998,8113.000000,42.224998
2024-10-15,42.375000,45.000000,39.974998,42.375000,6349.000000,42.375000
2024-10-16,42.750000,50.775002,41.250000,49.049999,9149.000000,49.049999
2024-10-17,47.250000,49.424999,45.525002,46.650002,1721.000000,46.650002
2024-10-18,46.500000,50.625000,45.750000,50.025002,5384.000000,50.025002
2024-10-21,51.674999,52.500000,47.400002,49.875000,2116.000000,49.875000
2024-10-22,50.924999,50.924999,42.974998,47.250000,10284.000000,47.250000
2024-10-23,46.500000,46.500000,41.250000,44.549999,5919.000000,44.549999
2024-10-24,42.750000,45.525002,42.750000,44.775002,3545.000000,44.775002
2024-10-25,44.250000,47.250000,43.950001,45.900002,8664.000000,45.900002
2024-10-28,47.250000,53.625000,44.250000,53.325001,26879.000000,53.325001
2024-10-29,56.325001,59.549999,53.474998,56.099998,20401.000000,56.099998
2024-10-30,56.775002,59.549999,51.000000,51.750000,10164.000000,51.750000
2024-10-31,53.250000,53.250000,45.825001,47.025002,7489.000000,47.025002
2024-11-01,46.875000,47.625000,39.525002,39.974998,15785.000000,39.974998
2024-11-04,38.700001,41.700001,38.325001,38.924999,4348.000000,38.924999
2024-11-05,39.750000,43.950001,39.000000,42.375000,6048.000000,42.375000
2024-11-06,46.500000,50.250000,44.174999,49.724998,20600.000000,49.724998
2024-11-07,51.375000,52.799999,46.650002,49.125000,14772.000000,49.125000
2024-11-08,49.500000,49.500000,42.075001,47.325001,12195.000000,47.325001
2024-11-11,50.325001,64.875000,49.500000,64.500000,34720.000000,64.500000
2024-11-12,64.199997,65.250000,53.775002,62.250000,25008.000000,62.250000
2024-11-13,71.250000,82.500000,57.000000,57.224998,48724.000000,57.224998
2024-11-14,57.750000,61.125000,46.500000,51.375000,28181.000000,51.375000
2024-11-15,52.875000,53.250000,45.299999,48.750000,13089.000000,48.750000
2024-11-18,49.500000,52.724998,46.575001,50.625000,12493.000000,50.625000
2024-11-19,49.424999,56.025002,45.450001,54.974998,16497.000000,54.974998
2024-11-20,54.000000,57.450001,49.200001,50.099998,13283.000000,50.099998
2024-11-21,54.000000,55.125000,48.000000,49.125000,16668.000000,49.125000
2024-11-22,48.000000,52.049999,46.424999,51.525002,17244.000000,51.525002
2024-11-25,51.750000,59.474998,48.974998,51.825001,15999.000000,51.825001
2024-11-26,48.750000,50.700001,45.750000,47.849998,9955.000000,47.849998
2024-11-27,46.799999,49.275002,45.825001,46.950001,9825.000000,46.950001
2024-11-29,49.500000,52.575001,48.000000,52.500000,10575.000000,52.500000
2024-12-02,53.474998,57.075001,49.950001,52.125000,11041.000000,52.125000
2024-12-03,52.349998,52.349998,48.750000,50.549999,4888.000000,50.549999
2024-12-04,51.750000,54.075001,48.150002,51.224998,14765.000000,51.224998
2024-12-05,53.250000,54.450001,49.500000,51.000000,11419.000000,51.000000
2024-12-06,51.000000,51.599998,46.799999,48.674999,10631.000000,48.674999
2024-12-09,50.700001,50.849998,42.674999,44.174999,13440.000000,44.174999
2024-12-10,45.450001,47.250000,41.700001,43.275002,8277.000000,43.275002
2024-12-11,43.500000,45.750000,39.224998,44.625000,13483.000000,44.625000
2024-12-12,44.400002,45.599998,41.250000,44.025002,7703.000000,44.025002
2024-12-13,43.950001,44.924999,40.875000,41.625000,5865.000000,41.625000
2024-12-16,43.500000,44.174999,37.650002,38.174999,18493.000000,38.174999
2024-12-17,39.750000,40.950001,35.025002,35.775002,15581.000000,35.775002
2024-12-18,39.750000,40.200001,28.500000,28.725000,31631.000000,28.725000
2024-12-19,31.500000,36.599998,29.250000,34.575001,17603.000000,34.575001
2024-12-20,34.500000,37.500000,32.250000,33.450001,18243.000000,33.450001
2024-12-23,33.375000,34.500000,31.575001,32.025002,7019.000000,32.025002
2024-12-24,31.350000,32.325001,30.750000,32.174999,3644.000000,32.174999
2024-12-26,31.725000,34.275002,30.975000,33.375000,7576.000000,33.375000
2024-12-27,34.125000,36.000000,32.250000,34.049999,7083.000000,34.049999
2024-12-30,34.424999,34.424999,29.174999,30.225000,15497.000000,30.225000
2024-12-31,30.225000,30.900000,26.325001,30.075001,25687.000000,30.075001
2025-01-02,29.850000,30.375000,27.825001,29.924999,10079.000000,29.924999
2025-01-03,30.000000,32.025002,29.625000,31.049999,6855.000000,31.049999
2025-01-06,32.250000,33.674999,31.500000,31.500000,10300.000000,31.500000
2025-01-07,32.924999,33.599998,28.950001,30.225000,8033.000000,30.225000
2025-01-08,30.375000,30.375000,26.325001,28.275000,9916.000000,28.275000
2025-01-10,34.724998,43.049999,26.625000,33.900002,1234337.000000,33.900002
2025-01-13,33.075001,34.500000,28.500000,29.775000,128949.000000,29.775000
2025-01-14,30.000000,35.025002,30.000000,33.224998,60083.000000,33.224998
2025-01-15,31.500000,33.000000,28.950001,32.474998,40388.000000,32.474998
2025-01-16,32.625000,32.924999,30.975000,32.700001,22969.000000,32.700001
2025-01-17,31.875000,33.375000,30.075001,32.625000,30488.000000,32.625000
2025-01-21,32.924999,33.750000,30.000000,31.200001,35685.000000,31.200001
2025-01-22,30.750000,32.250000,28.799999,30.450001,30051.000000,30.450001
2025-01-23,30.075001,30.225000,27.450001,28.500000,29425.000000,28.500000
2025-01-24,28.500000,30.000000,27.150000,27.900000,25988.000000,27.900000
2025-01-27,28.500000,29.025000,24.825001,25.950001,41003.000000,25.950001
2025-01-28,24.975000,26.400000,24.299999,25.500000,12161.000000,25.500000
2025-01-29,24.900000,26.174999,22.725000,24.825001,11189.000000,24.825001
2025-01-30,25.875000,25.875000,23.775000,24.600000,10019.000000,24.600000
2025-01-31,24.750000,24.750000,21.225000,23.625000,32583.000000,23.625000
2025-02-03,21.375000,22.725000,20.250000,22.424999,21569.000000,22.424999
2025-02-04,22.575001,23.549999,22.424999,22.799999,6232.000000,22.799999
2025-02-05,23.625000,23.625000,20.475000,22.350000,6917.000000,22.350000
2025-02-06,22.275000,24.075001,22.275000,22.575001,10113.000000,22.575001
2025-02-07,22.575001,23.549999,20.700001,21.900000,18877.000000,21.900000
2025-02-10,22.275000,23.250000,21.225000,22.350000,8272.000000,22.350000
2025-02-11,22.500000,22.500000,20.250000,21.750000,16705.000000,21.750000
2025-02-12,21.000000,22.200001,20.325001,21.975000,5949.000000,21.975000
2025-02-13,22.500000,23.625000,21.750000,23.250000,11269.000000,23.250000
2025-02-14,23.700001,27.000000,22.875000,26.400000,23055.000000,26.400000
2025-02-18,25.875000,28.125000,24.900000,25.049999,17103.000000,25.049999
2025-02-19,25.049999,27.750000,24.299999,26.025000,16015.000000,26.025000
2025-02-20,25.500000,26.025000,23.924999,24.900000,4249.000000,24.900000
2025-02-21,25.950001,26.025000,22.875000,23.325001,7944.000000,23.325001
2025-02-24,23.025000,23.250000,21.000000,21.825001,9216.000000,21.825001
2025-02-25,21.150000,21.674999,19.500000,20.250000,11801.000000,20.250000
2025-02-26,20.549999,22.500000,19.725000,22.125000,6791.000000,22.125000
2025-02-27,21.750000,21.750000,20.625000,21.600000,6183.000000,21.600000
2025-02-28,20.924999,21.674999,19.875000,20.924999,8733.000000,20.924999
2025-03-03,22.125000,24.000000,19.875000,20.325001,17529.000000,20.325001
2025-03-04,19.500000,20.325001,16.875000,20.325001,9652.000000,20.325001
2025-03-05,19.650000,20.100000,18.975000,19.650000,2900.000000,19.650000
2025-03-06,19.500000,19.500000,17.775000,17.924999,4840.000000,17.924999
2025-03-07,18.674999,18.674999,15.900000,17.549999,14605.000000,17.549999
2025-03-10,16.575001,17.025000,14.250000,14.325000,15796.000000,14.325000
2025-03-11,14.250000,16.725000,13.725000,15.900000,12423.000000,15.900000
2025-03-12,15.525000,15.750000,14.325000,14.550000,5957.000000,14.550000
2025-03-13,14.850000,15.375000,14.250000,14.550000,3887.000000,14.550000
2025-03-14,14.700000,16.350000,14.700000,15.525000,10383.000000,15.525000
2025-03-17,16.200001,16.799999,15.750000,16.200001,4651.000000,16.200001
2025-03-18,16.200001,16.650000,14.400000,14.850000,10653.000000,14.850000
2025-03-19,15.000000,16.500000,14.400000,14.475000,8817.000000,14.475000
2025-03-20,14.325000,15.750000,14.325000,14.850000,4040.000000,14.850000
2025-03-21,15.000000,15.750000,14.400000,14.550000,4945.000000,14.550000
2025-03-24,15.375000,16.049999,14.475000,14.475000,4037.000000,14.475000
2025-03-25,15.000000,16.200001,13.725000,13.725000,11473.000000,13.725000
2025-03-26,13.725000,14.475000,11.850000,13.125000,8329.000000,13.125000
2025-03-27,12.825000,14.250000,12.750000,13.950000,7763.000000,13.950000
2025-03-28,14.100000,14.250000,12.225000,12.375000,6396.000000,12.375000
2025-03-31,12.600000,13.500000,11.400000,12.750000,13584.000000,12.750000
2025-04-01,12.675000,12.900000,11.550000,11.925000,7788.000000,11.925000
2025-04-02,11.550000,13.500000,11.550000,13.200000,5773.000000,13.200000
2025-04-03,12.825000,13.050000,11.475000,11.775000,7787.000000,11.775000
2025-04-04,12.075000,12.750000,10.650000,11.025000,7869.000000,11.025000
2025-04-07,9.750000,11.025000,9.750000,10.575000,15307.000000,10.575000
2025-04-08,11.475000,11.475000,10.125000,10.125000,6177.000000,10.125000
2025-04-09,9.975000,11.175000,9.450000,10.950000,12572.000000,10.950000
2025-04-10,10.800000,11.775000,10.200000,11.250000,9305.000000,11.250000
2025-04-11,11.925000,11.925000,10.875000,11.775000,5555.000000,11.775000
2025-04-14,12.375000,12.375000,11.475000,11.925000,3148.000000,11.925000
2025-04-15,11.775000,12.450000,11.325000,11.775000,3315.000000,11.775000
2025-04-16,11.625000,11.775000,9.750000,10.650000,12900.000000,10.650000
2025-04-17,10.650000,12.000000,10.500000,11.625000,5841.000000,11.625000
2025-04-21,11.850000,12.000000,10.275000,10.725000,4745.000000,10.725000
2025-04-22,11.250000,13.425000,11.100000,13.200000,28096.000000,13.200000
2025-04-23,13.275000,15.675000,12.300000,15.375000,25735.000000,15.375000
2025-04-24,15.525000,17.775000,14.850000,17.775000,29572.000000,17.775000
2025-04-25,18.600000,22.799999,18.000000,22.125000,34532.000000,22.125000
2025-04-28,23.250000,23.924999,20.174999,21.525000,23161.000000,21.525000
2025-04-29,21.000000,21.375000,18.825001,20.174999,6151.000000,20.174999
2025-04-30,20.250000,20.250000,17.700001,17.700001,6099.000000,17.700001
2025-05-01,17.475000,20.775000,17.475000,19.950001,10160.000000,19.950001
2025-05-02,20.700001,21.750000,20.025000,21.000000,11983.000000,21.000000
2025-05-05,21.000000,28.500000,19.200001,24.750000,30951.000000,24.750000
2025-05-06,25.125000,30.000000,22.125000,28.650000,36335.000000,28.650000
2025-05-07,29.250000,32.625000,27.225000,28.500000,32228.000000,28.500000
2025-05-08,28.875000,32.174999,24.825001,30.600000,34820.000000,30.600000
2025-05-09,32.174999,39.750000,29.400000,39.000000,58509.000000,39.000000
2025-05-12,165.750000,219.750000,102.000000,106.500000,3610277.000000,106.500000
2025-05-13,120.000000,121.500000,93.750000,96.000000,733625.000000,96.000000
2025-05-14,75.750000,77.625000,56.250000,56.325001,452504.000000,56.325001
2025-05-15,58.575001,103.500000,51.750000,80.250000,2004637.000000,80.250000
2025-05-16,79.125000,112.500000,76.500000,104.250000,626244.000000,104.250000
2025-05-19,103.875000,115.500000,92.250000,99.750000,392643.000000,99.750000
2025-05-20,101.250000,103.500000,90.000000,96.750000,189487.000000,96.750000
2025-05-21,101.250000,107.250000,87.000000,91.500000,281273.000000,91.500000
2025-05-22,93.000000,102.750000,84.750000,99.000000,189356.000000,99.000000
2025-05-23,89.250000,96.750000,89.250000,95.250000,96108.000000,95.250000
2025-05-27,99.750000,103.500000,86.250000,86.250000,123632.000000,86.250000
2025-05-28,82.500000,84.750000,77.250000,82.500000,104320.000000,82.500000
2025-05-29,85.500000,85.500000,72.150002,74.550003,78273.000000,74.550003
2025-05-30,71.250000,90.000000,69.750000,90.000000,98081.000000,90.000000
2025-06-02,84.750000,86.250000,79.500000,80.250000,38463.000000,80.250000
2025-06-03,81.750000,86.250000,78.750000,84.000000,52244.000000,84.000000
2025-06-04,82.500000,91.500000,79.500000,87.750000,87013.000000,87.750000
2025-06-05,84.750000,96.000000,77.250000,79.500000,112776.000000,79.500000
2025-06-06,82.500000,86.250000,81.750000,83.250000,36233.000000,83.250000
2025-06-09,88.500000,93.000000,82.500000,87.750000,69367.000000,87.750000
2025-06-10,88.500000,90.000000,82.500000,85.500000,48852.000000,85.500000
2025-06-11,82.500000,85.500000,79.500000,81.000000,72007.000000,81.000000
2025-06-12,78.750000,79.425003,75.000000,77.250000,68083.000000,77.250000
2025-06-13,75.000000,75.750000,68.400002,70.349998,64240.000000,70.349998
2025-06-16,74.250000,78.000000,70.875000,75.000000,64103.000000,75.000000
2025-06-17,74.250000,75.000000,68.250000,69.224998,43081.000000,69.224998
2025-06-18,67.500000,68.474998,63.000000,63.974998,48220.000000,63.974998
2025-06-20,60.000000,65.250000,60.000000,64.199997,51785.000000,64.199997
2025-06-23,63.000000,63.000000,56.174999,60.000000,41845.000000,60.000000
2025-06-24,62.025002,66.750000,60.000000,63.974998,33900.000000,63.974998
2025-06-25,67.949997,67.949997,61.125000,61.575001,28949.000000,61.575001
2025-06-26,60.599998,67.275002,60.599998,63.224998,25995.000000,63.224998
2025-06-27,63.000000,64.875000,60.750000,61.125000,20621.000000,61.125000
2025-06-30,61.575001,66.074997,61.575001,66.074997,51865.000000,66.074997
2025-07-01,66.599998,71.175003,63.750000,67.574997,474596.000000,67.574997
2025-07-02,91.500000,102.000000,74.625000,87.750000,1187748.000000,87.750000
2025-07-03,84.000000,99.750000,80.250000,98.250000,242636.000000,98.250000
2025-07-07,97.875000,105.750000,91.500000,98.250000,219108.000000,98.250000
2025-07-08,97.875000,114.000000,96.074997,103.500000,205545.000000,103.500000
2025-07-09,104.250000,104.250000,93.750000,98.250000,122967.000000,98.250000
2025-07-10,97.500000,111.750000,94.500000,110.250000,145545.000000,110.250000
2025-07-11,112.500000,114.750000,105.750000,106.500000,111364.000000,106.500000
2025-07-14,107.250000,114.000000,98.250000,101.250000,139473.000000,101.250000
2025-07-15,99.750000,101.250000,93.750000,96.000000,68235.000000,96.000000
2025-07-16,98.250000,104.250000,97.500000,102.000000,96200.000000,102.000000
2025-07-17,101.250000,102.750000,96.750000,99.750000,56797.000000,99.750000
2025-07-18,99.000000,100.500000,91.500000,94.500000,84068.000000,94.500000
2025-07-21,96.000000,102.000000,90.750000,91.500000,103033.000000,91.500000
2025-07-22,93.000000,95.250000,85.574997,95.250000,53761.000000,95.250000
2025-07-23,93.000000,96.000000,91.500000,93.000000,35667.000000,93.000000
2025-07-24,92.250000,93.375000,89.250000,90.000000,28957.000000,90.000000
2025-07-25,89.250000,94.500000,85.500000,90.750000,43664.000000,90.750000
2025-07-28,90.750000,90.750000,81.000000,81.000000,51141.000000,81.000000
2025-07-29,81.750000,83.925003,79.500000,80.250000,22608.000000,80.250000
2025-07-30,80.250000,80.625000,75.000000,75.000000,35092.000000,75.000000
2025-07-31,76.500000,84.000000,75.000000,81.000000,64919.000000,81.000000
2025-08-01,79.500000,81.375000,75.750000,78.750000,35619.000000,78.750000
2025-08-04,81.000000,90.750000,79.500000,90.750000,60093.000000,90.750000
2025-08-05,90.000000,91.500000,85.500000,90.750000,46108.000000,90.750000
2025-08-06,91.500000,92.250000,85.500000,89.250000,38217.000000,89.250000
2025-08-07,89.625000,90.000000,82.500000,86.250000,69719.000000,86.250000
2025-08-08,89.250000,102.000000,86.250000,96.000000,111589.000000,96.000000
2025-08-11,96.000000,103.500000,94.500000,96.750000,76493.000000,96.750000
2025-08-12,99.000000,106.500000,95.250000,105.000000,93828.000000,105.000000
2025-08-13,105.750000,114.000000,100.500000,102.750000,127285.000000,102.750000
2025-08-14,101.250000,107.250000,99.750000,105.750000,57976.000000,105.750000
2025-08-15,108.000000,108.000000,93.000000,95.250000,52516.000000,95.250000
2025-08-18,93.750000,99.000000,90.750000,96.750000,52527.000000,96.750000
2025-08-19,96.750000,96.750000,86.250000,87.000000,85607.000000,87.000000
2025-08-20,87.750000,88.125000,81.750000,86.250000,49835.000000,86.250000
2025-08-21,85.500000,91.500000,82.125000,89.250000,42441.000000,89.250000
2025-08-22,90.750000,97.500000,90.000000,96.000000,59273.000000,96.000000
2025-08-25,97.125000,106.500000,93.824997,105.000000,83287.000000,105.000000
2025-08-26,104.250000,104.250000,92.250000,93.000000,94984.000000,93.000000
2025-08-27,94.500000,96.750000,90.750000,90.750000,51216.000000,90.750000
2025-08-28,100.500000,135.000000,91.500000,129.000000,655387.000000,129.000000
2025-08-29,129.750000,129.750000,111.750000,115.500000,349556.000000,115.500000
2025-09-02,110.625000,120.000000,99.750000,103.500000,256257.000000,103.500000
2025-09-03,138.300003,217.800003,100.500000,120.599998,2039507.000000,120.599998
2025-09-04,124.875000,125.099998,93.599998,96.150002,1170447.000000,96.150002
2025-09-05,104.250000,112.500000,97.800003,111.000000,799673.000000,111.000000
2025-09-08,113.925003,127.199997,113.099998,125.099998,853447.000000,125.099998
2025-09-09,134.850006,143.100006,129.449997,139.649994,995867.000000,139.649994
2025-09-10,150.000000,153.600006,129.750000,133.050003,868433.000000,133.050003
2025-09-11,134.250000,134.250000,120.000000,124.199997,577840.000000,124.199997
2025-09-12,122.400002,123.750000,111.750000,118.349998,480480.000000,118.349998
2025-09-15,115.050003,115.650002,105.750000,106.125000,361507.000000,106.125000
2025-09-16,109.199997,119.099998,107.699997,115.949997,471907.000000,115.949997
2025-09-17,118.349998,120.750000,109.050003,115.500000,472133.000000,115.500000
2025-09-18,118.724998,120.150002,111.150002,112.199997,376240.000000,112.199997
2025-09-19,112.199997,112.455002,106.500000,106.650002,298600.000000,106.650002
2025-09-22,105.000000,110.400002,101.099998,108.599998,304347.000000,108.599998
2025-09-23,109.500000,109.949997,103.500000,104.099998,175673.000000,104.099998
2025-09-24,105.675003,110.099998,104.099998,104.849998,179333.000000,104.849998
2025-09-25,103.500000,103.949997,98.250000,100.349998,209293.000000,100.349998
2025-09-26,99.599998,100.455002,96.449997,98.699997,163373.000000,98.699997
2025-09-29,102.150002,102.599998,97.500000,99.300003,215720.000000,99.300003
2025-09-30,101.400002,103.199997,99.000000,101.099998,184280.000000,101.099998
2025-10-01,102.000000,110.849998,101.565002,108.000000,408913.000000,108.000000
2025-10-02,111.750000,112.500000,106.364998,108.449997,245600.000000,108.449997
2025-10-03,110.099998,110.099998,103.349998,104.699997,208980.000000,104.699997
2025-10-06,108.000000,110.849998,106.500000,107.250000,237580.000000,107.250000
2025-10-07,107.699997,109.949997,99.224998,102.000000,226107.000000,102.000000
2025-10-08,101.849998,102.900002,98.099998,102.449997,168987.000000,102.449997
2025-10-09,101.400002,101.834999,97.650002,98.250000,132213.000000,98.250000
2025-10-10,98.175003,98.849998,88.949997,89.250000,270520.000000,89.250000
2025-10-13,92.099998,93.750000,89.400002,90.449997,105813.000000,90.449997
2025-10-14,87.000000,91.800003,83.699997,86.400002,160327.000000,86.400002
2025-10-15,87.750000,89.550003,81.599998,83.849998,138087.000000,83.849998
2025-10-16,83.250000,84.419998,75.000000,75.449997,198487.000000,75.449997
2025-10-17,74.250000,76.500000,70.800003,71.099998,165460.000000,71.099998
2025-10-20,76.650002,76.800003,72.824997,76.349998,130573.000000,76.349998
2025-10-21,75.000000,75.885002,70.349998,73.050003,129093.000000,73.050003
2025-10-22,69.300003,70.500000,64.650002,67.349998,154373.000000,67.349998
2025-10-23,67.800003,75.750000,67.349998,75.750000,149773.000000,75.750000
2025-10-24,77.849998,85.199997,76.650002,84.300003,259893.000000,84.300003
2025-10-27,90.000000,97.199997,85.650002,89.400002,389633.000000,89.400002
2025-10-28,90.974998,92.099998,82.500000,85.199997,206060.000000,85.199997
2025-10-29,84.000000,84.660004,79.800003,82.199997,122460.000000,82.199997
2025-10-30,77.699997,82.349998,76.650002,77.250000,134553.000000,77.250000
2025-10-31,79.199997,81.599998,75.000000,76.349998,155333.000000,76.349998
2025-11-03,76.349998,76.800003,70.125000,73.800003,160100.000000,73.800003
2025-11-04,69.150002,75.300003,67.934998,69.599998,121420.000000,69.599998
2025-11-05,69.900002,73.410004,67.650002,71.849998,139107.000000,71.849998
2025-11-06,72.599998,73.650002,65.699997,68.099998,113213.000000,68.099998
2025-11-07,66.000000,69.750000,61.215000,69.599998,201820.000000,69.599998
2025-11-10,72.900002,76.199997,67.050003,73.349998,280567.000000,73.349998
2025-11-11,76.199997,78.900002,72.300003,73.650002,234527.000000,73.650002
2025-11-12,76.650002,78.000000,72.000000,73.949997,175667.000000,73.949997
2025-11-13,77.400002,77.400002,69.900002,71.099998,243467.000000,71.099998
2025-11-14,68.099998,77.849998,67.500000,72.900002,346920.000000,72.900002
2025-11-17,75.000000,79.199997,72.900002,75.750000,239787.000000,75.750000
2025-11-18,75.000000,80.355003,72.750000,76.050003,290127.000000,76.050003
2025-11-19,76.800003,78.000000,68.250000,70.949997,211087.000000,70.949997
2025-11-20,73.650002,74.849998,67.724998,68.699997,195147.000000,68.699997
2025-11-21,68.550003,68.805000,61.950001,66.449997,222853.000000,66.449997
2025-11-24,68.099998,68.400002,64.349998,65.849998,236680.000000,65.849998
2025-11-25,67.050003,67.349998,63.494999,64.500000,194260.000000,64.500000
2025-11-26,63.299999,64.199997,61.049999,63.000000,313433.000000,63.000000
2025-11-28,65.099998,66.599998,63.000000,63.599998,151440.000000,63.599998
2025-12-01,61.500000,62.099998,53.549999,53.700001,376387.000000,53.700001
2025-12-02,41.099998,41.099998,26.100000,32.849998,5864067.000000,32.849998
2025-12-03,35.400002,37.950001,33.750000,35.849998,2706200.000000,35.849998
2025-12-04,36.150002,38.099998,34.500000,36.299999,1666647.000000,36.299999
2025-12-05,36.075001,36.075001,32.549999,33.450001,1168627.000000,33.450001
2025-12-08,34.349998,34.500000,29.850000,30.299999,1435980.000000,30.299999
2025-12-09,30.299999,31.950001,28.200001,30.750000,1289987.000000,30.750000
2025-12-10,30.750000,31.049999,28.350000,29.100000,1387087.000000,29.100000
2025-12-11,28.650000,28.650000,26.549999,27.450001,1181387.000000,27.450001
2025-12-12,27.900000,29.850000,26.250000,26.700001,907207.000000,26.700001
2025-12-15,26.700001,26.850000,24.600000,24.750000,864180.000000,24.750000
2025-12-16,24.600000,25.350000,23.400000,24.750000,1009533.000000,24.750000
2025-12-17,25.200001,26.250000,24.299999,24.750000,884140.000000,24.750000
2025-12-18,26.025000,26.400000,23.549999,23.850000,939800.000000,23.850000
2025-12-19,24.825001,26.700001,24.600000,26.700001,1994113.000000,26.700001
2025-12-22,29.850000,30.000000,27.825001,29.250000,1161807.000000,29.250000
2025-12-23,28.500000,28.799999,27.299999,27.900000,725927.000000,27.900000
2025-12-24,27.900000,28.500000,27.299999,28.200001,314587.000000,28.200001
2025-12-26,28.350000,28.799999,27.299999,28.350000,425707.000000,28.350000
2025-12-29,28.049999,29.219999,27.000000,27.150000,494413.000000,27.150000
2025-12-30,26.700001,26.850000,25.799999,25.799999,582013.000000,25.799999
2025-12-31,25.799999,26.100000,25.275000,25.500000,485793.000000,25.500000
2026-01-02,26.250000,27.600000,25.500000,26.700001,700860.000000,26.700001
2026-01-05,29.250000,31.500000,28.500000,30.299999,2146020.000000,30.299999
2026-01-06,30.600000,30.750000,28.575001,29.549999,1025087.000000,29.549999
2026-01-07,29.100000,29.549999,28.049999,28.650000,742713.000000,28.650000
2026-01-08,27.750000,29.250000,27.299999,28.650000,667773.000000,28.650000
2026-01-09,28.500000,29.025000,27.299999,27.450001,766733.000000,27.450001
2026-01-12,27.600000,28.049999,26.400000,27.299999,855420.000000,27.299999
2026-01-13,27.600000,28.650000,26.850000,28.049999,1037067.000000,28.049999
2026-01-14,28.200001,28.650000,26.295000,26.400000,1280540.000000,26.400000
2026-01-15,26.700001,26.700001,25.200001,25.200001,770627.000000,25.200001
2026-01-16,25.200001,25.350000,24.450001,24.600000,614400.000000,24.600000
2026-01-20,23.549999,24.000000,23.100000,23.400000,837260.000000,23.400000
2026-01-21,23.400000,24.150000,22.650000,23.549999,711227.000000,23.549999
2026-01-22,23.700001,23.850000,23.100000,23.400000,438307.000000,23.400000
2026-01-23,23.400000,23.549999,22.500000,22.950001,699560.000000,22.950001
2026-01-26,22.799999,23.549999,22.200001,22.650000,613347.000000,22.650000
2026-01-27,22.650000,24.150000,22.350000,23.850000,530400.000000,23.850000
2026-01-28,24.000000,24.000000,23.100000,23.400000,704100.000000,23.400000
2026-01-29,22.950001,23.250000,22.200001,23.100000,720793.000000,23.100000
2026-01-30,22.500000,22.950001,22.200001,22.650000,567513.000000,22.650000
2026-02-02,22.650000,22.650000,21.450001,21.450001,696400.000000,21.450001
2026-02-03,21.750000,22.049999,19.049999,20.250000,1178347.000000,20.250000
2026-02-04,19.950001,20.250000,18.750000,19.200001,716000.000000,19.200001
2026-02-05,18.150000,19.049999,16.799999,17.174999,1166207.000000,17.174999
2026-02-06,18.450001,19.950001,18.420000,19.650000,832487.000000,19.650000
2026-02-09,19.350000,19.350000,18.600000,18.900000,817473.000000,18.900000
2026-02-10,18.750000,18.900000,18.000000,18.000000,648847.000000,18.000000
2026-02-11,18.150000,18.450001,16.725000,17.250000,939833.000000,17.250000
2026-02-12,17.400000,17.549999,16.650000,17.250000,862587.000000,17.250000
2026-02-13,17.549999,17.834999,16.799999,16.950001,987500.000000,16.950001
2026-02-17,17.025000,17.250000,16.049999,16.350000,760573.000000,16.350000
2026-02-18,16.650000,16.799999,15.600000,15.600000,1023553.000000,15.600000
2026-02-19,15.525000,15.600000,15.150000,15.300000,845740.000000,15.300000
2026-02-20,15.450000,15.900000,15.000000,15.000000,944707.000000,15.000000
2026-02-23,14.955000,15.300000,14.100000,14.625000,484967.000000,14.625000
2026-02-24,14.250000,15.450000,13.890000,15.300000,542933.000000,15.300000
2026-02-25,16.350000,16.799999,15.600000,15.750000,1619307.000000,15.750000
2026-02-26,15.750000,16.350000,15.000000,16.200001,1138127.000000,16.200001
2026-02-27,15.750000,16.049999,15.150000,15.300000,582580.000000,15.300000
2026-03-02,15.000000,15.750000,14.565000,15.300000,1235307.000000,15.300000
2026-03-03,15.000000,15.750000,14.280000,15.450000,819227.000000,15.450000
2026-03-04,16.424999,17.549999,16.200001,17.250000,1602840.000000,17.250000
2026-03-05,18.299999,18.600000,16.799999,17.549999,1664180.000000,17.549999
2026-03-06,16.799999,17.400000,15.900000,16.350000,794300.000000,16.350000
2026-03-09,16.650000,16.650000,15.900000,16.500000,1108407.000000,16.500000
2026-03-10,16.950001,18.000000,16.799999,17.400000,1388360.000000,17.400000
2026-03-11,17.549999,17.700001,16.350000,16.950001,1199993.000000,16.950001
2026-03-12,16.575001,16.875000,15.450000,15.750000,1463500.000000,15.750000
2026-03-13,16.424999,16.500000,15.300000,15.600000,1615287.000000,15.600000
2026-03-16,16.200001,16.350000,15.450000,15.600000,1477713.000000,15.600000
2026-03-17,15.750000,16.350000,15.450000,15.900000,1164167.000000,15.900000
2026-03-18,15.600000,15.900000,15.300000,15.450000,614307.000000,15.450000
2026-03-19,15.150000,15.450000,14.490000,15.300000,751173.000000,15.300000
2026-03-20,15.300000,15.375000,14.100000,14.205000,1256427.000000,14.205000
2026-03-23,14.700000,14.970000,14.040000,14.475000,629673.000000,14.475000
2026-03-24,14.400000,15.150000,14.175000,14.235000,493327.000000,14.235000
2026-03-25,14.625000,15.300000,14.625000,14.745000,480740.000000,14.745000
2026-03-26,14.550000,14.985000,13.695000,13.695000,428173.000000,13.695000
2026-03-27,13.680000,13.800000,12.900000,12.900000,514980.000000,12.900000
2026-03-30,13.095000,13.650000,11.550000,11.850000,695613.000000,11.850000
2026-03-31,13.185000,14.025000,12.000000,13.860000,1100387.000000,13.860000
2026-04-01,14.085000,14.790000,13.575000,13.770000,718367.000000,13.770000
2026-04-02,13.440000,13.800000,13.050000,13.635000,506427.000000,13.635000
2026-04-06,13.950000,14.100000,13.275000,13.275000,504827.000000,13.275000
2026-04-07,13.125000,13.200000,12.525000,13.080000,401327.000000,13.080000
2026-04-08,14.250000,15.150000,13.350000,14.460000,879767.000000,14.460000
2026-04-09,14.250000,15.000000,13.530000,14.130000,440167.000000,14.130000
2026-04-10,14.100000,14.985000,14.100000,14.280000,373353.000000,14.280000
2026-04-13,13.950000,14.850000,13.695000,14.850000,498087.000000,14.850000
2026-04-14,15.450000,16.200001,15.300000,15.450000,1261593.000000,15.450000
2026-04-15,15.600000,16.650000,15.300000,16.500000,1244100.000000,16.500000
2026-04-16,16.650000,17.174999,16.049999,16.950001,1307680.000000,16.950001
2026-04-17,18.150000,21.600000,18.000000,19.500000,2596573.000000,19.500000
2026-04-20,18.750000,19.799999,18.000000,18.900000,1453253.000000,18.900000
2026-04-21,19.500000,19.799999,18.000000,18.600000,1572893.000000,18.600000
2026-04-22,19.650000,21.450001,19.500000,20.100000,2167720.000000,20.100000
2026-04-23,19.799999,20.250000,18.600000,18.900000,1868913.000000,18.900000
2026-04-24,19.350000,19.650000,18.150000,18.600000,1076480.000000,18.600000
2026-04-27,18.450001,18.570000,17.549999,18.150000,1372887.000000,18.150000
2026-04-28,17.549999,17.850000,16.950001,17.549999,948667.000000,17.549999
2026-04-29,17.549999,17.850000,16.650000,17.100000,1020053.000000,17.100000
2026-04-30,17.100000,17.549999,16.650000,17.250000,750647.000000,17.250000
2026-05-01,17.700001,18.299999,17.475000,18.150000,875113.000000,18.150000
2026-05-04,18.225000,18.299999,17.100000,17.549999,1050313.000000,17.549999
2026-05-05,18.000000,18.750000,17.549999,18.450001,885180.000000,18.450001
2026-05-06,18.450001,18.900000,18.000000,18.750000,1041200.000000,18.750000
2026-05-07,18.299999,18.299999,16.799999,17.400000,1003307.000000,17.400000
2026-05-08,17.400000,18.150000,16.950001,17.850000,609520.000000,17.850000
2026-05-11,17.775000,18.450001,16.799999,17.850000,1059847.000000,17.850000
2026-05-12,17.549999,17.549999,16.500000,17.100000,947800.000000,17.100000
2026-05-13,17.025000,17.475000,16.650000,16.799999,668067.000000,16.799999
2026-05-14,16.799999,18.450001,16.350000,17.549999,1158740.000000,17.549999
2026-05-15,17.100000,17.100000,16.500000,16.650000,809873.000000,16.650000
2026-05-18,16.200001,16.350000,15.000000,15.450000,1164067.000000,15.450000
2026-05-19,15.150000,15.750000,15.000000,15.300000,818433.000000,15.300000
2026-05-20,15.600000,16.650000,15.450000,16.650000,644827.000000,16.650000
2026-05-21,16.650000,17.100000,15.750000,16.950001,598333.000000,16.950001
2026-05-22,16.950001,17.400000,16.350000,16.650000,531207.000000,16.650000
2026-05-26,16.799999,16.950001,15.900000,16.200001,625160.000000,16.200001
2026-05-27,15.975000,16.500000,15.750000,16.049999,432487.000000,16.049999
2026-05-28,15.750000,16.200001,15.450000,15.750000,535213.000000,15.750000
2026-05-29,15.750000,16.950001,15.150000,16.950001,843260.000000,16.950001
2026-06-01,16.500000,16.650000,15.600000,16.200001,806480.000000,16.200001
2026-06-02,15.900000,15.900000,14.730000,14.940000,1184980.000000,14.940000
2026-06-03,14.940000,14.940000,13.995000,14.010000,541273.000000,14.010000
2026-06-04,13.755000,14.010000,13.575000,13.710000,688367.000000,13.710000
2026-06-05,13.590000,13.605000,12.555000,12.945000,1094507.000000,12.945000
2026-06-08,13.410000,14.250000,13.200000,13.515000,741053.000000,13.515000
2026-06-09,13.290000,13.650000,12.555000,12.795000,768387.000000,12.795000
2026-06-10,12.600000,13.200000,12.300000,12.300000,620913.000000,12.300000
2026-06-11,12.300000,12.660000,12.015000,12.510000,681720.000000,12.510000
2026-06-12,12.555000,13.530000,12.375000,12.855000,706400.000000,12.855000
2026-06-15,13.785000,13.875000,12.750000,12.810000,1089627.000000,12.810000
2026-06-16,12.855000,13.155000,12.450000,12.525000,590927.000000,12.525000
2026-06-17,12.600000,13.485000,12.450000,12.645000,737700.000000,12.645000
2026-06-18,12.750000,12.900000,12.225000,12.750000,2485880.000000,12.750000
2026-06-22,12.795000,13.185000,12.060000,12.180000,984900.000000,12.180000
2026-06-23,12.000000,12.375000,11.550000,11.595000,710780.000000,11.595000
2026-06-24,11.700000,11.730000,10.995000,11.115000,743780.000000,11.115000
2026-06-25,11.100000,11.220000,10.200000,10.590000,985253.000000,10.590000
2026-06-26,10.425000,11.175000,10.215000,10.770000,383927.000000,10.770000
2026-06-29,10.920000,11.100000,10.425000,10.725000,639360.000000,10.725000
2026-06-30,10.200000,10.500000,9.975000,10.215000,673807.000000,10.215000
2026-07-01,9.750000,10.140000,9.180000,9.360000,2609513.000000,9.360000
2026-07-02,9.750000,10.050000,8.340000,8.430000,5502480.000000,8.430000
2026-07-06,8.007000,9.330000,7.410000,8.490000,2178200.000000,8.490000
2026-07-07,8.410000,8.410000,6.425000,6.520000,2775000.000000,6.520000
2026-07-08,6.200000,6.270000,5.760000,5.860000,4230300.000000,5.860000
2026-07-09,5.920000,6.120000,5.550000,5.980000,1721600.000000,5.980000
2026-07-10,6.190000,6.650000,5.950000,6.130000,1873200.000000,6.130000
2026-07-13,5.980000,6.120000,5.250000,5.285000,2099900.000000,5.285000
2026-07-14,5.290000,5.580000,5.050000,5.400000,1629800.000000,5.400000
2026-07-15,5.430000,5.940000,5.290000,5.650000,1818600.000000,5.650000
2026-07-16,5.450000,5.619000,5.250000,5.460000,1093600.000000,5.460000
2026-07-17,5.200000,5.635000,5.040000,5.440000,1129400.000000,5.440000
2026-07-20,5.520000,5.900000,5.265000,5.770000,1541800.000000,5.770000
2026-07-21,6.070000,6.650000,5.931000,6.470000,1810200.000000,6.470000
2026-07-22,6.200000,6.650000,6.065000,6.100000,1006100.000000,6.100000
2026-07-23,6.010000,6.530000,5.990000,6.100000,1008500.000000,6.100000
2026-07-24,6.080000,6.130000,5.487000,5.720000,1416200.000000,5.720000
2026-07-27,5.850000,6.208000,5.600000,5.870000,1185500.000000,5.870000
2026-07-28,5.790000,5.820000,5.450000,5.480000,949900.000000,5.480000
2026-07-29,5.460000,5.655000,5.131000,5.190000,1734600.000000,5.190000
2026-07-30,5.360000,5.980000,5.290000,5.900000,1854200.000000,5.900000
2026-07-31,5.870000,5.940000,5.410000,5.520000,1406300.000000,5.520000
2026-08-03,5.310000,5.950000,4.920000,5.850000,1846800.000000,5.850000
2026-08-04,5.970000,6.290000,5.665000,6.140000,1176000.000000,6.140000
2026-08-05,6.200000,6.610000,6.080000,6.540000,1544800.000000,6.540000
2026-08-06,6.380000,6.415000,6.090000,6.190000,1022400.000000,6.190000
2026-08-07,6.480000,6.780000,6.360000,6.470000,1195200.000000,6.470000
2026-08-10,7.350000,7.500000,6.860000,7.070000,1753000.000000,7.070000
2026-08-11,7.340000,7.340000,6.800000,6.920000,935800.000000,6.920000
2026-08-12,7.020000,7.200000,6.890000,6.930000,875900.000000,6.930000
2026-08-13,7.010000,7.690000,7.010000,7.320000,1565500.000000,7.320000
2026-08-14,7.200000,7.560000,7.015000,7.260000,1212700.000000,7.260000
