Date,Open,High,Low,Close,Volume,Adj Close
2020-12-15,10.0,10.0,10.0,10.0,0.0,10.0
2020-12-16,9.969499588012695,9.969499588012695,9.969499588012695,9.969499588012695,0.0,9.969499588012695
2020-12-17,10.052499771118164,10.052499771118164,10.052499771118164,10.052499771118164,0.0,10.052499771118164
2020-12-18,10.093899726867676,10.093899726867676,10.093899726867676,10.093899726867676,0.0,10.093899726867676
2020-12-21,10.0516996383667,10.0516996383667,10.0516996383667,10.0516996383667,0.0,10.0516996383667
2020-12-22,10.087499618530273,10.087499618530273,10.087499618530273,10.087499618530273,0.0,10.087499618530273
2020-12-23,10.105899810791016,10.105899810791016,10.105899810791016,10.105899810791016,0.0,10.105899810791016
2020-12-24,10.134499549865723,10.134499549865723,10.134499549865723,10.134499549865723,0.0,10.134499549865723
2020-12-28,,,,,,
2020-12-29,,,,,,
2020-12-30,10.2322998046875,10.2322998046875,10.2322998046875,10.2322998046875,0.0,10.2322998046875
2020-12-31,10.24590015411377,10.24590015411377,10.24590015411377,10.24590015411377,0.0,10.24590015411377
2021-01-04,10.219099998474121,10.219099998474121,10.219099998474121,10.219099998474121,0.0,10.219099998474121
2021-01-05,10.291199684143066,10.291199684143066,10.291199684143066,10.291199684143066,0.0,10.291199684143066
2021-01-06,10.449799537658691,10.449799537658691,10.449799537658691,10.449799537658691,0.0,10.449799537658691
2021-01-07,10.677800178527832,10.677800178527832,10.677800178527832,10.677800178527832,0.0,10.677800178527832
2021-01-08,10.714200019836426,10.714200019836426,10.714200019836426,10.714200019836426,0.0,10.714200019836426
2021-01-11,10.654500007629395,10.654500007629395,10.654500007629395,10.654500007629395,0.0,10.654500007629395
2021-01-12,10.668000221252441,10.668000221252441,10.668000221252441,10.668000221252441,0.0,10.668000221252441
2021-01-13,10.623900413513184,10.623900413513184,10.623900413513184,10.623900413513184,0.0,10.623900413513184
2021-01-14,10.653200149536133,10.653200149536133,10.653200149536133,10.653200149536133,0.0,10.653200149536133
2021-01-15,10.523699760437012,10.523699760437012,10.523699760437012,10.523699760437012,0.0,10.523699760437012
2021-01-19,10.546199798583984,10.546199798583984,10.546199798583984,10.546199798583984,0.0,10.546199798583984
2021-01-20,10.60319995880127,10.60319995880127,10.60319995880127,10.60319995880127,0.0,10.60319995880127
2021-01-21,10.632699966430664,10.632699966430664,10.632699966430664,10.632699966430664,0.0,10.632699966430664
2021-01-22,10.628600120544434,10.628600120544434,10.628600120544434,10.628600120544434,0.0,10.628600120544434
2021-01-25,10.552599906921387,10.552599906921387,10.552599906921387,10.552599906921387,0.0,10.552599906921387
2021-01-26,10.524499893188477,10.524499893188477,10.524499893188477,10.524499893188477,0.0,10.524499893188477
2021-01-27,10.291999816894531,10.291999816894531,10.291999816894531,10.291999816894531,0.0,10.291999816894531
2021-01-28,10.347299575805664,10.347299575805664,10.347299575805664,10.347299575805664,0.0,10.347299575805664
2021-01-29,10.167799949645996,10.167799949645996,10.167799949645996,10.167799949645996,0.0,10.167799949645996
2021-02-01,10.336700439453125,10.336700439453125,10.336700439453125,10.336700439453125,0.0,10.336700439453125
2021-02-02,10.456999778747559,10.456999778747559,10.456999778747559,10.456999778747559,0.0,10.456999778747559
2021-02-03,10.326499938964844,10.326499938964844,10.326499938964844,10.326499938964844,0.0,10.326499938964844
2021-02-04,10.419099807739258,10.419099807739258,10.419099807739258,10.419099807739258,0.0,10.419099807739258
2021-02-05,10.442099571228027,10.442099571228027,10.442099571228027,10.442099571228027,0.0,10.442099571228027
2021-02-08,10.572500228881836,10.572500228881836,10.572500228881836,10.572500228881836,0.0,10.572500228881836
2021-02-09,10.580900192260742,10.580900192260742,10.580900192260742,10.580900192260742,0.0,10.580900192260742
2021-02-10,10.601799964904785,10.601799964904785,10.601799964904785,10.601799964904785,0.0,10.601799964904785
2021-02-11,10.718299865722656,10.718299865722656,10.718299865722656,10.718299865722656,0.0,10.718299865722656
2021-02-12,10.82409954071045,10.82409954071045,10.82409954071045,10.82409954071045,0.0,10.82409954071045
2021-02-16,10.82450008392334,10.82450008392334,10.82450008392334,10.82450008392334,0.0,10.82450008392334
2021-02-17,10.71090030670166,10.71090030670166,10.71090030670166,10.71090030670166,0.0,10.71090030670166
2021-02-18,10.649900436401367,10.649900436401367,10.649900436401367,10.649900436401367,0.0,10.649900436401367
2021-02-19,10.74940013885498,10.74940013885498,10.74940013885498,10.74940013885498,0.0,10.74940013885498
2021-02-22,10.575200080871582,10.575200080871582,10.575200080871582,10.575200080871582,0.0,10.575200080871582
2021-02-23,10.4552001953125,10.4552001953125,10.4552001953125,10.4552001953125,0.0,10.4552001953125
2021-02-24,10.546500205993652,10.546500205993652,10.546500205993652,10.546500205993652,0.0,10.546500205993652
2021-02-25,10.332599639892578,10.332599639892578,10.332599639892578,10.332599639892578,0.0,10.332599639892578
2021-02-26,10.253100395202637,10.253100395202637,10.253100395202637,10.253100395202637,0.0,10.253100395202637
2021-03-01,10.490900039672852,10.490900039672852,10.490900039672852,10.490900039672852,0.0,10.490900039672852
2021-03-02,10.39840030670166,10.39840030670166,10.39840030670166,10.39840030670166,0.0,10.39840030670166
2021-03-03,10.22439956665039,10.22439956665039,10.22439956665039,10.22439956665039,0.0,10.22439956665039
2021-03-04,9.985799789428711,9.985799789428711,9.985799789428711,9.985799789428711,0.0,9.985799789428711
2021-03-05,10.019200325012207,10.019200325012207,10.019200325012207,10.019200325012207,0.0,10.019200325012207
2021-03-08,9.87279987335205,9.87279987335205,9.87279987335205,9.87279987335205,0.0,9.87279987335205
2021-03-09,10.11870002746582,10.11870002746582,10.11870002746582,10.11870002746582,0.0,10.11870002746582
2021-03-10,10.117899894714355,10.117899894714355,10.117899894714355,10.117899894714355,0.0,10.117899894714355
2021-03-11,10.323200225830078,10.323200225830078,10.323200225830078,10.323200225830078,0.0,10.323200225830078
2021-03-12,10.250499725341797,10.250499725341797,10.250499725341797,10.250499725341797,0.0,10.250499725341797
2021-03-15,10.406000137329102,10.406000137329102,10.406000137329102,10.406000137329102,0.0,10.406000137329102
2021-03-16,10.394100189208984,10.394100189208984,10.394100189208984,10.394100189208984,0.0,10.394100189208984
2021-03-17,,,,,,
2021-03-18,10.29319953918457,10.29319953918457,10.29319953918457,10.29319953918457,0.0,10.29319953918457
2021-03-19,10.277099609375,10.277099609375,10.277099609375,10.277099609375,0.0,10.277099609375
2021-03-22,10.338700294494629,10.338700294494629,10.338700294494629,10.338700294494629,0.0,10.338700294494629
2021-03-23,10.247400283813477,10.247400283813477,10.247400283813477,10.247400283813477,0.0,10.247400283813477
2021-03-24,10.235199928283691,10.235199928283691,10.235199928283691,10.235199928283691,0.0,10.235199928283691
2021-03-25,10.27649974822998,10.27649974822998,10.27649974822998,10.27649974822998,0.0,10.27649974822998
2021-03-26,10.558099746704102,10.558099746704102,10.558099746704102,10.558099746704102,0.0,10.558099746704102
2021-03-29,10.47189998626709,10.47189998626709,10.47189998626709,10.47189998626709,0.0,10.47189998626709
2021-03-30,10.469900131225586,10.469900131225586,10.469900131225586,10.469900131225586,0.0,10.469900131225586
2021-03-31,10.558500289916992,10.558500289916992,10.558500289916992,10.558500289916992,0.0,10.558500289916992
2021-04-01,10.769200325012207,10.769200325012207,10.769200325012207,10.769200325012207,0.0,10.769200325012207
2021-04-05,,,,,,
2021-04-06,10.893799781799316,10.893799781799316,10.893799781799316,10.893799781799316,0.0,10.893799781799316
2021-04-07,10.860300064086914,10.860300064086914,10.860300064086914,10.860300064086914,0.0,10.860300064086914
2021-04-08,10.965399742126465,10.965399742126465,10.965399742126465,10.965399742126465,0.0,10.965399742126465
2021-04-09,11.05150032043457,11.05150032043457,11.05150032043457,11.05150032043457,0.0,11.05150032043457
2021-04-12,11.027299880981445,11.027299880981445,11.027299880981445,11.027299880981445,0.0,11.027299880981445
2021-04-13,11.020000457763672,11.020000457763672,11.020000457763672,11.020000457763672,0.0,11.020000457763672
2021-04-14,10.985899925231934,10.985899925231934,10.985899925231934,10.985899925231934,0.0,10.985899925231934
2021-04-15,11.084199905395508,11.084199905395508,11.084199905395508,11.084199905395508,0.0,11.084199905395508
2021-04-16,11.118300437927246,11.118300437927246,11.118300437927246,11.118300437927246,0.0,11.118300437927246
2021-04-19,11.079299926757812,11.079299926757812,11.079299926757812,11.079299926757812,0.0,11.079299926757812
2021-04-20,11.01729965209961,11.01729965209961,11.01729965209961,11.01729965209961,0.0,11.01729965209961
2021-04-21,11.10420036315918,11.10420036315918,11.10420036315918,11.10420036315918,0.0,11.10420036315918
2021-04-22,11.10200023651123,11.10200023651123,11.10200023651123,11.10200023651123,0.0,11.10200023651123
2021-04-23,11.242899894714355,11.242899894714355,11.242899894714355,11.242899894714355,0.0,11.242899894714355
2021-04-26,11.285799980163574,11.285799980163574,11.285799980163574,11.285799980163574,0.0,11.285799980163574
2021-04-27,11.24269962310791,11.24269962310791,11.24269962310791,11.24269962310791,0.0,11.24269962310791
2021-04-28,11.205400466918945,11.205400466918945,11.205400466918945,11.205400466918945,0.0,11.205400466918945
2021-04-29,11.205100059509277,11.205100059509277,11.205100059509277,11.205100059509277,0.0,11.205100059509277
2021-04-30,11.037199974060059,11.037199974060059,11.037199974060059,11.037199974060059,0.0,11.037199974060059
2021-05-03,,,,,,
2021-05-04,10.925600051879883,10.925600051879883,10.925600051879883,10.925600051879883,0.0,10.925600051879883
2021-05-05,11.023799896240234,11.023799896240234,11.023799896240234,11.023799896240234,0.0,11.023799896240234
2021-05-06,11.001700401306152,11.001700401306152,11.001700401306152,11.001700401306152,0.0,11.001700401306152
2021-05-07,11.149200439453125,11.149200439453125,11.149200439453125,11.149200439453125,0.0,11.149200439453125
2021-05-10,10.994000434875488,10.994000434875488,10.994000434875488,10.994000434875488,0.0,10.994000434875488
2021-05-11,10.852499961853027,10.852499961853027,10.852499961853027,10.852499961853027,0.0,10.852499961853027
2021-05-12,10.576499938964844,10.576499938964844,10.576499938964844,10.576499938964844,0.0,10.576499938964844
2021-05-13,10.732600212097168,10.732600212097168,10.732600212097168,10.732600212097168,0.0,10.732600212097168
2021-05-14,10.916000366210938,10.916000366210938,10.916000366210938,10.916000366210938,0.0,10.916000366210938
2021-05-17,10.852899551391602,10.852899551391602,10.852899551391602,10.852899551391602,0.0,10.852899551391602
2021-05-18,10.840700149536133,10.840700149536133,10.840700149536133,10.840700149536133,0.0,10.840700149536133
2021-05-19,10.840900421142578,10.840900421142578,10.840900421142578,10.840900421142578,0.0,10.840900421142578
2021-05-20,11.017000198364258,11.017000198364258,11.017000198364258,11.017000198364258,0.0,11.017000198364258
2021-05-21,11.071499824523926,11.071499824523926,11.071499824523926,11.071499824523926,0.0,11.071499824523926
2021-05-24,11.155799865722656,11.155799865722656,11.155799865722656,11.155799865722656,0.0,11.155799865722656
2021-05-25,11.16759967803955,11.16759967803955,11.16759967803955,11.16759967803955,0.0,11.16759967803955
2021-05-26,11.183199882507324,11.183199882507324,11.183199882507324,11.183199882507324,0.0,11.183199882507324
2021-05-27,11.223299980163574,11.223299980163574,11.223299980163574,11.223299980163574,0.0,11.223299980163574
2021-05-28,11.236900329589844,11.236900329589844,11.236900329589844,11.236900329589844,0.0,11.236900329589844
2021-06-01,11.233400344848633,11.233400344848633,11.233400344848633,11.233400344848633,0.0,11.233400344848633
2021-06-02,11.193499565124512,11.193499565124512,11.193499565124512,11.193499565124512,0.0,11.193499565124512
2021-06-03,11.14490032196045,11.14490032196045,11.14490032196045,11.14490032196045,0.0,11.14490032196045
2021-06-04,11.307100296020508,11.307100296020508,11.307100296020508,11.307100296020508,0.0,11.307100296020508
2021-06-07,,,,,,
2021-06-08,11.309700012207031,11.309700012207031,11.309700012207031,11.309700012207031,0.0,11.309700012207031
2021-06-09,11.307700157165527,11.307700157165527,11.307700157165527,11.307700157165527,0.0,11.307700157165527
2021-06-10,11.379899978637695,11.379899978637695,11.379899978637695,11.379899978637695,0.0,11.379899978637695
2021-06-11,11.436800003051758,11.436800003051758,11.436800003051758,11.436800003051758,0.0,11.436800003051758
2021-06-14,11.477999687194824,11.477999687194824,11.477999687194824,11.477999687194824,0.0,11.477999687194824
2021-06-15,11.499500274658203,11.499500274658203,11.499500274658203,11.499500274658203,0.0,11.499500274658203
2021-06-16,11.446599960327148,11.446599960327148,11.446599960327148,11.446599960327148,0.0,11.446599960327148
2021-06-17,11.334600448608398,11.334600448608398,11.334600448608398,11.334600448608398,0.0,11.334600448608398
2021-06-18,11.193300247192383,11.193300247192383,11.193300247192383,11.193300247192383,0.0,11.193300247192383
2021-06-21,11.347800254821777,11.347800254821777,11.347800254821777,11.347800254821777,0.0,11.347800254821777
2021-06-22,11.406399726867676,11.406399726867676,11.406399726867676,11.406399726867676,0.0,11.406399726867676
2021-06-23,11.3996000289917,11.3996000289917,11.3996000289917,11.3996000289917,0.0,11.3996000289917
2021-06-24,11.47819995880127,11.47819995880127,11.47819995880127,11.47819995880127,0.0,11.47819995880127
2021-06-25,11.527899742126465,11.527899742126465,11.527899742126465,11.527899742126465,0.0,11.527899742126465
2021-06-28,11.59280014038086,11.59280014038086,11.59280014038086,11.59280014038086,0.0,11.59280014038086
2021-06-29,11.647100448608398,11.647100448608398,11.647100448608398,11.647100448608398,0.0,11.647100448608398
2021-06-30,11.580300331115723,11.580300331115723,11.580300331115723,11.580300331115723,0.0,11.580300331115723
2021-07-01,11.568900108337402,11.568900108337402,11.568900108337402,11.568900108337402,0.0,11.568900108337402
2021-07-02,11.610600471496582,11.610600471496582,11.610600471496582,11.610600471496582,0.0,11.610600471496582
2021-07-06,11.637399673461914,11.637399673461914,11.637399673461914,11.637399673461914,0.0,11.637399673461914
2021-07-07,11.695699691772461,11.695699691772461,11.695699691772461,11.695699691772461,0.0,11.695699691772461
2021-07-08,11.571499824523926,11.571499824523926,11.571499824523926,11.571499824523926,0.0,11.571499824523926
2021-07-09,11.681500434875488,11.681500434875488,11.681500434875488,11.681500434875488,0.0,11.681500434875488
2021-07-12,11.744000434875488,11.744000434875488,11.744000434875488,11.744000434875488,0.0,11.744000434875488
2021-07-13,11.709699630737305,11.709699630737305,11.709699630737305,11.709699630737305,0.0,11.709699630737305
2021-07-14,11.703200340270996,11.703200340270996,11.703200340270996,11.703200340270996,0.0,11.703200340270996
2021-07-15,11.659700393676758,11.659700393676758,11.659700393676758,11.659700393676758,0.0,11.659700393676758
2021-07-16,11.581500053405762,11.581500053405762,11.581500053405762,11.581500053405762,0.0,11.581500053405762
2021-07-19,11.446599960327148,11.446599960327148,11.446599960327148,11.446599960327148,0.0,11.446599960327148
2021-07-20,11.610099792480469,11.610099792480469,11.610099792480469,11.610099792480469,0.0,11.610099792480469
2021-07-21,11.76609992980957,11.76609992980957,11.76609992980957,11.76609992980957,0.0,11.76609992980957
2021-07-22,11.825699806213379,11.825699806213379,11.825699806213379,11.825699806213379,0.0,11.825699806213379
2021-07-23,11.94219970703125,11.94219970703125,11.94219970703125,11.94219970703125,0.0,11.94219970703125
2021-07-26,11.915900230407715,11.915900230407715,11.915900230407715,11.915900230407715,0.0,11.915900230407715
2021-07-27,11.818300247192383,11.818300247192383,11.818300247192383,11.818300247192383,0.0,11.818300247192383
2021-07-28,11.89169979095459,11.89169979095459,11.89169979095459,11.89169979095459,0.0,11.89169979095459
2021-07-29,12.028800010681152,12.028800010681152,12.028800010681152,12.028800010681152,0.0,12.028800010681152
2021-07-30,12.119600296020508,12.119600296020508,12.119600296020508,12.119600296020508,0.0,12.119600296020508
2021-08-02,,,,,,
2021-08-03,12.217399597167969,12.217399597167969,12.217399597167969,12.217399597167969,0.0,12.217399597167969
2021-08-04,12.21720027923584,12.21720027923584,12.21720027923584,12.21720027923584,0.0,12.21720027923584
2021-08-05,12.206100463867188,12.206100463867188,12.206100463867188,12.206100463867188,0.0,12.206100463867188
2021-08-06,12.175600051879883,12.175600051879883,12.175600051879883,12.175600051879883,0.0,12.175600051879883
2021-08-09,12.158499717712402,12.158499717712402,12.158499717712402,12.158499717712402,0.0,12.158499717712402
2021-08-10,12.099499702453613,12.099499702453613,12.099499702453613,12.099499702453613,0.0,12.099499702453613
2021-08-11,12.160400390625,12.160400390625,12.160400390625,12.160400390625,0.0,12.160400390625
2021-08-12,12.160099983215332,12.160099983215332,12.160099983215332,12.160099983215332,0.0,12.160099983215332
2021-08-13,12.186599731445312,12.186599731445312,12.186599731445312,12.186599731445312,0.0,12.186599731445312
2021-08-16,12.201700210571289,12.201700210571289,12.201700210571289,12.201700210571289,0.0,12.201700210571289
2021-08-17,12.05840015411377,12.05840015411377,12.05840015411377,12.05840015411377,0.0,12.05840015411377
2021-08-18,11.994099617004395,11.994099617004395,11.994099617004395,11.994099617004395,0.0,11.994099617004395
2021-08-19,11.999199867248535,11.999199867248535,11.999199867248535,11.999199867248535,0.0,11.999199867248535
2021-08-20,12.089900016784668,12.089900016784668,12.089900016784668,12.089900016784668,0.0,12.089900016784668
2021-08-23,12.17549991607666,12.17549991607666,12.17549991607666,12.17549991607666,0.0,12.17549991607666
2021-08-24,12.205300331115723,12.205300331115723,12.205300331115723,12.205300331115723,0.0,12.205300331115723
2021-08-25,12.229299545288086,12.229299545288086,12.229299545288086,12.229299545288086,0.0,12.229299545288086
2021-08-26,12.167699813842773,12.167699813842773,12.167699813842773,12.167699813842773,0.0,12.167699813842773
2021-08-27,12.297300338745117,12.297300338745117,12.297300338745117,12.297300338745117,0.0,12.297300338745117
2021-08-30,,,,,,
2021-08-31,12.27970027923584,12.27970027923584,12.27970027923584,12.27970027923584,0.0,12.27970027923584
2021-09-01,12.34749984741211,12.34749984741211,12.34749984741211,12.34749984741211,0.0,12.34749984741211
2021-09-02,12.461999893188477,12.461999893188477,12.461999893188477,12.461999893188477,0.0,12.461999893188477
2021-09-03,12.453700065612793,12.453700065612793,12.453700065612793,12.453700065612793,0.0,12.453700065612793
2021-09-07,12.348799705505371,12.348799705505371,12.348799705505371,12.348799705505371,0.0,12.348799705505371
2021-09-08,12.302000045776367,12.302000045776367,12.302000045776367,12.302000045776367,0.0,12.302000045776367
2021-09-09,12.31309986114502,12.31309986114502,12.31309986114502,12.31309986114502,0.0,12.31309986114502
2021-09-10,12.284500122070312,12.284500122070312,12.284500122070312,12.284500122070312,0.0,12.284500122070312
2021-09-13,12.198699951171875,12.198699951171875,12.198699951171875,12.198699951171875,0.0,12.198699951171875
2021-09-14,12.238499641418457,12.238499641418457,12.238499641418457,12.238499641418457,0.0,12.238499641418457
2021-09-15,12.244600296020508,12.244600296020508,12.244600296020508,12.244600296020508,0.0,12.244600296020508
2021-09-16,12.260600090026855,12.260600090026855,12.260600090026855,12.260600090026855,0.0,12.260600090026855
2021-09-17,12.113800048828125,12.113800048828125,12.113800048828125,12.113800048828125,0.0,12.113800048828125
2021-09-20,11.905599594116211,11.905599594116211,11.905599594116211,11.905599594116211,0.0,11.905599594116211
2021-09-21,11.946399688720703,11.946399688720703,11.946399688720703,11.946399688720703,0.0,11.946399688720703
2021-09-22,12.029399871826172,12.029399871826172,12.029399871826172,12.029399871826172,0.0,12.029399871826172
2021-09-23,12.171600341796875,12.171600341796875,12.171600341796875,12.171600341796875,0.0,12.171600341796875
2021-09-24,12.078499794006348,12.078499794006348,12.078499794006348,12.078499794006348,0.0,12.078499794006348
2021-09-27,11.916399955749512,11.916399955749512,11.916399955749512,11.916399955749512,0.0,11.916399955749512
2021-09-28,11.591699600219727,11.591699600219727,11.591699600219727,11.591699600219727,0.0,11.591699600219727
2021-09-29,11.558300018310547,11.558300018310547,11.558300018310547,11.558300018310547,0.0,11.558300018310547
2021-09-30,11.4576997756958,11.4576997756958,11.4576997756958,11.4576997756958,0.0,11.4576997756958
2021-10-01,11.460599899291992,11.460599899291992,11.460599899291992,11.460599899291992,0.0,11.460599899291992
2021-10-04,11.32919979095459,11.32919979095459,11.32919979095459,11.32919979095459,0.0,11.32919979095459
2021-10-05,11.43179988861084,11.43179988861084,11.43179988861084,11.43179988861084,0.0,11.43179988861084
2021-10-06,11.422599792480469,11.422599792480469,11.422599792480469,11.422599792480469,0.0,11.422599792480469
2021-10-07,11.582500457763672,11.582500457763672,11.582500457763672,11.582500457763672,0.0,11.582500457763672
2021-10-08,11.530500411987305,11.530500411987305,11.530500411987305,11.530500411987305,0.0,11.530500411987305
2021-10-11,11.48900032043457,11.48900032043457,11.48900032043457,11.48900032043457,0.0,11.48900032043457
2021-10-12,11.448800086975098,11.448800086975098,11.448800086975098,11.448800086975098,0.0,11.448800086975098
2021-10-13,11.591500282287598,11.591500282287598,11.591500282287598,11.591500282287598,0.0,11.591500282287598
2021-10-14,11.79990005493164,11.79990005493164,11.79990005493164,11.79990005493164,0.0,11.79990005493164
2021-10-15,11.84220027923584,11.84220027923584,11.84220027923584,11.84220027923584,0.0,11.84220027923584
2021-10-18,11.858099937438965,11.858099937438965,11.858099937438965,11.858099937438965,0.0,11.858099937438965
2021-10-19,11.986599922180176,11.986599922180176,11.986599922180176,11.986599922180176,0.0,11.986599922180176
2021-10-20,12.071000099182129,12.071000099182129,12.071000099182129,12.071000099182129,0.0,12.071000099182129
2021-10-21,12.146699905395508,12.146699905395508,12.146699905395508,12.146699905395508,0.0,12.146699905395508
2021-10-22,12.184000015258789,12.184000015258789,12.184000015258789,12.184000015258789,0.0,12.184000015258789
2021-10-25,,,,,,
2021-10-26,12.171299934387207,12.171299934387207,12.171299934387207,12.171299934387207,0.0,12.171299934387207
2021-10-27,12.024299621582031,12.024299621582031,12.024299621582031,12.024299621582031,0.0,12.024299621582031
2021-10-28,12.253999710083008,12.253999710083008,12.253999710083008,12.253999710083008,0.0,12.253999710083008
2021-10-29,12.30620002746582,12.30620002746582,12.30620002746582,12.30620002746582,0.0,12.30620002746582
2021-11-01,12.400899887084961,12.400899887084961,12.400899887084961,12.400899887084961,0.0,12.400899887084961
2021-11-02,12.587300300598145,12.587300300598145,12.587300300598145,12.587300300598145,0.0,12.587300300598145
2021-11-03,12.63949966430664,12.63949966430664,12.63949966430664,12.63949966430664,0.0,12.63949966430664
2021-11-04,12.77910041809082,12.77910041809082,12.77910041809082,12.77910041809082,0.0,12.77910041809082
2021-11-05,12.741100311279297,12.741100311279297,12.741100311279297,12.741100311279297,0.0,12.741100311279297
2021-11-08,12.806400299072266,12.806400299072266,12.806400299072266,12.806400299072266,0.0,12.806400299072266
2021-11-09,12.914899826049805,12.914899826049805,12.914899826049805,12.914899826049805,0.0,12.914899826049805
2021-11-10,12.805399894714355,12.805399894714355,12.805399894714355,12.805399894714355,0.0,12.805399894714355
2021-11-11,12.83590030670166,12.83590030670166,12.83590030670166,12.83590030670166,0.0,12.83590030670166
2021-11-12,12.916600227355957,12.916600227355957,12.916600227355957,12.916600227355957,0.0,12.916600227355957
2021-11-15,12.88700008392334,12.88700008392334,12.88700008392334,12.88700008392334,0.0,12.88700008392334
2021-11-16,12.959199905395508,12.959199905395508,12.959199905395508,12.959199905395508,0.0,12.959199905395508
2021-11-17,12.892999649047852,12.892999649047852,12.892999649047852,12.892999649047852,0.0,12.892999649047852
2021-11-18,12.884499549865723,12.884499549865723,12.884499549865723,12.884499549865723,0.0,12.884499549865723
2021-11-19,12.91569995880127,12.91569995880127,12.91569995880127,12.91569995880127,0.0,12.91569995880127
2021-11-22,12.795100212097168,12.795100212097168,12.795100212097168,12.795100212097168,0.0,12.795100212097168
2021-11-23,12.624699592590332,12.624699592590332,12.624699592590332,12.624699592590332,0.0,12.624699592590332
2021-11-24,12.583100318908691,12.583100318908691,12.583100318908691,12.583100318908691,0.0,12.583100318908691
2021-11-26,12.401800155639648,12.401800155639648,12.401800155639648,12.401800155639648,0.0,12.401800155639648
2021-11-29,12.522000312805176,12.522000312805176,12.522000312805176,12.522000312805176,0.0,12.522000312805176
2021-11-30,12.318300247192383,12.318300247192383,12.318300247192383,12.318300247192383,0.0,12.318300247192383
2021-12-01,12.297499656677246,12.297499656677246,12.297499656677246,12.297499656677246,0.0,12.297499656677246
2021-12-02,12.42020034790039,12.42020034790039,12.42020034790039,12.42020034790039,0.0,12.42020034790039
2021-12-03,12.278800010681152,12.278800010681152,12.278800010681152,12.278800010681152,0.0,12.278800010681152
2021-12-06,12.371500015258789,12.371500015258789,12.371500015258789,12.371500015258789,0.0,12.371500015258789
2021-12-07,12.646900177001953,12.646900177001953,12.646900177001953,12.646900177001953,0.0,12.646900177001953
2021-12-08,12.669899940490723,12.669899940490723,12.669899940490723,12.669899940490723,0.0,12.669899940490723
2021-12-09,12.563799858093262,12.563799858093262,12.563799858093262,12.563799858093262,0.0,12.563799858093262
2021-12-10,12.620499610900879,12.620499610900879,12.620499610900879,12.620499610900879,0.0,12.620499610900879
2021-12-13,12.55519962310791,12.55519962310791,12.55519962310791,12.55519962310791,0.0,12.55519962310791
2021-12-14,12.377900123596191,12.377900123596191,12.377900123596191,12.377900123596191,0.0,12.377900123596191
2021-12-15,12.553099632263184,12.553099632263184,12.553099632263184,12.553099632263184,0.0,12.553099632263184
2021-12-16,12.439000129699707,12.439000129699707,12.439000129699707,12.439000129699707,0.0,12.439000129699707
2021-12-17,12.334699630737305,12.334699630737305,12.334699630737305,12.334699630737305,0.0,12.334699630737305
2021-12-20,12.147000312805176,12.147000312805176,12.147000312805176,12.147000312805176,0.0,12.147000312805176
2021-12-21,12.358200073242188,12.358200073242188,12.358200073242188,12.358200073242188,0.0,12.358200073242188
2021-12-22,12.51550006866455,12.51550006866455,12.51550006866455,12.51550006866455,0.0,12.51550006866455
2021-12-23,12.652299880981445,12.652299880981445,12.652299880981445,12.652299880981445,0.0,12.652299880981445
2021-12-27,,,,,,
2021-12-28,,,,,,
2021-12-29,,,,,,
2021-12-30,12.817099571228027,12.817099571228027,12.817099571228027,12.817099571228027,0.0,12.817099571228027
2021-12-31,12.84630012512207,12.84630012512207,12.84630012512207,12.84630012512207,0.0,12.84630012512207
2022-01-03,,,,,,
2022-01-04,12.75409984588623,12.75409984588623,12.75409984588623,12.75409984588623,0.0,12.75409984588623
2022-01-05,12.49470043182373,12.49470043182373,12.49470043182373,12.49470043182373,0.0,12.49470043182373
2022-01-06,12.429800033569336,12.429800033569336,12.429800033569336,12.429800033569336,0.0,12.429800033569336
2022-01-07,12.235600471496582,12.235600471496582,12.235600471496582,12.235600471496582,0.0,12.235600471496582
2022-01-10,12.134400367736816,12.134400367736816,12.134400367736816,12.134400367736816,0.0,12.134400367736816
2022-01-11,12.227299690246582,12.227299690246582,12.227299690246582,12.227299690246582,0.0,12.227299690246582
2022-01-12,12.284000396728516,12.284000396728516,12.284000396728516,12.284000396728516,0.0,12.284000396728516
2022-01-13,12.086000442504883,12.086000442504883,12.086000442504883,12.086000442504883,0.0,12.086000442504883
2022-01-14,11.942899703979492,11.942899703979492,11.942899703979492,11.942899703979492,0.0,11.942899703979492
2022-01-18,11.645500183105469,11.645500183105469,11.645500183105469,11.645500183105469,0.0,11.645500183105469
2022-01-19,11.590800285339355,11.590800285339355,11.590800285339355,11.590800285339355,0.0,11.590800285339355
2022-01-20,11.508399963378906,11.508399963378906,11.508399963378906,11.508399963378906,0.0,11.508399963378906
2022-01-21,11.323599815368652,11.323599815368652,11.323599815368652,11.323599815368652,0.0,11.323599815368652
2022-01-24,11.266599655151367,11.266599655151367,11.266599655151367,11.266599655151367,0.0,11.266599655151367
2022-01-25,10.983400344848633,10.983400344848633,10.983400344848633,10.983400344848633,0.0,10.983400344848633
2022-01-26,10.986300468444824,10.986300468444824,10.986300468444824,10.986300468444824,0.0,10.986300468444824
2022-01-27,10.825200080871582,10.825200080871582,10.825200080871582,10.825200080871582,0.0,10.825200080871582
2022-01-28,11.000800132751465,11.000800132751465,11.000800132751465,11.000800132751465,0.0,11.000800132751465
2022-01-31,11.295100212097168,11.295100212097168,11.295100212097168,11.295100212097168,0.0,11.295100212097168
2022-02-01,11.415800094604492,11.415800094604492,11.415800094604492,11.415800094604492,0.0,11.415800094604492
2022-02-02,11.516400337219238,11.516400337219238,11.516400337219238,11.516400337219238,0.0,11.516400337219238
2022-02-03,11.2746000289917,11.2746000289917,11.2746000289917,11.2746000289917,0.0,11.2746000289917
2022-02-04,11.210000038146973,11.210000038146973,11.210000038146973,11.210000038146973,0.0,11.210000038146973
2022-02-07,11.15149974822998,11.15149974822998,11.15149974822998,11.15149974822998,0.0,11.15149974822998
2022-02-08,11.178899765014648,11.178899765014648,11.178899765014648,11.178899765014648,0.0,11.178899765014648
2022-02-09,11.430500030517578,11.430500030517578,11.430500030517578,11.430500030517578,0.0,11.430500030517578
2022-02-10,11.20580005645752,11.20580005645752,11.20580005645752,11.20580005645752,0.0,11.20580005645752
2022-02-11,10.982500076293945,10.982500076293945,10.982500076293945,10.982500076293945,0.0,10.982500076293945
2022-02-14,10.90779972076416,10.90779972076416,10.90779972076416,10.90779972076416,0.0,10.90779972076416
2022-02-15,11.116100311279297,11.116100311279297,11.116100311279297,11.116100311279297,0.0,11.116100311279297
2022-02-16,11.160900115966797,11.160900115966797,11.160900115966797,11.160900115966797,0.0,11.160900115966797
2022-02-17,10.98490047454834,10.98490047454834,10.98490047454834,10.98490047454834,0.0,10.98490047454834
2022-02-18,10.833800315856934,10.833800315856934,10.833800315856934,10.833800315856934,0.0,10.833800315856934
2022-02-22,10.754599571228027,10.754599571228027,10.754599571228027,10.754599571228027,0.0,10.754599571228027
2022-02-23,10.647600173950195,10.647600173950195,10.647600173950195,10.647600173950195,0.0,10.647600173950195
2022-02-24,10.743599891662598,10.743599891662598,10.743599891662598,10.743599891662598,0.0,10.743599891662598
2022-02-25,11.034899711608887,11.034899711608887,11.034899711608887,11.034899711608887,0.0,11.034899711608887
2022-02-28,11.049699783325195,11.049699783325195,11.049699783325195,11.049699783325195,0.0,11.049699783325195
2022-03-01,10.836799621582031,10.836799621582031,10.836799621582031,10.836799621582031,0.0,10.836799621582031
2022-03-02,11.002900123596191,11.002900123596191,11.002900123596191,11.002900123596191,0.0,11.002900123596191
2022-03-03,10.873600006103516,10.873600006103516,10.873600006103516,10.873600006103516,0.0,10.873600006103516
2022-03-04,10.62090015411377,10.62090015411377,10.62090015411377,10.62090015411377,0.0,10.62090015411377
2022-03-07,10.379199981689453,10.379199981689453,10.379199981689453,10.379199981689453,0.0,10.379199981689453
2022-03-08,10.17140007019043,10.17140007019043,10.17140007019043,10.17140007019043,0.0,10.17140007019043
2022-03-09,10.599699974060059,10.599699974060059,10.599699974060059,10.599699974060059,0.0,10.599699974060059
2022-03-10,10.560700416564941,10.560700416564941,10.560700416564941,10.560700416564941,0.0,10.560700416564941
2022-03-11,10.467000007629395,10.467000007629395,10.467000007629395,10.467000007629395,0.0,10.467000007629395
2022-03-14,10.408100128173828,10.408100128173828,10.408100128173828,10.408100128173828,0.0,10.408100128173828
2022-03-15,10.49429988861084,10.49429988861084,10.49429988861084,10.49429988861084,0.0,10.49429988861084
2022-03-16,10.85260009765625,10.85260009765625,10.85260009765625,10.85260009765625,0.0,10.85260009765625
2022-03-17,,,,,,
2022-03-18,,,,,,
2022-03-21,11.088399887084961,11.088399887084961,11.088399887084961,11.088399887084961,0.0,11.088399887084961
2022-03-22,11.134900093078613,11.134900093078613,11.134900093078613,11.134900093078613,0.0,11.134900093078613
2022-03-23,10.910099983215332,10.910099983215332,10.910099983215332,10.910099983215332,0.0,10.910099983215332
2022-03-24,11.006199836730957,11.006199836730957,11.006199836730957,11.006199836730957,0.0,11.006199836730957
2022-03-25,10.977100372314453,10.977100372314453,10.977100372314453,10.977100372314453,0.0,10.977100372314453
2022-03-28,11.012499809265137,11.012499809265137,11.012499809265137,11.012499809265137,0.0,11.012499809265137
2022-03-29,11.346099853515625,11.346099853515625,11.346099853515625,11.346099853515625,0.0,11.346099853515625
2022-03-30,11.229900360107422,11.229900360107422,11.229900360107422,11.229900360107422,0.0,11.229900360107422
2022-03-31,11.091500282287598,11.091500282287598,11.091500282287598,11.091500282287598,0.0,11.091500282287598
2022-04-01,11.080100059509277,11.080100059509277,11.080100059509277,11.080100059509277,0.0,11.080100059509277
2022-04-04,11.157600402832031,11.157600402832031,11.157600402832031,11.157600402832031,0.0,11.157600402832031
2022-04-05,11.028800010681152,11.028800010681152,11.028800010681152,11.028800010681152,0.0,11.028800010681152
2022-04-06,10.848600387573242,10.848600387573242,10.848600387573242,10.848600387573242,0.0,10.848600387573242
2022-04-07,10.939299583435059,10.939299583435059,10.939299583435059,10.939299583435059,0.0,10.939299583435059
2022-04-08,10.803000450134277,10.803000450134277,10.803000450134277,10.803000450134277,0.0,10.803000450134277
2022-04-11,10.616900444030762,10.616900444030762,10.616900444030762,10.616900444030762,0.0,10.616900444030762
2022-04-12,10.555700302124023,10.555700302124023,10.555700302124023,10.555700302124023,0.0,10.555700302124023
2022-04-13,10.665900230407715,10.665900230407715,10.665900230407715,10.665900230407715,0.0,10.665900230407715
2022-04-14,10.535900115966797,10.535900115966797,10.535900115966797,10.535900115966797,0.0,10.535900115966797
2022-04-18,,,,,,
2022-04-19,10.666399955749512,10.666399955749512,10.666399955749512,10.666399955749512,0.0,10.666399955749512
2022-04-20,10.781000137329102,10.781000137329102,10.781000137329102,10.781000137329102,0.0,10.781000137329102
2022-04-21,10.661499977111816,10.661499977111816,10.661499977111816,10.661499977111816,0.0,10.661499977111816
2022-04-22,10.33430004119873,10.33430004119873,10.33430004119873,10.33430004119873,0.0,10.33430004119873
2022-04-25,10.355500221252441,10.355500221252441,10.355500221252441,10.355500221252441,0.0,10.355500221252441
2022-04-26,10.076199531555176,10.076199531555176,10.076199531555176,10.076199531555176,0.0,10.076199531555176
2022-04-27,10.007499694824219,10.007499694824219,10.007499694824219,10.007499694824219,0.0,10.007499694824219
2022-04-28,10.251399993896484,10.251399993896484,10.251399993896484,10.251399993896484,0.0,10.251399993896484
2022-04-29,10.082799911499023,10.082799911499023,10.082799911499023,10.082799911499023,0.0,10.082799911499023
2022-05-02,,,,,,
2022-05-03,10.075499534606934,10.075499534606934,10.075499534606934,10.075499534606934,0.0,10.075499534606934
2022-05-04,10.230199813842773,10.230199813842773,10.230199813842773,10.230199813842773,0.0,10.230199813842773
2022-05-05,9.8927001953125,9.8927001953125,9.8927001953125,9.8927001953125,0.0,9.8927001953125
2022-05-06,9.778900146484375,9.778900146484375,9.778900146484375,9.778900146484375,0.0,9.778900146484375
2022-05-09,9.348899841308594,9.348899841308594,9.348899841308594,9.348899841308594,0.0,9.348899841308594
2022-05-10,9.441499710083008,9.441499710083008,9.441499710083008,9.441499710083008,0.0,9.441499710083008
2022-05-11,9.327300071716309,9.327300071716309,9.327300071716309,9.327300071716309,0.0,9.327300071716309
2022-05-12,9.316699981689453,9.316699981689453,9.316699981689453,9.316699981689453,0.0,9.316699981689453
2022-05-13,9.596199989318848,9.596199989318848,9.596199989318848,9.596199989318848,0.0,9.596199989318848
2022-05-16,9.507800102233887,9.507800102233887,9.507800102233887,9.507800102233887,0.0,9.507800102233887
2022-05-17,9.722399711608887,9.722399711608887,9.722399711608887,9.722399711608887,0.0,9.722399711608887
2022-05-18,9.410799980163574,9.410799980163574,9.410799980163574,9.410799980163574,0.0,9.410799980163574
2022-05-19,9.504199981689453,9.504199981689453,9.504199981689453,9.504199981689453,0.0,9.504199981689453
2022-05-20,9.565899848937988,9.565899848937988,9.565899848937988,9.565899848937988,0.0,9.565899848937988
2022-05-23,9.655699729919434,9.655699729919434,9.655699729919434,9.655699729919434,0.0,9.655699729919434
2022-05-24,9.535400390625,9.535400390625,9.535400390625,9.535400390625,0.0,9.535400390625
2022-05-25,9.56470012664795,9.56470012664795,9.56470012664795,9.56470012664795,0.0,9.56470012664795
2022-05-26,9.771699905395508,9.771699905395508,9.771699905395508,9.771699905395508,0.0,9.771699905395508
2022-05-27,10.036999702453613,10.036999702453613,10.036999702453613,10.036999702453613,0.0,10.036999702453613
2022-05-31,9.940500259399414,9.940500259399414,9.940500259399414,9.940500259399414,0.0,9.940500259399414
2022-06-01,9.8100004196167,9.8100004196167,9.8100004196167,9.8100004196167,0.0,9.8100004196167
2022-06-02,,,,,,
2022-06-03,,,,,,
2022-06-06,,,,,,
2022-06-07,10.0,10.0,10.0,10.0,0.0,10.0
2022-06-08,9.886300086975098,9.886300086975098,9.886300086975098,9.886300086975098,0.0,9.886300086975098
2022-06-09,9.67240047454834,9.67240047454834,9.67240047454834,9.67240047454834,0.0,9.67240047454834
2022-06-10,9.36870002746582,9.36870002746582,9.36870002746582,9.36870002746582,0.0,9.36870002746582
2022-06-13,9.010700225830078,9.010700225830078,9.010700225830078,9.010700225830078,0.0,9.010700225830078
2022-06-14,8.910499572753906,8.910499572753906,8.910499572753906,8.910499572753906,0.0,8.910499572753906
2022-06-15,9.025500297546387,9.025500297546387,9.025500297546387,9.025500297546387,0.0,9.025500297546387
2022-06-16,8.727899551391602,8.727899551391602,8.727899551391602,8.727899551391602,0.0,8.727899551391602
2022-06-17,8.777799606323242,8.777799606323242,8.777799606323242,8.777799606323242,0.0,8.777799606323242
2022-06-21,8.899700164794922,8.899700164794922,8.899700164794922,8.899700164794922,0.0,8.899700164794922
2022-06-22,8.934800148010254,8.934800148010254,8.934800148010254,8.934800148010254,0.0,8.934800148010254
2022-06-23,9.068499565124512,9.068499565124512,9.068499565124512,9.068499565124512,0.0,9.068499565124512
2022-06-24,9.420000076293945,9.420000076293945,9.420000076293945,9.420000076293945,0.0,9.420000076293945
2022-06-27,9.418499946594238,9.418499946594238,9.418499946594238,9.418499946594238,0.0,9.418499946594238
2022-06-28,9.242500305175781,9.242500305175781,9.242500305175781,9.242500305175781,0.0,9.242500305175781
2022-06-29,9.18019962310791,9.18019962310791,9.18019962310791,9.18019962310791,0.0,9.18019962310791
2022-06-30,9.119799613952637,9.119799613952637,9.119799613952637,9.119799613952637,0.0,9.119799613952637
2022-07-01,9.160099983215332,9.160099983215332,9.160099983215332,9.160099983215332,0.0,9.160099983215332
2022-07-05,9.181300163269043,9.181300163269043,9.181300163269043,9.181300163269043,0.0,9.181300163269043
2022-07-06,9.243900299072266,9.243900299072266,9.243900299072266,9.243900299072266,0.0,9.243900299072266
2022-07-07,9.404199600219727,9.404199600219727,9.404199600219727,9.404199600219727,0.0,9.404199600219727
2022-07-08,9.400500297546387,9.400500297546387,9.400500297546387,9.400500297546387,0.0,9.400500297546387
2022-07-11,9.324000358581543,9.324000358581543,9.324000358581543,9.324000358581543,0.0,9.324000358581543
2022-07-12,9.217900276184082,9.217900276184082,9.217900276184082,9.217900276184082,0.0,9.217900276184082
2022-07-13,9.191300392150879,9.191300392150879,9.191300392150879,9.191300392150879,0.0,9.191300392150879
2022-07-14,9.111000061035156,9.111000061035156,9.111000061035156,9.111000061035156,0.0,9.111000061035156
2022-07-15,9.3149995803833,9.3149995803833,9.3149995803833,9.3149995803833,0.0,9.3149995803833
2022-07-18,9.312899589538574,9.312899589538574,9.312899589538574,9.312899589538574,0.0,9.312899589538574
2022-07-19,9.587699890136719,9.587699890136719,9.587699890136719,9.587699890136719,0.0,9.587699890136719
2022-07-20,9.699799537658691,9.699799537658691,9.699799537658691,9.699799537658691,0.0,9.699799537658691
2022-07-21,9.910599708557129,9.910599708557129,9.910599708557129,9.910599708557129,0.0,9.910599708557129
2022-07-22,9.864500045776367,9.864500045776367,9.864500045776367,9.864500045776367,0.0,9.864500045776367
2022-07-25,9.804300308227539,9.804300308227539,9.804300308227539,9.804300308227539,0.0,9.804300308227539
2022-07-26,9.75570011138916,9.75570011138916,9.75570011138916,9.75570011138916,0.0,9.75570011138916
2022-07-27,9.95009994506836,9.95009994506836,9.95009994506836,9.95009994506836,0.0,9.95009994506836
2022-07-28,10.171199798583984,10.171199798583984,10.171199798583984,10.171199798583984,0.0,10.171199798583984
2022-07-29,10.339699745178223,10.339699745178223,10.339699745178223,10.339699745178223,0.0,10.339699745178223
2022-08-01,,,,,,
2022-08-02,10.201199531555176,10.201199531555176,10.201199531555176,10.201199531555176,0.0,10.201199531555176
2022-08-03,10.236700057983398,10.236700057983398,10.236700057983398,10.236700057983398,0.0,10.236700057983398
2022-08-04,10.335800170898438,10.335800170898438,10.335800170898438,10.335800170898438,0.0,10.335800170898438
2022-08-05,10.256199836730957,10.256199836730957,10.256199836730957,10.256199836730957,0.0,10.256199836730957
2022-08-08,10.26930046081543,10.26930046081543,10.26930046081543,10.26930046081543,0.0,10.26930046081543
2022-08-09,10.033300399780273,10.033300399780273,10.033300399780273,10.033300399780273,0.0,10.033300399780273
2022-08-10,10.334199905395508,10.334199905395508,10.334199905395508,10.334199905395508,0.0,10.334199905395508
2022-08-11,10.348299980163574,10.348299980163574,10.348299980163574,10.348299980163574,0.0,10.348299980163574
2022-08-12,10.409299850463867,10.409299850463867,10.409299850463867,10.409299850463867,0.0,10.409299850463867
2022-08-15,10.453300476074219,10.453300476074219,10.453300476074219,10.453300476074219,0.0,10.453300476074219
2022-08-16,10.347299575805664,10.347299575805664,10.347299575805664,10.347299575805664,0.0,10.347299575805664
2022-08-17,10.220199584960938,10.220199584960938,10.220199584960938,10.220199584960938,0.0,10.220199584960938
2022-08-18,10.29170036315918,10.29170036315918,10.29170036315918,10.29170036315918,0.0,10.29170036315918
2022-08-19,10.124500274658203,10.124500274658203,10.124500274658203,10.124500274658203,0.0,10.124500274658203
2022-08-22,9.892600059509277,9.892600059509277,9.892600059509277,9.892600059509277,0.0,9.892600059509277
2022-08-23,9.839300155639648,9.839300155639648,9.839300155639648,9.839300155639648,0.0,9.839300155639648
2022-08-24,9.870599746704102,9.870599746704102,9.870599746704102,9.870599746704102,0.0,9.870599746704102
2022-08-25,9.983799934387207,9.983799934387207,9.983799934387207,9.983799934387207,0.0,9.983799934387207
2022-08-26,9.636899948120117,9.636899948120117,9.636899948120117,9.636899948120117,0.0,9.636899948120117
2022-08-29,,,,,,
2022-08-30,9.470800399780273,9.470800399780273,9.470800399780273,9.470800399780273,0.0,9.470800399780273
2022-08-31,9.44320011138916,9.44320011138916,9.44320011138916,9.44320011138916,0.0,9.44320011138916
2022-09-01,9.327099800109863,9.327099800109863,9.327099800109863,9.327099800109863,0.0,9.327099800109863
2022-09-02,9.349800109863281,9.349800109863281,9.349800109863281,9.349800109863281,0.0,9.349800109863281
2022-09-06,9.282600402832031,9.282600402832031,9.282600402832031,9.282600402832031,0.0,9.282600402832031
2022-09-07,9.42240047454834,9.42240047454834,9.42240047454834,9.42240047454834,0.0,9.42240047454834
2022-09-08,9.5600004196167,9.5600004196167,9.5600004196167,9.5600004196167,0.0,9.5600004196167
2022-09-09,9.724900245666504,9.724900245666504,9.724900245666504,9.724900245666504,0.0,9.724900245666504
2022-09-12,9.817000389099121,9.817000389099121,9.817000389099121,9.817000389099121,0.0,9.817000389099121
2022-09-13,9.440500259399414,9.440500259399414,9.440500259399414,9.440500259399414,0.0,9.440500259399414
2022-09-14,9.402400016784668,9.402400016784668,9.402400016784668,9.402400016784668,0.0,9.402400016784668
2022-09-15,9.298399925231934,9.298399925231934,9.298399925231934,9.298399925231934,0.0,9.298399925231934
2022-09-16,9.166399955749512,9.166399955749512,9.166399955749512,9.166399955749512,0.0,9.166399955749512
2022-09-19,,,,,,
2022-09-20,9.0802001953125,9.0802001953125,9.0802001953125,9.0802001953125,0.0,9.0802001953125
2022-09-21,9.02910041809082,9.02910041809082,9.02910041809082,9.02910041809082,0.0,9.02910041809082
2022-09-22,8.778200149536133,8.778200149536133,8.778200149536133,8.778200149536133,0.0,8.778200149536133
2022-09-23,8.626299858093262,8.626299858093262,8.626299858093262,8.626299858093262,0.0,8.626299858093262
2022-09-26,8.565999984741211,8.565999984741211,8.565999984741211,8.565999984741211,0.0,8.565999984741211
2022-09-27,8.564299583435059,8.564299583435059,8.564299583435059,8.564299583435059,0.0,8.564299583435059
2022-09-28,8.69890022277832,8.69890022277832,8.69890022277832,8.69890022277832,0.0,8.69890022277832
2022-09-29,8.60099983215332,8.60099983215332,8.60099983215332,8.60099983215332,0.0,8.60099983215332
2022-09-30,8.606200218200684,8.606200218200684,8.606200218200684,8.606200218200684,0.0,8.606200218200684
2022-10-03,8.81089973449707,8.81089973449707,8.81089973449707,8.81089973449707,0.0,8.81089973449707
2022-10-04,9.127699851989746,9.127699851989746,9.127699851989746,9.127699851989746,0.0,9.127699851989746
2022-10-05,9.060099601745605,9.060099601745605,9.060099601745605,9.060099601745605,0.0,9.060099601745605
2022-10-06,9.0423002243042,9.0423002243042,9.0423002243042,9.0423002243042,0.0,9.0423002243042
2022-10-07,8.749899864196777,8.749899864196777,8.749899864196777,8.749899864196777,0.0,8.749899864196777
2022-10-10,8.659199714660645,8.659199714660645,8.659199714660645,8.659199714660645,0.0,8.659199714660645
2022-10-11,8.544500350952148,8.544500350952148,8.544500350952148,8.544500350952148,0.0,8.544500350952148
2022-10-12,8.463700294494629,8.463700294494629,8.463700294494629,8.463700294494629,0.0,8.463700294494629
2022-10-13,8.613699913024902,8.613699913024902,8.613699913024902,8.613699913024902,0.0,8.613699913024902
2022-10-14,8.486100196838379,8.486100196838379,8.486100196838379,8.486100196838379,0.0,8.486100196838379
2022-10-17,8.711600303649902,8.711600303649902,8.711600303649902,8.711600303649902,0.0,8.711600303649902
2022-10-18,8.850700378417969,8.850700378417969,8.850700378417969,8.850700378417969,0.0,8.850700378417969
2022-10-19,8.707500457763672,8.707500457763672,8.707500457763672,8.707500457763672,0.0,8.707500457763672
2022-10-20,8.689399719238281,8.689399719238281,8.689399719238281,8.689399719238281,0.0,8.689399719238281
2022-10-21,8.826899528503418,8.826899528503418,8.826899528503418,8.826899528503418,0.0,8.826899528503418
2022-10-24,8.962800025939941,8.962800025939941,8.962800025939941,8.962800025939941,0.0,8.962800025939941
2022-10-25,9.145099639892578,9.145099639892578,9.145099639892578,9.145099639892578,0.0,9.145099639892578
2022-10-26,9.2391996383667,9.2391996383667,9.2391996383667,9.2391996383667,0.0,9.2391996383667
2022-10-27,9.180299758911133,9.180299758911133,9.180299758911133,9.180299758911133,0.0,9.180299758911133
2022-10-28,9.347399711608887,9.347399711608887,9.347399711608887,9.347399711608887,0.0,9.347399711608887
2022-10-31,,,,,,
2022-11-01,9.248800277709961,9.248800277709961,9.248800277709961,9.248800277709961,0.0,9.248800277709961
2022-11-02,8.993599891662598,8.993599891662598,8.993599891662598,8.993599891662598,0.0,8.993599891662598
2022-11-03,8.856499671936035,8.856499671936035,8.856499671936035,8.856499671936035,0.0,8.856499671936035
2022-11-04,9.074399948120117,9.074399948120117,9.074399948120117,9.074399948120117,0.0,9.074399948120117
2022-11-07,9.178799629211426,9.178799629211426,9.178799629211426,9.178799629211426,0.0,9.178799629211426
2022-11-08,9.247200012207031,9.247200012207031,9.247200012207031,9.247200012207031,0.0,9.247200012207031
2022-11-09,9.125200271606445,9.125200271606445,9.125200271606445,9.125200271606445,0.0,9.125200271606445
2022-11-10,9.727100372314453,9.727100372314453,9.727100372314453,9.727100372314453,0.0,9.727100372314453
2022-11-11,9.905500411987305,9.905500411987305,9.905500411987305,9.905500411987305,0.0,9.905500411987305
2022-11-14,9.79699993133545,9.79699993133545,9.79699993133545,9.79699993133545,0.0,9.79699993133545
2022-11-15,9.884200096130371,9.884200096130371,9.884200096130371,9.884200096130371,0.0,9.884200096130371
2022-11-16,9.695899963378906,9.695899963378906,9.695899963378906,9.695899963378906,0.0,9.695899963378906
2022-11-17,9.614999771118164,9.614999771118164,9.614999771118164,9.614999771118164,0.0,9.614999771118164
2022-11-18,9.724900245666504,9.724900245666504,9.724900245666504,9.724900245666504,0.0,9.724900245666504
2022-11-21,9.675600051879883,9.675600051879883,9.675600051879883,9.675600051879883,0.0,9.675600051879883
2022-11-22,9.818499565124512,9.818499565124512,9.818499565124512,9.818499565124512,0.0,9.818499565124512
2022-11-23,9.921299934387207,9.921299934387207,9.921299934387207,9.921299934387207,0.0,9.921299934387207
2022-11-25,9.952500343322754,9.952500343322754,9.952500343322754,9.952500343322754,0.0,9.952500343322754
2022-11-28,9.781200408935547,9.781200408935547,9.781200408935547,9.781200408935547,0.0,9.781200408935547
2022-11-29,9.6943998336792,9.6943998336792,9.6943998336792,9.6943998336792,0.0,9.6943998336792
2022-11-30,9.91510009765625,9.91510009765625,9.91510009765625,9.91510009765625,0.0,9.91510009765625
2022-12-01,10.076199531555176,10.076199531555176,10.076199531555176,10.076199531555176,0.0,10.076199531555176
2022-12-02,10.053999900817871,10.053999900817871,10.053999900817871,10.053999900817871,0.0,10.053999900817871
2022-12-05,9.907600402832031,9.907600402832031,9.907600402832031,9.907600402832031,0.0,9.907600402832031
2022-12-06,9.73390007019043,9.73390007019043,9.73390007019043,9.73390007019043,0.0,9.73390007019043
2022-12-07,9.72659969329834,9.72659969329834,9.72659969329834,9.72659969329834,0.0,9.72659969329834
2022-12-08,9.790200233459473,9.790200233459473,9.790200233459473,9.790200233459473,0.0,9.790200233459473
2022-12-09,9.768099784851074,9.768099784851074,9.768099784851074,9.768099784851074,0.0,9.768099784851074
2022-12-12,9.887299537658691,9.887299537658691,9.887299537658691,9.887299537658691,0.0,9.887299537658691
2022-12-13,10.06659984588623,10.06659984588623,10.06659984588623,10.06659984588623,0.0,10.06659984588623
2022-12-14,10.002400398254395,10.002400398254395,10.002400398254395,10.002400398254395,0.0,10.002400398254395
2022-12-15,9.662400245666504,9.662400245666504,9.662400245666504,9.662400245666504,0.0,9.662400245666504
2022-12-16,9.530599594116211,9.530599594116211,9.530599594116211,9.530599594116211,0.0,9.530599594116211
2022-12-19,9.422300338745117,9.422300338745117,9.422300338745117,9.422300338745117,0.0,9.422300338745117
2022-12-20,9.405400276184082,9.405400276184082,9.405400276184082,9.405400276184082,0.0,9.405400276184082
2022-12-21,9.544500350952148,9.544500350952148,9.544500350952148,9.544500350952148,0.0,9.544500350952148
2022-12-22,9.394700050354004,9.394700050354004,9.394700050354004,9.394700050354004,0.0,9.394700050354004
2022-12-23,9.418499946594238,9.418499946594238,9.418499946594238,9.418499946594238,0.0,9.418499946594238
2022-12-27,,,,,,
2022-12-28,,,,,,
2022-12-29,9.515800476074219,9.515800476074219,9.515800476074219,9.515800476074219,0.0,9.515800476074219
2022-12-30,9.447199821472168,9.447199821472168,9.447199821472168,9.447199821472168,0.0,9.447199821472168
2023-01-03,9.465499877929688,9.465499877929688,9.465499877929688,9.465499877929688,0.0,9.465499877929688
2023-01-04,9.595999717712402,9.595999717712402,9.595999717712402,9.595999717712402,0.0,9.595999717712402
2023-01-05,9.444100379943848,9.444100379943848,9.444100379943848,9.444100379943848,0.0,9.444100379943848
2023-01-06,9.617600440979004,9.617600440979004,9.617600440979004,9.617600440979004,0.0,9.617600440979004
2023-01-09,9.76159954071045,9.76159954071045,9.76159954071045,9.76159954071045,0.0,9.76159954071045
2023-01-10,9.822099685668945,9.822099685668945,9.822099685668945,9.822099685668945,0.0,9.822099685668945
2023-01-11,9.945599555969238,9.945599555969238,9.945599555969238,9.945599555969238,0.0,9.945599555969238
2023-01-12,9.951199531555176,9.951199531555176,9.951199531555176,9.951199531555176,0.0,9.951199531555176
2023-01-13,10.038399696350098,10.038399696350098,10.038399696350098,10.038399696350098,0.0,10.038399696350098
2023-01-17,10.093600273132324,10.093600273132324,10.093600273132324,10.093600273132324,0.0,10.093600273132324
2023-01-18,10.057100296020508,10.057100296020508,10.057100296020508,10.057100296020508,0.0,10.057100296020508
2023-01-19,9.8858003616333,9.8858003616333,9.8858003616333,9.8858003616333,0.0,9.8858003616333
2023-01-20,10.072600364685059,10.072600364685059,10.072600364685059,10.072600364685059,0.0,10.072600364685059
2023-01-23,10.259099960327148,10.259099960327148,10.259099960327148,10.259099960327148,0.0,10.259099960327148
2023-01-24,10.200499534606934,10.200499534606934,10.200499534606934,10.200499534606934,0.0,10.200499534606934
2023-01-25,10.155099868774414,10.155099868774414,10.155099868774414,10.155099868774414,0.0,10.155099868774414
2023-01-26,10.196399688720703,10.196399688720703,10.196399688720703,10.196399688720703,0.0,10.196399688720703
2023-01-27,10.211199760437012,10.211199760437012,10.211199760437012,10.211199760437012,0.0,10.211199760437012
2023-01-30,10.114700317382812,10.114700317382812,10.114700317382812,10.114700317382812,0.0,10.114700317382812
2023-01-31,10.256799697875977,10.256799697875977,10.256799697875977,10.256799697875977,0.0,10.256799697875977
2023-02-01,10.43529987335205,10.43529987335205,10.43529987335205,10.43529987335205,0.0,10.43529987335205
2023-02-02,10.642200469970703,10.642200469970703,10.642200469970703,10.642200469970703,0.0,10.642200469970703
2023-02-03,10.542699813842773,10.542699813842773,10.542699813842773,10.542699813842773,0.0,10.542699813842773
2023-02-06,,,,,,
2023-02-07,10.47700023651123,10.47700023651123,10.47700023651123,10.47700023651123,0.0,10.47700023651123
2023-02-08,10.381799697875977,10.381799697875977,10.381799697875977,10.381799697875977,0.0,10.381799697875977
2023-02-09,10.328700065612793,10.328700065612793,10.328700065612793,10.328700065612793,0.0,10.328700065612793
2023-02-10,10.229700088500977,10.229700088500977,10.229700088500977,10.229700088500977,0.0,10.229700088500977
2023-02-13,10.352700233459473,10.352700233459473,10.352700233459473,10.352700233459473,0.0,10.352700233459473
2023-02-14,10.389800071716309,10.389800071716309,10.389800071716309,10.389800071716309,0.0,10.389800071716309
2023-02-15,10.42959976196289,10.42959976196289,10.42959976196289,10.42959976196289,0.0,10.42959976196289
2023-02-16,10.373200416564941,10.373200416564941,10.373200416564941,10.373200416564941,0.0,10.373200416564941
2023-02-17,10.31089973449707,10.31089973449707,10.31089973449707,10.31089973449707,0.0,10.31089973449707
2023-02-21,10.104100227355957,10.104100227355957,10.104100227355957,10.104100227355957,0.0,10.104100227355957
2023-02-22,10.01449966430664,10.01449966430664,10.01449966430664,10.01449966430664,0.0,10.01449966430664
2023-02-23,10.103300094604492,10.103300094604492,10.103300094604492,10.103300094604492,0.0,10.103300094604492
2023-02-24,9.932299613952637,9.932299613952637,9.932299613952637,9.932299613952637,0.0,9.932299613952637
2023-02-27,9.998900413513184,9.998900413513184,9.998900413513184,9.998900413513184,0.0,9.998900413513184
2023-02-28,10.004599571228027,10.004599571228027,10.004599571228027,10.004599571228027,0.0,10.004599571228027
2023-03-01,9.975299835205078,9.975299835205078,9.975299835205078,9.975299835205078,0.0,9.975299835205078
2023-03-02,10.048500061035156,10.048500061035156,10.048500061035156,10.048500061035156,0.0,10.048500061035156
2023-03-03,10.168100357055664,10.168100357055664,10.168100357055664,10.168100357055664,0.0,10.168100357055664
2023-03-06,10.110799789428711,10.110799789428711,10.110799789428711,10.110799789428711,0.0,10.110799789428711
2023-03-07,10.006699562072754,10.006699562072754,10.006699562072754,10.006699562072754,0.0,10.006699562072754
2023-03-08,10.059599876403809,10.059599876403809,10.059599876403809,10.059599876403809,0.0,10.059599876403809
2023-03-09,9.97070026397705,9.97070026397705,9.97070026397705,9.97070026397705,0.0,9.97070026397705
2023-03-10,9.80210018157959,9.80210018157959,9.80210018157959,9.80210018157959,0.0,9.80210018157959
2023-03-13,9.758999824523926,9.758999824523926,9.758999824523926,9.758999824523926,0.0,9.758999824523926
2023-03-14,9.96049976348877,9.96049976348877,9.96049976348877,9.96049976348877,0.0,9.96049976348877
2023-03-15,9.765399932861328,9.765399932861328,9.765399932861328,9.765399932861328,0.0,9.765399932861328
2023-03-16,9.99120044708252,9.99120044708252,9.99120044708252,9.99120044708252,0.0,9.99120044708252
2023-03-17,,,,,,
2023-03-20,9.990099906921387,9.990099906921387,9.990099906921387,9.990099906921387,0.0,9.990099906921387
2023-03-21,10.086400032043457,10.086400032043457,10.086400032043457,10.086400032043457,0.0,10.086400032043457
2023-03-22,9.981800079345703,9.981800079345703,9.981800079345703,9.981800079345703,0.0,9.981800079345703
2023-03-23,10.05720043182373,10.05720043182373,10.05720043182373,10.05720043182373,0.0,10.05720043182373
2023-03-24,10.017200469970703,10.017200469970703,10.017200469970703,10.017200469970703,0.0,10.017200469970703
2023-03-27,10.064900398254395,10.064900398254395,10.064900398254395,10.064900398254395,0.0,10.064900398254395
2023-03-28,10.041500091552734,10.041500091552734,10.041500091552734,10.041500091552734,0.0,10.041500091552734
2023-03-29,10.150899887084961,10.150899887084961,10.150899887084961,10.150899887084961,0.0,10.150899887084961
2023-03-30,10.256699562072754,10.256699562072754,10.256699562072754,10.256699562072754,0.0,10.256699562072754
2023-03-31,10.390399932861328,10.390399932861328,10.390399932861328,10.390399932861328,0.0,10.390399932861328
2023-04-03,10.335399627685547,10.335399627685547,10.335399627685547,10.335399627685547,0.0,10.335399627685547
2023-04-04,10.260100364685059,10.260100364685059,10.260100364685059,10.260100364685059,0.0,10.260100364685059
2023-04-05,10.125900268554688,10.125900268554688,10.125900268554688,10.125900268554688,0.0,10.125900268554688
2023-04-06,10.106900215148926,10.106900215148926,10.106900215148926,10.106900215148926,0.0,10.106900215148926
2023-04-10,,,,,,
2023-04-11,10.207599639892578,10.207599639892578,10.207599639892578,10.207599639892578,0.0,10.207599639892578
2023-04-12,10.219200134277344,10.219200134277344,10.219200134277344,10.219200134277344,0.0,10.219200134277344
2023-04-13,10.36050033569336,10.36050033569336,10.36050033569336,10.36050033569336,0.0,10.36050033569336
2023-04-14,10.321499824523926,10.321499824523926,10.321499824523926,10.321499824523926,0.0,10.321499824523926
2023-04-17,10.29069995880127,10.29069995880127,10.29069995880127,10.29069995880127,0.0,10.29069995880127
2023-04-18,10.27560043334961,10.27560043334961,10.27560043334961,10.27560043334961,0.0,10.27560043334961
2023-04-19,10.216400146484375,10.216400146484375,10.216400146484375,10.216400146484375,0.0,10.216400146484375
2023-04-20,10.215299606323242,10.215299606323242,10.215299606323242,10.215299606323242,0.0,10.215299606323242
2023-04-21,10.262900352478027,10.262900352478027,10.262900352478027,10.262900352478027,0.0,10.262900352478027
2023-04-24,10.283100128173828,10.283100128173828,10.283100128173828,10.283100128173828,0.0,10.283100128173828
2023-04-25,10.041199684143066,10.041199684143066,10.041199684143066,10.041199684143066,0.0,10.041199684143066
2023-04-26,9.980899810791016,9.980899810791016,9.980899810791016,9.980899810791016,0.0,9.980899810791016
2023-04-27,10.087300300598145,10.087300300598145,10.087300300598145,10.087300300598145,0.0,10.087300300598145
2023-04-28,10.091500282287598,10.091500282287598,10.091500282287598,10.091500282287598,0.0,10.091500282287598
2023-05-01,,,,,,
2023-05-02,9.94540023803711,9.94540023803711,9.94540023803711,9.94540023803711,0.0,9.94540023803711
2023-05-03,9.97070026397705,9.97070026397705,9.97070026397705,9.97070026397705,0.0,9.97070026397705
2023-05-04,9.913599967956543,9.913599967956543,9.913599967956543,9.913599967956543,0.0,9.913599967956543
2023-05-05,10.088500022888184,10.088500022888184,10.088500022888184,10.088500022888184,0.0,10.088500022888184
2023-05-08,,,,,,
2023-05-09,9.956399917602539,9.956399917602539,9.956399917602539,9.956399917602539,0.0,9.956399917602539
2023-05-10,9.994099617004395,9.994099617004395,9.994099617004395,9.994099617004395,0.0,9.994099617004395
2023-05-11,10.02079963684082,10.02079963684082,10.02079963684082,10.02079963684082,0.0,10.02079963684082
2023-05-12,10.008199691772461,10.008199691772461,10.008199691772461,10.008199691772461,0.0,10.008199691772461
2023-05-15,10.0826997756958,10.0826997756958,10.0826997756958,10.0826997756958,0.0,10.0826997756958
2023-05-16,9.949600219726562,9.949600219726562,9.949600219726562,9.949600219726562,0.0,9.949600219726562
2023-05-17,9.992400169372559,9.992400169372559,9.992400169372559,9.992400169372559,0.0,9.992400169372559
2023-05-18,10.106100082397461,10.106100082397461,10.106100082397461,10.106100082397461,0.0,10.106100082397461
2023-05-19,10.152299880981445,10.152299880981445,10.152299880981445,10.152299880981445,0.0,10.152299880981445
2023-05-22,10.174699783325195,10.174699783325195,10.174699783325195,10.174699783325195,0.0,10.174699783325195
2023-05-23,9.995100021362305,9.995100021362305,9.995100021362305,9.995100021362305,0.0,9.995100021362305
2023-05-24,9.811699867248535,9.811699867248535,9.811699867248535,9.811699867248535,0.0,9.811699867248535
2023-05-25,9.933600425720215,9.933600425720215,9.933600425720215,9.933600425720215,0.0,9.933600425720215
2023-05-26,10.13659954071045,10.13659954071045,10.13659954071045,10.13659954071045,0.0,10.13659954071045
2023-05-30,10.115300178527832,10.115300178527832,10.115300178527832,10.115300178527832,0.0,10.115300178527832
2023-05-31,9.99120044708252,9.99120044708252,9.99120044708252,9.99120044708252,0.0,9.99120044708252
2023-06-01,10.138400077819824,10.138400077819824,10.138400077819824,10.138400077819824,0.0,10.138400077819824
2023-06-02,10.263199806213379,10.263199806213379,10.263199806213379,10.263199806213379,0.0,10.263199806213379
2023-06-05,,,,,,
2023-06-06,10.260199546813965,10.260199546813965,10.260199546813965,10.260199546813965,0.0,10.260199546813965
2023-06-07,10.2878999710083,10.2878999710083,10.2878999710083,10.2878999710083,0.0,10.2878999710083
2023-06-08,10.321200370788574,10.321200370788574,10.321200370788574,10.321200370788574,0.0,10.321200370788574
2023-06-09,10.282400131225586,10.282400131225586,10.282400131225586,10.282400131225586,0.0,10.282400131225586
2023-06-12,10.40429973602295,10.40429973602295,10.40429973602295,10.40429973602295,0.0,10.40429973602295
2023-06-13,10.53689956665039,10.53689956665039,10.53689956665039,10.53689956665039,0.0,10.53689956665039
2023-06-14,10.567899703979492,10.567899703979492,10.567899703979492,10.567899703979492,0.0,10.567899703979492
2023-06-15,10.598099708557129,10.598099708557129,10.598099708557129,10.598099708557129,0.0,10.598099708557129
2023-06-16,10.534000396728516,10.534000396728516,10.534000396728516,10.534000396728516,0.0,10.534000396728516
2023-06-20,10.335000038146973,10.335000038146973,10.335000038146973,10.335000038146973,0.0,10.335000038146973
2023-06-21,10.24470043182373,10.24470043182373,10.24470043182373,10.24470043182373,0.0,10.24470043182373
2023-06-22,10.229999542236328,10.229999542236328,10.229999542236328,10.229999542236328,0.0,10.229999542236328
2023-06-23,10.146699905395508,10.146699905395508,10.146699905395508,10.146699905395508,0.0,10.146699905395508
2023-06-26,10.175800323486328,10.175800323486328,10.175800323486328,10.175800323486328,0.0,10.175800323486328
2023-06-27,10.315400123596191,10.315400123596191,10.315400123596191,10.315400123596191,0.0,10.315400123596191
2023-06-28,10.317500114440918,10.317500114440918,10.317500114440918,10.317500114440918,0.0,10.317500114440918
2023-06-29,10.3951997756958,10.3951997756958,10.3951997756958,10.3951997756958,0.0,10.3951997756958
2023-06-30,10.533300399780273,10.533300399780273,10.533300399780273,10.533300399780273,0.0,10.533300399780273
2023-07-03,10.483200073242188,10.483200073242188,10.483200073242188,10.483200073242188,0.0,10.483200073242188
2023-07-05,10.379899978637695,10.379899978637695,10.379899978637695,10.379899978637695,0.0,10.379899978637695
2023-07-06,10.252099990844727,10.252099990844727,10.252099990844727,10.252099990844727,0.0,10.252099990844727
2023-07-07,10.239500045776367,10.239500045776367,10.239500045776367,10.239500045776367,0.0,10.239500045776367
2023-07-10,10.389800071716309,10.389800071716309,10.389800071716309,10.389800071716309,0.0,10.389800071716309
2023-07-11,10.454999923706055,10.454999923706055,10.454999923706055,10.454999923706055,0.0,10.454999923706055
2023-07-12,10.575400352478027,10.575400352478027,10.575400352478027,10.575400352478027,0.0,10.575400352478027
2023-07-13,10.696900367736816,10.696900367736816,10.696900367736816,10.696900367736816,0.0,10.696900367736816
2023-07-14,10.695899963378906,10.695899963378906,10.695899963378906,10.695899963378906,0.0,10.695899963378906
2023-07-17,10.747599601745605,10.747599601745605,10.747599601745605,10.747599601745605,0.0,10.747599601745605
2023-07-18,10.793899536132812,10.793899536132812,10.793899536132812,10.793899536132812,0.0,10.793899536132812
2023-07-19,10.794899940490723,10.794899940490723,10.794899940490723,10.794899940490723,0.0,10.794899940490723
2023-07-20,10.685700416564941,10.685700416564941,10.685700416564941,10.685700416564941,0.0,10.685700416564941
2023-07-21,10.753899574279785,10.753899574279785,10.753899574279785,10.753899574279785,0.0,10.753899574279785
2023-07-24,10.735899925231934,10.735899925231934,10.735899925231934,10.735899925231934,0.0,10.735899925231934
2023-07-25,10.767200469970703,10.767200469970703,10.767200469970703,10.767200469970703,0.0,10.767200469970703
2023-07-26,10.745100021362305,10.745100021362305,10.745100021362305,10.745100021362305,0.0,10.745100021362305
2023-07-27,10.725799560546875,10.725799560546875,10.725799560546875,10.725799560546875,0.0,10.725799560546875
2023-07-28,10.740900039672852,10.740900039672852,10.740900039672852,10.740900039672852,0.0,10.740900039672852
2023-07-31,10.752599716186523,10.752599716186523,10.752599716186523,10.752599716186523,0.0,10.752599716186523
2023-08-01,10.713199615478516,10.713199615478516,10.713199615478516,10.713199615478516,0.0,10.713199615478516
2023-08-02,10.577799797058105,10.577799797058105,10.577799797058105,10.577799797058105,0.0,10.577799797058105
2023-08-03,10.554200172424316,10.554200172424316,10.554200172424316,10.554200172424316,0.0,10.554200172424316
2023-08-04,10.54319953918457,10.54319953918457,10.54319953918457,10.54319953918457,0.0,10.54319953918457
2023-08-07,,,,,,
2023-08-08,10.503700256347656,10.503700256347656,10.503700256347656,10.503700256347656,0.0,10.503700256347656
2023-08-09,10.496600151062012,10.496600151062012,10.496600151062012,10.496600151062012,0.0,10.496600151062012
2023-08-10,10.506799697875977,10.506799697875977,10.506799697875977,10.506799697875977,0.0,10.506799697875977
2023-08-11,10.445099830627441,10.445099830627441,10.445099830627441,10.445099830627441,0.0,10.445099830627441
2023-08-14,10.483400344848633,10.483400344848633,10.483400344848633,10.483400344848633,0.0,10.483400344848633
2023-08-15,10.391799926757812,10.391799926757812,10.391799926757812,10.391799926757812,0.0,10.391799926757812
2023-08-16,10.300800323486328,10.300800323486328,10.300800323486328,10.300800323486328,0.0,10.300800323486328
2023-08-17,10.181099891662598,10.181099891662598,10.181099891662598,10.181099891662598,0.0,10.181099891662598
2023-08-18,10.111800193786621,10.111800193786621,10.111800193786621,10.111800193786621,0.0,10.111800193786621
2023-08-21,10.161299705505371,10.161299705505371,10.161299705505371,10.161299705505371,0.0,10.161299705505371
2023-08-22,10.182999610900879,10.182999610900879,10.182999610900879,10.182999610900879,0.0,10.182999610900879
2023-08-23,10.268199920654297,10.268199920654297,10.268199920654297,10.268199920654297,0.0,10.268199920654297
2023-08-24,10.141799926757812,10.141799926757812,10.141799926757812,10.141799926757812,0.0,10.141799926757812
2023-08-25,10.182700157165527,10.182700157165527,10.182700157165527,10.182700157165527,0.0,10.182700157165527
2023-08-28,,,,,,
2023-08-29,10.380000114440918,10.380000114440918,10.380000114440918,10.380000114440918,0.0,10.380000114440918
2023-08-30,10.438400268554688,10.438400268554688,10.438400268554688,10.438400268554688,0.0,10.438400268554688
2023-08-31,10.413700103759766,10.413700103759766,10.413700103759766,10.413700103759766,0.0,10.413700103759766
2023-09-01,10.429400444030762,10.429400444030762,10.429400444030762,10.429400444030762,0.0,10.429400444030762
2023-09-05,10.296199798583984,10.296199798583984,10.296199798583984,10.296199798583984,0.0,10.296199798583984
2023-09-06,10.24209976196289,10.24209976196289,10.24209976196289,10.24209976196289,0.0,10.24209976196289
2023-09-07,10.109399795532227,10.109399795532227,10.109399795532227,10.109399795532227,0.0,10.109399795532227
2023-09-08,10.051400184631348,10.051400184631348,10.051400184631348,10.051400184631348,0.0,10.051400184631348
2023-09-11,10.03909969329834,10.03909969329834,10.03909969329834,10.03909969329834,0.0,10.03909969329834
2023-09-12,9.93280029296875,9.93280029296875,9.93280029296875,9.93280029296875,0.0,9.93280029296875
2023-09-13,9.929900169372559,9.929900169372559,9.929900169372559,9.929900169372559,0.0,9.929900169372559
2023-09-14,10.003600120544434,10.003600120544434,10.003600120544434,10.003600120544434,0.0,10.003600120544434
2023-09-15,9.940099716186523,9.940099716186523,9.940099716186523,9.940099716186523,0.0,9.940099716186523
2023-09-18,9.911600112915039,9.911600112915039,9.911600112915039,9.911600112915039,0.0,9.911600112915039
2023-09-19,9.856399536132812,9.856399536132812,9.856399536132812,9.856399536132812,0.0,9.856399536132812
2023-09-20,9.85200023651123,9.85200023651123,9.85200023651123,9.85200023651123,0.0,9.85200023651123
2023-09-21,9.664999961853027,9.664999961853027,9.664999961853027,9.664999961853027,0.0,9.664999961853027
2023-09-22,9.666000366210938,9.666000366210938,9.666000366210938,9.666000366210938,0.0,9.666000366210938
2023-09-25,9.678299903869629,9.678299903869629,9.678299903869629,9.678299903869629,0.0,9.678299903869629
2023-09-26,9.552200317382812,9.552200317382812,9.552200317382812,9.552200317382812,0.0,9.552200317382812
2023-09-27,9.544300079345703,9.544300079345703,9.544300079345703,9.544300079345703,0.0,9.544300079345703
2023-09-28,9.669500350952148,9.669500350952148,9.669500350952148,9.669500350952148,0.0,9.669500350952148
2023-09-29,9.689800262451172,9.689800262451172,9.689800262451172,9.689800262451172,0.0,9.689800262451172
2023-10-02,9.622200012207031,9.622200012207031,9.622200012207031,9.622200012207031,0.0,9.622200012207031
2023-10-03,9.512399673461914,9.512399673461914,9.512399673461914,9.512399673461914,0.0,9.512399673461914
2023-10-04,9.593799591064453,9.593799591064453,9.593799591064453,9.593799591064453,0.0,9.593799591064453
2023-10-05,9.623200416564941,9.623200416564941,9.623200416564941,9.623200416564941,0.0,9.623200416564941
2023-10-06,9.743200302124023,9.743200302124023,9.743200302124023,9.743200302124023,0.0,9.743200302124023
2023-10-09,9.717499732971191,9.717499732971191,9.717499732971191,9.717499732971191,0.0,9.717499732971191
2023-10-10,9.812100410461426,9.812100410461426,9.812100410461426,9.812100410461426,0.0,9.812100410461426
2023-10-11,9.829000473022461,9.829000473022461,9.829000473022461,9.829000473022461,0.0,9.829000473022461
2023-10-12,9.736800193786621,9.736800193786621,9.736800193786621,9.736800193786621,0.0,9.736800193786621
2023-10-13,9.586899757385254,9.586899757385254,9.586899757385254,9.586899757385254,0.0,9.586899757385254
2023-10-16,9.717300415039062,9.717300415039062,9.717300415039062,9.717300415039062,0.0,9.717300415039062
2023-10-17,9.681599617004395,9.681599617004395,9.681599617004395,9.681599617004395,0.0,9.681599617004395
2023-10-18,9.509300231933594,9.509300231933594,9.509300231933594,9.509300231933594,0.0,9.509300231933594
2023-10-19,9.42199993133545,9.42199993133545,9.42199993133545,9.42199993133545,0.0,9.42199993133545
2023-10-20,9.320099830627441,9.320099830627441,9.320099830627441,9.320099830627441,0.0,9.320099830627441
2023-10-23,9.289299964904785,9.289299964904785,9.289299964904785,9.289299964904785,0.0,9.289299964904785
2023-10-24,9.312299728393555,9.312299728393555,9.312299728393555,9.312299728393555,0.0,9.312299728393555
2023-10-25,8.997200012207031,8.997200012207031,8.997200012207031,8.997200012207031,0.0,8.997200012207031
2023-10-26,8.943699836730957,8.943699836730957,8.943699836730957,8.943699836730957,0.0,8.943699836730957
2023-10-27,8.916600227355957,8.916600227355957,8.916600227355957,8.916600227355957,0.0,8.916600227355957
2023-10-30,,,,,,
2023-10-31,9.021900177001953,9.021900177001953,9.021900177001953,9.021900177001953,0.0,9.021900177001953
2023-11-01,9.067000389099121,9.067000389099121,9.067000389099121,9.067000389099121,0.0,9.067000389099121
2023-11-02,9.22249984741211,9.22249984741211,9.22249984741211,9.22249984741211,0.0,9.22249984741211
2023-11-03,9.415499687194824,9.415499687194824,9.415499687194824,9.415499687194824,0.0,9.415499687194824
2023-11-06,9.369199752807617,9.369199752807617,9.369199752807617,9.369199752807617,0.0,9.369199752807617
2023-11-07,9.355199813842773,9.355199813842773,9.355199813842773,9.355199813842773,0.0,9.355199813842773
2023-11-08,9.330400466918945,9.330400466918945,9.330400466918945,9.330400466918945,0.0,9.330400466918945
2023-11-09,9.273799896240234,9.273799896240234,9.273799896240234,9.273799896240234,0.0,9.273799896240234
2023-11-10,9.34160041809082,9.34160041809082,9.34160041809082,9.34160041809082,0.0,9.34160041809082
2023-11-13,9.357500076293945,9.357500076293945,9.357500076293945,9.357500076293945,0.0,9.357500076293945
2023-11-14,9.703200340270996,9.703200340270996,9.703200340270996,9.703200340270996,0.0,9.703200340270996
2023-11-15,9.735699653625488,9.735699653625488,9.735699653625488,9.735699653625488,0.0,9.735699653625488
2023-11-16,9.70300006866455,9.70300006866455,9.70300006866455,9.70300006866455,0.0,9.70300006866455
2023-11-17,9.75059986114502,9.75059986114502,9.75059986114502,9.75059986114502,0.0,9.75059986114502
2023-11-20,9.820599555969238,9.820599555969238,9.820599555969238,9.820599555969238,0.0,9.820599555969238
2023-11-21,9.835800170898438,9.835800170898438,9.835800170898438,9.835800170898438,0.0,9.835800170898438
2023-11-22,9.86520004272461,9.86520004272461,9.86520004272461,9.86520004272461,0.0,9.86520004272461
2023-11-24,9.937600135803223,9.937600135803223,9.937600135803223,9.937600135803223,0.0,9.937600135803223
2023-11-27,9.92039966583252,9.92039966583252,9.92039966583252,9.92039966583252,0.0,9.92039966583252
2023-11-28,9.86299991607666,9.86299991607666,9.86299991607666,9.86299991607666,0.0,9.86299991607666
2023-11-29,9.928099632263184,9.928099632263184,9.928099632263184,9.928099632263184,0.0,9.928099632263184
2023-11-30,9.959099769592285,9.959099769592285,9.959099769592285,9.959099769592285,0.0,9.959099769592285
2023-12-01,10.033900260925293,10.033900260925293,10.033900260925293,10.033900260925293,0.0,10.033900260925293
2023-12-04,10.006600379943848,10.006600379943848,10.006600379943848,10.006600379943848,0.0,10.006600379943848
2023-12-05,9.963399887084961,9.963399887084961,9.963399887084961,9.963399887084961,0.0,9.963399887084961
2023-12-06,10.01039981842041,10.01039981842041,10.01039981842041,10.01039981842041,0.0,10.01039981842041
2023-12-07,10.041199684143066,10.041199684143066,10.041199684143066,10.041199684143066,0.0,10.041199684143066
2023-12-08,10.10990047454834,10.10990047454834,10.10990047454834,10.10990047454834,0.0,10.10990047454834
2023-12-11,10.244400024414062,10.244400024414062,10.244400024414062,10.244400024414062,0.0,10.244400024414062
2023-12-12,10.29520034790039,10.29520034790039,10.29520034790039,10.29520034790039,0.0,10.29520034790039
2023-12-13,10.44890022277832,10.44890022277832,10.44890022277832,10.44890022277832,0.0,10.44890022277832
2023-12-14,10.760700225830078,10.760700225830078,10.760700225830078,10.760700225830078,0.0,10.760700225830078
2023-12-15,10.72659969329834,10.72659969329834,10.72659969329834,10.72659969329834,0.0,10.72659969329834
2023-12-18,10.692999839782715,10.692999839782715,10.692999839782715,10.692999839782715,0.0,10.692999839782715
2023-12-19,10.777999877929688,10.777999877929688,10.777999877929688,10.777999877929688,0.0,10.777999877929688
2023-12-20,10.650799751281738,10.650799751281738,10.650799751281738,10.650799751281738,0.0,10.650799751281738
2023-12-21,10.785499572753906,10.785499572753906,10.785499572753906,10.785499572753906,0.0,10.785499572753906
2023-12-22,10.82289981842041,10.82289981842041,10.82289981842041,10.82289981842041,0.0,10.82289981842041
2023-12-26,,,,,,
2023-12-27,,,,,,
2023-12-28,10.922599792480469,10.922599792480469,10.922599792480469,10.922599792480469,0.0,10.922599792480469
2023-12-29,10.873900413513184,10.873900413513184,10.873900413513184,10.873900413513184,0.0,10.873900413513184
2024-01-02,10.697199821472168,10.697199821472168,10.697199821472168,10.697199821472168,0.0,10.697199821472168
2024-01-03,10.416199684143066,10.416199684143066,10.416199684143066,10.416199684143066,0.0,10.416199684143066
2024-01-04,10.423299789428711,10.423299789428711,10.423299789428711,10.423299789428711,0.0,10.423299789428711
2024-01-05,10.406700134277344,10.406700134277344,10.406700134277344,10.406700134277344,0.0,10.406700134277344
2024-01-08,10.597800254821777,10.597800254821777,10.597800254821777,10.597800254821777,0.0,10.597800254821777
2024-01-09,10.550200462341309,10.550200462341309,10.550200462341309,10.550200462341309,0.0,10.550200462341309
2024-01-10,10.576000213623047,10.576000213623047,10.576000213623047,10.576000213623047,0.0,10.576000213623047
2024-01-11,10.555899620056152,10.555899620056152,10.555899620056152,10.555899620056152,0.0,10.555899620056152
2024-01-12,10.588700294494629,10.588700294494629,10.588700294494629,10.588700294494629,0.0,10.588700294494629
2024-01-16,10.503499984741211,10.503499984741211,10.503499984741211,10.503499984741211,0.0,10.503499984741211
2024-01-17,10.394200325012207,10.394200325012207,10.394200325012207,10.394200325012207,0.0,10.394200325012207
2024-01-18,10.534500122070312,10.534500122070312,10.534500122070312,10.534500122070312,0.0,10.534500122070312
2024-01-19,10.64229965209961,10.64229965209961,10.64229965209961,10.64229965209961,0.0,10.64229965209961
2024-01-22,10.761099815368652,10.761099815368652,10.761099815368652,10.761099815368652,0.0,10.761099815368652
2024-01-23,10.733599662780762,10.733599662780762,10.733599662780762,10.733599662780762,0.0,10.733599662780762
2024-01-24,10.687800407409668,10.687800407409668,10.687800407409668,10.687800407409668,0.0,10.687800407409668
2024-01-25,10.684399604797363,10.684399604797363,10.684399604797363,10.684399604797363,0.0,10.684399604797363
2024-01-26,10.674599647521973,10.674599647521973,10.674599647521973,10.674599647521973,0.0,10.674599647521973
2024-01-29,10.750699996948242,10.750699996948242,10.750699996948242,10.750699996948242,0.0,10.750699996948242
2024-01-30,10.737199783325195,10.737199783325195,10.737199783325195,10.737199783325195,0.0,10.737199783325195
2024-01-31,10.607500076293945,10.607500076293945,10.607500076293945,10.607500076293945,0.0,10.607500076293945
2024-02-01,10.72350025177002,10.72350025177002,10.72350025177002,10.72350025177002,0.0,10.72350025177002
2024-02-02,10.783300399780273,10.783300399780273,10.783300399780273,10.783300399780273,0.0,10.783300399780273
2024-02-05,,,,,,
2024-02-06,10.755800247192383,10.755800247192383,10.755800247192383,10.755800247192383,0.0,10.755800247192383
2024-02-07,10.830599784851074,10.830599784851074,10.830599784851074,10.830599784851074,0.0,10.830599784851074
2024-02-08,10.988300323486328,10.988300323486328,10.988300323486328,10.988300323486328,0.0,10.988300323486328
2024-02-09,11.126700401306152,11.126700401306152,11.126700401306152,11.126700401306152,0.0,11.126700401306152
2024-02-12,11.121800422668457,11.121800422668457,11.121800422668457,11.121800422668457,0.0,11.121800422668457
2024-02-13,10.870200157165527,10.870200157165527,10.870200157165527,10.870200157165527,0.0,10.870200157165527
2024-02-14,11.050100326538086,11.050100326538086,11.050100326538086,11.050100326538086,0.0,11.050100326538086
2024-02-15,11.166799545288086,11.166799545288086,11.166799545288086,11.166799545288086,0.0,11.166799545288086
2024-02-16,11.161800384521484,11.161800384521484,11.161800384521484,11.161800384521484,0.0,11.161800384521484
2024-02-20,11.122099876403809,11.122099876403809,11.122099876403809,11.122099876403809,0.0,11.122099876403809
2024-02-21,11.102899551391602,11.102899551391602,11.102899551391602,11.102899551391602,0.0,11.102899551391602
2024-02-22,11.26550006866455,11.26550006866455,11.26550006866455,11.26550006866455,0.0,11.26550006866455
2024-02-23,11.267999649047852,11.267999649047852,11.267999649047852,11.267999649047852,0.0,11.267999649047852
2024-02-26,11.280200004577637,11.280200004577637,11.280200004577637,11.280200004577637,0.0,11.280200004577637
2024-02-27,11.260299682617188,11.260299682617188,11.260299682617188,11.260299682617188,0.0,11.260299682617188
2024-02-28,11.207799911499023,11.207799911499023,11.207799911499023,11.207799911499023,0.0,11.207799911499023
2024-02-29,11.267800331115723,11.267800331115723,11.267800331115723,11.267800331115723,0.0,11.267800331115723
2024-03-01,11.388999938964844,11.388999938964844,11.388999938964844,11.388999938964844,0.0,11.388999938964844
2024-03-04,11.445500373840332,11.445500373840332,11.445500373840332,11.445500373840332,0.0,11.445500373840332
2024-03-05,11.314399719238281,11.314399719238281,11.314399719238281,11.314399719238281,0.0,11.314399719238281
2024-03-06,11.44950008392334,11.44950008392334,11.44950008392334,11.44950008392334,0.0,11.44950008392334
2024-03-07,11.648099899291992,11.648099899291992,11.648099899291992,11.648099899291992,0.0,11.648099899291992
2024-03-08,11.571000099182129,11.571000099182129,11.571000099182129,11.571000099182129,0.0,11.571000099182129
2024-03-11,11.473400115966797,11.473400115966797,11.473400115966797,11.473400115966797,0.0,11.473400115966797
2024-03-12,11.597100257873535,11.597100257873535,11.597100257873535,11.597100257873535,0.0,11.597100257873535
2024-03-13,11.546299934387207,11.546299934387207,11.546299934387207,11.546299934387207,0.0,11.546299934387207
2024-03-14,11.473799705505371,11.473799705505371,11.473799705505371,11.473799705505371,0.0,11.473799705505371
2024-03-15,11.392000198364258,11.392000198364258,11.392000198364258,11.392000198364258,0.0,11.392000198364258
2024-03-18,,,,,,
2024-03-19,11.408900260925293,11.408900260925293,11.408900260925293,11.408900260925293,0.0,11.408900260925293
2024-03-20,11.504500389099121,11.504500389099121,11.504500389099121,11.504500389099121,0.0,11.504500389099121
2024-03-21,11.674400329589844,11.674400329589844,11.674400329589844,11.674400329589844,0.0,11.674400329589844
2024-03-22,11.631699562072754,11.631699562072754,11.631699562072754,11.631699562072754,0.0,11.631699562072754
2024-03-25,11.51990032196045,11.51990032196045,11.51990032196045,11.51990032196045,0.0,11.51990032196045
2024-03-26,11.463899612426758,11.463899612426758,11.463899612426758,11.463899612426758,0.0,11.463899612426758
2024-03-27,11.564900398254395,11.564900398254395,11.564900398254395,11.564900398254395,0.0,11.564900398254395
2024-03-28,11.57800006866455,11.57800006866455,11.57800006866455,11.57800006866455,0.0,11.57800006866455
2024-04-01,,,,,,
2024-04-02,11.378899574279785,11.378899574279785,11.378899574279785,11.378899574279785,0.0,11.378899574279785
2024-04-03,11.383999824523926,11.383999824523926,11.383999824523926,11.383999824523926,0.0,11.383999824523926
2024-04-04,11.250200271606445,11.250200271606445,11.250200271606445,11.250200271606445,0.0,11.250200271606445
2024-04-05,11.313799858093262,11.313799858093262,11.313799858093262,11.313799858093262,0.0,11.313799858093262
2024-04-08,11.362299919128418,11.362299919128418,11.362299919128418,11.362299919128418,0.0,11.362299919128418
2024-04-09,11.437700271606445,11.437700271606445,11.437700271606445,11.437700271606445,0.0,11.437700271606445
2024-04-10,11.242199897766113,11.242199897766113,11.242199897766113,11.242199897766113,0.0,11.242199897766113
2024-04-11,11.293600082397461,11.293600082397461,11.293600082397461,11.293600082397461,0.0,11.293600082397461
2024-04-12,11.051600456237793,11.051600456237793,11.051600456237793,11.051600456237793,0.0,11.051600456237793
2024-04-15,10.953900337219238,10.953900337219238,10.953900337219238,10.953900337219238,0.0,10.953900337219238
2024-04-16,10.878199577331543,10.878199577331543,10.878199577331543,10.878199577331543,0.0,10.878199577331543
2024-04-17,10.791899681091309,10.791899681091309,10.791899681091309,10.791899681091309,0.0,10.791899681091309
2024-04-18,10.745800018310547,10.745800018310547,10.745800018310547,10.745800018310547,0.0,10.745800018310547
2024-04-19,10.628199577331543,10.628199577331543,10.628199577331543,10.628199577331543,0.0,10.628199577331543
2024-04-22,10.690999984741211,10.690999984741211,10.690999984741211,10.690999984741211,0.0,10.690999984741211
2024-04-23,10.869000434875488,10.869000434875488,10.869000434875488,10.869000434875488,0.0,10.869000434875488
2024-04-24,10.837900161743164,10.837900161743164,10.837900161743164,10.837900161743164,0.0,10.837900161743164
2024-04-25,10.823100090026855,10.823100090026855,10.823100090026855,10.823100090026855,0.0,10.823100090026855
2024-04-26,10.95479965209961,10.95479965209961,10.95479965209961,10.95479965209961,0.0,10.95479965209961
2024-04-29,11.076600074768066,11.076600074768066,11.076600074768066,11.076600074768066,0.0,11.076600074768066
2024-04-30,10.94789981842041,10.94789981842041,10.94789981842041,10.94789981842041,0.0,10.94789981842041
2024-05-01,10.810999870300293,10.810999870300293,10.810999870300293,10.810999870300293,0.0,10.810999870300293
2024-05-02,10.923500061035156,10.923500061035156,10.923500061035156,10.923500061035156,0.0,10.923500061035156
2024-05-03,11.076499938964844,11.076499938964844,11.076499938964844,11.076499938964844,0.0,11.076499938964844
2024-05-06,,,,,,
2024-05-07,11.195599555969238,11.195599555969238,11.195599555969238,11.195599555969238,0.0,11.195599555969238
2024-05-08,11.231900215148926,11.231900215148926,11.231900215148926,11.231900215148926,0.0,11.231900215148926
2024-05-09,11.296600341796875,11.296600341796875,11.296600341796875,11.296600341796875,0.0,11.296600341796875
2024-05-10,11.422599792480469,11.422599792480469,11.422599792480469,11.422599792480469,0.0,11.422599792480469
2024-05-13,11.392499923706055,11.392499923706055,11.392499923706055,11.392499923706055,0.0,11.392499923706055
2024-05-14,11.506099700927734,11.506099700927734,11.506099700927734,11.506099700927734,0.0,11.506099700927734
2024-05-15,11.711199760437012,11.711199760437012,11.711199760437012,11.711199760437012,0.0,11.711199760437012
2024-05-16,11.630499839782715,11.630499839782715,11.630499839782715,11.630499839782715,0.0,11.630499839782715
2024-05-17,11.60219955444336,11.60219955444336,11.60219955444336,11.60219955444336,0.0,11.60219955444336
2024-05-20,11.68340015411377,11.68340015411377,11.68340015411377,11.68340015411377,0.0,11.68340015411377
2024-05-21,11.590499877929688,11.590499877929688,11.590499877929688,11.590499877929688,0.0,11.590499877929688
2024-05-22,11.6274995803833,11.6274995803833,11.6274995803833,11.6274995803833,0.0,11.6274995803833
2024-05-23,11.49429988861084,11.49429988861084,11.49429988861084,11.49429988861084,0.0,11.49429988861084
2024-05-24,11.58240032196045,11.58240032196045,11.58240032196045,11.58240032196045,0.0,11.58240032196045
2024-05-28,11.502099990844727,11.502099990844727,11.502099990844727,11.502099990844727,0.0,11.502099990844727
2024-05-29,11.344400405883789,11.344400405883789,11.344400405883789,11.344400405883789,0.0,11.344400405883789
2024-05-30,11.295700073242188,11.295700073242188,11.295700073242188,11.295700073242188,0.0,11.295700073242188
2024-05-31,11.289999961853027,11.289999961853027,11.289999961853027,11.289999961853027,0.0,11.289999961853027
2024-06-03,,,,,,
2024-06-04,11.236300468444824,11.236300468444824,11.236300468444824,11.236300468444824,0.0,11.236300468444824
2024-06-05,11.420999526977539,11.420999526977539,11.420999526977539,11.420999526977539,0.0,11.420999526977539
2024-06-06,11.412599563598633,11.412599563598633,11.412599563598633,11.412599563598633,0.0,11.412599563598633
2024-06-07,11.352999687194824,11.352999687194824,11.352999687194824,11.352999687194824,0.0,11.352999687194824
2024-06-10,11.3774995803833,11.3774995803833,11.3774995803833,11.3774995803833,0.0,11.3774995803833
2024-06-11,11.387999534606934,11.387999534606934,11.387999534606934,11.387999534606934,0.0,11.387999534606934
2024-06-12,11.636199951171875,11.636199951171875,11.636199951171875,11.636199951171875,0.0,11.636199951171875
2024-06-13,11.647899627685547,11.647899627685547,11.647899627685547,11.647899627685547,0.0,11.647899627685547
2024-06-14,11.507399559020996,11.507399559020996,11.507399559020996,11.507399559020996,0.0,11.507399559020996
2024-06-17,11.580699920654297,11.580699920654297,11.580699920654297,11.580699920654297,0.0,11.580699920654297
2024-06-18,11.689000129699707,11.689000129699707,11.689000129699707,11.689000129699707,0.0,11.689000129699707
2024-06-20,11.617300033569336,11.617300033569336,11.617300033569336,11.617300033569336,0.0,11.617300033569336
2024-06-21,11.642900466918945,11.642900466918945,11.642900466918945,11.642900466918945,0.0,11.642900466918945
2024-06-24,11.62399959564209,11.62399959564209,11.62399959564209,11.62399959564209,0.0,11.62399959564209
2024-06-25,11.636799812316895,11.636799812316895,11.636799812316895,11.636799812316895,0.0,11.636799812316895
2024-06-26,11.599800109863281,11.599800109863281,11.599800109863281,11.599800109863281,0.0,11.599800109863281
2024-06-27,11.64050006866455,11.64050006866455,11.64050006866455,11.64050006866455,0.0,11.64050006866455
2024-06-28,11.642900466918945,11.642900466918945,11.642900466918945,11.642900466918945,0.0,11.642900466918945
2024-07-01,11.580599784851074,11.580599784851074,11.580599784851074,11.580599784851074,0.0,11.580599784851074
2024-07-02,11.642200469970703,11.642200469970703,11.642200469970703,11.642200469970703,0.0,11.642200469970703
2024-07-03,11.742500305175781,11.742500305175781,11.742500305175781,11.742500305175781,0.0,11.742500305175781
2024-07-05,11.753800392150879,11.753800392150879,11.753800392150879,11.753800392150879,0.0,11.753800392150879
2024-07-08,11.807299613952637,11.807299613952637,11.807299613952637,11.807299613952637,0.0,11.807299613952637
2024-07-09,11.74899959564209,11.74899959564209,11.74899959564209,11.74899959564209,0.0,11.74899959564209
2024-07-10,11.908900260925293,11.908900260925293,11.908900260925293,11.908900260925293,0.0,11.908900260925293
2024-07-11,11.979700088500977,11.979700088500977,11.979700088500977,11.979700088500977,0.0,11.979700088500977
2024-07-12,12.082900047302246,12.082900047302246,12.082900047302246,12.082900047302246,0.0,12.082900047302246
2024-07-15,12.079999923706055,12.079999923706055,12.079999923706055,12.079999923706055,0.0,12.079999923706055
2024-07-16,12.249099731445312,12.249099731445312,12.249099731445312,12.249099731445312,0.0,12.249099731445312
2024-07-17,11.949700355529785,11.949700355529785,11.949700355529785,11.949700355529785,0.0,11.949700355529785
2024-07-18,11.848999977111816,11.848999977111816,11.848999977111816,11.848999977111816,0.0,11.848999977111816
2024-07-19,11.686800003051758,11.686800003051758,11.686800003051758,11.686800003051758,0.0,11.686800003051758
2024-07-22,11.916399955749512,11.916399955749512,11.916399955749512,11.916399955749512,0.0,11.916399955749512
2024-07-23,11.850099563598633,11.850099563598633,11.850099563598633,11.850099563598633,0.0,11.850099563598633
2024-07-24,11.656299591064453,11.656299591064453,11.656299591064453,11.656299591064453,0.0,11.656299591064453
2024-07-25,11.439299583435059,11.439299583435059,11.439299583435059,11.439299583435059,0.0,11.439299583435059
2024-07-26,11.626899719238281,11.626899719238281,11.626899719238281,11.626899719238281,0.0,11.626899719238281
2024-07-29,11.671799659729004,11.671799659729004,11.671799659729004,11.671799659729004,0.0,11.671799659729004
2024-07-30,11.568599700927734,11.568599700927734,11.568599700927734,11.568599700927734,0.0,11.568599700927734
2024-07-31,11.827300071716309,11.827300071716309,11.827300071716309,11.827300071716309,0.0,11.827300071716309
2024-08-01,11.600600242614746,11.600600242614746,11.600600242614746,11.600600242614746,0.0,11.600600242614746
2024-08-02,11.30370044708252,11.30370044708252,11.30370044708252,11.30370044708252,0.0,11.30370044708252
2024-08-05,,,,,,
2024-08-06,11.160099983215332,11.160099983215332,11.160099983215332,11.160099983215332,0.0,11.160099983215332
2024-08-07,11.077300071716309,11.077300071716309,11.077300071716309,11.077300071716309,0.0,11.077300071716309
2024-08-08,11.317999839782715,11.317999839782715,11.317999839782715,11.317999839782715,0.0,11.317999839782715
2024-08-09,11.297499656677246,11.297499656677246,11.297499656677246,11.297499656677246,0.0,11.297499656677246
2024-08-12,11.274499893188477,11.274499893188477,11.274499893188477,11.274499893188477,0.0,11.274499893188477
2024-08-13,11.475899696350098,11.475899696350098,11.475899696350098,11.475899696350098,0.0,11.475899696350098
2024-08-14,11.47130012512207,11.47130012512207,11.47130012512207,11.47130012512207,0.0,11.47130012512207
2024-08-15,11.700900077819824,11.700900077819824,11.700900077819824,11.700900077819824,0.0,11.700900077819824
2024-08-16,11.710100173950195,11.710100173950195,11.710100173950195,11.710100173950195,0.0,11.710100173950195
2024-08-19,11.807499885559082,11.807499885559082,11.807499885559082,11.807499885559082,0.0,11.807499885559082
2024-08-20,11.779500007629395,11.779500007629395,11.779500007629395,11.779500007629395,0.0,11.779500007629395
2024-08-21,11.971199989318848,11.971199989318848,11.971199989318848,11.971199989318848,0.0,11.971199989318848
2024-08-22,11.880000114440918,11.880000114440918,11.880000114440918,11.880000114440918,0.0,11.880000114440918
2024-08-23,12.050999641418457,12.050999641418457,12.050999641418457,12.050999641418457,0.0,12.050999641418457
2024-08-26,,,,,,
2024-08-27,11.979999542236328,11.979999542236328,11.979999542236328,11.979999542236328,0.0,11.979999542236328
2024-08-28,11.945500373840332,11.945500373840332,11.945500373840332,11.945500373840332,0.0,11.945500373840332
2024-08-29,11.990400314331055,11.990400314331055,11.990400314331055,11.990400314331055,0.0,11.990400314331055
2024-08-30,12.076899528503418,12.076899528503418,12.076899528503418,12.076899528503418,0.0,12.076899528503418
2024-09-03,11.690099716186523,11.690099716186523,11.690099716186523,11.690099716186523,0.0,11.690099716186523
2024-09-04,11.64430046081543,11.64430046081543,11.64430046081543,11.64430046081543,0.0,11.64430046081543
2024-09-05,11.538800239562988,11.538800239562988,11.538800239562988,11.538800239562988,0.0,11.538800239562988
2024-09-06,11.371399879455566,11.371399879455566,11.371399879455566,11.371399879455566,0.0,11.371399879455566
2024-09-09,11.446100234985352,11.446100234985352,11.446100234985352,11.446100234985352,0.0,11.446100234985352
2024-09-10,11.527700424194336,11.527700424194336,11.527700424194336,11.527700424194336,0.0,11.527700424194336
2024-09-11,11.663999557495117,11.663999557495117,11.663999557495117,11.663999557495117,0.0,11.663999557495117
2024-09-12,11.700599670410156,11.700599670410156,11.700599670410156,11.700599670410156,0.0,11.700599670410156
2024-09-13,11.84060001373291,11.84060001373291,11.84060001373291,11.84060001373291,0.0,11.84060001373291
2024-09-16,11.839599609375,11.839599609375,11.839599609375,11.839599609375,0.0,11.839599609375
2024-09-17,11.890700340270996,11.890700340270996,11.890700340270996,11.890700340270996,0.0,11.890700340270996
2024-09-18,11.818099975585938,11.818099975585938,11.818099975585938,11.818099975585938,0.0,11.818099975585938
2024-09-19,12.105199813842773,12.105199813842773,12.105199813842773,12.105199813842773,0.0,12.105199813842773
2024-09-20,11.940299987792969,11.940299987792969,11.940299987792969,11.940299987792969,0.0,11.940299987792969
2024-09-23,11.966500282287598,11.966500282287598,11.966500282287598,11.966500282287598,0.0,11.966500282287598
2024-09-24,12.032699584960938,12.032699584960938,12.032699584960938,12.032699584960938,0.0,12.032699584960938
2024-09-25,11.9975004196167,11.9975004196167,11.9975004196167,11.9975004196167,0.0,11.9975004196167
2024-09-26,12.193400382995605,12.193400382995605,12.193400382995605,12.193400382995605,0.0,12.193400382995605
2024-09-27,12.2322998046875,12.2322998046875,12.2322998046875,12.2322998046875,0.0,12.2322998046875
2024-09-30,12.17650032043457,12.17650032043457,12.17650032043457,12.17650032043457,0.0,12.17650032043457
2024-10-01,11.992199897766113,11.992199897766113,11.992199897766113,11.992199897766113,0.0,11.992199897766113
2024-10-02,12.026300430297852,12.026300430297852,12.026300430297852,12.026300430297852,0.0,12.026300430297852
2024-10-03,11.957799911499023,11.957799911499023,11.957799911499023,11.957799911499023,0.0,11.957799911499023
2024-10-04,,,,,,
2024-10-07,11.919500350952148,11.919500350952148,11.919500350952148,11.919500350952148,0.0,11.919500350952148
2024-10-08,11.99370002746582,11.99370002746582,11.99370002746582,11.99370002746582,0.0,11.99370002746582
2024-10-09,12.07919979095459,12.07919979095459,12.07919979095459,12.07919979095459,0.0,12.07919979095459
2024-10-10,11.97819995880127,11.97819995880127,11.97819995880127,11.97819995880127,0.0,11.97819995880127
2024-10-11,12.069299697875977,12.069299697875977,12.069299697875977,12.069299697875977,0.0,12.069299697875977
2024-10-14,12.159000396728516,12.159000396728516,12.159000396728516,12.159000396728516,0.0,12.159000396728516
2024-10-15,11.99269962310791,11.99269962310791,11.99269962310791,11.99269962310791,0.0,11.99269962310791
2024-10-16,11.941200256347656,11.941200256347656,11.941200256347656,11.941200256347656,0.0,11.941200256347656
2024-10-17,11.970399856567383,11.970399856567383,11.970399856567383,11.970399856567383,0.0,11.970399856567383
2024-10-18,11.982600212097168,11.982600212097168,11.982600212097168,11.982600212097168,0.0,11.982600212097168
2024-10-21,11.886500358581543,11.886500358581543,11.886500358581543,11.886500358581543,0.0,11.886500358581543
2024-10-22,11.810199737548828,11.810199737548828,11.810199737548828,11.810199737548828,0.0,11.810199737548828
2024-10-23,11.696700096130371,11.696700096130371,11.696700096130371,11.696700096130371,0.0,11.696700096130371
2024-10-24,11.62440013885498,11.62440013885498,11.62440013885498,11.62440013885498,0.0,11.62440013885498
2024-10-25,11.654399871826172,11.654399871826172,11.654399871826172,11.654399871826172,0.0,11.654399871826172
2024-10-28,,,,,,
2024-10-29,11.774399757385254,11.774399757385254,11.774399757385254,11.774399757385254,0.0,11.774399757385254
2024-10-30,11.679400444030762,11.679400444030762,11.679400444030762,11.679400444030762,0.0,11.679400444030762
2024-10-31,11.4197998046875,11.4197998046875,11.4197998046875,11.4197998046875,0.0,11.4197998046875
2024-11-01,11.515199661254883,11.515199661254883,11.515199661254883,11.515199661254883,0.0,11.515199661254883
2024-11-04,11.543299674987793,11.543299674987793,11.543299674987793,11.543299674987793,0.0,11.543299674987793
2024-11-05,11.633299827575684,11.633299827575684,11.633299827575684,11.633299827575684,0.0,11.633299827575684
2024-11-06,11.681099891662598,11.681099891662598,11.681099891662598,11.681099891662598,0.0,11.681099891662598
2024-11-07,11.726099967956543,11.726099967956543,11.726099967956543,11.726099967956543,0.0,11.726099967956543
2024-11-08,11.554800033569336,11.554800033569336,11.554800033569336,11.554800033569336,0.0,11.554800033569336
2024-11-11,11.50059986114502,11.50059986114502,11.50059986114502,11.50059986114502,0.0,11.50059986114502
2024-11-12,11.347800254821777,11.347800254821777,11.347800254821777,11.347800254821777,0.0,11.347800254821777
2024-11-13,11.277899742126465,11.277899742126465,11.277899742126465,11.277899742126465,0.0,11.277899742126465
2024-11-14,11.131099700927734,11.131099700927734,11.131099700927734,11.131099700927734,0.0,11.131099700927734
2024-11-15,10.951800346374512,10.951800346374512,10.951800346374512,10.951800346374512,0.0,10.951800346374512
2024-11-18,10.975299835205078,10.975299835205078,10.975299835205078,10.975299835205078,0.0,10.975299835205078
2024-11-19,10.934399604797363,10.934399604797363,10.934399604797363,10.934399604797363,0.0,10.934399604797363
2024-11-20,10.990099906921387,10.990099906921387,10.990099906921387,10.990099906921387,0.0,10.990099906921387
2024-11-21,11.177599906921387,11.177599906921387,11.177599906921387,11.177599906921387,0.0,11.177599906921387
2024-11-22,11.332799911499023,11.332799911499023,11.332799911499023,11.332799911499023,0.0,11.332799911499023
2024-11-25,11.453499794006348,11.453499794006348,11.453499794006348,11.453499794006348,0.0,11.453499794006348
2024-11-26,11.367899894714355,11.367899894714355,11.367899894714355,11.367899894714355,0.0,11.367899894714355
2024-11-27,11.377799987792969,11.377799987792969,11.377799987792969,11.377799987792969,0.0,11.377799987792969
2024-11-29,11.42770004272461,11.42770004272461,11.42770004272461,11.42770004272461,0.0,11.42770004272461
2024-12-02,11.481200218200684,11.481200218200684,11.481200218200684,11.481200218200684,0.0,11.481200218200684
2024-12-03,11.487199783325195,11.487199783325195,11.487199783325195,11.487199783325195,0.0,11.487199783325195
2024-12-04,11.60509967803955,11.60509967803955,11.60509967803955,11.60509967803955,0.0,11.60509967803955
2024-12-05,11.479499816894531,11.479499816894531,11.479499816894531,11.479499816894531,0.0,11.479499816894531
2024-12-06,11.554699897766113,11.554699897766113,11.554699897766113,11.554699897766113,0.0,11.554699897766113
2024-12-09,11.627799987792969,11.627799987792969,11.627799987792969,11.627799987792969,0.0,11.627799987792969
2024-12-10,11.512399673461914,11.512399673461914,11.512399673461914,11.512399673461914,0.0,11.512399673461914
2024-12-11,11.575200080871582,11.575200080871582,11.575200080871582,11.575200080871582,0.0,11.575200080871582
2024-12-12,11.516900062561035,11.516900062561035,11.516900062561035,11.516900062561035,0.0,11.516900062561035
2024-12-13,11.50100040435791,11.50100040435791,11.50100040435791,11.50100040435791,0.0,11.50100040435791
2024-12-16,11.565999984741211,11.565999984741211,11.565999984741211,11.565999984741211,0.0,11.565999984741211
2024-12-17,11.483200073242188,11.483200073242188,11.483200073242188,11.483200073242188,0.0,11.483200073242188
2024-12-18,11.23799991607666,11.23799991607666,11.23799991607666,11.23799991607666,0.0,11.23799991607666
2024-12-19,11.136199951171875,11.136199951171875,11.136199951171875,11.136199951171875,0.0,11.136199951171875
2024-12-20,11.25529956817627,11.25529956817627,11.25529956817627,11.25529956817627,0.0,11.25529956817627
2024-12-23,11.283900260925293,11.283900260925293,11.283900260925293,11.283900260925293,0.0,11.283900260925293
2024-12-24,11.348199844360352,11.348199844360352,11.348199844360352,11.348199844360352,0.0,11.348199844360352
2024-12-26,,,,,,
2024-12-27,,,,,,
2024-12-30,11.19480037689209,11.19480037689209,11.19480037689209,11.19480037689209,0.0,11.19480037689209
2024-12-31,11.171799659729004,11.171799659729004,11.171799659729004,11.171799659729004,0.0,11.171799659729004
2025-01-02,11.117500305175781,11.117500305175781,11.117500305175781,11.117500305175781,0.0,11.117500305175781
2025-01-03,11.217300415039062,11.217300415039062,11.217300415039062,11.217300415039062,0.0,11.217300415039062
2025-01-06,11.33329963684082,11.33329963684082,11.33329963684082,11.33329963684082,0.0,11.33329963684082
2025-01-07,11.377699851989746,11.377699851989746,11.377699851989746,11.377699851989746,0.0,11.377699851989746
2025-01-08,11.31820011138916,11.31820011138916,11.31820011138916,11.31820011138916,0.0,11.31820011138916
2025-01-10,11.169099807739258,11.169099807739258,11.169099807739258,11.169099807739258,0.0,11.169099807739258
2025-01-13,11.14680004119873,11.14680004119873,11.14680004119873,11.14680004119873,0.0,11.14680004119873
2025-01-14,11.25469970703125,11.25469970703125,11.25469970703125,11.25469970703125,0.0,11.25469970703125
2025-01-15,11.35159969329834,11.35159969329834,11.35159969329834,11.35159969329834,0.0,11.35159969329834
2025-01-16,11.426199913024902,11.426199913024902,11.426199913024902,11.426199913024902,0.0,11.426199913024902
2025-01-17,11.534600257873535,11.534600257873535,11.534600257873535,11.534600257873535,0.0,11.534600257873535
2025-01-21,11.70989990234375,11.70989990234375,11.70989990234375,11.70989990234375,0.0,11.70989990234375
2025-01-22,11.86520004272461,11.86520004272461,11.86520004272461,11.86520004272461,0.0,11.86520004272461
2025-01-23,11.859199523925781,11.859199523925781,11.859199523925781,11.859199523925781,0.0,11.859199523925781
2025-01-24,11.8125,11.8125,11.8125,11.8125,0.0,11.8125
2025-01-27,11.373800277709961,11.373800277709961,11.373800277709961,11.373800277709961,0.0,11.373800277709961
2025-01-28,11.477999687194824,11.477999687194824,11.477999687194824,11.477999687194824,0.0,11.477999687194824
2025-01-29,11.43649959564209,11.43649959564209,11.43649959564209,11.43649959564209,0.0,11.43649959564209
2025-01-30,11.597000122070312,11.597000122070312,11.597000122070312,11.597000122070312,0.0,11.597000122070312
2025-01-31,11.5733003616333,11.5733003616333,11.5733003616333,11.5733003616333,0.0,11.5733003616333
2025-02-03,,,,,,
2025-02-04,11.347700119018555,11.347700119018555,11.347700119018555,11.347700119018555,0.0,11.347700119018555
2025-02-05,11.38539981842041,11.38539981842041,11.38539981842041,11.38539981842041,0.0,11.38539981842041
2025-02-06,11.379400253295898,11.379400253295898,11.379400253295898,11.379400253295898,0.0,11.379400253295898
2025-02-07,11.314800262451172,11.314800262451172,11.314800262451172,11.314800262451172,0.0,11.314800262451172
2025-02-10,11.36139965057373,11.36139965057373,11.36139965057373,11.36139965057373,0.0,11.36139965057373
2025-02-11,11.325400352478027,11.325400352478027,11.325400352478027,11.325400352478027,0.0,11.325400352478027
2025-02-12,11.252799987792969,11.252799987792969,11.252799987792969,11.252799987792969,0.0,11.252799987792969
2025-02-13,11.382200241088867,11.382200241088867,11.382200241088867,11.382200241088867,0.0,11.382200241088867
2025-02-14,11.344300270080566,11.344300270080566,11.344300270080566,11.344300270080566,0.0,11.344300270080566
2025-02-18,11.400799751281738,11.400799751281738,11.400799751281738,11.400799751281738,0.0,11.400799751281738
2025-02-19,11.281599998474121,11.281599998474121,11.281599998474121,11.281599998474121,0.0,11.281599998474121
2025-02-20,11.230400085449219,11.230400085449219,11.230400085449219,11.230400085449219,0.0,11.230400085449219
2025-02-21,11.016200065612793,11.016200065612793,11.016200065612793,11.016200065612793,0.0,11.016200065612793
2025-02-24,10.93179988861084,10.93179988861084,10.93179988861084,10.93179988861084,0.0,10.93179988861084
2025-02-25,10.86359977722168,10.86359977722168,10.86359977722168,10.86359977722168,0.0,10.86359977722168
2025-02-26,10.966300010681152,10.966300010681152,10.966300010681152,10.966300010681152,0.0,10.966300010681152
2025-02-27,10.69540023803711,10.69540023803711,10.69540023803711,10.69540023803711,0.0,10.69540023803711
2025-02-28,10.71090030670166,10.71090030670166,10.71090030670166,10.71090030670166,0.0,10.71090030670166
2025-03-03,10.480600357055664,10.480600357055664,10.480600357055664,10.480600357055664,0.0,10.480600357055664
2025-03-04,10.402899742126465,10.402899742126465,10.402899742126465,10.402899742126465,0.0,10.402899742126465
2025-03-05,10.626999855041504,10.626999855041504,10.626999855041504,10.626999855041504,0.0,10.626999855041504
2025-03-06,10.48639965057373,10.48639965057373,10.48639965057373,10.48639965057373,0.0,10.48639965057373
2025-03-07,10.607600212097168,10.607600212097168,10.607600212097168,10.607600212097168,0.0,10.607600212097168
2025-03-10,10.404199600219727,10.404199600219727,10.404199600219727,10.404199600219727,0.0,10.404199600219727
2025-03-11,10.211999893188477,10.211999893188477,10.211999893188477,10.211999893188477,0.0,10.211999893188477
2025-03-12,10.255800247192383,10.255800247192383,10.255800247192383,10.255800247192383,0.0,10.255800247192383
2025-03-13,10.133700370788574,10.133700370788574,10.133700370788574,10.133700370788574,0.0,10.133700370788574
2025-03-14,10.316200256347656,10.316200256347656,10.316200256347656,10.316200256347656,0.0,10.316200256347656
2025-03-17,,,,,,
2025-03-18,10.446000099182129,10.446000099182129,10.446000099182129,10.446000099182129,0.0,10.446000099182129
2025-03-19,10.49120044708252,10.49120044708252,10.49120044708252,10.49120044708252,0.0,10.49120044708252
2025-03-20,10.392999649047852,10.392999649047852,10.392999649047852,10.392999649047852,0.0,10.392999649047852
2025-03-21,10.315799713134766,10.315799713134766,10.315799713134766,10.315799713134766,0.0,10.315799713134766
2025-03-24,10.467000007629395,10.467000007629395,10.467000007629395,10.467000007629395,0.0,10.467000007629395
2025-03-25,10.43649959564209,10.43649959564209,10.43649959564209,10.43649959564209,0.0,10.43649959564209
2025-03-26,10.254400253295898,10.254400253295898,10.254400253295898,10.254400253295898,0.0,10.254400253295898
2025-03-27,10.181699752807617,10.181699752807617,10.181699752807617,10.181699752807617,0.0,10.181699752807617
2025-03-28,10.004799842834473,10.004799842834473,10.004799842834473,10.004799842834473,0.0,10.004799842834473
2025-03-31,9.922499656677246,9.922499656677246,9.922499656677246,9.922499656677246,0.0,9.922499656677246
2025-04-01,9.9798002243042,9.9798002243042,9.9798002243042,9.9798002243042,0.0,9.9798002243042
2025-04-02,10.049599647521973,10.049599647521973,10.049599647521973,10.049599647521973,0.0,10.049599647521973
2025-04-03,9.523599624633789,9.523599624633789,9.523599624633789,9.523599624633789,0.0,9.523599624633789
2025-04-04,9.080100059509277,9.080100059509277,9.080100059509277,9.080100059509277,0.0,9.080100059509277
2025-04-07,8.929100036621094,8.929100036621094,8.929100036621094,8.929100036621094,0.0,8.929100036621094
2025-04-08,8.796199798583984,8.796199798583984,8.796199798583984,8.796199798583984,0.0,8.796199798583984
2025-04-09,9.34000015258789,9.34000015258789,9.34000015258789,9.34000015258789,0.0,9.34000015258789
2025-04-10,9.106200218200684,9.106200218200684,9.106200218200684,9.106200218200684,0.0,9.106200218200684
2025-04-11,9.318599700927734,9.318599700927734,9.318599700927734,9.318599700927734,0.0,9.318599700927734
2025-04-14,9.487500190734863,9.487500190734863,9.487500190734863,9.487500190734863,0.0,9.487500190734863
2025-04-15,9.512999534606934,9.512999534606934,9.512999534606934,9.512999534606934,0.0,9.512999534606934
2025-04-16,9.368399620056152,9.368399620056152,9.368399620056152,9.368399620056152,0.0,9.368399620056152
2025-04-17,9.371000289916992,9.371000289916992,9.371000289916992,9.371000289916992,0.0,9.371000289916992
2025-04-21,,,,,,
2025-04-22,9.350000381469727,9.350000381469727,9.350000381469727,9.350000381469727,0.0,9.350000381469727
2025-04-23,9.454000473022461,9.454000473022461,9.454000473022461,9.454000473022461,0.0,9.454000473022461
2025-04-24,9.764599800109863,9.764599800109863,9.764599800109863,9.764599800109863,0.0,9.764599800109863
2025-04-25,9.81779956817627,9.81779956817627,9.81779956817627,9.81779956817627,0.0,9.81779956817627
2025-04-28,9.825799942016602,9.825799942016602,9.825799942016602,9.825799942016602,0.0,9.825799942016602
2025-04-29,9.890600204467773,9.890600204467773,9.890600204467773,9.890600204467773,0.0,9.890600204467773
2025-04-30,9.924699783325195,9.924699783325195,9.924699783325195,9.924699783325195,0.0,9.924699783325195
2025-05-01,9.91450023651123,9.91450023651123,9.91450023651123,9.91450023651123,0.0,9.91450023651123
2025-05-02,10.168000221252441,10.168000221252441,10.168000221252441,10.168000221252441,0.0,10.168000221252441
2025-05-05,,,,,,
2025-05-06,10.070199966430664,10.070199966430664,10.070199966430664,10.070199966430664,0.0,10.070199966430664
2025-05-07,10.075499534606934,10.075499534606934,10.075499534606934,10.075499534606934,0.0,10.075499534606934
2025-05-08,10.231599807739258,10.231599807739258,10.231599807739258,10.231599807739258,0.0,10.231599807739258
2025-05-09,10.230999946594238,10.230999946594238,10.230999946594238,10.230999946594238,0.0,10.230999946594238
2025-05-12,10.553999900817871,10.553999900817871,10.553999900817871,10.553999900817871,0.0,10.553999900817871
2025-05-13,10.675700187683105,10.675700187683105,10.675700187683105,10.675700187683105,0.0,10.675700187683105
2025-05-14,10.634599685668945,10.634599685668945,10.634599685668945,10.634599685668945,0.0,10.634599685668945
2025-05-15,10.60200023651123,10.60200023651123,10.60200023651123,10.60200023651123,0.0,10.60200023651123
2025-05-16,10.686100006103516,10.686100006103516,10.686100006103516,10.686100006103516,0.0,10.686100006103516
2025-05-19,10.644399642944336,10.644399642944336,10.644399642944336,10.644399642944336,0.0,10.644399642944336
2025-05-20,10.655699729919434,10.655699729919434,10.655699729919434,10.655699729919434,0.0,10.655699729919434
2025-05-21,10.505599975585938,10.505599975585938,10.505599975585938,10.505599975585938,0.0,10.505599975585938
2025-05-22,10.404199600219727,10.404199600219727,10.404199600219727,10.404199600219727,0.0,10.404199600219727
2025-05-23,10.359700202941895,10.359700202941895,10.359700202941895,10.359700202941895,0.0,10.359700202941895
2025-05-27,10.565500259399414,10.565500259399414,10.565500259399414,10.565500259399414,0.0,10.565500259399414
2025-05-28,10.417099952697754,10.417099952697754,10.417099952697754,10.417099952697754,0.0,10.417099952697754
2025-05-29,10.428799629211426,10.428799629211426,10.428799629211426,10.428799629211426,0.0,10.428799629211426
2025-05-30,10.389200210571289,10.389200210571289,10.389200210571289,10.389200210571289,0.0,10.389200210571289
2025-06-02,,,,,,
2025-06-03,10.509300231933594,10.509300231933594,10.509300231933594,10.509300231933594,0.0,10.509300231933594
2025-06-04,10.595499992370605,10.595499992370605,10.595499992370605,10.595499992370605,0.0,10.595499992370605
2025-06-05,10.581000328063965,10.581000328063965,10.581000328063965,10.581000328063965,0.0,10.581000328063965
2025-06-06,10.685099601745605,10.685099601745605,10.685099601745605,10.685099601745605,0.0,10.685099601745605
2025-06-09,10.745100021362305,10.745100021362305,10.745100021362305,10.745100021362305,0.0,10.745100021362305
2025-06-10,10.818599700927734,10.818599700927734,10.818599700927734,10.818599700927734,0.0,10.818599700927734
2025-06-11,10.760899543762207,10.760899543762207,10.760899543762207,10.760899543762207,0.0,10.760899543762207
2025-06-12,10.798199653625488,10.798199653625488,10.798199653625488,10.798199653625488,0.0,10.798199653625488
2025-06-13,10.574600219726562,10.574600219726562,10.574600219726562,10.574600219726562,0.0,10.574600219726562
2025-06-16,10.761099815368652,10.761099815368652,10.761099815368652,10.761099815368652,0.0,10.761099815368652
2025-06-17,10.602399826049805,10.602399826049805,10.602399826049805,10.602399826049805,0.0,10.602399826049805
2025-06-18,10.592700004577637,10.592700004577637,10.592700004577637,10.592700004577637,0.0,10.592700004577637
2025-06-20,10.548399925231934,10.548399925231934,10.548399925231934,10.548399925231934,0.0,10.548399925231934
2025-06-23,10.608099937438965,10.608099937438965,10.608099937438965,10.608099937438965,0.0,10.608099937438965
2025-06-24,10.8302001953125,10.8302001953125,10.8302001953125,10.8302001953125,0.0,10.8302001953125
2025-06-25,10.833999633789062,10.833999633789062,10.833999633789062,10.833999633789062,0.0,10.833999633789062
2025-06-26,10.953200340270996,10.953200340270996,10.953200340270996,10.953200340270996,0.0,10.953200340270996
2025-06-27,10.98169994354248,10.98169994354248,10.98169994354248,10.98169994354248,0.0,10.98169994354248
2025-06-30,10.934700012207031,10.934700012207031,10.934700012207031,10.934700012207031,0.0,10.934700012207031
2025-07-01,11.009900093078613,11.009900093078613,11.009900093078613,11.009900093078613,0.0,11.009900093078613
2025-07-02,11.057999610900879,11.057999610900879,11.057999610900879,11.057999610900879,0.0,11.057999610900879
2025-07-03,11.126199722290039,11.126199722290039,11.126199722290039,11.126199722290039,0.0,11.126199722290039
2025-07-07,10.990400314331055,10.990400314331055,10.990400314331055,10.990400314331055,0.0,10.990400314331055
2025-07-08,11.065899848937988,11.065899848937988,11.065899848937988,11.065899848937988,0.0,11.065899848937988
2025-07-09,11.131500244140625,11.131500244140625,11.131500244140625,11.131500244140625,0.0,11.131500244140625
2025-07-10,11.216099739074707,11.216099739074707,11.216099739074707,11.216099739074707,0.0,11.216099739074707
2025-07-11,11.11620044708252,11.11620044708252,11.11620044708252,11.11620044708252,0.0,11.11620044708252
2025-07-14,11.033699989318848,11.033699989318848,11.033699989318848,11.033699989318848,0.0,11.033699989318848
2025-07-15,10.952699661254883,10.952699661254883,10.952699661254883,10.952699661254883,0.0,10.952699661254883
2025-07-16,10.932700157165527,10.932700157165527,10.932700157165527,10.932700157165527,0.0,10.932700157165527
2025-07-17,11.128199577331543,11.128199577331543,11.128199577331543,11.128199577331543,0.0,11.128199577331543
2025-07-18,11.13010025024414,11.13010025024414,11.13010025024414,11.13010025024414,0.0,11.13010025024414
2025-07-21,11.093000411987305,11.093000411987305,11.093000411987305,11.093000411987305,0.0,11.093000411987305
2025-07-22,11.125699996948242,11.125699996948242,11.125699996948242,11.125699996948242,0.0,11.125699996948242
2025-07-23,11.261099815368652,11.261099815368652,11.261099815368652,11.261099815368652,0.0,11.261099815368652
2025-07-24,11.260100364685059,11.260100364685059,11.260100364685059,11.260100364685059,0.0,11.260100364685059
2025-07-25,11.315299987792969,11.315299987792969,11.315299987792969,11.315299987792969,0.0,11.315299987792969
2025-07-28,11.296699523925781,11.296699523925781,11.296699523925781,11.296699523925781,0.0,11.296699523925781
2025-07-29,11.312700271606445,11.312700271606445,11.312700271606445,11.312700271606445,0.0,11.312700271606445
2025-07-30,11.173399925231934,11.173399925231934,11.173399925231934,11.173399925231934,0.0,11.173399925231934
2025-07-31,11.072199821472168,11.072199821472168,11.072199821472168,11.072199821472168,0.0,11.072199821472168
2025-08-01,11.000399589538574,11.000399589538574,11.000399589538574,11.000399589538574,0.0,11.000399589538574
2025-08-04,,,,,,
2025-08-05,11.083399772644043,11.083399772644043,11.083399772644043,11.083399772644043,0.0,11.083399772644043
2025-08-06,11.025199890136719,11.025199890136719,11.025199890136719,11.025199890136719,0.0,11.025199890136719
2025-08-07,11.101300239562988,11.101300239562988,11.101300239562988,11.101300239562988,0.0,11.101300239562988
2025-08-08,11.123299598693848,11.123299598693848,11.123299598693848,11.123299598693848,0.0,11.123299598693848
2025-08-11,11.043600082397461,11.043600082397461,11.043600082397461,11.043600082397461,0.0,11.043600082397461
2025-08-12,11.317700386047363,11.317700386047363,11.317700386047363,11.317700386047363,0.0,11.317700386047363
2025-08-13,11.511799812316895,11.511799812316895,11.511799812316895,11.511799812316895,0.0,11.511799812316895
2025-08-14,11.390000343322754,11.390000343322754,11.390000343322754,11.390000343322754,0.0,11.390000343322754
2025-08-15,11.371000289916992,11.371000289916992,11.371000289916992,11.371000289916992,0.0,11.371000289916992
2025-08-18,11.420499801635742,11.420499801635742,11.420499801635742,11.420499801635742,0.0,11.420499801635742
2025-08-19,11.46399974822998,11.46399974822998,11.46399974822998,11.46399974822998,0.0,11.46399974822998
2025-08-20,11.388199806213379,11.388199806213379,11.388199806213379,11.388199806213379,0.0,11.388199806213379
2025-08-21,11.364100456237793,11.364100456237793,11.364100456237793,11.364100456237793,0.0,11.364100456237793
2025-08-22,11.664199829101562,11.664199829101562,11.664199829101562,11.664199829101562,0.0,11.664199829101562
2025-08-25,,,,,,
2025-08-26,11.592499732971191,11.592499732971191,11.592499732971191,11.592499732971191,0.0,11.592499732971191
2025-08-27,11.579700469970703,11.579700469970703,11.579700469970703,11.579700469970703,0.0,11.579700469970703
2025-08-28,11.636799812316895,11.636799812316895,11.636799812316895,11.636799812316895,0.0,11.636799812316895
2025-08-29,11.588800430297852,11.588800430297852,11.588800430297852,11.588800430297852,0.0,11.588800430297852
2025-09-02,11.41469955444336,11.41469955444336,11.41469955444336,11.41469955444336,0.0,11.41469955444336
2025-09-03,11.432100296020508,11.432100296020508,11.432100296020508,11.432100296020508,0.0,11.432100296020508
2025-09-04,11.499099731445312,11.499099731445312,11.499099731445312,11.499099731445312,0.0,11.499099731445312
2025-09-05,11.611499786376953,11.611499786376953,11.611499786376953,11.611499786376953,0.0,11.611499786376953
2025-09-08,11.651599884033203,11.651599884033203,11.651599884033203,11.651599884033203,0.0,11.651599884033203
2025-09-09,11.614500045776367,11.614500045776367,11.614500045776367,11.614500045776367,0.0,11.614500045776367
2025-09-10,11.639599800109863,11.639599800109863,11.639599800109863,11.639599800109863,0.0,11.639599800109863
2025-09-11,11.788800239562988,11.788800239562988,11.788800239562988,11.788800239562988,0.0,11.788800239562988
2025-09-12,11.617300033569336,11.617300033569336,11.617300033569336,11.617300033569336,0.0,11.617300033569336
2025-09-15,11.694999694824219,11.694999694824219,11.694999694824219,11.694999694824219,0.0,11.694999694824219
2025-09-16,11.716099739074707,11.716099739074707,11.716099739074707,11.716099739074707,0.0,11.716099739074707
2025-09-17,11.71619987487793,11.71619987487793,11.71619987487793,11.71619987487793,0.0,11.71619987487793
2025-09-18,11.9173002243042,11.9173002243042,11.9173002243042,11.9173002243042,0.0,11.9173002243042
2025-09-19,11.89050006866455,11.89050006866455,11.89050006866455,11.89050006866455,0.0,11.89050006866455
2025-09-22,11.988699913024902,11.988699913024902,11.988699913024902,11.988699913024902,0.0,11.988699913024902
2025-09-23,11.918499946594238,11.918499946594238,11.918499946594238,11.918499946594238,0.0,11.918499946594238
2025-09-24,11.82040023803711,11.82040023803711,11.82040023803711,11.82040023803711,0.0,11.82040023803711
2025-09-25,11.651900291442871,11.651900291442871,11.651900291442871,11.651900291442871,0.0,11.651900291442871
2025-09-26,11.648699760437012,11.648699760437012,11.648699760437012,11.648699760437012,0.0,11.648699760437012
2025-09-29,11.698200225830078,11.698200225830078,11.698200225830078,11.698200225830078,0.0,11.698200225830078
2025-09-30,11.829500198364258,11.829500198364258,11.829500198364258,11.829500198364258,0.0,11.829500198364258
2025-10-01,11.96969985961914,11.96969985961914,11.96969985961914,11.96969985961914,0.0,11.96969985961914
2025-10-02,12.048199653625488,12.048199653625488,12.048199653625488,12.048199653625488,0.0,12.048199653625488
2025-10-03,12.134599685668945,12.134599685668945,12.134599685668945,12.134599685668945,0.0,12.134599685668945
2025-10-06,12.183500289916992,12.183500289916992,12.183500289916992,12.183500289916992,0.0,12.183500289916992
2025-10-07,12.026800155639648,12.026800155639648,12.026800155639648,12.026800155639648,0.0,12.026800155639648
2025-10-08,12.192999839782715,12.192999839782715,12.192999839782715,12.192999839782715,0.0,12.192999839782715
2025-10-09,12.123200416564941,12.123200416564941,12.123200416564941,12.123200416564941,0.0,12.123200416564941
2025-10-10,11.732000350952148,11.732000350952148,11.732000350952148,11.732000350952148,0.0,11.732000350952148
2025-10-13,11.896900177001953,11.896900177001953,11.896900177001953,11.896900177001953,0.0,11.896900177001953
2025-10-14,11.847900390625,11.847900390625,11.847900390625,11.847900390625,0.0,11.847900390625
2025-10-15,11.967900276184082,11.967900276184082,11.967900276184082,11.967900276184082,0.0,11.967900276184082
2025-10-16,11.976400375366211,11.976400375366211,11.976400375366211,11.976400375366211,0.0,11.976400375366211
2025-10-17,11.933699607849121,11.933699607849121,11.933699607849121,11.933699607849121,0.0,11.933699607849121
2025-10-20,12.067099571228027,12.067099571228027,12.067099571228027,12.067099571228027,0.0,12.067099571228027
2025-10-21,12.166299819946289,12.166299819946289,12.166299819946289,12.166299819946289,0.0,12.166299819946289
2025-10-22,12.066200256347656,12.066200256347656,12.066200256347656,12.066200256347656,0.0,12.066200256347656
2025-10-23,12.207799911499023,12.207799911499023,12.207799911499023,12.207799911499023,0.0,12.207799911499023
2025-10-24,12.24899959564209,12.24899959564209,12.24899959564209,12.24899959564209,0.0,12.24899959564209
2025-10-27,,,,,,
2025-10-28,12.274499893188477,12.274499893188477,12.274499893188477,12.274499893188477,0.0,12.274499893188477
2025-10-29,12.377599716186523,12.377599716186523,12.377599716186523,12.377599716186523,0.0,12.377599716186523
2025-10-30,12.258000373840332,12.258000373840332,12.258000373840332,12.258000373840332,0.0,12.258000373840332
2025-10-31,12.262999534606934,12.262999534606934,12.262999534606934,12.262999534606934,0.0,12.262999534606934
2025-11-03,12.234999656677246,12.234999656677246,12.234999656677246,12.234999656677246,0.0,12.234999656677246
2025-11-04,12.008700370788574,12.008700370788574,12.008700370788574,12.008700370788574,0.0,12.008700370788574
2025-11-05,12.111100196838379,12.111100196838379,12.111100196838379,12.111100196838379,0.0,12.111100196838379
2025-11-06,11.85830020904541,11.85830020904541,11.85830020904541,11.85830020904541,0.0,11.85830020904541
2025-11-07,11.839200019836426,11.839200019836426,11.839200019836426,11.839200019836426,0.0,11.839200019836426
2025-11-10,11.933300018310547,11.933300018310547,11.933300018310547,11.933300018310547,0.0,11.933300018310547
2025-11-11,11.956700325012207,11.956700325012207,11.956700325012207,11.956700325012207,0.0,11.956700325012207
2025-11-12,11.998000144958496,11.998000144958496,11.998000144958496,11.998000144958496,0.0,11.998000144958496
2025-11-13,11.785599708557129,11.785599708557129,11.785599708557129,11.785599708557129,0.0,11.785599708557129
2025-11-14,11.675299644470215,11.675299644470215,11.675299644470215,11.675299644470215,0.0,11.675299644470215
2025-11-17,11.571900367736816,11.571900367736816,11.571900367736816,11.571900367736816,0.0,11.571900367736816
2025-11-18,11.470199584960938,11.470199584960938,11.470199584960938,11.470199584960938,0.0,11.470199584960938
2025-11-19,11.510199546813965,11.510199546813965,11.510199546813965,11.510199546813965,0.0,11.510199546813965
2025-11-20,11.436200141906738,11.436200141906738,11.436200141906738,11.436200141906738,0.0,11.436200141906738
2025-11-21,11.534299850463867,11.534299850463867,11.534299850463867,11.534299850463867,0.0,11.534299850463867
2025-11-24,11.674200057983398,11.674200057983398,11.674200057983398,11.674200057983398,0.0,11.674200057983398
2025-11-25,11.880200386047363,11.880200386047363,11.880200386047363,11.880200386047363,0.0,11.880200386047363
2025-11-26,11.96399974822998,11.96399974822998,11.96399974822998,11.96399974822998,0.0,11.96399974822998
2025-11-28,12.035699844360352,12.035699844360352,12.035699844360352,12.035699844360352,0.0,12.035699844360352
2025-12-01,11.972700119018555,11.972700119018555,11.972700119018555,11.972700119018555,0.0,11.972700119018555
2025-12-02,12.011300086975098,12.011300086975098,12.011300086975098,12.011300086975098,0.0,12.011300086975098
2025-12-03,12.121299743652344,12.121299743652344,12.121299743652344,12.121299743652344,0.0,12.121299743652344
2025-12-04,12.184000015258789,12.184000015258789,12.184000015258789,12.184000015258789,0.0,12.184000015258789
2025-12-05,12.197199821472168,12.197199821472168,12.197199821472168,12.197199821472168,0.0,12.197199821472168
2025-12-08,12.1427001953125,12.1427001953125,12.1427001953125,12.1427001953125,0.0,12.1427001953125
2025-12-09,12.044099807739258,12.044099807739258,12.044099807739258,12.044099807739258,0.0,12.044099807739258
2025-12-10,12.188300132751465,12.188300132751465,12.188300132751465,12.188300132751465,0.0,12.188300132751465
2025-12-11,12.26159954071045,12.26159954071045,12.26159954071045,12.26159954071045,0.0,12.26159954071045
2025-12-12,12.012900352478027,12.012900352478027,12.012900352478027,12.012900352478027,0.0,12.012900352478027
2025-12-15,12.008700370788574,12.008700370788574,12.008700370788574,12.008700370788574,0.0,12.008700370788574
2025-12-16,11.937899589538574,11.937899589538574,11.937899589538574,11.937899589538574,0.0,11.937899589538574
2025-12-17,11.77750015258789,11.77750015258789,11.77750015258789,11.77750015258789,0.0,11.77750015258789
2025-12-18,11.845600128173828,11.845600128173828,11.845600128173828,11.845600128173828,0.0,11.845600128173828
2025-12-19,,,,,,
2025-12-22,12.079899787902832,12.079899787902832,12.079899787902832,12.079899787902832,0.0,12.079899787902832
2025-12-23,12.073100090026855,12.073100090026855,12.073100090026855,12.073100090026855,0.0,12.073100090026855
2025-12-24,12.089400291442871,12.089400291442871,12.089400291442871,12.089400291442871,0.0,12.089400291442871
2025-12-26,,,,,,
2025-12-29,,,,,,
2025-12-30,12.055000305175781,12.055000305175781,12.055000305175781,12.055000305175781,0.0,12.055000305175781
2025-12-31,11.945500373840332,11.945500373840332,11.945500373840332,11.945500373840332,0.0,11.945500373840332
2026-01-02,12.121100425720215,12.121100425720215,12.121100425720215,12.121100425720215,0.0,12.121100425720215
2026-01-05,12.262700080871582,12.262700080871582,12.262700080871582,12.262700080871582,0.0,12.262700080871582
2026-01-06,12.474800109863281,12.474800109863281,12.474800109863281,12.474800109863281,0.0,12.474800109863281
2026-01-07,12.368499755859375,12.368499755859375,12.368499755859375,12.368499755859375,0.0,12.368499755859375
2026-01-08,12.26360034942627,12.26360034942627,12.26360034942627,12.26360034942627,0.0,12.26360034942627
2026-01-09,12.381600379943848,12.381600379943848,12.381600379943848,12.381600379943848,0.0,12.381600379943848
2026-01-12,12.461199760437012,12.461199760437012,12.461199760437012,12.461199760437012,0.0,12.461199760437012
2026-01-13,12.488900184631348,12.488900184631348,12.488900184631348,12.488900184631348,0.0,12.488900184631348
2026-01-14,12.537199974060059,12.537199974060059,12.537199974060059,12.537199974060059,0.0,12.537199974060059
2026-01-15,12.699199676513672,12.699199676513672,12.699199676513672,12.699199676513672,0.0,12.699199676513672
2026-01-16,12.721400260925293,12.721400260925293,12.721400260925293,12.721400260925293,0.0,12.721400260925293
2026-01-20,12.557499885559082,12.557499885559082,12.557499885559082,12.557499885559082,0.0,12.557499885559082
2026-01-21,12.752900123596191,12.752900123596191,12.752900123596191,12.752900123596191,0.0,12.752900123596191
2026-01-22,12.870200157165527,12.870200157165527,12.870200157165527,12.870200157165527,0.0,12.870200157165527
2026-01-23,12.802900314331055,12.802900314331055,12.802900314331055,12.802900314331055,0.0,12.802900314331055
2026-01-26,12.853099822998047,12.853099822998047,12.853099822998047,12.853099822998047,0.0,12.853099822998047
2026-01-27,12.918999671936035,12.918999671936035,12.918999671936035,12.918999671936035,0.0,12.918999671936035
2026-01-28,12.93850040435791,12.93850040435791,12.93850040435791,12.93850040435791,0.0,12.93850040435791
2026-01-29,12.937700271606445,12.937700271606445,12.937700271606445,12.937700271606445,0.0,12.937700271606445
2026-01-30,12.752799987792969,12.752799987792969,12.752799987792969,12.752799987792969,0.0,12.752799987792969
2026-02-02,,,,,,
2026-02-03,12.796899795532227,12.796899795532227,12.796899795532227,12.796899795532227,0.0,12.796899795532227
2026-02-04,12.7701997756958,12.7701997756958,12.7701997756958,12.7701997756958,0.0,12.7701997756958
2026-02-05,12.692899703979492,12.692899703979492,12.692899703979492,12.692899703979492,0.0,12.692899703979492
2026-02-06,13.048199653625488,13.048199653625488,13.048199653625488,13.048199653625488,0.0,13.048199653625488
2026-02-09,13.156499862670898,13.156499862670898,13.156499862670898,13.156499862670898,0.0,13.156499862670898
2026-02-10,13.223899841308594,13.223899841308594,13.223899841308594,13.223899841308594,0.0,13.223899841308594
2026-02-11,13.381799697875977,13.381799697875977,13.381799697875977,13.381799697875977,0.0,13.381799697875977
2026-02-12,13.092499732971191,13.092499732971191,13.092499732971191,13.092499732971191,0.0,13.092499732971191
2026-02-13,13.204299926757812,13.204299926757812,13.204299926757812,13.204299926757812,0.0,13.204299926757812
2026-02-17,13.113800048828125,13.113800048828125,13.113800048828125,13.113800048828125,0.0,13.113800048828125
2026-02-18,13.276599884033203,13.276599884033203,13.276599884033203,13.276599884033203,0.0,13.276599884033203
2026-02-19,13.240599632263184,13.240599632263184,13.240599632263184,13.240599632263184,0.0,13.240599632263184
2026-02-20,13.324600219726562,13.324600219726562,13.324600219726562,13.324600219726562,0.0,13.324600219726562
2026-02-23,13.204999923706055,13.204999923706055,13.204999923706055,13.204999923706055,0.0,13.204999923706055
2026-02-24,13.439399719238281,13.439399719238281,13.439399719238281,13.439399719238281,0.0,13.439399719238281
2026-02-25,13.704099655151367,13.704099655151367,13.704099655151367,13.704099655151367,0.0,13.704099655151367
2026-02-26,13.680299758911133,13.680299758911133,13.680299758911133,13.680299758911133,0.0,13.680299758911133
2026-02-27,13.621100425720215,13.621100425720215,13.621100425720215,13.621100425720215,0.0,13.621100425720215
2026-03-02,13.544899940490723,13.544899940490723,13.544899940490723,13.544899940490723,0.0,13.544899940490723
2026-03-03,13.13860034942627,13.13860034942627,13.13860034942627,13.13860034942627,0.0,13.13860034942627
2026-03-04,13.25529956817627,13.25529956817627,13.25529956817627,13.25529956817627,0.0,13.25529956817627
2026-03-05,13.05679988861084,13.05679988861084,13.05679988861084,13.05679988861084,0.0,13.05679988861084
2026-03-06,12.725500106811523,12.725500106811523,12.725500106811523,12.725500106811523,0.0,12.725500106811523
2026-03-09,12.861700057983398,12.861700057983398,12.861700057983398,12.861700057983398,0.0,12.861700057983398
2026-03-10,12.976200103759766,12.976200103759766,12.976200103759766,12.976200103759766,0.0,12.976200103759766
2026-03-11,12.936300277709961,12.936300277709961,12.936300277709961,12.936300277709961,0.0,12.936300277709961
2026-03-12,12.659299850463867,12.659299850463867,12.659299850463867,12.659299850463867,0.0,12.659299850463867
2026-03-13,12.574299812316895,12.574299812316895,12.574299812316895,12.574299812316895,0.0,12.574299812316895
2026-03-16,12.666999816894531,12.666999816894531,12.666999816894531,12.666999816894531,0.0,12.666999816894531
2026-03-17,,,,,,
2026-03-18,12.758600234985352,12.758600234985352,12.758600234985352,12.758600234985352,0.0,12.758600234985352
2026-03-19,12.693300247192383,12.693300247192383,12.693300247192383,12.693300247192383,0.0,12.693300247192383
2026-03-20,12.5,12.5,12.5,12.5,0.0,12.5
2026-03-23,12.67770004272461,12.67770004272461,12.67770004272461,12.67770004272461,0.0,12.67770004272461
2026-03-24,12.734299659729004,12.734299659729004,12.734299659729004,12.734299659729004,0.0,12.734299659729004
2026-03-25,12.885600090026855,12.885600090026855,12.885600090026855,12.885600090026855,0.0,12.885600090026855
2026-03-26,12.575499534606934,12.575499534606934,12.575499534606934,12.575499534606934,0.0,12.575499534606934
2026-03-27,12.3233003616333,12.3233003616333,12.3233003616333,12.3233003616333,0.0,12.3233003616333
2026-03-30,12.16450023651123,12.16450023651123,12.16450023651123,12.16450023651123,0.0,12.16450023651123
2026-03-31,12.495699882507324,12.495699882507324,12.495699882507324,12.495699882507324,0.0,12.495699882507324
2026-04-01,12.789600372314453,12.789600372314453,12.789600372314453,12.789600372314453,0.0,12.789600372314453
2026-04-02,12.748800277709961,12.748800277709961,12.748800277709961,12.748800277709961,0.0,12.748800277709961
2026-04-06,,,,,,
2026-04-07,12.890000343322754,12.890000343322754,12.890000343322754,12.890000343322754,0.0,12.890000343322754
2026-04-08,13.597200393676758,13.597200393676758,13.597200393676758,13.597200393676758,0.0,13.597200393676758
2026-04-09,13.612099647521973,13.612099647521973,13.612099647521973,13.612099647521973,0.0,13.612099647521973
2026-04-10,13.677900314331055,13.677900314331055,13.677900314331055,13.677900314331055,0.0,13.677900314331055
2026-04-13,13.866700172424316,13.866700172424316,13.866700172424316,13.866700172424316,0.0,13.866700172424316
2026-04-14,14.061599731445312,14.061599731445312,14.061599731445312,14.061599731445312,0.0,14.061599731445312
2026-04-15,14.03279972076416,14.03279972076416,14.03279972076416,14.03279972076416,0.0,14.03279972076416
2026-04-16,14.089900016784668,14.089900016784668,14.089900016784668,14.089900016784668,0.0,14.089900016784668
2026-04-17,14.455100059509277,14.455100059509277,14.455100059509277,14.455100059509277,0.0,14.455100059509277
2026-04-20,14.50100040435791,14.50100040435791,14.50100040435791,14.50100040435791,0.0,14.50100040435791
2026-04-21,14.56760025024414,14.56760025024414,14.56760025024414,14.56760025024414,0.0,14.56760025024414
2026-04-22,14.6181001663208,14.6181001663208,14.6181001663208,14.6181001663208,0.0,14.6181001663208
2026-04-23,14.621899604797363,14.621899604797363,14.621899604797363,14.621899604797363,0.0,14.621899604797363
2026-04-24,14.875300407409668,14.875300407409668,14.875300407409668,14.875300407409668,0.0,14.875300407409668
2026-04-27,14.809100151062012,14.809100151062012,14.809100151062012,14.809100151062012,0.0,14.809100151062012
2026-04-28,14.54259967803955,14.54259967803955,14.54259967803955,14.54259967803955,0.0,14.54259967803955
2026-04-29,14.478099822998047,14.478099822998047,14.478099822998047,14.478099822998047,0.0,14.478099822998047
2026-04-30,14.683099746704102,14.683099746704102,14.683099746704102,14.683099746704102,0.0,14.683099746704102
2026-05-01,14.706399917602539,14.706399917602539,14.706399917602539,14.706399917602539,0.0,14.706399917602539
2026-05-04,,,,,,
2026-05-05,14.886099815368652,14.886099815368652,14.886099815368652,14.886099815368652,0.0,14.886099815368652
2026-05-06,15.100600242614746,15.100600242614746,15.100600242614746,15.100600242614746,0.0,15.100600242614746
2026-05-07,14.881400108337402,14.881400108337402,14.881400108337402,14.881400108337402,0.0,14.881400108337402
2026-05-08,14.894399642944336,14.894399642944336,14.894399642944336,14.894399642944336,0.0,14.894399642944336
2026-05-11,14.876999855041504,14.876999855041504,14.876999855041504,14.876999855041504,0.0,14.876999855041504
2026-05-12,14.751099586486816,14.751099586486816,14.751099586486816,14.751099586486816,0.0,14.751099586486816
2026-05-13,14.730299949645996,14.730299949645996,14.730299949645996,14.730299949645996,0.0,14.730299949645996
2026-05-14,14.791899681091309,14.791899681091309,14.791899681091309,14.791899681091309,0.0,14.791899681091309
2026-05-15,14.482000350952148,14.482000350952148,14.482000350952148,14.482000350952148,0.0,14.482000350952148
2026-05-18,14.361900329589844,14.361900329589844,14.361900329589844,14.361900329589844,0.0,14.361900329589844
2026-05-19,14.21679973602295,14.21679973602295,14.21679973602295,14.21679973602295,0.0,14.21679973602295
2026-05-20,14.425600051879883,14.425600051879883,14.425600051879883,14.425600051879883,0.0,14.425600051879883
2026-05-21,14.523799896240234,14.523799896240234,14.523799896240234,14.523799896240234,0.0,14.523799896240234
2026-05-22,14.725099563598633,14.725099563598633,14.725099563598633,14.725099563598633,0.0,14.725099563598633
2026-05-26,14.998100280761719,14.998100280761719,14.998100280761719,14.998100280761719,0.0,14.998100280761719
2026-05-27,14.946900367736816,14.946900367736816,14.946900367736816,14.946900367736816,0.0,14.946900367736816
2026-05-28,14.985199928283691,14.985199928283691,14.985199928283691,14.985199928283691,0.0,14.985199928283691
2026-05-29,15.04170036315918,15.04170036315918,15.04170036315918,15.04170036315918,0.0,15.04170036315918
2026-06-01,,,,,,
2026-06-02,15.185199737548828,15.185199737548828,15.185199737548828,15.185199737548828,0.0,15.185199737548828
2026-06-03,15.208399772644043,15.208399772644043,15.208399772644043,15.208399772644043,0.0,15.208399772644043
2026-06-04,15.168399810791016,15.168399810791016,15.168399810791016,15.168399810791016,0.0,15.168399810791016
2026-06-05,14.579299926757812,14.579299926757812,14.579299926757812,14.579299926757812,0.0,14.579299926757812
2026-06-08,14.663999557495117,14.663999557495117,14.663999557495117,14.663999557495117,0.0,14.663999557495117
2026-06-09,14.748000144958496,14.748000144958496,14.748000144958496,14.748000144958496,0.0,14.748000144958496
2026-06-10,14.427000045776367,14.427000045776367,14.427000045776367,14.427000045776367,0.0,14.427000045776367
2026-06-11,14.608599662780762,14.608599662780762,14.608599662780762,14.608599662780762,0.0,14.608599662780762
2026-06-12,14.82800006866455,14.82800006866455,14.82800006866455,14.82800006866455,0.0,14.82800006866455
2026-06-15,15.144499778747559,15.144499778747559,15.144499778747559,15.144499778747559,0.0,15.144499778747559
2026-06-16,14.944000244140625,14.944000244140625,14.944000244140625,14.944000244140625,0.0,14.944000244140625
2026-06-17,14.871399879455566,14.871399879455566,14.871399879455566,14.871399879455566,0.0,14.871399879455566
2026-06-18,15.166999816894531,15.166999816894531,15.166999816894531,15.166999816894531,0.0,15.166999816894531
2026-06-22,15.31029987335205,15.31029987335205,15.31029987335205,15.31029987335205,0.0,15.31029987335205
2026-06-23,14.768699645996094,14.768699645996094,14.768699645996094,14.768699645996094,0.0,14.768699645996094
2026-06-24,14.860400199890137,14.860400199890137,14.860400199890137,14.860400199890137,0.0,14.860400199890137
2026-06-25,15.037500381469727,15.037500381469727,15.037500381469727,15.037500381469727,0.0,15.037500381469727
2026-06-26,14.713399887084961,14.713399887084961,14.713399887084961,14.713399887084961,0.0,14.713399887084961
2026-06-29,14.868599891662598,14.868599891662598,14.868599891662598,14.868599891662598,0.0,14.868599891662598
2026-06-30,15.187399864196777,15.187399864196777,15.187399864196777,15.187399864196777,0.0,15.187399864196777
2026-07-01,14.97760009765625,14.97760009765625,14.97760009765625,14.97760009765625,0.0,14.97760009765625
2026-07-02,14.772100448608398,14.772100448608398,14.772100448608398,14.772100448608398,0.0,14.772100448608398
2026-07-06,14.926799774169922,14.926799774169922,14.926799774169922,14.926799774169922,0.0,14.926799774169922
2026-07-07,14.531399726867676,14.531399726867676,14.531399726867676,14.531399726867676,0.0,14.531399726867676
2026-07-08,14.536499977111816,14.536499977111816,14.536499977111816,14.536499977111816,0.0,14.536499977111816
2026-07-09,14.758399963378906,14.758399963378906,14.758399963378906,14.758399963378906,0.0,14.758399963378906
2026-07-10,14.811699867248535,14.811699867248535,14.811699867248535,14.811699867248535,0.0,14.811699867248535
2026-07-13,14.612799644470215,14.612799644470215,14.612799644470215,14.612799644470215,0.0,14.612799644470215
2026-07-14,14.6628999710083,14.6628999710083,14.6628999710083,14.6628999710083,0.0,14.6628999710083
2026-07-15,14.634200096130371,14.634200096130371,14.634200096130371,14.634200096130371,0.0,14.634200096130371
2026-07-16,14.67140007019043,14.67140007019043,14.67140007019043,14.67140007019043,0.0,14.67140007019043
2026-07-17,0.0,0.0,0.0,14.453100204467773,0.0,14.453100204467773
2026-07-20,0.0,0.0,0.0,14.35420036315918,0.0,14.35420036315918
2026-07-21,0.0,0.0,0.0,14.566800117492676,0.0,14.566800117492676
2026-07-22,0.0,0.0,0.0,14.559800148010254,0.0,14.559800148010254
2026-07-23,0.0,0.0,0.0,14.473099708557129,0.0,14.473099708557129
2026-07-24,0.0,0.0,0.0,14.350199699401855,0.0,14.350199699401855
2026-07-27,0.0,0.0,0.0,14.345199584960938,0.0,14.345199584960938
2026-07-28,0.0,0.0,0.0,14.334099769592285,0.0,14.334099769592285
2026-07-29,0.0,0.0,0.0,14.060099601745605,0.0,14.060099601745605
2026-07-30,0.0,0.0,0.0,14.30840015411377,0.0,14.30840015411377
2026-07-31,0.0,0.0,0.0,14.461700439453125,0.0,14.461700439453125
2026-08-03,,,,,,
2026-08-04,0.0,0.0,0.0,15.110699653625488,0.0,15.110699653625488
2026-08-05,0.0,0.0,0.0,15.199899673461914,0.0,15.199899673461914
2026-08-06,0.0,0.0,0.0,15.187299728393555,0.0,15.187299728393555
2026-08-07,0.0,0.0,0.0,15.264399528503418,0.0,15.264399528503418
2026-08-10,0.0,0.0,0.0,15.267399787902832,0.0,15.267399787902832
2026-08-11,0.0,0.0,0.0,15.366900444030762,0.0,15.366900444030762
2026-08-12,0.0,0.0,0.0,15.487700462341309,0.0,15.487700462341309
2026-08-13,,,,,,
