Date,Open,High,Low,Close,Volume,Adj Close
04/10/2007,75.0700,75.2600,75.0000,75.2400,35000.0000,40.9412
04/11/2007,75.1600,75.2900,75.0300,75.0400,87700.0000,40.8324
04/12/2007,75.0600,75.0800,74.9600,75.0300,78100.0000,40.8270
04/13/2007,75.0400,75.0700,74.8500,74.9100,18000.0000,40.7617
04/16/2007,74.9900,74.9900,74.9400,74.9800,52700.0000,40.7998
04/17/2007,75.1600,75.1700,75.1000,75.1700,25600.0000,40.9032
04/18/2007,75.2500,75.3300,75.2500,75.3100,30400.0000,40.9793
04/19/2007,75.3600,75.3600,75.2500,75.2800,59700.0000,40.9630
04/20/2007,75.3000,75.3200,75.2100,75.2600,32200.0000,40.9521
04/23/2007,75.2800,75.4300,75.2200,75.3600,43200.0000,41.0066
04/24/2007,75.3900,75.5000,75.1400,75.4800,77500.0000,41.0718
04/25/2007,75.4300,75.5500,75.3900,75.4200,264200.0000,41.0392
04/26/2007,75.3800,75.3800,75.2500,75.2600,68400.0000,40.9521
04/27/2007,75.2800,75.2900,75.2100,75.2400,44800.0000,40.9412
04/30/2007,75.4200,75.4900,75.3900,75.4900,35900.0000,41.0773
05/01/2007,75.3700,75.3900,75.2100,75.3200,54800.0000,41.0538
05/02/2007,75.3700,75.4100,75.2900,75.3300,28900.0000,41.0593
05/03/2007,75.3300,75.3300,75.0600,75.2800,33800.0000,41.0320
05/04/2007,75.3800,75.4200,75.3000,75.3400,19200.0000,41.0648
05/07/2007,75.3600,75.5200,75.3400,75.3900,135500.0000,41.0920
05/08/2007,75.4800,75.4900,75.3300,75.4000,34000.0000,41.0974
05/09/2007,75.4700,75.4700,75.2900,75.3100,50200.0000,41.0484
05/10/2007,75.3100,75.3800,75.3100,75.3800,42000.0000,41.0866
05/11/2007,75.4700,75.4700,75.2600,75.2800,38200.0000,41.0320
05/14/2007,75.3000,75.3000,75.1800,75.2300,71200.0000,41.0048
05/15/2007,75.2900,75.3000,75.1800,75.2000,31600.0000,40.9884
05/16/2007,75.2000,75.2700,75.1700,75.2300,56600.0000,41.0048
05/17/2007,75.1600,75.1800,75.0900,75.1200,42700.0000,40.9448
05/18/2007,75.0800,75.0800,74.9300,74.9400,62200.0000,40.8467
05/21/2007,74.9500,75.0500,74.8800,75.0400,49400.0000,40.9012
05/22/2007,75.0400,75.0500,74.8900,74.9200,49800.0000,40.8358
05/23/2007,74.9400,74.9600,74.7800,74.8600,47200.0000,40.8031
05/24/2007,74.8300,74.8700,74.6900,74.8500,38600.0000,40.7976
05/25/2007,74.8100,74.8700,74.8000,74.8600,21100.0000,40.8031
05/29/2007,74.7700,74.8000,74.6900,74.7600,27900.0000,40.7486
05/30/2007,74.8800,74.9000,74.7900,74.8300,35200.0000,40.7868
05/31/2007,74.8300,74.8300,74.6700,74.7700,52200.0000,40.7541
06/01/2007,74.4300,74.4300,74.3200,74.3400,84900.0000,40.6600
06/04/2007,74.3900,74.4300,74.3300,74.4200,28500.0000,40.7037
06/05/2007,74.3700,74.4100,74.2500,74.3000,37400.0000,40.6381
06/06/2007,74.2700,74.3900,74.2600,74.3700,185900.0000,40.6764
06/07/2007,74.1000,74.1000,73.7400,73.8500,75500.0000,40.3920
06/08/2007,73.7500,73.8600,73.6400,73.8400,62700.0000,40.3865
06/11/2007,73.7600,73.8500,73.7100,73.7600,77100.0000,40.3428
06/12/2007,73.6100,73.6100,73.3600,73.4000,405400.0000,40.1459
06/13/2007,73.4200,73.6000,73.3400,73.5700,93800.0000,40.2388
06/14/2007,73.5500,73.6400,73.4700,73.4700,109800.0000,40.1841
06/15/2007,73.6800,73.8400,73.6500,73.8400,108600.0000,40.3865
06/18/2007,73.8300,73.9400,73.7300,73.7600,60300.0000,40.3428
06/19/2007,74.0200,74.2000,73.9400,74.1100,73400.0000,40.5342
06/20/2007,74.0300,74.0400,73.7500,73.7500,70300.0000,40.3373
06/21/2007,73.9300,73.9400,73.7300,73.7900,38500.0000,40.3592
06/22/2007,73.7300,74.0000,73.6900,73.9000,55800.0000,40.4193
06/25/2007,74.1000,74.1800,73.9700,74.1000,85500.0000,40.5287
06/26/2007,74.1400,74.1800,74.0300,74.0700,163100.0000,40.5123
06/27/2007,74.2700,74.2700,74.1000,74.1300,212000.0000,40.5451
06/28/2007,74.1600,74.1600,73.9400,74.0300,74300.0000,40.4904
06/29/2007,74.1600,74.2800,74.1300,74.2800,389200.0000,40.6272
07/02/2007,74.1000,74.2500,73.9800,74.2300,74900.0000,40.7276
07/03/2007,74.2700,74.3300,74.0600,74.0800,21900.0000,40.6453
07/05/2007,73.9300,73.9300,73.7500,73.7800,43100.0000,40.4807
07/06/2007,73.6800,73.6900,73.5900,73.6300,55400.0000,40.3984
07/09/2007,73.7200,73.7400,73.6500,73.7100,34900.0000,40.4423
07/10/2007,73.9600,74.0900,73.8900,74.0900,110400.0000,40.6508
07/11/2007,74.0500,74.0900,73.8200,73.9100,37300.0000,40.5520
07/12/2007,74.0300,74.0300,73.7100,73.8100,28100.0000,40.4971
07/13/2007,73.9000,73.9800,73.7300,73.9300,86400.0000,40.5630
07/16/2007,73.9100,74.1400,73.9100,74.1300,66700.0000,40.6727
07/17/2007,74.0600,74.0900,73.8900,74.0400,37500.0000,40.6233
07/18/2007,74.0900,74.2500,74.0200,74.1600,51500.0000,40.6892
07/19/2007,74.0200,74.1300,73.9800,74.1300,23500.0000,40.6727
07/20/2007,74.2200,74.4200,74.2200,74.3400,46300.0000,40.7879
07/23/2007,74.2900,74.3300,74.1700,74.3200,36700.0000,40.7770
07/24/2007,74.3800,74.3900,74.2500,74.3500,31400.0000,40.7934
07/25/2007,74.4000,74.4600,74.3700,74.4200,24900.0000,40.8318
07/26/2007,74.6500,74.7100,74.4900,74.7100,51500.0000,40.9909
07/27/2007,74.6000,74.7000,74.5100,74.6500,45700.0000,40.9580
07/30/2007,74.5800,74.7100,74.5200,74.5800,33600.0000,40.9196
07/31/2007,74.5000,74.7300,74.3400,74.7300,24300.0000,41.0019
08/01/2007,74.4600,74.4900,74.2600,74.3900,32600.0000,40.9821
08/02/2007,74.4100,74.5400,74.2300,74.5200,40600.0000,41.0537
08/03/2007,74.6100,74.8000,74.5800,74.7700,118800.0000,41.1914
08/06/2007,74.8000,74.8000,74.4900,74.5600,34100.0000,41.0757
08/07/2007,74.6300,74.7100,74.4000,74.6000,41700.0000,41.0978
08/08/2007,74.4300,74.4700,74.2300,74.3600,40900.0000,40.9655
08/09/2007,74.6200,74.7000,74.3300,74.5300,44900.0000,41.0592
08/10/2007,74.6900,74.6900,74.3100,74.3900,33900.0000,40.9821
08/13/2007,74.2600,74.5200,74.2500,74.4600,354100.0000,41.0207
08/14/2007,74.4100,74.6500,74.3700,74.6400,38900.0000,41.1198
08/15/2007,74.7200,74.7200,74.3100,74.6500,33600.0000,41.1253
08/16/2007,74.6800,74.9500,74.5200,74.6400,43100.0000,41.1198
08/17/2007,74.7500,74.8900,74.6900,74.8700,37300.0000,41.2465
08/20/2007,74.9700,75.0700,74.7000,74.7100,66500.0000,41.1584
08/21/2007,75.1400,75.1600,74.9700,74.9700,24900.0000,41.3016
08/22/2007,74.9000,75.0500,74.8600,74.9700,38900.0000,41.3016
08/23/2007,74.9200,75.0700,74.8900,74.9700,46600.0000,41.3016
08/24/2007,75.0300,75.0700,74.8900,75.0400,54300.0000,41.3402
08/27/2007,74.9300,75.3100,74.9300,75.3100,82200.0000,41.4889
08/28/2007,75.3600,75.5500,75.3400,75.5200,55400.0000,41.6046
08/29/2007,75.4400,75.5200,75.2800,75.3500,92200.0000,41.5109
08/30/2007,75.4700,75.5200,75.4100,75.4800,44500.0000,41.5826
08/31/2007,75.2900,90.9100,75.2900,75.5300,23600.0000,41.6101
09/04/2007,75.2900,75.3200,75.0500,75.1900,85500.0000,41.5846
09/05/2007,75.3400,75.4900,75.2300,75.4800,56800.0000,41.7451
09/06/2007,75.4400,75.4700,75.2700,75.3400,46500.0000,41.6676
09/07/2007,75.7800,75.8700,75.5700,75.8100,45700.0000,41.9276
09/10/2007,75.9500,76.1400,75.9000,76.0300,94800.0000,42.0492
09/11/2007,75.9700,76.0200,75.8500,75.8500,36400.0000,41.9497
09/12/2007,75.8300,75.8300,75.7000,75.7300,73900.0000,41.8833
09/13/2007,75.6000,75.6300,75.4700,75.5400,77800.0000,41.7783
09/14/2007,75.8400,75.8400,75.4400,75.5500,45800.0000,41.7838
09/17/2007,75.5800,75.6100,75.4500,75.6100,39300.0000,41.8170
09/18/2007,75.5800,75.9200,75.4500,75.8200,74700.0000,41.9331
09/19/2007,75.8000,75.8000,75.5900,75.7000,93600.0000,41.8667
09/20/2007,75.5500,75.5800,75.1400,75.1600,112700.0000,41.5681
09/21/2007,75.3700,75.4800,75.2200,75.4800,233800.0000,41.7451
09/24/2007,75.4000,75.4600,75.3500,75.4300,121500.0000,41.7174
09/25/2007,75.6800,75.7100,75.4600,75.4800,77500.0000,41.7451
09/26/2007,75.3800,75.5700,75.3400,75.5000,173600.0000,41.7561
09/27/2007,75.5000,75.6900,75.4900,75.6600,36300.0000,41.8446
09/28/2007,75.8700,75.8700,75.5600,75.6900,129200.0000,41.8612
10/01/2007,75.2800,75.4700,75.2800,75.3600,246000.0000,41.8351
10/02/2007,75.4700,75.6300,75.3900,75.6300,214300.0000,41.9850
10/03/2007,75.6800,75.6900,75.4500,75.5900,99300.0000,41.9628
10/04/2007,75.5700,75.6700,75.5000,75.6700,70200.0000,42.0072
10/05/2007,75.4000,75.4300,75.2500,75.3500,80500.0000,41.8295
10/08/2007,75.5400,75.6000,75.3800,75.5700,43600.0000,41.9517
10/09/2007,75.4000,75.4500,75.2700,75.3200,67200.0000,41.8129
10/10/2007,75.3300,75.4600,75.2900,75.4000,69900.0000,41.8573
10/11/2007,75.2500,75.4800,75.2100,75.4700,125100.0000,41.8962
10/12/2007,75.3200,75.4800,75.2900,75.3500,61200.0000,41.8295
10/15/2007,75.2600,75.5000,75.2400,75.2900,394500.0000,41.7962
10/16/2007,75.4300,75.4600,75.3700,75.4500,107100.0000,41.8851
10/17/2007,75.5300,75.8300,75.4500,75.8300,90200.0000,42.0960
10/18/2007,75.8900,75.9500,75.8500,75.9300,92000.0000,42.1515
10/19/2007,76.0600,76.2900,76.0400,76.2900,117300.0000,42.3514
10/22/2007,76.2000,76.2700,76.1300,76.2400,90200.0000,42.3236
10/23/2007,76.1600,76.3000,76.1400,76.2200,84800.0000,42.3125
10/24/2007,76.4300,76.6100,76.3800,76.5200,207300.0000,42.4791
10/25/2007,76.5000,76.5500,76.4000,76.4600,88600.0000,42.4458
10/26/2007,76.3200,76.4700,76.2200,76.3500,154300.0000,42.3847
10/29/2007,76.2900,76.4000,76.2500,76.3600,54500.0000,42.3902
10/30/2007,76.3300,76.3800,76.2800,76.3800,86800.0000,42.4014
10/31/2007,76.2700,76.3500,76.0000,76.1000,116100.0000,42.2459
11/01/2007,75.9400,76.2600,75.9400,76.2500,141200.0000,42.4883
11/02/2007,76.0900,76.4100,76.0900,76.3400,105800.0000,42.5384
11/05/2007,76.4300,76.4300,76.0500,76.1200,63500.0000,42.4159
11/06/2007,76.2000,76.2000,75.9500,76.0000,55800.0000,42.3490
11/07/2007,76.2200,76.2200,75.9400,76.1100,88700.0000,42.4103
11/08/2007,76.3400,76.3400,76.1100,76.2000,552500.0000,42.4605
11/09/2007,76.5100,76.5100,76.1500,76.3000,36000.0000,42.5162
11/12/2007,76.0000,76.4700,76.0000,76.4700,47700.0000,42.6109
11/13/2007,76.3200,76.3500,76.1900,76.2400,66900.0000,42.4827
11/14/2007,76.1700,76.2400,76.0800,76.2400,66100.0000,42.4827
11/15/2007,76.3600,76.5200,76.2700,76.5100,94400.0000,42.6331
11/16/2007,76.5000,76.5800,76.4400,76.4800,99500.0000,42.6164
11/19/2007,76.4500,76.8600,76.4500,76.7000,144100.0000,42.7391
11/20/2007,76.8000,76.8000,76.4800,76.5300,89500.0000,42.6443
11/21/2007,76.8400,77.0100,76.7300,77.0000,49300.0000,42.9062
11/23/2007,76.9000,76.9000,76.6800,76.8500,15000.0000,42.8226
11/26/2007,77.5400,77.5400,76.6900,77.4500,171100.0000,43.1570
11/27/2007,77.2000,77.5000,76.8100,77.0400,60000.0000,42.9285
11/28/2007,77.0400,77.0500,76.8200,76.9600,73100.0000,42.8839
11/29/2007,77.3200,77.3900,71.3600,77.3000,119500.0000,43.0734
11/30/2007,76.9800,77.3500,76.9800,77.3000,107300.0000,43.0734
12/03/2007,77.2500,77.3700,77.1600,77.3700,78700.0000,43.2843
12/04/2007,77.4300,77.4300,77.1100,77.3300,89300.0000,43.2619
12/05/2007,77.1500,77.3100,77.0900,77.1600,74500.0000,43.1669
12/06/2007,76.8900,77.0700,76.7400,76.7600,75500.0000,42.9430
12/07/2007,76.5000,76.7600,76.3300,76.5100,135500.0000,42.8032
12/10/2007,76.5500,76.5800,76.2300,76.3700,84600.0000,42.7249
12/11/2007,76.6400,76.9500,76.3700,76.8800,97200.0000,43.0102
12/12/2007,76.4300,76.8300,76.3700,76.7300,133600.0000,42.9263
12/13/2007,76.4500,76.5500,76.2600,76.3400,62300.0000,42.7081
12/14/2007,76.1500,76.3100,76.0900,76.1700,265300.0000,42.6130
12/17/2007,76.3000,76.4900,76.2700,76.4900,144700.0000,42.7919
12/18/2007,76.3300,76.7300,76.3300,76.6700,72000.0000,42.8927
12/19/2007,76.8300,77.0700,76.5000,76.9900,105900.0000,43.0717
12/20/2007,77.1300,77.1600,76.9000,77.0000,54800.0000,43.0773
12/21/2007,77.0400,77.0400,76.4400,76.4900,3511900.0000,42.7919
12/24/2007,76.3400,76.3600,76.1900,76.2700,91000.0000,42.8150
12/26/2007,76.2400,76.3300,76.0000,76.0400,130800.0000,42.6859
12/27/2007,76.3600,76.6600,76.0800,76.3400,100700.0000,42.8543
12/28/2007,76.6500,76.7500,76.4000,76.7200,99000.0000,43.0676
12/31/2007,76.9200,77.3800,76.8000,77.3800,140500.0000,43.4381
01/02/2008,78.2600,78.2600,76.9100,77.3600,2723300.0000,43.4269
01/03/2008,78.0500,78.0500,77.1300,77.4600,281400.0000,43.4830
01/04/2008,77.7400,77.7400,77.4800,77.5500,231100.0000,43.5335
01/07/2008,77.7000,77.7000,77.3700,77.5700,186300.0000,43.5448
01/08/2008,77.8900,77.8900,77.3600,77.6500,144000.0000,43.5897
01/09/2008,77.4000,77.8200,77.4000,77.5600,195500.0000,43.5391
01/10/2008,77.8000,77.8000,77.3600,77.5300,77400.0000,43.5223
01/11/2008,78.2600,78.2600,77.5700,77.7700,139200.0000,43.6570
01/14/2008,77.9600,77.9600,77.7100,77.8700,171500.0000,43.7132
01/15/2008,78.1800,78.1800,77.7100,78.1500,204800.0000,43.8704
01/16/2008,77.9200,78.2100,77.9000,78.0000,173700.0000,43.7861
01/17/2008,77.9400,78.3200,77.9400,78.3200,131700.0000,43.9658
01/18/2008,78.0100,78.4100,78.0100,78.2800,100500.0000,43.9433
01/22/2008,78.6100,78.7700,78.2500,78.7700,205700.0000,44.2184
01/23/2008,79.2600,79.3500,78.4300,78.6400,263500.0000,44.1454
01/24/2008,78.3800,78.5300,78.0000,78.1300,136200.0000,43.8591
01/25/2008,77.7100,78.6500,77.5900,78.6500,168800.0000,44.1510
01/28/2008,78.5100,78.5100,78.2200,78.3700,172100.0000,43.9939
01/29/2008,78.0500,78.3200,78.0400,78.2600,107600.0000,43.9321
01/30/2008,78.0100,78.4200,78.0000,78.2900,121500.0000,43.9490
01/31/2008,78.6100,78.6300,78.2900,78.3500,120800.0000,43.9826
02/01/2008,78.4400,78.5000,78.1500,78.3100,126500.0000,44.1292
02/04/2008,78.2000,78.2000,77.8600,78.0300,181700.0000,43.9714
02/05/2008,78.2000,78.3800,78.0500,78.2400,143400.0000,44.0897
02/06/2008,78.0100,78.2500,78.0100,78.0800,149000.0000,43.9996
02/07/2008,78.1500,78.1600,77.4600,77.6000,135100.0000,43.7290
02/08/2008,77.8000,77.9100,77.6600,77.8300,88000.0000,43.8587
02/11/2008,77.9500,78.0800,77.8400,78.0000,93500.0000,43.9544
02/12/2008,77.8300,77.9100,77.5300,77.8700,113000.0000,43.8812
02/13/2008,77.7000,77.8200,77.4500,77.4500,123500.0000,43.6445
02/14/2008,77.3000,77.3700,76.9900,77.0900,144900.0000,43.4416
02/15/2008,77.4300,77.4300,77.0500,77.2100,161000.0000,43.5093
02/19/2008,77.3300,77.3300,76.5000,76.5000,602700.0000,43.1092
02/20/2008,76.3900,76.7700,76.3900,76.5600,197000.0000,43.1429
02/21/2008,76.9800,77.3300,76.7900,77.2000,205100.0000,43.5036
02/22/2008,77.1800,77.4200,76.9800,77.0100,175400.0000,43.3966
02/25/2008,76.8000,76.9500,76.5300,76.6300,180900.0000,43.1824
02/26/2008,76.7100,77.0300,76.6500,76.9200,271500.0000,43.3458
02/27/2008,77.2100,77.2100,76.9100,77.0600,221900.0000,43.4248
02/28/2008,77.3400,77.6900,77.3400,77.6300,146900.0000,43.7459
02/29/2008,77.7700,78.2800,77.7700,78.1200,163100.0000,44.0221
03/03/2008,77.6000,77.8600,77.4600,77.6400,117300.0000,43.9152
03/04/2008,77.6100,77.6300,77.1300,77.2700,229800.0000,43.7059
03/05/2008,77.2900,77.3300,76.7500,76.7700,158900.0000,43.4231
03/06/2008,76.9500,76.9600,76.6700,76.7100,187600.0000,43.3891
03/07/2008,76.9400,77.1300,76.5000,76.9200,142800.0000,43.5079
03/10/2008,77.1000,77.2400,76.8800,77.1500,71100.0000,43.6380
03/11/2008,76.9200,76.9300,76.5100,76.7100,85900.0000,43.3891
03/12/2008,76.7200,77.4300,76.7200,77.4200,66200.0000,43.7907
03/13/2008,77.1800,77.4300,76.8400,77.0800,207000.0000,43.5984
03/14/2008,77.3600,77.9000,77.2400,77.4100,119900.0000,43.7851
03/17/2008,77.6300,78.0600,77.0000,77.6700,83700.0000,43.9322
03/18/2008,79.8300,79.8300,77.5900,77.7400,86200.0000,43.9717
03/19/2008,77.9100,78.1500,77.7300,77.8000,144700.0000,44.0057
03/20/2008,78.3400,78.3400,77.6700,78.0100,77400.0000,44.1245
03/24/2008,79.0100,79.0100,77.4300,77.5800,300600.0000,43.8813
03/25/2008,78.3500,78.3500,77.5000,77.7300,134900.0000,43.9660
03/26/2008,78.2700,78.2700,77.6400,77.8000,117400.0000,44.0057
03/27/2008,77.5500,77.9300,77.5500,77.8100,86600.0000,44.0113
03/28/2008,78.6500,78.6500,77.7000,77.8700,78900.0000,44.0453
03/31/2008,78.3800,78.3800,77.6600,78.1400,101600.0000,44.1980
04/01/2008,77.7600,78.2400,76.7000,77.0300,1952300.0000,43.7386
04/02/2008,77.0100,77.2500,76.7800,76.9300,170100.0000,43.6818
04/03/2008,77.1600,77.3000,76.8400,76.9000,279000.0000,43.6648
04/04/2008,77.7000,77.7000,77.2700,77.6100,294600.0000,44.0679
04/07/2008,77.5300,77.5300,77.0500,77.3100,105600.0000,43.8976
04/08/2008,77.5000,77.5000,77.1800,77.3500,97200.0000,43.9203
04/09/2008,77.5200,77.7200,77.3400,77.6500,78500.0000,44.0907
04/10/2008,77.6700,77.7200,77.3000,77.4200,118100.0000,43.9601
04/11/2008,77.4600,77.8700,77.4600,77.8700,174500.0000,44.2156
04/14/2008,78.1400,78.1400,77.5300,77.6100,116900.0000,44.0679
04/15/2008,77.5500,77.5500,77.2200,77.3500,154000.0000,43.9203
04/16/2008,77.7000,77.7000,76.8100,76.9400,284500.0000,43.6875
04/17/2008,77.1000,77.1000,76.6000,76.8700,396200.0000,43.6478
04/18/2008,76.7700,77.0600,76.4500,76.9300,253000.0000,43.6818
04/21/2008,76.9700,77.1600,76.8000,77.0600,106100.0000,43.7556
04/22/2008,77.1000,77.2700,77.0600,77.2300,111400.0000,43.8522
04/23/2008,77.1500,77.2100,76.9200,77.1600,118600.0000,43.8125
04/24/2008,76.8000,76.9500,76.5400,76.8300,126000.0000,43.6251
04/25/2008,76.6700,76.7700,76.5400,76.7300,134300.0000,43.5683
04/28/2008,76.7600,77.0000,76.6500,77.0000,129600.0000,43.7216
04/29/2008,77.1700,77.2100,76.9500,76.9500,212900.0000,43.6932
04/30/2008,77.1900,77.5700,76.9600,77.5700,193000.0000,44.0453
05/01/2008,77.3700,77.4000,76.9400,77.2800,341900.0000,44.0521
05/02/2008,77.0100,77.3000,76.7700,77.0900,280500.0000,43.9438
05/05/2008,77.3200,77.3200,77.0400,77.2400,154400.0000,44.0293
05/06/2008,77.3800,77.3900,76.8400,76.9600,132800.0000,43.8697
05/07/2008,76.9500,77.2100,76.8500,77.0700,265900.0000,43.9324
05/08/2008,77.3000,77.5000,77.2000,77.4500,97900.0000,44.1490
05/09/2008,77.5800,77.6200,77.2800,77.4000,106300.0000,44.1205
05/12/2008,77.3900,77.5100,77.1700,77.3200,101000.0000,44.0749
05/13/2008,77.5300,77.5300,76.8800,76.9200,156900.0000,43.8469
05/14/2008,77.1800,77.1800,76.6400,76.9700,130900.0000,43.8754
05/15/2008,77.0400,77.3800,76.9500,77.3800,99300.0000,44.1091
05/16/2008,77.3200,77.5200,77.0000,77.2300,111000.0000,44.0236
05/19/2008,77.4000,77.4500,77.1300,77.4400,548600.0000,44.1433
05/20/2008,77.6300,77.6500,77.4000,77.4100,155100.0000,44.1262
05/21/2008,77.3600,77.4700,77.2500,77.3900,111400.0000,44.1148
05/22/2008,77.0200,77.2200,76.7800,77.0800,487800.0000,43.9381
05/23/2008,77.0000,77.4900,77.0000,77.4100,591200.0000,44.1262
05/27/2008,77.1500,77.1600,76.9000,76.9800,146100.0000,43.8811
05/28/2008,76.8900,76.8900,76.5000,76.5800,168900.0000,43.6531
05/29/2008,76.4200,76.4500,76.1600,76.4500,234400.0000,43.5789
05/30/2008,76.2400,76.6500,76.2400,76.5000,188500.0000,43.6074
06/02/2008,76.0200,76.7500,75.7500,76.5900,369000.0000,43.8203
06/03/2008,76.1000,76.8900,75.9900,76.8900,126300.0000,43.9920
06/04/2008,76.6100,76.7500,76.3400,76.5200,181200.0000,43.7803
06/05/2008,76.2100,76.3600,76.0000,76.1700,108200.0000,43.5800
06/06/2008,76.2000,76.5900,76.2000,76.5600,187100.0000,43.8031
06/09/2008,76.0400,76.3200,75.8900,75.9300,127400.0000,43.4427
06/10/2008,75.8800,75.9900,75.5000,75.5000,129200.0000,43.1967
06/11/2008,75.7200,76.0600,75.6500,75.9400,114000.0000,43.4484
06/12/2008,75.5500,75.6000,75.1100,75.1100,146700.0000,42.9735
06/13/2008,75.3800,75.5400,75.0200,75.1800,132500.0000,43.0136
06/16/2008,75.2000,75.4500,75.1500,75.2500,168500.0000,43.0536
06/17/2008,75.2900,75.5900,75.1000,75.5000,199400.0000,43.1967
06/18/2008,75.4800,75.8400,75.4800,75.7500,110100.0000,43.3397
06/19/2008,75.7100,75.7900,75.5000,75.5600,130100.0000,43.2310
06/20/2008,75.8400,75.8400,75.5800,75.7100,145900.0000,43.3168
06/23/2008,75.8100,75.8100,75.4500,75.4500,99200.0000,43.1681
06/24/2008,75.7000,75.8300,75.5500,75.7700,194100.0000,43.3512
06/25/2008,75.8700,75.8700,75.4000,75.8000,108900.0000,43.3683
06/26/2008,75.5600,76.0500,75.5600,75.8000,100500.0000,43.3683
06/27/2008,76.5400,76.5400,75.7800,76.0000,123300.0000,43.4827
06/30/2008,76.2900,76.2900,75.9800,76.2500,180900.0000,43.6258
07/01/2008,75.8400,76.1800,75.5400,75.9000,255700.0000,43.5948
07/02/2008,75.8500,75.8500,75.5000,75.6400,118400.0000,43.4454
07/03/2008,75.7500,75.8300,75.4100,75.7000,303000.0000,43.4799
07/07/2008,75.7000,75.9500,75.2600,75.7400,216700.0000,43.5029
07/08/2008,75.8700,76.2400,75.7900,76.1700,92400.0000,43.7499
07/09/2008,76.2800,76.3500,75.9900,76.1800,812300.0000,43.7556
07/10/2008,76.2200,76.4100,76.1000,76.3900,255500.0000,43.8762
07/11/2008,76.6400,76.6400,75.9000,75.9100,206100.0000,43.6005
07/14/2008,76.0400,76.4600,76.0300,76.3200,193800.0000,43.8360
07/15/2008,76.2200,76.4600,76.2200,76.3900,237100.0000,43.8762
07/16/2008,76.0600,76.1000,75.6400,75.7600,152000.0000,43.5143
07/17/2008,75.7300,75.8200,75.2900,75.4100,101400.0000,43.3133
07/18/2008,75.5100,75.6500,75.1500,75.2900,110400.0000,43.2444
07/21/2008,75.3000,75.4500,75.1500,75.4500,84300.0000,43.3363
07/22/2008,75.3700,75.4300,75.0800,75.2200,118000.0000,43.2042
07/23/2008,75.1700,75.3200,75.0300,75.2500,163400.0000,43.2214
07/24/2008,75.4900,75.8600,75.4400,75.7900,132400.0000,43.5316
07/25/2008,75.6200,75.6900,75.2600,75.3100,127300.0000,43.2559
07/28/2008,75.7900,75.8900,75.5700,75.8100,111700.0000,43.5431
07/29/2008,75.7700,75.7700,75.5100,75.6900,90100.0000,43.4741
07/30/2008,75.5900,75.8000,75.3500,75.7100,77400.0000,43.4856
07/31/2008,75.9900,76.0000,75.8500,75.9700,120300.0000,43.6350
08/01/2008,76.1200,76.1200,75.6000,75.8000,393000.0000,43.7122
08/04/2008,75.6100,75.8300,75.5200,75.6600,190900.0000,43.6315
08/05/2008,75.5400,75.6000,75.3100,75.3500,158000.0000,43.4527
08/06/2008,75.2000,75.3000,75.0000,75.2500,233300.0000,43.3950
08/07/2008,75.3100,75.7600,75.2400,75.7300,245000.0000,43.6718
08/08/2008,75.5600,75.7200,75.4600,75.7000,231000.0000,43.6546
08/11/2008,75.7300,75.7300,75.2000,75.3800,201200.0000,43.4701
08/12/2008,75.4600,75.7600,75.4600,75.7200,196300.0000,43.6661
08/13/2008,75.6600,75.7700,75.4200,75.5200,135100.0000,43.5508
08/14/2008,75.6900,75.7500,75.5200,75.7100,151600.0000,43.6603
08/15/2008,75.9300,76.0000,75.8000,75.9500,94500.0000,43.7988
08/18/2008,75.9600,76.1500,75.9000,76.1500,77600.0000,43.9141
08/19/2008,76.0600,76.0600,75.8600,76.0100,109600.0000,43.8333
08/20/2008,75.9200,76.2500,75.9200,76.1800,120800.0000,43.9314
08/21/2008,76.0600,76.2300,75.9100,76.1600,105400.0000,43.9198
08/22/2008,75.9800,76.0000,75.7500,76.0000,146100.0000,43.8276
08/25/2008,76.0000,76.2200,76.0000,76.2100,93000.0000,43.9487
08/26/2008,76.2200,76.3700,76.0600,76.3100,585500.0000,44.0063
08/27/2008,76.0700,76.3600,76.0200,76.3300,391900.0000,44.0179
08/28/2008,76.3000,76.6200,76.1900,76.4000,341400.0000,44.0583
08/29/2008,76.8100,76.8100,76.1900,76.3000,110900.0000,44.0006
09/02/2008,76.3400,76.3400,75.7600,76.2600,149000.0000,44.1442
09/03/2008,76.2700,76.4200,76.1500,76.3600,171600.0000,44.2020
09/04/2008,76.4900,76.6800,76.3600,76.4000,184500.0000,44.2252
09/05/2008,76.6500,76.7800,76.4000,76.4600,174100.0000,44.2599
09/08/2008,76.8300,77.0000,76.3800,77.0000,148900.0000,44.5725
09/09/2008,76.9700,77.2400,76.8900,77.1400,225100.0000,44.6535
09/10/2008,76.8500,77.1700,76.8100,77.1400,134900.0000,44.6535
09/11/2008,77.2700,77.3100,76.9800,77.0900,183500.0000,44.6246
09/12/2008,77.1300,77.2300,76.6600,76.8400,133700.0000,44.4799
09/15/2008,78.0500,78.0500,76.9200,77.4200,118600.0000,44.8156
09/16/2008,77.8300,78.0200,76.6700,76.6700,166400.0000,44.3815
09/17/2008,76.6200,77.0700,76.5000,76.7700,294400.0000,44.4393
09/18/2008,76.7700,76.9600,75.5600,75.6800,359200.0000,43.8084
09/19/2008,77.5300,77.5300,75.5200,76.6100,222800.0000,44.3467
09/22/2008,75.7500,76.4500,75.5000,76.4100,171800.0000,44.2310
09/23/2008,76.1800,76.8000,76.0500,76.6500,195100.0000,44.3699
09/24/2008,76.8200,77.1000,76.0800,76.6400,3408100.0000,44.3641
09/25/2008,77.0000,77.4600,76.1100,76.8900,200100.0000,44.5088
09/26/2008,76.6000,76.6200,76.1100,76.1200,319500.0000,44.0631
09/29/2008,76.9900,76.9900,75.7200,76.4900,461600.0000,44.2773
09/30/2008,77.0000,77.0000,75.3800,75.6200,240500.0000,43.7737
10/01/2008,75.2600,76.0800,74.7100,74.9500,344400.0000,43.5407
10/02/2008,75.6600,76.7400,75.0600,76.4100,300800.0000,44.3889
10/03/2008,76.1900,76.1900,75.2100,75.9900,209600.0000,44.1449
10/06/2008,76.0100,76.2500,75.0000,75.3800,326900.0000,43.7905
10/07/2008,75.4900,76.0000,75.0000,75.6000,252000.0000,43.9183
10/08/2008,75.6500,75.9300,74.4200,74.4800,321800.0000,43.2677
10/09/2008,74.4200,75.0000,71.7300,72.1600,366000.0000,41.9199
10/10/2008,70.2500,71.5900,67.0000,69.9600,648000.0000,40.6419
10/13/2008,71.5100,73.0900,70.0000,72.8700,127000.0000,42.3324
10/14/2008,74.1700,74.4700,72.6200,73.8000,368600.0000,42.8726
10/15/2008,73.0600,73.4200,72.1900,73.3500,229700.0000,42.6112
10/16/2008,73.4100,73.4400,72.4900,73.3400,203200.0000,42.6054
10/17/2008,73.1400,73.8200,72.5100,73.7400,304700.0000,42.8378
10/20/2008,73.2400,74.1900,73.2000,73.7100,219900.0000,42.8204
10/21/2008,74.5900,75.0500,73.9000,74.9700,582600.0000,43.5523
10/22/2008,74.7800,75.4300,74.5600,75.3100,416900.0000,43.7498
10/23/2008,75.4000,75.4000,74.4700,74.9600,172500.0000,43.5465
10/24/2008,75.1200,75.1200,73.1900,74.1000,283800.0000,43.0469
10/27/2008,74.0400,74.3400,73.2400,73.7000,242800.0000,42.8145
10/28/2008,73.9500,73.9500,73.0000,73.1300,185900.0000,42.4834
10/29/2008,73.4200,74.4000,73.1700,73.6600,732300.0000,42.7913
10/30/2008,73.7400,73.7400,72.7300,73.1700,181100.0000,42.5066
10/31/2008,73.1800,73.6800,72.6500,73.1300,282300.0000,42.4834
11/03/2008,73.1600,73.4100,73.0000,73.4000,308800.0000,42.8159
11/04/2008,73.3000,74.1500,73.0000,74.1400,1260600.0000,43.2475
11/05/2008,74.2400,74.9300,74.1000,74.7000,332200.0000,43.5742
11/06/2008,74.4000,74.8300,74.1600,74.7600,238400.0000,43.6093
11/07/2008,74.6000,74.7400,74.2900,74.6000,223000.0000,43.5159
11/10/2008,74.5500,74.8900,74.1200,74.6000,132800.0000,43.5159
11/11/2008,74.1000,75.0000,74.0000,74.7900,167200.0000,43.6268
11/12/2008,74.9500,74.9500,73.9200,74.5500,160600.0000,43.4867
11/13/2008,74.1100,74.9200,74.0600,74.5500,222600.0000,43.4867
11/14/2008,74.6800,74.9000,74.3100,74.8100,297400.0000,43.6384
11/17/2008,74.5500,74.7800,74.3300,74.6200,157000.0000,43.5276
11/18/2008,74.4500,74.8000,74.4500,74.6700,205300.0000,43.5567
11/19/2008,74.3700,74.9900,74.3700,74.9300,154900.0000,43.7084
11/20/2008,74.5800,75.3700,74.5800,74.8700,225200.0000,43.6734
11/21/2008,74.3300,75.0500,74.1700,74.5000,269000.0000,43.4575
11/24/2008,74.0000,74.9000,73.7600,74.1800,410200.0000,43.2709
11/25/2008,74.3500,75.7200,74.3000,75.4600,340200.0000,44.0176
11/26/2008,75.1000,75.9400,75.0900,75.9300,211500.0000,44.2917
11/28/2008,75.5300,75.6900,75.0900,75.6900,97200.0000,44.1517
12/01/2008,75.7200,76.2600,75.5000,75.8400,236200.0000,44.4129
12/02/2008,75.8300,76.4100,75.5300,76.3000,259600.0000,44.6823
12/03/2008,76.0000,76.4000,75.6100,75.9400,223200.0000,44.4715
12/04/2008,76.0000,76.4000,75.6700,76.2700,261300.0000,44.6647
12/05/2008,75.8600,76.2900,75.5100,75.7100,376700.0000,44.3368
12/08/2008,75.7700,76.0300,75.3000,75.3800,180600.0000,44.1435
12/09/2008,75.4900,76.3500,75.4900,75.7800,347300.0000,44.3777
12/10/2008,75.9600,75.9600,75.5500,75.6500,299300.0000,44.3016
12/11/2008,76.0000,76.5300,75.6600,76.4600,293400.0000,44.7760
12/12/2008,76.1900,76.7200,75.7600,76.0600,542800.0000,44.5417
12/15/2008,76.2600,76.8600,76.2600,76.8600,319800.0000,45.0102
12/16/2008,76.7400,77.5000,76.3000,77.5000,304200.0000,45.3850
12/17/2008,77.9500,78.0000,77.3700,77.5200,234900.0000,45.3968
12/18/2008,77.7500,78.1700,77.7200,78.0700,201100.0000,45.7188
12/19/2008,77.7800,78.0000,77.5700,77.5700,258500.0000,45.4260
12/22/2008,77.8800,78.2700,77.7500,78.2400,261200.0000,45.8184
12/23/2008,77.6200,78.5900,77.6200,78.5300,338900.0000,45.9882
12/24/2008,77.7400,78.4500,77.6700,78.1700,187200.0000,45.9494
12/26/2008,77.8500,78.4100,77.7600,78.2300,138700.0000,45.9847
12/29/2008,77.9600,78.8800,77.8500,78.7200,278100.0000,46.2727
12/30/2008,78.2500,78.9000,78.1700,78.8700,292500.0000,46.3609
12/31/2008,78.4500,79.2200,78.4500,78.9700,381800.0000,46.4197
01/02/2009,78.4200,79.1600,78.3700,78.6800,269800.0000,46.2492
01/05/2009,78.4700,78.8500,77.9000,78.3500,648200.0000,46.0552
01/06/2009,78.2300,78.2300,77.4900,77.8500,449700.0000,45.7613
01/07/2009,78.2200,78.2200,77.6100,78.0900,500400.0000,45.9024
01/08/2009,78.0900,78.0900,77.3000,77.9600,305700.0000,45.8260
01/09/2009,78.0800,78.3700,77.9800,78.2400,203700.0000,45.9906
01/12/2009,78.0500,78.3900,77.7600,77.9300,402000.0000,45.8083
01/13/2009,77.9600,78.3700,77.8200,78.3500,235600.0000,46.0552
01/14/2009,78.4200,78.6400,77.9900,78.6400,230600.0000,46.2257
01/15/2009,78.8400,78.8400,78.1600,78.3000,317500.0000,46.0258
01/16/2009,78.0900,78.4600,77.7500,78.4200,256200.0000,46.0964
01/20/2009,78.0000,78.1100,77.2300,78.0800,374800.0000,45.8965
01/21/2009,78.0000,78.1300,77.4100,77.5400,350500.0000,45.5791
01/22/2009,77.6200,77.8300,77.1700,77.7100,373600.0000,45.6790
01/23/2009,77.6200,77.6200,77.2400,77.5600,260100.0000,45.5909
01/26/2009,77.5300,77.7900,77.1500,77.3000,265600.0000,45.4380
01/27/2009,77.3100,77.9700,77.2800,77.7700,382400.0000,45.7143
01/28/2009,77.8000,77.9000,77.5100,77.8100,283700.0000,45.7378
01/29/2009,77.5500,77.6900,77.0100,77.2900,403700.0000,45.4321
01/30/2009,77.0400,77.4600,77.0300,77.3300,337400.0000,45.4556
02/02/2009,77.0600,77.6900,77.0200,77.3000,407600.0000,45.6085
02/03/2009,77.3300,77.3300,76.3200,76.5000,391300.0000,45.1365
02/04/2009,76.3500,76.8000,76.2000,76.6400,337800.0000,45.2190
02/05/2009,76.8100,76.9800,76.4700,76.8100,367500.0000,45.3193
02/06/2009,76.8500,76.8500,76.4500,76.8000,344000.0000,45.3134
02/09/2009,77.1300,77.1300,76.6300,76.8200,263800.0000,45.3252
02/10/2009,77.1200,77.3000,76.7500,77.2400,291900.0000,45.5731
02/11/2009,76.9200,77.5500,76.8800,77.5200,250000.0000,45.7383
02/12/2009,77.4800,77.6000,77.2200,77.3200,238100.0000,45.6203
02/13/2009,77.1000,77.2400,76.9600,76.9600,300700.0000,45.4078
02/17/2009,77.1800,77.5600,77.1700,77.4600,303100.0000,45.7029
02/18/2009,77.4200,77.5500,77.0500,77.1600,387400.0000,45.5259
02/19/2009,76.9700,77.0700,76.6000,76.8300,351200.0000,45.3311
02/20/2009,77.1400,77.1800,76.9400,76.9700,419300.0000,45.4138
02/23/2009,76.9800,77.1000,76.7300,77.1000,418400.0000,45.4905
02/24/2009,76.9700,77.2200,76.7500,77.0400,564800.0000,45.4551
02/25/2009,76.9100,76.9500,76.5500,76.6500,553300.0000,45.2249
02/26/2009,76.5100,76.5900,76.3300,76.5100,612000.0000,45.1423
02/27/2009,76.5100,76.6100,76.2900,76.5900,548700.0000,45.1896
03/02/2009,76.2900,76.5900,76.2000,76.4400,759200.0000,45.2636
03/03/2009,76.2600,76.4800,76.0400,76.1800,893600.0000,45.1096
03/04/2009,75.9700,76.2100,75.9500,76.1700,536700.0000,45.1037
03/05/2009,76.1400,76.5800,76.0700,76.5200,679700.0000,45.3109
03/06/2009,76.4200,76.5900,76.2000,76.2000,690800.0000,45.1214
03/09/2009,76.3300,76.3500,75.8200,75.9200,754100.0000,44.9557
03/10/2009,75.8300,76.1900,75.7200,76.0000,635400.0000,45.0030
03/11/2009,76.1400,76.2900,75.9500,76.1600,545900.0000,45.0978
03/12/2009,76.3000,76.5000,76.0300,76.3300,438300.0000,45.1984
03/13/2009,76.3600,76.4900,76.0800,76.2700,407000.0000,45.1629
03/16/2009,76.1500,76.3800,76.0400,76.2200,422700.0000,45.1333
03/17/2009,76.3600,76.3600,75.9400,76.0500,600000.0000,45.0326
03/18/2009,76.2600,78.0000,76.1300,77.4000,401300.0000,45.8320
03/19/2009,77.3900,77.8500,77.1600,77.3500,375800.0000,45.8024
03/20/2009,77.1600,77.3900,76.8600,77.0000,495800.0000,45.5951
03/23/2009,77.1000,77.1700,76.8200,76.8200,335100.0000,45.4886
03/24/2009,76.6200,77.0300,76.5200,76.7800,475500.0000,45.4649
03/25/2009,76.8600,76.8600,76.5000,76.5200,573300.0000,45.3109
03/26/2009,76.6200,76.9200,76.5500,76.7800,302200.0000,45.4649
03/27/2009,77.0000,77.0900,76.8200,76.9700,411900.0000,45.5774
03/30/2009,77.0800,77.2200,76.7800,77.1200,358200.0000,45.6662
03/31/2009,77.1200,77.3000,77.0300,77.1500,398700.0000,45.6840
04/01/2009,77.0800,77.1500,76.8600,77.0300,521700.0000,45.7779
04/02/2009,77.0600,77.1100,76.6600,76.8800,567900.0000,45.6887
04/03/2009,76.8500,76.9600,76.4600,76.4700,546800.0000,45.4451
04/06/2009,76.7100,76.7900,76.5200,76.5500,541000.0000,45.4926
04/07/2009,76.7500,76.8500,76.5700,76.7000,274100.0000,45.5818
04/08/2009,76.8400,77.0600,76.7500,77.0600,260600.0000,45.7957
04/09/2009,76.8300,77.0800,76.6900,76.9700,495100.0000,45.7422
04/13/2009,77.0300,77.1700,76.7100,77.0900,376700.0000,45.8135
04/14/2009,77.2200,77.3400,77.0600,77.2900,316000.0000,45.9324
04/15/2009,77.3100,77.4500,77.1000,77.4000,639000.0000,45.9977
04/16/2009,77.0900,77.3000,77.0900,77.2500,436800.0000,45.9086
04/17/2009,77.1700,77.2600,76.6900,76.8400,609300.0000,45.6650
04/20/2009,76.9600,77.3000,76.9600,77.2200,247700.0000,45.8908
04/21/2009,77.2800,77.2800,76.9200,77.0700,408000.0000,45.8017
04/22/2009,77.1800,77.2200,76.9400,77.2100,379400.0000,45.8849
04/23/2009,77.2700,77.3000,76.9500,77.2700,374200.0000,45.9205
04/24/2009,77.1300,77.2700,76.9900,77.2300,273100.0000,45.8967
04/27/2009,77.1200,77.4000,77.1100,77.4000,405700.0000,45.9977
04/28/2009,77.4300,77.4300,76.9700,77.1200,431400.0000,45.8314
04/29/2009,77.2400,77.3300,76.9000,77.0100,374800.0000,45.7660
04/30/2009,77.0500,77.2500,77.0200,77.2300,487600.0000,45.8967
05/01/2009,76.7800,76.8600,76.6600,76.8300,413600.0000,45.8180
05/04/2009,76.8300,77.0300,76.8000,76.8900,449600.0000,45.8538
05/05/2009,77.0200,77.0900,76.8800,76.8800,341000.0000,45.8478
05/06/2009,76.9300,77.2900,76.9300,77.2100,550900.0000,46.0446
05/07/2009,77.0700,77.1900,76.8200,76.9400,517100.0000,45.8836
05/08/2009,77.1300,77.1900,76.9000,77.1300,429100.0000,45.9969
05/11/2009,77.1200,77.4900,77.0600,77.4500,336100.0000,46.1878
05/12/2009,77.4000,77.5400,77.3300,77.4200,356500.0000,46.1699
05/13/2009,77.5000,77.7000,77.4400,77.6500,299000.0000,46.3071
05/14/2009,77.6400,77.7700,77.5200,77.6200,396300.0000,46.2892
05/15/2009,77.5800,77.6900,77.5100,77.6000,535900.0000,46.2772
05/18/2009,77.6900,77.7400,77.2600,77.3700,507000.0000,46.1400
05/19/2009,77.4200,77.5600,77.2600,77.5400,362400.0000,46.2415
05/20/2009,77.6500,77.8600,77.4800,77.7700,710600.0000,46.3786
05/21/2009,77.8200,77.8800,77.2500,77.3700,292700.0000,46.1400
05/22/2009,77.3500,77.4800,77.2100,77.3500,515000.0000,46.1281
05/26/2009,77.4700,77.4700,77.1900,77.1900,298900.0000,46.0327
05/27/2009,77.1800,77.2200,76.6200,76.7300,473700.0000,45.7584
05/28/2009,76.7700,76.9700,76.5300,76.9300,328800.0000,45.8777
05/29/2009,76.8900,77.5600,76.8500,77.4800,360300.0000,46.2057
06/01/2009,77.1300,77.3100,76.6200,76.6900,510500.0000,45.8932
06/02/2009,76.8900,76.9800,76.6700,76.9800,417500.0000,46.0668
06/03/2009,77.1300,77.2900,76.9400,77.2400,420100.0000,46.2224
06/04/2009,77.1900,77.1900,76.7000,76.7600,457300.0000,45.9352
06/05/2009,76.5200,76.5700,76.1700,76.2400,546400.0000,45.6240
06/08/2009,76.3400,76.4700,76.0100,76.0800,334100.0000,45.5283
06/09/2009,76.0000,76.4300,76.0000,76.2900,458900.0000,45.6539
06/10/2009,76.2800,76.3900,76.0000,76.1000,379800.0000,45.5402
06/11/2009,75.9600,76.5400,75.9600,76.4700,379200.0000,45.7616
06/12/2009,76.6000,76.7600,76.3500,76.6700,289200.0000,45.8813
06/15/2009,76.5800,76.9100,76.5800,76.8200,348500.0000,45.9711
06/16/2009,76.8700,77.1900,76.8200,77.1800,381900.0000,46.1865
06/17/2009,77.2400,77.5000,77.1200,77.1400,374700.0000,46.1626
06/18/2009,77.0000,77.0200,76.5100,76.5700,502600.0000,45.8215
06/19/2009,76.6100,76.7600,76.5200,76.7500,514800.0000,45.9292
06/22/2009,77.1300,77.1500,76.9300,76.9300,336200.0000,46.0369
06/23/2009,77.0000,77.2900,76.9500,77.2800,333000.0000,46.2464
06/24/2009,77.2500,77.4900,77.0300,77.1100,364400.0000,46.1446
06/25/2009,77.2900,77.6400,77.0500,77.6400,449600.0000,46.4618
06/26/2009,77.7400,77.7500,77.6000,77.6800,383500.0000,46.4857
06/29/2009,77.8300,77.8400,77.5800,77.8200,392500.0000,46.5695
06/30/2009,77.6800,77.8100,77.5000,77.6900,439600.0000,46.4917
07/01/2009,77.2200,77.5100,77.1400,77.3800,430400.0000,46.4641
07/02/2009,77.3000,77.5400,77.2700,77.4100,373000.0000,46.4821
07/06/2009,77.4300,77.4800,77.2600,77.3500,240300.0000,46.4461
07/07/2009,77.5000,77.6800,77.4200,77.5100,281200.0000,46.5421
07/08/2009,77.6900,78.0800,77.5500,78.0400,337200.0000,46.8604
07/09/2009,77.9000,77.9400,77.6200,77.8100,462400.0000,46.7223
07/10/2009,77.7900,78.0900,77.7900,78.0900,440100.0000,46.8904
07/13/2009,78.1100,78.1900,77.9000,77.9600,789000.0000,46.8124
07/14/2009,77.8400,77.8600,77.5300,77.7300,374300.0000,46.6743
07/15/2009,77.5200,77.5900,77.3000,77.3400,1087100.0000,46.4401
07/16/2009,77.7500,77.7500,77.4600,77.6800,529400.0000,46.6442
07/17/2009,77.5800,77.6100,77.3900,77.4800,575800.0000,46.5241
07/20/2009,77.5800,77.7700,77.4800,77.7300,473200.0000,46.6743
07/21/2009,77.6600,78.2400,77.5500,78.2000,438600.0000,46.9565
07/22/2009,78.2400,78.2400,77.9500,78.0300,608300.0000,46.8544
07/23/2009,78.0700,78.1200,77.5700,77.7700,498100.0000,46.6983
07/24/2009,77.7900,77.8800,77.6000,77.8000,417900.0000,46.7163
07/27/2009,77.6000,77.7000,77.5000,77.7000,597100.0000,46.6563
07/28/2009,77.7500,77.9800,77.5100,77.7800,686600.0000,46.7043
07/29/2009,77.9800,77.9900,77.6000,77.7500,420200.0000,46.6862
07/30/2009,77.6900,78.1000,77.6500,78.1000,415200.0000,46.8964
07/31/2009,78.2700,78.4800,78.1000,78.4400,481200.0000,47.1006
08/03/2009,78.1400,78.1800,77.8100,77.9300,596900.0000,46.9500
08/04/2009,78.2000,78.3000,77.7000,77.8600,485900.0000,46.9078
08/05/2009,77.7400,77.8500,77.6000,77.6800,485200.0000,46.7993
08/06/2009,77.7400,77.8100,77.6200,77.7300,331800.0000,46.8295
08/07/2009,77.2600,77.5000,77.0900,77.1900,986100.0000,46.5041
08/10/2009,77.4600,77.8400,77.3300,77.8200,482000.0000,46.8837
08/11/2009,77.9700,78.0200,77.7700,77.9700,444600.0000,46.9741
08/12/2009,77.9500,78.0000,77.5600,77.9200,419500.0000,46.9439
08/13/2009,77.9400,78.2800,77.7900,78.1200,562200.0000,47.0644
08/14/2009,78.3700,78.5000,78.1700,78.3600,640800.0000,47.2090
08/17/2009,78.6200,78.6200,78.2500,78.5800,483900.0000,47.3416
08/18/2009,78.5800,78.6100,78.2600,78.4700,466600.0000,47.2753
08/19/2009,78.7300,78.7300,78.3400,78.5600,384500.0000,47.3295
08/20/2009,78.3300,78.6700,78.3300,78.6700,487700.0000,47.3958
08/21/2009,78.6000,78.7300,78.2900,78.4200,705500.0000,47.2452
08/24/2009,78.4000,78.7500,78.2500,78.5700,760500.0000,47.3355
08/25/2009,78.6000,78.7100,78.3800,78.7000,554900.0000,47.4138
08/26/2009,78.7400,78.8500,78.6200,78.7500,512000.0000,47.4440
08/27/2009,78.6600,78.7300,78.5000,78.6600,402300.0000,47.3898
08/28/2009,78.5700,78.8200,78.4800,78.8200,633000.0000,47.4861
08/31/2009,78.8500,78.9800,78.6300,78.9700,421700.0000,47.5765
09/01/2009,78.6600,78.8600,78.5300,78.8000,653800.0000,47.6315
09/02/2009,78.7800,79.0600,78.6900,78.9700,390700.0000,47.7343
09/03/2009,78.9800,78.9900,78.7800,78.8300,443300.0000,47.6497
09/04/2009,78.9700,78.9800,78.6500,78.7500,423200.0000,47.6013
09/08/2009,78.7900,78.8400,78.6400,78.7100,494800.0000,47.5771
09/09/2009,78.7200,78.8400,78.5100,78.8400,523900.0000,47.6557
09/10/2009,78.9400,79.2300,78.8400,79.1400,490200.0000,47.8370
09/11/2009,79.2100,79.3300,79.0300,79.1800,370000.0000,47.8612
09/14/2009,79.1300,79.1300,78.8300,78.8800,429800.0000,47.6799
09/15/2009,78.9200,78.9900,78.8100,78.9400,378100.0000,47.7161
09/16/2009,78.9000,79.0100,78.7500,78.9600,535500.0000,47.7282
09/17/2009,78.9900,79.1900,78.8700,79.1900,879600.0000,47.8673
09/18/2009,79.1800,79.1900,78.9500,79.1000,432800.0000,47.8128
09/21/2009,79.1000,79.1200,78.9300,79.0400,414600.0000,47.7766
09/22/2009,79.0400,79.0900,78.9100,78.9400,641400.0000,47.7161
09/23/2009,79.0500,79.1800,78.9200,79.1700,540700.0000,47.8552
09/24/2009,79.2400,79.2900,79.1200,79.2100,781200.0000,47.8793
09/25/2009,79.2800,79.5000,79.2100,79.4600,440400.0000,48.0305
09/28/2009,79.4100,79.5100,79.2600,79.5000,463800.0000,48.0546
09/29/2009,79.3600,79.5200,79.3100,79.5000,752400.0000,48.0546
09/30/2009,79.4400,79.5500,79.4000,79.5000,575600.0000,48.0546
10/01/2009,79.4000,79.6100,79.2800,79.6100,2491800.0000,48.2717
10/02/2009,79.8100,79.8100,79.3300,79.3700,787100.0000,48.1262
10/05/2009,79.6100,79.6100,79.4200,79.4900,465500.0000,48.1990
10/06/2009,79.5300,79.6100,79.4000,79.5800,769800.0000,48.2535
10/07/2009,79.6400,79.6600,79.5300,79.6200,802700.0000,48.2778
10/08/2009,79.7100,79.7100,79.3500,79.5900,1109400.0000,48.2596
10/09/2009,79.4300,79.4300,79.0000,79.0100,1349300.0000,47.9079
10/12/2009,79.0400,79.3000,78.9200,79.2800,350700.0000,48.0716
10/13/2009,79.4300,79.4300,79.1400,79.3400,745700.0000,48.1080
10/14/2009,79.1300,79.2400,78.9500,79.0000,1088300.0000,47.9019
10/15/2009,78.9600,79.0900,78.8100,79.0200,736700.0000,47.9139
10/16/2009,79.0700,79.1000,78.9000,79.0500,858500.0000,47.9322
10/19/2009,79.1600,79.1800,78.9100,79.1600,973400.0000,47.9989
10/20/2009,79.3000,79.3400,79.2000,79.3200,533100.0000,48.0959
10/21/2009,79.2600,79.3200,79.0700,79.3100,453700.0000,48.0898
10/22/2009,79.1600,79.3100,79.1100,79.2400,349200.0000,48.0473
10/23/2009,79.1300,79.1800,78.9400,79.0000,552700.0000,47.9019
10/26/2009,79.0000,79.0700,78.8300,78.9000,390700.0000,47.8412
10/27/2009,79.0400,79.2400,78.8400,79.1800,315300.0000,48.0110
10/28/2009,79.1700,79.2900,78.8900,79.1000,766700.0000,47.9624
10/29/2009,79.0700,79.2200,78.9600,79.1400,357900.0000,47.9867
10/30/2009,79.3000,79.4700,79.1400,79.4700,428700.0000,48.1868
11/02/2009,79.2900,79.3200,79.0500,79.1500,525700.0000,48.1461
11/03/2009,79.1700,79.1700,78.9500,79.0100,609900.0000,48.0609
11/04/2009,79.0100,79.1100,78.8500,78.9900,446700.0000,48.0487
11/05/2009,78.9900,79.1100,78.8900,79.0600,454300.0000,48.0913
11/06/2009,79.1400,79.1900,78.9800,79.0800,413500.0000,48.1035
11/09/2009,79.1900,79.2500,79.1300,79.2400,335200.0000,48.2008
11/10/2009,79.3600,79.3800,79.1600,79.2700,432700.0000,48.2191
11/11/2009,79.3200,79.5400,79.3000,79.4700,681700.0000,48.3407
11/12/2009,79.3400,79.5800,79.2700,79.5600,480300.0000,48.3955
11/13/2009,79.4900,79.5100,79.3500,79.5100,398000.0000,48.3651
11/16/2009,79.6300,79.7700,79.5600,79.7100,488700.0000,48.4867
11/17/2009,79.7300,79.7700,79.6000,79.6900,729200.0000,48.4746
11/18/2009,79.7800,79.7800,79.6200,79.7100,660800.0000,48.4867
11/19/2009,79.8400,79.8800,79.7100,79.7700,699900.0000,48.5232
11/20/2009,79.7700,79.8200,79.6900,79.7300,476900.0000,48.4989
11/23/2009,79.7700,79.8400,79.6200,79.7900,517500.0000,48.5354
11/24/2009,79.8600,80.0000,79.8000,79.9900,586900.0000,48.6571
11/25/2009,79.9300,80.1500,79.9000,80.1500,579800.0000,48.7544
11/27/2009,80.2900,80.2900,80.1100,80.2900,117700.0000,48.8396
11/30/2009,80.3300,80.3300,80.2200,80.2500,373600.0000,48.8152
12/01/2009,80.0600,80.1000,79.8900,79.8900,535900.0000,48.7451
12/02/2009,79.9500,79.9500,79.7200,79.7800,463400.0000,48.6779
12/03/2009,79.7000,79.7100,79.6000,79.7000,454800.0000,48.6291
12/04/2009,79.3600,79.4600,79.2600,79.3700,618000.0000,48.4277
12/07/2009,79.4600,79.6200,79.3900,79.5800,482200.0000,48.5559
12/08/2009,79.7400,79.8300,79.7100,79.7100,387300.0000,48.6352
12/09/2009,79.8200,79.8200,79.5700,79.6300,580600.0000,48.5864
12/10/2009,79.6100,79.6100,79.3900,79.5200,624500.0000,48.5192
12/11/2009,79.3600,79.4600,79.2400,79.4300,280200.0000,48.4644
12/14/2009,79.4500,79.4800,79.2700,79.3600,393800.0000,48.4217
12/15/2009,79.1500,79.3600,79.1500,79.2900,517200.0000,48.3789
12/16/2009,79.3400,79.4500,79.3100,79.3300,709400.0000,48.4034
12/17/2009,79.4700,79.5900,79.4400,79.5500,514100.0000,48.5376
12/18/2009,79.5500,79.6000,79.4500,79.5300,349000.0000,48.5254
12/21/2009,79.3800,79.4100,79.1600,79.1600,654800.0000,48.2996
12/22/2009,79.0900,79.1000,78.9000,78.9900,603200.0000,48.1959
12/23/2009,79.0000,79.0800,78.9300,78.9800,680000.0000,48.1898
12/24/2009,78.7200,78.7500,78.6100,78.6600,567900.0000,47.9946
12/28/2009,78.4300,78.6100,78.3600,78.4900,2665700.0000,48.0466
12/29/2009,78.3800,78.5400,78.3500,78.5400,741700.0000,48.0772
12/30/2009,78.6100,78.7100,78.5100,78.6500,599000.0000,48.1445
12/31/2009,78.5400,78.6400,78.3300,78.5900,404300.0000,48.1077
01/04/2010,78.6000,78.7300,78.5400,78.6800,1098100.0000,48.1629
01/05/2010,78.8900,79.0000,78.7900,78.9100,814600.0000,48.3037
01/06/2010,78.9700,78.9800,78.7000,78.8800,981300.0000,48.2853
01/07/2010,78.7200,78.8700,78.7200,78.8200,661700.0000,48.2486
01/08/2010,78.8800,78.9600,78.7600,78.9000,1270000.0000,48.2976
01/11/2010,78.9200,78.9600,78.8300,78.9300,2237100.0000,48.3159
01/12/2010,79.1100,79.2300,79.0800,79.2300,702100.0000,48.4996
01/13/2010,79.1500,79.2400,78.9800,79.0500,460500.0000,48.3894
01/14/2010,79.1800,79.2800,79.1300,79.2400,777700.0000,48.5057
01/15/2010,79.3500,79.4300,79.2700,79.2900,745300.0000,48.5363
01/19/2010,79.3400,79.3900,79.2300,79.2500,782000.0000,48.5118
01/20/2010,79.4300,79.4700,79.3700,79.4400,417300.0000,48.6281
01/21/2010,79.4900,79.6200,79.4300,79.5300,647300.0000,48.6832
01/22/2010,79.6000,79.6600,79.5000,79.5000,403200.0000,48.6648
01/25/2010,79.5800,79.5800,79.3500,79.3900,692900.0000,48.5975
01/26/2010,79.5900,79.6300,79.4600,79.5800,494400.0000,48.7138
01/27/2010,79.6300,79.6600,79.4300,79.4700,597800.0000,48.6465
01/28/2010,79.3100,79.5500,79.3100,79.5000,696100.0000,48.6648
01/29/2010,79.4400,79.6400,79.4000,79.6000,469400.0000,48.7260
02/01/2010,79.4000,79.4100,79.2400,79.3000,437300.0000,48.6941
02/02/2010,79.2800,79.3800,79.1900,79.3500,573000.0000,48.7248
02/03/2010,79.2400,79.3200,79.1700,79.3000,444700.0000,48.6941
02/04/2010,79.3700,79.5200,79.3700,79.4500,428800.0000,48.7862
02/05/2010,79.5800,79.7100,79.4400,79.5800,903800.0000,48.8660
02/08/2010,79.6300,79.6300,79.4600,79.5900,411100.0000,48.8722
02/09/2010,79.5400,79.5900,79.3700,79.4300,691600.0000,48.7739
02/10/2010,79.4500,79.4600,79.1800,79.2500,453700.0000,48.6634
02/11/2010,79.1900,79.2100,78.9700,79.1200,505300.0000,48.5836
02/12/2010,79.2900,79.3900,79.2000,79.2300,387900.0000,48.6511
02/16/2010,79.2000,79.3800,79.1600,79.3300,1246100.0000,48.7125
02/17/2010,79.3000,79.3200,79.0400,79.1500,660100.0000,48.6020
02/18/2010,79.2400,79.2400,78.9400,79.0400,510600.0000,48.5345
02/19/2010,79.0100,79.0400,78.8800,79.0400,509300.0000,48.5345
02/22/2010,79.0900,79.0900,78.9400,79.0100,484700.0000,48.5160
02/23/2010,79.1300,79.3200,79.1000,79.3100,516000.0000,48.7002
02/24/2010,79.3900,79.4700,79.3100,79.4100,378600.0000,48.7616
02/25/2010,79.5200,79.5200,79.3800,79.5200,858200.0000,48.8292
02/26/2010,79.5100,79.7200,79.5100,79.6100,936200.0000,48.8844
03/01/2010,79.5300,79.5300,79.3600,79.4600,565000.0000,48.9362
03/02/2010,79.4500,79.5400,79.4000,79.5200,709800.0000,48.9732
03/03/2010,79.5000,79.5400,79.4100,79.5300,731900.0000,48.9793
03/04/2010,79.5100,79.6100,79.4400,79.5900,461200.0000,49.0163
03/05/2010,79.4700,79.4900,79.3200,79.4700,900200.0000,48.9424
03/08/2010,79.3400,79.3700,79.3000,79.3400,720200.0000,48.8623
03/09/2010,79.3900,79.4200,79.3000,79.3900,577300.0000,48.8931
03/10/2010,79.2900,79.3300,79.2000,79.3300,1147900.0000,48.8561
03/11/2010,79.2900,79.3500,79.2300,79.3200,337600.0000,48.8500
03/12/2010,79.2400,79.4300,79.2100,79.3500,554900.0000,48.8685
03/15/2010,79.4400,79.4700,79.3600,79.4600,459600.0000,48.9362
03/16/2010,79.4200,79.6000,79.3900,79.6000,523800.0000,49.0224
03/17/2010,79.5900,79.6200,79.5500,79.6200,380500.0000,49.0347
03/18/2010,79.6400,79.6600,79.4400,79.4800,594000.0000,48.9485
03/19/2010,79.5400,79.6100,79.4700,79.5400,341300.0000,48.9855
03/22/2010,79.5700,79.6300,79.5500,79.6200,484000.0000,49.0347
03/23/2010,79.6500,79.7000,79.5800,79.6200,538700.0000,49.0347
03/24/2010,79.3700,79.4700,79.1400,79.2200,654000.0000,48.7884
03/25/2010,79.1900,79.2100,78.8400,78.9700,998900.0000,48.6345
03/26/2010,79.0300,79.1800,78.9500,79.1400,863200.0000,48.7391
03/29/2010,79.1200,79.1800,78.9700,78.9700,853200.0000,48.6345
03/30/2010,79.0900,79.1400,78.9800,79.1300,465600.0000,48.7330
03/31/2010,79.2300,79.2800,79.1300,79.2000,463000.0000,48.7761
04/01/2010,78.9800,78.9800,78.8400,78.9300,605200.0000,48.7606
04/05/2010,78.6800,78.6900,78.4000,78.4700,817000.0000,48.4764
04/06/2010,78.5300,78.5900,78.5000,78.5300,487900.0000,48.5135
04/07/2010,78.6000,78.8800,78.6000,78.8300,526900.0000,48.6989
04/08/2010,78.9700,78.9800,78.7700,78.7900,669600.0000,48.6742
04/09/2010,78.8600,78.9800,78.7900,78.9400,338100.0000,48.7668
04/12/2010,78.9400,79.0900,78.9300,79.0200,606500.0000,48.8162
04/13/2010,79.1800,79.2000,79.0700,79.1800,464600.0000,48.9151
04/14/2010,79.1900,79.2500,79.0700,79.1200,605000.0000,48.8780
04/15/2010,79.0900,79.2700,78.9700,79.2400,712200.0000,48.9521
04/16/2010,79.3100,79.4200,79.2500,79.4100,481900.0000,49.0572
04/19/2010,79.4600,79.4600,79.2600,79.3100,436600.0000,48.9954
04/20/2010,79.3800,79.3900,79.2800,79.3900,391100.0000,49.0448
04/21/2010,79.4000,79.5000,79.3600,79.4500,704900.0000,49.0819
04/22/2010,79.5000,79.5900,79.3600,79.4000,476400.0000,49.0510
04/23/2010,79.3400,79.3700,79.2200,79.3400,533300.0000,49.0139
04/26/2010,79.4500,79.4500,79.2800,79.3000,447200.0000,48.9892
04/27/2010,79.4500,79.6500,79.4000,79.5900,598500.0000,49.1683
04/28/2010,79.5600,79.5900,79.4200,79.5400,733100.0000,49.1375
04/29/2010,79.5800,79.6600,79.4900,79.5700,689300.0000,49.1560
04/30/2010,79.6800,79.8500,79.6000,79.8000,516100.0000,49.2981
05/03/2010,79.4500,79.5300,79.3700,79.5200,533800.0000,49.2714
05/04/2010,79.7100,79.7900,79.6200,79.7500,468400.0000,49.4139
05/05/2010,79.8700,79.9900,79.7500,79.7900,504900.0000,49.4388
05/06/2010,79.8100,81.3400,78.8700,80.1000,1561600.0000,49.6308
05/07/2010,80.1400,80.5100,79.9000,79.9000,767500.0000,49.5069
05/10/2010,79.7200,79.9900,79.7100,79.8100,517000.0000,49.4511
05/11/2010,79.9100,79.9300,79.7300,79.9200,568700.0000,49.5193
05/12/2010,79.9100,79.9400,79.6900,79.7000,2226900.0000,49.3830
05/13/2010,79.9500,79.9500,79.7100,79.8500,413300.0000,49.4759
05/14/2010,80.0400,80.2600,79.9700,80.1200,698500.0000,49.6432
05/17/2010,80.2200,80.3800,80.0700,80.1300,380900.0000,49.6494
05/18/2010,80.2300,80.4800,80.0500,80.4300,753200.0000,49.8353
05/19/2010,80.3400,80.5400,80.3200,80.4500,459400.0000,49.8477
05/20/2010,80.6500,80.7000,80.4000,80.5900,801300.0000,49.9344
05/21/2010,80.9100,80.9800,80.6000,80.7000,997400.0000,50.0026
05/24/2010,80.7000,80.7700,80.6400,80.6900,836400.0000,49.9964
05/25/2010,80.8200,80.9400,80.5000,80.7100,1072100.0000,50.0088
05/26/2010,80.5800,80.6200,80.3700,80.6100,700200.0000,49.9468
05/27/2010,80.4100,80.4100,80.1800,80.3000,870700.0000,49.7547
05/28/2010,80.3500,80.5000,80.3000,80.4600,511900.0000,49.8539
06/01/2010,80.2500,80.3700,80.1400,80.2800,595400.0000,49.8936
06/02/2010,80.2500,80.3200,80.1400,80.2100,2665400.0000,49.8501
06/03/2010,80.0000,80.1900,80.0000,80.1200,1188600.0000,49.7942
06/04/2010,80.3200,80.4700,80.2400,80.3400,2046300.0000,49.9310
06/07/2010,80.3100,80.6100,80.3100,80.5900,472900.0000,50.0863
06/08/2010,80.5000,80.6400,80.5000,80.5600,538700.0000,50.0676
06/09/2010,80.4600,80.5900,80.3600,80.5600,446300.0000,50.0676
06/10/2010,80.3600,80.4500,80.2000,80.2300,845800.0000,49.8626
06/11/2010,80.3400,80.4700,80.2400,80.3600,621300.0000,49.9434
06/14/2010,80.3000,80.4000,80.2000,80.3800,539600.0000,49.9558
06/15/2010,80.4400,80.4700,80.2000,80.2400,808100.0000,49.8688
06/16/2010,80.3600,80.4400,80.2900,80.4300,662000.0000,49.9869
06/17/2010,80.4700,80.7200,80.4600,80.6500,785200.0000,50.1236
06/18/2010,80.6700,80.7000,80.5800,80.6200,902100.0000,50.1050
06/21/2010,80.4600,80.6800,80.4600,80.6400,624500.0000,50.1174
06/22/2010,80.7000,80.8700,80.6400,80.8300,496900.0000,50.2355
06/23/2010,80.9000,81.1000,80.8200,81.0300,583500.0000,50.3598
06/24/2010,81.1100,81.1200,80.8400,80.9200,451400.0000,50.2914
06/25/2010,80.9200,81.0900,80.9000,81.0200,449400.0000,50.3536
06/28/2010,81.1100,81.2300,81.0600,81.1700,1230200.0000,50.4468
06/29/2010,81.1900,81.3700,81.1900,81.3600,1188300.0000,50.5648
06/30/2010,81.4000,81.4500,81.2300,81.3800,1286700.0000,50.5773
07/01/2010,81.2600,81.3300,81.1100,81.1900,1631400.0000,50.6016
07/02/2010,81.1600,81.2300,81.0300,81.1400,640400.0000,50.5704
07/06/2010,81.1400,81.3600,81.1200,81.3400,787900.0000,50.6951
07/07/2010,81.3700,81.3800,81.2100,81.2400,588100.0000,50.6328
07/08/2010,81.1100,81.2500,81.0300,81.1800,619500.0000,50.5954
07/09/2010,81.1100,81.1200,81.0000,81.0900,582400.0000,50.5393
07/12/2010,81.1400,81.2100,81.0600,81.1200,425700.0000,50.5580
07/13/2010,81.0700,81.0700,80.9200,80.9800,514100.0000,50.4707
07/14/2010,81.0900,81.2300,81.0100,81.1900,795800.0000,50.6016
07/15/2010,81.2400,81.4000,81.1700,81.2700,2924400.0000,50.6514
07/16/2010,81.3800,81.5800,81.2900,81.5400,350800.0000,50.8197
07/19/2010,81.5800,81.6100,81.4400,81.4500,455600.0000,50.7636
07/20/2010,81.5900,81.6300,81.4400,81.4400,2581000.0000,50.7574
07/21/2010,81.4900,81.7900,81.4900,81.7300,791100.0000,50.9382
07/22/2010,81.7200,81.7200,81.5900,81.6400,473900.0000,50.8821
07/23/2010,81.6400,81.6500,81.4500,81.5000,713500.0000,50.7948
07/26/2010,81.5200,81.5600,81.4000,81.5400,570400.0000,50.8197
07/27/2010,81.3900,81.5600,81.3900,81.5000,815500.0000,50.7948
07/28/2010,81.4500,81.6700,81.4500,81.6400,513600.0000,50.8821
07/29/2010,81.6400,81.7500,81.5400,81.7300,507100.0000,50.9382
07/30/2010,81.9300,81.9600,81.8000,81.8500,1510600.0000,51.0130
08/02/2010,81.6100,81.6300,81.5100,81.6000,2218700.0000,51.0017
08/03/2010,81.7500,81.8300,81.6000,81.8200,1232500.0000,51.1392
08/04/2010,81.7700,81.7900,81.6200,81.6600,1559400.0000,51.0392
08/05/2010,81.7500,81.8000,81.6800,81.7900,753400.0000,51.1205
08/06/2010,81.9200,82.0300,81.8300,82.0300,2527100.0000,51.2705
08/09/2010,81.9800,82.0000,81.8600,81.9300,427000.0000,51.2080
08/10/2010,81.9200,82.1100,81.8500,82.1000,1123200.0000,51.3142
08/11/2010,82.1400,82.2000,82.0800,82.1600,865000.0000,51.3517
08/12/2010,82.0700,82.1800,81.9800,82.0100,482900.0000,51.2580
08/13/2010,82.1100,82.2500,82.0100,82.2400,670400.0000,51.4017
08/16/2010,82.5200,82.6000,82.4400,82.5500,585500.0000,51.5954
08/17/2010,82.4800,82.4900,82.3500,82.4300,823700.0000,51.5205
08/18/2010,82.4900,82.5300,82.3500,82.3800,500300.0000,51.4892
08/19/2010,82.2800,82.6000,82.2800,82.5700,490300.0000,51.6080
08/20/2010,82.5900,82.6000,82.4400,82.4600,626400.0000,51.5392
08/23/2010,82.3700,82.5500,82.3700,82.5100,399200.0000,51.5705
08/24/2010,82.7000,82.8300,82.6400,82.8000,543000.0000,51.7517
08/25/2010,82.8700,82.9800,82.6100,82.6900,1040100.0000,51.6830
08/26/2010,82.7100,82.8000,82.6400,82.7600,459400.0000,51.7267
08/27/2010,82.6800,82.8300,82.3600,82.3800,736600.0000,51.4892
08/30/2010,82.5700,82.7500,82.5000,82.7500,499700.0000,51.7204
08/31/2010,82.8100,82.9200,82.8000,82.8900,553800.0000,51.8080
09/01/2010,82.5800,82.6000,82.2400,82.4000,547900.0000,51.6425
09/02/2010,82.3100,82.3500,82.1900,82.2400,636800.0000,51.5423
09/03/2010,82.0300,82.1300,81.8800,82.0900,814100.0000,51.4482
09/07/2010,82.2900,82.4600,82.1800,82.4400,751900.0000,51.6676
09/08/2010,82.2900,82.3200,82.1900,82.2100,499800.0000,51.5235
09/09/2010,82.0800,82.1200,81.8700,81.9000,586000.0000,51.3291
09/10/2010,81.8300,81.8800,81.7200,81.8000,417400.0000,51.2665
09/13/2010,81.7800,82.0700,81.7600,82.0100,732400.0000,51.3981
09/14/2010,82.0000,82.2000,82.0000,82.1300,678800.0000,51.4733
09/15/2010,82.0800,82.1800,82.0100,82.0500,469300.0000,51.4232
09/16/2010,81.9500,82.0000,81.8100,81.9200,490600.0000,51.3417
09/17/2010,81.9900,82.1300,81.9700,82.0000,553400.0000,51.3918
09/20/2010,81.9800,82.0900,81.9500,82.0600,510300.0000,51.4294
09/21/2010,82.0700,82.4200,82.0700,82.3600,577700.0000,51.6174
09/22/2010,82.4500,82.5700,82.3900,82.4300,497700.0000,51.6613
09/23/2010,82.5800,82.5900,82.4000,82.4500,684300.0000,51.6738
09/24/2010,82.4100,82.4100,82.2400,82.2600,563500.0000,51.5548
09/27/2010,82.4500,82.6400,82.3800,82.6100,785900.0000,51.7741
09/28/2010,82.6100,82.8300,82.6100,82.7900,818200.0000,51.8870
09/29/2010,82.7800,82.7900,82.6600,82.7000,430600.0000,51.8305
09/30/2010,82.6400,82.7000,82.3900,82.6600,770400.0000,51.8055
10/01/2010,82.3900,82.4300,82.2200,82.3700,1249200.0000,51.7634
10/04/2010,82.4600,82.5900,82.3900,82.5800,571700.0000,51.8953
10/05/2010,82.5500,82.6400,82.5100,82.6000,758800.0000,51.9079
10/06/2010,82.8500,82.8900,82.7600,82.7900,454000.0000,52.0273
10/07/2010,82.8900,82.9500,82.8300,82.9300,559800.0000,52.1153
10/08/2010,83.0000,83.0600,82.8300,82.8300,1220000.0000,52.0525
10/11/2010,82.9500,82.9600,82.7900,82.8000,442300.0000,52.0336
10/12/2010,82.9100,82.9300,82.7200,82.7200,431400.0000,51.9833
10/13/2010,82.7500,82.8600,82.6600,82.8500,612500.0000,52.0650
10/14/2010,82.7400,82.8400,82.5200,82.5300,926900.0000,51.8639
10/15/2010,82.4100,82.5400,82.3400,82.3400,829400.0000,51.7445
10/18/2010,82.5200,82.6800,82.4600,82.6500,486900.0000,51.9393
10/19/2010,82.5000,82.8000,82.5000,82.7700,470800.0000,52.0147
10/20/2010,82.7400,82.8800,82.6700,82.7400,602700.0000,51.9959
10/21/2010,82.7500,82.7900,82.6500,82.6700,673900.0000,51.9519
10/22/2010,82.6400,82.7300,82.6100,82.6200,524400.0000,51.9205
10/25/2010,82.7900,82.8300,82.6200,82.6700,1413900.0000,51.9519
10/26/2010,82.5000,82.5800,82.4100,82.4400,386600.0000,51.8074
10/27/2010,82.3400,82.4100,82.2400,82.2700,1980200.0000,51.7005
10/28/2010,82.4200,82.5500,82.3700,82.5500,700500.0000,51.8765
10/29/2010,82.6100,82.7100,82.5700,82.7000,442900.0000,51.9707
11/01/2010,82.6400,82.6800,82.3900,82.4700,648700.0000,51.9695
11/02/2010,82.6300,82.6300,82.5500,82.6100,870300.0000,52.0577
11/03/2010,82.7800,82.9200,82.5200,82.7000,1443800.0000,52.1144
11/04/2010,82.8700,83.0000,82.8400,82.9600,838100.0000,52.2783
11/05/2010,82.7600,82.8600,82.6100,82.6100,1200000.0000,52.0577
11/08/2010,82.6700,82.7200,82.6100,82.6300,556900.0000,52.0703
11/09/2010,82.6300,82.6500,82.1900,82.2100,502300.0000,51.8056
11/10/2010,82.2000,82.2700,81.8600,82.1800,884000.0000,51.7867
11/11/2010,82.2500,82.2600,82.0600,82.2100,252900.0000,51.8056
11/12/2010,82.0900,82.1900,81.8100,81.8400,779900.0000,51.5725
11/15/2010,81.6800,81.7800,81.3900,81.4500,1803700.0000,51.3267
11/16/2010,81.5300,81.7200,81.2600,81.7200,1044200.0000,51.4968
11/17/2010,81.7600,81.9000,81.6600,81.7400,507300.0000,51.5095
11/18/2010,81.6800,81.7400,81.5300,81.7400,558600.0000,51.5095
11/19/2010,81.7300,81.8400,81.6700,81.7600,1286400.0000,51.5221
11/22/2010,81.8900,82.0000,81.8900,82.0000,650500.0000,51.6733
11/23/2010,82.0900,82.2100,82.0200,82.0200,728000.0000,51.6859
11/24/2010,81.8600,81.9000,81.6000,81.6300,539400.0000,51.4402
11/26/2010,81.8100,81.8200,81.6100,81.8200,341200.0000,51.5599
11/29/2010,81.9600,81.9600,81.7700,81.8800,373100.0000,51.5977
11/30/2010,82.1200,82.1400,81.8700,81.9100,517500.0000,51.6166
12/01/2010,81.3600,81.4700,81.1600,81.1900,1170600.0000,51.3006
12/02/2010,81.1500,81.3200,81.1000,81.1200,720300.0000,51.2564
12/03/2010,81.3700,81.4500,81.1800,81.2500,569200.0000,51.3386
12/06/2010,81.3700,81.5200,81.3300,81.5200,1060300.0000,51.5092
12/07/2010,81.2400,81.2700,80.7800,80.9300,990300.0000,51.1364
12/08/2010,80.6300,80.6600,80.2500,80.5100,966500.0000,50.8710
12/09/2010,80.6400,80.7200,80.4500,80.5800,791900.0000,50.9152
12/10/2010,80.5200,80.5500,80.3200,80.3200,934600.0000,50.7510
12/13/2010,80.2400,80.5900,80.1800,80.5300,1026300.0000,50.8836
12/14/2010,80.3300,80.4300,79.9100,80.0200,1305100.0000,50.5614
12/15/2010,80.0900,80.1700,79.7100,79.7700,926500.0000,50.4034
12/16/2010,79.7200,79.9900,79.5900,79.9500,1117000.0000,50.5171
12/17/2010,80.0000,80.4800,80.0000,80.4400,868800.0000,50.8268
12/20/2010,80.5200,80.7000,80.3800,80.4900,639600.0000,50.8584
12/21/2010,80.5500,80.6000,80.3800,80.5800,1499700.0000,50.9152
12/22/2010,80.5800,80.6200,80.4300,80.4900,546700.0000,50.8584
12/23/2010,80.4300,80.4300,80.3200,80.4000,477000.0000,50.8015
12/27/2010,79.7900,80.0400,79.7000,80.0400,514800.0000,50.9434
12/28/2010,79.9400,79.9700,79.5200,79.5200,688600.0000,50.6124
12/29/2010,79.5600,80.0800,79.5400,79.9900,642100.0000,50.9116
12/30/2010,79.9700,80.0200,79.7800,80.0000,670800.0000,50.9180
12/31/2010,80.0000,80.3100,80.0000,80.2700,534500.0000,51.0898
01/03/2011,80.0300,80.2300,79.9600,80.1700,936500.0000,51.0262
01/04/2011,80.2200,80.3300,80.0800,80.1800,1784100.0000,51.0325
01/05/2011,79.9300,79.9800,79.6800,79.8300,837300.0000,50.8098
01/06/2011,79.9000,79.9600,79.7700,79.9000,591000.0000,50.8543
01/07/2011,80.0000,80.3000,79.9400,80.2000,847000.0000,51.0453
01/10/2011,80.2900,80.3900,80.2100,80.3900,509800.0000,51.1662
01/11/2011,80.3800,80.3900,80.1400,80.2300,980700.0000,51.0644
01/12/2011,80.1000,80.2500,80.0000,80.1800,517500.0000,51.0325
01/13/2011,80.1100,80.4300,80.1100,80.4300,1025900.0000,51.1917
01/14/2011,80.4800,80.5400,80.3000,80.3200,1107000.0000,51.1217
01/18/2011,80.2500,80.3000,80.1000,80.2400,766200.0000,51.0708
01/19/2011,80.2600,80.3700,80.2000,80.3400,722200.0000,51.1344
01/20/2011,80.1900,80.2200,79.9300,80.0400,1012000.0000,50.9434
01/21/2011,80.0200,80.2000,79.9800,80.2000,573300.0000,51.0453
01/24/2011,80.1800,80.3100,80.1700,80.1900,582000.0000,51.0389
01/25/2011,80.2700,80.4800,80.1500,80.4000,1380800.0000,51.1726
01/26/2011,80.2800,80.3400,80.1200,80.1200,1104100.0000,50.9944
01/27/2011,80.1900,80.3500,80.1200,80.2800,441100.0000,51.0962
01/28/2011,80.1500,80.5000,80.1300,80.4500,1006300.0000,51.2044
01/31/2011,80.4200,80.4600,80.2600,80.3400,1061200.0000,51.1344
02/01/2011,79.9900,80.0500,79.8400,79.9600,1186900.0000,51.0354
02/02/2011,80.0300,80.0600,79.7900,79.8700,810400.0000,50.9780
02/03/2011,79.7000,79.8100,79.6000,79.6000,851500.0000,50.8057
02/04/2011,79.5200,79.5800,79.2800,79.3300,988600.0000,50.6333
02/07/2011,79.2500,79.4000,79.2100,79.3400,1222300.0000,50.6397
02/08/2011,79.3400,79.3800,79.0700,79.0900,994100.0000,50.4802
02/09/2011,79.1200,79.4000,79.0200,79.2800,1252300.0000,50.6014
02/10/2011,79.1700,79.2800,79.0200,79.0300,519000.0000,50.4418
02/11/2011,79.3000,79.4100,79.2000,79.3000,769000.0000,50.6142
02/14/2011,79.2800,79.5500,79.2400,79.3900,559300.0000,50.6716
02/15/2011,79.3700,79.5300,79.3400,79.5000,473400.0000,50.7418
02/16/2011,79.5000,79.6400,79.4200,79.5300,635400.0000,50.7610
02/17/2011,79.6700,79.7300,79.6300,79.6500,561800.0000,50.8376
02/18/2011,79.5600,79.6800,79.5000,79.6500,555800.0000,50.8376
02/22/2011,79.7300,79.9800,79.7200,79.9500,1618800.0000,51.0291
02/23/2011,80.0200,80.1100,79.9100,79.9400,638700.0000,51.0227
02/24/2011,80.0100,80.1400,79.9800,80.0200,939000.0000,51.0737
02/25/2011,80.1000,80.2400,80.0600,80.2400,998100.0000,51.2142
02/28/2011,80.2400,80.3500,80.2000,80.3500,1833400.0000,51.2844
03/01/2011,79.9200,80.1300,79.8700,80.1000,558500.0000,51.2600
03/02/2011,80.0700,80.1800,79.9200,79.9400,595200.0000,51.1577
03/03/2011,79.7700,79.7900,79.5800,79.6200,840700.0000,50.9529
03/04/2011,79.7400,79.9200,79.7200,79.8900,960000.0000,51.1257
03/07/2011,79.8100,80.0200,79.7800,79.8800,443900.0000,51.1193
03/08/2011,79.8500,79.8900,79.7600,79.8100,499600.0000,51.0745
03/09/2011,79.8800,80.0700,79.7900,79.9500,712800.0000,51.1641
03/10/2011,80.1500,80.3400,80.0300,80.3200,553100.0000,51.4008
03/11/2011,80.3500,80.3900,80.2700,80.3300,724200.0000,51.4072
03/14/2011,80.4300,80.5400,80.4000,80.4100,568800.0000,51.4584
03/15/2011,80.6700,80.6900,80.4500,80.4600,601100.0000,51.4904
03/16/2011,80.6700,81.1600,80.5900,80.8400,875800.0000,51.7336
03/17/2011,80.6900,80.7900,80.5500,80.7200,540100.0000,51.6568
03/18/2011,80.5800,80.7200,80.5400,80.7100,533600.0000,51.6504
03/21/2011,80.6500,80.6500,80.4000,80.4800,813800.0000,51.5032
03/22/2011,80.4100,80.4800,80.3700,80.4500,999300.0000,51.4840
03/23/2011,80.5900,80.6200,80.3900,80.4200,1049500.0000,51.4648
03/24/2011,80.3900,80.4200,80.2700,80.2900,650000.0000,51.3816
03/25/2011,80.3600,80.3900,80.1200,80.1800,727400.0000,51.3112
03/28/2011,80.0600,80.1800,80.0400,80.1100,810700.0000,51.2664
03/29/2011,80.0800,80.1900,79.9300,79.9700,649500.0000,51.1768
03/30/2011,80.0500,80.1400,79.9800,80.1100,746900.0000,51.2664
03/31/2011,80.2100,80.2400,80.0000,80.0200,717300.0000,51.2089
04/01/2011,79.6900,79.9300,79.6600,79.8900,953300.0000,51.2718
04/04/2011,79.9800,80.0900,79.9300,79.9900,605000.0000,51.3359
04/05/2011,79.9300,79.9700,79.7900,79.8100,990900.0000,51.2204
04/06/2011,79.7700,79.7900,79.6900,79.6900,476600.0000,51.1434
04/07/2011,79.7300,79.7800,79.6000,79.6700,679700.0000,51.1306
04/08/2011,79.5600,79.6700,79.5400,79.6200,687500.0000,51.0985
04/11/2011,79.6200,79.7100,79.5700,79.6300,444000.0000,51.1049
04/12/2011,79.7700,79.9500,79.7700,79.9100,778200.0000,51.2846
04/13/2011,79.8600,80.0900,79.8400,80.0600,514500.0000,51.3808
04/14/2011,80.0900,80.1500,80.0000,80.0200,562100.0000,51.3552
04/15/2011,80.1900,80.2800,80.1600,80.2700,1045900.0000,51.5156
04/18/2011,80.2500,80.4500,80.1900,80.3600,795500.0000,51.5734
04/19/2011,80.4600,80.5400,80.4200,80.4900,531200.0000,51.6568
04/20/2011,80.4300,80.5000,80.3600,80.3800,631200.0000,51.5862
04/21/2011,80.3900,80.4800,80.3800,80.4400,568100.0000,51.6247
04/25/2011,80.4600,80.5400,80.4100,80.4900,719400.0000,51.6568
04/26/2011,80.5800,80.7500,80.5600,80.7400,538200.0000,51.8172
04/27/2011,80.5900,80.7300,80.5500,80.7000,760700.0000,51.7916
04/28/2011,80.7900,80.8700,80.7400,80.8500,1046600.0000,51.8878
04/29/2011,80.8100,80.9900,80.8100,80.9600,526000.0000,51.9585
05/02/2011,80.8600,80.8600,80.6900,80.7600,820700.0000,51.9732
05/03/2011,80.8400,80.8800,80.7500,80.8500,693400.0000,52.0312
05/04/2011,80.8600,81.0000,80.8300,80.9500,821600.0000,52.0955
05/05/2011,81.0100,81.1700,80.9900,81.1300,581500.0000,52.2113
05/06/2011,81.0500,81.2900,80.9900,81.1900,602600.0000,52.2500
05/09/2011,81.2400,81.3000,81.1900,81.2600,544300.0000,52.2951
05/10/2011,81.1900,81.2100,81.0300,81.0500,643600.0000,52.1599
05/11/2011,81.0200,81.2100,80.9800,81.1500,570800.0000,52.2242
05/12/2011,81.1100,81.2000,81.0000,81.0700,994000.0000,52.1728
05/13/2011,81.1800,81.3600,81.1600,81.1900,696200.0000,52.2500
05/16/2011,81.2600,81.3900,81.1900,81.3800,1271500.0000,52.3722
05/17/2011,81.4900,81.5400,81.4400,81.5100,713200.0000,52.4559
05/18/2011,81.4700,81.4900,81.2700,81.2800,705300.0000,52.3079
05/19/2011,81.0400,81.2900,81.0400,81.2500,759900.0000,52.2886
05/20/2011,81.2600,81.3900,81.2600,81.3200,752700.0000,52.3337
05/23/2011,81.5300,81.5300,81.3700,81.3700,540400.0000,52.3658
05/24/2011,81.3700,81.4500,81.3100,81.4200,1002500.0000,52.3980
05/25/2011,81.4900,81.5200,81.3800,81.4500,486300.0000,52.4173
05/26/2011,81.4900,81.6500,81.4500,81.5600,1436000.0000,52.4881
05/27/2011,81.5900,81.6200,81.5400,81.5900,774700.0000,52.5074
05/31/2011,81.5500,81.7500,81.4600,81.6900,1267900.0000,52.5718
06/01/2011,81.6300,81.8600,81.6000,81.8600,1058300.0000,52.8260
06/02/2011,81.6800,81.7400,81.5300,81.5300,892100.0000,52.6131
06/03/2011,81.8300,81.8300,81.5400,81.6700,747300.0000,52.7034
06/06/2011,81.5600,81.6900,81.5500,81.6200,841900.0000,52.6711
06/07/2011,81.5600,81.7300,81.4900,81.7200,917800.0000,52.7357
06/08/2011,81.7700,81.9700,81.7500,81.8800,825100.0000,52.8389
06/09/2011,81.8700,81.8900,81.6300,81.6900,1069900.0000,52.7163
06/10/2011,81.7800,81.8700,81.6900,81.7900,975900.0000,52.7808
06/13/2011,81.6700,81.8400,81.6500,81.7100,844200.0000,52.7292
06/14/2011,81.5100,81.5100,81.3700,81.3700,860100.0000,52.5098
06/15/2011,81.4500,81.7800,81.4100,81.7000,1002500.0000,52.7228
06/16/2011,81.8000,81.8800,81.7000,81.7500,885200.0000,52.7550
06/17/2011,81.7100,81.8500,81.6900,81.8300,1254100.0000,52.8067
06/20/2011,81.8500,81.8700,81.6700,81.7300,804700.0000,52.7421
06/21/2011,81.6400,81.8300,81.6400,81.7500,700300.0000,52.7550
06/22/2011,81.8200,81.9100,81.6800,81.7700,681100.0000,52.7679
06/23/2011,81.9100,82.0400,81.9000,81.9700,925200.0000,52.8970
06/24/2011,81.9300,82.1400,81.9200,82.0500,725000.0000,52.9486
06/27/2011,82.0400,82.0400,81.7700,81.8100,704000.0000,52.7937
06/28/2011,81.7100,81.7200,81.3900,81.5100,2249600.0000,52.6002
06/29/2011,81.4500,81.5000,81.2700,81.3300,1438900.0000,52.4840
06/30/2011,81.4100,81.4400,81.0100,81.1600,1808400.0000,52.3743
07/01/2011,81.0400,81.1200,80.8800,80.9800,922700.0000,52.3982
07/05/2011,81.1000,81.2700,81.1000,81.2500,739900.0000,52.5729
07/06/2011,81.2600,81.3700,81.2100,81.3000,1144400.0000,52.6053
07/07/2011,81.1100,81.1500,80.9800,81.1300,915900.0000,52.4953
07/08/2011,81.4400,81.6300,81.4200,81.5500,1066800.0000,52.7671
07/11/2011,81.7100,81.8600,81.6800,81.7900,592200.0000,52.9223
07/12/2011,81.8900,81.9200,81.7000,81.8700,882600.0000,52.9741
07/13/2011,81.7900,81.9800,81.7500,81.9800,1043600.0000,53.0453
07/14/2011,81.8200,81.9300,81.6700,81.6700,998500.0000,52.8447
07/15/2011,81.5800,81.8700,81.5700,81.8200,574100.0000,52.9418
07/18/2011,81.8400,81.8600,81.7100,81.7100,799100.0000,52.8706
07/19/2011,81.6400,81.9400,81.6300,81.9300,799000.0000,53.0129
07/20/2011,81.8800,81.9200,81.7600,81.8000,822100.0000,52.9288
07/21/2011,81.7100,81.7500,81.5100,81.6200,656800.0000,52.8124
07/22/2011,81.7100,81.8400,81.6900,81.8400,926000.0000,52.9547
07/25/2011,81.6100,81.8000,81.5300,81.5700,797600.0000,52.7800
07/26/2011,81.6800,81.8600,81.6300,81.7700,605900.0000,52.9094
07/27/2011,81.6600,81.7900,81.5700,81.6000,846300.0000,52.7994
07/28/2011,81.7400,81.8800,81.7000,81.8400,1649000.0000,52.9547
07/29/2011,81.9600,82.2900,81.8600,82.2600,1959000.0000,53.2264
08/01/2011,82.0500,82.3700,82.0200,82.3000,1305200.0000,53.3958
08/02/2011,82.3700,82.7500,82.2900,82.6500,1295500.0000,53.6229
08/03/2011,82.7400,82.9500,82.6900,82.7100,1389200.0000,53.6618
08/04/2011,82.8300,83.2200,82.7700,83.2100,1100600.0000,53.9862
08/05/2011,82.9400,83.1700,82.5600,82.6700,1354000.0000,53.6358
08/08/2011,82.6200,83.1800,82.6200,83.0600,4990000.0000,53.8889
08/09/2011,83.0500,83.9800,82.7200,83.3500,2320800.0000,54.0770
08/10/2011,83.7600,84.0400,83.5800,84.0100,2467300.0000,54.5052
08/11/2011,83.5200,83.7200,83.1400,83.2000,1863900.0000,53.9797
08/12/2011,83.3400,83.6500,83.2900,83.4700,1140700.0000,54.1549
08/15/2011,83.4800,83.5800,83.3100,83.3300,1549600.0000,54.0641
08/16/2011,83.3000,83.6400,83.2500,83.5800,1283500.0000,54.2263
08/17/2011,83.6000,83.7900,83.4600,83.7300,958800.0000,54.3236
08/18/2011,84.0300,84.2500,83.8900,83.9100,2431000.0000,54.4404
08/19/2011,83.9200,84.0300,83.8200,83.9900,1547900.0000,54.4923
08/22/2011,83.8300,83.9000,83.7000,83.8000,1035400.0000,54.3690
08/23/2011,83.6800,83.8000,83.5100,83.5500,1660600.0000,54.2068
08/24/2011,83.5000,83.5000,83.0600,83.0700,1464900.0000,53.8954
08/25/2011,83.2100,83.3400,83.1200,83.3000,2174800.0000,54.0446
08/26/2011,83.4700,83.5400,83.2200,83.4000,971100.0000,54.1095
08/29/2011,83.2100,83.2300,83.0400,83.2000,1632100.0000,53.9797
08/30/2011,83.4300,83.5700,83.2300,83.5100,830500.0000,54.1808
08/31/2011,83.6300,83.6400,83.3400,83.4000,2267600.0000,54.1095
09/01/2011,83.3200,83.5400,83.0500,83.5400,1902400.0000,54.3391
09/02/2011,83.7500,83.8900,83.6300,83.7700,1355800.0000,54.4887
09/06/2011,83.9300,83.9600,83.7800,83.8900,1240900.0000,54.5667
09/07/2011,83.7800,83.8000,83.6200,83.7000,1235500.0000,54.4431
09/08/2011,83.8700,83.8700,83.6400,83.8100,973600.0000,54.5147
09/09/2011,83.7700,84.0000,83.7500,83.8800,909700.0000,54.5602
09/12/2011,83.8300,83.8500,83.5400,83.6300,2441200.0000,54.3976
09/13/2011,83.6800,83.6800,83.4400,83.5400,995300.0000,54.3391
09/14/2011,83.5000,83.7200,83.5000,83.7200,1044900.0000,54.4562
09/15/2011,83.5600,83.6300,83.4800,83.5600,1146400.0000,54.3521
09/16/2011,83.3600,83.6000,83.3400,83.5300,1211300.0000,54.3326
09/19/2011,83.8600,83.9700,83.7800,83.7900,1104100.0000,54.5017
09/20/2011,83.8900,83.9400,83.8000,83.9000,705500.0000,54.5732
09/21/2011,83.9200,84.1700,83.8600,84.1300,1434000.0000,54.7228
09/22/2011,84.3900,84.5800,84.3000,84.3300,1033100.0000,54.8530
09/23/2011,84.3900,84.3900,83.9900,84.0500,803000.0000,54.6708
09/26/2011,83.9600,84.0700,83.7500,83.7900,986600.0000,54.5017
09/27/2011,83.6200,83.6700,83.4600,83.6200,1943800.0000,54.3911
09/28/2011,83.6000,83.6300,83.4000,83.4400,2090900.0000,54.2741
09/29/2011,83.3600,83.5500,83.3400,83.4300,1204300.0000,54.2675
09/30/2011,83.6400,83.8000,83.5500,83.7400,1283000.0000,54.4691
10/03/2011,83.7000,84.0100,83.6100,84.0000,2078800.0000,54.7783
10/04/2011,84.0000,84.0500,83.6500,83.6700,1500000.0000,54.5630
10/05/2011,83.5800,83.6000,83.2700,83.3100,3989600.0000,54.3283
10/06/2011,83.3500,83.3900,83.2100,83.2600,1159300.0000,54.2957
10/07/2011,83.0800,83.2500,82.9700,83.0800,4949900.0000,54.1783
10/10/2011,83.0500,83.1300,82.7200,82.9600,1072500.0000,54.1001
10/11/2011,83.0100,83.0200,82.9000,82.9200,976200.0000,54.0740
10/12/2011,82.7400,82.9600,82.7200,82.9000,2032400.0000,54.0609
10/13/2011,83.0200,83.1200,82.9000,83.0000,1690600.0000,54.1261
10/14/2011,82.7800,82.9500,82.7500,82.8500,861400.0000,54.0283
10/17/2011,82.8500,83.1500,82.8500,83.1400,1680700.0000,54.2174
10/18/2011,83.1800,83.2700,83.0100,83.0500,844700.0000,54.1588
10/19/2011,83.0800,83.3600,83.0200,83.2700,1940700.0000,54.3022
10/20/2011,83.2300,83.4100,83.1200,83.2300,1844200.0000,54.2761
10/21/2011,83.2500,83.3200,83.1000,83.1000,1885800.0000,54.1913
10/24/2011,83.1300,83.2200,83.0800,83.1600,1261000.0000,54.2305
10/25/2011,83.1500,83.6100,83.1500,83.5900,1615800.0000,54.5109
10/26/2011,83.4600,83.6400,83.3600,83.3800,887900.0000,54.3740
10/27/2011,83.2900,83.3100,82.9000,82.9500,1586200.0000,54.0935
10/28/2011,83.0900,83.3100,83.0100,83.2500,654900.0000,54.2892
10/31/2011,83.5500,83.6500,83.4000,83.6200,1457400.0000,54.5305
11/01/2011,83.8000,84.0400,83.6200,84.0300,2003400.0000,54.9358
11/02/2011,83.7800,84.0300,83.7800,83.9800,1038100.0000,54.9032
11/03/2011,83.8000,83.9700,83.7600,83.7700,1275300.0000,54.7658
11/04/2011,83.7500,83.9200,83.7300,83.8900,2324000.0000,54.8443
11/07/2011,83.8100,84.1100,83.7700,83.9100,2067200.0000,54.8573
11/08/2011,83.8800,83.9500,83.6300,83.6500,1891400.0000,54.6874
11/09/2011,83.9300,83.9300,83.6700,83.7500,1346800.0000,54.7528
11/10/2011,83.6100,83.7700,83.4500,83.6500,2487500.0000,54.6874
11/11/2011,83.6200,83.6400,83.5100,83.5900,698100.0000,54.6482
11/14/2011,83.6600,83.6800,83.4700,83.6000,1279600.0000,54.6547
11/15/2011,83.6400,83.7200,83.5000,83.5500,1323200.0000,54.6220
11/16/2011,83.7100,83.7100,83.5900,83.7100,1705400.0000,54.7266
11/17/2011,83.6000,83.7500,83.5200,83.6700,1147800.0000,54.7004
11/18/2011,83.6900,83.7000,83.3800,83.6200,1032700.0000,54.6678
11/21/2011,83.6700,83.7300,83.5800,83.6000,2076200.0000,54.6547
11/22/2011,83.6300,83.7300,83.5100,83.6900,1217400.0000,54.7135
11/23/2011,83.6000,83.8300,83.5700,83.7800,1525400.0000,54.7724
11/25/2011,83.6200,83.7900,83.6200,83.6600,1453300.0000,54.6939
11/28/2011,83.3500,83.7300,83.2800,83.6600,1550300.0000,54.6939
11/29/2011,83.5500,83.7000,83.3900,83.5400,744300.0000,54.6155
11/30/2011,83.4900,83.5000,83.1500,83.3600,1965300.0000,54.4978
12/01/2011,83.1000,83.2100,82.8300,83.1300,1570600.0000,54.4801
12/02/2011,83.0800,83.4200,83.0300,83.4000,2347000.0000,54.6570
12/05/2011,83.2200,83.4300,83.1000,83.4100,2386300.0000,54.6636
12/06/2011,83.2600,83.3900,83.1800,83.3000,858400.0000,54.5915
12/07/2011,83.3500,83.5200,83.2600,83.4100,1397000.0000,54.6636
12/08/2011,83.4000,83.6600,83.4000,83.6000,1075900.0000,54.7881
12/09/2011,83.5700,83.6800,83.3700,83.4000,1187600.0000,54.6570
12/12/2011,83.5200,83.5900,83.4700,83.4900,841400.0000,54.7160
12/13/2011,83.4100,83.7700,83.4100,83.7000,2088000.0000,54.8536
12/14/2011,83.7400,83.9000,83.6700,83.8600,1996800.0000,54.9585
12/15/2011,83.7800,83.8700,83.7500,83.8200,2590900.0000,54.9323
12/16/2011,83.9200,84.0600,83.9200,84.0500,1355900.0000,55.0830
12/19/2011,84.0700,84.2000,84.0000,84.0200,1316300.0000,55.0633
12/20/2011,84.1100,84.1100,83.8500,83.8500,1285400.0000,54.9519
12/21/2011,83.8900,83.9000,83.6200,83.6200,1065100.0000,54.8012
12/22/2011,83.7600,83.8300,83.7200,83.7800,859700.0000,54.9061
12/23/2011,83.0400,83.3800,83.0100,83.2900,990300.0000,54.9761
12/27/2011,83.1500,83.2500,82.8800,83.0900,1686800.0000,54.8440
12/28/2011,83.1200,83.4300,83.0200,83.4100,1416800.0000,55.0552
12/29/2011,83.4100,83.5500,83.3200,83.4800,1062300.0000,55.1014
12/30/2011,83.6000,83.6500,83.4600,83.5400,1535100.0000,55.1411
01/03/2012,83.4300,83.4300,83.1800,83.2800,2282600.0000,54.9694
01/04/2012,83.3200,83.3600,83.2100,83.3200,2227400.0000,54.9958
01/05/2012,83.3000,83.4100,83.2200,83.2900,1194800.0000,54.9761
01/06/2012,83.3100,83.4500,83.2900,83.3400,1053000.0000,55.0090
01/09/2012,83.3400,83.5500,83.3400,83.4100,833800.0000,55.0552
01/10/2012,83.4200,83.5000,83.3400,83.3700,964100.0000,55.0289
01/11/2012,83.5100,83.5900,83.4500,83.5700,853400.0000,55.1608
01/12/2012,83.6500,83.6500,83.3700,83.4500,2047900.0000,55.0817
01/13/2012,83.7000,83.7800,83.5900,83.7000,889100.0000,55.2467
01/17/2012,83.7700,83.8200,83.6200,83.6300,878100.0000,55.2005
01/18/2012,83.8000,83.8100,83.6100,83.6100,1904100.0000,55.1873
01/19/2012,83.6100,83.6800,83.4700,83.5300,1783800.0000,55.1344
01/20/2012,83.5500,83.5600,83.2400,83.3700,1139400.0000,55.0289
01/23/2012,83.3000,83.3900,83.2200,83.2700,885500.0000,54.9628
01/24/2012,83.3800,83.3800,83.2500,83.2900,1057600.0000,54.9761
01/25/2012,83.3500,83.7700,83.3100,83.5300,1101200.0000,55.1344
01/26/2012,83.6700,83.7700,83.5900,83.7500,2096700.0000,55.2797
01/27/2012,83.8200,83.9100,83.7200,83.9000,1708100.0000,55.3787
01/30/2012,84.0600,84.1400,83.9100,84.0000,1646400.0000,55.4447
01/31/2012,84.0300,84.0700,83.9000,84.0700,3801200.0000,55.4909
02/01/2012,83.8500,83.9100,83.7400,83.7800,2908500.0000,55.4340
02/02/2012,83.8500,84.0300,83.7900,83.9100,2303800.0000,55.5200
02/03/2012,83.7700,83.8100,83.6900,83.8000,1326000.0000,55.4472
02/06/2012,83.7900,83.8900,83.7300,83.8400,2564400.0000,55.4737
02/07/2012,83.7800,83.8000,83.6100,83.7300,1496300.0000,55.4009
02/08/2012,83.7200,83.7500,83.6000,83.6300,1088200.0000,55.3347
02/09/2012,83.6500,83.6500,83.5300,83.6400,937500.0000,55.3413
02/10/2012,83.7200,83.7900,83.6500,83.7000,1003600.0000,55.3810
02/13/2012,83.7300,83.7600,83.6300,83.6900,933300.0000,55.3744
02/14/2012,83.7700,83.9300,83.7500,83.8000,953400.0000,55.4472
02/15/2012,83.8400,83.8800,83.6900,83.6900,1290200.0000,55.3744
02/16/2012,83.7100,83.7800,83.6100,83.7000,976100.0000,55.3810
02/17/2012,83.5500,83.5800,83.4200,83.5100,1172700.0000,55.2553
02/21/2012,83.5300,83.5400,83.4400,83.4600,900400.0000,55.2222
02/22/2012,83.5900,83.7600,83.5200,83.7400,1847600.0000,55.4075
02/23/2012,83.7100,83.8200,83.6300,83.7800,991600.0000,55.4340
02/24/2012,83.8300,83.8700,83.7800,83.8400,1276200.0000,55.4737
02/27/2012,84.0200,84.0200,83.9400,83.9900,970300.0000,55.5729
02/28/2012,84.0700,84.0900,83.9500,83.9800,1615700.0000,55.5663
02/29/2012,84.0400,84.0500,83.8300,83.9000,1128100.0000,55.5134
03/01/2012,83.4900,83.6400,83.4600,83.5700,1559000.0000,55.4238
03/02/2012,83.5900,83.7900,83.5800,83.7400,1074400.0000,55.5366
03/05/2012,83.7300,83.7700,83.5400,83.5700,1208500.0000,55.4238
03/06/2012,83.7500,83.8000,83.6900,83.7100,704800.0000,55.5167
03/07/2012,83.7400,83.7800,83.6700,83.7300,809900.0000,55.5300
03/08/2012,83.7100,83.7300,83.5600,83.6000,847000.0000,55.4437
03/09/2012,83.5600,83.5600,83.4300,83.5200,1251700.0000,55.3907
03/12/2012,83.6600,83.6800,83.5700,83.5800,1095300.0000,55.4305
03/13/2012,83.4600,83.5400,83.3300,83.3300,1346400.0000,55.2647
03/14/2012,83.2600,83.2600,82.8200,82.8400,1069500.0000,54.9397
03/15/2012,82.8500,82.9700,82.8000,82.8600,747300.0000,54.9530
03/16/2012,82.7000,82.9100,82.6500,82.8500,1452700.0000,54.9463
03/19/2012,82.8400,82.8700,82.5900,82.6300,945800.0000,54.8004
03/20/2012,82.7000,82.7300,82.5900,82.6500,971200.0000,54.8137
03/21/2012,82.8400,82.9700,82.7600,82.8900,1520500.0000,54.9729
03/22/2012,82.9700,83.0500,82.9500,83.0100,1169100.0000,55.0525
03/23/2012,83.0600,83.1800,83.0100,83.1600,1151600.0000,55.1519
03/26/2012,83.0800,83.1900,83.0300,83.1500,1137700.0000,55.1453
03/27/2012,83.1700,83.3500,83.1700,83.2900,1095500.0000,55.2382
03/28/2012,83.2900,83.3700,83.2100,83.2700,639000.0000,55.2249
03/29/2012,83.3900,83.4600,83.3100,83.4500,1040900.0000,55.3443
03/30/2012,83.4700,83.5000,83.2100,83.2800,1454300.0000,55.2315
04/02/2012,83.0500,83.2000,82.9300,83.0000,1856700.0000,55.2288
04/03/2012,83.1200,83.1400,82.6500,82.6900,962700.0000,55.0226
04/04/2012,82.9500,82.9500,82.6900,82.9200,1045100.0000,55.1756
04/05/2012,83.1000,83.1000,82.9600,83.0800,857200.0000,55.2821
04/09/2012,83.4500,83.5300,83.3600,83.3700,1167600.0000,55.4750
04/10/2012,83.5200,83.6900,83.4800,83.6100,1209700.0000,55.6347
04/11/2012,83.5000,83.5100,83.4000,83.4900,1017900.0000,55.5549
04/12/2012,83.5200,83.5600,83.4400,83.5000,876200.0000,55.5616
04/13/2012,83.6200,83.7400,83.5800,83.7100,2484000.0000,55.7013
04/16/2012,83.7300,83.8000,83.6700,83.7100,1235900.0000,55.7013
04/17/2012,83.7200,83.7200,83.6100,83.7000,838200.0000,55.6947
04/18/2012,83.7700,83.7800,83.6800,83.7600,726200.0000,55.7346
04/19/2012,83.8300,83.8300,83.7300,83.7400,664200.0000,55.7213
04/20/2012,83.7400,83.7600,83.6300,83.7300,592900.0000,55.7146
04/23/2012,83.8900,83.8900,83.7700,83.8300,843700.0000,55.7812
04/24/2012,83.7900,83.8300,83.7000,83.7300,1104600.0000,55.7146
04/25/2012,83.7000,83.7600,83.5700,83.7100,905200.0000,55.7013
04/26/2012,83.8500,83.8800,83.7800,83.8200,751400.0000,55.7745
04/27/2012,83.8300,83.8900,83.7700,83.8700,890600.0000,55.8078
04/30/2012,83.9200,83.9400,83.8800,83.9200,912700.0000,55.8410
05/01/2012,83.8200,83.8200,83.5800,83.6100,1993800.0000,55.7610
05/02/2012,83.6900,83.7800,83.6800,83.7400,768300.0000,55.8477
05/03/2012,83.6500,83.8500,83.6500,83.8500,1258600.0000,55.9211
05/04/2012,83.9000,83.9600,83.8500,83.9400,633500.0000,55.9811
05/07/2012,83.9700,83.9700,83.9100,83.9100,1049200.0000,55.9611
05/08/2012,83.9600,84.1000,83.9600,83.9900,761300.0000,56.0144
05/09/2012,83.9900,84.0400,83.9000,83.9400,1595100.0000,55.9811
05/10/2012,83.8500,83.9400,83.7600,83.8900,1650600.0000,55.9477
05/11/2012,84.0200,84.0300,83.9200,83.9500,1734700.0000,55.9877
05/14/2012,84.0800,84.1400,84.0300,84.1000,759400.0000,56.0878
05/15/2012,84.1200,84.1400,84.0100,84.1200,1469000.0000,56.1011
05/16/2012,84.0000,84.1200,83.9500,84.0700,1371000.0000,56.0678
05/17/2012,84.0800,84.2100,83.9500,84.1400,1500200.0000,56.1145
05/18/2012,84.0500,84.1900,84.0100,84.0900,1041300.0000,56.0812
05/21/2012,84.1300,84.1400,84.0700,84.1000,2278400.0000,56.0878
05/22/2012,84.0300,84.0300,83.8700,83.9600,1593200.0000,55.9944
05/23/2012,84.0600,84.1200,84.0200,84.0200,1218300.0000,56.0344
05/24/2012,84.0100,84.0400,83.9300,83.9300,860300.0000,55.9744
05/25/2012,83.9900,84.0600,83.9800,84.0300,738700.0000,56.0411
05/29/2012,84.0800,84.1200,84.0100,84.0300,1351600.0000,56.0411
05/30/2012,84.2300,84.3700,84.2100,84.3500,693800.0000,56.2546
05/31/2012,84.4900,84.6400,84.4200,84.5100,1459100.0000,56.3612
06/01/2012,84.6000,84.6700,84.4700,84.6200,1657000.0000,56.5591
06/04/2012,84.4400,84.5000,84.3500,84.4100,1700800.0000,56.4187
06/05/2012,84.3400,84.3700,84.2200,84.2400,2069200.0000,56.3051
06/06/2012,84.3200,84.3200,84.0300,84.0800,3526600.0000,56.1981
06/07/2012,84.0900,84.1700,84.0100,84.1100,2325800.0000,56.2182
06/08/2012,84.2500,84.3000,84.0700,84.1600,1572200.0000,56.2516
06/11/2012,84.1400,84.3000,84.1200,84.2300,1175500.0000,56.2984
06/12/2012,84.1900,84.2100,84.0700,84.1000,1194400.0000,56.2115
06/13/2012,84.1500,84.3000,84.0700,84.2800,1212900.0000,56.3318
06/14/2012,84.2900,84.2900,84.1500,84.2300,718800.0000,56.2984
06/15/2012,84.3400,84.4300,84.3200,84.4200,793200.0000,56.4254
06/18/2012,84.4400,84.4600,84.3200,84.4300,845900.0000,56.4321
06/19/2012,84.3600,84.3700,84.2600,84.3200,908900.0000,56.3585
06/20/2012,84.1900,84.3000,84.0600,84.1600,1274100.0000,56.2516
06/21/2012,84.2700,84.3900,84.2300,84.3000,972700.0000,56.3452
06/22/2012,84.2800,84.2900,84.1100,84.1300,2219900.0000,56.2316
06/25/2012,84.3300,84.3600,84.2600,84.3500,1189200.0000,56.3786
06/26/2012,84.2800,84.3700,84.2500,84.2600,1166300.0000,56.3184
06/27/2012,84.3700,84.3800,84.2700,84.3500,669200.0000,56.3786
06/28/2012,84.4500,84.5000,84.4100,84.4400,916300.0000,56.4388
06/29/2012,84.2800,84.3900,84.2300,84.3800,2044900.0000,56.3987
07/02/2012,84.2600,84.4500,84.2300,84.3700,1244100.0000,56.5172
07/03/2012,84.4200,84.4200,84.2300,84.2500,1731700.0000,56.4368
07/05/2012,84.3300,84.4900,84.2900,84.4900,1283700.0000,56.5976
07/06/2012,84.5300,84.6300,84.5100,84.5700,861200.0000,56.6512
07/09/2012,84.6300,84.7400,84.6000,84.7300,800000.0000,56.7584
07/10/2012,84.7500,84.8300,84.7000,84.8100,791600.0000,56.8120
07/11/2012,84.7500,84.8800,84.6800,84.6900,1357600.0000,56.7316
07/12/2012,84.8300,84.8500,84.7600,84.8500,2024300.0000,56.8388
07/13/2012,84.8100,84.8600,84.7500,84.8600,703600.0000,56.8454
07/16/2012,85.0000,85.0700,84.9000,84.9100,1885600.0000,56.8790
07/17/2012,84.9300,84.9500,84.8600,84.8800,1046800.0000,56.8588
07/18/2012,84.9900,85.0800,84.9800,85.0200,630600.0000,56.9526
07/19/2012,85.0000,85.1100,84.9900,85.0000,864100.0000,56.9393
07/20/2012,85.1400,85.2000,85.1100,85.1600,881700.0000,57.0464
07/23/2012,85.2800,85.2800,85.1600,85.2000,912200.0000,57.0732
07/24/2012,85.1700,85.3500,85.1300,85.3000,743200.0000,57.1402
07/25/2012,85.3200,85.3600,85.2700,85.3600,483400.0000,57.1804
07/26/2012,85.3300,85.3500,85.2800,85.3000,702700.0000,57.1402
07/27/2012,85.1000,85.1400,84.8600,84.9800,957400.0000,56.9259
07/30/2012,85.0400,85.1800,84.9500,85.1400,1772900.0000,57.0331
07/31/2012,85.2500,85.2800,85.1200,85.2300,754800.0000,57.0933
08/01/2012,85.0100,85.0700,84.9100,84.9400,1587100.0000,57.0242
08/02/2012,85.1200,85.2100,85.0600,85.1000,899500.0000,57.1316
08/03/2012,84.9400,84.9500,84.7800,84.7900,1918100.0000,56.9235
08/06/2012,84.9300,84.9400,84.8200,84.8700,1236000.0000,56.9772
08/07/2012,84.6900,84.6900,84.5600,84.6500,1753600.0000,56.8295
08/08/2012,84.6900,84.7400,84.6000,84.6300,948500.0000,56.8160
08/09/2012,84.5400,84.6400,84.4400,84.5800,1676600.0000,56.7825
08/10/2012,84.7800,84.7800,84.6200,84.6800,898300.0000,56.8496
08/13/2012,84.7000,84.7700,84.6800,84.6900,911800.0000,56.8563
08/14/2012,84.5200,84.5400,84.4300,84.4800,1119600.0000,56.7154
08/15/2012,84.3600,84.3600,84.1700,84.1800,780400.0000,56.5139
08/16/2012,84.2400,84.2500,84.0000,84.0900,723800.0000,56.4535
08/17/2012,84.1600,84.2900,84.1600,84.2300,799100.0000,56.5475
08/20/2012,84.2100,84.2900,84.1700,84.1900,741100.0000,56.5207
08/21/2012,84.2400,84.3400,84.1200,84.3400,661500.0000,56.6213
08/22/2012,84.4700,84.7100,84.4600,84.6800,1242900.0000,56.8496
08/23/2012,84.7700,84.8000,84.7200,84.7200,1125400.0000,56.8765
08/24/2012,84.8600,84.8600,84.6900,84.7200,3865000.0000,56.8765
08/27/2012,84.8000,84.8600,84.7800,84.8500,715600.0000,56.9637
08/28/2012,84.8500,84.9200,84.8200,84.8800,1081700.0000,56.9838
08/29/2012,84.8500,84.8600,84.7500,84.8100,853600.0000,56.9369
08/30/2012,84.9000,84.9400,84.8500,84.8800,573200.0000,56.9838
08/31/2012,84.9300,85.1800,84.8900,85.1800,1176500.0000,57.1853
09/04/2012,84.9500,84.9900,84.8800,84.9400,2076400.0000,57.1476
09/05/2012,84.9300,85.0000,84.9000,84.9400,1049300.0000,57.1476
09/06/2012,84.8000,84.8000,84.6400,84.7400,2350400.0000,57.0131
09/07/2012,84.9300,84.9700,84.7400,84.7400,928300.0000,57.0131
09/10/2012,84.7400,84.7700,84.6500,84.7600,990500.0000,57.0265
09/11/2012,84.7600,84.7600,84.6500,84.6500,912300.0000,56.9525
09/12/2012,84.5500,84.5700,84.4800,84.5300,808600.0000,56.8717
09/13/2012,84.6100,84.7100,84.3000,84.7000,1350200.0000,56.9861
09/14/2012,84.5200,84.5200,84.2600,84.2800,2127500.0000,56.7036
09/17/2012,84.3400,84.4900,84.3400,84.4000,852900.0000,56.7843
09/18/2012,84.5700,84.6400,84.4700,84.5000,3447100.0000,56.8516
09/19/2012,84.6400,84.7100,84.6000,84.6100,1133600.0000,56.9256
09/20/2012,84.7500,84.7600,84.5800,84.6300,948600.0000,56.9390
09/21/2012,84.6300,84.7600,84.5800,84.7200,1264700.0000,56.9996
09/24/2012,84.7800,84.8400,84.7500,84.8100,1697300.0000,57.0601
09/25/2012,84.8600,84.9900,84.8000,84.9800,1235500.0000,57.1745
09/26/2012,85.1000,85.1700,85.0200,85.1200,1245800.0000,57.2687
09/27/2012,85.0700,85.1400,85.0500,85.0700,963400.0000,57.2351
09/28/2012,85.1500,85.1900,85.0400,85.1500,1426400.0000,57.2889
10/01/2012,84.9500,85.0500,84.9300,85.0400,994800.0000,57.3320
10/02/2012,84.9900,85.0500,84.9700,85.0400,771000.0000,57.3320
10/03/2012,84.9700,85.0800,84.9500,85.0100,1630200.0000,57.3118
10/04/2012,84.9800,85.0200,84.8700,84.8700,666500.0000,57.2174
10/05/2012,84.8200,84.8200,84.7300,84.7800,665100.0000,57.1567
10/08/2012,84.8400,84.9300,84.7500,84.8900,588800.0000,57.2309
10/09/2012,84.7500,84.8400,84.7400,84.7400,1113600.0000,57.1298
10/10/2012,84.7600,84.8900,84.6900,84.8700,633000.0000,57.2174
10/11/2012,84.8000,84.9400,84.7600,84.9400,821900.0000,57.2646
10/12/2012,85.0000,85.0300,84.9600,85.0000,2403700.0000,57.3051
10/15/2012,84.9800,85.0100,84.9400,84.9700,803000.0000,57.2848
10/16/2012,84.9400,84.9400,84.8000,84.8000,1308000.0000,57.1702
10/17/2012,84.7500,84.7600,84.5000,84.5900,5638300.0000,57.0287
10/18/2012,84.6500,84.6500,84.4800,84.5500,1367200.0000,57.0017
10/19/2012,84.5200,84.7400,84.5200,84.6800,1120200.0000,57.0893
10/22/2012,84.6700,84.6800,84.5300,84.5600,588400.0000,57.0085
10/23/2012,84.6900,84.7600,84.6300,84.7500,949800.0000,57.1365
10/24/2012,84.6900,84.7500,84.6800,84.7100,648000.0000,57.1096
10/25/2012,84.5300,84.6400,84.5000,84.5700,650900.0000,57.0152
10/26/2012,84.6400,84.7800,84.6100,84.7500,583800.0000,57.1365
10/31/2012,84.8900,84.9600,84.8000,84.8900,1030900.0000,57.2309
11/01/2012,84.7300,84.7800,84.6500,84.7600,1039100.0000,57.1433
11/02/2012,84.6900,84.8000,84.5800,84.7900,1107500.0000,57.1635
11/05/2012,84.8300,84.9400,84.8200,84.9200,1520800.0000,57.2511
11/06/2012,84.7900,84.8600,84.6100,84.6500,1074400.0000,57.0691
11/07/2012,85.0000,85.0200,84.8300,84.8500,1036900.0000,57.2040
11/08/2012,84.8500,85.0500,84.8200,84.9800,667800.0000,57.2916
11/09/2012,84.8800,84.9800,84.8200,84.9000,1533200.0000,57.2376
11/12/2012,84.9800,85.0400,84.9100,85.0300,842200.0000,57.3253
11/13/2012,85.0000,85.1000,84.9600,85.0200,3720600.0000,57.3186
11/14/2012,84.9200,85.0200,84.8700,85.0000,810800.0000,57.3051
11/15/2012,84.9100,85.0300,84.8800,84.9900,1045400.0000,57.2983
11/16/2012,84.9800,85.0500,84.9200,84.9500,1151500.0000,57.2714
11/19/2012,84.9000,84.9600,84.8500,84.9500,1094200.0000,57.2714
11/20/2012,84.9200,84.9400,84.7900,84.8200,770400.0000,57.1837
11/21/2012,84.7500,84.7700,84.7000,84.7300,643200.0000,57.1231
11/23/2012,84.6900,84.7800,84.6600,84.7500,664200.0000,57.1365
11/26/2012,84.8600,84.8700,84.7300,84.7300,951100.0000,57.1231
11/27/2012,84.8100,84.9200,84.8000,84.9000,873200.0000,57.2376
11/28/2012,84.9300,85.0000,84.9000,84.9500,803400.0000,57.2714
11/29/2012,84.9200,85.0200,84.9100,85.0000,921600.0000,57.3051
11/30/2012,85.0600,85.0700,84.9400,84.9400,976300.0000,57.2646
12/03/2012,84.7000,84.8600,84.6500,84.8400,2669300.0000,57.3099
12/04/2012,84.8900,84.9200,84.8500,84.9100,918000.0000,57.3572
12/05/2012,84.8600,84.9900,84.8600,84.9700,1058300.0000,57.3977
12/06/2012,85.0000,85.0400,84.9400,84.9700,771800.0000,57.3977
12/07/2012,84.8200,84.9000,84.7800,84.8100,1239200.0000,57.2896
12/10/2012,84.8600,84.8900,84.8100,84.8600,1378600.0000,57.3234
12/11/2012,84.7300,84.8300,84.7300,84.7900,2083600.0000,57.2761
12/12/2012,84.8000,84.8200,84.6100,84.6600,1105800.0000,57.1883
12/13/2012,84.5600,84.6300,84.4900,84.4900,1208700.0000,57.0735
12/14/2012,84.5400,84.6200,84.5100,84.5400,2883600.0000,57.1073
12/17/2012,84.5900,84.5900,84.3900,84.3900,1348100.0000,57.0059
12/18/2012,84.3200,84.3800,84.1900,84.2000,1772600.0000,56.8775
12/19/2012,84.2600,84.4400,84.2600,84.3800,2254500.0000,56.9992
12/20/2012,84.4700,84.5200,84.4000,84.4000,1117200.0000,57.0126
12/21/2012,84.5200,84.5700,84.4900,84.5200,1312800.0000,57.0937
12/24/2012,83.9100,83.9700,83.8900,83.9500,830100.0000,56.7087
12/26/2012,83.9500,84.0500,83.9500,84.0200,1009700.0000,56.7560
12/27/2012,84.0000,84.1700,83.9200,84.0900,965200.0000,56.8033
12/28/2012,84.1500,84.1600,84.0400,84.1100,1627500.0000,56.8168
12/31/2012,84.1300,84.1600,83.9600,84.0300,2099100.0000,56.7627
01/02/2013,83.7800,83.9400,83.7800,83.9000,1857300.0000,56.6749
01/03/2013,83.9100,83.9300,83.6500,83.6500,1908500.0000,56.5060
01/04/2013,83.6100,83.7800,83.5800,83.7800,1822700.0000,56.5938
01/07/2013,83.7100,83.7600,83.6600,83.7200,1866600.0000,56.5533
01/08/2013,83.7500,83.8500,83.7300,83.8000,1189000.0000,56.6073
01/09/2013,83.7700,83.8000,83.6800,83.7700,1439600.0000,56.5871
01/10/2013,83.7500,83.8000,83.6700,83.7700,1198700.0000,56.5871
01/11/2013,83.6700,83.8500,83.6700,83.8300,1385000.0000,56.6276
01/14/2013,83.8600,83.9300,83.8300,83.8300,893900.0000,56.6276
01/15/2013,83.9300,84.0000,83.9100,83.9400,1283200.0000,56.7019
01/16/2013,83.9900,84.0200,83.8800,83.9300,1136500.0000,56.6952
01/17/2013,83.8400,83.8600,83.7400,83.7900,1043700.0000,56.6006
01/18/2013,83.7900,83.9200,83.7900,83.9200,920000.0000,56.6884
01/22/2013,83.7900,83.9100,83.7800,83.8400,2053700.0000,56.6344
01/23/2013,83.9100,83.9800,83.9100,83.9700,1278200.0000,56.7222
01/24/2013,83.8900,83.9200,83.8300,83.8500,1061700.0000,56.6411
01/25/2013,83.6700,83.7100,83.5600,83.5800,1473000.0000,56.4587
01/28/2013,83.4000,83.5200,83.3700,83.4800,1427100.0000,56.3912
01/29/2013,83.4700,83.5500,83.3600,83.3900,1082600.0000,56.3304
01/30/2013,83.3400,83.3700,83.2500,83.3000,1626700.0000,56.2696
01/31/2013,83.4300,83.4500,83.3300,83.4500,1630700.0000,56.3709
02/01/2013,83.4400,83.4400,83.0500,83.0500,1840500.0000,56.2126
02/04/2013,83.2200,83.3600,83.1900,83.3400,1742600.0000,56.4088
02/05/2013,83.2600,83.2900,83.1700,83.2000,2385600.0000,56.3140
02/06/2013,83.3000,83.4300,83.2700,83.4000,2416200.0000,56.4495
02/07/2013,83.4000,83.4800,83.3600,83.4100,1047200.0000,56.4562
02/08/2013,83.3900,83.4200,83.2500,83.3900,892100.0000,56.4427
02/11/2013,83.3100,83.3700,83.2800,83.2900,2254800.0000,56.3750
02/12/2013,83.3100,83.3300,83.2400,83.3100,1120300.0000,56.3885
02/13/2013,83.2100,83.2600,83.1600,83.2000,1154500.0000,56.3140
02/14/2013,83.2000,83.3300,83.2000,83.3200,945500.0000,56.3953
02/15/2013,83.2700,83.3200,83.1900,83.2500,2579400.0000,56.3479
02/19/2013,83.3000,83.3200,83.1900,83.2200,1055800.0000,56.3276
02/20/2013,83.1700,83.3200,83.1700,83.2800,944600.0000,56.3682
02/21/2013,83.3800,83.4000,83.3100,83.3600,803000.0000,56.4224
02/22/2013,83.4000,83.4200,83.3600,83.4000,829500.0000,56.4495
02/25/2013,83.3600,83.7100,83.3100,83.6700,1017700.0000,56.6322
02/26/2013,83.6200,83.8000,83.6200,83.7100,1070500.0000,56.6593
02/27/2013,83.8000,83.8000,83.6100,83.6900,691400.0000,56.6458
02/28/2013,83.7300,83.7500,83.6600,83.7300,628400.0000,56.6728
03/01/2013,83.6200,83.6700,83.5400,83.6200,839700.0000,56.7040
03/04/2013,83.6600,83.6700,83.6000,83.6000,914700.0000,56.6905
03/05/2013,83.6000,83.6100,83.5300,83.5500,1009500.0000,56.6565
03/06/2013,83.4900,83.5200,83.4100,83.4100,919600.0000,56.5616
03/07/2013,83.3600,83.3800,83.2600,83.2900,764800.0000,56.4803
03/08/2013,83.1200,83.1500,82.9000,83.0600,6339500.0000,56.3243
03/11/2013,83.0400,83.1400,83.0200,83.0200,1668900.0000,56.2971
03/12/2013,83.0700,83.1800,83.0700,83.1800,1214000.0000,56.4057
03/13/2013,83.1100,83.1800,83.0600,83.0800,1287700.0000,56.3379
03/14/2013,83.0700,83.1700,83.0400,83.1100,1735500.0000,56.3582
03/15/2013,83.1100,83.2500,83.1100,83.2100,894000.0000,56.4259
03/18/2013,83.3200,83.3900,83.3000,83.3700,1176100.0000,56.5345
03/19/2013,83.4200,83.5500,83.4000,83.4200,2258800.0000,56.5684
03/20/2013,83.4000,83.4400,83.3400,83.3400,819100.0000,56.5142
03/21/2013,83.4500,83.4500,83.3400,83.3600,1017000.0000,56.5277
03/22/2013,83.4000,83.4600,83.3500,83.4400,722900.0000,56.5819
03/25/2013,83.3800,83.4800,83.3600,83.4300,1071500.0000,56.5751
03/26/2013,83.4000,83.4800,83.3500,83.4600,655500.0000,56.5955
03/27/2013,83.5000,83.6300,83.4900,83.6300,1096500.0000,56.7108
03/28/2013,83.6000,83.6600,83.5500,83.6400,906400.0000,56.7176
04/01/2013,83.2800,83.4400,83.2800,83.4100,1056100.0000,56.7693
04/02/2013,83.3700,83.4200,83.3200,83.4200,2004900.0000,56.7761
04/03/2013,83.4300,83.5800,83.4200,83.4700,1293900.0000,56.8101
04/04/2013,83.5800,83.7400,83.5800,83.7100,784400.0000,56.9735
04/05/2013,83.9700,83.9900,83.9100,83.9400,1041600.0000,57.1300
04/08/2013,83.9400,84.0000,83.8600,83.9000,1088700.0000,57.1028
04/09/2013,83.8500,83.9200,83.7800,83.8100,1455400.0000,57.0416
04/10/2013,83.7600,83.7600,83.6300,83.6500,864100.0000,56.9326
04/11/2013,83.6600,83.7000,83.6400,83.6900,1152300.0000,56.9598
04/12/2013,83.7200,83.8900,83.7200,83.8900,1110300.0000,57.0960
04/15/2013,83.8500,83.9900,83.8500,83.9800,1435800.0000,57.1573
04/16/2013,83.9200,83.9900,83.8900,83.9600,893700.0000,57.1436
04/17/2013,83.9300,84.0800,83.9300,84.0000,916300.0000,57.1709
04/18/2013,84.0100,84.0700,83.9800,84.0500,744700.0000,57.2049
04/19/2013,84.0600,84.0600,83.9700,83.9800,1219800.0000,57.1573
04/22/2013,84.0600,84.0900,84.0300,84.0900,872500.0000,57.2321
04/23/2013,84.0900,84.1700,83.9900,84.0700,899100.0000,57.2185
04/24/2013,84.0100,84.1000,84.0000,84.0500,851500.0000,57.2049
04/25/2013,84.0500,84.0500,83.9800,84.0000,875200.0000,57.1709
04/26/2013,84.0800,84.1600,84.0600,84.1100,732500.0000,57.2457
04/29/2013,84.1900,84.2400,84.1600,84.1800,697900.0000,57.2933
04/30/2013,84.0900,84.2500,84.0900,84.1800,792600.0000,57.2933
05/01/2013,84.1000,84.1600,84.0800,84.1600,872300.0000,57.3902
05/02/2013,84.1500,84.1900,84.1100,84.1800,801900.0000,57.4038
05/03/2013,83.9900,83.9900,83.7800,83.7800,894100.0000,57.1310
05/06/2013,83.8000,83.8100,83.6900,83.7700,1101900.0000,57.1242
05/07/2013,83.6900,83.7400,83.6600,83.6900,1174000.0000,57.0697
05/08/2013,83.7100,83.7900,83.6900,83.7700,792000.0000,57.1242
05/09/2013,83.7400,83.8000,83.6300,83.6400,830200.0000,57.0356
05/10/2013,83.6200,83.6200,83.3500,83.4300,804900.0000,56.8924
05/13/2013,83.3200,83.3700,83.3000,83.3400,962500.0000,56.8311
05/14/2013,83.3300,83.3800,83.1500,83.1800,1085600.0000,56.7219
05/15/2013,83.2200,83.3000,83.1400,83.2800,1295000.0000,56.7901
05/16/2013,83.3300,83.4800,83.3300,83.4000,1367000.0000,56.8719
05/17/2013,83.3700,83.3800,83.2000,83.2200,920800.0000,56.7492
05/20/2013,83.2900,83.3400,83.1200,83.2000,1911900.0000,56.7355
05/21/2013,83.1500,83.3200,83.1000,83.2800,757500.0000,56.7901
05/22/2013,83.3000,83.4100,82.9700,83.0000,1320000.0000,56.5992
05/23/2013,83.0800,83.1200,82.9300,82.9900,1309000.0000,56.5924
05/24/2013,83.0100,83.1200,82.9600,83.0000,941100.0000,56.5992
05/28/2013,82.9400,82.9500,82.5000,82.5400,943200.0000,56.2855
05/29/2013,82.5000,82.6200,82.4400,82.6100,1453200.0000,56.3332
05/30/2013,82.5600,82.6700,82.5300,82.5400,1593200.0000,56.2855
05/31/2013,82.6200,82.6500,82.1900,82.4000,1391000.0000,56.1900
06/03/2013,82.1000,82.2900,82.0400,82.1600,2786500.0000,56.1388
06/04/2013,82.1700,82.2100,82.0700,82.1300,1378500.0000,56.1183
06/05/2013,82.1100,82.2300,82.0900,82.1000,1224100.0000,56.0978
06/06/2013,82.1600,82.4000,82.0700,82.2100,1101400.0000,56.1729
06/07/2013,82.1000,82.2600,81.9600,82.0000,1194600.0000,56.0294
06/10/2013,81.8500,81.9200,81.7800,81.7900,996500.0000,55.8859
06/11/2013,81.5700,81.8300,81.5000,81.8300,2045800.0000,55.9132
06/12/2013,81.7400,81.8300,81.6100,81.6700,1255800.0000,55.8040
06/13/2013,81.7800,82.0600,81.7400,82.0300,1600400.0000,56.0499
06/14/2013,82.1000,82.1900,82.0600,82.1200,1128700.0000,56.1114
06/17/2013,82.1400,82.1800,82.0100,82.0600,1028600.0000,56.0704
06/18/2013,81.8800,82.0300,81.8700,81.9900,1328400.0000,56.0226
06/19/2013,82.0100,82.0600,81.3300,81.5100,1557800.0000,55.6947
06/20/2013,80.9100,81.0800,80.7600,80.7700,1505200.0000,55.1890
06/21/2013,80.8500,80.9000,80.4200,80.4400,1687300.0000,54.9635
06/24/2013,79.9400,80.3400,79.7900,80.0500,3496300.0000,54.6970
06/25/2013,80.2900,80.3300,80.0900,80.2400,6285500.0000,54.8268
06/26/2013,80.6900,80.6900,80.3400,80.5200,2360500.0000,55.0182
06/27/2013,80.6800,80.8400,80.6500,80.8400,895100.0000,55.2368
06/28/2013,80.7100,80.9700,80.6000,80.8800,1066100.0000,55.2641
07/01/2013,80.6600,80.8800,80.6500,80.8500,1415900.0000,55.3579
07/02/2013,80.8800,80.9500,80.8300,80.8700,874000.0000,55.3716
07/03/2013,80.8800,80.9600,80.8000,80.8100,562300.0000,55.3306
07/05/2013,80.1400,80.2000,79.8800,79.9100,1563000.0000,54.7143
07/08/2013,80.0600,80.3300,80.0600,80.2700,1975500.0000,54.9608
07/09/2013,80.3600,80.4200,80.3200,80.3600,1352500.0000,55.0225
07/10/2013,80.3800,80.4100,80.1600,80.1600,3070900.0000,54.8855
07/11/2013,80.5400,80.7000,80.4600,80.7000,1029600.0000,55.2552
07/12/2013,80.7400,80.8100,80.5000,80.5900,1393700.0000,55.1799
07/15/2013,80.6600,80.8200,80.6400,80.8100,2293200.0000,55.3306
07/16/2013,80.8700,80.9400,80.8400,80.9300,1929100.0000,55.4128
07/17/2013,81.1300,81.2000,81.0400,81.1100,1612200.0000,55.5360
07/18/2013,81.1300,81.1400,80.9200,80.9800,1372000.0000,55.4470
07/19/2013,81.0000,81.1900,81.0000,81.1900,1412000.0000,55.5908
07/22/2013,81.1500,81.2900,81.1500,81.2400,1041200.0000,55.6250
07/23/2013,81.1400,81.2500,81.1000,81.2200,1570700.0000,55.6113
07/24/2013,81.0200,81.0400,80.8300,80.9600,1171100.0000,55.4333
07/25/2013,80.7900,80.9900,80.7800,80.9300,777300.0000,55.4128
07/26/2013,81.0000,81.0400,80.9200,80.9900,1013900.0000,55.4538
07/29/2013,80.9700,80.9900,80.8700,80.9800,1536900.0000,55.4470
07/30/2013,80.9400,81.0000,80.8300,80.9300,1289700.0000,55.4128
07/31/2013,80.6000,81.0200,80.6000,81.0200,1400500.0000,55.4744
08/01/2013,80.6000,80.6800,80.3700,80.4600,1449800.0000,55.2040
08/02/2013,80.6100,80.7700,80.6100,80.7200,1042700.0000,55.3824
08/05/2013,80.7200,80.7700,80.6100,80.7500,1503100.0000,55.4030
08/06/2013,80.6600,80.7100,80.6100,80.7000,824900.0000,55.3687
08/07/2013,80.7200,80.8300,80.7100,80.8200,925100.0000,55.4510
08/08/2013,80.8600,80.9600,80.8400,80.8600,731600.0000,55.4785
08/09/2013,80.7900,80.9700,80.7700,80.9600,746900.0000,55.5471
08/12/2013,80.9500,81.0000,80.7800,80.8100,1036200.0000,55.4442
08/13/2013,80.6300,80.6300,80.4600,80.5300,900800.0000,55.2520
08/14/2013,80.5100,80.5600,80.4600,80.4900,809100.0000,55.2246
08/15/2013,80.2500,80.3500,80.1400,80.2000,913900.0000,55.0256
08/16/2013,80.2100,80.2400,79.8800,79.9900,813800.0000,54.8816
08/19/2013,79.8900,79.9300,79.7300,79.7600,766500.0000,54.7238
08/20/2013,79.8700,79.9900,79.8400,79.9900,982500.0000,54.8816
08/21/2013,79.8900,79.9600,79.6800,79.6800,737300.0000,54.6689
08/22/2013,79.6900,79.7900,79.6000,79.7600,751500.0000,54.7238
08/23/2013,79.7000,80.0300,79.6600,79.9900,1628700.0000,54.8816
08/26/2013,80.1200,80.1500,80.0400,80.1300,683400.0000,54.9776
08/27/2013,80.2100,80.3700,80.1600,80.3300,731300.0000,55.1148
08/28/2013,80.2400,80.2500,80.1200,80.1900,768800.0000,55.0188
08/29/2013,80.0200,80.3100,80.0200,80.2700,855000.0000,55.0737
08/30/2013,80.2600,80.3400,80.1500,80.1600,1216800.0000,54.9982
09/03/2013,79.8900,79.9100,79.6300,79.8100,1608800.0000,54.8751
09/04/2013,79.8700,79.9000,79.6500,79.7100,810100.0000,54.8063
09/05/2013,79.4700,79.5200,79.1400,79.1600,1637700.0000,54.4282
09/06/2013,79.5000,79.6200,79.4300,79.4600,954100.0000,54.6345
09/09/2013,79.6800,79.7000,79.6100,79.6600,989800.0000,54.7720
09/10/2013,79.5900,79.6400,79.4400,79.4900,1120800.0000,54.6551
09/11/2013,79.6000,79.7100,79.5000,79.7100,1474000.0000,54.8063
09/12/2013,79.7900,79.8500,79.6600,79.6900,757000.0000,54.7926
09/13/2013,79.7200,79.8300,79.7000,79.8200,1067000.0000,54.8820
09/16/2013,80.2100,80.2200,79.8700,79.9200,816700.0000,54.9508
09/17/2013,80.0000,80.0100,79.9000,79.9900,952700.0000,54.9989
09/18/2013,79.9900,80.7100,79.8400,80.6300,1103800.0000,55.4389
09/19/2013,80.7700,80.7700,80.4900,80.5400,1050200.0000,55.3771
09/20/2013,80.5200,80.5700,80.4400,80.5300,560900.0000,55.3702
09/23/2013,80.4900,80.6300,80.4900,80.5900,833000.0000,55.4114
09/24/2013,80.7000,80.8200,80.6500,80.7600,1052900.0000,55.5283
09/25/2013,80.8000,80.9500,80.7700,80.9300,788300.0000,55.6452
09/26/2013,80.8000,80.8500,80.7700,80.8100,679000.0000,55.5627
09/27/2013,80.8000,80.9100,80.7800,80.8300,488200.0000,55.5765
09/30/2013,80.8300,80.8900,80.7400,80.8800,1218500.0000,55.6108
10/01/2013,80.6500,80.6900,80.5500,80.6100,1146300.0000,55.5433
10/02/2013,80.6600,80.7800,80.6500,80.7000,984500.0000,55.6053
10/03/2013,80.6300,80.7600,80.6200,80.7400,6070900.0000,55.6329
10/04/2013,80.6200,80.6800,80.6000,80.6500,749000.0000,55.5709
10/07/2013,80.8300,80.8400,80.6900,80.7100,840000.0000,55.6122
10/08/2013,80.6600,80.7600,80.6400,80.6800,841700.0000,55.5915
10/09/2013,80.7000,80.7200,80.5800,80.6300,1117400.0000,55.5571
10/10/2013,80.5200,80.6800,80.4900,80.6500,899700.0000,55.5709
10/11/2013,80.7500,80.8200,80.6600,80.6800,762600.0000,55.5915
10/14/2013,80.6800,80.7000,80.4700,80.5200,486600.0000,55.4813
10/15/2013,80.6300,80.6500,80.5000,80.5000,939600.0000,55.4675
10/16/2013,80.5200,80.8400,80.4800,80.8400,936300.0000,55.7018
10/17/2013,80.9800,81.1400,80.9500,81.1200,717600.0000,55.8947
10/18/2013,81.1800,81.2500,81.1400,81.2100,805700.0000,55.9567
10/21/2013,81.2000,81.2000,81.1000,81.1100,952900.0000,55.8878
10/22/2013,81.3200,81.4300,81.3200,81.3700,763900.0000,56.0670
10/23/2013,81.4500,81.5300,81.4000,81.4100,741100.0000,56.0945
10/24/2013,81.5200,81.5300,81.3800,81.4100,706500.0000,56.0945
10/25/2013,81.4600,81.5100,81.4200,81.5000,703100.0000,56.1566
10/28/2013,81.4400,81.5200,81.4200,81.4300,943100.0000,56.1083
10/29/2013,81.4000,81.4900,81.3800,81.4900,683700.0000,56.1496
10/30/2013,81.5400,81.5900,81.3200,81.4000,907100.0000,56.0876
10/31/2013,81.4700,81.5300,81.3100,81.4000,1615500.0000,56.0876
11/01/2013,81.1600,81.1900,81.0000,81.0000,1010100.0000,55.9364
11/04/2013,81.0600,81.1100,81.0200,81.0500,701100.0000,55.9709
11/05/2013,81.0000,81.0000,80.8100,80.8100,2158400.0000,55.8052
11/06/2013,80.9400,80.9900,80.9000,80.9500,1300300.0000,55.9019
11/07/2013,81.0400,81.1200,80.9900,81.1100,839300.0000,56.0124
11/08/2013,80.6900,80.7000,80.5600,80.5800,2391600.0000,55.6464
11/11/2013,80.5900,80.5900,80.5000,80.5100,1695300.0000,55.5980
11/12/2013,80.4500,80.5400,80.4300,80.4700,1787400.0000,55.5704
11/13/2013,80.6500,80.7200,80.6000,80.6900,1375900.0000,55.7224
11/14/2013,80.8000,80.9400,80.7600,80.9200,1175300.0000,55.8812
11/15/2013,80.9300,80.9600,80.8700,80.9500,818600.0000,55.9019
11/18/2013,80.9700,81.1200,80.9700,81.1000,875500.0000,56.0055
11/19/2013,81.0300,81.0600,80.8800,80.9400,820200.0000,55.8950
11/20/2013,80.9000,81.0400,80.6800,80.7200,1025000.0000,55.7430
11/21/2013,80.6700,80.7700,80.5700,80.7200,3170500.0000,55.7430
11/22/2013,80.7800,80.9000,80.7700,80.9000,1977800.0000,55.8674
11/25/2013,80.9000,80.9900,80.8900,80.9600,1588700.0000,55.9088
11/26/2013,80.9800,81.0600,80.9700,80.9700,1177800.0000,55.9157
11/27/2013,81.0200,81.0300,80.8400,80.9400,1571100.0000,55.8950
11/29/2013,80.8100,81.0000,80.8100,80.9800,1058600.0000,55.9226
12/02/2013,80.6600,80.7100,80.5000,80.5000,1297500.0000,55.7115
12/03/2013,80.5900,80.6700,80.5500,80.5800,1043700.0000,55.7669
12/04/2013,80.3900,80.4800,80.3400,80.4600,1816600.0000,55.6838
12/05/2013,80.4000,80.4500,80.3100,80.3200,2193800.0000,55.5870
12/06/2013,80.3600,80.4700,80.3100,80.4400,1622700.0000,55.6700
12/09/2013,80.5200,80.5600,80.4700,80.5200,957100.0000,55.7254
12/10/2013,80.6800,80.7200,80.6000,80.6900,957400.0000,55.8430
12/11/2013,80.6500,80.6700,80.5200,80.5500,1326200.0000,55.7462
12/12/2013,80.4200,80.4700,80.3300,80.3400,1917600.0000,55.6008
12/13/2013,80.4300,80.4700,80.3800,80.4300,1117500.0000,55.6631
12/16/2013,80.5000,80.5500,80.4200,80.4600,1865100.0000,55.6838
12/17/2013,80.4900,80.6200,80.4600,80.6100,2186000.0000,55.7877
12/18/2013,80.5300,80.7400,80.4200,80.5800,1787000.0000,55.7669
12/19/2013,80.3600,80.4700,80.3100,80.4300,1591400.0000,55.6631
12/20/2013,80.4900,80.5900,80.4400,80.5800,1135800.0000,55.7669
12/23/2013,80.5600,80.6100,80.4400,80.4800,3419000.0000,55.6977
12/24/2013,80.1600,80.1600,80.0700,80.0700,575000.0000,55.5804
12/26/2013,80.0400,80.0700,79.9500,79.9500,2086900.0000,55.4971
12/27/2013,79.9300,80.0100,79.9000,79.9500,1983400.0000,55.4971
12/30/2013,80.0400,80.1000,80.0100,80.0800,2818200.0000,55.5873
12/31/2013,80.0600,80.1300,79.9800,80.0500,1633600.0000,55.5665
01/02/2014,80.1000,80.1800,80.0500,80.1200,1413300.0000,55.6151
01/03/2014,80.0800,80.2100,80.0600,80.1300,1577300.0000,55.6220
01/06/2014,80.2000,80.2600,80.1500,80.2000,1287400.0000,55.6706
01/07/2014,80.2700,80.3000,80.2200,80.3000,2719600.0000,55.7400
01/08/2014,80.1400,80.1600,80.0400,80.0400,3472700.0000,55.5595
01/09/2014,80.1500,80.2200,80.0800,80.1900,1043900.0000,55.6637
01/10/2014,80.4600,80.5800,80.4300,80.5800,1374900.0000,55.9344
01/13/2014,80.6300,80.7600,80.6000,80.6900,784400.0000,56.0107
01/14/2014,80.6900,80.7100,80.5600,80.5700,798700.0000,55.9275
01/15/2014,80.4900,80.5700,80.4500,80.5200,780600.0000,55.8927
01/16/2014,80.6500,80.7000,80.6300,80.7000,988200.0000,56.0177
01/17/2014,80.6900,80.7900,80.6400,80.7900,668600.0000,56.0801
01/21/2014,80.7400,80.8500,80.7300,80.7900,2570400.0000,56.0801
01/22/2014,80.7000,80.7400,80.6400,80.6500,1637900.0000,55.9830
01/23/2014,80.7800,80.9900,80.7800,80.8700,1552800.0000,56.1357
01/24/2014,81.0000,81.1100,80.9900,81.0800,1174900.0000,56.2814
01/27/2014,81.0700,81.1200,80.9100,80.9300,8599900.0000,56.1774
01/28/2014,81.0100,81.0400,80.9200,81.0000,4081300.0000,56.2259
01/29/2014,81.1100,81.2400,81.0500,81.1800,3245200.0000,56.3509
01/30/2014,81.1200,81.1800,81.0500,81.1800,2204000.0000,56.3509
01/31/2014,81.2200,81.3300,81.2200,81.2900,3366900.0000,56.4272
02/03/2014,81.1200,81.3800,81.0600,81.3800,4118600.0000,56.6088
02/04/2014,81.3000,81.3200,81.2100,81.2500,1923700.0000,56.5184
02/05/2014,81.2400,81.2600,81.0800,81.0800,1353800.0000,56.4001
02/06/2014,81.0500,81.0800,80.9800,81.0500,2321400.0000,56.3792
02/07/2014,81.0800,81.2000,81.0500,81.1500,921100.0000,56.4488
02/10/2014,81.1500,81.2100,81.1100,81.2000,1302200.0000,56.4836
02/11/2014,81.0300,81.0700,80.9700,81.0300,5401900.0000,56.3654
02/12/2014,80.9500,80.9500,80.8000,80.8900,3057200.0000,56.2679
02/13/2014,81.0200,81.1000,81.0100,81.0900,3466300.0000,56.4071
02/14/2014,81.1100,81.1200,81.0400,81.0600,4205900.0000,56.3862
02/18/2014,81.1000,81.2200,81.0800,81.1700,2767900.0000,56.4627
02/19/2014,81.2600,81.3500,81.0800,81.1000,1985600.0000,56.4140
02/20/2014,81.0500,81.1000,80.9600,81.0900,1079500.0000,56.4071
02/21/2014,81.0000,81.1500,80.9800,81.1500,592600.0000,56.4488
02/24/2014,81.1400,81.1500,81.0800,81.1300,3138000.0000,56.4349
02/25/2014,81.2300,81.3200,81.1900,81.2900,1424300.0000,56.5462
02/26/2014,81.2700,81.4700,81.2700,81.4600,987100.0000,56.6644
02/27/2014,81.5600,81.5600,81.4700,81.5600,670700.0000,56.7340
02/28/2014,81.4900,81.5000,81.3900,81.5000,2445800.0000,56.6923
03/03/2014,81.4400,81.5300,81.3600,81.5000,1398800.0000,56.8122
03/04/2014,81.3700,81.3800,81.2100,81.2200,1083400.0000,56.6170
03/05/2014,81.2000,81.3300,81.1400,81.3300,1623500.0000,56.6937
03/06/2014,81.1400,81.1800,81.0800,81.1300,1739100.0000,56.5542
03/07/2014,80.9000,80.9500,80.8600,80.8900,1926100.0000,56.3869
03/10/2014,80.9000,80.9500,80.8800,80.9400,2006400.0000,56.4218
03/11/2014,80.9400,80.9700,80.8800,80.9300,2263600.0000,56.4148
03/12/2014,81.0600,81.1200,81.0100,81.1000,2303700.0000,56.5333
03/13/2014,81.0100,81.3600,81.0100,81.3400,2204100.0000,56.7006
03/14/2014,81.4100,81.4300,81.2800,81.2900,1835300.0000,56.6658
03/17/2014,81.2600,81.2900,81.1600,81.1800,2693700.0000,56.5891
03/18/2014,81.2000,81.2900,81.1800,81.2700,1487900.0000,56.6518
03/19/2014,81.2500,81.2600,80.8500,80.8900,2357300.0000,56.3869
03/20/2014,80.9000,80.9100,80.8100,80.8200,826700.0000,56.3381
03/21/2014,80.8900,81.0600,80.8600,81.0500,1149700.0000,56.4984
03/24/2014,80.9500,81.1100,80.9200,81.0600,4480700.0000,56.5055
03/25/2014,81.0300,81.1400,81.0000,81.0400,1477200.0000,56.4915
03/26/2014,81.1300,81.2900,81.1000,81.2600,3725100.0000,56.6449
03/27/2014,81.2300,81.3700,81.2000,81.3400,2935700.0000,56.7006
03/28/2014,81.3700,81.3700,81.1400,81.1900,1387200.0000,56.5961
03/31/2014,81.1000,81.2200,81.0600,81.1900,2791900.0000,56.5961
04/01/2014,80.9400,80.9700,80.8800,80.9100,2824000.0000,56.5332
04/02/2014,80.8500,80.8800,80.7100,80.7500,3058800.0000,56.4214
04/03/2014,80.7900,80.8700,80.7500,80.8200,1978900.0000,56.4703
04/04/2014,80.9400,81.1100,80.9400,81.0600,936500.0000,56.6380
04/07/2014,81.0900,81.2500,81.0900,81.2100,1099400.0000,56.7428
04/08/2014,81.2300,81.3000,81.1600,81.2700,674200.0000,56.7847
04/09/2014,81.1900,81.3200,81.1300,81.2500,3904300.0000,56.7707
04/10/2014,81.3600,81.5700,81.3200,81.5000,1101400.0000,56.9454
04/11/2014,81.6000,81.6200,81.4900,81.5500,1570700.0000,56.9804
04/14/2014,81.5400,81.5900,81.4900,81.5400,2437000.0000,56.9734
04/15/2014,81.4800,81.6700,81.4600,81.5800,2219600.0000,57.0013
04/16/2014,81.4700,81.5600,81.4500,81.5300,2892500.0000,56.9664
04/17/2014,81.5700,81.5700,81.2500,81.3200,1054500.0000,56.8196
04/21/2014,81.3300,81.4200,81.3000,81.3400,3440000.0000,56.8336
04/22/2014,81.2600,81.3500,81.2400,81.3400,1573300.0000,56.8336
04/23/2014,81.4100,81.5100,81.4000,81.4700,1792600.0000,56.9244
04/24/2014,81.3900,81.4900,81.3500,81.4900,814300.0000,56.9384
04/25/2014,81.5400,81.6300,81.5100,81.5200,1456300.0000,56.9594
04/28/2014,81.4900,81.5400,81.4000,81.4300,851800.0000,56.8965
04/29/2014,81.3400,81.4800,81.3400,81.4700,840500.0000,56.9244
04/30/2014,81.5400,81.6500,81.4800,81.6500,1861000.0000,57.0502
05/01/2014,81.5000,81.6900,81.4800,81.6700,1774100.0000,57.1889
05/02/2014,81.5300,81.8000,81.4700,81.7600,1517900.0000,57.2519
05/05/2014,81.7800,81.7900,81.6300,81.6700,1813300.0000,57.1889
05/06/2014,81.7000,81.7700,81.6800,81.7500,1304000.0000,57.2449
05/07/2014,81.7500,81.8600,81.7000,81.7900,1070900.0000,57.2729
05/08/2014,81.8600,81.9500,81.7700,81.8300,1937800.0000,57.3009
05/09/2014,81.7800,81.8100,81.7200,81.7300,1523700.0000,57.2309
05/12/2014,81.6900,81.7000,81.5900,81.6500,996800.0000,57.1749
05/13/2014,81.7200,81.8100,81.7200,81.8000,1551700.0000,57.2799
05/14/2014,81.9100,82.0800,81.9100,82.0100,1266000.0000,57.4270
05/15/2014,82.1000,82.2800,82.1000,82.1600,1113300.0000,57.5320
05/16/2014,82.1500,82.2100,82.1100,82.1600,754200.0000,57.5320
05/19/2014,82.2400,82.2700,82.1000,82.1300,1171300.0000,57.5110
05/20/2014,82.0600,82.2300,82.0600,82.1700,1292900.0000,57.5390
05/21/2014,82.0400,82.1100,82.0100,82.1000,1189300.0000,57.4900
05/22/2014,82.0800,82.1000,82.0000,82.0500,493300.0000,57.4550
05/23/2014,82.1000,82.1400,82.0600,82.1300,841900.0000,57.5110
05/27/2014,82.1400,82.2200,82.0600,82.2100,884200.0000,57.5670
05/28/2014,82.3200,82.5100,82.3200,82.4800,708300.0000,57.7561
05/29/2014,82.5000,82.6000,82.4000,82.4100,1413700.0000,57.7070
05/30/2014,82.3400,82.4000,82.3000,82.3300,1462600.0000,57.6510
06/02/2014,82.0600,82.1300,81.9300,81.9500,1071100.0000,57.5100
06/03/2014,81.8800,81.9000,81.7400,81.7500,652700.0000,57.3696
06/04/2014,81.8000,81.8100,81.6800,81.7600,1466400.0000,57.3766
06/05/2014,81.7400,81.8800,81.7300,81.8500,611600.0000,57.4398
06/06/2014,82.0000,82.0200,81.8200,81.8400,1039800.0000,57.4328
06/09/2014,81.8200,81.8200,81.7100,81.7700,1205400.0000,57.3836
06/10/2014,81.6700,81.7000,81.6000,81.6100,1505400.0000,57.2714
06/11/2014,81.7100,81.7300,81.6200,81.6400,1646000.0000,57.2924
06/12/2014,81.7000,81.8900,81.6500,81.8500,1693500.0000,57.4398
06/13/2014,81.6800,81.8600,81.6700,81.8300,835600.0000,57.4258
06/16/2014,81.8000,81.8700,81.7600,81.8100,3534000.0000,57.4117
06/17/2014,81.7200,81.7400,81.6200,81.6200,612900.0000,57.2784
06/18/2014,81.7100,81.8500,81.6600,81.8300,1495900.0000,57.4258
06/19/2014,81.9600,81.9700,81.6900,81.7600,3345400.0000,57.3766
06/20/2014,81.7000,81.8200,81.7000,81.8100,2863700.0000,57.4117
06/23/2014,81.9000,81.9100,81.7600,81.7800,1136900.0000,57.3907
06/24/2014,81.8900,81.9500,81.8000,81.9300,1305800.0000,57.4960
06/25/2014,82.1100,82.1300,81.9900,82.0400,1928000.0000,57.5731
06/26/2014,82.1100,82.2000,82.0700,82.1500,533200.0000,57.6503
06/27/2014,82.2000,82.2400,82.1300,82.1500,633900.0000,57.6503
06/30/2014,82.2000,82.2300,82.1300,82.2200,904900.0000,57.6995
07/01/2014,81.9200,81.9800,81.8700,81.8900,1288100.0000,57.5883
07/02/2014,81.8000,81.8000,81.6600,81.6700,981800.0000,57.4336
07/03/2014,81.5500,81.6400,81.5000,81.5700,667100.0000,57.3633
07/07/2014,81.6400,81.6900,81.6300,81.6700,1656900.0000,57.4336
07/08/2014,81.8100,81.8800,81.7800,81.8200,1397600.0000,57.5391
07/09/2014,81.8100,81.9300,81.7500,81.9000,1275800.0000,57.5954
07/10/2014,82.0100,82.0500,81.9000,81.9200,665400.0000,57.6094
07/11/2014,82.0300,82.1000,81.9900,82.0400,958600.0000,57.6938
07/14/2014,82.0000,82.0000,81.8900,81.9200,994700.0000,57.6094
07/15/2014,81.8700,81.9800,81.7900,81.8600,3125400.0000,57.5673
07/16/2014,81.8900,81.9200,81.8400,81.8900,767200.0000,57.5883
07/17/2014,82.0500,82.1700,81.9800,82.1100,841700.0000,57.7431
07/18/2014,82.1500,82.1500,82.0200,82.1100,1146600.0000,57.7431
07/21/2014,82.1300,82.2200,82.1100,82.1100,2327800.0000,57.7431
07/22/2014,82.1700,82.2200,82.0900,82.2200,776700.0000,57.8204
07/23/2014,82.2600,82.2900,82.1700,82.1800,1361700.0000,57.7923
07/24/2014,82.1000,82.1000,81.9800,82.0200,800900.0000,57.6798
07/25/2014,82.1300,82.1800,82.0900,82.1700,1414500.0000,57.7852
07/28/2014,82.2000,82.2200,82.0900,82.1500,1249900.0000,57.7712
07/29/2014,82.2300,82.2700,82.1200,82.2200,1271300.0000,57.8204
07/30/2014,82.0700,82.0700,81.8500,81.9100,1913600.0000,57.6024
07/31/2014,81.7700,81.9200,81.7500,81.8200,3113700.0000,57.5391
08/01/2014,81.7800,81.9600,81.6600,81.9200,3550300.0000,57.7308
08/04/2014,81.9700,82.0900,81.9300,82.0300,4089900.0000,57.8083
08/05/2014,81.9700,82.0200,81.8700,81.9200,3960800.0000,57.7308
08/06/2014,82.0400,82.0800,81.9800,82.0100,2925900.0000,57.7943
08/07/2014,82.0500,82.2000,81.9900,82.1900,2207500.0000,57.9211
08/08/2014,82.2300,82.3300,82.1200,82.1300,1608500.0000,57.8788
08/11/2014,82.1800,82.2300,82.1100,82.1700,928800.0000,57.9070
08/12/2014,82.1800,82.1800,82.0800,82.1000,2365300.0000,57.8577
08/13/2014,82.1700,82.2800,82.1200,82.2500,944100.0000,57.9633
08/14/2014,82.3700,82.3800,82.2100,82.3300,2623800.0000,58.0197
08/15/2014,82.3900,82.6400,82.3500,82.4800,6875700.0000,58.1254
08/18/2014,82.4100,82.4300,82.3000,82.3100,4011900.0000,58.0057
08/19/2014,82.4000,82.4100,82.2400,82.3000,1674900.0000,57.9986
08/20/2014,82.2600,82.2900,82.1300,82.1800,5183000.0000,57.9140
08/21/2014,82.2200,82.3100,82.2100,82.2700,3563500.0000,57.9774
08/22/2014,82.2700,82.3300,82.1300,82.2700,1193000.0000,57.9774
08/25/2014,82.3200,82.3400,82.2600,82.3000,1897400.0000,57.9986
08/26/2014,82.3800,82.3900,82.3000,82.3400,1317100.0000,58.0268
08/27/2014,82.4100,82.4900,82.3600,82.4700,1062900.0000,58.1184
08/28/2014,82.6000,82.6200,82.5200,82.5800,685500.0000,58.1959
08/29/2014,82.5400,82.6300,82.5300,82.5800,1081300.0000,58.1959
09/02/2014,82.2500,82.2500,82.1100,82.1200,1211100.0000,57.9975
09/03/2014,82.0900,82.2600,82.0600,82.2600,972800.0000,58.0963
09/04/2014,82.1900,82.2300,82.0800,82.1200,1882600.0000,57.9975
09/05/2014,82.1600,82.2100,82.0400,82.0900,1872800.0000,57.9762
09/08/2014,82.1900,82.2200,82.0100,82.0300,2740700.0000,57.9339
09/09/2014,81.9200,81.9700,81.8700,81.8900,1288600.0000,57.8350
09/10/2014,81.8000,81.8000,81.7400,81.7400,2719000.0000,57.7291
09/11/2014,81.8500,81.8600,81.6800,81.6800,2529000.0000,57.6867
09/12/2014,81.6000,81.6300,81.5100,81.5500,1921700.0000,57.5949
09/15/2014,81.6000,81.6300,81.5500,81.5900,2550500.0000,57.6231
09/16/2014,81.6000,81.6800,81.5500,81.5600,1077700.0000,57.6020
09/17/2014,81.6500,81.6900,81.4600,81.4600,2606500.0000,57.5313
09/18/2014,81.4700,81.4800,81.4100,81.4700,1802900.0000,57.5384
09/19/2014,81.5100,81.6400,81.4600,81.6400,1238900.0000,57.6585
09/22/2014,81.7000,81.7700,81.6700,81.7400,638400.0000,57.7291
09/23/2014,81.7800,81.8000,81.7200,81.7800,986900.0000,57.7573
09/24/2014,81.7900,81.8300,81.7000,81.7300,3552500.0000,57.7220
09/25/2014,81.8200,81.9400,81.8100,81.9300,3152500.0000,57.8633
09/26/2014,81.8500,81.9100,81.7700,81.8500,3500300.0000,57.8068
09/29/2014,81.9600,81.9800,81.9100,81.9500,9772600.0000,57.8774
09/30/2014,81.9300,82.0200,81.9000,81.9300,8536000.0000,57.8633
10/01/2014,81.9700,82.1300,81.9700,82.1200,5094500.0000,58.1117
10/02/2014,82.1800,82.2300,82.0400,82.0600,2731500.0000,58.0692
10/03/2014,81.9700,82.0700,81.9200,82.0100,3526900.0000,58.0338
10/06/2014,82.1000,82.2500,82.0500,82.2000,3645800.0000,58.1683
10/07/2014,82.3200,82.4500,82.2600,82.4100,3012400.0000,58.3169
10/08/2014,82.4600,82.6300,82.2900,82.6300,1586800.0000,58.4726
10/09/2014,82.5900,82.6100,82.4600,82.5000,2160900.0000,58.3806
10/10/2014,82.5000,82.5900,82.4800,82.5700,1538200.0000,58.4301
10/13/2014,82.6900,82.8400,82.6700,82.8100,1178400.0000,58.5999
10/14/2014,82.9000,82.9200,82.7900,82.9200,5402700.0000,58.6778
10/15/2014,83.5800,84.0700,83.0100,83.1100,5461400.0000,58.8122
10/16/2014,83.3500,83.3700,82.9100,82.9700,3699800.0000,58.7131
10/17/2014,82.9200,83.0000,82.8100,82.9100,2143400.0000,58.6707
10/20/2014,83.0200,83.0500,82.9200,82.9800,1379300.0000,58.7203
10/21/2014,82.9100,82.9700,82.8400,82.8600,1647700.0000,58.6353
10/22/2014,82.7500,82.8800,82.7400,82.8400,2292400.0000,58.6212
10/23/2014,82.7700,82.7700,82.5400,82.5900,6617200.0000,58.4442
10/24/2014,82.6500,82.7500,82.6000,82.6600,2202100.0000,58.4938
10/27/2014,82.6600,82.7100,82.6000,82.6300,2454200.0000,58.4726
10/28/2014,82.6400,82.6700,82.5700,82.5800,2201200.0000,58.4372
10/29/2014,82.5500,82.5600,82.3400,82.4400,2219900.0000,58.3381
10/30/2014,82.5500,82.5900,82.4700,82.5000,4741900.0000,58.3806
10/31/2014,82.4400,82.4700,82.3400,82.3600,4598600.0000,58.2815
11/03/2014,82.2000,82.2400,82.0400,82.1500,3063600.0000,58.2552
11/04/2014,82.2000,82.2800,82.1300,82.1300,3231100.0000,58.2411
11/05/2014,82.1600,82.2400,82.1100,82.2300,2566600.0000,58.3120
11/06/2014,82.1000,82.1700,82.0100,82.0400,2183500.0000,58.1772
11/07/2014,82.1600,82.3300,82.1200,82.3200,1772400.0000,58.3758
11/10/2014,82.3500,82.3600,82.1400,82.1500,2490600.0000,58.2552
11/11/2014,82.1000,82.2400,82.0900,82.1900,1102500.0000,58.2836
11/12/2014,82.2800,82.3200,82.1600,82.1800,809800.0000,58.2766
11/13/2014,82.2200,82.2900,82.1800,82.2400,1665300.0000,58.3190
11/14/2014,82.1900,82.3200,82.1500,82.2600,1519100.0000,58.3333
11/17/2014,82.3900,82.3900,82.2300,82.2600,1787000.0000,58.3333
11/18/2014,82.3400,82.3800,82.3000,82.3800,1607500.0000,58.4183
11/19/2014,82.2000,82.3400,82.1500,82.1700,1368600.0000,58.2694
11/20/2014,82.3700,82.4000,82.2100,82.2700,914900.0000,58.3403
11/21/2014,82.3100,82.4600,82.3100,82.4500,3286200.0000,58.4680
11/24/2014,82.3800,82.4900,82.3500,82.4600,1118300.0000,58.4751
11/25/2014,82.4200,82.6500,82.4000,82.6100,1010800.0000,58.5814
11/26/2014,82.7200,82.7800,82.7000,82.7300,1149600.0000,58.6666
11/28/2014,82.8200,82.9000,82.8100,82.8700,726300.0000,58.7658
12/01/2014,82.8100,82.8300,82.5700,82.5800,3682100.0000,58.6777
12/02/2014,82.5000,82.5000,82.3900,82.4000,5205900.0000,58.5499
12/03/2014,82.3700,82.4200,82.3300,82.3800,3877200.0000,58.5356
12/04/2014,82.4100,82.5700,82.3900,82.5200,1558300.0000,58.6351
12/05/2014,82.4000,82.4000,82.1800,82.2800,3695700.0000,58.4646
12/08/2014,82.3000,82.5000,82.2500,82.4500,2838200.0000,58.5853
12/09/2014,82.5300,82.6200,82.4400,82.4800,3727800.0000,58.6067
12/10/2014,82.5200,82.7300,82.5000,82.7000,4081900.0000,58.7630
12/11/2014,82.6000,82.6600,82.5100,82.6200,3280600.0000,58.7061
12/12/2014,82.8100,82.9800,82.7000,82.9000,6232900.0000,58.9051
12/15/2014,82.8400,82.8900,82.7100,82.7500,5511400.0000,58.7985
12/16/2014,82.9800,82.9800,82.7900,82.9400,6532800.0000,58.9335
12/17/2014,82.9100,82.9600,82.6800,82.7400,3942400.0000,58.7914
12/18/2014,82.6100,82.6600,82.5400,82.6100,1625500.0000,58.6990
12/19/2014,82.6000,82.7900,82.5800,82.7900,2204800.0000,58.8269
12/22/2014,82.7000,82.7900,82.6800,82.7500,2157100.0000,58.7985
12/23/2014,82.2900,82.3200,82.0000,82.0100,6121200.0000,58.5422
12/24/2014,81.9900,82.0400,81.8500,82.0400,2280200.0000,58.5636
12/26/2014,82.1100,82.1900,82.0500,82.1100,1300800.0000,58.6136
12/29/2014,82.2400,82.3500,82.1600,82.2500,2730600.0000,58.7135
12/30/2014,82.4400,82.4800,82.2900,82.3100,5854700.0000,58.7564
12/31/2014,82.4000,82.4500,82.3500,82.3700,1708900.0000,58.7992
01/02/2015,82.4300,82.6900,82.4200,82.6500,2218800.0000,58.9991
01/05/2015,82.7400,82.9200,82.7000,82.8900,5820100.0000,59.1704
01/06/2015,83.0300,83.3800,83.0300,83.1300,3887600.0000,59.3418
01/07/2015,83.1400,83.2800,83.0500,83.1800,2433400.0000,59.3774
01/08/2015,83.1100,83.1100,82.9700,83.0500,1873400.0000,59.2846
01/09/2015,83.0100,83.2900,83.0000,83.1900,1646100.0000,59.3846
01/12/2015,83.2500,83.3300,83.2000,83.3000,4397900.0000,59.4631
01/13/2015,83.3100,83.4700,83.2300,83.3800,2223400.0000,59.5202
01/14/2015,83.6400,83.7200,83.5500,83.5700,2481200.0000,59.6559
01/15/2015,83.5500,83.9600,83.5500,83.9400,4214500.0000,59.9200
01/16/2015,83.8100,83.8500,83.5800,83.6900,3631300.0000,59.7415
01/20/2015,83.7000,83.8300,83.5700,83.6000,3029500.0000,59.6773
01/21/2015,83.7900,83.8000,83.4300,83.4400,2473900.0000,59.5631
01/22/2015,83.6300,83.6300,83.3700,83.4600,2157400.0000,59.5773
01/23/2015,83.6400,83.7700,83.6100,83.7300,6255000.0000,59.7701
01/26/2015,83.7300,83.7500,83.5800,83.6300,7810500.0000,59.6987
01/27/2015,83.8600,83.8900,83.6300,83.6800,1154100.0000,59.7343
01/28/2015,83.6400,84.0900,83.6200,83.9800,1394600.0000,59.9485
01/29/2015,83.9400,83.9700,83.7600,83.8900,1551300.0000,59.8843
01/30/2015,84.2000,84.3500,84.1100,84.3500,10474400.0000,60.2127
02/02/2015,83.9500,84.1800,83.9100,84.0800,6070500.0000,60.1411
02/03/2015,83.9300,83.9900,83.7700,83.8200,1237200.0000,59.9551
02/04/2015,83.6500,83.8600,83.5600,83.8500,2945700.0000,59.9766
02/05/2015,83.6900,83.7600,83.6100,83.6700,2128200.0000,59.8478
02/06/2015,83.3800,83.4200,83.1100,83.1300,2907700.0000,59.4616
02/09/2015,83.2700,83.2900,83.0600,83.1000,1384600.0000,59.4401
02/10/2015,83.0000,83.0400,82.9000,82.9500,1447900.0000,59.3328
02/11/2015,83.0000,83.0500,82.8900,82.9500,1904000.0000,59.3328
02/12/2015,82.9900,83.1000,82.9600,82.9900,4662900.0000,59.3614
02/13/2015,83.0300,83.0300,82.8000,82.8000,1883000.0000,59.2256
02/17/2015,82.7800,82.8000,82.4400,82.4700,5281500.0000,58.9895
02/18/2015,82.5900,82.8200,82.4900,82.7000,3813000.0000,59.1540
02/19/2015,82.7400,82.8100,82.6000,82.6300,1322700.0000,59.1039
02/20/2015,82.7500,82.8800,82.5300,82.6500,3145800.0000,59.1183
02/23/2015,82.8000,82.8900,82.7500,82.8200,3952700.0000,59.2398
02/24/2015,82.8200,83.2200,82.6800,83.1600,2542200.0000,59.4831
02/25/2015,83.1500,83.2600,83.0800,83.2400,4934600.0000,59.5402
02/26/2015,83.1400,83.2400,83.0000,83.0100,2187500.0000,59.3758
02/27/2015,83.0300,83.1100,82.9300,83.0800,4094400.0000,59.4258
03/02/2015,82.9600,83.0000,82.6300,82.6500,2476100.0000,59.2338
03/03/2015,82.6300,82.7100,82.5300,82.5500,2648100.0000,59.1621
03/04/2015,82.6000,82.6600,82.5100,82.5500,1425400.0000,59.1621
03/05/2015,82.5700,82.6800,82.5000,82.6000,1340800.0000,59.1979
03/06/2015,82.3100,82.3100,82.0300,82.1200,1580000.0000,58.8539
03/09/2015,82.2800,82.3000,82.1800,82.2200,1982300.0000,58.9256
03/10/2015,82.4500,82.5500,82.4300,82.5400,3766100.0000,59.1549
03/11/2015,82.5400,82.6900,82.5100,82.6300,4829700.0000,59.2194
03/12/2015,82.8700,82.8900,82.6500,82.6900,8421500.0000,59.2624
03/13/2015,82.6100,82.7700,82.5800,82.6100,2114500.0000,59.2051
03/16/2015,82.8200,82.8700,82.6700,82.7700,1203700.0000,59.3197
03/17/2015,82.7800,82.8400,82.7400,82.8400,1471300.0000,59.3699
03/18/2015,82.9300,83.3500,82.7700,83.3500,5534300.0000,59.7354
03/19/2015,83.3000,83.3200,83.0500,83.1000,1208100.0000,59.5562
03/20/2015,83.1500,83.3300,83.1500,83.3200,1011200.0000,59.7139
03/23/2015,83.3600,83.3700,83.2200,83.3600,1572700.0000,59.7426
03/24/2015,83.4100,83.5500,83.3300,83.5000,2300500.0000,59.8430
03/25/2015,83.6000,83.6000,83.3500,83.3700,1559900.0000,59.7498
03/26/2015,83.2500,83.2600,83.0200,83.1000,2342500.0000,59.5562
03/27/2015,83.1800,83.2900,83.1300,83.1800,6542300.0000,59.6136
03/30/2015,83.3000,83.3200,83.2100,83.2800,1634800.0000,59.6852
03/31/2015,83.3000,83.4400,83.2400,83.3700,1996000.0000,59.7498
04/01/2015,83.3700,83.5500,83.3500,83.5100,3132700.0000,59.9875
04/02/2015,83.5400,83.5500,83.3700,83.4000,791200.0000,59.9085
04/06/2015,83.6000,83.6100,83.3900,83.4700,1768800.0000,59.9588
04/07/2015,83.4000,83.5400,83.3300,83.5200,977400.0000,59.9947
04/08/2015,83.5200,83.5400,83.3400,83.4600,3470700.0000,59.9516
04/09/2015,83.4800,83.4800,83.2000,83.2800,1025400.0000,59.8223
04/10/2015,83.3500,83.3800,83.2000,83.2400,4290100.0000,59.7936
04/13/2015,83.3000,83.3500,83.2000,83.2600,6046400.0000,59.8079
04/14/2015,83.5300,83.5900,83.4000,83.4100,1398100.0000,59.9157
04/15/2015,83.5500,83.5800,83.4600,83.4900,1022400.0000,59.9731
04/16/2015,83.5100,83.5600,83.3800,83.4700,1289900.0000,59.9588
04/17/2015,83.4500,83.6600,83.4000,83.6100,1693900.0000,60.0594
04/20/2015,83.5500,83.5900,83.4200,83.5200,2463600.0000,59.9947
04/21/2015,83.4800,83.5200,83.3600,83.4200,1788000.0000,59.9229
04/22/2015,83.3900,83.4000,83.1100,83.1100,1501300.0000,59.7002
04/23/2015,83.1900,83.3700,83.1400,83.2700,5518000.0000,59.8151
04/24/2015,83.3800,83.4800,83.3300,83.4000,1597900.0000,59.9085
04/27/2015,83.4400,83.4400,83.2800,83.3400,1591400.0000,59.8654
04/28/2015,83.2700,83.2900,83.0600,83.0800,1217700.0000,59.6786
04/29/2015,82.8300,82.9200,82.7200,82.8200,1905200.0000,59.4919
04/30/2015,82.6900,82.9100,82.5700,82.9100,4229900.0000,59.5565
05/01/2015,82.5600,82.6300,82.4200,82.5000,7173200.0000,59.3759
05/04/2015,82.5700,82.6000,82.3600,82.3800,1190000.0000,59.2895
05/05/2015,82.4200,82.4200,82.1400,82.2500,4175700.0000,59.1960
05/06/2015,82.2000,82.2000,81.9500,82.0200,3938900.0000,59.0304
05/07/2015,82.1000,82.2500,82.0800,82.1900,3602900.0000,59.1528
05/08/2015,82.4800,82.5500,82.3500,82.4100,1735900.0000,59.3111
05/11/2015,82.2500,82.3200,81.9200,81.9800,929200.0000,59.0016
05/12/2015,81.8500,82.0300,81.7500,81.8800,2139600.0000,58.9297
05/13/2015,82.1100,82.1600,81.8000,81.8400,2372000.0000,58.9009
05/14/2015,81.9500,82.0600,81.9000,82.0000,1485300.0000,59.0160
05/15/2015,82.1600,82.3700,82.1400,82.3300,1402700.0000,59.2535
05/18/2015,82.2600,82.2600,82.0200,82.0300,3747700.0000,59.0376
05/19/2015,81.8000,81.9700,81.7600,81.8500,4856500.0000,58.9080
05/20/2015,81.8800,81.9600,81.7800,81.8500,4097400.0000,58.9080
05/21/2015,82.0000,82.1600,81.9500,82.1100,2314100.0000,59.0952
05/22/2015,82.0600,82.0900,81.9100,82.0600,816600.0000,59.0592
05/26/2015,82.0600,82.3100,82.0300,82.2600,1178300.0000,59.2032
05/27/2015,82.2800,82.3400,82.1400,82.3000,2564500.0000,59.2319
05/28/2015,82.3300,82.3800,82.2500,82.3100,1073300.0000,59.2391
05/29/2015,82.4200,82.4600,82.2900,82.3400,2494300.0000,59.2607
06/01/2015,82.1900,82.1900,81.8600,81.9000,1362800.0000,59.0631
06/02/2015,81.8000,81.8300,81.6000,81.6700,1510000.0000,58.8973
06/03/2015,81.5200,81.5300,81.2200,81.3100,1390000.0000,58.6376
06/04/2015,81.4200,81.6100,81.4000,81.5100,1111300.0000,58.7819
06/05/2015,81.2700,81.3500,81.1000,81.1900,4115300.0000,58.5511
06/08/2015,81.2700,81.3400,81.2300,81.2900,4954500.0000,58.6233
06/09/2015,81.2000,81.2000,81.0100,81.0500,2883300.0000,58.4501
06/10/2015,80.9200,81.0000,80.8300,80.8800,1222800.0000,58.3276
06/11/2015,81.0000,81.2700,80.9400,81.2600,1815900.0000,58.6016
06/12/2015,81.1700,81.4200,81.1200,81.2000,1785100.0000,58.5583
06/15/2015,81.3800,81.4300,81.1900,81.2100,2082900.0000,58.5655
06/16/2015,81.3400,81.4200,81.2300,81.4200,2250700.0000,58.7170
06/17/2015,81.3800,81.4700,81.1000,81.4500,865700.0000,58.7386
06/18/2015,81.3700,81.4400,81.2000,81.3900,1210300.0000,58.6953
06/19/2015,81.5500,81.6500,81.5100,81.6200,1176700.0000,58.8612
06/22/2015,81.4200,81.4900,81.2100,81.2300,1020000.0000,58.5800
06/23/2015,81.0400,81.2300,81.0000,81.0400,1096000.0000,58.4429
06/24/2015,81.1500,81.2300,81.0800,81.1900,6836900.0000,58.5511
06/25/2015,81.1600,81.2000,81.0400,81.0800,2894500.0000,58.4717
06/26/2015,80.9400,80.9800,80.8500,80.9300,963000.0000,58.3636
06/29/2015,81.1900,81.4000,81.0800,81.3400,2168400.0000,58.6593
06/30/2015,81.2600,81.4800,81.2400,81.2600,1547800.0000,58.6016
07/01/2015,80.8700,81.0300,80.8300,80.9000,5399300.0000,58.4593
07/02/2015,81.0600,81.1800,81.0600,81.1000,1060100.0000,58.6037
07/06/2015,81.4400,81.4400,81.2200,81.3800,2210700.0000,58.8061
07/07/2015,81.6900,81.7700,81.4600,81.4600,4183200.0000,58.8639
07/08/2015,81.6400,81.7600,81.5600,81.6900,1967800.0000,59.0301
07/09/2015,81.5600,81.5800,81.3800,81.4200,1670900.0000,58.8350
07/10/2015,81.0200,81.1600,80.9500,81.0400,2038300.0000,58.5604
07/13/2015,80.8600,81.0100,80.8400,80.8500,2846500.0000,58.4231
07/14/2015,81.0000,81.0700,80.9600,81.0000,1567700.0000,58.5315
07/15/2015,81.0100,81.2600,80.9800,81.2300,2631000.0000,58.6977
07/16/2015,81.0700,81.2800,81.0500,81.2300,1063100.0000,58.6977
07/17/2015,81.2500,81.3200,81.2000,81.2400,807900.0000,58.7049
07/20/2015,81.1900,81.2200,81.0800,81.1300,1026900.0000,58.6254
07/21/2015,81.1200,81.3300,81.1000,81.2800,1422900.0000,58.7338
07/22/2015,81.3200,81.4300,81.3000,81.3100,1624100.0000,58.7555
07/23/2015,81.3500,81.5400,81.2900,81.5000,1178400.0000,58.8928
07/24/2015,81.5900,81.6100,81.5000,81.5500,804300.0000,58.9289
07/27/2015,81.6900,81.7200,81.6100,81.7100,2022800.0000,59.0445
07/28/2015,81.6100,81.6500,81.5600,81.5700,1434700.0000,58.9434
07/29/2015,81.5700,81.5800,81.4400,81.5000,1020500.0000,58.8928
07/30/2015,81.4800,81.5800,81.4400,81.5300,788000.0000,58.9145
07/31/2015,81.7800,81.8300,81.7200,81.8100,1589100.0000,59.1168
08/03/2015,81.7000,81.8500,81.6400,81.8300,2085800.0000,59.2537
08/04/2015,81.7600,81.7800,81.5300,81.5500,1007300.0000,59.0509
08/05/2015,81.4500,81.4700,81.3100,81.4200,2097000.0000,58.9568
08/06/2015,81.4400,81.5500,81.4200,81.4700,1173000.0000,58.9930
08/07/2015,81.6000,81.7100,81.5500,81.6400,1773800.0000,59.1161
08/10/2015,81.5800,81.6100,81.4200,81.4700,1173300.0000,58.9930
08/11/2015,81.7400,81.8900,81.7100,81.7800,1424200.0000,59.2175
08/12/2015,81.9200,82.0300,81.7300,81.7500,1029700.0000,59.1958
08/13/2015,81.6700,81.7500,81.5500,81.5800,845500.0000,59.0726
08/14/2015,81.5500,81.6700,81.5100,81.5500,2279800.0000,59.0509
08/17/2015,81.7400,81.7800,81.6600,81.7000,821900.0000,59.1595
08/18/2015,81.6000,81.6600,81.5200,81.5500,1083900.0000,59.0509
08/19/2015,81.4700,81.8700,81.4200,81.8400,1356600.0000,59.2609
08/20/2015,81.8700,81.9700,81.8400,81.9100,1536900.0000,59.3116
08/21/2015,81.9700,82.0900,81.8700,82.0400,3459200.0000,59.4057
08/24/2015,82.3000,82.4300,81.9300,82.0200,4751800.0000,59.3912
08/25/2015,81.9200,81.9200,81.6000,81.7500,5325500.0000,59.1958
08/26/2015,81.5400,81.7400,81.3500,81.4000,2742500.0000,58.9423
08/27/2015,81.3700,81.6200,81.3500,81.5100,2671000.0000,59.0220
08/28/2015,81.6900,81.7400,81.5100,81.5500,2723900.0000,59.0509
08/31/2015,81.6800,81.7000,81.4300,81.4400,3103700.0000,58.9713
09/01/2015,81.3900,81.5400,81.3400,81.4700,2577700.0000,59.1149
09/02/2015,81.3900,81.5000,81.3300,81.4100,1934700.0000,59.0714
09/03/2015,81.5200,81.5700,81.4000,81.4700,2503000.0000,59.1149
09/04/2015,81.6100,81.7000,81.4800,81.6700,1213800.0000,59.2601
09/08/2015,81.5200,81.5200,81.4100,81.4700,1194600.0000,59.1149
09/09/2015,81.2200,81.5700,81.2000,81.4500,4265400.0000,59.1004
09/10/2015,81.4300,81.4300,81.2800,81.2800,1889000.0000,58.9771
09/11/2015,81.4900,81.5300,81.4200,81.4500,1411500.0000,59.1004
09/14/2015,81.5500,81.5600,81.4400,81.4700,905900.0000,59.1149
09/15/2015,81.3900,81.4000,81.0600,81.1300,1697300.0000,58.8682
09/16/2015,81.0700,81.1400,81.0000,81.0800,1579000.0000,58.8319
09/17/2015,81.0400,81.5400,81.0200,81.5400,1833200.0000,59.1657
09/18/2015,81.6300,81.7800,81.5900,81.7700,1639800.0000,59.3326
09/21/2015,81.6200,81.6700,81.4100,81.4700,933800.0000,59.1149
09/22/2015,81.6000,81.7800,81.5800,81.6200,1444000.0000,59.2238
09/23/2015,81.6600,81.7000,81.5500,81.6200,709000.0000,59.2238
09/24/2015,81.8400,81.8600,81.6300,81.6500,1454400.0000,59.2456
09/25/2015,81.6000,81.6300,81.5000,81.5000,1134000.0000,59.1367
09/28/2015,81.6300,81.7700,81.5400,81.7100,1305000.0000,59.2891
09/29/2015,81.7200,81.8800,81.7000,81.7700,1256600.0000,59.3326
09/30/2015,81.7900,81.9400,81.7500,81.9300,4432000.0000,59.4487
10/01/2015,81.8900,81.9600,81.8000,81.8100,2023700.0000,59.4807
10/02/2015,82.1700,82.3400,82.0000,82.1200,1770400.0000,59.7061
10/05/2015,82.0200,82.0200,81.8000,81.8000,4199900.0000,59.4734
10/06/2015,81.9000,81.9900,81.8000,81.9100,1925300.0000,59.5534
10/07/2015,81.8700,81.9700,81.8000,81.9100,1871000.0000,59.5534
10/08/2015,81.9200,81.9700,81.7400,81.7800,1118100.0000,59.4589
10/09/2015,81.6800,81.8400,81.6800,81.7700,1197400.0000,59.4516
10/12/2015,81.8400,81.9700,81.8000,81.9100,864100.0000,59.5534
10/13/2015,81.9400,82.0000,81.8600,81.9600,971700.0000,59.5897
10/14/2015,82.0800,82.2600,82.0400,82.2600,786300.0000,59.8079
10/15/2015,82.1500,82.2200,82.0600,82.1000,2264300.0000,59.6916
10/16/2015,82.0600,82.1500,82.0400,82.0700,1241200.0000,59.6697
10/19/2015,82.0800,82.1200,81.9800,82.0700,840100.0000,59.6697
10/20/2015,81.9400,81.9800,81.9000,81.9400,1348200.0000,59.5752
10/21/2015,82.0900,82.1800,82.0300,82.0900,943500.0000,59.6843
10/22/2015,82.0900,82.2900,82.0900,82.2300,1101300.0000,59.7861
10/23/2015,82.0800,82.0800,82.0000,82.0200,1367100.0000,59.6334
10/26/2015,82.1400,82.2000,82.1100,82.1100,1512200.0000,59.6988
10/27/2015,82.2600,82.2800,82.1300,82.1300,929400.0000,59.7134
10/28/2015,82.1800,82.1800,81.8900,81.9000,2617300.0000,59.5462
10/29/2015,81.8000,81.8000,81.5700,81.6100,943200.0000,59.3353
10/30/2015,81.6100,81.7900,81.5900,81.7900,1474100.0000,59.4661
11/02/2015,81.4400,81.5400,81.4100,81.4600,2939200.0000,59.3489
11/03/2015,81.4000,81.4400,81.2600,81.3200,3997100.0000,59.2469
11/04/2015,81.3900,81.4400,81.2300,81.3700,3594400.0000,59.2833
11/05/2015,81.3500,81.3700,81.1100,81.2200,1715400.0000,59.1740
11/06/2015,80.9800,81.0200,80.8300,80.9000,1198700.0000,58.9409
11/09/2015,80.7700,80.9300,80.7500,80.8300,2358300.0000,58.8898
11/10/2015,80.9300,81.0400,80.8400,80.9200,1421000.0000,58.9554
11/11/2015,80.9300,80.9700,80.8700,80.9300,1303500.0000,58.9627
11/12/2015,81.0400,81.0600,80.9400,80.9400,1263900.0000,58.9700
11/13/2015,81.0100,81.1200,81.0100,81.0900,1583300.0000,59.0793
11/16/2015,81.1200,81.2000,81.0500,81.0900,949100.0000,59.0793
11/17/2015,81.0300,81.2400,80.9600,81.1800,1155900.0000,59.1449
11/18/2015,81.1300,81.1900,81.0700,81.1400,944100.0000,59.1157
11/19/2015,81.2800,81.3000,81.2300,81.2500,1085500.0000,59.1959
11/20/2015,81.3200,81.3200,81.2000,81.2300,1273800.0000,59.1813
11/23/2015,81.2100,81.3100,81.1500,81.2600,1647300.0000,59.2031
11/24/2015,81.2900,81.3500,81.2500,81.2900,1361900.0000,59.2250
11/25/2015,81.3300,81.3600,81.2700,81.3000,904600.0000,59.2323
11/27/2015,81.3700,81.3900,81.3100,81.3400,516000.0000,59.2614
11/30/2015,81.3300,81.3800,81.2600,81.3000,6285200.0000,59.2323
12/01/2015,81.1700,81.4500,81.1400,81.4400,1780200.0000,59.4564
12/02/2015,81.4000,81.4100,81.2800,81.3400,1413700.0000,59.3834
12/03/2015,81.1500,81.1500,80.6800,80.7100,2510600.0000,58.9234
12/04/2015,80.8700,81.0400,80.7900,81.0300,3815200.0000,59.1571
12/07/2015,81.0600,81.2900,81.0400,81.1700,1543300.0000,59.2593
12/08/2015,81.2500,81.2700,81.1100,81.1900,1687300.0000,59.2739
12/09/2015,81.1100,81.2600,80.9700,81.1600,2076900.0000,59.2520
12/10/2015,81.2200,81.2200,81.1300,81.1500,2004100.0000,59.2447
12/11/2015,81.3700,81.4200,81.2700,81.3700,1994400.0000,59.4053
12/14/2015,81.2000,81.2600,80.9800,80.9900,2974600.0000,59.1279
12/15/2015,80.8800,80.9600,80.8200,80.9000,1806300.0000,59.0622
12/16/2015,80.8700,81.0000,80.6900,80.8100,2332700.0000,58.9965
12/17/2015,80.9200,81.0200,80.8900,80.9800,2290500.0000,59.1206
12/18/2015,81.0900,81.1700,81.0200,81.1600,3211500.0000,59.2520
12/21/2015,81.1900,81.2300,81.0400,81.0700,3158300.0000,59.1863
12/22/2015,81.0300,81.0400,80.9400,80.9600,2348600.0000,59.1060
12/23/2015,80.6200,80.7400,80.5900,80.7400,2538600.0000,59.1133
12/24/2015,80.7500,80.8300,80.7000,80.8000,1361700.0000,59.1572
12/28/2015,80.7100,80.8800,80.7100,80.8000,1580600.0000,59.1572
12/29/2015,80.7300,80.7300,80.5100,80.5500,2586600.0000,58.9742
12/30/2015,80.5300,80.6500,80.4700,80.6000,2367200.0000,59.0108
12/31/2015,80.7300,80.8100,80.6400,80.7600,2419700.0000,59.1280
01/04/2016,80.7900,80.9300,80.7000,80.7200,2750500.0000,59.0987
01/05/2016,80.7600,80.9000,80.7000,80.8200,1513600.0000,59.1719
01/06/2016,81.0300,81.1800,80.9800,81.1800,2391100.0000,59.4355
01/07/2016,81.1200,81.2000,80.9700,81.1900,2792900.0000,59.4428
01/08/2016,81.1400,81.3200,81.1000,81.2900,1405100.0000,59.5160
01/11/2016,81.1100,81.1600,80.9500,80.9500,2146900.0000,59.2671
01/12/2016,81.0800,81.3300,81.0000,81.1600,1645300.0000,59.4208
01/13/2016,81.2000,81.4500,81.1600,81.3600,2887800.0000,59.5672
01/14/2016,81.3400,81.4700,81.2200,81.2600,4545800.0000,59.4940
01/15/2016,81.5000,81.5200,81.3600,81.4000,1773900.0000,59.5965
01/19/2016,81.4000,81.4000,81.2300,81.3000,3856700.0000,59.5233
01/20/2016,81.5300,81.6100,81.3000,81.3900,7796900.0000,59.5892
01/21/2016,81.5300,81.5600,81.3300,81.3400,3062600.0000,59.5526
01/22/2016,81.3200,81.3300,81.2000,81.3100,3004100.0000,59.5306
01/25/2016,81.4000,81.4300,81.3000,81.3100,2164700.0000,59.5306
01/26/2016,81.4100,81.4700,81.3200,81.4300,2659100.0000,59.6185
01/27/2016,81.3500,81.5000,81.2500,81.4300,1734400.0000,59.6185
01/28/2016,81.4100,81.5300,81.3700,81.4900,1487600.0000,59.6624
01/29/2016,81.7600,81.8000,81.6500,81.7300,3634300.0000,59.8381
02/01/2016,81.5200,81.6300,81.3300,81.3900,2255300.0000,59.7163
02/02/2016,81.6700,81.7200,81.5800,81.6700,2554600.0000,59.9218
02/03/2016,81.6600,81.9300,81.5600,81.7300,3238200.0000,59.9658
02/04/2016,81.7400,81.8600,81.6900,81.7900,1179000.0000,60.0098
02/05/2016,81.7000,81.8000,81.6000,81.7100,2360200.0000,59.9511
02/08/2016,81.9200,82.1400,81.8500,82.0600,2519500.0000,60.2079
02/09/2016,82.2100,82.2200,81.9700,82.0500,2354500.0000,60.2006
02/10/2016,82.1000,82.2300,81.9200,82.2200,2553900.0000,60.3253
02/11/2016,82.5000,82.5800,82.2200,82.2700,1887700.0000,60.3620
02/12/2016,82.1600,82.2000,81.8900,82.0000,1474600.0000,60.1639
02/16/2016,81.8900,81.9300,81.8000,81.8800,1488800.0000,60.0759
02/17/2016,81.8100,81.8800,81.6600,81.8600,2158200.0000,60.0612
02/18/2016,81.8600,82.1500,81.8600,82.1400,1819100.0000,60.2666
02/19/2016,82.0600,82.1500,82.0000,82.0300,1862600.0000,60.1859
02/22/2016,82.0500,82.0900,81.9700,82.0500,1596900.0000,60.2006
02/23/2016,81.9400,82.2300,81.9000,82.1000,2243700.0000,60.2373
02/24/2016,82.2400,82.4900,82.1100,82.1600,2434300.0000,60.2813
02/25/2016,82.2400,82.3900,82.2300,82.2800,2407600.0000,60.3694
02/26/2016,82.1200,82.2100,82.0300,82.2000,1628400.0000,60.3107
02/29/2016,82.1300,82.3200,82.1300,82.2500,1827800.0000,60.3473
03/01/2016,82.1700,82.1700,81.7300,81.8100,2546300.0000,60.1452
03/02/2016,81.7500,81.8100,81.6500,81.7600,2137300.0000,60.1084
03/03/2016,81.7800,81.9400,81.7400,81.8000,2750500.0000,60.1378
03/04/2016,81.8500,81.8700,81.6500,81.7600,1147700.0000,60.1084
03/07/2016,81.7100,81.7800,81.6700,81.7400,1303200.0000,60.0937
03/08/2016,82.0700,82.1300,82.0000,82.0100,1713100.0000,60.2922
03/09/2016,81.8900,82.0000,81.8400,81.8700,2010000.0000,60.1893
03/10/2016,81.9600,82.0200,81.7600,81.8300,1785600.0000,60.1599
03/11/2016,81.9000,81.9000,81.7200,81.7200,1422300.0000,60.0790
03/14/2016,81.8300,81.9700,81.8000,81.9000,1534200.0000,60.2113
03/15/2016,81.9800,82.0100,81.7900,81.8200,1870200.0000,60.1525
03/16/2016,81.7600,82.1400,81.7100,82.1400,1402900.0000,60.3877
03/17/2016,82.2100,82.3400,82.1800,82.3200,1571000.0000,60.5201
03/18/2016,82.3900,82.4600,82.3200,82.3900,1219400.0000,60.5715
03/21/2016,82.3000,82.3000,82.2100,82.2400,1613600.0000,60.4612
03/22/2016,82.3900,82.4200,82.1900,82.2200,2150200.0000,60.4466
03/23/2016,82.2700,82.4100,82.2300,82.4000,1234500.0000,60.5789
03/24/2016,82.5200,82.5200,82.2100,82.3000,1752300.0000,60.5054
03/28/2016,82.2900,82.4400,82.2800,82.3400,2369600.0000,60.5348
03/29/2016,82.4500,82.7400,82.4200,82.6800,1841800.0000,60.7848
03/30/2016,82.6300,82.7400,82.5400,82.6500,1624300.0000,60.7627
03/31/2016,82.7200,82.9200,82.6900,82.8100,3037600.0000,60.8803
04/01/2016,82.6500,82.7900,82.5300,82.7300,3027400.0000,60.9489
04/04/2016,82.7700,82.8600,82.7000,82.7300,1452400.0000,60.9489
04/05/2016,82.9600,82.9900,82.8800,82.8800,2149200.0000,61.0594
04/06/2016,82.9000,82.9200,82.8000,82.8400,1833100.0000,61.0299
04/07/2016,83.0800,83.1500,83.0000,83.1100,1533400.0000,61.2288
04/08/2016,83.0600,83.0700,82.9700,83.0400,1402100.0000,61.1772
04/11/2016,82.9900,83.0700,82.9300,83.0300,1214400.0000,61.1699
04/12/2016,82.9200,82.9800,82.8200,82.9000,2388000.0000,61.0741
04/13/2016,82.8700,83.0000,82.8000,82.9500,1749400.0000,61.1109
04/14/2016,82.9500,82.9800,82.8500,82.8800,1617200.0000,61.0594
04/15/2016,82.9900,83.1400,82.9600,83.0700,1181000.0000,61.1993
04/18/2016,83.0200,83.0400,82.9600,83.0400,1395400.0000,61.1772
04/19/2016,83.0400,83.0900,82.9400,83.0900,1163600.0000,61.2140
04/20/2016,83.1100,83.1500,82.8600,82.8600,2388600.0000,61.0446
04/21/2016,82.8000,82.8600,82.6800,82.7600,1683900.0000,60.9710
04/22/2016,82.8200,82.8800,82.7100,82.7300,5115300.0000,60.9489
04/25/2016,82.7200,82.7700,82.6200,82.6300,2483300.0000,60.8752
04/26/2016,82.6700,82.6700,82.4400,82.5100,1689600.0000,60.7868
04/27/2016,82.6100,82.8100,82.5500,82.7600,1456400.0000,60.9710
04/28/2016,82.7800,82.9700,82.7400,82.9100,1625800.0000,61.0814
04/29/2016,82.8700,82.9800,82.8200,82.9700,2856900.0000,61.1256
05/02/2016,82.7800,82.7800,82.6300,82.6600,2443700.0000,61.0179
05/03/2016,82.9500,82.9600,82.8400,82.8900,1765500.0000,61.1877
05/04/2016,82.9400,83.0100,82.8300,82.9200,2868300.0000,61.2098
05/05/2016,82.9600,83.1000,82.8700,83.0700,1270700.0000,61.3205
05/06/2016,83.0700,83.1000,82.9700,83.0300,1520600.0000,61.2910
05/09/2016,83.1100,83.1400,83.0300,83.0900,1373200.0000,61.3353
05/10/2016,83.0900,83.1600,83.0300,83.0900,1889300.0000,61.3353
05/11/2016,83.1400,83.2600,83.0700,83.1100,2381000.0000,61.3501
05/12/2016,83.1000,83.1800,83.0600,83.1200,1653300.0000,61.3575
05/13/2016,83.1600,83.2400,83.0900,83.2100,1397400.0000,61.4239
05/16/2016,83.1500,83.1500,83.0200,83.0300,3132000.0000,61.2910
05/17/2016,83.1300,83.1300,82.9400,82.9700,1735900.0000,61.2467
05/18/2016,82.9200,82.9200,82.5200,82.5800,1685900.0000,60.9588
05/19/2016,82.6300,82.6900,82.5900,82.6700,1464000.0000,61.0253
05/20/2016,82.6600,82.7700,82.6200,82.6700,2044000.0000,61.0253
05/23/2016,82.7300,82.7700,82.6300,82.6900,1310700.0000,61.0400
05/24/2016,82.6900,82.7000,82.5600,82.6500,2656800.0000,61.0105
05/25/2016,82.6700,82.7000,82.5900,82.6200,1474800.0000,60.9884
05/26/2016,82.7200,82.8200,82.6700,82.7600,1571700.0000,61.0917
05/27/2016,82.8000,82.8100,82.6500,82.7300,2045600.0000,61.0696
05/31/2016,82.6600,82.8900,82.6000,82.8000,1361400.0000,61.1212
06/01/2016,82.7400,82.7800,82.6000,82.6600,1625600.0000,61.1427
06/02/2016,82.7500,82.8900,82.7300,82.8200,1503200.0000,61.2610
06/03/2016,83.2200,83.3700,83.1700,83.3400,1964500.0000,61.6457
06/06/2016,83.2300,83.2500,83.1300,83.2100,1603100.0000,61.5495
06/07/2016,83.2800,83.3000,83.2000,83.2200,1283100.0000,61.5569
06/08/2016,83.3000,83.3300,83.2500,83.3200,1374500.0000,61.6309
06/09/2016,83.4700,83.4700,83.3700,83.4000,1611200.0000,61.6901
06/10/2016,83.4900,83.5800,83.4300,83.4800,1575300.0000,61.7492
06/13/2016,83.5600,83.5800,83.4800,83.5000,1681500.0000,61.7641
06/14/2016,83.6200,83.6200,83.4700,83.4900,1524200.0000,61.7566
06/15/2016,83.5600,83.7500,83.5400,83.6800,1345100.0000,61.8972
06/16/2016,83.8200,83.9100,83.6900,83.7700,1111400.0000,61.9638
06/17/2016,83.7100,83.7400,83.5900,83.6500,1860800.0000,61.8750
06/20/2016,83.4800,83.5300,83.4400,83.4600,2347500.0000,61.7344
06/21/2016,83.4800,83.5000,83.3300,83.3500,1785100.0000,61.6530
06/22/2016,83.3800,83.4200,83.3200,83.3800,1337700.0000,61.6752
06/23/2016,83.2700,83.3700,83.2200,83.2300,1152800.0000,61.5643
06/24/2016,83.8400,83.9200,83.6700,83.7000,2030400.0000,61.9120
06/27/2016,84.1600,84.1700,84.0100,84.1200,2465500.0000,62.2226
06/28/2016,84.2500,84.2500,84.1200,84.2200,2971800.0000,62.2966
06/29/2016,84.3200,84.3300,84.1300,84.1900,2425700.0000,62.2744
06/30/2016,84.2100,84.4100,84.1900,84.3000,3362300.0000,62.3558
07/01/2016,84.4400,84.4800,84.2400,84.3700,2531600.0000,62.5292
07/05/2016,84.6000,84.7100,84.4900,84.6600,3193800.0000,62.7442
07/06/2016,84.7400,84.8100,84.6300,84.8100,1936800.0000,62.8553
07/07/2016,84.6700,84.7700,84.5800,84.6700,2032500.0000,62.7515
07/08/2016,84.8000,84.9200,84.6800,84.8900,1748000.0000,62.9146
07/11/2016,84.8100,84.8400,84.6100,84.6400,2617100.0000,62.7293
07/12/2016,84.5300,84.5300,84.2300,84.3000,1775400.0000,62.4773
07/13/2016,84.5100,84.5300,84.4300,84.4500,1352500.0000,62.5885
07/14/2016,84.3000,84.3900,84.2400,84.3200,1621500.0000,62.4921
07/15/2016,84.2600,84.2600,84.0000,84.0500,2233900.0000,62.2920
07/18/2016,84.2000,84.2100,84.0000,84.0800,2155800.0000,62.3143
07/19/2016,84.1700,84.2300,84.1100,84.2100,1559600.0000,62.4106
07/20/2016,84.1600,84.1600,84.0500,84.1200,1688100.0000,62.3439
07/21/2016,84.0500,84.2300,83.9500,84.2200,2076000.0000,62.4180
07/22/2016,84.1400,84.2800,84.0900,84.2300,1612000.0000,62.4255
07/25/2016,84.2300,84.2800,84.1400,84.1800,1204600.0000,62.3884
07/26/2016,84.2700,84.2700,84.1100,84.1700,2385100.0000,62.3810
07/27/2016,84.2200,84.4200,84.2000,84.4200,1575400.0000,62.5663
07/28/2016,84.3600,84.4500,84.2700,84.3700,1418900.0000,62.5292
07/29/2016,84.4900,84.6400,84.4400,84.6400,2757900.0000,62.7293
08/01/2016,84.2500,84.4400,84.2000,84.2100,3705700.0000,62.5325
08/02/2016,84.1800,84.2500,84.0500,84.1300,4575700.0000,62.4731
08/03/2016,84.1300,84.1800,83.9800,84.1300,3472400.0000,62.4731
08/04/2016,84.2700,84.3800,84.2400,84.2800,1202000.0000,62.5845
08/05/2016,84.2500,84.2500,83.9800,84.0000,2018700.0000,62.3766
08/08/2016,83.9600,84.0700,83.8800,84.0100,1843100.0000,62.3840
08/09/2016,84.0600,84.2500,84.0500,84.2500,2262700.0000,62.5622
08/10/2016,84.3100,84.3900,84.2500,84.3600,1672200.0000,62.6439
08/11/2016,84.3900,84.3900,84.0800,84.1400,1760100.0000,62.4806
08/12/2016,84.4100,84.4700,84.3100,84.3300,1606000.0000,62.6216
08/15/2016,84.2200,84.3200,84.1800,84.1900,1942500.0000,62.5177
08/16/2016,84.2200,84.2300,84.1100,84.1500,2163100.0000,62.4880
08/17/2016,84.1900,84.3400,84.1500,84.2800,2024600.0000,62.5845
08/18/2016,84.3200,84.4100,84.2400,84.3700,1750900.0000,62.6513
08/19/2016,84.2200,84.2600,84.0800,84.2000,1995100.0000,62.5251
08/22/2016,84.2900,84.3500,84.2300,84.3200,1388100.0000,62.6142
08/23/2016,84.4400,84.4500,84.3200,84.3600,1668300.0000,62.6439
08/24/2016,84.4300,84.4500,84.3200,84.3500,2083300.0000,62.6365
08/25/2016,84.3200,84.3800,84.2500,84.2600,1737800.0000,62.5696
08/26/2016,84.3800,84.4900,84.0500,84.0500,2874500.0000,62.4137
08/29/2016,84.2300,84.3400,84.1800,84.3400,1446800.0000,62.6290
08/30/2016,84.3600,84.3600,84.2300,84.2700,4750700.0000,62.5771
08/31/2016,84.3000,84.3500,84.2100,84.2100,1911900.0000,62.5325
09/01/2016,83.9000,84.1900,83.9000,84.1600,3108600.0000,62.6188
09/02/2016,84.1300,84.1300,83.9400,84.0400,1797500.0000,62.5296
09/06/2016,84.1000,84.3500,84.0200,84.2900,4316100.0000,62.7156
09/07/2016,84.4000,84.4000,84.2800,84.3000,1849500.0000,62.7230
09/08/2016,84.1700,84.2100,83.8700,83.9800,3475600.0000,62.4849
09/09/2016,83.7100,83.8100,83.5700,83.6100,2888900.0000,62.2097
09/12/2016,83.5500,83.6800,83.5100,83.6400,3191000.0000,62.2319
09/13/2016,83.7700,83.7700,83.2900,83.4000,2669800.0000,62.0534
09/14/2016,83.4200,83.6000,83.4000,83.5100,2124500.0000,62.1352
09/15/2016,83.4700,83.6100,83.4000,83.5800,1817200.0000,62.1873
09/16/2016,83.6500,83.6900,83.5500,83.6500,1307800.0000,62.2394
09/19/2016,83.6400,83.6700,83.5600,83.5900,1558100.0000,62.1947
09/20/2016,83.6600,83.7600,83.6100,83.6100,1260900.0000,62.2097
09/21/2016,83.5500,83.8500,83.5300,83.8500,1979800.0000,62.3882
09/22/2016,83.9400,84.1000,83.9100,84.0200,1473900.0000,62.5147
09/23/2016,84.0300,84.0800,83.9800,84.0000,1441500.0000,62.4998
09/26/2016,84.0800,84.1700,84.0500,84.1400,1709200.0000,62.6039
09/27/2016,84.2600,84.2700,84.1300,84.2400,2458100.0000,62.6783
09/28/2016,84.2400,84.3000,84.1800,84.2400,2284600.0000,62.6783
09/29/2016,84.1400,84.3100,84.1100,84.2500,2886200.0000,62.6858
09/30/2016,84.2500,84.2800,84.0200,84.1400,1663600.0000,62.6039
10/03/2016,83.9500,84.0100,83.8400,83.8900,1509200.0000,62.5376
10/04/2016,83.8400,83.8500,83.6000,83.6100,1815500.0000,62.3288
10/05/2016,83.6600,83.6700,83.4400,83.4700,2666100.0000,62.2245
10/06/2016,83.4600,83.5600,83.3800,83.4400,1148500.0000,62.2022
10/07/2016,83.5200,83.5300,83.3100,83.5100,1783300.0000,62.2543
10/10/2016,83.3800,83.4300,83.3100,83.4200,1425500.0000,62.1872
10/11/2016,83.3800,83.4300,83.2800,83.2900,1476700.0000,62.0903
10/12/2016,83.3000,83.3600,83.2300,83.3400,1286400.0000,62.1276
10/13/2016,83.5200,83.5400,83.4300,83.4400,1625500.0000,62.2022
10/14/2016,83.3400,83.4600,83.2600,83.2700,1379900.0000,62.0754
10/17/2016,83.3300,83.4700,83.2800,83.4500,1008900.0000,62.2096
10/18/2016,83.3800,83.5700,83.3700,83.5600,1167300.0000,62.2916
10/19/2016,83.5100,83.6200,83.5000,83.6200,1546400.0000,62.3363
10/20/2016,83.6300,83.6800,83.5300,83.5700,1283200.0000,62.2990
10/21/2016,83.6000,83.6500,83.5300,83.6400,1018800.0000,62.3512
10/24/2016,83.6500,83.6500,83.4500,83.5200,1453900.0000,62.2617
10/25/2016,83.4800,83.6000,83.4600,83.5200,1462100.0000,62.2617
10/26/2016,83.3900,83.4500,83.3400,83.3700,1144500.0000,62.1500
10/27/2016,83.1700,83.2000,83.0200,83.1400,1848200.0000,61.9785
10/28/2016,83.0900,83.1800,83.0700,83.1000,1574400.0000,61.9487
10/31/2016,83.2100,83.2500,83.1400,83.1900,1664700.0000,62.0158
11/01/2016,82.8900,83.0700,82.8300,83.0000,1623500.0000,61.9956
11/02/2016,83.0600,83.2000,83.0000,83.0800,3138400.0000,62.0553
11/03/2016,83.0600,83.1300,83.0100,83.0300,2335700.0000,62.0180
11/04/2016,83.0800,83.2400,83.0800,83.1800,1047000.0000,62.1300
11/07/2016,83.1600,83.1600,83.0600,83.0700,1290000.0000,62.0479
11/08/2016,83.1200,83.1300,82.9000,82.9200,2509100.0000,61.9359
11/09/2016,82.5000,82.6100,82.0200,82.1000,3448800.0000,61.3234
11/10/2016,81.9900,82.1000,81.7400,81.7500,2836000.0000,61.0619
11/11/2016,81.7200,81.8300,81.5700,81.6000,1580900.0000,60.9499
11/14/2016,81.4400,81.5000,81.2100,81.2900,2079400.0000,60.7183
11/15/2016,81.4300,81.5300,81.3700,81.4000,2098100.0000,60.8005
11/16/2016,81.4700,81.5800,81.4200,81.5700,1629100.0000,60.9275
11/17/2016,81.4400,81.4800,81.2200,81.2400,1762200.0000,60.6810
11/18/2016,81.2800,81.3500,81.0000,81.0400,1561600.0000,60.5316
11/21/2016,81.1000,81.1500,81.0000,81.0300,2074000.0000,60.5241
11/22/2016,81.1900,81.2200,81.0700,81.1000,1866900.0000,60.5764
11/23/2016,80.8900,81.0000,80.7000,80.8900,1642900.0000,60.4195
11/25/2016,80.9100,80.9900,80.8200,80.9200,942700.0000,60.4419
11/28/2016,81.0100,81.1400,81.0000,81.1100,1352600.0000,60.5839
11/29/2016,81.0100,81.2400,81.0000,81.1700,1583600.0000,60.6287
11/30/2016,80.9300,81.0400,80.8000,80.8900,2372200.0000,60.4195
12/01/2016,80.4800,80.5200,80.2700,80.4300,2998200.0000,60.1950
12/02/2016,80.6200,80.8700,80.6100,80.7200,1951400.0000,60.4121
12/05/2016,80.6000,80.9100,80.5400,80.8200,2479500.0000,60.4869
12/06/2016,80.8500,80.8800,80.7700,80.8100,2337800.0000,60.4794
12/07/2016,80.9300,81.0600,80.9000,81.0000,4273100.0000,60.6216
12/08/2016,80.8900,80.9000,80.7800,80.8400,2323000.0000,60.5019
12/09/2016,80.8000,80.8500,80.5300,80.6000,2697000.0000,60.3223
12/12/2016,80.5000,80.5900,80.4300,80.5100,3464800.0000,60.2549
12/13/2016,80.6500,80.7000,80.4800,80.6000,4372500.0000,60.3223
12/14/2016,80.7600,80.7800,80.1800,80.1900,2971300.0000,60.0154
12/15/2016,80.2000,80.2600,80.0600,80.0700,2651200.0000,59.9256
12/16/2016,80.1500,80.2700,80.0300,80.1400,3080100.0000,59.9780
12/19/2016,80.3400,80.4000,80.2400,80.3500,2936800.0000,60.1352
12/20/2016,80.2300,80.3700,80.2000,80.3600,5853400.0000,60.1427
12/21/2016,80.4400,80.5000,80.3900,80.4800,2752300.0000,60.2325
12/22/2016,80.1700,80.2800,80.1700,80.2200,2851500.0000,60.1912
12/23/2016,80.3600,80.3600,80.2600,80.2600,2096800.0000,60.2212
12/27/2016,80.1300,80.2000,80.1200,80.2000,2178300.0000,60.1762
12/28/2016,80.2400,80.4700,80.1800,80.4000,4097100.0000,60.3262
12/29/2016,80.5400,80.6500,80.4800,80.6200,3115800.0000,60.4913
12/30/2016,80.6300,80.8300,80.6200,80.7900,2338200.0000,60.6188
01/03/2017,80.5500,80.8400,80.5000,80.8000,3312600.0000,60.6264
01/04/2017,80.8400,80.8800,80.7500,80.8600,3095000.0000,60.6714
01/05/2017,80.9800,81.2800,80.9000,81.2700,3890400.0000,60.9791
01/06/2017,81.1000,81.1300,80.9500,80.9500,2287900.0000,60.7389
01/09/2017,81.1700,81.1800,81.0900,81.1500,1785900.0000,60.8890
01/10/2017,81.1400,81.1800,81.0600,81.1300,2250700.0000,60.8740
01/11/2017,81.1400,81.4300,81.0600,81.1700,2327600.0000,60.9040
01/12/2017,81.3700,81.4200,81.1500,81.1900,2981200.0000,60.9190
01/13/2017,81.1200,81.1500,80.9100,81.0600,2425000.0000,60.8215
01/17/2017,81.3400,81.4000,81.2100,81.3100,2188600.0000,61.0090
01/18/2017,81.2100,81.2100,80.8800,80.8900,1981700.0000,60.6939
01/19/2017,80.7800,80.8400,80.6400,80.7500,2121300.0000,60.5889
01/20/2017,80.6700,80.8500,80.6200,80.8100,1836300.0000,60.6339
01/23/2017,80.8200,81.1900,80.8200,81.0300,1490200.0000,60.7989
01/24/2017,80.9700,81.0500,80.8200,80.9100,2136000.0000,60.7089
01/25/2017,80.7400,80.7900,80.6200,80.6700,1897400.0000,60.5289
01/26/2017,80.6200,80.7300,80.5200,80.7000,2381600.0000,60.5513
01/27/2017,80.7400,80.8400,80.7400,80.7900,1768700.0000,60.6188
01/30/2017,80.7800,80.8900,80.7500,80.7700,2699500.0000,60.6039
01/31/2017,80.8000,81.0200,80.8000,80.9400,2857600.0000,60.7314
02/01/2017,80.5600,80.7500,80.5000,80.6300,2313400.0000,60.6247
02/02/2017,80.7900,80.8500,80.6700,80.6800,1745400.0000,60.6622
02/03/2017,80.8600,80.9400,80.6100,80.7000,2398900.0000,60.6773
02/06/2017,80.9600,81.0100,80.8000,80.9500,3238100.0000,60.8653
02/07/2017,80.9600,81.1500,80.9000,81.0800,5239300.0000,60.9630
02/08/2017,81.0800,81.3500,81.0800,81.3000,2172700.0000,61.1284
02/09/2017,81.1400,81.2200,81.0300,81.0800,3410400.0000,60.9630
02/10/2017,80.9500,81.0900,80.9400,81.0600,2011900.0000,60.9480
02/13/2017,80.9800,81.0100,80.8800,80.9700,1863000.0000,60.8803
02/14/2017,80.9400,80.9700,80.6600,80.8000,2178300.0000,60.7525
02/15/2017,80.6100,80.7200,80.6000,80.6700,1503700.0000,60.6548
02/16/2017,80.7400,80.9400,80.7300,80.8200,3290700.0000,60.7676
02/17/2017,81.0000,81.0500,80.9600,81.0100,1520000.0000,60.9104
02/21/2017,80.9400,81.0800,80.9000,81.0000,1811300.0000,60.9029
02/22/2017,81.1700,81.1700,80.8800,81.0500,1965800.0000,60.9405
02/23/2017,81.1700,81.2000,81.1300,81.2000,1590500.0000,61.0532
02/24/2017,81.3600,81.5200,81.3200,81.5000,1703800.0000,61.2788
02/27/2017,81.4600,81.4700,81.2900,81.3300,2005600.0000,61.1510
02/28/2017,81.3300,81.4100,81.2600,81.2700,1975700.0000,61.1058
03/01/2017,80.7800,80.8100,80.7100,80.7800,2954300.0000,60.8558
03/02/2017,80.7100,80.7200,80.5400,80.6300,2077300.0000,60.7428
03/03/2017,80.6400,80.6900,80.5300,80.6900,2242600.0000,60.7879
03/06/2017,80.7200,80.7200,80.5700,80.6400,1880900.0000,60.7503
03/07/2017,80.6000,80.6300,80.4900,80.4900,1644800.0000,60.6373
03/08/2017,80.2400,80.3500,80.2100,80.3000,2172700.0000,60.4941
03/09/2017,80.1600,80.1800,80.0200,80.0500,2761300.0000,60.3058
03/10/2017,80.1400,80.2300,80.1000,80.2100,3430900.0000,60.4263
03/13/2017,80.1200,80.2100,80.0300,80.0500,2164600.0000,60.3058
03/14/2017,80.0300,80.1400,80.0200,80.0400,3620700.0000,60.2983
03/15/2017,80.1600,80.5500,80.1300,80.5400,2281200.0000,60.6750
03/16/2017,80.4800,80.5300,80.4100,80.4200,2617800.0000,60.5845
03/17/2017,80.4700,80.6100,80.4700,80.5800,1293000.0000,60.7051
03/20/2017,80.5900,80.7500,80.5700,80.7400,1510900.0000,60.8256
03/21/2017,80.7000,80.9300,80.6600,80.9300,2079000.0000,60.9688
03/22/2017,81.0000,81.1100,80.9500,81.0400,1339600.0000,61.0516
03/23/2017,81.0700,81.1000,80.8900,81.0000,1790300.0000,61.0215
03/24/2017,80.9400,81.0700,80.9300,80.9800,3736700.0000,61.0065
03/27/2017,81.2000,81.2200,81.0900,81.1500,1870300.0000,61.1345
03/28/2017,81.2300,81.2300,80.9600,81.0000,1990800.0000,61.0215
03/29/2017,81.0500,81.1600,81.0300,81.1600,1356800.0000,61.1420
03/30/2017,81.1000,81.1100,80.9700,81.0300,1403500.0000,61.0441
03/31/2017,81.0100,81.1000,81.0100,81.0800,2399400.0000,61.0818
04/03/2017,80.9700,81.2000,80.9100,81.2000,2142600.0000,61.3037
04/04/2017,81.1800,81.1800,81.0800,81.1100,1983200.0000,61.2358
04/05/2017,81.0700,81.2400,81.0200,81.1800,2050500.0000,61.2886
04/06/2017,81.1800,81.2300,81.0600,81.2100,1855300.0000,61.3113
04/07/2017,81.3000,81.3600,81.0100,81.0300,1608200.0000,61.1754
04/10/2017,81.1200,81.1900,81.0700,81.1100,1481700.0000,61.2358
04/11/2017,81.2400,81.4100,81.2300,81.3700,1340500.0000,61.4321
04/12/2017,81.3600,81.5600,81.3300,81.5600,1801600.0000,61.5755
04/13/2017,81.6100,81.7300,81.5200,81.6800,1393500.0000,61.6661
04/17/2017,81.6900,81.7300,81.5400,81.6300,1494600.0000,61.6284
04/18/2017,81.7200,81.9700,81.7200,81.9200,1782800.0000,61.8473
04/19/2017,81.8300,81.8300,81.7200,81.7700,1437000.0000,61.7341
04/20/2017,81.7400,81.7400,81.5800,81.6600,1425700.0000,61.6510
04/21/2017,81.7300,81.7900,81.6600,81.6800,1241700.0000,61.6661
04/24/2017,81.4800,81.5900,81.4300,81.5700,2665700.0000,61.5831
04/25/2017,81.4100,81.4600,81.2700,81.3200,1670900.0000,61.3943
04/26/2017,81.2900,81.4200,81.2600,81.4000,1876200.0000,61.4547
04/27/2017,81.4200,81.5300,81.3700,81.4600,1543100.0000,61.5000
04/28/2017,81.4000,81.5900,81.3600,81.5500,2100000.0000,61.5680
05/01/2017,81.3400,81.4100,81.1400,81.2300,1478100.0000,61.4530
05/02/2017,81.2400,81.3800,81.2000,81.3700,1664300.0000,61.5589
05/03/2017,81.4000,81.4500,81.2200,81.2800,2948400.0000,61.4908
05/04/2017,81.1400,81.2000,81.0900,81.1900,1216100.0000,61.4227
05/05/2017,81.2000,81.2400,81.1000,81.2400,1658900.0000,61.4605
05/08/2017,81.1900,81.2100,81.0600,81.1000,1832300.0000,61.3546
05/09/2017,81.0500,81.1000,81.0000,81.0600,2532200.0000,61.3244
05/10/2017,81.1400,81.2000,81.0100,81.0500,1845500.0000,61.3168
05/11/2017,81.0000,81.1100,80.9300,81.1100,1421500.0000,61.3622
05/12/2017,81.2900,81.3800,81.2500,81.3500,1510300.0000,61.5438
05/15/2017,81.3000,81.3900,81.3000,81.3300,1823500.0000,61.5286
05/16/2017,81.3600,81.5100,81.3600,81.4100,1760600.0000,61.5891
05/17/2017,81.6300,81.8700,81.6300,81.8500,1987100.0000,61.9220
05/18/2017,81.8700,81.8900,81.7400,81.7800,1881800.0000,61.8691
05/19/2017,81.8100,81.8300,81.7000,81.8300,1394700.0000,61.9069
05/22/2017,81.8000,81.8000,81.7400,81.7600,1570700.0000,61.8539
05/23/2017,81.8400,81.8400,81.5800,81.5900,1679500.0000,61.7253
05/24/2017,81.6300,81.7700,81.5800,81.7600,1568700.0000,61.8539
05/25/2017,81.7700,81.7900,81.6900,81.7600,1108400.0000,61.8539
05/26/2017,81.7700,81.8100,81.7300,81.8000,952700.0000,61.8842
05/30/2017,81.8700,81.9200,81.8200,81.9200,1283300.0000,61.9750
05/31/2017,81.9200,82.0100,81.9000,81.9600,2290100.0000,62.0053
06/01/2017,81.7100,81.8200,81.6900,81.8100,1710900.0000,62.0219
06/02/2017,81.9900,82.1100,81.9700,82.0800,1795200.0000,62.2266
06/05/2017,81.9800,82.0100,81.9300,81.9500,1916200.0000,62.1280
06/06/2017,82.1100,82.1500,82.0500,82.1000,3262500.0000,62.2418
06/07/2017,82.0800,82.1000,81.9700,81.9900,1743500.0000,62.1584
06/08/2017,81.9700,81.9700,81.8100,81.9300,1827800.0000,62.1129
06/09/2017,81.8000,81.9100,81.7700,81.8600,1404500.0000,62.0598
06/12/2017,81.7900,81.9500,81.7700,81.8400,2053900.0000,62.0446
06/13/2017,81.8100,81.8900,81.7900,81.8600,1515100.0000,62.0598
06/14/2017,82.2100,82.3300,82.0800,82.1600,2472800.0000,62.2873
06/15/2017,82.1300,82.1300,82.0300,82.0700,2063400.0000,62.2190
06/16/2017,82.0800,82.1700,82.0700,82.1600,1376200.0000,62.2873
06/19/2017,82.1000,82.1400,82.0100,82.0400,1776500.0000,62.1963
06/20/2017,82.1100,82.2100,82.0800,82.1600,1864100.0000,62.2873
06/21/2017,82.1500,82.2300,82.1000,82.2000,1249600.0000,62.3176
06/22/2017,82.2400,82.2700,82.1600,82.2300,1195100.0000,62.3403
06/23/2017,82.2300,82.2800,82.1900,82.2500,1356000.0000,62.3555
06/26/2017,82.3500,82.3900,82.3100,82.3400,4665500.0000,62.4237
06/27/2017,82.1900,82.1900,82.0400,82.0600,2374200.0000,62.2114
06/28/2017,82.0800,82.1000,81.9500,82.0600,1604300.0000,62.2114
06/29/2017,81.8400,81.9700,81.7900,81.8900,1548100.0000,62.0825
06/30/2017,81.8700,81.9000,81.7600,81.8300,1978100.0000,62.0371
07/03/2017,81.6600,81.6700,81.4300,81.5000,1092500.0000,62.0439
07/05/2017,81.4900,81.5800,81.4500,81.5500,1917100.0000,62.0820
07/06/2017,81.4100,81.4300,81.3000,81.3600,1827500.0000,61.9374
07/07/2017,81.3600,81.3900,81.3100,81.3400,2441500.0000,61.9221
07/10/2017,81.4100,81.4500,81.3600,81.3800,2228800.0000,61.9525
07/11/2017,81.4200,81.5000,81.3700,81.4600,1931500.0000,62.0135
07/12/2017,81.7000,81.7200,81.6100,81.6500,1378800.0000,62.1581
07/13/2017,81.6400,81.6500,81.5000,81.6200,1321400.0000,62.1353
07/14/2017,81.7800,81.8500,81.6300,81.6500,1201700.0000,62.1581
07/17/2017,81.7200,81.7900,81.6600,81.7600,1432500.0000,62.2419
07/18/2017,81.9000,81.9700,81.8700,81.9500,1607300.0000,62.3865
07/19/2017,81.9700,82.0000,81.9300,81.9600,1589100.0000,62.3941
07/20/2017,82.0200,82.0900,81.9700,82.0100,1646800.0000,62.4322
07/21/2017,82.0600,82.1600,82.0600,82.1000,1942000.0000,62.5007
07/24/2017,82.0900,82.1000,82.0000,82.0600,1417400.0000,62.4702
07/25/2017,81.9000,81.9100,81.7400,81.7500,1385000.0000,62.2342
07/26/2017,81.7600,82.0000,81.7300,81.9500,1583000.0000,62.3865
07/27/2017,81.8500,81.9000,81.7900,81.8500,1224000.0000,62.3104
07/28/2017,81.8400,82.0000,81.8400,82.0000,1867100.0000,62.4246
07/31/2017,81.9600,82.0000,81.9100,81.9900,2561600.0000,62.4170
08/01/2017,81.7600,81.9900,81.7500,81.9800,1783600.0000,62.6708
08/02/2017,81.9700,82.0300,81.9300,81.9300,1336600.0000,62.6326
08/03/2017,82.0400,82.1600,82.0000,82.1000,1904800.0000,62.7625
08/04/2017,82.0100,82.0100,81.8500,81.9700,1046700.0000,62.6631
08/07/2017,81.9600,82.0100,81.9100,82.0000,1257900.0000,62.6861
08/08/2017,81.9900,81.9900,81.8400,81.8900,1929000.0000,62.6019
08/09/2017,82.0900,82.1000,81.9500,81.9500,1808600.0000,62.6478
08/10/2017,81.9800,82.0800,81.9400,82.0700,1376700.0000,62.7395
08/11/2017,81.9700,82.1500,81.9500,82.1400,1153400.0000,62.7931
08/14/2017,82.0900,82.1400,82.0300,82.0800,2082000.0000,62.7472
08/15/2017,81.9000,81.9900,81.8800,81.9400,1419600.0000,62.6402
08/16/2017,81.9200,82.1300,81.8900,82.0600,1594800.0000,62.7319
08/17/2017,82.0500,82.2100,82.0100,82.2100,1723600.0000,62.8466
08/18/2017,82.2600,82.3000,82.1000,82.1700,1663100.0000,62.8160
08/21/2017,82.2200,82.2600,82.1700,82.2100,1258400.0000,62.8466
08/22/2017,82.1900,82.2000,82.1000,82.1100,1157400.0000,62.7701
08/23/2017,82.2300,82.3500,82.2000,82.3500,1237800.0000,62.9536
08/24/2017,82.2300,82.3200,82.2100,82.2300,1540200.0000,62.8619
08/25/2017,82.2400,82.3500,82.2100,82.3300,1453100.0000,62.9383
08/28/2017,82.3300,82.3900,82.2800,82.3700,1408700.0000,62.9689
08/29/2017,82.5200,82.5800,82.3900,82.4600,2054300.0000,63.0377
08/30/2017,82.4400,82.4600,82.3900,82.4500,1150700.0000,63.0300
08/31/2017,82.4800,82.5600,82.4500,82.5200,1696700.0000,63.0836
09/01/2017,82.3100,82.3300,82.1500,82.2100,1471200.0000,62.9794
09/05/2017,82.4500,82.5900,82.3800,82.5500,2008400.0000,63.2399
09/06/2017,82.5800,82.6200,82.4000,82.4100,1586500.0000,63.1326
09/07/2017,82.5300,82.7100,82.5100,82.6700,1899100.0000,63.3317
09/08/2017,82.6700,82.6700,82.5500,82.5800,2702200.0000,63.2629
09/11/2017,82.4200,82.4700,82.3000,82.3300,1423100.0000,63.0713
09/12/2017,82.2600,82.3200,82.1500,82.2100,1604300.0000,62.9794
09/13/2017,82.1900,82.2100,82.1000,82.1100,1594000.0000,62.9028
09/14/2017,82.0800,82.1800,82.0800,82.1600,1325200.0000,62.9411
09/15/2017,82.2000,82.2500,82.1100,82.1700,1536200.0000,62.9487
09/18/2017,82.1200,82.1400,82.0400,82.1100,1756300.0000,62.9028
09/19/2017,82.1100,82.1400,82.0500,82.0500,1220000.0000,62.8568
09/20/2017,82.1300,82.1400,81.8900,81.9800,1672500.0000,62.8032
09/21/2017,82.0100,82.0900,81.9400,81.9600,1168200.0000,62.7878
09/22/2017,82.1100,82.1200,82.0100,82.0400,1394100.0000,62.8492
09/25/2017,82.0700,82.2300,82.0500,82.2200,2626100.0000,62.9871
09/26/2017,82.1700,82.1800,82.0900,82.1800,1446500.0000,62.9564
09/27/2017,81.9200,81.9800,81.8600,81.9300,1511900.0000,62.7649
09/28/2017,81.8500,81.9500,81.8000,81.9500,1198400.0000,62.7802
09/29/2017,81.9500,81.9700,81.8300,81.9600,3001200.0000,62.7878
10/02/2017,81.7500,81.8000,81.6900,81.7600,3642600.0000,62.7633
10/03/2017,81.7200,81.8200,81.7100,81.8000,2752100.0000,62.7940
10/04/2017,81.8700,81.8800,81.7400,81.8000,2616700.0000,62.7940
10/05/2017,81.8200,81.8200,81.6800,81.7400,2859800.0000,62.7480
10/06/2017,81.5900,81.7200,81.5200,81.6500,1860000.0000,62.6789
10/09/2017,81.6600,81.7400,81.6500,81.7300,987800.0000,62.7403
10/10/2017,81.7500,81.8900,81.7200,81.7700,4719400.0000,62.7710
10/11/2017,81.7800,81.8300,81.7600,81.8100,1249500.0000,62.8017
10/12/2017,81.8600,81.8900,81.7700,81.8800,1723400.0000,62.8554
10/13/2017,82.0100,82.0600,81.9300,82.0500,1772800.0000,62.9859
10/16/2017,82.0000,82.0200,81.9100,81.9700,1471500.0000,62.9245
10/17/2017,81.9000,82.0000,81.8900,81.9800,1381100.0000,62.9322
10/18/2017,81.8200,81.8600,81.7900,81.8500,1522900.0000,62.8324
10/19/2017,81.9100,82.0100,81.8500,81.8900,1515800.0000,62.8631
10/20/2017,81.7400,81.7500,81.6400,81.6900,1935600.0000,62.7096
10/23/2017,81.7300,81.8200,81.7300,81.7600,2649700.0000,62.7633
10/24/2017,81.6300,81.6800,81.5900,81.6200,2287200.0000,62.6558
10/25/2017,81.5100,81.5600,81.4600,81.5500,1576700.0000,62.6021
10/26/2017,81.5900,81.6000,81.4300,81.4500,1915600.0000,62.5253
10/27/2017,81.5200,81.6300,81.4800,81.6300,1734400.0000,62.6635
10/30/2017,81.7500,81.8400,81.7100,81.8200,1542600.0000,62.8093
10/31/2017,81.8400,81.8500,81.7700,81.7700,1977100.0000,62.7710
11/01/2017,81.5900,81.7200,81.5200,81.6500,1596000.0000,62.8118
11/02/2017,81.7300,81.8000,81.6900,81.7300,2373200.0000,62.8733
11/03/2017,81.7700,81.8000,81.6500,81.8000,1370500.0000,62.9271
11/06/2017,81.8600,81.8900,81.8000,81.8600,1336700.0000,62.9733
11/07/2017,81.8100,81.8900,81.8000,81.8900,2450800.0000,62.9964
11/08/2017,81.8600,81.9000,81.8000,81.8300,2312700.0000,62.9502
11/09/2017,81.7500,81.7900,81.6700,81.7500,2115800.0000,62.8886
11/10/2017,81.5300,81.5500,81.4200,81.4200,1724400.0000,62.6348
11/13/2017,81.5400,81.5500,81.4200,81.4300,1698500.0000,62.6425
11/14/2017,81.4700,81.5300,81.4400,81.5300,1659300.0000,62.7194
11/15/2017,81.6400,81.7300,81.5500,81.7200,2859400.0000,62.8656
11/16/2017,81.6300,81.6900,81.5700,81.6100,1637000.0000,62.7810
11/17/2017,81.6900,81.7400,81.6500,81.6900,2257700.0000,62.8425
11/20/2017,81.6500,81.7000,81.6000,81.6400,1528300.0000,62.8040
11/21/2017,81.7300,81.7900,81.6100,81.7100,1925700.0000,62.8579
11/22/2017,81.7300,81.8900,81.7200,81.8800,1631900.0000,62.9887
11/24/2017,81.8400,81.8800,81.8100,81.8600,837000.0000,62.9733
11/27/2017,81.8700,81.8900,81.7900,81.8300,1516900.0000,62.9502
11/28/2017,81.9000,81.9500,81.8300,81.8300,1846700.0000,62.9502
11/29/2017,81.6500,81.6900,81.6000,81.6300,1837400.0000,62.7963
11/30/2017,81.6600,81.6800,81.4600,81.5100,3044100.0000,62.7041
12/01/2017,81.5000,81.8100,81.3500,81.5600,2384800.0000,62.8721
12/04/2017,81.5100,81.5800,81.4600,81.5700,1834000.0000,62.8798
12/05/2017,81.5900,81.6800,81.5100,81.6700,1763900.0000,62.9569
12/06/2017,81.7500,81.8500,81.7400,81.7600,1509300.0000,63.0262
12/07/2017,81.6500,81.8000,81.5700,81.6500,1641000.0000,62.9415
12/08/2017,81.6100,81.6800,81.5700,81.6200,1368300.0000,62.9184
12/11/2017,81.6600,81.7000,81.5400,81.5600,1780800.0000,62.8721
12/12/2017,81.5400,81.5500,81.4600,81.5500,2962800.0000,62.8644
12/13/2017,81.6200,81.8500,81.5600,81.7800,2095400.0000,63.0417
12/14/2017,81.6700,81.8200,81.6200,81.8100,1998800.0000,63.0648
12/15/2017,81.7600,81.8300,81.6700,81.8200,2781800.0000,63.0725
12/18/2017,81.7900,81.7900,81.6500,81.6900,1946900.0000,62.9723
12/19/2017,81.5700,81.5700,81.3600,81.4400,3307700.0000,62.7796
12/20/2017,81.2800,81.3700,81.2500,81.2800,2325500.0000,62.6563
12/21/2017,81.3100,81.3800,81.2700,81.3300,3103400.0000,62.6948
12/22/2017,81.3400,81.4000,81.3200,81.3700,2566700.0000,62.7256
12/26/2017,81.2300,81.2800,81.1700,81.2400,1696400.0000,62.7883
12/27/2017,81.3300,81.5200,81.2400,81.4900,1708000.0000,62.9814
12/28/2017,81.4600,81.4700,81.3800,81.4400,2235000.0000,62.9428
12/29/2017,81.5000,81.5700,81.4600,81.5700,2531500.0000,63.0433
01/02/2018,81.4500,81.5000,81.2200,81.3400,3104500.0000,62.8655
01/03/2018,81.4300,81.4300,81.2900,81.4100,2216700.0000,62.9197
01/04/2018,81.3300,81.3700,81.2500,81.3700,2152400.0000,62.8887
01/05/2018,81.3500,81.3600,81.2000,81.2600,4257400.0000,62.8037
01/08/2018,81.3300,81.3300,81.2100,81.2700,2587300.0000,62.8114
01/09/2018,81.1900,81.2300,81.0100,81.0300,2725200.0000,62.6260
01/10/2018,80.8800,81.0500,80.8200,81.0400,3411400.0000,62.6336
01/11/2018,81.0100,81.1200,80.9600,81.0400,3381600.0000,62.6336
01/12/2018,81.0000,81.1200,80.9400,81.0300,2829100.0000,62.6260
01/16/2018,81.1500,81.1900,81.0300,81.0900,4300500.0000,62.6723
01/17/2018,81.0400,81.1200,80.9800,81.0000,3674600.0000,62.6027
01/18/2018,80.8200,80.9000,80.8000,80.8400,2528400.0000,62.4791
01/19/2018,80.7700,80.8000,80.6500,80.6700,2148300.0000,62.3477
01/22/2018,80.7300,80.7600,80.6100,80.6100,5473200.0000,62.3013
01/23/2018,80.7800,80.8600,80.7200,80.8200,2442900.0000,62.4636
01/24/2018,80.7200,80.7500,80.6300,80.7300,1709700.0000,62.3941
01/25/2018,80.7300,80.9600,80.6600,80.9500,2537700.0000,62.5641
01/26/2018,80.8600,80.8700,80.7200,80.8000,1590200.0000,62.4481
01/29/2018,80.6600,80.7300,80.5400,80.6900,2219700.0000,62.3631
01/30/2018,80.5700,80.6200,80.4900,80.5400,2735100.0000,62.2472
01/31/2018,80.7100,80.7100,80.4300,80.5600,3082600.0000,62.2627
02/01/2018,80.3700,80.4100,80.1400,80.1600,2814300.0000,62.0899
02/02/2018,80.0400,80.1100,79.8700,79.9200,3137600.0000,61.9041
02/05/2018,79.8700,80.4300,79.8000,80.2700,4349200.0000,62.1752
02/06/2018,80.2300,80.2500,80.0100,80.0100,3891500.0000,61.9738
02/07/2018,80.1100,80.1100,79.8000,79.8300,3797200.0000,61.8344
02/08/2018,79.7000,79.8800,79.6200,79.7700,4639800.0000,61.7879
02/09/2018,79.6100,79.8200,79.5500,79.5700,3725500.0000,61.6329
02/12/2018,79.6800,79.7400,79.5500,79.5900,5336200.0000,61.6484
02/13/2018,79.6200,79.6800,79.5300,79.6600,2669400.0000,61.7027
02/14/2018,79.5000,79.5400,79.3500,79.4000,3509700.0000,61.5013
02/15/2018,79.4700,79.6000,79.4500,79.4800,1981200.0000,61.5632
02/16/2018,79.6800,79.7200,79.5900,79.6500,1957800.0000,61.6949
02/20/2018,79.5900,79.5900,79.4400,79.5700,2294300.0000,61.6329
02/21/2018,79.5600,79.5900,79.2300,79.2700,2330100.0000,61.4006
02/22/2018,79.3600,79.4600,79.3300,79.3700,2156000.0000,61.4780
02/23/2018,79.4900,79.6200,79.4800,79.5800,1660600.0000,61.6407
02/26/2018,79.7000,79.7700,79.6100,79.6200,2715300.0000,61.6717
02/27/2018,79.6300,79.6600,79.3400,79.4500,3007200.0000,61.5400
02/28/2018,79.4700,79.5600,79.4600,79.5500,1947700.0000,61.6175
03/01/2018,79.4200,79.5900,79.3300,79.5200,2877400.0000,61.7223
03/02/2018,79.3800,79.4500,79.2800,79.3700,4448000.0000,61.6058
03/05/2018,79.4600,79.5000,79.2600,79.3200,2229100.0000,61.5670
03/06/2018,79.3800,79.4700,79.3400,79.3500,1905000.0000,61.5903
03/07/2018,79.4400,79.5000,79.3000,79.3300,2167700.0000,61.5748
03/08/2018,79.3600,79.4900,79.3600,79.4200,1479700.0000,61.6446
03/09/2018,79.2800,79.3600,79.2300,79.3200,2290800.0000,61.5670
03/12/2018,79.3300,79.4100,79.3000,79.4000,2253900.0000,61.6291
03/13/2018,79.4400,79.4800,79.3700,79.4200,2471700.0000,61.6446
03/14/2018,79.4000,79.6500,79.4000,79.5900,1733800.0000,61.7766
03/15/2018,79.5400,79.6300,79.5000,79.6000,1590100.0000,61.7843
03/16/2018,79.5100,79.5600,79.4700,79.5300,1492000.0000,61.7300
03/19/2018,79.4500,79.5600,79.4200,79.4700,1328100.0000,61.6834
03/20/2018,79.3500,79.4000,79.3200,79.3700,2234600.0000,61.6058
03/21/2018,79.2900,79.4200,79.1400,79.3700,1760300.0000,61.6058
03/22/2018,79.5400,79.6500,79.4300,79.5000,2871700.0000,61.7067
03/23/2018,79.5000,79.5500,79.4300,79.5200,2114500.0000,61.7223
03/26/2018,79.5000,79.5700,79.4500,79.4700,2303700.0000,61.6834
03/27/2018,79.5100,79.7800,79.5100,79.7400,1693500.0000,61.8930
03/28/2018,79.8300,79.8700,79.6900,79.7300,3251800.0000,61.8853
03/29/2018,79.7600,79.9500,79.7600,79.9300,2157300.0000,62.0405
04/02/2018,79.6300,79.7800,79.5900,79.7200,2336700.0000,62.0327
04/03/2018,79.6800,79.6900,79.5500,79.6300,2580800.0000,61.9627
04/04/2018,79.7000,79.7000,79.5800,79.6300,2226300.0000,61.9627
04/05/2018,79.5600,79.5600,79.4600,79.5200,1978300.0000,61.8771
04/06/2018,79.6800,79.7400,79.6000,79.7200,2155900.0000,62.0327
04/09/2018,79.6600,79.8000,79.5900,79.8000,2052000.0000,62.0950
04/10/2018,79.7000,79.7600,79.6300,79.6600,1854600.0000,61.9860
04/11/2018,79.7500,79.8000,79.6700,79.7200,1645200.0000,62.0327
04/12/2018,79.6600,79.7000,79.5500,79.5700,1397700.0000,61.9160
04/13/2018,79.5400,79.6400,79.5200,79.6300,1461800.0000,61.9627
04/16/2018,79.5000,79.6400,79.5000,79.6400,1939600.0000,61.9704
04/17/2018,79.6400,79.6800,79.5900,79.6700,1588500.0000,61.9938
04/18/2018,79.6100,79.6100,79.3800,79.4100,1721200.0000,61.7915
04/19/2018,79.3000,79.3000,79.1600,79.2200,1602300.0000,61.6436
04/20/2018,79.2000,79.2000,79.0200,79.0200,1576600.0000,61.4880
04/23/2018,78.9900,79.0200,78.9300,78.9800,2263300.0000,61.4569
04/24/2018,78.9200,78.9400,78.8200,78.8400,2664000.0000,61.3479
04/25/2018,78.7600,78.8000,78.6900,78.7300,2201300.0000,61.2623
04/26/2018,78.8500,78.9300,78.8400,78.8900,3297100.0000,61.3868
04/27/2018,78.9400,79.0400,78.9400,79.0100,1407300.0000,61.4803
04/30/2018,79.0300,79.1000,79.0100,79.0500,1602900.0000,61.5114
05/01/2018,78.8600,78.8700,78.7300,78.7500,1410700.0000,61.4162
05/02/2018,78.8200,78.8600,78.7300,78.7600,1434000.0000,61.4240
05/03/2018,78.9000,78.9500,78.8200,78.8300,1477700.0000,61.4786
05/04/2018,78.9200,78.9500,78.7800,78.8800,1342100.0000,61.5176
05/07/2018,78.8900,78.9000,78.8100,78.8400,1634400.0000,61.4864
05/08/2018,78.7600,78.8300,78.7000,78.7800,1380900.0000,61.4396
05/09/2018,78.6800,78.7500,78.6500,78.6900,2260900.0000,61.3694
05/10/2018,78.8400,78.8800,78.7800,78.8500,1695500.0000,61.4942
05/11/2018,78.9300,78.9400,78.8300,78.9300,1457800.0000,61.5566
05/14/2018,78.8500,78.8900,78.8200,78.8300,1519500.0000,61.4786
05/15/2018,78.6100,78.6100,78.3700,78.4600,1602600.0000,61.1900
05/16/2018,78.4900,78.5300,78.3900,78.4000,2201300.0000,61.1432
05/17/2018,78.4000,78.4200,78.3000,78.3300,2036000.0000,61.0886
05/18/2018,78.4200,78.5400,78.4200,78.5400,1539700.0000,61.2524
05/21/2018,78.4800,78.5600,78.4500,78.5400,1254900.0000,61.2524
05/22/2018,78.5800,78.6000,78.5000,78.5600,2225800.0000,61.2680
05/23/2018,78.6700,78.8100,78.6600,78.8000,1177200.0000,61.4552
05/24/2018,78.8900,79.0200,78.8900,78.9600,1209400.0000,61.5800
05/25/2018,79.0600,79.1500,79.0500,79.1300,1039500.0000,61.7126
05/29/2018,79.2800,79.7800,79.2600,79.6800,2414400.0000,62.1415
05/30/2018,79.3900,79.5500,79.3200,79.4400,3549700.0000,61.9543
05/31/2018,79.4200,79.5300,79.3200,79.4100,4272100.0000,61.9309
06/01/2018,79.0300,79.1300,78.9500,79.0900,3442400.0000,61.9693
06/04/2018,79.0600,79.0600,78.9100,78.9200,2272100.0000,61.8361
06/05/2018,79.0000,79.0500,78.9200,78.9900,2760500.0000,61.8910
06/06/2018,78.8500,78.8500,78.6900,78.7700,2624600.0000,61.7186
06/07/2018,78.7500,79.1100,78.7400,78.9700,3290700.0000,61.8753
06/08/2018,78.9100,78.9500,78.8500,78.8700,1977000.0000,61.7969
06/11/2018,78.7800,78.8300,78.7400,78.8000,1725200.0000,61.7421
06/12/2018,78.7100,78.8200,78.7100,78.7900,1850400.0000,61.7343
06/13/2018,78.7900,78.8600,78.5800,78.7400,1542800.0000,61.6951
06/14/2018,78.8800,78.9200,78.8200,78.9100,3920100.0000,61.8283
06/15/2018,79.0500,79.1000,78.9200,78.9200,1827800.0000,61.8361
06/18/2018,78.9600,78.9600,78.8600,78.9200,3510300.0000,61.8361
06/19/2018,79.0400,79.1000,79.0100,79.0500,2767100.0000,61.9380
06/20/2018,79.0500,79.0500,78.8600,78.8700,2102200.0000,61.7969
06/21/2018,78.9300,79.0000,78.8800,78.9100,2695400.0000,61.8283
06/22/2018,78.9200,78.9800,78.8900,78.9600,1509900.0000,61.8675
06/25/2018,79.0000,79.0600,78.9400,78.9500,4554800.0000,61.8596
06/26/2018,79.0000,79.0800,78.9900,79.0800,1670800.0000,61.9615
06/27/2018,79.1800,79.2900,79.1800,79.2700,1762700.0000,62.1104
06/28/2018,79.2400,79.2700,79.1800,79.2100,1266500.0000,62.0634
06/29/2018,79.2400,79.3000,79.1800,79.1900,1419000.0000,62.0477
07/02/2018,79.0300,79.0700,78.9200,78.9600,1800600.0000,62.0092
07/03/2018,78.9600,79.1300,78.9600,79.1200,1121900.0000,62.1348
07/05/2018,79.1300,79.2400,79.1000,79.2300,1991900.0000,62.2212
07/06/2018,79.3200,79.3400,79.2500,79.3200,1331800.0000,62.2919
07/09/2018,79.2200,79.2700,79.2000,79.2500,1556600.0000,62.2369
07/10/2018,79.1900,79.2500,79.1600,79.2000,1661500.0000,62.1977
07/11/2018,79.2300,79.2500,79.1600,79.2400,3750100.0000,62.2291
07/12/2018,79.2100,79.3200,79.2000,79.3000,1807800.0000,62.2762
07/13/2018,79.3300,79.3800,79.3200,79.3700,4071900.0000,62.3312
07/16/2018,79.2700,79.3200,79.1500,79.2600,1688000.0000,62.2448
07/17/2018,79.2300,79.3000,79.2200,79.2300,2432200.0000,62.2212
07/18/2018,79.2400,79.2800,79.1800,79.1900,2182900.0000,62.1898
07/19/2018,79.1800,79.3700,79.1200,79.3400,1990100.0000,62.3076
07/20/2018,79.2900,79.2900,79.1200,79.1600,1607800.0000,62.1663
07/23/2018,79.1100,79.1300,78.8700,78.9100,1427200.0000,61.9699
07/24/2018,78.9600,79.0500,78.9000,79.0300,1811100.0000,62.0641
07/25/2018,79.0500,79.1200,78.9600,79.0300,2075200.0000,62.0641
07/26/2018,79.0300,79.0300,79.0300,79.0300,,62.0641
07/27/2018,79.0500,79.0900,79.0000,79.0100,1376600.0000,62.0485
07/30/2018,78.9400,79.0000,78.9200,78.9200,2115400.0000,61.9778
07/31/2018,79.0200,79.0800,78.9200,78.9800,3328200.0000,62.0249
08/01/2018,78.7500,78.7800,78.6500,78.7500,3168600.0000,61.9911
08/02/2018,78.8000,78.8100,78.7200,78.7900,2817700.0000,62.0225
08/03/2018,78.9000,78.9900,78.8600,78.9600,2711600.0000,62.1564
08/06/2018,79.0700,79.1200,79.0100,79.0300,2083800.0000,62.2115
08/07/2018,78.9700,78.9800,78.8700,78.8900,1886900.0000,62.1013
08/08/2018,78.8900,78.9100,78.8400,78.8700,2101300.0000,62.0855
08/09/2018,78.9400,79.0200,78.9200,79.0200,2603800.0000,62.2036
08/10/2018,79.0200,79.2500,79.0200,79.1800,2414900.0000,62.3296
08/13/2018,79.1700,79.2100,79.1000,79.1900,3315700.0000,62.3374
08/14/2018,79.2100,79.2500,79.1300,79.1400,2692700.0000,62.2981
08/15/2018,79.2100,79.3000,79.2000,79.2300,3051300.0000,62.3689
08/16/2018,79.2700,79.3000,79.1900,79.2700,2226900.0000,62.4004
08/17/2018,79.3300,79.4100,79.3000,79.3600,1018100.0000,62.4712
08/20/2018,79.4300,79.5200,79.4300,79.4600,2473200.0000,62.5500
08/21/2018,79.4000,79.4300,79.3600,79.4200,1883300.0000,62.5185
08/22/2018,79.5200,79.5200,79.4100,79.4700,2025500.0000,62.5578
08/23/2018,79.5100,79.5100,79.4400,79.4700,1447500.0000,62.5578
08/24/2018,79.3900,79.5200,79.3500,79.5100,1845300.0000,62.5893
08/27/2018,79.4400,79.4600,79.4000,79.4100,2340800.0000,62.5106
08/28/2018,79.3400,79.3500,79.2600,79.2900,2375800.0000,62.4161
08/29/2018,79.3100,79.3100,79.1900,79.2400,1560100.0000,62.3768
08/30/2018,79.3200,79.3600,79.2600,79.3000,1157400.0000,62.4240
08/31/2018,79.4200,79.4300,79.3100,79.3200,2888300.0000,62.4398
09/04/2018,79.0000,79.0700,78.9700,79.0100,2400700.0000,62.3435
09/05/2018,79.0400,79.0600,78.9600,79.0300,2558000.0000,62.3592
09/06/2018,79.0900,79.1800,79.0500,79.1500,2133300.0000,62.4540
09/07/2018,78.9700,78.9700,78.8600,78.9000,2481100.0000,62.2567
09/10/2018,78.9100,78.9700,78.8800,78.9500,1464300.0000,62.2962
09/11/2018,78.8200,78.8800,78.7500,78.7800,1496800.0000,62.1620
09/12/2018,78.8900,78.9200,78.8300,78.8400,1088400.0000,62.2093
09/13/2018,78.9500,78.9800,78.8700,78.8900,1723800.0000,62.2488
09/14/2018,78.7600,78.8100,78.7300,78.7600,3196000.0000,62.1462
09/17/2018,78.7000,78.8000,78.6800,78.7500,2375200.0000,62.1383
09/18/2018,78.7000,78.7000,78.5400,78.5700,2504000.0000,61.9963
09/19/2018,78.5300,78.5600,78.3900,78.4500,1968700.0000,61.9016
09/20/2018,78.4400,78.5900,78.4300,78.5500,2297700.0000,61.9805
09/21/2018,78.5100,78.6000,78.5100,78.6000,1750600.0000,62.0200
09/24/2018,78.4900,78.5800,78.4700,78.5000,2915800.0000,61.9411
09/25/2018,78.4400,78.4600,78.3800,78.4400,1698200.0000,61.8937
09/26/2018,78.5000,78.6900,78.4900,78.6400,1831100.0000,62.0515
09/27/2018,78.6600,78.7000,78.6200,78.7000,1374700.0000,62.0989
09/28/2018,78.7600,78.7900,78.6600,78.7000,2577700.0000,62.0989
10/01/2018,78.4200,78.4800,78.3600,78.3700,2853300.0000,61.9826
10/02/2018,78.4500,78.5500,78.4500,78.5100,2597600.0000,62.0933
10/03/2018,78.4000,78.4000,78.0200,78.1100,2300300.0000,61.7770
10/04/2018,77.9700,78.0100,77.8700,77.9100,3221400.0000,61.6188
10/05/2018,77.8300,77.8800,77.6600,77.7700,2299100.0000,61.5081
10/08/2018,77.7900,77.8000,77.7200,77.7400,1885400.0000,61.4844
10/09/2018,77.7400,77.8900,77.7400,77.8900,4273200.0000,61.6030
10/10/2018,77.7700,77.8600,77.7000,77.8300,2813100.0000,61.5555
10/11/2018,77.9100,78.1300,77.9000,78.0500,3245600.0000,61.7295
10/12/2018,78.0200,78.1400,78.0100,78.0300,2365700.0000,61.7137
10/15/2018,78.1100,78.1100,78.0000,78.0100,2077800.0000,61.6979
10/16/2018,78.0000,78.1000,77.9700,78.0700,2367000.0000,61.7453
10/17/2018,78.0500,78.1000,77.9100,77.9300,1877300.0000,61.6346
10/18/2018,77.8800,78.0000,77.8100,77.8800,1681500.0000,61.5951
10/19/2018,77.8900,77.9100,77.7900,77.8400,1716700.0000,61.5634
10/22/2018,77.8800,77.9300,77.8000,77.8100,1520000.0000,61.5397
10/23/2018,78.0200,78.0900,77.9000,77.9200,1934300.0000,61.6267
10/24/2018,78.0700,78.1500,78.0500,78.1300,1615500.0000,61.7928
10/25/2018,78.0600,78.1200,78.0000,78.0400,1981000.0000,61.7216
10/26/2018,78.2200,78.3000,78.1600,78.1800,2224400.0000,61.8324
10/29/2018,78.1500,78.1900,78.0500,78.1100,1900700.0000,61.7770
10/30/2018,78.0200,78.1000,77.9900,78.0000,2546300.0000,61.6900
10/31/2018,77.9000,77.9900,77.8400,77.8400,6206300.0000,61.5634
11/01/2018,77.6500,77.8200,77.6400,77.7900,3784100.0000,61.6776
11/02/2018,77.6900,77.7100,77.4600,77.5000,2024600.0000,61.4477
11/05/2018,77.5700,77.6100,77.5300,77.5600,1858900.0000,61.4952
11/06/2018,77.5700,77.5900,77.5200,77.5500,2024700.0000,61.4873
11/07/2018,77.7000,77.7700,77.6000,77.6200,2673700.0000,61.5428
11/08/2018,77.6200,77.6500,77.4900,77.4900,2233100.0000,61.4397
11/09/2018,77.5700,77.7200,77.5700,77.6800,1697200.0000,61.5904
11/12/2018,77.7800,77.8100,77.7400,77.8000,1067200.0000,61.6856
11/13/2018,77.7100,77.7700,77.6600,77.7600,2735900.0000,61.6539
11/14/2018,77.7100,77.9000,77.6600,77.8200,2905100.0000,61.7014
11/15/2018,77.8700,77.8900,77.7000,77.8300,2557800.0000,61.7093
11/16/2018,77.9400,78.0200,77.8500,78.0000,1811300.0000,61.8441
11/19/2018,77.9400,78.0300,77.9400,78.0000,2495900.0000,61.8441
11/20/2018,77.9800,78.0300,77.9200,77.9500,1891300.0000,61.8045
11/21/2018,77.9900,78.0300,77.9300,78.0300,3871300.0000,61.8679
11/23/2018,78.0900,78.1200,78.0000,78.0200,644500.0000,61.8600
11/26/2018,77.9400,78.0000,77.9200,77.9600,1520500.0000,61.8124
11/27/2018,77.9500,78.0500,77.9500,78.0100,2563100.0000,61.8521
11/28/2018,78.0100,78.1000,77.9300,78.0500,2217500.0000,61.8838
11/29/2018,78.1200,78.1700,78.0400,78.1100,2395900.0000,61.9313
11/30/2018,78.1000,78.1400,78.0500,78.1400,2181200.0000,61.9551
12/03/2018,77.9900,78.0700,77.9500,78.0700,2187500.0000,62.0521
12/04/2018,78.1500,78.3800,78.1500,78.2600,3204700.0000,62.2031
12/06/2018,78.3900,78.5600,78.3600,78.4000,4447800.0000,62.3144
12/07/2018,78.4000,78.5900,78.3800,78.5600,3806000.0000,62.4415
12/10/2018,78.5800,78.7000,78.5300,78.6400,2712100.0000,62.5051
12/11/2018,78.6600,78.7300,78.5800,78.6500,4157200.0000,62.5131
12/12/2018,78.6200,78.6500,78.5600,78.5700,2662400.0000,62.4495
12/13/2018,78.5900,78.6800,78.5900,78.6300,2587600.0000,62.4972
12/14/2018,78.6900,78.7500,78.6600,78.7000,3490600.0000,62.5528
12/17/2018,78.7300,78.8600,78.7200,78.8500,2924300.0000,62.6720
12/18/2018,78.8400,79.0000,78.8400,78.9700,3210700.0000,62.7674
12/19/2018,79.0800,79.2600,79.0000,79.1100,3117500.0000,62.8787
12/20/2018,79.1900,79.2100,78.9700,79.0000,3451000.0000,62.7913
12/21/2018,79.0300,79.0600,78.9400,79.0000,4516100.0000,62.7913
12/24/2018,78.9200,79.0000,78.7300,78.8200,6031000.0000,62.8056
12/26/2018,78.8700,78.9000,78.6500,78.6500,5912400.0000,62.6702
12/27/2018,78.9400,78.9900,78.8100,78.8200,2751800.0000,62.8056
12/28/2018,78.8600,79.0200,78.8200,79.0100,3495100.0000,62.9570
12/31/2018,78.9500,79.2500,78.9300,79.2100,5651100.0000,63.1164
01/02/2019,79.2800,79.3800,79.2500,79.3700,4142500.0000,63.2439
01/03/2019,79.3900,79.7500,79.3700,79.6800,4908400.0000,63.4909
01/04/2019,79.4700,79.4800,79.3400,79.4400,4583600.0000,63.2997
01/07/2019,79.4700,79.5100,79.2900,79.3200,4121700.0000,63.2040
01/08/2019,79.2500,79.3200,79.2000,79.2200,1745400.0000,63.1244
01/09/2019,79.2400,79.3600,79.2300,79.3300,1989600.0000,63.2120
01/10/2019,79.2700,79.3500,79.1400,79.1700,2579900.0000,63.0845
01/11/2019,79.3400,79.4000,79.3000,79.3300,3097100.0000,63.2120
01/14/2019,79.3500,79.3700,79.2500,79.2600,2395700.0000,63.1563
01/15/2019,79.3600,79.4000,79.2200,79.2700,1742900.0000,63.1642
01/16/2019,79.2300,79.3200,79.1900,79.3000,1697700.0000,63.1881
01/17/2019,79.3000,79.3100,79.1800,79.2100,2394700.0000,63.1164
01/18/2019,79.2100,79.2900,79.1400,79.1500,3722400.0000,63.0686
01/22/2019,79.3000,79.4000,79.2800,79.2900,3917700.0000,63.1801
01/23/2019,79.2500,79.4300,79.2500,79.3700,2536100.0000,63.2439
01/24/2019,79.5200,79.5900,79.4900,79.5400,2700300.0000,63.3793
01/25/2019,79.4600,79.5100,79.4100,79.4500,2073100.0000,63.3076
01/28/2019,79.4600,79.5300,79.4500,79.4800,2938200.0000,63.3315
01/29/2019,79.5400,79.6400,79.5400,79.6400,1772300.0000,63.4590
01/30/2019,79.5800,79.7500,79.5100,79.7200,2961400.0000,63.5227
01/31/2019,79.9800,80.0900,79.9400,80.0900,3698100.0000,63.8176
02/01/2019,79.7900,79.8900,79.6000,79.6700,3335000.0000,63.6402
02/04/2019,79.6100,79.6100,79.5300,79.6000,4078600.0000,63.5844
02/05/2019,79.7000,79.8000,79.6900,79.7700,2400300.0000,63.7201
02/06/2019,79.7900,79.8100,79.6900,79.7400,2724700.0000,63.6961
02/07/2019,79.7900,79.8400,79.7500,79.8000,2474700.0000,63.7441
02/08/2019,79.8700,79.9800,79.8400,79.9200,1538700.0000,63.8400
02/11/2019,79.8500,79.9200,79.8100,79.8900,2600900.0000,63.8160
02/12/2019,79.8500,79.8900,79.8100,79.8800,1541200.0000,63.8080
02/13/2019,79.8000,79.8100,79.7100,79.7600,1631600.0000,63.7121
02/14/2019,79.9600,79.9900,79.8500,79.9000,1895800.0000,63.8240
02/15/2019,79.8900,79.9300,79.8700,79.9300,1917900.0000,63.8479
02/19/2019,80.0000,80.0300,79.9300,80.0000,3792100.0000,63.9038
02/20/2019,79.9800,80.0100,79.9200,79.9700,1768400.0000,63.8799
02/21/2019,79.8300,79.8300,79.7700,79.8100,3411400.0000,63.7521
02/22/2019,79.9200,80.0800,79.8700,79.9900,1936600.0000,63.8959
02/25/2019,79.9600,79.9900,79.9100,79.9600,2244600.0000,63.8719
02/26/2019,80.0600,80.1200,80.0200,80.0700,1405200.0000,63.9598
02/27/2019,80.0200,80.0200,79.8500,79.9100,1323000.0000,63.8320
02/28/2019,79.9100,79.9100,79.7400,79.8200,4028500.0000,63.7601
03/01/2019,79.5500,79.5800,79.3900,79.3900,3035000.0000,63.5631
03/04/2019,79.5300,79.5800,79.4700,79.5300,2531300.0000,63.6752
03/05/2019,79.4800,79.6100,79.4700,79.5900,1924500.0000,63.7233
03/06/2019,79.6600,79.7600,79.6300,79.6900,1629000.0000,63.8033
03/07/2019,79.8400,79.9600,79.7900,79.9200,2322200.0000,63.9874
03/08/2019,79.9600,80.0500,79.8800,80.0200,4388500.0000,64.0675
03/11/2019,80.0300,80.0300,79.9700,79.9800,1891100.0000,64.0355
03/12/2019,80.0500,80.1900,80.0200,80.1700,1958500.0000,64.1876
03/13/2019,80.1400,80.1600,80.1000,80.1300,1318600.0000,64.1556
03/14/2019,80.1400,80.1400,80.0100,80.0600,4058400.0000,64.0995
03/15/2019,80.1900,80.2600,80.1400,80.2100,1639300.0000,64.2196
03/18/2019,80.1700,80.2000,80.0900,80.1600,5344200.0000,64.1796
03/19/2019,80.0800,80.1800,80.0600,80.1200,2702400.0000,64.1476
03/20/2019,80.1900,80.4900,80.1700,80.4700,2528700.0000,64.4278
03/21/2019,80.5100,80.5400,80.4800,80.4900,1980500.0000,64.4438
03/22/2019,80.8200,80.9800,80.7500,80.9300,2734000.0000,64.7961
03/25/2019,80.9500,81.1800,80.8800,81.0300,2034000.0000,64.8762
03/26/2019,80.9800,81.1200,80.9500,81.0500,3527200.0000,64.8922
03/27/2019,81.1800,81.3100,81.1600,81.2000,2121900.0000,65.0123
03/28/2019,81.2100,81.2700,81.1300,81.2400,1818300.0000,65.0443
03/29/2019,81.0800,81.2000,81.0700,81.1800,1937000.0000,64.9963
04/01/2019,80.8600,80.8600,80.6200,80.6600,4106700.0000,64.7394
04/02/2019,80.7000,80.7800,80.6600,80.7000,6305600.0000,64.7715
04/03/2019,80.5800,80.6300,80.5400,80.5900,2177300.0000,64.6832
04/04/2019,80.6200,80.6800,80.5800,80.6700,1586000.0000,64.7475
04/05/2019,80.6100,80.7400,80.6000,80.7300,2131700.0000,64.7956
04/08/2019,80.7400,80.7400,80.6100,80.6500,3794200.0000,64.7314
04/09/2019,80.7800,80.8200,80.7200,80.7700,1919100.0000,64.8277
04/10/2019,80.8100,80.9000,80.8000,80.8800,3414300.0000,64.9160
04/11/2019,80.8100,80.8200,80.7100,80.7400,2641800.0000,64.8036
04/12/2019,80.6700,80.6900,80.5800,80.5900,1821800.0000,64.6832
04/15/2019,80.5800,80.6300,80.5700,80.6100,1671300.0000,64.6993
04/16/2019,80.5300,80.5500,80.4500,80.4700,2002000.0000,64.5869
04/17/2019,80.4700,80.5700,80.4600,80.4700,1797500.0000,64.5869
04/18/2019,80.6000,80.6400,80.5300,80.5800,1604600.0000,64.6752
04/22/2019,80.5800,80.5800,80.4600,80.5000,1840100.0000,64.6110
04/23/2019,80.6000,80.6500,80.5700,80.6400,2643500.0000,64.7234
04/24/2019,80.8000,80.8600,80.7600,80.8500,1370500.0000,64.8919
04/25/2019,80.8500,80.8800,80.7700,80.8300,1238100.0000,64.8759
04/26/2019,81.0100,81.0500,80.9800,81.0100,1622500.0000,65.0204
04/29/2019,80.9000,80.9200,80.8000,80.8400,1737800.0000,64.8839
04/30/2019,80.8000,80.9600,80.8000,80.9600,2376200.0000,64.9802
05/01/2019,80.7800,81.0200,80.7100,80.7700,2035300.0000,64.9842
05/02/2019,80.7100,80.7300,80.5300,80.5900,2061100.0000,64.8394
05/03/2019,80.7200,80.7900,80.6800,80.7400,1877500.0000,64.9601
05/06/2019,80.8600,80.9100,80.8200,80.8400,2261500.0000,65.0406
05/07/2019,80.9500,81.0000,80.9100,80.9600,3223200.0000,65.1371
05/08/2019,81.0200,81.0600,80.9000,80.9000,4750500.0000,65.0888
05/09/2019,81.0500,81.0700,80.8600,80.9800,1926100.0000,65.1532
05/10/2019,80.9900,81.0700,80.9500,80.9700,4679900.0000,65.1452
05/13/2019,81.1200,81.2000,81.1000,81.1400,3427000.0000,65.2819
05/14/2019,81.1600,81.2000,81.1400,81.1900,4478100.0000,65.3222
05/15/2019,81.3400,81.3600,81.2200,81.3100,1940900.0000,65.4187
05/16/2019,81.2400,81.2400,81.1700,81.1900,1862700.0000,65.3222
05/17/2019,81.3000,81.3100,81.1600,81.2100,1615200.0000,65.3383
05/20/2019,81.2100,81.2500,81.1100,81.1100,2188000.0000,65.2577
05/21/2019,81.1100,81.1200,81.0500,81.0700,1747000.0000,65.2256
05/22/2019,81.1200,81.2700,81.1200,81.2200,4000500.0000,65.3463
05/23/2019,81.3100,81.5800,81.3100,81.5100,5334000.0000,65.5796
05/24/2019,81.5100,81.5300,81.4600,81.5100,1770100.0000,65.5796
05/28/2019,81.6400,81.6900,81.5800,81.6800,1910600.0000,65.7164
05/29/2019,81.7500,81.8600,81.6600,81.6600,3142700.0000,65.7003
05/30/2019,81.7400,81.9100,81.6700,81.8800,2253600.0000,65.8773
05/31/2019,82.0400,82.2400,81.9900,82.2400,5898700.0000,66.1669
06/03/2019,82.1400,82.3200,82.0400,82.2800,3787000.0000,66.3549
06/04/2019,82.1600,82.2100,82.0300,82.1400,2906700.0000,66.2419
06/05/2019,82.1800,82.2800,82.0700,82.1400,7341700.0000,66.2419
06/06/2019,82.1700,82.2600,82.0700,82.1200,2995300.0000,66.2258
06/07/2019,82.3600,82.4500,82.2800,82.3400,2490100.0000,66.4033
06/10/2019,82.2600,82.2600,82.1400,82.1700,2417400.0000,66.2661
06/11/2019,82.1200,82.1800,82.0800,82.1100,3362100.0000,66.2178
06/12/2019,82.1500,82.2500,82.1300,82.2500,1904400.0000,66.3307
06/13/2019,82.3000,82.4300,82.2900,82.3900,1946300.0000,66.4436
06/14/2019,82.3100,82.4200,82.3000,82.4000,2260700.0000,66.4516
06/17/2019,82.3000,82.4300,82.3000,82.4000,2792600.0000,66.4516
06/18/2019,82.6600,82.7200,82.5300,82.5900,3342000.0000,66.6048
06/19/2019,82.4800,82.8700,82.4500,82.8700,2496900.0000,66.8307
06/20/2019,83.0200,83.1300,82.9800,83.0000,2171600.0000,66.9355
06/21/2019,82.8500,82.8700,82.7100,82.7700,2398100.0000,66.7500
06/24/2019,82.8800,82.9700,82.8500,82.9200,2803800.0000,66.8710
06/25/2019,82.9900,83.0500,82.8900,82.9500,2699800.0000,66.8952
06/26/2019,82.9300,82.9400,82.7500,82.7600,2195800.0000,66.7420
06/27/2019,82.8900,83.0300,82.8300,83.0000,2021400.0000,66.9355
06/28/2019,82.9600,83.0900,82.9500,83.0700,2554600.0000,66.9919
07/01/2019,82.9100,82.9500,82.7500,82.8700,2354400.0000,66.9871
07/02/2019,82.9200,83.0600,82.8600,83.0300,3127100.0000,67.1164
07/03/2019,83.1100,83.2200,83.0800,83.1800,1720800.0000,67.2377
07/05/2019,82.8300,82.8500,82.6200,82.7900,2356800.0000,66.9224
07/08/2019,82.8800,82.9200,82.7600,82.7800,1761500.0000,66.9143
07/09/2019,82.7900,82.7900,82.6600,82.6700,1839400.0000,66.8254
07/10/2019,82.7700,82.8100,82.6800,82.7400,2097200.0000,66.8820
07/11/2019,82.7100,82.7700,82.4300,82.4700,3024100.0000,66.6637
07/12/2019,82.4700,82.5700,82.4400,82.5400,2265000.0000,66.7203
07/15/2019,82.5300,82.6600,82.5300,82.6600,2245900.0000,66.8173
07/16/2019,82.5200,82.5800,82.4600,82.5500,2294100.0000,66.7284
07/17/2019,82.6700,82.8100,82.6400,82.8000,2062300.0000,66.9305
07/18/2019,82.7700,82.9800,82.7300,82.9500,3323200.0000,67.0518
07/19/2019,82.8500,82.9200,82.8100,82.8600,2167300.0000,66.9790
07/22/2019,83.0200,83.0300,82.9200,82.9500,1725500.0000,67.0518
07/23/2019,82.9100,82.9500,82.8200,82.8800,1799600.0000,66.9952
07/24/2019,82.9500,83.0300,82.9300,82.9600,2535800.0000,67.0599
07/25/2019,82.9300,82.9500,82.7300,82.8700,2199000.0000,66.9871
07/26/2019,82.9200,82.9200,82.8300,82.8700,2413500.0000,66.9871
07/29/2019,82.9600,82.9700,82.8800,82.9200,1771900.0000,67.0275
07/30/2019,82.9400,82.9500,82.8400,82.9000,1968800.0000,67.0114
07/31/2019,82.9200,83.1500,82.7800,83.0000,2628700.0000,67.0922
08/01/2019,82.9700,83.4400,82.9400,83.4000,3278400.0000,67.5726
08/02/2019,83.4400,83.5200,83.3700,83.4800,5392400.0000,67.6375
08/05/2019,83.7600,83.9000,83.7000,83.8400,4284300.0000,67.9291
08/06/2019,83.8700,84.0700,83.8300,84.0500,4939700.0000,68.0993
08/07/2019,84.4500,84.5000,84.0300,84.0500,5516400.0000,68.0993
08/08/2019,83.9000,84.1700,83.7900,84.1200,3244200.0000,68.1560
08/09/2019,84.1600,84.2400,83.9500,83.9700,2832800.0000,68.0345
08/12/2019,84.2300,84.4100,84.1800,84.3400,3008000.0000,68.3343
08/13/2019,84.3800,84.4100,84.1300,84.2100,3299800.0000,68.2289
08/14/2019,84.5300,84.5800,84.4500,84.5100,3395400.0000,68.4720
08/15/2019,84.6700,85.0200,84.6000,84.9200,4358100.0000,68.8042
08/16/2019,84.7700,84.8600,84.5900,84.8300,3913600.0000,68.7313
08/19/2019,84.5400,84.6400,84.5000,84.5600,3640100.0000,68.5125
08/20/2019,84.7400,84.7800,84.6800,84.7800,2568100.0000,68.6907
08/21/2019,84.7000,84.8900,84.6500,84.7400,2532300.0000,68.6583
08/22/2019,84.6500,84.7700,84.5400,84.5800,3232600.0000,68.5287
08/23/2019,84.5500,84.9800,84.5200,84.8900,3100100.0000,68.7798
08/26/2019,84.9300,84.9900,84.7800,84.8400,2358800.0000,68.7394
08/27/2019,84.9700,85.1400,84.9400,85.1300,2450800.0000,68.9743
08/28/2019,85.2900,85.3000,85.1400,85.1600,3352400.0000,68.9986
08/29/2019,85.1200,85.1200,84.9500,85.1100,2812400.0000,68.9581
08/30/2019,85.0300,85.1700,85.0000,85.1000,2861800.0000,68.9500
09/03/2019,84.9800,85.1800,84.8400,84.9900,3345800.0000,69.0134
09/04/2019,84.9700,85.1600,84.9500,85.1500,2864100.0000,69.1433
09/05/2019,84.8500,84.9000,84.5800,84.7100,3162800.0000,68.7860
09/06/2019,84.7600,84.8500,84.7200,84.8100,2764600.0000,68.8672
09/09/2019,84.4700,84.5500,84.4000,84.4200,2618400.0000,68.5505
09/10/2019,84.3600,84.3800,83.9600,83.9900,2425900.0000,68.2013
09/11/2019,83.9200,84.0400,83.9100,83.9400,2030200.0000,68.1607
09/12/2019,84.1500,84.1800,83.7300,83.7800,3025200.0000,68.0308
09/13/2019,83.6200,83.6700,83.2900,83.3000,3111300.0000,67.6411
09/16/2019,83.5300,83.6000,83.4100,83.5200,2971000.0000,67.8197
09/17/2019,83.5800,83.7800,83.5100,83.7100,2974900.0000,67.9739
09/18/2019,83.8900,84.0400,83.7200,83.7700,2557800.0000,68.0227
09/19/2019,83.9900,84.0100,83.8600,83.8900,2631100.0000,68.1201
09/20/2019,83.9900,84.2000,83.9500,84.1900,2436700.0000,68.3638
09/23/2019,84.3000,84.4600,84.2400,84.2500,2365800.0000,68.4125
09/24/2019,84.3500,84.5600,84.3200,84.5400,3043500.0000,68.6479
09/25/2019,84.4400,84.4500,84.0800,84.1400,3009500.0000,68.3232
09/26/2019,84.3100,84.3700,84.2400,84.2800,2909900.0000,68.4368
09/27/2019,84.2700,84.4100,84.2700,84.3700,2778400.0000,68.5099
09/30/2019,84.2600,84.4700,84.2300,84.4300,5258400.0000,68.5586
10/01/2019,84.0500,84.5200,84.0200,84.3300,5383100.0000,68.6254
10/02/2019,84.5000,84.6000,84.4200,84.5200,3741400.0000,68.7800
10/03/2019,84.6200,84.9300,84.6100,84.8000,3149600.0000,69.0078
10/04/2019,84.8600,84.9800,84.8200,84.9400,3309600.0000,69.1217
10/07/2019,84.8000,84.8800,84.7100,84.7200,4701400.0000,68.9427
10/08/2019,84.9100,84.9200,84.7000,84.7600,3876100.0000,68.9753
10/09/2019,84.7800,84.7800,84.5900,84.6600,3187900.0000,68.8939
10/10/2019,84.5700,84.5900,84.3500,84.4000,3683300.0000,68.6823
10/11/2019,84.1500,84.1700,83.9600,84.0900,3411200.0000,68.4301
10/14/2019,84.2400,84.2500,84.1700,84.2300,1600400.0000,68.5440
10/15/2019,84.1800,84.2300,83.9700,84.0100,2408500.0000,68.3650
10/16/2019,84.0500,84.1500,84.0200,84.1000,2549900.0000,68.4382
10/17/2019,84.0800,84.2100,84.0200,84.1000,2420600.0000,68.4382
10/18/2019,84.1400,84.2400,84.1300,84.1400,2467600.0000,68.4707
10/21/2019,84.0500,84.0900,83.9400,83.9400,2328000.0000,68.3080
10/22/2019,84.1100,84.1400,83.9700,84.0900,4545600.0000,68.4301
10/23/2019,84.2200,84.2500,84.1200,84.1300,4250400.0000,68.4626
10/24/2019,84.1800,84.2700,84.1200,84.1400,2353700.0000,68.4707
10/25/2019,84.1900,84.1900,83.9500,84.0000,2157500.0000,68.3568
10/28/2019,83.8400,83.8500,83.7600,83.8200,2861600.0000,68.2103
10/29/2019,83.9300,83.9300,83.8200,83.8400,2729800.0000,68.2266
10/30/2019,83.9400,84.1200,83.8900,84.1100,2831800.0000,68.4463
10/31/2019,84.3400,84.5200,84.3000,84.5100,3058400.0000,68.7718
11/01/2019,84.2500,84.3600,84.1100,84.2500,2771900.0000,68.7107
11/04/2019,84.0500,84.0600,83.9600,84.0100,2444500.0000,68.5149
11/05/2019,83.7900,83.8000,83.6200,83.7200,2890600.0000,68.2784
11/06/2019,83.7500,83.9400,83.7300,83.9000,3147000.0000,68.4252
11/07/2019,83.6200,83.6200,83.2600,83.4700,3767100.0000,68.0745
11/08/2019,83.4500,83.5900,83.3800,83.3900,2130600.0000,68.0093
11/11/2019,83.5000,83.5300,83.3800,83.4400,1926100.0000,68.0501
11/12/2019,83.4700,83.5500,83.3800,83.4900,3072600.0000,68.0908
11/13/2019,83.6600,83.7100,83.5900,83.6400,2690800.0000,68.2132
11/14/2019,83.9300,83.9600,83.8700,83.8800,2299700.0000,68.4089
11/15/2019,83.8200,83.9200,83.8000,83.8500,2342200.0000,68.3845
11/18/2019,83.9900,84.0400,83.9500,83.9700,3553000.0000,68.4823
11/19/2019,83.9800,84.1000,83.9700,84.0600,3712600.0000,68.5557
11/20/2019,84.2100,84.3000,84.1500,84.2900,4924100.0000,68.7433
11/21/2019,84.1800,84.1900,84.0700,84.1500,2779600.0000,68.6291
11/22/2019,84.2400,84.2500,84.1300,84.2000,3119700.0000,68.6699
11/25/2019,84.2600,84.3100,84.2300,84.2800,3444700.0000,68.7351
11/26/2019,84.4000,84.4400,84.3500,84.4200,3207400.0000,68.8493
11/27/2019,84.3100,84.3500,84.2700,84.2900,2293000.0000,68.7433
11/29/2019,84.2900,84.3100,84.1900,84.2900,2535100.0000,68.7433
12/02/2019,83.8300,83.8900,83.7600,83.8900,3745800.0000,68.5635
12/03/2019,84.1700,84.4300,84.1300,84.3400,3393600.0000,68.9313
12/04/2019,84.2600,84.2800,84.0600,84.1700,3876800.0000,68.7923
12/05/2019,84.0400,84.1300,83.9800,84.0800,2850000.0000,68.7187
12/06/2019,83.9100,84.1000,83.8700,83.9700,4121700.0000,68.6289
12/09/2019,84.0800,84.0900,83.9800,83.9900,2795100.0000,68.6452
12/10/2019,84.0400,84.0500,83.9000,83.9300,2700500.0000,68.5961
12/11/2019,84.0700,84.2500,84.0400,84.2100,2581800.0000,68.8250
12/12/2019,84.1500,84.1600,83.7100,83.8100,4645900.0000,68.4981
12/13/2019,84.0300,84.2300,83.8600,84.1900,3877700.0000,68.8087
12/16/2019,84.0500,84.0700,83.9400,83.9600,2876500.0000,68.6207
12/17/2019,84.0800,84.1000,83.9400,83.9700,3282700.0000,68.6289
12/18/2019,83.9900,83.9900,83.8000,83.8600,3786100.0000,68.5389
12/19/2019,83.8800,83.9900,83.8300,83.9200,3240600.0000,68.5880
12/20/2019,83.8700,83.9600,83.8200,83.9400,3646300.0000,68.6044
12/23/2019,83.7900,83.8000,83.6300,83.7000,4192500.0000,68.5610
12/24/2019,83.6300,83.8000,83.6100,83.7800,1682800.0000,68.6265
12/26/2019,83.8200,83.8600,83.7200,83.8600,2036400.0000,68.6920
12/27/2019,83.9600,83.9900,83.9300,83.9800,1940300.0000,68.7903
12/30/2019,83.7600,83.9500,83.7300,83.9500,2562000.0000,68.7657
12/31/2019,83.8500,83.9200,83.7700,83.8600,5931300.0000,68.6920
01/02/2020,83.9800,84.1100,83.9300,83.9700,5511000.0000,68.7821
01/03/2020,84.1800,84.2900,84.1000,84.2700,5368300.0000,69.0278
01/06/2020,84.3000,84.3100,84.1100,84.1700,3710400.0000,68.9459
01/07/2020,84.2000,84.2000,84.0700,84.1000,3029900.0000,68.8886
01/08/2020,84.1300,84.2000,83.9000,83.9700,3674400.0000,68.7821
01/09/2020,83.9100,84.1000,83.8600,84.0700,5886600.0000,68.8640
01/10/2020,84.1600,84.2400,84.1000,84.2100,4525700.0000,68.9787
01/13/2020,84.1800,84.1800,84.1000,84.1600,3735700.0000,68.9378
01/14/2020,84.2000,84.2900,84.1800,84.2800,3492300.0000,69.0360
01/15/2020,84.4000,84.4100,84.3100,84.4100,2594300.0000,69.1425
01/16/2020,84.3700,84.4300,84.3100,84.3600,4784100.0000,69.1015
01/17/2020,84.2700,84.3600,84.2500,84.3500,3090600.0000,69.0934
01/21/2020,84.4900,84.5900,84.4200,84.5600,2910600.0000,69.2654
01/22/2020,84.5900,84.6300,84.5600,84.6300,4192100.0000,69.3227
01/23/2020,84.7800,84.8300,84.7200,84.7800,3104800.0000,69.4456
01/24/2020,84.8300,85.0000,84.8000,84.9100,4548400.0000,69.5521
01/27/2020,85.1700,85.2000,85.1000,85.1900,3208600.0000,69.7814
01/28/2020,85.1300,85.1400,84.9800,85.0400,3993400.0000,69.6586
01/29/2020,85.1700,85.3300,85.1400,85.2800,4177500.0000,69.8551
01/30/2020,85.3600,85.4500,85.2300,85.3000,4795700.0000,69.8715
01/31/2020,85.4000,85.5800,85.3800,85.5200,6264000.0000,70.0518
02/03/2020,85.2200,85.3000,85.0900,85.2600,6030800.0000,69.9886
02/04/2020,85.0300,85.0400,84.9200,85.0000,4180900.0000,69.7751
02/05/2020,84.8900,84.9400,84.8300,84.8600,3537200.0000,69.6602
02/06/2020,84.9100,84.9600,84.8500,84.9400,3435700.0000,69.7259
02/07/2020,85.1700,85.2300,85.1100,85.2000,4169700.0000,69.9393
02/10/2020,85.3500,85.3900,85.2700,85.3300,2785500.0000,70.0460
02/11/2020,85.2900,85.3200,85.1800,85.1900,3799400.0000,69.9311
02/12/2020,85.1000,85.1300,85.0500,85.0900,4127500.0000,69.8490
02/13/2020,85.1400,85.2300,85.1000,85.1700,2852500.0000,69.9147
02/14/2020,85.3200,85.3400,85.2500,85.2600,3069000.0000,69.9886
02/18/2020,85.4300,85.4700,85.3200,85.3900,3645200.0000,70.0953
02/19/2020,85.3600,85.4300,85.3200,85.3800,3109600.0000,70.0870
02/20/2020,85.4800,85.5900,85.4500,85.5900,8404000.0000,70.2594
02/21/2020,85.7600,85.9300,85.7300,85.8000,6561500.0000,70.4318
02/24/2020,86.1700,86.1900,86.0600,86.0700,6314500.0000,70.6535
02/25/2020,86.0900,86.2500,86.0700,86.1400,7928900.0000,70.7109
02/26/2020,86.0800,86.2900,86.0000,86.0900,8015900.0000,70.6699
02/27/2020,86.2600,86.3800,86.1200,86.1900,9514600.0000,70.7519
02/28/2020,86.5200,86.8700,86.4000,86.7600,16377200.0000,71.2198
03/02/2020,86.8200,86.9100,86.5000,86.5300,10154400.0000,71.1730
03/03/2020,86.5700,87.5200,86.5400,87.0500,9323900.0000,71.6007
03/04/2020,87.2600,87.4000,87.0000,87.0300,7445600.0000,71.5842
03/05/2020,87.3800,87.5000,87.2800,87.3600,5385000.0000,71.8557
03/06/2020,88.2100,88.2600,87.6600,87.9600,10176200.0000,72.3492
03/09/2020,89.2600,89.3200,87.7200,87.7700,12445600.0000,72.1929
03/10/2020,87.4400,87.6900,86.5900,86.5900,14177600.0000,71.2223
03/11/2020,86.7800,87.2400,84.8700,84.9500,10511600.0000,69.8734
03/12/2020,83.4800,84.8900,76.4900,80.3300,16986900.0000,66.0733
03/13/2020,81.6900,84.4500,81.5000,83.7200,14137500.0000,68.8617
03/16/2020,81.3200,84.6500,79.5100,84.6000,8411000.0000,69.5855
03/17/2020,83.5500,84.7200,82.7900,82.8500,13629700.0000,68.1461
03/18/2020,81.4400,82.6700,80.3100,80.8500,10076800.0000,66.5011
03/19/2020,79.7400,81.5800,79.5800,80.8000,11007200.0000,66.4600
03/20/2020,80.7000,82.5500,80.6900,82.1700,8864500.0000,67.5868
03/23/2020,81.2100,83.9900,81.2000,83.9900,10973300.0000,69.0838
03/24/2020,82.9500,84.2400,82.7400,84.0800,9371200.0000,69.1578
03/25/2020,84.1400,85.6500,84.1400,85.2100,9655500.0000,70.0872
03/26/2020,85.0500,85.6900,85.0400,85.6000,10803800.0000,70.4080
03/27/2020,85.3700,86.1400,85.2100,86.0600,4975200.0000,70.7864
03/30/2020,86.0200,86.5700,86.0200,86.1500,6030800.0000,70.8604
03/31/2020,86.2500,86.4200,85.3500,85.3500,8523900.0000,70.2024
04/01/2020,86.1200,86.2600,85.5500,85.6000,5995000.0000,70.5651
04/02/2020,86.1200,86.1800,85.8900,86.0000,6356100.0000,70.8949
04/03/2020,86.0500,86.1300,85.8300,85.9600,4151200.0000,70.8619
04/06/2020,86.3000,86.3000,86.0000,86.2300,4373100.0000,71.0845
04/07/2020,86.2300,86.3900,86.0600,86.3100,6009600.0000,71.1504
04/08/2020,86.3000,86.5300,86.2000,86.5300,4572300.0000,71.3318
04/09/2020,86.7500,87.4800,86.7500,87.4800,5070700.0000,72.1149
04/13/2020,87.3900,87.3900,86.9400,87.2000,7018100.0000,71.8841
04/14/2020,87.3900,87.3900,87.1100,87.2000,5818300.0000,71.8841
04/15/2020,87.2400,87.6500,87.2000,87.6300,3922500.0000,72.2386
04/16/2020,87.6300,87.8000,87.5000,87.6800,3459600.0000,72.2798
04/17/2020,87.7100,87.8600,87.4200,87.5600,3528300.0000,72.1808
04/20/2020,87.5300,87.5400,87.3400,87.4200,3705200.0000,72.0654
04/21/2020,87.7000,87.7100,87.4400,87.5300,4513000.0000,72.1561
04/22/2020,87.4500,87.5200,87.3300,87.4600,3240100.0000,72.0984
04/23/2020,87.5700,87.6700,87.5000,87.6000,2587200.0000,72.2138
04/24/2020,87.5600,87.6200,87.4700,87.5700,2272600.0000,72.1891
04/27/2020,87.5300,87.5500,87.2400,87.2600,3117300.0000,71.9335
04/28/2020,87.5000,87.5500,87.4000,87.5200,3118800.0000,72.1479
04/29/2020,87.6400,87.7100,87.4800,87.5800,4867500.0000,72.1974
04/30/2020,87.6900,87.7200,87.5000,87.5100,5390100.0000,72.1396
05/01/2020,87.3800,87.4500,87.1600,87.3000,4857100.0000,72.1099
05/04/2020,87.3400,87.4200,87.2700,87.3900,7276600.0000,72.1843
05/05/2020,87.3100,87.3700,87.2800,87.3100,3625600.0000,72.1182
05/06/2020,87.2400,87.2800,86.8600,86.9200,5006600.0000,71.7961
05/07/2020,87.1800,87.2400,86.9700,87.2000,3425600.0000,72.0273
05/08/2020,87.1300,87.1700,86.9000,86.9500,3078900.0000,71.8208
05/11/2020,86.9300,86.9700,86.6300,86.6800,4344300.0000,71.5978
05/12/2020,86.8700,87.0700,86.7800,86.9600,3942700.0000,71.8291
05/13/2020,87.1400,87.1900,87.0100,87.0600,2628900.0000,71.9117
05/14/2020,87.2300,87.3000,87.1800,87.3000,2844700.0000,72.1099
05/15/2020,87.5100,87.5100,87.2800,87.3500,2871300.0000,72.1512
05/18/2020,87.3900,87.3900,87.0700,87.1900,3573700.0000,72.0190
05/19/2020,87.2700,87.3100,87.1600,87.3000,3083000.0000,72.1099
05/20/2020,87.3700,87.5700,87.2700,87.5300,4388600.0000,72.2999
05/21/2020,87.6000,87.6900,87.5600,87.6200,5762200.0000,72.3742
05/22/2020,87.6800,87.6800,87.6100,87.6500,3710300.0000,72.3990
05/26/2020,87.6600,87.6600,87.5300,87.6000,5193900.0000,72.3577
05/27/2020,87.7500,87.7800,87.5700,87.6400,7606400.0000,72.3908
05/28/2020,87.5500,87.6700,87.5000,87.6700,7381900.0000,72.4155
05/29/2020,87.7200,87.9400,87.6300,87.9200,6196500.0000,72.6220
06/01/2020,87.5900,87.6800,87.5500,87.6800,4345600.0000,72.5633
06/02/2020,87.6700,87.7500,87.6300,87.7500,5445500.0000,72.6212
06/03/2020,87.6300,87.6800,87.4600,87.5500,5036400.0000,72.4557
06/04/2020,87.6100,87.6400,87.3000,87.3400,6341700.0000,72.2819
06/05/2020,87.2000,87.3300,87.0300,87.3300,6465600.0000,72.2736
06/08/2020,87.2800,87.4900,87.2200,87.4200,4491000.0000,72.3481
06/09/2020,87.5900,87.6200,87.4800,87.4800,5445200.0000,72.3978
06/10/2020,87.6400,87.8500,87.5000,87.8500,3951600.0000,72.7039
06/11/2020,87.9400,87.9400,87.6800,87.6900,5026500.0000,72.5715
06/12/2020,87.8300,87.9100,87.6900,87.7800,4087300.0000,72.6460
06/15/2020,87.8600,88.0600,87.7900,87.9600,4486100.0000,72.7950
06/16/2020,88.0900,88.0900,87.7800,87.8500,9338500.0000,72.7039
06/17/2020,87.9300,87.9400,87.7100,87.8700,3900300.0000,72.7205
06/18/2020,87.9400,88.0000,87.8800,87.9700,2988600.0000,72.8033
06/19/2020,87.9400,88.0200,87.9400,88.0000,2606400.0000,72.8281
06/22/2020,88.1200,88.1600,87.9500,87.9700,3048400.0000,72.8033
06/23/2020,88.0100,88.0200,87.9100,87.9300,3037100.0000,72.7702
06/24/2020,87.9100,88.0000,87.8500,87.9400,3256700.0000,72.7784
06/25/2020,88.1300,88.1400,88.0000,88.0300,4318400.0000,72.8529
06/26/2020,88.1700,88.2100,88.0500,88.1900,2911700.0000,72.9854
06/29/2020,88.2200,88.2600,88.1300,88.2500,3047300.0000,73.0350
06/30/2020,88.3500,88.3600,88.1700,88.3400,5405900.0000,73.1095
07/01/2020,88.1400,88.2000,88.0000,88.2000,3569200.0000,73.1277
07/02/2020,88.2300,88.3400,88.1700,88.3400,4007000.0000,73.2438
07/06/2020,88.2500,88.3300,88.1800,88.3100,4026800.0000,73.2189
07/07/2020,88.3700,88.4500,88.2900,88.4500,3300800.0000,73.3350
07/08/2020,88.4800,88.4900,88.3500,88.4000,2908100.0000,73.2935
07/09/2020,88.4500,88.6900,88.4300,88.6400,3189700.0000,73.4926
07/10/2020,88.7500,88.7500,88.5200,88.5400,2960500.0000,73.4096
07/13/2020,88.5300,88.6000,88.4900,88.5800,3115800.0000,73.4427
07/14/2020,88.6700,88.7400,88.6400,88.6900,3067300.0000,73.5340
07/15/2020,88.7200,88.7700,88.6300,88.7000,3349900.0000,73.5423
07/16/2020,88.8200,88.8600,88.7600,88.7600,2856100.0000,73.5920
07/17/2020,88.9100,88.9300,88.7700,88.8500,2430300.0000,73.6667
07/20/2020,89.0000,89.0000,88.8800,88.9400,2771000.0000,73.7413
07/21/2020,89.0100,89.0400,88.9700,88.9900,3044700.0000,73.7827
07/22/2020,89.1200,89.1400,89.0500,89.1100,5609100.0000,73.8822
07/23/2020,89.2400,89.2400,89.1500,89.1900,4394900.0000,73.9486
07/24/2020,89.1600,89.2300,89.0900,89.1700,2980400.0000,73.9319
07/27/2020,89.2700,89.2800,89.0000,89.1100,5146900.0000,73.8822
07/28/2020,89.2100,89.2400,89.0800,89.1500,5547800.0000,73.9154
07/29/2020,89.2000,89.2900,89.1600,89.2900,3136200.0000,74.0315
07/30/2020,89.3200,89.3700,89.3000,89.3400,2621100.0000,74.0729
07/31/2020,89.3500,89.4700,89.2700,89.4600,5110000.0000,74.1724
08/03/2020,89.3200,89.3300,89.1700,89.2700,6270000.0000,74.1467
08/04/2020,89.3700,89.4600,89.3500,89.4600,5325100.0000,74.3045
08/05/2020,89.3700,89.3900,89.2800,89.3400,4931500.0000,74.2048
08/06/2020,89.4800,89.5800,89.4400,89.4800,3933400.0000,74.3211
08/07/2020,89.5500,89.5900,89.3500,89.3800,3764400.0000,74.2380
08/10/2020,89.4800,89.5000,89.2700,89.2800,3708400.0000,74.1550
08/11/2020,89.1000,89.1000,88.8800,88.9700,8125700.0000,73.8975
08/12/2020,88.8500,88.8500,88.7100,88.7400,4530800.0000,73.7064
08/13/2020,88.7700,88.7700,88.3600,88.4500,3969800.0000,73.4656
08/14/2020,88.5000,88.5400,88.3300,88.3500,3454400.0000,73.3825
08/17/2020,88.4400,88.5500,88.3900,88.4600,3995400.0000,73.4739
08/18/2020,88.5700,88.6300,88.5100,88.5800,6371100.0000,73.5735
08/19/2020,88.7000,88.7000,88.4000,88.4300,4628100.0000,73.4490
08/20/2020,88.6600,88.6800,88.5700,88.5800,4623400.0000,73.5735
08/21/2020,88.6800,88.7700,88.5800,88.7700,3642100.0000,73.7314
08/24/2020,88.7500,88.7900,88.6400,88.6700,2960400.0000,73.6483
08/25/2020,88.5200,88.5600,88.3400,88.5000,4830800.0000,73.5071
08/26/2020,88.4700,88.5100,88.3500,88.4500,4853800.0000,73.4656
08/27/2020,88.6200,88.6200,88.1200,88.1300,5125700.0000,73.1998
08/28/2020,88.2400,88.2900,88.1200,88.2000,4281200.0000,73.2579
08/31/2020,88.3000,88.5400,88.2600,88.4600,16000300.0000,73.4739
09/01/2020,88.2500,88.5700,88.1800,88.5500,7201700.0000,73.6760
09/02/2020,88.5400,88.7700,88.5300,88.7400,5054900.0000,73.8342
09/03/2020,88.8100,88.8900,88.7100,88.7500,7543900.0000,73.8424
09/04/2020,88.6200,88.6400,88.2300,88.2300,6588300.0000,73.4098
09/08/2020,88.4200,88.4900,88.3200,88.3600,4440300.0000,73.5180
09/09/2020,88.4000,88.4500,88.2400,88.3000,6048200.0000,73.4681
09/10/2020,88.2300,88.3600,88.1700,88.3200,5331800.0000,73.4847
09/11/2020,88.4300,88.4600,88.3500,88.4100,5301400.0000,73.5596
09/14/2020,88.4900,88.5300,88.4000,88.4100,4256400.0000,73.5596
09/15/2020,88.4600,88.4900,88.4000,88.4600,3746900.0000,73.6012
09/16/2020,88.5800,88.6000,88.3400,88.4400,4851800.0000,73.5846
09/17/2020,88.6000,88.6100,88.4200,88.4400,2815400.0000,73.5846
09/18/2020,88.5200,88.5200,88.3300,88.3400,2938800.0000,73.5014
09/21/2020,88.4900,88.5000,88.3800,88.3900,4981500.0000,73.5429
09/22/2020,88.4000,88.4700,88.3500,88.4200,4442200.0000,73.5679
09/23/2020,88.4100,88.4400,88.2200,88.2200,4659600.0000,73.4015
09/24/2020,88.3200,88.3300,88.1900,88.2300,4225900.0000,73.4098
09/25/2020,88.3000,88.3000,88.1900,88.2200,5602600.0000,73.4015
09/28/2020,88.2700,88.3100,88.2300,88.3000,4215100.0000,73.4681
09/29/2020,88.3900,88.4400,88.3300,88.3600,7929700.0000,73.5180
09/30/2020,88.2800,88.3000,88.1300,88.2200,6113600.0000,73.4015
10/01/2020,87.9900,88.1900,87.9700,88.1600,4485900.0000,73.4765
10/02/2020,88.2100,88.2100,87.9800,88.1000,5557100.0000,73.4265
10/05/2020,87.9800,87.9800,87.7700,87.7700,6298400.0000,73.1514
10/06/2020,87.8600,88.0400,87.7400,87.8900,5705900.0000,73.2515
10/07/2020,87.8200,87.9000,87.7200,87.7700,3494600.0000,73.1514
10/08/2020,87.8900,87.9500,87.8500,87.9200,5661600.0000,73.2765
10/09/2020,87.8300,87.9400,87.7600,87.9400,4105000.0000,73.2932
10/12/2020,87.9900,88.1000,87.9600,88.0700,3383500.0000,73.4015
10/13/2020,88.1200,88.2000,88.0900,88.1400,4121100.0000,73.4598
10/14/2020,88.1700,88.2300,88.1200,88.1900,6966400.0000,73.5016
10/15/2020,88.1900,88.2400,88.1000,88.1400,3877900.0000,73.4598
10/16/2020,88.1600,88.2100,88.0400,88.0700,3424500.0000,73.4015
10/19/2020,88.0100,88.0300,87.9200,87.9900,5206600.0000,73.3348
10/20/2020,87.9300,87.9300,87.8100,87.8400,4652700.0000,73.2098
10/21/2020,87.8000,87.8400,87.7200,87.7400,4115700.0000,73.1264
10/22/2020,87.7300,87.7400,87.5700,87.5900,5036700.0000,73.0014
10/23/2020,87.5800,87.7500,87.5700,87.7000,3237300.0000,73.0932
10/26/2020,87.8100,87.9100,87.8000,87.8300,4177000.0000,73.2015
10/27/2020,87.9700,88.0600,87.9000,88.0400,3293100.0000,73.3765
10/28/2020,88.0900,88.0900,87.8900,87.9200,4766400.0000,73.2765
10/29/2020,87.9200,87.9400,87.6400,87.7300,4200700.0000,73.1182
10/30/2020,87.6800,87.7600,87.5000,87.5800,9731400.0000,72.9931
11/02/2020,87.5600,87.6300,87.5200,87.5500,4021200.0000,73.0941
11/03/2020,87.5200,87.5400,87.4200,87.5300,3985400.0000,73.0774
11/04/2020,88.0700,88.1900,88.0000,88.1300,5667400.0000,73.5783
11/05/2020,88.2800,88.2900,88.1100,88.2200,4128700.0000,73.6535
11/06/2020,88.0100,88.0700,87.9200,88.0200,3844500.0000,73.4865
11/09/2020,87.7400,87.7600,87.4400,87.6100,5712700.0000,73.1442
11/10/2020,87.4300,87.5500,87.3900,87.4400,5169600.0000,73.0023
11/11/2020,87.4400,87.5100,87.3800,87.5000,3365700.0000,73.0524
11/12/2020,87.6500,87.7900,87.6000,87.7900,4178500.0000,73.2945
11/13/2020,87.8300,87.8800,87.7900,87.8200,3199500.0000,73.3195
11/16/2020,87.8200,87.8800,87.7900,87.8700,4059400.0000,73.3613
11/17/2020,87.9600,88.0500,87.9200,88.0200,5537500.0000,73.4865
11/18/2020,88.1200,88.1300,88.0500,88.1200,6089500.0000,73.5700
11/19/2020,88.2100,88.3400,88.1700,88.3000,6207000.0000,73.7203
11/20/2020,88.3200,88.4100,88.2500,88.3800,6611300.0000,73.7871
11/23/2020,88.3600,88.3700,88.2700,88.3100,3506600.0000,73.7287
11/24/2020,88.3000,88.3200,88.2000,88.2200,4678800.0000,73.6535
11/25/2020,88.2700,88.3100,88.1700,88.1800,5282000.0000,73.6201
11/27/2020,88.2900,88.3800,88.2800,88.3700,2226300.0000,73.7788
11/30/2020,88.3700,88.5000,88.3500,88.4900,4729900.0000,73.8789
12/01/2020,88.2600,88.2700,88.0000,88.0800,7331400.0000,73.6557
12/02/2020,88.0200,88.1900,87.8200,87.9300,4631300.0000,73.5302
12/03/2020,88.1300,88.1900,88.0000,88.1000,3685300.0000,73.6724
12/04/2020,88.0000,88.0200,87.8100,87.8700,4880200.0000,73.4800
12/07/2020,87.9800,88.0700,87.9600,87.9900,4734800.0000,73.5804
12/08/2020,88.1500,88.1600,88.0100,88.0200,3737300.0000,73.6055
12/09/2020,87.8900,87.9200,87.8100,87.8700,5163900.0000,73.4800
12/10/2020,87.9600,88.1000,87.9200,88.0500,4731400.0000,73.6305
12/11/2020,88.1600,88.2300,88.1200,88.1900,5317100.0000,73.7476
12/14/2020,88.1100,88.1900,88.0100,88.1600,5176800.0000,73.7226
12/15/2020,88.1100,88.2100,88.1000,88.2000,6539900.0000,73.7560
12/16/2020,88.0900,88.1900,87.9900,88.1100,4186700.0000,73.6807
12/17/2020,88.2300,88.3000,88.0400,88.1300,4963600.0000,73.6974
12/18/2020,88.1900,88.2400,88.0600,88.1000,3472700.0000,73.6724
12/21/2020,88.1900,88.2200,88.0600,88.1100,5364200.0000,73.6807
12/22/2020,88.1500,88.2600,88.0900,88.2500,4697300.0000,73.7978
12/23/2020,87.8600,87.8700,87.7000,87.8600,5643700.0000,73.7147
12/24/2020,87.9900,88.0300,87.9300,88.0100,1980900.0000,73.8406
12/28/2020,87.9400,88.0300,87.8700,87.9800,4706500.0000,73.8154
12/29/2020,87.9500,88.0500,87.9100,88.0100,4884800.0000,73.8406
12/30/2020,88.0300,88.0800,87.9800,88.0700,3609800.0000,73.8909
12/31/2020,88.1100,88.2100,88.0900,88.1900,6134900.0000,73.9916
01/04/2021,88.0400,88.1000,87.9800,88.0700,7568400.0000,73.8909
01/05/2021,88.0200,88.0400,87.8200,87.9200,6452700.0000,73.7651
01/06/2021,87.6100,87.6100,87.3400,87.5300,5933700.0000,73.4379
01/07/2021,87.3600,87.4200,87.3300,87.3500,6196100.0000,73.2868
01/08/2021,87.3900,87.3900,87.1700,87.2700,7688800.0000,73.2197
01/11/2021,87.2500,87.2500,87.1000,87.1800,5404300.0000,73.1442
01/12/2021,87.0900,87.1600,86.9400,87.1600,6078800.0000,73.1274
01/13/2021,87.2700,87.5100,87.2200,87.3900,7357100.0000,73.3204
01/14/2021,87.4000,87.5000,87.2100,87.2800,7191900.0000,73.2281
01/15/2021,87.3400,87.4300,87.2800,87.3500,4083600.0000,73.2868
01/19/2021,87.3700,87.4800,87.3000,87.4700,7636500.0000,73.3875
01/20/2021,87.4200,87.5000,87.4000,87.4600,5889500.0000,73.3791
01/21/2021,87.3300,87.4000,87.2700,87.3400,7890800.0000,73.2784
01/22/2021,87.4100,87.4200,87.3100,87.3800,4439800.0000,73.3120
01/25/2021,87.4900,87.5900,87.4500,87.5800,5126900.0000,73.4798
01/26/2021,87.5400,87.6200,87.5000,87.5700,4608700.0000,73.4714
01/27/2021,87.6300,87.7000,87.5600,87.5700,4248500.0000,73.4714
01/28/2021,87.5600,87.5700,87.4100,87.5000,4359300.0000,73.4127
01/29/2021,87.2900,87.4800,87.2900,87.4300,6088400.0000,73.3540
02/01/2021,87.2400,87.3700,87.2300,87.3200,5774700.0000,73.3783
02/02/2021,87.2100,87.2400,87.1700,87.2100,4554500.0000,73.2859
02/03/2021,87.1500,87.1700,87.0600,87.0600,4271700.0000,73.1599
02/04/2021,87.0500,87.1100,86.9400,87.0800,4652200.0000,73.1766
02/05/2021,87.0800,87.1300,86.9500,86.9600,4401300.0000,73.0758
02/08/2021,86.9700,87.1200,86.9400,87.0600,5571500.0000,73.1599
02/09/2021,87.0600,87.1400,87.0100,87.0200,4474000.0000,73.1262
02/10/2021,87.1200,87.1600,87.0700,87.1600,3735500.0000,73.2439
02/11/2021,87.1600,87.1900,87.0200,87.0700,4578200.0000,73.1683
02/12/2021,86.9300,86.9700,86.8100,86.8400,4825400.0000,72.9749
02/16/2021,86.5700,86.5900,86.4100,86.4300,6702200.0000,72.6304
02/17/2021,86.5800,86.6200,86.4900,86.6100,5217000.0000,72.7817
02/18/2021,86.4800,86.6000,86.4200,86.5600,4607000.0000,72.7397
02/19/2021,86.4300,86.4500,86.2000,86.2600,4011100.0000,72.4875
02/22/2021,86.1900,86.2900,86.0000,86.0200,4809400.0000,72.2859
02/23/2021,85.8700,86.0500,85.8200,86.0000,6475900.0000,72.2691
02/24/2021,85.6800,85.9900,85.6200,85.9500,5164600.0000,72.2271
02/25/2021,85.6000,85.6600,84.9200,85.2000,9956100.0000,71.5968
02/26/2021,85.5700,85.9400,85.3000,85.9400,8580200.0000,72.2187
03/01/2021,85.6100,85.7500,85.5300,85.7000,7152000.0000,72.1253
03/02/2021,85.6500,85.7100,85.6000,85.6900,5338800.0000,72.1168
03/03/2021,85.4700,85.5200,85.3300,85.4200,6022500.0000,71.8896
03/04/2021,85.4500,85.4800,85.0500,85.1500,9701800.0000,71.6624
03/05/2021,85.0000,85.1300,84.9200,85.1000,6871000.0000,71.6203
03/08/2021,84.9600,85.0000,84.7100,84.7100,5806700.0000,71.2921
03/09/2021,84.9300,85.0700,84.9300,84.9900,7671800.0000,71.5277
03/10/2021,85.0700,85.2100,85.0400,85.1500,5286700.0000,71.6624
03/11/2021,85.1400,85.2300,85.0400,85.1600,5510000.0000,71.6708
03/12/2021,84.7400,84.7500,84.5800,84.6500,5717100.0000,71.2416
03/15/2021,84.6600,84.8000,84.6600,84.7500,5012200.0000,71.3257
03/16/2021,84.8000,84.8500,84.6600,84.7400,6159100.0000,71.3173
03/17/2021,84.6000,84.8000,84.4400,84.7100,7370600.0000,71.2921
03/18/2021,84.3000,84.4700,84.2200,84.3600,4905200.0000,70.9975
03/19/2021,84.8000,84.8700,84.3000,84.4300,4969200.0000,71.0564
03/22/2021,84.6300,84.7100,84.5500,84.6700,4748300.0000,71.2584
03/23/2021,84.8700,84.8800,84.6800,84.8600,5148600.0000,71.4183
03/24/2021,84.7600,85.0000,84.7400,84.9900,5148200.0000,71.5277
03/25/2021,85.0300,85.0600,84.8300,84.9300,3876300.0000,71.4772
03/26/2021,84.7600,84.9200,84.7300,84.7800,3376200.0000,71.3510
03/29/2021,84.8000,84.8300,84.5800,84.6700,3775500.0000,71.2584
03/30/2021,84.5700,84.7700,84.5100,84.7600,4769200.0000,71.3342
03/31/2021,84.7600,84.8500,84.6300,84.7200,6949300.0000,71.3005
04/01/2021,84.7800,84.8400,84.6700,84.8000,4780200.0000,71.5299
04/05/2021,84.6200,84.7100,84.5500,84.6700,8200600.0000,71.4203
04/06/2021,84.7800,84.9900,84.7600,84.9700,5400600.0000,71.6733
04/07/2021,84.9000,85.0200,84.8500,84.8700,5480200.0000,71.5890
04/08/2021,84.9700,85.0700,84.9500,85.0600,3872300.0000,71.7492
04/09/2021,84.9700,85.0700,84.8500,84.9500,9748500.0000,71.6564
04/12/2021,84.9300,84.9300,84.8500,84.9300,3995700.0000,71.6396
04/13/2021,84.8900,85.1500,84.8900,85.1500,4097500.0000,71.8251
04/14/2021,85.0600,85.1300,85.0100,85.0900,4592300.0000,71.7745
04/15/2021,85.3300,85.5600,85.2700,85.4500,5395000.0000,72.0782
04/16/2021,85.2200,85.3100,85.0600,85.2200,6199700.0000,71.8842
04/19/2021,85.1100,85.1900,85.0600,85.1700,6165300.0000,71.8420
04/20/2021,85.1500,85.3600,85.1400,85.3100,6383700.0000,71.9601
04/21/2021,85.2800,85.4000,85.2400,85.4000,4508300.0000,72.0360
04/22/2021,85.4100,85.4600,85.2900,85.4400,4007800.0000,72.0697
04/23/2021,85.4800,85.5000,85.3500,85.4500,6435700.0000,72.0782
04/26/2021,85.4600,85.4900,85.3700,85.3900,3797400.0000,72.0276
04/27/2021,85.3700,85.3700,85.1500,85.1700,4450300.0000,71.8420
04/28/2021,85.2000,85.2300,85.0300,85.2100,5479200.0000,71.8758
04/29/2021,85.0600,85.1400,84.9500,85.1400,6247600.0000,71.8167
04/30/2021,85.2200,85.2600,85.1100,85.2600,6867600.0000,71.9179
05/03/2021,85.1200,85.3100,85.1100,85.1500,4601200.0000,71.9357
05/04/2021,85.2400,85.3900,85.2100,85.2600,5520300.0000,72.0286
05/05/2021,85.2100,85.3400,85.1700,85.3100,5950300.0000,72.0708
05/06/2021,85.2500,85.4000,85.2400,85.3500,4143600.0000,72.1047
05/07/2021,85.4800,85.6000,85.3000,85.3600,4886300.0000,72.1131
05/10/2021,85.3700,85.3900,85.1400,85.1600,6211800.0000,71.9441
05/11/2021,85.0200,85.0400,84.9400,84.9900,6630800.0000,71.8005
05/12/2021,84.8500,84.8500,84.6600,84.6900,7011700.0000,71.5471
05/13/2021,84.6800,84.9000,84.6800,84.8600,6991000.0000,71.6907
05/14/2021,84.9800,85.0600,84.9200,85.0600,6262100.0000,71.8597
05/17/2021,85.0400,85.0400,84.9500,84.9800,4753000.0000,71.7921
05/18/2021,84.9100,84.9300,84.8500,84.8900,4631000.0000,71.7160
05/19/2021,84.9100,85.0000,84.7000,84.8000,6511300.0000,71.6400
05/20/2021,84.8900,85.0900,84.8900,85.0800,5283900.0000,71.8766
05/21/2021,85.1200,85.1500,85.0300,85.1000,5050800.0000,71.8934
05/24/2021,85.1500,85.2400,85.1400,85.2000,6954500.0000,71.9779
05/25/2021,85.2500,85.4200,85.2400,85.4200,5235500.0000,72.1638
05/26/2021,85.3700,85.4600,85.3200,85.3900,4834400.0000,72.1384
05/27/2021,85.3200,85.3400,85.2000,85.2700,5215200.0000,72.0370
05/28/2021,85.2700,85.3900,85.2500,85.2600,5258500.0000,72.0286
06/01/2021,85.0700,85.1400,84.9800,85.1200,5398000.0000,72.0236
06/02/2021,85.1100,85.2300,85.0900,85.2100,5479900.0000,72.0997
06/03/2021,85.1300,85.1300,85.0300,85.0500,4829000.0000,71.9643
06/04/2021,85.1600,85.3900,85.1400,85.3900,19321400.0000,72.2520
06/07/2021,85.3300,85.3600,85.2900,85.3300,10706500.0000,72.2012
06/08/2021,85.4900,85.5100,85.4400,85.4900,5099600.0000,72.3366
06/09/2021,85.6900,85.7400,85.6000,85.6600,4810300.0000,72.4804
06/10/2021,85.5400,85.8600,85.5100,85.8400,7400300.0000,72.6327
06/11/2021,85.8200,85.8500,85.7400,85.8200,4194500.0000,72.6158
06/14/2021,85.7600,85.7600,85.5800,85.6000,4438400.0000,72.4297
06/15/2021,85.5600,85.6300,85.5200,85.6000,6173600.0000,72.4297
06/16/2021,85.6800,85.7300,85.2600,85.3600,7302400.0000,72.2266
06/17/2021,85.5000,85.8700,85.4800,85.6500,6467500.0000,72.4720
06/18/2021,85.7200,85.9900,85.6300,85.9200,5842800.0000,72.7004
06/21/2021,85.7200,85.7500,85.6000,85.6200,7907000.0000,72.4466
06/22/2021,85.5200,85.7500,85.5100,85.7400,4082900.0000,72.5481
06/23/2021,85.6900,85.7600,85.6300,85.6800,5739900.0000,72.4974
06/24/2021,85.7300,85.7800,85.6900,85.7200,4852100.0000,72.5312
06/25/2021,85.7400,85.7500,85.4500,85.5600,6018500.0000,72.3958
06/28/2021,85.6900,85.8400,85.6700,85.7900,5664100.0000,72.5904
06/29/2021,85.6600,85.8300,85.6600,85.8300,10672700.0000,72.6243
06/30/2021,85.9000,85.9800,85.8700,85.8900,4846600.0000,72.6751
07/01/2021,85.7300,85.7800,85.6300,85.7500,5768000.0000,72.6683
07/02/2021,85.7600,85.9000,85.7400,85.9000,4315700.0000,72.7954
07/06/2021,86.0000,86.2700,86.0000,86.2100,5711600.0000,73.0581
07/07/2021,86.3000,86.4400,86.2300,86.3900,5933900.0000,73.2106
07/08/2021,86.4400,86.5700,86.3800,86.4700,6991200.0000,73.2785
07/09/2021,86.2700,86.2700,86.2000,86.2000,10304900.0000,73.0496
07/12/2021,86.2600,86.2900,86.1200,86.1700,9073900.0000,73.0242
07/13/2021,86.1600,86.2300,85.8700,85.9000,8583600.0000,72.7954
07/14/2021,86.0800,86.2100,86.0600,86.1900,5036200.0000,73.0411
07/15/2021,86.3400,86.4100,86.1800,86.4000,3423000.0000,73.2191
07/16/2021,86.2000,86.3700,86.1900,86.3200,5725100.0000,73.1513
07/19/2021,86.7100,86.8900,86.6800,86.8100,6493300.0000,73.5666
07/20/2021,87.0500,87.0800,86.6700,86.7200,6762200.0000,73.4903
07/21/2021,86.4900,86.5400,86.3600,86.4400,6293000.0000,73.2530
07/22/2021,86.4500,86.7000,86.4500,86.6300,4894900.0000,73.4140
07/23/2021,86.4100,86.5600,86.4000,86.5300,8887500.0000,73.3293
07/26/2021,86.6300,86.6300,86.4500,86.4800,5427900.0000,73.2869
07/27/2021,86.6800,86.7200,86.6000,86.7000,4344100.0000,73.4734
07/28/2021,86.5900,86.7800,86.5000,86.7800,6636700.0000,73.5411
07/29/2021,86.6000,86.6900,86.5800,86.6300,5201000.0000,73.4140
07/30/2021,86.7000,86.7800,86.6700,86.7600,7557200.0000,73.5242
08/02/2021,86.6800,86.9400,86.6300,86.8300,4660800.0000,73.6990
08/03/2021,86.8400,86.9400,86.8100,86.8500,5297700.0000,73.7160
08/04/2021,87.0100,87.0500,86.6400,86.8500,3916900.0000,73.7160
08/05/2021,86.7700,86.7900,86.6200,86.6500,4613800.0000,73.5463
08/06/2021,86.3200,86.4000,86.2200,86.2400,4329800.0000,73.1983
08/09/2021,86.3200,86.3700,86.0800,86.0800,4541300.0000,73.0625
08/10/2021,86.1200,86.1200,85.9500,85.9500,4312300.0000,72.9521
08/11/2021,85.9700,86.1400,85.8600,86.0100,6494000.0000,73.0031
08/12/2021,85.9800,86.0500,85.9000,86.0200,4946500.0000,73.0115
08/13/2021,86.1300,86.3600,86.1100,86.3600,4329600.0000,73.3001
08/16/2021,86.4700,86.6000,86.4100,86.4400,3918900.0000,73.3680
08/17/2021,86.3700,86.4700,86.3300,86.3500,7168400.0000,73.2916
08/18/2021,86.3300,86.4300,86.2400,86.3300,4561900.0000,73.2746
08/19/2021,86.4900,86.5200,86.4100,86.5200,5345600.0000,73.4359
08/20/2021,86.5400,86.5700,86.4700,86.5000,3581200.0000,73.4190
08/23/2021,86.4800,86.5300,86.4300,86.5200,4005500.0000,73.4359
08/24/2021,86.4500,86.4800,86.3500,86.3500,5164800.0000,73.2916
08/25/2021,86.3900,86.4000,86.1400,86.2100,3904900.0000,73.1728
08/26/2021,86.2400,86.2500,86.1100,86.2200,4810900.0000,73.1813
08/27/2021,86.2400,86.4700,86.1700,86.4700,4780900.0000,73.3935
08/30/2021,86.4100,86.5700,86.3900,86.5700,4119000.0000,73.4784
08/31/2021,86.5600,86.6100,86.3900,86.4600,4974900.0000,73.3850
09/01/2021,86.4100,86.4100,86.2500,86.3400,4792400.0000,73.3977
09/02/2021,86.4100,86.4600,86.3400,86.4600,4885100.0000,73.4998
09/03/2021,86.2600,86.3000,86.2100,86.2800,4059700.0000,73.3467
09/07/2021,86.0800,86.1000,85.9600,86.0300,4839700.0000,73.1342
09/08/2021,86.1300,86.2500,86.0900,86.1700,4864600.0000,73.2532
09/09/2021,86.2600,86.5100,86.1900,86.4800,5504600.0000,73.5168
09/10/2021,86.3400,86.3800,86.1100,86.2700,3711400.0000,73.3382
09/13/2021,86.3400,86.4200,86.3300,86.4000,4047300.0000,73.4487
09/14/2021,86.4700,86.6800,86.4400,86.6100,4758300.0000,73.6273
09/15/2021,86.5900,86.6000,86.4300,86.5300,6204400.0000,73.5592
09/16/2021,86.3500,86.4600,86.3000,86.3700,4604000.0000,73.4232
09/17/2021,86.2500,86.2800,86.1800,86.2600,6217800.0000,73.3298
09/20/2021,86.3900,86.5300,86.3800,86.5000,6195100.0000,73.5338
09/21/2021,86.5100,86.5200,86.4400,86.4800,6962300.0000,73.5168
09/22/2021,86.4800,86.6000,86.4000,86.5700,6006200.0000,73.5933
09/23/2021,86.3500,86.3700,86.0700,86.1100,5222300.0000,73.2022
09/24/2021,86.0100,86.0300,85.8800,85.9300,4170600.0000,73.0492
09/27/2021,85.8000,85.9200,85.7700,85.8300,4858500.0000,72.9642
09/28/2021,85.5700,85.6300,85.3900,85.4600,6253700.0000,72.6497
09/29/2021,85.5800,85.6700,85.3800,85.4700,5123500.0000,72.6582
09/30/2021,85.4400,85.5000,85.3800,85.4500,5877700.0000,72.6412
10/01/2021,85.4600,85.6500,85.4300,85.6100,6029900.0000,72.8881
10/04/2021,85.5100,85.6200,85.4400,85.5500,7280000.0000,72.8370
10/05/2021,85.5000,85.5200,85.3100,85.3400,4395400.0000,72.6582
10/06/2021,85.3600,85.4100,85.3100,85.3800,7177800.0000,72.6922
10/07/2021,85.2300,85.2500,85.1200,85.1400,5363500.0000,72.4879
10/08/2021,85.0800,85.0800,84.8800,84.9300,4547100.0000,72.3091
10/11/2021,84.8300,84.8800,84.7800,84.8000,3286600.0000,72.1984
10/12/2021,84.8900,85.1400,84.8900,85.1100,5529600.0000,72.4624
10/13/2021,85.2000,85.3600,85.2000,85.3400,5018100.0000,72.6582
10/14/2021,85.3900,85.5000,85.3300,85.4900,4336400.0000,72.7859
10/15/2021,85.3400,85.3400,85.2400,85.2800,5801200.0000,72.6071
10/18/2021,85.1600,85.2900,85.0600,85.2300,5863600.0000,72.5645
10/19/2021,85.1400,85.1400,84.9800,84.9900,3865900.0000,72.3602
10/20/2021,84.9600,85.0600,84.8900,84.8900,5332400.0000,72.2750
10/21/2021,84.8700,84.8900,84.7400,84.7700,6073300.0000,72.1729
10/22/2021,84.8700,84.9800,84.7900,84.9500,6076100.0000,72.3262
10/25/2021,84.9200,85.0600,84.9100,84.9900,4652500.0000,72.3602
10/26/2021,85.0700,85.1600,84.9400,85.1600,5752800.0000,72.5049
10/27/2021,85.3100,85.5900,85.2000,85.4700,7618400.0000,72.7689
10/28/2021,85.4200,85.5100,85.3000,85.3600,6225800.0000,72.6752
10/29/2021,85.1600,85.4400,85.1300,85.3800,8975200.0000,72.6922
11/01/2021,85.0200,85.1900,84.9800,85.1800,5201400.0000,72.6360
11/02/2021,85.2200,85.3900,85.2100,85.3400,4199400.0000,72.7724
11/03/2021,85.3900,85.4100,85.0700,85.1900,5058700.0000,72.6445
11/04/2021,85.2500,85.5800,85.2400,85.5800,5564100.0000,72.9771
11/05/2021,85.6300,85.9000,85.5700,85.8400,4595900.0000,73.1988
11/08/2021,85.7200,85.7300,85.6000,85.6500,6517200.0000,73.0367
11/09/2021,85.9200,86.0300,85.8700,85.8900,6027800.0000,73.2414
11/10/2021,85.7500,85.7700,85.2000,85.3100,6206400.0000,72.7468
11/11/2021,85.3200,85.3500,85.1500,85.1700,3847100.0000,72.6274
11/12/2021,85.2900,85.3600,85.1100,85.1800,4890900.0000,72.6360
11/15/2021,85.1000,85.1200,84.8200,84.8300,6239500.0000,72.3375
11/16/2021,84.8300,84.9500,84.7400,84.7700,5580700.0000,72.2863
11/17/2021,84.7300,84.9700,84.7100,84.9500,6589200.0000,72.4399
11/18/2021,84.9200,85.0800,84.9000,85.0500,5320700.0000,72.5251
11/19/2021,85.2500,85.3300,85.1900,85.2300,5498200.0000,72.6786
11/22/2021,85.0100,85.0600,84.7500,84.8100,7497100.0000,72.3204
11/23/2021,84.6900,84.7100,84.4700,84.4700,5779500.0000,72.0305
11/24/2021,84.4800,84.6900,84.4300,84.6700,4757400.0000,72.2011
11/26/2021,85.0900,85.3200,85.0400,85.2700,4402500.0000,72.7127
11/29/2021,84.9900,85.2900,84.9700,85.2600,6133000.0000,72.7042
11/30/2021,85.4900,85.7000,85.2400,85.4200,11234800.0000,72.8406
12/01/2021,85.1600,85.3600,85.0600,85.3400,7737300.0000,72.8876
12/02/2021,85.4200,85.4500,85.1900,85.3500,8831600.0000,72.8961
12/03/2021,85.2600,85.8300,85.2500,85.6800,7440900.0000,73.1780
12/06/2021,85.6900,85.7100,85.4100,85.4500,6865000.0000,72.9815
12/07/2021,85.3200,85.4500,85.2500,85.2600,5351200.0000,72.8193
12/08/2021,85.1800,85.2000,84.9500,85.0000,9064200.0000,72.5972
12/09/2021,85.0800,85.1800,84.9700,85.0400,8096700.0000,72.6314
12/10/2021,85.1600,85.2700,85.0500,85.0700,6869100.0000,72.6570
12/13/2021,85.2500,85.4300,85.2300,85.3600,4955300.0000,72.9047
12/14/2021,85.2500,85.3000,85.0800,85.2200,5165800.0000,72.7851
12/15/2021,85.0400,85.2100,84.9700,85.1100,6036000.0000,72.6912
12/16/2021,85.1500,85.3200,85.1500,85.2200,6067700.0000,72.7851
12/17/2021,85.3400,85.4800,85.3200,85.3700,4884200.0000,72.9132
12/20/2021,85.3800,85.4300,85.2000,85.2300,7129100.0000,72.7936
12/21/2021,85.1900,85.1900,84.9500,85.1400,6237800.0000,72.7168
12/22/2021,85.2200,85.2300,85.0900,85.2300,5110000.0000,72.7936
12/23/2021,84.9300,84.9300,84.7400,84.8300,4631200.0000,72.6831
12/27/2021,84.8400,84.9300,84.8100,84.8700,5311700.0000,72.7174
12/28/2021,85.0100,85.0200,84.8100,84.8600,5674800.0000,72.7088
12/29/2021,84.6700,84.7200,84.5200,84.5800,7757900.0000,72.4689
12/30/2021,84.6900,84.7900,84.5600,84.7700,6352100.0000,72.6317
12/31/2021,84.7800,84.9100,84.7300,84.7500,7162600.0000,72.6146
01/03/2022,84.4400,84.4400,84.1700,84.1800,7244300.0000,72.1262
01/04/2022,84.1000,84.1800,84.0000,84.1700,7384500.0000,72.1176
01/05/2022,84.2100,84.2100,83.8600,83.8800,7076500.0000,71.8691
01/06/2022,83.7500,83.8200,83.6800,83.7900,6011000.0000,71.7920
01/07/2022,83.7100,83.7200,83.4400,83.5600,6345100.0000,71.5950
01/10/2022,83.3800,83.5200,83.3100,83.4900,5912300.0000,71.5350
01/11/2022,83.4700,83.6800,83.4100,83.6600,6755600.0000,71.6806
01/12/2022,83.7300,83.7900,83.6200,83.6300,6672700.0000,71.6549
01/13/2022,83.6500,83.7900,83.5700,83.7700,5746300.0000,71.7749
01/14/2022,83.5900,83.6000,83.3000,83.3100,6843000.0000,71.3807
01/18/2022,83.0300,83.0800,82.7900,82.7900,7453100.0000,70.9352
01/19/2022,82.9700,83.1200,82.9400,82.9900,8644100.0000,71.1066
01/20/2022,83.1100,83.1400,83.0300,83.0800,4951300.0000,71.1837
01/21/2022,83.3500,83.4800,83.2800,83.3900,5204500.0000,71.4493
01/24/2022,83.4500,83.5000,83.2500,83.2600,10332200.0000,71.3379
01/25/2022,83.3000,83.4000,83.1400,83.1500,5872700.0000,71.2437
01/26/2022,83.2200,83.2600,82.6900,82.6900,7382500.0000,70.8495
01/27/2022,82.9000,83.0900,82.8900,82.9600,6295600.0000,71.0809
01/28/2022,82.7800,83.0800,82.7700,83.0600,5992500.0000,71.1665
01/31/2022,82.9000,83.0800,82.8700,83.0000,8033400.0000,71.1152
02/01/2022,82.8900,82.9100,82.6900,82.8300,5013300.0000,71.0869
02/02/2022,82.9500,83.1400,82.9100,82.9500,7248800.0000,71.1898
02/03/2022,82.6100,82.6800,82.5100,82.6000,6156500.0000,70.8895
02/04/2022,82.2000,82.2200,82.0100,82.0900,7746000.0000,70.4517
02/07/2022,82.0900,82.2200,82.0200,82.1600,6252200.0000,70.5118
02/08/2022,81.9800,82.0100,81.8900,81.8900,6727000.0000,70.2801
02/09/2022,82.0300,82.1400,81.9400,81.9500,5862000.0000,70.3316
02/10/2022,81.6300,81.6900,81.2000,81.2000,8869700.0000,69.6880
02/11/2022,81.4500,81.7900,81.1500,81.7300,11100900.0000,70.1428
02/14/2022,81.3800,81.4600,81.1800,81.2700,6301600.0000,69.7480
02/15/2022,81.1700,81.2800,81.0800,81.1000,6731200.0000,69.6021
02/16/2022,81.2400,81.2600,80.9600,81.2100,7142400.0000,69.6965
02/17/2022,81.3000,81.4900,81.2500,81.3900,6833600.0000,69.8510
02/18/2022,81.5000,81.5500,81.4100,81.5300,4744400.0000,69.9712
02/22/2022,81.3900,81.4800,81.3000,81.4800,7058800.0000,69.9282
02/23/2022,81.3000,81.3200,81.0700,81.0700,7938900.0000,69.5763
02/24/2022,81.3900,81.4800,81.1500,81.2500,8883500.0000,69.7308
02/25/2022,81.2000,81.3300,81.1400,81.3200,5923200.0000,69.7909
02/28/2022,81.6600,81.9500,81.6400,81.9200,6494400.0000,70.3058
03/01/2022,82.0400,82.4900,82.0300,82.2200,9319000.0000,70.6746
03/02/2022,81.8600,81.9100,81.2100,81.2100,6491500.0000,69.8064
03/03/2022,81.4700,81.6300,81.3500,81.5700,10349100.0000,70.1159
03/04/2022,81.8900,82.0200,81.7700,81.8600,8042600.0000,70.3652
03/07/2022,81.5300,81.7300,81.3800,81.4600,6425400.0000,70.0213
03/08/2022,81.0500,81.1300,80.9700,81.0800,8565900.0000,69.6947
03/09/2022,80.9000,81.0000,80.7900,80.8600,5761500.0000,69.5056
03/10/2022,80.5800,80.6100,80.2900,80.4300,8261200.0000,69.1360
03/11/2022,80.4000,80.4900,80.3300,80.3700,7883400.0000,69.0844
03/14/2022,79.9300,79.9400,79.6100,79.6300,15449700.0000,68.4483
03/15/2022,79.9400,80.0100,79.6600,79.7600,6265000.0000,68.5600
03/16/2022,79.7700,79.8800,79.3600,79.8800,8156400.0000,68.6632
03/17/2022,80.0200,80.1600,79.8900,79.9500,6774600.0000,68.7234
03/18/2022,80.0700,80.2300,80.0400,80.1800,8895700.0000,68.9211
03/21/2022,79.8000,79.8300,79.3200,79.3600,6831300.0000,68.2162
03/22/2022,79.1500,79.2500,79.0500,79.1600,6488400.0000,68.0443
03/23/2022,79.3300,79.5200,79.1400,79.5200,8919400.0000,68.3537
03/24/2022,79.1300,79.4400,79.1100,79.4200,18907400.0000,68.2678
03/25/2022,79.1000,79.1000,78.6100,78.7200,21372500.0000,67.6661
03/28/2022,78.8100,79.0400,78.7600,78.9500,7494000.0000,67.8638
03/29/2022,79.0800,79.3300,78.9900,79.3000,7308100.0000,68.1646
03/30/2022,79.0900,79.5100,79.0800,79.4800,7071800.0000,68.3194
03/31/2022,79.5200,79.6700,79.4400,79.5400,8244200.0000,68.3709
04/01/2022,78.8300,79.3000,78.7700,79.1700,6326900.0000,68.2227
04/04/2022,79.2100,79.2400,78.9600,79.2300,9091700.0000,68.2744
04/05/2022,79.0000,79.0200,78.3800,78.4300,6956300.0000,67.5850
04/06/2022,78.0100,78.4000,77.9000,78.1900,8649400.0000,67.3782
04/07/2022,78.1000,78.1900,77.9100,78.0300,9157600.0000,67.2403
04/08/2022,77.6600,77.8200,77.5100,77.6100,8989600.0000,66.8784
04/11/2022,77.4000,77.4400,77.1800,77.2500,7858300.0000,66.5682
04/12/2022,77.6200,77.7500,77.4600,77.5000,8168200.0000,66.7836
04/13/2022,77.5900,77.8500,77.5700,77.5900,7790300.0000,66.8612
04/14/2022,77.5600,77.6000,77.0100,77.0600,7046100.0000,66.4045
04/18/2022,77.0700,77.0800,76.7800,76.8100,7187800.0000,66.1891
04/19/2022,76.5300,76.6500,76.3000,76.3300,11568000.0000,65.7754
04/20/2022,76.6100,76.9100,76.5600,76.8100,7366100.0000,66.1891
04/21/2022,76.6800,76.6900,76.1700,76.4000,7869900.0000,65.8357
04/22/2022,76.1800,76.4700,76.1000,76.3000,8625100.0000,65.7496
04/25/2022,76.6700,77.0200,76.6700,76.7800,6091600.0000,66.1632
04/26/2022,77.1200,77.1600,76.9000,76.9800,8837100.0000,66.3356
04/27/2022,76.9900,77.0700,76.6600,76.7400,10802000.0000,66.1287
04/28/2022,76.5400,76.7100,76.4400,76.7100,7644000.0000,66.1029
04/29/2022,76.2800,76.5200,76.1600,76.1900,7120400.0000,65.6548
05/02/2022,75.8200,75.8400,75.5800,75.6600,10166700.0000,65.3190
05/03/2022,76.0800,76.1500,75.7800,75.8400,7769000.0000,65.4743
05/04/2022,75.7800,76.3300,75.6400,76.3300,12238000.0000,65.8974
05/05/2022,75.8700,75.8700,75.2600,75.5700,10540000.0000,65.2412
05/06/2022,75.2600,75.5200,75.1700,75.2500,8803000.0000,64.9650
05/09/2022,75.1800,75.6200,75.1400,75.5900,7420300.0000,65.2585
05/10/2022,75.8900,76.0300,75.7400,75.8100,24792700.0000,65.4484
05/11/2022,75.5200,76.0900,75.4700,76.0700,9843600.0000,65.6729
05/12/2022,76.2300,76.3900,76.1600,76.2200,6079800.0000,65.8024
05/13/2022,76.0600,76.1000,75.8900,75.9400,5024800.0000,65.5607
05/16/2022,76.0400,76.2400,76.0300,76.0600,6104400.0000,65.6643
05/17/2022,75.6800,75.8300,75.5900,75.6100,5881200.0000,65.2758
05/18/2022,75.5400,75.9700,75.5400,75.9300,4963300.0000,65.5520
05/19/2022,76.3400,76.3700,76.0400,76.0900,5461400.0000,65.6902
05/20/2022,76.1200,76.3700,76.1200,76.3200,6960100.0000,65.8887
05/23/2022,76.2900,76.3700,76.0000,76.0500,7332900.0000,65.6556
05/24/2022,76.3200,76.7800,76.3200,76.6700,6587100.0000,66.1909
05/25/2022,76.9200,77.0000,76.7900,76.9800,5737200.0000,66.4585
05/26/2022,77.0000,77.1000,76.8100,76.9000,5328400.0000,66.3895
05/27/2022,77.1100,77.2200,77.0000,77.1200,6355300.0000,66.5794
05/31/2022,76.6700,76.7400,76.4600,76.6800,9067000.0000,66.1996
06/01/2022,76.5600,76.6400,76.0600,76.1900,7294600.0000,65.9037
06/02/2022,76.3000,76.3300,76.0500,76.2600,5276600.0000,65.9643
06/03/2022,75.9900,76.1900,75.9900,76.1500,5549600.0000,65.8691
06/06/2022,76.0300,76.0900,75.6700,75.7000,6698000.0000,65.4799
06/07/2022,75.8500,76.1100,75.8200,75.9600,6989800.0000,65.7048
06/08/2022,75.8000,75.9300,75.6500,75.6500,3778300.0000,65.4366
06/09/2022,75.6000,75.7000,75.5100,75.5500,4828500.0000,65.3501
06/10/2022,75.2600,75.4200,74.7600,74.9100,14690800.0000,64.7965
06/13/2022,74.2100,74.2500,73.3700,73.7000,11255300.0000,63.7499
06/14/2022,73.9100,74.0100,73.2000,73.3000,9530100.0000,63.4039
06/15/2022,73.8500,74.1900,73.5000,74.1400,9098600.0000,64.1305
06/16/2022,73.4900,74.3200,73.4100,74.3000,8477600.0000,64.2689
06/17/2022,74.3900,74.4900,74.0400,74.3400,4913600.0000,64.3035
06/21/2022,74.1100,74.2800,73.9400,74.0000,7069900.0000,64.0094
06/22/2022,74.6400,74.7500,74.5400,74.6100,8407600.0000,64.5370
06/23/2022,74.9000,75.3300,74.8800,74.9700,8542600.0000,64.8484
06/24/2022,74.8600,75.1300,74.7800,74.8300,6979000.0000,64.7273
06/27/2022,74.5400,74.7300,74.3900,74.4700,6238900.0000,64.4159
06/28/2022,74.4300,74.5100,74.3100,74.5100,5578800.0000,64.4505
06/29/2022,74.5100,74.9400,74.5100,74.9400,3896400.0000,64.8225
06/30/2022,75.1700,75.4500,75.1700,75.2600,4387100.0000,65.0993
07/01/2022,75.6100,76.0500,75.5300,75.7100,5801800.0000,65.6184
07/05/2022,75.8500,75.9700,75.7000,75.8400,6253900.0000,65.7311
07/06/2022,76.0300,76.0500,75.3600,75.3800,5312000.0000,65.3324
07/07/2022,75.4500,75.4600,75.1000,75.1700,7536700.0000,65.1504
07/08/2022,75.0100,75.0400,74.8400,74.9200,4187100.0000,64.9337
07/11/2022,75.1900,75.3900,75.1500,75.2000,4128600.0000,65.1764
07/12/2022,75.4800,75.6200,75.3300,75.3300,6013700.0000,65.2891
07/13/2022,74.8700,75.6300,74.8500,75.5700,6382700.0000,65.4971
07/14/2022,75.1000,75.4300,74.9500,75.3300,5598000.0000,65.2891
07/15/2022,75.3600,75.7000,75.3600,75.6000,5276400.0000,65.5231
07/18/2022,75.4500,75.4700,75.2200,75.3700,3438000.0000,65.3237
07/19/2022,75.3800,75.4300,75.1800,75.3100,3493400.0000,65.2717
07/20/2022,75.5500,75.5600,75.2000,75.2400,3966900.0000,65.2111
07/21/2022,75.4300,75.9000,75.4300,75.8600,6832900.0000,65.7484
07/22/2022,76.3700,76.6500,76.2800,76.4800,6617000.0000,66.2858
07/25/2022,76.1400,76.2700,76.0900,76.2000,4256200.0000,66.0431
07/26/2022,76.5100,76.5700,76.1900,76.2200,6964100.0000,66.0604
07/27/2022,76.3500,76.6900,76.3400,76.4300,5919600.0000,66.2425
07/28/2022,76.9600,77.0700,76.8100,76.9600,5140200.0000,66.7018
07/29/2022,76.8000,77.1700,76.7500,76.9000,6601700.0000,66.6498
08/01/2022,76.9000,77.1400,76.8200,77.0800,5370800.0000,66.9390
08/02/2022,77.0900,77.1800,76.2400,76.3000,10808300.0000,66.2616
08/03/2022,76.2300,76.6900,75.9700,76.6800,5747700.0000,66.5916
08/04/2022,76.7200,76.8800,76.6400,76.8700,9869900.0000,66.7566
08/05/2022,76.0500,76.1000,75.8600,76.0000,8946400.0000,66.0011
08/08/2022,76.3000,76.4500,76.2600,76.3400,8534700.0000,66.2964
08/09/2022,76.1600,76.2600,76.0900,76.1700,6888800.0000,66.1488
08/10/2022,76.5000,76.7300,76.3100,76.3800,4305000.0000,66.3311
08/11/2022,76.5700,76.6700,75.9200,75.9500,5179500.0000,65.9576
08/12/2022,76.2100,76.3000,76.0100,76.3000,4376800.0000,66.2616
08/15/2022,76.4700,76.5400,76.3600,76.3800,3922300.0000,66.3311
08/16/2022,76.2700,76.2900,76.0300,76.2800,4104000.0000,66.2442
08/17/2022,75.9300,76.0100,75.7100,75.8300,4131100.0000,65.8535
08/18/2022,76.0400,76.1600,75.9400,75.9700,4026800.0000,65.9750
08/19/2022,75.5300,75.5600,75.3600,75.4900,5115800.0000,65.5582
08/22/2022,75.3300,75.3600,75.0900,75.1500,4158600.0000,65.2629
08/23/2022,75.1200,75.4500,75.0100,75.1200,6294800.0000,65.2369
08/24/2022,74.9700,75.0100,74.8400,74.9300,3808600.0000,65.0719
08/25/2022,74.9800,75.4000,74.9200,75.3400,3688400.0000,65.4279
08/26/2022,75.2300,75.3700,75.0500,75.1900,4276600.0000,65.2977
08/29/2022,74.9500,74.9600,74.7900,74.8500,3263800.0000,65.0024
08/30/2022,74.9300,75.0800,74.7000,74.9100,6878700.0000,65.0545
08/31/2022,74.8500,74.9400,74.5100,74.6000,5155600.0000,64.7853
09/01/2022,74.0200,74.1100,73.7500,74.0400,6160700.0000,64.4337
09/02/2022,74.2500,74.4800,74.1800,74.2300,3600600.0000,64.5990
09/06/2022,73.9400,73.9500,73.5400,73.5600,6869800.0000,64.0160
09/07/2022,73.8000,74.0900,73.7800,74.0900,4208300.0000,64.4772
09/08/2022,73.9600,74.1200,73.8400,73.8600,3580300.0000,64.2770
09/09/2022,73.9500,74.0900,73.7900,73.8300,3831700.0000,64.2509
09/12/2022,74.0000,74.0700,73.6500,73.7400,4008200.0000,64.1727
09/13/2022,73.2800,73.4300,73.2200,73.3700,9481200.0000,63.8506
09/14/2022,73.3000,73.5600,73.2800,73.4600,4332200.0000,63.9289
09/15/2022,73.3100,73.3900,73.1900,73.2400,4967200.0000,63.7375
09/16/2022,73.0800,73.3100,73.0200,73.1600,5050000.0000,63.6679
09/19/2022,72.9900,73.1800,72.9100,73.1100,6374900.0000,63.6244
09/20/2022,72.7100,72.8800,72.6200,72.7500,4750500.0000,63.3111
09/21/2022,72.8200,72.9900,72.4400,72.9500,6360300.0000,63.4851
09/22/2022,72.4800,72.4900,72.1100,72.2000,5216100.0000,62.8324
09/23/2022,72.2500,72.2500,71.7500,72.0000,6885400.0000,62.6584
09/26/2022,71.7700,71.8100,71.0600,71.0800,8658900.0000,61.8578
09/27/2022,71.1200,71.2100,70.6700,70.7700,9946100.0000,61.5880
09/28/2022,71.4300,71.9000,71.2900,71.8700,11649700.0000,62.5452
09/29/2022,71.4400,71.6400,71.2700,71.5000,6100300.0000,62.2232
09/30/2022,71.7000,71.8700,71.2500,71.3300,8919100.0000,62.0753
10/03/2022,71.7000,72.1800,71.5800,71.7700,6762600.0000,62.5951
10/04/2022,72.0300,72.2400,71.8800,71.9500,6124400.0000,62.7521
10/05/2022,71.5800,71.6400,71.2800,71.5700,7252400.0000,62.4207
10/06/2022,71.5300,71.6000,71.2400,71.3000,7108400.0000,62.1852
10/07/2022,71.0100,71.1200,70.8700,70.9300,5023200.0000,61.8625
10/10/2022,70.9300,70.9300,70.4600,70.6100,4950700.0000,61.5834
10/11/2022,70.7200,70.9500,70.5300,70.6300,9225500.0000,61.6009
10/12/2022,70.5500,70.8200,70.5100,70.7100,5442000.0000,61.6706
10/13/2022,69.8700,70.7000,69.7900,70.4600,6668900.0000,61.4526
10/14/2022,70.8200,70.8300,70.0900,70.1200,6544400.0000,61.1561
10/17/2022,70.5500,70.6800,70.2700,70.2700,19605200.0000,61.2869
10/18/2022,70.4600,70.5400,70.1400,70.4300,7008000.0000,61.4264
10/19/2022,69.9900,70.0900,69.7800,69.8500,6483600.0000,60.9205
10/20/2022,69.7100,69.8500,69.3400,69.3800,6260900.0000,60.5106
10/21/2022,69.1400,69.5800,69.0900,69.5000,6984400.0000,60.6153
10/24/2022,69.4800,69.6900,69.2300,69.4000,7259400.0000,60.5281
10/25/2022,69.9400,70.2100,69.9100,70.0600,7780900.0000,61.1037
10/26/2022,70.2200,70.4700,70.1700,70.3400,7001000.0000,61.3479
10/27/2022,70.5400,70.8600,70.3800,70.7100,5493300.0000,61.6706
10/28/2022,70.4000,70.7100,70.3800,70.5700,4828800.0000,61.5485
10/31/2022,70.3600,70.4000,70.0600,70.3500,6785000.0000,61.3567
11/01/2022,70.5800,70.6100,70.1000,70.2600,7019000.0000,61.4205
11/02/2022,70.3500,70.7300,70.0000,70.1500,10223800.0000,61.3243
11/03/2022,69.6100,69.9800,69.5700,69.8800,6408200.0000,61.0883
11/04/2022,69.9300,70.1000,69.7400,69.9000,8780400.0000,61.1058
11/07/2022,69.9100,69.9300,69.6300,69.6300,6246100.0000,60.8697
11/08/2022,69.8000,70.0700,69.7800,69.9400,6358100.0000,61.1407
11/09/2022,69.8600,70.1400,69.7900,70.0400,7269400.0000,61.2282
11/10/2022,70.9000,71.4900,70.8900,71.4900,7014100.0000,62.4957
11/11/2022,71.3300,71.5300,71.2500,71.4900,4525300.0000,62.4957
11/14/2022,71.2900,71.3900,71.2100,71.2600,6914500.0000,62.2947
11/15/2022,71.6600,71.7700,71.5400,71.7600,11948800.0000,62.7317
11/16/2022,71.9700,72.2300,71.9000,72.1700,8856700.0000,63.0902
11/17/2022,71.8000,71.9000,71.6600,71.8700,6260600.0000,62.8279
11/18/2022,71.9300,72.0400,71.7300,71.7500,8564600.0000,62.7230
11/21/2022,71.9900,72.0400,71.7200,71.7500,6834600.0000,62.7230
11/22/2022,71.9400,72.1900,71.9300,72.1200,9534200.0000,63.0465
11/23/2022,72.2300,72.5600,72.2300,72.5600,4855000.0000,63.4311
11/25/2022,72.4000,72.5600,72.4000,72.5600,2536400.0000,63.4311
11/28/2022,72.6100,72.6700,72.3900,72.4700,5852100.0000,63.3524
11/29/2022,72.2000,72.3800,72.1600,72.2000,5437600.0000,63.1164
11/30/2022,72.1500,72.7700,72.0100,72.7600,5479900.0000,63.6059
12/01/2022,72.7300,73.2000,72.6600,73.2000,7462500.0000,64.1360
12/02/2022,72.9500,73.5100,72.7900,73.5000,6828300.0000,64.3989
12/05/2022,73.1600,73.1700,72.8300,72.9200,7552900.0000,63.8907
12/06/2022,73.0800,73.2400,73.0000,73.1600,7584100.0000,64.1010
12/07/2022,73.4800,73.8300,73.4400,73.8000,7472500.0000,64.6617
12/08/2022,73.5800,73.7400,73.4700,73.5900,5378100.0000,64.4777
12/09/2022,73.4200,73.4600,73.1600,73.1600,12079600.0000,64.1010
12/12/2022,73.4600,73.5100,73.0500,73.1600,7533500.0000,64.1010
12/13/2022,74.1500,74.1500,73.6100,73.6600,12563900.0000,64.5391
12/14/2022,73.7100,73.9000,73.4300,73.8400,9833900.0000,64.6968
12/15/2022,73.8800,73.9600,73.7100,73.8800,7800400.0000,64.7318
12/16/2022,73.4600,73.8300,73.4100,73.6900,6541900.0000,64.5653
12/19/2022,73.3900,73.4100,73.1500,73.2500,6300000.0000,64.1798
12/20/2022,72.8000,72.9000,72.6900,72.7700,6130500.0000,63.7593
12/21/2022,73.0400,73.1000,72.8300,72.9400,8169000.0000,63.9082
12/22/2022,72.9500,73.0700,72.8600,72.9300,6833800.0000,63.8994
12/23/2022,72.5000,72.6200,72.4500,72.5300,4693400.0000,63.6992
12/27/2022,72.1300,72.2300,71.9600,71.9700,6959600.0000,63.2074
12/28/2022,72.1200,72.1800,71.8600,71.8700,7868200.0000,63.1195
12/29/2022,71.9700,72.1700,71.9500,72.1400,7391000.0000,63.3567
12/30/2022,71.9800,72.0800,71.8000,71.8400,7051900.0000,63.0932
01/03/2023,72.4500,72.4800,72.0700,72.2200,8634800.0000,63.4270
01/04/2023,72.7000,72.7600,72.4900,72.6300,5257100.0000,63.7870
01/05/2023,72.3400,72.5900,72.2200,72.5500,5632400.0000,63.7168
01/06/2023,72.6500,73.3900,72.5700,73.3500,5627200.0000,64.4194
01/09/2023,73.3100,73.6500,73.2700,73.5500,7398200.0000,64.5950
01/10/2023,73.3100,73.3800,73.0900,73.2600,4827900.0000,64.3403
01/11/2023,73.4700,73.6900,73.4500,73.6500,8453200.0000,64.6829
01/12/2023,73.8800,74.2200,73.6100,74.2200,5927600.0000,65.1834
01/13/2023,74.0600,74.2200,73.9000,73.9700,6331600.0000,64.9639
01/17/2023,73.7600,74.0000,73.7400,73.8700,6815100.0000,64.8761
01/18/2023,74.6000,74.6600,74.2800,74.5500,5112800.0000,65.4732
01/19/2023,74.3600,74.4700,74.2600,74.4000,4765200.0000,65.3415
01/20/2023,74.1300,74.1900,73.9300,74.0700,4714300.0000,65.0517
01/23/2023,73.8800,74.0600,73.8500,73.8900,6116700.0000,64.8936
01/24/2023,73.9500,74.2500,73.7800,74.2200,3907700.0000,65.1834
01/25/2023,74.2100,74.3600,74.0800,74.3100,4414400.0000,65.2625
01/26/2023,74.2600,74.3500,74.0500,74.1700,3866800.0000,65.1395
01/27/2023,74.0000,74.1300,73.9500,74.0900,4474100.0000,65.0693
01/30/2023,73.9600,74.0900,73.8600,73.8800,6258700.0000,64.8848
01/31/2023,74.1200,74.2200,73.8600,74.2200,5502300.0000,65.1834
02/01/2023,74.1600,74.5800,73.9200,74.5200,7473900.0000,65.6025
02/02/2023,74.8000,74.8600,74.5500,74.5700,4273500.0000,65.6465
02/03/2023,74.0200,74.1000,73.7900,73.9100,5332900.0000,65.0655
02/06/2023,73.5100,73.5700,73.4300,73.4500,5282300.0000,64.6605
02/07/2023,73.3900,73.7000,73.3200,73.3500,4674500.0000,64.5725
02/08/2023,73.3900,73.5900,73.2400,73.4800,4308200.0000,64.6869
02/09/2023,73.6800,73.6900,73.1400,73.1800,4268100.0000,64.4228
02/10/2023,73.1200,73.1400,72.8300,72.8700,3606100.0000,64.1499
02/13/2023,72.8900,73.0700,72.8700,73.0700,3805800.0000,64.3260
02/14/2023,72.9800,73.0800,72.6100,72.8200,4328000.0000,64.1059
02/15/2023,72.7200,72.7900,72.5400,72.6600,4370800.0000,63.9650
02/16/2023,72.4300,72.5600,72.3000,72.3800,5912000.0000,63.7186
02/17/2023,72.2000,72.5500,72.1900,72.5400,5165700.0000,63.8594
02/21/2023,72.0800,72.1500,71.8900,71.9100,16093200.0000,63.3048
02/22/2023,72.1000,72.2500,72.0400,72.0700,4375600.0000,63.4457
02/23/2023,72.1300,72.3500,72.1000,72.3300,4789200.0000,63.6745
02/24/2023,71.9600,72.0300,71.8000,71.9300,4345900.0000,63.3224
02/27/2023,72.0500,72.1800,71.9700,72.0500,3340500.0000,63.4280
02/28/2023,71.8100,72.0900,71.7600,72.0700,5032400.0000,63.4457
03/01/2023,71.6800,71.8300,71.4400,71.4800,4427800.0000,63.0698
03/02/2023,71.2100,71.3500,71.1700,71.3300,4966600.0000,62.9374
03/03/2023,71.6800,71.8800,71.5300,71.8800,4008600.0000,63.4227
03/06/2023,72.0300,72.0300,71.7000,71.7100,4538700.0000,63.2727
03/07/2023,71.8300,71.8500,71.5100,71.6300,4253100.0000,63.2021
03/08/2023,71.7800,71.9000,71.4400,71.5700,4774500.0000,63.1492
03/09/2023,71.6600,71.9600,71.6200,71.8100,4597800.0000,63.3610
03/10/2023,72.5100,72.8300,72.4100,72.6700,4779500.0000,64.1198
03/13/2023,73.3300,73.8200,73.0400,73.2500,7270500.0000,64.6315
03/14/2023,73.0000,73.1900,72.6600,72.7900,5432500.0000,64.2256
03/15/2023,73.6100,73.8500,73.2100,73.5400,6677200.0000,64.8874
03/16/2023,73.8300,73.8800,73.0800,73.1900,6964800.0000,64.5786
03/17/2023,73.4900,73.9200,73.4900,73.7200,4352700.0000,65.0462
03/20/2023,73.7800,73.8400,73.3600,73.4000,6924500.0000,64.7639
03/21/2023,73.2000,73.3700,73.1300,73.2000,3997700.0000,64.5874
03/22/2023,73.2000,73.9200,73.0700,73.8500,5220500.0000,65.1609
03/23/2023,73.8000,74.1100,73.6800,74.0200,5392100.0000,65.3109
03/24/2023,74.2400,74.4200,74.0300,74.1700,4638000.0000,65.4433
03/27/2023,73.6000,73.7300,73.4000,73.4000,5769800.0000,64.7639
03/28/2023,73.2600,73.3700,73.2000,73.2700,3473300.0000,64.6492
03/29/2023,73.1600,73.4200,73.1500,73.3500,4231300.0000,64.7198
03/30/2023,73.3200,73.5200,73.3200,73.4500,3455300.0000,64.8080
03/31/2023,73.5900,73.8700,73.4700,73.8300,4549200.0000,65.1433
04/03/2023,73.5800,73.9900,73.5200,73.9600,5346200.0000,65.4201
04/04/2023,73.7600,74.3200,73.7200,74.2600,4126700.0000,65.6855
04/05/2023,74.4500,74.9000,74.3800,74.4600,4345900.0000,65.8624
04/06/2023,74.5100,74.6000,74.4200,74.4400,4381700.0000,65.8447
04/10/2023,74.0300,74.0500,73.8100,73.9400,4224300.0000,65.4025
04/11/2023,74.0200,74.0300,73.8100,73.9700,4401600.0000,65.4290
04/12/2023,74.2600,74.2600,73.8500,74.0500,4134800.0000,65.4998
04/13/2023,74.2100,74.2900,73.9500,74.0100,5012700.0000,65.4644
04/14/2023,73.7500,73.8000,73.6100,73.6800,4349600.0000,65.1725
04/17/2023,73.4500,73.4800,73.2600,73.2800,5085500.0000,64.8187
04/18/2023,73.3100,73.4900,73.2900,73.3900,3728400.0000,64.9160
04/19/2023,73.2900,73.3200,73.1500,73.2900,4611000.0000,64.8275
04/20/2023,73.5000,73.6100,73.4900,73.6100,3605400.0000,65.1106
04/21/2023,73.7300,73.7700,73.4300,73.4800,3371600.0000,64.9956
04/24/2023,73.6200,73.8000,73.6200,73.7700,2993000.0000,65.2521
04/25/2023,74.0600,74.2900,74.0600,74.2500,3508100.0000,65.6767
04/26/2023,74.2100,74.2800,73.9000,73.9900,5819900.0000,65.4467
04/27/2023,73.8100,73.8300,73.6300,73.6700,3078100.0000,65.1636
04/28/2023,74.0300,74.1000,73.8900,74.0800,4469100.0000,65.5263
05/01/2023,73.6000,73.6600,73.0600,73.1400,4546500.0000,64.8524
05/02/2023,73.3300,73.8700,73.3200,73.8600,4825100.0000,65.4908
05/03/2023,74.0200,74.1800,73.8600,74.1700,4205600.0000,65.7657
05/04/2023,73.9200,74.3800,73.9000,74.0700,11535800.0000,65.6770
05/05/2023,73.8100,73.8600,73.6800,73.8000,3143200.0000,65.4376
05/08/2023,73.5000,73.6100,73.4200,73.4500,9895900.0000,65.1273
05/09/2023,73.4300,73.5000,73.3600,73.3700,3827700.0000,65.0563
05/10/2023,73.6800,73.8800,73.6500,73.8200,5291800.0000,65.4554
05/11/2023,74.1800,74.2400,74.0200,74.0600,4745900.0000,65.6682
05/12/2023,74.0100,74.0600,73.6700,73.6700,2970500.0000,65.3223
05/15/2023,73.5200,73.5300,73.4300,73.4800,3268600.0000,65.1539
05/16/2023,73.2700,73.3200,73.1600,73.3000,3818500.0000,64.9943
05/17/2023,73.3800,73.3900,73.1200,73.1700,4574400.0000,64.8790
05/18/2023,73.0100,73.0100,72.8300,72.8700,3530000.0000,64.6130
05/19/2023,72.7200,72.9400,72.6100,72.6700,4166800.0000,64.4357
05/22/2023,72.7100,72.8800,72.6100,72.6500,5294900.0000,64.4179
05/23/2023,72.5600,72.7800,72.4800,72.7000,4561100.0000,64.4622
05/24/2023,72.7400,72.7600,72.4900,72.5000,4245100.0000,64.2849
05/25/2023,72.4600,72.4900,72.2000,72.2300,4012300.0000,64.0455
05/26/2023,72.1600,72.3300,72.0700,72.3200,3783100.0000,64.1253
05/30/2023,72.5500,72.8000,72.5200,72.8000,3533000.0000,64.5509
05/31/2023,72.8100,73.1300,72.7600,73.0400,4898400.0000,64.7637
06/01/2023,73.0500,73.1900,72.9700,73.0500,3984000.0000,64.9389
06/02/2023,73.0100,73.0200,72.6400,72.6400,4595500.0000,64.5744
06/05/2023,72.4900,72.8500,72.4200,72.6500,4674600.0000,64.5833
06/06/2023,72.6900,72.7600,72.5300,72.7500,5001900.0000,64.6722
06/07/2023,72.7000,72.7600,72.2900,72.3400,4326500.0000,64.3077
06/08/2023,72.4300,72.7400,72.4200,72.7000,3567600.0000,64.6277
06/09/2023,72.5400,72.6500,72.4500,72.5500,12690400.0000,64.4944
06/12/2023,72.6300,72.7100,72.4100,72.7000,4632800.0000,64.6277
06/13/2023,72.8600,72.9200,72.3100,72.3800,4302500.0000,64.3433
06/14/2023,72.5000,72.6100,72.2000,72.4400,5986200.0000,64.3966
06/15/2023,72.7600,72.9100,72.6700,72.8900,5061200.0000,64.7966
06/16/2023,72.6800,72.8300,72.5400,72.7300,3905300.0000,64.6544
06/20/2023,72.7800,72.9500,72.7700,72.8300,4921700.0000,64.7433
06/21/2023,72.6900,72.9900,72.5800,72.9500,3678700.0000,64.8500
06/22/2023,72.7300,72.8400,72.5300,72.6000,3975500.0000,64.5388
06/23/2023,72.9800,72.9900,72.6900,72.8100,4163100.0000,64.7255
06/26/2023,72.9100,72.9800,72.8300,72.9000,6287800.0000,64.8055
06/27/2023,72.9200,73.0300,72.6700,72.7600,4816100.0000,64.6811
06/28/2023,72.8600,73.0000,72.7400,72.9900,5517200.0000,64.8855
06/29/2023,72.4800,72.5100,72.3200,72.4400,5803000.0000,64.3966
06/30/2023,72.5000,72.7100,72.4300,72.6900,5612300.0000,64.6188
07/03/2023,72.4900,72.6500,72.2800,72.3000,3146500.0000,64.4353
07/05/2023,72.2700,72.2900,71.9400,72.0000,4415700.0000,64.1679
07/06/2023,71.5800,71.6300,71.3500,71.5400,5613400.0000,63.7579
07/07/2023,71.5400,71.7100,71.4600,71.5000,5726600.0000,63.7222
07/10/2023,71.5600,71.8300,71.5500,71.7500,4450800.0000,63.9451
07/11/2023,71.8400,71.9600,71.7700,71.9000,5709100.0000,64.0787
07/12/2023,72.2800,72.5200,72.2300,72.4700,6397500.0000,64.5868
07/13/2023,72.7500,72.9500,72.7000,72.9100,5868400.0000,64.9789
07/14/2023,72.7700,72.8500,72.5600,72.5700,7410000.0000,64.6759
07/17/2023,72.5800,72.6900,72.5100,72.6500,5942700.0000,64.7472
07/18/2023,72.8800,72.9300,72.7300,72.7400,7748100.0000,64.8274
07/19/2023,72.8700,72.9800,72.7700,72.9100,11522100.0000,64.9789
07/20/2023,72.6700,72.6800,72.4300,72.5700,5262100.0000,64.6759
07/21/2023,72.7000,72.7500,72.5900,72.6200,5170600.0000,64.7205
07/24/2023,72.7100,72.7600,72.4900,72.5000,3553400.0000,64.6135
07/25/2023,72.3500,72.4900,72.3200,72.4200,4200800.0000,64.5422
07/26/2023,72.5900,72.6800,72.4200,72.6600,4478200.0000,64.7561
07/27/2023,72.5200,72.5700,71.9700,72.0400,5342600.0000,64.2035
07/28/2023,72.1700,72.3100,72.1100,72.2900,5273200.0000,64.4263
07/31/2023,72.3000,72.4900,72.3000,72.4200,4607900.0000,64.5422
08/01/2023,71.9300,71.9900,71.7000,71.7800,11078000.0000,64.1427
08/02/2023,71.5500,71.5800,71.3300,71.5500,6546700.0000,63.9372
08/03/2023,71.1300,71.2000,71.0300,71.1100,5395200.0000,63.5440
08/04/2023,71.3700,71.7300,71.3500,71.7000,6925000.0000,64.0713
08/07/2023,71.6300,71.6700,71.5300,71.5900,4987400.0000,63.9730
08/08/2023,71.8700,71.9800,71.7900,71.8500,4338200.0000,64.2053
08/09/2023,71.8500,71.9600,71.8200,71.8700,4937800.0000,64.2232
08/10/2023,71.9300,72.0200,71.4600,71.4700,5195800.0000,63.8657
08/11/2023,71.2600,71.4700,71.2200,71.2400,4577400.0000,63.6602
08/14/2023,71.1600,71.3200,71.0400,71.1500,7992400.0000,63.5798
08/15/2023,71.0300,71.2000,70.9700,70.9900,5028100.0000,63.4368
08/16/2023,70.9900,71.1200,70.7600,70.7900,5149700.0000,63.2581
08/17/2023,70.8000,70.8200,70.5800,70.7200,7357800.0000,63.1955
08/18/2023,70.7600,70.9700,70.7300,70.8700,5094400.0000,63.3296
08/21/2023,70.6100,70.6400,70.4500,70.5300,4280100.0000,63.0257
08/22/2023,70.5500,70.6900,70.4800,70.6200,4301900.0000,63.1062
08/23/2023,70.9800,71.2700,70.9700,71.2600,5205800.0000,63.6781
08/24/2023,71.1500,71.2500,71.0700,71.0900,4186400.0000,63.5261
08/25/2023,71.0100,71.2200,70.8600,71.0900,4853100.0000,63.5261
08/28/2023,71.2500,71.2500,71.1100,71.2200,3969000.0000,63.6423
08/29/2023,71.1300,71.6800,71.1100,71.6600,6214600.0000,64.0355
08/30/2023,71.7300,71.7700,71.6200,71.6300,4721500.0000,64.0087
08/31/2023,71.7200,71.8600,71.6800,71.7500,4747100.0000,64.1159
09/01/2023,71.5500,71.5700,71.1300,71.2100,3940700.0000,63.8077
09/05/2023,71.0500,71.0600,70.8100,70.8200,4634300.0000,63.4582
09/06/2023,70.9000,70.9100,70.6600,70.7400,7800400.0000,63.3866
09/07/2023,70.8900,70.9900,70.8100,70.9800,4742800.0000,63.6016
09/08/2023,71.0900,71.1700,70.9800,71.0000,4270600.0000,63.6195
09/11/2023,70.9000,70.9500,70.8300,70.8900,4215800.0000,63.5210
09/12/2023,70.9300,70.9600,70.8500,70.9400,4246300.0000,63.5658
09/13/2023,70.8600,71.1200,70.8600,71.0500,6142500.0000,63.6643
09/14/2023,71.1000,71.1400,70.9100,70.9300,5227300.0000,63.5568
09/15/2023,70.9000,70.9200,70.7700,70.7900,4946100.0000,63.4314
09/18/2023,70.6700,70.8800,70.6700,70.8600,5882500.0000,63.4941
09/19/2023,70.8100,70.8600,70.6800,70.7100,4200900.0000,63.3597
09/20/2023,70.8400,70.9200,70.6200,70.6200,5518400.0000,63.2790
09/21/2023,70.2700,70.2900,70.1700,70.1800,9127100.0000,62.8848
09/22/2023,70.2800,70.5100,70.2300,70.4700,8149800.0000,63.1446
09/25/2023,70.1100,70.1800,69.9400,69.9500,22744300.0000,62.6787
09/26/2023,70.0800,70.0900,69.8500,69.8800,7329100.0000,62.6159
09/27/2023,70.1000,70.1100,69.4900,69.6300,7701800.0000,62.3920
09/28/2023,69.5100,69.8300,69.3800,69.8100,9004600.0000,62.5532
09/29/2023,70.0600,70.1300,69.6900,69.7800,7650600.0000,62.5263
10/02/2023,69.3200,69.3700,69.0700,69.1100,6719800.0000,62.0969
10/03/2023,68.9800,69.0600,68.5300,68.5500,8099500.0000,61.5937
10/04/2023,68.8300,69.0300,68.6600,69.0000,7915900.0000,61.9980
10/05/2023,69.1300,69.1500,68.9700,69.0500,6845000.0000,62.0430
10/06/2023,68.5400,68.9400,68.4900,68.7800,8385100.0000,61.8003
10/09/2023,69.1400,69.4800,69.0600,69.4800,3561600.0000,62.4293
10/10/2023,69.2300,69.5600,69.1400,69.4100,11555900.0000,62.3664
10/11/2023,69.6300,69.7400,69.5200,69.7300,18074400.0000,62.6539
10/12/2023,69.5900,69.6100,69.0700,69.1300,6144000.0000,62.1148
10/13/2023,69.5300,69.5600,69.3500,69.4500,5570100.0000,62.4024
10/16/2023,69.2600,69.2600,69.0600,69.0900,4914800.0000,62.0789
10/17/2023,68.6800,68.7700,68.5200,68.6400,5851900.0000,61.6746
10/18/2023,68.5000,68.5500,68.2300,68.3400,5885900.0000,61.4050
10/19/2023,68.2700,68.4100,68.0000,68.0400,9433800.0000,61.1354
10/20/2023,68.2200,68.3800,68.1900,68.2900,5197700.0000,61.3601
10/23/2023,68.0800,68.6500,67.9900,68.5500,9587100.0000,61.5937
10/24/2023,68.5900,68.7900,68.4800,68.7800,9462100.0000,61.8003
10/25/2023,68.5000,68.5200,68.2000,68.2600,7392400.0000,61.3331
10/26/2023,68.3500,68.7300,68.3400,68.7200,11426600.0000,61.7464
10/27/2023,68.6700,68.7200,68.5200,68.7200,5325500.0000,61.7464
10/30/2023,68.5000,68.6400,68.3900,68.5500,5905300.0000,61.5937
10/31/2023,68.6400,68.7500,68.5100,68.5300,9248200.0000,61.5757
11/01/2023,68.4800,69.0000,68.4500,68.9900,9330800.0000,62.1732
11/02/2023,69.4300,69.5000,69.2200,69.3900,8409100.0000,62.5337
11/03/2023,70.0300,70.1700,69.7900,69.8000,7995700.0000,62.9032
11/06/2023,69.6300,69.6700,69.4400,69.5000,7822000.0000,62.6328
11/07/2023,69.6800,69.9900,69.6500,69.8500,7986100.0000,62.9483
11/08/2023,69.8800,70.1500,69.8700,70.0700,6543700.0000,63.1465
11/09/2023,70.0000,70.0400,69.5200,69.5500,6979700.0000,62.6779
11/10/2023,69.8600,69.8700,69.6200,69.6800,4381800.0000,62.7950
11/13/2023,69.4200,69.6800,69.3600,69.6600,6058600.0000,62.7770
11/14/2023,70.4900,70.5700,70.4000,70.5100,8237100.0000,63.5430
11/15/2023,70.2200,70.2400,70.0300,70.1200,6793500.0000,63.1915
11/16/2023,70.4100,70.6100,70.4100,70.5400,5623900.0000,63.5701
11/17/2023,70.6100,70.7000,70.4800,70.6400,5657300.0000,63.6602
11/20/2023,70.5800,70.7700,70.5100,70.7400,6959100.0000,63.7503
11/21/2023,70.8100,70.8800,70.6700,70.8400,5737800.0000,63.8404
11/22/2023,70.9800,71.0300,70.7400,70.9000,4949100.0000,63.8945
11/24/2023,70.6500,70.7000,70.5500,70.5600,3534800.0000,63.5881
11/27/2023,70.7500,70.9900,70.7000,70.9900,5257000.0000,63.9756
11/28/2023,70.9500,71.3100,70.9000,71.2900,7051400.0000,64.2459
11/29/2023,71.5500,71.7000,71.4600,71.6600,7615800.0000,64.5794
11/30/2023,71.5100,71.5200,71.3000,71.4300,9880000.0000,64.3721
12/01/2023,71.2200,71.8400,71.2000,71.8100,7643500.0000,64.8972
12/04/2023,71.5700,71.6700,71.4100,71.5200,11164600.0000,64.6351
12/05/2023,71.8300,72.0400,71.7500,71.9800,8393500.0000,65.0508
12/06/2023,72.1500,72.3100,72.0500,72.1900,9365200.0000,65.2406
12/07/2023,72.1100,72.3600,72.1000,72.1700,9876000.0000,65.2225
12/08/2023,71.8700,71.9500,71.7100,71.8200,7349900.0000,64.9062
12/11/2023,71.7900,71.8800,71.6100,71.8300,12895800.0000,64.9153
12/12/2023,71.8700,72.0600,71.7900,72.0400,8052300.0000,65.1050
12/13/2023,72.2100,73.0100,72.1700,72.9600,7172600.0000,65.9365
12/14/2023,73.3600,73.6300,73.3000,73.5100,9105500.0000,66.4335
12/15/2023,73.4000,73.5300,73.3100,73.4000,7996700.0000,66.3341
12/18/2023,73.3000,73.3100,73.2000,73.2500,6144200.0000,66.1986
12/19/2023,73.3600,73.4700,73.3400,73.3900,6924100.0000,66.3251
12/20/2023,73.5100,73.6700,73.4000,73.6300,7496100.0000,66.5420
12/21/2023,73.7800,73.8200,73.5100,73.6200,6912600.0000,66.5330
12/22/2023,73.5300,73.5400,73.2800,73.3600,5890700.0000,66.4885
12/26/2023,73.3500,73.4800,73.3200,73.4300,6394600.0000,66.5520
12/27/2023,73.7000,73.9200,73.6400,73.9000,7467700.0000,66.9780
12/28/2023,73.8100,73.8900,73.6400,73.7200,8166600.0000,66.8148
12/29/2023,73.5500,73.7100,73.4800,73.5500,6939800.0000,66.6607
01/02/2024,73.2600,73.3600,73.1900,73.2400,8334200.0000,66.3798
01/03/2024,73.0100,73.3500,72.8800,73.3000,6477200.0000,66.4342
01/04/2024,72.9600,73.0500,72.8800,72.9700,5056900.0000,66.1351
01/05/2024,72.7600,73.1700,72.6900,72.7500,6223400.0000,65.9357
01/08/2024,72.8300,73.1800,72.7900,73.0700,7937500.0000,66.2257
01/09/2024,72.9800,73.1400,72.9500,73.0600,5649400.0000,66.2166
01/10/2024,73.1900,73.2400,72.9300,72.9300,6578400.0000,66.0988
01/11/2024,73.0400,73.3600,72.9400,73.3100,7537300.0000,66.4432
01/12/2024,73.4900,73.6400,73.3500,73.4600,4461200.0000,66.5792
01/16/2024,73.2100,73.2700,72.8500,72.9400,5724700.0000,66.1079
01/17/2024,72.7600,72.8400,72.6300,72.7700,12370300.0000,65.9538
01/18/2024,72.8000,72.8300,72.5900,72.6700,6086200.0000,65.8632
01/19/2024,72.5800,72.6800,72.4300,72.6700,7883100.0000,65.8632
01/22/2024,72.8900,72.9400,72.7600,72.7900,10321400.0000,65.9719
01/23/2024,72.6800,72.6800,72.5500,72.6200,6840400.0000,65.8179
01/24/2024,72.9300,72.9300,72.4500,72.4700,7483800.0000,65.6819
01/25/2024,72.7500,72.8200,72.6600,72.8100,8361100.0000,65.9900
01/26/2024,72.8200,72.8200,72.6500,72.7000,9120500.0000,65.8904
01/29/2024,72.9000,73.0600,72.8100,72.9900,7677600.0000,66.1532
01/30/2024,73.1600,73.1800,72.8700,73.1200,6688100.0000,66.2710
01/31/2024,73.4000,73.5900,73.2800,73.4300,9916600.0000,66.5520
02/01/2024,73.5100,73.8300,73.4000,73.6600,12060800.0000,66.9537
02/02/2024,73.0300,73.1400,72.8700,73.0000,7820000.0000,66.3538
02/05/2024,72.5800,72.6100,72.3500,72.4200,7577100.0000,65.8266
02/06/2024,72.5300,72.8300,72.5000,72.7600,8310500.0000,66.1357
02/07/2024,72.6500,72.8600,72.6100,72.6200,9257500.0000,66.0084
02/08/2024,72.5000,72.5600,72.3900,72.4300,7987500.0000,65.8357
02/09/2024,72.3300,72.4000,72.2900,72.3700,5940700.0000,65.7812
02/12/2024,72.4500,72.4900,72.3100,72.3900,6063000.0000,65.7994
02/13/2024,71.9800,72.0000,71.7400,71.7600,12938800.0000,65.2267
02/14/2024,71.8300,72.0900,71.8100,72.0300,6915700.0000,65.4721
02/15/2024,72.3100,72.3400,72.1100,72.2300,6733900.0000,65.6539
02/16/2024,71.9100,72.0100,71.8600,72.0000,5029200.0000,65.4448
02/20/2024,72.1200,72.2100,72.0500,72.0900,7605000.0000,65.5267
02/21/2024,72.1700,72.1700,71.8600,71.8900,6625600.0000,65.3449
02/22/2024,71.9300,72.0200,71.8400,71.9200,11884200.0000,65.3722
02/23/2024,71.9300,72.2500,71.9300,72.1800,6147200.0000,65.6085
02/26/2024,72.2000,72.2000,71.9300,72.0500,5255800.0000,65.4903
02/27/2024,72.0200,72.1100,71.9100,71.9400,5534300.0000,65.3903
02/28/2024,72.0000,72.1300,71.9600,72.1000,5255300.0000,65.5358
02/29/2024,72.2000,72.3600,72.1700,72.2200,6002900.0000,65.6448
03/01/2024,71.9400,72.3700,71.8100,72.3200,6366800.0000,65.9201
03/04/2024,72.1300,72.2300,72.1000,72.1500,26404700.0000,65.7652
03/05/2024,72.4500,72.6200,72.3900,72.5400,6208600.0000,66.1207
03/06/2024,72.6200,72.8100,72.6100,72.6700,28955300.0000,66.2391
03/07/2024,72.8400,72.8500,72.6600,72.7900,7495500.0000,66.3485
03/08/2024,72.9100,72.9700,72.8100,72.8600,7187700.0000,66.4123
03/11/2024,72.9000,72.9100,72.7600,72.8300,5626200.0000,66.3850
03/12/2024,72.7100,72.7200,72.5500,72.6100,4699400.0000,66.1845
03/13/2024,72.5400,72.6200,72.4700,72.4900,6123200.0000,66.0751
03/14/2024,72.3000,72.3000,72.0500,72.0600,5214000.0000,65.6831
03/15/2024,72.0300,72.1100,71.9700,72.0200,4783900.0000,65.6467
03/18/2024,72.0100,72.0400,71.9000,71.9300,5284200.0000,65.5646
03/19/2024,72.0500,72.1900,72.0200,72.1200,4560100.0000,65.7378
03/20/2024,72.1700,72.3900,72.0300,72.2500,5287200.0000,65.8563
03/21/2024,72.4000,72.4400,72.2400,72.3100,5492900.0000,65.9110
03/22/2024,72.6100,72.6200,72.4900,72.5500,4169400.0000,66.1298
03/25/2024,72.5000,72.5000,72.3600,72.4100,7950500.0000,66.0021
03/26/2024,72.4400,72.4900,72.3200,72.4700,7603100.0000,66.0568
03/27/2024,72.5700,72.7500,72.5200,72.7200,7825200.0000,66.2847
03/28/2024,72.6400,72.7500,72.5700,72.6300,5326400.0000,66.2027
04/01/2024,72.1500,72.1900,71.8600,71.9200,6157500.0000,65.7510
04/02/2024,71.6800,71.8500,71.5800,71.8400,9043000.0000,65.6779
04/03/2024,71.6500,71.9000,71.5600,71.8900,5419200.0000,65.7236
04/04/2024,72.0600,72.0600,71.8700,72.0400,12412900.0000,65.8608
04/05/2024,71.7700,71.9300,71.6800,71.6800,11531700.0000,65.5316
04/08/2024,71.6100,71.7000,71.5700,71.6200,13873100.0000,65.4768
04/09/2024,71.8200,71.9300,71.8100,71.8800,8886200.0000,65.7145
04/10/2024,71.3800,71.4000,71.0100,71.0400,8196500.0000,64.9465
04/11/2024,71.1900,71.2300,70.9100,71.0400,16574100.0000,64.9465
04/12/2024,71.2600,71.3500,71.1900,71.2000,12479100.0000,65.0928
04/15/2024,70.8500,70.8600,70.6300,70.7300,8079200.0000,64.6631
04/16/2024,70.5200,70.6100,70.4200,70.5500,14378900.0000,64.4986
04/17/2024,70.7700,70.9400,70.6600,70.8900,6568500.0000,64.8094
04/18/2024,70.8800,70.8900,70.6400,70.7000,6349500.0000,64.6357
04/19/2024,70.8500,70.8800,70.7300,70.7900,8338300.0000,64.7180
04/22/2024,70.7600,70.8800,70.7200,70.8200,5938300.0000,64.7454
04/23/2024,70.7800,71.1100,70.7100,70.9500,6044400.0000,64.8643
04/24/2024,70.8400,70.8400,70.6300,70.7700,4616600.0000,64.6997
04/25/2024,70.4500,70.5900,70.3700,70.5700,5367500.0000,64.5169
04/26/2024,70.7000,70.8300,70.7000,70.7300,4256600.0000,64.6631
04/29/2024,70.8500,70.9800,70.8200,70.9400,4799500.0000,64.8551
04/30/2024,70.7300,70.8400,70.6100,70.6700,6605800.0000,64.6083
05/01/2024,70.6000,70.9300,70.5000,70.7100,8119200.0000,64.8412
05/02/2024,70.6900,71.0200,70.6500,70.9900,6014800.0000,65.0980
05/03/2024,71.4500,71.5500,71.1800,71.3500,7256900.0000,65.4281
05/06/2024,71.4000,71.4700,71.3400,71.4200,5584300.0000,65.4923
05/07/2024,71.6400,71.7300,71.5100,71.5600,4635400.0000,65.6206
05/08/2024,71.4200,71.4700,71.3900,71.3900,6774500.0000,65.4647
05/09/2024,71.4000,71.6200,71.3600,71.5800,4525200.0000,65.6390
05/10/2024,71.4600,71.4800,71.3500,71.3800,5562000.0000,65.4556
05/13/2024,71.6000,71.6000,71.4300,71.4400,5600500.0000,65.5106
05/14/2024,71.6300,71.7000,71.5400,71.6500,4272500.0000,65.7032
05/15/2024,72.0200,72.1600,71.9400,72.1100,4208200.0000,66.1250
05/16/2024,72.1300,72.1600,71.9700,71.9900,4359500.0000,66.0150
05/17/2024,71.9300,71.9900,71.8000,71.8100,4373500.0000,65.8499
05/20/2024,71.7700,71.8000,71.7300,71.7400,3699600.0000,65.7857
05/21/2024,71.9300,71.9300,71.8500,71.8900,4612300.0000,65.9233
05/22/2024,71.7400,71.8800,71.7200,71.8000,4306200.0000,65.8407
05/23/2024,71.8200,71.8500,71.5100,71.5900,3589900.0000,65.6481
05/24/2024,71.5700,71.6900,71.5300,71.6700,4025200.0000,65.7215
05/28/2024,71.7400,71.7400,71.3100,71.3300,4743400.0000,65.4097
05/29/2024,71.2000,71.2100,70.9700,71.0700,4877500.0000,65.1713
05/30/2024,71.3200,71.4200,71.2600,71.3800,3723200.0000,65.4556
05/31/2024,71.5500,71.6800,71.5400,71.6400,4193000.0000,65.6940
06/03/2024,71.5700,71.8300,71.5300,71.8200,4798900.0000,66.0610
06/04/2024,71.9600,72.1400,71.9100,72.0900,5298400.0000,66.3094
06/05/2024,72.1800,72.3000,72.0000,72.2900,5506400.0000,66.4933
06/06/2024,72.1700,72.3300,72.1700,72.3000,4119700.0000,66.5025
06/07/2024,71.8300,71.8300,71.7100,71.7200,3826500.0000,65.9690
06/10/2024,71.6200,71.6500,71.5400,71.6100,3925100.0000,65.8679
06/11/2024,71.6800,71.9300,71.6600,71.9000,4073200.0000,66.1346
06/12/2024,72.4200,72.5800,72.2200,72.2300,4495700.0000,66.4381
06/13/2024,72.4600,72.6400,72.3900,72.5500,4339600.0000,66.7325
06/14/2024,72.6600,72.7300,72.6000,72.6600,3527000.0000,66.8336
06/17/2024,72.3700,72.4100,72.2900,72.3900,4019000.0000,66.5853
06/18/2024,72.4800,72.7400,72.4700,72.6400,8491900.0000,66.8153
06/20/2024,72.4000,72.5300,72.3500,72.5000,4227800.0000,66.6865
06/21/2024,72.6400,72.6800,72.4300,72.5200,4115300.0000,66.7049
06/24/2024,72.5400,72.5800,72.4600,72.5600,31937200.0000,66.7417
06/25/2024,72.5700,72.6100,72.4800,72.6000,5958500.0000,66.7785
06/26/2024,72.3000,72.3200,72.2300,72.2600,5910600.0000,66.4657
06/27/2024,72.4000,72.4600,72.3600,72.3900,5514800.0000,66.5853
06/28/2024,72.5500,72.5500,72.0500,72.0500,4824500.0000,66.2726
07/01/2024,71.5800,71.7600,71.4000,71.4500,4960000.0000,65.9229
07/02/2024,71.6900,71.7400,71.5700,71.6600,6080100.0000,66.1166
07/03/2024,71.8600,72.1000,71.8100,72.0700,4438600.0000,66.4949
07/05/2024,72.2600,72.4500,72.2200,72.4000,4201700.0000,66.7994
07/08/2024,72.3900,72.4500,72.2900,72.4000,4742300.0000,66.7994
07/09/2024,72.3700,72.4200,72.2100,72.3700,8533200.0000,66.7717
07/10/2024,72.4200,72.4700,72.3200,72.4300,5591500.0000,66.8271
07/11/2024,72.8300,72.9400,72.7700,72.7900,4978100.0000,67.1592
07/12/2024,72.8500,72.9800,72.8000,72.9800,4656800.0000,67.3345
07/15/2024,72.8100,72.9100,72.7300,72.7500,4557200.0000,67.1223
07/16/2024,72.8200,73.0400,72.8100,73.0300,4636600.0000,67.3807
07/17/2024,72.9400,73.1400,72.8900,73.1000,8365100.0000,67.4453
07/18/2024,72.9800,73.1100,72.8700,72.9100,7673700.0000,67.2700
07/19/2024,72.9900,72.9900,72.7000,72.7200,5593100.0000,67.0946
07/22/2024,72.8300,72.8500,72.6000,72.6900,5055700.0000,67.0670
07/23/2024,72.7300,72.8300,72.6900,72.7000,6981700.0000,67.0762
07/24/2024,72.7900,72.8400,72.4900,72.4900,5080200.0000,66.8824
07/25/2024,72.5700,72.8100,72.5700,72.6500,4567700.0000,67.0301
07/26/2024,72.8900,72.9600,72.8400,72.9400,3692700.0000,67.2976
07/29/2024,73.0500,73.1400,72.9600,73.0300,5185000.0000,67.3807
07/30/2024,73.1400,73.1700,72.9700,73.1200,4282400.0000,67.4637
07/31/2024,73.3800,73.5200,73.1900,73.5200,6041400.0000,67.8328
08/01/2024,73.5000,73.6800,73.4400,73.5700,8733700.0000,68.0863
08/02/2024,74.1300,74.4400,74.0000,74.4100,6476300.0000,68.8637
08/05/2024,74.7900,74.8000,74.1900,74.3400,8354200.0000,68.7990
08/06/2024,74.2600,74.2800,73.8800,73.8800,6484400.0000,68.3732
08/07/2024,73.8100,73.8800,73.5900,73.7000,5907200.0000,68.2066
08/08/2024,73.5000,73.6300,73.4700,73.5900,4357500.0000,68.1048
08/09/2024,73.9000,73.9400,73.8100,73.8500,6093100.0000,68.3455
08/12/2024,73.8100,74.0200,73.7400,73.9800,4822900.0000,68.4658
08/13/2024,74.1900,74.2700,74.1400,74.2600,4049000.0000,68.7249
08/14/2024,74.3100,74.4800,74.2600,74.4000,6333600.0000,68.8545
08/15/2024,73.9600,74.0900,73.9100,74.0900,5108300.0000,68.5676
08/16/2024,74.2200,74.2500,74.0500,74.2500,4647700.0000,68.7156
08/19/2024,74.2400,74.4200,74.2100,74.3400,4964700.0000,68.7990
08/20/2024,74.4900,74.5800,74.4100,74.5600,4444000.0000,69.0025
08/21/2024,74.6500,74.8400,74.5000,74.7200,4541800.0000,69.1506
08/22/2024,74.5600,74.5800,74.3300,74.4200,3999700.0000,68.8730
08/23/2024,74.5800,74.7800,74.4800,74.7500,4292000.0000,69.1784
08/26/2024,74.8500,74.8500,74.6700,74.6700,4427200.0000,69.1043
08/27/2024,74.5100,74.7000,74.4900,74.6700,3715900.0000,69.1043
08/28/2024,74.6700,74.7300,74.6000,74.6200,5179900.0000,69.0581
08/29/2024,74.5100,74.5600,74.4200,74.5100,3840800.0000,68.9563
08/30/2024,74.5500,74.6400,74.3200,74.3600,5037400.0000,68.8175
09/03/2024,74.4100,74.5600,74.3300,74.4500,6220100.0000,69.1108
09/04/2024,74.4900,74.8100,74.4700,74.7800,7338600.0000,69.4171
09/05/2024,74.9300,74.9900,74.7300,74.9600,9994300.0000,69.5842
09/06/2024,75.0000,75.3600,74.8700,75.0500,22536000.0000,69.6678
09/09/2024,75.0300,75.2100,74.9400,75.1500,5040900.0000,69.7606
09/10/2024,75.1800,75.4200,75.1400,75.4000,5653900.0000,69.9927
09/11/2024,75.2800,75.5100,75.2300,75.3600,6471000.0000,69.9555
09/12/2024,75.3300,75.3900,75.1900,75.2800,5685400.0000,69.8813
09/13/2024,75.4600,75.5200,75.3600,75.4400,4786700.0000,70.0298
09/16/2024,75.5000,75.6700,75.4400,75.6400,4734900.0000,70.2154
09/17/2024,75.6400,75.6600,75.5000,75.5400,5398400.0000,70.1226
09/18/2024,75.4200,75.6700,75.3000,75.3100,5695700.0000,69.9091
09/19/2024,75.2200,75.3500,75.1700,75.3100,5135600.0000,69.9091
09/20/2024,75.2200,75.3900,75.1400,75.3000,4265000.0000,69.8998
09/23/2024,75.1800,75.3600,75.0500,75.2500,6632500.0000,69.8534
09/24/2024,75.1200,75.3700,75.0700,75.3400,5017900.0000,69.9370
09/25/2024,75.2300,75.2300,75.0600,75.0600,4793100.0000,69.6770
09/26/2024,75.1400,75.1700,74.9200,75.0600,4919700.0000,69.6770
09/27/2024,75.2300,75.3300,75.1500,75.2800,3927900.0000,69.8813
09/30/2024,75.2500,75.2600,75.0300,75.1100,5661900.0000,69.7235
10/01/2024,75.1300,75.2600,75.0500,75.1100,6267100.0000,69.9292
10/02/2024,74.8500,75.0000,74.7700,74.9700,6902500.0000,69.7989
10/03/2024,74.8300,74.8500,74.6400,74.6400,7733800.0000,69.4916
10/04/2024,74.1700,74.3000,74.1100,74.1500,5218300.0000,69.0354
10/07/2024,73.9400,74.0200,73.8900,73.9300,7044200.0000,68.8306
10/08/2024,73.8800,74.0400,73.8200,74.0400,8642400.0000,68.9330
10/09/2024,73.9400,73.9400,73.8000,73.8400,4997800.0000,68.7468
10/10/2024,73.7900,73.8500,73.6200,73.8100,4579000.0000,68.7189
10/11/2024,73.8300,73.9200,73.7300,73.8200,8508000.0000,68.7282
10/14/2024,73.6000,73.7700,73.5800,73.7700,3380100.0000,68.6816
10/15/2024,73.9900,74.0900,73.8500,74.0600,4456200.0000,68.9516
10/16/2024,74.1400,74.2400,74.1100,74.1600,7437800.0000,69.0447
10/17/2024,73.9900,73.9900,73.7600,73.8000,4250400.0000,68.7096
10/18/2024,73.9000,73.9800,73.8400,73.8400,3930300.0000,68.7468
10/21/2024,73.6500,73.6500,73.3200,73.3400,5259900.0000,68.2813
10/22/2024,73.4500,73.4900,73.2800,73.3700,4633000.0000,68.3092
10/23/2024,73.3600,73.3700,73.0800,73.1900,6429400.0000,68.1416
10/24/2024,73.2800,73.4400,73.1700,73.3100,6219500.0000,68.2533
10/25/2024,73.4800,73.4800,73.1300,73.1600,4641400.0000,68.1137
10/28/2024,73.2400,73.2800,72.9500,73.0700,4582800.0000,68.0299
10/29/2024,72.9000,73.1400,72.7900,73.1300,5543800.0000,68.0858
10/30/2024,73.2700,73.4300,73.0200,73.0600,4610300.0000,68.0206
10/31/2024,72.9500,73.1600,72.8300,73.0500,6115700.0000,68.0113
11/01/2024,73.0400,73.0800,72.5100,72.5400,6409800.0000,67.7479
11/04/2024,72.8200,73.0100,72.7000,72.8300,6860100.0000,68.0188
11/05/2024,72.6000,73.0300,72.6000,73.0100,6236900.0000,68.1869
11/06/2024,72.2600,72.5900,72.2300,72.4100,6382500.0000,67.6265
11/07/2024,72.5000,73.0300,72.5000,72.9500,6590200.0000,68.1308
11/08/2024,72.9600,73.2400,72.9600,73.0900,5398500.0000,68.2616
11/11/2024,73.0000,73.0000,72.8500,72.9500,4372000.0000,68.1308
11/12/2024,72.7400,72.8200,72.4600,72.5100,7197800.0000,67.7199
11/13/2024,72.9200,72.9200,72.4100,72.4800,5458100.0000,67.6919
11/14/2024,72.6000,72.7200,72.4100,72.4600,6643300.0000,67.6732
11/15/2024,72.3400,72.6600,72.2000,72.4800,18467300.0000,67.6919
11/18/2024,72.4000,72.6100,72.3300,72.5500,4964800.0000,67.7573
11/19/2024,72.7600,72.7800,72.6600,72.6800,4900500.0000,67.8787
11/20/2024,72.5100,72.6900,72.5000,72.6000,6557800.0000,67.8040
11/21/2024,72.6000,72.7400,72.5000,72.5600,5115500.0000,67.7666
11/22/2024,72.6200,72.6700,72.5200,72.5900,10409500.0000,67.7946
11/25/2024,73.0100,73.2700,73.0100,73.2600,10207100.0000,68.4204
11/26/2024,73.1800,73.1800,72.9400,73.1300,5537900.0000,68.2990
11/27/2024,73.2100,73.4200,73.2100,73.3300,5366600.0000,68.4857
11/29/2024,73.5000,73.6300,73.5000,73.6000,3870800.0000,68.7379
12/02/2024,73.2900,73.4800,73.1700,73.4200,6212800.0000,68.7782
12/03/2024,73.5300,73.5500,73.2000,73.2500,6249200.0000,68.6189
12/04/2024,73.2000,73.5500,73.0900,73.5000,6769700.0000,68.8531
12/05/2024,73.3800,73.5600,73.3500,73.5100,6146200.0000,68.8625
12/06/2024,73.7300,73.7900,73.5700,73.7100,4880500.0000,69.0498
12/09/2024,73.6500,73.6500,73.4700,73.4900,5432900.0000,68.8438
12/10/2024,73.3800,73.4700,73.3200,73.4100,5751900.0000,68.7688
12/11/2024,73.5900,73.5900,73.2200,73.2500,4642900.0000,68.6189
12/12/2024,73.0100,73.2100,72.9300,72.9600,6880600.0000,68.3473
12/13/2024,72.9100,72.9100,72.6400,72.6700,5171400.0000,68.0756
12/16/2024,72.7500,72.8900,72.6500,72.7500,7871100.0000,68.1506
12/17/2024,72.7400,72.8400,72.7100,72.7600,6084800.0000,68.1599
12/18/2024,72.7600,72.8200,72.1800,72.1900,7962700.0000,67.6260
12/19/2024,72.0400,72.1200,71.8800,71.9900,7669100.0000,67.4386
12/20/2024,72.3000,72.4100,72.1900,72.2100,6696400.0000,67.6447
12/23/2024,72.1300,72.2100,71.9400,71.9800,7605400.0000,67.4292
12/24/2024,71.6500,71.8500,71.6200,71.8500,4185300.0000,67.5260
12/26/2024,71.6300,71.9200,71.6300,71.9000,8714400.0000,67.5730
12/27/2024,71.8900,71.9300,71.7400,71.7500,9018700.0000,67.4320
12/30/2024,71.9000,72.0800,71.9000,72.0300,8054500.0000,67.6952
12/31/2024,72.0900,72.1700,71.8800,71.9100,8724200.0000,67.5824
01/02/2025,72.1900,72.1900,71.8500,71.9400,8053300.0000,67.6106
01/03/2025,71.9700,72.0600,71.8300,71.8500,6857000.0000,67.5260
01/06/2025,71.7800,71.8800,71.7000,71.7800,5375700.0000,67.4602
01/07/2025,71.7200,71.7700,71.4400,71.5300,7875900.0000,67.2253
01/08/2025,71.4800,71.6600,71.4500,71.6100,5844300.0000,67.3005
01/10/2025,71.7400,71.7400,71.1800,71.2400,9602400.0000,66.9528
01/13/2025,71.2400,71.2500,71.1000,71.1700,11856300.0000,66.8870
01/14/2025,71.1500,71.2500,71.1100,71.2200,5166000.0000,66.9339
01/15/2025,71.6000,71.8800,71.6000,71.7900,5867900.0000,67.4696
01/16/2025,71.7000,72.0300,71.6400,71.9300,8494100.0000,67.6012
01/17/2025,72.1000,72.1000,71.9100,71.9500,5600200.0000,67.6200
01/21/2025,72.2100,72.2100,72.0700,72.1600,8491600.0000,67.8174
01/22/2025,72.1500,72.2000,71.9700,72.0100,6616600.0000,67.6764
01/23/2025,72.0000,72.0000,71.8000,71.9000,7529700.0000,67.5730
01/24/2025,72.0000,72.0900,71.8700,72.0400,5555700.0000,67.7046
01/27/2025,72.3400,72.4400,72.2600,72.4200,8621200.0000,68.0617
01/28/2025,72.3900,72.3900,72.2100,72.3800,4424300.0000,68.0241
01/29/2025,72.4300,72.4900,72.1700,72.3400,5780200.0000,67.9865
01/30/2025,72.4600,72.5300,72.3800,72.4400,5622300.0000,68.0805
01/31/2025,72.4800,72.5400,72.2000,72.3400,6738300.0000,67.9865
02/03/2025,72.2300,72.4300,72.0600,72.1700,7163800.0000,68.0478
02/04/2025,72.0400,72.2900,71.9700,72.2700,7296200.0000,68.1421
02/05/2025,72.5200,72.7600,72.5000,72.6400,8981700.0000,68.4910
02/06/2025,72.5600,72.6500,72.4800,72.5600,5722100.0000,68.4156
02/07/2025,72.3900,72.4400,72.2700,72.3400,6415300.0000,68.2081
02/10/2025,72.4500,72.5100,72.3200,72.3600,5439200.0000,68.2270
02/11/2025,72.3100,72.3100,72.1800,72.2400,6870800.0000,68.1138
02/12/2025,71.9300,71.9900,71.7500,71.8700,5279600.0000,67.7650
02/13/2025,72.1600,72.3700,72.0700,72.3000,6452900.0000,68.1704
02/14/2025,72.4600,72.6800,72.4600,72.5300,6131500.0000,68.3873
02/18/2025,72.3500,72.4500,72.2500,72.2600,7151700.0000,68.1327
02/19/2025,72.2900,72.3900,72.2100,72.3600,4720700.0000,68.2270
02/20/2025,72.4600,72.5000,72.4200,72.4500,6199000.0000,68.3118
02/21/2025,72.5400,72.8600,72.5300,72.7700,4460600.0000,68.6136
02/24/2025,72.7000,72.9200,72.6900,72.8700,5580100.0000,68.7078
02/25/2025,73.1100,73.3300,73.0500,73.3300,4835300.0000,69.1416
02/26/2025,73.3100,73.4800,73.2100,73.4400,5825400.0000,69.2453
02/27/2025,73.3100,73.4200,73.2200,73.3500,14908500.0000,69.1604
02/28/2025,73.5200,73.6900,73.4100,73.6600,8363500.0000,69.4527
03/03/2025,73.2500,73.6300,73.2200,73.6100,7549300.0000,69.6125
03/04/2025,73.6100,73.7500,73.3200,73.4000,7693100.0000,69.4139
03/05/2025,73.3000,73.5200,73.1300,73.1400,7758400.0000,69.1681
03/06/2025,73.1100,73.2000,72.9000,73.0800,7196400.0000,69.1113
03/07/2025,73.3300,73.3700,72.9500,73.0000,5036100.0000,69.0357
03/10/2025,73.3000,73.4700,73.2700,73.3400,8167000.0000,69.3572
03/11/2025,73.2000,73.4300,73.0400,73.0600,8359200.0000,69.0924
03/12/2025,72.9100,73.0600,72.8900,72.9100,6193000.0000,68.9506
03/13/2025,72.9200,73.1500,72.7700,73.1300,4711400.0000,69.1586
03/14/2025,73.0200,73.0700,72.9400,72.9500,5094900.0000,68.9884
03/17/2025,73.1300,73.2400,73.0100,73.0500,4772900.0000,69.0830
03/18/2025,72.9800,73.2200,72.9700,73.1300,4196100.0000,69.1586
03/19/2025,73.0700,73.3800,73.0000,73.3500,4201600.0000,69.3667
03/20/2025,73.6500,73.6700,73.3500,73.3800,3760700.0000,69.3951
03/21/2025,73.4400,73.5200,73.3000,73.3200,7078500.0000,69.3383
03/24/2025,73.1900,73.2200,72.9800,73.0000,5637000.0000,69.0357
03/25/2025,73.0000,73.1700,72.9900,73.0900,6133700.0000,69.1208
03/26/2025,73.0200,73.0600,72.8900,72.9300,4856900.0000,68.9695
03/27/2025,72.8800,72.9200,72.8200,72.9000,5567900.0000,68.9411
03/28/2025,73.1600,73.3500,73.0700,73.3200,4850500.0000,69.3383
03/31/2025,73.5000,73.5600,73.2700,73.4500,7106000.0000,69.4612
04/01/2025,73.2200,73.5800,73.2100,73.4400,4667900.0000,69.6795
04/02/2025,73.6100,73.6200,73.1800,73.3800,5313100.0000,69.6225
04/03/2025,73.7600,74.0000,73.6200,73.7600,7426200.0000,69.9831
04/04/2025,74.2000,74.3400,73.7100,73.8200,12678000.0000,70.0400
04/07/2025,73.6500,73.6900,72.8500,72.9300,14283000.0000,69.1956
04/08/2025,72.9200,73.0500,72.4600,72.5100,12629200.0000,68.7971
04/09/2025,71.4900,72.7000,71.4800,72.6800,20862000.0000,68.9584
04/10/2025,72.4200,72.6100,72.0600,72.1000,8058500.0000,68.4081
04/11/2025,71.6900,72.1500,71.4100,72.0200,7260400.0000,68.3322
04/14/2025,72.2200,72.5300,72.2000,72.4300,5409300.0000,68.7212
04/15/2025,72.3600,72.7400,72.3500,72.6100,5667500.0000,68.8920
04/16/2025,72.6600,72.8500,72.5100,72.8100,33963000.0000,69.0817
04/17/2025,72.7900,72.8300,72.6000,72.6500,7613800.0000,68.9299
04/21/2025,72.4900,72.6400,72.2500,72.2500,6092900.0000,68.5504
04/22/2025,72.4900,72.5300,72.3700,72.3800,5408200.0000,68.6737
04/23/2025,72.8200,73.1300,72.5000,72.5300,5283000.0000,68.8161
04/24/2025,72.8000,72.9500,72.7500,72.9400,3751500.0000,69.2051
04/25/2025,73.0900,73.1900,73.0100,73.1800,4021800.0000,69.4328
04/28/2025,73.1000,73.3900,73.0900,73.3600,4685400.0000,69.6035
04/29/2025,73.2900,73.5600,73.2800,73.5500,3790700.0000,69.7838
04/30/2025,73.5000,73.5800,73.3700,73.5000,8020700.0000,69.7364
05/01/2025,73.3400,73.3700,72.9500,73.0600,6295400.0000,69.5422
05/02/2025,72.7100,72.8500,72.6100,72.7000,6960800.0000,69.1995
05/05/2025,72.6300,72.6900,72.4800,72.6000,7575000.0000,69.1044
05/06/2025,72.5600,72.7700,72.5000,72.7600,6994000.0000,69.2567
05/07/2025,72.8000,72.9700,72.7900,72.9000,4357400.0000,69.3899
05/08/2025,72.8600,72.9200,72.5100,72.5100,4283200.0000,69.0187
05/09/2025,72.6100,72.7400,72.5600,72.5700,3730700.0000,69.0758
05/12/2025,72.3000,72.4500,72.3000,72.3200,6982800.0000,68.8378
05/13/2025,72.3000,72.4300,72.2000,72.2900,5610300.0000,68.8093
05/14/2025,72.2400,72.2900,72.0100,72.0400,6426700.0000,68.5713
05/15/2025,72.2500,72.4500,72.1700,72.4300,5659000.0000,68.9425
05/16/2025,72.6200,72.6800,72.4500,72.4800,5310000.0000,68.9901
05/19/2025,72.1700,72.4800,72.0600,72.4600,5787700.0000,68.9711
05/20/2025,72.3000,72.3900,72.2000,72.3300,5810300.0000,68.8474
05/21/2025,72.1500,72.2000,71.8000,71.8800,10880400.0000,68.4190
05/22/2025,71.8700,72.0900,71.7600,72.0800,7067200.0000,68.6094
05/23/2025,72.2700,72.2900,72.0900,72.1900,4272600.0000,68.7141
05/27/2025,72.3700,72.6000,72.3200,72.5300,6148800.0000,69.0377
05/28/2025,72.4100,72.4600,72.2900,72.3700,5214700.0000,68.8854
05/29/2025,72.4800,72.7000,72.4800,72.6300,4685800.0000,69.1329
05/30/2025,72.6300,72.7800,72.5400,72.7700,5995600.0000,69.2662
06/02/2025,72.3500,72.5300,72.2400,72.3700,6888000.0000,69.1134
06/03/2025,72.4400,72.5000,72.2600,72.2900,7436800.0000,69.0370
06/04/2025,72.5400,72.8100,72.5100,72.7400,8343000.0000,69.4667
06/05/2025,72.7600,72.8300,72.5800,72.6000,6620600.0000,69.3330
06/06/2025,72.3700,72.4900,72.1900,72.2100,14677200.0000,68.9606
06/09/2025,72.2000,72.3900,72.2000,72.3200,10147300.0000,69.0656
06/10/2025,72.5100,72.5600,72.3800,72.4600,9257000.0000,69.1993
06/11/2025,72.5900,72.7200,72.5200,72.6900,8034900.0000,69.4190
06/12/2025,72.9000,72.9700,72.8200,72.9600,5950100.0000,69.6768
06/13/2025,72.8100,72.8500,72.5500,72.7000,5656200.0000,69.4285
06/16/2025,72.6500,72.7900,72.5500,72.5600,6415500.0000,69.2948
06/17/2025,72.6900,72.8200,72.6000,72.7900,5123400.0000,69.5145
06/18/2025,72.8700,73.0200,72.7600,72.8300,5176900.0000,69.5527
06/20/2025,72.7100,72.9600,72.6700,72.8800,5396600.0000,69.6004
06/23/2025,73.0500,73.2200,72.9800,73.0600,5391900.0000,69.7723
06/24/2025,72.9900,73.3200,72.9900,73.2800,8789700.0000,69.9824
06/25/2025,73.1900,73.3100,73.1000,73.3000,5346300.0000,70.0015
06/26/2025,73.3700,73.5200,73.3000,73.5100,5373300.0000,70.2021
06/27/2025,73.3800,73.5500,73.3200,73.3400,6928700.0000,70.0397
06/30/2025,73.5100,73.6700,73.4500,73.6300,6986700.0000,70.3167
07/01/2025,73.3900,73.4500,73.2300,73.3400,6286300.0000,70.2640
07/02/2025,73.1700,73.2600,73.1400,73.2600,6342300.0000,70.1873
07/03/2025,73.1300,73.1700,73.0400,73.0800,6428400.0000,70.0149
07/07/2025,72.9600,73.0200,72.7900,72.8400,8191000.0000,69.7850
07/08/2025,72.7400,72.8000,72.7000,72.8000,5934200.0000,69.7466
07/09/2025,72.8900,73.1000,72.8900,73.0900,6720200.0000,70.0245
07/10/2025,73.0800,73.1100,72.9700,73.1000,6650900.0000,70.0340
07/11/2025,72.8900,72.9000,72.7700,72.8000,4962400.0000,69.7466
07/14/2025,72.7700,72.8600,72.7000,72.7900,5624700.0000,69.7371
07/15/2025,72.8800,72.8800,72.5500,72.5700,5908400.0000,69.5263
07/16/2025,72.7000,72.7800,72.5200,72.7100,7874900.0000,69.6604
07/17/2025,72.7200,72.8200,72.6800,72.7300,6857300.0000,69.6796
07/18/2025,72.8800,72.9000,72.8100,72.8500,5206800.0000,69.7945
07/21/2025,73.1000,73.1800,73.0400,73.0600,5338500.0000,69.9957
07/22/2025,73.1000,73.2400,73.0800,73.1800,5507300.0000,70.1107
07/23/2025,73.0800,73.1200,73.0000,73.0300,5269400.0000,69.9670
07/24/2025,72.8400,73.0400,72.8200,72.9400,6139200.0000,69.8808
07/25/2025,72.9500,73.1200,72.9300,73.1200,4845900.0000,70.0532
07/28/2025,73.0200,73.0500,72.9600,73.0000,5806600.0000,69.9382
07/29/2025,73.0800,73.3900,73.0800,73.3800,7397900.0000,70.3023
07/30/2025,73.1900,73.3500,73.1300,73.1900,5554600.0000,70.1203
07/31/2025,73.3500,73.3600,73.1800,73.2000,6463200.0000,70.1298
08/01/2025,73.5000,73.6100,73.3800,73.5900,10782300.0000,70.7374
08/04/2025,73.6300,73.6500,73.5000,73.6400,6834400.0000,70.7854
08/05/2025,73.5600,73.7000,73.5400,73.6700,8145300.0000,70.8142
08/06/2025,73.5700,73.6500,73.3400,73.6100,8082200.0000,70.7566
08/07/2025,73.7000,73.7000,73.5300,73.5800,4193100.0000,70.7277
08/08/2025,73.5000,73.5100,73.4000,73.4200,5566300.0000,70.5739
08/11/2025,73.4900,73.5500,73.4400,73.4700,8668100.0000,70.6220
08/12/2025,73.3900,73.4800,73.3300,73.4800,5493400.0000,70.6316
08/13/2025,73.6900,73.7800,73.6700,73.7500,6208900.0000,70.8912
08/14/2025,73.7500,73.7500,73.4900,73.5400,6818100.0000,70.6893
08/15/2025,73.5300,73.5900,73.3900,73.4400,4309100.0000,70.5932
08/18/2025,73.4700,73.6400,73.3100,73.3600,6941600.0000,70.5163
08/19/2025,73.4400,73.5100,73.4400,73.5000,5098500.0000,70.6508
08/20/2025,73.4900,73.6000,73.4600,73.5500,5512500.0000,70.6989
08/21/2025,73.4400,73.4700,73.2900,73.3700,5695500.0000,70.5259
08/22/2025,73.5000,73.8100,73.4800,73.7400,5828700.0000,70.8815
08/25/2025,73.6300,73.7200,73.5900,73.6400,5361700.0000,70.7854
08/26/2025,73.6500,73.7600,73.5900,73.7300,4648300.0000,70.8719
08/27/2025,73.6600,73.8100,73.5900,73.8000,6053900.0000,70.9392
08/28/2025,73.7900,73.9200,73.7600,73.8900,5857300.0000,71.0257
08/29/2025,73.8200,73.8700,73.7600,73.8000,7736300.0000,70.9392
09/02/2025,73.3400,73.4300,73.3100,73.4000,6222400.0000,70.7878
09/03/2025,73.4500,73.7200,73.4400,73.6400,6005100.0000,71.0193
09/04/2025,73.8000,73.9300,73.7200,73.9200,8842600.0000,71.2893
09/05/2025,74.2900,74.3700,74.2500,74.2700,6321800.0000,71.6268
09/08/2025,74.4300,74.5200,74.4100,74.5100,6414400.0000,71.8583
09/09/2025,74.4700,74.5200,74.3000,74.3700,6613200.0000,71.7233
09/10/2025,74.4900,74.6200,74.4400,74.5000,5680700.0000,71.8487
09/11/2025,74.5700,74.7600,74.5700,74.6600,6437200.0000,72.0030
09/12/2025,74.5400,74.5800,74.4300,74.5700,5493000.0000,71.9162
09/15/2025,74.6600,74.7300,74.6500,74.7100,7193600.0000,72.0512
09/16/2025,74.7100,74.7700,74.6500,74.7200,7012200.0000,72.0608
09/17/2025,74.8000,74.9200,74.5300,74.5900,8872000.0000,71.9354
09/18/2025,74.3900,74.4800,74.2900,74.4000,7641400.0000,71.7522
09/19/2025,74.4100,74.4500,74.3400,74.4300,5295700.0000,71.7811
09/22/2025,74.3900,74.4100,74.2700,74.2900,7813900.0000,71.6461
09/23/2025,74.3700,74.4500,74.3100,74.4400,6492000.0000,71.7908
09/24/2025,74.3700,74.3800,74.2600,74.2900,5158400.0000,71.6461
09/25/2025,74.1900,74.2200,74.0700,74.2100,7402700.0000,71.5690
09/26/2025,74.2200,74.3300,74.1500,74.2100,5531400.0000,71.5690
09/29/2025,74.3100,74.4400,74.2900,74.4000,5534500.0000,71.7522
09/30/2025,74.4300,74.5400,74.3400,74.3700,8840700.0000,71.7233
10/01/2025,74.3200,74.3600,74.2100,74.3200,8762900.0000,71.9042
10/02/2025,74.2900,74.4200,74.2500,74.4000,7155600.0000,71.9816
10/03/2025,74.4200,74.4500,74.2900,74.3100,8372400.0000,71.8945
10/06/2025,74.1700,74.2800,74.1300,74.1400,8688800.0000,71.7301
10/07/2025,74.2200,74.3500,74.1900,74.2800,7229500.0000,71.8655
10/08/2025,74.4000,74.4100,74.2600,74.2800,6298400.0000,71.8655
10/09/2025,74.2400,74.2600,74.1800,74.2300,9071000.0000,71.8171
10/10/2025,74.4300,74.5800,74.3600,74.5200,7202600.0000,72.0977
10/13/2025,74.5400,74.6400,74.4500,74.6400,4358400.0000,72.2138
10/14/2025,74.6300,74.7800,74.5700,74.7500,6550100.0000,72.3202
10/15/2025,74.7700,74.8700,74.6600,74.7000,6264800.0000,72.2719
10/16/2025,74.6700,75.0000,74.6700,74.9800,8485100.0000,72.5427
10/17/2025,74.9100,74.9200,74.8100,74.8800,20337500.0000,72.4460
10/20/2025,74.9500,74.9900,74.9100,74.9800,6287200.0000,72.5427
10/21/2025,75.1000,75.1500,75.0500,75.0700,6179900.0000,72.6298
10/22/2025,75.0300,75.0800,74.9700,75.0700,7164500.0000,72.6298
10/23/2025,74.9900,75.0200,74.9000,74.9200,6041700.0000,72.4847
10/24/2025,75.0400,75.0500,74.9100,75.0200,6912300.0000,72.5814
10/27/2025,74.9600,75.0600,74.8900,75.0600,7706600.0000,72.6201
10/28/2025,75.0400,75.1200,75.0100,75.1000,7399700.0000,72.6588
10/29/2025,75.0700,75.0800,74.7100,74.7300,8938700.0000,72.3009
10/30/2025,74.5100,74.7200,74.5000,74.6000,7109500.0000,72.1751
10/31/2025,74.6600,74.6800,74.5400,74.5800,7106700.0000,72.1557
11/03/2025,74.2400,74.2900,74.1700,74.2500,7085100.0000,72.0723
11/04/2025,74.2600,74.3700,74.2400,74.2900,11476200.0000,72.1111
11/05/2025,74.2400,74.2600,74.0400,74.0800,10862500.0000,71.9073
11/06/2025,74.3000,74.4000,74.2800,74.3700,6461200.0000,72.1887
11/07/2025,74.2600,74.4300,74.2600,74.3300,7073200.0000,72.1499
11/10/2025,74.3200,74.3700,74.2800,74.3100,7235100.0000,72.1305
11/11/2025,74.4600,74.5300,74.4200,74.5200,5229400.0000,72.3344
11/12/2025,74.4800,74.5400,74.4400,74.4900,7129700.0000,72.3052
11/13/2025,74.3600,74.4100,74.2700,74.2700,7105100.0000,72.0917
11/14/2025,74.4000,74.4200,74.1600,74.1600,6473000.0000,71.9849
11/17/2025,74.2100,74.2800,74.1900,74.2000,6908300.0000,72.0237
11/18/2025,74.3300,74.3800,74.1800,74.2600,8009200.0000,72.0820
11/19/2025,74.3400,74.3700,74.2000,74.2300,7527500.0000,72.0529
11/20/2025,74.3100,74.4000,74.2900,74.3400,8461100.0000,72.1596
11/21/2025,74.5500,74.5500,74.4000,74.5200,6818400.0000,72.3344
11/24/2025,74.6200,74.6800,74.5500,74.6500,5734400.0000,72.4605
11/25/2025,74.7000,74.8900,74.7000,74.8200,7446200.0000,72.6256
11/26/2025,74.7800,74.9000,74.6800,74.9000,7327100.0000,72.7032
11/28/2025,74.8600,74.8800,74.7100,74.7800,4812100.0000,72.5867
12/01/2025,74.2700,74.3000,74.2100,74.2500,6891500.0000,72.3034
12/02/2025,74.2500,74.3600,74.2200,74.3200,6756900.0000,72.3715
12/03/2025,74.4100,74.4700,74.3400,74.4300,9774000.0000,72.4786
12/04/2025,74.3600,74.3700,74.2600,74.2900,7337500.0000,72.3423
12/05/2025,74.3100,74.3300,74.1500,74.2000,7270500.0000,72.2547
12/08/2025,74.2000,74.2100,73.9800,74.0900,8585700.0000,72.1475
12/09/2025,74.2100,74.2100,74.0100,74.0400,6665200.0000,72.0989
12/10/2025,74.0100,74.2700,74.0000,74.2600,8771100.0000,72.3131
12/11/2025,74.4100,74.4300,74.2400,74.2600,8924600.0000,72.3131
12/12/2025,74.0500,74.0900,74.0100,74.0300,8117600.0000,72.0891
12/15/2025,74.1700,74.2400,74.0800,74.1200,10495500.0000,72.1768
12/16/2025,74.1200,74.2700,74.0600,74.2600,6999300.0000,72.3131
12/17/2025,74.1800,74.2700,74.1700,74.2400,10071300.0000,72.2936
12/18/2025,74.1500,74.2000,74.0900,74.1500,6940500.0000,72.4470
12/19/2025,74.0700,74.1300,74.0200,74.0400,7540400.0000,72.3395
12/22/2025,74.0300,74.0400,73.9700,74.0200,9855300.0000,72.3200
12/23/2025,73.8600,74.0200,73.8500,74.0100,10188700.0000,72.3102
12/24/2025,74.0800,74.2000,74.0500,74.1900,5341700.0000,72.4861
12/26/2025,74.2500,74.2800,74.1400,74.1900,6730500.0000,72.4861
12/29/2025,74.2600,74.3000,74.2100,74.3000,9105700.0000,72.5936
12/30/2025,74.2300,74.2900,74.1800,74.2700,7743200.0000,72.5643
12/31/2025,74.1700,74.2500,74.0600,74.0700,8846700.0000,72.3689
01/02/2026,74.1300,74.1600,74.0200,74.0400,7453500.0000,72.3395
01/05/2026,74.1100,74.2100,74.0800,74.1800,11059100.0000,72.4763
01/06/2026,74.1300,74.1900,74.0300,74.1800,9079000.0000,72.4763
01/07/2026,74.3000,74.3200,74.2000,74.2600,11576600.0000,72.5545
01/08/2026,74.1200,74.1800,74.1000,74.1300,9906800.0000,72.4275
01/09/2026,74.1800,74.3600,74.1300,74.2900,10536800.0000,72.5838
01/12/2026,74.2100,74.3000,74.1600,74.2200,9851000.0000,72.5154
01/13/2026,74.3100,74.3200,74.2200,74.2800,11835200.0000,72.5740
01/14/2026,74.3200,74.4600,74.3200,74.4300,8765900.0000,72.7206
01/15/2026,74.4500,74.4700,74.3200,74.3200,9959500.0000,72.6131
01/16/2026,74.3200,74.3300,74.1800,74.2000,16105100.0000,72.4959
01/20/2026,73.9100,74.0300,73.9000,73.9300,12982700.0000,72.2321
01/21/2026,74.0100,74.1600,73.9500,74.1400,11453200.0000,72.4372
01/22/2026,74.0900,74.2100,74.0500,74.1700,13512400.0000,72.4666
01/23/2026,74.2000,74.2600,74.1200,74.2500,8079700.0000,72.5447
01/26/2026,74.3400,74.3800,74.3100,74.3400,7137300.0000,72.6326
01/27/2026,74.3100,74.3800,74.2500,74.2800,9827900.0000,72.5740
01/28/2026,74.2400,74.2600,74.1500,74.2500,9328300.0000,72.5447
01/29/2026,74.1500,74.3200,74.1400,74.2600,16397300.0000,72.5545
01/30/2026,74.2500,74.3000,74.1700,74.2300,8977500.0000,72.5252
02/02/2026,74.0300,74.0400,73.8900,73.9100,8636400.0000,72.4517
02/03/2026,73.8600,73.9400,73.8400,73.9300,11287100.0000,72.4713
02/04/2026,73.8900,73.9600,73.8500,73.9000,11709600.0000,72.4418
02/05/2026,74.0600,74.2400,74.0100,74.2200,12216700.0000,72.7555
02/06/2026,74.2300,74.2500,74.1300,74.2300,8257200.0000,72.7653
02/09/2026,74.1700,74.2700,74.1400,74.2500,9429800.0000,72.7850
02/10/2026,74.4500,74.5200,74.4300,74.4700,8288400.0000,73.0006
02/11/2026,74.3100,74.4800,74.2900,74.3200,7968800.0000,72.8536
02/12/2026,74.4600,74.6800,74.4300,74.6600,9884300.0000,73.1869
02/13/2026,74.8400,74.9000,74.8100,74.8800,8307900.0000,73.4025
02/17/2026,74.8900,74.9100,74.8300,74.8700,9689000.0000,73.3927
02/18/2026,74.7900,74.8600,74.7700,74.7900,6972500.0000,73.3143
02/19/2026,74.7200,74.8500,74.7200,74.8200,8147900.0000,73.3437
02/20/2026,74.8400,74.8400,74.6900,74.8100,9131300.0000,73.3339
02/23/2026,74.8400,75.0200,74.8400,74.9700,6286900.0000,73.4907
02/24/2026,74.9500,74.9700,74.8900,74.9300,9854400.0000,73.4515
02/25/2026,74.8800,74.9700,74.8700,74.9100,7002000.0000,73.4319
02/26/2026,74.9300,75.0300,74.9300,75.0200,14876200.0000,73.5397
02/27/2026,75.1500,75.2300,75.1300,75.1700,8500900.0000,73.6868
03/02/2026,74.7200,74.7400,74.5500,74.6400,8732600.0000,73.3899
03/03/2026,74.3300,74.6600,74.3100,74.5600,8939900.0000,73.3112
03/04/2026,74.5700,74.6000,74.5000,74.5100,11305400.0000,73.2620
03/05/2026,74.2800,74.3700,74.2400,74.3400,10025800.0000,73.0949
03/06/2026,74.1200,74.4200,74.0700,74.2400,10878000.0000,72.9965
03/09/2026,74.1500,74.5000,74.1100,74.4500,8201800.0000,73.2030
03/10/2026,74.3900,74.4500,74.2100,74.2200,8622900.0000,72.9769
03/11/2026,74.0900,74.1000,73.8500,73.8900,9003400.0000,72.6524
03/12/2026,73.7800,73.8300,73.5600,73.6200,12383500.0000,72.3869
03/13/2026,73.7400,73.8000,73.5100,73.5500,7060100.0000,72.3181
03/16/2026,73.8300,73.8800,73.7400,73.8300,7716600.0000,72.5934
03/17/2026,73.9300,74.0100,73.9300,73.9800,5948100.0000,72.7409
03/18/2026,73.9000,73.9500,73.6700,73.6800,9210900.0000,72.4459
03/19/2026,73.5200,73.8600,73.5000,73.7600,8861500.0000,72.5246
03/20/2026,73.5100,73.5300,73.1600,73.1700,12983200.0000,71.9445
03/23/2026,73.3000,73.6100,73.2400,73.4500,14898800.0000,72.2198
03/24/2026,73.1800,73.4100,73.1200,73.2600,11800800.0000,72.0330
03/25/2026,73.5700,73.6200,73.4500,73.5400,9313300.0000,72.3083
03/26/2026,73.3300,73.4300,73.1000,73.1100,8602900.0000,71.8855
03/27/2026,72.9800,73.2100,72.9400,73.1100,13021800.0000,71.8855
03/30/2026,73.4800,73.6000,73.4200,73.4800,10353800.0000,72.2493
03/31/2026,73.6700,73.7800,73.5700,73.6400,10948300.0000,72.4066
04/01/2026,73.4300,73.5600,73.3900,73.4200,9624800.0000,72.4362
04/02/2026,73.3600,73.6500,73.3400,73.5800,7975600.0000,72.5941
04/06/2026,73.4500,73.5600,73.4200,73.4700,9844300.0000,72.4855
04/07/2026,73.4900,73.6000,73.2500,73.5800,7270000.0000,72.5941
04/08/2026,73.9400,73.9500,73.6700,73.7200,5760200.0000,72.7322
04/09/2026,73.6800,73.8900,73.5800,73.7500,5646600.0000,72.7618
04/10/2026,73.7400,73.7700,73.6300,73.6400,6334300.0000,72.6533
04/13/2026,73.6400,73.8200,73.6000,73.8000,6438100.0000,72.8111
04/14/2026,73.8400,73.9900,73.7800,73.9800,5600100.0000,72.9887
04/15/2026,73.9000,73.9300,73.8200,73.8800,6724300.0000,72.8900
04/16/2026,73.9500,73.9600,73.7200,73.7700,7582500.0000,72.7815
04/17/2026,74.0600,74.1500,74.0100,74.0600,5806900.0000,73.0676
04/20/2026,74.0500,74.0600,73.9300,74.0100,7609600.0000,73.0183
04/21/2026,73.9400,73.9800,73.7700,73.7800,5852600.0000,72.7914
04/22/2026,73.9600,73.9800,73.8500,73.8600,5936800.0000,72.8703
04/23/2026,73.8600,73.9300,73.6200,73.7300,6181500.0000,72.7421
04/24/2026,73.7500,73.8900,73.6600,73.8600,5118200.0000,72.8703
04/27/2026,73.8000,73.8500,73.7000,73.7400,6095200.0000,72.7519
04/28/2026,73.6500,73.7200,73.6000,73.7200,7242000.0000,72.7322
04/29/2026,73.5500,73.5500,73.3200,73.3900,7207000.0000,72.4066
04/30/2026,73.5300,73.5800,73.4500,73.5000,7829100.0000,72.5151
05/01/2026,73.3000,73.5300,73.2600,73.3600,6933100.0000,72.6161
05/04/2026,73.2600,73.2800,72.9800,73.1100,7912200.0000,72.3686
05/05/2026,73.1900,73.3100,73.1800,73.2400,8336200.0000,72.4973
05/06/2026,73.5000,73.5700,73.4700,73.5500,7658300.0000,72.8042
05/07/2026,73.6500,73.6500,73.3200,73.3600,9777000.0000,72.6161
05/08/2026,73.5600,73.6100,73.5200,73.5500,7382800.0000,72.8042
05/11/2026,73.4700,73.5000,73.3600,73.3700,9494200.0000,72.6260
05/12/2026,73.2100,73.2300,73.1300,73.1500,7431700.0000,72.4082
05/13/2026,73.1300,73.1900,73.0300,73.1800,10761000.0000,72.4379
05/14/2026,73.2200,73.3800,73.1500,73.1600,6262500.0000,72.4181
05/15/2026,72.8200,72.8400,72.7000,72.7400,12189900.0000,72.0024
05/18/2026,72.7800,72.8600,72.5900,72.6900,8771700.0000,71.9529
05/19/2026,72.4700,72.5500,72.3400,72.4500,13221200.0000,71.7153
05/20/2026,72.4800,72.9000,72.4600,72.8500,11123000.0000,72.1113
05/21/2026,72.6500,72.9400,72.5800,72.9300,10364600.0000,72.1905
05/22/2026,73.0400,73.0500,72.8200,73.0000,6817600.0000,72.2597
05/26/2026,73.2600,73.2800,73.1300,73.2100,7374200.0000,72.4676
05/27/2026,73.2900,73.3400,73.2400,73.2800,7349100.0000,72.5369
05/28/2026,73.2900,73.4800,73.2400,73.4200,7239100.0000,72.6755
05/29/2026,73.4700,73.5500,73.3800,73.4600,9177400.0000,72.7151
06/01/2026,73.0000,73.1900,72.9400,73.1800,7268300.0000,72.6823
06/02/2026,73.2700,73.3000,73.1600,73.2000,7682700.0000,72.7022
06/03/2026,73.0400,73.1200,72.9800,73.0600,9330700.0000,72.5631
06/04/2026,73.1900,73.2300,73.1300,73.1600,6815000.0000,72.6624
06/05/2026,72.9400,72.9500,72.8200,72.8300,8487200.0000,72.3347
06/08/2026,72.9800,73.0100,72.8000,72.8100,14019000.0000,72.3148
06/09/2026,72.9200,73.0000,72.8400,72.9700,8703500.0000,72.4737
06/10/2026,72.9700,73.0400,72.8400,72.9100,5252500.0000,72.4141
06/11/2026,72.9800,73.3600,72.9300,73.3300,9058700.0000,72.8313
06/12/2026,73.2100,73.2900,73.1100,73.2400,7379300.0000,72.7419
06/15/2026,73.3800,73.4300,73.2900,73.3000,7738300.0000,72.8015
06/16/2026,73.3400,73.4800,73.3200,73.4100,5902800.0000,72.9107
06/17/2026,73.4200,73.4700,73.1200,73.1400,8531600.0000,72.6426
06/18/2026,73.3200,73.5000,73.3200,73.3400,6312500.0000,72.8412
06/22/2026,73.1700,73.2200,73.1100,73.1400,7359400.0000,72.6426
06/23/2026,73.1800,73.3000,73.1800,73.2200,7081800.0000,72.7220
06/24/2026,73.4800,73.6000,73.4600,73.5500,7819400.0000,73.0498
06/25/2026,73.6500,73.7300,73.5900,73.6000,7638100.0000,73.0994
06/26/2026,73.5700,73.7200,73.5600,73.6700,5965100.0000,73.1690
06/29/2026,73.6900,73.7300,73.6400,73.7100,7224800.0000,73.2087
06/30/2026,73.6200,73.6200,73.4000,73.4100,11653200.0000,72.9107
07/01/2026,73.0300,73.1400,72.9900,73.0600,20719000.0000,72.8051
07/02/2026,73.0600,73.1700,73.0400,73.1100,7627600.0000,72.8549
07/06/2026,73.0900,73.1400,73.0300,73.1400,10191800.0000,72.8848
07/07/2026,73.0100,73.0400,72.8000,72.8500,8412400.0000,72.5958
07/08/2026,72.7300,72.7400,72.5900,72.7000,8944900.0000,72.4464
07/09/2026,72.7500,72.9200,72.7500,72.8300,8250700.0000,72.5759
07/10/2026,72.8300,72.8500,72.7000,72.7700,7170500.0000,72.5161
07/13/2026,72.6500,72.7500,72.4900,72.5000,7595500.0000,72.2471
07/14/2026,72.6900,72.7900,72.6300,72.7000,8081100.0000,72.4464
07/15/2026,72.7500,72.8900,72.7200,72.8200,6181200.0000,72.5659
07/16/2026,72.7300,72.8300,72.6900,72.8100,6108700.0000,72.5560
07/17/2026,72.8900,73.0000,72.8400,72.8600,5836000.0000,72.6058
07/20/2026,72.8300,72.8400,72.6200,72.6800,5578300.0000,72.4264
07/21/2026,72.5700,72.5800,72.4800,72.5200,5679100.0000,72.2670
07/22/2026,72.4900,72.5200,72.3800,72.4000,5863000.0000,72.1474
07/23/2026,72.2000,72.2700,72.1700,72.2500,7641600.0000,71.9979
07/24/2026,72.2700,72.4300,72.2700,72.3100,5695400.0000,72.0577
07/27/2026,72.4300,72.5000,72.3900,72.4600,5667200.0000,72.2072
07/28/2026,72.5300,72.7000,72.5100,72.6400,5279700.0000,72.3866
07/29/2026,72.5600,72.6300,72.3700,72.3800,6755300.0000,72.1275
07/30/2026,72.4400,72.4800,72.3600,72.4200,7744200.0000,72.1673
07/31/2026,72.3000,72.3300,72.1300,72.2300,6366400.0000,71.9780
08/03/2026,72.1200,72.1800,72.0700,72.1500,6747500.0000,72.1500
08/04/2026,72.3400,72.4500,72.3300,72.4400,7986300.0000,72.4400