Date,Open,High,Low,Close,Volume,Adj Close
03/30/2007,50.1500,50.1800,50.1400,50.1400,2000.0000,15.0377
04/02/2007,50.2000,50.2900,50.2000,50.2500,11700.0000,15.0707
04/03/2007,50.2500,50.3700,50.2500,50.3700,4800.0000,15.1066
04/04/2007,50.3500,50.3700,50.2300,50.2300,7200.0000,15.0646
04/05/2007,50.2900,50.3300,50.2700,50.3000,7000.0000,15.0857
04/09/2007,50.3500,50.3700,50.2400,50.3400,7200.0000,15.0976
04/10/2007,50.3700,50.4200,50.3000,50.3800,8400.0000,15.1096
04/11/2007,50.4100,50.4100,50.2400,50.2900,8100.0000,15.0826
04/12/2007,50.3100,50.3100,50.2400,50.2600,4200.0000,15.0737
04/13/2007,50.2400,50.2800,50.0000,50.2500,6900.0000,15.0707
04/16/2007,50.3000,50.3300,50.1100,50.2300,18400.0000,15.0646
04/17/2007,50.2700,50.3000,50.2000,50.2800,20300.0000,15.0796
04/18/2007,50.2700,50.2900,50.2400,50.2700,9200.0000,15.0767
04/19/2007,50.2900,50.2900,50.1400,50.1600,13900.0000,15.0437
04/20/2007,50.2500,50.2800,50.2000,50.2800,4800.0000,15.0796
04/23/2007,50.2700,50.3400,50.0000,50.2400,12400.0000,15.0677
04/24/2007,50.3100,50.3200,50.2400,50.2700,20100.0000,15.0767
04/25/2007,50.2500,50.3500,50.1500,50.2400,29300.0000,15.0677
04/26/2007,50.2300,50.2600,50.2000,50.2500,13400.0000,15.0707
04/27/2007,50.3600,50.3600,50.2600,50.3100,7700.0000,15.0887
04/30/2007,50.3400,50.3700,50.3200,50.3200,7400.0000,15.0916
05/01/2007,50.0600,50.0600,49.9600,50.0100,13400.0000,15.0841
05/02/2007,50.0400,50.1400,50.0400,50.1400,11800.0000,15.1233
05/03/2007,50.2100,50.2100,50.1400,50.1800,19600.0000,15.1354
05/04/2007,50.2000,50.2000,50.1600,50.1700,32900.0000,15.1324
05/07/2007,50.2200,50.2400,50.1700,50.2000,55400.0000,15.1414
05/08/2007,50.2700,50.2800,50.1800,50.2700,24400.0000,15.1625
05/09/2007,50.3500,50.3500,50.2400,50.2400,21100.0000,15.1535
05/10/2007,50.3000,50.3000,50.1800,50.1800,10200.0000,15.1354
05/11/2007,50.3000,50.3800,50.3000,50.3700,5500.0000,15.1927
05/14/2007,50.5500,50.5500,50.4800,50.4800,14200.0000,15.2259
05/15/2007,50.5100,50.5700,50.4500,50.4600,9400.0000,15.2198
05/16/2007,50.4500,50.4600,50.2500,50.3300,13100.0000,15.1806
05/17/2007,50.2500,50.2700,50.1900,50.2400,10700.0000,15.1535
05/18/2007,50.2100,50.2300,50.1400,50.1900,20300.0000,15.1384
05/21/2007,50.1200,50.2300,50.1200,50.2300,9800.0000,15.1505
05/22/2007,50.2100,50.5100,50.2000,50.3000,20500.0000,15.1716
05/23/2007,50.3000,50.3800,50.2800,50.3000,5500.0000,15.1716
05/24/2007,50.2400,50.2600,50.1100,50.2200,15100.0000,15.1474
05/25/2007,50.1000,50.1900,50.0400,50.1300,12400.0000,15.1203
05/29/2007,50.1700,50.2300,50.1400,50.1400,4500.0000,15.1233
05/30/2007,50.1900,50.3000,50.1900,50.2700,7600.0000,15.1625
05/31/2007,50.2900,50.3600,50.2300,50.3400,15200.0000,15.1836
06/01/2007,50.3100,50.3100,49.9000,49.9000,15400.0000,15.1227
06/04/2007,50.0900,50.0900,49.8100,49.8400,19200.0000,15.1045
06/05/2007,49.9300,49.9300,49.6500,49.6900,47000.0000,15.0591
06/06/2007,49.8300,49.8300,49.5000,49.5500,36200.0000,15.0166
06/07/2007,49.4800,49.5400,49.1100,49.1100,14900.0000,14.8833
06/08/2007,49.0600,49.1900,48.9500,49.1900,15200.0000,14.9076
06/11/2007,49.2100,49.2100,49.0600,49.1400,12700.0000,14.8924
06/12/2007,49.0500,49.0500,48.7800,48.7800,16400.0000,14.7833
06/13/2007,48.9500,49.0500,48.8800,49.0100,23200.0000,14.8530
06/14/2007,49.2100,49.2900,49.0900,49.1900,16700.0000,14.9076
06/15/2007,49.3400,49.6700,49.3400,49.6700,36400.0000,15.0530
06/18/2007,49.7700,49.7700,49.6100,49.7100,30600.0000,15.0651
06/19/2007,49.8500,49.8500,49.6800,49.7500,18500.0000,15.0773
06/20/2007,49.8800,49.8800,49.5200,49.5200,6000.0000,15.0076
06/21/2007,49.4800,49.4800,49.2700,49.3500,14600.0000,14.9560
06/22/2007,49.3300,49.4200,49.2600,49.4200,4300.0000,14.9773
06/25/2007,49.4900,49.5200,49.2700,49.3400,31200.0000,14.9530
06/26/2007,49.4000,49.4200,49.3200,49.3900,28500.0000,14.9682
06/27/2007,49.3900,49.3900,49.1600,49.3700,64200.0000,14.9621
06/28/2007,49.4900,49.6700,49.4900,49.5200,4200.0000,15.0076
06/29/2007,49.6500,49.7000,49.5700,49.6200,12700.0000,15.0379
07/02/2007,49.5000,49.7400,49.5000,49.6600,19100.0000,15.1094
07/03/2007,49.7100,49.9700,49.7100,49.9000,10400.0000,15.1824
07/05/2007,49.9900,49.9900,49.7400,49.8300,14200.0000,15.1611
07/06/2007,49.8500,49.8500,49.6900,49.7300,13900.0000,15.1307
07/09/2007,49.7500,49.7900,49.6500,49.7700,29700.0000,15.1428
07/10/2007,49.5600,49.9000,49.5000,49.5600,153100.0000,15.0789
07/11/2007,49.4700,49.6100,49.4700,49.4800,15200.0000,15.0546
07/12/2007,49.4700,49.6000,49.4500,49.6000,24800.0000,15.0911
07/13/2007,49.3700,49.6200,49.3700,49.5900,8000.0000,15.0881
07/16/2007,49.5100,49.6500,49.5100,49.5400,11400.0000,15.0728
07/17/2007,49.6100,49.6100,49.4000,49.5100,6100.0000,15.0637
07/18/2007,49.5100,49.5100,49.3200,49.4000,3500.0000,15.0303
07/19/2007,49.3400,49.4100,49.3200,49.3600,2900.0000,15.0181
07/20/2007,49.2200,49.2200,49.0900,49.1400,4400.0000,14.9511
07/23/2007,49.1400,49.1400,49.0900,49.0900,1300.0000,14.9359
07/24/2007,48.8900,48.8900,48.5100,48.5100,6800.0000,14.7595
07/25/2007,48.3700,48.4100,48.1600,48.2200,33400.0000,14.6712
07/26/2007,47.9000,47.9000,47.6800,47.6800,11900.0000,14.5069
07/27/2007,47.7000,48.0000,47.7000,47.9200,8600.0000,14.5800
07/30/2007,47.7600,47.8500,47.5400,47.8000,41100.0000,14.5434
07/31/2007,48.0900,48.2300,48.0300,48.1000,23800.0000,14.6347
08/01/2007,47.6300,47.6300,47.3500,47.4200,3800.0000,14.4978
08/02/2007,47.5000,47.6700,47.3800,47.5700,6900.0000,14.5436
08/03/2007,47.5500,47.5500,47.1900,47.3900,3400.0000,14.4886
08/06/2007,47.0300,47.1600,46.7300,46.8600,10200.0000,14.3265
08/07/2007,46.8200,47.0500,46.8200,47.0400,6300.0000,14.3816
08/08/2007,47.2200,47.5000,47.2200,47.5000,4400.0000,14.5222
08/09/2007,47.4000,47.4000,47.1700,47.2400,20300.0000,14.4427
08/10/2007,46.8000,46.8000,46.5000,46.7500,6300.0000,14.2929
08/13/2007,46.9900,46.9900,46.6000,46.6500,3200.0000,14.2623
08/14/2007,46.5000,46.5600,46.2100,46.2100,3300.0000,14.1278
08/15/2007,45.7400,45.8500,45.4900,45.4900,23800.0000,13.9077
08/16/2007,44.7000,44.9900,43.9000,44.9800,14600.0000,13.7518
08/17/2007,45.7600,46.2000,45.5000,46.1700,12600.0000,14.1156
08/20/2007,46.0000,46.3800,46.0000,46.3800,3400.0000,14.1798
08/21/2007,46.3100,46.7800,46.3100,46.7800,19900.0000,14.3021
08/22/2007,47.1900,47.1900,46.8200,46.8300,8800.0000,14.3174
08/23/2007,47.5000,47.5000,47.2500,47.3400,3400.0000,14.4733
08/24/2007,47.3900,47.4200,47.1400,47.4200,1700.0000,14.4978
08/27/2007,47.3600,47.3800,47.1700,47.3100,11700.0000,14.4641
08/28/2007,47.2900,47.2900,47.0000,47.0100,2800.0000,14.3724
08/29/2007,47.0000,47.1600,47.0000,47.1600,6900.0000,14.4183
08/30/2007,47.1800,47.2700,47.0600,47.0600,11500.0000,14.3877
08/31/2007,47.4000,47.4600,47.4000,47.4500,3800.0000,14.5069
09/04/2007,47.3100,47.3100,47.1900,47.2100,16800.0000,14.5002
09/05/2007,47.2000,47.2000,46.9000,46.9900,6000.0000,14.4326
09/06/2007,47.0100,47.0200,46.9000,46.9900,5000.0000,14.4326
09/07/2007,46.9200,46.9200,46.8100,46.8800,2500.0000,14.3988
09/10/2007,46.8900,46.8900,46.7500,46.8500,11800.0000,14.3896
09/11/2007,46.8400,46.8400,46.7200,46.7200,2600.0000,14.3497
09/12/2007,46.5500,46.7600,46.4500,46.5700,87800.0000,14.3036
09/13/2007,46.4000,46.8800,46.4000,46.8400,10300.0000,14.3865
09/14/2007,46.8800,47.0800,46.8800,47.0800,5900.0000,14.4602
09/17/2007,47.0200,47.1600,47.0200,47.1600,18900.0000,14.4848
09/18/2007,47.5000,47.6200,47.4200,47.6200,3400.0000,14.6261
09/19/2007,47.7500,47.7700,47.5400,47.5400,23000.0000,14.6015
09/20/2007,47.5000,47.5000,46.9500,47.1600,94400.0000,14.4848
09/21/2007,47.0000,47.2900,47.0000,47.2800,9900.0000,14.5217
09/24/2007,47.3500,47.4100,47.3300,47.4100,3700.0000,14.5616
09/25/2007,46.9800,47.2000,46.9800,47.0500,54000.0000,14.4510
09/26/2007,47.4400,48.0900,46.4600,47.5400,16600.0000,14.6015
09/27/2007,47.2100,47.7500,46.5200,47.3100,30800.0000,14.5309
09/28/2007,47.4100,47.4400,47.1100,47.1100,3500.0000,14.4695
10/01/2007,47.2500,47.4600,46.8100,47.0800,6800.0000,14.5213
10/02/2007,47.0000,47.5000,46.8100,46.9500,4600.0000,14.4812
10/03/2007,47.4500,47.5700,47.0700,47.5300,5800.0000,14.6601
10/04/2007,47.5700,47.6200,46.9400,47.3500,6400.0000,14.6046
10/05/2007,47.6400,50.5000,47.3800,47.5500,45100.0000,14.6662
10/08/2007,47.4000,47.7700,47.3500,47.4700,1900.0000,14.6416
10/09/2007,47.4400,47.5000,47.1600,47.4000,2000.0000,14.6200
10/10/2007,47.4000,48.0900,47.4000,47.7100,4400.0000,14.7156
10/11/2007,48.0500,48.0500,47.2400,47.8800,10500.0000,14.7680
10/12/2007,48.0700,48.1200,48.0500,48.1200,7600.0000,14.8421
10/15/2007,48.1700,48.1800,47.9500,47.9500,3500.0000,14.7896
10/16/2007,47.8000,47.8100,47.6800,47.7600,4800.0000,14.7310
10/17/2007,47.9800,47.9800,47.5300,47.5300,12900.0000,14.6601
10/18/2007,47.4700,47.5900,47.4300,47.5600,8800.0000,14.6693
10/19/2007,47.5600,47.5600,47.1100,47.2100,21200.0000,14.5614
10/22/2007,47.0100,47.1100,46.8800,46.9600,23800.0000,14.4843
10/23/2007,47.3300,47.3500,47.1000,47.1000,4600.0000,14.5274
10/24/2007,47.1900,47.2500,46.8000,47.1200,34200.0000,14.5336
10/25/2007,47.0900,47.0900,46.8000,46.9100,8200.0000,14.4688
10/26/2007,47.2200,47.5400,47.2200,47.5400,12000.0000,14.6631
10/29/2007,47.6700,47.6700,47.4800,47.6300,6700.0000,14.6909
10/30/2007,47.4800,47.5600,47.4300,47.4500,7700.0000,14.6354
10/31/2007,47.5600,47.8800,47.3900,47.7600,47000.0000,14.7310
11/01/2007,47.3600,47.3600,46.6800,46.6800,9900.0000,14.4606
11/02/2007,46.7700,46.7700,46.1500,46.4600,4900.0000,14.3924
11/05/2007,46.1000,46.1500,45.7500,45.8700,11800.0000,14.2097
11/06/2007,45.8800,46.1000,45.8500,45.8800,11300.0000,14.2127
11/07/2007,47.7700,47.7700,44.6900,44.6900,29400.0000,13.8441
11/08/2007,45.0100,45.0100,43.9700,44.4100,21300.0000,13.7574
11/09/2007,44.0600,44.2100,43.5100,44.0600,21000.0000,13.6490
11/12/2007,43.9700,43.9700,43.1200,43.1200,15600.0000,13.3578
11/13/2007,43.6200,44.0800,43.5100,44.0200,15100.0000,13.6366
11/14/2007,44.5100,44.6100,44.3100,44.3100,11900.0000,13.7264
11/15/2007,43.2000,44.2300,43.2000,43.5100,21400.0000,13.4786
11/16/2007,43.8000,43.8000,43.0600,43.2000,41100.0000,13.3825
11/19/2007,43.3600,43.3600,42.2200,42.3500,28700.0000,13.1192
11/20/2007,42.1900,42.2800,41.6600,41.7500,21300.0000,12.9334
11/21/2007,41.4900,41.7000,41.3100,41.6000,16100.0000,12.8869
11/23/2007,41.9100,42.3400,41.7400,42.1700,7400.0000,13.0635
11/26/2007,42.4900,42.6800,41.5800,41.5800,7900.0000,12.8807
11/27/2007,41.5800,41.8600,41.4900,41.8000,18100.0000,12.9488
11/28/2007,42.4000,42.8600,42.2400,42.3200,5900.0000,13.1099
11/29/2007,42.3400,43.0000,42.3400,43.0000,9600.0000,13.3206
11/30/2007,43.4300,43.7600,43.3200,43.7600,71700.0000,13.5560
12/03/2007,43.7300,43.7300,43.4200,43.5500,8400.0000,13.5461
12/04/2007,43.4700,43.4700,43.1100,43.1800,14900.0000,13.4310
12/05/2007,43.4200,43.5700,43.1100,43.5400,22200.0000,13.5430
12/06/2007,43.8800,44.1900,43.8800,44.0500,9000.0000,13.7016
12/07/2007,44.3700,44.6500,44.3500,44.4000,38900.0000,13.8104
12/10/2007,44.3500,44.8900,44.1000,44.1000,10500.0000,13.7171
12/11/2007,44.3700,44.5900,42.7100,43.9900,43600.0000,13.6829
12/12/2007,43.5200,44.9300,43.2400,43.7800,32700.0000,13.6176
12/13/2007,43.7500,43.7500,43.1500,43.1900,12200.0000,13.4341
12/14/2007,42.8400,43.2200,42.8400,43.1200,8400.0000,13.4123
12/17/2007,42.7600,42.7900,41.6000,41.6000,14800.0000,12.9395
12/18/2007,42.2000,43.1400,41.6600,41.7900,52500.0000,12.9986
12/19/2007,41.8400,41.9300,41.4000,41.5400,14900.0000,12.9209
12/20/2007,41.3400,41.5900,41.2500,41.3600,15400.0000,12.8649
12/21/2007,41.2700,42.4100,40.3600,41.7400,11100.0000,12.9831
12/24/2007,41.7900,42.0300,41.7900,42.0300,11800.0000,13.0733
12/26/2007,41.9800,42.2500,41.9400,42.0200,39600.0000,13.0702
12/27/2007,41.4600,41.4600,40.8300,41.1200,189400.0000,13.0195
12/28/2007,40.0700,45.0000,40.0700,45.0000,68900.0000,14.2480
12/31/2007,46.3000,46.3000,39.8300,41.5000,54700.0000,13.1398
01/02/2008,42.9500,42.9500,41.4000,42.7000,11100.0000,13.5198
01/03/2008,42.2600,44.9800,42.2600,43.0500,150500.0000,13.6306
01/04/2008,42.6800,43.4700,42.4200,42.7000,116100.0000,13.5198
01/07/2008,42.9100,42.9100,42.4800,42.7800,73700.0000,13.5451
01/08/2008,43.1800,43.7500,42.7500,42.7500,83600.0000,13.5356
01/09/2008,42.7500,42.8100,42.5000,42.8100,60400.0000,13.5546
01/10/2008,42.6800,43.9600,42.6400,43.8800,69600.0000,13.8934
01/11/2008,44.3100,44.3100,43.9400,44.1800,69900.0000,13.9884
01/14/2008,44.4400,44.5200,44.2200,44.5000,62600.0000,14.0897
01/15/2008,44.3500,44.7000,44.0000,44.4500,66400.0000,14.0739
01/16/2008,44.3400,44.5800,44.2000,44.3600,67800.0000,14.0454
01/17/2008,44.5100,44.5100,43.4400,43.5400,83100.0000,13.7857
01/18/2008,43.5400,43.9400,43.4800,43.7100,56200.0000,13.8396
01/22/2008,43.0200,43.6700,42.6400,43.6200,80800.0000,13.8111
01/23/2008,43.5600,43.9700,43.2500,43.9500,120900.0000,13.9155
01/24/2008,44.1600,44.6000,43.8900,44.4000,138200.0000,14.0580
01/25/2008,44.5900,45.7100,44.4800,44.7600,81700.0000,14.1720
01/28/2008,45.4400,45.4400,44.7000,44.8000,95700.0000,14.1847
01/29/2008,44.9800,45.5200,44.8300,45.2600,130200.0000,14.3303
01/30/2008,45.2200,46.0000,45.1200,45.3800,78100.0000,14.3683
01/31/2008,45.3200,45.8800,45.1900,45.5400,130600.0000,14.4190
02/01/2008,45.6100,45.8400,45.5800,45.8100,82300.0000,14.5559
02/04/2008,47.0600,47.0600,45.5200,45.5200,105200.0000,14.4638
02/05/2008,45.0800,45.4600,45.0800,45.4200,87100.0000,14.4320
02/06/2008,45.3500,45.4500,45.2300,45.2400,97000.0000,14.3748
02/07/2008,45.6200,45.6200,45.1000,45.2900,66400.0000,14.3907
02/08/2008,45.3100,45.8000,45.1900,45.2900,44000.0000,14.3907
02/11/2008,45.3800,45.5000,45.2400,45.2500,77100.0000,14.3780
02/12/2008,46.6300,46.6300,45.0600,45.3700,98500.0000,14.4161
02/13/2008,45.5900,45.7700,45.1300,45.3800,39600.0000,14.4193
02/14/2008,46.6600,46.6600,45.0500,45.2700,74800.0000,14.3844
02/15/2008,46.7500,46.7500,45.0500,45.2800,61400.0000,14.3875
02/19/2008,47.1700,47.2100,45.3000,45.5100,39500.0000,14.4606
02/20/2008,47.1400,47.1400,45.2000,45.4700,29400.0000,14.4479
02/21/2008,45.7500,45.7500,45.1700,45.5000,120900.0000,14.4574
02/22/2008,46.0100,46.0100,45.2400,45.6100,49900.0000,14.4924
02/25/2008,45.0100,47.0000,45.0000,45.9700,31200.0000,14.6068
02/26/2008,46.9500,46.9500,45.0700,45.6200,80600.0000,14.4955
02/27/2008,45.3900,45.9900,45.3700,45.8100,51400.0000,14.5559
02/28/2008,45.9900,46.1100,45.4700,45.7800,35500.0000,14.5464
02/29/2008,45.9800,45.9800,44.8700,45.3300,72400.0000,14.4034
03/03/2008,44.9900,45.3200,44.7900,45.3100,66400.0000,14.4708
03/04/2008,44.9500,45.6700,43.5900,44.2500,117100.0000,14.1323
03/05/2008,44.0800,44.9000,41.9300,43.2800,84000.0000,13.8225
03/06/2008,43.2300,43.8100,42.7000,43.2000,104700.0000,13.7969
03/07/2008,43.8500,43.8500,42.6300,43.1700,49600.0000,13.7873
03/10/2008,43.0000,43.2600,41.5900,41.8200,65800.0000,13.3562
03/11/2008,42.4400,42.8300,41.5000,42.6300,105200.0000,13.6149
03/12/2008,42.7500,42.8400,42.4500,42.5500,204000.0000,13.5893
03/13/2008,42.2300,42.5100,41.7300,42.5100,29500.0000,13.5765
03/14/2008,43.8000,43.8000,41.7000,42.5900,48500.0000,13.6021
03/17/2008,41.0900,41.8900,40.0000,40.5000,59800.0000,12.9346
03/18/2008,40.0300,42.0000,40.0300,41.1000,81400.0000,13.1262
03/19/2008,40.9600,41.9400,40.9600,41.6700,56300.0000,13.3083
03/20/2008,42.3300,43.0000,41.6000,42.8800,121000.0000,13.6947
03/24/2008,43.5800,43.5900,42.5500,43.0400,60700.0000,13.7458
03/25/2008,42.0100,43.4000,42.0100,43.0100,55000.0000,13.7362
03/26/2008,43.2000,43.3300,42.7900,43.2000,115200.0000,13.7969
03/27/2008,43.4900,43.5200,42.9200,43.0100,55800.0000,13.7362
03/28/2008,42.6000,43.1000,42.6000,42.6900,22900.0000,13.6340
03/31/2008,42.1900,42.7100,42.1800,42.5300,21600.0000,13.5829
04/01/2008,42.3600,43.7000,42.3600,43.1000,63600.0000,13.8483
04/02/2008,42.6800,43.3000,42.6800,43.3000,40200.0000,13.9126
04/03/2008,43.2800,43.4200,42.9800,43.4200,77100.0000,13.9511
04/04/2008,43.3300,43.6500,43.3300,43.6200,42200.0000,14.0154
04/07/2008,43.5600,43.8600,43.4100,43.4900,61700.0000,13.9736
04/08/2008,43.6000,43.6100,43.3400,43.5400,49500.0000,13.9897
04/09/2008,43.7700,43.7800,43.4800,43.6300,39700.0000,14.0186
04/10/2008,43.6000,43.6000,43.3400,43.5700,44500.0000,13.9993
04/11/2008,43.3000,43.6800,43.2000,43.4900,48300.0000,13.9736
04/14/2008,43.4600,43.5100,43.0400,43.1000,36900.0000,13.8483
04/15/2008,43.7400,43.7400,43.0200,43.1300,83000.0000,13.8580
04/16/2008,43.3200,43.9300,43.2200,43.9200,45300.0000,14.1118
04/17/2008,43.7000,43.9100,43.5200,43.9100,56000.0000,14.1086
04/18/2008,44.0800,44.4400,44.0000,44.4200,79500.0000,14.2725
04/21/2008,44.4600,44.6500,44.2100,44.3100,63400.0000,14.2371
04/22/2008,44.2600,44.4700,44.1500,44.3200,76000.0000,14.2403
04/23/2008,44.4000,44.4000,44.0900,44.1400,64700.0000,14.1825
04/24/2008,44.2500,44.4700,44.0000,44.4200,85800.0000,14.2725
04/25/2008,44.5300,44.7200,44.2800,44.7200,79000.0000,14.3688
04/28/2008,44.7200,45.0600,44.7000,44.9000,71200.0000,14.4267
04/29/2008,45.0000,45.0000,44.7400,44.7600,129100.0000,14.3817
04/30/2008,44.9900,45.1500,44.8600,44.9500,74700.0000,14.4427
05/01/2008,44.7700,44.8200,44.4700,44.7200,82500.0000,14.4444
05/02/2008,46.1000,46.1000,44.5000,44.7600,83900.0000,14.4573
05/05/2008,44.9100,44.9100,44.4800,44.7800,100800.0000,14.4637
05/06/2008,44.7800,44.8300,44.3600,44.6500,163800.0000,14.4218
05/07/2008,44.7500,44.8800,44.4400,44.8200,79700.0000,14.4767
05/08/2008,44.5000,45.0700,44.4500,45.0600,79300.0000,14.5542
05/09/2008,45.0200,45.0200,44.5500,44.8600,141300.0000,14.4896
05/12/2008,44.6100,44.8400,44.0500,44.8000,68300.0000,14.4702
05/13/2008,44.9100,44.9500,44.6000,44.8200,81000.0000,14.4767
05/14/2008,45.0000,45.1000,44.6200,44.9700,144500.0000,14.5251
05/15/2008,45.1100,45.2300,44.8400,45.2100,82500.0000,14.6026
05/16/2008,45.3600,45.5600,44.9900,45.5600,181300.0000,14.7157
05/19/2008,45.6500,45.6500,45.0000,45.0800,136100.0000,14.5606
05/20/2008,44.7800,45.3800,44.7800,45.0800,122800.0000,14.5606
05/21/2008,45.0800,45.1600,44.5000,44.5800,66300.0000,14.3991
05/22/2008,45.0200,45.0200,44.1100,44.3200,154000.0000,14.3152
05/23/2008,44.4400,44.5000,43.9000,44.1700,82700.0000,14.2667
05/27/2008,44.2900,44.2900,43.8800,44.0800,68100.0000,14.2376
05/28/2008,44.2000,44.3300,44.0500,44.3300,63200.0000,14.3184
05/29/2008,44.4700,44.6000,44.1300,44.3100,100700.0000,14.3119
05/30/2008,44.5500,45.0400,44.3000,44.5500,64700.0000,14.3895
06/02/2008,44.4000,44.5000,43.7400,44.2200,71700.0000,14.3622
06/03/2008,44.2200,44.5400,43.5100,43.7600,54900.0000,14.2128
06/04/2008,43.6500,43.9200,43.0200,43.0200,54400.0000,13.9724
06/05/2008,43.4400,43.6000,43.0000,43.6000,63300.0000,14.1608
06/06/2008,43.6500,43.7400,43.2900,43.4500,68500.0000,14.1121
06/09/2008,43.6500,43.6500,42.9500,43.2000,71000.0000,14.0309
06/10/2008,43.2500,43.2500,42.4000,42.9800,109100.0000,13.9594
06/11/2008,43.0300,43.0300,41.5600,42.4400,101500.0000,13.7841
06/12/2008,42.3600,42.6600,42.1100,42.5000,61800.0000,13.8035
06/13/2008,42.5000,42.7200,42.2600,42.6900,39000.0000,13.8652
06/16/2008,43.3900,43.3900,42.4700,42.9700,69200.0000,13.9562
06/17/2008,42.9200,43.0000,42.6600,42.9200,68000.0000,13.9400
06/18/2008,43.1900,43.1900,42.3600,42.6500,80900.0000,13.8523
06/19/2008,42.9100,42.9100,42.1200,42.2400,106600.0000,13.7191
06/20/2008,42.1900,42.3000,41.6200,41.9400,237500.0000,13.6217
06/23/2008,41.6400,42.3400,40.8000,40.8200,96500.0000,13.2579
06/24/2008,40.8000,41.0400,40.2000,40.5400,139200.0000,13.1669
06/25/2008,40.8900,42.0000,40.4200,41.2100,121500.0000,13.3846
06/26/2008,41.4800,41.4900,40.2400,40.6300,115900.0000,13.1962
06/27/2008,40.9600,40.9600,39.8400,40.1300,134400.0000,13.0338
06/30/2008,40.1400,40.2700,39.5800,40.1100,82100.0000,13.0273
07/01/2008,39.4600,39.7700,38.2300,38.8800,167100.0000,12.6955
07/02/2008,39.0300,39.2100,38.4400,38.4500,123300.0000,12.5551
07/03/2008,38.7700,38.7700,37.7600,38.4900,28400.0000,12.5682
07/07/2008,38.7600,38.7600,37.8500,38.0900,87700.0000,12.4376
07/08/2008,38.2000,38.2000,37.3400,37.8200,94000.0000,12.3494
07/09/2008,37.9700,38.8800,37.7200,38.0800,152200.0000,12.4343
07/10/2008,38.2400,38.2500,37.0500,37.4000,103500.0000,12.2123
07/11/2008,37.0100,37.3900,35.3900,36.2000,180900.0000,11.8204
07/14/2008,36.0100,36.8000,33.5000,33.6200,303200.0000,10.9780
07/15/2008,33.3200,34.0400,29.9900,31.9000,301500.0000,10.4164
07/16/2008,32.0100,34.7500,32.0100,34.4000,194400.0000,11.2327
07/17/2008,35.3900,37.0000,34.6100,36.2000,153700.0000,11.8204
07/18/2008,36.9900,37.0500,34.4600,36.7000,105800.0000,11.9837
07/21/2008,37.1500,38.0900,36.9900,37.7200,177800.0000,12.3168
07/22/2008,37.9900,38.0000,37.0000,37.8300,154600.0000,12.3527
07/23/2008,39.0000,39.0000,37.7600,38.3400,88600.0000,12.5192
07/24/2008,38.7000,39.0000,37.8700,37.8700,141300.0000,12.3657
07/25/2008,38.9900,38.9900,37.0600,37.8500,110900.0000,12.3592
07/28/2008,37.9300,37.9300,36.9100,36.9300,56800.0000,12.0588
07/29/2008,36.9300,37.5400,36.8100,37.5400,104000.0000,12.2580
07/30/2008,38.0300,38.0400,37.4000,37.8800,80200.0000,12.3690
07/31/2008,38.3300,38.5000,37.6600,38.0500,79300.0000,12.4245
08/01/2008,38.3300,38.3300,37.2500,37.7200,69100.0000,12.3845
08/04/2008,37.7900,37.8900,37.0800,37.3200,69800.0000,12.2531
08/05/2008,37.6900,37.8100,36.9300,37.4700,105900.0000,12.3024
08/06/2008,38.2500,38.2500,37.3000,37.7400,85400.0000,12.3910
08/07/2008,37.7800,37.7800,37.3500,37.5500,64500.0000,12.3286
08/08/2008,37.7700,37.8200,37.4500,37.8100,72200.0000,12.4140
08/11/2008,38.8800,38.9900,37.4500,37.6700,85200.0000,12.3680
08/12/2008,37.5100,38.0000,37.0200,37.2500,250600.0000,12.2301
08/13/2008,36.9100,37.4600,36.7100,37.0700,76800.0000,12.1710
08/14/2008,37.1200,37.1200,36.2400,37.0900,95300.0000,12.1776
08/15/2008,38.6800,38.6800,36.8300,37.2100,127800.0000,12.2170
08/18/2008,37.8000,37.8000,36.5100,36.8400,118300.0000,12.0955
08/19/2008,36.7900,36.7900,36.0200,36.1900,113500.0000,11.8821
08/20/2008,36.5700,36.5700,36.0000,36.2100,90200.0000,11.8887
08/21/2008,36.5100,36.5100,35.7500,36.1800,99500.0000,11.8788
08/22/2008,36.5400,36.6100,36.0700,36.5100,134100.0000,11.9872
08/25/2008,36.4000,36.4000,36.0000,36.3400,88300.0000,11.9314
08/26/2008,36.3600,36.7300,36.1800,36.5400,135400.0000,11.9970
08/27/2008,36.3900,37.0800,36.3000,37.0800,75000.0000,12.1743
08/28/2008,36.9600,37.5800,36.9200,37.5500,92900.0000,12.3286
08/29/2008,37.5000,37.8900,37.4300,37.8900,151400.0000,12.4403
09/02/2008,37.9000,38.0000,37.5000,37.6500,88500.0000,12.4267
09/03/2008,37.8300,37.8300,37.4600,37.5500,83800.0000,12.3937
09/04/2008,37.8500,37.8500,37.2100,37.5700,85300.0000,12.4003
09/05/2008,37.6200,37.6200,37.0000,37.4400,193000.0000,12.3574
09/08/2008,37.5900,38.0000,36.2500,36.4400,157800.0000,12.0274
09/09/2008,36.6900,36.6900,34.2800,34.7200,215100.0000,11.4597
09/10/2008,34.6900,34.9700,33.5400,33.5600,239600.0000,11.0768
09/11/2008,33.2600,33.7000,32.3200,32.9300,168500.0000,10.8689
09/12/2008,32.6400,33.4200,32.6400,33.3800,164600.0000,11.0174
09/15/2008,32.2000,32.2000,29.8000,30.5500,370900.0000,10.0833
09/16/2008,29.6600,29.7900,27.8000,28.8600,405500.0000,9.5255
09/17/2008,28.3600,28.5000,24.9900,26.3800,679900.0000,8.7070
09/18/2008,27.1800,30.0900,26.0000,29.1200,611500.0000,9.6113
09/19/2008,32.5100,36.1300,31.2100,32.0500,483700.0000,10.5784
09/22/2008,32.0000,32.1000,30.3800,30.7000,177500.0000,10.1328
09/23/2008,30.7000,30.7300,29.1000,30.1700,272500.0000,9.9579
09/24/2008,31.0600,31.0600,29.8800,30.1400,220500.0000,9.9480
09/25/2008,30.3300,31.2000,30.0500,31.2000,238200.0000,10.2979
09/26/2008,29.5100,30.3600,29.0500,30.3600,315600.0000,10.0206
09/29/2008,30.3400,30.3400,25.5000,26.9000,569000.0000,8.8786
09/30/2008,27.3200,28.4000,26.5000,28.4000,531900.0000,9.3737
10/01/2008,27.9900,28.8400,27.3000,28.8000,296800.0000,9.5799
10/02/2008,28.7000,28.7000,27.5000,28.0000,334200.0000,9.3138
10/03/2008,28.6300,30.1800,28.2000,28.8000,470000.0000,9.5799
10/06/2008,28.7900,29.0500,25.9600,27.5000,607800.0000,9.1475
10/07/2008,27.5100,28.3100,24.3400,24.7000,547000.0000,8.2161
10/08/2008,24.9500,25.6000,23.1900,25.0800,780500.0000,8.3425
10/09/2008,25.7200,25.7800,21.7000,22.6000,702600.0000,7.5176
10/10/2008,21.6600,22.8800,19.0000,21.8000,932300.0000,7.2515
10/13/2008,23.5000,25.9900,23.4900,25.9900,1126200.0000,8.6452
10/14/2008,28.0500,29.6900,27.4000,28.2000,1650900.0000,9.3804
10/15/2008,28.0900,29.4000,27.0400,28.5000,717100.0000,9.4801
10/16/2008,29.1600,29.2700,26.2000,28.0700,800100.0000,9.3371
10/17/2008,28.8500,28.8600,27.2500,28.2000,860400.0000,9.3804
10/20/2008,28.9100,29.5000,28.1000,29.4400,1481700.0000,9.7928
10/21/2008,29.6400,29.8900,28.9900,29.6600,1145400.0000,9.8660
10/22/2008,29.8500,30.0000,28.5300,29.2900,1060300.0000,9.7429
10/23/2008,29.0000,29.0100,28.0000,28.5000,914200.0000,9.4801
10/24/2008,27.8000,28.7500,27.4300,28.7000,713900.0000,9.5467
10/27/2008,27.8400,28.8500,27.7500,27.9500,571000.0000,9.2972
10/28/2008,28.9000,28.9000,27.8600,28.2700,549000.0000,9.4036
10/29/2008,28.9200,29.0000,28.1000,28.3000,787700.0000,9.4136
10/30/2008,29.6300,29.6300,28.1600,29.3000,1240900.0000,9.7462
10/31/2008,29.4000,29.5000,28.9900,29.4000,856800.0000,9.7795
11/03/2008,29.6200,29.6300,29.0000,29.5300,758700.0000,9.8816
11/04/2008,29.7200,30.2500,29.5000,30.1000,938400.0000,10.0723
11/05/2008,29.9000,30.3700,28.7000,29.0900,1048300.0000,9.7343
11/06/2008,29.8600,29.8600,28.6900,29.4600,579500.0000,9.8581
11/07/2008,29.4500,29.8700,29.2200,29.6000,590300.0000,9.9050
11/10/2008,30.0000,30.1000,29.3000,29.3500,586000.0000,9.8213
11/11/2008,29.6500,29.6800,29.0500,29.6800,765300.0000,9.9318
11/12/2008,29.6800,29.6800,28.3300,28.5000,660400.0000,9.5369
11/13/2008,29.4500,29.4500,26.5200,28.1500,699800.0000,9.4198
11/14/2008,28.6500,28.6500,27.6500,28.2700,500700.0000,9.4599
11/17/2008,27.7100,28.5000,27.2800,27.9000,606400.0000,9.3361
11/18/2008,27.0200,27.7800,26.0000,26.4000,1061200.0000,8.8342
11/19/2008,26.2500,26.3700,22.8200,23.4400,1193100.0000,7.8437
11/20/2008,23.2600,23.9000,20.3700,21.0200,1459700.0000,7.0339
11/21/2008,21.9500,22.7800,19.9800,21.7100,1204200.0000,7.2648
11/24/2008,22.4000,24.8000,22.4000,24.5900,2325900.0000,8.2285
11/25/2008,25.3800,26.1000,24.7500,26.0600,1869600.0000,8.7204
11/26/2008,25.9800,26.8300,25.1600,26.6400,1150100.0000,8.9145
11/28/2008,26.8300,26.9700,26.5000,26.9400,513500.0000,9.0149
12/01/2008,26.9400,26.9500,25.3900,25.7700,526800.0000,8.6846
12/02/2008,26.2500,26.2500,25.8200,26.2100,685800.0000,8.8329
12/03/2008,25.9800,26.4000,25.6100,26.4000,631300.0000,8.8969
12/04/2008,26.4500,26.5200,25.8900,26.1600,810700.0000,8.8161
12/05/2008,26.7800,26.7800,25.6100,26.2900,853900.0000,8.8599
12/08/2008,26.4800,27.4200,26.4800,26.8100,731400.0000,9.0351
12/09/2008,26.6900,27.3900,26.4300,26.8200,629500.0000,9.0385
12/10/2008,27.1900,27.1900,26.4300,26.6900,771500.0000,8.9947
12/11/2008,26.9200,26.9200,26.4000,26.5200,600700.0000,8.9374
12/12/2008,25.8500,26.5000,25.7500,26.2200,709800.0000,8.8363
12/15/2008,25.9600,26.6800,25.9600,26.3100,475000.0000,8.8666
12/16/2008,26.9700,27.0000,26.0200,26.9700,1116800.0000,9.0890
12/17/2008,26.9400,27.7400,26.7600,27.6900,1327600.0000,9.3317
12/18/2008,27.7300,28.4600,27.0000,27.8300,1809800.0000,9.3788
12/19/2008,27.7000,28.2400,27.6800,27.9400,1034000.0000,9.4159
12/22/2008,28.0700,28.1000,27.4000,28.0500,617700.0000,9.4530
12/23/2008,27.9700,27.9900,27.6100,27.9700,1084300.0000,9.4260
12/24/2008,27.6100,28.0300,27.6000,27.8100,351200.0000,9.3721
12/26/2008,27.9700,28.1800,27.8800,28.1200,663100.0000,9.4766
12/29/2008,28.1900,28.2000,27.6000,27.9500,806100.0000,9.5638
12/30/2008,28.1900,28.6300,27.9900,28.6300,1181300.0000,9.7965
12/31/2008,28.6400,29.2100,28.5700,29.2100,1518800.0000,9.9950
01/02/2009,29.1000,30.3500,29.0200,30.3300,1952900.0000,10.3782
01/05/2009,30.5000,31.6800,30.3700,31.4400,3121600.0000,10.7580
01/06/2009,31.5000,32.5700,31.5000,32.2800,5798900.0000,11.0455
01/07/2009,32.1500,32.1500,30.7500,31.2600,1783000.0000,10.6964
01/08/2009,31.1200,31.1500,30.6100,31.0600,2644500.0000,10.6280
01/09/2009,31.1900,31.3400,30.8500,31.2400,1948100.0000,10.6896
01/12/2009,31.5000,31.5400,30.3400,30.8000,1091400.0000,10.5390
01/13/2009,30.7200,30.7200,29.9000,30.3700,1335900.0000,10.3919
01/14/2009,30.0100,30.1000,28.5800,29.2000,2330100.0000,9.9916
01/15/2009,28.7600,28.9000,26.5000,27.9900,3053900.0000,9.5775
01/16/2009,29.2500,29.2700,27.2500,27.7000,2688700.0000,9.4783
01/20/2009,27.1000,27.2000,24.5800,24.7000,2365600.0000,8.4518
01/21/2009,25.4700,25.5000,23.5700,25.2400,2580400.0000,8.6365
01/22/2009,24.8000,24.8300,23.3100,23.5200,2058500.0000,8.0480
01/23/2009,23.0700,23.7600,22.5500,23.7000,2204600.0000,8.1096
01/26/2009,23.8100,25.1500,23.5400,24.8500,2014800.0000,8.5031
01/27/2009,25.4500,25.4500,24.6500,25.0800,1758400.0000,8.5818
01/28/2009,27.2300,27.4400,26.4000,27.0400,2845000.0000,9.2525
01/29/2009,26.7900,26.8000,25.8000,26.1400,970900.0000,8.9445
01/30/2009,26.2200,26.7900,25.5300,25.8000,700200.0000,8.8282
02/02/2009,25.1700,25.6800,24.6400,24.8900,757600.0000,8.5763
02/03/2009,25.0400,25.2400,23.9600,24.0900,863100.0000,8.3006
02/04/2009,24.1700,24.4300,22.7700,23.0000,1449900.0000,7.9250
02/05/2009,22.9000,23.7900,22.1100,23.6800,1642900.0000,8.1594
02/06/2009,23.7800,24.7900,23.7800,24.2000,2031900.0000,8.3385
02/09/2009,24.6000,25.1000,24.3300,25.0200,1481100.0000,8.6211
02/10/2009,25.0100,25.1100,23.6600,24.4200,910000.0000,8.4143
02/11/2009,24.3600,24.5900,24.1600,24.3200,1310000.0000,8.3799
02/12/2009,23.6200,24.1000,23.4000,23.8800,914700.0000,8.2283
02/13/2009,24.0000,24.0500,23.2500,23.5000,623800.0000,8.0973
02/17/2009,22.8200,23.1200,21.3800,21.5900,1989700.0000,7.4392
02/18/2009,21.7800,21.9800,19.4000,19.8000,3307500.0000,6.8224
02/19/2009,20.1300,20.2800,17.5100,17.6100,2154400.0000,6.0678
02/20/2009,16.6800,18.3200,15.2500,18.3000,4265700.0000,6.3056
02/23/2009,18.8400,18.8500,17.0200,17.6000,1663800.0000,6.0644
02/24/2009,17.5800,19.4500,16.3400,19.2400,2300000.0000,6.6295
02/25/2009,19.1800,20.1100,18.0000,19.7500,1780100.0000,6.8052
02/26/2009,20.7500,21.4600,20.1600,20.4800,1879100.0000,7.0567
02/27/2009,19.1000,20.3900,18.0100,19.1100,2461700.0000,6.5847
03/02/2009,18.1000,18.9300,16.5700,16.7400,2261200.0000,5.8346
03/03/2009,17.0800,17.0900,16.0100,16.5600,1406200.0000,5.7719
03/04/2009,17.1700,17.7500,16.7500,17.3800,2008400.0000,6.0577
03/05/2009,16.9900,17.0900,15.3500,15.5700,1507700.0000,5.4268
03/06/2009,15.8900,15.8900,14.1000,15.0500,2413600.0000,5.2456
03/09/2009,14.8900,15.4800,14.4000,15.2300,1369400.0000,5.3083
03/10/2009,15.9900,17.8000,15.7600,17.7300,2226300.0000,6.1797
03/11/2009,18.3400,18.8100,18.1100,18.3500,2813800.0000,6.3958
03/12/2009,18.5500,19.9900,18.3600,19.7000,1971700.0000,6.8663
03/13/2009,20.0900,20.7600,19.8800,20.7000,1874600.0000,7.2148
03/16/2009,21.0800,22.0000,21.0500,21.3900,1722500.0000,7.4553
03/17/2009,21.4100,21.7600,21.1200,21.7600,1114400.0000,7.5843
03/18/2009,21.5700,22.5900,21.4100,22.2800,2237700.0000,7.7655
03/19/2009,22.6700,23.0000,22.4300,22.7000,1379500.0000,7.9119
03/20/2009,22.9100,22.9400,21.7000,21.9600,893600.0000,7.6540
03/23/2009,22.6400,23.6000,22.6000,23.6000,1389400.0000,8.2256
03/24/2009,23.3900,23.9000,23.0100,23.9000,960300.0000,8.3302
03/25/2009,24.1700,24.8100,22.6000,22.7900,1919500.0000,7.9433
03/26/2009,23.2800,23.2800,22.3000,22.8900,1452200.0000,7.9782
03/27/2009,22.2200,23.0900,21.9300,23.0400,646200.0000,8.0304
03/30/2009,22.3300,22.3500,21.5500,21.8100,752200.0000,7.6017
03/31/2009,22.3400,22.9400,22.1600,22.7900,1027900.0000,7.9433
04/01/2009,22.1500,22.9800,22.1500,22.9200,1122600.0000,8.0772
04/02/2009,23.8200,24.3400,23.5100,23.7000,1580800.0000,8.3521
04/03/2009,23.8700,23.9400,23.3100,23.7000,735800.0000,8.3521
04/06/2009,23.5300,23.7500,23.1100,23.7500,485000.0000,8.3697
04/07/2009,23.2300,23.6800,23.0100,23.6400,836800.0000,8.3310
04/08/2009,23.9400,24.0000,23.4600,23.6500,584600.0000,8.3345
04/09/2009,24.8600,25.0500,24.4100,25.0500,1289200.0000,8.8278
04/13/2009,24.9400,25.6000,24.5000,25.6000,873500.0000,9.0217
04/14/2009,25.5900,25.8600,25.4700,25.6300,1067500.0000,9.0322
04/15/2009,25.4100,25.7400,25.2500,25.7300,681800.0000,9.0675
04/16/2009,26.2200,26.3200,25.7700,26.3200,879700.0000,9.2754
04/17/2009,26.4800,26.5300,26.0700,26.5000,804400.0000,9.3388
04/20/2009,25.9500,26.0600,24.2500,24.4400,1815100.0000,8.6129
04/21/2009,23.9200,24.7700,22.7900,24.6800,737400.0000,8.6974
04/22/2009,24.5100,25.2500,24.2800,24.7300,1049300.0000,8.7151
04/23/2009,24.7300,25.4900,24.7300,25.4200,598300.0000,8.9582
04/24/2009,25.8000,26.1300,25.5500,25.9000,742300.0000,9.1274
04/27/2009,25.8900,25.9600,25.0000,25.8700,716200.0000,9.1168
04/28/2009,25.5900,25.8500,25.2600,25.7000,620600.0000,9.0569
04/29/2009,26.0900,26.5900,25.9400,26.3500,878600.0000,9.2860
04/30/2009,26.9900,27.1200,26.5800,26.7000,935900.0000,9.4093
05/01/2009,26.6000,26.7500,26.3400,26.3900,632400.0000,9.3969
05/04/2009,26.6000,27.5000,26.5100,27.5000,1042200.0000,9.7921
05/05/2009,27.3800,27.5200,26.9500,27.5100,695100.0000,9.7957
05/06/2009,28.2800,28.5600,27.7500,28.5000,1309700.0000,10.1482
05/07/2009,29.0000,29.4300,28.1500,28.2100,1370500.0000,10.0449
05/08/2009,28.5000,29.7700,28.5000,29.5900,1350200.0000,10.5363
05/11/2009,29.1500,29.7200,29.0000,29.7000,973200.0000,10.5755
05/12/2009,29.9200,29.9600,29.0100,29.3900,650600.0000,10.4651
05/13/2009,28.9300,29.2900,27.8400,28.2200,1366200.0000,10.0485
05/14/2009,28.9900,28.9900,27.8300,28.7300,733600.0000,10.2301
05/15/2009,28.7800,28.9900,28.7000,28.7700,788100.0000,10.2443
05/18/2009,28.9800,29.7900,28.9500,29.7500,972400.0000,10.5933
05/19/2009,29.7300,30.3800,29.6900,30.2600,1427100.0000,10.7749
05/20/2009,31.0000,31.0400,30.4200,30.5900,945600.0000,10.8924
05/21/2009,30.4400,30.7300,30.1400,30.6000,795100.0000,10.8959
05/22/2009,30.5700,30.6300,30.1600,30.1700,663400.0000,10.7428
05/26/2009,30.1900,30.8400,30.1900,30.7700,746100.0000,10.9565
05/27/2009,30.7900,30.9800,30.1800,30.6300,1036300.0000,10.9066
05/28/2009,30.6900,31.1500,30.6400,31.1500,804400.0000,11.0918
05/29/2009,31.2300,31.4800,31.0500,31.4800,802700.0000,11.2093
06/01/2009,31.9600,32.3900,31.6100,31.7500,1280000.0000,11.4043
06/02/2009,31.9600,32.0600,31.6500,32.0300,1009500.0000,11.5049
06/03/2009,31.9800,31.9800,31.5500,31.8500,735200.0000,11.4403
06/04/2009,31.7900,32.3500,31.5000,32.1800,708200.0000,11.5588
06/05/2009,32.6300,32.7000,32.1800,32.4300,892400.0000,11.6486
06/08/2009,32.5500,32.6800,32.1200,32.5200,826700.0000,11.6809
06/09/2009,32.5500,32.8000,32.4700,32.7700,694300.0000,11.7707
06/10/2009,32.8300,33.2500,32.8300,33.2500,1300100.0000,11.9431
06/11/2009,33.4000,33.4300,33.0500,33.3500,823300.0000,11.9790
06/12/2009,33.5600,33.5600,33.1500,33.2900,431400.0000,11.9575
06/15/2009,33.0900,33.3500,32.6000,32.9200,760500.0000,11.8246
06/16/2009,32.9400,32.9800,32.1400,32.2800,624500.0000,11.5947
06/17/2009,32.2000,32.2500,30.7100,31.3500,1547500.0000,11.2607
06/18/2009,31.2000,31.5700,31.0200,31.5700,681600.0000,11.3397
06/19/2009,31.8300,31.9900,31.5100,31.9900,655300.0000,11.4905
06/22/2009,31.9900,32.0000,30.9900,31.0000,836900.0000,11.1349
06/23/2009,30.9800,31.2800,30.6800,31.0300,882300.0000,11.1457
06/24/2009,31.3900,31.6400,31.2300,31.5200,905500.0000,11.3217
06/25/2009,31.4900,31.8000,31.3200,31.8000,600700.0000,11.4223
06/26/2009,31.8900,31.9500,31.6500,31.9100,489100.0000,11.4618
06/29/2009,31.9800,32.1100,31.7500,32.1000,732800.0000,11.5300
06/30/2009,32.1200,32.3000,31.9100,32.1400,563900.0000,11.5444
07/01/2009,31.9100,32.3000,31.8000,32.2000,783100.0000,11.6801
07/02/2009,31.7900,32.0200,31.5900,31.8100,474500.0000,11.5386
07/06/2009,31.5100,31.7900,31.3200,31.6100,531800.0000,11.4661
07/07/2009,31.5900,31.7500,31.3000,31.3000,591900.0000,11.3536
07/08/2009,31.5600,31.6500,30.8500,31.1300,634100.0000,11.2919
07/09/2009,31.6900,31.6900,31.0700,31.5600,457400.0000,11.4479
07/10/2009,31.4000,31.7100,31.3600,31.7000,418400.0000,11.4987
07/13/2009,31.8600,32.0800,31.5600,32.0800,804300.0000,11.6365
07/14/2009,32.1300,32.4800,32.0500,32.4700,907700.0000,11.7780
07/15/2009,32.7400,33.2200,32.6000,33.1500,1510000.0000,12.0247
07/16/2009,33.1800,33.2900,32.7900,33.2900,779200.0000,12.0755
07/17/2009,33.3900,33.4200,33.1400,33.3500,503900.0000,12.0972
07/20/2009,33.6000,33.6000,33.1500,33.4700,759800.0000,12.1407
07/21/2009,33.6900,33.6900,33.3500,33.6300,805400.0000,12.1988
07/22/2009,33.4500,33.6300,33.2600,33.4800,1000200.0000,12.1444
07/23/2009,33.5400,33.8300,33.4500,33.7600,892800.0000,12.2459
07/24/2009,33.5000,33.8900,33.5000,33.8900,446200.0000,12.2931
07/27/2009,33.9900,34.2900,33.7800,34.2900,673700.0000,12.4382
07/28/2009,34.1800,34.4700,34.0600,34.4700,617100.0000,12.5035
07/29/2009,34.4500,34.6100,34.3200,34.5800,740800.0000,12.5434
07/30/2009,34.6900,35.2000,34.6700,35.0500,1996100.0000,12.7139
07/31/2009,35.0500,35.6400,35.0200,35.6000,935500.0000,12.9134
08/03/2009,36.1000,36.1300,35.6500,36.0800,1508900.0000,13.1737
08/04/2009,36.0400,36.2100,35.8600,36.0500,982100.0000,13.1627
08/05/2009,36.1100,36.3600,35.7700,36.0100,2058500.0000,13.1482
08/06/2009,36.3500,36.6300,36.0000,36.0400,1111800.0000,13.1591
08/07/2009,36.3300,36.4700,36.0000,36.1200,1049600.0000,13.1883
08/10/2009,36.1000,36.1000,35.8500,35.9500,873200.0000,13.1262
08/11/2009,35.9000,35.9400,35.3000,35.5900,913500.0000,12.9948
08/12/2009,35.5000,35.9000,35.4900,35.8200,1132800.0000,13.0788
08/13/2009,36.1200,36.1500,35.8600,36.1500,695100.0000,13.1993
08/14/2009,36.2200,36.2200,35.9200,36.1500,479600.0000,13.1993
08/17/2009,35.6100,35.6100,35.1200,35.1600,844600.0000,12.8378
08/18/2009,35.2000,35.5500,35.0600,35.5200,1310900.0000,12.9692
08/19/2009,35.2500,35.6000,35.0300,35.5700,522200.0000,12.9875
08/20/2009,35.6300,35.7700,34.6600,34.9000,1330200.0000,12.7429
08/21/2009,35.0100,35.4600,35.0100,35.3500,1655200.0000,12.9072
08/24/2009,35.6000,35.7800,35.1600,35.3400,1006900.0000,12.9035
08/25/2009,35.5300,35.6000,35.3300,35.4600,1001700.0000,12.9473
08/26/2009,35.3500,35.5100,35.2800,35.5000,841800.0000,12.9619
08/27/2009,35.4100,35.4800,34.6100,35.1000,809800.0000,12.8159
08/28/2009,35.1800,35.2100,34.9600,35.1600,574100.0000,12.8378
08/31/2009,34.9900,35.0200,34.6200,34.7000,740900.0000,12.6698
09/01/2009,34.4800,34.5700,33.3900,33.6200,2897300.0000,12.3520
09/02/2009,33.5000,33.7400,33.3700,33.5700,768000.0000,12.3337
09/03/2009,33.6800,34.1200,33.6500,34.0900,540900.0000,12.5247
09/04/2009,34.1800,34.3900,34.0200,34.3600,414000.0000,12.6239
09/08/2009,34.4200,34.6500,34.3700,34.6000,538400.0000,12.7121
09/09/2009,34.6900,34.9500,34.5200,34.9500,589200.0000,12.8407
09/10/2009,34.9300,35.3000,34.7700,35.3000,490700.0000,12.9693
09/11/2009,35.3900,35.4700,35.2300,35.4400,447100.0000,13.0207
09/14/2009,35.2600,35.7100,35.1400,35.6500,600200.0000,13.0979
09/15/2009,35.7700,36.0000,35.6700,35.9600,650500.0000,13.2118
09/16/2009,36.0100,36.3000,35.9600,36.2700,718600.0000,13.3257
09/17/2009,36.2800,36.3500,36.0400,36.1100,722700.0000,13.2669
09/18/2009,36.1300,36.1500,35.9100,35.9800,761600.0000,13.2191
09/21/2009,35.7600,36.0000,35.6800,35.9100,566300.0000,13.1934
09/22/2009,36.1100,36.2500,35.8500,36.0800,778300.0000,13.2558
09/23/2009,36.0600,36.3900,36.0600,36.1800,563800.0000,13.2926
09/24/2009,36.2500,36.2500,35.8400,35.9500,758600.0000,13.2081
09/25/2009,35.9000,37.7300,35.8600,36.6000,1656500.0000,13.4469
09/28/2009,36.2500,36.5400,36.1200,36.4200,2114700.0000,13.3808
09/29/2009,36.5100,36.6100,36.1600,36.2200,576200.0000,13.3073
09/30/2009,36.2200,36.3500,35.9700,36.2700,2291100.0000,13.3257
10/01/2009,36.0000,36.0700,35.5600,35.7000,1831400.0000,13.1919
10/02/2009,35.3300,35.6300,35.0300,35.4700,808600.0000,13.1069
10/05/2009,35.6900,35.7700,35.4600,35.7400,1080400.0000,13.2067
10/06/2009,36.0100,36.0400,35.7200,35.8000,995400.0000,13.2288
10/07/2009,35.8300,35.9900,35.6200,35.8300,668500.0000,13.2399
10/08/2009,36.0600,36.0600,35.8100,35.8600,1466900.0000,13.2510
10/09/2009,35.9000,35.9400,35.7500,35.7900,429600.0000,13.2251
10/12/2009,35.9100,35.9100,35.7500,35.8800,1010000.0000,13.2584
10/13/2009,35.7700,35.9100,35.7100,35.8800,729700.0000,13.2584
10/14/2009,36.0800,36.0800,35.9200,35.9900,1242100.0000,13.2990
10/15/2009,35.8800,36.0900,35.7500,35.8600,1029800.0000,13.2510
10/16/2009,35.7600,35.8700,35.7000,35.7800,1045900.0000,13.2214
10/19/2009,35.9000,35.9200,35.8000,35.8800,731200.0000,13.2584
10/20/2009,35.9000,36.0000,35.7700,35.8500,768300.0000,13.2473
10/21/2009,35.8400,35.9000,35.7200,35.7600,1153800.0000,13.2141
10/22/2009,35.8300,35.8800,35.7000,35.7600,764600.0000,13.2141
10/23/2009,35.8900,35.9700,35.6400,35.6700,618100.0000,13.1808
10/26/2009,35.6100,35.8600,35.5500,35.6100,1095600.0000,13.1586
10/27/2009,35.5900,35.7500,35.4000,35.4600,764200.0000,13.1032
10/28/2009,35.4000,35.4500,34.4500,34.6300,1502700.0000,12.7965
10/29/2009,34.9300,35.2700,34.7100,34.8700,642000.0000,12.8852
10/30/2009,34.8800,34.9800,34.6300,34.8100,550500.0000,12.8630
11/02/2009,34.6300,34.7700,33.8000,34.1100,1777000.0000,12.6863
11/03/2009,33.8000,33.8600,33.0100,33.6500,2349200.0000,12.5153
11/04/2009,33.9000,34.1000,33.6300,33.6600,1904600.0000,12.5190
11/05/2009,33.8600,34.0600,33.8300,34.0000,1111600.0000,12.6454
11/06/2009,33.9000,34.4000,33.8800,34.2900,1166100.0000,12.7533
11/09/2009,34.5200,34.8000,34.4200,34.8000,1503900.0000,12.9430
11/10/2009,34.7900,34.8500,34.6300,34.6900,724000.0000,12.9021
11/11/2009,34.9200,34.9400,34.7800,34.9100,846100.0000,12.9839
11/12/2009,34.9000,35.0500,34.7800,34.8700,654600.0000,12.9690
11/13/2009,35.0000,35.0900,34.9000,34.9900,515000.0000,13.0136
11/16/2009,35.4100,35.4100,35.0300,35.0800,619700.0000,13.0471
11/17/2009,34.9900,35.2100,34.9900,35.1500,731800.0000,13.0731
11/18/2009,35.2100,35.2400,35.1000,35.1800,644500.0000,13.0843
11/19/2009,35.1400,35.1800,34.9700,35.1500,611200.0000,13.0731
11/20/2009,34.9800,35.1400,34.9800,35.1400,343200.0000,13.0694
11/23/2009,35.3000,35.3900,35.1400,35.1800,496600.0000,13.0843
11/24/2009,35.1500,35.2600,35.0900,35.2200,683600.0000,13.0992
11/25/2009,35.3000,35.3900,35.2200,35.3700,420500.0000,13.1550
11/27/2009,35.0600,35.1100,34.9000,34.9500,276300.0000,12.9988
11/30/2009,35.0000,35.1300,34.9700,35.1000,682900.0000,13.0545
12/01/2009,35.0600,35.1700,34.8800,34.9600,780000.0000,13.1025
12/02/2009,34.9400,35.1200,34.9300,35.1100,546600.0000,13.1587
12/03/2009,35.2200,35.4200,35.1400,35.3500,605100.0000,13.2487
12/04/2009,35.5200,35.6100,35.4000,35.5300,736800.0000,13.3161
12/07/2009,35.6300,35.8400,35.4200,35.7500,757000.0000,13.3986
12/08/2009,35.7200,35.8800,35.6000,35.8000,859000.0000,13.4173
12/09/2009,35.8600,35.9000,35.8000,35.8800,753500.0000,13.4473
12/10/2009,35.9500,36.0300,35.9000,36.0300,1112300.0000,13.5035
12/11/2009,36.0600,36.1700,35.9900,36.1300,854800.0000,13.5410
12/14/2009,36.1900,36.2700,36.0600,36.0800,542600.0000,13.5223
12/15/2009,36.0800,36.2100,36.0500,36.1800,1108900.0000,13.5598
12/16/2009,36.2000,36.3300,36.2000,36.2600,793000.0000,13.5897
12/17/2009,36.2000,36.3200,36.1000,36.3000,620600.0000,13.6047
12/18/2009,36.3600,36.4800,36.3000,36.4800,728100.0000,13.6722
12/21/2009,36.5000,36.6700,36.5000,36.6600,875300.0000,13.7396
12/22/2009,36.7700,36.7800,36.5100,36.6200,760700.0000,13.7247
12/23/2009,36.7100,36.7900,36.6100,36.7600,873200.0000,13.7771
12/24/2009,36.8100,36.8900,36.7700,36.8500,410400.0000,13.8109
12/28/2009,36.9000,36.9700,36.8900,36.9000,884000.0000,13.8296
12/29/2009,36.7000,36.8400,36.6600,36.7100,720100.0000,13.8447
12/30/2009,36.6600,36.7800,36.6100,36.7600,605400.0000,13.8635
12/31/2009,36.8000,36.9300,36.7000,36.7000,531000.0000,13.8409
01/04/2010,36.8400,36.9400,36.8100,36.9000,1308000.0000,13.9163
01/05/2010,36.9600,37.1000,36.9200,37.0800,976700.0000,13.9842
01/06/2010,37.1000,37.3600,37.1000,37.3000,1406200.0000,14.0672
01/07/2010,37.3900,37.5000,37.3400,37.4100,959600.0000,14.1087
01/08/2010,37.4300,37.4800,37.3400,37.4000,629000.0000,14.1049
01/11/2010,37.4600,37.6200,37.4600,37.6100,783400.0000,14.1841
01/12/2010,37.6000,37.6300,37.5300,37.6300,748500.0000,14.1917
01/13/2010,37.6900,37.8700,37.6000,37.8700,1054600.0000,14.2822
01/14/2010,37.8600,38.0400,37.7900,38.0300,1429600.0000,14.3425
01/15/2010,37.9900,38.1300,37.9200,38.0200,929100.0000,14.3387
01/19/2010,38.0500,38.0500,37.9300,37.9900,798800.0000,14.3274
01/20/2010,37.9900,37.9900,37.8500,37.9200,657400.0000,14.3010
01/21/2010,37.9200,37.9700,37.6300,37.7100,868700.0000,14.2218
01/22/2010,37.6700,37.6700,37.2200,37.3300,1027600.0000,14.0785
01/25/2010,37.4400,37.5200,37.2300,37.3400,1087300.0000,14.0823
01/26/2010,37.3200,37.5000,37.2600,37.3700,867800.0000,14.0936
01/27/2010,37.4200,37.4200,37.2800,37.3700,596500.0000,14.0936
01/28/2010,37.4200,37.4500,37.1500,37.1800,1456500.0000,14.0219
01/29/2010,37.3900,37.3900,37.0300,37.0600,1426100.0000,13.9767
02/01/2010,37.0000,37.2000,36.9200,37.2000,785300.0000,14.1018
02/02/2010,37.2100,37.4800,37.1500,37.4700,1145200.0000,14.2041
02/03/2010,37.4900,37.5000,37.3800,37.4500,681900.0000,14.1965
02/04/2010,37.3400,37.3900,37.0100,37.0400,1042300.0000,14.0411
02/05/2010,37.0500,37.0500,36.6000,36.8700,1014400.0000,13.9767
02/08/2010,36.9100,36.9200,36.7100,36.8200,563700.0000,13.9577
02/09/2010,36.9300,36.9800,36.7700,36.9800,661500.0000,14.0184
02/10/2010,37.0100,37.1200,36.9200,37.1200,762500.0000,14.0715
02/11/2010,37.0800,37.2400,37.0200,37.2400,800300.0000,14.1169
02/12/2010,37.0600,37.2500,37.0600,37.2000,851300.0000,14.1018
02/16/2010,37.4200,37.5200,37.2700,37.4500,995700.0000,14.1965
02/17/2010,37.5900,37.7200,37.5000,37.7200,990800.0000,14.2989
02/18/2010,37.7100,37.8500,37.6600,37.7900,830600.0000,14.3254
02/19/2010,37.7700,37.9100,37.7300,37.8700,1096900.0000,14.3558
02/22/2010,37.9400,37.9800,37.8800,37.8900,892000.0000,14.3634
02/23/2010,37.8700,37.9500,37.8300,37.9200,760200.0000,14.3747
02/24/2010,37.9600,38.0300,37.9200,38.0100,871000.0000,14.4088
02/25/2010,37.9700,38.1300,37.9000,38.1300,906800.0000,14.4543
02/26/2010,38.1200,38.2600,38.1000,38.2300,1121400.0000,14.4922
03/01/2010,38.1200,38.1900,38.0800,38.1800,1464900.0000,14.5456
03/02/2010,38.2400,38.4600,38.2100,38.4500,2646800.0000,14.6484
03/03/2010,38.5000,38.5100,38.3200,38.3800,884000.0000,14.6218
03/04/2010,38.4200,38.5100,38.3200,38.5100,1712400.0000,14.6713
03/05/2010,38.6500,38.6800,38.5500,38.6500,1153100.0000,14.7246
03/08/2010,38.6800,38.7000,38.6200,38.6200,855100.0000,14.7132
03/09/2010,38.5900,38.7300,38.5800,38.7000,757100.0000,14.7437
03/10/2010,38.7900,38.8300,38.7100,38.7900,745700.0000,14.7780
03/11/2010,38.8100,38.8900,38.7700,38.8500,871200.0000,14.8008
03/12/2010,38.9400,39.0800,38.9200,39.0800,1136000.0000,14.8885
03/15/2010,39.0700,39.1700,39.0000,39.0300,748700.0000,14.8694
03/16/2010,39.1100,39.1800,39.0500,39.1800,1185300.0000,14.9266
03/17/2010,39.2100,39.4000,39.2000,39.3800,1093900.0000,15.0027
03/18/2010,39.2600,39.4400,39.2500,39.2800,690800.0000,14.9646
03/19/2010,39.1900,39.3900,39.1500,39.1900,784200.0000,14.9303
03/22/2010,39.0800,39.2500,38.9600,39.2500,934200.0000,14.9532
03/23/2010,39.2800,39.3200,39.2000,39.3000,828600.0000,14.9723
03/24/2010,39.2500,39.2800,39.1700,39.2100,819100.0000,14.9380
03/25/2010,39.3100,39.3800,39.0000,39.0100,779800.0000,14.8618
03/26/2010,39.2000,39.2000,38.8700,39.0000,696700.0000,14.8580
03/29/2010,39.0200,39.0900,38.9100,39.0200,951900.0000,14.8656
03/30/2010,39.0200,39.0200,38.8500,38.9000,1571800.0000,14.8199
03/31/2010,38.8600,38.8900,38.6700,38.7200,879800.0000,14.7513
04/01/2010,38.6700,38.7100,38.5100,38.6100,1211100.0000,14.7892
04/05/2010,38.5200,38.6800,38.4500,38.5400,1321900.0000,14.7624
04/06/2010,38.5500,38.5900,38.4800,38.5300,798700.0000,14.7586
04/07/2010,38.5500,38.5600,38.3700,38.5200,2044900.0000,14.7548
04/08/2010,38.4900,38.5500,38.3400,38.5500,762700.0000,14.7662
04/09/2010,38.5500,38.6000,38.5000,38.5500,609900.0000,14.7662
04/12/2010,38.6200,38.7100,38.5800,38.6300,797900.0000,14.7969
04/13/2010,38.6300,38.7300,38.6300,38.7300,577500.0000,14.8352
04/14/2010,38.8000,38.8900,38.7600,38.8200,1257200.0000,14.8697
04/15/2010,38.9000,38.9000,38.8100,38.8900,1097500.0000,14.8965
04/16/2010,38.8900,38.8900,38.5000,38.6100,1123500.0000,14.7892
04/19/2010,38.4900,38.5300,38.3600,38.5200,858800.0000,14.7548
04/20/2010,38.7500,38.7500,38.5400,38.7100,674500.0000,14.8275
04/21/2010,38.7500,38.8500,38.7100,38.8300,739400.0000,14.8735
04/22/2010,38.7700,38.9300,38.6800,38.9300,255700.0000,14.9118
04/23/2010,38.9700,38.9700,38.8100,38.9000,608000.0000,14.9003
04/26/2010,38.8800,38.9200,38.7800,38.8100,872500.0000,14.8658
04/27/2010,38.7000,38.7100,38.5400,38.5400,1108400.0000,14.7624
04/28/2010,38.6700,38.6800,38.4600,38.5200,836000.0000,14.7548
04/29/2010,38.6700,38.6900,38.5100,38.6600,575900.0000,14.8084
04/30/2010,38.6500,38.7200,38.5300,38.5300,1046700.0000,14.7586
05/03/2010,38.4200,38.5000,38.2800,38.4100,620200.0000,14.8079
05/04/2010,38.2400,38.3000,38.0100,38.0700,800000.0000,14.6768
05/05/2010,37.9400,37.9600,36.5200,37.3400,3565900.0000,14.3954
05/06/2010,37.1400,37.1900,33.3300,34.9800,7026800.0000,13.4856
05/07/2010,35.1800,35.9600,34.5900,35.9500,2880500.0000,13.8595
05/10/2010,37.3600,37.4800,36.8700,36.8900,1648700.0000,14.2219
05/11/2010,36.6800,37.1400,36.6200,37.0700,926600.0000,14.2913
05/12/2010,37.0500,37.4200,37.0100,37.2300,1339400.0000,14.3530
05/13/2010,37.2900,37.4900,37.2500,37.3400,662500.0000,14.3954
05/14/2010,37.2500,37.2500,36.5800,36.9100,935600.0000,14.2296
05/17/2010,36.9100,37.0600,35.9900,36.5700,1268000.0000,14.0986
05/18/2010,36.7200,36.8300,36.2000,36.3000,1371300.0000,13.9945
05/19/2010,36.1800,36.1800,35.0500,35.9000,2352500.0000,13.8403
05/20/2010,35.5400,35.6200,34.3700,35.0100,2699900.0000,13.4971
05/21/2010,34.6800,35.7100,34.2500,35.5100,1574400.0000,13.6899
05/24/2010,35.5900,36.1700,35.5500,35.9400,1279100.0000,13.8557
05/25/2010,35.2200,35.7300,34.7300,35.7200,1449000.0000,13.7709
05/26/2010,35.9900,36.3300,35.7900,36.0600,1029600.0000,13.9020
05/27/2010,36.5700,36.6800,36.3800,36.6400,770700.0000,14.1255
05/28/2010,36.7700,36.7700,36.5500,36.6200,665000.0000,14.1178
06/01/2010,36.2500,36.4700,36.2000,36.3800,658100.0000,14.1194
06/02/2010,36.3300,36.7400,36.3300,36.7200,696500.0000,14.2514
06/03/2010,36.8000,36.8800,36.7300,36.7700,784300.0000,14.2708
06/04/2010,36.3400,36.6100,36.2100,36.3400,711600.0000,14.1039
06/07/2010,36.4200,36.4700,36.2000,36.3400,692000.0000,14.1039
06/08/2010,36.4800,36.4800,36.2000,36.3000,687600.0000,14.0883
06/09/2010,36.3800,36.6400,36.3000,36.3900,714700.0000,14.1233
06/10/2010,36.6100,36.6400,36.4500,36.6400,652300.0000,14.2203
06/11/2010,36.6000,36.9500,36.5000,36.9500,578400.0000,14.3406
06/14/2010,37.0300,37.1300,36.9500,36.9800,732500.0000,14.3523
06/15/2010,37.1400,37.3100,37.0000,37.2900,948500.0000,14.4726
06/16/2010,37.2000,37.2700,37.1000,37.1200,697600.0000,14.4066
06/17/2010,37.2000,37.2000,36.9700,37.1500,637000.0000,14.4182
06/18/2010,37.1700,37.3100,37.1000,37.2100,972600.0000,14.4415
06/21/2010,37.3600,37.4200,37.0200,37.0900,732900.0000,14.3949
06/22/2010,37.1200,37.1300,37.0000,37.0400,749700.0000,14.3755
06/23/2010,37.0500,37.0500,36.8900,37.0000,554100.0000,14.3600
06/24/2010,37.0100,37.0400,36.8600,37.0200,845600.0000,14.3678
06/25/2010,37.1100,37.2700,37.0300,37.1800,868200.0000,14.4299
06/28/2010,37.1700,37.3200,37.1200,37.2800,980100.0000,14.4687
06/29/2010,37.0700,37.1600,36.8100,36.8300,966500.0000,14.2940
06/30/2010,36.7600,37.1400,36.7600,37.0600,751800.0000,14.3833
07/01/2010,36.9200,36.9200,36.3500,36.8600,1125700.0000,14.4021
07/02/2010,36.9900,37.0200,36.7600,36.9600,459900.0000,14.4411
07/06/2010,37.1000,37.2200,36.9700,37.0200,522800.0000,14.4646
07/07/2010,37.0800,37.2800,37.0000,37.2800,1046500.0000,14.5662
07/08/2010,37.3500,37.6100,37.3300,37.6100,666400.0000,14.6951
07/09/2010,37.6800,37.7700,37.4600,37.7100,819400.0000,14.7342
07/12/2010,37.7900,37.8300,37.6100,37.6800,656700.0000,14.7225
07/13/2010,37.8100,38.0800,37.8000,37.9800,1013000.0000,14.8397
07/14/2010,38.0000,38.1500,37.8900,38.1100,896900.0000,14.8905
07/15/2010,38.1200,38.2200,37.9800,38.1600,676500.0000,14.9100
07/16/2010,38.2100,38.2100,37.9900,38.0500,651900.0000,14.8670
07/19/2010,38.1800,38.2700,38.1100,38.2400,743000.0000,14.9413
07/20/2010,38.1000,38.3800,38.0500,38.3400,788100.0000,14.9803
07/21/2010,38.5500,38.5500,38.3900,38.4000,1110800.0000,15.0038
07/22/2010,38.5300,38.7200,38.4900,38.7000,1024000.0000,15.1210
07/23/2010,38.6900,38.8300,38.6000,38.8000,723000.0000,15.1601
07/26/2010,38.8600,39.2000,38.7800,39.1800,2521200.0000,15.3085
07/27/2010,39.3800,39.4200,39.1000,39.2300,2338200.0000,15.3281
07/28/2010,39.1400,39.2700,39.1000,39.1100,1068300.0000,15.2812
07/29/2010,39.2000,39.3300,39.0800,39.2400,752300.0000,15.3320
07/30/2010,39.1500,39.3500,39.1100,39.3500,1065000.0000,15.3750
08/02/2010,39.2500,39.2800,38.9500,39.1500,1239300.0000,15.4179
08/03/2010,39.0300,39.2000,38.9900,39.1700,1274500.0000,15.4258
08/04/2010,39.1800,39.3900,39.1500,39.3900,1849900.0000,15.5124
08/05/2010,39.3800,39.5600,39.3300,39.4800,1040800.0000,15.5478
08/06/2010,39.3900,39.6400,39.3800,39.5800,1144300.0000,15.5872
08/09/2010,39.6900,39.7600,39.5400,39.6800,904400.0000,15.6266
08/10/2010,39.6300,39.6400,39.4600,39.5700,1152400.0000,15.5833
08/11/2010,39.3800,39.5400,39.3800,39.5400,814400.0000,15.5715
08/12/2010,39.4100,39.7000,39.3100,39.6500,1271700.0000,15.6148
08/13/2010,39.7300,39.9200,39.6000,39.9200,1646500.0000,15.7211
08/16/2010,39.9900,39.9900,39.7400,39.7400,1306400.0000,15.6502
08/17/2010,39.9200,40.0100,39.8800,39.9100,1567400.0000,15.7172
08/18/2010,40.0200,40.0400,39.9100,40.0300,1585900.0000,15.7644
08/19/2010,40.0600,40.0700,39.8100,39.8700,1217100.0000,15.7014
08/20/2010,39.9000,39.9100,39.7600,39.8600,889100.0000,15.6975
08/23/2010,39.9300,39.9700,39.8600,39.8900,1367800.0000,15.7093
08/24/2010,39.8400,39.8500,39.6400,39.6400,1062000.0000,15.6108
08/25/2010,39.6300,39.7700,39.6000,39.7300,1022900.0000,15.6463
08/26/2010,39.7500,39.8700,39.7000,39.7600,1133500.0000,15.6581
08/27/2010,39.8600,39.9500,39.7200,39.9500,1266800.0000,15.7329
08/30/2010,40.4400,40.4400,39.9500,39.9700,1136400.0000,15.7408
08/31/2010,40.0000,40.0300,39.9100,39.9400,1659300.0000,15.7290
09/01/2010,39.8900,39.8900,39.7100,39.7700,1284800.0000,15.7834
09/02/2010,39.8400,39.8400,39.7100,39.7100,1093300.0000,15.7596
09/03/2010,39.8700,39.9000,39.7700,39.8200,1504200.0000,15.8032
09/07/2010,39.8000,39.9000,39.7500,39.8000,1083900.0000,15.7953
09/08/2010,39.8400,39.8800,39.8000,39.8800,1133400.0000,15.8270
09/09/2010,39.9000,39.9700,39.8200,39.8500,1096500.0000,15.8151
09/10/2010,39.9300,39.9300,39.8700,39.9100,1176100.0000,15.8389
09/13/2010,40.0100,40.0400,39.9300,39.9600,1843700.0000,15.8588
09/14/2010,40.0400,40.0500,39.7500,39.8000,1438700.0000,15.7953
09/15/2010,39.8200,39.8900,39.7800,39.8300,1917400.0000,15.8072
09/16/2010,39.8700,39.9100,39.7800,39.7900,1700700.0000,15.7913
09/17/2010,39.8800,39.8800,39.6400,39.7800,1374500.0000,15.7873
09/20/2010,39.9300,39.9800,39.8300,39.9800,1192200.0000,15.8667
09/21/2010,40.0300,40.0300,39.8700,39.8900,1526400.0000,15.8310
09/22/2010,39.9400,39.9400,39.8600,39.8900,1423600.0000,15.8310
09/23/2010,39.8500,39.9100,39.8000,39.8500,1021200.0000,15.8151
09/24/2010,39.9400,39.9900,39.8600,39.9100,1451800.0000,15.8389
09/27/2010,39.9200,39.9400,39.7900,39.8000,1912700.0000,15.7953
09/28/2010,39.8300,39.8800,39.7100,39.7500,1996000.0000,15.7754
09/29/2010,39.8000,39.8300,39.7300,39.8000,1605900.0000,15.7953
09/30/2010,39.8900,39.9200,39.7500,39.7800,1673800.0000,15.7873
10/01/2010,39.7000,39.7000,39.5200,39.5800,1699500.0000,15.7985
10/04/2010,39.6000,39.7000,39.4000,39.4300,1254300.0000,15.7386
10/05/2010,39.5100,39.5500,39.4500,39.4900,1328000.0000,15.7626
10/06/2010,39.5400,39.6000,39.4100,39.4700,2417900.0000,15.7546
10/07/2010,39.5300,39.5700,39.4300,39.5400,1235200.0000,15.7825
10/08/2010,39.5700,39.6800,39.5600,39.6200,1318300.0000,15.8145
10/11/2010,39.6400,39.6700,39.6200,39.6500,702200.0000,15.8265
10/12/2010,39.6900,39.7800,39.6700,39.6900,867600.0000,15.8424
10/13/2010,39.8000,39.8400,39.7100,39.8000,1728800.0000,15.8863
10/14/2010,39.8700,39.8700,39.5800,39.7100,1446400.0000,15.8504
10/15/2010,39.7500,39.7900,39.1400,39.4100,2757200.0000,15.7307
10/18/2010,39.3800,39.4200,39.2500,39.3900,1658700.0000,15.7227
10/19/2010,39.3800,39.4700,39.2100,39.3000,1686200.0000,15.6868
10/20/2010,39.3800,39.4200,39.1600,39.3400,2293100.0000,15.7027
10/21/2010,39.3800,39.4700,39.3300,39.3600,1233900.0000,15.7107
10/22/2010,39.4500,39.6300,39.4000,39.5100,1120500.0000,15.7706
10/25/2010,39.6100,39.6700,39.4400,39.4800,1630400.0000,15.7586
10/26/2010,39.3700,39.5400,39.2900,39.5300,2177900.0000,15.7786
10/27/2010,39.3300,39.5500,39.3300,39.4600,989600.0000,15.7506
10/28/2010,39.4500,39.5800,39.4500,39.5600,1218200.0000,15.7905
10/29/2010,39.6400,39.6400,39.5600,39.6100,1003300.0000,15.8105
11/01/2010,39.4700,39.4700,39.3600,39.4600,1172400.0000,15.8334
11/02/2010,39.5100,39.5100,39.3500,39.3500,937100.0000,15.7892
11/03/2010,39.3500,39.4200,39.3300,39.4100,1000900.0000,15.8133
11/04/2010,39.5400,39.6700,39.4900,39.6400,1613600.0000,15.9056
11/05/2010,39.5700,39.7400,39.5700,39.6700,1211000.0000,15.9176
11/08/2010,39.7300,39.7300,39.6100,39.6100,1245400.0000,15.8936
11/09/2010,39.7400,39.7400,39.6200,39.6600,1393500.0000,15.9136
11/10/2010,39.6700,39.7200,39.6000,39.6900,843800.0000,15.9257
11/11/2010,39.6700,39.6800,39.5700,39.6500,717800.0000,15.9096
11/12/2010,39.6500,39.6600,39.5000,39.5700,800200.0000,15.8775
11/15/2010,39.6400,39.6600,39.5100,39.5700,1365600.0000,15.8775
11/16/2010,39.5800,39.5900,39.0500,39.3100,1684600.0000,15.7732
11/17/2010,39.4300,39.4600,39.2700,39.2800,929600.0000,15.7611
11/18/2010,39.3700,39.4800,39.2900,39.4700,1207100.0000,15.8374
11/19/2010,39.4900,39.5100,39.3800,39.5000,987900.0000,15.8494
11/22/2010,39.4900,39.4900,39.2100,39.2700,1207700.0000,15.7571
11/23/2010,39.1600,39.1900,38.9400,39.1700,1704800.0000,15.7170
11/24/2010,39.3100,39.3400,39.1600,39.3100,938300.0000,15.7732
11/26/2010,39.2700,39.3300,39.1800,39.3200,450400.0000,15.7772
11/29/2010,39.3800,39.3800,39.1200,39.2000,1335000.0000,15.7290
11/30/2010,39.1300,39.2200,39.0400,39.1600,1420500.0000,15.7130
12/01/2010,39.1600,39.1800,38.9700,39.0300,1140100.0000,15.7598
12/02/2010,39.0200,39.0800,38.9500,39.0400,1073800.0000,15.7639
12/03/2010,39.0400,39.1300,38.9900,39.0900,1182900.0000,15.7841
12/06/2010,39.1000,39.1100,39.0100,39.0100,1201200.0000,15.7518
12/07/2010,39.1000,39.2300,39.0200,39.0600,1300200.0000,15.7719
12/08/2010,39.1100,39.1100,38.9800,38.9900,906300.0000,15.7437
12/09/2010,39.0300,39.1100,38.9900,39.1100,1413400.0000,15.7921
12/10/2010,39.0500,39.1800,39.0500,39.1300,868900.0000,15.8002
12/13/2010,39.1700,39.1700,39.0900,39.1300,918400.0000,15.8002
12/14/2010,39.1600,39.1600,38.8400,38.8400,1306700.0000,15.6831
12/15/2010,38.7600,38.8400,38.6900,38.7100,1538700.0000,15.6306
12/16/2010,38.7500,38.8300,38.6100,38.6700,1282600.0000,15.6145
12/17/2010,38.6500,38.7400,38.6100,38.7400,1339300.0000,15.6427
12/20/2010,38.6700,38.7100,38.4400,38.4500,1356200.0000,15.5256
12/21/2010,38.4500,38.5400,38.3900,38.5400,987900.0000,15.5620
12/22/2010,38.6000,38.6400,38.5000,38.5600,959900.0000,15.5701
12/23/2010,38.5500,38.6200,38.4800,38.6100,973400.0000,15.5902
12/27/2010,38.4500,38.7600,38.4500,38.6700,1726200.0000,15.6145
12/28/2010,38.5100,38.5800,38.4500,38.4700,1053500.0000,15.6218
12/29/2010,38.5500,38.6600,38.5200,38.6600,1217000.0000,15.6989
12/30/2010,38.5700,38.6800,38.5400,38.6500,933900.0000,15.6949
12/31/2010,38.6700,38.8500,38.6500,38.8000,919300.0000,15.7558
01/03/2011,38.9100,38.9800,38.8200,38.8600,1840700.0000,15.7801
01/04/2011,38.9100,38.9100,38.8000,38.9100,1980100.0000,15.8004
01/05/2011,38.9200,38.9600,38.8600,38.8800,2157400.0000,15.7883
01/06/2011,38.9200,38.9800,38.9000,38.9200,2290500.0000,15.8045
01/07/2011,38.9500,38.9800,38.8500,38.8800,1296400.0000,15.7883
01/10/2011,38.7800,38.9600,38.7800,38.9400,998600.0000,15.8126
01/11/2011,38.9700,38.9900,38.9100,38.9300,1909900.0000,15.8086
01/12/2011,38.9900,39.0200,38.9400,39.0000,1877600.0000,15.8370
01/13/2011,39.0100,39.1000,39.0100,39.0600,1605500.0000,15.8614
01/14/2011,39.0700,39.1400,38.9800,38.9800,1441000.0000,15.8289
01/18/2011,39.0400,39.0400,38.9400,38.9400,1376800.0000,15.8126
01/19/2011,39.0100,39.0200,38.9400,38.9500,885300.0000,15.8167
01/20/2011,39.0200,39.0300,38.8900,38.9300,1097700.0000,15.8086
01/21/2011,39.0000,39.0500,38.9300,39.0100,1460900.0000,15.8411
01/24/2011,39.0400,39.0600,39.0000,39.0000,1283100.0000,15.8370
01/25/2011,39.0000,39.0600,38.9800,39.0600,952900.0000,15.8614
01/26/2011,39.0800,39.1100,39.0300,39.0800,1412600.0000,15.8695
01/27/2011,39.1100,39.2000,39.0800,39.1700,1133600.0000,15.9060
01/28/2011,39.2400,39.2400,38.9500,38.9900,2030400.0000,15.8329
01/31/2011,39.0100,39.0800,38.9500,39.0800,1048800.0000,15.8695
02/01/2011,38.9700,39.0000,38.9100,38.9700,1224100.0000,15.9144
02/02/2011,38.9300,38.9900,38.9200,38.9500,835400.0000,15.9062
02/03/2011,39.0400,39.1000,38.9500,39.0500,2817000.0000,15.9471
02/04/2011,39.1000,39.1600,39.0200,39.1100,1674900.0000,15.9716
02/07/2011,39.1200,39.2100,39.1000,39.1000,1788800.0000,15.9675
02/08/2011,39.1300,39.2700,39.0900,39.1700,2196000.0000,15.9961
02/09/2011,39.1900,39.2000,39.1200,39.1800,1523300.0000,16.0002
02/10/2011,39.1800,39.2400,39.1400,39.2300,1421900.0000,16.0206
02/11/2011,39.2400,39.3500,39.2000,39.3500,1675300.0000,16.0696
02/14/2011,39.3900,39.4100,39.3300,39.3600,1410100.0000,16.0737
02/15/2011,39.4000,39.4200,39.3100,39.3400,1452600.0000,16.0655
02/16/2011,39.3800,39.5000,39.3500,39.5000,1392900.0000,16.1308
02/17/2011,39.4900,39.5100,39.4300,39.4500,1198200.0000,16.1104
02/18/2011,39.4700,39.6000,39.4500,39.5800,1420300.0000,16.1635
02/22/2011,39.5100,39.5500,39.3200,39.3300,1248100.0000,16.0614
02/23/2011,39.3500,39.3800,39.2300,39.3100,1061500.0000,16.0533
02/24/2011,39.3800,39.4000,39.2500,39.2800,1045800.0000,16.0410
02/25/2011,39.4000,39.4000,39.3100,39.3600,1289400.0000,16.0737
02/28/2011,39.3800,39.5000,39.3500,39.5000,1067000.0000,16.1308
03/01/2011,39.3200,39.3400,39.1600,39.1600,1306900.0000,16.0852
03/02/2011,39.1700,39.3300,39.1400,39.2900,1019500.0000,16.1387
03/03/2011,39.3000,39.4300,39.3000,39.4200,1197000.0000,16.1920
03/04/2011,39.4500,39.4900,39.3400,39.4800,977000.0000,16.2167
03/07/2011,39.5000,39.5000,39.3200,39.3200,877900.0000,16.1510
03/08/2011,39.3900,39.4700,39.3400,39.4300,1340500.0000,16.1962
03/09/2011,39.4600,39.4700,39.4100,39.4700,1181800.0000,16.2126
03/10/2011,39.4300,39.5000,39.3500,39.3900,945200.0000,16.1797
03/11/2011,39.3900,39.4700,39.3100,39.4500,844600.0000,16.2044
03/14/2011,39.4200,39.4300,39.3600,39.3900,1159800.0000,16.1797
03/15/2011,39.2700,39.3200,39.0600,39.3200,1385500.0000,16.1510
03/16/2011,39.3700,39.3700,39.1600,39.2200,1405300.0000,16.1099
03/17/2011,39.2300,39.3100,39.1900,39.1900,1074900.0000,16.0976
03/18/2011,39.3800,39.3800,39.2500,39.3400,1169700.0000,16.1592
03/21/2011,39.3700,39.4400,39.3500,39.4100,1315700.0000,16.1879
03/22/2011,39.4700,39.4800,39.4000,39.4500,1323700.0000,16.2044
03/23/2011,39.4400,39.4900,39.3900,39.4900,1192000.0000,16.2208
03/24/2011,39.5300,39.5500,39.4600,39.4700,1495900.0000,16.2126
03/25/2011,39.5200,39.5500,39.4800,39.5300,1211400.0000,16.2372
03/28/2011,39.5600,39.5800,39.5200,39.5400,1222500.0000,16.2413
03/29/2011,39.5800,39.6100,39.5300,39.5300,1479900.0000,16.2372
03/30/2011,39.6200,39.6300,39.5500,39.6100,1774200.0000,16.2701
03/31/2011,39.6400,39.7000,39.6100,39.6500,4842000.0000,16.2865
04/01/2011,39.5600,39.5700,39.5000,39.5700,1841500.0000,16.3423
04/04/2011,39.6000,39.6200,39.5400,39.5700,1777900.0000,16.3423
04/05/2011,39.5100,39.6600,39.5000,39.6600,2187600.0000,16.3794
04/06/2011,39.7000,39.7000,39.6000,39.6500,1454200.0000,16.3753
04/07/2011,39.6900,39.6900,39.5200,39.5300,1193000.0000,16.3257
04/08/2011,39.6400,39.6400,39.5400,39.5800,958600.0000,16.3464
04/11/2011,39.6200,39.6400,39.4700,39.4800,856600.0000,16.3051
04/12/2011,39.4800,39.4800,39.3600,39.3900,1354900.0000,16.2679
04/13/2011,39.4700,39.4900,39.3700,39.3800,1169000.0000,16.2638
04/14/2011,39.4000,39.4200,39.3500,39.3700,1193300.0000,16.2597
04/15/2011,39.3600,39.4400,39.3300,39.3800,1243400.0000,16.2638
04/18/2011,39.3600,39.3700,39.2300,39.3200,1051100.0000,16.2390
04/19/2011,39.3500,39.4700,39.3300,39.4700,937000.0000,16.3010
04/20/2011,39.5000,39.5900,39.5000,39.5800,1502300.0000,16.3464
04/21/2011,39.6600,39.6700,39.6100,39.6700,915600.0000,16.3836
04/25/2011,39.6800,39.8800,39.6500,39.7400,2049700.0000,16.4125
04/26/2011,39.7800,39.8400,39.7700,39.8200,2000000.0000,16.4455
04/27/2011,39.8100,39.9200,39.8100,39.9000,1751500.0000,16.4786
04/28/2011,39.9200,39.9700,39.9000,39.9600,1534300.0000,16.5033
04/29/2011,39.9900,40.0600,39.9700,40.0600,1249000.0000,16.5446
05/02/2011,39.8700,39.8700,39.7500,39.7800,1250400.0000,16.5143
05/03/2011,39.7900,39.8500,39.7700,39.8300,924600.0000,16.5351
05/04/2011,39.8300,39.8700,39.7500,39.8700,893700.0000,16.5517
05/05/2011,39.8000,39.8800,39.7600,39.7700,1200000.0000,16.5102
05/06/2011,39.9500,39.9500,39.8100,39.8200,1025700.0000,16.5309
05/09/2011,39.8900,39.9200,39.8500,39.9000,1173600.0000,16.5641
05/10/2011,39.9200,40.0000,39.9000,40.0000,1647300.0000,16.6057
05/11/2011,40.0100,40.0300,39.9600,40.0200,1210600.0000,16.6140
05/12/2011,40.0000,40.0700,39.9600,40.0600,1056100.0000,16.6306
05/13/2011,40.1200,40.1200,40.0500,40.1100,1172500.0000,16.6513
05/16/2011,40.1000,40.1200,40.0400,40.0600,1031900.0000,16.6306
05/17/2011,40.0000,40.1000,40.0000,40.1000,1422700.0000,16.6472
05/18/2011,40.1000,40.1100,40.0400,40.0900,1399500.0000,16.6430
05/19/2011,40.0800,40.1200,40.0700,40.1200,1253000.0000,16.6555
05/20/2011,40.1200,40.1500,40.0600,40.0900,1658700.0000,16.6430
05/23/2011,39.9800,40.0400,39.9500,40.0300,1900000.0000,16.6181
05/24/2011,40.0800,40.1000,39.9900,40.0300,1745300.0000,16.6181
05/25/2011,40.0200,40.0500,40.0000,40.0400,1411900.0000,16.6223
05/26/2011,40.0700,40.0800,40.0000,40.0100,1610500.0000,16.6098
05/27/2011,40.0400,40.0900,40.0100,40.0700,1584700.0000,16.6347
05/31/2011,40.1300,40.1500,40.0300,40.0900,1791700.0000,16.6430
06/01/2011,39.8700,39.9100,39.7500,39.7600,1564000.0000,16.5934
06/02/2011,39.8200,39.8200,39.5800,39.6400,1780200.0000,16.5433
06/03/2011,39.6400,39.6700,39.4800,39.6100,1366700.0000,16.5308
06/06/2011,39.6300,39.6600,39.5100,39.5100,1165200.0000,16.4890
06/07/2011,39.6100,39.6100,39.5000,39.5100,985800.0000,16.4890
06/08/2011,39.5100,39.5300,39.3600,39.3900,1635000.0000,16.4390
06/09/2011,39.5300,39.5300,39.2900,39.3600,1377300.0000,16.4264
06/10/2011,39.3800,39.3800,39.2000,39.3000,1188100.0000,16.4014
06/13/2011,39.3000,39.3400,39.2500,39.2700,740800.0000,16.3889
06/14/2011,39.3100,39.4300,39.2700,39.3800,1034700.0000,16.4348
06/15/2011,39.2600,39.3800,39.2200,39.2300,1003000.0000,16.3722
06/16/2011,39.2300,39.2400,38.8600,38.8600,1902600.0000,16.2178
06/17/2011,38.9200,39.1200,38.9100,39.1100,1397200.0000,16.3221
06/20/2011,39.1300,39.1500,39.0600,39.1400,1053300.0000,16.3346
06/21/2011,39.2800,39.3300,39.1500,39.2500,1583300.0000,16.3805
06/22/2011,39.2400,39.3300,39.2300,39.2800,995200.0000,16.3930
06/23/2011,39.1600,39.2800,39.1500,39.2700,1556600.0000,16.3889
06/24/2011,39.2900,39.3300,39.1800,39.2200,940600.0000,16.3680
06/27/2011,39.2700,39.2700,39.1900,39.1900,1699200.0000,16.3555
06/28/2011,39.2400,39.4400,39.2400,39.4400,1672500.0000,16.4598
06/29/2011,39.5200,39.5400,39.4600,39.5000,1197100.0000,16.4849
06/30/2011,39.5500,39.6800,39.5200,39.6600,1514700.0000,16.5516
07/01/2011,39.4300,39.6300,39.4200,39.4700,1816600.0000,16.5625
07/05/2011,39.4900,39.5500,39.4600,39.5200,1013500.0000,16.5835
07/06/2011,39.4900,39.5100,39.4100,39.4900,1596800.0000,16.5709
07/07/2011,39.5800,39.5900,39.5200,39.5700,1389400.0000,16.6045
07/08/2011,39.5500,39.5500,39.4400,39.5500,1139100.0000,16.5961
07/11/2011,39.4700,39.4900,39.3300,39.3600,1397500.0000,16.5164
07/12/2011,39.3300,39.3800,39.1800,39.2300,1845400.0000,16.4618
07/13/2011,39.2800,39.3700,39.2600,39.3500,1255400.0000,16.5122
07/14/2011,39.3500,39.3800,39.2500,39.2600,1155300.0000,16.4744
07/15/2011,39.3300,39.3500,39.1900,39.3000,1345000.0000,16.4912
07/18/2011,39.2800,39.2800,38.9500,39.0400,1806000.0000,16.3821
07/19/2011,39.1000,39.1200,38.9200,39.0800,2205400.0000,16.3989
07/20/2011,39.1300,39.1600,39.0900,39.1500,1489100.0000,16.4283
07/21/2011,39.1600,39.3300,39.1300,39.3100,1885700.0000,16.4954
07/22/2011,39.3400,39.3700,39.2900,39.3700,828800.0000,16.5206
07/25/2011,39.2800,39.3000,39.1800,39.1900,1617600.0000,16.4450
07/26/2011,39.2200,39.2800,39.1500,39.2000,1999500.0000,16.4492
07/27/2011,39.1800,39.1900,38.9500,38.9700,1453500.0000,16.3527
07/28/2011,38.9200,38.9900,38.8300,38.8400,1353700.0000,16.2982
07/29/2011,38.7200,38.7500,38.3100,38.7000,3437200.0000,16.2394
08/01/2011,38.6800,38.7800,38.5600,38.7300,1697300.0000,16.3415
08/02/2011,38.7400,38.7900,38.6400,38.6600,1497400.0000,16.3120
08/03/2011,38.6900,38.7600,38.5000,38.7600,2019400.0000,16.3542
08/04/2011,38.6600,38.6600,37.7000,37.7200,5082200.0000,15.9154
08/05/2011,37.9000,37.9000,36.0400,37.0000,10551300.0000,15.6116
08/08/2011,35.6400,35.9800,32.8800,33.4800,18576300.0000,14.1264
08/09/2011,34.2200,36.0300,33.7100,35.8500,8434800.0000,15.1264
08/10/2011,35.6100,36.0900,35.4000,35.8100,4117900.0000,15.1095
08/11/2011,35.8000,36.7900,35.7400,36.6800,2970000.0000,15.4766
08/12/2011,36.9400,37.3400,36.8000,37.0400,2659900.0000,15.6285
08/15/2011,37.0800,37.6500,37.0800,37.5200,1826300.0000,15.8310
08/16/2011,37.3600,37.5400,37.2500,37.4400,1161000.0000,15.7972
08/17/2011,37.5700,37.7500,37.4300,37.4600,1401800.0000,15.8057
08/18/2011,37.0100,37.0900,36.2900,36.8700,2212200.0000,15.5567
08/19/2011,36.7000,36.8500,36.3600,36.7400,1172000.0000,15.5019
08/22/2011,36.8800,37.1000,36.3800,36.4700,1051800.0000,15.3880
08/23/2011,36.4300,36.4300,36.0400,36.3700,1066200.0000,15.3458
08/24/2011,36.2500,36.7100,36.2500,36.6800,1104800.0000,15.4766
08/25/2011,37.3000,37.4200,36.9600,37.0900,1234600.0000,15.6496
08/26/2011,36.7700,37.4100,36.7700,37.3200,1015700.0000,15.7466
08/29/2011,37.3900,37.8200,37.3900,37.8000,1058700.0000,15.9491
08/30/2011,37.7900,37.9300,37.6000,37.8500,1143800.0000,15.9702
08/31/2011,37.9000,38.1500,37.7500,37.7700,3277000.0000,15.9365
09/01/2011,37.3900,37.6800,37.3900,37.5900,1298400.0000,15.9479
09/02/2011,37.2200,37.4500,37.0700,37.3900,797600.0000,15.8631
09/06/2011,36.7700,37.1600,36.5000,37.1400,1817000.0000,15.7570
09/07/2011,37.3100,37.5200,37.2000,37.5200,1294200.0000,15.9182
09/08/2011,37.4500,37.5400,37.2500,37.2600,1523200.0000,15.8079
09/09/2011,37.1500,37.2300,36.9000,37.0500,1479400.0000,15.7188
09/12/2011,36.4200,36.7500,36.1300,36.4100,1388000.0000,15.4473
09/13/2011,36.3500,36.5300,36.1700,36.5200,1202100.0000,15.4940
09/14/2011,36.5900,36.7700,36.4100,36.6400,740900.0000,15.5449
09/15/2011,36.8900,37.0400,36.7400,37.0400,901000.0000,15.7146
09/16/2011,37.1000,37.1500,36.9000,36.9300,893800.0000,15.6679
09/19/2011,36.6400,36.7800,36.5700,36.7100,810400.0000,15.5746
09/20/2011,36.7700,36.8800,36.6100,36.6700,935500.0000,15.5576
09/21/2011,36.7000,36.7300,36.2000,36.2000,1176300.0000,15.3582
09/22/2011,35.4800,35.7500,35.1800,35.6900,2558400.0000,15.1418
09/23/2011,35.5900,35.9200,35.4700,35.7000,1531600.0000,15.1461
09/26/2011,35.9900,36.0200,35.4300,35.6400,1119200.0000,15.1206
09/27/2011,36.0300,36.3100,35.9500,36.0300,1437200.0000,15.2861
09/28/2011,35.9200,36.2400,35.7900,35.8200,937900.0000,15.1970
09/29/2011,36.2100,36.3000,35.8200,36.0300,2501000.0000,15.2861
09/30/2011,35.9500,35.9700,35.6100,35.6100,1060800.0000,15.1079
10/03/2011,35.4700,35.6000,34.6400,34.6700,2961200.0000,14.7926
10/04/2011,34.2900,34.4800,33.5800,34.3700,3361500.0000,14.6646
10/05/2011,34.4000,34.7800,34.2400,34.7200,1476500.0000,14.8139
10/06/2011,34.7700,35.4300,34.6000,35.3700,1506300.0000,15.0913
10/07/2011,35.7300,35.7300,35.3100,35.5000,1184400.0000,15.1467
10/10/2011,36.8000,36.8000,35.6700,35.8400,1576300.0000,15.2918
10/11/2011,35.8000,36.0400,35.7100,35.9800,1084200.0000,15.3515
10/12/2011,36.2600,36.4900,36.0200,36.3000,1861100.0000,15.4881
10/13/2011,36.2700,36.2700,35.9300,36.1300,725100.0000,15.4155
10/14/2011,36.4700,36.4900,36.0000,36.1100,976700.0000,15.4070
10/17/2011,36.1500,36.2200,35.9200,36.0600,1095300.0000,15.3857
10/18/2011,36.0900,36.4300,35.9400,36.2900,950100.0000,15.4838
10/19/2011,36.3600,36.6100,36.3100,36.3200,1453800.0000,15.4966
10/20/2011,36.3000,36.4600,36.2500,36.4000,925600.0000,15.5307
10/21/2011,36.6400,36.7400,36.5800,36.7000,1774300.0000,15.6587
10/24/2011,36.8500,36.9900,36.7700,36.9200,1218700.0000,15.7526
10/25/2011,36.9100,36.9300,36.7100,36.7900,885100.0000,15.6971
10/26/2011,36.9800,37.0300,36.7200,36.9700,1009500.0000,15.7739
10/27/2011,37.4000,37.7300,37.2800,37.6200,3966300.0000,16.0513
10/28/2011,37.5600,37.6900,37.5000,37.6700,1189300.0000,16.0726
10/31/2011,37.5100,37.6200,37.2800,37.3100,891300.0000,15.9190
11/01/2011,36.4500,36.6900,36.2800,36.5100,1389400.0000,15.6637
11/02/2011,37.0400,37.0400,36.6100,36.8000,1151900.0000,15.7881
11/03/2011,36.9600,36.9800,36.7500,36.9000,944100.0000,15.8310
11/04/2011,36.8200,37.0700,36.8200,37.0300,927600.0000,15.8868
11/07/2011,36.9900,37.1000,36.8600,37.0100,1881200.0000,15.8782
11/08/2011,37.2700,37.3100,36.9400,37.0500,1476500.0000,15.8954
11/09/2011,36.8900,36.9400,36.4100,36.5200,2155200.0000,15.6680
11/10/2011,36.7700,36.7800,36.5100,36.6000,1291900.0000,15.7023
11/11/2011,36.7500,36.9300,36.7500,36.8900,821800.0000,15.8268
11/14/2011,36.8800,36.9500,36.6800,36.7000,1513300.0000,15.7452
11/15/2011,36.6000,36.8400,36.5000,36.7900,1106400.0000,15.7839
11/16/2011,36.7100,36.8500,36.5200,36.5200,1116900.0000,15.6680
11/17/2011,36.5300,36.6100,36.3000,36.4000,868700.0000,15.6165
11/18/2011,36.5700,36.5700,36.2900,36.4600,876600.0000,15.6423
11/21/2011,36.2800,36.2900,35.9200,36.1800,1501900.0000,15.5222
11/22/2011,36.0900,36.1900,35.9500,36.0500,974000.0000,15.4664
11/23/2011,35.9400,35.9800,35.4900,35.6200,819000.0000,15.2819
11/25/2011,35.6600,35.8200,35.6600,35.7400,488300.0000,15.3334
11/28/2011,36.4500,36.4600,35.8300,35.9100,1020700.0000,15.4063
11/29/2011,35.7000,36.0400,35.6900,35.7200,862800.0000,15.3248
11/30/2011,36.2100,36.2500,35.9100,35.9400,1378300.0000,15.4192
12/01/2011,35.6700,35.8900,35.6000,35.6600,800600.0000,15.3761
12/02/2011,35.7600,35.8200,35.6500,35.7900,1034200.0000,15.4321
12/05/2011,36.0200,36.1400,35.8900,36.1000,1050000.0000,15.5658
12/06/2011,36.0300,36.2800,36.0100,36.1700,981600.0000,15.5960
12/07/2011,36.1700,36.1900,36.0100,36.1100,817400.0000,15.5701
12/08/2011,36.1100,36.1700,35.8600,35.9000,730200.0000,15.4796
12/09/2011,35.9300,36.1300,35.9100,36.1200,794600.0000,15.5744
12/12/2011,35.9300,36.0000,35.8100,36.0000,718700.0000,15.5227
12/13/2011,36.1700,36.3200,35.9100,36.0500,769200.0000,15.5442
12/14/2011,35.9700,36.0000,35.7600,35.7700,921700.0000,15.4235
12/15/2011,35.8200,35.9500,35.7600,35.7900,898800.0000,15.4321
12/16/2011,35.8500,35.9100,35.6100,35.6100,777200.0000,15.3545
12/19/2011,35.7900,35.7900,35.4500,35.5300,767400.0000,15.3200
12/20/2011,35.6500,35.7300,35.5700,35.5800,1012700.0000,15.3416
12/21/2011,35.6300,35.6900,35.4900,35.6500,1031600.0000,15.3718
12/22/2011,35.7300,36.0900,35.6500,35.9700,2406700.0000,15.5097
12/23/2011,36.0300,36.0400,35.9000,35.9800,1089900.0000,15.5141
12/27/2011,35.7600,35.9000,35.3800,35.4000,2391100.0000,15.3420
12/28/2011,35.4200,35.4500,35.3200,35.4100,1190300.0000,15.3463
12/29/2011,35.4700,35.5500,35.4300,35.4800,1273100.0000,15.3767
12/30/2011,35.4700,35.6200,35.4500,35.6200,1297400.0000,15.4373
01/03/2012,35.8200,35.9900,35.7300,35.9400,1476300.0000,15.5760
01/04/2012,35.7900,36.3600,35.7900,36.2600,2070500.0000,15.7147
01/05/2012,36.2700,36.7900,36.2300,36.7600,3722300.0000,15.9314
01/06/2012,36.8500,36.9500,36.7600,36.8100,1537000.0000,15.9531
01/09/2012,36.9300,37.0900,36.8600,37.0000,1094900.0000,16.0354
01/10/2012,37.2900,37.2900,37.1900,37.2600,2075800.0000,16.1481
01/11/2012,37.2000,37.3500,37.1600,37.2200,1200200.0000,16.1308
01/12/2012,37.2900,37.3700,37.2200,37.3700,1119200.0000,16.1958
01/13/2012,37.2500,37.3100,37.1300,37.2600,1405900.0000,16.1481
01/17/2012,37.2600,37.4800,37.2600,37.2700,1642200.0000,16.1524
01/18/2012,37.3000,37.4800,37.2900,37.4700,1494500.0000,16.2391
01/19/2012,37.5200,37.7400,37.5200,37.6000,2606300.0000,16.2955
01/20/2012,37.6000,37.7500,37.6000,37.7500,1139000.0000,16.3605
01/23/2012,37.8000,37.9000,37.7300,37.7800,1109000.0000,16.3735
01/24/2012,37.7700,37.8100,37.6700,37.7700,1790200.0000,16.3691
01/25/2012,37.7900,37.9800,37.7100,37.8800,1995500.0000,16.4168
01/26/2012,37.9900,38.0700,37.9300,38.0000,1277600.0000,16.4688
01/27/2012,37.9900,38.1400,37.9500,38.1300,1022000.0000,16.5251
01/30/2012,38.0800,38.1000,38.0000,38.0600,1179000.0000,16.4948
01/31/2012,38.1800,38.2000,38.0600,38.1400,1775600.0000,16.5295
02/01/2012,38.0600,38.1900,38.0100,38.1200,2922600.0000,16.5974
02/02/2012,38.1900,38.2400,38.1500,38.2100,2338300.0000,16.6366
02/03/2012,38.4100,38.4600,38.2400,38.3900,1842400.0000,16.7150
02/06/2012,38.4000,38.4200,38.3500,38.4200,1281900.0000,16.7280
02/07/2012,38.3500,38.4800,38.3500,38.4800,1417400.0000,16.7541
02/08/2012,38.5000,38.5500,38.4500,38.5500,1449000.0000,16.7846
02/09/2012,38.5800,38.6400,38.4500,38.5500,1219800.0000,16.7846
02/10/2012,38.4300,38.4700,38.3500,38.3900,995800.0000,16.7150
02/13/2012,38.5500,38.6000,38.4500,38.5600,1415000.0000,16.7890
02/14/2012,38.5100,38.5900,38.4800,38.5600,1488800.0000,16.7890
02/15/2012,38.6700,38.6900,38.6000,38.6300,1031400.0000,16.8195
02/16/2012,38.6300,38.6900,38.5100,38.6900,1091100.0000,16.8456
02/17/2012,38.7100,38.8200,38.6800,38.7800,2446700.0000,16.8848
02/21/2012,38.8300,38.8600,38.7200,38.7700,1455600.0000,16.8804
02/22/2012,38.7900,38.8400,38.7500,38.8200,1283500.0000,16.9022
02/23/2012,38.8400,38.9200,38.8100,38.8900,1922700.0000,16.9326
02/24/2012,38.8800,38.9600,38.8600,38.9200,1184400.0000,16.9457
02/27/2012,38.9100,39.0200,38.8800,38.9900,2268900.0000,16.9762
02/28/2012,39.0500,39.1200,39.0000,39.1100,2853300.0000,17.0284
02/29/2012,39.1300,39.1900,39.0700,39.1200,3381100.0000,17.0328
03/01/2012,39.0600,39.0700,38.9500,39.0100,1686600.0000,17.0498
03/02/2012,39.0200,39.0900,39.0100,39.0900,1387500.0000,17.0848
03/05/2012,39.0800,39.1000,38.9400,38.9600,912800.0000,17.0280
03/06/2012,38.7800,38.8200,38.5500,38.6300,1517400.0000,16.8838
03/07/2012,38.7200,38.7900,38.6400,38.7000,1079100.0000,16.9144
03/08/2012,38.8600,38.9200,38.8200,38.9100,1679500.0000,17.0061
03/09/2012,38.9500,39.0300,38.9400,38.9800,1073800.0000,17.0367
03/12/2012,38.9700,39.0800,38.9700,39.0800,1606400.0000,17.0804
03/13/2012,39.1000,39.2100,39.0800,39.2100,1957600.0000,17.1373
03/14/2012,39.2300,39.2400,39.0200,39.0700,1453700.0000,17.0761
03/15/2012,39.0800,39.2200,38.9500,38.9600,1082500.0000,17.0280
03/16/2012,39.0300,39.0700,38.9600,39.0400,693900.0000,17.0630
03/19/2012,39.0500,39.1100,39.0000,39.0500,1436200.0000,17.0673
03/20/2012,38.9800,39.0700,38.9500,38.9800,1108300.0000,17.0367
03/21/2012,39.0400,39.0800,38.9500,39.0000,1705500.0000,17.0455
03/22/2012,38.9500,39.0100,38.9200,38.9700,939800.0000,17.0324
03/23/2012,38.9900,39.0500,38.9400,39.0200,1072600.0000,17.0542
03/26/2012,39.0200,39.1400,39.0200,39.0900,897300.0000,17.0848
03/27/2012,39.1100,39.1100,39.0600,39.0600,1750200.0000,17.0717
03/28/2012,39.0500,39.1100,39.0300,39.0900,1376300.0000,17.0848
03/29/2012,39.0000,39.0600,38.9400,38.9800,1407000.0000,17.0367
03/30/2012,39.0500,39.1000,38.9900,39.0400,1494900.0000,17.0630
04/02/2012,38.8600,38.9300,38.8200,38.8800,1453400.0000,17.0748
04/03/2012,38.8900,38.9200,38.8300,38.8900,1346700.0000,17.0792
04/04/2012,38.7900,38.8100,38.7200,38.7300,910600.0000,17.0089
04/05/2012,38.7400,38.8200,38.7200,38.7900,712700.0000,17.0353
04/09/2012,38.6300,38.7300,38.6000,38.7200,818100.0000,17.0046
04/10/2012,38.7400,38.7400,38.4400,38.4900,1807300.0000,16.9035
04/11/2012,38.5500,38.6100,38.4000,38.4100,2123200.0000,16.8684
04/12/2012,38.4900,38.7700,38.4500,38.7400,611100.0000,17.0133
04/13/2012,38.7000,38.7400,38.6000,38.7100,621100.0000,17.0002
04/16/2012,38.7800,38.8000,38.6700,38.7900,1192600.0000,17.0353
04/17/2012,38.8500,38.8700,38.7500,38.8400,2279500.0000,17.0572
04/18/2012,38.7900,38.8500,38.6900,38.7400,1048500.0000,17.0133
04/19/2012,38.8000,38.8400,38.6600,38.6900,1281000.0000,16.9914
04/20/2012,38.7600,38.8100,38.5800,38.5800,1059500.0000,16.9431
04/23/2012,38.5300,38.6400,38.5000,38.6300,1039400.0000,16.9650
04/24/2012,38.6600,38.7300,38.6100,38.6900,1300600.0000,16.9914
04/25/2012,38.7500,38.8200,38.7400,38.8000,1617800.0000,17.0397
04/26/2012,38.8300,38.8700,38.7100,38.8100,1620400.0000,17.0441
04/27/2012,38.8600,38.9100,38.8300,38.9000,1158000.0000,17.0836
04/30/2012,38.9300,38.9500,38.9100,38.9400,1514600.0000,17.1012
05/01/2012,38.7800,38.8400,38.7500,38.8200,1815700.0000,17.1263
05/02/2012,38.8100,38.8200,38.7600,38.7600,1260000.0000,17.0998
05/03/2012,38.7800,38.8200,38.7500,38.8100,1140300.0000,17.1219
05/04/2012,38.7700,38.8200,38.7500,38.8100,858900.0000,17.1219
05/07/2012,38.6800,38.8500,38.6700,38.8500,1589100.0000,17.1395
05/08/2012,38.8100,38.8500,38.7200,38.8500,3012400.0000,17.1395
05/09/2012,38.7500,38.7900,38.6400,38.7500,2044100.0000,17.0954
05/10/2012,38.7700,38.8300,38.7500,38.7700,975000.0000,17.1043
05/11/2012,38.7000,38.7500,38.6100,38.6100,1383500.0000,17.0337
05/14/2012,38.5000,38.5500,38.3400,38.3400,1146600.0000,16.9145
05/15/2012,38.2600,38.4200,38.2400,38.2400,1204600.0000,16.8704
05/16/2012,38.3000,38.3900,38.1100,38.2000,2451400.0000,16.8528
05/17/2012,38.1600,38.2000,37.5900,37.5900,2845000.0000,16.5837
05/18/2012,37.7000,37.7700,37.2300,37.2300,2373900.0000,16.4248
05/21/2012,37.2800,37.8500,37.2800,37.8000,2148000.0000,16.6763
05/22/2012,37.9800,38.2900,37.9600,38.1700,2305200.0000,16.8395
05/23/2012,38.1400,38.2800,37.8100,38.2100,2316800.0000,16.8572
05/24/2012,38.3500,38.4000,38.2300,38.3600,3028900.0000,16.9234
05/25/2012,38.3800,38.4700,38.3000,38.4400,1849100.0000,16.9587
05/29/2012,38.5000,38.6600,38.4400,38.6400,4530100.0000,17.0469
05/30/2012,38.3900,38.5400,38.3500,38.4100,2890000.0000,16.9454
05/31/2012,38.4300,38.4500,38.1700,38.3100,1661400.0000,16.9013
06/01/2012,37.8000,38.0000,37.7900,37.8600,1298800.0000,16.7913
06/04/2012,37.8000,37.9500,37.7400,37.9300,2665800.0000,16.8224
06/05/2012,37.9000,38.1500,37.9000,38.0800,2397500.0000,16.8889
06/06/2012,38.2200,38.3300,38.1600,38.2600,3117000.0000,16.9687
06/07/2012,38.3400,38.4000,38.2000,38.2400,2754500.0000,16.9599
06/08/2012,38.1200,38.3000,38.1200,38.3000,2007300.0000,16.9865
06/11/2012,38.4500,38.4700,38.1200,38.1500,1219300.0000,16.9199
06/12/2012,38.2300,38.3600,38.1300,38.2900,1334200.0000,16.9820
06/13/2012,38.2300,38.3800,38.1500,38.3300,1359600.0000,16.9998
06/14/2012,38.3600,38.4500,38.3000,38.4300,1269000.0000,17.0441
06/15/2012,38.4800,38.5300,38.3900,38.4700,871300.0000,17.0619
06/18/2012,38.5000,38.5900,38.4600,38.5600,2671300.0000,17.1018
06/19/2012,38.6500,38.7000,38.5900,38.6500,3538400.0000,17.1417
06/20/2012,38.6800,38.7900,38.6500,38.7300,1891100.0000,17.1772
06/21/2012,38.7500,38.8000,38.5800,38.6000,2429400.0000,17.1195
06/22/2012,38.6900,38.7300,38.6600,38.6900,1642900.0000,17.1594
06/25/2012,38.6200,38.7400,38.6200,38.7300,1903900.0000,17.1772
06/26/2012,38.7500,38.8100,38.7100,38.8000,2472400.0000,17.2082
06/27/2012,38.8200,38.9200,38.7300,38.8800,3264200.0000,17.2437
06/28/2012,38.8200,39.0100,38.7600,39.0000,2168400.0000,17.2969
06/29/2012,39.1800,39.2000,38.9400,39.0300,1711800.0000,17.3102
07/02/2012,38.8900,38.9900,38.7800,38.9700,2097400.0000,17.3749
07/03/2012,39.0000,39.1000,38.9800,39.1000,1250800.0000,17.4328
07/05/2012,39.1300,39.1600,38.9900,39.1500,2241500.0000,17.4551
07/06/2012,38.9800,39.2000,38.9800,39.1800,1930700.0000,17.4685
07/09/2012,39.0600,39.1700,39.0600,39.1100,1525200.0000,17.4373
07/10/2012,39.1700,39.1900,38.9700,39.0500,1352800.0000,17.4105
07/11/2012,39.1000,39.1400,39.0000,39.1200,1259000.0000,17.4418
07/12/2012,39.0700,39.1500,39.0000,39.1000,1205100.0000,17.4328
07/13/2012,39.1500,39.2900,39.1200,39.2000,1874100.0000,17.4774
07/16/2012,39.2000,39.3800,39.2000,39.3200,3080800.0000,17.5309
07/17/2012,39.3900,39.3900,39.2700,39.3200,1422200.0000,17.5309
07/18/2012,39.3500,39.4600,39.3200,39.3700,1568200.0000,17.5532
07/19/2012,39.4500,39.4900,39.3800,39.4000,2013400.0000,17.5666
07/20/2012,39.4000,39.4400,39.3600,39.4100,1736200.0000,17.5711
07/23/2012,39.3100,39.3200,39.1500,39.3200,2045400.0000,17.5309
07/24/2012,39.3500,39.3500,39.0600,39.1500,1537400.0000,17.4551
07/25/2012,39.2000,39.2100,39.1100,39.1600,916100.0000,17.4596
07/26/2012,39.2400,39.3300,39.2100,39.2800,1534900.0000,17.5131
07/27/2012,39.3200,39.4300,39.2700,39.3900,1288100.0000,17.5621
07/30/2012,39.4200,39.4700,39.3800,39.4300,1483400.0000,17.5800
07/31/2012,39.4100,39.4700,39.4000,39.4100,1346800.0000,17.5711
08/01/2012,39.2500,39.3000,39.0900,39.1100,1598200.0000,17.5307
08/02/2012,39.1600,39.2200,39.0800,39.2200,945300.0000,17.5800
08/03/2012,39.3000,39.3600,39.2300,39.3400,1721100.0000,17.6338
08/06/2012,39.2900,39.4200,39.2900,39.3800,1071300.0000,17.6517
08/07/2012,39.4200,39.4500,39.4000,39.4400,926500.0000,17.6786
08/08/2012,39.4200,39.4900,39.4000,39.4700,980600.0000,17.6921
08/09/2012,39.4900,39.5500,39.4600,39.5500,1128900.0000,17.7279
08/10/2012,39.5300,39.5500,39.5100,39.5300,684600.0000,17.7190
08/13/2012,39.5500,39.5800,39.4500,39.4800,862100.0000,17.6966
08/14/2012,39.5500,39.5500,39.4200,39.4800,1174400.0000,17.6966
08/15/2012,39.4400,39.5200,39.4300,39.4900,1156000.0000,17.7010
08/16/2012,39.4800,39.5300,39.4500,39.5000,1178300.0000,17.7055
08/17/2012,39.5300,39.5700,39.5000,39.5700,826700.0000,17.7369
08/20/2012,39.5800,39.5800,39.5000,39.5300,737500.0000,17.7190
08/21/2012,39.5600,39.6000,39.5300,39.5400,1402200.0000,17.7235
08/22/2012,39.4700,39.5400,39.4500,39.5400,1351800.0000,17.7235
08/23/2012,39.5500,39.5700,39.5100,39.5500,851000.0000,17.7279
08/24/2012,39.5500,39.5900,39.5100,39.5700,1326700.0000,17.7369
08/27/2012,39.6000,39.6600,39.5700,39.6200,1666100.0000,17.7593
08/28/2012,39.6300,39.6400,39.6000,39.6300,1138900.0000,17.7638
08/29/2012,39.6600,39.7400,39.6400,39.7400,983600.0000,17.8131
08/30/2012,39.7000,39.7400,39.6600,39.7400,1276600.0000,17.8131
08/31/2012,39.7900,39.8100,39.7200,39.7800,1068500.0000,17.8310
09/04/2012,39.6300,39.6300,39.5200,39.5700,1350100.0000,17.8310
09/05/2012,39.6000,39.6400,39.5800,39.6200,1046600.0000,17.8536
09/06/2012,39.6900,39.7400,39.6500,39.7100,1521100.0000,17.8941
09/07/2012,39.7100,39.8400,39.7100,39.8400,1354800.0000,17.9527
09/10/2012,39.8400,39.8400,39.8000,39.8100,1012500.0000,17.9392
09/11/2012,39.8500,39.8800,39.7600,39.7900,1560900.0000,17.9302
09/12/2012,39.8300,39.9200,39.7900,39.9100,1256400.0000,17.9842
09/13/2012,39.8300,40.0000,39.8300,39.9400,1627700.0000,17.9978
09/14/2012,40.0000,40.0400,39.9600,39.9600,1324900.0000,18.0068
09/17/2012,40.0000,40.0300,39.9000,39.9000,1082700.0000,17.9797
09/18/2012,39.9200,39.9700,39.9000,39.9600,1394300.0000,18.0068
09/19/2012,39.9900,40.0200,39.9500,39.9600,1216300.0000,18.0068
09/20/2012,39.9500,39.9700,39.9000,39.9700,918200.0000,18.0113
09/21/2012,39.9800,40.0200,39.9000,39.9400,1157400.0000,17.9978
09/24/2012,39.9500,39.9500,39.7700,39.7700,1657900.0000,17.9212
09/25/2012,39.8200,39.8900,39.7700,39.8500,2231300.0000,17.9572
09/26/2012,39.8500,39.8500,39.7000,39.8500,1777700.0000,17.9572
09/27/2012,39.8800,39.9300,39.8700,39.8900,1273600.0000,17.9752
09/28/2012,39.8800,39.9000,39.8200,39.8600,1045200.0000,17.9617
10/01/2012,39.6700,39.7700,39.6200,39.7600,1876900.0000,18.0084
10/02/2012,39.7300,39.7900,39.6800,39.7900,1031300.0000,18.0220
10/03/2012,39.7700,39.8200,39.7500,39.8200,778800.0000,18.0355
10/04/2012,39.8600,39.9000,39.8000,39.9000,1393900.0000,18.0718
10/05/2012,39.9700,40.0000,39.9300,39.9700,1129100.0000,18.1035
10/08/2012,39.9700,39.9900,39.9300,39.9500,676900.0000,18.0944
10/09/2012,39.9700,39.9800,39.8500,39.8600,1771400.0000,18.0537
10/10/2012,39.8900,39.9400,39.8600,39.9400,915400.0000,18.0899
10/11/2012,39.9800,40.0900,39.9500,40.0700,2124700.0000,18.1488
10/12/2012,40.0700,40.0800,40.0100,40.0400,674100.0000,18.1352
10/15/2012,40.0800,40.0800,39.9600,40.0500,1042100.0000,18.1397
10/16/2012,40.0500,40.1000,40.0500,40.1000,1465100.0000,18.1623
10/17/2012,40.0900,40.1700,40.0600,40.1300,780500.0000,18.1760
10/18/2012,40.1000,40.2600,40.0900,40.2200,4355100.0000,18.2167
10/19/2012,40.2000,40.2300,40.0700,40.1100,2530600.0000,18.1669
10/22/2012,40.0500,40.1100,40.0200,40.0400,1237500.0000,18.1352
10/23/2012,39.9000,40.0000,39.8400,40.0000,1450800.0000,18.1171
10/24/2012,40.0100,40.0200,39.9200,39.9400,1156500.0000,18.0899
10/25/2012,39.9600,40.0000,39.9100,39.9200,973700.0000,18.0808
10/26/2012,39.9400,39.9400,39.8700,39.9300,1369300.0000,18.0854
10/31/2012,39.9500,40.0900,39.9300,40.0600,1664600.0000,18.1442
11/01/2012,39.8600,39.9700,39.8400,39.9700,1612200.0000,18.1035
11/02/2012,39.9700,39.9800,39.9000,39.9400,1122900.0000,18.0899
11/05/2012,39.9600,39.9600,39.9100,39.9500,839800.0000,18.0944
11/06/2012,39.9600,39.9900,39.9500,39.9800,843700.0000,18.1080
11/07/2012,39.9500,39.9700,39.8000,39.8300,1649100.0000,18.0401
11/08/2012,39.8300,39.9100,39.6800,39.6800,1355800.0000,17.9721
11/09/2012,39.6800,39.7800,39.6600,39.7100,803000.0000,17.9857
11/12/2012,39.7300,39.8100,39.7300,39.8000,852200.0000,18.0265
11/13/2012,39.7600,39.7900,39.7300,39.7400,1322000.0000,17.9993
11/14/2012,39.7400,39.7800,39.2700,39.2900,3257500.0000,17.7955
11/15/2012,39.2300,39.3500,39.0300,39.1500,3740100.0000,17.7321
11/16/2012,39.1800,39.5300,39.1500,39.5100,2159500.0000,17.8951
11/19/2012,39.5800,39.6900,39.5500,39.6800,1831300.0000,17.9721
11/20/2012,39.6700,39.7300,39.6300,39.7000,1295400.0000,17.9812
11/21/2012,39.7200,39.7600,39.6900,39.6900,1105900.0000,17.9767
11/23/2012,39.8200,39.8200,39.7400,39.7600,612200.0000,18.0084
11/26/2012,39.7600,39.8200,39.7300,39.7500,1431300.0000,18.0038
11/27/2012,39.7800,39.8600,39.7800,39.8200,1962700.0000,18.0355
11/28/2012,39.8100,39.8800,39.7700,39.8600,1672600.0000,18.0537
11/29/2012,39.8900,39.9300,39.8500,39.9100,1485100.0000,18.0763
11/30/2012,39.9300,39.9700,39.8800,39.9200,1715800.0000,18.0808
12/03/2012,39.7600,39.7600,39.5700,39.6100,1502300.0000,18.0280
12/04/2012,39.6500,39.6900,39.5900,39.6400,1116500.0000,18.0417
12/05/2012,39.6800,39.6900,39.6200,39.6200,1718600.0000,18.0326
12/06/2012,39.5800,39.6600,39.5800,39.6300,1645300.0000,18.0371
12/07/2012,39.6400,39.6800,39.6100,39.6500,798900.0000,18.0462
12/10/2012,39.6500,39.6700,39.6200,39.6200,1154400.0000,18.0326
12/11/2012,39.6300,39.6700,39.6200,39.6300,1605500.0000,18.0371
12/12/2012,39.6600,39.7100,39.6500,39.6900,1089600.0000,18.0644
12/13/2012,39.6600,39.7100,39.5500,39.6000,1170900.0000,18.0235
12/14/2012,39.5900,39.6100,39.5100,39.5800,870400.0000,18.0144
12/17/2012,39.6100,39.6400,39.5300,39.5300,1287700.0000,17.9916
12/18/2012,39.5800,39.6600,39.5300,39.6200,1546800.0000,18.0326
12/19/2012,39.6300,39.7300,39.6100,39.7100,2114100.0000,18.0735
12/20/2012,39.6900,39.7500,39.6800,39.7300,1529800.0000,18.0827
12/21/2012,39.6700,39.6700,39.5300,39.6500,1921100.0000,18.0462
12/24/2012,39.5800,39.6700,39.5800,39.6600,493700.0000,18.0508
12/26/2012,39.4600,39.4800,39.3900,39.4300,1241800.0000,18.0645
12/27/2012,39.4300,39.4800,39.4000,39.4100,1000700.0000,18.0554
12/28/2012,39.4100,39.5500,39.4000,39.5100,1358200.0000,18.1012
12/31/2012,39.5300,39.6300,39.4900,39.6200,1667600.0000,18.1516
01/02/2013,39.7800,39.8600,39.7300,39.7400,2212100.0000,18.2066
01/03/2013,39.7500,39.9000,39.7400,39.8400,1948000.0000,18.2524
01/04/2013,39.8800,40.0200,39.8200,40.0200,1938100.0000,18.3348
01/07/2013,40.0200,40.0200,39.9200,40.0000,1857000.0000,18.3257
01/08/2013,40.0200,40.0900,39.9800,40.0300,1342300.0000,18.3394
01/09/2013,40.0700,40.1500,40.0600,40.1400,1442600.0000,18.3898
01/10/2013,40.1900,40.1900,40.1300,40.1600,2258300.0000,18.3990
01/11/2013,40.1900,40.2300,40.1700,40.2100,1505500.0000,18.4219
01/14/2013,40.2300,40.2300,40.1500,40.1600,1627700.0000,18.3990
01/15/2013,40.1700,40.1900,40.1300,40.1900,1814400.0000,18.4127
01/16/2013,40.1900,40.2000,40.1300,40.1500,1500800.0000,18.3944
01/17/2013,40.1800,40.2300,40.1800,40.2100,1797200.0000,18.4219
01/18/2013,40.2700,40.3700,40.2200,40.3500,3449200.0000,18.4860
01/22/2013,40.3600,40.3800,40.3000,40.3500,3029900.0000,18.4860
01/23/2013,40.3800,40.3800,40.3200,40.3300,2114800.0000,18.4769
01/24/2013,40.3400,40.3500,40.2500,40.2600,1628500.0000,18.4448
01/25/2013,40.3000,40.3200,40.2300,40.3200,1700600.0000,18.4723
01/28/2013,40.3300,40.3300,40.2200,40.2400,1768300.0000,18.4356
01/29/2013,40.1300,40.2500,40.1300,40.2200,1329300.0000,18.4265
01/30/2013,40.2200,40.2200,40.1400,40.1500,1864800.0000,18.3944
01/31/2013,40.1300,40.1700,40.1200,40.1500,1917500.0000,18.3944
02/01/2013,40.0600,40.0700,39.9700,40.0100,2319400.0000,18.4183
02/04/2013,40.0000,40.0300,39.9200,39.9600,2172000.0000,18.3953
02/05/2013,39.9800,40.0600,39.9600,40.0200,1907100.0000,18.4229
02/06/2013,40.0400,40.0500,40.0000,40.0300,1762900.0000,18.4275
02/07/2013,40.0400,40.0500,39.9800,40.0500,2274700.0000,18.4368
02/08/2013,40.0600,40.0800,40.0200,40.0500,3052700.0000,18.4368
02/11/2013,40.0600,40.0700,40.0100,40.0500,1311100.0000,18.4368
02/12/2013,40.0800,40.1200,40.0500,40.1000,1411000.0000,18.4598
02/13/2013,40.1100,40.1400,40.0800,40.1100,1361300.0000,18.4644
02/14/2013,40.1200,40.1400,40.1000,40.1000,1364500.0000,18.4598
02/15/2013,40.1300,40.1300,40.0900,40.1200,1067800.0000,18.4690
02/19/2013,40.0900,40.1600,40.0900,40.1300,1599600.0000,18.4736
02/20/2013,40.1400,40.1500,40.0900,40.0900,1799800.0000,18.4552
02/21/2013,40.1200,40.1200,40.0300,40.0900,1391300.0000,18.4552
02/22/2013,40.1000,40.1300,40.0600,40.1200,1066100.0000,18.4690
02/25/2013,40.1300,40.1900,40.1200,40.1300,2767800.0000,18.4736
02/26/2013,40.1700,40.2100,40.1400,40.2100,1765900.0000,18.5104
02/27/2013,40.2100,40.2600,40.2000,40.2500,1015100.0000,18.5288
02/28/2013,40.2400,40.2800,40.1700,40.1700,2170500.0000,18.4920
03/01/2013,40.0800,40.1200,40.0600,40.1200,1176600.0000,18.5151
03/04/2013,40.1200,40.1600,40.0900,40.1500,1122000.0000,18.5289
03/05/2013,40.1900,40.2400,40.1800,40.2200,1261000.0000,18.5612
03/06/2013,40.2500,40.2500,40.2100,40.2300,1148400.0000,18.5658
03/07/2013,40.2200,40.2500,40.2200,40.2400,1658600.0000,18.5704
03/08/2013,40.2500,40.2700,40.2400,40.2400,1745200.0000,18.5704
03/11/2013,40.2800,40.2800,40.2200,40.2800,1103900.0000,18.5889
03/12/2013,40.2700,40.2900,40.2500,40.2700,1141400.0000,18.5843
03/13/2013,40.2800,40.3300,40.2700,40.3200,1241100.0000,18.6074
03/14/2013,40.3000,40.4200,40.3000,40.3700,1606600.0000,18.6304
03/15/2013,40.3700,40.4100,40.3500,40.4000,1114500.0000,18.6443
03/18/2013,40.3700,40.4200,40.3000,40.3800,1200800.0000,18.6351
03/19/2013,40.4000,40.4200,40.3600,40.3700,1378100.0000,18.6304
03/20/2013,40.4000,40.4500,40.3900,40.4500,1295600.0000,18.6674
03/21/2013,40.4300,40.4900,40.4000,40.4400,1438400.0000,18.6627
03/22/2013,40.4800,40.4800,40.4500,40.4600,1630600.0000,18.6720
03/25/2013,40.5000,40.5100,40.4500,40.4600,1467300.0000,18.6720
03/26/2013,40.4800,40.4900,40.4600,40.4700,1521600.0000,18.6766
03/27/2013,40.4500,40.4500,40.3700,40.3900,1726000.0000,18.6397
03/28/2013,40.4100,40.5400,40.4000,40.5200,2259300.0000,18.6997
04/01/2013,40.3400,40.3500,40.2700,40.3100,1707700.0000,18.6834
04/02/2013,40.3700,40.3900,40.3200,40.3600,1440900.0000,18.7066
04/03/2013,40.3500,40.3700,40.2900,40.3100,1541700.0000,18.6834
04/04/2013,40.3400,40.3400,40.2800,40.2800,1374100.0000,18.6695
04/05/2013,40.2200,40.3000,40.1700,40.3000,1372800.0000,18.6788
04/08/2013,40.3000,40.3100,40.2500,40.2700,1250200.0000,18.6649
04/09/2013,40.2800,40.3000,40.2500,40.3000,1294000.0000,18.6788
04/10/2013,40.2900,40.3500,40.2900,40.3200,1531000.0000,18.6881
04/11/2013,40.3500,40.4000,40.3100,40.4000,1386900.0000,18.7252
04/12/2013,40.3800,40.4100,40.3500,40.4000,1311500.0000,18.7252
04/15/2013,40.4000,40.4100,40.3400,40.3400,1289000.0000,18.6973
04/16/2013,40.4500,40.4700,40.3700,40.4600,1633400.0000,18.7530
04/17/2013,40.4700,40.4800,40.4000,40.4700,1663600.0000,18.7576
04/18/2013,40.4900,40.4900,40.4300,40.4900,1639500.0000,18.7669
04/19/2013,40.5000,40.6000,40.4100,40.4600,3161800.0000,18.7530
04/22/2013,40.4900,40.4900,40.3300,40.3300,2084600.0000,18.6927
04/23/2013,40.4000,40.4800,40.3800,40.4600,1827300.0000,18.7530
04/24/2013,40.4600,40.5100,40.4200,40.5100,1168000.0000,18.7761
04/25/2013,40.5400,40.5500,40.5000,40.5500,1423100.0000,18.7947
04/26/2013,40.5500,40.6000,40.5300,40.6000,1039200.0000,18.8179
04/29/2013,40.6100,40.7400,40.6000,40.7300,1593100.0000,18.8781
04/30/2013,40.7400,40.8100,40.7300,40.7700,2108300.0000,18.8966
05/01/2013,40.6400,40.6500,40.5600,40.5700,1884000.0000,18.8841
05/02/2013,40.5700,40.7500,40.5700,40.7500,1382000.0000,18.9679
05/03/2013,40.7800,40.8500,40.7600,40.8000,1422900.0000,18.9911
05/06/2013,40.8200,40.8400,40.7900,40.8200,1586600.0000,19.0004
05/07/2013,40.8400,40.9900,40.8300,40.9600,1702000.0000,19.0656
05/08/2013,40.9800,41.0700,40.9700,41.0600,2158600.0000,19.1122
05/09/2013,41.0800,41.0900,41.0100,41.0400,1634700.0000,19.1028
05/10/2013,41.0200,41.0600,40.9400,41.0300,2083800.0000,19.0982
05/13/2013,41.0400,41.0500,40.9400,40.9700,1254300.0000,19.0703
05/14/2013,40.9500,40.9700,40.8300,40.8500,2621100.0000,19.0144
05/15/2013,40.8200,40.8700,40.7400,40.7500,2623700.0000,18.9679
05/16/2013,40.7800,40.8300,40.7500,40.7600,2415700.0000,18.9725
05/17/2013,40.8300,40.9200,40.7800,40.9200,2067600.0000,19.0470
05/20/2013,40.9200,40.9600,40.9000,40.9400,1349000.0000,19.0563
05/21/2013,40.9700,40.9800,40.9300,40.9400,1783500.0000,19.0563
05/22/2013,40.9800,41.0400,40.8700,40.8900,2350100.0000,19.0330
05/23/2013,40.8200,40.8200,40.6300,40.7500,3263700.0000,18.9679
05/24/2013,40.7600,40.8900,40.7200,40.8300,1254000.0000,19.0051
05/28/2013,40.9400,41.0300,40.7800,40.7800,2445000.0000,18.9818
05/29/2013,40.7300,40.7800,40.4600,40.5800,3307400.0000,18.8887
05/30/2013,40.5800,40.7400,40.5600,40.7100,1698000.0000,18.9493
05/31/2013,40.7400,40.7400,40.3100,40.3300,3532900.0000,18.7724
06/03/2013,40.2800,40.3100,39.1300,39.8500,7046700.0000,18.6247
06/04/2013,39.7200,39.9900,39.7100,39.8300,2880300.0000,18.6153
06/05/2013,39.7400,39.8300,39.5700,39.5900,3353100.0000,18.5032
06/06/2013,39.6200,39.8000,39.4900,39.6800,4463800.0000,18.5452
06/07/2013,39.7800,39.9000,39.7800,39.8200,1882100.0000,18.6107
06/10/2013,39.8300,39.8600,39.6700,39.6900,2936700.0000,18.5499
06/11/2013,39.5100,39.5200,39.0900,39.1300,6514500.0000,18.2882
06/12/2013,39.1600,39.3100,38.4900,38.7100,9931000.0000,18.0919
06/13/2013,38.5000,39.2900,38.1300,39.1900,6354000.0000,18.3162
06/14/2013,39.2100,39.6000,39.0600,39.5100,2534700.0000,18.4658
06/17/2013,39.5900,39.8400,39.5300,39.6100,2437300.0000,18.5125
06/18/2013,39.5900,39.7700,39.4700,39.7000,2715000.0000,18.5546
06/19/2013,39.6500,39.7400,39.2800,39.3400,3597200.0000,18.3863
06/20/2013,38.8700,38.9100,38.6700,38.7500,6495900.0000,18.1106
06/21/2013,38.8400,38.9400,38.5400,38.6800,5472500.0000,18.0779
06/24/2013,38.1800,38.4800,37.8100,38.1400,6233500.0000,17.8255
06/25/2013,38.2400,38.5500,38.0800,38.4600,3859000.0000,17.9750
06/26/2013,38.6500,39.1300,38.6400,38.9400,3403700.0000,18.1994
06/27/2013,39.1800,39.3400,39.1000,39.2000,1605200.0000,18.3209
06/28/2013,39.0700,39.3400,38.9700,39.2800,1413600.0000,18.3583
07/01/2013,39.1300,39.2600,39.1100,39.1200,2007600.0000,18.3573
07/02/2013,39.1100,39.2300,38.9700,38.9800,2394700.0000,18.2916
07/03/2013,38.9700,38.9700,38.8100,38.8300,1431500.0000,18.2213
07/05/2013,38.5100,38.7100,38.4500,38.4800,2519000.0000,18.0570
07/08/2013,38.4900,38.6200,38.3600,38.4600,3930500.0000,18.0476
07/09/2013,38.5000,38.5800,38.4400,38.5400,2065400.0000,18.0852
07/10/2013,38.5800,38.8400,38.5000,38.7100,3178200.0000,18.1649
07/11/2013,38.9900,39.1000,38.8300,38.9800,1888000.0000,18.2916
07/12/2013,39.0000,39.1000,38.9200,38.9500,1712800.0000,18.2776
07/15/2013,38.9500,39.0900,38.9500,39.0900,1093700.0000,18.3433
07/16/2013,39.0300,39.0800,38.9700,38.9900,2017400.0000,18.2963
07/17/2013,39.0700,39.2000,39.0500,39.0500,2128900.0000,18.3245
07/18/2013,39.1000,39.1700,39.0300,39.0700,1542800.0000,18.3339
07/19/2013,39.0500,39.2700,39.0400,39.2400,2535100.0000,18.4137
07/22/2013,39.1900,39.2000,39.1000,39.1000,1168400.0000,18.3480
07/23/2013,39.1300,39.2500,39.1000,39.2000,2366800.0000,18.3949
07/24/2013,39.1500,39.1700,38.9700,39.0600,1450800.0000,18.3292
07/25/2013,38.9700,38.9800,38.7800,38.8600,2311700.0000,18.2353
07/26/2013,38.8200,38.9900,38.8100,38.9400,1488500.0000,18.2729
07/29/2013,38.9100,38.9300,38.7100,38.7100,2345600.0000,18.1649
07/30/2013,38.7900,38.8100,38.7000,38.7000,2715400.0000,18.1603
07/31/2013,38.5900,38.9100,38.4600,38.9100,3155900.0000,18.2588
08/01/2013,38.8400,38.8400,38.4600,38.5000,3290400.0000,18.1419
08/02/2013,38.6400,38.6400,38.4700,38.5300,2563500.0000,18.1561
08/05/2013,38.5300,38.5600,38.4200,38.4700,1775400.0000,18.1278
08/06/2013,38.4100,38.4700,38.3000,38.3300,2390800.0000,18.0618
08/07/2013,38.2400,38.4000,38.1500,38.3000,2317900.0000,18.0477
08/08/2013,38.3900,38.3900,38.2500,38.2700,2653500.0000,18.0336
08/09/2013,38.1100,38.3500,38.0800,38.2800,1465000.0000,18.0383
08/12/2013,38.2800,38.4300,38.2600,38.3700,1319300.0000,18.0807
08/13/2013,38.2700,38.3300,38.2000,38.2300,1674300.0000,18.0147
08/14/2013,38.1600,38.2700,37.9400,37.9400,2561500.0000,17.8781
08/15/2013,37.7200,37.7500,37.6000,37.6600,3217100.0000,17.7461
08/16/2013,37.6700,37.7000,37.3900,37.4700,2889100.0000,17.6566
08/19/2013,37.3900,37.4300,37.0200,37.0400,3115300.0000,17.4540
08/20/2013,37.1500,37.3000,36.9300,37.2300,3787500.0000,17.5435
08/21/2013,37.1200,37.4100,37.0000,37.2400,3590600.0000,17.5482
08/22/2013,37.2800,37.5500,37.2500,37.5300,2261200.0000,17.6848
08/23/2013,37.4700,37.8700,37.4700,37.8700,2256100.0000,17.8451
08/26/2013,37.8900,38.0000,37.7800,37.7800,2087600.0000,17.8026
08/27/2013,37.4900,37.8200,37.4700,37.7300,1468400.0000,17.7791
08/28/2013,37.6600,37.8900,37.6600,37.8200,1416300.0000,17.8215
08/29/2013,37.7200,37.9200,37.7100,37.8400,1519400.0000,17.8309
08/30/2013,37.8300,37.9600,37.8200,37.9000,2210800.0000,17.8592
09/03/2013,37.7500,37.8300,37.5900,37.6500,2891300.0000,17.8152
09/04/2013,37.5500,37.7700,37.5200,37.7500,1968500.0000,17.8625
09/05/2013,37.6300,37.7500,37.5300,37.5600,2265700.0000,17.7726
09/06/2013,37.6800,37.7000,37.5500,37.6000,1403800.0000,17.7915
09/09/2013,37.6300,37.6900,37.5600,37.6600,1687100.0000,17.8199
09/10/2013,37.7000,37.7500,37.6300,37.6400,3191100.0000,17.8105
09/11/2013,37.5700,37.8100,37.5500,37.7700,1957600.0000,17.8720
09/12/2013,37.7200,37.9900,37.5900,37.5900,1457200.0000,17.7868
09/13/2013,37.7200,37.7200,37.5500,37.6700,986800.0000,17.8247
09/16/2013,37.8700,37.9400,37.6500,37.6800,3399600.0000,17.8294
09/17/2013,37.6100,37.7300,37.6100,37.7300,1998300.0000,17.8531
09/18/2013,37.6800,38.1500,37.6700,38.1300,2128200.0000,18.0423
09/19/2013,38.2400,38.2900,37.9500,37.9600,1195700.0000,17.9619
09/20/2013,37.8600,37.9900,37.8300,37.9000,1500800.0000,17.9335
09/23/2013,37.8200,37.9000,37.8100,37.8600,997800.0000,17.9146
09/24/2013,37.8900,37.9700,37.7800,37.8900,1216500.0000,17.9288
09/25/2013,37.8900,38.0000,37.8700,37.9500,1152700.0000,17.9572
09/26/2013,37.9500,38.0700,37.9200,38.0300,1009800.0000,17.9950
09/27/2013,38.0200,38.1300,37.7700,37.8500,4611700.0000,17.9098
09/30/2013,37.7500,38.0200,37.6600,38.0000,2006900.0000,17.9808
10/01/2013,37.8100,37.8800,37.7000,37.7100,1513300.0000,17.9143
10/02/2013,37.6900,37.8100,37.6600,37.7200,891100.0000,17.9191
10/03/2013,37.7400,37.7500,37.6100,37.6600,1410400.0000,17.8906
10/04/2013,37.7000,37.7600,37.6300,37.7200,1215600.0000,17.9191
10/07/2013,37.7000,37.7400,37.5900,37.6000,1995800.0000,17.8620
10/08/2013,37.6000,37.6700,37.5100,37.5300,2023400.0000,17.8288
10/09/2013,37.4900,37.5700,37.4400,37.5000,1472200.0000,17.8145
10/10/2013,37.5300,37.6800,37.5200,37.6200,1092800.0000,17.8716
10/11/2013,37.6300,37.6900,37.5300,37.6800,1427100.0000,17.9001
10/14/2013,37.5300,37.7200,37.5300,37.6300,665900.0000,17.8763
10/15/2013,37.5800,37.6900,37.5000,37.5000,1611700.0000,17.8145
10/16/2013,37.4800,37.6600,37.4800,37.5900,1338900.0000,17.8573
10/17/2013,37.6200,37.8800,37.6000,37.8700,1537100.0000,17.9903
10/18/2013,37.8700,38.1100,37.8300,38.0800,1601900.0000,18.0901
10/21/2013,38.2400,38.2400,37.9800,37.9800,1297800.0000,18.0426
10/22/2013,38.0300,38.2800,38.0300,38.1800,1605900.0000,18.1376
10/23/2013,38.6400,38.6400,38.1000,38.3200,2457300.0000,18.2041
10/24/2013,38.3700,38.3900,38.1500,38.1800,955800.0000,18.1376
10/25/2013,38.2000,38.2500,38.1200,38.1500,1205700.0000,18.1233
10/28/2013,38.0300,38.3000,38.0300,38.1300,1464600.0000,18.1138
10/29/2013,38.1700,38.2400,38.1400,38.1900,963100.0000,18.1423
10/30/2013,38.1500,38.2900,38.1500,38.1500,1370600.0000,18.1233
10/31/2013,38.1200,38.2800,38.1200,38.2000,1231300.0000,18.1471
11/01/2013,38.0000,38.1900,37.9600,38.0700,1227500.0000,18.1581
11/04/2013,38.0700,38.1400,38.0400,38.0500,1495800.0000,18.1485
11/05/2013,38.0700,38.0900,37.9300,37.9600,1394900.0000,18.1056
11/06/2013,37.9700,38.0400,37.9200,37.9500,2855200.0000,18.1008
11/07/2013,37.9300,38.0600,37.9300,38.0100,1071200.0000,18.1294
11/08/2013,37.9100,37.9500,37.8300,37.8500,1680900.0000,18.0531
11/11/2013,37.8100,37.9300,37.8100,37.9000,1314200.0000,18.0770
11/12/2013,37.8400,37.8900,37.7800,37.7900,982000.0000,18.0245
11/13/2013,37.7200,37.8700,37.6900,37.8600,1533400.0000,18.0579
11/14/2013,37.8500,37.9500,37.8000,37.9200,1181900.0000,18.0865
11/15/2013,37.8300,37.9900,37.8000,37.9700,1588600.0000,18.1104
11/18/2013,38.0100,38.0500,37.9100,37.9300,925400.0000,18.0913
11/19/2013,37.8600,37.9800,37.8600,37.8900,1295300.0000,18.0722
11/20/2013,37.8600,38.0200,37.8000,37.8000,1487800.0000,18.0293
11/21/2013,37.7800,37.9700,37.7700,37.9100,1518400.0000,18.0817
11/22/2013,37.8600,38.1900,37.8600,38.1700,2044500.0000,18.2057
11/25/2013,38.1300,38.1500,38.0400,38.0600,945700.0000,18.1533
11/26/2013,38.1000,38.1700,38.0300,38.1200,840300.0000,18.1819
11/27/2013,38.0600,38.1900,38.0600,38.1100,935200.0000,18.1771
11/29/2013,38.1200,38.2000,38.1000,38.1700,447100.0000,18.2057
12/02/2013,37.9300,37.9500,37.8400,37.9100,1781400.0000,18.1942
12/03/2013,37.8600,37.9000,37.8000,37.8200,1260400.0000,18.1510
12/04/2013,37.8000,37.8400,37.6700,37.6900,1409900.0000,18.0886
12/05/2013,37.5500,37.6900,37.4900,37.4900,1738600.0000,17.9927
12/06/2013,37.6200,37.6700,37.5100,37.5100,1436000.0000,18.0023
12/09/2013,37.5100,37.6900,37.4400,37.5600,1797700.0000,18.0263
12/10/2013,37.6000,37.6200,37.5200,37.5900,1660600.0000,18.0406
12/11/2013,37.5500,37.5900,37.3400,37.3800,2352700.0000,17.9399
12/12/2013,37.2700,37.3600,37.1800,37.3000,3602400.0000,17.9015
12/13/2013,37.2800,37.4700,37.2600,37.4500,2106900.0000,17.9735
12/16/2013,37.4400,37.5900,37.4100,37.5100,1772400.0000,18.0023
12/17/2013,37.5200,37.5200,37.4200,37.4500,1917800.0000,17.9735
12/18/2013,37.4700,37.6700,37.3700,37.4700,3781600.0000,17.9830
12/19/2013,37.4200,37.5400,37.3500,37.4700,2673600.0000,17.9830
12/20/2013,37.4400,37.5700,37.4400,37.5000,1982400.0000,17.9975
12/23/2013,37.4800,37.6500,37.4500,37.4600,2111400.0000,17.9783
12/24/2013,37.4000,37.5300,37.3900,37.4800,1218600.0000,17.9879
12/26/2013,36.9800,36.9800,36.7000,36.7200,2147700.0000,17.9166
12/27/2013,36.7000,36.8000,36.6600,36.6600,2813300.0000,17.8874
12/30/2013,36.6900,36.8900,36.6300,36.8500,3785400.0000,17.9801
12/31/2013,36.7800,36.8600,36.7200,36.8300,2261400.0000,17.9703
01/02/2014,36.8900,37.1300,36.8500,37.0500,1448100.0000,18.0776
01/03/2014,37.1200,37.3400,37.1000,37.2700,1239100.0000,18.1850
01/06/2014,37.3500,37.5200,37.3200,37.4900,1233200.0000,18.2923
01/07/2014,37.5600,37.5900,37.4000,37.4200,2560400.0000,18.2582
01/08/2014,37.3800,37.4800,37.3400,37.4800,1577000.0000,18.2874
01/09/2014,37.4700,37.6400,37.4600,37.6100,2024200.0000,18.3509
01/10/2014,37.6600,37.8600,37.6600,37.8000,1612900.0000,18.4436
01/13/2014,37.8100,37.9000,37.7300,37.7600,2331400.0000,18.4241
01/14/2014,37.7900,37.9200,37.7400,37.8100,1680100.0000,18.4485
01/15/2014,37.7600,37.9200,37.7600,37.8000,2285500.0000,18.4436
01/16/2014,37.7800,37.9500,37.7800,37.9300,2096800.0000,18.5070
01/17/2014,37.9400,38.1000,37.8900,38.0300,3505400.0000,18.5558
01/21/2014,38.0500,38.0700,37.9100,37.9400,1731300.0000,18.5119
01/22/2014,37.9500,38.0500,37.9500,38.0100,1122000.0000,18.5460
01/23/2014,38.0400,38.0500,37.8700,37.9300,1833000.0000,18.5070
01/24/2014,37.9600,37.9700,37.7900,37.8000,1543700.0000,18.4436
01/27/2014,37.7900,37.9400,37.7400,37.7500,1182900.0000,18.4192
01/28/2014,37.7900,37.9200,37.7600,37.9200,1162000.0000,18.5021
01/29/2014,37.9100,37.9100,37.8000,37.8400,1007500.0000,18.4631
01/30/2014,37.9000,38.0600,37.8700,37.9800,1592000.0000,18.5314
01/31/2014,37.8500,37.9500,37.8500,37.9200,1727700.0000,18.5021
02/03/2014,37.7700,37.8400,37.6000,37.6500,1431400.0000,18.4678
02/04/2014,37.7600,37.7600,37.6500,37.7300,1923200.0000,18.5070
02/05/2014,37.7300,37.7400,37.6300,37.7400,2386100.0000,18.5120
02/06/2014,37.7400,37.8300,37.7100,37.7500,1657000.0000,18.5168
02/07/2014,37.8400,37.8700,37.7900,37.8300,2009300.0000,18.5561
02/10/2014,37.8100,37.9300,37.8100,37.8900,900700.0000,18.5855
02/11/2014,37.8900,38.0200,37.8700,37.9900,1286200.0000,18.6346
02/12/2014,38.0000,38.0900,37.9800,38.0000,1433900.0000,18.6395
02/13/2014,37.9800,38.1500,37.9600,38.1200,1026000.0000,18.6983
02/14/2014,38.1400,38.3000,38.1400,38.2100,1128300.0000,18.7425
02/18/2014,38.2200,38.3800,38.2200,38.3500,998500.0000,18.8112
02/19/2014,38.3500,38.4800,38.3500,38.3900,879900.0000,18.8308
02/20/2014,38.3900,38.4400,38.3600,38.4000,717200.0000,18.8357
02/21/2014,38.4300,38.4600,38.3900,38.4200,1041300.0000,18.8455
02/24/2014,38.4400,38.5000,38.3700,38.3900,855600.0000,18.8308
02/25/2014,38.4300,38.4600,38.3300,38.3600,1028700.0000,18.8161
02/26/2014,38.3500,38.5000,38.3500,38.4200,1548200.0000,18.8455
02/27/2014,38.4400,38.5300,38.4200,38.4800,755100.0000,18.8749
02/28/2014,38.5500,38.6300,38.5000,38.5800,1522700.0000,18.9240
03/03/2014,38.2900,38.3600,38.1800,38.3300,1703300.0000,18.9092
03/04/2014,38.4000,38.4300,38.3500,38.4100,1562100.0000,18.9486
03/05/2014,38.4100,38.4400,38.3500,38.3700,952300.0000,18.9289
03/06/2014,38.4100,38.4500,38.4000,38.4300,706300.0000,18.9585
03/07/2014,38.4300,38.4300,38.3200,38.3500,858400.0000,18.9191
03/10/2014,38.3500,38.3900,38.3300,38.3600,604700.0000,18.9240
03/11/2014,38.3500,38.4100,38.3200,38.3800,816300.0000,18.9338
03/12/2014,38.3900,38.4600,38.3200,38.4500,644800.0000,18.9684
03/13/2014,38.5000,38.5900,38.4600,38.5400,844500.0000,19.0128
03/14/2014,38.5000,38.6800,38.5000,38.6500,912600.0000,19.0670
03/17/2014,38.6600,38.8000,38.6600,38.7700,1454400.0000,19.1262
03/18/2014,38.8000,38.8500,38.7700,38.8200,2486700.0000,19.1509
03/19/2014,38.8000,38.8700,38.7300,38.7400,1350400.0000,19.1114
03/20/2014,38.7500,38.7900,38.6800,38.7600,878000.0000,19.1213
03/21/2014,38.8000,38.8700,38.7600,38.8600,659500.0000,19.1706
03/24/2014,38.9000,38.9600,38.8300,38.9100,2204900.0000,19.1953
03/25/2014,38.9500,38.9500,38.8700,38.9100,2335100.0000,19.1953
03/26/2014,38.9100,38.9400,38.8900,38.9000,989800.0000,19.1904
03/27/2014,38.9000,38.9500,38.8800,38.9300,993400.0000,19.2052
03/28/2014,38.9200,38.9900,38.9200,38.9700,831300.0000,19.2249
03/31/2014,39.0500,39.0800,39.0000,39.0300,1876900.0000,19.2545
04/01/2014,38.8400,39.0100,38.8300,38.9900,2995200.0000,19.3308
04/02/2014,39.0400,39.0700,38.9200,38.9300,1746000.0000,19.3011
04/03/2014,38.9600,38.9600,38.8900,38.9000,1090300.0000,19.2862
04/04/2014,38.9500,38.9800,38.9200,38.9400,2103200.0000,19.3061
04/07/2014,38.9600,39.0300,38.8700,38.9100,1679700.0000,19.2912
04/08/2014,38.9400,38.9700,38.8900,38.9300,1216300.0000,19.3011
04/09/2014,38.9500,39.0500,38.9500,39.0000,1973700.0000,19.3358
04/10/2014,39.0600,39.1000,38.9600,38.9700,1324500.0000,19.3209
04/11/2014,39.0000,39.0200,38.9600,39.0000,980600.0000,19.3358
04/14/2014,39.0300,39.0900,38.9700,39.0200,822100.0000,19.3457
04/15/2014,39.0500,39.1100,39.0000,39.1000,1833700.0000,19.3854
04/16/2014,39.1000,39.1500,39.0700,39.1100,1224900.0000,19.3904
04/17/2014,39.1000,39.1600,39.0300,39.1000,2375100.0000,19.3854
04/21/2014,39.0100,39.0900,39.0100,39.0400,1144300.0000,19.3556
04/22/2014,39.0700,39.1300,39.0500,39.1200,2274300.0000,19.3953
04/23/2014,39.1600,39.1800,39.1000,39.1000,1356700.0000,19.3854
04/24/2014,39.1500,39.1800,39.1000,39.1600,1001400.0000,19.4151
04/25/2014,39.1800,39.2500,39.1500,39.2400,1295600.0000,19.4548
04/28/2014,39.2700,39.3700,39.2500,39.3300,1732700.0000,19.4994
04/29/2014,39.3900,39.4400,39.3500,39.4200,1317300.0000,19.5441
04/30/2014,39.4600,39.5500,39.4300,39.5500,2189000.0000,19.6085
05/01/2014,39.4200,39.4300,39.3400,39.3900,1789200.0000,19.6239
05/02/2014,39.3400,39.4500,39.3400,39.4500,1029100.0000,19.6538
05/05/2014,39.4500,39.5300,39.4400,39.5100,4142800.0000,19.6837
05/06/2014,39.5200,39.5400,39.4500,39.4600,1079100.0000,19.6588
05/07/2014,39.4900,39.5400,39.4500,39.5000,1711800.0000,19.6787
05/08/2014,39.5400,39.5600,39.5100,39.5200,1317300.0000,19.6887
05/09/2014,39.5200,39.5400,39.4600,39.5000,1089500.0000,19.6787
05/12/2014,39.5400,39.5500,39.4900,39.5100,1573500.0000,19.6837
05/13/2014,39.5400,39.6000,39.5100,39.5300,1840600.0000,19.6937
05/14/2014,39.5400,39.6200,39.5300,39.6100,2111000.0000,19.7335
05/15/2014,39.6300,39.6500,39.5700,39.6000,1763600.0000,19.7286
05/16/2014,39.6000,39.6500,39.5800,39.6500,2081200.0000,19.7535
05/19/2014,39.6400,39.7100,39.6400,39.6900,2158900.0000,19.7734
05/20/2014,39.7200,39.7200,39.6700,39.6700,1532600.0000,19.7634
05/21/2014,39.7000,39.7300,39.6500,39.6600,1435500.0000,19.7584
05/22/2014,39.6800,39.7000,39.5500,39.5600,1721400.0000,19.7086
05/23/2014,39.5600,39.6300,39.4900,39.5500,1903300.0000,19.7036
05/27/2014,39.6000,39.6700,39.5600,39.6700,1296400.0000,19.7634
05/28/2014,39.6000,39.7500,39.6000,39.7500,1242000.0000,19.8033
05/29/2014,39.7600,39.8600,39.7200,39.8500,1595400.0000,19.8531
05/30/2014,39.8500,39.8900,39.8100,39.8500,1211800.0000,19.8531
06/02/2014,39.7000,39.7300,39.6200,39.6400,1345700.0000,19.8396
06/03/2014,39.6400,39.6700,39.3700,39.3700,2644500.0000,19.7045
06/04/2014,39.3900,39.4500,38.9600,39.2300,6476600.0000,19.6344
06/05/2014,39.1900,39.3600,39.1500,39.3000,1958600.0000,19.6694
06/06/2014,39.3500,39.4400,39.3500,39.3900,1232200.0000,19.7145
06/09/2014,39.3900,39.4500,39.3600,39.4200,1826600.0000,19.7295
06/10/2014,39.4200,39.4300,39.2600,39.3100,2680400.0000,19.6744
06/11/2014,39.2800,39.3400,39.2300,39.3300,1994400.0000,19.6844
06/12/2014,39.3300,39.4300,39.2700,39.4100,1486300.0000,19.7245
06/13/2014,39.4200,39.4400,39.3500,39.3700,1878600.0000,19.7045
06/16/2014,39.4400,39.5000,39.4100,39.4400,1808000.0000,19.7395
06/17/2014,39.4400,39.5500,39.4200,39.5500,1754000.0000,19.7945
06/18/2014,39.5800,39.6600,39.5300,39.6500,2214700.0000,19.8446
06/19/2014,39.6600,39.7000,39.6300,39.6700,1482300.0000,19.8546
06/20/2014,39.6900,39.7100,39.6400,39.7000,1123600.0000,19.8696
06/23/2014,39.7500,39.7600,39.6800,39.7200,1341100.0000,19.8796
06/24/2014,39.7300,39.7800,39.7200,39.7300,1409100.0000,19.8846
06/25/2014,39.7200,39.8000,39.7000,39.7900,1410000.0000,19.9147
06/26/2014,39.7700,39.8700,39.7700,39.8500,1753200.0000,19.9447
06/27/2014,39.8500,39.9200,39.8500,39.9100,1370800.0000,19.9747
06/30/2014,39.9500,39.9900,39.9000,39.9100,2401700.0000,19.9747
07/01/2014,39.7600,39.8200,39.6800,39.7800,1907400.0000,20.0014
07/02/2014,39.8200,39.8200,39.7600,39.8100,2006900.0000,20.0165
07/03/2014,39.7700,39.8000,39.6300,39.6600,1082200.0000,19.9410
07/07/2014,39.7000,39.7300,39.6300,39.6500,1177900.0000,19.9360
07/08/2014,39.6900,39.7200,39.6600,39.7100,1133300.0000,19.9662
07/09/2014,39.7500,39.7800,39.7400,39.7800,1152300.0000,20.0014
07/10/2014,39.6800,39.7500,39.6500,39.7200,1294400.0000,19.9712
07/11/2014,39.7500,39.9300,39.7000,39.9200,4130100.0000,20.0718
07/14/2014,39.9900,40.0100,39.8900,39.9100,1625400.0000,20.0667
07/15/2014,39.9500,39.9600,39.8600,39.8900,1055300.0000,20.0567
07/16/2014,39.9400,39.9800,39.8100,39.8800,1388000.0000,20.0517
07/17/2014,39.9100,39.9200,39.6500,39.6600,1900200.0000,19.9410
07/18/2014,39.6600,39.8900,39.6600,39.8600,2441000.0000,20.0416
07/21/2014,39.8600,39.9100,39.7900,39.8000,1360700.0000,20.0114
07/22/2014,39.8300,39.8500,39.7200,39.7800,1579900.0000,20.0014
07/23/2014,39.7800,39.8500,39.7700,39.8000,1206400.0000,20.0114
07/24/2014,39.8300,39.8600,39.7700,39.8400,1076200.0000,20.0315
07/25/2014,39.8600,39.9000,39.8300,39.8800,878000.0000,20.0517
07/28/2014,39.8800,39.9100,39.8600,39.8700,1040400.0000,20.0466
07/29/2014,39.8900,39.9200,39.8800,39.8900,826200.0000,20.0567
07/30/2014,39.9200,39.9300,39.8100,39.8100,2148000.0000,20.0165
07/31/2014,39.7400,39.7500,39.5300,39.5300,2972800.0000,19.8757
08/01/2014,39.3300,39.4000,39.0700,39.2600,4414700.0000,19.8368
08/04/2014,39.2600,39.3700,39.0800,39.1400,1713700.0000,19.7761
08/05/2014,39.1000,39.1900,39.0600,39.0900,1673000.0000,19.7509
08/06/2014,39.0700,39.2200,39.0500,39.1800,1943200.0000,19.7963
08/07/2014,39.2500,39.4400,39.2200,39.4200,2844600.0000,19.9176
08/08/2014,39.3900,39.4700,39.3700,39.4000,1639300.0000,19.9075
08/11/2014,39.4500,39.5100,39.4300,39.4500,734700.0000,19.9328
08/12/2014,39.4700,39.5200,39.4500,39.5200,838500.0000,19.9681
08/13/2014,39.5500,39.6300,39.5300,39.6300,1587000.0000,20.0237
08/14/2014,39.6800,39.7800,39.6800,39.7400,2632700.0000,20.0793
08/15/2014,39.8000,39.8000,39.6400,39.7700,1202000.0000,20.0945
08/18/2014,39.7900,39.8800,39.7800,39.8800,1694700.0000,20.1500
08/19/2014,39.8900,39.9200,39.8300,39.8600,972600.0000,20.1399
08/20/2014,39.8000,39.8700,39.7700,39.8500,1424200.0000,20.1349
08/21/2014,39.8400,39.8900,39.8300,39.8700,1058700.0000,20.1450
08/22/2014,39.8700,39.8700,39.8100,39.8700,712500.0000,20.1450
08/25/2014,39.8600,39.9300,39.8600,39.9300,927400.0000,20.1753
08/26/2014,39.9500,40.0200,39.9100,39.9900,1353900.0000,20.2056
08/27/2014,39.9900,40.0300,39.9700,40.0200,1442900.0000,20.2208
08/28/2014,40.0200,40.0400,40.0000,40.0400,993600.0000,20.2309
08/29/2014,40.0800,40.0900,40.0000,40.0400,936300.0000,20.2309
09/02/2014,39.8900,39.9500,39.6800,39.7000,1722300.0000,20.1552
09/03/2014,39.7300,39.7500,39.6000,39.6800,1520400.0000,20.1451
09/04/2014,39.6900,39.7300,39.3200,39.3600,3754200.0000,19.9826
09/05/2014,39.4200,39.4700,39.2800,39.4500,2494500.0000,20.0283
09/08/2014,39.4900,39.5200,39.3600,39.3700,1116700.0000,19.9877
09/09/2014,39.3700,39.3800,39.2800,39.3000,3099400.0000,19.9522
09/10/2014,39.2600,39.3400,39.2500,39.3000,1046100.0000,19.9522
09/11/2014,39.2900,39.3200,39.2400,39.2900,906200.0000,19.9471
09/12/2014,39.2500,39.2500,39.1200,39.2000,1586800.0000,19.9014
09/15/2014,39.2000,39.2700,39.1800,39.2600,947800.0000,19.9319
09/16/2014,39.1800,39.2800,39.1200,39.2300,2175000.0000,19.9166
09/17/2014,39.2300,39.3800,39.2300,39.3400,1074100.0000,19.9725
09/18/2014,39.3100,39.4700,39.3100,39.4400,985800.0000,20.0232
09/19/2014,39.5000,39.5100,39.4500,39.4900,1047500.0000,20.0486
09/22/2014,39.5100,39.5100,39.3400,39.4100,1194300.0000,20.0080
09/23/2014,39.4100,39.4100,39.3400,39.3700,991600.0000,19.9877
09/24/2014,39.3900,39.4400,39.2900,39.3600,1089200.0000,19.9826
09/25/2014,39.3500,39.4000,39.2300,39.2700,1557300.0000,19.9369
09/26/2014,39.2000,39.4200,39.1500,39.4200,1485800.0000,20.0131
09/29/2014,39.3600,39.4700,39.2700,39.4700,1414300.0000,20.0385
09/30/2014,39.4700,39.5500,39.4300,39.5200,1702600.0000,20.0639
10/01/2014,39.3100,39.3800,39.1800,39.2300,2121800.0000,20.0128
10/02/2014,39.2400,39.3300,39.1800,39.2800,1646800.0000,20.0383
10/03/2014,39.3200,39.3700,39.2200,39.2800,1086900.0000,20.0383
10/06/2014,39.3000,39.4200,39.3000,39.3300,1462900.0000,20.0639
10/07/2014,39.3000,39.3400,39.2600,39.2600,958600.0000,20.0281
10/08/2014,39.3100,39.4700,39.2600,39.4300,1800700.0000,20.1149
10/09/2014,39.4500,39.4800,39.2500,39.2600,1386200.0000,20.0281
10/10/2014,39.2700,39.2800,39.1100,39.2100,1217500.0000,20.0026
10/13/2014,39.1800,39.2900,39.1300,39.1400,1288400.0000,19.9669
10/14/2014,39.2600,39.3800,39.2100,39.2700,2713300.0000,20.0332
10/15/2014,39.2400,39.3200,39.1200,39.3100,2316800.0000,20.0537
10/16/2014,39.1900,39.3600,39.1200,39.3400,1850900.0000,20.0689
10/17/2014,39.4100,39.4800,39.3500,39.4000,2239800.0000,20.0996
10/20/2014,39.4300,39.4500,39.3700,39.4500,1837800.0000,20.1251
10/21/2014,39.5000,39.5900,39.4800,39.5500,2295200.0000,20.1761
10/22/2014,39.5900,39.6100,39.5400,39.5700,2213700.0000,20.1863
10/23/2014,39.6400,39.6700,39.5700,39.6000,1734300.0000,20.2016
10/24/2014,39.6000,39.6500,39.6000,39.6500,1357700.0000,20.2271
10/27/2014,39.6500,39.6900,39.6000,39.6500,1373200.0000,20.2271
10/28/2014,39.7300,39.7300,39.6500,39.7000,1587600.0000,20.2526
10/29/2014,39.7200,39.7400,39.6300,39.6700,1458000.0000,20.2373
10/30/2014,39.6900,39.7400,39.6600,39.7200,1440200.0000,20.2628
10/31/2014,39.8600,39.8600,39.7200,39.7500,1903800.0000,20.2781
11/03/2014,39.6000,39.6600,39.5600,39.6100,2461200.0000,20.3032
11/04/2014,39.6400,39.6600,39.5900,39.6400,2139400.0000,20.3186
11/05/2014,39.6600,39.7000,39.5700,39.6000,1283300.0000,20.2981
11/06/2014,39.6300,39.6700,39.5800,39.6200,1776100.0000,20.3083
11/07/2014,39.6300,39.7600,39.6200,39.7200,3967900.0000,20.3596
11/10/2014,39.7700,39.7900,39.7200,39.7400,2120800.0000,20.3699
11/11/2014,39.7500,39.7700,39.7200,39.7700,1298500.0000,20.3852
11/12/2014,39.7600,39.8100,39.7600,39.8100,1859900.0000,20.4057
11/13/2014,39.8000,39.8400,39.7800,39.7900,2198800.0000,20.3955
11/14/2014,39.8100,39.8700,39.8000,39.8600,2735200.0000,20.4314
11/17/2014,39.8800,39.9500,39.8600,39.9200,2034000.0000,20.4621
11/18/2014,39.9400,39.9700,39.9100,39.9300,2757800.0000,20.4673
11/19/2014,39.9300,39.9300,39.8600,39.8800,2196900.0000,20.4416
11/20/2014,39.8800,39.9000,39.8600,39.8900,2585200.0000,20.4468
11/21/2014,39.9600,39.9600,39.8800,39.9100,2214600.0000,20.4570
11/24/2014,39.9400,39.9500,39.9100,39.9400,1713700.0000,20.4724
11/25/2014,39.9600,39.9800,39.9400,39.9700,1731000.0000,20.4878
11/26/2014,39.9700,40.1000,39.9700,40.0700,3718400.0000,20.5390
11/28/2014,40.1000,40.1500,40.0300,40.0500,967300.0000,20.5288
12/01/2014,39.9300,39.9300,39.6600,39.6600,3163500.0000,20.4211
12/02/2014,39.6700,39.7500,39.6600,39.7500,2339400.0000,20.4675
12/03/2014,39.7300,39.7700,39.5600,39.6000,4246100.0000,20.3903
12/04/2014,39.5800,39.6000,39.3400,39.3700,5652700.0000,20.2718
12/05/2014,39.3500,39.4600,39.3400,39.4000,1797600.0000,20.2873
12/08/2014,39.3900,39.4800,39.3800,39.4600,1280700.0000,20.3182
12/09/2014,39.3700,39.4700,39.3200,39.4600,1716400.0000,20.3182
12/10/2014,39.4600,39.4600,39.3200,39.3500,1747600.0000,20.2615
12/11/2014,39.3600,39.5100,39.3600,39.4100,1759700.0000,20.2924
12/12/2014,39.4100,39.4100,39.3100,39.3100,1432300.0000,20.2409
12/15/2014,39.3400,39.4000,39.1600,39.1900,2246000.0000,20.1791
12/16/2014,39.1200,39.1800,39.0100,39.0100,2827700.0000,20.0864
12/17/2014,39.1500,39.2700,39.0200,39.2700,2085300.0000,20.2203
12/18/2014,39.4000,39.4200,39.3000,39.3800,1857000.0000,20.2770
12/19/2014,39.4000,39.5500,39.3900,39.5300,1879400.0000,20.3542
12/22/2014,39.5200,39.5900,39.4800,39.5200,1943100.0000,20.3491
12/23/2014,39.5100,39.5900,39.4700,39.5000,1916900.0000,20.3388
12/24/2014,39.2400,39.2400,39.1000,39.1100,1172200.0000,20.3325
12/26/2014,39.1500,39.2000,39.1200,39.1900,1352600.0000,20.3741
12/29/2014,39.1500,39.2900,39.1500,39.2700,1719100.0000,20.4157
12/30/2014,39.2300,39.4000,39.2200,39.3900,1869800.0000,20.4781
12/31/2014,39.4800,39.5000,39.4000,39.4400,1897500.0000,20.5041
01/02/2015,39.4100,39.6400,39.4100,39.6100,2690100.0000,20.5925
01/05/2015,39.6400,39.6400,39.4000,39.4600,2236700.0000,20.5145
01/06/2015,39.4800,39.5400,39.4500,39.5000,1956600.0000,20.5353
01/07/2015,39.5600,39.6200,39.5300,39.5900,1991600.0000,20.5821
01/08/2015,39.6600,39.7200,39.6200,39.6400,2237000.0000,20.6081
01/09/2015,39.6600,39.6700,39.5800,39.6700,2013400.0000,20.6237
01/12/2015,39.6500,39.6700,39.6000,39.6400,1450600.0000,20.6081
01/13/2015,39.6600,39.6900,39.5600,39.6000,1673000.0000,20.5873
01/14/2015,39.5500,39.5900,39.5100,39.5200,1643600.0000,20.5457
01/15/2015,39.5200,39.5800,39.4300,39.5300,2599900.0000,20.5509
01/16/2015,39.5100,39.6700,39.5000,39.6700,2268300.0000,20.6237
01/20/2015,39.7900,39.8300,39.6400,39.6500,1913500.0000,20.6133
01/21/2015,39.6500,39.7300,39.6500,39.7100,1687500.0000,20.6445
01/22/2015,39.7100,39.8000,39.7100,39.7900,1690000.0000,20.6861
01/23/2015,39.8100,39.8500,39.7700,39.8200,1987400.0000,20.7016
01/26/2015,39.8500,39.9300,39.8300,39.9300,2952000.0000,20.7588
01/27/2015,39.9100,39.9800,39.8500,39.9600,1923800.0000,20.7744
01/28/2015,39.9800,40.0200,39.9500,40.0100,1963800.0000,20.8004
01/29/2015,40.0300,40.0700,39.9600,39.9800,1574400.0000,20.7848
01/30/2015,39.9900,40.0500,39.9600,39.9600,1828800.0000,20.7744
02/02/2015,39.8200,39.9000,39.8000,39.9000,1883100.0000,20.8413
02/03/2015,39.8800,39.9300,39.8500,39.9000,1876200.0000,20.8413
02/04/2015,39.8800,39.9100,39.8000,39.8600,1626700.0000,20.8204
02/05/2015,39.8700,39.9200,39.8300,39.9200,2585200.0000,20.8517
02/06/2015,39.9200,39.9200,39.7200,39.7800,2487100.0000,20.7786
02/09/2015,39.7900,39.8400,39.7600,39.8200,1533500.0000,20.7995
02/10/2015,39.8400,39.8500,39.7700,39.8000,1471700.0000,20.7890
02/11/2015,39.8500,39.9000,39.7700,39.9000,2190700.0000,20.8413
02/12/2015,39.9200,39.9600,39.8500,39.9300,1406900.0000,20.8570
02/13/2015,39.9400,40.0100,39.9300,40.0000,1537800.0000,20.8935
02/17/2015,40.0100,40.0500,39.8300,39.8700,2155400.0000,20.8256
02/18/2015,39.8700,39.8700,39.5800,39.7300,5369600.0000,20.7525
02/19/2015,39.7400,39.8100,39.6600,39.7700,2129500.0000,20.7734
02/20/2015,39.7800,39.8900,39.7700,39.8400,1653300.0000,20.8099
02/23/2015,39.8900,39.9400,39.8500,39.9300,2003900.0000,20.8570
02/24/2015,39.9500,40.0000,39.9200,39.9900,1857000.0000,20.8883
02/25/2015,40.0000,40.0800,40.0000,40.0500,3075800.0000,20.9196
02/26/2015,40.0500,40.0800,40.0000,40.0800,2001500.0000,20.9353
02/27/2015,40.1200,40.1700,40.0600,40.1600,1965500.0000,20.9771
03/02/2015,40.0300,40.0300,39.9500,39.9900,2556000.0000,20.9771
03/03/2015,39.9800,40.0400,39.9500,40.0300,2211600.0000,20.9981
03/04/2015,40.0300,40.0700,39.9800,40.0400,2574300.0000,21.0033
03/05/2015,40.0600,40.1100,40.0500,40.0600,1718300.0000,21.0138
03/06/2015,40.0000,40.0300,39.6500,39.7000,5258000.0000,20.8250
03/09/2015,39.7300,39.7800,39.5600,39.6100,2927700.0000,20.7778
03/10/2015,39.6000,39.7100,39.5600,39.6700,1743600.0000,20.8092
03/11/2015,39.7100,39.8200,39.6900,39.8000,1642300.0000,20.8774
03/12/2015,39.8300,39.9000,39.7500,39.7600,1863900.0000,20.8564
03/13/2015,39.7900,39.8000,39.6700,39.7400,2049800.0000,20.8460
03/16/2015,39.7800,39.8400,39.7500,39.7900,1823400.0000,20.8722
03/17/2015,39.7800,39.7900,39.7200,39.7800,2385400.0000,20.8669
03/18/2015,39.7800,39.9700,39.7300,39.9300,2603500.0000,20.9456
03/19/2015,39.9500,39.9700,39.9000,39.9100,2349900.0000,20.9351
03/20/2015,39.9500,40.0800,39.9100,40.0500,3746300.0000,21.0086
03/23/2015,40.0500,40.1200,40.0100,40.0900,2194500.0000,21.0295
03/24/2015,40.1500,40.1500,40.0500,40.0900,1667900.0000,21.0295
03/25/2015,40.1300,40.1700,40.0600,40.0900,2460000.0000,21.0295
03/26/2015,40.0600,40.0900,40.0000,40.0700,1673200.0000,21.0191
03/27/2015,40.1000,40.1200,40.0700,40.0800,1292600.0000,21.0243
03/30/2015,40.1200,40.1700,40.0600,40.1100,1988000.0000,21.0400
03/31/2015,40.1000,40.1700,40.1000,40.1100,2212400.0000,21.0400
04/01/2015,39.9700,39.9800,39.8500,39.9300,2492500.0000,21.0379
04/02/2015,39.9400,40.0000,39.9100,39.9700,1352800.0000,21.0590
04/06/2015,39.9600,40.0100,39.9300,39.9400,1879700.0000,21.0432
04/07/2015,39.9300,39.9800,39.9300,39.9700,1319200.0000,21.0590
04/08/2015,39.9800,40.0500,39.9700,40.0400,1615000.0000,21.0959
04/09/2015,40.0300,40.0900,39.9900,40.0300,2488500.0000,21.0906
04/10/2015,40.0500,40.0500,40.0000,40.0200,1353200.0000,21.0854
04/13/2015,40.0300,40.0500,39.9600,39.9900,1336400.0000,21.0695
04/14/2015,40.0200,40.0400,39.9900,40.0200,1663300.0000,21.0854
04/15/2015,40.0400,40.1400,40.0200,40.1300,2116000.0000,21.1433
04/16/2015,40.1300,40.1500,40.0400,40.0700,2909000.0000,21.1117
04/17/2015,40.0400,40.0500,39.8600,39.9200,3250600.0000,21.0327
04/20/2015,40.0000,40.0000,39.8800,39.8900,3346600.0000,21.0169
04/21/2015,39.9600,39.9800,39.9100,39.9600,1501800.0000,21.0537
04/22/2015,39.9600,39.9900,39.9400,39.9800,1637500.0000,21.0643
04/23/2015,40.0000,40.0500,39.9800,40.0400,1490000.0000,21.0959
04/24/2015,40.0500,40.0900,40.0100,40.0500,1543300.0000,21.1011
04/27/2015,40.0600,40.0900,39.9800,40.0100,2032300.0000,21.0801
04/28/2015,40.0300,40.0600,39.9800,40.0300,1576100.0000,21.0906
04/29/2015,39.9800,40.0100,39.9100,39.9700,2048900.0000,21.0590
04/30/2015,39.9600,39.9600,39.8000,39.9400,3146600.0000,21.0432
05/01/2015,39.7500,39.7800,39.6600,39.6800,2072800.0000,21.0030
05/04/2015,39.6900,39.7800,39.6600,39.7100,2714700.0000,21.0189
05/05/2015,39.7200,39.7300,39.5400,39.5500,2137300.0000,20.9342
05/06/2015,39.5600,39.5800,38.9800,39.0300,8399000.0000,20.6589
05/07/2015,39.0900,39.2600,39.0700,39.2300,5643700.0000,20.7648
05/08/2015,39.3800,39.6300,39.3500,39.5700,3464200.0000,20.9447
05/11/2015,39.5600,39.5700,39.2400,39.3200,3309200.0000,20.8124
05/12/2015,39.2100,39.4700,39.1500,39.4600,2788700.0000,20.8865
05/13/2015,39.5000,39.6700,39.4700,39.6500,9790000.0000,20.9871
05/14/2015,39.6900,39.8500,39.6400,39.8400,5280300.0000,21.0877
05/15/2015,39.8700,39.9000,39.7400,39.8300,2387800.0000,21.0824
05/18/2015,39.8600,39.8600,39.6800,39.7400,1497500.0000,21.0347
05/19/2015,39.7000,39.7400,39.5700,39.6700,2289300.0000,20.9977
05/20/2015,39.6900,39.7900,39.6300,39.7700,1338900.0000,21.0506
05/21/2015,39.7900,39.8800,39.7700,39.8400,1497600.0000,21.0877
05/22/2015,39.8300,39.8600,39.7800,39.8600,1337300.0000,21.0983
05/26/2015,39.8600,39.8700,39.8100,39.8500,1590500.0000,21.0929
05/27/2015,39.8300,39.9000,39.8100,39.9000,1119200.0000,21.1194
05/28/2015,39.8700,39.9000,39.8200,39.8800,1252900.0000,21.1088
05/29/2015,39.8900,39.9000,39.7500,39.7500,2128800.0000,21.0400
06/01/2015,39.6000,39.6600,39.5300,39.5500,1766700.0000,21.0299
06/02/2015,39.4900,39.6200,39.3900,39.6000,2756900.0000,21.0565
06/03/2015,39.5400,39.5900,39.4800,39.5400,2130400.0000,21.0246
06/04/2015,39.5500,39.6300,39.5200,39.6000,2043400.0000,21.0565
06/05/2015,39.5000,39.5900,39.4200,39.4700,2068900.0000,20.9874
06/08/2015,39.4700,39.5200,39.4100,39.4500,1309900.0000,20.9768
06/09/2015,39.4300,39.4500,39.3000,39.3600,1825100.0000,20.9289
06/10/2015,39.3300,39.3800,39.2900,39.3300,1584300.0000,20.9129
06/11/2015,39.3800,39.4200,39.3400,39.3700,1307400.0000,20.9342
06/12/2015,39.3600,39.3700,39.3100,39.3100,1068500.0000,20.9023
06/15/2015,39.3100,39.3900,39.2400,39.3700,1765900.0000,20.9342
06/16/2015,39.3500,39.4500,39.2200,39.4400,1233000.0000,20.9714
06/17/2015,39.4500,39.4800,39.3100,39.3500,1268100.0000,20.9236
06/18/2015,39.3600,39.4500,39.2200,39.2400,7868000.0000,20.8651
06/19/2015,39.2500,39.3100,39.2400,39.2400,1925400.0000,20.8651
06/22/2015,39.3100,39.3600,39.2800,39.2900,1262300.0000,20.8917
06/23/2015,39.2800,39.3400,39.2500,39.3200,1421600.0000,20.9076
06/24/2015,39.3300,39.3800,39.2800,39.3200,1403100.0000,20.9076
06/25/2015,39.3200,39.3400,39.2800,39.3200,1249200.0000,20.9076
06/26/2015,39.3000,39.3200,39.2100,39.3100,2266800.0000,20.9023
06/29/2015,39.2200,39.2600,39.1000,39.1000,2124600.0000,20.7906
06/30/2015,39.1700,39.2400,39.1000,39.1700,1511300.0000,20.8279
07/01/2015,39.2000,39.2500,39.1500,39.2200,1802200.0000,20.8545
07/02/2015,39.1000,39.1600,39.0600,39.1000,1122100.0000,20.8876
07/06/2015,39.0900,39.1300,39.0300,39.0300,1398100.0000,20.8502
07/07/2015,39.0900,39.1100,38.9700,39.0600,2034700.0000,20.8662
07/08/2015,39.0100,39.0600,38.8800,38.9000,3422800.0000,20.7807
07/09/2015,39.0300,39.0500,38.9900,39.0000,1467300.0000,20.8341
07/10/2015,39.0100,39.1000,39.0100,39.0700,1243100.0000,20.8715
07/13/2015,39.1100,39.2600,39.1000,39.1900,3158800.0000,20.9357
07/14/2015,39.2300,39.2500,39.1900,39.2500,1068700.0000,20.9677
07/15/2015,39.2800,39.3700,39.2500,39.3400,1900100.0000,21.0158
07/16/2015,39.3900,39.5100,39.3700,39.5100,3439700.0000,21.1066
07/17/2015,39.5000,39.5300,39.4100,39.5000,2742500.0000,21.1012
07/20/2015,39.5300,39.5400,39.5000,39.5200,1423200.0000,21.1119
07/21/2015,39.5200,39.5200,39.4300,39.5000,1286300.0000,21.1012
07/22/2015,39.5200,39.5200,39.3800,39.3900,1327600.0000,21.0425
07/23/2015,39.3900,39.4100,39.3200,39.3600,1661800.0000,21.0265
07/24/2015,39.3500,39.3500,39.2700,39.3300,1018800.0000,21.0104
07/27/2015,39.3000,39.3400,39.2600,39.2900,1452200.0000,20.9891
07/28/2015,39.3200,39.4300,39.2800,39.4200,1966400.0000,21.0585
07/29/2015,39.4100,39.4400,39.3200,39.3900,1850900.0000,21.0425
07/30/2015,39.4200,39.4500,39.4000,39.4400,1617700.0000,21.0692
07/31/2015,39.4800,39.5200,39.4700,39.5200,1536000.0000,21.1119
08/03/2015,39.5200,39.5600,39.4900,39.5400,1956800.0000,21.1226
08/04/2015,39.3700,39.4200,39.2800,39.3200,1374600.0000,21.1038
08/05/2015,39.3200,39.4200,39.3000,39.3500,1305200.0000,21.1199
08/06/2015,39.3500,39.3600,39.2800,39.3300,2230300.0000,21.1092
08/07/2015,39.3300,39.3700,39.2700,39.3000,1264100.0000,21.0931
08/10/2015,39.3400,39.4400,39.2800,39.4400,2672000.0000,21.1682
08/11/2015,39.4100,39.4400,39.3700,39.4400,1745900.0000,21.1682
08/12/2015,39.4300,39.4400,39.3400,39.4400,1978600.0000,21.1682
08/13/2015,39.4100,39.4400,39.3700,39.4100,1258800.0000,21.1521
08/14/2015,39.4200,39.4300,39.3600,39.4200,879500.0000,21.1575
08/17/2015,39.4100,39.4400,39.3900,39.4300,1427200.0000,21.1629
08/18/2015,39.4200,39.4400,39.3600,39.3700,1149900.0000,21.1307
08/19/2015,39.3600,39.3800,39.2800,39.2800,1902000.0000,21.0824
08/20/2015,39.2800,39.2900,39.2100,39.2100,1655000.0000,21.0448
08/21/2015,39.1900,39.2100,39.0100,39.0100,2527400.0000,20.9374
08/24/2015,38.5200,38.6800,32.3200,38.2600,10051400.0000,20.5349
08/25/2015,38.7200,38.7600,38.5000,38.5000,5958200.0000,20.6637
08/26/2015,38.6800,38.7400,38.5500,38.7300,2865000.0000,20.7872
08/27/2015,38.8200,39.0000,38.8000,39.0000,3624100.0000,20.9321
08/28/2015,38.9900,39.1200,38.9700,39.1000,1916500.0000,20.9858
08/31/2015,39.1100,39.1600,39.0200,39.0400,1802400.0000,20.9535
09/01/2015,38.7100,38.8600,38.7100,38.7300,2391900.0000,20.8797
09/02/2015,38.8200,38.8500,38.7200,38.8300,1636200.0000,20.9336
09/03/2015,38.8400,38.9100,38.8200,38.8800,1274400.0000,20.9606
09/04/2015,38.8000,38.8700,38.7600,38.8600,1358700.0000,20.9498
09/08/2015,38.9100,38.9500,38.8600,38.9400,1758900.0000,20.9929
09/09/2015,38.9800,38.9800,38.8500,38.8700,1435900.0000,20.9552
09/10/2015,38.8500,38.8900,38.8200,38.8200,1093600.0000,20.9282
09/11/2015,38.8300,38.8500,38.7800,38.8500,869600.0000,20.9444
09/14/2015,38.8300,38.8400,38.7800,38.8200,785800.0000,20.9282
09/15/2015,38.8200,38.8300,38.7600,38.7700,899600.0000,20.9013
09/16/2015,38.7900,38.8900,38.7600,38.8800,1103500.0000,20.9606
09/17/2015,38.8800,39.0600,38.8000,38.9500,2051500.0000,20.9983
09/18/2015,38.8800,38.9300,38.8100,38.8600,2663800.0000,20.9498
09/21/2015,38.8900,38.9400,38.8500,38.8600,1689800.0000,20.9498
09/22/2015,38.8200,38.8500,38.7700,38.8000,1137500.0000,20.9174
09/23/2015,38.8300,38.8500,38.8000,38.8000,826700.0000,20.9174
09/24/2015,38.8200,38.9000,38.7900,38.8900,2239100.0000,20.9660
09/25/2015,38.9000,38.9300,38.8300,38.9000,2638800.0000,20.9713
09/28/2015,38.8800,38.9900,38.5700,38.6300,2176000.0000,20.8258
09/29/2015,38.6400,38.6700,38.4600,38.4700,2138000.0000,20.7395
09/30/2015,38.5600,38.7000,38.5600,38.6000,2383900.0000,20.8096
10/01/2015,38.4600,38.4800,38.3200,38.3600,2283000.0000,20.7722
10/02/2015,38.3300,38.4500,38.2100,38.4400,3498300.0000,20.8156
10/05/2015,38.5300,38.7000,38.5000,38.7000,2673500.0000,20.9564
10/06/2015,38.7200,38.7400,38.6300,38.7200,1665100.0000,20.9672
10/07/2015,38.7500,38.8000,38.7200,38.7600,1524000.0000,20.9888
10/08/2015,38.7700,38.8200,38.7300,38.8000,1243400.0000,21.0105
10/09/2015,38.8100,38.8500,38.7600,38.7900,1227800.0000,21.0051
10/12/2015,38.8100,38.8300,38.7600,38.7900,698300.0000,21.0051
10/13/2015,38.7900,38.8700,38.7400,38.8000,1174400.0000,21.0105
10/14/2015,38.8000,38.8800,38.7900,38.8500,1330600.0000,21.0376
10/15/2015,38.8300,38.9700,38.8300,38.9600,2339100.0000,21.0972
10/16/2015,38.9800,39.1000,38.9400,39.0900,2550100.0000,21.1675
10/19/2015,39.1000,39.1100,38.9700,39.0200,1294900.0000,21.1296
10/20/2015,39.0100,39.0500,38.9800,39.0100,2164200.0000,21.1242
10/21/2015,39.0500,39.1100,38.9700,39.0800,3010800.0000,21.1621
10/22/2015,39.1200,39.1700,39.0900,39.1500,2892200.0000,21.2000
10/23/2015,39.1700,39.2100,39.0600,39.1500,2812700.0000,21.2000
10/26/2015,39.1500,39.1700,39.0900,39.1600,1739800.0000,21.2054
10/27/2015,39.1500,39.1800,39.1000,39.1600,1430800.0000,21.2054
10/28/2015,39.1600,39.2500,39.1500,39.2200,1396800.0000,21.2379
10/29/2015,39.1900,39.2300,39.1500,39.1800,1685600.0000,21.2163
10/30/2015,39.2000,39.2700,39.1900,39.2600,2172200.0000,21.2596
11/02/2015,39.1000,39.2900,39.1000,39.2500,3014500.0000,21.3363
11/03/2015,39.2500,39.3000,39.2200,39.2200,2948700.0000,21.3199
11/04/2015,39.2300,39.2900,39.1900,39.2800,3904400.0000,21.3526
11/05/2015,39.3000,39.3100,39.2400,39.3000,2654400.0000,21.3634
11/06/2015,39.2700,39.2700,38.8800,38.9900,4502000.0000,21.1949
11/09/2015,38.9800,39.0300,38.8200,39.0000,5536600.0000,21.2004
11/10/2015,38.9500,39.1200,38.9500,39.1000,3781900.0000,21.2547
11/11/2015,39.1000,39.2200,39.0900,39.2000,2304800.0000,21.3091
11/12/2015,39.1600,39.1900,39.1000,39.1000,1768300.0000,21.2547
11/13/2015,39.1200,39.1500,39.0300,39.1000,1383500.0000,21.2547
11/16/2015,39.1100,39.1100,39.0200,39.0400,1868100.0000,21.2221
11/17/2015,39.0500,39.0800,39.0200,39.0500,1198100.0000,21.2275
11/18/2015,39.0300,39.1200,39.0200,39.0500,2068500.0000,21.2275
11/19/2015,39.1000,39.1100,39.0100,39.0800,1745600.0000,21.2438
11/20/2015,39.0500,39.1400,39.0500,39.1200,1407000.0000,21.2656
11/23/2015,39.1400,39.1700,39.1100,39.1400,1538600.0000,21.2765
11/24/2015,39.1100,39.2500,39.1000,39.2500,2839700.0000,21.3363
11/25/2015,39.2600,39.3500,39.2500,39.3500,1861100.0000,21.3906
11/27/2015,39.3400,39.4600,39.3300,39.4600,2100800.0000,21.4504
11/30/2015,39.4800,39.4800,39.3100,39.3700,2406400.0000,21.4015
12/01/2015,39.2300,39.2900,39.2100,39.2900,1872000.0000,21.4457
12/02/2015,39.2700,39.2800,39.1100,39.1100,1445100.0000,21.3475
12/03/2015,39.1100,39.1300,38.9400,38.9600,3162000.0000,21.2656
12/04/2015,38.9500,39.0700,38.9500,39.0200,1479800.0000,21.2983
12/07/2015,39.0400,39.0400,38.8600,38.8600,1942900.0000,21.2110
12/08/2015,38.8300,38.8700,38.7500,38.7800,1661500.0000,21.1673
12/09/2015,38.7800,38.8500,38.7100,38.7500,1740200.0000,21.1509
12/10/2015,38.7600,38.8000,38.7100,38.7200,1171600.0000,21.1346
12/11/2015,38.7000,38.7200,38.4800,38.4800,2080900.0000,21.0036
12/14/2015,38.4700,38.4900,37.7700,37.8000,8625300.0000,20.6324
12/15/2015,37.9200,38.1900,37.9000,38.0700,4383500.0000,20.7798
12/16/2015,38.1400,38.3800,38.1000,38.3200,2410700.0000,20.9162
12/17/2015,38.4100,38.5200,38.3700,38.4800,1987000.0000,21.0036
12/18/2015,38.5000,38.5400,38.4200,38.4300,1683000.0000,20.9763
12/21/2015,38.5000,38.6100,38.5000,38.5800,1898500.0000,21.0582
12/22/2015,38.6400,38.7500,38.5900,38.6800,2149200.0000,21.1128
12/23/2015,38.7300,38.8800,38.7000,38.8600,1719200.0000,21.2110
12/24/2015,38.5800,38.6800,38.5500,38.6700,1152700.0000,21.2814
12/28/2015,38.6400,38.7000,38.5300,38.6700,3818600.0000,21.2814
12/29/2015,38.7100,39.0000,38.6800,38.7800,2295700.0000,21.3420
12/30/2015,38.8200,38.8900,38.7600,38.8800,1955500.0000,21.3970
12/31/2015,38.8600,38.9200,38.8400,38.8500,1923900.0000,21.3805
01/04/2016,38.7100,39.0400,38.6000,39.0300,3765000.0000,21.4796
01/05/2016,39.0800,39.1900,39.0300,39.0700,3194400.0000,21.5016
01/06/2016,38.9600,39.0400,38.8000,38.9800,2909000.0000,21.4520
01/07/2016,38.7500,38.9000,38.6700,38.7300,2449000.0000,21.3144
01/08/2016,38.7500,38.8900,38.7500,38.8400,1845200.0000,21.3750
01/11/2016,38.8500,38.8900,38.5900,38.6300,2027600.0000,21.2594
01/12/2016,38.7100,38.7900,38.5300,38.6000,1677600.0000,21.2429
01/13/2016,38.6600,38.7100,38.3500,38.3500,2210800.0000,21.1053
01/14/2016,38.4300,38.5000,38.2100,38.3700,1895300.0000,21.1163
01/15/2016,38.2000,38.2900,38.0200,38.2200,4135700.0000,21.0338
01/19/2016,38.3200,38.3700,38.1500,38.1700,5116700.0000,21.0063
01/20/2016,38.0500,38.1000,37.4800,37.9400,5750800.0000,20.8797
01/21/2016,37.9700,38.1500,37.8200,38.0100,2984600.0000,20.9182
01/22/2016,38.2000,38.3000,38.1500,38.2100,2677700.0000,21.0283
01/25/2016,38.2600,38.2600,38.0000,38.0400,2518700.0000,20.9347
01/26/2016,38.0600,38.1800,38.0500,38.0800,2798200.0000,20.9567
01/27/2016,38.2400,38.2800,38.1100,38.1800,2931500.0000,21.0118
01/28/2016,38.3000,38.3600,38.1800,38.2400,2656000.0000,21.0448
01/29/2016,38.3300,38.4900,38.2700,38.4700,3104700.0000,21.1714
02/01/2016,38.3300,38.4300,38.2000,38.4200,2412300.0000,21.2405
02/02/2016,38.3600,38.3800,38.2800,38.3200,3715400.0000,21.1852
02/03/2016,38.3700,38.4000,38.1600,38.2600,3782100.0000,21.1520
02/04/2016,38.2400,38.2600,38.0500,38.1200,2327200.0000,21.0746
02/05/2016,38.1200,38.1400,37.8200,37.8800,4040900.0000,20.9419
02/08/2016,37.7900,37.7900,37.0400,37.1600,7660500.0000,20.5439
02/09/2016,36.8100,36.9900,36.3300,36.8300,7455200.0000,20.3614
02/10/2016,37.1200,37.3300,36.9600,37.0600,3050000.0000,20.4886
02/11/2016,36.4900,36.7900,35.8900,36.2600,9658200.0000,20.0463
02/12/2016,36.5100,36.7300,36.4200,36.5700,4655300.0000,20.2177
02/16/2016,36.8300,37.3200,36.8300,37.2100,3789000.0000,20.5715
02/17/2016,37.4700,37.7400,37.4200,37.6300,3951500.0000,20.8037
02/18/2016,37.8200,37.8500,37.6600,37.8100,4265700.0000,20.9032
02/19/2016,37.7700,37.8900,37.6100,37.8700,2402400.0000,20.9364
02/22/2016,38.0000,38.0500,37.7900,37.7900,2842300.0000,20.8922
02/23/2016,37.8000,37.8600,37.6400,37.8400,2080400.0000,20.9198
02/24/2016,37.7400,37.9400,37.5700,37.9300,2870100.0000,20.9696
02/25/2016,37.8500,38.2100,37.8500,38.2000,1993000.0000,21.1189
02/26/2016,38.3100,38.3400,38.1600,38.2100,1819800.0000,21.1244
02/29/2016,38.3300,38.4700,38.2600,38.3200,2659800.0000,21.1852
03/01/2016,38.2400,38.4100,38.1100,38.2400,5369100.0000,21.2502
03/02/2016,38.2700,38.3500,38.1700,38.1800,2444700.0000,21.2169
03/03/2016,38.1800,38.3000,38.1800,38.2200,1868600.0000,21.2391
03/04/2016,38.2500,38.3500,38.2000,38.2300,2504100.0000,21.2446
03/07/2016,38.2300,38.3600,38.2300,38.2900,2637500.0000,21.2780
03/08/2016,38.2900,38.2900,38.2200,38.2500,1775400.0000,21.2558
03/09/2016,38.3200,38.3600,38.2500,38.3500,1886200.0000,21.3113
03/10/2016,38.4800,38.5000,38.3200,38.3500,1680200.0000,21.3113
03/11/2016,38.4600,38.5900,38.4200,38.5800,3777900.0000,21.4391
03/14/2016,38.5900,38.5900,38.5100,38.5500,1492000.0000,21.4225
03/15/2016,38.5000,38.5500,38.4000,38.4100,1657500.0000,21.3447
03/16/2016,38.4200,38.5200,38.3500,38.5200,1585500.0000,21.4058
03/17/2016,38.5500,38.6000,38.4800,38.5900,1566500.0000,21.4447
03/18/2016,38.6500,38.6800,38.6000,38.6600,1631500.0000,21.4836
03/21/2016,38.6900,38.6900,38.6100,38.6300,1907800.0000,21.4669
03/22/2016,38.6400,38.7500,38.6100,38.7200,1537800.0000,21.5170
03/23/2016,38.7400,38.7500,38.6600,38.7000,1536400.0000,21.5058
03/24/2016,38.6500,38.7600,38.6200,38.7600,1396200.0000,21.5392
03/28/2016,38.8500,38.9000,38.7600,38.8800,3002600.0000,21.6058
03/29/2016,38.8800,38.9600,38.8200,38.9500,2770000.0000,21.6448
03/30/2016,39.0000,39.2000,38.9500,38.9900,2926800.0000,21.6670
03/31/2016,39.0300,39.0600,38.9900,39.0300,2463500.0000,21.6892
04/01/2016,38.7500,38.8200,38.4400,38.5900,5794700.0000,21.5507
04/04/2016,38.6700,38.6700,38.3400,38.5000,4911200.0000,21.5005
04/05/2016,38.3200,38.4000,38.2000,38.4000,3355500.0000,21.4446
04/06/2016,38.4000,38.4900,38.3400,38.4000,5680700.0000,21.4446
04/07/2016,38.3700,38.4700,38.1900,38.3000,4260700.0000,21.3888
04/08/2016,38.4000,38.4800,38.3500,38.4800,2251400.0000,21.4893
04/11/2016,38.5000,38.5600,38.4900,38.5600,2405100.0000,21.5340
04/12/2016,38.5600,38.6300,38.5300,38.6300,3164100.0000,21.5731
04/13/2016,38.6900,38.7400,38.6100,38.7100,3470000.0000,21.6177
04/14/2016,38.7500,38.7500,38.6800,38.7200,3321200.0000,21.6233
04/15/2016,38.7300,38.7700,38.7000,38.7600,4859300.0000,21.6456
04/18/2016,38.6900,38.7700,38.6500,38.7600,2443100.0000,21.6456
04/19/2016,38.8200,38.9500,38.8000,38.9400,4186200.0000,21.7462
04/20/2016,38.9700,38.9900,38.9200,38.9800,2094100.0000,21.7685
04/21/2016,38.9900,39.0000,38.9400,38.9600,2204000.0000,21.7574
04/22/2016,38.9800,39.0500,38.9600,39.0300,2170300.0000,21.7964
04/25/2016,39.0300,39.0400,38.8900,38.9300,1688700.0000,21.7406
04/26/2016,38.9500,39.0400,38.9500,39.0400,1518300.0000,21.8020
04/27/2016,39.0400,39.1500,39.0100,39.1500,3248100.0000,21.8634
04/28/2016,39.1500,39.1800,39.1100,39.1200,3478800.0000,21.8467
04/29/2016,39.1200,39.1800,39.0300,39.1800,2347200.0000,21.8802
05/02/2016,39.0300,39.0600,38.9500,39.0400,3284600.0000,21.9038
05/03/2016,38.9700,39.0100,38.8800,38.9300,2450900.0000,21.8421
05/04/2016,38.9300,39.0000,38.9100,38.9700,2214700.0000,21.8645
05/05/2016,39.0100,39.0400,38.8800,38.8800,2023900.0000,21.8140
05/06/2016,38.9200,39.0400,38.9000,38.9800,2386800.0000,21.8701
05/09/2016,39.0400,39.0900,39.0100,39.0900,1834600.0000,21.9318
05/10/2016,39.0900,39.1800,39.0800,39.1800,1712500.0000,21.9823
05/11/2016,39.1800,39.2200,39.1600,39.2000,1524300.0000,21.9935
05/12/2016,39.2100,39.2500,39.1500,39.1500,2000400.0000,21.9655
05/13/2016,39.1700,39.2300,39.1500,39.2300,1759000.0000,22.0104
05/16/2016,39.2500,39.3600,39.2200,39.3500,3016900.0000,22.0777
05/17/2016,39.3300,39.4200,39.3300,39.4000,2431300.0000,22.1057
05/18/2016,39.3900,39.4500,39.1900,39.2300,3557900.0000,22.0104
05/19/2016,39.1700,39.3600,39.0100,39.1700,2588100.0000,21.9767
05/20/2016,39.2200,39.2700,39.1000,39.1700,1637800.0000,21.9767
05/23/2016,39.2300,39.4000,39.2200,39.3800,2743300.0000,22.0945
05/24/2016,39.4100,39.4500,39.3600,39.4000,2723800.0000,22.1057
05/25/2016,39.4400,39.4800,39.4000,39.4600,1904700.0000,22.1394
05/26/2016,39.4600,39.5000,39.4000,39.4700,1826500.0000,22.1450
05/27/2016,39.4800,39.5200,39.4500,39.5100,1569100.0000,22.1675
05/31/2016,39.5100,39.6000,39.5000,39.6000,2119500.0000,22.2180
06/01/2016,39.4200,39.5000,39.3700,39.4900,2629200.0000,22.2557
06/02/2016,39.4900,39.5100,39.3600,39.4800,2498900.0000,22.2501
06/03/2016,39.5000,39.7000,39.4300,39.6800,2797700.0000,22.3628
06/06/2016,39.7400,39.7400,39.6500,39.6600,2008800.0000,22.3515
06/07/2016,39.6900,39.7100,39.6000,39.6200,1904100.0000,22.3290
06/08/2016,39.6500,39.6800,39.5800,39.6200,1948900.0000,22.3290
06/09/2016,39.5900,39.6100,39.5500,39.6000,1656900.0000,22.3177
06/10/2016,39.5500,39.5700,39.4400,39.4800,1553200.0000,22.2501
06/13/2016,39.4400,39.4800,39.3500,39.3900,2005000.0000,22.1994
06/14/2016,39.4200,39.4300,39.2700,39.2800,2198400.0000,22.1374
06/15/2016,39.3300,39.4500,39.3000,39.3100,2864700.0000,22.1543
06/16/2016,39.3500,39.3500,39.2100,39.3200,3515500.0000,22.1599
06/17/2016,39.3500,39.5000,39.3300,39.4800,1868200.0000,22.2501
06/20/2016,39.6300,39.6900,39.6000,39.6900,2857100.0000,22.3684
06/21/2016,39.6700,39.7500,39.6200,39.6700,2271000.0000,22.3572
06/22/2016,39.7000,39.7300,39.6500,39.6800,1985700.0000,22.3628
06/23/2016,39.7300,39.7800,39.7000,39.7400,2295500.0000,22.3966
06/24/2016,39.1900,39.5900,39.1200,39.4700,5293200.0000,22.2444
06/27/2016,39.3500,39.4000,39.0600,39.2100,4162500.0000,22.0979
06/28/2016,39.4400,39.6500,39.3800,39.6500,3707100.0000,22.3459
06/29/2016,39.7300,39.7900,39.7100,39.7500,3390300.0000,22.4022
06/30/2016,39.7600,39.9200,39.7500,39.8900,5661900.0000,22.4812
07/01/2016,39.8500,40.0900,39.7600,39.8100,5045500.0000,22.4361
07/05/2016,39.7900,39.8300,39.6500,39.6500,3220300.0000,22.3459
07/06/2016,39.5100,39.6100,39.4000,39.5400,3694000.0000,22.3815
07/07/2016,39.6000,39.7000,39.5600,39.5800,3403300.0000,22.4042
07/08/2016,39.6800,39.8500,39.6300,39.7100,3477100.0000,22.4778
07/11/2016,39.8000,39.8700,39.7700,39.7900,2638900.0000,22.5231
07/12/2016,39.8700,39.9500,39.8400,39.9300,3632200.0000,22.6023
07/13/2016,39.9600,40.0400,39.9200,39.9500,2480200.0000,22.6136
07/14/2016,39.9900,39.9900,39.8800,39.9600,2818300.0000,22.6193
07/15/2016,39.9500,40.0700,39.9300,40.0700,5839000.0000,22.6816
07/18/2016,40.0700,40.0800,40.0200,40.0500,2399500.0000,22.6702
07/19/2016,40.0700,40.0800,39.9800,40.0600,2628400.0000,22.6759
07/20/2016,40.0500,40.0800,40.0000,40.0000,2201200.0000,22.6419
07/21/2016,40.0200,40.0600,39.9800,39.9900,2881900.0000,22.6363
07/22/2016,40.0400,40.0800,40.0300,40.0700,2092700.0000,22.6816
07/25/2016,40.0900,40.1000,40.0400,40.0600,2874200.0000,22.6759
07/26/2016,40.0800,40.1100,40.0500,40.1000,2778800.0000,22.6985
07/27/2016,40.1000,40.1600,40.0900,40.1600,2581600.0000,22.7325
07/28/2016,40.1500,40.1700,40.1300,40.1700,2176400.0000,22.7382
07/29/2016,40.1900,40.2900,40.1600,40.2700,3539100.0000,22.7948
08/01/2016,40.2900,40.3300,40.1500,40.2500,4149900.0000,22.7834
08/02/2016,40.0500,40.0600,39.8200,39.9700,4172800.0000,22.7260
08/03/2016,39.9900,40.0000,39.9300,39.9600,2864900.0000,22.7203
08/04/2016,40.0400,40.0800,40.0000,40.0800,3479900.0000,22.7886
08/05/2016,40.1000,40.1300,40.0400,40.1300,3387600.0000,22.8170
08/08/2016,40.1300,40.2400,40.1000,40.2200,2653600.0000,22.8682
08/09/2016,40.2500,40.3000,40.2300,40.2800,4726100.0000,22.9023
08/10/2016,40.3100,40.3400,40.2100,40.2200,2794700.0000,22.8682
08/11/2016,40.2800,40.3000,40.1500,40.1900,2750300.0000,22.8511
08/12/2016,40.1900,40.1900,40.0900,40.1400,2630500.0000,22.8227
08/15/2016,40.1100,40.1500,40.0400,40.0400,2704500.0000,22.7658
08/16/2016,40.0500,40.0700,39.9500,39.9800,2239800.0000,22.7317
08/17/2016,40.0000,40.0700,39.9800,40.0400,2906800.0000,22.7658
08/18/2016,40.1000,40.1300,40.0600,40.0600,2739200.0000,22.7772
08/19/2016,40.1100,40.1100,39.9900,39.9900,3035900.0000,22.7374
08/22/2016,40.0000,40.0500,39.9700,40.0500,3218400.0000,22.7715
08/23/2016,40.0800,40.1100,40.0600,40.1000,1810200.0000,22.7999
08/24/2016,40.1100,40.1500,40.0200,40.0400,2123200.0000,22.7658
08/25/2016,40.0700,40.0800,40.0300,40.0500,1882200.0000,22.7715
08/26/2016,40.0900,40.1100,40.0400,40.1000,2057600.0000,22.7999
08/29/2016,40.1200,40.1600,40.0900,40.1600,1845400.0000,22.8340
08/30/2016,40.1900,40.2000,40.0900,40.1400,2545800.0000,22.8227
08/31/2016,40.1500,40.1700,40.1000,40.1000,2742600.0000,22.7999
09/01/2016,39.9900,39.9900,39.8500,39.8500,2993900.0000,22.7548
09/02/2016,39.9500,40.0000,39.9400,39.9600,2263200.0000,22.8176
09/06/2016,40.0100,40.0300,39.9600,40.0100,2676000.0000,22.8462
09/07/2016,40.0200,40.0700,39.9700,39.9800,2333100.0000,22.8291
09/08/2016,39.9900,40.0600,39.9900,40.0100,3032700.0000,22.8462
09/09/2016,40.0000,40.0000,39.5000,39.5300,4879900.0000,22.5721
09/12/2016,39.4900,39.6800,39.4600,39.6600,3660100.0000,22.6463
09/13/2016,39.6600,39.6600,39.3300,39.3400,4207900.0000,22.4636
09/14/2016,39.4000,39.4800,39.3200,39.4100,2712200.0000,22.5036
09/15/2016,39.4400,39.5200,39.3700,39.4400,2144600.0000,22.5207
09/16/2016,39.4500,39.4800,39.2200,39.3500,1988400.0000,22.4693
09/19/2016,39.3800,39.4600,39.3500,39.3500,1832200.0000,22.4693
09/20/2016,39.4200,39.4400,39.3400,39.4200,3424500.0000,22.5093
09/21/2016,39.3800,39.6300,39.3700,39.6000,3232000.0000,22.6121
09/22/2016,39.7300,39.8300,39.7000,39.8100,3295500.0000,22.7320
09/23/2016,39.8500,39.8600,39.7500,39.8300,2239200.0000,22.7434
09/26/2016,39.7900,39.7900,39.6300,39.6300,2592700.0000,22.6292
09/27/2016,39.6700,39.7500,39.5800,39.6900,3043400.0000,22.6635
09/28/2016,39.7400,39.7900,39.6500,39.7900,2241100.0000,22.7206
09/29/2016,39.8000,39.8100,39.3100,39.3300,4077100.0000,22.4579
09/30/2016,39.4400,39.5300,39.3400,39.5000,5354600.0000,22.5550
10/03/2016,39.3700,39.4100,39.3300,39.3300,4108900.0000,22.5538
10/04/2016,39.3600,39.4500,39.2200,39.2200,3605600.0000,22.4908
10/05/2016,39.3100,39.3800,39.2000,39.2000,3488600.0000,22.4793
10/06/2016,39.1900,39.3000,39.1100,39.1900,3240500.0000,22.4735
10/07/2016,39.2900,39.2900,39.1300,39.1700,2186300.0000,22.4621
10/10/2016,39.2200,39.2600,39.1500,39.2300,2922800.0000,22.4965
10/11/2016,39.2400,39.2400,38.8400,38.9300,3449700.0000,22.3244
10/12/2016,38.8800,38.9000,38.7100,38.7100,3368700.0000,22.1983
10/13/2016,38.7400,38.7900,38.5100,38.7500,2557400.0000,22.2212
10/14/2016,38.8500,38.9800,38.8100,38.8700,2251700.0000,22.2900
10/17/2016,38.9000,38.9600,38.8500,38.8700,2383900.0000,22.2900
10/18/2016,38.9100,39.2400,38.9100,39.1900,6106200.0000,22.4735
10/19/2016,39.2300,39.3200,39.2000,39.2500,2414400.0000,22.5080
10/20/2016,39.2500,39.2900,39.1600,39.2700,3219600.0000,22.5194
10/21/2016,39.2700,39.3700,39.2200,39.3600,4957500.0000,22.5710
10/24/2016,39.4500,39.4500,39.3700,39.3900,1988800.0000,22.5882
10/25/2016,39.3600,39.4600,39.3600,39.4500,4626900.0000,22.6226
10/26/2016,39.3700,39.4100,39.2500,39.3300,1963600.0000,22.5538
10/27/2016,39.2500,39.2900,39.0900,39.1900,3456900.0000,22.4735
10/28/2016,39.1700,39.2200,39.0000,39.0200,1461400.0000,22.3760
10/31/2016,39.0200,39.0800,38.9500,38.9500,1650900.0000,22.3359
11/01/2016,38.8100,38.8100,38.5500,38.7100,2494000.0000,22.3008
11/02/2016,38.6100,38.6500,38.2700,38.3100,3624600.0000,22.0703
11/03/2016,38.3300,38.3600,38.0400,38.0400,3784900.0000,21.9148
11/04/2016,38.0400,38.2200,37.9600,38.1400,3961000.0000,21.9724
11/07/2016,38.4900,38.5200,38.1900,38.2400,5068700.0000,22.0300
11/08/2016,38.2500,38.3000,38.1300,38.1400,2271500.0000,21.9724
11/09/2016,37.9400,38.1400,37.7600,37.9300,6000100.0000,21.8514
11/10/2016,37.8900,37.9300,37.3300,37.3800,7826200.0000,21.5346
11/11/2016,37.3500,37.3800,37.0100,37.3400,5883800.0000,21.5115
11/14/2016,37.0300,37.1000,36.7000,36.7800,10148500.0000,21.1889
11/15/2016,36.9700,37.5100,36.9300,37.4600,4086400.0000,21.5807
11/16/2016,37.4100,37.8100,37.4100,37.7700,3026600.0000,21.7593
11/17/2016,37.7000,37.7800,37.4800,37.4800,3668800.0000,21.5922
11/18/2016,37.5000,37.6100,37.1600,37.1600,6250700.0000,21.4078
11/21/2016,37.3200,37.5700,37.3000,37.4000,5260000.0000,21.5461
11/22/2016,37.5000,37.7000,37.5000,37.6800,2382600.0000,21.7074
11/23/2016,37.3700,37.6100,37.3600,37.5900,2921300.0000,21.6555
11/25/2016,37.6400,37.7200,37.6000,37.6700,1397700.0000,21.7016
11/28/2016,37.7000,37.8500,37.5600,37.6100,3343200.0000,21.6671
11/29/2016,37.5400,37.7000,37.5400,37.6600,2203800.0000,21.6959
11/30/2016,37.4800,37.5700,37.4200,37.4800,5035500.0000,21.5922
12/01/2016,37.1500,37.2000,36.9800,37.0600,3958200.0000,21.4544
12/02/2016,37.0600,37.1900,36.9900,37.0200,4104700.0000,21.4312
12/05/2016,37.0000,37.1900,37.0000,37.0800,5401100.0000,21.4660
12/06/2016,37.1600,37.2200,37.0800,37.1500,4141300.0000,21.5065
12/07/2016,37.2200,37.3400,37.2100,37.2300,2641600.0000,21.5528
12/08/2016,37.1000,37.3600,37.1000,37.2200,4859100.0000,21.5470
12/09/2016,37.1600,37.3100,37.1000,37.1300,3861000.0000,21.4949
12/12/2016,37.0700,37.0800,36.9500,36.9500,4048700.0000,21.3907
12/13/2016,37.0000,37.1100,36.9700,37.0000,3291700.0000,21.4197
12/14/2016,37.0600,37.1200,36.8900,36.9000,4492600.0000,21.3618
12/15/2016,36.8400,37.1100,36.7700,37.0300,10213900.0000,21.4370
12/16/2016,37.0400,37.1700,37.0300,37.1200,4388700.0000,21.4891
12/19/2016,37.1400,37.3200,37.1400,37.2700,3979600.0000,21.5760
12/20/2016,37.2400,37.3400,37.2400,37.3400,4361200.0000,21.6165
12/21/2016,37.2800,37.5400,37.2800,37.4500,3657600.0000,21.6802
12/22/2016,37.2600,37.3500,37.2200,37.3200,4613900.0000,21.7227
12/23/2016,37.3300,37.3800,37.2600,37.3500,3256900.0000,21.7401
12/27/2016,37.3100,37.3300,37.1300,37.1600,4910600.0000,21.6295
12/28/2016,37.1600,37.2000,37.0800,37.1200,4409100.0000,21.6062
12/29/2016,37.1400,37.2200,37.1400,37.1400,3615400.0000,21.6179
12/30/2016,37.1800,37.2400,37.1400,37.2100,3903600.0000,21.6586
01/03/2017,37.2000,37.5400,37.1800,37.5000,3169900.0000,21.8274
01/04/2017,37.5100,37.9500,37.5100,37.9500,3877800.0000,22.0894
01/05/2017,38.0000,38.1000,37.6600,37.9200,5284000.0000,22.0719
01/06/2017,37.9200,37.9900,37.7800,37.9000,2380600.0000,22.0602
01/09/2017,37.9400,38.0200,37.7900,37.8500,5588200.0000,22.0312
01/10/2017,37.8900,38.0300,37.8600,38.0100,2862900.0000,22.1243
01/11/2017,38.0000,38.2000,37.9800,38.1900,3022300.0000,22.2291
01/12/2017,38.2500,38.2700,38.0900,38.1000,2505800.0000,22.1767
01/13/2017,38.1300,38.1700,38.0500,38.1100,1891200.0000,22.1825
01/17/2017,38.1600,38.2000,37.9800,37.9800,5489100.0000,22.1068
01/18/2017,38.0000,38.0800,37.9700,38.0000,2126700.0000,22.1185
01/19/2017,37.9800,38.0200,37.5900,37.6600,9150200.0000,21.9206
01/20/2017,37.6500,37.9100,37.5500,37.7500,4897900.0000,21.9729
01/23/2017,37.7800,37.9700,37.7600,37.9000,2379000.0000,22.0602
01/24/2017,37.9200,38.0500,37.9200,37.9700,2177000.0000,22.1010
01/25/2017,37.9400,37.9500,37.7900,37.8400,3224600.0000,22.0253
01/26/2017,37.8600,38.0500,37.8500,38.0000,6388000.0000,22.1185
01/27/2017,38.0500,38.0800,37.9600,37.9700,3623600.0000,22.1010
01/30/2017,37.9800,38.0200,37.9200,37.9800,2116500.0000,22.1068
01/31/2017,38.0000,38.1000,37.9800,38.1000,3082400.0000,22.1767
02/01/2017,37.9300,37.9700,37.8200,37.9000,2750100.0000,22.1714
02/02/2017,37.8700,38.0900,37.8600,38.0600,2081200.0000,22.2650
02/03/2017,38.1000,38.2500,38.0900,38.1600,3665300.0000,22.3235
02/06/2017,38.2500,38.2800,38.1500,38.2300,4564800.0000,22.3644
02/07/2017,38.2400,38.3000,38.2300,38.2500,2855000.0000,22.3762
02/08/2017,38.2500,38.4900,38.2500,38.4900,3040800.0000,22.5166
02/09/2017,38.4800,38.5300,38.3600,38.4300,1909000.0000,22.4814
02/10/2017,38.4000,38.5200,38.3700,38.4600,2334100.0000,22.4990
02/13/2017,38.4900,38.5200,38.4700,38.5000,1723400.0000,22.5224
02/14/2017,38.5400,38.5700,38.3900,38.5000,3266200.0000,22.5224
02/15/2017,38.4200,38.6000,38.4100,38.5500,5089400.0000,22.5517
02/16/2017,38.6100,38.6400,38.4600,38.4900,3622100.0000,22.5166
02/17/2017,38.5000,38.5400,38.4800,38.5000,1776200.0000,22.5224
02/21/2017,38.5000,38.5800,38.4700,38.5000,3500700.0000,22.5224
02/22/2017,38.5000,38.5900,38.5000,38.5200,2697300.0000,22.5341
02/23/2017,38.5900,38.7200,38.5700,38.6600,2603400.0000,22.6160
02/24/2017,38.7200,38.7600,38.6900,38.7400,1473200.0000,22.6628
02/27/2017,38.8400,38.8400,38.7600,38.7800,1934400.0000,22.6862
02/28/2017,38.8000,38.8000,38.6700,38.7000,1904600.0000,22.6394
03/01/2017,38.3800,38.4300,38.3100,38.4000,3845900.0000,22.5753
03/02/2017,38.4000,38.4700,38.3200,38.3300,2965600.0000,22.5342
03/03/2017,38.3200,38.4500,38.2900,38.3700,2705600.0000,22.5577
03/06/2017,38.3800,38.3900,38.3000,38.3700,2626800.0000,22.5577
03/07/2017,38.3500,38.3500,38.2300,38.2500,2235000.0000,22.4871
03/08/2017,38.1500,38.1500,37.9400,37.9600,4752600.0000,22.3167
03/09/2017,37.9300,37.9300,37.7000,37.7700,3992800.0000,22.2050
03/10/2017,37.8000,37.9200,37.7500,37.9000,3600200.0000,22.2814
03/13/2017,37.9000,37.9500,37.8700,37.9200,1591200.0000,22.2931
03/14/2017,37.9400,37.9700,37.8700,37.9200,1325800.0000,22.2931
03/15/2017,38.0000,38.3400,37.9700,38.3300,2511700.0000,22.5342
03/16/2017,38.3600,38.4300,38.3200,38.4000,2167600.0000,22.5753
03/17/2017,38.4300,38.4800,38.4100,38.4600,1603000.0000,22.6106
03/20/2017,38.5000,38.5000,38.3900,38.4300,1509100.0000,22.5930
03/21/2017,38.4300,38.4600,38.2700,38.3000,2018800.0000,22.5165
03/22/2017,38.3100,38.3600,38.2300,38.3300,1625800.0000,22.5342
03/23/2017,38.3000,38.4700,38.3000,38.4500,2177900.0000,22.6047
03/24/2017,38.5000,38.5700,38.4500,38.4600,2229900.0000,22.6106
03/27/2017,38.4400,38.5200,38.4000,38.5000,2197900.0000,22.6341
03/28/2017,38.5600,38.5800,38.5100,38.5800,2012700.0000,22.6811
03/29/2017,38.5800,38.6700,38.5800,38.6100,1845700.0000,22.6988
03/30/2017,38.6400,38.7000,38.6300,38.6600,2107200.0000,22.7282
03/31/2017,38.6900,38.7300,38.6400,38.7000,1670800.0000,22.7517
04/03/2017,38.5600,38.7900,38.5500,38.7600,2821100.0000,22.9000
04/04/2017,38.7500,38.7600,38.6500,38.7400,1882200.0000,22.8882
04/05/2017,38.7500,38.8300,38.5800,38.6000,3481200.0000,22.8054
04/06/2017,38.6200,38.7700,38.5400,38.7600,2253900.0000,22.9000
04/07/2017,38.8100,38.8300,38.6900,38.7100,1711800.0000,22.8704
04/10/2017,38.8000,38.8800,38.7500,38.8400,2190700.0000,22.9473
04/11/2017,38.8500,38.8900,38.6800,38.7700,2261400.0000,22.9059
04/12/2017,38.7600,38.7800,38.6900,38.7700,1510400.0000,22.9059
04/13/2017,38.7600,38.7900,38.7200,38.7200,1772400.0000,22.8764
04/17/2017,38.7900,38.8900,38.7400,38.8600,1914500.0000,22.9591
04/18/2017,38.8700,38.8700,38.7700,38.8600,2240600.0000,22.9591
04/19/2017,38.8200,38.8600,38.7600,38.8000,1706900.0000,22.9236
04/20/2017,38.8300,38.8600,38.7600,38.8500,1647300.0000,22.9531
04/21/2017,38.9000,38.9300,38.8300,38.9300,2667400.0000,23.0004
04/24/2017,39.0000,39.0100,38.9100,38.9700,1909600.0000,23.0241
04/25/2017,38.9800,39.0100,38.9400,38.9400,1766700.0000,23.0063
04/26/2017,38.9700,39.0100,38.9400,38.9700,1976800.0000,23.0241
04/27/2017,38.9600,39.0400,38.9500,39.0100,1837300.0000,23.0477
04/28/2017,39.0100,39.0500,38.9500,39.0100,1937900.0000,23.0477
05/01/2017,38.9900,39.0800,38.9400,39.0700,3234700.0000,23.0831
05/02/2017,38.9000,38.9200,38.8100,38.9000,2936700.0000,23.0920
05/03/2017,38.9000,38.9400,38.7900,38.9400,5112400.0000,23.1158
05/04/2017,38.9100,38.9300,38.7600,38.8300,2645700.0000,23.0505
05/05/2017,38.8000,38.9100,38.7600,38.9100,2569800.0000,23.0980
05/08/2017,38.9200,38.9400,38.8500,38.9300,3067400.0000,23.1098
05/09/2017,38.9200,38.9300,38.8400,38.8600,2252600.0000,23.0683
05/10/2017,38.8900,38.9000,38.8400,38.8800,1254700.0000,23.0802
05/11/2017,38.8700,38.8700,38.8100,38.8100,1299200.0000,23.0386
05/12/2017,38.8400,38.9000,38.8200,38.8900,1601000.0000,23.0861
05/15/2017,38.8800,38.9300,38.8800,38.9200,1641100.0000,23.1039
05/16/2017,38.9300,38.9400,38.8400,38.9400,2085400.0000,23.1158
05/17/2017,38.8700,38.8800,38.7800,38.8200,2646900.0000,23.0446
05/18/2017,38.7700,38.8200,38.7400,38.7400,1837000.0000,22.9971
05/19/2017,38.7500,38.8600,38.7500,38.7500,2277400.0000,23.0030
05/22/2017,38.8000,38.9000,38.7700,38.8900,1741400.0000,23.0861
05/23/2017,38.8900,38.9500,38.8700,38.9400,2349600.0000,23.1158
05/24/2017,38.9400,38.9600,38.8900,38.9500,2430900.0000,23.1217
05/25/2017,38.9600,38.9800,38.9100,38.9800,2527900.0000,23.1395
05/26/2017,38.9900,39.0900,38.9800,39.0800,1805500.0000,23.1989
05/30/2017,39.0700,39.0800,38.9600,38.9900,2155700.0000,23.1455
05/31/2017,39.0200,39.0500,39.0000,39.0400,2091000.0000,23.1752
06/01/2017,38.8700,38.9200,38.8200,38.8700,2611300.0000,23.1817
06/02/2017,38.9300,38.9800,38.9200,38.9800,1725800.0000,23.2473
06/05/2017,38.9900,39.0000,38.8800,38.9000,2490500.0000,23.1996
06/06/2017,38.9200,38.9400,38.8500,38.8600,2475700.0000,23.1757
06/07/2017,38.8900,38.9100,38.8100,38.8100,2184300.0000,23.1459
06/08/2017,38.8400,38.8800,38.8000,38.8800,1614400.0000,23.1877
06/09/2017,38.8900,38.9000,38.7800,38.7900,2052500.0000,23.1340
06/12/2017,38.7900,38.8500,38.7600,38.8300,1264400.0000,23.1579
06/13/2017,38.8200,38.9300,38.7700,38.9200,2132800.0000,23.2115
06/14/2017,38.9500,39.0200,38.9300,38.9400,3240500.0000,23.2234
06/15/2017,38.9600,39.0100,38.9200,38.9700,2159500.0000,23.2413
06/16/2017,38.9800,39.0000,38.9300,38.9800,2214200.0000,23.2473
06/19/2017,39.0000,39.0900,39.0000,39.0800,2309500.0000,23.3070
06/20/2017,39.0900,39.1000,39.0300,39.0300,2285200.0000,23.2771
06/21/2017,39.0900,39.1000,39.0100,39.0100,1912900.0000,23.2652
06/22/2017,39.0500,39.1400,39.0500,39.1000,2237100.0000,23.3189
06/23/2017,39.1200,39.1500,39.0800,39.1500,1502100.0000,23.3487
06/26/2017,39.1500,39.2400,39.1400,39.2200,2227300.0000,23.3904
06/27/2017,39.2100,39.2200,39.1100,39.1300,1925200.0000,23.3368
06/28/2017,39.1300,39.2200,39.1000,39.2000,2597800.0000,23.3785
06/29/2017,39.1300,39.1600,39.0700,39.0700,2370900.0000,23.3010
06/30/2017,39.0800,39.1800,39.0800,39.1700,2304400.0000,23.3606
07/03/2017,39.1800,39.2200,39.1100,39.1100,2063200.0000,23.3248
07/05/2017,39.1600,39.2900,39.1400,39.2800,2944000.0000,23.4262
07/06/2017,39.0500,39.0700,38.9700,38.9800,3011300.0000,23.3537
07/07/2017,38.9800,39.0700,38.9800,39.0100,2659800.0000,23.3717
07/10/2017,39.0300,39.0900,39.0200,39.0600,3179100.0000,23.4017
07/11/2017,39.0600,39.0900,38.9700,38.9900,2267300.0000,23.3597
07/12/2017,39.0600,39.0700,39.0300,39.0700,2601000.0000,23.4077
07/13/2017,39.0800,39.0800,38.9900,39.0000,2255700.0000,23.3657
07/14/2017,39.0300,39.0900,39.0100,39.0600,2560900.0000,23.4017
07/17/2017,39.0700,39.1200,39.0500,39.0500,1878800.0000,23.3957
07/18/2017,39.0800,39.1400,39.0300,39.1300,2556300.0000,23.4436
07/19/2017,39.1400,39.2100,39.1200,39.1800,2579300.0000,23.4736
07/20/2017,39.1700,39.2400,39.1700,39.1900,2491600.0000,23.4796
07/21/2017,39.2000,39.3100,39.1700,39.3000,3304800.0000,23.5455
07/24/2017,39.2800,39.3000,39.2400,39.2800,1855000.0000,23.5335
07/25/2017,39.2800,39.2900,39.1400,39.1400,2914500.0000,23.4496
07/26/2017,39.1900,39.2400,39.1500,39.2400,2369100.0000,23.5095
07/27/2017,39.2400,39.2400,39.1500,39.1800,2789500.0000,23.4736
07/28/2017,39.1900,39.2700,39.1700,39.2700,1833700.0000,23.5275
07/31/2017,39.2800,39.2800,39.2300,39.2500,2311700.0000,23.5155
08/01/2017,39.1200,39.2000,39.1000,39.2000,3110700.0000,23.5919
08/02/2017,39.1800,39.2400,39.1500,39.1500,2075000.0000,23.5618
08/03/2017,39.1700,39.1900,39.1500,39.1500,2739200.0000,23.5618
08/04/2017,39.1900,39.1900,39.1100,39.1100,2406000.0000,23.5378
08/07/2017,39.1700,39.1700,39.0900,39.1500,2141300.0000,23.5618
08/08/2017,39.1500,39.1500,39.0200,39.0300,1968700.0000,23.4896
08/09/2017,39.0200,39.0400,38.9600,38.9700,2093300.0000,23.4535
08/10/2017,38.9600,38.9600,38.6100,38.6200,4438300.0000,23.2429
08/11/2017,38.7200,38.7200,38.5400,38.6300,4638100.0000,23.2489
08/14/2017,38.7400,38.8800,38.7400,38.8300,1882200.0000,23.3693
08/15/2017,38.8400,38.9100,38.8200,38.8900,1804400.0000,23.4054
08/16/2017,38.8500,38.9400,38.8500,38.9200,1824300.0000,23.4234
08/17/2017,38.9000,38.9200,38.7500,38.7500,2013500.0000,23.3211
08/18/2017,38.7500,38.8500,38.7100,38.7700,1780900.0000,23.3331
08/21/2017,38.8100,38.8300,38.7400,38.7400,1842400.0000,23.3151
08/22/2017,38.7900,38.8400,38.7600,38.7800,6747100.0000,23.3392
08/23/2017,38.7700,38.8400,38.7600,38.7900,1271900.0000,23.3452
08/24/2017,38.8200,38.8400,38.7900,38.8400,1107200.0000,23.3753
08/25/2017,38.8500,38.8600,38.8000,38.8500,1522500.0000,23.3813
08/28/2017,38.8800,38.9000,38.8400,38.8900,1558300.0000,23.4054
08/29/2017,38.7700,38.9100,38.7700,38.8500,2072100.0000,23.3813
08/30/2017,38.8800,38.9200,38.8600,38.9000,1349700.0000,23.4114
08/31/2017,38.9500,39.0500,38.9100,39.0500,2142700.0000,23.5017
09/01/2017,38.9300,38.9700,38.8100,38.8300,2399600.0000,23.4757
09/05/2017,38.8200,38.8900,38.8000,38.8200,1945600.0000,23.4696
09/06/2017,38.8200,38.9000,38.8200,38.9000,2328400.0000,23.5180
09/07/2017,38.9100,38.9300,38.8000,38.8400,2002900.0000,23.4817
09/08/2017,38.8600,38.8700,38.7600,38.7600,1488000.0000,23.4333
09/11/2017,38.8700,38.9000,38.8000,38.8800,1524200.0000,23.5059
09/12/2017,38.9100,38.9600,38.9000,38.9300,1202400.0000,23.5361
09/13/2017,38.9400,38.9400,38.8500,38.8500,1564600.0000,23.4877
09/14/2017,38.8600,38.9000,38.8500,38.8700,1306700.0000,23.4998
09/15/2017,38.8900,38.9200,38.8500,38.9100,1573100.0000,23.5240
09/18/2017,38.9200,38.9400,38.8800,38.8900,1276700.0000,23.5119
09/19/2017,38.9300,38.9300,38.8300,38.8600,1530200.0000,23.4938
09/20/2017,38.8900,38.8900,38.8100,38.8400,1510900.0000,23.4817
09/21/2017,38.8800,38.8800,38.8100,38.8300,1873800.0000,23.4757
09/22/2017,38.8400,38.8600,38.7900,38.7900,1875100.0000,23.4515
09/25/2017,38.8100,38.8900,38.8000,38.8700,1511900.0000,23.4998
09/26/2017,38.8600,38.8900,38.8500,38.8600,1836800.0000,23.4938
09/27/2017,38.8300,38.8500,38.7700,38.8000,2098800.0000,23.4575
09/28/2017,38.7600,38.8000,38.7500,38.8000,1630700.0000,23.4575
09/29/2017,38.8300,38.8400,38.7700,38.8100,3573700.0000,23.4636
10/02/2017,38.7000,38.7000,38.5300,38.5300,4443200.0000,23.3998
10/03/2017,38.5400,38.6100,38.5200,38.5200,3843700.0000,23.3937
10/04/2017,38.5600,38.5900,38.5000,38.5100,3753200.0000,23.3876
10/05/2017,38.5200,38.5800,38.4800,38.4800,3717900.0000,23.3694
10/06/2017,38.4800,38.4900,38.3100,38.3100,5703000.0000,23.2662
10/09/2017,38.3300,38.3700,38.2300,38.3200,3416500.0000,23.2723
10/10/2017,38.3300,38.4200,38.3300,38.4000,2166100.0000,23.3209
10/11/2017,38.4400,38.4600,38.4000,38.4100,2872700.0000,23.3269
10/12/2017,38.4200,38.5500,38.4100,38.5100,2238600.0000,23.3876
10/13/2017,38.5500,38.5900,38.5200,38.5500,1633900.0000,23.4119
10/16/2017,38.5500,38.5900,38.4800,38.4900,1875200.0000,23.3755
10/17/2017,38.4900,38.5200,38.4600,38.4800,2016900.0000,23.3694
10/18/2017,38.5300,38.5300,38.4400,38.4500,1753100.0000,23.3512
10/19/2017,38.4000,38.5300,38.3700,38.5000,1431100.0000,23.3816
10/20/2017,38.5000,38.6000,38.4600,38.5900,2642900.0000,23.4362
10/23/2017,38.5900,38.6700,38.5600,38.6100,1992600.0000,23.4484
10/24/2017,38.5700,38.6200,38.5600,38.5900,1657000.0000,23.4362
10/25/2017,38.5200,38.5200,38.3600,38.4200,2436900.0000,23.3330
10/26/2017,38.4900,38.4900,38.3800,38.4100,1782500.0000,23.3269
10/27/2017,38.4500,38.5300,38.4300,38.5100,1227300.0000,23.3876
10/30/2017,38.5200,38.5400,38.3700,38.4100,2345700.0000,23.3269
10/31/2017,38.4500,38.4900,38.4100,38.4900,2066500.0000,23.3755
11/01/2017,38.3300,38.3800,38.2500,38.2800,2713800.0000,23.3639
11/02/2017,38.2600,38.3100,38.2200,38.2900,2079000.0000,23.3700
11/03/2017,38.3200,38.3300,38.2200,38.3000,2498800.0000,23.3761
11/06/2017,38.2600,38.3000,38.2200,38.2300,4385200.0000,23.3334
11/07/2017,38.2500,38.2800,38.2000,38.2600,1730200.0000,23.3517
11/08/2017,38.2800,38.3500,38.2500,38.3300,1616000.0000,23.3944
11/09/2017,38.2800,38.3200,38.2000,38.2700,2377100.0000,23.3578
11/10/2017,38.2300,38.2500,38.1300,38.1900,2343100.0000,23.3090
11/13/2017,38.1900,38.2500,38.1500,38.2100,1695400.0000,23.3212
11/14/2017,38.2000,38.2400,38.1400,38.1600,2598000.0000,23.2907
11/15/2017,38.1200,38.1900,38.0200,38.1700,1777700.0000,23.2968
11/16/2017,38.2500,38.2800,38.1800,38.2600,1313200.0000,23.3517
11/17/2017,38.2600,38.4300,38.2500,38.3800,1605300.0000,23.4249
11/20/2017,38.4200,38.5600,38.4100,38.5200,2370000.0000,23.5104
11/21/2017,38.5500,38.5600,38.5100,38.5400,1168900.0000,23.5226
11/22/2017,38.5400,38.6400,38.5300,38.6100,1351500.0000,23.5653
11/24/2017,38.6500,38.7000,38.6000,38.6400,465400.0000,23.5836
11/27/2017,38.6200,38.7100,38.6200,38.6500,3154900.0000,23.5897
11/28/2017,38.6100,38.7200,38.5600,38.6100,1530000.0000,23.5653
11/29/2017,38.6000,38.6000,38.4400,38.5500,2750400.0000,23.5287
11/30/2017,38.5500,38.6300,38.5200,38.5600,2682100.0000,23.5348
12/01/2017,38.3700,38.4600,38.2200,38.4600,3042100.0000,23.5912
12/04/2017,38.4700,38.5300,38.4000,38.4300,3133900.0000,23.5728
12/05/2017,38.4200,38.4300,38.3500,38.4300,2979500.0000,23.5728
12/06/2017,38.3800,38.4600,38.3800,38.4600,1804500.0000,23.5912
12/07/2017,38.4300,38.5400,38.4000,38.5400,3677100.0000,23.6403
12/08/2017,38.5200,38.5600,38.5000,38.5400,1589400.0000,23.6403
12/11/2017,38.5400,38.5500,38.4600,38.5100,1608500.0000,23.6219
12/12/2017,38.4800,38.5100,38.3700,38.3700,2758600.0000,23.5360
12/13/2017,38.3500,38.4400,38.1600,38.2600,4548000.0000,23.4686
12/14/2017,38.2900,38.3600,38.2300,38.2400,2391000.0000,23.4563
12/15/2017,38.2600,38.4300,38.2500,38.3800,1882900.0000,23.5422
12/18/2017,38.4300,38.4300,38.3100,38.3300,2884400.0000,23.5115
12/19/2017,38.3400,38.3500,38.2400,38.3000,2791700.0000,23.4931
12/20/2017,38.2700,38.3700,38.2400,38.2700,2440600.0000,23.4747
12/21/2017,38.2100,38.2500,38.1500,38.1900,2258300.0000,23.4864
12/22/2017,38.2100,38.2200,38.0700,38.1100,3168400.0000,23.4372
12/26/2017,38.1200,38.1700,38.0700,38.0700,1801700.0000,23.4126
12/27/2017,38.1500,38.1500,38.0600,38.1300,2461900.0000,23.4495
12/28/2017,38.1400,38.1500,38.0800,38.0800,2222800.0000,23.4187
12/29/2017,38.0800,38.1100,38.0200,38.0700,2637300.0000,23.4126
01/02/2018,38.1400,38.1900,37.8300,37.8600,5148300.0000,23.2834
01/03/2018,37.8800,38.0700,37.8200,37.9300,4774600.0000,23.3265
01/04/2018,37.9800,38.0800,37.9100,37.9600,3919600.0000,23.3449
01/05/2018,38.0000,38.0800,37.9700,37.9700,3318300.0000,23.3511
01/08/2018,38.0100,38.1000,37.9600,38.0400,4622800.0000,23.3941
01/09/2018,38.0700,38.1500,38.0400,38.1400,3522300.0000,23.4556
01/10/2018,38.0700,38.0900,37.9600,38.0700,3479700.0000,23.4126
01/11/2018,38.0700,38.1900,38.0500,38.1900,2676600.0000,23.4864
01/12/2018,38.1800,38.2200,38.1200,38.1200,2639500.0000,23.4433
01/16/2018,38.2000,38.2100,37.9900,38.0200,4044800.0000,23.3818
01/17/2018,38.0800,38.0800,37.9300,37.9400,3297600.0000,23.3326
01/18/2018,37.9000,37.9100,37.8000,37.8000,3673900.0000,23.2465
01/19/2018,37.8400,37.9800,37.7900,37.9500,4024300.0000,23.3388
01/22/2018,37.9000,38.0300,37.8900,37.9400,2626800.0000,23.3326
01/23/2018,37.9500,38.0400,37.9400,38.0400,2465700.0000,23.3941
01/24/2018,38.0100,38.0300,37.9400,37.9900,2573600.0000,23.3634
01/25/2018,38.0000,38.0300,37.9200,37.9700,1815600.0000,23.3511
01/26/2018,37.9500,38.0100,37.8300,37.9000,3403300.0000,23.3080
01/29/2018,37.8400,37.8400,37.5600,37.5800,4730400.0000,23.1112
01/30/2018,37.5100,37.5200,37.3300,37.4200,4596200.0000,23.0128
01/31/2018,37.4800,37.6200,37.4800,37.6200,3187600.0000,23.1358
02/01/2018,37.3800,37.4000,37.1900,37.2300,3920400.0000,23.0116
02/02/2018,37.0900,37.1200,36.9100,36.9700,5881900.0000,22.8509
02/05/2018,36.9300,37.0400,36.7600,36.9000,6066400.0000,22.8076
02/06/2018,36.6500,36.9800,36.6200,36.9700,7287500.0000,22.8509
02/07/2018,37.0000,37.1700,36.9800,37.0500,3613600.0000,22.9003
02/08/2018,37.0500,37.0700,36.7600,36.7900,5050000.0000,22.7396
02/09/2018,36.8600,36.9100,36.5200,36.8400,5471900.0000,22.7705
02/12/2018,36.8800,37.0400,36.8500,36.9400,2448000.0000,22.8324
02/13/2018,36.9300,36.9700,36.8800,36.9300,2395800.0000,22.8262
02/14/2018,36.8400,36.9300,36.8300,36.8600,2904600.0000,22.7829
02/15/2018,36.8800,36.9700,36.8800,36.9400,2299500.0000,22.8324
02/16/2018,36.9800,37.1400,36.9500,37.0800,2483300.0000,22.9189
02/20/2018,37.0400,37.1200,37.0400,37.1000,2199800.0000,22.9312
02/21/2018,37.1100,37.2600,37.1000,37.1100,2542400.0000,22.9374
02/22/2018,37.1500,37.2600,37.1500,37.1800,2352600.0000,22.9807
02/23/2018,37.2100,37.3400,37.2100,37.3000,1670900.0000,23.0549
02/26/2018,37.3200,37.4500,37.3200,37.4400,1875000.0000,23.1414
02/27/2018,37.4500,37.5400,37.4200,37.4800,3041600.0000,23.1661
02/28/2018,37.5000,37.6000,37.4700,37.5300,2926100.0000,23.1970
03/01/2018,37.3900,37.4100,37.3000,37.3200,1699400.0000,23.1734
03/02/2018,37.2600,37.2800,37.1800,37.2700,1857700.0000,23.1424
03/05/2018,37.2500,37.4700,37.2200,37.4200,4293100.0000,23.2355
03/06/2018,37.4600,37.5500,37.4000,37.5100,2461200.0000,23.2914
03/07/2018,37.4700,37.5900,37.4500,37.5700,1612100.0000,23.3287
03/08/2018,37.5500,37.6100,37.5400,37.5900,1284000.0000,23.3411
03/09/2018,37.6200,37.6400,37.5500,37.5600,1278100.0000,23.3225
03/12/2018,37.5500,37.5900,37.5100,37.5400,1253900.0000,23.3100
03/13/2018,37.5100,37.6400,37.5100,37.6000,2126500.0000,23.3473
03/14/2018,37.5900,37.6300,37.5300,37.6200,2289000.0000,23.3597
03/15/2018,37.6400,37.7300,37.6100,37.6600,1590000.0000,23.3846
03/16/2018,37.6300,37.6900,37.6100,37.6700,1641600.0000,23.3908
03/19/2018,37.6600,37.6600,37.5600,37.6300,1866300.0000,23.3659
03/20/2018,37.6000,37.6000,37.5200,37.5200,1315200.0000,23.2976
03/21/2018,37.5100,37.6000,37.5100,37.5900,2012800.0000,23.3411
03/22/2018,37.5300,37.5900,37.4700,37.4700,1664100.0000,23.2666
03/23/2018,37.4700,37.5300,37.4200,37.4300,2157600.0000,23.2417
03/26/2018,37.4900,37.5300,37.3800,37.4300,1952100.0000,23.2417
03/27/2018,37.4500,37.5400,37.3900,37.4000,2825500.0000,23.2231
03/28/2018,37.4000,37.5100,37.3900,37.4900,2006400.0000,23.2790
03/29/2018,37.5000,37.6100,37.4900,37.5600,2068100.0000,23.3225
04/02/2018,37.4000,37.4600,37.2400,37.2800,2868600.0000,23.2514
04/03/2018,37.3300,37.3400,37.0700,37.1400,4655000.0000,23.1640
04/04/2018,37.1200,37.2400,37.0600,37.1500,3135500.0000,23.1703
04/05/2018,37.2200,37.2800,37.1900,37.2400,1781200.0000,23.2264
04/06/2018,37.2600,37.2600,37.1500,37.2000,2097600.0000,23.2015
04/09/2018,37.2100,37.2800,37.2100,37.2400,1655000.0000,23.2264
04/10/2018,37.2900,37.3400,37.2700,37.3000,1714000.0000,23.2638
04/11/2018,37.2600,37.3400,37.2600,37.3000,1315400.0000,23.2638
04/12/2018,37.2600,37.3300,37.2300,37.2500,1529900.0000,23.2326
04/13/2018,37.2500,37.2700,37.1600,37.1700,1692000.0000,23.1827
04/16/2018,37.2000,37.2700,37.1700,37.2400,1732200.0000,23.2264
04/17/2018,37.2600,37.3000,37.2200,37.3000,2846800.0000,23.2638
04/18/2018,37.2900,37.3500,37.2700,37.3400,2416700.0000,23.2888
04/19/2018,37.3100,37.3200,37.2100,37.3100,2212800.0000,23.2701
04/20/2018,37.2800,37.3100,37.2000,37.2900,2512500.0000,23.2576
04/23/2018,37.2700,37.2900,37.2100,37.2500,2053900.0000,23.2326
04/24/2018,37.2400,37.2800,37.1200,37.1700,2194400.0000,23.1827
04/25/2018,37.1300,37.1400,36.9400,37.0200,2995400.0000,23.0892
04/26/2018,37.0600,37.1200,37.0400,37.0500,1300200.0000,23.1079
04/27/2018,37.0900,37.1300,37.0700,37.1000,1013700.0000,23.1391
04/30/2018,37.1100,37.1600,37.1000,37.1300,1535700.0000,23.1578
05/01/2018,36.9500,36.9800,36.8600,36.9700,1601300.0000,23.1703
05/02/2018,36.9200,36.9800,36.9000,36.9300,1620600.0000,23.1453
05/03/2018,36.9500,36.9900,36.8900,36.9700,1731600.0000,23.1703
05/04/2018,36.8900,37.1000,36.8900,36.9900,2590900.0000,23.1829
05/07/2018,37.0100,37.1100,37.0100,37.0500,2102000.0000,23.2205
05/08/2018,37.0300,37.0400,36.9600,36.9700,1986800.0000,23.1703
05/09/2018,36.9400,37.0100,36.9100,36.9700,1704400.0000,23.1703
05/10/2018,36.9700,37.0500,36.9700,37.0300,1834100.0000,23.2079
05/11/2018,37.0500,37.0800,37.0000,37.0600,1889700.0000,23.2267
05/14/2018,37.0400,37.1900,37.0400,37.0900,1668700.0000,23.2455
05/15/2018,37.0200,37.0400,36.9100,36.9100,2368000.0000,23.1327
05/16/2018,36.9300,36.9600,36.8800,36.9400,2050700.0000,23.1515
05/17/2018,36.9000,36.9800,36.8900,36.9300,2103100.0000,23.1453
05/18/2018,36.9600,36.9900,36.9300,36.9600,1339300.0000,23.1641
05/21/2018,36.9900,37.0000,36.9400,36.9400,1983800.0000,23.1515
05/22/2018,36.9500,36.9800,36.9200,36.9500,2377300.0000,23.1578
05/23/2018,36.9800,37.0300,36.9500,37.0300,2394400.0000,23.2079
05/24/2018,37.0400,37.1500,37.0300,37.1500,3358000.0000,23.2831
05/25/2018,37.1800,37.2800,37.1000,37.1600,2428900.0000,23.2894
05/29/2018,37.1300,37.2700,37.1200,37.2200,3208600.0000,23.3270
05/30/2018,37.1800,37.3000,37.1600,37.2500,2492000.0000,23.3458
05/31/2018,37.2500,37.2900,37.2200,37.2500,3906700.0000,23.3458
06/01/2018,37.0900,37.2200,37.0800,37.1900,3258500.0000,23.4302
06/04/2018,37.2400,37.3300,37.2100,37.3200,2203900.0000,23.5121
06/05/2018,37.3200,37.4000,37.2900,37.4000,2708100.0000,23.5625
06/06/2018,37.3300,37.4800,37.3300,37.4400,2129300.0000,23.5877
06/07/2018,37.4600,37.5000,37.4200,37.4900,2308500.0000,23.6193
06/08/2018,37.4900,37.5300,37.4600,37.5100,1286100.0000,23.6318
06/11/2018,37.5000,37.5600,37.5000,37.5200,2093300.0000,23.6381
06/12/2018,37.5200,37.5500,37.4500,37.4900,2097200.0000,23.6193
06/13/2018,37.4700,37.4900,37.3900,37.4400,1930100.0000,23.5877
06/14/2018,37.4600,37.5300,37.4600,37.5300,1283200.0000,23.6445
06/15/2018,37.5200,37.5800,37.5000,37.5800,1204400.0000,23.6759
06/18/2018,37.5600,37.6000,37.5200,37.5400,1474100.0000,23.6508
06/19/2018,37.5400,37.6000,37.5000,37.5800,1863400.0000,23.6759
06/20/2018,37.5500,37.6100,37.5300,37.5300,1699100.0000,23.6445
06/21/2018,37.5200,37.5400,37.5000,37.5100,1113700.0000,23.6318
06/22/2018,37.5100,37.5800,37.5100,37.5700,1138600.0000,23.6697
06/25/2018,37.5600,37.5700,37.5100,37.5300,1234800.0000,23.6445
06/26/2018,37.5000,37.5900,37.5000,37.5800,1488800.0000,23.6759
06/27/2018,37.5600,37.6000,37.5300,37.5500,1397100.0000,23.6570
06/28/2018,37.5400,37.6300,37.5300,37.6200,1356000.0000,23.7011
06/29/2018,37.6300,37.7700,37.6200,37.7100,2702600.0000,23.7579
07/02/2018,37.6200,37.9300,37.6200,37.9100,5236800.0000,23.8839
07/03/2018,37.7200,37.8500,37.6700,37.8300,4685800.0000,23.9560
07/05/2018,37.7800,37.9200,37.7600,37.9200,4663200.0000,24.0130
07/06/2018,37.9400,38.0800,37.9100,38.0000,4772100.0000,24.0637
07/09/2018,37.9600,38.0500,37.9200,37.9700,5899900.0000,24.0447
07/10/2018,38.0100,38.0200,37.9600,37.9900,4088400.0000,24.0574
07/11/2018,37.9700,38.0000,37.8600,37.8800,3515000.0000,23.9877
07/12/2018,37.9200,37.9400,37.8100,37.8800,2959000.0000,23.9877
07/13/2018,37.8900,37.8900,37.6200,37.6700,5475300.0000,23.8547
07/16/2018,37.6700,37.7300,37.5900,37.6000,2898500.0000,23.8104
07/17/2018,37.6000,37.6200,37.5400,37.5400,2167200.0000,23.7724
07/18/2018,37.5700,37.6100,37.5100,37.5100,2050500.0000,23.7534
07/19/2018,37.5200,37.6400,37.5000,37.6400,2162600.0000,23.8357
07/20/2018,37.6200,37.7500,37.6200,37.7400,2937200.0000,23.8990
07/23/2018,37.7400,37.7400,37.6700,37.6900,2024600.0000,23.8674
07/24/2018,37.6900,37.7200,37.6400,37.7000,1811800.0000,23.8737
07/25/2018,37.6800,37.7600,37.6500,37.7600,3090200.0000,23.9117
07/26/2018,37.7200,37.7600,37.7000,37.7500,3450700.0000,23.9054
07/27/2018,37.7100,37.7600,37.5700,37.6000,3192100.0000,23.8104
07/30/2018,37.6300,37.6800,37.5500,37.5700,1660400.0000,23.7914
07/31/2018,37.6000,37.6500,37.5800,37.5900,1985500.0000,23.8041
08/01/2018,37.4400,37.4400,37.2700,37.3500,2840500.0000,23.7633
08/02/2018,37.3700,37.3800,37.2800,37.3700,1917400.0000,23.7761
08/03/2018,37.3400,37.5100,37.3400,37.4700,2378500.0000,23.8397
08/06/2018,37.5000,37.5000,37.4000,37.4900,3103000.0000,23.8524
08/07/2018,37.5000,37.5000,37.4200,37.4800,2229700.0000,23.8461
08/08/2018,37.4300,37.4900,37.4100,37.4500,1571400.0000,23.8270
08/09/2018,37.4300,37.4500,37.3700,37.3700,1899500.0000,23.7761
08/10/2018,37.3700,37.3900,37.3100,37.3400,1599000.0000,23.7570
08/13/2018,37.3300,37.3500,37.2900,37.3200,1587400.0000,23.7443
08/14/2018,37.3400,37.4300,37.3400,37.4000,1496800.0000,23.7952
08/15/2018,37.3600,37.4600,37.3200,37.3800,3191800.0000,23.7824
08/16/2018,37.4100,37.5000,37.4000,37.4700,1266200.0000,23.8397
08/17/2018,37.4500,37.5700,37.4400,37.5600,2111600.0000,23.8969
08/20/2018,37.6300,37.7500,37.5700,37.6400,3504100.0000,23.9478
08/21/2018,37.6400,37.7000,37.6400,37.6800,1376100.0000,23.9733
08/22/2018,37.6800,37.7100,37.6300,37.6400,1839000.0000,23.9478
08/23/2018,37.6300,37.6900,37.6100,37.6100,1546000.0000,23.9288
08/24/2018,37.6200,37.7700,37.6200,37.7600,2952600.0000,24.0242
08/27/2018,37.7800,37.7800,37.7100,37.7600,1643000.0000,24.0242
08/28/2018,37.7500,37.8600,37.7100,37.8400,4761900.0000,24.0751
08/29/2018,37.8200,37.9400,37.8200,37.9100,2975200.0000,24.1196
08/30/2018,37.8800,37.9400,37.8300,37.8300,2096800.0000,24.0687
08/31/2018,37.8700,37.9400,37.8300,37.9400,2001300.0000,24.1387
09/04/2018,37.7700,37.7700,37.5000,37.5000,5114600.0000,23.9604
09/05/2018,37.5000,37.5600,37.3300,37.3300,4621300.0000,23.8518
09/06/2018,37.3600,37.4200,37.2800,37.2900,3962800.0000,23.8263
09/07/2018,37.2600,37.2800,37.0500,37.1000,5627100.0000,23.7049
09/10/2018,37.1500,37.2800,37.1000,37.2200,3011300.0000,23.7816
09/11/2018,37.2000,37.3200,37.1900,37.2600,2186100.0000,23.8071
09/12/2018,37.2800,37.3200,37.2500,37.3000,2663700.0000,23.8327
09/13/2018,37.3300,37.3700,37.2600,37.2700,1856300.0000,23.8135
09/14/2018,37.2600,37.3500,37.1600,37.3400,1861400.0000,23.8582
09/17/2018,37.3000,37.3600,37.2400,37.2500,2496100.0000,23.8007
09/18/2018,37.2400,37.3200,37.2100,37.2100,2619700.0000,23.7752
09/19/2018,37.2300,37.2600,37.0800,37.0800,3854600.0000,23.6921
09/20/2018,37.0800,37.1300,37.0300,37.1000,2635300.0000,23.7049
09/21/2018,37.0800,37.1600,37.0600,37.1500,1428700.0000,23.7368
09/24/2018,37.1100,37.1600,37.0900,37.1100,1655700.0000,23.7113
09/25/2018,37.0900,37.1100,36.9700,37.0500,3088500.0000,23.6729
09/26/2018,37.0200,37.1000,37.0100,37.0200,3271600.0000,23.6538
09/27/2018,37.0500,37.1100,36.9900,37.0600,3035200.0000,23.6793
09/28/2018,37.0900,37.1500,37.0200,37.1300,2797300.0000,23.7241
10/01/2018,37.0200,37.0200,36.6800,36.6800,6480300.0000,23.5373
10/02/2018,36.7200,36.7900,36.5700,36.5800,7624000.0000,23.4731
10/03/2018,36.6100,36.7000,36.2900,36.3400,9015900.0000,23.3191
10/04/2018,36.2800,36.3200,36.0300,36.0500,8824200.0000,23.1330
10/05/2018,35.9600,36.1300,35.9600,36.0500,7938600.0000,23.1330
10/08/2018,36.0500,36.1800,35.9800,36.1100,2891400.0000,23.1716
10/09/2018,36.1100,36.2400,36.0800,36.2200,3126200.0000,23.2421
10/10/2018,36.1400,36.1700,35.8800,35.9400,4540100.0000,23.0625
10/11/2018,35.9400,36.0300,35.8600,35.9100,3547000.0000,23.0432
10/12/2018,36.0500,36.0800,35.8300,35.8500,7247500.0000,23.0047
10/15/2018,35.8700,35.9500,35.8100,35.9100,4207000.0000,23.0432
10/16/2018,35.9500,36.0400,35.9000,35.9800,3838900.0000,23.0881
10/17/2018,36.0100,36.0400,35.9400,36.0000,2524000.0000,23.1010
10/18/2018,35.9400,36.0900,35.9400,36.0800,2624100.0000,23.1523
10/19/2018,36.0700,36.2400,36.0600,36.2100,3160900.0000,23.2357
10/22/2018,36.1500,36.2900,36.1100,36.2400,2756300.0000,23.2550
10/23/2018,36.1600,36.2700,36.0600,36.1300,3072600.0000,23.1844
10/24/2018,36.1500,36.2000,36.0000,36.0000,2175200.0000,23.1010
10/25/2018,36.0000,36.2300,36.0000,36.2200,3493800.0000,23.2421
10/26/2018,36.1700,36.2100,36.0300,36.1000,2807200.0000,23.1651
10/29/2018,36.1300,36.2700,36.0600,36.1300,2492400.0000,23.1844
10/30/2018,36.0600,36.2100,36.0300,36.1100,2115600.0000,23.1716
10/31/2018,36.1200,36.1800,36.0500,36.1400,2483900.0000,23.1908
11/01/2018,35.9800,36.1100,35.9500,36.0200,2134100.0000,23.2140
11/02/2018,36.0600,36.0800,35.8600,35.8900,2432200.0000,23.1302
11/05/2018,35.9000,35.9800,35.8600,35.8900,2086800.0000,23.1302
11/06/2018,35.9100,36.0000,35.9100,35.9900,1717900.0000,23.1947
11/07/2018,36.0600,36.1400,36.0400,36.0700,2062700.0000,23.2462
11/08/2018,36.0400,36.1400,36.0400,36.1000,2139500.0000,23.2656
11/09/2018,36.0800,36.1200,36.0100,36.1100,1634300.0000,23.2720
11/12/2018,36.1000,36.1000,35.9300,35.9400,1355100.0000,23.1624
11/13/2018,35.9300,36.0500,35.9100,35.9100,1806000.0000,23.1431
11/14/2018,35.9500,36.0300,35.8100,35.8200,2063600.0000,23.0851
11/15/2018,35.7800,35.8000,35.6000,35.6800,3412600.0000,22.9949
11/16/2018,35.5900,35.7600,35.5300,35.7600,2300100.0000,23.0464
11/19/2018,35.7100,35.7500,35.5200,35.5500,2206400.0000,22.9111
11/20/2018,35.3800,35.4200,35.2700,35.2700,4662900.0000,22.7306
11/21/2018,35.3100,35.4900,35.3100,35.4600,2614500.0000,22.8531
11/23/2018,35.3400,35.4200,35.3400,35.3700,1551800.0000,22.7951
11/26/2018,35.4700,35.5000,35.3100,35.3600,2659500.0000,22.7886
11/27/2018,35.3100,35.3400,35.2700,35.3000,1960800.0000,22.7500
11/28/2018,35.3200,35.4700,35.2600,35.3400,3379200.0000,22.7758
11/29/2018,35.3600,35.4200,35.2500,35.2500,2503400.0000,22.7178
11/30/2018,35.2600,35.2800,35.1200,35.1800,2603400.0000,22.6726
12/03/2018,35.1300,35.1700,34.9900,35.0200,2839400.0000,22.6700
12/04/2018,35.0400,35.0500,34.6900,34.8700,5531000.0000,22.5729
12/06/2018,34.5300,34.7300,34.4700,34.7100,6189300.0000,22.4694
12/07/2018,34.7400,34.8900,34.7000,34.7500,4363200.0000,22.4953
12/10/2018,34.7500,34.8000,34.5400,34.7500,5980700.0000,22.4953
12/11/2018,34.8200,34.9700,34.7600,34.8100,6016900.0000,22.5341
12/12/2018,34.9000,34.9600,34.7500,34.7500,5671800.0000,22.4953
12/13/2018,34.7700,34.7900,34.6000,34.6500,3437800.0000,22.4305
12/14/2018,34.5100,34.6700,34.5100,34.5600,4242500.0000,22.3723
12/17/2018,34.5100,34.5500,34.2700,34.3600,5131500.0000,22.2428
12/18/2018,34.1500,34.2100,33.9000,34.0100,6449500.0000,22.1828
12/19/2018,33.9600,34.1000,33.9400,33.9600,5492000.0000,22.1502
12/20/2018,33.9100,33.9400,33.5400,33.7600,9297800.0000,22.0197
12/21/2018,33.6200,33.7500,33.5600,33.6200,8101900.0000,21.9284
12/24/2018,33.5300,33.5600,33.2600,33.4100,5583600.0000,21.7915
12/26/2018,33.4800,33.6600,33.4600,33.6200,6120400.0000,21.9284
12/27/2018,33.5500,33.5700,33.3500,33.5700,7397000.0000,21.8958
12/28/2018,33.5800,33.9900,33.5700,33.9000,7708900.0000,22.1110
12/31/2018,34.0000,34.2300,33.9700,34.2300,6438400.0000,22.3263
01/02/2019,34.1600,34.5600,34.0800,34.5500,5103700.0000,22.5350
01/03/2019,34.4800,34.7000,34.3600,34.6100,4713400.0000,22.5741
01/04/2019,34.6800,35.0100,34.6800,34.9800,6270000.0000,22.8155
01/07/2019,35.0300,35.3400,35.0200,35.0900,6222200.0000,22.8872
01/08/2019,35.2800,35.2900,34.9900,35.1800,5430800.0000,22.9459
01/09/2019,35.2300,35.2600,35.0800,35.1100,5745000.0000,22.9003
01/10/2019,35.0500,35.2200,34.9700,35.2200,3026900.0000,22.9720
01/11/2019,35.2000,35.3600,35.1700,35.3600,5439800.0000,23.0633
01/14/2019,35.2900,35.4200,35.2300,35.3400,2668600.0000,23.0503
01/15/2019,35.3800,35.4400,35.2800,35.3600,3563000.0000,23.0633
01/16/2019,35.3900,35.4500,35.2800,35.3300,3847200.0000,23.0438
01/17/2019,35.3400,35.4800,35.2200,35.4300,3457800.0000,23.1090
01/18/2019,35.5000,35.6000,35.4500,35.5000,4171600.0000,23.1546
01/22/2019,35.4700,35.5700,35.4000,35.4300,3592200.0000,23.1090
01/23/2019,35.4900,35.5200,35.3600,35.4800,2204400.0000,23.1416
01/24/2019,35.4500,35.7100,35.4500,35.6700,3377700.0000,23.2655
01/25/2019,35.7100,35.8900,35.7100,35.7900,2529000.0000,23.3438
01/28/2019,35.7700,35.8300,35.6700,35.7700,3164700.0000,23.3307
01/29/2019,35.7400,35.8900,35.7400,35.8300,2712500.0000,23.3699
01/30/2019,35.8700,36.1200,35.8300,36.1000,5613500.0000,23.5460
01/31/2019,36.1000,36.2400,36.0800,36.1600,10271500.0000,23.5851
02/01/2019,35.9400,35.9900,35.7000,35.8500,5489400.0000,23.4927
02/04/2019,35.8600,35.9000,35.7400,35.8600,2735500.0000,23.4993
02/05/2019,35.8500,35.9700,35.8500,35.8600,3016900.0000,23.4993
02/06/2019,35.8600,35.8800,35.6100,35.7800,5733200.0000,23.4468
02/07/2019,35.7400,35.7400,35.5500,35.5800,4666200.0000,23.3158
02/08/2019,35.5000,35.6700,35.5000,35.6500,2223500.0000,23.3617
02/11/2019,35.6300,35.7000,35.6300,35.6600,2556400.0000,23.3682
02/12/2019,35.7100,35.9200,35.7000,35.9200,2705600.0000,23.5386
02/13/2019,35.9400,36.0400,35.8900,35.9900,2232800.0000,23.5845
02/14/2019,35.9700,36.0000,35.9000,35.9600,2801500.0000,23.5648
02/15/2019,36.0100,36.1500,35.9900,36.1500,2390400.0000,23.6893
02/19/2019,36.1300,36.2400,36.1100,36.1800,1760800.0000,23.7090
02/20/2019,36.2000,36.2800,36.1700,36.1900,2415900.0000,23.7155
02/21/2019,36.1500,36.1900,36.0900,36.1400,2334100.0000,23.6828
02/22/2019,36.1800,36.2300,36.1600,36.2200,2406300.0000,23.7352
02/25/2019,36.2000,36.3000,36.2000,36.2400,2077200.0000,23.7483
02/26/2019,36.2400,36.2800,36.1300,36.1500,4492200.0000,23.6893
02/27/2019,36.1200,36.2000,36.1200,36.2000,2294900.0000,23.7221
02/28/2019,36.1900,36.2300,36.1600,36.2000,1704900.0000,23.7221
03/01/2019,36.0800,36.3300,36.0500,36.2900,2723700.0000,23.8986
03/04/2019,36.3200,36.3700,36.1300,36.2900,2482400.0000,23.8986
03/05/2019,36.2700,36.3300,36.1800,36.3000,2697200.0000,23.9051
03/06/2019,36.3300,36.4200,36.3000,36.4000,3953400.0000,23.9710
03/07/2019,36.4000,36.4200,36.2200,36.2500,4201600.0000,23.8722
03/08/2019,36.2000,36.3500,36.1100,36.3400,3919500.0000,23.9315
03/11/2019,36.3100,36.4000,36.3100,36.3700,1491500.0000,23.9513
03/12/2019,36.3500,36.4700,36.3500,36.4500,1691400.0000,24.0039
03/13/2019,36.4600,36.5500,36.4600,36.5500,2822200.0000,24.0698
03/14/2019,36.5500,36.5900,36.5000,36.5700,2495700.0000,24.0830
03/15/2019,36.5800,36.6700,36.5400,36.6300,2433900.0000,24.1225
03/18/2019,36.6100,36.6700,36.5800,36.6000,2759300.0000,24.1027
03/19/2019,36.5800,36.6200,36.4400,36.4500,2198700.0000,24.0039
03/20/2019,36.4400,36.5400,36.2600,36.4200,4702800.0000,23.9842
03/21/2019,36.4100,36.5700,36.4100,36.5100,2612200.0000,24.0434
03/22/2019,36.5000,36.5200,36.3800,36.3900,3464300.0000,23.9644
03/25/2019,36.3800,36.4600,36.3300,36.3300,3045400.0000,23.9249
03/26/2019,36.3900,36.4500,36.3800,36.4300,2572400.0000,23.9908
03/27/2019,36.4300,36.4600,36.3300,36.3400,3004400.0000,23.9315
03/28/2019,36.3600,36.4700,36.3500,36.4000,2642400.0000,23.9710
03/29/2019,36.4400,36.5700,36.4000,36.5500,3956500.0000,24.0698
04/01/2019,36.4100,36.6300,36.3600,36.5900,6011000.0000,24.2154
04/02/2019,36.6100,36.6400,36.5400,36.6400,4596100.0000,24.2485
04/03/2019,36.6400,36.7000,36.6200,36.6900,4233800.0000,24.2816
04/04/2019,36.6700,36.7500,36.6500,36.7500,3878500.0000,24.3213
04/05/2019,36.7800,36.8200,36.7600,36.8100,4243000.0000,24.3610
04/08/2019,36.8000,36.8000,36.6900,36.7000,2542900.0000,24.2882
04/09/2019,36.6700,36.6700,36.5200,36.6000,5050000.0000,24.2220
04/10/2019,36.5800,36.7000,36.5600,36.6500,2809700.0000,24.2551
04/11/2019,36.6700,36.6800,36.6200,36.6800,1480500.0000,24.2750
04/12/2019,36.7000,36.7500,36.6500,36.6800,1946200.0000,24.2750
04/15/2019,36.6900,36.7000,36.6600,36.7000,1363300.0000,24.2882
04/16/2019,36.7000,36.7800,36.6900,36.7000,3576800.0000,24.2882
04/17/2019,36.7300,36.7400,36.6100,36.6200,2207300.0000,24.2352
04/18/2019,36.6400,36.6400,36.5500,36.5500,3454000.0000,24.1889
04/22/2019,36.5300,36.5600,36.4800,36.5600,3371800.0000,24.1955
04/23/2019,36.5500,36.6800,36.5300,36.6400,3337400.0000,24.2485
04/24/2019,36.6300,36.6900,36.6300,36.6700,2946300.0000,24.2683
04/25/2019,36.6700,36.6800,36.5600,36.5600,2729200.0000,24.1955
04/26/2019,36.6000,36.6000,36.5100,36.5800,2597000.0000,24.2088
04/29/2019,36.5800,36.6900,36.5700,36.6100,4237400.0000,24.2286
04/30/2019,36.6500,36.6600,36.5500,36.6200,2651200.0000,24.2352
05/01/2019,36.6100,36.7400,36.5800,36.7000,4077900.0000,24.2882
05/02/2019,36.5200,36.5400,36.4300,36.4400,4143900.0000,24.2297
05/03/2019,36.4800,36.5100,36.4000,36.4900,3360200.0000,24.2629
05/06/2019,36.4000,36.5300,36.3700,36.5000,2333200.0000,24.2696
05/07/2019,36.4500,36.5000,36.3400,36.3500,2695400.0000,24.1698
05/08/2019,36.3500,36.4500,36.3300,36.3700,2780700.0000,24.1831
05/09/2019,36.3300,36.3900,36.2400,36.3600,2561200.0000,24.1765
05/10/2019,36.3600,36.4500,36.3000,36.4400,2552800.0000,24.2297
05/13/2019,36.3200,36.3600,36.2600,36.2700,3365000.0000,24.1166
05/14/2019,36.3200,36.4800,36.3100,36.4800,3124400.0000,24.2563
05/15/2019,36.4000,36.6000,36.4000,36.5900,3598200.0000,24.3294
05/16/2019,36.5900,36.7100,36.5900,36.6200,2586000.0000,24.3494
05/17/2019,36.5900,36.6400,36.5100,36.5200,3745300.0000,24.2829
05/20/2019,36.4600,36.5300,36.3700,36.3900,4021500.0000,24.1964
05/21/2019,36.4400,36.5400,36.4300,36.5300,1906800.0000,24.2895
05/22/2019,36.5300,36.6200,36.5000,36.5800,2295700.0000,24.3228
05/23/2019,36.5300,36.5500,36.4500,36.5200,3422200.0000,24.2829
05/24/2019,36.5500,36.6200,36.5200,36.6100,2103900.0000,24.3427
05/28/2019,36.6100,36.6500,36.5500,36.5700,3194100.0000,24.3161
05/29/2019,36.5500,36.6100,36.5000,36.6000,5538500.0000,24.3361
05/30/2019,36.6000,36.6600,36.5600,36.6500,3272800.0000,24.3693
05/31/2019,36.6000,36.6200,36.5000,36.5400,3753300.0000,24.2962
06/03/2019,36.3600,36.4100,36.3200,36.3700,5349900.0000,24.2942
06/04/2019,36.4200,36.5500,36.4000,36.5400,4191900.0000,24.4077
06/05/2019,36.5600,36.6000,36.5200,36.5900,2624400.0000,24.4411
06/06/2019,36.5700,36.6300,36.5600,36.5900,2448900.0000,24.4411
06/07/2019,36.6100,36.7400,36.6000,36.7200,4419700.0000,24.5280
06/10/2019,36.7400,36.8000,36.7200,36.7300,3711400.0000,24.5346
06/11/2019,36.7300,36.7900,36.6200,36.6600,3173800.0000,24.4879
06/12/2019,36.6600,36.6900,36.6500,36.6800,1642800.0000,24.5012
06/13/2019,36.7100,36.7800,36.6800,36.7700,2631100.0000,24.5613
06/14/2019,36.7700,36.8300,36.7300,36.8200,2649100.0000,24.5947
06/17/2019,36.8200,36.9000,36.8100,36.8900,3857600.0000,24.6415
06/18/2019,36.9400,37.0000,36.9200,36.9600,3604300.0000,24.6883
06/19/2019,36.9400,37.0300,36.9200,37.0300,3477700.0000,24.7350
06/20/2019,37.1100,37.1300,37.0300,37.0900,3640800.0000,24.7751
06/21/2019,37.0700,37.0800,36.9600,36.9600,3753800.0000,24.6883
06/24/2019,36.9800,37.0100,36.8900,36.9300,3470300.0000,24.6682
06/25/2019,36.9400,36.9800,36.8600,36.8600,4311400.0000,24.6215
06/26/2019,36.9000,36.9300,36.8000,36.8100,3214300.0000,24.5881
06/27/2019,36.8400,36.9500,36.8200,36.8300,2743600.0000,24.6014
06/28/2019,36.8200,36.9100,36.8200,36.8500,3275600.0000,24.6148
07/01/2019,36.9400,36.9400,36.8300,36.8700,3823100.0000,24.6281
07/02/2019,36.7400,36.9100,36.7000,36.8900,6253200.0000,24.7496
07/03/2019,36.8900,37.0000,36.8600,36.9600,3425200.0000,24.7965
07/05/2019,36.9400,36.9400,36.7100,36.8500,4085400.0000,24.7227
07/08/2019,36.8500,36.8500,36.7600,36.7700,3024000.0000,24.6691
07/09/2019,36.7800,36.8100,36.7500,36.7700,2745800.0000,24.6691
07/10/2019,36.8400,36.9100,36.8100,36.9000,2664800.0000,24.7563
07/11/2019,36.9100,36.9300,36.8600,36.9100,2452800.0000,24.7630
07/12/2019,36.9500,37.0000,36.9100,37.0000,1984100.0000,24.8234
07/15/2019,37.0100,37.0500,36.9800,37.0300,1695200.0000,24.8435
07/16/2019,37.0200,37.0500,37.0000,37.0200,2418800.0000,24.8368
07/17/2019,37.0400,37.1600,37.0200,37.1500,4057600.0000,24.9240
07/18/2019,37.1300,37.2000,37.1000,37.2000,3457800.0000,24.9576
07/19/2019,37.2100,37.2400,37.1600,37.1900,3243500.0000,24.9509
07/22/2019,37.2300,37.2400,37.1900,37.2000,1778800.0000,24.9576
07/23/2019,37.2300,37.2500,37.2000,37.2500,1989200.0000,24.9911
07/24/2019,37.2400,37.3800,37.2300,37.3800,4517200.0000,25.0783
07/25/2019,37.3800,37.3900,37.2600,37.2600,4108000.0000,24.9978
07/26/2019,37.2800,37.3300,37.2800,37.3200,2150400.0000,25.0381
07/29/2019,37.3200,37.4300,37.3100,37.4100,3188000.0000,25.0985
07/30/2019,37.3700,37.4300,37.3200,37.3500,4096700.0000,25.0582
07/31/2019,37.3400,37.4000,37.2800,37.3500,5423300.0000,25.0582
08/01/2019,37.2100,37.3300,37.1700,37.2100,5159200.0000,25.0750
08/02/2019,37.2200,37.2500,37.0900,37.2500,3876100.0000,25.1020
08/05/2019,37.1200,37.1400,36.7800,36.8800,6204300.0000,24.8527
08/06/2019,36.9800,37.0200,36.8600,37.0200,4441700.0000,24.9470
08/07/2019,36.9300,36.9600,36.8000,36.9000,5766100.0000,24.8662
08/08/2019,36.9400,37.0400,36.9100,37.0300,3495000.0000,24.9537
08/09/2019,37.0000,37.0900,36.9900,37.0600,1963700.0000,24.9740
08/12/2019,37.0300,37.0800,36.9900,37.0300,1846000.0000,24.9537
08/13/2019,37.0300,37.2400,37.0200,37.2100,4050300.0000,25.0750
08/14/2019,37.1000,37.2300,37.0700,37.1600,3903200.0000,25.0414
08/15/2019,37.1800,37.3700,37.1700,37.3100,3894500.0000,25.1424
08/16/2019,37.3300,37.4000,37.2000,37.2500,8231800.0000,25.1020
08/19/2019,37.3100,37.3500,37.2400,37.3000,2921400.0000,25.1357
08/20/2019,37.3200,37.3900,37.3000,37.3400,2737400.0000,25.1627
08/21/2019,37.3800,37.4600,37.3600,37.4500,2943800.0000,25.2368
08/22/2019,37.4700,37.5000,37.4200,37.4800,2528800.0000,25.2570
08/23/2019,37.4800,37.5200,37.3000,37.3200,2636700.0000,25.1492
08/26/2019,37.4100,37.4100,37.2400,37.3400,3236800.0000,25.1627
08/27/2019,37.3500,37.4000,37.2800,37.3700,2904800.0000,25.1829
08/28/2019,37.3700,37.4600,37.3400,37.4100,3334300.0000,25.2098
08/29/2019,37.4500,37.4900,37.3800,37.3900,2823100.0000,25.1963
08/30/2019,37.4200,37.4300,37.3200,37.4100,3394700.0000,25.2098
09/03/2019,37.2500,37.2700,37.1700,37.2600,4336700.0000,25.2166
09/04/2019,37.3100,37.3700,37.2900,37.3600,5026400.0000,25.2843
09/05/2019,37.4100,37.4600,37.3400,37.3800,3509400.0000,25.2978
09/06/2019,37.4200,37.4600,37.3800,37.4500,2770700.0000,25.3452
09/09/2019,37.4500,37.4700,37.3400,37.3500,3294900.0000,25.2775
09/10/2019,37.3300,37.3500,37.1700,37.1700,3083700.0000,25.1557
09/11/2019,37.1800,37.2200,37.1000,37.1500,5213800.0000,25.1421
09/12/2019,37.2300,37.3000,37.2100,37.2100,3275200.0000,25.1827
09/13/2019,37.1900,37.2000,36.8000,36.9100,10444900.0000,24.9797
09/16/2019,36.9300,37.1000,36.9000,37.0500,3548100.0000,25.0745
09/17/2019,37.0700,37.1900,37.0500,37.1700,2215300.0000,25.1557
09/18/2019,37.2000,37.2800,37.1200,37.2700,3133400.0000,25.2233
09/19/2019,37.3100,37.3800,37.3000,37.3200,2508100.0000,25.2572
09/20/2019,37.3300,37.4100,37.3300,37.4100,2129700.0000,25.3181
09/23/2019,37.4200,37.5200,37.4100,37.4900,3048200.0000,25.3722
09/24/2019,37.5200,37.5400,37.4400,37.4400,3457700.0000,25.3384
09/25/2019,37.4400,37.4900,37.4000,37.4200,2096600.0000,25.3249
09/26/2019,37.4500,37.4800,37.4100,37.4600,2816500.0000,25.3519
09/27/2019,37.4700,37.4900,37.3700,37.4100,2542000.0000,25.3181
09/30/2019,37.4400,37.5300,37.4200,37.5300,2422400.0000,25.3993
10/01/2019,37.3500,37.4000,37.3000,37.3200,3862900.0000,25.3647
10/02/2019,37.2800,37.2800,37.0900,37.1700,4014700.0000,25.2627
10/03/2019,37.1700,37.2500,37.0600,37.2300,4289900.0000,25.3035
10/04/2019,37.2400,37.3500,37.1900,37.2900,5208500.0000,25.3443
10/07/2019,37.2500,37.3100,37.1700,37.2600,2954400.0000,25.3239
10/08/2019,37.2000,37.2700,37.1600,37.1600,3659800.0000,25.2559
10/09/2019,37.2400,37.2800,37.2100,37.2400,2000000.0000,25.3103
10/10/2019,37.2100,37.2900,37.2100,37.2900,2828100.0000,25.3443
10/11/2019,37.2800,37.4100,37.2800,37.3600,3051100.0000,25.3918
10/14/2019,37.3600,37.5200,37.3400,37.4900,3810000.0000,25.4802
10/15/2019,37.5100,37.5800,37.4500,37.4900,5337700.0000,25.4802
10/16/2019,37.4700,37.5800,37.4500,37.5600,3815400.0000,25.5278
10/17/2019,37.5600,37.6000,37.5200,37.5900,3304000.0000,25.5482
10/18/2019,37.5700,37.6000,37.5500,37.5500,2503900.0000,25.5210
10/21/2019,37.5700,37.5900,37.5200,37.5300,2470300.0000,25.5074
10/22/2019,37.5500,37.6000,37.5400,37.6000,3196900.0000,25.5549
10/23/2019,37.6000,37.6800,37.6000,37.6800,3155400.0000,25.6093
10/24/2019,37.7000,37.7100,37.6500,37.6700,2324000.0000,25.6025
10/25/2019,37.6700,37.6800,37.6100,37.6500,2741100.0000,25.5889
10/28/2019,37.6400,37.6400,37.5300,37.5400,2691000.0000,25.5142
10/29/2019,37.5400,37.6000,37.5000,37.5000,3126800.0000,25.4870
10/30/2019,37.5400,37.5800,37.5100,37.5600,3235400.0000,25.5278
10/31/2019,37.5600,37.6100,37.5300,37.5300,4358200.0000,25.5074
11/01/2019,37.3700,37.4100,37.3100,37.3500,4255100.0000,25.4978
11/04/2019,37.3500,37.4200,37.3400,37.3900,4314800.0000,25.5251
11/05/2019,37.3600,37.3600,37.2100,37.2500,4822500.0000,25.4296
11/06/2019,37.2800,37.3300,37.2500,37.3100,3839700.0000,25.4705
11/07/2019,37.2500,37.2700,37.0200,37.0300,6152100.0000,25.2794
11/08/2019,37.0200,37.1600,37.0100,37.0400,4856900.0000,25.2862
11/11/2019,37.0900,37.1100,36.9600,36.9600,3572300.0000,25.2316
11/12/2019,36.9900,37.1000,36.9700,37.0700,3006900.0000,25.3067
11/13/2019,37.1000,37.2600,37.0800,37.2600,3447200.0000,25.4364
11/14/2019,37.2900,37.3200,37.2500,37.2800,2638700.0000,25.4500
11/15/2019,37.2900,37.3300,37.2600,37.3200,2672900.0000,25.4773
11/18/2019,37.3100,37.3200,37.2600,37.2600,2552900.0000,25.4364
11/19/2019,37.2500,37.2900,37.2200,37.2300,2685800.0000,25.4159
11/20/2019,37.2200,37.2600,37.2100,37.2500,1680300.0000,25.4296
11/21/2019,37.2500,37.2500,37.2100,37.2300,1953500.0000,25.4159
11/22/2019,37.2500,37.3200,37.1900,37.1900,4042200.0000,25.3886
11/25/2019,37.2300,37.3000,37.2200,37.2600,2823100.0000,25.4364
11/26/2019,37.2900,37.3400,37.2600,37.3300,3264600.0000,25.4842
11/27/2019,37.3400,37.3700,37.2800,37.3100,3558300.0000,25.4705
11/29/2019,37.3000,37.3500,37.1800,37.2000,2898800.0000,25.3954
12/02/2019,37.0200,37.0200,36.8000,36.8000,9062400.0000,25.2336
12/03/2019,36.7600,36.8200,36.6800,36.7700,5627400.0000,25.2130
12/04/2019,36.8200,36.8800,36.8000,36.8200,10154100.0000,25.2473
12/05/2019,36.8300,36.8800,36.8000,36.8200,6587100.0000,25.2473
12/06/2019,36.8000,36.9000,36.7600,36.8600,5958000.0000,25.2747
12/09/2019,36.8800,36.9300,36.8600,36.8800,4117300.0000,25.2885
12/10/2019,36.9000,36.9500,36.8800,36.9500,2651600.0000,25.3364
12/11/2019,36.9500,37.1000,36.9500,37.0800,3431000.0000,25.4256
12/12/2019,37.0800,37.1200,37.0300,37.1000,4476800.0000,25.4393
12/13/2019,37.0900,37.2500,37.0800,37.2400,2261000.0000,25.5353
12/16/2019,37.2500,37.3900,37.2200,37.3700,3309100.0000,25.6244
12/17/2019,37.3800,37.4800,37.3500,37.4800,4300900.0000,25.6999
12/18/2019,37.4700,37.5300,37.4100,37.5200,4133900.0000,25.7273
12/19/2019,37.3400,37.4100,37.3300,37.4000,3409200.0000,25.7514
12/20/2019,37.4200,37.4500,37.3700,37.4400,2032500.0000,25.7789
12/23/2019,37.4700,37.5000,37.4500,37.5000,2569800.0000,25.8203
12/24/2019,37.4800,37.5400,37.4700,37.5200,1180700.0000,25.8340
12/26/2019,37.5500,37.5900,37.5100,37.5700,1707300.0000,25.8685
12/27/2019,37.5700,37.5800,37.5100,37.5100,2601500.0000,25.8271
12/30/2019,37.5000,37.5300,37.4400,37.4400,3487200.0000,25.7789
12/31/2019,37.4400,37.5900,37.4300,37.5900,3844500.0000,25.8822
01/02/2020,37.6100,37.8300,37.6000,37.8100,8141000.0000,26.0337
01/03/2020,37.7400,37.9000,37.7200,37.8900,7713300.0000,26.0888
01/06/2020,37.8300,37.9000,37.8000,37.8600,7329700.0000,26.0681
01/07/2020,37.8500,37.8500,37.7800,37.8100,7139200.0000,26.0337
01/08/2020,37.8100,37.9000,37.8000,37.8500,7097900.0000,26.0612
01/09/2020,37.8600,37.9000,37.7700,37.8700,4572100.0000,26.0750
01/10/2020,37.8700,37.9400,37.8500,37.9200,3318200.0000,26.1094
01/13/2020,37.9400,37.9700,37.9100,37.9700,3874400.0000,26.1439
01/14/2020,37.9700,37.9900,37.9400,37.9800,2794100.0000,26.1507
01/15/2020,37.9500,38.0600,37.9300,37.9800,5077400.0000,26.1507
01/16/2020,37.9800,38.0100,37.9500,38.0100,4576000.0000,26.1714
01/17/2020,37.9800,38.0700,37.9500,38.0700,3897600.0000,26.2127
01/21/2020,38.0600,38.1000,38.0000,38.0700,3335900.0000,26.2127
01/22/2020,38.0600,38.1000,38.0300,38.0500,1968900.0000,26.1989
01/23/2020,38.0400,38.0800,37.9400,38.0500,4088300.0000,26.1989
01/24/2020,38.0700,38.1000,38.0100,38.0500,3259900.0000,26.1989
01/27/2020,37.8600,38.0100,37.8600,37.9500,4301900.0000,26.1301
01/28/2020,37.9900,38.0600,37.9900,38.0600,2437000.0000,26.2058
01/29/2020,38.0800,38.1500,38.0600,38.1400,3395000.0000,26.2609
01/30/2020,38.1000,38.2300,38.0700,38.2300,4726600.0000,26.3229
01/31/2020,38.2100,38.2600,38.0700,38.1600,5390500.0000,26.2747
02/03/2020,38.0300,38.0700,37.9700,38.0000,4009500.0000,26.2747
02/04/2020,38.0900,38.1400,38.0500,38.0600,4992300.0000,26.3162
02/05/2020,38.1500,38.1900,38.1100,38.1600,3177800.0000,26.3853
02/06/2020,38.1600,38.1800,38.0800,38.1500,4409700.0000,26.3784
02/07/2020,38.1400,38.1900,38.1000,38.1100,5396900.0000,26.3507
02/10/2020,38.1200,38.2000,38.1100,38.2000,2361900.0000,26.4130
02/11/2020,38.2000,38.3100,38.1900,38.2900,3576100.0000,26.4752
02/12/2020,38.3100,38.3300,38.2200,38.2300,2986000.0000,26.4337
02/13/2020,38.2300,38.2600,38.1800,38.2000,2646200.0000,26.4130
02/14/2020,38.2300,38.2800,38.2100,38.2600,2545900.0000,26.4545
02/18/2020,38.2900,38.2900,38.2100,38.2400,2729500.0000,26.4406
02/19/2020,38.2700,38.2800,38.0600,38.0700,4368400.0000,26.3231
02/20/2020,38.1000,38.1800,38.0200,38.1600,4507300.0000,26.3853
02/21/2020,38.1700,38.2000,38.0500,38.0500,3168000.0000,26.3093
02/24/2020,37.7500,37.9200,37.5600,37.5600,9369700.0000,25.9705
02/25/2020,37.7000,37.8000,37.1100,37.1100,15389300.0000,25.6593
02/26/2020,37.1600,37.3800,37.0000,37.1400,15036700.0000,25.6801
02/27/2020,36.9100,37.0700,36.6300,36.6600,17533200.0000,25.3482
02/28/2020,36.1200,36.4500,36.0300,36.3000,18624000.0000,25.0992
03/02/2020,36.2200,36.7300,36.1600,36.6900,18615100.0000,25.4812
03/03/2020,36.8200,37.3300,36.5600,36.6600,15631600.0000,25.4604
03/04/2020,36.9300,37.3000,36.8600,37.2400,8691700.0000,25.8632
03/05/2020,37.0600,37.2000,36.8300,36.8500,8669700.0000,25.5923
03/06/2020,36.2800,36.6500,36.1800,36.3600,14560800.0000,25.2520
03/09/2020,34.5200,35.4600,34.2500,35.0000,14266700.0000,24.3075
03/10/2020,35.7600,35.7600,34.9300,35.3800,9953200.0000,24.5714
03/11/2020,35.0600,35.1400,34.5000,34.7900,9711300.0000,24.1617
03/12/2020,33.0000,33.2400,31.2500,31.3400,21992700.0000,21.7656
03/13/2020,32.6000,33.4800,31.1300,33.4800,10915200.0000,23.2519
03/16/2020,27.9900,31.4900,27.9900,30.1400,11762300.0000,20.9322
03/17/2020,30.1700,30.7000,29.8100,30.2500,10469800.0000,21.0086
03/18/2020,28.5200,29.1900,23.8500,25.1200,20690600.0000,17.4458
03/19/2020,24.6100,27.8700,23.8500,27.2100,17346200.0000,18.8974
03/20/2020,28.0400,29.4500,27.5000,27.7500,10979200.0000,19.2724
03/23/2020,27.5000,27.8600,24.8100,26.2100,16729000.0000,18.2029
03/24/2020,28.0000,28.8100,27.7500,28.2900,10036800.0000,19.6474
03/25/2020,28.9200,31.5900,28.6400,30.3700,12405600.0000,21.0920
03/26/2020,30.5000,32.3900,30.5000,32.3800,9968700.0000,22.4879
03/27/2020,31.3800,31.8800,30.8200,31.4700,6937900.0000,21.8559
03/30/2020,31.5000,31.8900,31.0300,31.8000,4981900.0000,22.0851
03/31/2020,31.7000,32.0300,31.5500,31.8400,5986700.0000,22.1129
04/01/2020,30.7000,30.8000,29.6800,30.1000,11540500.0000,21.0187
04/02/2020,30.4100,30.6800,29.6000,30.2900,10906500.0000,21.1513
04/03/2020,30.3100,30.4400,29.6600,30.0100,5652300.0000,20.9558
04/06/2020,30.6000,31.2300,30.5000,30.9300,6334800.0000,21.5982
04/07/2020,31.8400,31.9600,31.3500,31.8000,7237100.0000,22.2058
04/08/2020,32.0000,33.0700,31.8600,32.7200,8539700.0000,22.8482
04/09/2020,33.2500,34.2800,33.2100,33.9700,16355300.0000,23.7211
04/13/2020,33.7800,33.8100,32.9000,33.6100,6957400.0000,23.4697
04/14/2020,34.0700,34.0900,33.6300,33.8300,4896800.0000,23.6233
04/15/2020,33.3000,33.5700,33.1300,33.5000,5637900.0000,23.3929
04/16/2020,33.4500,33.6600,33.2200,33.4500,4215100.0000,23.3580
04/17/2020,33.8200,33.9300,33.7100,33.8600,5064600.0000,23.6443
04/20/2020,33.5000,33.7700,33.4700,33.7000,3257400.0000,23.5325
04/21/2020,33.2200,33.4400,33.0300,33.1800,5206900.0000,23.1694
04/22/2020,33.6200,33.6300,33.3500,33.4700,4369800.0000,23.3719
04/23/2020,33.6100,33.7700,33.4700,33.7000,3254200.0000,23.5325
04/24/2020,33.7900,34.0100,33.6100,34.0100,4668200.0000,23.7490
04/27/2020,34.1400,34.1400,33.9700,34.1000,3724900.0000,23.8118
04/28/2020,34.3000,34.3100,34.1000,34.1100,4427400.0000,23.8188
04/29/2020,34.2900,34.6700,34.2800,34.6500,4668200.0000,24.1959
04/30/2020,34.6500,34.7300,34.4700,34.6500,3941800.0000,24.1959
05/01/2020,34.2100,34.3000,33.8200,33.9600,5848000.0000,23.8310
05/04/2020,33.7500,34.0600,33.6700,33.9900,3391700.0000,23.8520
05/05/2020,34.1100,34.2600,33.9800,33.9900,3920300.0000,23.8520
05/06/2020,34.0700,34.1800,33.8600,33.8600,3285500.0000,23.7608
05/07/2020,34.0000,34.1400,33.9700,34.0500,2720400.0000,23.8941
05/08/2020,34.2000,34.2700,34.1000,34.2600,2566900.0000,24.0415
05/11/2020,34.2200,34.3000,34.0300,34.2500,7592700.0000,24.0345
05/12/2020,34.3000,34.3000,34.1000,34.1000,2726700.0000,23.9292
05/13/2020,34.0200,34.0800,33.5400,33.6500,5776600.0000,23.6135
05/14/2020,33.4800,33.6000,32.8700,33.5500,6042100.0000,23.5433
05/15/2020,33.3900,33.6100,33.3100,33.4400,3459100.0000,23.4661
05/18/2020,33.9300,33.9900,33.8300,33.9200,2752800.0000,23.8029
05/19/2020,33.9000,34.0700,33.7600,33.9400,2857200.0000,23.8170
05/20/2020,34.0900,34.1500,34.0100,34.1100,2239100.0000,23.9363
05/21/2020,34.1000,34.1900,34.0500,34.1600,3094600.0000,23.9713
05/22/2020,34.0800,34.3400,34.0800,34.3300,1883600.0000,24.0906
05/26/2020,34.8000,34.8500,34.5200,34.6300,2404900.0000,24.3012
05/27/2020,34.8100,34.8600,34.4800,34.8400,3089200.0000,24.4485
05/28/2020,34.9100,35.0900,34.7800,34.9400,2381500.0000,24.5187
05/29/2020,34.9700,35.1500,34.8200,35.1400,3833300.0000,24.6590
06/01/2020,34.8900,35.0700,34.8500,35.0000,2295200.0000,24.6795
06/02/2020,35.0400,35.1700,35.0300,35.1400,2802400.0000,24.7782
06/03/2020,35.2800,35.3900,35.2300,35.2800,3127900.0000,24.8769
06/04/2020,35.3000,35.4000,35.2700,35.3000,2279300.0000,24.8910
06/05/2020,35.8200,35.8200,35.5800,35.6100,4698700.0000,25.1096
06/08/2020,35.6900,35.8700,35.6500,35.8600,4394400.0000,25.2859
06/09/2020,35.7500,35.7600,35.5900,35.6900,3116400.0000,25.1660
06/10/2020,35.7300,35.7300,35.4700,35.5900,3591100.0000,25.0955
06/11/2020,35.0000,35.2300,34.4500,34.4700,7097800.0000,24.3058
06/12/2020,34.8900,35.0300,34.3900,34.4000,10571800.0000,24.2564
06/15/2020,34.1000,34.6700,34.0300,34.6300,5942600.0000,24.4186
06/16/2020,35.1000,35.1300,34.8300,35.0000,2988800.0000,24.6795
06/17/2020,35.0600,35.1300,35.0100,35.0400,2943800.0000,24.7077
06/18/2020,34.8900,35.0700,34.8900,34.9600,2380900.0000,24.6513
06/19/2020,35.1400,35.1600,34.9200,35.0300,2860400.0000,24.7006
06/22/2020,35.0400,35.0400,34.7600,34.8700,3585200.0000,24.5878
06/23/2020,34.9900,35.0000,34.8000,34.9000,3965800.0000,24.6090
06/24/2020,34.8600,34.8700,34.4600,34.7000,5232300.0000,24.4680
06/25/2020,34.6300,34.7400,34.5000,34.6500,4290700.0000,24.4327
06/26/2020,34.5800,34.6500,34.4200,34.4700,2730500.0000,24.3058
06/29/2020,34.5400,34.5800,34.3600,34.5100,2956100.0000,24.3340
06/30/2020,34.5900,34.6500,34.4500,34.6400,4668000.0000,24.4256
07/01/2020,34.4600,34.5900,34.4200,34.5400,3143300.0000,24.4731
07/02/2020,34.6600,34.7800,34.6300,34.7100,2461200.0000,24.5936
07/06/2020,34.7900,34.8400,34.7100,34.7200,2309800.0000,24.6007
07/07/2020,34.7500,34.7500,34.6500,34.6800,1879700.0000,24.5723
07/08/2020,34.8000,34.8000,34.6800,34.8000,1941400.0000,24.6573
07/09/2020,34.8600,34.8700,34.6000,34.7900,2603200.0000,24.6503
07/10/2020,34.7600,34.9500,34.7300,34.8900,2000100.0000,24.7211
07/13/2020,34.9600,35.0000,34.6300,34.6800,6907600.0000,24.5723
07/14/2020,34.6000,34.7200,34.5600,34.7000,2955100.0000,24.5865
07/15/2020,34.8200,34.9900,34.8000,34.9700,2926900.0000,24.7778
07/16/2020,34.9500,35.2000,34.9000,35.1700,3028200.0000,24.9195
07/17/2020,35.2700,35.3400,35.1800,35.3200,2633800.0000,25.0258
07/20/2020,35.3200,35.3800,35.2600,35.3700,2406100.0000,25.0612
07/21/2020,35.3900,35.5600,35.3900,35.5300,2791100.0000,25.1746
07/22/2020,35.5300,35.6300,35.5100,35.6300,2144700.0000,25.2454
07/23/2020,35.6300,35.7300,35.5600,35.6900,3393300.0000,25.2879
07/24/2020,35.6800,35.7300,35.6200,35.7100,2251600.0000,25.3021
07/27/2020,35.7300,35.8000,35.6900,35.8000,2241200.0000,25.3659
07/28/2020,35.8000,35.8600,35.7500,35.8200,2269500.0000,25.3801
07/29/2020,35.8800,36.1100,35.8500,36.1100,3370600.0000,25.5855
07/30/2020,36.0600,36.1400,35.9700,36.0600,3182900.0000,25.5501
07/31/2020,36.1500,36.1800,36.0900,36.1800,2479000.0000,25.6351
08/03/2020,36.1100,36.1100,35.9700,36.0000,4240900.0000,25.6230
08/04/2020,36.0000,36.0200,35.9000,35.9400,3114000.0000,25.5803
08/05/2020,36.0100,36.1400,36.0000,36.0900,2547100.0000,25.6871
08/06/2020,36.0400,36.1000,35.9500,35.9700,2715100.0000,25.6017
08/07/2020,35.9900,36.0700,35.9300,36.0400,2419700.0000,25.6515
08/10/2020,36.1000,36.2600,36.0800,36.1700,2605100.0000,25.7440
08/11/2020,36.2500,36.3000,36.1300,36.1300,3341800.0000,25.7156
08/12/2020,36.2300,36.4000,36.1900,36.4000,3688400.0000,25.9077
08/13/2020,36.4100,36.4400,36.3500,36.3900,3398900.0000,25.9006
08/14/2020,36.4000,36.4200,36.3500,36.3700,2726500.0000,25.8864
08/17/2020,36.3700,36.4900,36.3700,36.4900,2583500.0000,25.9718
08/18/2020,36.5000,36.5800,36.4800,36.5600,4787500.0000,26.0216
08/19/2020,36.5500,36.6400,36.5400,36.6000,2986600.0000,26.0501
08/20/2020,36.4800,36.6000,36.4800,36.5700,2521300.0000,26.0287
08/21/2020,36.5600,36.6000,36.5100,36.5300,2752400.0000,26.0003
08/24/2020,36.6400,36.6900,36.6000,36.6900,4096000.0000,26.1141
08/25/2020,36.7100,36.7100,36.6100,36.6900,4872100.0000,26.1141
08/26/2020,36.7100,36.7400,36.6700,36.7000,6536900.0000,26.1213
08/27/2020,36.7400,36.7500,36.6800,36.6900,4791300.0000,26.1141
08/28/2020,36.7200,36.7500,36.6700,36.6900,3025100.0000,26.1141
08/31/2020,36.7000,36.7500,36.6500,36.7000,4070300.0000,26.1213
09/01/2020,36.5800,36.6000,36.5000,36.5200,3120900.0000,26.1070
09/02/2020,36.5200,36.6500,36.4800,36.6400,3111900.0000,26.1927
09/03/2020,36.5900,36.6200,36.2600,36.2600,5159400.0000,25.9211
09/04/2020,36.3000,36.4100,35.9700,36.2400,4727100.0000,25.9068
09/08/2020,36.1300,36.1300,35.9200,35.9600,4827100.0000,25.7066
09/09/2020,36.1300,36.3300,36.0800,36.2700,3108600.0000,25.9282
09/10/2020,36.3200,36.4400,36.2600,36.2700,3927400.0000,25.9282
09/11/2020,36.3100,36.3500,36.1700,36.2300,3037700.0000,25.8997
09/14/2020,36.3600,36.5400,36.3100,36.4700,2941500.0000,26.0712
09/15/2020,36.5800,36.6800,36.5600,36.6200,3850300.0000,26.1784
09/16/2020,36.6300,36.7500,36.6000,36.6800,4069700.0000,26.2213
09/17/2020,36.5100,36.6400,36.4500,36.4700,3904800.0000,26.0712
09/18/2020,36.5500,36.5800,36.3400,36.4400,2670000.0000,26.0498
09/21/2020,36.2600,36.3200,35.9800,36.1800,4277500.0000,25.8639
09/22/2020,36.2100,36.3800,36.2000,36.2300,4762600.0000,25.8997
09/23/2020,36.3100,36.3400,35.7500,35.7800,9573000.0000,25.5780
09/24/2020,35.6900,35.8700,35.5300,35.7600,10755300.0000,25.5637
09/25/2020,35.7400,36.2800,35.7200,36.2200,6646900.0000,25.8925
09/28/2020,36.3800,36.5500,36.3800,36.5500,6541700.0000,26.1284
09/29/2020,36.5200,36.5500,36.4000,36.5100,4330000.0000,26.0998
09/30/2020,36.5500,36.5700,36.3500,36.4500,6880300.0000,26.0569
10/01/2020,36.2300,36.5200,36.2300,36.5200,10291600.0000,26.2199
10/02/2020,36.2500,36.5800,36.2500,36.5300,8745900.0000,26.2271
10/05/2020,36.6400,36.7600,36.6000,36.7500,6208000.0000,26.3850
10/06/2020,36.7600,36.9100,36.6600,36.7800,13570600.0000,26.4066
10/07/2020,36.8500,36.9400,36.8200,36.9400,5613900.0000,26.5214
10/08/2020,37.0000,37.0500,36.9500,37.0100,6916900.0000,26.5717
10/09/2020,37.0300,37.0800,36.9000,37.0400,4745400.0000,26.5932
10/12/2020,37.1000,37.1100,36.9500,37.0900,5972200.0000,26.6291
10/13/2020,37.0800,37.0900,36.9200,36.9900,5381300.0000,26.5573
10/14/2020,37.0500,37.0700,36.8200,36.9000,3569400.0000,26.4927
10/15/2020,36.7800,36.9500,36.7200,36.9100,4905700.0000,26.4999
10/16/2020,36.9500,36.9700,36.7800,36.7800,4429600.0000,26.4066
10/19/2020,36.8900,36.9100,36.6000,36.6100,5625000.0000,26.2845
10/20/2020,36.7400,36.9000,36.6900,36.8400,4355300.0000,26.4496
10/21/2020,36.8400,36.8700,36.5300,36.5500,6619700.0000,26.2414
10/22/2020,36.6300,36.8500,36.5300,36.8400,4009900.0000,26.4496
10/23/2020,36.8700,37.0700,36.8500,37.0700,5068500.0000,26.6148
10/26/2020,36.9900,36.9900,36.7400,36.7500,4355200.0000,26.3850
10/27/2020,36.8000,36.9100,36.7200,36.7700,3479100.0000,26.3994
10/28/2020,36.6300,36.6800,36.1300,36.1300,9082800.0000,25.9399
10/29/2020,36.1700,36.4600,36.1100,36.2300,6701600.0000,26.0117
10/30/2020,36.1500,36.3500,36.1100,36.2200,8970500.0000,26.0045
11/02/2020,36.3000,36.3900,36.2100,36.2900,5271300.0000,26.1646
11/03/2020,36.3900,36.5700,36.3200,36.4800,4575800.0000,26.3016
11/04/2020,36.6800,36.8200,36.5700,36.7300,7126400.0000,26.4818
11/05/2020,36.9200,37.0300,36.7800,36.8400,4213400.0000,26.5611
11/06/2020,36.8800,36.9000,36.6800,36.6900,6237800.0000,26.4530
11/09/2020,37.0900,37.3800,37.0100,37.2700,13857200.0000,26.8711
11/10/2020,37.2700,37.3000,37.1000,37.1800,5016600.0000,26.8062
11/11/2020,37.3200,37.3600,37.2000,37.2800,3240000.0000,26.8783
11/12/2020,37.2500,37.3200,37.1100,37.1600,3304200.0000,26.7918
11/13/2020,37.2300,37.3900,37.2100,37.2900,3457200.0000,26.8856
11/16/2020,37.4600,37.7400,37.3700,37.7200,8857900.0000,27.1956
11/17/2020,37.6600,37.7800,37.5600,37.6800,4546800.0000,27.1667
11/18/2020,37.6400,37.8000,37.5200,37.5400,3819300.0000,27.0658
11/19/2020,37.5400,37.6300,37.4700,37.6000,3789800.0000,27.1091
11/20/2020,37.6100,37.6600,37.5100,37.5600,3228200.0000,27.0802
11/23/2020,37.6500,37.7500,37.6200,37.6800,3206800.0000,27.1667
11/24/2020,37.7800,37.9100,37.7500,37.7700,4914800.0000,27.2316
11/25/2020,37.8000,37.8200,37.7200,37.7500,3100500.0000,27.2172
11/27/2020,37.8100,37.8400,37.7400,37.8200,1963800.0000,27.2677
11/30/2020,37.8000,37.8200,37.6000,37.7300,7693500.0000,27.2028
12/01/2020,37.7200,37.7200,37.6000,37.6600,4550700.0000,27.2592
12/02/2020,37.5000,37.7400,37.5000,37.7000,4830800.0000,27.2882
12/03/2020,37.7400,37.8400,37.7100,37.8000,3617400.0000,27.3606
12/04/2020,37.8000,37.8800,37.8000,37.8400,2693100.0000,27.3895
12/07/2020,37.8200,37.9300,37.7800,37.9300,4541500.0000,27.4547
12/08/2020,37.8800,38.0000,37.8600,37.9900,3043500.0000,27.4981
12/09/2020,38.0000,38.0000,37.8900,37.9500,3740500.0000,27.4692
12/10/2020,37.9200,37.9900,37.7800,37.8700,4507200.0000,27.4113
12/11/2020,37.8400,37.9200,37.7500,37.8900,3051300.0000,27.4257
12/14/2020,37.9500,38.0300,37.9100,37.9400,2935700.0000,27.4619
12/15/2020,38.0000,38.1300,37.9500,38.1300,3628600.0000,27.5995
12/16/2020,38.1300,38.2000,38.0900,38.1800,4011900.0000,27.6356
12/17/2020,38.1500,38.2600,38.1300,38.2400,4222000.0000,27.7234
12/18/2020,38.2500,38.2700,38.1600,38.1900,3228500.0000,27.6871
12/21/2020,38.0400,38.2300,37.9900,38.1800,5098200.0000,27.6799
12/22/2020,38.2000,38.2800,37.9500,38.0600,10825600.0000,27.5929
12/23/2020,38.1400,38.1800,38.0000,38.0800,3504200.0000,27.6074
12/24/2020,38.1000,38.2400,38.1000,38.2100,2740300.0000,27.7016
12/28/2020,38.2400,38.3000,38.1800,38.1900,3880800.0000,27.6871
12/29/2020,38.2400,38.2700,38.1300,38.1700,3385600.0000,27.6726
12/30/2020,38.2400,38.3400,38.1800,38.3400,3546800.0000,27.7958
12/31/2020,38.3400,38.5300,38.3000,38.5100,4115400.0000,27.9191
01/04/2021,38.5600,38.5600,38.0400,38.1400,7083500.0000,27.6509
01/05/2021,38.0500,38.3200,38.0400,38.3200,5890500.0000,27.7814
01/06/2021,38.1700,38.2400,37.7600,38.0700,9988600.0000,27.6001
01/07/2021,38.0400,38.1000,37.7700,37.9700,8691600.0000,27.5276
01/08/2021,37.9600,38.0900,37.9200,37.9700,7343800.0000,27.5276
01/11/2021,37.8300,37.9200,37.7000,37.7000,6650800.0000,27.3319
01/12/2021,37.7100,37.7500,37.4800,37.6100,8360800.0000,27.2666
01/13/2021,37.6500,38.1600,37.6500,38.1600,7473700.0000,27.6654
01/14/2021,38.2000,38.2700,38.0800,38.1700,6776400.0000,27.6726
01/15/2021,38.1500,38.2800,38.0700,38.0700,5791500.0000,27.6001
01/19/2021,38.0900,38.3100,38.0900,38.3000,4276000.0000,27.7669
01/20/2021,38.3900,38.4900,38.3100,38.4600,4974400.0000,27.8829
01/21/2021,38.4400,38.4900,38.2800,38.3100,4864300.0000,27.7741
01/22/2021,38.2400,38.4300,38.2300,38.3800,4079600.0000,27.8249
01/25/2021,38.4400,38.4500,38.2500,38.2800,3499300.0000,27.7524
01/26/2021,38.3500,38.3700,38.1700,38.1800,3507600.0000,27.6799
01/27/2021,38.1000,38.1400,37.6200,37.6500,9369600.0000,27.2956
01/28/2021,37.7200,38.0300,37.6900,38.0000,5353200.0000,27.5494
01/29/2021,37.9700,38.0400,37.7600,37.8500,7702900.0000,27.4406
02/01/2021,37.7800,38.0400,37.7300,37.9100,5145300.0000,27.5935
02/02/2021,37.9200,38.2800,37.9100,38.0500,6740100.0000,27.6954
02/03/2021,38.0900,38.1900,37.8800,37.9100,7105800.0000,27.5935
02/04/2021,37.9400,38.1200,37.8400,38.0100,7097500.0000,27.6663
02/05/2021,38.0800,38.2500,38.0400,38.1000,6666700.0000,27.7318
02/08/2021,38.1200,38.2300,38.0600,38.1400,6769700.0000,27.7609
02/09/2021,38.1200,38.3300,38.1000,38.1700,4414900.0000,27.7827
02/10/2021,38.2200,38.7100,38.0800,38.1500,6556800.0000,27.7682
02/11/2021,38.2000,38.2400,38.0400,38.0600,10096100.0000,27.7027
02/12/2021,38.0000,38.0200,37.8900,37.9500,11199100.0000,27.6226
02/16/2021,37.9000,37.9500,37.7600,37.7600,12296000.0000,27.4843
02/17/2021,37.8000,37.8300,37.6900,37.7400,8325300.0000,27.4697
02/18/2021,37.7100,37.7500,37.5700,37.7400,5663700.0000,27.4697
02/19/2021,37.7700,37.8900,37.6900,37.6900,5944900.0000,27.4333
02/22/2021,37.6200,37.6500,37.5300,37.5300,6156100.0000,27.3169
02/23/2021,37.5000,37.5500,37.3800,37.5000,7211300.0000,27.2951
02/24/2021,37.4500,37.4800,37.3300,37.4500,6427300.0000,27.2586
02/25/2021,37.3600,37.4400,37.0400,37.1500,9210600.0000,27.0403
02/26/2021,37.2400,37.3900,37.0800,37.3700,10873700.0000,27.2004
03/01/2021,37.4900,37.5000,37.2900,37.3800,4510900.0000,27.3174
03/02/2021,37.3800,37.6100,37.3700,37.5400,2619100.0000,27.4343
03/03/2021,37.5000,37.6500,37.3500,37.5600,6411700.0000,27.4489
03/04/2021,37.5800,37.6900,37.2500,37.2600,6425600.0000,27.2297
03/05/2021,37.3600,37.6400,37.1500,37.6300,7106500.0000,27.5000
03/08/2021,37.6400,37.6500,37.5100,37.5200,2899900.0000,27.4197
03/09/2021,37.5600,37.8000,37.5600,37.7700,3234900.0000,27.6024
03/10/2021,37.8500,37.8500,37.7300,37.8400,4330600.0000,27.6535
03/11/2021,37.8700,38.0900,37.8500,38.0800,4884500.0000,27.8289
03/12/2021,37.9300,38.0000,37.7900,37.9600,2736800.0000,27.7412
03/15/2021,37.9900,38.1800,37.9700,38.1500,4079500.0000,27.8801
03/16/2021,38.1900,38.3000,38.1500,38.2100,5319200.0000,27.9239
03/17/2021,38.1400,38.2500,38.0700,38.1400,5663700.0000,27.8728
03/18/2021,38.0500,38.0500,37.6600,37.6800,6972500.0000,27.5366
03/19/2021,37.6900,37.9400,37.6000,37.9100,4580900.0000,27.7047
03/22/2021,38.0000,38.0700,37.9700,38.0000,2601100.0000,27.7704
03/23/2021,37.9900,38.0800,37.9700,37.9800,2774100.0000,27.7558
03/24/2021,38.0600,38.2100,38.0200,38.1000,4532600.0000,27.8435
03/25/2021,38.1100,38.1400,37.9700,38.0900,2736800.0000,27.8362
03/26/2021,38.1200,38.2500,38.0800,38.2500,2755600.0000,27.9531
03/29/2021,38.2500,38.2800,38.0500,38.1400,4213000.0000,27.8728
03/30/2021,38.1200,38.2600,38.0700,38.2200,5452800.0000,27.9312
03/31/2021,38.2500,38.4000,38.2500,38.4000,4637800.0000,28.0628
04/01/2021,38.2700,38.4000,38.2600,38.4000,4448000.0000,28.1735
04/05/2021,38.4100,38.5800,38.4000,38.5800,5469000.0000,28.3056
04/06/2021,38.5700,38.6900,38.5500,38.6100,6983200.0000,28.3276
04/07/2021,38.6100,38.6800,38.5900,38.6200,3621800.0000,28.3350
04/08/2021,38.6600,38.6800,38.6300,38.6600,2539600.0000,28.3643
04/09/2021,38.6300,38.6900,38.6200,38.6700,2568200.0000,28.3716
04/12/2021,38.6400,38.6900,38.6300,38.6300,2057500.0000,28.3423
04/13/2021,38.6500,38.7800,38.6100,38.7500,4831800.0000,28.4303
04/14/2021,38.7500,38.7900,38.6600,38.6800,2834100.0000,28.3790
04/15/2021,38.7700,38.8800,38.7500,38.8600,2428500.0000,28.5111
04/16/2021,38.8400,38.9000,38.8400,38.8700,3199700.0000,28.5184
04/19/2021,38.8600,38.8600,38.7100,38.7200,5078100.0000,28.4083
04/20/2021,38.7200,38.7400,38.5900,38.6100,4097300.0000,28.3276
04/21/2021,38.6100,38.7800,38.6100,38.7800,2330500.0000,28.4523
04/22/2021,38.8100,38.8400,38.7200,38.7600,2834500.0000,28.4377
04/23/2021,38.7700,38.9500,38.7700,38.9100,3155100.0000,28.5477
04/26/2021,38.9500,39.0300,38.9200,39.0000,2586700.0000,28.6138
04/27/2021,38.9800,39.0200,38.8400,38.8900,2473400.0000,28.5331
04/28/2021,38.9400,38.9600,38.8200,38.8800,2313600.0000,28.5257
04/29/2021,38.9300,38.9700,38.7300,38.7600,4300100.0000,28.4377
04/30/2021,38.7600,38.7800,38.7000,38.7000,4251600.0000,28.3937
05/03/2021,38.6800,38.6800,38.5100,38.6400,3621000.0000,28.4644
05/04/2021,38.6800,38.6800,38.5200,38.5700,5064300.0000,28.4128
05/05/2021,38.6500,38.6900,38.4500,38.5100,4612200.0000,28.3686
05/06/2021,38.5300,38.5500,38.3200,38.5000,4991800.0000,28.3612
05/07/2021,38.5800,38.7700,38.5400,38.7600,4238500.0000,28.5528
05/10/2021,38.7500,38.7900,38.5500,38.5800,3081000.0000,28.4202
05/11/2021,38.4800,38.4800,38.2100,38.3300,7278300.0000,28.2360
05/12/2021,38.2200,38.2500,37.8800,37.9600,9445000.0000,27.9635
05/13/2021,38.0200,38.2300,38.0200,38.0700,3744100.0000,28.0445
05/14/2021,38.2300,38.3900,38.2100,38.3100,2349500.0000,28.2213
05/17/2021,38.3300,38.3400,38.2300,38.2800,2266600.0000,28.1992
05/18/2021,38.3300,38.3800,38.2700,38.3200,1807000.0000,28.2287
05/19/2021,38.2000,38.3100,38.0800,38.2400,3108400.0000,28.1697
05/20/2021,38.3300,38.5200,38.2800,38.5100,2609900.0000,28.3686
05/21/2021,38.5600,38.6400,38.4800,38.5100,3750500.0000,28.3686
05/24/2021,38.6000,38.6900,38.5900,38.6500,2987400.0000,28.4717
05/25/2021,38.7100,38.7100,38.5300,38.5300,2631200.0000,28.3833
05/26/2021,38.5800,38.5900,38.4800,38.5300,5034500.0000,28.3833
05/27/2021,38.5700,38.6800,38.5400,38.6300,2280100.0000,28.4570
05/28/2021,38.7000,38.8500,38.6700,38.8500,5338800.0000,28.6191
06/01/2021,38.7900,38.7900,38.6700,38.7600,6774800.0000,28.6679
06/02/2021,38.7700,38.8400,38.7100,38.8100,4650300.0000,28.7049
06/03/2021,38.7700,38.8200,38.7000,38.7900,2567800.0000,28.6901
06/04/2021,38.8500,38.8800,38.7800,38.8400,2703200.0000,28.7271
06/07/2021,38.8800,38.8800,38.7700,38.7800,2170800.0000,28.6827
06/08/2021,38.8600,38.8600,38.7500,38.7600,2858600.0000,28.6679
06/09/2021,38.8000,38.9100,38.7600,38.8300,2740600.0000,28.7197
06/10/2021,38.8700,38.9500,38.8500,38.9200,2368400.0000,28.7862
06/11/2021,38.9300,39.0000,38.9100,38.9800,1947900.0000,28.8306
06/14/2021,38.9700,39.0500,38.9600,39.0200,4099300.0000,28.8602
06/15/2021,39.0400,39.0500,38.9500,38.9900,1779600.0000,28.8380
06/16/2021,39.0000,39.0500,38.8500,38.9000,2599300.0000,28.7714
06/17/2021,38.9000,39.0700,38.8700,39.0100,4142100.0000,28.8528
06/18/2021,38.9800,39.0000,38.8800,38.9200,2955700.0000,28.7862
06/21/2021,38.9400,39.0400,38.9300,39.0400,1666000.0000,28.8750
06/22/2021,39.0100,39.1500,38.9900,39.1500,2796000.0000,28.9563
06/23/2021,39.1700,39.2100,39.1300,39.1500,1778100.0000,28.9563
06/24/2021,39.1900,39.2300,39.1200,39.1800,2110500.0000,28.9785
06/25/2021,39.1900,39.2000,39.1100,39.1500,3113400.0000,28.9563
06/28/2021,39.2200,39.2300,39.0600,39.1900,3675100.0000,28.9859
06/29/2021,39.1900,39.2700,39.1500,39.1900,2563500.0000,28.9859
06/30/2021,39.1900,39.3600,39.1600,39.3400,3890200.0000,29.0969
07/01/2021,39.2500,39.2700,39.1600,39.2200,2722700.0000,29.1221
07/02/2021,39.2400,39.3000,39.2300,39.3000,2996700.0000,29.1815
07/06/2021,39.3300,39.3400,39.2200,39.3300,3319100.0000,29.2038
07/07/2021,39.3600,39.3800,39.2600,39.3700,3093400.0000,29.2335
07/08/2021,39.2800,39.3100,39.2100,39.2200,2655000.0000,29.1221
07/09/2021,39.2700,39.3700,39.2300,39.3200,1505100.0000,29.1964
07/12/2021,39.3400,39.3700,39.3200,39.3600,1645500.0000,29.2261
07/13/2021,39.3500,39.3600,39.0800,39.1500,10589900.0000,29.0701
07/14/2021,39.1600,39.2100,39.1200,39.1700,3405500.0000,29.0850
07/15/2021,39.1700,39.1900,39.1100,39.1400,2213600.0000,29.0627
07/16/2021,39.1800,39.1900,39.0600,39.0600,3088600.0000,29.0033
07/19/2021,38.9300,38.9800,38.8000,38.8300,5881400.0000,28.8325
07/20/2021,38.9000,39.1000,38.8500,39.0500,3098200.0000,28.9959
07/21/2021,39.0900,39.1200,39.0200,39.0900,3601000.0000,29.0256
07/22/2021,39.0900,39.1100,39.0100,39.0200,2599300.0000,28.9736
07/23/2021,39.0900,39.2000,39.0500,39.1800,3296400.0000,29.0924
07/26/2021,39.1800,39.1800,39.1300,39.1400,1945300.0000,29.0627
07/27/2021,39.1500,39.1700,38.9500,39.0800,3537200.0000,29.0182
07/28/2021,39.1300,39.1600,39.0200,39.1500,3323700.0000,29.0701
07/29/2021,39.1600,39.3000,39.1500,39.3000,3540500.0000,29.1815
07/30/2021,39.2600,39.4200,39.2500,39.4200,4162900.0000,29.2706
08/02/2021,39.3300,39.3800,39.3000,39.3100,4585400.0000,29.3012
08/03/2021,39.3200,39.3700,39.2500,39.3700,4558800.0000,29.3459
08/04/2021,39.3400,39.3700,39.3000,39.3700,3447300.0000,29.3459
08/05/2021,39.4000,39.4600,39.3400,39.4600,4941500.0000,29.4130
08/06/2021,39.4300,39.4900,39.4200,39.4400,6155500.0000,29.3981
08/09/2021,39.4500,39.4700,39.2300,39.2300,5040000.0000,29.2416
08/10/2021,39.2800,39.2800,38.9200,39.0600,7459000.0000,29.1148
08/11/2021,39.1300,39.2400,39.1100,39.1700,4616900.0000,29.1968
08/12/2021,39.1600,39.3200,39.1400,39.3100,4985400.0000,29.3012
08/13/2021,39.3600,39.4300,39.3400,39.3900,4107600.0000,29.3608
08/16/2021,39.3600,39.3900,39.3200,39.3700,2694000.0000,29.3459
08/17/2021,39.3300,39.3300,39.1800,39.2000,3271500.0000,29.2192
08/18/2021,39.2200,39.2200,39.1000,39.1600,5347200.0000,29.1894
08/19/2021,39.0900,39.1200,38.9600,39.0900,3979400.0000,29.1372
08/20/2021,39.1000,39.2400,39.0800,39.1800,3059400.0000,29.2043
08/23/2021,39.2300,39.2700,39.2000,39.2500,2717400.0000,29.2565
08/24/2021,39.2500,39.3200,39.2200,39.3100,2127100.0000,29.3012
08/25/2021,39.3500,39.3600,39.2900,39.3000,3627600.0000,29.2937
08/26/2021,39.3100,39.3100,39.1200,39.1200,3622100.0000,29.1596
08/27/2021,39.1700,39.4200,39.1400,39.4000,4026800.0000,29.3683
08/30/2021,39.3900,39.5000,39.3800,39.4300,3750800.0000,29.3906
08/31/2021,39.3900,39.6400,39.3000,39.4000,5767300.0000,29.3683
09/01/2021,39.3400,39.3900,39.2900,39.3700,3893800.0000,29.4596
09/02/2021,39.4000,39.5200,39.4000,39.4800,4044900.0000,29.5419
09/03/2021,39.4300,39.4900,39.4000,39.4200,2789100.0000,29.4970
09/07/2021,39.4000,39.4400,39.2500,39.2500,5188300.0000,29.3698
09/08/2021,39.2200,39.3500,39.2200,39.3100,3659200.0000,29.4147
09/09/2021,39.2700,39.4100,39.2700,39.4000,3815500.0000,29.4820
09/10/2021,39.4400,39.4500,39.3000,39.3200,3467300.0000,29.4222
09/13/2021,39.4100,39.4200,39.2500,39.2600,2937400.0000,29.3773
09/14/2021,39.3000,39.3700,39.1700,39.1800,2849000.0000,29.3174
09/15/2021,39.2300,39.4000,39.1500,39.3800,2810400.0000,29.4670
09/16/2021,39.3600,39.4800,39.2700,39.4600,5021500.0000,29.5269
09/17/2021,39.4400,39.4700,39.3100,39.3100,3623700.0000,29.4147
09/20/2021,39.1500,39.2200,38.9900,38.9900,6484400.0000,29.1752
09/21/2021,39.0400,39.1600,39.0200,39.1200,7077600.0000,29.2725
09/22/2021,39.1800,39.3900,39.1700,39.3900,8508300.0000,29.4745
09/23/2021,39.4000,39.4800,39.1900,39.2400,6503600.0000,29.3623
09/24/2021,39.2100,39.2400,39.0700,39.0800,6306200.0000,29.2426
09/27/2021,39.0600,39.0800,38.9200,38.9500,5828500.0000,29.1453
09/28/2021,38.8300,38.8800,38.5200,38.5500,10084100.0000,28.8460
09/29/2021,38.6800,38.9500,38.6600,38.9500,8726700.0000,29.1453
09/30/2021,39.0000,39.0300,38.7100,38.8100,9368700.0000,29.0405
10/01/2021,38.7600,38.7900,38.6400,38.6400,3660900.0000,29.0247
10/04/2021,38.6500,38.6800,38.3700,38.3700,7136600.0000,28.8219
10/05/2021,38.4300,38.4700,38.3200,38.3600,5497100.0000,28.8144
10/06/2021,38.2600,38.5300,38.2000,38.4800,6589800.0000,28.9046
10/07/2021,38.4500,38.6000,38.4400,38.4900,5115900.0000,28.9121
10/08/2021,38.5500,38.5800,38.3900,38.4900,3969500.0000,28.9121
10/11/2021,38.4500,38.5400,38.4400,38.4500,2353500.0000,28.8820
10/12/2021,38.4900,38.6600,38.4600,38.5900,3391700.0000,28.9872
10/13/2021,38.5500,38.8400,38.5500,38.8100,4909500.0000,29.1524
10/14/2021,38.9300,39.1600,38.9100,39.0900,6369100.0000,29.3628
10/15/2021,39.0600,39.1300,38.9400,38.9600,5768400.0000,29.2651
10/18/2021,38.9000,39.0100,38.8400,39.0000,4035800.0000,29.2952
10/19/2021,38.9800,39.1100,38.9400,38.9700,3939300.0000,29.2726
10/20/2021,38.9800,39.1900,38.9800,39.1700,5214300.0000,29.4229
10/21/2021,39.2100,39.2100,39.0800,39.1400,2686500.0000,29.4003
10/22/2021,39.1900,39.2100,39.0400,39.0600,6082900.0000,29.3402
10/25/2021,39.0900,39.2200,39.0700,39.2000,2281400.0000,29.4454
10/26/2021,39.2400,39.2900,39.1800,39.2300,2617300.0000,29.4679
10/27/2021,39.2900,39.3100,39.1300,39.2200,5871000.0000,29.4604
10/28/2021,39.2100,39.2900,39.1900,39.2300,2338300.0000,29.4679
10/29/2021,39.1800,39.4200,39.1700,39.3700,3088800.0000,29.5731
11/01/2021,39.2000,39.3300,39.1800,39.3000,4843400.0000,29.6236
11/02/2021,39.3200,39.3400,39.2400,39.3400,6274700.0000,29.6538
11/03/2021,39.3500,39.3700,39.2700,39.2700,5924300.0000,29.6010
11/04/2021,39.3200,39.4500,39.3000,39.4000,7206900.0000,29.6990
11/05/2021,39.4000,39.4200,39.3200,39.4100,5593700.0000,29.7065
11/08/2021,39.4000,39.4300,39.3200,39.3200,3057500.0000,29.6387
11/09/2021,39.3500,39.3600,39.2500,39.2600,2375700.0000,29.5935
11/10/2021,39.2300,39.2300,38.8900,38.8900,7890100.0000,29.3146
11/11/2021,38.9500,39.0000,38.8600,38.8900,3676900.0000,29.3146
11/12/2021,38.9600,38.9700,38.8500,38.8700,4447600.0000,29.2995
11/15/2021,38.9500,38.9500,38.7500,38.8500,4361900.0000,29.2844
11/16/2021,38.8300,38.9300,38.7700,38.8000,5261300.0000,29.2467
11/17/2021,38.8200,38.8200,38.7100,38.7900,3940700.0000,29.2392
11/18/2021,38.8500,38.8900,38.7400,38.8200,4099800.0000,29.2618
11/19/2021,38.8600,38.8700,38.7600,38.8600,2875800.0000,29.2919
11/22/2021,38.8600,38.9000,38.5900,38.5900,5107500.0000,29.0884
11/23/2021,38.5900,38.6000,38.4700,38.5400,4208800.0000,29.0507
11/24/2021,38.4700,38.6900,38.4500,38.6600,4655500.0000,29.1412
11/26/2021,38.4200,38.5100,38.2700,38.3700,4765700.0000,28.9226
11/29/2021,38.5200,38.6400,38.5100,38.5800,3217400.0000,29.0809
11/30/2021,38.5500,38.6000,38.3000,38.4100,6508500.0000,28.9527
12/01/2021,38.4500,38.6200,38.2700,38.3200,5441500.0000,28.9777
12/02/2021,38.3600,38.5500,38.2800,38.5100,3032700.0000,29.1214
12/03/2021,38.5100,38.5800,38.2400,38.2900,4538300.0000,28.9550
12/06/2021,38.3100,38.5900,38.3000,38.5200,3281800.0000,29.1289
12/07/2021,38.5900,38.9100,38.5900,38.8100,5253300.0000,29.3482
12/08/2021,38.8000,38.8500,38.6600,38.8500,5708800.0000,29.3785
12/09/2021,38.7700,38.8200,38.6200,38.6500,4968500.0000,29.2273
12/10/2021,38.7700,38.8200,38.6400,38.6900,4065100.0000,29.2575
12/13/2021,38.6900,38.7400,38.6400,38.7200,3989400.0000,29.2802
12/14/2021,38.5800,38.6800,38.4800,38.5100,5593100.0000,29.1214
12/15/2021,38.4700,38.7600,38.4500,38.7200,7015200.0000,29.2802
12/16/2021,38.7400,38.8500,38.6400,38.8400,7703600.0000,29.4668
12/17/2021,38.7900,38.8800,38.7000,38.7500,4433600.0000,29.3985
12/20/2021,38.6100,38.7000,38.5300,38.5300,4855000.0000,29.2316
12/21/2021,38.6000,38.8500,38.6000,38.8300,4607600.0000,29.4592
12/22/2021,38.8300,39.0600,38.7900,39.0300,3176300.0000,29.6110
12/23/2021,39.0600,39.1000,38.9800,39.0000,3702700.0000,29.5882
12/27/2021,39.0200,39.1000,39.0100,39.0300,4318700.0000,29.6110
12/28/2021,39.0100,39.1000,39.0100,39.0900,3253200.0000,29.6565
12/29/2021,39.0200,39.1800,39.0200,39.1700,3610100.0000,29.7172
12/30/2021,39.1900,39.3600,39.1600,39.3300,3288300.0000,29.8386
12/31/2021,39.3200,39.4300,39.3000,39.4300,3817700.0000,29.9144
01/03/2022,39.4000,39.4000,39.1400,39.1400,5834700.0000,29.6944
01/04/2022,39.1400,39.1700,38.9100,38.9400,7191000.0000,29.5427
01/05/2022,38.9600,39.0900,38.5500,38.5800,9316500.0000,29.2696
01/06/2022,38.5800,38.8400,38.4000,38.7900,10088900.0000,29.4289
01/07/2022,38.7500,38.7900,38.5200,38.6300,9274300.0000,29.3075
01/10/2022,38.5400,38.6200,38.4200,38.6100,6978900.0000,29.2923
01/11/2022,38.6000,38.8300,38.5300,38.8100,4826700.0000,29.4440
01/12/2022,38.8900,38.9000,38.7700,38.8800,3092700.0000,29.4972
01/13/2022,38.9000,38.9700,38.8300,38.8500,4605100.0000,29.4744
01/14/2022,38.7800,38.7800,38.5600,38.6200,4712400.0000,29.2999
01/18/2022,38.4700,38.4900,38.2700,38.3200,6186600.0000,29.0723
01/19/2022,38.3900,38.4700,38.2800,38.3000,4948000.0000,29.0571
01/20/2022,38.4000,38.5400,38.1500,38.1600,5041000.0000,28.9509
01/21/2022,38.1300,38.2100,38.0000,38.0600,4573000.0000,28.8750
01/24/2022,37.8300,38.0300,37.5200,38.0200,9481400.0000,28.8447
01/25/2022,37.8300,37.8700,37.6200,37.7100,7286000.0000,28.6095
01/26/2022,37.8600,37.9300,37.3700,37.3900,10386200.0000,28.3667
01/27/2022,37.4700,37.7000,36.9200,36.9300,12093900.0000,28.0177
01/28/2022,36.8600,37.1200,36.6400,37.0500,11730900.0000,28.1088
01/31/2022,37.0400,37.6600,36.9800,37.6500,5636200.0000,28.5640
02/01/2022,37.6300,37.7000,37.3900,37.5600,5253400.0000,28.5807
02/02/2022,37.6300,37.6800,37.3200,37.3300,8698800.0000,28.4057
02/03/2022,37.1700,37.2200,36.9800,37.0600,8358700.0000,28.2003
02/04/2022,36.9500,36.9600,36.7300,36.7600,8769500.0000,27.9720
02/07/2022,36.7700,36.9500,36.7100,36.7100,5533500.0000,27.9339
02/08/2022,36.5900,36.7700,36.5400,36.5900,9159500.0000,27.8426
02/09/2022,36.7800,36.8600,36.7100,36.7800,7357100.0000,27.9872
02/10/2022,36.4700,36.6500,36.2400,36.2800,10285100.0000,27.6067
02/11/2022,36.3400,36.4300,35.8500,35.9100,7858900.0000,27.3252
02/14/2022,35.8800,35.9300,35.5400,35.6600,6553400.0000,27.1350
02/15/2022,35.7300,35.9700,35.6900,35.9100,5737500.0000,27.3252
02/16/2022,35.9500,36.2400,35.8000,36.1700,6870900.0000,27.5230
02/17/2022,36.0900,36.2900,35.9200,35.9500,5938500.0000,27.3556
02/18/2022,36.1400,36.2100,35.9700,36.0300,4171400.0000,27.4165
02/22/2022,35.9700,36.0200,35.7000,35.8400,5792800.0000,27.2719
02/23/2022,35.8800,35.9400,35.6300,35.6500,4283700.0000,27.1273
02/24/2022,35.2400,35.8900,35.1200,35.8500,8360300.0000,27.2795
02/25/2022,35.9200,36.3500,35.9200,36.2700,5079100.0000,27.5991
02/28/2022,36.0700,36.4500,36.0700,36.4000,4785400.0000,27.6980
03/01/2022,36.3500,36.4600,36.0000,36.0400,4905000.0000,27.5163
03/02/2022,36.0200,36.2400,36.0200,36.1900,3199100.0000,27.6308
03/03/2022,36.3000,36.3600,36.1000,36.1500,3251700.0000,27.6003
03/04/2022,36.0800,36.1000,35.8400,35.8400,4051100.0000,27.3636
03/07/2022,35.7500,35.8400,35.4700,35.4900,4523500.0000,27.0964
03/08/2022,35.4000,35.6600,35.3000,35.3600,5506500.0000,26.9972
03/09/2022,35.5700,35.7700,35.4500,35.7500,4485100.0000,27.2949
03/10/2022,35.5400,35.6000,35.4400,35.5800,3686400.0000,27.1651
03/11/2022,35.6500,35.7100,35.3700,35.3700,4240700.0000,27.0048
03/14/2022,35.2500,35.3000,34.8100,34.8600,7193000.0000,26.6154
03/15/2022,34.9500,35.2500,34.9300,35.2100,4268200.0000,26.8826
03/16/2022,35.3700,35.7000,35.2100,35.7000,6670200.0000,27.2567
03/17/2022,35.6600,35.9800,35.6600,35.9500,4259000.0000,27.4476
03/18/2022,35.8900,36.1800,35.8900,36.1700,5228700.0000,27.6156
03/21/2022,36.0900,36.1600,35.8000,35.8900,4455600.0000,27.4018
03/22/2022,35.7600,35.9400,35.6600,35.8100,4041200.0000,27.3407
03/23/2022,35.7800,35.8600,35.6900,35.7500,2690700.0000,27.2949
03/24/2022,35.7500,35.9100,35.6700,35.8600,2880000.0000,27.3789
03/25/2022,35.8100,35.8400,35.6000,35.6200,4156600.0000,27.1957
03/28/2022,35.6200,35.9200,35.5800,35.9100,4539700.0000,27.4171
03/29/2022,36.0300,36.2900,36.0100,36.2900,3878500.0000,27.7072
03/30/2022,36.2200,36.4000,36.1600,36.3400,2641500.0000,27.7454
03/31/2022,36.4300,36.5100,36.3700,36.4200,4120200.0000,27.8064
04/01/2022,36.2100,36.2700,36.0500,36.2000,4057000.0000,27.7421
04/04/2022,36.1800,36.2600,36.0900,36.2600,3164100.0000,27.7881
04/05/2022,36.1200,36.2200,35.6700,35.6800,4093400.0000,27.3436
04/06/2022,35.4700,35.6200,35.3300,35.4900,4991400.0000,27.1980
04/07/2022,35.4600,35.7600,35.3800,35.6400,6484200.0000,27.3129
04/08/2022,35.5400,35.7800,35.4000,35.4000,3422700.0000,27.1290
04/11/2022,35.2400,35.3000,35.0300,35.0400,3389500.0000,26.8531
04/12/2022,35.2000,35.3100,34.9300,34.9900,3919600.0000,26.8148
04/13/2022,34.9700,35.1600,34.9700,35.0900,3038900.0000,26.8914
04/14/2022,35.0300,35.1000,34.8800,34.9300,3551200.0000,26.7688
04/18/2022,34.9900,35.0000,34.7700,34.7700,3298500.0000,26.6462
04/19/2022,34.7000,34.8500,34.6300,34.7700,4397100.0000,26.6462
04/20/2022,34.8300,35.0200,34.8300,35.0000,3637600.0000,26.8225
04/21/2022,35.0300,35.1100,34.5500,34.5600,5269900.0000,26.4852
04/22/2022,34.4500,34.5600,34.2500,34.3300,4090700.0000,26.3090
04/25/2022,34.3400,34.4900,34.2000,34.4100,4335100.0000,26.3703
04/26/2022,34.3800,34.4400,34.1000,34.1000,3575400.0000,26.1327
04/27/2022,34.1400,34.2700,33.7900,33.8700,4575400.0000,25.9565
04/28/2022,33.9300,34.3600,33.6800,34.2300,5404300.0000,26.2324
04/29/2022,34.1000,34.1500,33.8700,33.9500,5103400.0000,26.0178
05/02/2022,33.8200,33.8200,33.1700,33.3100,6429400.0000,25.6201
05/03/2022,33.3300,33.6000,33.3100,33.4200,5065700.0000,25.7047
05/04/2022,33.4000,34.1600,33.3300,34.1600,5493300.0000,26.2739
05/05/2022,33.9100,33.9400,33.4000,33.5000,4876400.0000,25.7663
05/06/2022,33.4100,33.4100,33.1000,33.1400,3920200.0000,25.4894
05/09/2022,32.9000,33.0600,32.6200,32.6800,4750300.0000,25.1356
05/10/2022,32.9600,33.0800,32.7000,32.8900,6501400.0000,25.2971
05/11/2022,32.7400,33.1300,32.7000,32.7900,4078600.0000,25.2202
05/12/2022,32.7100,32.9500,32.6300,32.8200,4874800.0000,25.2433
05/13/2022,32.8900,33.1800,32.8900,33.1300,4501300.0000,25.4817
05/16/2022,33.0900,33.3800,33.0000,33.3100,3367000.0000,25.6201
05/17/2022,33.4000,33.4900,33.2700,33.3700,5703400.0000,25.6663
05/18/2022,33.1700,33.2400,32.9500,32.9700,3623100.0000,25.3586
05/19/2022,32.8400,33.1900,32.8400,33.1000,3731700.0000,25.4586
05/20/2022,33.3400,33.3400,32.8200,32.9600,3432900.0000,25.3509
05/23/2022,33.0100,33.1700,32.9500,33.1200,2774100.0000,25.4740
05/24/2022,32.9800,33.3000,32.9000,33.3000,2820400.0000,25.6124
05/25/2022,33.2900,33.8600,33.2400,33.8500,4035400.0000,26.0355
05/26/2022,33.8800,34.3200,33.8500,34.2500,5115900.0000,26.3431
05/27/2022,34.3900,35.0100,34.3800,34.9700,5800100.0000,26.8969
05/31/2022,34.8800,34.8800,34.3800,34.7500,4311600.0000,26.7277
06/01/2022,34.7400,34.7900,34.3700,34.4700,3679900.0000,26.6242
06/02/2022,34.4300,34.6400,34.3300,34.6400,3224300.0000,26.7555
06/03/2022,34.3900,34.5200,34.3000,34.5200,2895700.0000,26.6628
06/06/2022,34.7000,34.7000,34.3600,34.4400,2932000.0000,26.6010
06/07/2022,34.3800,34.6700,34.3300,34.6400,3620300.0000,26.7555
06/08/2022,34.5200,34.6300,34.3900,34.3900,3127400.0000,26.5624
06/09/2022,34.2900,34.4100,33.9100,33.9100,4308500.0000,26.1917
06/10/2022,33.7300,33.7300,33.2200,33.3000,6230600.0000,25.7205
06/13/2022,32.8500,32.8500,32.1700,32.2100,6451800.0000,24.8786
06/14/2022,32.3200,32.4800,31.9200,32.1100,5852600.0000,24.8014
06/15/2022,32.2400,32.9100,32.2200,32.8200,6930200.0000,25.3498
06/16/2022,32.1900,32.4000,31.9600,32.0200,6870600.0000,24.7318
06/17/2022,32.1000,32.2700,32.0000,32.0500,3241000.0000,24.7550
06/21/2022,32.2200,32.5000,32.1900,32.4200,3711300.0000,25.0408
06/22/2022,32.3100,32.5600,32.3100,32.4900,2632800.0000,25.0949
06/23/2022,32.5000,32.7400,32.4800,32.6400,2849900.0000,25.2107
06/24/2022,32.7000,32.9900,32.7000,32.9900,2285600.0000,25.4811
06/27/2022,33.0600,33.1100,32.8900,32.9900,3112500.0000,25.4811
06/28/2022,33.0200,33.1300,32.8300,32.8300,2706300.0000,25.3575
06/29/2022,32.8900,32.9300,32.7600,32.9100,2199100.0000,25.4193
06/30/2022,32.8000,32.9800,32.7100,32.8800,2920200.0000,25.3961
07/01/2022,32.6800,33.0500,32.6800,33.0200,2724200.0000,25.6078
07/05/2022,32.9800,33.0100,32.7300,32.9300,2752600.0000,25.5380
07/06/2022,33.0500,33.1000,32.7300,32.7300,3694100.0000,25.3829
07/07/2022,32.8100,33.2100,32.8100,33.1800,2663500.0000,25.7319
07/08/2022,33.1600,33.3000,33.0600,33.3000,3280300.0000,25.8250
07/11/2022,33.2100,33.2800,33.1400,33.1900,1832800.0000,25.7397
07/12/2022,33.2200,33.4000,33.1400,33.1500,2680100.0000,25.7086
07/13/2022,32.8200,33.1900,32.8200,33.1800,2322000.0000,25.7319
07/14/2022,32.9400,33.0700,32.8200,33.0200,2836900.0000,25.6078
07/15/2022,33.1100,33.3500,33.1100,33.3000,3382800.0000,25.8250
07/18/2022,33.4100,33.4500,33.2100,33.2400,2048100.0000,25.7784
07/19/2022,33.3000,33.5200,33.3000,33.4600,2154800.0000,25.9490
07/20/2022,33.5200,33.6900,33.4700,33.6400,3648700.0000,26.0886
07/21/2022,33.5600,33.7900,33.5600,33.7600,2013500.0000,26.1817
07/22/2022,33.8400,34.0300,33.8200,33.9500,2594600.0000,26.3291
07/25/2022,33.8900,33.9600,33.8300,33.9500,2035900.0000,26.3291
07/26/2022,33.8700,33.9700,33.8400,33.8900,2290400.0000,26.2825
07/27/2022,33.9500,34.1600,33.8500,34.1600,2915100.0000,26.4919
07/28/2022,34.1700,34.3500,34.0400,34.3500,2739800.0000,26.6393
07/29/2022,34.3900,34.7800,34.3600,34.7700,4341000.0000,26.9650
08/01/2022,34.6200,34.7600,34.5000,34.7400,3393800.0000,27.0694
08/02/2022,34.6100,35.1300,34.5200,35.0200,5455000.0000,27.2876
08/03/2022,35.0600,35.3500,35.0400,35.3500,4012700.0000,27.5447
08/04/2022,35.3400,35.4000,35.1600,35.3500,3596000.0000,27.5447
08/05/2022,35.1700,35.1900,34.9000,34.9800,3184500.0000,27.2564
08/08/2022,35.0900,35.1800,34.9500,35.0700,3167700.0000,27.3265
08/09/2022,35.0100,35.0500,34.5700,34.7000,4014200.0000,27.0382
08/10/2022,34.9600,35.1100,34.9200,35.0400,3553300.0000,27.3032
08/11/2022,35.1600,35.1800,34.9000,34.9700,5436300.0000,27.2486
08/12/2022,35.0200,35.1600,34.8900,35.1300,3470500.0000,27.3733
08/15/2022,35.0400,35.2600,35.0400,35.2300,2661500.0000,27.4512
08/16/2022,35.1800,35.2000,35.0200,35.1700,4186400.0000,27.4045
08/17/2022,34.9900,35.0100,34.5800,34.6300,5736100.0000,26.9837
08/18/2022,34.6100,34.7600,34.5500,34.7400,3644600.0000,27.0694
08/19/2022,34.5400,34.5400,34.3300,34.4000,2878400.0000,26.8045
08/22/2022,34.2100,34.2300,33.9100,34.0100,5577400.0000,26.5006
08/23/2022,33.9700,34.1400,33.1200,33.5000,8135900.0000,26.1032
08/24/2022,33.4900,33.8900,33.3900,33.6100,4884100.0000,26.1889
08/25/2022,33.7800,34.1300,33.6700,34.0300,3802700.0000,26.5162
08/26/2022,34.0300,34.1600,33.6700,33.6700,3190600.0000,26.2357
08/29/2022,33.4900,33.7200,33.4400,33.5700,3146900.0000,26.1577
08/30/2022,33.6300,33.7100,33.3500,33.4100,3987300.0000,26.0331
08/31/2022,33.5000,33.5900,33.1400,33.2900,3588700.0000,25.9396
09/01/2022,32.9400,32.9800,32.6200,32.8400,5064900.0000,25.7055
09/02/2022,32.9800,33.1300,32.8200,32.9800,2823700.0000,25.8151
09/06/2022,32.9500,32.9700,32.6100,32.6500,3281000.0000,25.5568
09/07/2022,32.6300,32.9900,32.6300,32.9800,3846300.0000,25.8151
09/08/2022,32.8200,33.0900,32.7800,32.8300,3237200.0000,25.6977
09/09/2022,32.9500,33.2600,32.8700,33.1400,3554400.0000,25.9403
09/12/2022,33.2400,33.4800,33.2400,33.3900,2552700.0000,26.1360
09/13/2022,32.9800,33.1100,32.9100,32.9100,3298000.0000,25.7603
09/14/2022,32.9100,33.1500,32.8600,33.0100,3049900.0000,25.8386
09/15/2022,32.9400,33.1000,32.7800,32.7800,5164900.0000,25.6585
09/16/2022,32.5700,32.7800,32.4700,32.6600,3702800.0000,25.5646
09/19/2022,32.4600,32.7900,32.4500,32.6900,3238600.0000,25.5881
09/20/2022,32.5500,32.5700,32.3500,32.3600,3282900.0000,25.3298
09/21/2022,32.5200,32.6800,32.4100,32.4300,3770400.0000,25.3846
09/22/2022,32.2600,32.3500,32.0200,32.0400,4150900.0000,25.0793
09/23/2022,31.8600,31.9200,31.5100,31.6300,5067600.0000,24.7584
09/26/2022,31.5000,31.7100,31.3300,31.4000,3570100.0000,24.5784
09/27/2022,31.4900,31.6000,31.3600,31.5100,5975300.0000,24.6645
09/28/2022,31.5800,31.9700,31.5400,31.9400,5126200.0000,25.0010
09/29/2022,31.7600,31.8100,31.3600,31.7000,4893300.0000,24.8132
09/30/2022,31.6500,31.8100,31.4900,31.6700,5655600.0000,24.7897
10/03/2022,31.7700,32.0000,31.6700,31.8900,3567100.0000,25.0958
10/04/2022,32.0300,32.2800,32.0100,32.1800,3801600.0000,25.3240
10/05/2022,32.0400,32.0500,31.8100,31.8100,2977800.0000,25.0329
10/06/2022,31.8400,31.9300,31.5900,31.6000,2833700.0000,24.8676
10/07/2022,31.4900,31.5100,31.2900,31.3100,3062800.0000,24.6394
10/10/2022,31.4500,31.4500,30.9800,31.0900,3260300.0000,24.4663
10/11/2022,31.0000,31.1000,30.8500,30.9800,3276800.0000,24.3797
10/12/2022,30.7700,30.8900,30.6600,30.7400,3766300.0000,24.1908
10/13/2022,30.2200,30.7800,30.1700,30.7000,5556500.0000,24.1594
10/14/2022,30.9100,30.9300,30.5300,30.6000,4971000.0000,24.0807
10/17/2022,30.7900,30.9600,30.6500,30.6900,2907600.0000,24.1515
10/18/2022,30.8200,30.9400,30.6800,30.7500,3673100.0000,24.1987
10/19/2022,30.6200,30.6800,30.3600,30.5500,4132800.0000,24.0413
10/20/2022,30.4800,30.5200,30.0200,30.1300,3598700.0000,23.7108
10/21/2022,29.8900,30.0900,29.7900,30.0100,4490400.0000,23.6164
10/24/2022,30.0100,30.2200,30.0000,30.1000,3146900.0000,23.6872
10/25/2022,30.2400,30.5000,30.1800,30.5000,3379700.0000,24.0020
10/26/2022,30.4600,30.8100,30.4300,30.6100,4725100.0000,24.0885
10/27/2022,30.6600,30.7900,30.4900,30.6100,4022100.0000,24.0885
10/28/2022,30.5100,30.8000,30.5100,30.8000,3009300.0000,24.2381
10/31/2022,30.7800,30.7800,30.5100,30.5100,3081400.0000,24.0098
11/01/2022,30.6000,30.7000,30.2400,30.2500,6189700.0000,23.9386
11/02/2022,30.3000,30.6000,30.0500,30.1700,6985900.0000,23.8753
11/03/2022,29.9700,30.1100,29.9100,30.0200,5855800.0000,23.7566
11/04/2022,30.1100,30.2500,29.9100,29.9500,5254700.0000,23.7012
11/07/2022,30.0600,30.1900,29.9400,30.1100,4164100.0000,23.8278
11/08/2022,30.1400,30.5900,30.1100,30.5700,4167300.0000,24.1918
11/09/2022,30.5000,30.5800,30.1700,30.3100,5266800.0000,23.9861
11/10/2022,30.8100,31.7500,30.8100,31.6700,9095000.0000,25.0623
11/11/2022,31.7000,32.0300,31.6000,31.8500,4195600.0000,25.2048
11/14/2022,31.7600,31.9200,31.4000,31.4300,4435800.0000,24.8724
11/15/2022,31.7500,32.0300,31.7000,31.8600,5598500.0000,25.2127
11/16/2022,31.7800,31.9400,31.7800,31.8000,4128000.0000,25.1652
11/17/2022,31.5200,31.6500,31.4500,31.5800,3895600.0000,24.9911
11/18/2022,31.7400,31.7400,31.5500,31.5800,2462700.0000,24.9911
11/21/2022,31.6400,31.7200,31.5400,31.5400,3375000.0000,24.9595
11/22/2022,31.6800,31.7200,31.5900,31.7000,2939800.0000,25.0861
11/23/2022,31.7100,31.8900,31.7100,31.8500,2522700.0000,25.2048
11/25/2022,31.7700,31.9500,31.7700,31.9300,1106900.0000,25.2681
11/28/2022,31.8200,31.9600,31.7500,31.7700,5000700.0000,25.1415
11/29/2022,31.6600,31.7900,31.3600,31.4000,6674700.0000,24.8487
11/30/2022,31.3800,31.9500,31.3300,31.8500,5427900.0000,25.2048
12/01/2022,31.8700,32.1900,31.8500,32.1500,5162400.0000,25.5803
12/02/2022,31.9300,32.3000,31.9000,32.2800,3357500.0000,25.6838
12/05/2022,32.2300,32.2300,31.7500,31.7500,6594900.0000,25.2621
12/06/2022,31.8000,31.9200,31.5000,31.6600,5161700.0000,25.1905
12/07/2022,31.6900,31.8200,31.6400,31.7200,4684800.0000,25.2382
12/08/2022,31.8300,31.8800,31.5500,31.5800,5159100.0000,25.1268
12/09/2022,31.4300,31.6200,31.2800,31.2800,4691700.0000,24.8881
12/12/2022,31.3300,31.4300,31.2100,31.4000,4900200.0000,24.9836
12/13/2022,31.9100,31.9200,31.6100,31.7200,5452100.0000,25.2382
12/14/2022,31.7000,31.8500,31.5500,31.7100,5264500.0000,25.2302
12/15/2022,31.4000,31.4600,31.2100,31.2400,5276800.0000,25.0435
12/16/2022,31.0300,31.2500,31.0100,31.2300,4059300.0000,25.0354
12/19/2022,31.1500,31.2200,31.0900,31.1300,3677600.0000,24.9553
12/20/2022,31.0300,31.1800,30.9700,31.0100,5118700.0000,24.8591
12/21/2022,31.1300,31.2400,31.0800,31.0800,4328100.0000,24.9152
12/22/2022,31.0300,31.0600,30.6200,30.7500,5587000.0000,24.6507
12/23/2022,30.7200,30.8900,30.6500,30.7400,3699500.0000,24.6426
12/27/2022,30.6500,30.7500,30.4300,30.5600,5195000.0000,24.4983
12/28/2022,30.5500,30.6400,30.2800,30.3500,5293500.0000,24.3300
12/29/2022,30.4200,30.5700,30.3500,30.4500,4800500.0000,24.4102
12/30/2022,30.2600,30.5500,30.2500,30.5300,5881300.0000,24.4743
01/03/2023,30.7300,30.8100,30.5400,30.6800,3965400.0000,24.5945
01/04/2023,30.7800,31.3500,30.7800,31.3300,4581700.0000,25.1156
01/05/2023,31.1800,31.5400,31.0900,31.4600,3975500.0000,25.2198
01/06/2023,31.6400,31.9700,31.5800,31.9200,4541000.0000,25.5886
01/09/2023,32.0500,32.1500,31.8700,31.9500,4047800.0000,25.6126
01/10/2023,31.9800,32.1200,31.8800,32.0300,2410200.0000,25.6768
01/11/2023,32.1200,32.3000,32.1200,32.3000,3283900.0000,25.8932
01/12/2023,32.3900,32.5000,32.2200,32.4400,9174100.0000,26.0054
01/13/2023,32.3400,32.5800,32.3000,32.5300,2930600.0000,26.0776
01/17/2023,32.5700,32.8900,32.5700,32.8600,4860800.0000,26.3421
01/18/2023,33.0800,33.2300,32.7400,32.8700,4573900.0000,26.3501
01/19/2023,32.8300,32.9400,32.7000,32.8700,2545700.0000,26.3501
01/20/2023,32.8800,32.9500,32.7600,32.9500,4594700.0000,26.4143
01/23/2023,32.9500,33.2100,32.9200,33.2100,3266500.0000,26.6227
01/24/2023,33.2000,33.2500,33.1300,33.1400,2306500.0000,26.5666
01/25/2023,32.9700,33.2000,32.9600,33.1700,2298100.0000,26.5906
01/26/2023,33.3100,33.3600,33.0000,33.3500,3127700.0000,26.7349
01/27/2023,33.3400,33.4100,33.2800,33.3900,3247300.0000,26.7670
01/30/2023,33.2800,33.4900,33.2200,33.4000,4123400.0000,26.7750
01/31/2023,33.4300,33.6100,33.4200,33.6000,3679200.0000,26.9354
02/01/2023,33.4500,33.6600,33.3200,33.6000,4726400.0000,27.0853
02/02/2023,33.7300,33.9000,33.6900,33.8100,4670300.0000,27.2546
02/03/2023,33.6900,33.7000,33.3400,33.4600,3169600.0000,26.9724
02/06/2023,33.3000,33.3200,33.0500,33.1700,4752600.0000,26.7387
02/07/2023,33.1400,33.2000,32.8500,33.1100,7926000.0000,26.6903
02/08/2023,33.0300,33.1700,32.9000,33.1300,6943300.0000,26.7064
02/09/2023,33.2800,33.3100,32.8800,32.8900,3849100.0000,26.5130
02/10/2023,32.8300,32.9400,32.7400,32.8900,3760300.0000,26.5130
02/13/2023,32.9200,33.1400,32.8800,33.1300,2338100.0000,26.7064
02/14/2023,33.0700,33.2400,32.9800,33.1700,4683400.0000,26.7387
02/15/2023,33.1500,33.2300,33.0700,33.2300,2530000.0000,26.7870
02/16/2023,33.0400,33.1000,32.8800,32.9600,4216000.0000,26.5694
02/17/2023,32.8900,32.9200,32.7200,32.9000,3886400.0000,26.5210
02/21/2023,32.6600,32.7400,32.0900,32.1000,11420300.0000,25.8761
02/22/2023,32.1100,32.5600,32.1100,32.4800,4323500.0000,26.1824
02/23/2023,32.5700,32.7900,32.4800,32.7400,4503000.0000,26.3920
02/24/2023,32.4600,32.6000,32.4000,32.5600,3441100.0000,26.2469
02/27/2023,32.6800,32.8200,32.5600,32.6200,4413500.0000,26.2953
02/28/2023,32.5900,32.7000,32.4200,32.7000,3954400.0000,26.3598
03/01/2023,32.5400,32.5400,32.2000,32.3600,3713200.0000,26.2382
03/02/2023,32.1900,32.2800,32.0500,32.2300,3529200.0000,26.1328
03/03/2023,32.4000,32.5500,32.3300,32.5000,2826700.0000,26.3517
03/06/2023,32.5900,32.6700,32.4700,32.5400,4179400.0000,26.3841
03/07/2023,32.5800,32.5900,32.2600,32.2800,4414500.0000,26.1733
03/08/2023,32.3700,32.4500,32.2800,32.2800,3408500.0000,26.1733
03/09/2023,32.3200,32.3500,31.6300,31.7100,4618300.0000,25.7111
03/10/2023,31.6500,31.7200,30.8800,31.1800,10328600.0000,25.2814
03/13/2023,30.4200,30.6000,29.6300,30.0000,10993400.0000,24.3246
03/14/2023,30.8700,31.2000,30.5500,30.7300,7903400.0000,24.9165
03/15/2023,30.0400,30.4400,29.9200,30.1200,8057100.0000,24.4219
03/16/2023,30.0100,31.1500,29.9600,30.9100,8106200.0000,25.0625
03/17/2023,30.6100,30.8200,30.0800,30.1800,4430400.0000,24.4706
03/20/2023,30.2500,30.4000,29.8000,29.8600,4090200.0000,24.2111
03/21/2023,30.2600,30.4400,30.1600,30.3700,3116500.0000,24.6246
03/22/2023,30.3900,30.6100,30.2600,30.2600,3130600.0000,24.5354
03/23/2023,30.5000,30.5900,29.8800,29.9200,3603600.0000,24.2598
03/24/2023,29.8700,30.0800,29.7100,30.0500,3830100.0000,24.3652
03/27/2023,30.4200,30.6400,30.2100,30.2900,3860200.0000,24.5598
03/28/2023,30.3400,30.5500,30.2400,30.4500,2840000.0000,24.6895
03/29/2023,30.6400,30.8400,30.5600,30.7000,3406300.0000,24.8922
03/30/2023,30.8400,30.9900,30.7600,30.9400,3609500.0000,25.0868
03/31/2023,30.9900,31.2500,30.9900,31.2200,3617000.0000,25.3138
04/03/2023,31.1000,31.1900,30.8700,31.1600,6055100.0000,25.4158
04/04/2023,31.1100,31.1500,30.9100,30.9700,3207000.0000,25.2608
04/05/2023,30.9700,30.9900,30.8900,30.9100,3201200.0000,25.2119
04/06/2023,30.9200,31.1200,30.8400,31.0800,2838200.0000,25.3505
04/10/2023,31.0300,31.1000,30.9500,31.0500,2574100.0000,25.3261
04/11/2023,31.0500,31.3400,31.0500,31.2600,3915900.0000,25.4974
04/12/2023,31.5200,31.5200,31.1400,31.2400,3073800.0000,25.4810
04/13/2023,31.4100,31.4300,31.2700,31.3800,2469000.0000,25.5952
04/14/2023,31.3800,31.4500,31.2300,31.3600,4079600.0000,25.5789
04/17/2023,31.3600,31.4400,31.2500,31.2700,4256100.0000,25.5055
04/18/2023,31.3200,31.3900,31.3000,31.3200,3614200.0000,25.5463
04/19/2023,31.2600,31.4400,31.2500,31.4100,2713800.0000,25.6197
04/20/2023,31.3600,31.4200,31.3300,31.3700,1484000.0000,25.5871
04/21/2023,31.4300,31.5000,31.3600,31.4600,1795900.0000,25.6605
04/24/2023,31.4700,31.5000,31.4100,31.4500,2208700.0000,25.6523
04/25/2023,31.3900,31.3900,31.0500,31.0800,4660600.0000,25.3505
04/26/2023,31.0600,31.2100,30.8800,30.9300,3319400.0000,25.2282
04/27/2023,30.9900,31.2400,30.9800,31.1800,2332000.0000,25.4321
04/28/2023,31.2100,31.3800,31.1500,31.3700,4502500.0000,25.5871
05/01/2023,31.2100,31.2600,30.8900,30.9600,3540000.0000,25.3911
05/02/2023,30.8500,30.9400,30.3600,30.4800,5854000.0000,24.9974
05/03/2023,30.5300,30.6100,29.9700,30.0000,9169200.0000,24.6037
05/04/2023,29.7900,29.8300,29.1800,29.3300,9556900.0000,24.0543
05/05/2023,29.7800,29.9600,29.7000,29.7600,5906700.0000,24.4069
05/08/2023,29.9000,29.9000,29.7200,29.7900,2953900.0000,24.4315
05/09/2023,29.7500,29.7600,29.4100,29.7100,4288600.0000,24.3659
05/10/2023,29.9500,30.0300,29.7800,29.8900,4453400.0000,24.5135
05/11/2023,29.8100,29.8100,29.6200,29.7200,4384700.0000,24.3741
05/12/2023,29.8000,29.8300,29.6300,29.7700,1850300.0000,24.4151
05/15/2023,29.6000,29.8400,29.5500,29.7100,3481300.0000,24.3659
05/16/2023,29.6700,29.7800,29.4100,29.4300,2579300.0000,24.1363
05/17/2023,29.5400,30.0600,29.5200,30.0200,5360100.0000,24.6201
05/18/2023,30.0000,30.1900,29.9300,30.0200,3575100.0000,24.6201
05/19/2023,30.1300,30.1400,29.8400,30.0000,2796400.0000,24.6037
05/22/2023,30.1400,30.2100,30.0100,30.1900,3625400.0000,24.7596
05/23/2023,30.1400,30.2700,30.0900,30.1100,2879700.0000,24.6940
05/24/2023,30.0200,30.1600,29.9800,30.1300,2858700.0000,24.7104
05/25/2023,30.1700,30.2000,29.8700,29.9600,2385800.0000,24.5709
05/26/2023,30.0200,30.1800,29.9400,30.1400,2506000.0000,24.7186
05/30/2023,30.2800,30.3600,30.1800,30.3300,2691600.0000,24.8744
05/31/2023,30.2700,30.4800,30.2500,30.4600,2571100.0000,24.9810
06/01/2023,30.3700,30.5600,30.2300,30.4600,3137000.0000,25.1171
06/02/2023,30.5000,30.9300,30.5000,30.8900,5569500.0000,25.4716
06/05/2023,30.9100,30.9100,30.6900,30.7700,2718500.0000,25.3727
06/06/2023,30.8000,30.9800,30.7200,30.9300,3533300.0000,25.5046
06/07/2023,30.9900,31.0600,30.8400,30.8400,3171700.0000,25.4304
06/08/2023,30.9200,30.9300,30.7600,30.8000,3035000.0000,25.3974
06/09/2023,30.8700,30.8700,30.7000,30.7100,3362900.0000,25.3232
06/12/2023,30.7800,30.8300,30.5200,30.6900,3285400.0000,25.3067
06/13/2023,30.7400,30.8400,30.6300,30.6700,3076800.0000,25.2902
06/14/2023,30.7200,30.7400,30.3800,30.5100,4025000.0000,25.1583
06/15/2023,30.5400,30.6600,30.5100,30.6400,2512800.0000,25.2655
06/16/2023,30.6900,30.7200,30.5700,30.5900,2173800.0000,25.2243
06/20/2023,30.5900,30.6600,30.4100,30.4700,2906300.0000,25.1253
06/21/2023,30.5000,30.6200,30.3400,30.5300,2846500.0000,25.1748
06/22/2023,30.5600,30.5600,30.4200,30.4600,2693200.0000,25.1171
06/23/2023,30.3800,30.5500,30.3400,30.4500,1745200.0000,25.1088
06/26/2023,30.5500,30.6900,30.4800,30.5900,2486900.0000,25.2243
06/27/2023,30.6400,30.7400,30.5600,30.6400,4762600.0000,25.2655
06/28/2023,30.6600,30.7300,30.6300,30.6900,2833400.0000,25.3067
06/29/2023,30.6500,30.6600,30.5000,30.6500,3168400.0000,25.2737
06/30/2023,30.7000,30.9400,30.6800,30.9300,3047500.0000,25.5046
07/03/2023,30.8400,31.0700,30.7700,31.0600,1782800.0000,25.7433
07/05/2023,30.9500,31.1100,30.9000,30.9000,2958300.0000,25.6107
07/06/2023,30.7200,30.7400,30.2300,30.4300,5731400.0000,25.2212
07/07/2023,30.3300,30.6600,30.3200,30.5800,3675200.0000,25.3455
07/10/2023,30.5400,30.7300,30.5400,30.6500,5107200.0000,25.4035
07/11/2023,30.7400,30.8600,30.6700,30.8300,2784000.0000,25.5527
07/12/2023,31.0100,31.0200,30.9000,30.9300,3069500.0000,25.6356
07/13/2023,31.0600,31.0800,30.9900,31.0300,3064600.0000,25.7185
07/14/2023,31.0800,31.0900,30.7500,30.8400,3425900.0000,25.5610
07/17/2023,30.8700,30.8800,30.5500,30.6200,2810400.0000,25.3786
07/18/2023,30.6400,30.8200,30.6300,30.7900,2514800.0000,25.5195
07/19/2023,30.8900,30.9500,30.8500,30.9400,2249500.0000,25.6439
07/20/2023,30.8800,30.8800,30.7600,30.8200,2302700.0000,25.5444
07/21/2023,30.9100,30.9800,30.8600,30.8800,1954200.0000,25.5941
07/24/2023,30.9300,30.9800,30.9000,30.9400,1675900.0000,25.6439
07/25/2023,30.9200,30.9700,30.8600,30.9600,2612000.0000,25.6604
07/26/2023,31.0400,31.2100,31.0000,31.1600,3735100.0000,25.8262
07/27/2023,31.2500,31.3000,30.8900,30.9200,3724400.0000,25.6273
07/28/2023,31.0400,31.1200,30.8900,31.0200,2501900.0000,25.7102
07/31/2023,31.1000,31.2900,31.0800,31.2200,3239200.0000,25.8759
08/01/2023,30.9900,31.1000,30.8000,30.8800,3435600.0000,25.7235
08/02/2023,30.7000,30.7500,30.5300,30.7400,3374800.0000,25.6069
08/03/2023,30.5100,30.6300,30.4300,30.4800,3369200.0000,25.3903
08/04/2023,30.5500,30.8400,30.5400,30.6900,3003600.0000,25.5652
08/07/2023,30.8100,30.8400,30.7000,30.7500,2678200.0000,25.6152
08/08/2023,30.6700,30.7600,30.6400,30.7100,2273200.0000,25.5819
08/09/2023,30.7700,30.8100,30.6600,30.7100,2160100.0000,25.5819
08/10/2023,30.8200,30.8300,30.6000,30.6400,2187400.0000,25.5236
08/11/2023,30.6000,30.7000,30.5400,30.7000,1937700.0000,25.5735
08/14/2023,30.6300,30.6900,30.5800,30.6800,1877100.0000,25.5569
08/15/2023,30.6300,30.6300,30.4300,30.4700,2083300.0000,25.3820
08/16/2023,30.3500,30.4300,30.2300,30.3000,4558800.0000,25.2403
08/17/2023,30.2700,30.3400,30.0900,30.1900,3346400.0000,25.1487
08/18/2023,30.1500,30.2300,30.1000,30.1400,2951000.0000,25.1071
08/21/2023,30.0700,30.1000,29.9200,29.9900,4770200.0000,24.9821
08/22/2023,30.0200,30.0700,29.9700,30.0000,2617700.0000,24.9904
08/23/2023,30.1000,30.2900,30.0800,30.2800,2565800.0000,25.2237
08/24/2023,30.2900,30.3500,30.1100,30.1400,2724900.0000,25.1071
08/25/2023,30.1600,30.2900,30.0500,30.2200,3109800.0000,25.1737
08/28/2023,30.3500,30.3900,30.2700,30.3100,1651400.0000,25.2487
08/29/2023,30.3400,30.5200,30.3100,30.5000,2747600.0000,25.4070
08/30/2023,30.4700,30.5700,30.4700,30.5300,2834300.0000,25.4319
08/31/2023,30.5500,30.8100,30.5500,30.7500,4526600.0000,25.6152
09/01/2023,30.6400,30.6700,30.5000,30.6600,3019400.0000,25.6688
09/05/2023,30.5700,30.6000,30.4000,30.4300,2277100.0000,25.4762
09/06/2023,30.4700,30.4900,30.3000,30.3500,2169500.0000,25.4092
09/07/2023,30.2500,30.4300,30.2400,30.3200,1800800.0000,25.3841
09/08/2023,30.3900,30.4900,30.3700,30.4500,1775900.0000,25.4930
09/11/2023,30.4800,30.4900,30.3500,30.3700,2062800.0000,25.4260
09/12/2023,30.3300,30.4100,30.3000,30.3400,1561300.0000,25.4009
09/13/2023,30.3600,30.4400,30.3100,30.4200,1811100.0000,25.4679
09/14/2023,30.5000,30.5700,30.4500,30.5300,2214900.0000,25.5599
09/15/2023,30.5100,30.5600,30.4500,30.5100,2882000.0000,25.5432
09/18/2023,30.5100,30.6300,30.4600,30.6200,2805400.0000,25.6353
09/19/2023,30.5800,30.6700,30.5500,30.6300,2809700.0000,25.6437
09/20/2023,30.6900,30.7800,30.6100,30.6200,2623000.0000,25.6353
09/21/2023,30.4200,30.4200,30.1500,30.2100,6007400.0000,25.2920
09/22/2023,30.3200,30.3800,30.2200,30.3200,2707900.0000,25.3841
09/25/2023,30.1800,30.2700,30.1000,30.2400,3245400.0000,25.3172
09/26/2023,30.2200,30.2600,29.9800,30.0400,3683400.0000,25.1497
09/27/2023,30.1100,30.1500,29.8500,30.0600,5197700.0000,25.1665
09/28/2023,29.9200,30.1700,29.8700,30.1500,5854200.0000,25.2418
09/29/2023,30.2500,30.3600,30.1400,30.1500,5206400.0000,25.2418
10/02/2023,29.9000,29.9600,29.5900,29.6200,4568700.0000,24.9312
10/03/2023,29.4900,29.5100,28.9200,29.0500,8065400.0000,24.4514
10/04/2023,29.2300,29.2700,28.9500,29.0000,6089100.0000,24.4094
10/05/2023,29.0400,29.0800,28.9200,28.9800,3714300.0000,24.3925
10/06/2023,28.7800,28.9900,28.6300,28.8800,3844500.0000,24.3084
10/09/2023,28.9600,29.1200,28.8100,29.0500,2742700.0000,24.4514
10/10/2023,29.0000,29.2800,28.9600,29.1700,3943700.0000,24.5525
10/11/2023,29.3600,29.4000,29.1800,29.3100,4456300.0000,24.6703
10/12/2023,29.2600,29.3000,28.9900,29.0200,4167600.0000,24.4262
10/13/2023,29.1500,29.2500,28.8500,28.9200,4081000.0000,24.3420
10/16/2023,28.9600,29.0000,28.7400,28.9400,5400100.0000,24.3589
10/17/2023,28.7600,28.8900,28.6600,28.7500,5296800.0000,24.1989
10/18/2023,28.6600,28.7200,28.5000,28.6400,6438300.0000,24.1063
10/19/2023,28.6000,28.7300,28.2900,28.3400,7897200.0000,23.8538
10/20/2023,28.3900,28.5500,28.1500,28.5100,5798000.0000,23.9969
10/23/2023,28.4100,28.5700,28.3200,28.5600,7471100.0000,24.0390
10/24/2023,28.6000,28.8800,28.5600,28.8200,6154100.0000,24.2579
10/25/2023,28.7100,28.7400,28.5200,28.5600,4681700.0000,24.0390
10/26/2023,28.5800,28.7300,28.5600,28.5800,3579600.0000,24.0558
10/27/2023,28.5700,28.6600,28.3800,28.4300,3014200.0000,23.9296
10/30/2023,28.5100,28.5500,28.3800,28.4600,2953800.0000,23.9548
10/31/2023,28.5500,28.6500,28.5000,28.5800,4016600.0000,24.0558
11/01/2023,28.5600,28.9400,28.5000,28.9300,5922800.0000,24.4987
11/02/2023,29.2100,29.5900,29.1500,29.5200,8673100.0000,24.9984
11/03/2023,29.7600,30.0300,29.7500,29.9900,7896100.0000,25.3964
11/06/2023,29.9700,29.9700,29.7800,29.8200,6939300.0000,25.2524
11/07/2023,29.9200,29.9200,29.7000,29.7400,3761700.0000,25.1847
11/08/2023,29.8000,29.8800,29.7000,29.7600,4327800.0000,25.2016
11/09/2023,29.7400,29.7700,29.4100,29.4500,5505900.0000,24.9391
11/10/2023,29.5400,29.6100,29.4600,29.5300,3750800.0000,25.0068
11/13/2023,29.4800,29.7200,29.4000,29.6900,3778200.0000,25.1423
11/14/2023,30.0800,30.3000,30.0000,30.0800,5661800.0000,25.4726
11/15/2023,30.0500,30.1500,29.9800,30.0700,4955700.0000,25.4641
11/16/2023,30.1100,30.1900,30.0500,30.1300,3399600.0000,25.5149
11/17/2023,30.2400,30.2900,30.1400,30.1500,3530700.0000,25.5319
11/20/2023,30.1500,30.2300,30.1500,30.2000,3413400.0000,25.5742
11/21/2023,30.1500,30.2000,30.0300,30.1000,3000500.0000,25.4895
11/22/2023,30.1600,30.1700,29.8300,29.9400,5981600.0000,25.3540
11/24/2023,29.9100,30.0400,29.8800,29.9800,1482100.0000,25.3879
11/27/2023,30.0100,30.2100,30.0100,30.1900,3591600.0000,25.5657
11/28/2023,30.1800,30.3500,30.1400,30.2900,4390000.0000,25.6504
11/29/2023,30.3800,30.5500,30.3700,30.5200,4191900.0000,25.8452
11/30/2023,30.5600,30.7100,30.4600,30.6600,5550400.0000,25.9637
12/01/2023,30.5500,30.8300,30.4700,30.8200,5662600.0000,26.2491
12/04/2023,30.7300,30.8300,30.5700,30.6200,3707300.0000,26.0787
12/05/2023,30.7300,30.7700,30.6400,30.6500,3793900.0000,26.1043
12/06/2023,30.7200,30.7900,30.6200,30.7000,3625700.0000,26.1469
12/07/2023,30.7300,30.8700,30.7000,30.7200,5442800.0000,26.1639
12/08/2023,30.5700,30.7100,30.5300,30.6600,4632800.0000,26.1128
12/11/2023,30.6200,30.6200,30.3400,30.5300,5717800.0000,26.0021
12/12/2023,30.5300,30.6000,30.4200,30.5400,4362300.0000,26.0106
12/13/2023,30.6000,31.0100,30.5100,30.9700,6145200.0000,26.3768
12/14/2023,31.0400,31.2500,30.9900,31.1800,11062600.0000,26.7222
12/15/2023,31.1500,31.2400,31.0000,31.0500,7332500.0000,26.6108
12/18/2023,30.9800,31.0600,30.8800,30.9500,4890100.0000,26.5251
12/19/2023,31.0000,31.1400,30.9600,31.1200,4710100.0000,26.6708
12/20/2023,31.1700,31.2700,31.0900,31.1100,6222100.0000,26.6622
12/21/2023,31.2000,31.2800,31.1200,31.1900,5486700.0000,26.7308
12/22/2023,31.2700,31.3200,31.1700,31.2300,3056800.0000,26.7651
12/26/2023,31.2600,31.3700,31.2100,31.2500,4891100.0000,26.7822
12/27/2023,31.3100,31.4200,31.2500,31.4000,6579600.0000,26.9108
12/28/2023,31.3800,31.4900,31.3000,31.3100,4403600.0000,26.8336
12/29/2023,31.3300,31.3300,31.1600,31.1900,4893200.0000,26.7308
01/02/2024,31.0900,31.2100,31.0200,31.1500,4400600.0000,26.6965
01/03/2024,31.0700,31.2400,30.8700,31.1600,7285200.0000,26.7051
01/04/2024,31.0800,31.2200,31.0600,31.1200,3877300.0000,26.6708
01/05/2024,31.0600,31.3100,31.0600,31.1200,4556000.0000,26.6708
01/08/2024,31.2400,31.4200,31.1600,31.4100,4379400.0000,26.9193
01/09/2024,31.3400,31.4900,31.3200,31.4200,3509800.0000,26.9279
01/10/2024,31.4800,31.5800,31.4300,31.4400,3038600.0000,26.9450
01/11/2024,31.4000,31.5500,31.4000,31.5100,5363200.0000,27.0050
01/12/2024,31.5700,31.6200,31.4800,31.5800,2757000.0000,27.0650
01/16/2024,31.5000,31.5700,31.3900,31.4500,4983100.0000,26.9536
01/17/2024,31.3900,31.4500,31.3000,31.3300,5957600.0000,26.8508
01/18/2024,31.4000,31.4100,31.1700,31.2500,6160300.0000,26.7822
01/19/2024,31.2700,31.5000,31.1300,31.4900,5690600.0000,26.9879
01/22/2024,31.5600,31.6300,31.4900,31.6100,4434600.0000,27.0907
01/23/2024,31.5800,31.6400,31.5200,31.5700,3806400.0000,27.0564
01/24/2024,31.6600,31.6900,31.5600,31.6800,3979400.0000,27.1507
01/25/2024,31.7800,31.9800,31.7100,31.9600,5195000.0000,27.3907
01/26/2024,31.9500,32.0500,31.8700,31.9900,5272200.0000,27.4164
01/29/2024,32.0800,32.1200,31.9700,32.1000,4038700.0000,27.5107
01/30/2024,32.1200,32.2200,32.0400,32.1800,3685200.0000,27.5792
01/31/2024,32.0600,32.1900,32.0600,32.0600,5322500.0000,27.4764
02/01/2024,31.9800,32.1100,31.7300,32.1100,7123400.0000,27.6712
02/02/2024,31.9300,32.0100,31.8800,31.9800,4780700.0000,27.5591
02/05/2024,31.8800,31.8800,31.6000,31.6300,4870800.0000,27.2575
02/06/2024,31.6500,31.7400,31.6100,31.6800,4722400.0000,27.3006
02/07/2024,31.8000,31.8000,31.6000,31.7000,3924100.0000,27.3178
02/08/2024,31.6900,31.8100,31.6000,31.8100,4640700.0000,27.4126
02/09/2024,31.7900,31.9900,31.7200,31.9600,3536600.0000,27.5419
02/12/2024,32.0000,32.1000,31.9600,32.0900,5302900.0000,27.6539
02/13/2024,31.8300,31.8400,31.5600,31.6300,5432500.0000,27.2575
02/14/2024,31.6800,31.8400,31.6800,31.7800,3895200.0000,27.3868
02/15/2024,31.8700,31.9700,31.7500,31.8900,4289800.0000,27.4816
02/16/2024,31.7700,31.8500,31.7300,31.7700,3147900.0000,27.3781
02/20/2024,31.7500,31.9000,31.7000,31.8300,3534900.0000,27.4299
02/21/2024,31.8800,31.9400,31.7000,31.7500,3782700.0000,27.3609
02/22/2024,31.8500,31.9400,31.8200,31.9200,3368500.0000,27.5074
02/23/2024,31.9900,32.1800,31.9300,32.1700,4624700.0000,27.7228
02/26/2024,32.2300,32.2300,32.0200,32.0600,4126600.0000,27.6281
02/27/2024,32.0700,32.0900,31.9400,31.9800,2865000.0000,27.5591
02/28/2024,31.9900,32.1100,31.9600,32.0200,3328300.0000,27.5936
02/29/2024,32.1500,32.2300,32.0200,32.1800,4197800.0000,27.7315
03/01/2024,32.0700,32.0700,31.8200,31.9400,5459000.0000,27.6708
03/04/2024,31.8700,31.9700,31.8200,31.8300,4208600.0000,27.5755
03/05/2024,31.8500,31.9600,31.7900,31.9600,4271300.0000,27.6882
03/06/2024,32.0100,32.1300,31.9700,32.0500,5282100.0000,27.7661
03/07/2024,32.2200,32.2200,32.1300,32.2000,5017900.0000,27.8961
03/08/2024,32.2100,32.2900,32.2100,32.2300,3329700.0000,27.9221
03/11/2024,32.2600,32.2900,32.1700,32.1700,2457900.0000,27.8701
03/12/2024,32.1600,32.2600,32.0900,32.2500,4704100.0000,27.9394
03/13/2024,32.2100,32.3500,32.2000,32.2900,5077100.0000,27.9740
03/14/2024,32.2300,32.2600,32.0300,32.0300,5211900.0000,27.7488
03/15/2024,32.0200,32.1000,31.9600,32.1000,4652300.0000,27.8094
03/18/2024,32.1300,32.1700,32.0200,32.1400,4319200.0000,27.8441
03/19/2024,32.1700,32.3000,32.1100,32.2900,4851200.0000,27.9740
03/20/2024,32.3300,32.4500,32.2200,32.4500,4470600.0000,28.1127
03/21/2024,32.5800,32.6400,32.4900,32.5400,6250500.0000,28.1906
03/22/2024,32.6200,32.6600,32.4200,32.4200,3313500.0000,28.0867
03/25/2024,32.5400,32.5400,32.2400,32.2700,3511700.0000,27.9567
03/26/2024,32.2700,32.3800,32.2200,32.2500,3304600.0000,27.9394
03/27/2024,32.3000,32.4600,32.2200,32.4100,3900200.0000,28.0780
03/28/2024,32.4700,32.5300,32.2000,32.2300,5350000.0000,27.9221
04/01/2024,32.1300,32.2200,31.9000,32.1400,12391700.0000,27.9795
04/02/2024,31.9500,31.9900,31.7700,31.9000,5139900.0000,27.7706
04/03/2024,31.8100,32.0100,31.7600,32.0000,5301000.0000,27.8576
04/04/2024,32.0900,32.2000,32.0100,32.0800,6910200.0000,27.9273
04/05/2024,32.0300,32.1400,31.9800,32.0600,3509100.0000,27.9099
04/08/2024,31.9900,32.0900,31.9900,32.0000,2809800.0000,27.8576
04/09/2024,32.0900,32.1200,31.9800,32.0000,2857200.0000,27.8576
04/10/2024,31.7800,31.8500,31.3800,31.5000,10950100.0000,27.4224
04/11/2024,31.5700,31.6100,31.2800,31.4700,6223800.0000,27.3963
04/12/2024,31.4100,31.4900,31.2500,31.2500,4782100.0000,27.2047
04/15/2024,31.2200,31.3000,30.7000,30.7200,12487600.0000,26.7433
04/16/2024,30.6000,30.8500,30.5600,30.6500,6998100.0000,26.6824
04/17/2024,30.8900,31.0400,30.7700,30.7900,5581900.0000,26.8043
04/18/2024,30.8100,30.8900,30.6900,30.7200,5024000.0000,26.7433
04/19/2024,30.7400,30.9400,30.7300,30.9000,3329500.0000,26.9000
04/22/2024,30.8800,31.1000,30.8600,31.0500,3776200.0000,27.0306
04/23/2024,31.0600,31.3800,31.0300,31.3500,3229800.0000,27.2918
04/24/2024,31.2900,31.4000,31.2100,31.3400,4857000.0000,27.2831
04/25/2024,31.0700,31.2100,30.8900,31.0800,5445900.0000,27.0567
04/26/2024,31.2000,31.3500,31.1100,31.1300,2915700.0000,27.1003
04/29/2024,31.2000,31.3800,31.1900,31.3200,3524300.0000,27.2657
04/30/2024,31.2200,31.3200,30.9600,30.9600,5002900.0000,26.9523
05/01/2024,30.8900,31.1800,30.8800,31.1400,4893800.0000,27.2498
05/02/2024,31.1500,31.3300,31.0500,31.1900,3701400.0000,27.2935
05/03/2024,31.3900,31.5600,31.3900,31.5400,3369500.0000,27.5998
05/06/2024,31.6400,31.7400,31.5400,31.6700,4720900.0000,27.7136
05/07/2024,31.8100,31.8200,31.5400,31.5500,3598800.0000,27.6086
05/08/2024,31.4600,31.5600,31.2000,31.2900,9568500.0000,27.3811
05/09/2024,31.2700,31.4100,31.2200,31.3800,2922100.0000,27.4598
05/10/2024,31.3800,31.4300,31.2500,31.4000,2772100.0000,27.4773
05/13/2024,31.4200,31.5500,31.4100,31.4300,2931100.0000,27.5036
05/14/2024,31.4400,31.5800,31.4400,31.4500,2319300.0000,27.5211
05/15/2024,31.6700,31.7600,31.6100,31.7600,3591500.0000,27.7923
05/16/2024,31.7300,31.7800,31.6200,31.6700,2878300.0000,27.7136
05/17/2024,31.6300,31.6600,31.5400,31.6300,2346300.0000,27.6786
05/20/2024,31.6400,31.7000,31.5900,31.6600,1655900.0000,27.7048
05/21/2024,31.6900,31.7600,31.5900,31.6000,1962800.0000,27.6523
05/22/2024,31.5500,31.6600,31.4800,31.5100,3641700.0000,27.5736
05/23/2024,31.5900,31.6300,31.2000,31.2600,7715300.0000,27.3548
05/24/2024,31.3400,31.5300,31.2600,31.5000,3434500.0000,27.5648
05/28/2024,31.5400,31.6400,31.3800,31.4700,3421900.0000,27.5386
05/29/2024,31.3400,31.3800,31.1700,31.1900,3091400.0000,27.2935
05/30/2024,31.2300,31.5200,31.1700,31.4600,2686100.0000,27.5298
05/31/2024,31.5800,31.7800,31.5200,31.7500,3586200.0000,27.7836
06/03/2024,31.6700,31.7600,31.6200,31.7400,2520600.0000,27.9182
06/04/2024,31.7200,31.8400,31.6800,31.6800,3077000.0000,27.8654
06/05/2024,31.7800,31.7800,31.5400,31.7300,3123700.0000,27.9094
06/06/2024,31.7100,31.7800,31.6800,31.7700,2652100.0000,27.9446
06/07/2024,31.6400,31.7000,31.5600,31.6600,3186900.0000,27.8478
06/10/2024,31.6300,31.6400,31.4800,31.5300,2035100.0000,27.7335
06/11/2024,31.5500,31.5500,31.3500,31.3800,4048300.0000,27.6015
06/12/2024,31.6000,31.7900,31.5400,31.5600,3475400.0000,27.7598
06/13/2024,31.6600,31.6700,31.4300,31.5600,2814500.0000,27.7598
06/14/2024,31.5500,31.6000,31.4400,31.4600,2178900.0000,27.6719
06/17/2024,31.4000,31.4600,31.3000,31.4100,3456300.0000,27.6279
06/18/2024,31.4300,31.5900,31.4300,31.5600,3066500.0000,27.7598
06/20/2024,31.4900,31.5500,31.4600,31.5200,2930900.0000,27.7247
06/21/2024,31.5100,31.6400,31.4600,31.5700,2609100.0000,27.7686
06/24/2024,31.5400,31.6900,31.5400,31.6400,3746800.0000,27.8302
06/25/2024,31.6900,31.6900,31.5700,31.6500,2170500.0000,27.8390
06/26/2024,31.5900,31.6900,31.5700,31.6400,2260200.0000,27.8302
06/27/2024,31.6500,31.7400,31.5800,31.6100,2547200.0000,27.8038
06/28/2024,31.6500,31.7200,31.4900,31.5500,3722200.0000,27.7510
07/01/2024,31.3100,31.4500,31.1100,31.2800,3777000.0000,27.6573
07/02/2024,31.3900,31.4200,31.3100,31.4200,2492000.0000,27.7811
07/03/2024,31.4600,31.6800,31.4400,31.6800,2905400.0000,28.0110
07/05/2024,31.8100,31.8100,31.6100,31.6600,3010900.0000,27.9933
07/08/2024,31.7100,31.7100,31.5400,31.5900,2503700.0000,27.9314
07/09/2024,31.5800,31.5800,31.3600,31.3900,4653600.0000,27.7546
07/10/2024,31.4100,31.5800,31.3600,31.5700,2724500.0000,27.9137
07/11/2024,31.7000,31.9200,31.6600,31.9200,4709300.0000,28.2232
07/12/2024,31.9600,32.0400,31.8700,31.9700,4061200.0000,28.2674
07/15/2024,31.9500,31.9700,31.8400,31.9400,2427400.0000,28.2409
07/16/2024,31.9800,32.0200,31.9400,31.9900,2429000.0000,28.2851
07/17/2024,31.9200,31.9900,31.8700,31.9400,2885800.0000,28.2409
07/18/2024,31.9700,32.0300,31.7700,31.8700,3190900.0000,28.1790
07/19/2024,31.8000,31.8700,31.7800,31.8500,2716000.0000,28.1613
07/22/2024,31.8800,32.0000,31.8700,31.9200,3146300.0000,28.2232
07/23/2024,31.9300,31.9500,31.8000,31.8500,2958500.0000,28.1613
07/24/2024,31.7700,31.8300,31.5300,31.5400,4536700.0000,27.8872
07/25/2024,31.6100,31.7900,31.5800,31.6300,4863100.0000,27.9668
07/26/2024,31.7500,31.8100,31.7300,31.8000,4506900.0000,28.1171
07/29/2024,31.8900,31.9000,31.6500,31.7200,3682900.0000,28.0464
07/30/2024,31.7500,31.7800,31.6600,31.7300,3682100.0000,28.0552
07/31/2024,31.8900,31.8900,31.6500,31.7100,6267700.0000,28.0375
08/01/2024,31.6400,31.7000,31.5200,31.6500,7942000.0000,28.1273
08/02/2024,31.5700,31.6500,31.4600,31.6300,5526800.0000,28.1095
08/05/2024,31.1000,31.3400,30.8800,31.1800,7506400.0000,27.7096
08/06/2024,31.2700,31.5000,31.1300,31.3300,4802800.0000,27.8429
08/07/2024,31.4800,31.6300,31.4200,31.4800,4139800.0000,27.9762
08/08/2024,31.5900,31.6600,31.4600,31.5800,2823400.0000,28.0651
08/09/2024,31.6100,31.6500,31.4700,31.5700,3713900.0000,28.0562
08/12/2024,31.5500,31.5700,31.3500,31.3700,2887100.0000,27.8784
08/13/2024,31.4700,31.6400,31.4400,31.6400,3455100.0000,28.1184
08/14/2024,31.6500,31.7900,31.6400,31.7700,3409800.0000,28.2339
08/15/2024,31.8000,31.8100,31.6200,31.7300,3372100.0000,28.1984
08/16/2024,31.7500,31.9400,31.7400,31.9300,2302400.0000,28.3761
08/19/2024,31.9500,32.0400,31.9200,31.9600,2385000.0000,28.4028
08/20/2024,31.9800,32.0700,31.9700,32.0400,2647200.0000,28.4739
08/21/2024,32.1100,32.2400,32.0400,32.2100,2691000.0000,28.6249
08/22/2024,32.1900,32.2200,32.1100,32.1700,2793300.0000,28.5894
08/23/2024,32.2100,32.3800,32.1900,32.3700,3232300.0000,28.7671
08/26/2024,32.4200,32.4800,32.3000,32.3400,2834900.0000,28.7405
08/27/2024,32.3100,32.4100,32.3000,32.3700,2819000.0000,28.7671
08/28/2024,32.3700,32.5000,32.3700,32.3900,2797600.0000,28.7849
08/29/2024,32.4400,32.5200,32.4100,32.5100,2807000.0000,28.8916
08/30/2024,32.5300,32.5700,32.3100,32.3600,4183700.0000,28.7583
09/03/2024,32.2800,32.2800,32.0800,32.1100,2787800.0000,28.6805
09/04/2024,32.1300,32.3600,32.1300,32.3100,3747900.0000,28.8592
09/05/2024,32.3300,32.4900,32.3300,32.4300,3645600.0000,28.9664
09/06/2024,32.5200,32.5700,32.2200,32.3500,3377600.0000,28.8949
09/09/2024,32.4100,32.6200,32.3800,32.6000,2668500.0000,29.1182
09/10/2024,32.6700,32.6700,32.4500,32.6300,3067300.0000,29.1450
09/11/2024,32.6300,32.7700,32.5100,32.7600,4141700.0000,29.2611
09/12/2024,32.7100,32.8700,32.7100,32.8400,2925700.0000,29.3326
09/13/2024,32.9200,33.0100,32.8800,32.9900,3420000.0000,29.4666
09/16/2024,33.0000,33.1800,33.0000,33.1700,3204600.0000,29.6273
09/17/2024,33.2000,33.3000,32.4900,33.2100,4669700.0000,29.6631
09/18/2024,33.2800,33.4300,33.1400,33.2900,4695600.0000,29.7345
09/19/2024,33.4000,33.4300,33.3100,33.4200,3254700.0000,29.8506
09/20/2024,33.4000,33.4900,33.3200,33.4800,2374900.0000,29.9042
09/23/2024,33.5300,33.5300,33.4000,33.4500,2981600.0000,29.8774
09/24/2024,33.4200,33.5200,33.3200,33.5100,4027300.0000,29.9310
09/25/2024,33.4800,33.5300,33.4200,33.4400,3023000.0000,29.8685
09/26/2024,33.5300,33.5700,33.4300,33.4900,3081000.0000,29.9132
09/27/2024,33.5500,33.5900,33.4300,33.4500,2966700.0000,29.8774
09/30/2024,33.4400,33.4600,33.2200,33.2300,5027200.0000,29.6809
10/01/2024,33.1900,33.2800,33.0200,33.2300,4340400.0000,29.8290
10/02/2024,33.1700,33.3200,33.0900,33.3100,3636100.0000,29.9009
10/03/2024,33.2800,33.3700,33.2300,33.2700,3980800.0000,29.8649
10/04/2024,33.1700,33.2000,33.0900,33.1700,3955800.0000,29.7752
10/07/2024,33.1100,33.1100,32.8700,32.8900,4671900.0000,29.5238
10/08/2024,32.8700,33.1300,32.8500,33.1100,2443600.0000,29.7213
10/09/2024,33.1000,33.1700,33.0400,33.1200,2510700.0000,29.7303
10/10/2024,33.0500,33.1100,32.9800,33.0400,2595500.0000,29.6585
10/11/2024,32.9800,33.2600,32.9300,33.2500,2788400.0000,29.8470
10/14/2024,33.1900,33.3800,33.1200,33.3700,2364400.0000,29.9547
10/15/2024,33.4400,33.5800,33.3700,33.4600,6141500.0000,30.0355
10/16/2024,33.4800,33.5800,33.4200,33.5100,3586200.0000,30.0804
10/17/2024,33.4800,33.4900,33.3700,33.4500,3392100.0000,30.0265
10/18/2024,33.4900,33.5200,33.4100,33.4800,1847700.0000,30.0535
10/21/2024,33.3500,33.3600,33.0500,33.1200,5076000.0000,29.7303
10/22/2024,33.1600,33.2600,33.0300,33.2600,3500900.0000,29.8560
10/23/2024,33.1300,33.1500,32.8700,32.9600,4612900.0000,29.5867
10/24/2024,33.0100,33.0600,32.9100,33.0300,2886300.0000,29.6495
10/25/2024,33.1300,33.2100,32.9200,32.9900,2455000.0000,29.6136
10/28/2024,33.0000,33.0900,32.8900,32.8900,3698800.0000,29.5238
10/29/2024,32.7700,32.9300,32.7100,32.9000,4301500.0000,29.5328
10/30/2024,32.9900,33.1000,32.8800,32.8900,2695000.0000,29.5238
10/31/2024,32.8800,32.9200,32.7400,32.8400,3478500.0000,29.4790
11/01/2024,32.7900,32.8100,32.5000,32.5400,3800800.0000,29.3572
11/04/2024,32.6200,32.8400,32.6200,32.8000,4546000.0000,29.5917
11/05/2024,32.8000,33.0700,32.7800,33.0600,4854300.0000,29.8263
11/06/2024,32.8000,32.9400,32.7200,32.8000,6295200.0000,29.5917
11/07/2024,32.8300,33.0300,32.8300,33.0000,4588800.0000,29.7722
11/08/2024,33.0500,33.3000,33.0300,33.3000,6100700.0000,30.0428
11/11/2024,33.3100,33.3100,32.9600,33.0200,5344200.0000,29.7902
11/12/2024,32.9200,33.0300,32.6800,32.6900,5599200.0000,29.4925
11/13/2024,32.8500,32.8900,32.6500,32.6700,3767400.0000,29.4744
11/14/2024,32.7800,32.7900,32.6000,32.6100,3440100.0000,29.4203
11/15/2024,32.5400,32.6100,32.5000,32.5900,3298700.0000,29.4023
11/18/2024,32.5500,32.6900,32.5200,32.5800,3165500.0000,29.3932
11/19/2024,32.5800,32.6400,32.4300,32.5100,3580200.0000,29.3301
11/20/2024,32.4600,32.4600,32.3100,32.3500,3824600.0000,29.1857
11/21/2024,32.4000,32.6600,32.3900,32.6400,5856800.0000,29.4474
11/22/2024,32.6900,32.7300,32.6000,32.7000,3238200.0000,29.5015
11/25/2024,32.9100,32.9800,32.7900,32.8200,3876700.0000,29.6098
11/26/2024,32.8700,32.8700,32.5300,32.6200,4369700.0000,29.4293
11/27/2024,32.6800,32.7700,32.6300,32.7500,4745200.0000,29.5466
11/29/2024,32.8800,32.9500,32.7700,32.9500,1999300.0000,29.7271
12/02/2024,32.8200,32.8300,32.5600,32.5800,4062700.0000,29.5412
12/03/2024,32.5600,32.6500,32.4600,32.5200,3159800.0000,29.4868
12/04/2024,32.5200,32.6000,32.4800,32.5600,3253400.0000,29.5230
12/05/2024,32.5600,32.6600,32.5100,32.6100,3308700.0000,29.5684
12/06/2024,32.6600,32.7100,32.5500,32.5500,3289700.0000,29.5140
12/09/2024,32.5500,32.6300,32.4600,32.4600,3370700.0000,29.4324
12/10/2024,32.4800,32.5300,32.3900,32.4800,2705600.0000,29.4505
12/11/2024,32.5300,32.5900,32.4600,32.4700,3069500.0000,29.4414
12/12/2024,32.4400,32.4500,32.2600,32.2700,3995000.0000,29.2601
12/13/2024,32.2300,32.3000,32.0600,32.1100,8785300.0000,29.1150
12/16/2024,32.1400,32.2300,32.0700,32.1400,5330800.0000,29.1422
12/17/2024,32.1200,32.1700,32.0400,32.1100,3642300.0000,29.1150
12/18/2024,31.9600,32.0300,31.5800,31.6200,4527600.0000,28.8296
12/19/2024,31.4800,31.5700,31.3400,31.4800,6345700.0000,28.7020
12/20/2024,31.5300,31.7000,31.5100,31.6500,4077900.0000,28.8570
12/23/2024,31.7300,31.7400,31.5000,31.5000,4912200.0000,28.7202
12/24/2024,31.4500,31.5200,31.3200,31.4600,3409900.0000,28.6838
12/26/2024,31.3600,31.4500,31.3300,31.4100,4598300.0000,28.6382
12/27/2024,31.3300,31.4000,31.2200,31.2300,6361600.0000,28.4741
12/30/2024,31.1800,31.4400,31.1500,31.4200,6196000.0000,28.6473
12/31/2024,31.4400,31.5600,31.3700,31.4400,5229900.0000,28.6655
01/02/2025,31.6100,31.8400,31.6000,31.8200,4789900.0000,29.0120
01/03/2025,31.8900,32.0900,31.8600,32.0500,3953400.0000,29.2217
01/06/2025,32.0100,32.0800,31.8600,31.9700,5208300.0000,29.1487
01/07/2025,31.9100,32.0000,31.5700,31.6000,6241400.0000,28.8114
01/08/2025,31.5100,31.6300,31.4300,31.4900,4645200.0000,28.7111
01/10/2025,31.3000,31.3500,31.0600,31.0800,5519100.0000,28.3373
01/13/2025,31.0300,31.0300,30.8300,30.9300,5953200.0000,28.2005
01/14/2025,30.9700,31.1600,30.9400,31.1300,4321000.0000,28.3829
01/15/2025,31.3700,31.7100,31.3600,31.7100,4694400.0000,28.9117
01/16/2025,31.6700,31.8900,31.5800,31.6800,6349000.0000,28.8843
01/17/2025,31.7800,31.8500,31.6800,31.7500,3082600.0000,28.9482
01/21/2025,31.8800,32.1100,31.8800,32.1100,3785100.0000,29.2764
01/22/2025,32.1000,32.1300,31.9200,31.9900,3823700.0000,29.1670
01/23/2025,31.8300,32.0300,31.8000,31.9900,3284400.0000,29.1670
01/24/2025,31.9800,32.1300,31.9600,32.0800,2841600.0000,29.2490
01/27/2025,31.9800,32.2700,31.9700,32.2600,4942900.0000,29.4132
01/28/2025,32.2300,32.2800,32.0200,32.0400,4360600.0000,29.2126
01/29/2025,32.0900,32.1500,31.8200,31.9100,3342300.0000,29.0940
01/30/2025,32.0700,32.1100,32.0100,32.1000,3548100.0000,29.2673
01/31/2025,32.0900,32.1800,31.8000,31.8100,5325300.0000,29.0029
02/03/2025,31.4800,31.6100,31.4200,31.4500,4571400.0000,28.8333
02/04/2025,31.4000,31.5900,31.4000,31.5500,3279300.0000,28.9249
02/05/2025,31.6600,31.8000,31.6300,31.8000,3977400.0000,29.1541
02/06/2025,31.8500,31.8600,31.6600,31.7100,3936700.0000,29.0716
02/07/2025,31.6400,31.6800,31.5200,31.5500,2523700.0000,28.9249
02/10/2025,31.5900,31.6900,31.5800,31.6400,2641800.0000,29.0075
02/11/2025,31.5100,31.6400,31.5100,31.6100,2418500.0000,28.9799
02/12/2025,31.3700,31.5300,31.2900,31.5100,3481100.0000,28.8883
02/13/2025,31.6000,31.7400,31.6000,31.7000,2955300.0000,29.0625
02/14/2025,31.7900,31.8600,31.7700,31.8000,2691600.0000,29.1541
02/18/2025,31.7400,31.8200,31.6900,31.7400,2501800.0000,29.0991
02/19/2025,31.7000,31.8000,31.6100,31.7200,3447700.0000,29.0808
02/20/2025,31.7900,31.8500,31.5400,31.6500,3698900.0000,29.0166
02/21/2025,31.6500,31.7500,31.6000,31.6300,2534200.0000,28.9983
02/24/2025,31.6400,31.7300,31.5900,31.6900,2741200.0000,29.0533
02/25/2025,31.8100,31.8700,31.7200,31.8400,3368300.0000,29.1908
02/26/2025,31.8800,31.9900,31.7700,31.8300,3143900.0000,29.1816
02/27/2025,31.8300,31.8700,31.7100,31.7300,2454000.0000,29.0900
02/28/2025,31.7800,31.8600,31.7100,31.8500,2723800.0000,29.2000
03/03/2025,31.6800,31.7200,31.4800,31.5400,3212000.0000,29.0737
03/04/2025,31.4700,31.5000,31.2400,31.3200,4975800.0000,28.8709
03/05/2025,31.3400,31.4100,31.2600,31.3400,3143700.0000,28.8893
03/06/2025,31.2100,31.3100,31.1800,31.2200,3647100.0000,28.7787
03/07/2025,31.2800,31.2900,31.0200,31.0700,4136900.0000,28.6404
03/10/2025,31.0000,31.0300,30.8200,30.8700,4294100.0000,28.4561
03/11/2025,30.8300,30.9300,30.7500,30.8700,3918700.0000,28.4561
03/12/2025,31.0000,31.0300,30.7900,31.0000,3348300.0000,28.5759
03/13/2025,31.0600,31.0600,30.8500,30.9200,3372100.0000,28.5022
03/14/2025,30.9600,31.1800,30.9600,31.1200,2777400.0000,28.6865
03/17/2025,31.1300,31.3200,31.1300,31.2500,2183700.0000,28.8064
03/18/2025,31.2100,31.2400,31.1100,31.2000,1769000.0000,28.7603
03/19/2025,31.1600,31.3700,31.1600,31.3600,2571400.0000,28.9078
03/20/2025,31.3800,31.4100,31.2700,31.3200,1696400.0000,28.8709
03/21/2025,31.2800,31.4000,31.2200,31.3100,1586300.0000,28.8617
03/24/2025,31.3800,31.4600,31.3000,31.3700,2902500.0000,28.9170
03/25/2025,31.3800,31.4300,31.3000,31.3200,2000700.0000,28.8709
03/26/2025,31.2900,31.3500,31.0700,31.1000,2437400.0000,28.6681
03/27/2025,31.0500,31.1000,30.9300,31.0200,3021000.0000,28.5944
03/28/2025,31.0600,31.0800,30.8000,30.8500,2376800.0000,28.4376
03/31/2025,30.7300,30.8400,30.6900,30.7300,4395600.0000,28.3270
04/01/2025,30.6100,30.6200,30.4200,30.5100,4296700.0000,28.2825
04/02/2025,30.4400,30.6100,30.3900,30.6000,3071700.0000,28.3660
04/03/2025,30.1700,30.2400,29.9100,29.9900,12976500.0000,27.8005
04/04/2025,29.8000,29.8000,29.2200,29.4200,14120700.0000,27.2721
04/07/2025,28.8500,29.5900,28.7000,29.0900,11867700.0000,26.9662
04/08/2025,29.4200,29.5100,28.9400,29.0000,9436200.0000,26.8828
04/09/2025,28.8300,29.9100,28.7200,29.8400,14372700.0000,27.6615
04/10/2025,29.7000,29.7200,29.1100,29.2300,5780700.0000,27.0960
04/11/2025,29.1800,29.1800,28.7500,29.1000,4986200.0000,26.9755
04/14/2025,29.3100,29.4500,29.2600,29.3700,4736400.0000,27.2258
04/15/2025,29.3400,29.5400,29.3000,29.3000,6863700.0000,27.1609
04/16/2025,29.2000,29.5200,29.1800,29.3100,3273700.0000,27.1701
04/17/2025,29.3600,29.5800,29.3600,29.5300,3114800.0000,27.3741
04/21/2025,29.3900,29.4400,29.2100,29.2900,4046300.0000,27.1516
04/22/2025,29.4800,29.6900,29.4400,29.6200,3326100.0000,27.4575
04/23/2025,30.0000,30.1300,29.8200,29.9100,4429700.0000,27.7263
04/24/2025,29.9500,30.1900,29.9100,30.1900,3317300.0000,27.9859
04/25/2025,30.2200,30.2600,30.0500,30.2300,3894900.0000,28.0230
04/28/2025,30.2200,30.3400,30.1600,30.3000,1783700.0000,28.0879
04/29/2025,30.2500,30.3900,30.2300,30.3400,2323000.0000,28.1249
04/30/2025,30.1800,30.2500,30.0300,30.1800,4197300.0000,27.9766
05/01/2025,30.1700,30.1700,29.9100,29.9400,3553600.0000,27.9151
05/02/2025,30.0000,30.2400,30.0000,30.1400,4408300.0000,28.1016
05/05/2025,30.0800,30.1700,29.9800,30.0100,2457000.0000,27.9804
05/06/2025,29.9600,30.1300,29.9200,30.0800,3350200.0000,28.0456
05/07/2025,30.2400,30.2400,30.0900,30.1400,2978500.0000,28.1016
05/08/2025,30.1800,30.3400,30.1200,30.1300,4431800.0000,28.0922
05/09/2025,30.1700,30.2500,30.1100,30.1700,3529100.0000,28.1295
05/12/2025,30.4700,30.4800,30.3000,30.3300,3195200.0000,28.2787
05/13/2025,30.3600,30.4500,30.3300,30.4300,2679800.0000,28.3720
05/14/2025,30.4100,30.4600,30.2700,30.2900,2594600.0000,28.2414
05/15/2025,30.2600,30.5000,30.2500,30.4700,2893300.0000,28.4092
05/16/2025,30.5200,30.5600,30.3800,30.5500,1894400.0000,28.4838
05/19/2025,30.3800,30.5700,30.3300,30.5700,2608800.0000,28.5025
05/20/2025,30.5100,30.6500,30.4500,30.4700,2370200.0000,28.4092
05/21/2025,30.3700,30.4100,30.0000,30.0000,4181300.0000,27.9710
05/22/2025,29.9500,30.1300,29.8600,30.0500,4931200.0000,28.0177
05/23/2025,29.9700,30.1000,29.8800,30.0800,2756200.0000,28.0456
05/27/2025,30.3400,30.3600,30.1500,30.3400,4014100.0000,28.2880
05/28/2025,30.3100,30.3500,30.1100,30.1500,3105700.0000,28.1109
05/29/2025,30.2100,30.2900,30.1500,30.2000,2896700.0000,28.1575
05/30/2025,30.2100,30.2700,30.0900,30.2300,2507000.0000,28.1855
06/02/2025,30.0600,30.0700,29.8700,30.0400,4104600.0000,28.1714
06/03/2025,30.0600,30.2100,30.0500,30.1700,3510300.0000,28.2933
06/04/2025,30.2200,30.3400,30.2100,30.2700,2991700.0000,28.3871
06/05/2025,30.3900,30.4000,30.2700,30.3100,3195000.0000,28.4246
06/06/2025,30.3400,30.3400,30.2300,30.2700,2714500.0000,28.3871
06/09/2025,30.2500,30.4300,30.2500,30.3500,2235900.0000,28.4621
06/10/2025,30.3700,30.4600,30.3600,30.4300,1586100.0000,28.5372
06/11/2025,30.5200,30.5700,30.4000,30.4100,2467900.0000,28.5184
06/12/2025,30.4300,30.4600,30.3100,30.3400,3463100.0000,28.4527
06/13/2025,30.2500,30.2800,30.0700,30.1600,2820600.0000,28.2839
06/16/2025,30.1900,30.3300,30.1800,30.2200,3395800.0000,28.3402
06/17/2025,30.2400,30.2700,30.1200,30.1800,3085300.0000,28.3027
06/18/2025,30.1900,30.3000,30.1900,30.2600,2166900.0000,28.3777
06/20/2025,30.2600,30.4100,30.2600,30.3100,2894700.0000,28.4246
06/23/2025,30.3600,30.4000,30.2100,30.3600,2048700.0000,28.4715
06/24/2025,30.4100,30.5900,30.3900,30.5700,2552800.0000,28.6684
06/25/2025,30.5700,30.5800,30.4100,30.4800,2883400.0000,28.5840
06/26/2025,30.5000,30.6900,30.4800,30.6700,2429800.0000,28.7622
06/27/2025,30.6900,30.7600,30.5700,30.6000,2423900.0000,28.6966
06/30/2025,30.6600,30.7400,30.6000,30.6800,4119600.0000,28.7716
07/01/2025,30.5500,30.7000,30.4600,30.6700,3001400.0000,28.9263
07/02/2025,30.6700,30.9200,30.6100,30.9000,5645300.0000,29.1432
07/03/2025,30.9000,31.0700,30.8700,31.0100,2765400.0000,29.2469
07/07/2025,30.9900,31.0400,30.8400,30.9100,4117400.0000,29.1526
07/08/2025,30.8800,31.0400,30.8300,31.0000,3323300.0000,29.2375
07/09/2025,31.0300,31.2200,31.0300,31.1900,2964500.0000,29.4167
07/10/2025,31.2000,31.3800,31.1700,31.3600,5649100.0000,29.5770
07/11/2025,31.2800,31.3100,31.1800,31.2100,4060200.0000,29.4356
07/14/2025,31.1900,31.2000,31.0200,31.1200,4163800.0000,29.3507
07/15/2025,31.1900,31.2200,30.9400,30.9400,3572500.0000,29.1809
07/16/2025,31.0600,31.1000,30.8000,31.0500,3869400.0000,29.2847
07/17/2025,31.0500,31.2300,31.0100,31.2200,4724400.0000,29.4450
07/18/2025,31.2500,31.2800,31.1400,31.1700,3861800.0000,29.3978
07/21/2025,31.2300,31.3200,31.1100,31.1300,6380500.0000,29.3601
07/22/2025,31.1500,31.2000,31.1200,31.1500,3642400.0000,29.3790
07/23/2025,31.1800,31.2000,31.0800,31.1100,2973100.0000,29.3413
07/24/2025,31.0900,31.1700,31.0800,31.1300,2848700.0000,29.3601
07/25/2025,31.1800,31.2100,31.1100,31.1800,2521900.0000,29.4073
07/28/2025,31.1500,31.1900,31.1000,31.1300,2784200.0000,29.3601
07/29/2025,31.1500,31.3000,31.1500,31.2400,4425800.0000,29.4639
07/30/2025,31.2100,31.2900,31.1000,31.1700,4349800.0000,29.3978
07/31/2025,31.2400,31.2700,31.1700,31.2500,3379100.0000,29.4733
08/01/2025,31.0200,31.0600,30.9200,31.0400,3457600.0000,29.4278
08/04/2025,31.1100,31.2800,31.1000,31.2500,3871000.0000,29.6269
08/05/2025,31.2300,31.2900,31.1100,31.2100,3702900.0000,29.5890
08/06/2025,31.2300,31.2800,31.0800,31.1400,3654200.0000,29.5226
08/07/2025,31.1600,31.2300,31.0300,31.0400,2387300.0000,29.4278
08/08/2025,31.0800,31.1600,31.0400,31.1600,1950000.0000,29.5416
08/11/2025,31.2200,31.2200,31.1100,31.1400,1618500.0000,29.5226
08/12/2025,31.1300,31.3700,31.1300,31.3300,3240600.0000,29.7027
08/13/2025,31.3800,31.5000,31.3600,31.4900,3296100.0000,29.8544
08/14/2025,31.4300,31.4500,31.3000,31.4400,1652800.0000,29.8070
08/15/2025,31.4400,31.4500,31.3600,31.4000,2478500.0000,29.7691
08/18/2025,31.4800,31.4900,31.4000,31.4900,2877200.0000,29.8544
08/19/2025,31.4900,31.5700,31.4700,31.5000,3044200.0000,29.8639
08/20/2025,31.5300,31.5300,31.4000,31.4600,2906900.0000,29.8260
08/21/2025,31.4100,31.4900,31.3800,31.4900,2476200.0000,29.8544
08/22/2025,31.5000,31.7600,31.4800,31.7200,2688800.0000,30.0725
08/25/2025,31.6800,31.7300,31.5900,31.6100,2960300.0000,29.9682
08/26/2025,31.6200,31.6700,31.5600,31.6100,2396200.0000,29.9682
08/27/2025,31.5800,31.6400,31.5500,31.6300,2345300.0000,29.9871
08/28/2025,31.6800,31.6800,31.6000,31.6200,2107900.0000,29.9777
08/29/2025,31.6200,31.6300,31.4400,31.4600,3010500.0000,29.8260
09/02/2025,31.1900,31.3300,31.1200,31.3100,3602200.0000,29.8365
09/03/2025,31.3300,31.3900,31.3100,31.3800,3545300.0000,29.9032
09/04/2025,31.4100,31.5000,31.3800,31.5000,2886600.0000,30.0175
09/05/2025,31.6400,31.7300,31.5300,31.7200,3575000.0000,30.2272
09/08/2025,31.7500,31.8700,31.7300,31.8700,2896400.0000,30.3701
09/09/2025,31.8800,31.8800,31.6700,31.8000,3461800.0000,30.3034
09/10/2025,31.8500,31.9000,31.8100,31.8700,2708000.0000,30.3701
09/11/2025,31.9300,32.0900,31.9000,32.0500,4069100.0000,30.5416
09/12/2025,32.0500,32.0500,31.9000,31.9800,2854800.0000,30.4749
09/15/2025,32.0200,32.1200,32.0200,32.1000,2882800.0000,30.5893
09/16/2025,32.1000,32.1300,32.0200,32.1100,2619800.0000,30.5988
09/17/2025,32.1200,32.2600,32.0000,32.1000,2710300.0000,30.5893
09/18/2025,32.0900,32.1600,31.9900,32.1000,2724600.0000,30.5893
09/19/2025,32.1000,32.1400,31.9500,32.1300,3082200.0000,30.6179
09/22/2025,32.0700,32.1100,31.9900,32.0800,1960500.0000,30.5702
09/23/2025,32.0700,32.1200,32.0000,32.0400,3655300.0000,30.5321
09/24/2025,32.0600,32.0800,31.8800,31.8800,2562400.0000,30.3796
09/25/2025,31.8800,31.8800,31.6800,31.7100,2662100.0000,30.2176
09/26/2025,31.7300,31.8500,31.7200,31.7900,1569200.0000,30.2939
09/29/2025,31.8400,31.8600,31.7500,31.7900,1896400.0000,30.2939
09/30/2025,31.8300,31.8400,31.5700,31.6200,4053800.0000,30.1319
10/01/2025,31.5200,31.7700,31.5000,31.7400,3710400.0000,30.4107
10/02/2025,31.8100,31.8200,31.6600,31.7300,2214300.0000,30.4011
10/03/2025,31.7700,31.8500,31.7000,31.7600,3074800.0000,30.4298
10/06/2025,31.7500,31.7900,31.6700,31.7900,2591200.0000,30.4586
10/07/2025,31.7800,31.8400,31.6600,31.7500,2598300.0000,30.4203
10/08/2025,31.7300,31.7800,31.6900,31.7000,2001100.0000,30.3724
10/09/2025,31.7200,31.7400,31.4600,31.4600,3516500.0000,30.1424
10/10/2025,31.5100,31.6000,31.1300,31.1300,6273100.0000,29.8262
10/13/2025,31.3000,31.4100,31.2500,31.3500,2497500.0000,30.0370
10/14/2025,31.2700,31.4900,31.2300,31.4000,2978200.0000,30.0849
10/15/2025,31.5300,31.6100,31.4600,31.5200,2706700.0000,30.1999
10/16/2025,31.5200,31.5800,31.2800,31.3300,3672400.0000,30.0179
10/17/2025,31.3300,31.4200,31.2700,31.4100,4440600.0000,30.0945
10/20/2025,31.4900,31.6600,31.4900,31.6600,3089200.0000,30.3340
10/21/2025,31.6800,31.7500,31.6000,31.6300,2736900.0000,30.3053
10/22/2025,31.6300,31.6500,31.4400,31.4600,3126800.0000,30.1424
10/23/2025,31.4600,31.6000,31.4400,31.5100,1866300.0000,30.1903
10/24/2025,31.5900,31.6800,31.5700,31.6400,2256100.0000,30.3149
10/27/2025,31.6900,31.7400,31.6600,31.7300,2336600.0000,30.4011
10/28/2025,31.7700,31.7800,31.6600,31.6600,2602400.0000,30.3340
10/29/2025,31.6800,31.6900,31.4900,31.5200,3215800.0000,30.1999
10/30/2025,31.4500,31.5000,31.2900,31.3100,3187800.0000,29.9987
10/31/2025,31.3900,31.3900,31.1800,31.2100,3094600.0000,29.9029
11/03/2025,31.1000,31.1100,30.9200,31.0200,4023400.0000,29.8846
11/04/2025,30.9000,31.0000,30.8200,30.9000,5875100.0000,29.7690
11/05/2025,30.9200,31.1400,30.8800,31.0200,3278200.0000,29.8846
11/06/2025,31.0900,31.1200,30.9600,30.9600,3876500.0000,29.8268
11/07/2025,30.9500,31.0300,30.8300,31.0100,3898000.0000,29.8749
11/10/2025,31.0700,31.1800,31.0300,31.1800,2362100.0000,30.0387
11/11/2025,31.2000,31.2200,31.1500,31.1800,1889300.0000,30.0387
11/12/2025,31.2000,31.2800,31.1000,31.1300,2619700.0000,29.9905
11/13/2025,31.0900,31.1400,30.8200,30.8400,4029700.0000,29.7112
11/14/2025,30.7500,30.9700,30.7200,30.8900,2940000.0000,29.7593
11/17/2025,30.8800,30.9400,30.5800,30.6400,3952700.0000,29.5185
11/18/2025,30.5800,30.7100,30.5800,30.6200,4402100.0000,29.4992
11/19/2025,30.5800,30.6400,30.4900,30.4900,4806200.0000,29.3740
11/20/2025,30.5900,30.6800,30.3000,30.3100,5051800.0000,29.2006
11/21/2025,30.3300,30.5600,30.2600,30.4700,4122200.0000,29.3547
11/24/2025,30.5300,30.6600,30.5100,30.5900,3263800.0000,29.4703
11/25/2025,30.5900,30.7900,30.5800,30.7700,3000000.0000,29.6437
11/26/2025,30.8000,30.9500,30.7700,30.9200,2984200.0000,29.7882
11/28/2025,30.9700,31.0000,30.8800,30.9500,1543800.0000,29.8171
12/01/2025,30.6700,30.7400,30.6200,30.6500,3466800.0000,29.6970
12/02/2025,30.6900,30.8600,30.6600,30.8300,3812900.0000,29.8714
12/03/2025,30.8000,30.9000,30.7600,30.8800,4083900.0000,29.9198
12/04/2025,30.9000,30.9000,30.7600,30.7900,3465900.0000,29.8326
12/05/2025,30.7600,30.8900,30.7600,30.8700,4227000.0000,29.9102
12/08/2025,30.8500,30.9000,30.7700,30.8700,3293700.0000,29.9102
12/09/2025,30.9100,30.9900,30.8500,30.8700,3595200.0000,29.9102
12/10/2025,30.9000,31.1000,30.8300,31.0700,4299100.0000,30.1039
12/11/2025,30.9600,31.2000,30.9600,31.1500,4401100.0000,30.1814
12/12/2025,31.0800,31.1700,30.9800,31.0200,4305700.0000,30.0555
12/15/2025,31.0800,31.1400,31.0000,31.0400,3722900.0000,30.0749
12/16/2025,31.0500,31.1300,31.0200,31.0800,2657200.0000,30.1136
12/17/2025,31.0800,31.1400,31.0100,31.0400,4066400.0000,30.0749
12/18/2025,31.1300,31.2000,31.1100,31.1500,3845100.0000,30.1814
12/19/2025,31.0600,31.1900,31.0500,31.1400,3486700.0000,30.2358
12/22/2025,31.1500,31.2200,31.1400,31.1500,3244000.0000,30.2455
12/23/2025,31.0500,31.1400,31.0400,31.0500,3328800.0000,30.1484
12/24/2025,31.1000,31.1100,31.0500,31.1000,1669100.0000,30.1970
12/26/2025,31.1000,31.1300,31.0400,31.0600,2253700.0000,30.1581
12/29/2025,31.0200,31.0900,31.0000,31.0000,3519500.0000,30.0999
12/30/2025,31.0300,31.0900,31.0200,31.0600,2941200.0000,30.1581
12/31/2025,31.0500,31.0900,30.9500,30.9600,3012000.0000,30.0610
01/02/2026,31.0100,31.2700,31.0000,31.2700,3938000.0000,30.3620
01/05/2026,31.3000,31.4400,31.2700,31.3300,5611000.0000,30.4203
01/06/2026,31.3100,31.4700,31.3000,31.4500,3497600.0000,30.5368
01/07/2026,31.4600,31.4900,31.3900,31.4100,2983500.0000,30.4980
01/08/2026,31.3500,31.4900,31.3500,31.3800,4102200.0000,30.4689
01/09/2026,31.4000,31.5700,31.3900,31.5700,2694900.0000,30.6533
01/12/2026,31.4900,31.6200,31.4800,31.6200,2884100.0000,30.7019
01/13/2026,31.6500,31.7500,31.6100,31.6500,3860900.0000,30.7310
01/14/2026,31.6100,31.7600,31.5800,31.7400,2931500.0000,30.8184
01/15/2026,31.7700,31.9100,31.7500,31.8200,4429400.0000,30.8961
01/16/2026,31.8200,31.8700,31.7300,31.7800,2827100.0000,30.8572
01/20/2026,31.5800,31.6900,31.5400,31.6100,4918600.0000,30.6922
01/21/2026,31.6600,31.8600,31.6300,31.8500,3864700.0000,30.9252
01/22/2026,31.9100,32.0200,31.8600,31.9400,3045200.0000,31.0126
01/23/2026,31.9500,31.9700,31.8600,31.9100,2256300.0000,30.9835
01/26/2026,31.9200,31.9400,31.8500,31.8800,2320700.0000,30.9543
01/27/2026,31.8800,31.9300,31.8200,31.8400,2972800.0000,30.9155
01/28/2026,31.8800,31.8800,31.7700,31.8100,3456600.0000,30.8864
01/29/2026,31.8100,31.8500,31.6300,31.6900,4628200.0000,30.7699
01/30/2026,31.6600,31.7100,31.5800,31.6900,2839000.0000,30.7699
02/02/2026,31.5300,31.5800,31.4400,31.4600,3794700.0000,30.7181
02/03/2026,31.4900,31.5200,31.2300,31.3400,4123200.0000,30.6009
02/04/2026,31.3800,31.4400,31.2700,31.4400,3538500.0000,30.6986
02/05/2026,31.3900,31.3900,31.1600,31.1600,4852200.0000,30.4252
02/06/2026,31.2500,31.4800,31.2500,31.4700,3111200.0000,30.7279
02/09/2026,31.3800,31.5200,31.3800,31.5100,2233700.0000,30.7669
02/10/2026,31.5900,31.6100,31.5200,31.5200,2393700.0000,30.7767
02/11/2026,31.5500,31.6600,31.5200,31.5800,2446700.0000,30.8353
02/12/2026,31.6200,31.6800,31.4200,31.4800,3748700.0000,30.7376
02/13/2026,31.5300,31.7000,31.4700,31.6900,2603100.0000,30.9427
02/17/2026,31.6400,31.8400,31.6200,31.8300,9469100.0000,31.0794
02/18/2026,31.7900,31.9000,31.7100,31.7800,2703800.0000,31.0306
02/19/2026,31.7800,31.7900,31.6100,31.7100,2403700.0000,30.9622
02/20/2026,31.6400,31.7500,31.6400,31.7000,2038400.0000,30.9524
02/23/2026,31.6400,31.6800,31.4700,31.5000,3302800.0000,30.7572
02/24/2026,31.5300,31.6900,31.4600,31.6900,2182500.0000,30.9427
02/25/2026,31.6600,31.7100,31.6100,31.7100,1829500.0000,30.9622
02/26/2026,31.6700,31.6900,31.5000,31.6300,2964100.0000,30.8841
02/27/2026,31.5300,31.5600,31.3400,31.4100,4566200.0000,30.6693
03/02/2026,31.2500,31.5000,31.2300,31.4600,3739600.0000,30.7484
03/03/2026,31.3100,31.3400,31.0300,31.2800,4094900.0000,30.5725
03/04/2026,31.3100,31.4400,31.2800,31.4200,1841200.0000,30.7094
03/05/2026,31.3800,31.4200,31.2300,31.2900,3873900.0000,30.5823
03/06/2026,31.0700,31.2300,31.0300,31.1200,4309300.0000,30.4161
03/09/2026,31.0000,31.1900,30.8800,31.1700,5036800.0000,30.4650
03/10/2026,31.1500,31.2700,31.1300,31.1500,4453800.0000,30.4455
03/11/2026,31.1600,31.2300,31.0100,31.0400,5157100.0000,30.3379
03/12/2026,30.9600,31.0800,30.8200,30.8500,6717500.0000,30.1522
03/13/2026,30.8900,30.9900,30.6700,30.6700,7101300.0000,29.9763
03/16/2026,30.7200,30.9100,30.7100,30.7500,10494100.0000,30.0545
03/17/2026,30.7800,30.9300,30.7800,30.9000,2447400.0000,30.2011
03/18/2026,30.8200,30.8600,30.6600,30.6700,2504700.0000,29.9763
03/19/2026,30.5600,30.7400,30.5100,30.7100,6132900.0000,30.0154
03/20/2026,30.6300,30.6500,30.1400,30.2700,6402900.0000,29.5854
03/23/2026,30.3500,30.6100,30.3500,30.4500,4944300.0000,29.7613
03/24/2026,30.3700,30.5500,30.3300,30.4400,3622200.0000,29.7515
03/25/2026,30.5400,30.6600,30.5400,30.6100,2685300.0000,29.9177
03/26/2026,30.4600,30.5900,30.3600,30.3800,4038100.0000,29.6929
03/27/2026,30.2800,30.3600,30.1400,30.1600,3169500.0000,29.4779
03/30/2026,30.2200,30.3400,30.1000,30.1200,3397700.0000,29.4388
03/31/2026,30.1700,30.4600,30.1700,30.3200,5005600.0000,29.6342
04/01/2026,30.3300,30.4300,30.2500,30.3800,2694700.0000,29.8326
04/02/2026,30.2500,30.4600,30.1800,30.4300,2945800.0000,29.8817
04/06/2026,30.4200,30.5400,30.3600,30.5000,3554300.0000,29.9504
04/07/2026,30.5000,30.5000,30.2600,30.4700,3592200.0000,29.9210
04/08/2026,30.7000,30.8200,30.6600,30.7400,3231200.0000,30.1861
04/09/2026,30.6700,30.8400,30.6600,30.8400,2751800.0000,30.2843
04/10/2026,30.8300,30.8500,30.7500,30.7900,1740900.0000,30.2352
04/13/2026,30.7100,31.0000,30.7100,30.9900,2611300.0000,30.4316
04/14/2026,30.9600,31.2700,30.9600,31.2500,6409000.0000,30.6869
04/15/2026,31.2400,31.3700,31.2400,31.3600,2479700.0000,30.7949
04/16/2026,31.3200,31.4000,31.2400,31.3300,2202900.0000,30.7655
04/17/2026,31.4300,31.5500,31.4200,31.4600,2050200.0000,30.8931
04/20/2026,31.4300,31.4500,31.3300,31.4400,2243500.0000,30.8735
04/21/2026,31.4100,31.4600,31.2400,31.2400,2230500.0000,30.6771
04/22/2026,31.3500,31.5400,31.3200,31.5100,2995700.0000,30.9422
04/23/2026,31.4800,31.6000,31.3300,31.4900,2876700.0000,30.9226
04/24/2026,31.5400,31.5500,31.4300,31.5200,2042700.0000,30.9521
04/27/2026,31.4300,31.5300,31.4200,31.4900,1291100.0000,30.9226
04/28/2026,31.4100,31.4400,31.2700,31.2900,2327600.0000,30.7262
04/29/2026,31.2300,31.3000,31.1500,31.1700,2495900.0000,30.6084
04/30/2026,31.2100,31.4800,31.2000,31.4500,2522100.0000,30.8833
05/01/2026,31.3700,31.4800,31.3400,31.4100,2387600.0000,30.9820
05/04/2026,31.3700,31.4400,31.2300,31.2600,3650100.0000,30.8340
05/05/2026,31.3100,31.4700,31.3100,31.4500,2057500.0000,31.0214
05/06/2026,31.5300,31.6100,31.5300,31.6100,2728700.0000,31.1792
05/07/2026,31.5400,31.6700,31.5200,31.5200,2998200.0000,31.0905
05/08/2026,31.5500,31.7300,31.5500,31.7200,2586500.0000,31.2877
05/11/2026,31.6600,31.7900,31.6600,31.6800,2307300.0000,31.2483
05/12/2026,31.5500,31.6700,31.4600,31.5700,2212700.0000,31.1398
05/13/2026,31.5000,31.6200,31.5000,31.5800,1961900.0000,31.1496
05/14/2026,31.6000,31.6600,31.5300,31.6000,1932600.0000,31.1694
05/15/2026,31.3600,31.4400,31.2300,31.2300,3214900.0000,30.8044
05/18/2026,31.2500,31.2700,31.0800,31.1600,2609700.0000,30.7354
05/19/2026,31.0900,31.0900,30.9300,30.9700,3081600.0000,30.5479
05/20/2026,31.0000,31.2100,30.9600,31.1100,3399700.0000,30.6860
05/21/2026,31.1100,31.1800,30.9800,31.1300,4075300.0000,30.7058
05/22/2026,31.1500,31.2400,31.1000,31.2400,2699000.0000,30.8143
05/26/2026,31.3000,31.3700,31.2800,31.3400,1920200.0000,30.9129
05/27/2026,31.3400,31.3900,31.2800,31.3900,1535500.0000,30.9622
05/28/2026,31.3700,31.5100,31.3300,31.5000,2015000.0000,31.0707
05/29/2026,31.4800,31.6500,31.4700,31.5600,1669700.0000,31.1299
06/01/2026,31.3700,31.4700,31.2900,31.4000,2125800.0000,31.1081
06/02/2026,31.4400,31.5400,31.3500,31.4400,3750800.0000,31.1477
06/03/2026,31.3800,31.4000,31.1800,31.2300,2921700.0000,30.9397
06/04/2026,31.2600,31.3600,31.2400,31.2500,3561000.0000,30.9595
06/05/2026,31.1500,31.2300,30.8300,30.9100,4931500.0000,30.6227
06/08/2026,31.0200,31.1100,30.9200,30.9700,2778800.0000,30.6821
06/09/2026,30.9800,31.1100,30.7000,30.8900,3769100.0000,30.6028
06/10/2026,30.7600,30.9600,30.7300,30.7700,4376300.0000,30.4840
06/11/2026,30.8000,31.0300,30.7600,31.0200,3872700.0000,30.7316
06/12/2026,30.9200,31.1000,30.9000,31.0700,2125700.0000,30.7812
06/15/2026,31.1500,31.3200,31.1500,31.3000,2512100.0000,31.0090
06/16/2026,31.2200,31.3100,31.1500,31.1900,3294400.0000,30.9001
06/17/2026,31.2000,31.3100,31.0800,31.0900,4750400.0000,30.8010
06/18/2026,31.2200,31.2500,31.1000,31.2300,2554400.0000,30.9397
06/22/2026,31.1100,31.1900,30.8400,30.8400,6342600.0000,30.5533
06/23/2026,30.6700,30.8900,30.6200,30.7800,3733800.0000,30.4939
06/24/2026,30.8700,30.9300,30.5800,30.6800,4194600.0000,30.3948
06/25/2026,30.7000,30.7500,30.4200,30.4400,4772900.0000,30.1570
06/26/2026,30.3500,30.4800,30.2300,30.3600,2855400.0000,30.0778
06/29/2026,30.4000,30.6300,30.3800,30.6100,3748000.0000,30.3255
06/30/2026,30.5500,30.6700,30.4900,30.4900,4032300.0000,30.2066
07/01/2026,30.4500,30.5800,30.3000,30.4700,3402000.0000,30.3280
07/02/2026,30.4800,30.6500,30.3900,30.4800,3128000.0000,30.3380
07/06/2026,30.5100,30.7400,30.5100,30.7400,2263900.0000,30.5967
07/07/2026,30.7400,30.7600,30.5000,30.5100,2582200.0000,30.3678
07/08/2026,30.4400,30.5000,30.2800,30.4500,3305900.0000,30.3081
07/09/2026,30.4600,30.5700,30.4400,30.5600,2313300.0000,30.4176
07/10/2026,30.5900,30.6200,30.4700,30.5400,1966500.0000,30.3977
07/13/2026,30.4500,30.5200,30.3300,30.3500,2503100.0000,30.2086
07/14/2026,30.4200,30.5700,30.4200,30.5100,3065300.0000,30.3678
07/15/2026,30.5300,30.6700,30.5200,30.6200,2174500.0000,30.4773
07/16/2026,30.5900,30.5900,30.3400,30.3700,2683200.0000,30.2285
07/17/2026,30.2500,30.4200,30.2100,30.3500,2178100.0000,30.2086
07/20/2026,30.4000,30.4200,30.2900,30.3200,2847600.0000,30.1787
07/21/2026,30.3600,30.3900,30.3000,30.3200,1761300.0000,30.1787
07/22/2026,30.3000,30.4900,30.2700,30.4500,2745800.0000,30.3081
07/23/2026,30.3000,30.3400,30.1200,30.1400,3410500.0000,29.9995
07/24/2026,30.1600,30.3100,30.1400,30.1600,3013400.0000,30.0194
07/27/2026,30.2600,30.3500,30.2100,30.2800,1997000.0000,30.1389
07/28/2026,30.3100,30.4100,30.2400,30.3600,3137900.0000,30.2185
07/29/2026,30.3600,30.3600,30.1000,30.1000,3438500.0000,29.9597
07/30/2026,30.1800,30.4400,30.1600,30.4400,2946600.0000,30.2981
07/31/2026,30.4300,30.5100,30.2900,30.4700,2912900.0000,30.3280
08/03/2026,30.3500,30.6300,30.3200,30.6200,3111300.0000,30.6200
08/04/2026,30.6200,30.7700,30.5300,30.7300,3398400.0000,30.7300