Date,Open,High,Low,Close,Volume,Adj Close
08/20/2009,49.3000,49.3300,49.1400,49.1500,,41.5762
08/21/2009,49.2800,50.1700,49.2800,50.1700,,42.4391
08/24/2009,50.4700,50.4700,49.3100,49.4300,,41.8131
08/25/2009,49.3500,51.1200,48.9800,48.9800,,41.4324
08/26/2009,48.9600,49.0400,48.6600,48.8200,16400.0000,41.2971
08/27/2009,48.9900,49.0400,48.7600,49.0200,12400.0000,41.4663
08/28/2009,49.3500,49.3800,48.7600,48.7600,29800.0000,41.2463
08/31/2009,48.8500,49.0400,48.5600,48.5900,13900.0000,41.1025
09/01/2009,48.9900,49.2000,48.5400,48.7300,17200.0000,41.2209
09/02/2009,48.8000,48.9300,48.0000,48.0500,270000.0000,40.6457
09/03/2009,48.4200,48.4400,48.2500,48.4000,64400.0000,40.9418
09/04/2009,48.5500,49.2100,48.4800,49.2000,97200.0000,41.6185
09/08/2009,49.5600,49.5600,49.0900,49.4900,142200.0000,41.8638
09/09/2009,49.8000,49.9700,49.5600,49.5600,20200.0000,41.9231
09/10/2009,49.2300,49.2400,48.2800,48.5700,45200.0000,41.0856
09/11/2009,48.2600,48.3500,47.8500,48.3300,44700.0000,40.8826
09/14/2009,48.6600,48.8200,48.3600,48.8000,19500.0000,41.2802
09/15/2009,49.0600,49.1200,48.7600,49.0700,32300.0000,41.5086
09/16/2009,48.9600,49.2700,48.7000,48.9300,39800.0000,41.3901
09/17/2009,48.7700,48.8500,48.2600,48.2800,23600.0000,40.8403
09/18/2009,48.5500,48.9600,48.3700,48.7500,49600.0000,41.2379
09/21/2009,48.5600,48.9700,48.4100,48.7000,37200.0000,41.1956
09/22/2009,48.8500,48.8600,48.4000,48.5000,10900.0000,41.0264
09/23/2009,48.6500,48.9300,48.3400,48.4400,64600.0000,40.9756
09/24/2009,48.3500,48.4400,48.1000,48.2000,34600.0000,40.7726
09/25/2009,47.9300,48.1200,47.5800,47.6300,37700.0000,40.2905
09/28/2009,47.4700,47.5200,47.1500,47.1700,65300.0000,39.9013
09/29/2009,47.4800,47.4800,47.0400,47.1800,68200.0000,39.9098
09/30/2009,47.3100,47.3500,47.0800,47.2600,34900.0000,39.9775
10/01/2009,46.9700,47.0400,46.5000,46.6900,47900.0000,39.4953
10/02/2009,46.3600,47.0300,46.3600,46.9700,118200.0000,39.7322
10/05/2009,46.7800,47.0500,46.6200,46.9400,272500.0000,39.7068
10/06/2009,47.0100,47.4000,47.0000,47.3700,140800.0000,40.0705
10/07/2009,47.0600,47.0700,46.7500,46.8300,41500.0000,39.6137
10/08/2009,46.5700,47.5200,46.5600,47.4200,590000.0000,40.1128
10/09/2009,47.6600,48.6500,47.5400,48.4300,203400.0000,40.9672
10/12/2009,48.5300,48.5400,48.2300,48.3100,66600.0000,40.8657
10/13/2009,48.0800,48.1800,47.9000,48.1200,62300.0000,40.7049
10/14/2009,48.5800,48.8200,48.3200,48.8000,104900.0000,41.2802
10/15/2009,49.0300,49.8000,48.6000,49.0000,199500.0000,41.4494
10/16/2009,48.7300,48.8800,48.5000,48.5100,92100.0000,41.0349
10/19/2009,48.4700,48.5900,48.1600,48.2000,50100.0000,40.7726
10/20/2009,47.7700,47.9700,47.6500,47.9300,69400.0000,40.5442
10/21/2009,48.0900,48.4600,48.0900,48.0900,88000.0000,40.6796
10/22/2009,48.5000,48.5300,48.3300,48.4000,56300.0000,40.9418
10/23/2009,48.8100,48.8200,48.5300,48.7700,55500.0000,41.2548
10/26/2009,49.0300,49.4600,48.9500,49.4100,65300.0000,41.7962
10/27/2009,49.2800,49.2800,48.6500,48.7200,350400.0000,41.2125
10/28/2009,48.6600,48.6600,48.2900,48.4600,299800.0000,40.9926
10/29/2009,48.7900,49.2100,48.6600,49.0000,158400.0000,41.4494
10/30/2009,48.6200,48.6900,48.1700,48.2700,163100.0000,40.8318
11/02/2009,48.2800,48.6000,48.2100,48.4200,101600.0000,40.9587
11/03/2009,48.3500,49.0200,48.3300,48.9900,650500.0000,41.4409
11/04/2009,49.2400,49.5900,48.9700,49.3400,162200.0000,41.7369
11/05/2009,49.5700,49.6000,49.3400,49.3800,203400.0000,41.7708
11/06/2009,49.2700,49.7700,49.2300,49.3200,213500.0000,41.7200
11/09/2009,49.3300,49.3700,49.0500,49.2600,324000.0000,41.6693
11/10/2009,48.8900,49.4900,48.8500,49.3500,83500.0000,41.7454
11/11/2009,49.0600,49.2100,48.8600,49.0900,39100.0000,41.5255
11/12/2009,49.2600,49.7900,49.1200,49.2100,99100.0000,41.6270
11/13/2009,49.0500,49.1900,48.8900,48.9800,61700.0000,41.4324
11/16/2009,48.6000,48.6300,48.1800,48.3100,75400.0000,40.8657
11/17/2009,48.3500,48.4500,47.9800,48.1100,52600.0000,40.6965
11/18/2009,48.1600,48.4800,48.1300,48.4000,32800.0000,40.9418
11/19/2009,48.1800,48.4200,47.9300,48.2900,173300.0000,40.8488
11/20/2009,48.3500,48.5200,48.1900,48.3000,36600.0000,40.8572
11/23/2009,48.5100,48.6500,48.2900,48.3500,35500.0000,40.8995
11/24/2009,48.2400,48.3000,48.0000,48.0500,58500.0000,40.6457
11/25/2009,48.0900,48.3200,47.7300,47.8100,132400.0000,40.4427
11/27/2009,47.6600,47.7700,47.5600,47.5800,45000.0000,40.2482
11/30/2009,47.7600,47.7900,47.5100,47.5200,80100.0000,40.1974
12/01/2009,47.7900,48.0600,47.7500,48.0600,31400.0000,40.6542
12/02/2009,47.9800,48.1500,47.6700,47.9600,78300.0000,40.5696
12/03/2009,48.4100,48.5000,48.2100,48.4700,89700.0000,41.0010
12/04/2009,49.0500,49.2000,48.8400,49.0700,189500.0000,41.5086
12/07/2009,49.9700,49.9700,48.8400,49.0500,1141500.0000,41.4916
12/08/2009,48.6400,48.9600,48.4600,48.9100,299900.0000,41.3732
12/09/2009,48.8200,49.3200,48.6200,49.0200,131800.0000,41.4663
12/10/2009,49.3400,49.6600,49.2600,49.6200,148700.0000,41.9738
12/11/2009,49.7900,50.0200,49.5600,49.6900,171100.0000,42.0330
12/14/2009,49.5400,49.6200,49.4300,49.5800,144500.0000,41.9400
12/15/2009,49.9200,49.9500,49.7000,49.8300,131400.0000,42.1515
12/16/2009,49.7400,49.9800,49.5600,49.8200,85200.0000,42.1430
12/17/2009,49.4000,49.5000,48.9600,48.9600,258000.0000,41.4155
12/18/2009,48.9900,49.2800,48.8000,49.2500,144600.0000,41.6608
12/21/2009,49.6300,50.0700,49.5200,50.0700,139200.0000,42.3545
12/22/2009,50.2900,50.4600,50.2200,50.3400,274700.0000,42.5829
12/23/2009,50.1900,50.4200,49.9200,50.3700,99100.0000,42.6082
12/24/2009,50.5400,50.9200,50.5000,50.8900,68500.0000,43.0481
12/28/2009,51.0200,51.0700,50.8800,50.9900,157000.0000,43.1327
12/29/2009,50.9200,50.9400,50.5500,50.6300,138900.0000,42.8282
12/30/2009,50.5300,50.5600,50.2200,50.2800,134300.0000,42.5321
12/31/2009,50.6000,50.9600,50.4000,50.5100,182900.0000,42.7267
01/04/2010,50.5600,50.7000,50.4200,50.5600,207200.0000,42.7690
01/05/2010,50.4500,50.4500,50.1000,50.1800,133200.0000,42.4475
01/06/2010,50.2800,50.9300,50.2800,50.8900,186500.0000,43.0481
01/07/2010,50.9200,50.9300,50.6300,50.8500,114400.0000,43.0143
01/08/2010,50.7200,51.1100,50.7200,50.8200,160700.0000,42.9889
01/11/2010,51.0200,51.1500,50.8000,51.0600,155800.0000,43.1919
01/12/2010,50.3200,50.4900,50.1700,50.2000,318300.0000,42.4644
01/13/2010,50.4600,50.8100,50.2200,50.7500,80800.0000,42.9297
01/14/2010,50.5700,50.6400,50.0800,50.1000,303100.0000,42.3798
01/15/2010,49.8100,49.8300,49.6300,49.8300,143300.0000,42.1515
01/19/2010,49.9900,50.0800,49.7500,49.9100,118600.0000,42.2191
01/20/2010,49.6300,49.6300,49.3500,49.4300,104100.0000,41.8131
01/21/2010,49.5200,49.5200,49.0300,49.1300,168300.0000,41.5593
01/22/2010,49.2300,49.3300,49.0700,49.2100,283400.0000,41.6270
01/25/2010,49.4800,49.4900,49.2500,49.4100,217000.0000,41.7962
01/26/2010,49.1800,49.5200,49.1200,49.4000,73800.0000,41.7877
01/27/2010,49.3400,49.4500,49.1400,49.4000,119500.0000,41.7877
01/28/2010,49.7200,49.7200,49.3400,49.4200,251700.0000,41.8046
01/29/2010,49.4600,49.5300,48.9500,49.0200,598500.0000,41.4663
02/01/2010,49.1100,49.4900,49.1100,49.4400,155800.0000,41.8215
02/02/2010,49.4500,49.5000,49.3000,49.3600,135800.0000,41.7539
02/03/2010,49.6500,49.9300,49.5800,49.8800,94700.0000,42.1937
02/04/2010,49.5500,49.5500,49.0200,49.0700,94900.0000,41.5086
02/05/2010,49.2600,49.3200,48.7200,48.9900,90200.0000,41.4409
02/08/2010,49.0300,49.1100,48.8900,48.9000,231300.0000,41.3648
02/09/2010,49.0700,49.3800,48.8700,49.3600,69000.0000,41.7539
02/10/2010,49.2500,49.9000,49.1800,49.8300,106600.0000,42.1515
02/11/2010,49.9300,50.3700,49.8800,50.1400,131000.0000,42.4137
02/12/2010,49.8700,50.0400,49.8000,49.9400,63500.0000,42.2445
02/16/2010,50.1600,50.1600,49.7700,49.8000,124000.0000,42.1261
02/17/2010,50.0900,50.4900,49.9700,50.3400,127700.0000,42.5829
02/18/2010,50.3100,50.7700,50.2500,50.5800,205700.0000,42.7859
02/19/2010,50.4300,50.5900,50.2500,50.3400,124100.0000,42.5829
02/22/2010,50.4900,50.5600,50.3800,50.4500,126400.0000,42.6759
02/23/2010,50.3600,50.3600,49.6600,49.7100,207600.0000,42.0499
02/24/2010,49.6700,49.8500,49.4800,49.5900,143800.0000,41.9484
02/25/2010,49.3300,49.4300,49.2500,49.3100,204200.0000,41.7116
02/26/2010,49.1500,49.2600,48.8300,49.0400,644900.0000,41.4832
03/01/2010,49.0100,49.2300,48.9200,49.0200,85500.0000,41.4663
03/02/2010,49.2700,49.3700,49.0800,49.1000,118700.0000,41.5339
03/03/2010,49.1900,49.3700,49.1800,49.2100,85500.0000,41.6270
03/04/2010,49.2600,49.3100,48.8900,49.0100,52400.0000,41.4578
03/05/2010,49.2800,49.6800,49.2700,49.6600,98200.0000,42.0076
03/08/2010,49.8300,49.8900,49.7600,49.8800,103700.0000,42.1937
03/09/2010,49.7800,50.0300,49.7300,49.8200,102600.0000,42.1430
03/10/2010,50.0200,50.1500,49.8800,49.9300,94800.0000,42.2360
03/11/2010,50.0300,50.0500,49.6700,49.7800,73100.0000,42.1091
03/12/2010,49.8600,49.8600,49.3700,49.4600,236800.0000,41.8385
03/15/2010,49.5000,49.6700,49.4400,49.4700,119500.0000,41.8469
03/16/2010,49.3900,49.3900,49.1000,49.1200,190000.0000,41.5509
03/17/2010,48.9300,49.1000,48.8600,48.8600,390300.0000,41.3309
03/18/2010,48.8600,49.1100,48.8600,49.0200,66500.0000,41.4663
03/19/2010,48.9700,49.2000,48.8300,48.9700,114200.0000,41.4240
03/22/2010,48.9200,48.9900,48.8600,48.9300,64800.0000,41.3901
03/23/2010,49.1100,49.1500,48.9600,49.1100,230500.0000,41.5424
03/24/2010,49.7100,50.1500,49.5300,50.0100,686500.0000,42.3037
03/25/2010,50.1900,50.5200,50.0800,50.3700,284700.0000,42.6082
03/26/2010,50.4900,50.4900,50.1300,50.2100,202500.0000,42.4729
03/29/2010,50.3400,50.5800,50.3000,50.4300,311200.0000,42.6590
03/30/2010,50.4500,50.5900,50.2200,50.2600,316800.0000,42.5152
03/31/2010,50.0800,50.2000,49.8900,49.9100,300300.0000,42.2191
04/01/2010,50.1300,50.2800,49.9500,50.0200,167300.0000,42.3122
04/05/2010,50.6000,50.9100,50.4900,50.8500,622500.0000,43.0143
04/06/2010,50.6700,50.9200,50.6500,50.7900,899500.0000,42.9635
04/07/2010,50.8700,50.9300,49.9900,50.1100,498800.0000,42.3883
04/08/2010,50.0300,50.2000,49.8800,50.0800,278800.0000,42.3629
04/09/2010,50.1300,50.2800,49.9300,49.9600,170300.0000,42.2614
04/12/2010,49.8400,49.8800,49.6200,49.6700,188000.0000,42.0161
04/13/2010,49.4600,49.6300,49.3800,49.5100,187300.0000,41.8808
04/14/2010,49.4700,49.8800,49.4500,49.8800,213400.0000,42.1937
04/15/2010,50.0300,50.0800,49.6600,49.7900,197700.0000,42.1176
04/16/2010,49.6800,49.7800,49.3800,49.4300,238800.0000,41.8131
04/19/2010,49.3900,49.6100,49.3300,49.5800,89300.0000,41.9400
04/20/2010,49.4400,49.5400,49.3600,49.3900,313000.0000,41.7793
04/21/2010,49.2000,49.2000,48.7500,48.9000,841200.0000,41.3648
04/22/2010,48.8100,49.1200,48.7200,49.0800,179800.0000,41.5170
04/23/2010,49.2100,49.3200,49.1300,49.2800,122000.0000,41.6862
04/26/2010,49.0000,49.3300,48.9600,49.2200,168100.0000,41.6355
04/27/2010,48.8700,48.9000,48.2800,48.4700,252400.0000,41.0010
04/28/2010,48.6500,48.9700,48.5500,48.8900,162000.0000,41.3563
04/29/2010,48.7700,48.9700,48.6200,48.7200,114600.0000,41.2125
04/30/2010,48.5500,48.6400,48.1000,48.1300,181700.0000,40.7134
05/03/2010,48.3100,48.3600,48.1300,48.1600,159600.0000,40.7388
05/04/2010,47.5900,47.6800,47.2400,47.2900,367500.0000,40.0028
05/05/2010,46.9400,47.2900,46.5100,47.0400,663000.0000,39.7914
05/06/2010,46.9200,47.0700,28.9400,45.6000,740200.0000,38.5733
05/07/2010,45.9700,46.2200,44.9200,46.0600,891800.0000,38.9624
05/10/2010,47.2500,47.2800,46.8800,47.0400,456700.0000,39.7914
05/11/2010,46.9000,47.3400,46.8500,47.1300,170400.0000,39.8675
05/12/2010,47.3000,47.5100,47.2200,47.5100,64700.0000,40.1890
05/13/2010,47.2300,47.6900,47.0500,47.2100,269500.0000,39.9352
05/14/2010,46.8000,46.8000,46.0700,46.3700,402700.0000,39.2246
05/17/2010,46.4300,46.5600,45.9500,46.5300,376400.0000,39.3600
05/18/2010,46.3600,46.4000,45.7100,45.8300,120400.0000,38.7678
05/19/2010,45.8000,45.8300,45.3900,45.6700,173500.0000,38.6325
05/20/2010,44.8900,45.0300,44.5900,44.7100,453100.0000,37.8204
05/21/2010,44.0900,44.9000,44.0300,44.6800,306100.0000,37.7950
05/24/2010,44.5200,44.8800,44.4400,44.8200,254100.0000,37.9135
05/25/2010,44.1100,44.6300,43.9500,44.5500,350800.0000,37.6851
05/26/2010,44.7400,45.1000,44.6600,44.6700,170800.0000,37.7866
05/27/2010,45.3900,45.7600,45.2800,45.6800,187300.0000,38.6409
05/28/2010,45.5000,45.7100,45.3400,45.5200,64900.0000,38.5056
06/01/2010,44.9400,45.4200,44.9300,45.1500,76100.0000,38.1926
06/02/2010,45.0900,45.6000,45.0400,45.5900,83500.0000,38.5648
06/03/2010,45.9000,45.9600,45.5900,45.9000,290300.0000,38.8270
06/04/2010,45.1000,45.2100,44.6200,44.6800,184100.0000,37.7950
06/07/2010,44.8400,44.8600,44.3100,44.3100,86100.0000,37.4820
06/08/2010,44.6400,44.6800,44.2900,44.5500,660700.0000,37.6851
06/09/2010,44.7200,44.9400,44.5400,44.6100,223500.0000,37.7358
06/10/2010,44.9600,45.4100,44.8900,45.3600,216500.0000,38.3703
06/11/2010,44.9400,45.1800,44.6400,44.8100,136000.0000,37.9050
06/14/2010,45.3000,45.3200,44.9700,45.0100,71600.0000,38.0742
06/15/2010,44.9600,45.3900,44.8800,45.2200,116900.0000,38.2518
06/16/2010,44.8600,45.2600,44.8600,44.9700,82100.0000,38.0404
06/17/2010,44.8800,44.8800,44.4100,44.5800,139000.0000,37.7105
06/18/2010,44.5700,44.6900,44.4700,44.6100,63900.0000,37.7358
06/21/2010,45.1900,45.2100,44.6800,44.7600,311100.0000,37.8627
06/22/2010,44.6500,44.7000,44.2100,44.2300,185200.0000,37.4144
06/23/2010,44.1800,44.2200,43.7500,43.9400,227500.0000,37.1691
06/24/2010,43.8400,44.3000,43.7500,44.1700,128200.0000,37.3636
06/25/2010,44.3500,44.3700,43.8800,43.9900,139900.0000,37.2114
06/28/2010,43.7700,43.8100,43.5600,43.5700,163100.0000,36.8561
06/29/2010,43.4100,43.4500,43.0400,43.0700,589400.0000,36.4331
06/30/2010,42.9600,43.1900,42.7900,42.8100,271300.0000,36.2132
07/01/2010,42.7500,42.8100,42.2600,42.7300,406900.0000,36.1455
07/02/2010,42.9600,43.1200,42.8100,43.0700,110700.0000,36.4331
07/06/2010,43.0200,43.0700,42.6300,42.7100,104000.0000,36.1286
07/07/2010,42.7700,43.2200,42.7500,43.2100,135200.0000,36.5516
07/08/2010,43.4800,43.5700,43.3100,43.4900,114700.0000,36.7884
07/09/2010,43.6600,43.7400,43.5800,43.7300,99400.0000,36.9914
07/12/2010,43.6900,43.7500,43.4400,43.7300,46400.0000,36.9914
07/13/2010,43.8400,44.1500,43.8400,44.1000,276100.0000,37.3044
07/14/2010,43.9100,44.0300,43.5600,43.6200,146900.0000,36.8984
07/15/2010,43.4600,43.4700,43.0900,43.1900,160300.0000,36.5346
07/16/2010,43.1800,43.2000,42.8800,42.9800,83400.0000,36.3570
07/19/2010,43.0500,43.3000,43.0100,43.2300,38600.0000,36.5685
07/20/2010,43.0100,43.2300,42.9500,43.1800,120200.0000,36.5262
07/21/2010,43.0900,43.1400,42.3800,42.4600,77100.0000,35.9171
07/22/2010,42.6900,42.9500,42.6800,42.9300,70300.0000,36.3147
07/23/2010,42.9300,43.4400,42.8600,43.3700,64100.0000,36.6869
07/26/2010,43.4300,43.7200,43.3800,43.4700,154300.0000,36.7715
07/27/2010,43.7900,43.9000,43.6400,43.8900,81400.0000,37.1268
07/28/2010,43.9600,44.0200,43.7000,43.7200,126500.0000,36.9830
07/29/2010,44.1200,44.1800,43.7000,43.7300,100000.0000,36.9914
07/30/2010,43.2000,43.2900,43.0000,43.0500,100700.0000,36.4162
08/02/2010,43.4200,43.6300,43.3900,43.5900,102100.0000,36.8730
08/03/2010,43.4100,43.5100,43.2200,43.3900,70200.0000,36.7038
08/04/2010,43.2700,43.7000,43.2600,43.7000,139800.0000,36.9661
08/05/2010,43.3300,43.5600,43.3200,43.5100,90100.0000,36.8053
08/06/2010,43.1700,43.2600,42.9500,43.0000,170600.0000,36.3739
08/09/2010,43.1100,43.2000,43.0600,43.1400,62300.0000,36.4923
08/10/2010,42.9800,43.2100,42.6100,43.0700,148400.0000,36.4331
08/11/2010,42.8700,42.8700,42.4400,42.4700,1105300.0000,35.9256
08/12/2010,42.3300,42.6400,42.1900,42.5700,178200.0000,36.0102
08/13/2010,42.3200,42.3800,41.9600,42.0500,216300.0000,35.5703
08/16/2010,41.2400,41.3000,40.9800,41.0000,283700.0000,34.6821
08/17/2010,41.0000,41.3200,40.9900,41.2300,344200.0000,34.8767
08/18/2010,40.9300,41.1300,40.6700,41.0900,411200.0000,34.7582
08/19/2010,41.0100,41.0700,40.3200,40.4700,227400.0000,34.2338
08/20/2010,40.3800,40.6000,40.2200,40.5400,226900.0000,34.2930
08/23/2010,40.6900,40.8000,40.4700,40.4800,113000.0000,34.2422
08/24/2010,40.1400,40.2600,39.7100,39.8600,360500.0000,33.7178
08/25/2010,39.4900,40.0800,39.2600,39.9600,566000.0000,33.8024
08/26/2010,39.9200,40.0000,39.5600,39.5700,171900.0000,33.4725
08/27/2010,39.8300,40.7500,39.6000,40.7300,595700.0000,34.4537
08/30/2010,40.3800,40.5200,39.9600,39.9600,410200.0000,33.8024
08/31/2010,39.6100,39.8300,39.4700,39.4700,153300.0000,33.3879
09/01/2010,39.9600,40.6000,39.9300,40.2900,286800.0000,34.0815
09/02/2010,40.6000,40.8800,40.5800,40.7100,294900.0000,34.4368
09/03/2010,41.5700,41.5800,41.0900,41.1900,568900.0000,34.8428
09/07/2010,40.6300,40.7100,40.3400,40.3700,223800.0000,34.1492
09/08/2010,40.6300,40.8700,40.5800,40.7000,106100.0000,34.4283
09/09/2010,41.1200,41.5400,41.0800,41.4600,205800.0000,35.0712
09/10/2010,41.7200,41.8500,41.5000,41.6700,331900.0000,35.2489
09/13/2010,41.8800,41.9100,41.3500,41.4800,227000.0000,35.0881
09/14/2010,41.3800,41.3900,41.0600,41.0700,121200.0000,34.7413
09/15/2010,41.4500,41.6800,41.2800,41.6200,113100.0000,35.2066
09/16/2010,41.9600,42.1900,41.8400,42.0000,156000.0000,35.5280
09/17/2010,41.8200,42.0200,41.6900,41.8800,114600.0000,35.4265
09/20/2010,41.7000,41.8700,41.5900,41.6600,217600.0000,35.2404
09/21/2010,41.5000,41.6000,40.9300,41.0500,291600.0000,34.7244
09/22/2010,40.7300,40.9400,40.5100,40.6800,138600.0000,34.4114
09/23/2010,40.3700,40.7900,40.3500,40.5500,86000.0000,34.3014
09/24/2010,40.9100,41.1100,40.8800,41.1100,192700.0000,34.7752
09/27/2010,40.7300,40.7400,40.3600,40.4200,150100.0000,34.1915
09/28/2010,40.3900,40.3900,40.0300,40.1600,213500.0000,33.9715
09/29/2010,40.0900,40.3900,40.0400,40.2700,177300.0000,34.0646
09/30/2010,40.3600,40.8400,40.2200,40.2500,804400.0000,34.0477
10/01/2010,40.6300,40.6600,40.2900,40.4700,285800.0000,34.2338
10/04/2010,40.4900,40.5400,40.3400,40.3600,138700.0000,34.1407
10/05/2010,40.4400,40.7000,40.3800,40.5900,117100.0000,34.3353
10/06/2010,40.3500,40.3700,39.8800,40.1000,229200.0000,33.9208
10/07/2010,40.2400,40.4000,40.1400,40.4000,135800.0000,34.1746
10/08/2010,40.3500,40.5800,40.1200,40.5600,182200.0000,34.3099
10/11/2010,40.6000,40.6700,40.5200,40.5300,108500.0000,34.2845
10/12/2010,40.5200,40.9500,40.3600,40.9500,102000.0000,34.6398
10/13/2010,41.3300,41.4400,41.0000,41.0000,668900.0000,34.6821
10/14/2010,40.9500,41.6700,40.8100,41.6400,367400.0000,35.2235
10/15/2010,41.9700,42.3100,41.8300,42.1600,581100.0000,35.6634
10/18/2010,41.8000,41.9400,41.6600,41.7900,407300.0000,35.3504
10/19/2010,42.0400,42.0400,41.4200,41.5400,286300.0000,35.1389
10/20/2010,41.7000,41.7600,41.3200,41.4500,122500.0000,35.0628
10/21/2010,41.5400,41.9400,41.4600,41.9400,508900.0000,35.4773
10/22/2010,42.0700,42.0800,41.6500,41.6700,90200.0000,35.2489
10/25/2010,41.3700,41.5800,41.3000,41.5500,196700.0000,35.1474
10/26/2010,41.8600,42.2000,41.8000,42.2000,339500.0000,35.6972
10/27/2010,42.3900,42.5800,42.1700,42.5600,649200.0000,36.0017
10/28/2010,42.4300,42.5900,42.3200,42.4400,719300.0000,35.9002
10/29/2010,42.3100,42.3700,42.0100,42.0600,284500.0000,35.5788
11/01/2010,41.7300,42.2800,41.7200,42.1400,595100.0000,35.6464
11/02/2010,41.8700,41.8700,41.5700,41.6200,689700.0000,35.2066
11/03/2010,41.3400,42.6800,41.0900,42.4700,767600.0000,35.9256
11/04/2010,42.3900,42.3900,42.0600,42.1400,408600.0000,35.6464
11/05/2010,42.7100,42.8500,42.5300,42.8500,406800.0000,36.2470
11/08/2010,42.5800,42.9600,42.4900,42.7100,868500.0000,36.1286
11/09/2010,42.6500,43.6500,42.6400,43.6000,692900.0000,36.8815
11/10/2010,43.6000,44.1900,43.4400,43.5700,684900.0000,36.8561
11/11/2010,43.5800,43.7000,43.4700,43.6200,618800.0000,36.8984
11/12/2010,43.6700,43.8100,43.4300,43.7700,288400.0000,37.0253
11/15/2010,44.0800,44.7300,43.8800,44.7300,669200.0000,37.8373
11/16/2010,44.2500,44.6600,43.5800,43.6600,564200.0000,36.9322
11/17/2010,43.8300,43.9900,43.3600,43.8500,466100.0000,37.0929
11/18/2010,43.9000,44.2500,43.7200,43.7200,407000.0000,36.9830
11/19/2010,43.7000,45.3000,43.4900,43.5200,489900.0000,36.8138
11/22/2010,43.0900,43.6000,43.0000,43.3000,429600.0000,36.6277
11/23/2010,42.9800,43.1000,42.8200,43.0300,1378400.0000,36.3993
11/24/2010,43.3600,43.8500,43.2400,43.8000,309200.0000,37.0506
11/26/2010,43.3800,43.4200,43.2000,43.2000,186500.0000,36.5431
11/29/2010,43.0000,43.1700,42.7900,42.8400,163700.0000,36.2386
11/30/2010,42.2700,42.7300,42.2000,42.6300,312700.0000,36.0609
12/01/2010,43.2400,43.5300,43.0000,43.5200,170300.0000,36.8138
12/02/2010,43.4800,43.7000,43.2500,43.6400,229500.0000,36.9153
12/03/2010,43.3300,43.9800,43.3200,43.9800,332400.0000,37.2029
12/06/2010,43.7000,43.7500,43.3800,43.3900,205800.0000,36.7038
12/07/2010,44.0700,44.7300,43.9700,44.3100,681900.0000,37.4820
12/08/2010,44.5000,45.2300,44.4500,44.7100,1336600.0000,37.8204
12/09/2010,44.5700,44.9500,44.2200,44.5300,481600.0000,37.6682
12/10/2010,44.7100,44.7600,44.4300,44.7500,272600.0000,37.8542
12/13/2010,44.8200,45.0400,44.3600,44.6500,857200.0000,37.7697
12/14/2010,45.1100,45.5900,44.8300,45.2500,901500.0000,38.2772
12/15/2010,45.2900,46.0500,45.2000,45.8200,1016700.0000,38.7594
12/16/2010,45.7600,46.0000,45.5000,45.5400,800300.0000,38.5225
12/17/2010,45.3900,45.3900,44.4000,44.6900,419400.0000,37.8035
12/20/2010,44.4200,44.9000,44.1700,44.6900,316600.0000,37.8035
12/21/2010,44.7200,44.9800,44.4000,44.4300,169600.0000,37.5836
12/22/2010,44.5300,44.7800,44.5000,44.7000,183900.0000,37.8120
12/23/2010,44.7000,44.9800,44.6600,44.8300,136100.0000,37.9219
12/27/2010,44.8800,45.0800,44.3500,44.4000,257400.0000,37.5582
12/28/2010,44.6100,45.3900,44.5900,45.2600,236900.0000,38.2857
12/29/2010,45.2000,45.3200,44.3400,44.5100,375900.0000,37.6512
12/30/2010,44.6000,44.7900,44.4200,44.5000,201200.0000,37.6428
12/31/2010,44.3200,44.3500,43.8100,44.2500,306900.0000,37.4313
01/03/2011,44.4400,44.5700,43.9500,44.3000,255200.0000,37.4736
01/04/2011,44.3500,44.5700,44.1700,44.2900,272600.0000,37.4651
01/05/2011,44.7900,45.3900,44.6900,45.2500,402500.0000,38.2772
01/06/2011,45.2300,45.4000,44.9300,45.0600,463800.0000,38.1165
01/07/2011,45.2000,45.4200,44.6500,44.8400,599800.0000,37.9304
01/10/2011,44.7000,44.8700,44.4900,44.5800,654800.0000,37.7105
01/11/2011,44.7600,45.0700,44.6900,44.8100,394400.0000,37.9050
01/12/2011,45.1100,45.2100,44.8700,45.1100,201300.0000,38.1588
01/13/2011,45.1500,45.2300,44.5900,44.7800,424800.0000,37.8796
01/14/2011,44.5500,45.0500,44.5500,45.0300,151700.0000,38.0911
01/18/2011,45.3200,45.5500,45.1100,45.2100,180400.0000,38.2434
01/19/2011,45.2700,45.2700,44.9000,44.9000,235500.0000,37.9811
01/20/2011,45.1600,45.7100,45.1100,45.5100,321300.0000,38.4971
01/21/2011,45.6100,45.6800,45.1600,45.1800,172700.0000,38.2180
01/24/2011,45.0100,45.2300,44.9900,45.1500,235100.0000,38.1926
01/25/2011,44.9800,45.2400,44.4800,44.7200,482600.0000,37.8289
01/26/2011,44.8200,45.4300,44.7900,45.3400,363700.0000,38.3533
01/27/2011,45.3800,45.5200,45.0600,45.1700,241700.0000,38.2095
01/28/2011,45.4900,45.4900,44.7500,44.9400,586300.0000,38.0150
01/31/2011,45.0400,45.3100,44.8900,45.2500,203400.0000,38.2772
02/01/2011,45.4200,45.6100,45.2900,45.4500,300600.0000,38.4464
02/02/2011,45.2700,45.7400,45.2000,45.4600,208500.0000,38.4548
02/03/2011,45.7000,45.8500,45.4300,45.8300,398400.0000,38.7678
02/04/2011,45.9900,46.3400,45.8800,46.3000,851100.0000,39.1654
02/07/2011,46.3800,46.4400,46.0700,46.1000,461900.0000,38.9962
02/08/2011,46.0500,46.5500,45.9500,46.5000,481600.0000,39.3346
02/09/2011,46.3800,46.6700,45.8700,46.1200,591200.0000,39.0131
02/10/2011,46.2700,46.6200,46.1600,46.6100,406100.0000,39.4276
02/11/2011,46.1900,46.3200,45.9400,45.9600,1019100.0000,38.8778
02/14/2011,45.9900,46.0100,45.6800,45.8600,1214500.0000,38.7932
02/15/2011,45.8600,45.9600,45.6700,45.7300,528400.0000,38.6832
02/16/2011,45.7000,46.0000,45.5100,45.8500,677400.0000,38.7848
02/17/2011,45.6500,45.8100,45.5600,45.7900,643600.0000,38.7340
02/18/2011,45.9700,46.1200,45.8700,45.8800,486800.0000,38.8101
02/22/2011,45.6800,45.7400,45.1300,45.2200,860700.0000,38.2518
02/23/2011,45.0600,45.2200,44.8300,45.0200,538200.0000,38.0826
02/24/2011,44.8000,44.8700,44.5900,44.7400,978600.0000,37.8458
02/25/2011,44.7400,44.7700,44.4600,44.4900,192000.0000,37.6343
02/28/2011,44.4800,44.5600,44.3500,44.4100,350400.0000,37.5666
03/01/2011,44.7000,44.7100,44.2400,44.2900,221500.0000,37.4651
03/02/2011,44.5300,44.9500,44.4600,44.9500,270200.0000,38.0234
03/03/2011,45.1800,45.4400,45.0700,45.3900,314700.0000,38.3956
03/04/2011,45.3900,45.4300,45.0000,45.0300,204900.0000,38.0911
03/07/2011,45.4400,45.4900,45.0000,45.3000,279600.0000,38.3195
03/08/2011,45.3500,45.5800,45.2900,45.5800,161800.0000,38.5564
03/09/2011,45.3900,45.4800,44.7500,45.1400,264400.0000,38.1841
03/10/2011,44.9900,45.0800,44.3700,44.3900,394100.0000,37.5497
03/11/2011,44.3900,44.7400,44.3900,44.6200,512800.0000,37.7443
03/14/2011,44.6800,44.7300,44.4500,44.6700,265900.0000,37.7866
03/15/2011,44.0400,44.2300,43.9000,44.0100,642000.0000,37.2283
03/16/2011,43.7800,43.8900,43.0000,43.5000,561700.0000,36.7969
03/17/2011,43.8000,44.0100,43.4900,43.8000,530900.0000,37.0506
03/18/2011,44.0500,44.0500,43.7000,43.7200,368500.0000,36.9830
03/21/2011,43.8200,44.0800,43.8200,43.9600,297700.0000,37.1860
03/22/2011,44.0100,44.0200,43.7800,43.8300,345200.0000,37.0760
03/23/2011,43.5100,43.9400,43.4900,43.8700,226600.0000,37.1099
03/24/2011,44.0300,44.1800,43.9800,44.1700,270100.0000,37.3636
03/25/2011,43.9800,44.3700,43.9400,44.3000,421800.0000,37.4736
03/28/2011,44.3400,44.3800,44.0900,44.2400,230400.0000,37.4228
03/29/2011,44.4000,44.5900,44.1000,44.5900,192800.0000,37.7189
03/30/2011,44.5400,44.6000,44.2400,44.2500,270200.0000,37.4313
03/31/2011,44.0800,44.5400,44.0300,44.3200,392200.0000,37.4905
04/01/2011,44.4600,44.4700,44.0800,44.1300,267100.0000,37.3298
04/04/2011,44.1100,44.1400,43.9300,44.0700,181700.0000,37.2790
04/05/2011,44.1200,44.3400,44.0300,44.2300,194700.0000,37.4144
04/06/2011,44.3200,44.8600,44.3000,44.8500,577100.0000,37.9388
04/07/2011,44.9000,45.0700,44.7800,44.9500,806300.0000,38.0234
04/08/2011,45.1800,45.2400,45.0100,45.1800,760300.0000,38.2180
04/11/2011,45.2500,45.3300,45.0400,45.1700,466600.0000,38.2095
04/12/2011,44.8600,44.8600,44.5500,44.7100,350800.0000,37.8204
04/13/2011,44.8600,44.9200,44.4200,44.4300,1195400.0000,37.5836
04/14/2011,44.4000,44.5100,44.2600,44.4300,911800.0000,37.5836
04/15/2011,44.0600,44.1100,43.8200,43.8700,641400.0000,37.1099
04/18/2011,44.1600,44.3800,43.6500,43.7100,531500.0000,36.9745
04/19/2011,43.7300,43.7900,43.5500,43.5600,662500.0000,36.8476
04/20/2011,43.6400,43.8500,43.5600,43.8300,454700.0000,37.0760
04/21/2011,43.7300,43.9000,43.5700,43.8500,228000.0000,37.0929
04/25/2011,43.8500,43.8900,43.6900,43.6900,268300.0000,36.9576
04/26/2011,43.5500,43.5600,43.2600,43.2600,338200.0000,36.5939
04/27/2011,43.4100,43.7500,43.4100,43.6800,462200.0000,36.9491
04/28/2011,43.5500,43.6400,43.3800,43.3800,624200.0000,36.6954
04/29/2011,43.4100,43.4700,43.2300,43.2300,375000.0000,36.5685
05/02/2011,43.2900,43.3600,43.1500,43.1600,237000.0000,36.5093
05/03/2011,43.0100,43.1600,42.9000,42.9000,222000.0000,36.2893
05/04/2011,42.8500,42.8500,42.6600,42.6900,705800.0000,36.1117
05/05/2011,42.5600,42.6000,42.2200,42.2900,331800.0000,35.7733
05/06/2011,42.7100,42.7800,42.3000,42.4800,276200.0000,35.9340
05/09/2011,42.5500,42.5700,42.4100,42.5100,294000.0000,35.9594
05/10/2011,42.6100,42.8200,42.5500,42.8200,214100.0000,36.2217
05/11/2011,42.8100,42.8600,42.4600,42.5700,474300.0000,36.0102
05/12/2011,42.5300,42.9700,42.4500,42.8400,354000.0000,36.2386
05/13/2011,42.6500,42.6900,42.2600,42.4500,331400.0000,35.9087
05/16/2011,42.4900,42.5700,42.1300,42.1900,375000.0000,35.6887
05/17/2011,42.0200,42.0300,41.7700,41.7700,644700.0000,35.3335
05/18/2011,41.9100,42.3300,41.8400,42.3300,384200.0000,35.8072
05/19/2011,42.7100,42.7100,42.3300,42.3400,580600.0000,35.8156
05/20/2011,42.4600,42.5600,42.2800,42.3300,362600.0000,35.8072
05/23/2011,42.1100,42.1600,41.9200,42.1100,595600.0000,35.6211
05/24/2011,42.1800,42.2400,41.9600,41.9700,435900.0000,35.5026
05/25/2011,41.9600,42.2100,41.9000,42.1300,188000.0000,35.6380
05/26/2011,42.0300,42.0500,41.7500,41.7800,377100.0000,35.3419
05/27/2011,41.9400,42.0400,41.7800,41.8000,222100.0000,35.3588
05/31/2011,41.9300,41.9500,41.6600,41.6900,465100.0000,35.2658
06/01/2011,41.4500,41.4600,41.1000,41.1200,613200.0000,34.7836
06/02/2011,41.5900,41.9100,41.4400,41.9000,446700.0000,35.4434
06/03/2011,41.5400,42.0000,41.5400,41.6600,781300.0000,35.2404
06/06/2011,42.0600,42.1300,41.8000,41.9600,611400.0000,35.4942
06/07/2011,42.1400,42.1800,41.7600,41.7600,412100.0000,35.3250
06/08/2011,41.6900,41.7000,41.4300,41.4400,207100.0000,35.0543
06/09/2011,41.3200,41.8200,41.2300,41.6200,534900.0000,35.2066
06/10/2011,41.4100,41.4400,41.1900,41.3100,870600.0000,34.9443
06/13/2011,41.4800,41.5000,41.2300,41.4900,577000.0000,35.0966
06/14/2011,41.9100,42.1500,41.8400,42.1300,925300.0000,35.6380
06/15/2011,42.0500,42.0500,41.3600,41.3800,1037500.0000,35.0035
06/16/2011,41.3000,41.4500,41.1100,41.1900,398300.0000,34.8428
06/17/2011,41.4000,41.4800,41.2800,41.3800,167500.0000,35.0035
06/20/2011,41.1900,41.4900,41.1800,41.3300,136300.0000,34.9613
06/21/2011,41.4700,41.6200,41.3300,41.4900,304500.0000,35.0966
06/22/2011,41.3400,41.5400,41.3000,41.4900,191800.0000,35.0966
06/23/2011,41.2300,41.2300,41.0000,41.1500,286700.0000,34.8090
06/24/2011,41.1400,41.3200,41.0200,41.3200,515600.0000,34.9528
06/27/2011,41.3500,41.8800,41.3500,41.8600,690600.0000,35.4096
06/28/2011,41.9500,42.2600,41.8400,42.2100,645900.0000,35.7057
06/29/2011,42.1800,42.5800,42.0700,42.4500,812300.0000,35.9087
06/30/2011,42.5000,43.0000,42.4700,42.5500,598800.0000,35.9933
07/01/2011,42.4200,42.7500,42.3700,42.6300,303300.0000,36.0609
07/05/2011,42.4500,42.5800,42.3800,42.5100,168900.0000,35.9594
07/06/2011,42.3800,42.5200,42.2300,42.3300,216100.0000,35.8072
07/07/2011,42.5100,42.6400,42.3900,42.4300,329200.0000,35.8918
07/08/2011,42.0600,42.0700,41.7200,41.8100,382000.0000,35.3673
07/11/2011,41.5300,41.6500,41.2000,41.2000,923500.0000,34.8513
07/12/2011,40.9500,41.2900,40.9500,41.0500,2407500.0000,34.7244
07/13/2011,41.2300,41.4700,40.9200,40.9400,1124300.0000,34.6314
07/14/2011,41.2600,41.5000,41.0700,41.5000,416100.0000,35.1051
07/15/2011,41.8300,41.8500,41.4400,41.4400,159600.0000,35.0543
07/18/2011,41.4900,41.8400,41.4300,41.8400,400400.0000,35.3927
07/19/2011,41.8100,41.8600,40.9500,40.9600,579600.0000,34.6483
07/20/2011,41.1900,41.5400,41.1400,41.4400,266500.0000,35.0543
07/21/2011,41.8300,41.9500,41.5500,41.7600,255000.0000,35.3250
07/22/2011,41.6200,41.6900,41.4400,41.4500,173200.0000,35.0628
07/25/2011,41.9300,41.9600,41.4800,41.8900,458200.0000,35.4350
07/26/2011,41.7900,41.7900,41.5100,41.6100,275800.0000,35.1981
07/27/2011,41.7300,41.8500,41.5400,41.6000,453500.0000,35.1897
07/28/2011,41.4100,41.5700,41.3200,41.4500,350300.0000,35.0628
07/29/2011,41.0700,41.1200,40.3700,40.6100,3109000.0000,34.3522
08/01/2011,40.6900,40.7000,40.0200,40.1600,1526900.0000,33.9715
08/02/2011,39.9400,40.0400,38.9700,39.0100,3365800.0000,32.9987
08/03/2011,39.0000,39.0500,38.2700,38.9200,1029300.0000,32.9226
08/04/2011,38.6600,38.7100,37.5700,37.5700,1506900.0000,31.7806
08/05/2011,38.2500,38.6700,37.5100,38.6600,1257800.0000,32.7027
08/08/2011,38.3200,38.4000,37.3600,37.4500,953100.0000,31.6792
08/09/2011,37.6100,37.8600,36.0900,37.3000,2283800.0000,31.5523
08/10/2011,36.6900,36.8900,36.1700,36.2000,1207000.0000,30.6218
08/11/2011,36.7600,38.1900,36.6100,38.0300,1492100.0000,32.1698
08/12/2011,37.7200,37.8500,37.2700,37.3200,448000.0000,31.5692
08/15/2011,37.5500,37.7100,37.3600,37.6700,356100.0000,31.8652
08/16/2011,37.6500,37.6500,36.9300,37.0600,463600.0000,31.3492
08/17/2011,37.0600,37.2200,36.4200,36.4500,248000.0000,30.8332
08/18/2011,35.7900,36.0000,35.0900,35.6700,1238400.0000,30.1734
08/19/2011,35.5700,35.7100,35.3300,35.4100,1017300.0000,29.9535
08/22/2011,35.6400,35.6600,35.3800,35.4900,759100.0000,30.0212
08/23/2011,35.8600,35.9700,35.4100,35.9500,503500.0000,30.4103
08/24/2011,36.0100,37.0300,35.9800,37.0000,821300.0000,31.2985
08/25/2011,36.8800,36.9500,36.4500,36.6100,511400.0000,30.9686
08/26/2011,36.1700,36.6200,35.9700,36.2300,627300.0000,30.6471
08/29/2011,36.8300,36.8700,36.6100,36.7200,263800.0000,31.0616
08/30/2011,36.2400,36.2900,35.9700,36.1500,551400.0000,30.5795
08/31/2011,36.1300,36.6700,36.0800,36.6700,596800.0000,31.0193
09/01/2011,36.4400,36.8600,35.9300,35.9500,455200.0000,30.4103
09/02/2011,35.1100,35.3700,34.7500,34.7600,690700.0000,29.4037
09/06/2011,34.1600,34.4700,34.0000,34.4100,1093700.0000,29.1076
09/07/2011,34.8300,35.1000,34.7800,35.0200,749300.0000,29.6236
09/08/2011,34.7800,35.0800,34.6800,34.7200,353100.0000,29.3698
09/09/2011,34.7100,34.7900,34.2000,34.3400,749100.0000,29.0484
09/12/2011,34.3900,34.5100,34.1800,34.3100,421500.0000,29.0230
09/13/2011,34.4100,34.8000,34.3800,34.8000,796500.0000,29.4375
09/14/2011,34.8600,34.9100,34.4300,34.5100,1192800.0000,29.1922
09/15/2011,34.8700,35.0500,34.7200,35.0400,541700.0000,29.6405
09/16/2011,35.0900,35.1000,34.7000,34.8100,642000.0000,29.4460
09/19/2011,34.2000,34.2000,33.8700,34.1300,430400.0000,28.8707
09/20/2011,34.1200,34.2000,33.9600,33.9700,290200.0000,28.7354
09/21/2011,34.0300,34.1400,32.8100,32.8700,1486500.0000,27.8049
09/22/2011,32.0800,32.1100,31.3900,31.6000,2170200.0000,26.7306
09/23/2011,31.5800,32.1800,31.5300,32.1500,877200.0000,27.1959
09/26/2011,32.3700,32.7600,32.2500,32.6800,876400.0000,27.6442
09/27/2011,33.3000,33.4200,33.1400,33.2000,973900.0000,28.0840
09/28/2011,33.2500,33.5600,33.1800,33.2100,829100.0000,28.0925
09/29/2011,33.0300,33.1800,32.7100,32.9600,532300.0000,27.8810
09/30/2011,32.3700,32.6300,32.1200,32.1500,670000.0000,27.1959
10/03/2011,31.7600,31.9700,31.2600,31.2700,858700.0000,26.4515
10/04/2011,31.1100,31.6500,30.9400,31.6500,798500.0000,26.7729
10/05/2011,31.8000,32.0500,31.7600,31.8700,1140000.0000,26.9590
10/06/2011,32.0700,32.4500,31.9800,32.4500,957400.0000,27.4496
10/07/2011,32.8400,33.0700,32.5000,32.7000,647100.0000,27.6611
10/10/2011,33.0900,33.3800,33.0800,33.1600,337000.0000,28.0502
10/11/2011,32.9500,33.3400,32.9500,33.2600,319200.0000,28.1348
10/12/2011,33.7200,34.0300,33.5800,33.7500,679000.0000,28.5493
10/13/2011,33.5900,33.6000,33.1300,33.4200,379700.0000,28.2701
10/14/2011,33.9300,33.9900,33.7200,33.9100,478300.0000,28.6846
10/17/2011,33.7800,33.8100,33.3000,33.3200,791800.0000,28.1856
10/18/2011,33.2500,33.7700,33.0700,33.5300,938000.0000,28.3632
10/19/2011,33.7000,33.8200,33.3700,33.5400,310900.0000,28.3717
10/20/2011,33.7300,33.8500,33.3900,33.7700,374400.0000,28.5662
10/21/2011,33.9400,34.1200,33.8200,34.1200,286100.0000,28.8623
10/24/2011,33.8900,34.1400,33.8500,34.0800,345500.0000,28.8284
10/25/2011,34.0500,34.0500,33.1700,33.2000,256400.0000,28.0840
10/26/2011,33.4400,33.8000,33.2000,33.7900,394000.0000,28.5831
10/27/2011,34.2900,35.0800,34.2000,34.9300,1088400.0000,29.5475
10/28/2011,34.7400,34.7500,34.4000,34.5600,470100.0000,29.2345
10/31/2011,33.9000,33.9200,33.2000,33.2300,454100.0000,28.1094
11/01/2011,32.2700,32.7200,32.0800,32.1100,672100.0000,27.1620
11/02/2011,32.8500,32.9000,32.4100,32.5000,695000.0000,27.4919
11/03/2011,32.9500,33.0400,32.6900,32.9300,221100.0000,27.8557
11/04/2011,33.1100,33.1500,32.7400,32.9200,536800.0000,27.8472
11/07/2011,32.8800,32.9500,32.3800,32.6800,1069200.0000,27.6442
11/08/2011,32.8200,33.1700,32.6100,33.1000,602100.0000,27.9995
11/09/2011,32.3800,32.7000,32.1300,32.4100,409000.0000,27.4158
11/10/2011,32.7700,33.2100,32.5500,32.8900,584000.0000,27.8218
11/11/2011,33.0500,33.1300,32.9600,33.0900,133100.0000,27.9910
11/14/2011,32.8900,32.9000,32.5400,32.5700,306700.0000,27.5511
11/15/2011,32.4900,32.7800,32.3000,32.5800,353900.0000,27.5596
11/16/2011,32.4600,32.6200,32.3100,32.3200,222300.0000,27.3397
11/17/2011,32.3900,32.4000,31.8300,32.0300,343200.0000,27.0943
11/18/2011,32.0900,32.2900,32.0000,32.0400,124000.0000,27.1028
11/21/2011,31.7700,31.8700,31.6600,31.8600,1584100.0000,26.9505
11/22/2011,31.7700,31.8700,31.5000,31.5000,218400.0000,26.6460
11/23/2011,31.5500,31.5800,31.0600,31.1800,1127600.0000,26.3753
11/25/2011,31.3700,31.6400,31.3600,31.6100,174000.0000,26.7391
11/28/2011,32.2000,32.2000,31.5400,31.6300,219800.0000,26.7560
11/29/2011,31.8300,32.0700,31.5900,31.9000,195300.0000,26.9844
11/30/2011,32.2800,32.5400,32.2300,32.4300,639600.0000,27.4327
12/01/2011,32.7500,32.8900,32.5000,32.5300,507300.0000,27.5173
12/02/2011,32.6500,32.6800,32.0800,32.0900,325100.0000,27.1451
12/05/2011,32.5700,32.5700,32.0600,32.1600,414400.0000,27.2043
12/06/2011,32.3200,32.6000,32.2000,32.4800,356800.0000,27.4750
12/07/2011,32.4500,32.5700,32.2100,32.3200,207200.0000,27.3397
12/08/2011,32.3600,32.4000,31.8900,31.9400,512700.0000,27.0182
12/09/2011,31.9700,32.6100,31.9600,32.6000,252000.0000,27.5765
12/12/2011,32.2500,32.3300,32.0900,32.2400,499700.0000,27.2720
12/13/2011,32.4000,32.4400,31.7700,31.9400,360400.0000,27.0182
12/14/2011,31.7300,31.8000,31.3000,31.3000,459700.0000,26.4768
12/15/2011,31.5100,31.5600,31.3300,31.4200,260700.0000,26.5783
12/16/2011,31.3100,31.3300,31.0000,31.0800,581400.0000,26.2907
12/19/2011,31.0700,31.0800,30.6200,30.6400,660900.0000,25.9185
12/20/2011,30.9700,31.4700,30.9700,31.4400,602900.0000,26.5953
12/21/2011,31.4500,31.8600,31.4300,31.8400,508800.0000,26.9336
12/22/2011,31.6400,31.7900,31.5000,31.7200,222600.0000,26.8321
12/23/2011,32.0100,32.2200,31.9700,32.0900,348400.0000,27.1451
12/27/2011,32.0600,32.1500,31.9200,31.9400,685300.0000,27.0182
12/28/2011,31.8500,31.8500,31.2200,31.3400,308700.0000,26.5107
12/29/2011,31.3600,31.4600,31.2000,31.2600,529000.0000,26.4430
12/30/2011,31.2000,31.2500,31.0300,31.1700,344400.0000,26.3669
01/03/2012,31.6300,31.7500,31.4400,31.6400,177700.0000,26.7644
01/04/2012,31.6800,32.0900,31.6700,31.9900,174500.0000,27.0605
01/05/2012,31.9700,32.1200,31.7000,32.0700,124500.0000,27.1282
01/06/2012,32.0800,32.0800,31.7500,31.8200,185700.0000,26.9167
01/09/2012,31.8800,31.9000,31.5800,31.8600,305600.0000,26.9505
01/10/2012,32.0700,32.0700,31.7800,31.9200,102200.0000,27.0013
01/11/2012,31.7300,31.7300,31.4100,31.5000,236300.0000,26.6460
01/12/2012,31.4800,31.6400,31.4000,31.5000,293400.0000,26.6460
01/13/2012,31.1500,31.2300,31.0300,31.2100,447000.0000,26.4007
01/17/2012,31.2000,31.2200,31.0400,31.0900,541000.0000,26.2992
01/18/2012,31.0600,31.4700,31.0400,31.4700,264100.0000,26.6206
01/19/2012,31.6400,31.9800,31.5700,31.8900,443600.0000,26.9759
01/20/2012,32.0500,32.2500,31.9900,32.2400,257300.0000,27.2720
01/23/2012,32.4900,32.6200,32.3400,32.4500,362700.0000,27.4496
01/24/2012,32.3300,32.5700,32.3200,32.4200,741800.0000,27.4242
01/25/2012,32.5200,32.5400,31.8300,32.4600,1097700.0000,27.4581
01/26/2012,32.3100,32.3300,32.0200,32.0200,825000.0000,27.0859
01/27/2012,31.9900,32.2000,31.8800,31.9200,219600.0000,27.0013
01/30/2012,31.4300,31.5800,31.2900,31.5300,708000.0000,26.6714
01/31/2012,31.5800,31.6200,31.1600,31.1800,390400.0000,26.3753
02/01/2012,31.4000,31.6200,31.3400,31.5500,439400.0000,26.6883
02/02/2012,31.6100,31.6700,31.4700,31.5600,284700.0000,26.6968
02/03/2012,32.2500,32.3800,32.1500,32.2200,1369400.0000,27.2551
02/06/2012,32.1900,32.2700,31.8900,31.9100,165700.0000,26.9928
02/07/2012,32.2000,32.4300,32.1500,32.3000,167000.0000,27.3227
02/08/2012,32.3100,32.3700,32.1700,32.2800,374900.0000,27.3058
02/09/2012,32.4100,32.7400,32.3600,32.5100,1547700.0000,27.5004
02/10/2012,32.1300,32.2200,32.0000,32.1000,252300.0000,27.1535
02/13/2012,32.2000,32.2300,31.9900,32.0400,154800.0000,27.1028
02/14/2012,31.9700,32.0000,31.7400,31.8800,281600.0000,26.9675
02/15/2012,31.8900,31.9300,31.7500,31.9300,743000.0000,27.0098
02/16/2012,31.9900,32.3100,31.9200,32.1800,649200.0000,27.2212
02/17/2012,32.3800,32.4000,32.1800,32.1800,137300.0000,27.2212
02/21/2012,32.4200,32.6400,32.3700,32.5400,349800.0000,27.5258
02/22/2012,32.3600,32.3700,32.1300,32.1300,241400.0000,27.1789
02/23/2012,32.3000,32.3300,31.9900,32.1300,295100.0000,27.1789
02/24/2012,31.9900,32.0500,31.9000,31.9000,541300.0000,26.9844
02/27/2012,31.6400,31.7300,31.5400,31.6300,584500.0000,26.7560
02/28/2012,31.5400,31.7800,31.4700,31.7400,333800.0000,26.8490
02/29/2012,31.6800,32.0400,31.6700,31.9200,484100.0000,27.0013
03/01/2012,32.1900,32.3600,32.0600,32.2200,456700.0000,27.2551
03/02/2012,32.0700,32.0800,31.8300,31.9300,217100.0000,27.0098
03/05/2012,31.9600,32.1600,31.8500,32.1500,297100.0000,27.1959
03/06/2012,31.8200,31.8300,31.6500,31.8000,292100.0000,26.8998
03/07/2012,31.8400,31.9900,31.7900,31.9600,385200.0000,27.0351
03/08/2012,32.1500,32.3100,32.0600,32.2900,332900.0000,27.3143
03/09/2012,32.3800,32.5100,32.2100,32.2400,1171900.0000,27.2720
03/12/2012,32.1200,32.2400,32.0700,32.2200,217900.0000,27.2551
03/13/2012,32.4200,32.8000,32.3800,32.8000,887200.0000,27.7457
03/14/2012,33.1300,33.6500,33.1300,33.6400,2466600.0000,28.4562
03/15/2012,33.6600,33.6700,33.4200,33.5800,1490600.0000,28.4055
03/16/2012,33.7800,33.8900,33.5000,33.5100,2470800.0000,28.3463
03/19/2012,33.5300,34.0300,33.5000,33.9100,1101300.0000,28.6846
03/20/2012,33.8000,33.9700,33.6700,33.7700,570500.0000,28.5662
03/21/2012,33.6800,33.6800,33.3400,33.3700,556600.0000,28.2279
03/22/2012,33.2400,33.3500,33.2100,33.2800,988200.0000,28.1517
03/23/2012,33.1300,33.1300,32.9000,32.9700,498100.0000,27.8895
03/26/2012,33.0800,33.3700,33.0100,33.1200,444200.0000,28.0164
03/27/2012,33.0800,33.0900,32.8300,32.8800,503100.0000,27.8134
03/28/2012,33.0500,33.0600,32.7300,32.9200,522300.0000,27.8472
03/29/2012,32.7000,32.8200,32.6500,32.6600,376900.0000,27.6273
03/30/2012,32.6300,33.2300,32.6200,33.2300,377400.0000,28.1094
04/02/2012,32.9000,33.1300,32.8200,33.0500,568300.0000,27.9572
04/03/2012,32.9000,33.6300,32.7700,33.6100,816300.0000,28.4309
04/04/2012,33.2700,33.3700,33.1700,33.1700,492600.0000,28.0587
04/05/2012,32.8900,33.1000,32.8800,32.9100,1273900.0000,27.8387
04/09/2012,32.1500,32.2400,32.0900,32.1300,949800.0000,27.1789
04/10/2012,32.0300,32.0700,31.6400,31.7700,907700.0000,26.8744
04/11/2012,32.0800,32.1700,31.9900,32.1600,828900.0000,27.2043
04/12/2012,32.1000,32.3200,32.0700,32.2900,566000.0000,27.3143
04/13/2012,31.9600,31.9600,31.7500,31.7600,553000.0000,26.8659
04/16/2012,31.8100,31.8400,31.5600,31.8100,1141700.0000,26.9082
04/17/2012,31.8400,31.9200,31.7700,31.8100,800000.0000,26.9082
04/18/2012,31.7100,31.7800,31.6800,31.7200,310200.0000,26.8321
04/19/2012,31.6400,31.7100,31.5900,31.7100,720700.0000,26.8237
04/20/2012,31.8300,31.8900,31.6700,31.6800,242500.0000,26.7983
04/23/2012,31.4100,31.4800,31.3200,31.4400,824700.0000,26.5953
04/24/2012,31.5200,31.6700,31.5000,31.6600,220100.0000,26.7814
04/25/2012,31.8600,32.0500,31.6100,31.8200,454300.0000,26.9167
04/26/2012,31.5800,31.8000,31.5700,31.6400,466300.0000,26.7644
04/27/2012,31.6900,31.7400,31.6000,31.6000,214000.0000,26.7306
04/30/2012,31.5300,31.6400,31.4900,31.6000,215000.0000,26.7306
05/01/2012,31.5000,31.8600,31.4600,31.7700,503700.0000,26.8744
05/02/2012,31.5400,31.6700,31.5300,31.5300,363800.0000,26.6714
05/03/2012,31.7100,31.7100,31.5100,31.5300,330000.0000,26.6714
05/04/2012,31.4900,31.5000,31.2800,31.3000,465700.0000,26.4768
05/07/2012,31.2400,31.3200,31.2000,31.2800,449000.0000,26.4599
05/08/2012,31.1400,31.1500,30.9200,31.1100,618300.0000,26.3161
05/09/2012,30.9300,31.2100,30.9200,31.0800,723600.0000,26.2907
05/10/2012,31.3100,31.4700,31.1600,31.1900,413700.0000,26.3838
05/11/2012,30.9300,31.0700,30.9000,30.9200,337800.0000,26.1554
05/14/2012,30.5600,30.6300,30.4500,30.5000,738800.0000,25.8001
05/15/2012,30.5000,30.5700,30.3500,30.3600,391900.0000,25.6817
05/16/2012,30.5400,30.6000,30.2400,30.2800,714100.0000,25.6140
05/17/2012,30.2600,30.2700,29.7100,29.7400,1986000.0000,25.1572
05/18/2012,29.9500,29.9900,29.6700,29.7300,552100.0000,25.1488
05/21/2012,29.8000,29.8500,29.6700,29.7900,206000.0000,25.1995
05/22/2012,30.0800,30.2300,30.0400,30.1000,281600.0000,25.4617
05/23/2012,29.8600,29.8900,29.6200,29.8900,345000.0000,25.2841
05/24/2012,29.9500,30.0500,29.8900,30.0000,169500.0000,25.3772
05/25/2012,29.8700,29.9500,29.8500,29.9000,114900.0000,25.2926
05/29/2012,29.8900,29.9800,29.7900,29.9700,232600.0000,25.3518
05/30/2012,29.4100,29.4200,29.1800,29.2300,789100.0000,24.7258
05/31/2012,29.0100,29.0800,28.5500,28.9000,858400.0000,24.4467
06/01/2012,28.5300,28.6200,28.2000,28.2300,2518200.0000,23.8799
06/04/2012,28.4100,28.5100,28.2400,28.4200,789800.0000,24.0406
06/05/2012,28.6000,28.8100,28.5800,28.8100,482100.0000,24.3705
06/06/2012,28.8100,29.3800,28.8100,29.3800,733500.0000,24.8527
06/07/2012,29.4600,29.5300,29.2200,29.3400,498300.0000,24.8189
06/08/2012,28.9600,29.4800,28.9100,29.3500,371200.0000,24.8273
06/11/2012,29.4400,29.4400,29.0900,29.1900,611000.0000,24.6920
06/12/2012,29.3700,29.4800,29.2300,29.4600,343200.0000,24.9204
06/13/2012,29.4000,29.5000,29.0700,29.1700,364000.0000,24.6751
06/14/2012,29.1300,29.3100,29.0700,29.1900,698400.0000,24.6920
06/15/2012,28.9700,29.0900,28.9300,29.0300,217700.0000,24.5566
06/18/2012,28.8600,29.0600,28.8200,28.8600,162200.0000,24.4128
06/19/2012,29.0500,29.2700,29.0400,29.2400,265100.0000,24.7343
06/20/2012,29.4600,29.5500,29.0200,29.1000,601200.0000,24.6158
06/21/2012,29.1400,29.1400,28.8400,28.9600,392800.0000,24.4974
06/22/2012,29.1500,29.3500,29.0700,29.3300,465500.0000,24.8104
06/25/2012,29.0400,29.0400,28.8800,28.9100,234700.0000,24.4551
06/26/2012,29.0900,29.1100,28.8800,29.0300,243900.0000,24.5566
06/27/2012,28.9800,29.0800,28.9300,28.9700,238400.0000,24.5059
06/28/2012,28.8100,28.9100,28.7600,28.9000,197700.0000,24.4467
06/29/2012,29.3100,29.4000,29.1900,29.2800,673200.0000,24.7681
07/02/2012,29.1700,29.1700,28.7500,28.9900,641100.0000,24.5228
07/03/2012,29.0200,29.2000,29.0200,29.2000,192600.0000,24.7004
07/05/2012,29.1600,29.1900,28.9500,29.0400,492800.0000,24.5651
07/06/2012,28.8500,28.8700,28.7300,28.7600,244300.0000,24.3282
07/09/2012,28.6900,28.7200,28.5000,28.5200,138800.0000,24.1252
07/10/2012,28.5900,28.6100,28.3800,28.4500,208100.0000,24.0660
07/11/2012,28.4100,28.4900,28.2300,28.4300,273500.0000,24.0491
07/12/2012,28.3300,28.3500,28.2200,28.2300,466700.0000,23.8799
07/13/2012,28.2700,28.4100,28.2700,28.2900,318900.0000,23.9307
07/16/2012,28.0400,28.2000,27.9800,28.1700,331800.0000,23.8291
07/17/2012,28.2600,28.4000,28.1600,28.3700,236800.0000,23.9983
07/18/2012,28.2800,28.3700,28.2500,28.3600,430300.0000,23.9899
07/19/2012,28.4300,28.5100,28.3000,28.4200,203300.0000,24.0406
07/20/2012,28.1800,28.2100,28.0500,28.0900,282800.0000,23.7615
07/23/2012,27.8300,27.9800,27.7900,27.9300,262600.0000,23.6261
07/24/2012,28.0000,28.0200,27.6600,27.7000,326200.0000,23.4316
07/25/2012,27.7500,27.7700,27.6200,27.6500,300300.0000,23.3893
07/26/2012,27.7800,27.9100,27.7100,27.9100,489100.0000,23.6092
07/27/2012,28.1000,28.7300,28.0900,28.3700,825600.0000,23.9983
07/30/2012,28.4100,28.4400,28.1700,28.1700,256700.0000,23.8291
07/31/2012,28.0800,28.3600,28.0800,28.1300,153800.0000,23.7953
08/01/2012,28.3000,28.3900,28.0700,28.2500,220100.0000,23.8968
08/02/2012,28.0700,28.1700,27.8200,28.1100,301400.0000,23.7784
08/03/2012,28.4600,28.6900,28.4200,28.5400,1326100.0000,24.1421
08/06/2012,28.4900,28.5400,28.3800,28.5300,950700.0000,24.1337
08/07/2012,28.8500,28.9700,28.8300,28.8900,682600.0000,24.4382
08/08/2012,28.8200,29.0600,28.7600,29.0400,300000.0000,24.5651
08/09/2012,29.1500,29.3800,29.0300,29.0700,468500.0000,24.5905
08/10/2012,28.8100,28.9400,28.7700,28.9100,190900.0000,24.4551
08/13/2012,28.8300,28.9700,28.7500,28.9700,454400.0000,24.5059
08/14/2012,29.3200,29.3600,29.2100,29.3600,221900.0000,24.8358
08/15/2012,29.5400,29.8000,29.4900,29.7700,525800.0000,25.1826
08/16/2012,29.7300,30.1300,29.6500,30.0200,699600.0000,25.3941
08/17/2012,29.9200,29.9400,29.7500,29.8600,944300.0000,25.2587
08/20/2012,29.9000,29.9000,29.7200,29.8000,871100.0000,25.2080
08/21/2012,29.9100,30.1000,29.6500,29.6600,498000.0000,25.0895
08/22/2012,29.3900,29.4500,29.1600,29.1800,642300.0000,24.6835
08/23/2012,29.1000,29.1200,29.0000,29.0600,411500.0000,24.5820
08/24/2012,28.9400,29.1100,28.9000,29.0800,408100.0000,24.5989
08/27/2012,28.9600,28.9700,28.8500,28.9200,260200.0000,24.4636
08/28/2012,28.8600,28.8900,28.7200,28.8500,227800.0000,24.4044
08/29/2012,28.8900,29.0400,28.8800,28.9700,250600.0000,24.5059
08/30/2012,28.7400,28.8700,28.7000,28.8300,243100.0000,24.3874
08/31/2012,28.8600,28.8600,28.4200,28.4300,294400.0000,24.0491
09/04/2012,28.5200,28.5600,28.3800,28.4600,139700.0000,24.0745
09/05/2012,28.5500,28.6100,28.4700,28.5800,176400.0000,24.1760
09/06/2012,28.8600,29.0700,28.8500,29.0400,344000.0000,24.5651
09/07/2012,28.6800,29.2100,28.6700,29.1900,219100.0000,24.6920
09/10/2012,29.2500,29.3000,29.1000,29.1100,211900.0000,24.6243
09/11/2012,29.1600,29.3500,29.1600,29.2900,132100.0000,24.7766
09/12/2012,29.6100,29.7300,29.5700,29.6400,348000.0000,25.0726
09/13/2012,29.5400,30.0700,29.4300,29.7600,720900.0000,25.1741
09/14/2012,30.2000,30.6100,30.1900,30.5500,1291400.0000,25.8424
09/17/2012,30.4300,30.4300,30.1500,30.2000,441500.0000,25.5463
09/18/2012,29.9600,30.1400,29.8900,30.0400,395700.0000,25.4110
09/19/2012,29.7900,29.9800,29.7800,29.8600,544300.0000,25.2587
09/20/2012,29.6000,29.8700,29.5600,29.7700,207900.0000,25.1826
09/21/2012,29.9300,29.9500,29.7100,29.7200,187400.0000,25.1403
09/24/2012,29.5500,29.5700,29.4500,29.5000,143900.0000,24.9542
09/25/2012,29.4200,29.5800,29.2000,29.2000,177800.0000,24.7004
09/26/2012,29.0000,29.0300,28.8800,28.8900,361600.0000,24.4382
09/27/2012,29.0100,29.1700,28.9600,29.1000,325000.0000,24.6158
09/28/2012,28.9600,29.1700,28.8500,29.0900,390800.0000,24.6074
10/01/2012,29.0700,29.2000,28.9500,28.9800,231600.0000,24.5143
10/02/2012,29.0800,29.1100,28.9500,29.0100,194600.0000,24.5397
10/03/2012,29.1000,29.1500,29.0000,29.0000,220200.0000,24.5312
10/04/2012,29.1900,29.4000,29.1200,29.3600,317600.0000,24.8358
10/05/2012,29.6500,29.7900,29.6200,29.7600,202300.0000,25.1741
10/08/2012,29.5400,29.6100,29.4700,29.4700,166500.0000,24.9288
10/09/2012,29.6700,29.6700,29.4900,29.5400,142500.0000,24.9880
10/10/2012,29.6500,29.7100,29.1600,29.3300,431200.0000,24.8104
10/11/2012,29.5400,29.5400,29.1200,29.1200,275400.0000,24.6328
10/12/2012,29.0200,29.0800,28.8500,29.0500,412100.0000,24.5735
10/15/2012,29.0800,29.1600,29.0000,29.0900,412500.0000,24.6074
10/16/2012,29.2700,29.5000,29.2700,29.5000,264700.0000,24.9542
10/17/2012,29.7200,29.8400,29.6700,29.7900,299500.0000,25.1995
10/18/2012,29.7000,30.0100,29.6100,29.9600,393800.0000,25.3433
10/19/2012,29.9000,29.9100,29.5400,29.5600,208300.0000,25.0050
10/22/2012,29.6400,29.7300,29.5300,29.7300,269000.0000,25.1488
10/23/2012,29.4500,29.4700,29.3000,29.3300,221100.0000,24.8104
10/24/2012,29.5000,29.6200,29.4200,29.6200,664200.0000,25.0557
10/25/2012,29.8500,29.8900,29.6000,29.7700,211400.0000,25.1826
10/26/2012,29.6200,29.6600,29.3000,29.3000,817400.0000,24.7850
10/31/2012,29.3000,29.3100,29.0500,29.1700,568400.0000,24.6751
11/01/2012,29.2400,29.3700,29.1900,29.3200,264500.0000,24.8019
11/02/2012,29.5700,29.5800,29.3300,29.3400,124800.0000,24.8189
11/05/2012,29.2100,29.2100,29.0800,29.1300,826400.0000,24.6412
11/06/2012,29.2800,29.4400,29.1700,29.4400,220700.0000,24.9034
11/07/2012,28.9200,28.9400,28.7600,28.8900,640300.0000,24.4382
11/08/2012,28.9400,29.0200,28.4600,28.4600,638800.0000,24.0745
11/09/2012,28.5100,28.6200,28.4300,28.4300,350500.0000,24.0491
11/12/2012,28.4400,28.4700,28.3300,28.3900,178800.0000,24.0152
11/13/2012,28.2600,28.4200,28.2300,28.2800,405000.0000,23.9222
11/14/2012,28.4800,28.4900,28.2300,28.2500,138100.0000,23.8968
11/15/2012,28.4000,28.4200,28.1900,28.2900,299400.0000,23.9307
11/16/2012,28.3300,28.3500,28.1500,28.3400,392800.0000,23.9729
11/19/2012,28.5300,28.5800,28.4600,28.5000,164500.0000,24.1083
11/20/2012,28.5300,28.7800,28.5000,28.7700,247800.0000,24.3367
11/21/2012,28.8500,28.8700,28.7700,28.8100,257100.0000,24.3705
11/23/2012,28.8200,28.8500,28.7700,28.8300,101900.0000,24.3874
11/26/2012,28.6100,28.7000,28.5200,28.7000,202500.0000,24.2775
11/27/2012,28.6700,28.7000,28.5500,28.5700,283300.0000,24.1675
11/28/2012,28.3900,28.6200,28.3700,28.6200,352400.0000,24.2098
11/29/2012,28.6700,28.7500,28.5300,28.5900,244300.0000,24.1844
11/30/2012,28.5200,28.6900,28.5000,28.6800,382500.0000,24.2606
12/03/2012,28.8500,28.8800,28.6100,28.6300,473400.0000,24.2183
12/04/2012,28.5600,28.6000,28.4700,28.4800,342400.0000,24.0914
12/05/2012,28.4700,28.5200,28.3700,28.4800,485300.0000,24.0914
12/06/2012,28.3500,28.4400,28.3100,28.4300,437300.0000,24.0491
12/07/2012,28.6700,28.7000,28.5700,28.6800,237200.0000,24.2606
12/10/2012,28.5800,28.6500,28.5300,28.5700,203500.0000,24.1675
12/11/2012,28.7400,28.8200,28.7100,28.7600,237500.0000,24.3282
12/12/2012,28.8100,29.1100,28.7300,29.1100,302100.0000,24.6243
12/13/2012,29.1800,29.2200,28.9700,29.0800,328200.0000,24.5989
12/14/2012,28.9700,28.9900,28.8400,28.8800,147400.0000,24.4297
12/17/2012,28.8800,29.3100,28.8800,29.3000,354500.0000,24.7850
12/18/2012,29.3500,29.7400,29.3000,29.6000,523300.0000,25.0388
12/19/2012,29.4700,29.5400,29.3200,29.4800,232900.0000,24.9373
12/20/2012,29.4000,29.5800,29.3100,29.5000,278700.0000,24.9542
12/21/2012,29.1700,29.2500,29.1300,29.1500,932100.0000,24.6581
12/24/2012,29.2300,29.2500,29.2100,29.2200,143300.0000,24.7173
12/26/2012,29.1700,29.2100,29.1100,29.1300,371000.0000,24.6412
12/27/2012,29.1800,29.2000,28.8500,29.0000,960800.0000,24.5312
12/28/2012,28.8900,28.9700,28.8400,28.8400,552800.0000,24.3959
12/31/2012,28.9400,29.3800,28.9400,29.3800,646400.0000,24.8527
01/02/2013,29.7100,29.7700,29.6500,29.7500,630300.0000,25.1657
01/03/2013,29.7900,30.1600,29.7600,30.1200,1311600.0000,25.4787
01/04/2013,30.2200,30.2900,30.0200,30.0500,804900.0000,25.4194
01/07/2013,30.0500,30.1300,29.9500,30.0100,385800.0000,25.3856
01/08/2013,29.8600,29.9200,29.8000,29.8100,371300.0000,25.2164
01/09/2013,29.8100,29.9100,29.7200,29.8600,1107800.0000,25.2587
01/10/2013,29.9800,30.0300,29.8000,29.9300,455500.0000,25.3179
01/11/2013,30.0100,30.0400,29.6400,29.6500,763700.0000,25.0811
01/14/2013,29.6200,29.7800,29.5400,29.7100,390200.0000,25.1318
01/15/2013,29.4800,29.6300,29.4400,29.6200,414500.0000,25.0557
01/16/2013,29.4800,29.6200,29.4500,29.5100,406400.0000,24.9627
01/17/2013,29.7900,29.9200,29.7300,29.8200,569200.0000,25.2249
01/18/2013,29.7200,29.7500,29.6000,29.6200,188700.0000,25.0557
01/22/2013,29.7400,29.7700,29.5200,29.5200,342700.0000,24.9711
01/23/2013,29.5300,29.6200,29.4700,29.5900,368600.0000,25.0303
01/24/2013,29.6400,29.7900,29.6200,29.7000,676600.0000,25.1234
01/25/2013,30.0100,30.1600,29.9600,30.0900,1373800.0000,25.4533
01/28/2013,30.3600,30.3600,30.1700,30.2100,1044300.0000,25.5548
01/29/2013,30.1900,30.3800,30.0800,30.3700,789300.0000,25.6901
01/30/2013,30.4500,30.5700,30.3600,30.4200,1145400.0000,25.7324
01/31/2013,30.3500,30.4500,30.2600,30.2700,626400.0000,25.6056
02/01/2013,30.1000,30.6700,30.0500,30.6600,1421800.0000,25.9355
02/04/2013,30.3900,30.4300,30.2100,30.2800,905000.0000,25.6140
02/05/2013,30.4800,30.5700,30.4300,30.5300,631900.0000,25.8255
02/06/2013,30.4100,30.5100,30.2900,30.3000,417400.0000,25.6309
02/07/2013,30.3400,30.3600,30.1200,30.3400,704000.0000,25.6648
02/08/2013,30.3200,30.4600,30.2200,30.2500,461500.0000,25.5886
02/11/2013,30.2700,30.2800,30.1600,30.2400,490600.0000,25.5802
02/12/2013,30.3500,30.4000,30.2500,30.3300,532600.0000,25.6563
02/13/2013,30.5900,30.6400,30.4500,30.5800,657300.0000,25.8678
02/14/2013,30.4500,30.5200,30.2400,30.3100,651500.0000,25.6394
02/15/2013,30.3400,30.5000,30.3200,30.3800,985900.0000,25.6986
02/19/2013,30.2800,30.5600,30.2700,30.5300,801600.0000,25.8255
02/20/2013,30.6100,30.6200,30.4100,30.4500,428600.0000,25.7578
02/21/2013,30.2900,30.3000,30.1600,30.2600,938400.0000,25.5971
02/22/2013,30.2400,30.2600,30.1400,30.2400,304300.0000,25.5802
02/25/2013,30.4200,30.4200,29.6300,29.6400,1121300.0000,25.0726
02/26/2013,29.7800,29.8200,29.5500,29.8100,872000.0000,25.2164
02/27/2013,29.6000,29.9600,29.5800,29.8800,890000.0000,25.2756
02/28/2013,29.8300,29.9600,29.7900,29.8400,446000.0000,25.2418
03/01/2013,29.6800,29.7600,29.5800,29.6900,416800.0000,25.1149
03/04/2013,29.6900,29.8300,29.6500,29.8100,270000.0000,25.2164
03/05/2013,29.8800,29.9700,29.8500,29.9100,464400.0000,25.3010
03/06/2013,30.1000,30.1800,30.0200,30.1800,462800.0000,25.5294
03/07/2013,30.3000,30.4300,30.2700,30.4200,694300.0000,25.7324
03/08/2013,30.7000,30.7600,30.5600,30.7300,1189200.0000,25.9947
03/11/2013,30.6300,30.7300,30.6100,30.7000,513600.0000,25.9693
03/12/2013,30.6000,30.6000,30.4500,30.4800,438600.0000,25.7832
03/13/2013,30.6000,30.6500,30.4700,30.5100,593600.0000,25.8086
03/14/2013,30.6400,30.6600,30.4900,30.6100,537900.0000,25.8932
03/15/2013,30.5700,30.5700,30.4300,30.4600,712100.0000,25.7663
03/18/2013,30.1600,30.3300,30.1500,30.2300,383400.0000,25.5717
03/19/2013,30.1600,30.2000,29.8800,30.0100,565900.0000,25.3856
03/20/2013,30.1900,30.3400,30.1100,30.3300,482700.0000,25.6563
03/21/2013,30.1400,30.2200,30.0500,30.0500,450800.0000,25.4194
03/22/2013,30.0100,30.1600,29.9800,30.0300,600300.0000,25.4025
03/25/2013,30.1600,30.1900,29.9100,30.0400,899700.0000,25.4110
03/26/2013,30.1600,30.1700,29.9500,30.0100,727800.0000,25.3856
03/27/2013,29.7900,29.8000,29.6500,29.7500,1046800.0000,25.1657
03/28/2013,29.8000,29.9200,29.7300,29.9100,547100.0000,25.3010
04/01/2013,29.8600,29.8900,29.6600,29.6700,309700.0000,25.0980
04/02/2013,29.7400,29.8400,29.7300,29.7900,441500.0000,25.1995
04/03/2013,29.6900,29.7100,29.4300,29.5100,383300.0000,24.9627
04/04/2013,29.3900,29.4000,29.1600,29.1700,718800.0000,24.6751
04/05/2013,28.5800,28.6200,28.4300,28.5800,1827400.0000,24.1760
04/08/2013,28.6200,28.8200,28.5600,28.8000,714600.0000,24.3621
04/09/2013,28.7700,28.9100,28.7100,28.8600,376900.0000,24.4128
04/10/2013,29.1000,29.2600,29.0800,29.2600,1010900.0000,24.7512
04/11/2013,29.2000,29.2700,29.1200,29.2000,519300.0000,24.7004
04/12/2013,28.9200,29.0100,28.7500,28.7500,1102900.0000,24.3198
04/15/2013,28.7200,28.7700,28.4800,28.5000,1486500.0000,24.1083
04/16/2013,28.7600,28.7600,28.6200,28.7400,542800.0000,24.3113
04/17/2013,28.6700,28.6700,28.3700,28.5500,572000.0000,24.1506
04/18/2013,28.5300,28.5900,28.4500,28.4900,402600.0000,24.0998
04/19/2013,28.5100,28.5800,28.5100,28.5300,397100.0000,24.1337
04/22/2013,28.5300,28.5700,28.4300,28.5200,284100.0000,24.1252
04/23/2013,28.4200,28.6300,28.3100,28.6100,370000.0000,24.2013
04/24/2013,28.6300,28.6500,28.5300,28.5400,307000.0000,24.1421
04/25/2013,28.6600,28.7100,28.6500,28.6700,801100.0000,24.2521
04/26/2013,28.4400,28.5000,28.3800,28.4000,706100.0000,24.0237
04/29/2013,28.3600,28.5500,28.3200,28.5100,207400.0000,24.1168
04/30/2013,28.4100,28.5600,28.3200,28.4800,380200.0000,24.0914
05/01/2013,28.3200,28.3200,28.1400,28.1900,565400.0000,23.8461
05/02/2013,28.3000,28.3100,28.2000,28.2300,318800.0000,23.8799
05/03/2013,28.6200,28.9200,28.6100,28.9000,810800.0000,24.4467
05/06/2013,28.8300,29.0500,28.8200,28.9800,1123100.0000,24.5143
05/07/2013,29.0700,29.1000,28.9900,29.0600,500200.0000,24.5820
05/08/2013,29.0300,29.0700,28.9100,29.0400,415100.0000,24.5651
05/09/2013,28.9900,29.1200,28.7800,29.1100,392000.0000,24.6243
05/10/2013,29.1700,29.6300,29.1600,29.4200,1499300.0000,24.8865
05/13/2013,29.6100,29.6900,29.5500,29.6300,552500.0000,25.0642
05/14/2013,29.5000,29.9600,29.4800,29.9600,1042300.0000,25.3433
05/15/2013,29.7100,29.9800,29.6500,29.7400,1395900.0000,25.1572
05/16/2013,29.5900,29.5900,29.3400,29.4400,595900.0000,24.9034
05/17/2013,29.5900,29.8400,29.5300,29.8100,791900.0000,25.2164
05/20/2013,29.6700,29.8800,29.6400,29.8400,399900.0000,25.2418
05/21/2013,29.8500,29.9600,29.5900,29.6100,412100.0000,25.0473
05/22/2013,29.5600,30.1300,29.4300,30.0500,1965900.0000,25.4194
05/23/2013,29.7800,30.1400,29.7500,29.8900,1574300.0000,25.2841
05/24/2013,29.8000,29.8700,29.7000,29.8700,315300.0000,25.2672
05/28/2013,30.0600,30.6400,30.0200,30.6300,1517400.0000,25.9101
05/29/2013,30.4300,30.4600,30.2800,30.3100,1412400.0000,25.6394
05/30/2013,30.2600,30.4400,30.2100,30.3700,1153800.0000,25.6901
05/31/2013,30.3500,30.8300,30.3300,30.4900,2414600.0000,25.7916
06/03/2013,30.6300,30.8000,30.1300,30.3100,1624300.0000,25.6394
06/04/2013,30.5400,30.6000,30.3800,30.5700,1279900.0000,25.8593
06/05/2013,30.4200,30.4500,30.1500,30.1500,1713100.0000,25.5040
06/06/2013,30.2900,30.3900,29.7700,30.1700,783200.0000,25.5210
06/07/2013,30.4700,30.7500,30.2800,30.7300,2655600.0000,25.9947
06/10/2013,30.8800,30.9200,30.7300,30.8400,1462700.0000,26.0877
06/11/2013,30.9800,31.0100,30.4800,30.4900,2312500.0000,25.7916
06/12/2013,30.7700,30.9900,30.5200,30.9400,1885000.0000,26.1723
06/13/2013,30.7500,30.8300,30.4300,30.4400,1312700.0000,25.7494
06/14/2013,30.4700,30.5300,30.3000,30.5300,1118400.0000,25.8255
06/17/2013,30.4900,30.7300,30.4500,30.6800,966900.0000,25.9524
06/18/2013,30.7500,30.8100,30.5400,30.6400,837000.0000,25.9185
06/19/2013,30.5400,31.0900,30.5200,30.9000,2077200.0000,26.1385
06/20/2013,31.3500,31.7700,31.2300,31.4700,2826300.0000,26.6206
06/21/2013,31.5000,32.0000,31.4300,31.9900,1829800.0000,27.0605
06/24/2013,32.2000,32.2000,31.7300,31.8700,2783300.0000,26.9590
06/25/2013,31.8700,32.1600,31.8200,32.1400,1433100.0000,27.1874
06/26/2013,31.8000,32.1000,31.8000,31.9500,2287700.0000,27.0267
06/27/2013,31.6300,31.8100,31.5100,31.6300,1973100.0000,26.7560
06/28/2013,31.7900,31.9000,31.3700,31.3800,858800.0000,26.5445
07/01/2013,31.5500,31.6400,31.3000,31.3200,1219800.0000,26.4937
07/02/2013,31.3200,31.3900,31.2300,31.3900,1355000.0000,26.5530
07/03/2013,31.3800,31.4700,31.3000,31.4100,1005800.0000,26.5699
07/05/2013,32.2200,32.5700,32.1700,32.5500,1516900.0000,27.5342
07/08/2013,32.3100,32.3500,32.1600,32.2600,1427900.0000,27.2889
07/09/2013,32.1800,32.2900,32.1300,32.1800,962500.0000,27.2212
07/10/2013,32.1800,32.5200,32.1800,32.4500,922400.0000,27.4496
07/11/2013,32.1500,32.3100,32.0400,32.0600,1277400.0000,27.1197
07/12/2013,31.8900,32.2100,31.8600,32.0900,702600.0000,27.1451
07/15/2013,32.0800,32.0800,31.9000,31.9300,1059400.0000,27.0098
07/16/2013,31.8400,31.9000,31.7600,31.8100,575500.0000,26.9082
07/17/2013,31.6400,31.7900,31.5800,31.7500,682800.0000,26.8575
07/18/2013,31.8200,32.1500,31.7900,32.1400,725800.0000,27.1874
07/19/2013,31.9000,31.9100,31.6500,31.6600,677000.0000,26.7814
07/22/2013,31.5900,31.6500,31.4800,31.5900,644300.0000,26.7221
07/23/2013,31.7900,31.8800,31.6900,31.7200,526700.0000,26.8321
07/24/2013,32.0500,32.3200,32.0000,32.0800,1043500.0000,27.1366
07/25/2013,32.2800,32.3200,32.1000,32.1300,1059800.0000,27.1789
07/26/2013,31.9400,32.0700,31.8700,31.9700,654800.0000,27.0436
07/29/2013,32.0600,32.2400,32.0100,32.1600,550200.0000,27.2043
07/30/2013,32.0500,32.2500,32.0300,32.1800,437800.0000,27.2212
07/31/2013,32.5500,32.6000,31.9900,32.0600,1529700.0000,27.1197
08/01/2013,32.3100,32.7500,32.3100,32.6200,1566100.0000,27.5934
08/02/2013,32.4500,32.4500,32.2500,32.3100,825600.0000,27.3312
08/05/2013,32.3700,32.5800,32.3700,32.5300,761000.0000,27.5173
08/06/2013,32.6000,32.6500,32.4200,32.4300,854900.0000,27.4327
08/07/2013,32.3900,32.3900,32.1500,32.2100,568500.0000,27.2466
08/08/2013,32.1400,32.1800,31.9500,32.1000,494600.0000,27.1535
08/09/2013,32.2600,32.2800,32.0500,32.0700,316900.0000,27.1282
08/12/2013,31.9600,32.2800,31.9500,32.2800,477200.0000,27.3058
08/13/2013,32.6500,32.7900,32.6300,32.7400,632000.0000,27.6949
08/14/2013,32.7500,32.7700,32.6300,32.6900,601900.0000,27.6526
08/15/2013,33.0200,33.1600,32.8700,33.1500,1547300.0000,28.0418
08/16/2013,33.0800,33.4700,33.0600,33.2600,1375900.0000,28.1348
08/19/2013,33.4000,33.6200,33.3700,33.5600,2690000.0000,28.3886
08/20/2013,33.4100,33.4100,33.2300,33.2900,1080000.0000,28.1602
08/21/2013,33.4400,33.6300,33.2600,33.6000,1455700.0000,28.4224
08/22/2013,33.5300,33.6000,33.3100,33.3200,1895700.0000,28.1856
08/23/2013,33.3500,33.4300,32.8200,32.8900,3563100.0000,27.8218
08/26/2013,32.8200,32.8600,32.7000,32.7200,1324800.0000,27.6780
08/27/2013,32.5900,32.6500,32.2600,32.3100,1989200.0000,27.3312
08/28/2013,32.5000,32.6800,32.4600,32.5900,536900.0000,27.5680
08/29/2013,32.7100,32.7300,32.2500,32.3200,530400.0000,27.3397
08/30/2013,32.3500,32.4100,32.1300,32.3900,858900.0000,27.3989
09/03/2013,32.7000,33.0300,32.7000,32.8200,1728400.0000,27.7626
09/04/2013,32.7500,32.9100,32.6800,32.8900,637900.0000,27.8218
09/05/2013,33.0500,33.3600,33.0100,33.3500,1697700.0000,28.2109
09/06/2013,33.1400,33.2700,32.9300,33.2100,1090800.0000,28.0925
09/09/2013,32.9500,33.1800,32.9200,33.1700,986900.0000,28.0587
09/10/2013,33.2500,33.3800,33.0800,33.3600,948100.0000,28.2194
09/11/2013,33.1900,33.4400,33.0700,33.0700,1154500.0000,27.9741
09/12/2013,32.9000,33.1500,32.8400,33.1400,1029100.0000,28.0333
09/13/2013,33.0000,33.1000,32.9000,32.9900,694800.0000,27.9064
09/16/2013,32.7200,33.1900,32.7000,33.1500,1167000.0000,28.0418
09/17/2013,33.0100,33.1300,32.9300,32.9500,795000.0000,27.8726
09/18/2013,32.9600,33.1700,32.3300,32.4800,2097400.0000,27.4750
09/19/2013,32.4700,32.7500,32.4500,32.6700,2495400.0000,27.6357
09/20/2013,32.5800,32.6700,32.4100,32.4600,1095400.0000,27.4581
09/23/2013,32.4000,32.4200,32.2500,32.2700,775600.0000,27.2974
09/24/2013,32.1700,32.2200,31.9100,31.9200,834300.0000,27.0013
09/25/2013,32.0100,32.0500,31.7900,31.9000,842200.0000,26.9844
09/26/2013,32.0300,32.1300,32.0100,32.0700,633600.0000,27.1282
09/27/2013,32.0700,32.1000,31.9300,31.9900,480400.0000,27.0605
09/30/2013,31.9900,32.1400,31.9100,32.0300,752000.0000,27.0943
10/01/2013,32.1300,32.2200,32.0800,32.1400,555900.0000,27.1874
10/02/2013,32.0800,32.1300,31.9200,32.0900,537700.0000,27.1451
10/03/2013,32.1400,32.1600,31.9500,32.1400,393100.0000,27.1874
10/04/2013,32.1700,32.2600,32.1400,32.2000,552100.0000,27.2381
10/07/2013,32.0400,32.1000,31.9800,32.0500,516400.0000,27.1113
10/08/2013,32.1000,32.1300,31.9400,32.0400,256600.0000,27.1028
10/09/2013,32.1400,32.3000,32.1100,32.3000,419300.0000,27.3227
10/10/2013,32.4300,32.5400,32.2200,32.2200,982800.0000,27.2551
10/11/2013,32.0400,32.2600,32.0200,32.2400,392500.0000,27.2720
10/14/2013,32.2900,32.5900,32.1900,32.5100,280000.0000,27.5004
10/15/2013,32.3800,32.5500,32.3200,32.5500,462400.0000,27.5342
10/16/2013,32.5300,32.6100,32.1100,32.1100,385700.0000,27.1620
10/17/2013,31.9200,31.9800,31.7100,31.8000,725100.0000,26.8998
10/18/2013,31.7100,31.7700,31.5900,31.7600,998900.0000,26.8659
10/21/2013,31.8000,31.9400,31.7800,31.8400,861900.0000,26.9336
10/22/2013,31.5900,31.6000,31.4000,31.4600,1736300.0000,26.6122
10/23/2013,31.4200,31.4200,31.2500,31.3800,1436200.0000,26.5445
10/24/2013,31.2800,31.5000,31.2700,31.5000,796500.0000,26.6460
10/25/2013,31.4300,31.4300,31.3200,31.3600,1293200.0000,26.5276
10/28/2013,31.4700,31.4900,31.3300,31.4900,720800.0000,26.6375
10/29/2013,31.5500,31.5900,31.4100,31.4100,654300.0000,26.5699
10/30/2013,31.4700,31.6600,31.3700,31.6300,734000.0000,26.7560
10/31/2013,31.4800,31.7100,31.4500,31.5500,957600.0000,26.6883
11/01/2013,31.6600,31.9200,31.6500,31.9000,668400.0000,26.9844
11/04/2013,31.8200,31.9000,31.7500,31.8700,415700.0000,26.9590
11/05/2013,32.0000,32.2800,32.0000,32.2700,743700.0000,27.2974
11/06/2013,32.2800,32.3400,32.2000,32.2100,584900.0000,27.2466
11/07/2013,32.2300,32.2400,31.9400,31.9700,874400.0000,27.0436
11/08/2013,32.5700,32.7200,32.5100,32.7200,2155300.0000,27.6780
11/11/2013,32.7000,32.8500,32.6600,32.8300,633800.0000,27.7711
11/12/2013,32.7900,32.8000,32.6700,32.7200,865000.0000,27.6780
11/13/2013,32.5800,32.6300,32.5200,32.5500,716000.0000,27.5342
11/14/2013,32.4200,32.4800,32.1700,32.3700,1341600.0000,27.3819
11/15/2013,32.3100,32.4300,32.2700,32.2900,374000.0000,27.3143
11/18/2013,32.2900,32.3200,32.1000,32.1200,600800.0000,27.1705
11/19/2013,32.2400,32.4100,32.1800,32.3400,794000.0000,27.3566
11/20/2013,32.3800,32.9500,32.2700,32.8700,920500.0000,27.8049
11/21/2013,33.0000,33.0900,32.7800,32.8700,1841400.0000,27.8049
11/22/2013,32.6900,32.6900,32.4800,32.5600,755300.0000,27.5427
11/25/2013,32.5700,32.5700,32.3800,32.4300,764100.0000,27.4327
11/26/2013,32.3500,32.3600,32.2100,32.3300,640000.0000,27.3481
11/27/2013,32.3000,32.5200,32.2900,32.3900,803900.0000,27.3989
11/29/2013,32.4900,32.5200,32.2700,32.3200,577200.0000,27.3397
12/02/2013,32.4300,32.6400,32.4200,32.5900,602900.0000,27.5680
12/03/2013,32.5000,32.5600,32.4200,32.4900,625400.0000,27.4835
12/04/2013,32.8100,32.9100,32.7100,32.8100,745000.0000,27.7541
12/05/2013,32.8800,32.9600,32.7600,32.8800,1322500.0000,27.8134
12/06/2013,32.8500,32.9200,32.7200,32.7500,924000.0000,27.7034
12/09/2013,32.7500,32.7500,32.6200,32.6500,560800.0000,27.6188
12/10/2013,32.4400,32.5600,32.3900,32.4400,783800.0000,27.4412
12/11/2013,32.5300,32.6800,32.4500,32.6500,550200.0000,27.6188
12/12/2013,32.6700,32.8200,32.6500,32.7600,670400.0000,27.7118
12/13/2013,32.6400,32.7400,32.5900,32.6400,509100.0000,27.6103
12/16/2013,32.5100,32.7700,32.4600,32.7300,551700.0000,27.6865
12/17/2013,32.8100,32.8100,32.5400,32.6100,700200.0000,27.5850
12/18/2013,32.7400,32.8600,32.4600,32.7300,1030000.0000,27.6865
12/19/2013,32.7300,32.8500,32.6800,32.7800,1627500.0000,27.7288
12/20/2013,32.4400,32.5700,32.2600,32.2700,1182200.0000,27.2974
12/23/2013,32.3400,32.4700,32.2400,32.4400,668300.0000,27.4412
12/24/2013,32.6200,32.7400,32.5500,32.7400,454800.0000,27.6949
12/26/2013,32.7800,32.8700,32.7600,32.8300,556500.0000,27.7711
12/27/2013,32.8200,32.9700,32.7600,32.9400,658400.0000,27.8641
12/30/2013,32.8100,32.8300,32.6700,32.7200,699300.0000,27.6780
12/31/2013,32.7600,33.1200,32.6800,32.8900,1125300.0000,27.8218
01/02/2014,32.9500,32.9500,32.7200,32.8000,626400.0000,27.7457
01/03/2014,32.9000,32.9200,32.7100,32.8100,450100.0000,27.7541
01/06/2014,32.7400,32.7400,32.5300,32.6400,719600.0000,27.6103
01/07/2014,32.5800,32.6700,32.5300,32.6000,643100.0000,27.5765
01/08/2014,32.7000,32.8100,32.6300,32.6300,604600.0000,27.6019
01/09/2014,32.5200,32.6800,32.4700,32.4800,705500.0000,27.4750
01/10/2014,32.2900,32.3000,32.0400,32.1000,1310000.0000,27.1535
01/13/2014,32.0600,32.0600,31.8500,31.8900,1140300.0000,26.9759
01/14/2014,31.9800,32.0900,31.9400,32.0900,1222700.0000,27.1451
01/15/2014,32.1600,32.2000,32.0200,32.0900,997300.0000,27.1451
01/16/2014,31.9200,31.9500,31.8500,31.8800,879600.0000,26.9675
01/17/2014,31.9200,31.9400,31.7100,31.7100,1321900.0000,26.8237
01/21/2014,31.7400,31.7400,31.6500,31.7000,969400.0000,26.8152
01/22/2014,31.7700,31.8000,31.6500,31.7600,697500.0000,26.8659
01/23/2014,31.5900,31.6000,31.2300,31.3400,1201200.0000,26.5107
01/24/2014,31.2000,31.2700,31.1200,31.1400,1241300.0000,26.3415
01/27/2014,31.1900,31.3600,31.0800,31.3500,1361800.0000,26.5191
01/28/2014,31.2800,31.3900,31.2500,31.2500,571300.0000,26.4345
01/29/2014,31.1400,31.2500,30.9200,31.0100,2684900.0000,26.2315
01/30/2014,31.1400,31.2200,31.0600,31.0700,1063100.0000,26.2823
01/31/2014,30.9100,31.0000,30.8400,30.9100,926700.0000,26.1469
02/03/2014,30.9300,31.0000,30.4900,30.5000,2501100.0000,25.8001
02/04/2014,30.7100,30.8700,30.6800,30.8200,1022300.0000,26.0708
02/05/2014,30.9500,31.1500,30.9200,31.0900,1233200.0000,26.2992
02/06/2014,31.1600,31.2900,31.1400,31.2400,358100.0000,26.4261
02/07/2014,31.3100,31.3100,31.0800,31.2100,688200.0000,26.4007
02/10/2014,31.2700,31.2700,31.1100,31.1300,308800.0000,26.3330
02/11/2014,31.2700,31.3900,31.2400,31.3100,462000.0000,26.4853
02/12/2014,31.4000,31.5300,31.3700,31.4500,573100.0000,26.6037
02/13/2014,31.2500,31.3400,31.2200,31.2800,473100.0000,26.4599
02/14/2014,31.2600,31.3500,31.2200,31.2800,305600.0000,26.4599
02/18/2014,31.2300,31.2500,31.0700,31.1800,333000.0000,26.3753
02/19/2014,31.0800,31.3400,31.0600,31.3100,435300.0000,26.4853
02/20/2014,31.3400,31.5200,31.2500,31.3700,484200.0000,26.5360
02/21/2014,31.4300,31.4300,31.2200,31.2300,211300.0000,26.4176
02/24/2014,31.2200,31.3700,31.2100,31.3100,463400.0000,26.4853
02/25/2014,31.1500,31.1500,31.0100,31.0100,356700.0000,26.2315
02/26/2014,31.0200,31.0500,30.8500,30.8500,361200.0000,26.0962
02/27/2014,30.7400,30.8000,30.6700,30.6700,405600.0000,25.9439
02/28/2014,30.7600,30.8800,30.6100,30.6400,505100.0000,25.9185
03/03/2014,30.5000,30.5600,30.4300,30.4500,898600.0000,25.7578
03/04/2014,30.6400,30.9100,30.6400,30.8900,614400.0000,26.1300
03/05/2014,30.9100,30.9600,30.8100,30.8600,457600.0000,26.1046
03/06/2014,31.1000,31.1600,31.0300,31.1500,272800.0000,26.3499
03/07/2014,31.4300,31.4300,31.2700,31.3600,652900.0000,26.5276
03/10/2014,31.3400,31.3800,31.2700,31.2900,483400.0000,26.4684
03/11/2014,31.3300,31.3700,31.2100,31.2300,652300.0000,26.4176
03/12/2014,31.0400,31.0800,30.9300,30.9900,373900.0000,26.2146
03/13/2014,31.0900,31.1100,30.5700,30.5700,639900.0000,25.8593
03/14/2014,30.4700,30.6300,30.4300,30.5700,1068600.0000,25.8593
03/17/2014,30.6600,30.8100,30.6300,30.7900,573700.0000,26.0454
03/18/2014,30.8000,30.8200,30.6700,30.6700,271900.0000,25.9439
03/19/2014,30.7300,31.0200,30.7200,30.9300,547600.0000,26.1638
03/20/2014,30.9600,31.0000,30.8200,30.9600,637100.0000,26.1892
03/21/2014,30.8800,30.8900,30.6400,30.6700,1592200.0000,25.9439
03/24/2014,30.7000,30.7300,30.3900,30.4100,1444600.0000,25.7240
03/25/2014,30.6000,30.6500,30.4600,30.5300,876400.0000,25.8255
03/26/2014,30.5600,30.5600,30.2800,30.3100,924400.0000,25.6394
03/27/2014,30.2700,30.3000,30.0300,30.1400,1098300.0000,25.4956
03/28/2014,30.1700,30.4100,30.1700,30.3200,755200.0000,25.6478
03/31/2014,30.4600,30.5900,30.3500,30.3700,538000.0000,25.6901
04/01/2014,30.5300,30.6600,30.5100,30.6600,409000.0000,25.9355
04/02/2014,30.7800,30.8500,30.7400,30.8100,1202400.0000,26.0623
04/03/2014,30.7500,30.7700,30.6200,30.6800,1108500.0000,25.9524
04/04/2014,30.6600,30.6600,30.4100,30.4900,1305000.0000,25.7916
04/07/2014,30.4200,30.4300,30.2400,30.2700,899500.0000,25.6056
04/08/2014,30.3200,30.4000,30.1900,30.2100,915400.0000,25.5548
04/09/2014,30.3400,30.4000,30.2200,30.3500,498000.0000,25.6732
04/10/2014,30.3500,30.3500,29.9600,30.0700,1320200.0000,25.4364
04/11/2014,29.9000,29.9900,29.8100,29.8200,952300.0000,25.2249
04/14/2014,29.9000,29.9400,29.8300,29.9100,355900.0000,25.3010
04/15/2014,29.8600,29.9400,29.6200,29.7500,666100.0000,25.1657
04/16/2014,29.9200,29.9300,29.6900,29.6900,472000.0000,25.1149
04/17/2014,29.6700,30.1000,29.6400,30.0000,635000.0000,25.3772
04/21/2014,29.9100,30.0600,29.8500,30.0300,262500.0000,25.4025
04/22/2014,30.1100,30.1300,29.9000,29.9200,356000.0000,25.3095
04/23/2014,29.8500,29.8800,29.7300,29.7600,509600.0000,25.1741
04/24/2014,29.9000,29.9000,29.7000,29.7200,516900.0000,25.1403
04/25/2014,29.6100,29.6700,29.4800,29.6700,566400.0000,25.0980
04/28/2014,29.7200,29.8600,29.6700,29.8000,878100.0000,25.2080
04/29/2014,29.9700,29.9900,29.8100,29.8300,614500.0000,25.2333
04/30/2014,29.7900,29.8900,29.6700,29.7100,491900.0000,25.1318
05/01/2014,29.6800,29.7000,29.3800,29.4300,995700.0000,24.8950
05/02/2014,29.5000,29.5800,29.1100,29.2000,2055600.0000,24.7004
05/05/2014,29.2200,29.4200,29.1800,29.3900,830800.0000,24.8612
05/06/2014,29.3400,29.3700,29.2100,29.2500,519300.0000,24.7427
05/07/2014,29.3100,29.3900,29.2400,29.3600,1642800.0000,24.8358
05/08/2014,29.3000,29.5200,29.1800,29.4800,1542000.0000,24.9373
05/09/2014,29.5100,29.6500,29.4300,29.5600,608800.0000,25.0050
05/12/2014,29.6300,29.7700,29.6000,29.6800,516200.0000,25.1065
05/13/2014,29.5400,29.5500,29.4300,29.4300,344700.0000,24.8950
05/14/2014,29.2100,29.2100,29.0500,29.1200,980100.0000,24.6328
05/15/2014,28.9200,28.9500,28.7400,28.9000,1959100.0000,24.4467
05/16/2014,28.9400,29.0000,28.8500,28.9800,2073000.0000,24.5143
05/19/2014,28.8500,29.1900,28.8500,29.1500,873000.0000,24.6581
05/20/2014,29.2000,29.2000,28.9800,29.1200,705100.0000,24.6328
05/21/2014,29.2900,29.3900,29.2500,29.2700,987500.0000,24.7596
05/22/2014,29.2600,29.4000,29.2400,29.3100,433100.0000,24.7935
05/23/2014,29.2000,29.2200,29.1100,29.1500,314200.0000,24.6581
05/27/2014,29.1100,29.2400,28.9700,28.9800,534400.0000,24.5143
05/28/2014,28.8000,28.8100,28.5900,28.6400,1535200.0000,24.2267
05/29/2014,28.5800,28.7900,28.5200,28.7800,851400.0000,24.3451
05/30/2014,28.8400,28.9100,28.7200,28.8000,1389700.0000,24.3621
06/02/2014,29.0000,29.1100,28.8200,29.0100,896900.0000,24.5397
06/03/2014,29.1200,29.3700,29.1100,29.3600,584700.0000,24.8358
06/04/2014,29.3200,29.4400,29.2900,29.3800,987200.0000,24.8527
06/05/2014,29.4900,29.5000,29.2500,29.3600,563500.0000,24.8358
06/06/2014,29.2300,29.3800,29.1500,29.3700,712600.0000,24.8442
06/09/2014,29.4000,29.4500,29.3400,29.3900,495400.0000,24.8612
06/10/2014,29.4800,29.5500,29.4300,29.4800,1287400.0000,24.9373
06/11/2014,29.4700,29.5500,29.3700,29.4600,1066200.0000,24.9204
06/12/2014,29.4300,29.5100,29.1400,29.2000,984900.0000,24.7004
06/13/2014,29.3400,29.3500,29.0700,29.1800,543100.0000,24.6835
06/16/2014,29.1800,29.1900,29.0500,29.1100,833700.0000,24.6243
06/17/2014,29.2000,29.3500,29.2000,29.3300,589100.0000,24.8104
06/18/2014,29.2800,29.6000,29.0200,29.1000,596700.0000,24.6158
06/19/2014,29.1000,29.5300,29.0700,29.4900,982900.0000,24.9457
06/20/2014,29.5000,29.5000,29.2600,29.2600,443900.0000,24.7512
06/23/2014,29.2000,29.3500,29.1600,29.3400,512600.0000,24.8189
06/24/2014,29.1500,29.2600,29.0300,29.0400,571900.0000,24.5651
06/25/2014,28.9100,29.0200,28.8600,28.9700,463700.0000,24.5059
06/26/2014,28.8800,28.8900,28.7500,28.8400,813900.0000,24.3959
06/27/2014,28.7600,28.9000,28.7400,28.8900,657400.0000,24.4382
06/30/2014,28.8100,28.9200,28.7400,28.8000,559000.0000,24.3621
07/01/2014,29.0000,29.0700,28.9400,29.0600,554700.0000,24.5820
07/02/2014,29.2000,29.3900,29.2000,29.3500,534000.0000,24.8273
07/03/2014,29.5500,29.5500,29.4200,29.4600,614500.0000,24.9204
07/07/2014,29.3100,29.3100,29.1600,29.2400,707700.0000,24.7343
07/08/2014,29.0500,29.0500,28.8900,28.9100,1311100.0000,24.4551
07/09/2014,28.9400,29.0200,28.8200,28.8700,731000.0000,24.4213
07/10/2014,28.7000,28.9500,28.6700,28.9000,1524400.0000,24.4467
07/11/2014,28.7800,28.7800,28.6800,28.7100,694300.0000,24.2859
07/14/2014,28.7700,28.8600,28.7400,28.8200,661900.0000,24.3790
07/15/2014,28.8800,28.9600,28.7200,28.8800,466800.0000,24.4297
07/16/2014,28.8300,28.8500,28.6900,28.7300,438100.0000,24.3028
07/17/2014,28.5100,28.6000,28.3200,28.3600,1094300.0000,23.9899
07/18/2014,28.3700,28.5500,28.3400,28.4400,793500.0000,24.0575
07/21/2014,28.3300,28.3300,28.1800,28.3100,1415700.0000,23.9476
07/22/2014,28.3000,28.4100,28.2100,28.2400,598000.0000,23.8884
07/23/2014,28.2000,28.2900,28.1700,28.2800,462500.0000,23.9222
07/24/2014,28.4400,28.5100,28.4300,28.4900,614800.0000,24.0998
07/25/2014,28.2500,28.2800,28.1600,28.1700,1647000.0000,23.8291
07/28/2014,28.1700,28.2800,28.1000,28.1800,1261600.0000,23.8376
07/29/2014,28.0900,28.2100,28.0500,28.0900,978600.0000,23.7615
07/30/2014,28.2800,28.5100,28.2200,28.4900,1285200.0000,24.0998
07/31/2014,28.6500,28.6900,28.4100,28.5500,1264200.0000,24.1506
08/01/2014,28.5800,28.6800,28.2700,28.3300,867900.0000,23.9645
08/04/2014,28.3500,28.4100,28.2700,28.4100,1225100.0000,24.0322
08/05/2014,28.4400,28.5500,28.2800,28.3200,957700.0000,23.9560
08/06/2014,28.1200,28.3200,28.1000,28.3000,871600.0000,23.9391
08/07/2014,28.2700,28.3200,28.0400,28.0500,498300.0000,23.7276
08/08/2014,27.9900,28.1200,27.8800,28.1000,995600.0000,23.7699
08/11/2014,28.0600,28.1500,28.0100,28.0900,659500.0000,23.7615
08/12/2014,28.1200,28.2800,28.1000,28.2800,318900.0000,23.9222
08/13/2014,28.2300,28.2700,28.0700,28.0900,701400.0000,23.7615
08/14/2014,27.9600,28.1100,27.8400,27.8700,877700.0000,23.5754
08/15/2014,27.7900,27.8000,27.3900,27.5700,2545800.0000,23.3216
08/18/2014,27.6600,27.8600,27.6500,27.8100,1293100.0000,23.5246
08/19/2014,27.6900,27.9500,27.6700,27.8900,682000.0000,23.5923
08/20/2014,27.9300,28.0500,27.9200,27.9700,384900.0000,23.6600
08/21/2014,27.9400,27.9400,27.7600,27.7900,542300.0000,23.5077
08/22/2014,27.7800,27.8900,27.6000,27.6200,914600.0000,23.3639
08/25/2014,27.6100,27.6400,27.5100,27.5200,633700.0000,23.2793
08/26/2014,27.4900,27.6500,27.4600,27.6100,525600.0000,23.3554
08/27/2014,27.5100,27.6000,27.3700,27.3700,1220100.0000,23.1524
08/28/2014,27.1800,27.3000,27.1400,27.2400,982600.0000,23.0425
08/29/2014,27.2300,27.2700,27.1300,27.2000,737600.0000,23.0086
09/02/2014,27.5300,27.6900,27.5200,27.6900,862400.0000,23.4231
09/03/2014,27.7400,27.7700,27.5200,27.5200,521500.0000,23.2793
09/04/2014,27.7200,27.8600,27.6400,27.8600,1290000.0000,23.5669
09/05/2014,27.7300,27.9800,27.7100,27.9100,1074800.0000,23.6092
09/08/2014,27.7300,27.9800,27.6900,27.9000,624700.0000,23.6007
09/09/2014,27.9800,27.9800,27.8800,27.9300,1019700.0000,23.6261
09/10/2014,28.0800,28.1300,28.0500,28.0900,715000.0000,23.7615
09/11/2014,28.0000,28.1900,27.9400,28.1800,738400.0000,23.8376
09/12/2014,28.4100,28.5200,28.3500,28.4700,1243500.0000,24.0829
09/15/2014,28.3600,28.4800,28.3000,28.4200,1378300.0000,24.0406
09/16/2014,28.4000,28.5400,28.3600,28.5400,927500.0000,24.1421
09/17/2014,28.4400,28.6400,28.3500,28.6200,1255700.0000,24.2098
09/18/2014,28.5100,28.6000,28.4500,28.5000,618700.0000,24.1083
09/19/2014,28.4000,28.5100,28.1400,28.1500,400500.0000,23.8122
09/22/2014,28.1500,28.1800,28.0500,28.1400,521200.0000,23.8038
09/23/2014,28.0900,28.1200,27.9400,27.9400,875400.0000,23.6346
09/24/2014,27.9900,28.1300,27.9300,28.0900,853300.0000,23.7615
09/25/2014,27.9800,27.9800,27.7700,27.7800,398200.0000,23.4992
09/26/2014,27.8000,27.8900,27.7400,27.8100,657300.0000,23.5246
09/29/2014,27.5700,27.6400,27.5400,27.5800,357500.0000,23.3301
09/30/2014,27.6500,27.7700,27.5600,27.7400,359000.0000,23.4654
10/01/2014,27.5300,27.5300,27.2000,27.2000,1075300.0000,23.0086
10/02/2014,27.2800,27.4500,27.2100,27.4400,653900.0000,23.2116
10/03/2014,27.4800,27.5200,27.3000,27.3100,476400.0000,23.1017
10/06/2014,27.3500,27.3800,27.2000,27.3100,417700.0000,23.1017
10/07/2014,27.1800,27.2000,26.9200,26.9200,740000.0000,22.7718
10/08/2014,26.9200,27.1200,26.8900,26.9100,1040300.0000,22.7633
10/09/2014,26.9300,27.0500,26.8600,27.0300,889300.0000,22.8648
10/10/2014,26.8900,26.9300,26.7400,26.7600,769600.0000,22.6364
10/13/2014,26.7400,26.7600,26.5100,26.5900,528500.0000,22.4926
10/14/2014,26.4600,26.6300,26.3700,26.4300,1219600.0000,22.3573
10/15/2014,25.7400,26.3400,25.0200,26.2000,3547900.0000,22.1627
10/16/2014,25.8500,26.4300,25.8500,26.3700,4151200.0000,22.3065
10/17/2014,26.5100,26.6500,26.3900,26.5100,1155600.0000,22.4249
10/20/2014,26.3500,26.5400,26.3500,26.4300,1101900.0000,22.3573
10/21/2014,26.5500,26.6300,26.4800,26.6100,490600.0000,22.5095
10/22/2014,26.6400,26.6900,26.5600,26.6100,535500.0000,22.5095
10/23/2014,26.7100,26.9500,26.7100,26.8400,609600.0000,22.7041
10/24/2014,26.7600,26.8700,26.6400,26.8200,579800.0000,22.6872
10/27/2014,26.7800,26.8100,26.6800,26.7500,367900.0000,22.6280
10/28/2014,26.8500,26.9400,26.8200,26.9100,668200.0000,22.7633
10/29/2014,26.9800,27.0800,26.7800,26.8700,702300.0000,22.7295
10/30/2014,26.6700,26.8500,26.6400,26.8300,763600.0000,22.6956
10/31/2014,26.8900,27.0000,26.8000,26.9100,402900.0000,22.7633
11/03/2014,26.9100,27.0700,26.8600,26.9000,816900.0000,22.7548
11/04/2014,26.7900,26.8700,26.6900,26.8300,506700.0000,22.6956
11/05/2014,26.9100,26.9400,26.8100,26.8300,272800.0000,22.6956
11/06/2014,26.9700,27.0600,26.9100,27.0300,325200.0000,22.8648
11/07/2014,26.9600,26.9600,26.7200,26.7300,348800.0000,22.6110
11/10/2014,26.7700,26.9900,26.7600,26.9800,271000.0000,22.8225
11/11/2014,26.9800,27.0400,26.9200,26.9400,684000.0000,22.7887
11/12/2014,26.8100,26.9900,26.7600,26.9600,359700.0000,22.8056
11/13/2014,26.9500,27.0000,26.8400,26.9100,534300.0000,22.7633
11/14/2014,26.9200,26.9400,26.7300,26.7800,370100.0000,22.6533
11/17/2014,26.6900,26.9000,26.6900,26.8200,877800.0000,22.6872
11/18/2014,26.7900,26.8200,26.7400,26.7600,361900.0000,22.6364
11/19/2014,26.8900,26.9300,26.7400,26.9000,495000.0000,22.7548
11/20/2014,26.6600,26.8600,26.6500,26.7800,720200.0000,22.6533
11/21/2014,26.7300,26.7500,26.6000,26.6200,370600.0000,22.5180
11/24/2014,26.7100,26.7400,26.5700,26.5900,848100.0000,22.4926
11/25/2014,26.5700,26.5700,26.3500,26.3700,618900.0000,22.3065
11/26/2014,26.2700,26.3100,26.2200,26.3100,628800.0000,22.2558
11/28/2014,26.1700,26.1700,26.0600,26.0900,872100.0000,22.0697
12/01/2014,25.9800,26.2400,25.9600,26.2200,1030700.0000,22.1796
12/02/2014,26.3700,26.4800,26.3700,26.4700,666100.0000,22.3911
12/03/2014,26.4800,26.5300,26.3800,26.4000,688800.0000,22.3319
12/04/2014,26.4100,26.4100,26.1700,26.1700,780000.0000,22.1373
12/05/2014,26.2000,26.4300,26.2000,26.2900,1104200.0000,22.2388
12/08/2014,26.2300,26.2600,25.9300,26.0000,956000.0000,21.9935
12/09/2014,25.7900,25.9100,25.7000,25.8500,995700.0000,21.8666
12/10/2014,25.8500,25.8800,25.6100,25.6600,747400.0000,21.7059
12/11/2014,25.7500,25.8300,25.5900,25.6100,598600.0000,21.6636
12/12/2014,25.4000,25.4800,25.2000,25.2100,1353300.0000,21.3253
12/15/2014,25.3300,25.3800,25.1300,25.2400,820900.0000,21.3506
12/16/2014,24.9900,25.1800,24.9300,24.9400,3188400.0000,21.0969
12/17/2014,25.0700,25.3700,25.0200,25.1600,1725900.0000,21.2830
12/18/2014,25.4800,25.6000,25.4400,25.5600,879900.0000,21.6213
12/19/2014,25.5500,25.5700,25.2600,25.2700,533000.0000,21.3760
12/22/2014,25.3700,25.3800,25.2100,25.2200,797400.0000,21.3337
12/23/2014,25.3400,25.7600,25.3300,25.7400,1076600.0000,21.7736
12/24/2014,25.7800,25.8200,25.5800,25.5900,639300.0000,21.6467
12/26/2014,25.4700,25.5900,25.4600,25.5000,263100.0000,21.5706
12/29/2014,25.3900,25.4200,25.2400,25.3000,822800.0000,21.4014
12/30/2014,25.1700,25.2700,25.1300,25.2300,863500.0000,21.3422
12/31/2014,25.2100,25.2400,25.1400,25.1500,1076800.0000,21.2745
01/02/2015,25.1100,25.1200,24.8400,24.9100,539900.0000,21.0715
01/05/2015,24.7800,24.7900,24.4500,24.5100,728400.0000,20.7331
01/06/2015,24.2500,24.3600,23.9200,24.0800,2293700.0000,20.3694
01/07/2015,24.2500,24.3500,24.0300,24.1300,730600.0000,20.4117
01/08/2015,24.3200,24.4800,24.3200,24.4300,1909100.0000,20.6655
01/09/2015,24.5300,24.5500,24.1700,24.1800,475400.0000,20.4540
01/12/2015,24.1800,24.2100,23.9600,24.0600,594900.0000,20.3525
01/13/2015,24.1200,24.1600,23.9000,24.0500,638300.0000,20.3440
01/14/2015,23.6800,23.8800,23.6300,23.8700,1055700.0000,20.1918
01/15/2015,23.8400,23.8700,23.4500,23.4900,731300.0000,19.8703
01/16/2015,23.5800,23.8200,23.5300,23.8000,952700.0000,20.1325
01/20/2015,23.6000,23.6200,23.4500,23.4800,470900.0000,19.8619
01/21/2015,23.4400,23.8300,23.3700,23.7500,956400.0000,20.0902
01/22/2015,23.6300,23.9600,23.6200,23.8300,759200.0000,20.1579
01/23/2015,23.6000,23.6100,23.4400,23.5200,466400.0000,19.8957
01/26/2015,23.5000,23.6300,23.4300,23.5800,616900.0000,19.9464
01/27/2015,23.3200,23.6100,23.2800,23.5400,429000.0000,19.9126
01/28/2015,23.5200,23.5200,23.0500,23.1600,808600.0000,19.5912
01/29/2015,23.2600,23.3700,23.1700,23.2900,566700.0000,19.7011
01/30/2015,23.0000,23.0700,22.8700,22.9100,974900.0000,19.3797
02/02/2015,23.1100,23.1200,22.9200,22.9900,736400.0000,19.4474
02/03/2015,23.3000,23.5000,23.2800,23.4800,566200.0000,19.8619
02/04/2015,23.6500,23.7200,23.3900,23.4400,596600.0000,19.8280
02/05/2015,23.5700,23.7100,23.5300,23.6800,485500.0000,20.0310
02/06/2015,23.9000,24.1600,23.8600,24.1000,880800.0000,20.3863
02/09/2015,23.9100,24.1300,23.9000,24.1300,802500.0000,20.4117
02/10/2015,24.2400,24.3700,24.1800,24.3100,333500.0000,20.5640
02/11/2015,24.3200,24.4600,24.2200,24.2900,262400.0000,20.5470
02/12/2015,24.3500,24.3800,24.1800,24.3800,338900.0000,20.6232
02/13/2015,24.3800,24.6300,24.3800,24.6300,350800.0000,20.8346
02/17/2015,24.7100,25.0400,24.6700,24.9600,939500.0000,21.1138
02/18/2015,24.8500,24.9400,24.6900,24.8600,621400.0000,21.0292
02/19/2015,24.8900,24.9900,24.7400,24.9800,365300.0000,21.1307
02/20/2015,24.8000,25.0200,24.6300,24.9300,755100.0000,21.0884
02/23/2015,24.7700,24.7900,24.5900,24.6600,359900.0000,20.8600
02/24/2015,24.6800,24.7700,24.2900,24.3200,621200.0000,20.5724
02/25/2015,24.3600,24.4100,24.1600,24.1900,497300.0000,20.4624
02/26/2015,24.2800,24.5400,24.1900,24.5300,492100.0000,20.7500
02/27/2015,24.4100,24.5600,24.3100,24.3400,369000.0000,20.5893
03/02/2015,24.3800,24.7900,24.3600,24.7800,408200.0000,20.9615
03/03/2015,24.7800,24.8800,24.6900,24.8700,967200.0000,21.0377
03/04/2015,24.7700,24.9100,24.7500,24.8400,486200.0000,21.0123
03/05/2015,24.8600,24.9600,24.7700,24.8900,536400.0000,21.0546
03/06/2015,25.2300,25.5500,25.1800,25.4500,2222000.0000,21.5283
03/09/2015,25.1800,25.3100,25.1600,25.1800,968600.0000,21.2999
03/10/2015,24.9400,24.9700,24.8300,24.8700,668100.0000,21.0377
03/11/2015,24.8700,24.8900,24.6300,24.6700,795400.0000,20.8685
03/12/2015,24.4800,24.7800,24.4800,24.6900,757500.0000,20.8854
03/13/2015,24.7700,24.8300,24.6100,24.7600,439700.0000,20.9446
03/16/2015,24.5200,24.6600,24.4900,24.5300,250800.0000,20.7500
03/17/2015,24.4200,24.4600,24.3100,24.3200,334400.0000,20.5724
03/18/2015,24.1500,24.3600,23.8500,23.8500,3369800.0000,20.1748
03/19/2015,23.9300,24.0800,23.8400,23.9700,817400.0000,20.2763
03/20/2015,23.9100,23.9300,23.8300,23.8400,363700.0000,20.1664
03/23/2015,23.8100,23.9500,23.8100,23.8700,336200.0000,20.1918
03/24/2015,23.8100,23.8500,23.6500,23.6500,330400.0000,20.0057
03/25/2015,23.6200,23.8600,23.6200,23.8500,352500.0000,20.1748
03/26/2015,23.9500,24.2700,23.9300,24.2000,326300.0000,20.4709
03/27/2015,24.1300,24.1300,23.9100,23.9100,300600.0000,20.2256
03/30/2015,23.9600,24.0800,23.9300,24.0300,412900.0000,20.3271
03/31/2015,24.0700,24.1300,23.9400,23.9900,352900.0000,20.2933
04/01/2015,23.8100,23.8200,23.6100,23.6500,574100.0000,20.0057
04/02/2015,23.7100,23.9500,23.6900,23.9300,558400.0000,20.2425
04/06/2015,23.7700,24.0900,23.7700,24.0300,984700.0000,20.3271
04/07/2015,24.0200,24.0800,23.8300,23.8500,243500.0000,20.1748
04/08/2015,23.8500,24.0400,23.8000,23.8500,319300.0000,20.1748
04/09/2015,23.8800,24.2000,23.8700,24.1300,587400.0000,20.4117
04/10/2015,23.9800,24.1300,23.9500,24.1000,593200.0000,20.3863
04/13/2015,24.1200,24.1500,24.0400,24.0700,702900.0000,20.3609
04/14/2015,23.7900,23.9400,23.6900,23.9200,779700.0000,20.2341
04/15/2015,23.8500,23.9800,23.8000,23.9300,505000.0000,20.2425
04/16/2015,23.9000,24.1500,23.8900,24.0400,374100.0000,20.3356
04/17/2015,24.0900,24.0900,23.7200,23.7800,725600.0000,20.1156
04/20/2015,23.8500,24.0400,23.8500,23.9800,464500.0000,20.2848
04/21/2015,23.9700,24.1000,23.9400,24.0700,407800.0000,20.3609
04/22/2015,24.1100,24.4900,24.1100,24.4600,1025500.0000,20.6908
04/23/2015,24.4400,24.4700,24.2400,24.3400,326100.0000,20.5893
04/24/2015,24.2900,24.2900,24.1300,24.2000,383900.0000,20.4709
04/27/2015,24.2000,24.3200,24.1100,24.1900,201500.0000,20.4624
04/28/2015,24.3700,24.5300,24.2600,24.5300,765600.0000,20.7500
04/29/2015,24.8000,24.9000,24.6900,24.8300,485000.0000,21.0038
04/30/2015,24.9500,25.0600,24.7500,24.7700,1077000.0000,20.9531
05/01/2015,24.9600,25.1700,24.9200,25.1200,727900.0000,21.2491
05/04/2015,25.0400,25.3700,25.0100,25.3500,1666300.0000,21.4437
05/05/2015,25.3500,25.5900,25.3200,25.3900,1518500.0000,21.4775
05/06/2015,25.5300,25.8600,25.5000,25.8100,1601000.0000,21.8328
05/07/2015,25.6400,25.6600,25.4000,25.4900,3349800.0000,21.5621
05/08/2015,25.2100,25.4400,25.2000,25.3900,476900.0000,21.4775
05/11/2015,25.5700,26.0300,25.5700,26.0300,1278000.0000,22.0189
05/12/2015,26.1100,26.1800,25.8000,25.9500,1614700.0000,21.9512
05/13/2015,25.7700,26.2200,25.7700,26.1600,706700.0000,22.1289
05/14/2015,26.1600,26.2100,25.9600,26.1000,831500.0000,22.0781
05/15/2015,25.8300,25.8500,25.4900,25.5600,1343000.0000,21.6213
05/18/2015,25.8500,26.0000,25.8200,25.9700,602900.0000,21.9682
05/19/2015,26.2800,26.2900,25.9200,26.2200,631300.0000,22.1796
05/20/2015,26.1800,26.2900,26.0100,26.1800,437600.0000,22.1458
05/21/2015,25.9700,26.0000,25.7600,25.8200,657800.0000,21.8413
05/22/2015,25.7300,25.9200,25.7200,25.8100,706300.0000,21.8328
05/26/2015,25.7100,25.7200,25.3400,25.3400,886400.0000,21.4352
05/27/2015,25.4100,25.5200,25.2700,25.2900,345300.0000,21.3929
05/28/2015,25.3300,25.3900,25.2300,25.3400,298800.0000,21.4352
05/29/2015,25.2000,25.3300,25.1300,25.2800,450600.0000,21.3845
06/01/2015,25.3700,25.6300,25.3100,25.5400,1010700.0000,21.6044
06/02/2015,25.7500,25.9700,25.7300,25.9200,565200.0000,21.9259
06/03/2015,26.1300,26.4000,26.1100,26.3300,1218800.0000,22.2727
06/04/2015,26.1400,26.1900,25.9400,26.0100,1853300.0000,22.0020
06/05/2015,26.2300,26.3400,26.0900,26.3100,2681900.0000,22.2558
06/08/2015,26.2200,26.3500,26.1800,26.3300,763300.0000,22.2727
06/09/2015,26.4100,26.6200,26.4000,26.5400,904700.0000,22.4503
06/10/2015,26.6700,26.8300,26.6300,26.7500,1368900.0000,22.6280
06/11/2015,26.5300,26.5900,26.2000,26.2300,725600.0000,22.1881
06/12/2015,26.2700,26.2800,25.9500,26.2100,751900.0000,22.1712
06/15/2015,25.9700,26.2400,25.9500,26.1500,787200.0000,22.1204
06/16/2015,26.0500,26.2000,25.9500,25.9600,422700.0000,21.9597
06/17/2015,26.0900,26.3300,26.0600,26.1600,693900.0000,22.1289
06/18/2015,26.3200,26.4600,26.2400,26.2800,565000.0000,22.2304
06/19/2015,26.0700,26.0700,25.9200,25.9500,1328500.0000,21.9512
06/22/2015,26.2100,26.4800,26.1400,26.4600,420000.0000,22.3826
06/23/2015,26.6900,26.6900,26.4000,26.6200,480000.0000,22.5180
06/24/2015,26.5000,26.5700,26.3400,26.3900,390300.0000,22.3234
06/25/2015,26.4800,26.5500,26.3700,26.5000,435900.0000,22.4165
06/26/2015,26.6900,26.8500,26.6400,26.7600,409300.0000,22.6364
06/29/2015,26.3500,26.4700,25.9800,26.1000,1837400.0000,22.0781
06/30/2015,26.2600,26.2700,25.9800,26.2300,660100.0000,22.1881
07/01/2015,26.5600,26.6300,26.4400,26.5900,1217800.0000,22.4926
07/02/2015,26.4400,26.5300,26.3600,26.4800,386900.0000,22.3996
07/06/2015,26.0500,26.2500,25.9000,25.9900,1041800.0000,21.9851
07/07/2015,25.7000,25.8200,25.4900,25.7400,1236900.0000,21.7736
07/08/2015,25.5900,25.7100,25.4800,25.5200,511300.0000,21.5875
07/09/2015,25.8500,26.0500,25.7800,26.0300,754900.0000,22.0189
07/10/2015,26.4400,26.5100,26.3000,26.4300,525400.0000,22.3573
07/13/2015,26.6000,26.6000,26.3500,26.5300,1013500.0000,22.4419
07/14/2015,26.4400,26.5300,26.3900,26.4300,1350800.0000,22.3573
07/15/2015,26.4200,26.4400,26.1100,26.1800,486000.0000,22.1458
07/16/2015,26.2700,26.2700,25.9700,25.9700,375800.0000,21.9682
07/17/2015,25.9300,25.9300,25.8000,25.8400,620900.0000,21.8582
07/20/2015,25.9200,26.0200,25.8700,25.9500,637000.0000,21.9512
07/21/2015,26.0600,26.0600,25.8000,25.8200,307000.0000,21.8413
07/22/2015,25.7700,25.7900,25.5900,25.6400,399100.0000,21.6890
07/23/2015,25.6400,25.6900,25.3200,25.3400,637700.0000,21.4352
07/24/2015,25.2200,25.3600,25.2200,25.2600,643800.0000,21.3676
07/27/2015,25.0900,25.2400,25.0700,25.1200,898800.0000,21.2491
07/28/2015,25.3100,25.3700,25.2400,25.3000,413500.0000,21.4014
07/29/2015,25.3200,25.4700,25.3000,25.3900,541000.0000,21.4775
07/30/2015,25.2800,25.3100,25.1500,25.2100,566500.0000,21.3253
07/31/2015,25.0200,25.1100,24.9500,25.0100,617200.0000,21.1561
08/03/2015,24.9700,24.9900,24.7000,24.7500,2680100.0000,20.9361
08/04/2015,24.8300,24.9700,24.8000,24.9500,763800.0000,21.1053
08/05/2015,25.1200,25.2300,25.0800,25.1200,877600.0000,21.2491
08/06/2015,25.0400,25.0600,24.8800,24.9100,346700.0000,21.0715
08/07/2015,24.8000,24.8000,24.5500,24.5800,529100.0000,20.7923
08/10/2015,24.7500,24.9400,24.7300,24.8700,321200.0000,21.0377
08/11/2015,24.5700,24.6100,24.4100,24.4800,1324700.0000,20.7078
08/12/2015,24.4400,24.6300,24.2900,24.6200,2613700.0000,20.8262
08/13/2015,24.6600,24.8100,24.5600,24.6900,590000.0000,20.8854
08/14/2015,24.7500,24.7900,24.5600,24.6300,562100.0000,20.8346
08/17/2015,24.4800,24.5500,24.4100,24.5400,544400.0000,20.7585
08/18/2015,24.6600,24.7500,24.5700,24.7300,425200.0000,20.9192
08/19/2015,24.8000,24.8300,24.4400,24.4700,830600.0000,20.6993
08/20/2015,24.3600,24.3800,24.2000,24.2300,948600.0000,20.4963
08/21/2015,24.1900,24.3000,24.0800,24.1300,1188300.0000,20.4117
08/24/2015,23.7300,24.2400,23.5400,24.1300,2992400.0000,20.4117
08/25/2015,24.5000,24.6800,24.4300,24.5000,1055300.0000,20.7247
08/26/2015,24.8000,25.1100,24.6900,25.0200,808500.0000,21.1645
08/27/2015,25.0100,25.0600,24.8100,24.9800,786800.0000,21.1307
08/28/2015,24.7600,24.9400,24.7000,24.9400,335100.0000,21.0969
08/31/2015,24.7200,25.1200,24.6900,25.1100,495800.0000,21.2407
09/01/2015,25.0000,25.1500,24.9100,24.9400,606200.0000,21.0969
09/02/2015,25.0400,25.1600,24.9400,25.1300,179900.0000,21.2576
09/03/2015,25.0600,25.2000,25.0000,25.0200,352000.0000,21.1645
09/04/2015,24.8400,24.9600,24.7400,24.7900,215800.0000,20.9700
09/08/2015,25.0400,25.1700,25.0200,25.1400,181200.0000,21.2661
09/09/2015,25.4200,25.4200,24.9800,25.0300,661200.0000,21.1730
09/10/2015,25.1100,25.2400,25.0900,25.1900,226000.0000,21.3083
09/11/2015,25.0100,25.0500,24.9000,25.0500,838800.0000,21.1899
09/14/2015,24.9100,25.0500,24.8800,24.9900,316400.0000,21.1392
09/15/2015,25.1300,25.5000,25.1000,25.4600,400200.0000,21.5367
09/16/2015,25.5100,25.6200,25.4300,25.5600,349900.0000,21.6213
09/17/2015,25.5400,25.5800,25.2300,25.2400,951400.0000,21.3506
09/18/2015,25.0500,25.0600,24.8400,24.8800,425000.0000,21.0461
09/21/2015,25.0700,25.3200,25.0600,25.2400,737600.0000,21.3506
09/22/2015,24.9900,25.0400,24.7800,24.9000,576700.0000,21.0630
09/23/2015,24.9500,25.0500,24.8500,24.9000,364600.0000,21.0630
09/24/2015,24.6000,24.7600,24.5200,24.7300,469100.0000,20.9192
09/25/2015,24.9100,25.0000,24.8700,24.9400,371600.0000,21.0969
09/28/2015,24.8100,24.8100,24.4800,24.5100,524700.0000,20.7331
09/29/2015,24.5300,24.5900,24.3900,24.4400,526600.0000,20.6739
09/30/2015,24.5500,24.6200,24.4900,24.5200,392400.0000,20.7416
10/01/2015,24.3600,24.4500,24.2900,24.4300,445100.0000,20.6655
10/02/2015,24.0800,24.3500,23.9500,24.2700,785600.0000,20.5301
10/05/2015,24.4300,24.6200,24.4200,24.6000,825400.0000,20.8093
10/06/2015,24.6700,24.6900,24.4600,24.4900,354800.0000,20.7162
10/07/2015,24.6100,24.6700,24.5100,24.5700,655600.0000,20.7839
10/08/2015,24.5000,24.8400,24.5000,24.7600,375500.0000,20.9446
10/09/2015,24.7700,24.7900,24.6400,24.7200,381700.0000,20.9108
10/12/2015,24.5600,24.5800,24.4700,24.5000,160100.0000,20.7247
10/13/2015,24.4300,24.6000,24.4300,24.5000,319200.0000,20.7247
10/14/2015,24.4100,24.5000,24.2500,24.2600,199500.0000,20.5217
10/15/2015,24.2900,24.4000,24.2700,24.3600,192800.0000,20.6063
10/16/2015,24.3000,24.3800,24.2700,24.3700,399800.0000,20.6147
10/19/2015,24.3900,24.5700,24.3700,24.4300,292000.0000,20.6655
10/20/2015,24.5900,24.6500,24.5600,24.6000,168600.0000,20.8093
10/21/2015,24.4300,24.4500,24.3200,24.3400,391500.0000,20.5893
10/22/2015,24.3300,24.4400,24.2000,24.2900,414800.0000,20.5470
10/23/2015,24.5200,24.5700,24.4700,24.4900,510000.0000,20.7162
10/26/2015,24.3900,24.3900,24.3000,24.3400,123500.0000,20.5893
10/27/2015,24.2300,24.3100,24.1800,24.2800,421900.0000,20.5386
10/28/2015,24.2900,24.4800,24.2800,24.3700,318200.0000,20.6147
10/29/2015,24.5000,24.8000,24.5000,24.7500,500500.0000,20.9361
10/30/2015,24.7000,24.9000,24.5700,24.5900,593000.0000,20.8008
11/02/2015,24.7100,24.7400,24.6500,24.6700,499400.0000,20.8685
11/03/2015,24.7600,24.9200,24.7300,24.8900,490700.0000,21.0546
11/04/2015,24.8700,24.9400,24.7600,24.8500,239200.0000,21.0207
11/05/2015,24.9100,25.0300,24.8900,24.9300,699300.0000,21.0884
11/06/2015,25.2200,25.3600,25.1900,25.2900,644000.0000,21.3929
11/09/2015,25.4700,25.5100,25.3100,25.4200,1390000.0000,21.5029
11/10/2015,25.3800,25.4200,25.2400,25.3700,433800.0000,21.4606
11/11/2015,25.4400,25.4500,25.3800,25.4200,195200.0000,21.5029
11/12/2015,25.3300,25.3500,25.2100,25.3000,445400.0000,21.4014
11/13/2015,25.2100,25.2300,25.1000,25.1400,610000.0000,21.2661
11/16/2015,25.1000,25.2400,25.0700,25.1500,249200.0000,21.2745
11/17/2015,25.3000,25.3500,25.0400,25.1300,323800.0000,21.2576
11/18/2015,25.1700,25.2000,25.0300,25.0600,195200.0000,21.1984
11/19/2015,24.8700,24.9300,24.8300,24.8900,335400.0000,21.0546
11/20/2015,24.9000,25.0000,24.8600,24.9600,217400.0000,21.1138
11/23/2015,24.9600,25.0000,24.8400,24.8900,411700.0000,21.0546
11/24/2015,24.8800,24.9300,24.8200,24.9000,690000.0000,21.0630
11/25/2015,24.8300,24.8600,24.7700,24.8300,505000.0000,21.0038
11/27/2015,24.8200,24.8700,24.7800,24.8600,78600.0000,21.0292
11/30/2015,24.8400,24.8400,24.7400,24.7600,713600.0000,20.9446
12/01/2015,24.7200,24.7500,24.4200,24.4400,508200.0000,20.6739
12/02/2015,24.4400,24.5400,24.3800,24.4100,251200.0000,20.6485
12/03/2015,24.7200,25.1800,24.7000,25.0800,434000.0000,21.2153
12/04/2015,25.0800,25.0800,24.7800,24.8500,439300.0000,21.0207
12/07/2015,24.7800,24.7800,24.4700,24.6100,328600.0000,20.8177
12/08/2015,24.4800,24.6600,24.4700,24.5900,105000.0000,20.8008
12/09/2015,24.6700,24.8600,24.5400,24.6200,411700.0000,20.8262
12/10/2015,24.5900,24.6400,24.5400,24.5800,911500.0000,20.7923
12/11/2015,24.3200,24.3700,24.1200,24.1900,871600.0000,20.4624
12/14/2015,24.3100,24.5900,24.3100,24.5100,307300.0000,20.7331
12/15/2015,24.7200,24.7700,24.6200,24.6500,849500.0000,20.8516
12/16/2015,24.7100,24.8100,24.5100,24.7100,440900.0000,20.9023
12/17/2015,24.5700,24.6000,24.3700,24.4100,285900.0000,20.6485
12/18/2015,24.3100,24.3600,24.2300,24.2900,257100.0000,20.5470
12/21/2015,24.2500,24.3400,24.1800,24.2900,297900.0000,20.5470
12/22/2015,24.3900,24.5200,24.3600,24.4600,253700.0000,20.6908
12/23/2015,24.6700,24.7500,24.6100,24.6400,194700.0000,20.8431
12/24/2015,24.5700,24.6000,24.5000,24.5200,129000.0000,20.7416
12/28/2015,24.4600,24.4900,24.3300,24.4200,267300.0000,20.6570
12/29/2015,24.5100,24.8600,24.5100,24.8300,253100.0000,21.0038
12/30/2015,24.8700,24.9400,24.7500,24.8500,407700.0000,21.0207
12/31/2015,24.7500,24.8000,24.6900,24.7300,340300.0000,20.9192
01/04/2016,24.4700,24.6000,24.3600,24.5700,391000.0000,20.7839
01/05/2016,24.6800,24.7200,24.5600,24.6800,185300.0000,20.8769
01/06/2016,24.3700,24.4300,24.3300,24.3500,227300.0000,20.5978
01/07/2016,24.3000,24.4900,24.2800,24.2900,369300.0000,20.5470
01/08/2016,24.3700,24.4000,24.1600,24.1900,390100.0000,20.4624
01/11/2016,24.4600,24.4700,24.3000,24.4500,289500.0000,20.6824
01/12/2016,24.4000,24.4200,23.9900,24.0900,598600.0000,20.3779
01/13/2016,24.1300,24.1900,23.7800,23.8500,1822300.0000,20.1748
01/14/2016,23.9200,24.1700,23.8600,24.0600,522300.0000,20.3525
01/15/2016,23.7600,23.8300,23.6700,23.7000,769500.0000,20.0480
01/19/2016,23.8200,23.8500,23.6500,23.7800,811500.0000,20.1156
01/20/2016,23.4600,23.5700,23.3000,23.5100,863900.0000,19.8872
01/21/2016,23.4700,23.7000,23.4200,23.6800,477000.0000,20.0310
01/22/2016,23.8600,23.9300,23.7500,23.7800,674900.0000,20.1156
01/25/2016,23.6500,23.7100,23.6000,23.6400,192500.0000,19.9972
01/26/2016,23.6400,23.6900,23.5600,23.6200,159700.0000,19.9803
01/27/2016,23.6800,23.7900,23.6000,23.6500,278900.0000,20.0057
01/28/2016,23.7200,23.7300,23.5800,23.5900,331900.0000,19.9549
01/29/2016,23.3900,23.4700,23.2900,23.4400,833900.0000,19.8280
02/01/2016,23.4400,23.5400,23.3900,23.4500,947500.0000,19.8365
02/02/2016,23.1800,23.2000,23.0400,23.0600,545300.0000,19.5066
02/03/2016,23.1600,23.2400,22.8800,23.2400,777900.0000,19.6588
02/04/2016,23.1700,23.3000,23.1100,23.1100,272400.0000,19.5489
02/05/2016,23.2500,23.2800,23.0400,23.0900,186200.0000,19.5319
02/08/2016,22.9000,22.9000,22.5600,22.5900,434400.0000,19.1090
02/09/2016,22.4900,22.6700,22.4900,22.5500,278700.0000,19.0752
02/10/2016,22.5400,22.6400,22.3500,22.3500,1038800.0000,18.9060
02/11/2016,22.0600,22.2900,21.9600,22.2300,1257000.0000,18.8045
02/12/2016,22.3800,22.6700,22.3000,22.5700,971200.0000,19.0921
02/16/2016,22.7000,22.8600,22.7000,22.8100,359900.0000,19.2951
02/17/2016,22.9000,23.0500,22.8800,22.9400,658600.0000,19.4051
02/18/2016,22.9300,22.9500,22.6600,22.6900,357300.0000,19.1936
02/19/2016,22.6600,22.7000,22.5300,22.6600,518000.0000,19.1682
02/22/2016,22.6300,22.7000,22.6300,22.6600,489300.0000,19.1682
02/23/2016,22.8400,22.8600,22.5200,22.5800,281400.0000,19.1005
02/24/2016,22.4000,22.6500,22.2500,22.6200,278500.0000,19.1344
02/25/2016,22.5700,22.5800,22.3900,22.5400,559600.0000,19.0667
02/26/2016,22.7700,22.8100,22.6900,22.7400,869000.0000,19.2359
02/29/2016,22.7300,22.7400,22.6200,22.6800,186200.0000,19.1851
03/01/2016,22.6300,23.0700,22.6300,23.0400,716300.0000,19.4897
03/02/2016,23.0600,23.0800,22.9500,22.9500,149500.0000,19.4135
03/03/2016,22.9400,22.9800,22.7800,22.8800,682900.0000,19.3543
03/04/2016,23.0000,23.1600,22.9600,22.9900,615400.0000,19.4474
03/07/2016,23.0400,23.1200,23.0100,23.0200,250100.0000,19.4727
03/08/2016,22.7200,22.7900,22.6000,22.7900,740700.0000,19.2782
03/09/2016,22.9200,22.9700,22.8200,22.9100,230700.0000,19.3797
03/10/2016,22.8500,23.1400,22.8100,22.9700,762600.0000,19.4304
03/11/2016,22.9700,23.2600,22.9700,23.2400,501400.0000,19.6588
03/14/2016,23.1500,23.1800,23.0600,23.1700,640100.0000,19.5996
03/15/2016,23.0200,23.1900,23.0000,23.1400,367000.0000,19.5742
03/16/2016,23.1600,23.2200,23.0200,23.0800,316200.0000,19.5235
03/17/2016,23.0200,23.0200,22.8700,22.9900,619500.0000,19.4474
03/18/2016,22.9200,22.9800,22.8400,22.9400,315900.0000,19.4051
03/21/2016,23.0600,23.1500,23.0000,23.0900,603000.0000,19.5319
03/22/2016,22.9500,23.1300,22.9200,23.1000,252000.0000,19.5404
03/23/2016,23.0300,23.0500,22.7800,22.8400,725800.0000,19.3205
03/24/2016,22.6400,22.9300,22.6300,22.8500,459100.0000,19.3289
03/28/2016,22.8500,22.8700,22.7300,22.8000,149500.0000,19.2866
03/29/2016,22.6800,22.7400,22.5800,22.5800,149400.0000,19.1005
03/30/2016,22.7500,22.9200,22.7400,22.7800,687500.0000,19.2697
03/31/2016,22.7400,22.7700,22.6100,22.6500,334300.0000,19.1597
04/01/2016,22.5200,22.7000,22.5100,22.5800,619800.0000,19.1005
04/04/2016,22.5600,22.6400,22.5300,22.5600,733000.0000,19.0836
04/05/2016,22.3600,22.3800,22.2900,22.3300,598100.0000,18.8891
04/06/2016,22.4100,22.5400,22.4000,22.4400,568900.0000,18.9821
04/07/2016,22.3100,22.3300,22.1700,22.2100,732900.0000,18.7876
04/08/2016,22.3100,22.3900,22.2800,22.3300,242800.0000,18.8891
04/11/2016,22.4400,22.4800,22.3100,22.3500,746500.0000,18.9060
04/12/2016,22.4900,22.5800,22.4200,22.5400,742200.0000,19.0667
04/13/2016,22.5500,22.5900,22.4000,22.4500,929000.0000,18.9906
04/14/2016,22.5200,22.5900,22.4600,22.5400,1413700.0000,19.0667
04/15/2016,22.4600,22.4600,22.3100,22.3800,1110900.0000,18.9314
04/18/2016,22.4400,22.5600,22.4300,22.4400,426500.0000,18.9821
04/19/2016,22.4800,22.6100,22.4600,22.5000,963000.0000,19.0329
04/20/2016,22.4500,22.7900,22.3900,22.7800,1169400.0000,19.2697
04/21/2016,22.9400,22.9700,22.8400,22.9100,582800.0000,19.3797
04/22/2016,22.8700,22.9900,22.8700,22.9700,834200.0000,19.4304
04/25/2016,23.0200,23.0600,22.9400,23.0600,305700.0000,19.5066
04/26/2016,23.0700,23.1900,23.0700,23.1600,385400.0000,19.5912
04/27/2016,23.0400,23.0800,22.8800,22.9500,717300.0000,19.4135
04/28/2016,22.9800,23.0100,22.8100,22.8400,2910900.0000,19.3205
04/29/2016,22.9400,23.0000,22.7400,22.7900,243900.0000,19.2782
05/02/2016,22.8500,23.0000,22.8100,22.9700,805200.0000,19.4304
05/03/2016,22.7300,22.7400,22.6000,22.7100,1055500.0000,19.2105
05/04/2016,22.6400,22.7400,22.6000,22.6100,102100.0000,19.1259
05/05/2016,22.6000,22.6600,22.4300,22.4300,145500.0000,18.9737
05/06/2016,22.4600,22.5500,22.4600,22.5300,677900.0000,19.0582
05/09/2016,22.5200,22.5400,22.4500,22.4700,236500.0000,19.0075
05/10/2016,22.4500,22.4900,22.4100,22.4700,656000.0000,19.0075
05/11/2016,22.4500,22.4900,22.2700,22.3300,302800.0000,18.8891
05/12/2016,22.4900,22.4900,22.4000,22.4200,658200.0000,18.9652
05/13/2016,22.3500,22.3900,22.2100,22.2700,475300.0000,18.8383
05/16/2016,22.3200,22.4200,22.3200,22.3900,420500.0000,18.9398
05/17/2016,22.3800,22.3800,22.2800,22.3700,343300.0000,18.9229
05/18/2016,22.4700,22.7800,22.4500,22.6800,826900.0000,19.1851
05/19/2016,22.6600,22.6600,22.5500,22.5900,520100.0000,19.1090
05/20/2016,22.6400,22.6700,22.5200,22.6000,411600.0000,19.1175
05/23/2016,22.5200,22.6000,22.4600,22.5200,499100.0000,19.0498
05/24/2016,22.6000,22.7200,22.5700,22.6100,151900.0000,19.1259
05/25/2016,22.6000,22.7200,22.5500,22.6900,185800.0000,19.1936
05/26/2016,22.6200,22.6200,22.5100,22.6000,380700.0000,19.1175
05/27/2016,22.5900,22.6700,22.5500,22.5900,534100.0000,19.1090
05/31/2016,22.7500,22.7700,22.5000,22.5600,652600.0000,19.0836
06/01/2016,22.4300,22.5100,22.3300,22.4800,584400.0000,19.0159
06/02/2016,22.3800,22.3800,22.2600,22.3000,420900.0000,18.8637
06/03/2016,22.0300,22.0900,21.9900,22.0000,1139400.0000,18.6099
06/06/2016,22.0600,22.1800,22.0400,22.1300,786000.0000,18.7199
06/07/2016,22.0700,22.0800,22.0300,22.0800,302800.0000,18.6776
06/08/2016,22.0200,22.0500,21.9500,21.9800,817000.0000,18.5930
06/09/2016,21.8000,21.8600,21.7600,21.8300,653900.0000,18.4661
06/10/2016,21.7200,21.7900,21.6300,21.7500,558300.0000,18.3984
06/13/2016,21.6700,21.7300,21.6100,21.6100,757600.0000,18.2800
06/14/2016,21.5000,21.6600,21.4800,21.6400,485400.0000,18.3054
06/15/2016,21.6000,21.6700,21.4900,21.5500,1050300.0000,18.2293
06/16/2016,21.4100,21.5000,21.2700,21.4600,916700.0000,18.1531
06/17/2016,21.4900,21.6400,21.4900,21.5700,958600.0000,18.2462
06/20/2016,21.7900,21.8300,21.7500,21.8200,419700.0000,18.4576
06/21/2016,21.8100,21.9300,21.7700,21.9000,721100.0000,18.5253
06/22/2016,21.9200,21.9600,21.8400,21.8900,292700.0000,18.5169
06/23/2016,22.0700,22.1500,21.9600,22.1000,447200.0000,18.6945
06/24/2016,21.3900,21.6000,21.3700,21.5600,1242200.0000,18.2377
06/27/2016,21.1200,21.1200,20.9300,20.9900,1530000.0000,17.7555
06/28/2016,20.9400,21.0300,20.8900,20.9700,427300.0000,17.7386
06/29/2016,20.9000,21.1200,20.8500,21.1000,1004700.0000,17.8486
06/30/2016,21.0500,21.1400,20.8800,21.0500,659500.0000,17.8063
07/01/2016,20.7500,20.9900,20.7100,20.7600,1382100.0000,17.5610
07/05/2016,20.5300,20.5700,20.4000,20.5100,1495200.0000,17.3495
07/06/2016,20.4500,20.5400,20.3800,20.3800,1130200.0000,17.2395
07/07/2016,20.5400,20.5600,20.3600,20.4500,853400.0000,17.2988
07/08/2016,20.3800,20.4500,20.2900,20.3000,712200.0000,17.1719
07/11/2016,20.3400,20.4800,20.3000,20.4500,593300.0000,17.2988
07/12/2016,20.7600,20.8600,20.6900,20.8000,1038300.0000,17.5948
07/13/2016,20.6200,20.6600,20.5500,20.5800,772100.0000,17.4087
07/14/2016,20.9000,20.9400,20.8300,20.8400,682000.0000,17.6287
07/15/2016,20.9700,21.0800,20.9400,21.0400,586400.0000,17.7978
07/18/2016,20.9600,21.1400,20.9000,21.0600,688800.0000,17.8148
07/19/2016,20.9600,21.0200,20.9000,20.9100,354100.0000,17.6879
07/20/2016,21.0600,21.1100,21.0200,21.0600,366000.0000,17.8148
07/21/2016,21.2400,21.2600,21.0000,21.0100,971200.0000,17.7725
07/22/2016,21.1100,21.1100,20.9100,20.9800,796900.0000,17.7471
07/25/2016,20.9500,21.0100,20.9100,20.9800,334900.0000,17.7471
07/26/2016,20.8600,21.0200,20.8600,20.9500,778800.0000,17.7217
07/27/2016,20.8600,20.8800,20.7000,20.7100,627000.0000,17.5187
07/28/2016,20.8300,20.8400,20.6700,20.7300,367000.0000,17.5356
07/29/2016,20.7200,20.7500,20.5500,20.5700,526100.0000,17.4003
08/01/2016,20.7600,20.8000,20.6700,20.7500,788200.0000,17.5525
08/02/2016,21.0900,21.1100,20.8600,21.0200,1588100.0000,17.7809
08/03/2016,20.9300,21.0700,20.9200,20.9700,249900.0000,17.7386
08/04/2016,20.8400,20.8500,20.7200,20.8400,409200.0000,17.6287
08/05/2016,20.8800,21.0700,20.8600,21.0400,1180300.0000,17.7978
08/08/2016,21.1000,21.1600,20.9700,21.0000,439800.0000,17.7640
08/09/2016,20.9500,20.9500,20.7900,20.8300,629000.0000,17.6202
08/10/2016,20.7600,20.8200,20.6700,20.7100,645900.0000,17.5187
08/11/2016,20.7300,20.9700,20.7300,20.9000,488400.0000,17.6794
08/12/2016,20.6800,20.7500,20.6000,20.7400,564800.0000,17.5441
08/15/2016,20.8200,20.9300,20.8000,20.9200,490100.0000,17.6963
08/16/2016,20.8700,21.0000,20.8700,20.9600,461600.0000,17.7302
08/17/2016,20.9300,20.9500,20.8200,20.8600,580800.0000,17.6456
08/18/2016,20.8500,20.9100,20.7700,20.8300,327400.0000,17.6202
08/19/2016,20.9600,21.0300,20.9000,20.9300,856700.0000,17.7048
08/22/2016,20.8000,20.8400,20.7100,20.7900,751100.0000,17.5864
08/23/2016,20.6900,20.7900,20.6500,20.7500,364000.0000,17.5525
08/24/2016,20.7300,20.8300,20.7200,20.7700,484300.0000,17.5694
08/25/2016,20.8400,20.8900,20.7600,20.8800,348700.0000,17.6625
08/26/2016,20.7900,21.0200,20.6400,20.9700,451300.0000,17.7386
08/29/2016,20.8300,20.8500,20.6700,20.7000,533600.0000,17.5102
08/30/2016,20.7100,20.7900,20.6900,20.7800,337400.0000,17.5779
08/31/2016,20.7900,20.8400,20.7100,20.7400,454000.0000,17.5441
09/01/2016,20.9000,20.9000,20.6700,20.7300,478000.0000,17.5356
09/02/2016,20.8500,20.9700,20.8500,20.8900,622600.0000,17.6710
09/06/2016,20.8500,20.9200,20.6700,20.7400,688100.0000,17.5441
09/07/2016,20.6400,20.7600,20.6200,20.7600,589900.0000,17.5610
09/08/2016,20.8700,21.1000,20.8000,21.0000,895400.0000,17.7640
09/09/2016,21.2600,21.3800,21.2600,21.3600,1654100.0000,18.0685
09/12/2016,21.4100,21.4200,21.3100,21.3700,816800.0000,18.0770
09/13/2016,21.2900,21.7100,21.2900,21.6100,1885300.0000,18.2800
09/14/2016,21.6000,21.6000,21.4500,21.5400,738200.0000,18.2208
09/15/2016,21.6800,21.7600,21.6000,21.6500,1149000.0000,18.3138
09/16/2016,21.5300,21.5800,21.4800,21.4800,750600.0000,18.1700
09/19/2016,21.5300,21.5700,21.4700,21.5700,197900.0000,18.2462
09/20/2016,21.4000,21.4800,21.3400,21.4500,1599700.0000,18.1447
09/21/2016,21.5000,21.5400,21.2800,21.2900,558900.0000,18.0093
09/22/2016,21.1600,21.1800,21.0500,21.1000,1817900.0000,17.8486
09/23/2016,21.1000,21.1600,21.0800,21.1600,251900.0000,17.8994
09/26/2016,21.1000,21.1300,20.9800,21.0100,553500.0000,17.7725
09/27/2016,20.9000,20.9600,20.8500,20.8900,645400.0000,17.6710
09/28/2016,20.8800,20.9500,20.8000,20.9100,1557800.0000,17.6879
09/29/2016,21.0200,21.0500,20.8200,20.8500,658400.0000,17.6371
09/30/2016,20.9000,21.1400,20.8900,21.0000,515400.0000,17.7640
10/03/2016,20.9300,21.1300,20.9300,21.1100,1287600.0000,17.8571
10/04/2016,21.1200,21.3700,21.1100,21.3600,582200.0000,18.0685
10/05/2016,21.3700,21.5300,21.3600,21.4200,440200.0000,18.1193
10/06/2016,21.5400,21.5900,21.4400,21.5700,541100.0000,18.2462
10/07/2016,21.5300,21.6800,21.5000,21.5400,906600.0000,18.2208
10/10/2016,21.7100,21.7800,21.6500,21.6500,735700.0000,18.3138
10/11/2016,21.7300,21.7700,21.6200,21.7000,914500.0000,18.3561
10/12/2016,21.7600,21.8200,21.7000,21.7200,639600.0000,18.3731
10/13/2016,21.5800,21.6400,21.5400,21.6400,653300.0000,18.3054
10/14/2016,21.8200,21.9400,21.7000,21.9300,729800.0000,18.5507
10/17/2016,21.8400,21.8400,21.7300,21.7800,1200900.0000,18.4238
10/18/2016,21.8700,21.8800,21.7100,21.7300,655500.0000,18.3815
10/19/2016,21.7800,21.8100,21.6600,21.7000,216000.0000,18.3561
10/20/2016,21.5900,21.7000,21.5700,21.6800,261500.0000,18.3392
10/21/2016,21.5900,21.7100,21.5700,21.6300,504000.0000,18.2969
10/24/2016,21.6000,21.8000,21.6000,21.7200,260000.0000,18.3731
10/25/2016,21.7700,21.7700,21.5900,21.6900,168700.0000,18.3477
10/26/2016,21.7800,21.8400,21.7200,21.8200,103300.0000,18.4576
10/27/2016,22.0000,22.1600,22.0000,22.0400,1713300.0000,18.6438
10/28/2016,22.1200,22.1300,22.0300,22.1000,298300.0000,18.6945
10/31/2016,22.0400,22.0700,21.9600,21.9800,333600.0000,18.5930
11/01/2016,22.1100,22.1500,21.8600,21.9600,2044100.0000,18.5761
11/02/2016,21.9200,21.9500,21.7700,21.8700,614600.0000,18.4999
11/03/2016,22.0000,22.0500,21.9400,22.0400,227800.0000,18.6438
11/04/2016,21.8900,21.9300,21.8200,21.8200,94000.0000,18.4576
11/07/2016,21.9800,22.0300,21.9400,21.9900,1109300.0000,18.6014
11/08/2016,21.9600,22.1700,21.9100,22.0900,572200.0000,18.6860
11/09/2016,22.5700,23.0800,22.5700,23.0000,2612900.0000,19.4558
11/10/2016,23.1200,23.3600,22.9800,23.3500,2252700.0000,19.7519
11/11/2016,23.3500,23.5700,23.3100,23.4700,1016900.0000,19.8534
11/14/2016,23.6700,23.7500,23.4000,23.6100,2005300.0000,19.9718
11/15/2016,23.4700,23.5500,23.3300,23.4900,1157700.0000,19.8703
11/16/2016,23.4500,23.4800,23.2900,23.3400,1393200.0000,19.7434
11/17/2016,23.5200,23.7200,23.5100,23.6900,1701700.0000,20.0395
11/18/2016,23.6000,23.8400,23.5300,23.7500,827900.0000,20.0902
11/21/2016,23.6800,23.7400,23.6300,23.7100,600100.0000,20.0564
11/22/2016,23.6100,23.7200,23.5600,23.7000,356200.0000,20.0480
11/23/2016,23.9000,24.0600,23.7400,23.7900,829200.0000,20.1241
11/25/2016,23.6800,23.9000,23.6700,23.7600,282700.0000,20.0987
11/28/2016,23.6600,23.7100,23.5500,23.6000,1086000.0000,19.9634
11/29/2016,23.6000,23.6600,23.4200,23.4700,632600.0000,19.8534
11/30/2016,23.8900,23.9900,23.7000,23.8500,636600.0000,20.1748
12/01/2016,24.1700,24.3100,24.0600,24.0700,1713700.0000,20.3609
12/02/2016,24.0300,24.0300,23.8200,23.9200,878500.0000,20.2341
12/05/2016,24.0600,24.1600,23.7700,23.9400,543300.0000,20.2510
12/06/2016,23.9300,24.0200,23.8700,23.9500,406800.0000,20.2594
12/07/2016,23.8900,23.8900,23.7200,23.7900,1417100.0000,20.1241
12/08/2016,24.0300,24.0800,23.9900,24.0500,581500.0000,20.3440
12/09/2016,24.1300,24.3900,24.0900,24.3200,802600.0000,20.5724
12/12/2016,24.4100,24.4700,24.2800,24.3200,828700.0000,20.5724
12/13/2016,24.1600,24.3400,24.1400,24.2100,594100.0000,20.4794
12/14/2016,24.0000,24.4900,24.0000,24.4500,857100.0000,20.6824
12/15/2016,24.3000,24.4500,24.2000,24.3900,925900.0000,20.6316
12/16/2016,24.3300,24.4800,24.2600,24.4300,574700.0000,20.6655
12/19/2016,24.2500,24.2700,24.1100,24.1400,461200.0000,20.4201
12/20/2016,24.3100,24.3500,24.2400,24.2800,360100.0000,20.5386
12/21/2016,24.2300,24.2700,24.1400,24.1400,236500.0000,20.4201
12/22/2016,24.2800,24.2800,24.1700,24.2300,523700.0000,20.4963
12/23/2016,24.1300,24.1800,24.1000,24.1400,400400.0000,20.4201
12/27/2016,24.3000,24.3200,24.2300,24.2400,385000.0000,20.5047
12/28/2016,24.1900,24.2300,23.9900,24.0600,400500.0000,20.3525
12/29/2016,24.0000,24.0300,23.9000,23.9600,518700.0000,20.2679
12/30/2016,24.0000,24.0100,23.8100,23.8900,855200.0000,20.2087
01/03/2017,24.0900,24.0900,23.7500,23.8100,826400.0000,20.1410
01/04/2017,23.8200,23.8700,23.7100,23.7200,421400.0000,20.0649
01/05/2017,23.6800,23.7300,23.3500,23.3700,618400.0000,19.7688
01/06/2017,23.5200,23.6000,23.4500,23.5800,352500.0000,19.9464
01/09/2017,23.3900,23.4800,23.3600,23.4300,928700.0000,19.8196
01/10/2017,23.4400,23.5100,23.4100,23.4200,417800.0000,19.8111
01/11/2017,23.3800,23.5000,23.2300,23.3600,514000.0000,19.7603
01/12/2017,23.2100,23.4000,23.1600,23.3800,672900.0000,19.7773
01/13/2017,23.4800,23.6400,23.4300,23.4800,488700.0000,19.8619
01/17/2017,23.2300,23.3700,23.1900,23.2500,479400.0000,19.6673
01/18/2017,23.4100,23.6000,23.3900,23.5600,636500.0000,19.9295
01/19/2017,23.6700,23.8600,23.6400,23.7600,1687500.0000,20.0987
01/20/2017,23.8000,23.9100,23.7200,23.7600,484900.0000,20.0987
01/23/2017,23.7100,23.7500,23.3900,23.5300,242500.0000,19.9042
01/24/2017,23.6000,23.7900,23.5500,23.6900,352300.0000,20.0395
01/25/2017,23.8800,24.0400,23.8400,23.9700,531900.0000,20.2763
01/26/2017,23.9900,24.0900,23.9000,23.9200,451600.0000,20.2341
01/27/2017,23.8800,23.9000,23.8000,23.8400,208300.0000,20.1664
01/30/2017,23.8700,23.9200,23.7800,23.9200,305300.0000,20.2341
01/31/2017,23.8900,23.8900,23.6700,23.7300,475800.0000,20.0733
02/01/2017,23.8700,23.9800,23.7900,23.8800,426900.0000,20.2002
02/02/2017,23.6900,23.8900,23.6600,23.8700,298300.0000,20.1918
02/03/2017,23.8100,23.9900,23.7300,23.8700,347900.0000,20.1918
02/06/2017,23.7500,23.8600,23.6600,23.7200,261200.0000,20.0649
02/07/2017,23.7500,23.7700,23.5000,23.5800,384900.0000,19.9464
02/08/2017,23.4200,23.4200,23.2400,23.2500,754800.0000,19.6673
02/09/2017,23.4000,23.5500,23.3700,23.5000,429700.0000,19.8788
02/10/2017,23.6700,23.6700,23.5000,23.5300,267600.0000,19.9042
02/13/2017,23.6300,23.6900,23.6100,23.6300,275200.0000,19.9887
02/14/2017,23.6500,23.9200,23.6300,23.7600,351900.0000,20.0987
02/15/2017,23.9400,23.9700,23.8500,23.8900,532000.0000,20.2087
02/16/2017,23.8300,23.8400,23.6300,23.7700,344300.0000,20.1072
02/17/2017,23.5700,23.6600,23.5400,23.6100,197100.0000,19.9718
02/21/2017,23.7500,23.7700,23.5600,23.6600,399300.0000,20.0141
02/22/2017,23.5300,23.7500,23.5200,23.6300,672000.0000,19.9887
02/23/2017,23.5800,23.6200,23.5400,23.5700,304100.0000,19.9380
02/24/2017,23.4200,23.4300,23.2800,23.3100,385100.0000,19.7180
02/27/2017,23.3400,23.4500,23.3200,23.4300,422400.0000,19.8196
02/28/2017,23.3700,23.4300,23.2800,23.3500,383800.0000,19.7519
03/01/2017,23.7600,23.8300,23.7200,23.7200,431900.0000,20.0649
03/02/2017,23.8000,23.9000,23.7700,23.8100,316200.0000,20.1410
03/03/2017,23.7900,23.9200,23.7600,23.7700,375500.0000,20.1072
03/06/2017,23.8200,23.9100,23.7800,23.8500,389300.0000,20.1748
03/07/2017,23.9400,23.9700,23.8900,23.9300,196200.0000,20.2425
03/08/2017,24.1500,24.1900,24.0300,24.1000,1622500.0000,20.3863
03/09/2017,24.1900,24.2900,24.1500,24.2700,977900.0000,20.5301
03/10/2017,24.2100,24.3200,24.1800,24.1800,472500.0000,20.4540
03/13/2017,24.2900,24.3500,24.2200,24.3400,341700.0000,20.5893
03/14/2017,24.3000,24.3100,24.1800,24.2400,337100.0000,20.5047
03/15/2017,24.1300,24.1500,23.8700,23.9400,506800.0000,20.2510
03/16/2017,24.0000,24.0900,23.9900,24.0400,277800.0000,20.3356
03/17/2017,23.9800,24.0000,23.8600,23.8900,335000.0000,20.2087
03/20/2017,23.9000,23.9000,23.7600,23.7700,171100.0000,20.1072
03/21/2017,23.8000,23.8000,23.5400,23.5700,584000.0000,19.9380
03/22/2017,23.4600,23.5200,23.3800,23.4700,402100.0000,19.8534
03/23/2017,23.4500,23.5800,23.4200,23.5100,171000.0000,19.8872
03/24/2017,23.4900,23.5200,23.3900,23.4500,511800.0000,19.8365
03/27/2017,23.2500,23.3600,23.2100,23.3100,513300.0000,19.7180
03/28/2017,23.2700,23.5000,23.2700,23.4900,282800.0000,19.8703
03/29/2017,23.4300,23.4300,23.3300,23.3300,156500.0000,19.7350
03/30/2017,23.3900,23.5400,23.3800,23.5400,208900.0000,19.9126
03/31/2017,23.5300,23.5700,23.4500,23.4600,373600.0000,19.8449
04/03/2017,23.4700,23.4900,23.2000,23.2600,622000.0000,19.6758
04/04/2017,23.2900,23.3700,23.2600,23.3400,760500.0000,19.7434
04/05/2017,23.4400,23.4700,23.2600,23.3000,482300.0000,19.7096
04/06/2017,23.3300,23.4600,23.2900,23.3000,275900.0000,19.7096
04/07/2017,23.2000,23.4100,23.1000,23.3900,558700.0000,19.7857
04/10/2017,23.3100,23.3500,23.2400,23.3000,349500.0000,19.7096
04/11/2017,23.1900,23.2300,23.0400,23.1000,482900.0000,19.5404
04/12/2017,23.0900,23.1100,22.9400,22.9700,534500.0000,19.4304
04/13/2017,22.8700,22.9800,22.8100,22.8900,2344900.0000,19.3628
04/17/2017,22.8700,22.9900,22.8700,22.9300,384700.0000,19.3966
04/18/2017,22.8100,22.8700,22.6000,22.6400,405100.0000,19.1513
04/19/2017,22.7500,22.8300,22.7400,22.7700,365900.0000,19.2613
04/20/2017,22.8400,22.9400,22.7900,22.8500,198200.0000,19.3289
04/21/2017,22.8000,22.8700,22.7400,22.8600,163700.0000,19.3374
04/24/2017,23.0700,23.0900,22.9500,23.0000,519500.0000,19.4558
04/25/2017,23.1500,23.2900,23.0900,23.2600,415700.0000,19.6758
04/26/2017,23.2600,23.2700,23.1400,23.1400,307700.0000,19.5742
04/27/2017,23.2000,23.2400,23.1000,23.1400,407200.0000,19.5742
04/28/2017,23.2600,23.2600,23.0900,23.1000,348900.0000,19.5404
05/01/2017,23.1700,23.3600,23.1000,23.2800,229700.0000,19.6927
05/02/2017,23.3000,23.3000,23.1400,23.1600,370000.0000,19.5912
05/03/2017,23.0500,23.1900,23.0300,23.1300,220300.0000,19.5658
05/04/2017,23.3100,23.3700,23.2600,23.2800,374800.0000,19.6927
05/05/2017,23.2400,23.3200,23.2100,23.2500,170900.0000,19.6673
05/08/2017,23.2800,23.3900,23.2600,23.3800,140800.0000,19.7773
05/09/2017,23.4300,23.4700,23.3700,23.3700,1027800.0000,19.7688
05/10/2017,23.3200,23.4700,23.2900,23.4100,550100.0000,19.8026
05/11/2017,23.4900,23.5100,23.3800,23.4100,215000.0000,19.8026
05/12/2017,23.3100,23.3100,23.2000,23.2200,512100.0000,19.6419
05/15/2017,23.2900,23.3500,23.2600,23.2900,244000.0000,19.7011
05/16/2017,23.2700,23.2700,23.1300,23.2200,120600.0000,19.6419
05/17/2017,22.9800,23.0300,22.8100,22.8600,631000.0000,19.3374
05/18/2017,22.7900,22.8800,22.7400,22.8300,1313400.0000,19.3120
05/19/2017,22.8400,22.9100,22.7800,22.7800,147500.0000,19.2697
05/22/2017,22.8300,22.8700,22.8100,22.8300,92500.0000,19.3120
05/23/2017,22.8300,23.0200,22.8000,23.0000,161700.0000,19.4558
05/24/2017,22.9500,23.0000,22.8800,22.8800,501300.0000,19.3543
05/25/2017,22.9000,22.9600,22.8600,22.8700,103800.0000,19.3458
05/26/2017,22.8300,22.8800,22.7800,22.8400,175800.0000,19.3205
05/30/2017,22.7400,22.7900,22.7100,22.7100,114600.0000,19.2105
05/31/2017,22.7400,22.7400,22.6100,22.6700,332200.0000,19.1767
06/01/2017,22.7300,22.7500,22.6500,22.6600,123200.0000,19.1682
06/02/2017,22.4600,22.4900,22.3500,22.4000,395200.0000,18.9483
06/05/2017,22.5100,22.5500,22.4800,22.5500,259300.0000,19.0752
06/06/2017,22.3700,22.4300,22.3400,22.4200,413100.0000,18.9652
06/07/2017,22.4400,22.5300,22.4000,22.5000,188900.0000,19.0329
06/08/2017,22.5300,22.6200,22.5200,22.5800,42900.0000,19.1005
06/09/2017,22.6600,22.6800,22.5600,22.6100,201100.0000,19.1259
06/12/2017,22.6300,22.6500,22.6000,22.6100,181600.0000,19.1259
06/13/2017,22.6900,22.6900,22.5900,22.6100,100300.0000,19.1259
06/14/2017,22.3100,22.3700,22.2000,22.2700,429900.0000,18.8383
06/15/2017,22.2900,22.3400,22.2700,22.3000,347100.0000,18.8637
06/16/2017,22.3000,22.3000,22.2300,22.2500,91400.0000,18.8214
06/19/2017,22.2500,22.3100,22.2200,22.2900,147000.0000,18.8552
06/20/2017,22.1700,22.1800,22.0700,22.0900,1439500.0000,18.6860
06/21/2017,22.1200,22.1600,22.0200,22.0400,267600.0000,18.6438
06/22/2017,22.0200,22.0900,21.9700,22.0000,240400.0000,18.6099
06/23/2017,22.0600,22.0700,21.9800,22.0100,164900.0000,18.6184
06/26/2017,21.9200,21.9400,21.8700,21.9400,719200.0000,18.5592
06/27/2017,22.0600,22.2000,22.0600,22.1600,397500.0000,18.7453
06/28/2017,22.2200,22.3300,22.2000,22.2400,445500.0000,18.8129
06/29/2017,22.5000,22.5100,22.3800,22.4100,448300.0000,18.9567
06/30/2017,22.4600,22.5200,22.4400,22.4800,92900.0000,19.0159
07/03/2017,22.4600,22.6400,22.4200,22.5900,267900.0000,19.1090
07/05/2017,22.6400,22.6400,22.5200,22.5500,247000.0000,19.0752
07/06/2017,22.7400,22.8300,22.7200,22.7500,201900.0000,19.2443
07/07/2017,22.8600,22.8900,22.8200,22.8600,473200.0000,19.3374
07/10/2017,22.8400,22.8900,22.8000,22.8400,427400.0000,19.3205
07/11/2017,22.8400,22.8700,22.7700,22.8100,654400.0000,19.2951
07/12/2017,22.6700,22.7200,22.6300,22.6400,289000.0000,19.1513
07/13/2017,22.7000,22.8600,22.7000,22.7800,143000.0000,19.2697
07/14/2017,22.6100,22.8000,22.6100,22.7600,194000.0000,19.2528
07/17/2017,22.7600,22.7800,22.6400,22.7000,203700.0000,19.2020
07/18/2017,22.5500,22.5900,22.4900,22.5000,507900.0000,19.0329
07/19/2017,22.4900,22.5200,22.4600,22.4800,125200.0000,19.0159
07/20/2017,22.3800,22.4600,22.3300,22.4200,367900.0000,18.9652
07/21/2017,22.3300,22.3500,22.2700,22.3400,99300.0000,18.8975
07/24/2017,22.3700,22.4300,22.3400,22.4100,191700.0000,18.9567
07/25/2017,22.6100,22.7400,22.6100,22.7300,383500.0000,19.2274
07/26/2017,22.7700,22.8100,22.6300,22.6700,115900.0000,19.1767
07/27/2017,22.8000,22.8500,22.7600,22.8000,329100.0000,19.2866
07/28/2017,22.7800,22.7800,22.6400,22.6600,157000.0000,19.1682
07/31/2017,22.7200,22.7400,22.6300,22.6500,95400.0000,19.1597
08/01/2017,22.7500,22.7500,22.4500,22.4600,531400.0000,18.9990
08/02/2017,22.4400,22.4700,22.3800,22.4500,134000.0000,18.9906
08/03/2017,22.3600,22.3600,22.2100,22.2400,139600.0000,18.8129
08/04/2017,22.3900,22.5100,22.3700,22.4300,137500.0000,18.9737
08/07/2017,22.4500,22.4900,22.3900,22.3900,188100.0000,18.9398
08/08/2017,22.4400,22.5600,22.4100,22.4800,195700.0000,19.0159
08/09/2017,22.2500,22.3700,22.2300,22.3500,351000.0000,18.9060
08/10/2017,22.2900,22.3100,22.1500,22.1500,539800.0000,18.7368
08/11/2017,22.2800,22.3100,22.1400,22.1500,155300.0000,18.7368
08/14/2017,22.2300,22.2800,22.1800,22.2500,197000.0000,18.8214
08/15/2017,22.4500,22.4500,22.3200,22.3500,221800.0000,18.9060
08/16/2017,22.4300,22.4300,22.2200,22.2800,172000.0000,18.8468
08/17/2017,22.2800,22.3200,22.1100,22.1100,116900.0000,18.7030
08/18/2017,22.0700,22.1800,22.0300,22.1200,169600.0000,18.7114
08/21/2017,22.0900,22.1400,22.0500,22.0800,143800.0000,18.6776
08/22/2017,22.0900,22.1900,22.0900,22.1600,765900.0000,18.7453
08/23/2017,22.0600,22.1000,22.0000,22.0000,284900.0000,18.6099
08/24/2017,22.0800,22.1200,22.0100,22.1100,380600.0000,18.7030
08/25/2017,22.0600,22.0700,21.9800,22.0000,397900.0000,18.6099
08/28/2017,22.0700,22.1100,21.9900,22.0200,79700.0000,18.6268
08/29/2017,21.8200,22.0000,21.8000,21.9600,274300.0000,18.5761
08/30/2017,21.9800,22.0000,21.9400,21.9700,101500.0000,18.5845
08/31/2017,21.9500,21.9700,21.8900,21.9000,280000.0000,18.5253
09/01/2017,21.9700,22.1100,21.9700,22.0700,114600.0000,18.6691
09/05/2017,21.9000,21.9000,21.7100,21.7100,413000.0000,18.3646
09/06/2017,21.7200,21.8900,21.6700,21.8600,263600.0000,18.4915
09/07/2017,21.7900,21.7900,21.5800,21.6200,204500.0000,18.2885
09/08/2017,21.6600,21.7400,21.6600,21.6700,182400.0000,18.3308
09/11/2017,21.8600,21.9700,21.8300,21.9300,164700.0000,18.5507
09/12/2017,22.0100,22.0800,22.0000,22.0500,337300.0000,18.6522
09/13/2017,22.0400,22.1400,22.0400,22.1300,139700.0000,18.7199
09/14/2017,22.1300,22.1300,22.0500,22.0500,108800.0000,18.6522
09/15/2017,22.0200,22.1000,22.0100,22.0600,297500.0000,18.6607
09/18/2017,22.1100,22.2200,22.1000,22.1700,164100.0000,18.7537
09/19/2017,22.1400,22.2300,22.1400,22.2200,85400.0000,18.7960
09/20/2017,22.2100,22.3000,22.1800,22.2100,449800.0000,18.7876
09/21/2017,22.1600,22.2300,22.1000,22.2300,193400.0000,18.8045
09/22/2017,22.1100,22.1900,22.0700,22.1600,270800.0000,18.7453
09/25/2017,22.1300,22.1500,21.9700,22.0200,285700.0000,18.6268
09/26/2017,22.0700,22.1200,22.0400,22.0600,206800.0000,18.6607
09/27/2017,22.3900,22.4300,22.3200,22.4000,650700.0000,18.9483
09/28/2017,22.5100,22.5400,22.4300,22.4600,230800.0000,18.9990
09/29/2017,22.4100,22.5000,22.3700,22.4100,235300.0000,18.9567
10/02/2017,22.3500,22.4700,22.3200,22.4600,366000.0000,18.9990
10/03/2017,22.5200,22.5200,22.4100,22.4200,287100.0000,18.9652
10/04/2017,22.4100,22.5300,22.3900,22.4200,259300.0000,18.9652
10/05/2017,22.4500,22.5500,22.4500,22.5000,356000.0000,19.0329
10/06/2017,22.6500,22.6800,22.5100,22.5800,379800.0000,19.1005
10/09/2017,22.5300,22.5600,22.4900,22.5100,158300.0000,19.0413
10/10/2017,22.4900,22.5000,22.3500,22.4800,145100.0000,19.0159
10/11/2017,22.4000,22.4600,22.3900,22.4300,280600.0000,18.9737
10/12/2017,22.4100,22.4500,22.3300,22.3300,232300.0000,18.8891
10/13/2017,22.2200,22.2800,22.1500,22.1700,226200.0000,18.7537
10/16/2017,22.2300,22.2600,22.1700,22.1900,399600.0000,18.7706
10/17/2017,22.2600,22.2600,22.1400,22.1600,623900.0000,18.7453
10/18/2017,22.3300,22.3900,22.3100,22.3100,152700.0000,18.8721
10/19/2017,22.1900,22.2900,22.1500,22.2900,184800.0000,18.8552
10/20/2017,22.5200,22.5700,22.4700,22.5000,210300.0000,19.0329
10/23/2017,22.4800,22.5000,22.4100,22.4700,356900.0000,19.0075
10/24/2017,22.6200,22.6800,22.5600,22.6200,320400.0000,19.1344
10/25/2017,22.7900,22.8000,22.7100,22.7300,516600.0000,19.2274
10/26/2017,22.6900,22.8000,22.6800,22.8000,384200.0000,19.2866
10/27/2017,22.7000,22.7400,22.6400,22.6600,185300.0000,19.1682
10/30/2017,22.7000,22.7000,22.4200,22.4300,242400.0000,18.9737
10/31/2017,22.4100,22.4300,22.4000,22.4200,117300.0000,18.9652
11/01/2017,22.4000,22.4100,22.2600,22.3400,199400.0000,18.8975
11/02/2017,22.2900,22.2900,22.2000,22.2400,529100.0000,18.8129
11/03/2017,22.1900,22.2500,22.1500,22.1600,218400.0000,18.7453
11/06/2017,22.1200,22.1500,22.0700,22.0900,106700.0000,18.6860
11/07/2017,22.0700,22.0900,21.9800,22.0000,240700.0000,18.6099
11/08/2017,22.0000,22.0700,21.9700,22.0600,108400.0000,18.6607
11/09/2017,22.1400,22.1900,22.0800,22.1100,319200.0000,18.7030
11/10/2017,22.3400,22.4600,22.3100,22.4400,578100.0000,18.9821
11/13/2017,22.3200,22.4100,22.3200,22.3900,411100.0000,18.9398
11/14/2017,22.3200,22.3200,22.2400,22.2400,133100.0000,18.8129
11/15/2017,22.0800,22.1600,21.9800,21.9900,255000.0000,18.6014
11/16/2017,22.1000,22.2100,22.0500,22.2000,282000.0000,18.7791
11/17/2017,22.1000,22.1100,22.0300,22.0400,220800.0000,18.6438
11/20/2017,22.1300,22.1300,22.0400,22.0400,533100.0000,18.6438
11/21/2017,21.9300,22.0400,21.8900,21.9600,1531900.0000,18.5761
11/22/2017,21.9900,22.0000,21.9100,21.9100,179200.0000,18.5338
11/24/2017,21.9500,21.9800,21.9300,21.9700,50200.0000,18.5845
11/27/2017,21.9600,22.0300,21.9300,22.0000,412400.0000,18.6099
11/28/2017,21.9800,22.0200,21.9000,21.9700,293000.0000,18.5845
11/29/2017,22.1800,22.2600,22.1600,22.1800,1194500.0000,18.7622
11/30/2017,22.2300,22.3700,22.2000,22.2600,617400.0000,18.8298
12/01/2017,22.0900,22.2200,21.7700,21.9600,1811500.0000,18.5761
12/04/2017,22.0700,22.0900,21.9400,21.9500,405800.0000,18.5676
12/05/2017,21.9900,21.9900,21.8100,21.8500,630600.0000,18.4830
12/06/2017,21.7300,21.7800,21.6800,21.7800,393100.0000,18.4238
12/07/2017,21.7300,22.0000,21.7000,21.9200,686300.0000,18.5422
12/08/2017,21.9600,22.0200,21.9300,21.9600,210000.0000,18.5761
12/11/2017,21.9200,22.0000,21.8800,22.0000,451500.0000,18.6099
12/12/2017,22.0400,22.1200,22.0000,22.0100,587500.0000,18.6184
12/13/2017,21.9200,21.9600,21.8200,21.8400,350700.0000,18.4746
12/14/2017,21.8800,21.9300,21.7200,21.7300,544600.0000,18.3815
12/15/2017,21.7500,21.7900,21.6200,21.6700,728000.0000,18.3308
12/18/2017,21.7200,21.9100,21.7200,21.8800,404400.0000,18.5084
12/19/2017,22.0100,22.2200,22.0000,22.1300,661600.0000,18.7199
12/20/2017,22.3800,22.4200,22.3000,22.3900,534100.0000,18.9398
12/21/2017,22.3700,22.3700,22.2200,22.2800,805400.0000,18.8468
12/22/2017,22.2400,22.2700,22.2200,22.2400,362000.0000,18.8129
12/26/2017,22.1900,22.2200,22.0900,22.1600,242200.0000,18.7453
12/27/2017,22.0600,22.0700,21.8400,21.8800,427000.0000,18.5084
12/28/2017,21.9100,21.9500,21.8800,21.8900,514100.0000,18.5169
12/29/2017,21.9300,21.9300,21.8100,21.8700,701500.0000,18.4999
01/02/2018,21.9200,22.1700,21.9200,22.1100,324400.0000,18.7030
01/03/2018,22.0200,22.1100,21.9900,22.0100,374600.0000,18.6184
01/04/2018,22.0900,22.1300,22.0000,22.0100,931300.0000,18.6184
01/05/2018,22.0500,22.1400,21.9900,22.0900,485900.0000,18.6860
01/08/2018,22.0200,22.1600,22.0200,22.0900,220000.0000,18.6860
01/09/2018,22.2400,22.4200,22.2400,22.3900,711700.0000,18.9398
01/10/2018,22.5700,22.6300,22.4000,22.4300,1319000.0000,18.9737
01/11/2018,22.4700,22.5200,22.2900,22.3300,533700.0000,18.8891
01/12/2018,22.3800,22.4000,22.2400,22.2800,700400.0000,18.8468
01/16/2018,22.1900,22.2800,22.1600,22.2000,481300.0000,18.7791
01/17/2018,22.2000,22.2900,22.1000,22.2200,258800.0000,18.7960
01/18/2018,22.4100,22.4800,22.3500,22.4400,421000.0000,18.9821
01/19/2018,22.5100,22.5800,22.4800,22.5600,602600.0000,19.0836
01/22/2018,22.5000,22.5900,22.4600,22.5500,605100.0000,19.0752
01/23/2018,22.4400,22.5400,22.3700,22.4500,353100.0000,18.9906
01/24/2018,22.6000,22.6700,22.5600,22.5700,391400.0000,19.0921
01/25/2018,22.5400,22.6200,22.3800,22.3800,498500.0000,18.9314
01/26/2018,22.4300,22.5700,22.4300,22.5000,567700.0000,19.0329
01/29/2018,22.6000,22.7200,22.5900,22.6400,1190100.0000,19.1513
01/30/2018,22.7200,22.8300,22.7100,22.7600,1383500.0000,19.2528
01/31/2018,22.6100,22.7800,22.6000,22.6200,1044800.0000,19.1344
02/01/2018,22.6400,22.9800,22.6300,22.9600,1332800.0000,19.4220
02/02/2018,23.0800,23.2600,23.0600,23.1900,1855300.0000,19.6165
02/05/2018,23.2500,23.3700,22.7300,22.9500,1908600.0000,19.4135
02/06/2018,23.0200,23.1400,22.9300,23.1000,1096000.0000,19.5404
02/07/2018,23.0800,23.3700,23.0400,23.3300,1626200.0000,19.7350
02/08/2018,23.4900,23.5100,23.2600,23.3400,2037400.0000,19.7434
02/09/2018,23.4600,23.5300,23.2800,23.5100,1285200.0000,19.8872
02/12/2018,23.3900,23.4500,23.2300,23.3800,692300.0000,19.7773
02/13/2018,23.3600,23.4100,23.2900,23.3000,532000.0000,19.7096
02/14/2018,23.4000,23.6000,23.3900,23.5500,1328000.0000,19.9211
02/15/2018,23.4500,23.4900,23.3300,23.4900,851800.0000,19.8703
02/16/2018,23.2900,23.4200,23.2500,23.3600,379600.0000,19.7603
02/20/2018,23.4500,23.5400,23.4000,23.4600,285800.0000,19.8449
02/21/2018,23.4500,23.7800,23.4400,23.7500,485900.0000,20.0902
02/22/2018,23.6400,23.7000,23.5500,23.6700,859400.0000,20.0226
02/23/2018,23.5200,23.5400,23.4200,23.4600,571900.0000,19.8449
02/26/2018,23.3500,23.4900,23.3100,23.4700,453800.0000,19.8534
02/27/2018,23.3700,23.6400,23.3600,23.4800,770800.0000,19.8619
02/28/2018,23.4100,23.4400,23.3300,23.3500,328100.0000,19.7519
03/01/2018,23.3700,23.4100,23.1300,23.1900,1861000.0000,19.6165
03/02/2018,23.2900,23.4300,23.2700,23.3800,464900.0000,19.7773
03/05/2018,23.3100,23.5200,23.3000,23.4500,411100.0000,19.8365
03/06/2018,23.3800,23.4300,23.3100,23.4200,226100.0000,19.8111
03/07/2018,23.3300,23.4600,23.3100,23.4500,293700.0000,19.8365
03/08/2018,23.3900,23.4000,23.2500,23.3200,512300.0000,19.7265
03/09/2018,23.4600,23.5300,23.3900,23.4700,384900.0000,19.8534
03/12/2018,23.3800,23.4100,23.3100,23.3300,382300.0000,19.7350
03/13/2018,23.2500,23.3500,23.1800,23.2000,868000.0000,19.6250
03/14/2018,23.1700,23.1800,22.9800,23.0100,857400.0000,19.4643
03/15/2018,23.0200,23.0800,22.9700,23.0200,801100.0000,19.4727
03/16/2018,23.0900,23.1400,23.0600,23.1000,863200.0000,19.5404
03/19/2018,23.2100,23.2200,23.0800,23.1800,407400.0000,19.6081
03/20/2018,23.2800,23.2900,23.2300,23.2600,583500.0000,19.6758
03/21/2018,23.3300,23.4300,23.2200,23.2500,435700.0000,19.6673
03/22/2018,23.0100,23.1300,22.9200,23.0200,878100.0000,19.4727
03/23/2018,23.1300,23.1300,23.0200,23.0400,792300.0000,19.4897
03/26/2018,23.0800,23.1300,22.9800,23.1200,433600.0000,19.5573
03/27/2018,23.1000,23.1000,22.8600,22.8800,1398900.0000,19.3543
03/28/2018,22.7900,22.8800,22.7500,22.8300,633600.0000,19.3120
03/29/2018,22.7800,22.7900,22.6400,22.7000,421000.0000,19.2020
04/02/2018,22.7600,22.8000,22.5800,22.6800,919600.0000,19.1851
04/03/2018,22.7700,22.8600,22.7500,22.8600,340800.0000,19.3374
04/04/2018,22.7700,22.9200,22.7500,22.9100,303500.0000,19.3797
04/05/2018,23.0100,23.0800,22.9900,23.0800,432500.0000,19.5235
04/06/2018,22.8900,22.9800,22.8100,22.8100,438800.0000,19.2951
04/09/2018,22.9000,22.9600,22.7900,22.7900,272400.0000,19.2782
04/10/2018,22.7900,22.8800,22.7800,22.8300,226100.0000,19.3120
04/11/2018,22.6800,22.7900,22.6700,22.7400,249000.0000,19.2359
04/12/2018,22.8400,22.9600,22.8400,22.9200,401200.0000,19.3881
04/13/2018,22.9300,22.9400,22.8300,22.8600,84000.0000,19.3374
04/16/2018,23.0000,23.0200,22.8600,22.8700,179700.0000,19.3458
04/17/2018,22.8700,22.8900,22.7500,22.8000,171500.0000,19.2866
04/18/2018,22.7900,23.0000,22.7900,22.9900,646300.0000,19.4474
04/19/2018,23.1600,23.2700,23.1400,23.1800,462400.0000,19.6081
04/20/2018,23.2600,23.3500,23.2200,23.3500,258600.0000,19.7519
04/23/2018,23.3700,23.4200,23.3300,23.3400,722600.0000,19.7434
04/24/2018,23.4200,23.4900,23.3500,23.4500,285900.0000,19.8365
04/25/2018,23.5500,23.6600,23.5100,23.6000,650500.0000,19.9634
04/26/2018,23.4900,23.5200,23.4200,23.4500,490500.0000,19.8365
04/27/2018,23.3600,23.3600,23.2500,23.2800,446600.0000,19.6927
04/30/2018,23.2400,23.2500,23.1500,23.2300,470200.0000,19.6504
05/01/2018,23.2300,23.3400,23.2200,23.3200,1208800.0000,19.7265
05/02/2018,23.2800,23.3500,23.2400,23.3400,314100.0000,19.7434
05/03/2018,23.2500,23.2600,23.1600,23.2500,363000.0000,19.6673
05/04/2018,23.1700,23.3000,23.1600,23.2100,270000.0000,19.6335
05/07/2018,23.2100,23.2600,23.2000,23.2500,98700.0000,19.6673
05/08/2018,23.3100,23.3500,23.2200,23.2600,233700.0000,19.6758
05/09/2018,23.3900,23.4100,23.3200,23.4000,455800.0000,19.7942
05/10/2018,23.3100,23.3400,23.2200,23.2200,245700.0000,19.6419
05/11/2018,23.1400,23.2500,23.1400,23.1800,376200.0000,19.6081
05/14/2018,23.2600,23.3000,23.2200,23.3000,216700.0000,19.7096
05/15/2018,23.5000,23.6700,23.5000,23.5700,454100.0000,19.9380
05/16/2018,23.5400,23.6700,23.5200,23.6600,739300.0000,20.0141
05/17/2018,23.6900,23.8100,23.6600,23.7700,985200.0000,20.1072
05/18/2018,23.7200,23.7200,23.5700,23.5800,742500.0000,19.9464
05/21/2018,23.6000,23.6300,23.5400,23.5700,271700.0000,19.9380
05/22/2018,23.5600,23.6500,23.5600,23.6000,193200.0000,19.9634
05/23/2018,23.4600,23.4800,23.4100,23.4400,144200.0000,19.8280
05/24/2018,23.2800,23.2900,23.2100,23.2600,812300.0000,19.6758
05/25/2018,23.1300,23.1400,23.0700,23.0900,446900.0000,19.5319
05/29/2018,22.8700,22.9500,22.5500,22.6200,1179000.0000,19.1344
05/30/2018,22.8500,22.8800,22.7600,22.7700,457500.0000,19.2613
05/31/2018,22.7400,22.8500,22.6600,22.8000,647400.0000,19.2866
06/01/2018,22.9400,23.0000,22.8400,22.9100,844100.0000,19.3797
06/04/2018,22.9500,23.1000,22.9500,23.0900,258700.0000,19.5319
06/05/2018,22.9800,23.0500,22.9500,23.0200,330000.0000,19.4727
06/06/2018,23.1600,23.2800,23.1600,23.2100,129900.0000,19.6335
06/07/2018,23.2400,23.2400,22.8900,23.0100,457300.0000,19.4643
06/08/2018,23.0700,23.0800,23.0100,23.0800,223200.0000,19.5235
06/11/2018,23.1700,23.1900,23.1100,23.1200,252600.0000,19.5573
06/12/2018,23.1900,23.2000,23.0800,23.1100,652100.0000,19.5489
06/13/2018,23.1000,23.2500,23.0600,23.1300,698600.0000,19.5658
06/14/2018,23.0200,23.0900,22.9400,22.9400,799000.0000,19.4051
06/15/2018,22.8400,22.9500,22.7900,22.9500,680300.0000,19.4135
06/18/2018,22.9000,22.9900,22.9000,22.9600,126500.0000,19.4220
06/19/2018,22.8000,22.8600,22.7700,22.8100,622800.0000,19.2951
06/20/2018,22.8100,22.9900,22.8100,22.9800,356200.0000,19.4705
06/21/2018,22.8900,22.9300,22.8300,22.8800,383300.0000,19.3858
06/22/2018,22.9400,22.9600,22.8500,22.8600,70800.0000,19.3688
06/25/2018,22.8300,22.8400,22.7600,22.8200,336400.0000,19.3349
06/26/2018,22.8200,22.8400,22.7700,22.8000,636000.0000,19.3180
06/27/2018,22.6300,22.6800,22.5600,22.5800,329900.0000,19.1316
06/28/2018,22.5700,22.6300,22.5500,22.5900,333800.0000,19.1400
06/29/2018,22.5600,22.6700,22.5100,22.6400,332300.0000,19.1824
07/02/2018,22.6000,22.6700,22.5900,22.6500,311200.0000,19.1909
07/03/2018,22.6300,22.6300,22.5500,22.5500,135400.0000,19.1061
07/05/2018,22.5400,22.5500,22.4500,22.4800,1265500.0000,19.0468
07/06/2018,22.4100,22.4700,22.3800,22.4300,273200.0000,19.0045
07/09/2018,22.5400,22.5800,22.5300,22.5600,338200.0000,19.1146
07/10/2018,22.5900,22.5900,22.5400,22.5700,294700.0000,19.1231
07/11/2018,22.4700,22.5400,22.4600,22.4800,437600.0000,19.0468
07/12/2018,22.5300,22.5400,22.4800,22.5000,326200.0000,19.0638
07/13/2018,22.4600,22.4800,22.4100,22.4400,105300.0000,19.0129
07/16/2018,22.5200,22.6300,22.5200,22.5400,227300.0000,19.0977
07/17/2018,22.5100,22.5800,22.5000,22.5700,185200.0000,19.1231
07/18/2018,22.5600,22.6800,22.5600,22.6600,37000.0000,19.1994
07/19/2018,22.6200,22.6200,22.4900,22.5200,82400.0000,19.0807
07/20/2018,22.6500,22.8100,22.6500,22.7900,78200.0000,19.3095
07/23/2018,22.8700,23.1000,22.8700,23.0900,422200.0000,19.5637
07/24/2018,23.0800,23.1100,22.9800,22.9900,403700.0000,19.4790
07/25/2018,22.9600,23.0800,22.9100,23.0600,129000.0000,19.5383
07/26/2018,23.0000,23.1100,22.9700,23.0800,413100.0000,19.5552
07/27/2018,22.9600,23.0500,22.9600,23.0300,117600.0000,19.5128
07/30/2018,23.1400,23.1500,23.0600,23.1300,139600.0000,19.5976
07/31/2018,23.0000,23.0400,22.9800,23.0100,168700.0000,19.4959
08/01/2018,23.2400,23.2800,23.1300,23.2000,634100.0000,19.6569
08/02/2018,23.1800,23.2300,23.1600,23.1800,353800.0000,19.6399
08/03/2018,23.1800,23.2300,23.0600,23.0600,105600.0000,19.5383
08/06/2018,23.0100,23.0600,22.9500,23.0600,94300.0000,19.5383
08/07/2018,23.1000,23.1800,23.0900,23.1800,77400.0000,19.6399
08/08/2018,23.1600,23.1800,23.1200,23.1600,90100.0000,19.6230
08/09/2018,23.0500,23.0800,22.9500,22.9500,251100.0000,19.4451
08/10/2018,22.8500,22.8600,22.7400,22.7800,361700.0000,19.3010
08/13/2018,22.8700,22.8800,22.7900,22.8400,97200.0000,19.3519
08/14/2018,22.8100,22.9100,22.8100,22.9000,284100.0000,19.4027
08/15/2018,22.8100,22.8200,22.7100,22.7600,770200.0000,19.2841
08/16/2018,22.7600,22.8700,22.7600,22.7800,177700.0000,19.3010
08/17/2018,22.7100,22.7900,22.6600,22.7500,258900.0000,19.2756
08/20/2018,22.6300,22.6300,22.5700,22.5800,236200.0000,19.1316
08/21/2018,22.6800,22.7200,22.6400,22.6700,442400.0000,19.2078
08/22/2018,22.5600,22.6400,22.5600,22.5800,296700.0000,19.1316
08/23/2018,22.5500,22.6000,22.5300,22.5400,345800.0000,19.0977
08/24/2018,22.6300,22.6500,22.5000,22.5000,234600.0000,19.0638
08/27/2018,22.6000,22.6500,22.5900,22.6400,311900.0000,19.1824
08/28/2018,22.7600,22.8100,22.7400,22.7700,184300.0000,19.2926
08/29/2018,22.7600,22.8200,22.7300,22.7600,346500.0000,19.2841
08/30/2018,22.7000,22.7400,22.6700,22.7000,216400.0000,19.2332
08/31/2018,22.5800,22.7700,22.5800,22.7500,112600.0000,19.2756
09/04/2018,22.9000,22.9500,22.8700,22.9000,381900.0000,19.4027
09/05/2018,22.9400,22.9800,22.9100,22.9500,106600.0000,19.4451
09/06/2018,22.9400,22.9500,22.8400,22.8700,440200.0000,19.3773
09/07/2018,23.0200,23.0900,23.0200,23.0600,300000.0000,19.5383
09/10/2018,23.0500,23.0500,22.9800,22.9900,138300.0000,19.4790
09/11/2018,23.0900,23.1700,23.0700,23.1700,322400.0000,19.6315
09/12/2018,23.0900,23.1100,23.0700,23.1000,198300.0000,19.5722
09/13/2018,23.0400,23.1000,23.0000,23.0800,222100.0000,19.5552
09/14/2018,23.2000,23.2200,23.1200,23.1800,354100.0000,19.6399
09/17/2018,23.2600,23.2700,23.1500,23.1900,205800.0000,19.6484
09/18/2018,23.2900,23.4600,23.2900,23.4200,1325900.0000,19.8433
09/19/2018,23.4700,23.6600,23.4700,23.5600,577200.0000,19.9619
09/20/2018,23.5900,23.6000,23.4500,23.4900,423300.0000,19.9026
09/21/2018,23.5300,23.5300,23.4500,23.4700,569200.0000,19.8856
09/24/2018,23.5500,23.5600,23.4500,23.5400,395200.0000,19.9450
09/25/2018,23.6100,23.6300,23.5700,23.5700,130000.0000,19.9704
09/26/2018,23.4500,23.5000,23.3200,23.3300,361000.0000,19.8276
09/27/2018,23.4000,23.4200,23.3300,23.3300,293300.0000,19.8276
09/28/2018,23.2800,23.4000,23.2800,23.4000,279700.0000,19.8871
10/01/2018,23.4700,23.5700,23.4400,23.5600,399600.0000,20.0231
10/02/2018,23.4700,23.4700,23.3800,23.4200,119700.0000,19.9041
10/03/2018,23.5500,23.9600,23.5400,23.8300,1770100.0000,20.2525
10/04/2018,23.9900,24.0600,23.9400,24.0100,807200.0000,20.4055
10/05/2018,24.1500,24.3100,24.0700,24.2200,1592200.0000,20.5840
10/08/2018,24.2400,24.3100,24.2200,24.3100,915800.0000,20.6605
10/09/2018,24.2200,24.2200,24.0400,24.0500,555800.0000,20.4395
10/10/2018,24.2000,24.2700,24.1100,24.1300,1061000.0000,20.5075
10/11/2018,24.0000,24.0700,23.7700,23.8200,1253100.0000,20.2440
10/12/2018,23.9300,23.9600,23.8200,23.9100,982000.0000,20.3205
10/15/2018,23.8900,23.9600,23.8500,23.9300,222700.0000,20.3375
10/16/2018,23.9500,23.9900,23.8800,23.8900,170600.0000,20.3035
10/17/2018,23.9000,24.0400,23.8700,24.0300,170300.0000,20.4225
10/18/2018,24.1200,24.1200,23.9500,24.0400,1085500.0000,20.4310
10/19/2018,24.0700,24.1500,24.0300,24.0800,480200.0000,20.4650
10/22/2018,24.0500,24.1300,24.0100,24.1100,139100.0000,20.4905
10/23/2018,23.8800,24.0600,23.8200,24.0600,411600.0000,20.4480
10/24/2018,23.9600,23.9700,23.8500,23.8600,334700.0000,20.2780
10/25/2018,23.9100,23.9700,23.8800,23.9600,322100.0000,20.3630
10/26/2018,23.8200,23.8700,23.7700,23.8300,959200.0000,20.2525
10/29/2018,23.8500,23.9900,23.8100,23.8700,248900.0000,20.2865
10/30/2018,23.9800,24.0300,23.9300,24.0000,1002000.0000,20.3970
10/31/2018,24.0900,24.2000,24.0400,24.1300,406800.0000,20.5075
11/01/2018,24.2400,24.2400,24.0900,24.1200,1421700.0000,20.4990
11/02/2018,24.1700,24.4300,24.1500,24.4200,1141800.0000,20.7540
11/05/2018,24.3200,24.3400,24.2600,24.3200,284500.0000,20.6690
11/06/2018,24.2900,24.3500,24.2600,24.3300,261800.0000,20.6775
11/07/2018,24.1700,24.3300,24.1200,24.3000,457100.0000,20.6520
11/08/2018,24.2300,24.3400,24.2200,24.3300,200000.0000,20.6775
11/09/2018,24.2600,24.2800,24.1100,24.1300,336700.0000,20.5075
11/12/2018,24.1000,24.1000,23.9400,23.9700,201900.0000,20.3715
11/13/2018,24.0400,24.1000,24.0000,24.0100,335600.0000,20.4055
11/14/2018,24.1100,24.1500,23.9100,23.9800,358100.0000,20.3800
11/15/2018,23.9100,24.0800,23.8900,24.0000,241600.0000,20.3970
11/16/2018,23.9900,24.0200,23.8400,23.8800,1133700.0000,20.2950
11/19/2018,23.9400,23.9400,23.8100,23.8200,267400.0000,20.2440
11/20/2018,23.7500,23.8200,23.7200,23.7900,450300.0000,20.2185
11/21/2018,23.8200,23.9000,23.7900,23.8100,168100.0000,20.2355
11/23/2018,23.6800,23.8100,23.6500,23.7800,469700.0000,20.2100
11/26/2018,23.8600,23.8700,23.8000,23.8600,1499500.0000,20.2780
11/27/2018,23.8500,23.8700,23.7700,23.8200,218400.0000,20.2440
11/28/2018,23.8500,23.9600,23.8100,23.9400,1489100.0000,20.3460
11/29/2018,23.8300,23.9100,23.7500,23.8600,916200.0000,20.2780
11/30/2018,23.7500,23.8300,23.7300,23.7600,499800.0000,20.1930
12/03/2018,23.8300,23.8400,23.5900,23.6100,650900.0000,20.0656
12/04/2018,23.4100,23.4400,23.0300,23.1900,1393400.0000,19.7086
12/06/2018,23.0600,23.1400,22.9300,23.1200,1213100.0000,19.6491
12/07/2018,23.1900,23.2700,23.0600,23.1000,305500.0000,19.6321
12/10/2018,23.0000,23.0700,22.9200,22.9900,584900.0000,19.5386
12/11/2018,22.9800,23.0600,22.9100,23.0100,559600.0000,19.5556
12/12/2018,23.0500,23.1400,23.0400,23.1200,389400.0000,19.6491
12/13/2018,23.0800,23.1800,23.0700,23.1600,232900.0000,19.6831
12/14/2018,23.0900,23.1300,23.0400,23.0900,137500.0000,19.6236
12/17/2018,23.0900,23.0900,22.9400,22.9600,561600.0000,19.5131
12/18/2018,22.9200,22.9600,22.7900,22.8300,777300.0000,19.4027
12/19/2018,22.7200,22.7700,22.4400,22.5200,1187600.0000,19.1392
12/20/2018,22.3700,22.6300,22.3700,22.6300,1330500.0000,19.2327
12/21/2018,22.5300,22.6700,22.5300,22.6200,917000.0000,19.2242
12/24/2018,22.5400,22.5800,22.5000,22.5000,179800.0000,19.1222
12/26/2018,22.4800,22.6700,22.4100,22.6700,610600.0000,19.3415
12/27/2018,22.4300,22.6700,22.4100,22.6700,594500.0000,19.3415
12/28/2018,22.6100,22.6200,22.4800,22.4800,601600.0000,19.1794
12/31/2018,22.5600,22.5900,22.3900,22.3900,384900.0000,19.1026
01/02/2019,22.3700,22.4300,22.2800,22.2900,360100.0000,19.0173
01/03/2019,22.2500,22.2500,21.9800,22.0400,1593900.0000,18.8040
01/04/2019,22.2500,22.3600,22.2100,22.2700,730000.0000,19.0002
01/07/2019,22.2000,22.3800,22.2000,22.3500,172700.0000,19.0684
01/08/2019,22.3600,22.4200,22.3300,22.4200,256600.0000,19.1282
01/09/2019,22.4400,22.5400,22.4200,22.4500,471600.0000,19.1538
01/10/2019,22.4500,22.6300,22.4300,22.6000,585000.0000,19.2817
01/11/2019,22.5300,22.5400,22.4500,22.5100,153100.0000,19.2050
01/14/2019,22.5200,22.6500,22.5100,22.6100,801500.0000,19.2903
01/15/2019,22.5800,22.7100,22.5800,22.6900,360700.0000,19.3585
01/16/2019,22.7600,22.7800,22.6200,22.6700,378800.0000,19.3415
01/17/2019,22.6700,22.7100,22.5900,22.6600,83000.0000,19.3329
01/18/2019,22.7200,22.8300,22.6800,22.7900,308900.0000,19.4438
01/22/2019,22.6600,22.6900,22.5800,22.6400,408600.0000,19.3159
01/23/2019,22.7300,22.7400,22.6000,22.6500,974200.0000,19.3244
01/24/2019,22.5600,22.5700,22.4800,22.5300,187400.0000,19.2220
01/25/2019,22.6000,22.6600,22.5800,22.6100,444500.0000,19.2903
01/28/2019,22.6200,22.6500,22.5500,22.6500,320200.0000,19.3244
01/29/2019,22.6200,22.6500,22.5300,22.5300,259000.0000,19.2220
01/30/2019,22.5700,22.6600,22.5500,22.5600,554900.0000,19.2476
01/31/2019,22.4300,22.4500,22.3300,22.3600,115400.0000,19.0770
02/01/2019,22.4000,22.5200,22.3900,22.5100,165400.0000,19.2050
02/04/2019,22.6000,22.6700,22.5900,22.6000,143800.0000,19.2817
02/05/2019,22.5400,22.5600,22.4600,22.5000,259400.0000,19.1964
02/06/2019,22.4400,22.5400,22.4200,22.5100,334500.0000,19.2050
02/07/2019,22.4300,22.4600,22.3400,22.3600,268600.0000,19.0770
02/08/2019,22.2700,22.3000,22.2400,22.2500,168500.0000,18.9831
02/11/2019,22.3500,22.3700,22.2900,22.3500,142600.0000,19.0684
02/12/2019,22.3800,22.4700,22.3700,22.4000,444300.0000,19.1111
02/13/2019,22.4800,22.5200,22.4500,22.4900,156100.0000,19.1879
02/14/2019,22.3100,22.4100,22.3000,22.3800,1005300.0000,19.0940
02/15/2019,22.4100,22.4100,22.3400,22.3500,998500.0000,19.0684
02/19/2019,22.2600,22.3600,22.2500,22.2900,341000.0000,19.0173
02/20/2019,22.3500,22.4200,22.3300,22.3600,331000.0000,19.0770
02/21/2019,22.5200,22.5800,22.5100,22.5400,327600.0000,19.2306
02/22/2019,22.4300,22.4500,22.3500,22.4200,179700.0000,19.1282
02/25/2019,22.5000,22.5400,22.4800,22.4900,273200.0000,19.1879
02/26/2019,22.3900,22.4800,22.3800,22.3900,405100.0000,19.1026
02/27/2019,22.5100,22.6700,22.5100,22.6300,1847200.0000,19.3073
02/28/2019,22.6100,22.7800,22.6000,22.7100,997100.0000,19.3756
03/01/2019,22.8100,22.9300,22.7700,22.9200,325300.0000,19.5548
03/04/2019,22.8000,22.8600,22.7300,22.7500,782300.0000,19.4097
03/05/2019,22.8000,22.8100,22.7000,22.7100,462900.0000,19.3756
03/06/2019,22.6900,22.6900,22.5900,22.6200,124300.0000,19.2988
03/07/2019,22.5600,22.5600,22.4500,22.4900,173800.0000,19.1879
03/08/2019,22.4900,22.5200,22.3700,22.3900,327000.0000,19.1026
03/11/2019,22.4200,22.5100,22.4200,22.4700,241100.0000,19.1708
03/12/2019,22.4500,22.4600,22.2800,22.3100,287900.0000,19.0343
03/13/2019,22.3800,22.3900,22.3400,22.3500,607600.0000,19.0684
03/14/2019,22.3900,22.5200,22.3800,22.5000,213600.0000,19.1964
03/15/2019,22.3800,22.4300,22.3400,22.3900,173100.0000,19.1026
03/18/2019,22.4200,22.4200,22.3600,22.3900,92100.0000,19.1026
03/19/2019,22.5000,22.5400,22.4100,22.4300,286200.0000,19.1367
03/20/2019,22.3300,22.3300,22.1200,22.1500,761300.0000,18.9553
03/21/2019,22.0900,22.1300,22.0800,22.1000,468900.0000,18.9125
03/22/2019,21.8800,21.9000,21.6800,21.7500,567700.0000,18.6130
03/25/2019,21.7700,21.8200,21.5700,21.7200,785400.0000,18.5873
03/26/2019,21.7900,21.8000,21.7000,21.7500,378700.0000,18.6130
03/27/2019,21.6600,21.6800,21.5200,21.5400,463700.0000,18.4333
03/28/2019,21.5200,21.5600,21.4600,21.4800,362000.0000,18.3819
03/29/2019,21.6300,21.6300,21.5000,21.5100,407700.0000,18.4076
04/01/2019,21.6500,21.8400,21.6500,21.8100,372800.0000,18.6643
04/02/2019,21.8000,21.8400,21.7600,21.7900,249200.0000,18.6472
04/03/2019,21.9500,21.9900,21.9100,21.9600,318200.0000,18.7927
04/04/2019,21.9500,21.9800,21.9000,21.9100,276900.0000,18.7499
04/05/2019,21.9500,21.9600,21.8500,21.9000,311800.0000,18.7413
04/08/2019,21.9400,21.9900,21.9100,21.9700,319300.0000,18.8012
04/09/2019,21.8500,21.9400,21.8400,21.9000,153600.0000,18.7413
04/10/2019,21.8400,21.8800,21.8100,21.8500,310500.0000,18.6985
04/11/2019,21.9200,22.0000,21.9000,21.9900,381800.0000,18.8184
04/12/2019,22.0900,22.1400,22.0700,22.1400,483400.0000,18.9467
04/15/2019,22.1200,22.1300,22.0800,22.0800,293600.0000,18.8954
04/16/2019,22.1800,22.2300,22.1500,22.2300,305700.0000,19.0237
04/17/2019,22.2400,22.2500,22.1700,22.2100,91300.0000,19.0066
04/18/2019,22.1100,22.1300,22.0800,22.0900,145900.0000,18.9039
04/22/2019,22.1900,22.2400,22.1800,22.2300,130500.0000,19.0237
04/23/2019,22.1700,22.2000,22.1600,22.1800,503100.0000,18.9810
04/24/2019,22.0800,22.0800,21.9900,21.9900,375800.0000,18.8184
04/25/2019,22.0100,22.0800,21.9900,22.0300,189300.0000,18.8526
04/26/2019,21.9200,21.9800,21.9200,21.9700,208900.0000,18.8012
04/29/2019,22.0600,22.1300,22.0500,22.0900,147400.0000,18.9039
04/30/2019,22.1100,22.1100,21.9900,22.0000,81600.0000,18.8269
05/01/2019,21.9600,21.9600,21.8100,21.9200,209800.0000,18.7585
05/02/2019,21.9400,22.0600,21.9300,22.0100,75000.0000,18.8355
05/03/2019,21.9500,22.0000,21.9100,21.9700,118800.0000,18.8012
05/06/2019,21.8500,21.9100,21.8400,21.9000,175400.0000,18.7413
05/07/2019,21.8000,21.8200,21.7000,21.7300,268000.0000,18.5959
05/08/2019,21.7000,21.8500,21.6800,21.8200,81200.0000,18.6729
05/09/2019,21.7000,21.8300,21.6800,21.7400,64600.0000,18.6044
05/10/2019,21.7400,21.8000,21.6600,21.7800,120400.0000,18.6387
05/13/2019,21.6700,21.6900,21.5700,21.6100,118800.0000,18.4932
05/14/2019,21.6500,21.6900,21.6300,21.6700,159300.0000,18.5445
05/15/2019,21.5100,21.6000,21.5100,21.5400,103100.0000,18.4333
05/16/2019,21.5900,21.6500,21.5900,21.6300,236300.0000,18.5103
05/17/2019,21.5100,21.6200,21.5100,21.5700,71300.0000,18.4589
05/20/2019,21.5500,21.6300,21.5100,21.6100,104000.0000,18.4932
05/21/2019,21.6400,21.6900,21.6300,21.6700,104000.0000,18.5445
05/22/2019,21.6300,21.6300,21.5300,21.5500,184900.0000,18.4418
05/23/2019,21.4300,21.4300,21.2200,21.3000,666100.0000,18.2279
05/24/2019,21.3100,21.3400,21.2800,21.2800,100200.0000,18.2108
05/28/2019,21.2000,21.2300,21.1000,21.1300,227100.0000,18.0824
05/29/2019,20.9700,21.0700,20.9300,21.0600,486100.0000,18.0225
05/30/2019,21.0300,21.1000,20.8800,20.8800,784100.0000,17.8685
05/31/2019,20.7700,20.7900,20.6200,20.6400,742300.0000,17.6631
06/03/2019,20.5800,20.6400,20.4800,20.5100,632600.0000,17.5518
06/04/2019,20.6600,20.7900,20.6200,20.7400,648000.0000,17.7486
06/05/2019,20.8100,20.8600,20.7400,20.8600,529000.0000,17.8513
06/06/2019,20.7300,20.8400,20.6300,20.8000,612500.0000,17.8000
06/07/2019,20.6000,20.6700,20.5600,20.6200,426700.0000,17.6460
06/10/2019,20.7900,20.8400,20.7900,20.8200,303000.0000,17.8171
06/11/2019,20.8200,20.8400,20.7700,20.7900,369200.0000,17.7914
06/12/2019,20.8300,20.8500,20.7900,20.8000,661300.0000,17.8000
06/13/2019,20.7700,20.7700,20.7000,20.7200,182200.0000,17.7315
06/14/2019,20.7300,20.7300,20.6300,20.6800,169900.0000,17.6973
06/17/2019,20.6900,20.7300,20.6400,20.6500,85400.0000,17.6716
06/18/2019,20.4700,20.5900,20.4500,20.5400,603800.0000,17.5775
06/19/2019,20.6100,20.6500,20.4800,20.5100,557500.0000,17.5518
06/20/2019,20.4500,20.5100,20.3700,20.4500,678100.0000,17.5005
06/21/2019,20.5200,20.7100,20.5200,20.6900,527700.0000,17.7059
06/24/2019,20.5800,20.5900,20.5200,20.5400,175600.0000,17.5775
06/25/2019,20.3900,20.3900,20.3300,20.3700,445300.0000,17.5130
06/26/2019,20.3900,20.5300,20.3900,20.5100,277000.0000,17.6334
06/27/2019,20.4600,20.5000,20.3500,20.3900,156300.0000,17.5302
06/28/2019,20.4200,20.4400,20.3500,20.3900,163600.0000,17.5302
07/01/2019,20.3800,20.5400,20.3600,20.4400,196600.0000,17.5732
07/02/2019,20.3800,20.4000,20.2700,20.2700,88200.0000,17.4270
07/03/2019,20.2400,20.2500,20.1200,20.1500,205500.0000,17.3239
07/05/2019,20.4000,20.5300,20.4000,20.4100,457900.0000,17.5474
07/08/2019,20.3200,20.3900,20.2900,20.3800,293800.0000,17.5216
07/09/2019,20.3700,20.4600,20.3700,20.3900,122400.0000,17.5302
07/10/2019,20.4200,20.5600,20.4200,20.5100,134500.0000,17.6334
07/11/2019,20.6000,20.8300,20.5800,20.7800,568800.0000,17.8655
07/12/2019,20.8100,20.8400,20.7300,20.7600,214800.0000,17.8483
07/15/2019,20.7300,20.7300,20.6400,20.6500,243800.0000,17.7537
07/16/2019,20.7800,20.8000,20.7100,20.7200,161200.0000,17.8139
07/17/2019,20.6400,20.6400,20.4800,20.4900,195600.0000,17.6162
07/18/2019,20.5700,20.6100,20.4500,20.4900,275000.0000,17.6162
07/19/2019,20.5500,20.5700,20.5100,20.5400,85400.0000,17.6592
07/22/2019,20.4200,20.5300,20.4200,20.5100,152500.0000,17.6334
07/23/2019,20.5700,20.6500,20.5400,20.6200,532600.0000,17.7279
07/24/2019,20.5600,20.5900,20.5200,20.5400,337200.0000,17.6592
07/25/2019,20.6300,20.7300,20.6100,20.6200,762900.0000,17.7279
07/26/2019,20.5500,20.6100,20.5500,20.5900,134900.0000,17.7022
07/29/2019,20.5300,20.5900,20.5100,20.5800,168400.0000,17.6936
07/30/2019,20.5100,20.6000,20.5100,20.5400,217500.0000,17.6592
07/31/2019,20.5600,20.5600,20.3100,20.3700,340300.0000,17.5130
08/01/2019,20.2500,20.2700,19.9500,19.9700,1628000.0000,17.1691
08/02/2019,19.9100,19.9500,19.7900,19.7900,944400.0000,17.0144
08/05/2019,19.5500,19.6200,19.4400,19.4400,683200.0000,16.7134
08/06/2019,19.5500,19.5600,19.3000,19.3000,552400.0000,16.5931
08/07/2019,18.9700,19.3100,18.8700,19.2900,1939700.0000,16.5845
08/08/2019,19.4100,19.6000,19.2400,19.2600,2298900.0000,16.5587
08/09/2019,19.2100,19.3200,19.0800,19.2900,1408100.0000,16.5845
08/12/2019,19.0600,19.1000,18.8400,18.8900,480300.0000,16.2406
08/13/2019,18.7900,19.0200,18.7700,18.9700,2419500.0000,16.3094
08/14/2019,18.6000,18.6600,18.5300,18.5500,1319400.0000,15.9483
08/15/2019,18.5100,18.5500,18.1700,18.3400,1830200.0000,15.7677
08/16/2019,18.4900,18.6500,18.4500,18.4900,1328500.0000,15.8967
08/19/2019,18.8000,18.8200,18.6800,18.7400,991800.0000,16.1116
08/20/2019,18.5800,18.6400,18.5500,18.5700,299500.0000,15.9655
08/21/2019,18.6700,18.7100,18.5300,18.6900,728700.0000,16.0686
08/22/2019,18.7600,18.8300,18.6800,18.8100,1189000.0000,16.1718
08/23/2019,18.8200,18.8300,18.4600,18.5100,1578200.0000,15.9139
08/26/2019,18.5100,18.5900,18.4700,18.5800,398700.0000,15.9741
08/27/2019,18.4300,18.4400,18.2900,18.3000,724900.0000,15.7333
08/28/2019,18.1600,18.3000,18.1400,18.2900,782300.0000,15.7247
08/29/2019,18.3500,18.4800,18.3300,18.3400,753500.0000,15.7677
08/30/2019,18.4300,18.4600,18.3200,18.3400,807400.0000,15.7677
09/03/2019,18.3400,18.4000,18.1500,18.3300,586800.0000,15.7591
09/04/2019,18.4100,18.4100,18.2800,18.3100,496700.0000,15.7419
09/05/2019,18.5200,18.7400,18.5100,18.6400,1114400.0000,16.0257
09/06/2019,18.5800,18.5900,18.4800,18.4900,417700.0000,15.8967
09/09/2019,18.7500,18.8400,18.7300,18.8400,325100.0000,16.1976
09/10/2019,18.8900,19.1700,18.8300,19.1600,1627400.0000,16.4727
09/11/2019,19.2000,19.2000,19.0200,19.2000,542000.0000,16.5071
09/12/2019,19.0600,19.3900,19.0300,19.3200,1863200.0000,16.6103
09/13/2019,19.5000,19.7400,19.4400,19.7400,1523400.0000,16.9714
09/16/2019,19.5500,19.6400,19.4500,19.4900,968600.0000,16.7564
09/17/2019,19.4800,19.5300,19.3100,19.3900,829000.0000,16.6705
09/18/2019,19.2600,19.3100,19.1700,19.3000,928100.0000,16.5931
09/19/2019,19.1500,19.2600,19.1300,19.2500,846700.0000,16.5501
09/20/2019,19.1500,19.2000,18.9900,19.0000,466400.0000,16.3352
09/23/2019,18.9600,19.0300,18.8400,19.0100,1190600.0000,16.3438
09/24/2019,18.9400,18.9400,18.7400,18.7700,573600.0000,16.1374
09/25/2019,18.7300,19.0000,18.7000,18.9800,1459400.0000,16.3983
09/26/2019,18.8600,18.9100,18.7700,18.8400,570900.0000,16.2774
09/27/2019,18.8500,18.8800,18.7700,18.8000,649800.0000,16.2428
09/30/2019,18.9100,18.9100,18.7600,18.7700,350100.0000,16.2169
10/01/2019,18.9600,18.9700,18.6200,18.6900,1598000.0000,16.1478
10/02/2019,18.6800,18.7000,18.5800,18.6600,653600.0000,16.1219
10/03/2019,18.6200,18.6200,18.4000,18.4900,1125600.0000,15.9750
10/04/2019,18.4400,18.4600,18.3500,18.3600,754700.0000,15.8627
10/07/2019,18.4700,18.5200,18.4300,18.5200,330000.0000,16.0009
10/08/2019,18.3700,18.5300,18.3700,18.4600,1041700.0000,15.9491
10/09/2019,18.5400,18.6400,18.5400,18.5800,519800.0000,16.0527
10/10/2019,18.7300,18.9100,18.7300,18.8600,728300.0000,16.2947
10/11/2019,19.0100,19.1800,19.0000,19.0700,2101700.0000,16.4761
10/14/2019,18.9500,19.0000,18.9300,18.9500,363100.0000,16.3724
10/15/2019,19.0500,19.2000,19.0200,19.1800,477800.0000,16.5711
10/16/2019,19.2000,19.2400,19.1500,19.1700,352300.0000,16.5625
10/17/2019,19.2200,19.2400,19.0900,19.2000,407800.0000,16.5884
10/18/2019,19.1900,19.2200,19.1300,19.2000,218200.0000,16.5884
10/21/2019,19.3500,19.3900,19.2900,19.3600,299200.0000,16.7267
10/22/2019,19.2400,19.3300,19.2200,19.2500,494900.0000,16.6316
10/23/2019,19.1500,19.2400,19.1100,19.2200,354200.0000,16.6057
10/24/2019,19.1900,19.2900,19.1200,19.2700,613800.0000,16.6489
10/25/2019,19.2100,19.3900,19.2100,19.3600,263200.0000,16.7267
10/28/2019,19.4900,19.5800,19.4900,19.5300,655700.0000,16.8735
10/29/2019,19.4800,19.5500,19.4700,19.5100,344600.0000,16.8563
10/30/2019,19.4700,19.4700,19.2300,19.2400,1030800.0000,16.6230
10/31/2019,19.1000,19.1000,18.9200,18.9800,718400.0000,16.3983
11/01/2019,19.0100,19.1500,18.9500,19.0400,550200.0000,16.4502
11/04/2019,19.2600,19.3200,19.2500,19.2900,249900.0000,16.6662
11/05/2019,19.5000,19.5800,19.4100,19.5200,810300.0000,16.8649
11/06/2019,19.4000,19.4900,19.3500,19.4000,964200.0000,16.7612
11/07/2019,19.6200,19.9000,19.6200,19.7500,1021800.0000,17.0636
11/08/2019,19.8000,19.8400,19.6900,19.8200,551400.0000,17.1241
11/11/2019,19.7400,19.8800,19.7400,19.8200,222600.0000,17.1241
11/12/2019,19.7900,19.8600,19.7000,19.7300,479300.0000,17.0463
11/13/2019,19.5700,19.6500,19.5500,19.6100,430400.0000,16.9427
11/14/2019,19.4200,19.4400,19.3300,19.4100,632500.0000,16.7699
11/15/2019,19.4700,19.4700,19.3600,19.4400,304900.0000,16.7958
11/18/2019,19.3700,19.4100,19.3100,19.3900,381500.0000,16.7526
11/19/2019,19.3500,19.3500,19.2200,19.2500,394800.0000,16.6316
11/20/2019,19.1300,19.1400,19.0300,19.0500,250200.0000,16.4588
11/21/2019,19.1700,19.2400,19.1100,19.1600,708500.0000,16.5539
11/22/2019,19.1100,19.1600,19.0800,19.1300,198900.0000,16.5279
11/25/2019,19.0700,19.1000,19.0500,19.0900,134100.0000,16.4934
11/26/2019,18.9900,18.9900,18.9400,18.9600,208500.0000,16.3811
11/27/2019,19.0500,19.1400,19.0100,19.0200,254500.0000,16.4329
11/29/2019,19.0200,19.1600,19.0200,19.0700,260100.0000,16.4761
12/02/2019,19.3500,19.3800,19.2300,19.3200,467800.0000,16.6921
12/03/2019,19.0900,19.1000,18.8500,18.9300,1214600.0000,16.3551
12/04/2019,19.0500,19.1900,19.0200,19.1200,777200.0000,16.5193
12/05/2019,19.2700,19.2800,19.1700,19.2100,876500.0000,16.5971
12/06/2019,19.3500,19.3900,19.2200,19.3200,909700.0000,16.6921
12/09/2019,19.2300,19.2900,19.2200,19.2700,1168100.0000,16.6489
12/10/2019,19.1900,19.3100,19.1800,19.2700,949500.0000,16.6489
12/11/2019,19.1800,19.1900,19.0100,19.1300,1406600.0000,16.5279
12/12/2019,19.2000,19.5500,19.1900,19.4300,902000.0000,16.7871
12/13/2019,19.3500,19.4700,19.1400,19.2000,1467200.0000,16.5884
12/16/2019,19.3000,19.4400,19.3000,19.4000,258900.0000,16.7612
12/17/2019,19.3300,19.4700,19.3100,19.4100,205500.0000,16.7699
12/18/2019,19.4500,19.6000,19.4400,19.5600,271800.0000,16.8994
12/19/2019,19.6100,19.6500,19.5000,19.5500,295600.0000,16.8908
12/20/2019,19.5900,19.6200,19.4200,19.5300,251500.0000,16.8735
12/23/2019,19.4900,19.6100,19.4800,19.5600,445900.0000,16.8994
12/24/2019,19.5300,19.6000,19.3800,19.4000,337000.0000,16.8257
12/26/2019,19.4100,19.4700,19.3700,19.3700,287000.0000,16.7997
12/27/2019,19.3300,19.3500,19.3100,19.3400,165700.0000,16.7737
12/30/2019,19.5600,19.6000,19.4200,19.4300,258900.0000,16.8518
12/31/2019,19.5200,19.6400,19.4900,19.6100,516700.0000,17.0079
01/02/2020,19.5500,19.5500,19.3300,19.4000,492000.0000,16.8257
01/03/2020,19.2400,19.2800,19.1000,19.1200,295600.0000,16.5829
01/06/2020,19.0300,19.2500,19.0300,19.2200,425300.0000,16.6696
01/07/2020,19.2400,19.3100,19.2100,19.3100,796500.0000,16.7477
01/08/2020,19.2700,19.5000,19.2300,19.4300,1273700.0000,16.8518
01/09/2020,19.5400,19.5600,19.3500,19.3700,655900.0000,16.7997
01/10/2020,19.3100,19.3200,19.2000,19.2000,841800.0000,16.6523
01/13/2020,19.2800,19.3500,19.2600,19.2700,1111000.0000,16.7130
01/14/2020,19.2400,19.2500,19.1700,19.1800,717900.0000,16.6349
01/15/2020,19.0600,19.1200,19.0300,19.0300,959600.0000,16.5048
01/16/2020,19.1000,19.1600,19.0700,19.0900,954000.0000,16.5569
01/17/2020,19.3300,19.3600,19.2500,19.2600,276800.0000,16.7043
01/21/2020,19.1500,19.1500,19.0400,19.0700,810400.0000,16.5395
01/22/2020,19.0300,19.0500,18.9700,18.9900,566900.0000,16.4701
01/23/2020,18.8700,18.8800,18.8000,18.8700,761700.0000,16.3661
01/24/2020,18.8100,18.8200,18.6500,18.7100,1255900.0000,16.2273
01/27/2020,18.4500,18.5400,18.4200,18.4200,1264200.0000,15.9758
01/28/2020,18.4800,18.6100,18.4600,18.5800,1221900.0000,16.1145
01/29/2020,18.5300,18.5300,18.3800,18.3800,1045500.0000,15.9411
01/30/2020,18.3500,18.4200,18.2500,18.3900,2228000.0000,15.9497
01/31/2020,18.3100,18.3200,18.2200,18.2400,1400700.0000,15.8197
02/03/2020,18.3000,18.4200,18.2100,18.2300,1460600.0000,15.8110
02/04/2020,18.4300,18.5400,18.4300,18.4900,1764700.0000,16.0365
02/05/2020,18.6500,18.7000,18.6000,18.6900,1267500.0000,16.2099
02/06/2020,18.6600,18.6900,18.5800,18.5900,1098100.0000,16.1232
02/07/2020,18.4100,18.4400,18.3300,18.3900,639800.0000,15.9497
02/10/2020,18.3000,18.3500,18.2800,18.3400,451800.0000,15.9064
02/11/2020,18.3600,18.4400,18.3500,18.4200,361600.0000,15.9758
02/12/2020,18.4900,18.5500,18.4900,18.5200,367300.0000,16.0625
02/13/2020,18.5100,18.5300,18.4100,18.4500,852100.0000,16.0018
02/14/2020,18.3400,18.3700,18.3000,18.3600,880900.0000,15.9237
02/18/2020,18.2600,18.3100,18.1800,18.2400,1138900.0000,15.8197
02/19/2020,18.2900,18.3100,18.2400,18.2400,658000.0000,15.8197
02/20/2020,18.1700,18.1800,18.0600,18.1100,2090500.0000,15.7069
02/21/2020,17.9500,17.9800,17.8300,17.9300,1869900.0000,15.5508
02/24/2020,17.5900,17.7000,17.5800,17.6700,1787700.0000,15.3253
02/25/2020,17.6700,17.6800,17.4900,17.5600,1935000.0000,15.2299
02/26/2020,17.7100,17.7400,17.4900,17.6600,1828500.0000,15.3166
02/27/2020,17.3900,17.6000,17.3500,17.4800,3747900.0000,15.1605
02/28/2020,17.1900,17.2200,17.0100,17.0700,3175400.0000,14.8049
03/02/2020,17.0700,17.2300,16.9200,17.2200,3436700.0000,14.9350
03/03/2020,17.2200,17.3900,16.5900,16.9600,2636300.0000,14.7095
03/04/2020,16.9500,17.1800,16.8500,17.1400,5691200.0000,14.8656
03/05/2020,16.8800,16.9000,16.6800,16.7300,1218800.0000,14.5100
03/06/2020,15.7700,16.1900,15.5900,15.8400,3453500.0000,13.7381
03/09/2020,14.6600,15.3500,14.3600,15.3400,2430800.0000,13.3045
03/10/2020,15.4800,16.0500,15.2100,16.0000,1686900.0000,13.8769
03/11/2020,15.7800,16.2000,15.6100,16.1900,864200.0000,14.0417
03/12/2020,14.8000,16.4900,14.8000,16.3700,1264000.0000,14.1978
03/13/2020,16.5000,16.7600,16.0200,16.5600,1063300.0000,14.3626
03/16/2020,15.8500,16.4100,15.5600,15.8800,944700.0000,13.7728
03/17/2020,16.2500,16.8800,15.6200,16.8800,606800.0000,14.6401
03/18/2020,16.8800,17.7300,16.7000,17.1200,1988400.0000,14.8483
03/19/2020,16.6600,17.4900,16.5300,17.4700,658100.0000,15.1518
03/20/2020,16.4500,16.9000,16.0300,16.1500,528000.0000,14.0070
03/23/2020,17.3800,17.3800,15.2800,15.5600,411900.0000,13.4953
03/24/2020,15.4000,15.9400,15.4000,15.6900,195700.0000,13.6080
03/25/2020,15.8000,15.9300,15.2500,15.7800,773600.0000,13.7167
03/26/2020,15.6200,15.8800,15.4600,15.7100,381400.0000,13.6558
03/27/2020,15.4500,15.5800,15.2500,15.2700,258600.0000,13.2734
03/30/2020,15.2500,15.5800,15.0100,15.1900,472300.0000,13.2038
03/31/2020,15.3100,15.5800,15.3100,15.5200,89700.0000,13.4907
04/01/2020,15.0500,15.3700,15.0500,15.3100,236200.0000,13.3081
04/02/2020,15.1100,15.3500,15.1100,15.2300,390200.0000,13.2386
04/03/2020,15.2000,15.2200,15.0300,15.1800,455900.0000,13.1951
04/06/2020,15.3100,15.4400,15.2000,15.2100,364000.0000,13.2212
04/07/2020,15.5000,15.6000,15.3500,15.3800,275300.0000,13.3690
04/08/2020,15.5000,15.5900,15.4100,15.5300,633800.0000,13.4994
04/09/2020,15.5500,15.7200,15.4400,15.4900,467600.0000,13.4646
04/13/2020,15.4800,15.6400,15.4400,15.6400,1555700.0000,13.5950
04/14/2020,15.6900,15.6900,15.5400,15.6500,1446900.0000,13.6037
04/15/2020,15.3500,15.3900,15.1800,15.2500,4110200.0000,13.2560
04/16/2020,15.1200,15.1600,15.0000,15.0800,4080100.0000,13.1082
04/17/2020,15.0800,15.3100,15.0000,15.2700,94400.0000,13.2734
04/20/2020,15.1800,15.2600,15.1400,15.1400,1014800.0000,13.1604
04/21/2020,14.8500,15.0000,14.8500,14.9500,1177200.0000,12.9952
04/22/2020,15.0400,15.2000,15.0400,15.1000,314800.0000,13.1256
04/23/2020,15.0300,15.1600,14.9900,15.0200,438400.0000,13.0561
04/24/2020,15.1000,15.1100,14.9800,14.9800,48500.0000,13.0213
04/27/2020,15.0000,15.2800,15.0000,15.2600,354900.0000,13.2647
04/28/2020,15.1800,15.2000,15.0800,15.0800,214500.0000,13.1082
04/29/2020,15.0800,15.2500,15.0400,15.1800,190600.0000,13.1951
04/30/2020,15.1500,15.3500,15.1300,15.3300,370200.0000,13.3255
05/01/2020,15.2400,15.3400,15.2000,15.2400,167600.0000,13.2473
05/04/2020,15.2300,15.3500,15.2300,15.2800,233900.0000,13.2821
05/05/2020,15.4100,15.4400,15.3600,15.3800,176200.0000,13.3690
05/06/2020,15.6300,15.7600,15.5900,15.6000,427600.0000,13.5602
05/07/2020,15.6100,15.6200,15.3400,15.3400,389400.0000,13.3342
05/08/2020,15.5200,15.5800,15.4100,15.5400,199600.0000,13.5081
05/11/2020,15.5700,15.7300,15.5200,15.6600,323300.0000,13.6124
05/12/2020,15.6200,15.6500,15.4700,15.5200,236700.0000,13.4907
05/13/2020,15.4300,15.4600,15.3300,15.4000,343100.0000,13.3864
05/14/2020,15.2300,15.2700,15.1700,15.2500,227800.0000,13.2560
05/15/2020,15.1400,15.3500,15.1400,15.2800,387900.0000,13.2821
05/18/2020,15.4200,15.6700,15.4200,15.6200,248100.0000,13.5776
05/19/2020,15.6900,15.6900,15.5400,15.5400,227200.0000,13.5081
05/20/2020,15.6000,15.6400,15.4700,15.5200,563900.0000,13.4907
05/21/2020,15.4400,15.5000,15.4100,15.4800,313900.0000,13.4559
05/22/2020,15.4600,15.4600,15.3600,15.4000,134400.0000,13.3864
05/26/2020,15.5500,15.6400,15.5500,15.5900,1045600.0000,13.5515
05/27/2020,15.6500,15.6600,15.5300,15.6100,1407200.0000,13.5689
05/28/2020,15.7100,15.7500,15.6600,15.6800,1374200.0000,13.6298
05/29/2020,15.6300,15.6800,15.5200,15.5600,636400.0000,13.5254
06/01/2020,15.6700,15.7200,15.6500,15.6700,393600.0000,13.6211
06/02/2020,15.7100,15.7500,15.6800,15.7200,516700.0000,13.6645
06/03/2020,15.8700,15.9900,15.8600,15.9200,585300.0000,13.8384
06/04/2020,16.0000,16.1800,15.9900,16.1600,869900.0000,14.0470
06/05/2020,16.4300,16.5800,16.2700,16.2700,1086600.0000,14.1426
06/08/2020,16.3900,16.3900,16.1900,16.2000,664900.0000,14.0818
06/09/2020,15.9700,16.0400,15.9100,16.0100,458100.0000,13.9166
06/10/2020,15.9600,15.9600,15.7800,15.7800,382000.0000,13.7167
06/11/2020,15.5500,15.6000,15.4600,15.4800,2456400.0000,13.4559
06/12/2020,15.6300,15.6500,15.5100,15.6300,496200.0000,13.5863
06/15/2020,15.4700,15.6500,15.4500,15.6300,954000.0000,13.5863
06/16/2020,15.9000,15.9800,15.7400,15.8500,752700.0000,13.7775
06/17/2020,15.8100,15.9200,15.7700,15.8000,437600.0000,13.7341
06/18/2020,15.6600,15.6800,15.6100,15.6300,323200.0000,13.5863
06/19/2020,15.7500,15.7500,15.6100,15.6100,419800.0000,13.5689
06/22/2020,15.5200,15.6400,15.5100,15.6100,328800.0000,13.5689
06/23/2020,15.7100,15.7300,15.6400,15.7200,594900.0000,13.6645
06/24/2020,15.6800,15.6900,15.5300,15.5400,291800.0000,13.5081
06/25/2020,15.4300,15.5100,15.4200,15.5100,1436500.0000,13.4820
06/26/2020,15.4300,15.4300,15.3300,15.3400,914300.0000,13.3342
06/29/2020,15.3700,15.4200,15.3300,15.3900,523900.0000,13.3777
06/30/2020,15.3400,15.5000,15.3300,15.4500,550700.0000,13.4298
07/01/2020,15.5400,15.6000,15.4700,15.4800,873700.0000,13.4559
07/02/2020,15.5500,15.5900,15.4600,15.4700,627800.0000,13.4472
07/06/2020,15.5800,15.6300,15.5300,15.5400,462100.0000,13.5081
07/07/2020,15.4900,15.5000,15.3000,15.3100,366500.0000,13.3081
07/08/2020,15.3800,15.4300,15.3500,15.3700,607800.0000,13.3603
07/09/2020,15.3600,15.3700,15.1000,15.1400,1139200.0000,13.1604
07/10/2020,15.0500,15.2200,15.0400,15.2100,734100.0000,13.2212
07/13/2020,15.2700,15.3000,15.1500,15.1500,1004200.0000,13.1691
07/14/2020,15.0600,15.1400,15.0400,15.1400,1420800.0000,13.1604
07/15/2020,15.2500,15.2500,15.1500,15.2100,664900.0000,13.2212
07/16/2020,15.1000,15.1400,15.0700,15.1300,1014800.0000,13.1517
07/17/2020,15.1100,15.1900,15.1100,15.1700,325600.0000,13.1864
07/20/2020,15.1000,15.1600,15.0900,15.1200,268000.0000,13.1430
07/21/2020,15.1000,15.1300,15.0700,15.1200,1545200.0000,13.1430
07/22/2020,15.0300,15.0900,15.0100,15.0600,185100.0000,13.0908
07/23/2020,14.9600,15.0000,14.8800,14.8900,1068000.0000,12.9431
07/24/2020,14.9600,14.9800,14.8800,14.8900,954600.0000,12.9431
07/27/2020,14.8500,14.9700,14.8400,14.9600,1009300.0000,13.0039
07/28/2020,14.9000,14.9200,14.8400,14.8500,231300.0000,12.9083
07/29/2020,14.8700,14.9900,14.8500,14.8700,2219800.0000,12.9257
07/30/2020,14.7700,14.8000,14.7500,14.7600,285600.0000,12.8301
07/31/2020,14.8500,14.8700,14.7500,14.7900,411400.0000,12.8561
08/03/2020,14.9200,14.9400,14.8400,14.8400,351300.0000,12.8996
08/04/2020,14.7700,14.7800,14.7100,14.7100,273300.0000,12.7866
08/05/2020,14.8300,14.8700,14.7900,14.8300,1617700.0000,12.8909
08/06/2020,14.7200,14.7900,14.6500,14.7600,1810200.0000,12.8301
08/07/2020,14.7400,14.8700,14.7100,14.8400,286300.0000,12.8996
08/10/2020,14.8200,14.9200,14.8200,14.9200,437700.0000,12.9691
08/11/2020,15.0800,15.2000,15.0500,15.0900,573500.0000,13.1169
08/12/2020,15.2200,15.2900,15.1900,15.2300,732200.0000,13.2386
08/13/2020,15.2500,15.4500,15.2300,15.3800,807100.0000,13.3690
08/14/2020,15.3800,15.4800,15.3600,15.4400,1228100.0000,13.4211
08/17/2020,15.3600,15.4300,15.3200,15.4000,510800.0000,13.3864
08/18/2020,15.3300,15.3500,15.2800,15.2900,272800.0000,13.2907
08/19/2020,15.2400,15.4300,15.2200,15.3900,852000.0000,13.3777
08/20/2020,15.2300,15.2700,15.2200,15.2400,230700.0000,13.2473
08/21/2020,15.1900,15.2700,15.1500,15.1500,158700.0000,13.1691
08/24/2020,15.1400,15.1900,15.0900,15.1900,973400.0000,13.2038
08/25/2020,15.3200,15.3800,15.2700,15.3000,488100.0000,13.2994
08/26/2020,15.3600,15.4300,15.3300,15.3500,261600.0000,13.3429
08/27/2020,15.2800,15.6300,15.2800,15.6300,744700.0000,13.5863
08/28/2020,15.5700,15.6800,15.5400,15.6300,597200.0000,13.5863
08/31/2020,15.5900,15.5900,15.4300,15.5300,849900.0000,13.4994
09/01/2020,15.5500,15.6000,15.3300,15.3500,759900.0000,13.3429
09/02/2020,15.3900,15.3900,15.1900,15.2100,339100.0000,13.2212
09/03/2020,15.1700,15.2000,15.0400,15.1600,3137400.0000,13.1777
09/04/2020,15.2900,15.4700,15.2700,15.4400,583900.0000,13.4211
09/08/2020,15.2800,15.3500,15.2100,15.3400,1778600.0000,13.3342
09/09/2020,15.3300,15.4300,15.3000,15.3900,530400.0000,13.3777
09/10/2020,15.4700,15.5000,15.2900,15.3000,366800.0000,13.2994
09/11/2020,15.2900,15.3100,15.2700,15.2800,236600.0000,13.2821
09/14/2020,15.2400,15.3000,15.2200,15.2800,183600.0000,13.2821
09/15/2020,15.3100,15.3400,15.2800,15.3000,693700.0000,13.2994
09/16/2020,15.2400,15.4100,15.2400,15.3600,1361400.0000,13.3516
09/17/2020,15.2400,15.3300,15.2200,15.3100,185300.0000,13.3081
09/18/2020,15.3000,15.3800,15.3000,15.3600,331100.0000,13.3516
09/21/2020,15.2300,15.3000,15.1800,15.2700,653300.0000,13.2734
09/22/2020,15.2700,15.3200,15.2300,15.2800,233700.0000,13.2821
09/23/2020,15.2900,15.3600,15.2600,15.2700,509000.0000,13.2734
09/24/2020,15.2200,15.2500,15.2000,15.2100,71000.0000,13.2212
09/25/2020,15.2100,15.2400,15.1800,15.2000,147300.0000,13.2125
09/28/2020,15.2200,15.2700,15.2200,15.2500,2875900.0000,13.2560
09/29/2020,15.2200,15.2600,15.1900,15.2400,128700.0000,13.2473
09/30/2020,15.3000,15.4400,15.3000,15.3600,2973200.0000,13.3516
10/01/2020,15.4400,15.4600,15.3200,15.3400,2950700.0000,13.3342
10/02/2020,15.3300,15.4600,15.3300,15.4000,197800.0000,13.3864
10/05/2020,15.5700,15.7100,15.5700,15.7100,479700.0000,13.6558
10/06/2020,15.7400,15.7800,15.5500,15.6300,663100.0000,13.5863
10/07/2020,15.7200,15.7800,15.6300,15.7500,427600.0000,13.6906
10/08/2020,15.6700,15.7000,15.6400,15.6400,378500.0000,13.5950
10/09/2020,15.7200,15.7700,15.6400,15.6700,340900.0000,13.6211
10/12/2020,15.6300,15.6600,15.6000,15.6200,213200.0000,13.5776
10/13/2020,15.5400,15.5500,15.4900,15.4900,466800.0000,13.4646
10/14/2020,15.4200,15.4700,15.4000,15.4500,69200.0000,13.4298
10/15/2020,15.3700,15.5000,15.3600,15.4800,92300.0000,13.4559
10/16/2020,15.4900,15.5500,15.4400,15.5200,151500.0000,13.4907
10/19/2020,15.6100,15.6500,15.5700,15.5900,1768600.0000,13.5515
10/20/2020,15.6600,15.7700,15.6600,15.7300,2346500.0000,13.6732
10/21/2020,15.7800,15.8100,15.7200,15.7900,2048700.0000,13.7254
10/22/2020,15.8300,15.9500,15.8000,15.9500,582900.0000,13.8645
10/23/2020,15.9600,15.9700,15.8300,15.8600,1136100.0000,13.7862
10/26/2020,15.7300,15.7400,15.6400,15.6900,1157800.0000,13.6384
10/27/2020,15.6200,15.6500,15.5800,15.6000,1775000.0000,13.5602
10/28/2020,15.5000,15.6300,15.5000,15.5600,2634300.0000,13.5254
10/29/2020,15.5800,15.7900,15.5700,15.7300,3077400.0000,13.6732
10/30/2020,15.7300,15.8900,15.7100,15.8900,3519500.0000,13.8123
11/02/2020,15.7600,15.8100,15.7100,15.7800,3416100.0000,13.7167
11/03/2020,15.8400,15.9200,15.8300,15.8600,633200.0000,13.7862
11/04/2020,15.4700,15.5600,15.4000,15.5100,4463500.0000,13.4820
11/05/2020,15.4700,15.5600,15.4500,15.4800,887800.0000,13.4559
11/06/2020,15.6500,15.7100,15.6300,15.6700,346600.0000,13.6211
11/09/2020,16.0000,16.1400,15.9900,15.9900,4353300.0000,13.8992
11/10/2020,16.1200,16.1300,16.0200,16.0800,622700.0000,13.9775
11/11/2020,16.1200,16.1500,16.0100,16.0300,643100.0000,13.9340
11/12/2020,15.8900,15.9200,15.7500,15.7500,1662800.0000,13.6906
11/13/2020,15.7600,15.8000,15.7500,15.7800,915200.0000,13.7167
11/16/2020,15.8100,15.8300,15.7700,15.8200,345900.0000,13.7515
11/17/2020,15.7100,15.7300,15.6700,15.7100,279000.0000,13.6558
11/18/2020,15.6500,15.7600,15.6400,15.6700,263000.0000,13.6211
11/19/2020,15.6000,15.6000,15.5200,15.5800,198000.0000,13.5428
11/20/2020,15.5300,15.5500,15.4400,15.4400,300400.0000,13.4211
11/23/2020,15.5000,15.5600,15.4900,15.5100,591100.0000,13.4820
11/24/2020,15.5800,15.6800,15.5800,15.6600,408200.0000,13.6124
11/25/2020,15.6500,15.7200,15.5900,15.7200,415200.0000,13.6645
11/27/2020,15.6300,15.6300,15.5600,15.5600,389900.0000,13.5254
11/30/2020,15.5800,15.6100,15.5400,15.5900,1111000.0000,13.5515
12/01/2020,15.7000,15.8800,15.6900,15.8100,632900.0000,13.7428
12/02/2020,15.8600,16.0100,15.8600,15.9200,500800.0000,13.8384
12/03/2020,15.8600,15.8900,15.7700,15.7900,288000.0000,13.7254
12/04/2020,15.9800,16.0700,15.9700,16.0400,502600.0000,13.9427
12/07/2020,15.9200,15.9400,15.8600,15.9000,393600.0000,13.8210
12/08/2020,15.7900,15.8200,15.7400,15.8200,377600.0000,13.7515
12/09/2020,15.9000,15.9400,15.8300,15.8700,235500.0000,13.7949
12/10/2020,15.8300,15.8700,15.7200,15.7200,474600.0000,13.6645
12/11/2020,15.6700,15.7200,15.6100,15.6800,1549100.0000,13.6298
12/14/2020,15.7900,15.8300,15.6800,15.7100,1207100.0000,13.6558
12/15/2020,15.7600,15.8100,15.7100,15.7700,1153300.0000,13.7080
12/16/2020,15.8800,15.9000,15.7600,15.8100,1672300.0000,13.7428
12/17/2020,15.7000,15.8800,15.6800,15.8600,713900.0000,13.7862
12/18/2020,15.8100,15.9000,15.7800,15.8900,250600.0000,13.8123
12/21/2020,15.8000,15.8800,15.7900,15.8300,431600.0000,13.7601
12/22/2020,15.7600,15.8100,15.7300,15.7400,1150100.0000,13.6819
12/23/2020,15.8500,15.9700,15.8500,15.8500,1531200.0000,13.7775
12/24/2020,15.8200,15.8300,15.7800,15.7900,97600.0000,13.7254
12/28/2020,15.8900,15.9100,15.7700,15.7700,266100.0000,13.7080
12/29/2020,15.8800,15.8800,15.7800,15.7900,488800.0000,13.7254
12/30/2020,15.8200,15.8400,15.7600,15.7600,384800.0000,13.6993
12/31/2020,15.7700,15.7800,15.7000,15.7800,444200.0000,13.7167
01/04/2021,15.8500,15.8500,15.6900,15.7600,677100.0000,13.6993
01/05/2021,15.8100,15.9400,15.8100,15.8600,492800.0000,13.7862
01/06/2021,16.1400,16.2900,16.1300,16.2000,1242800.0000,14.0818
01/07/2021,16.3400,16.4000,16.3000,16.3400,1110600.0000,14.2035
01/08/2021,16.3800,16.4600,16.3300,16.3800,1624600.0000,14.2382
01/11/2021,16.4200,16.4800,16.4100,16.4300,1205700.0000,14.2817
01/12/2021,16.4400,16.5400,16.4100,16.4200,606200.0000,14.2730
01/13/2021,16.3600,16.3700,16.2000,16.2400,1000600.0000,14.1165
01/14/2021,16.2500,16.4500,16.2500,16.4100,464500.0000,14.2643
01/15/2021,16.3100,16.3700,16.2800,16.3300,558100.0000,14.1948
01/19/2021,16.3700,16.3700,16.2800,16.2900,684700.0000,14.1600
01/20/2021,16.3100,16.3300,16.2700,16.2700,380600.0000,14.1426
01/21/2021,16.3800,16.4100,16.3400,16.3900,391200.0000,14.2469
01/22/2021,16.3400,16.3700,16.3200,16.3400,535700.0000,14.2035
01/25/2021,16.2300,16.2400,16.1300,16.1300,1849300.0000,14.0209
01/26/2021,16.1800,16.2000,16.1300,16.1600,280900.0000,14.0470
01/27/2021,16.0900,16.1400,16.0400,16.1100,2355100.0000,14.0035
01/28/2021,16.1400,16.2800,16.1400,16.2000,229800.0000,14.0818
01/29/2021,16.3600,16.3700,16.2500,16.2800,1516800.0000,14.1513
02/01/2021,16.3200,16.3300,16.2400,16.2800,1086200.0000,14.1513
02/02/2021,16.4200,16.4300,16.3700,16.3800,268800.0000,14.2382
02/03/2021,16.4400,16.5400,16.4400,16.5300,423300.0000,14.3686
02/04/2021,16.5900,16.6200,16.5500,16.5700,574200.0000,14.4034
02/05/2021,16.6100,16.7200,16.5500,16.7200,788000.0000,14.5338
02/08/2021,16.6900,16.7100,16.5700,16.6300,1685000.0000,14.4555
02/09/2021,16.5700,16.6400,16.5300,16.6300,477500.0000,14.4555
02/10/2021,16.5800,16.5900,16.5100,16.5100,2627500.0000,14.3512
02/11/2021,16.5200,16.6400,16.5200,16.6000,1720700.0000,14.4295
02/12/2021,16.7600,16.8300,16.7000,16.8100,2797500.0000,14.6120
02/16/2021,17.0400,17.0900,16.9800,17.0500,3494800.0000,14.8206
02/17/2021,16.9600,17.0500,16.8900,16.9700,1460000.0000,14.7511
02/18/2021,17.1000,17.1200,16.9800,17.0200,1183800.0000,14.7945
02/19/2021,17.1700,17.2900,17.1200,17.2500,840800.0000,14.9945
02/22/2021,17.2800,17.4400,17.1900,17.3900,2551500.0000,15.1162
02/23/2021,17.4700,17.5000,17.3400,17.4300,1386000.0000,15.1509
02/24/2021,17.7100,17.7500,17.5000,17.5400,2284200.0000,15.2466
02/25/2021,17.7000,18.1400,17.6500,17.8000,6409800.0000,15.4726
02/26/2021,17.5300,17.6800,17.2100,17.2100,3457200.0000,14.9597
03/01/2021,17.5100,17.6000,17.4400,17.4800,1321900.0000,15.1944
03/02/2021,17.5600,17.5700,17.4700,17.4800,965000.0000,15.1944
03/03/2021,17.6800,17.7600,17.6000,17.6700,1016500.0000,15.3596
03/04/2021,17.6600,17.8600,17.6100,17.7800,1618800.0000,15.4552
03/05/2021,17.8500,17.8700,17.7000,17.7400,976200.0000,15.4204
03/08/2021,17.7600,17.8900,17.7600,17.8800,994100.0000,15.5421
03/09/2021,17.7000,17.7400,17.6300,17.6400,3132500.0000,15.3335
03/10/2021,17.6500,17.7100,17.6100,17.6100,829000.0000,15.3074
03/11/2021,17.7100,17.8000,17.6900,17.7300,1249400.0000,15.4117
03/12/2021,18.0500,18.1600,18.0500,18.1100,1498200.0000,15.7420
03/15/2021,18.0500,18.0700,17.9700,18.0300,2909200.0000,15.6725
03/16/2021,17.9900,18.1400,17.9600,18.0600,1216800.0000,15.6986
03/17/2021,18.2300,18.3500,18.1700,18.1900,4948600.0000,15.8116
03/18/2021,18.4800,18.4900,18.3100,18.3600,5565500.0000,15.9593
03/19/2021,18.3600,18.4000,18.2600,18.2700,4262400.0000,15.8811
03/22/2021,18.1500,18.1900,18.0600,18.0800,1904300.0000,15.7159
03/23/2021,18.0300,18.0800,17.8900,17.9100,1175400.0000,15.5682
03/24/2021,17.9600,17.9700,17.8000,17.8100,1215500.0000,15.4812
03/25/2021,17.7900,17.9400,17.7500,17.9300,1207900.0000,15.5856
03/26/2021,18.0400,18.0600,17.9200,17.9900,766000.0000,15.6377
03/29/2021,17.9800,18.2100,17.9800,18.1400,667800.0000,15.7681
03/30/2021,18.1800,18.2100,18.0200,18.0400,982700.0000,15.6812
03/31/2021,18.0300,18.2100,18.0200,18.1200,1143600.0000,15.7507
04/01/2021,17.9900,18.0200,17.8500,17.8700,1197400.0000,15.5334
04/05/2021,17.9700,18.0600,17.9400,17.9400,558500.0000,15.5942
04/06/2021,17.9100,17.9200,17.8000,17.8000,788400.0000,15.4726
04/07/2021,17.8700,17.9300,17.7800,17.9200,446900.0000,15.5769
04/08/2021,17.8800,17.8800,17.7800,17.7900,719000.0000,15.4639
04/09/2021,17.8500,17.9000,17.7700,17.8500,457400.0000,15.5160
04/12/2021,17.8600,17.9000,17.8500,17.8600,323200.0000,15.5247
04/13/2021,17.8800,17.8800,17.7200,17.7200,738800.0000,15.4030
04/14/2021,17.7600,17.8300,17.7500,17.7700,274900.0000,15.4465
04/15/2021,17.6000,17.6000,17.4000,17.4800,1122100.0000,15.1944
04/16/2021,17.6300,17.6500,17.5600,17.6100,476400.0000,15.3074
04/19/2021,17.6700,17.7000,17.6100,17.6700,496100.0000,15.3596
04/20/2021,17.7200,17.7200,17.5500,17.5700,997600.0000,15.2726
04/21/2021,17.5600,17.6300,17.5300,17.5500,784300.0000,15.2552
04/22/2021,17.5000,17.6100,17.4600,17.4800,1042900.0000,15.1944
04/23/2021,17.4600,17.5800,17.4600,17.5100,546300.0000,15.2205
04/26/2021,17.5000,17.5500,17.4500,17.5500,1887100.0000,15.2552
04/27/2021,17.5800,17.7000,17.5400,17.6700,852500.0000,15.3596
04/28/2021,17.6700,17.7600,17.6500,17.6600,1539800.0000,15.3509
04/29/2021,17.8300,17.8800,17.7300,17.7300,899600.0000,15.4117
04/30/2021,17.7000,17.7700,17.6800,17.6900,1467300.0000,15.3769
05/03/2021,17.6400,17.6900,17.5200,17.6700,1779200.0000,15.3596
05/04/2021,17.5500,17.5800,17.4500,17.5600,2521800.0000,15.2639
05/05/2021,17.6200,17.6200,17.5000,17.5300,1896800.0000,15.2379
05/06/2021,17.5800,17.5800,17.4500,17.4900,2381900.0000,15.2031
05/07/2021,17.4600,17.6200,17.4100,17.5700,1414800.0000,15.2726
05/10/2021,17.6000,17.7700,17.5800,17.7600,2470600.0000,15.4378
05/11/2021,17.8300,17.8900,17.8000,17.8500,3693000.0000,15.5160
05/12/2021,17.9000,18.0700,17.8800,18.0300,3189600.0000,15.6725
05/13/2021,18.0000,18.0300,17.9300,18.0000,5394500.0000,15.6464
05/14/2021,17.9100,17.9500,17.8400,17.8400,5121100.0000,15.5073
05/17/2021,17.8800,17.9100,17.8300,17.8700,1645600.0000,15.5334
05/18/2021,17.9100,17.9700,17.9000,17.9200,2179700.0000,15.5769
05/19/2021,17.9000,18.0300,17.8100,17.9700,976000.0000,15.6203
05/20/2021,17.8900,17.8900,17.7800,17.8100,1001700.0000,15.4812
05/21/2021,17.7700,17.8400,17.7600,17.7600,1167100.0000,15.4378
05/24/2021,17.7300,17.7300,17.6500,17.7100,951300.0000,15.3943
05/25/2021,17.6500,17.6500,17.5300,17.5400,670000.0000,15.2466
05/26/2021,17.5200,17.6000,17.4800,17.5700,1589500.0000,15.2726
05/27/2021,17.6500,17.7200,17.6400,17.6500,1760300.0000,15.3422
05/28/2021,17.6600,17.6900,17.5600,17.6800,493500.0000,15.3682
06/01/2021,17.6800,17.7500,17.6200,17.6200,2449400.0000,15.3161
06/02/2021,17.6300,17.6500,17.5900,17.6400,923600.0000,15.3335
06/03/2021,17.6300,17.7000,17.6300,17.6700,585400.0000,15.3596
06/04/2021,17.6200,17.6200,17.4500,17.4600,651300.0000,15.1770
06/07/2021,17.4900,17.5100,17.4700,17.5100,1038800.0000,15.2205
06/08/2021,17.3600,17.4100,17.3500,17.3900,1237300.0000,15.1162
06/09/2021,17.2200,17.2700,17.1700,17.2300,1153400.0000,14.9771
06/10/2021,17.3300,17.3500,17.1100,17.1100,1559800.0000,14.8728
06/11/2021,17.1300,17.2000,17.1300,17.1500,596700.0000,14.9075
06/14/2021,17.1500,17.3000,17.1500,17.2700,747900.0000,15.0119
06/15/2021,17.3300,17.3600,17.2900,17.3000,748300.0000,15.0379
06/16/2021,17.2500,17.3900,17.2200,17.3100,987600.0000,15.0466
06/17/2021,17.2000,17.2200,16.8200,17.0500,1799800.0000,14.8206
06/18/2021,16.9000,16.9200,16.7000,16.7500,1852000.0000,14.5598
06/21/2021,16.8800,17.0400,16.8700,17.0000,1140100.0000,14.7772
06/22/2021,17.1400,17.1400,16.9500,16.9700,434700.0000,14.7511
06/23/2021,17.0200,17.0700,16.9800,17.0100,648100.0000,14.7859
06/24/2021,16.9900,17.0000,16.9300,16.9900,650600.0000,14.7685
06/25/2021,17.0100,17.2300,16.9900,17.1400,515700.0000,14.8989
06/28/2021,17.0700,17.0700,16.9400,16.9700,435200.0000,14.7511
06/29/2021,17.0100,17.0100,16.9500,16.9500,583100.0000,14.7337
06/30/2021,16.8700,16.8900,16.8000,16.8800,638500.0000,14.6728
07/01/2021,16.8800,16.9400,16.8400,16.8600,1219600.0000,14.6555
07/02/2021,16.8500,16.8700,16.7600,16.7700,212900.0000,14.5772
07/06/2021,16.6900,16.6900,16.5400,16.5800,1629200.0000,14.4121
07/07/2021,16.4800,16.5100,16.3600,16.4300,1093800.0000,14.2817
07/08/2021,16.3300,16.4000,16.2600,16.3600,2453200.0000,14.2208
07/09/2021,16.5400,16.5900,16.5300,16.5900,537900.0000,14.4208
07/12/2021,16.5100,16.6200,16.5100,16.6100,616200.0000,14.4382
07/13/2021,16.5400,16.7900,16.4800,16.7200,2247500.0000,14.5338
07/14/2021,16.6200,16.6500,16.5200,16.5300,730300.0000,14.3686
07/15/2021,16.4000,16.5100,16.3300,16.3600,1228900.0000,14.2208
07/16/2021,16.4700,16.4800,16.3600,16.3800,734000.0000,14.2382
07/19/2021,16.0700,16.1100,15.9600,16.0100,3750100.0000,13.9166
07/20/2021,15.9000,16.2000,15.8800,16.1800,1510600.0000,14.0644
07/21/2021,16.3600,16.4600,16.3300,16.3800,1407500.0000,14.2382
07/22/2021,16.3800,16.3800,16.1900,16.2300,932000.0000,14.1078
07/23/2021,16.4000,16.4000,16.3200,16.3300,1090100.0000,14.1948
07/26/2021,16.2700,16.4000,16.2700,16.3700,742400.0000,14.2295
07/27/2021,16.2400,16.2700,16.1900,16.2000,1470900.0000,14.0818
07/28/2021,16.3100,16.3400,16.2000,16.2000,847300.0000,14.0818
07/29/2021,16.2900,16.3200,16.2500,16.2900,351700.0000,14.1600
07/30/2021,16.2600,16.2700,16.1900,16.2100,834900.0000,14.0905
08/02/2021,16.1900,16.2200,16.0100,16.0600,2994600.0000,13.9601
08/03/2021,16.0500,16.0900,16.0000,16.0500,872800.0000,13.9514
08/04/2021,15.9700,16.1600,15.9400,16.0200,480700.0000,13.9253
08/05/2021,16.0400,16.1300,16.0400,16.1100,316500.0000,14.0035
08/06/2021,16.3200,16.3800,16.2700,16.3700,975300.0000,14.2295
08/09/2021,16.3200,16.4300,16.2800,16.4200,825500.0000,14.2730
08/10/2021,16.4100,16.5000,16.3900,16.4900,869600.0000,14.3338
08/11/2021,16.5200,16.6000,16.4300,16.5200,2244700.0000,14.3599
08/12/2021,16.5600,16.6300,16.5200,16.5300,1140500.0000,14.3686
08/13/2021,16.4800,16.4800,16.2800,16.2900,931800.0000,14.1600
08/16/2021,16.2000,16.2500,16.1200,16.2300,1274500.0000,14.1078
08/17/2021,16.2400,16.2600,16.1700,16.2400,674600.0000,14.1165
08/18/2021,16.2500,16.2800,16.1800,16.1800,689100.0000,14.0644
08/19/2021,16.0800,16.1400,16.0700,16.0800,1718100.0000,13.9775
08/20/2021,16.0500,16.1000,16.0200,16.0700,1101500.0000,13.9688
08/23/2021,16.0700,16.1200,16.0700,16.0800,694700.0000,13.9775
08/24/2021,16.1500,16.1900,16.1100,16.1800,339800.0000,14.0644
08/25/2021,16.2000,16.3800,16.1800,16.3100,1369900.0000,14.1774
08/26/2021,16.3400,16.3800,16.2700,16.2800,706300.0000,14.1513
08/27/2021,16.2700,16.2900,16.1600,16.1800,642500.0000,14.0644
08/30/2021,16.2200,16.2300,16.1200,16.1300,516300.0000,14.0209
08/31/2021,16.1500,16.2700,16.1000,16.2200,493300.0000,14.0991
09/01/2021,16.1700,16.2500,16.1500,16.2100,691200.0000,14.0905
09/02/2021,16.1700,16.2200,16.1300,16.1400,863100.0000,14.0296
09/03/2021,16.2800,16.3000,16.2500,16.2800,578900.0000,14.1513
09/07/2021,16.3800,16.4400,16.3500,16.4100,1002100.0000,14.2643
09/08/2021,16.3400,16.3600,16.2700,16.3000,910300.0000,14.1687
09/09/2021,16.2800,16.3100,16.0800,16.1000,925100.0000,13.9948
09/10/2021,16.1900,16.2700,16.1700,16.2400,468900.0000,14.1165
09/13/2021,16.1700,16.1800,16.1300,16.1400,505400.0000,14.0296
09/14/2021,16.1000,16.1100,15.9000,15.9600,1471100.0000,13.8731
09/15/2021,15.9300,16.0700,15.9300,16.0100,853100.0000,13.9166
09/16/2021,16.1000,16.1200,16.0200,16.0800,593500.0000,13.9775
09/17/2021,16.1600,16.2000,16.1400,16.1600,783500.0000,14.0470
09/20/2021,16.0000,16.0400,15.9200,15.9600,2522000.0000,13.8731
09/21/2021,15.9900,16.0400,15.9600,15.9800,930800.0000,13.8905
09/22/2021,15.9800,16.0100,15.8700,15.8900,2780500.0000,13.8123
09/23/2021,16.0100,16.2300,16.0100,16.2200,1250300.0000,14.0991
09/24/2021,16.3000,16.4100,16.2900,16.3900,5527000.0000,14.2469
09/27/2021,16.4800,16.5000,16.3900,16.4500,4388800.0000,14.2991
09/28/2021,16.6700,16.7500,16.5900,16.7000,6764300.0000,14.5164
09/29/2021,16.6200,16.7500,16.5500,16.6700,4764900.0000,14.4903
09/30/2021,16.7000,16.7500,16.6600,16.6800,2346300.0000,14.4990
10/01/2021,16.6000,16.6700,16.5400,16.5400,6577900.0000,14.3773
10/04/2021,16.6200,16.6800,16.5200,16.5800,1403600.0000,14.4121
10/05/2021,16.6100,16.7500,16.6100,16.7200,6122500.0000,14.5338
10/06/2021,16.6700,16.6800,16.6000,16.6300,6299700.0000,14.4555
10/07/2021,16.7800,16.8500,16.7700,16.8200,1746100.0000,14.6207
10/08/2021,16.8900,16.9800,16.8800,16.9200,1854400.0000,14.7076
10/11/2021,16.9700,16.9800,16.9300,16.9700,642400.0000,14.7511
10/12/2021,16.8400,16.8500,16.6700,16.6900,900600.0000,14.5077
10/13/2021,16.6100,16.6100,16.5000,16.5200,4394300.0000,14.3599
10/14/2021,16.5200,16.5600,16.4500,16.4600,988100.0000,14.3078
10/15/2021,16.5500,16.6200,16.5400,16.5400,615400.0000,14.3773
10/18/2021,16.5500,16.6100,16.4400,16.4700,850700.0000,14.3165
10/19/2021,16.5900,16.7100,16.5800,16.7000,658900.0000,14.5164
10/20/2021,16.7500,16.8400,16.7000,16.8100,1461800.0000,14.6120
10/21/2021,16.7800,16.8700,16.7700,16.8300,3846400.0000,14.6294
10/22/2021,16.7300,16.7600,16.6200,16.6600,1074900.0000,14.4816
10/25/2021,16.6900,16.7000,16.6300,16.6800,437100.0000,14.4990
10/26/2021,16.5900,16.6900,16.5300,16.5300,679300.0000,14.3686
10/27/2021,16.3800,16.4300,16.1800,16.2400,2378600.0000,14.1165
10/28/2021,16.2300,16.3300,16.1700,16.2900,2548700.0000,14.1600
10/29/2021,16.3600,16.3900,16.2000,16.2200,2203300.0000,14.0991
11/01/2021,16.4300,16.4300,16.3300,16.3500,1249300.0000,14.2122
11/02/2021,16.3300,16.3400,16.2300,16.2800,487100.0000,14.1513
11/03/2021,16.2000,16.4500,16.1800,16.4400,1148400.0000,14.2904
11/04/2021,16.4200,16.4200,16.2400,16.2800,1088700.0000,14.1513
11/05/2021,16.1300,16.1700,16.0000,16.0400,2255400.0000,13.9427
11/08/2021,16.0600,16.1100,16.0300,16.0700,1254100.0000,13.9688
11/09/2021,15.8600,15.8900,15.7600,15.8600,1924300.0000,13.7862
11/10/2021,15.8700,16.2700,15.8600,16.1300,1764900.0000,14.0209
11/11/2021,16.1400,16.2400,16.1000,16.2400,1112900.0000,14.1165
11/12/2021,16.1700,16.3000,16.1100,16.2300,1187700.0000,14.1078
11/15/2021,16.2900,16.4700,16.2700,16.4400,909900.0000,14.2904
11/16/2021,16.4100,16.5100,16.3400,16.4700,1172600.0000,14.3165
11/17/2021,16.5300,16.5500,16.3400,16.3500,881700.0000,14.2122
11/18/2021,16.3700,16.3800,16.2700,16.2800,1112400.0000,14.1513
11/19/2021,16.1900,16.2000,16.0900,16.1100,944000.0000,14.0035
11/22/2021,16.2200,16.3600,16.1900,16.3100,1434700.0000,14.1774
11/23/2021,16.3700,16.5300,16.3600,16.5200,1663900.0000,14.3599
11/24/2021,16.4800,16.5100,16.2700,16.2800,1017200.0000,14.1513
11/26/2021,16.0400,16.0700,15.8500,15.8800,2257100.0000,13.8036
11/29/2021,16.1000,16.1100,15.9500,15.9900,2699300.0000,13.8992
11/30/2021,15.8400,15.8900,15.6900,15.7500,4877700.0000,13.6906
12/01/2021,15.8400,15.9100,15.6500,15.6600,1434800.0000,13.6124
12/02/2021,15.6000,15.7300,15.5800,15.6300,1792900.0000,13.5863
12/03/2021,15.7100,15.7500,15.3700,15.4500,2238200.0000,13.4298
12/06/2021,15.4600,15.6800,15.4400,15.6500,3225000.0000,13.6037
12/07/2021,15.7000,15.7900,15.6200,15.7800,897000.0000,13.7167
12/08/2021,15.8200,16.0500,15.8200,16.0500,955000.0000,13.9514
12/09/2021,15.9500,16.0400,15.8900,15.9600,1184100.0000,13.8731
12/10/2021,15.8900,16.0000,15.8500,16.0000,832700.0000,13.9079
12/13/2021,15.8300,15.8300,15.7400,15.7700,758500.0000,13.7080
12/14/2021,15.8200,15.9300,15.7700,15.8000,878900.0000,13.7341
12/15/2021,15.9000,15.9600,15.7900,15.9500,946200.0000,13.8645
12/16/2021,15.9700,15.9800,15.8600,15.9500,754300.0000,13.8645
12/17/2021,15.8100,15.8300,15.7400,15.7700,902800.0000,13.7080
12/20/2021,15.7600,15.8900,15.7400,15.8600,1006900.0000,13.7862
12/21/2021,16.0400,16.1000,15.9300,15.9300,1551300.0000,13.8471
12/22/2021,15.8700,15.9500,15.8600,15.8600,281900.0000,13.7862
12/23/2021,15.8900,16.0500,15.8900,15.9300,391300.0000,13.8471
12/27/2021,15.9900,16.0200,15.9500,15.9600,622500.0000,13.8731
12/28/2021,15.8800,16.0500,15.8700,16.0300,1137900.0000,13.9340
12/29/2021,16.1500,16.2200,16.1200,16.1900,2067400.0000,14.0731
12/30/2021,16.1200,16.2200,16.0500,16.0500,819800.0000,13.9514
12/31/2021,16.0600,16.1100,15.9400,15.9900,991500.0000,13.8992
01/03/2022,16.2100,16.4400,16.1600,16.4400,1219300.0000,14.2904
01/04/2022,16.5000,16.6200,16.4700,16.5100,4330800.0000,14.3512
01/05/2022,16.4700,16.6200,16.4600,16.5700,2299600.0000,14.4034
01/06/2022,16.6500,16.6800,16.5400,16.5500,1967100.0000,14.3860
01/07/2022,16.5700,16.7600,16.5700,16.6700,1655600.0000,14.4903
01/10/2022,16.7500,16.7800,16.6100,16.6200,1273200.0000,14.4468
01/11/2022,16.6000,16.6200,16.5100,16.5100,2161000.0000,14.3512
01/12/2022,16.4700,16.5900,16.4700,16.5800,4863800.0000,14.4121
01/13/2022,16.5500,16.5800,16.4200,16.4400,4879600.0000,14.2904
01/14/2022,16.5400,16.7200,16.5300,16.6800,1609300.0000,14.4990
01/18/2022,16.8200,16.9300,16.7800,16.9300,2324000.0000,14.7163
01/19/2022,16.8700,16.8900,16.7200,16.8000,3277200.0000,14.6033
01/20/2022,16.7600,16.8000,16.6900,16.6900,1134200.0000,14.5077
01/21/2022,16.5300,16.6000,16.4400,16.4900,2281900.0000,14.3338
01/24/2022,16.4200,16.6300,16.4100,16.6200,1989800.0000,14.4468
01/25/2022,16.5600,16.7000,16.4800,16.6700,1732200.0000,14.4903
01/26/2022,16.6500,16.8600,16.6100,16.8500,2078600.0000,14.6468
01/27/2022,16.6200,16.6400,16.5200,16.5600,3592800.0000,14.3947
01/28/2022,16.6500,16.6900,16.5000,16.5300,1721100.0000,14.3686
01/31/2022,16.6500,16.6800,16.5600,16.6200,1237700.0000,14.4468
02/01/2022,16.6200,16.7500,16.6000,16.6800,1963200.0000,14.4990
02/02/2022,16.6500,16.6500,16.4700,16.6100,1686500.0000,14.4382
02/03/2022,16.8100,16.8600,16.7000,16.7500,1480300.0000,14.5598
02/04/2022,16.9000,17.0200,16.8700,17.0000,1770500.0000,14.7772
02/07/2022,17.0000,17.0500,16.9500,16.9800,665300.0000,14.7598
02/08/2022,17.0700,17.1300,17.0500,17.0900,4475700.0000,14.8554
02/09/2022,17.0200,17.0900,16.9500,17.0700,5133100.0000,14.8380
02/10/2022,17.1500,17.3800,17.1400,17.3300,7298800.0000,15.0640
02/11/2022,17.2600,17.4300,17.0400,17.0500,3401100.0000,14.8206
02/14/2022,17.2000,17.3500,17.1300,17.2700,2891000.0000,15.0119
02/15/2022,17.4000,17.4800,17.3700,17.4700,2541900.0000,15.1857
02/16/2022,17.3500,17.5300,17.3300,17.3800,3097700.0000,15.1075
02/17/2022,17.2800,17.3500,17.1500,17.2400,3838500.0000,14.9858
02/18/2022,17.1400,17.1900,17.0500,17.0600,4207000.0000,14.8293
02/22/2022,17.1100,17.1600,17.0000,17.0200,2292800.0000,14.7945
02/23/2022,17.1100,17.2600,17.1000,17.2600,2245400.0000,15.0032
02/24/2022,16.9700,17.2900,16.9300,17.2100,6178500.0000,14.9597
02/25/2022,17.2100,17.3100,17.1700,17.2100,2005600.0000,14.9597
02/28/2022,17.0200,17.0400,16.8100,16.8400,3435400.0000,14.6381
03/01/2022,16.7600,16.8000,16.5200,16.6200,10356500.0000,14.4468
03/02/2022,16.8200,17.2300,16.7600,17.2200,8017300.0000,14.9684
03/03/2022,17.0900,17.1500,16.9300,17.0300,7355500.0000,14.8032
03/04/2022,16.7200,16.8600,16.6700,16.7400,2031600.0000,14.5512
03/07/2022,16.8700,16.9100,16.6900,16.8500,6652900.0000,14.6468
03/08/2022,17.0500,17.0900,16.9700,17.0200,5618500.0000,14.7945
03/09/2022,17.1200,17.2300,17.0900,17.2000,1324500.0000,14.9510
03/10/2022,17.3900,17.5300,17.3600,17.4400,2896000.0000,15.1596
03/11/2022,17.4600,17.4700,17.3100,17.3700,1225700.0000,15.0988
03/14/2022,17.6600,17.8000,17.6400,17.7900,2081500.0000,15.4639
03/15/2022,17.6400,17.8600,17.6000,17.8100,2550400.0000,15.4812
03/16/2022,17.7800,17.9900,17.6100,17.6400,3674300.0000,15.3335
03/17/2022,17.6400,17.8800,17.5800,17.7900,3049600.0000,15.4639
03/18/2022,17.6700,17.6800,17.5600,17.5800,1901200.0000,15.2813
03/21/2022,17.8600,18.0500,17.8000,17.9800,9703000.0000,15.6290
03/22/2022,18.1700,18.2500,18.1200,18.2100,5139900.0000,15.8289
03/23/2022,18.1000,18.1800,17.7900,17.8000,1845200.0000,15.4726
03/24/2022,18.0400,18.0600,17.8600,17.9500,3649300.0000,15.6029
03/25/2022,18.0700,18.3200,18.0700,18.1900,4343100.0000,15.8116
03/28/2022,18.0700,18.1400,17.9200,18.0300,6740400.0000,15.6725
03/29/2022,17.9200,18.0200,17.7800,17.8800,7152600.0000,15.5421
03/30/2022,17.9700,18.0000,17.7200,17.7500,1552100.0000,15.4291
03/31/2022,17.7100,17.7700,17.6300,17.6900,8327700.0000,15.3769
04/01/2022,17.9600,18.0000,17.5800,17.6600,2545400.0000,15.3509
04/04/2022,17.7100,17.8700,17.7000,17.7700,984800.0000,15.4465
04/05/2022,17.8600,18.1900,17.8600,18.1700,1737000.0000,15.7942
04/06/2022,18.4500,18.4600,18.2000,18.3200,3117800.0000,15.9246
04/07/2022,18.5000,18.6000,18.4300,18.4600,2177000.0000,16.0463
04/08/2022,18.6100,18.7800,18.5500,18.6700,2101800.0000,16.2288
04/11/2022,18.8500,19.0500,18.8000,18.9600,2672400.0000,16.4809
04/12/2022,18.8000,19.0200,18.7900,18.9900,2186700.0000,16.5070
04/13/2022,18.9600,19.0000,18.7800,18.9300,2009300.0000,16.4548
04/14/2022,18.9700,19.3400,18.9700,19.3100,2684200.0000,16.7851
04/18/2022,19.2800,19.4800,19.2500,19.4100,2108300.0000,16.8720
04/19/2022,19.5800,19.6500,19.4800,19.5500,1832000.0000,16.9937
04/20/2022,19.3900,19.4400,19.1100,19.1700,2549200.0000,16.6634
04/21/2022,19.2800,19.5500,19.2800,19.3100,2429700.0000,16.7851
04/22/2022,19.4200,19.4500,19.1900,19.4100,1265100.0000,16.8720
04/25/2022,19.2000,19.2300,19.0600,19.2100,2929700.0000,16.6982
04/26/2022,19.0300,19.1300,18.9300,19.0300,2120100.0000,16.5417
04/27/2022,19.0600,19.2800,19.0500,19.2700,1658400.0000,16.7503
04/28/2022,19.3500,19.4000,19.2400,19.2600,1657000.0000,16.7417
04/29/2022,19.5100,19.5500,19.2600,19.5100,2925400.0000,16.9590
05/02/2022,19.7300,19.8700,19.6600,19.8200,3702700.0000,17.2284
05/03/2022,19.5300,19.7200,19.4800,19.7000,2456800.0000,17.1241
05/04/2022,19.6900,19.8000,19.5400,19.5800,4160300.0000,17.0198
05/05/2022,19.9700,20.3400,19.9500,20.1300,3420100.0000,17.4979
05/06/2022,20.3300,20.4800,20.1900,20.4200,2663800.0000,17.7500
05/09/2022,20.5800,20.6200,20.2400,20.2600,2409800.0000,17.6109
05/10/2022,20.0200,20.1000,19.8300,20.0400,2380900.0000,17.4197
05/11/2022,20.2100,20.2800,19.6900,19.6900,4327300.0000,17.1154
05/12/2022,19.6500,19.7200,19.5200,19.7100,2637500.0000,17.1328
05/13/2022,19.8400,20.0100,19.8200,19.9900,1024300.0000,17.3762
05/16/2022,19.9500,20.0100,19.8400,20.0100,908500.0000,17.3936
05/17/2022,20.2200,20.2700,20.1100,20.2600,1649300.0000,17.6109
05/18/2022,20.2200,20.2300,19.8300,19.8400,1841300.0000,17.2458
05/19/2022,19.5300,19.8400,19.5200,19.8000,1736500.0000,17.2110
05/20/2022,19.8000,19.8100,19.4900,19.5600,1974400.0000,17.0024
05/23/2022,19.6900,19.8800,19.6100,19.8700,1069700.0000,17.2719
05/24/2022,19.6400,19.6600,19.3700,19.5000,2082800.0000,16.9503
05/25/2022,19.3600,19.5400,19.3600,19.4100,1561200.0000,16.8720
05/26/2022,19.4500,19.6600,19.4500,19.5000,1186800.0000,16.9503
05/27/2022,19.4000,19.5200,19.3500,19.4500,1428300.0000,16.9068
05/31/2022,19.7400,19.9600,19.7400,19.8600,2781800.0000,17.2632
06/01/2022,19.7500,19.9800,19.7000,19.8900,1572100.0000,17.2893
06/02/2022,19.8100,20.0100,19.8100,19.8800,1392700.0000,17.2806
06/03/2022,20.1000,20.1100,19.9200,19.9400,701200.0000,17.3327
06/06/2022,20.0700,20.3000,20.0200,20.2800,2036400.0000,17.6283
06/07/2022,20.1400,20.1600,19.9600,20.0800,1006100.0000,17.4544
06/08/2022,20.1500,20.2400,20.0800,20.2400,648300.0000,17.5935
06/09/2022,20.2900,20.3100,20.1400,20.1900,598000.0000,17.5501
06/10/2022,20.2200,20.4500,20.1700,20.3000,1578100.0000,17.6457
06/13/2022,20.7200,21.1200,20.6900,20.9200,2700800.0000,18.1846
06/14/2022,20.8600,21.2300,20.7900,21.2200,2668600.0000,18.4454
06/15/2022,20.9500,21.1400,20.7900,20.8000,2081300.0000,18.0803
06/16/2022,21.2500,21.3200,20.6500,20.6600,1920000.0000,17.9586
06/17/2022,20.5900,20.7800,20.4400,20.5500,1751700.0000,17.8630
06/21/2022,20.9400,20.9900,20.7800,20.9100,1771700.0000,18.1759
06/22/2022,20.4600,20.5100,20.3400,20.3600,1130600.0000,17.6978
06/23/2022,20.2500,20.3100,20.0200,20.1700,3341900.0000,17.5327
06/24/2022,20.3100,20.4700,20.1900,20.4700,613000.0000,17.7934
06/27/2022,20.7200,20.7300,20.5400,20.6500,693300.0000,17.9499
06/28/2022,20.7100,20.7800,20.5500,20.5600,3183500.0000,17.8717
06/29/2022,20.5000,20.5400,20.2300,20.2400,1076500.0000,17.5935
06/30/2022,20.0500,20.0800,19.9100,20.0500,1271700.0000,17.4284
07/01/2022,19.8500,19.9500,19.5500,19.8200,1631800.0000,17.2284
07/05/2022,19.6500,19.7900,19.5100,19.7000,2411900.0000,17.1241
07/06/2022,19.5700,20.0300,19.5600,20.0300,1430400.0000,17.4110
07/07/2022,19.9700,20.2300,19.9600,20.1900,5367400.0000,17.5501
07/08/2022,20.2600,20.5000,20.2600,20.4300,2762400.0000,17.7587
07/11/2022,20.2000,20.2000,20.0100,20.0800,1050000.0000,17.4544
07/12/2022,19.8800,19.9800,19.7600,19.9700,1273100.0000,17.3588
07/13/2022,20.2000,20.2500,19.7100,19.7300,1246200.0000,17.1502
07/14/2022,19.9500,20.0700,19.7900,19.8900,2843500.0000,17.2893
07/15/2022,19.8400,19.8800,19.6800,19.7800,1379400.0000,17.1937
07/18/2022,19.9400,20.1100,19.9300,19.9900,2873000.0000,17.3762
07/19/2022,20.0000,20.2200,19.9600,20.1200,2627100.0000,17.4892
07/20/2022,19.9000,20.1500,19.8900,20.0400,748500.0000,17.4197
07/21/2022,19.9400,19.9800,19.6800,19.7100,3447400.0000,17.1328
07/22/2022,19.4200,19.4600,19.2400,19.3600,1231100.0000,16.8286
07/25/2022,19.6600,19.7100,19.5400,19.5600,386600.0000,17.0024
07/26/2022,19.3000,19.5500,19.2600,19.5400,3357900.0000,16.9850
07/27/2022,19.4400,19.6800,19.3800,19.6400,1077500.0000,17.0720
07/28/2022,19.4300,19.5600,19.3000,19.5000,2283400.0000,16.9503
07/29/2022,19.5200,19.5700,19.2400,19.5400,3259400.0000,16.9850
08/01/2022,19.3800,19.4000,19.0700,19.0700,2265500.0000,16.5765
08/02/2022,19.0700,19.5200,18.9800,19.4800,1980000.0000,16.9329
08/03/2022,19.5500,19.6900,19.1800,19.1900,951200.0000,16.6808
08/04/2022,19.2500,19.3200,19.1600,19.2100,1369100.0000,16.6982
08/05/2022,19.5900,19.7500,19.5700,19.6600,2265300.0000,17.0894
08/08/2022,19.4600,19.4800,19.3100,19.3500,568900.0000,16.8199
08/09/2022,19.4400,19.4900,19.3500,19.4200,535600.0000,16.8807
08/10/2022,19.4400,19.6100,19.2600,19.5500,1187200.0000,16.9937
08/11/2022,19.5900,20.0500,19.5600,20.0100,1110200.0000,17.3936
08/12/2022,19.8800,19.9900,19.8000,19.8000,538500.0000,17.2110
08/15/2022,19.6600,19.8200,19.6000,19.8200,560700.0000,17.2284
08/16/2022,19.8500,20.0300,19.7300,19.7300,411500.0000,17.1502
08/17/2022,19.9000,20.0100,19.8900,19.9500,1873300.0000,17.3414
08/18/2022,19.9200,19.9600,19.7900,19.9200,2422700.0000,17.3154
08/19/2022,20.2100,20.3000,20.2000,20.2600,1663100.0000,17.6109
08/22/2022,20.2900,20.4200,20.2700,20.3200,996800.0000,17.6631
08/23/2022,20.4100,20.4900,20.1700,20.4300,735100.0000,17.7587
08/24/2022,20.5300,20.6500,20.4700,20.5800,1131000.0000,17.8891
08/25/2022,20.5600,20.6300,20.2400,20.3000,807500.0000,17.6457
08/26/2022,20.4000,20.4400,20.1000,20.1600,1559600.0000,17.5240
08/29/2022,20.3000,20.4200,20.2700,20.3400,726700.0000,17.6804
08/30/2022,20.3500,20.4200,20.1800,20.2800,594400.0000,17.6283
08/31/2022,20.3100,20.5200,20.2200,20.4700,908100.0000,17.7934
09/01/2022,20.8100,20.9800,20.7500,20.8600,2269800.0000,18.1324
09/02/2022,20.8500,20.8800,20.7000,20.7400,452600.0000,18.0281
09/06/2022,20.9900,21.2900,20.9900,21.2900,1776400.0000,18.5062
09/07/2022,21.1000,21.1200,20.8700,20.9400,866900.0000,18.2020
09/08/2022,20.9800,21.1300,20.8600,21.1300,1086400.0000,18.3671
09/09/2022,21.1000,21.2100,21.0000,21.0900,638400.0000,18.3324
09/12/2022,21.0400,21.3700,20.9900,21.2800,390300.0000,18.4975
09/13/2022,21.4400,21.5000,21.2200,21.2400,1468100.0000,18.4628
09/14/2022,21.2900,21.3400,21.1300,21.1600,695500.0000,18.3932
09/15/2022,21.2100,21.2500,21.1400,21.1900,737800.0000,18.4193
09/16/2022,21.3600,21.4100,21.1700,21.3400,1102800.0000,18.5497
09/19/2022,21.3700,21.4100,21.2100,21.3200,930400.0000,18.5323
09/20/2022,21.6300,21.7000,21.4100,21.5400,942900.0000,18.7235
09/21/2022,21.4500,21.5800,21.1700,21.1700,966600.0000,18.4019
09/22/2022,21.6400,21.8300,21.5900,21.7400,2255700.0000,18.8974
09/23/2022,21.7100,21.8700,21.5000,21.6300,2124900.0000,18.8018
09/26/2022,21.7200,22.1500,21.7000,22.0500,1211500.0000,19.1668
09/27/2022,22.2600,22.6700,22.2200,22.6500,1807400.0000,19.6884
09/28/2022,22.1500,22.2900,21.8600,21.8700,2711100.0000,19.0104
09/29/2022,22.1900,22.2100,21.9000,22.0000,1076400.0000,19.1234
09/30/2022,21.9000,22.3300,21.7900,22.3000,2194400.0000,19.3842
10/03/2022,21.9200,22.0700,21.7400,21.9200,3532300.0000,19.0538
10/04/2022,21.8500,22.0400,21.7600,21.9800,1656300.0000,19.1060
10/05/2022,22.1700,22.4100,22.1500,22.2200,777300.0000,19.3146
10/06/2022,22.2100,22.4400,22.1600,22.3400,3433800.0000,19.4189
10/07/2022,22.6000,22.6800,22.4200,22.5600,1298900.0000,19.6102
10/10/2022,22.6500,23.0400,22.6500,22.9200,793400.0000,19.9231
10/11/2022,22.8800,23.0200,22.6000,22.8300,1078700.0000,19.8449
10/12/2022,22.9700,22.9800,22.6800,22.6900,1329900.0000,19.7232
10/13/2022,23.1600,23.1700,22.7100,22.9300,3150100.0000,19.9318
10/14/2022,22.7500,23.1900,22.7500,23.1200,2874100.0000,20.0969
10/17/2022,22.9500,23.2800,22.8800,23.2600,1695100.0000,20.2186
10/18/2022,23.2600,23.5300,23.1700,23.2100,1527300.0000,20.1752
10/19/2022,23.4800,23.6700,23.4200,23.6300,1914500.0000,20.5403
10/20/2022,23.7800,24.0700,23.6800,24.0300,2716000.0000,20.8880
10/21/2022,24.5000,24.6500,24.2900,24.5000,2942300.0000,21.2965
10/24/2022,24.5800,24.8100,24.3900,24.6700,3082000.0000,21.4443
10/25/2022,24.1000,24.1300,23.9300,23.9800,2007900.0000,20.8445
10/26/2022,23.7800,23.8000,23.5600,23.6300,4439100.0000,20.5403
10/27/2022,23.4900,23.6800,23.2700,23.3800,3027900.0000,20.3229
10/28/2022,23.5300,23.6400,23.3600,23.5400,1300800.0000,20.4620
10/31/2022,23.6800,23.9800,23.5900,23.7400,1451200.0000,20.6359
11/01/2022,23.3500,23.6400,23.3300,23.5000,4258600.0000,20.4272
11/02/2022,23.4600,23.6900,23.2900,23.5800,2635200.0000,20.4968
11/03/2022,23.9200,23.9200,23.6100,23.7400,1662700.0000,20.6359
11/04/2022,23.9200,24.1400,23.7800,24.1400,1010600.0000,20.9836
11/07/2022,24.0000,24.3900,23.9800,24.3800,966500.0000,21.1922
11/08/2022,24.2500,24.2500,23.9600,24.1200,2610900.0000,20.9662
11/09/2022,24.2500,24.2900,23.9500,24.0600,2810500.0000,20.9140
11/10/2022,23.5000,23.5500,23.0900,23.1500,4953600.0000,20.1230
11/11/2022,23.2800,23.3100,23.1300,23.2200,835600.0000,20.1839
11/14/2022,23.2200,23.4000,23.1900,23.2800,2117100.0000,20.2360
11/15/2022,23.1300,23.1800,22.8900,22.9100,3210300.0000,19.9144
11/16/2022,22.7500,22.7900,22.4100,22.4200,2141900.0000,19.4885
11/17/2022,22.6600,22.7700,22.6000,22.6600,2391600.0000,19.6971
11/18/2022,22.6000,22.8300,22.5300,22.7900,2236900.0000,19.8101
11/21/2022,22.5800,22.7700,22.5400,22.7000,2326200.0000,19.7319
11/22/2022,22.5800,22.6100,22.3700,22.4100,1614600.0000,19.4798
11/23/2022,22.2700,22.2800,22.0200,22.0400,1773100.0000,19.1582
11/25/2022,22.1600,22.2100,22.0900,22.1000,1111800.0000,19.2103
11/28/2022,21.9600,22.1600,21.9100,22.0500,3041400.0000,19.1668
11/29/2022,22.2900,22.3200,22.1100,22.3000,1611800.0000,19.3842
11/30/2022,22.3800,22.4400,22.1500,22.1700,1786400.0000,19.2712
12/01/2022,22.0000,22.0200,21.4400,21.4500,1736500.0000,18.6453
12/02/2022,21.5300,21.6800,21.1900,21.1900,1892800.0000,18.4193
12/05/2022,21.4300,21.6100,21.3900,21.4800,1610000.0000,18.6714
12/06/2022,21.3100,21.3700,21.1100,21.1900,881800.0000,18.4193
12/07/2022,20.9400,20.9600,20.6800,20.7300,2765000.0000,18.0194
12/08/2022,20.8600,20.9200,20.7400,20.7800,418200.0000,18.0629
12/09/2022,21.0200,21.3200,20.9800,21.3200,822700.0000,18.5323
12/12/2022,21.0100,21.3600,20.9800,21.2600,1373600.0000,18.4801
12/13/2022,20.7700,21.1100,20.7700,21.0700,1584400.0000,18.3150
12/14/2022,21.0700,21.2300,20.9500,20.9700,1547300.0000,18.2281
12/15/2022,20.8900,20.9300,20.7500,20.8900,1749900.0000,18.1585
12/16/2022,21.2500,21.3000,21.0000,21.1200,883000.0000,18.3584
12/19/2022,21.3900,21.5500,21.3900,21.4800,1281800.0000,18.6714
12/20/2022,21.8800,21.9400,21.8000,21.8700,1136400.0000,19.0104
12/21/2022,21.7100,21.9800,21.6800,21.8300,877600.0000,18.9756
12/22/2022,21.7500,21.8200,21.6800,21.7500,1312600.0000,18.9774
12/23/2022,21.9900,22.1100,21.9500,22.0600,924700.0000,19.2478
12/27/2022,22.4500,22.5600,22.3300,22.5200,694100.0000,19.6492
12/28/2022,22.4400,22.7100,22.4000,22.6600,1101800.0000,19.7714
12/29/2022,22.6100,22.6300,22.3600,22.4300,807000.0000,19.5707
12/30/2022,22.6100,22.7300,22.4800,22.6800,1948200.0000,19.7888
01/03/2023,22.0900,22.4100,22.0800,22.2700,1695700.0000,19.4311
01/04/2023,21.8900,22.1100,21.8400,21.9700,2228100.0000,19.1693
01/05/2023,22.1700,22.2000,21.8800,21.9000,1613500.0000,19.1082
01/06/2023,22.0000,22.0100,21.4400,21.4800,2308200.0000,18.7418
01/09/2023,21.6500,21.6800,21.3400,21.3900,1659500.0000,18.6632
01/10/2023,21.6300,21.8200,21.5700,21.7100,649400.0000,18.9425
01/11/2023,21.5400,21.5900,21.3700,21.3900,1825400.0000,18.6632
01/12/2023,21.3700,21.6300,20.9700,20.9800,3337400.0000,18.3055
01/13/2023,21.1100,21.2400,20.9400,21.1700,1228800.0000,18.4713
01/17/2023,21.4000,21.4100,21.2000,21.3100,1798800.0000,18.5934
01/18/2023,20.8400,21.1000,20.7800,20.8100,1626600.0000,18.1572
01/19/2023,20.9000,21.0500,20.8800,20.9500,1359100.0000,18.2793
01/20/2023,21.1400,21.3100,21.1000,21.2800,1302900.0000,18.5673
01/23/2023,21.4400,21.4500,21.3100,21.4100,863000.0000,18.6807
01/24/2023,21.3200,21.4700,21.0600,21.0900,637500.0000,18.4015
01/25/2023,21.0700,21.2100,20.9700,21.0500,575800.0000,18.3666
01/26/2023,21.1300,21.2500,21.0400,21.1600,597500.0000,18.4626
01/27/2023,21.3200,21.3300,21.1700,21.2000,915800.0000,18.4975
01/30/2023,21.2700,21.3200,21.1400,21.3100,559900.0000,18.5934
01/31/2023,21.1600,21.4000,21.1100,21.1200,717800.0000,18.4277
02/01/2023,21.0000,21.2300,20.8100,20.8800,1029900.0000,18.2183
02/02/2023,20.7500,20.9100,20.6600,20.8700,1316200.0000,18.2095
02/03/2023,21.1600,21.3100,21.1100,21.1700,3071300.0000,18.4713
02/06/2023,21.3900,21.4000,21.2700,21.3500,657500.0000,18.6283
02/07/2023,21.4600,21.5400,21.2700,21.5200,1277700.0000,18.7767
02/08/2023,21.5300,21.6800,21.4300,21.4300,735300.0000,18.6982
02/09/2023,21.2500,21.6700,21.2300,21.6500,1147500.0000,18.8901
02/10/2023,21.6700,21.9500,21.6700,21.9000,1754400.0000,19.1082
02/13/2023,21.8400,21.8600,21.6900,21.7100,1244900.0000,18.9425
02/14/2023,21.7400,21.9600,21.6100,21.7700,914700.0000,18.9948
02/15/2023,21.8800,22.1000,21.8100,21.9800,1430600.0000,19.1780
02/16/2023,22.2100,22.3600,22.1700,22.3000,1383300.0000,19.4572
02/17/2023,22.4300,22.4500,22.1400,22.1500,1265300.0000,19.3264
02/21/2023,22.4500,22.6100,22.4100,22.6000,1381300.0000,19.7190
02/22/2023,22.4600,22.4600,22.3000,22.3900,981100.0000,19.5358
02/23/2023,22.3500,22.3500,22.1200,22.1900,1655700.0000,19.3613
02/24/2023,22.3500,22.5600,22.3000,22.4800,896000.0000,19.6143
02/27/2023,22.4200,22.4900,22.3200,22.4200,1100800.0000,19.5619
02/28/2023,22.5700,22.6300,22.3200,22.3200,901700.0000,19.4747
03/01/2023,22.4500,22.6600,22.4200,22.5700,1474200.0000,19.6928
03/02/2023,22.8600,22.9100,22.7400,22.7900,1651500.0000,19.8848
03/03/2023,22.4500,22.5200,22.2200,22.2300,1241000.0000,19.3962
03/06/2023,22.1600,22.4300,22.1400,22.4000,1357800.0000,19.5445
03/07/2023,22.3400,22.4400,22.1400,22.2800,1173700.0000,19.4398
03/08/2023,22.1300,22.3400,22.0200,22.2600,954900.0000,19.4223
03/09/2023,22.3200,22.3700,22.1200,22.1900,928000.0000,19.3613
03/10/2023,21.7800,21.7800,21.4100,21.4400,2668900.0000,18.7069
03/13/2023,20.9000,21.5300,20.7100,21.3800,4695700.0000,18.6545
03/14/2023,21.5300,21.8200,21.4500,21.7500,3027800.0000,18.9774
03/15/2023,21.1800,21.4900,20.9800,21.3200,4998200.0000,18.6022
03/16/2023,21.0800,21.5400,20.9400,21.4900,6590800.0000,18.7505
03/17/2023,21.2200,21.2600,21.0100,21.2100,2887400.0000,18.5062
03/20/2023,21.1800,21.4300,21.1800,21.3800,1564700.0000,18.6545
03/21/2023,21.5400,21.6600,21.4900,21.5800,1444100.0000,18.8290
03/22/2023,21.4500,21.4900,21.0800,21.1000,2358500.0000,18.5868
03/23/2023,21.2800,21.4000,21.0700,21.0900,1684200.0000,18.5780
03/24/2023,20.9500,21.1200,20.8900,21.0300,1765700.0000,18.5251
03/27/2023,21.3700,21.5200,21.2400,21.5100,543500.0000,18.9480
03/28/2023,21.5500,21.5900,21.4600,21.5000,295600.0000,18.9391
03/29/2023,21.6600,21.6800,21.5100,21.5400,397400.0000,18.9744
03/30/2023,21.5000,21.5400,21.3900,21.4400,216000.0000,18.8863
03/31/2023,21.3100,21.3700,21.0900,21.1300,697700.0000,18.6132
04/03/2023,21.1500,21.2000,20.9300,21.0200,1312400.0000,18.5163
04/04/2023,21.1900,21.1900,20.7900,20.9100,872200.0000,18.4194
04/05/2023,20.8000,20.8700,20.7000,20.7200,1912100.0000,18.2520
04/06/2023,20.6800,20.7000,20.6000,20.6700,918000.0000,18.2080
04/10/2023,20.8400,21.0500,20.8400,20.9900,480200.0000,18.4899
04/11/2023,20.9600,21.0700,20.9600,20.9700,230300.0000,18.4723
04/12/2023,20.9700,21.2000,20.9600,21.0000,613800.0000,18.4987
04/13/2023,20.9600,21.2000,20.9100,21.1600,606700.0000,18.6396
04/14/2023,21.3100,21.4400,21.2900,21.3800,583400.0000,18.8334
04/17/2023,21.5200,21.6700,21.5000,21.6500,449400.0000,19.0713
04/18/2023,21.6700,21.6700,21.5000,21.5600,182700.0000,18.9920
04/19/2023,21.6300,21.7400,21.5800,21.5900,301400.0000,19.0184
04/20/2023,21.4400,21.4700,21.3600,21.4200,209100.0000,18.8687
04/21/2023,21.3500,21.5800,21.3300,21.5400,370700.0000,18.9744
04/24/2023,21.4400,21.4600,21.3400,21.3500,155300.0000,18.8070
04/25/2023,21.1600,21.1700,21.0000,21.0400,530600.0000,18.5339
04/26/2023,21.0500,21.2800,20.9900,21.2500,499600.0000,18.7189
04/27/2023,21.3800,21.5100,21.3800,21.4700,412100.0000,18.9127
04/28/2023,21.1800,21.2500,21.0800,21.1300,731200.0000,18.6132
05/01/2023,21.3200,21.8100,21.3000,21.7400,352100.0000,19.1506
05/02/2023,21.5700,21.6000,21.2200,21.2300,402100.0000,18.7013
05/03/2023,21.1400,21.2900,21.0300,21.0900,347200.0000,18.5780
05/04/2023,21.3000,21.3200,21.0700,21.2900,701600.0000,18.7542
05/05/2023,21.4800,21.5400,21.3800,21.3800,558900.0000,18.8334
05/08/2023,21.6700,21.7100,21.6000,21.6800,894000.0000,19.0977
05/09/2023,21.6900,21.7900,21.6600,21.7600,196600.0000,19.1682
05/10/2023,21.6400,21.6400,21.5300,21.5600,944600.0000,18.9920
05/11/2023,21.3100,21.4300,21.2700,21.3600,526600.0000,18.8158
05/12/2023,21.3700,21.5400,21.3400,21.5300,241700.0000,18.9656
05/15/2023,21.7200,21.7800,21.7200,21.7700,142200.0000,19.1770
05/16/2023,21.9400,22.0000,21.8400,21.8400,365600.0000,19.2386
05/17/2023,21.8000,21.9700,21.7900,21.9100,260600.0000,19.3003
05/18/2023,22.0000,22.1000,22.0000,22.0800,453100.0000,19.4501
05/19/2023,22.2100,22.2800,22.0900,22.2400,307200.0000,19.5910
05/22/2023,22.2200,22.3500,22.1300,22.3400,592000.0000,19.6791
05/23/2023,22.4300,22.4500,22.2400,22.2800,288900.0000,19.6262
05/24/2023,22.2200,22.3900,22.2200,22.3800,599800.0000,19.7143
05/25/2023,22.3600,22.5200,22.3500,22.4500,443400.0000,19.7760
05/26/2023,22.5100,22.5400,22.3100,22.3300,342600.0000,19.6703
05/30/2023,22.2100,22.2700,22.0400,22.1000,953200.0000,19.4677
05/31/2023,22.1000,22.1300,21.8600,21.8800,492800.0000,19.2739
06/01/2023,21.7800,21.9100,21.6200,21.8500,631300.0000,19.2474
06/02/2023,21.8500,22.0700,21.8300,22.0400,278500.0000,19.4148
06/05/2023,22.2100,22.2400,21.9700,22.1100,379200.0000,19.4765
06/06/2023,22.1000,22.2100,21.9800,22.0000,137300.0000,19.3796
06/07/2023,22.0400,22.3400,21.9900,22.3000,152500.0000,19.6439
06/08/2023,22.3300,22.3300,22.0600,22.0700,134400.0000,19.4412
06/09/2023,22.1700,22.2300,22.0400,22.1000,362000.0000,19.4677
06/12/2023,22.0600,22.2800,22.0400,22.0600,204900.0000,19.4324
06/13/2023,22.0700,22.3300,22.0400,22.2600,743500.0000,19.6086
06/14/2023,22.2000,22.2300,22.0600,22.1000,248500.0000,19.4677
06/15/2023,21.8800,21.9900,21.7800,21.9100,311400.0000,19.3003
06/16/2023,22.0400,22.1100,21.9200,22.0000,105700.0000,19.3796
06/20/2023,21.9100,21.9100,21.7900,21.8400,623300.0000,19.2386
06/21/2023,21.6900,21.7900,21.5100,21.5300,912200.0000,19.2154
06/22/2023,21.7100,21.8200,21.6100,21.7800,764200.0000,19.4386
06/23/2023,21.4600,21.6500,21.4500,21.6000,276300.0000,19.2779
06/26/2023,21.5300,21.6200,21.5000,21.5800,245400.0000,19.2601
06/27/2023,21.5300,21.7200,21.4800,21.6300,211600.0000,19.3047
06/28/2023,21.5800,21.7100,21.5000,21.5600,170700.0000,19.2422
06/29/2023,21.8500,22.0100,21.8200,21.9300,987500.0000,19.5724
06/30/2023,21.8900,21.9300,21.6700,21.6900,476300.0000,19.3582
07/03/2023,21.6800,21.8300,21.5800,21.8200,206600.0000,19.4743
07/05/2023,21.8700,22.1300,21.8500,22.0600,116100.0000,19.6885
07/06/2023,22.2500,22.4300,22.2300,22.3600,904500.0000,19.9562
07/07/2023,22.4900,22.5400,22.4100,22.5100,454200.0000,20.0901
07/10/2023,22.5800,22.5800,22.4300,22.4900,248800.0000,20.0722
07/11/2023,22.4100,22.4900,22.3300,22.4100,252300.0000,20.0008
07/12/2023,22.3000,22.3700,22.0800,22.1400,208800.0000,19.7599
07/13/2023,22.0300,22.1100,21.9000,21.9200,554200.0000,19.5635
07/14/2023,21.9500,22.0600,21.9100,22.0300,119000.0000,19.6617
07/17/2023,22.0700,22.1200,22.0100,22.0500,336800.0000,19.6795
07/18/2023,21.9500,22.0000,21.8900,21.9600,128200.0000,19.5992
07/19/2023,21.9000,21.9700,21.7000,21.7100,224800.0000,19.3761
07/20/2023,21.8800,22.0800,21.8600,21.9800,1476400.0000,19.6171
07/21/2023,21.8800,22.0100,21.8500,21.9700,142500.0000,19.6081
07/24/2023,21.9300,22.0800,21.9000,22.0700,292200.0000,19.6974
07/25/2023,22.1900,22.2000,22.0600,22.1300,160100.0000,19.7509
07/26/2023,22.0200,22.1600,22.0100,22.1100,276300.0000,19.7331
07/27/2023,22.2300,22.6300,22.1900,22.5200,353700.0000,20.0990
07/28/2023,22.5400,22.5800,22.4200,22.4300,177000.0000,20.0187
07/31/2023,22.4800,22.4900,22.3300,22.3800,427200.0000,19.9741
08/01/2023,22.6000,22.8200,22.5100,22.7700,779300.0000,20.3221
08/02/2023,23.0200,23.1600,22.9900,23.0200,741500.0000,20.5453
08/03/2023,23.4900,23.6300,23.4400,23.5500,764500.0000,21.0183
08/04/2023,23.4800,23.4900,23.1100,23.1500,750500.0000,20.6613
08/07/2023,23.2500,23.4000,23.2300,23.3700,309900.0000,20.8576
08/08/2023,23.0900,23.1800,22.9500,23.1200,362300.0000,20.6345
08/09/2023,23.0700,23.0800,22.9800,23.0100,173300.0000,20.5363
08/10/2023,23.0500,23.3900,22.9700,23.3700,700500.0000,20.8576
08/11/2023,23.4700,23.4900,23.3400,23.4500,364200.0000,20.9290
08/14/2023,23.4900,23.5800,23.3200,23.5200,373100.0000,20.9915
08/15/2023,23.6300,23.6700,23.5200,23.6600,562900.0000,21.1165
08/16/2023,23.7500,23.8800,23.6200,23.8400,427800.0000,21.2771
08/17/2023,23.9500,24.0800,23.9300,23.9600,1404200.0000,21.3842
08/18/2023,23.9700,24.0000,23.7800,23.8800,728200.0000,21.3128
08/21/2023,24.1800,24.2900,24.1600,24.2100,675500.0000,21.6073
08/22/2023,24.1700,24.2400,24.0300,24.0400,455400.0000,21.4556
08/23/2023,23.7600,23.8000,23.4600,23.4600,560200.0000,20.9380
08/24/2023,23.5600,23.6200,23.4600,23.6100,813500.0000,21.0718
08/25/2023,23.6800,23.7300,23.4800,23.5600,624300.0000,21.0272
08/28/2023,23.4500,23.6500,23.4500,23.5500,610100.0000,21.0183
08/29/2023,23.6200,23.6300,23.2200,23.3000,441200.0000,20.7952
08/30/2023,23.3300,23.4000,23.2800,23.3300,263600.0000,20.8219
08/31/2023,23.2400,23.2900,23.1500,23.2400,1016100.0000,20.7416
09/01/2023,23.3700,23.6500,23.3700,23.6000,610200.0000,21.0629
09/05/2023,23.7600,23.9500,23.7500,23.9200,659300.0000,21.3485
09/06/2023,23.7900,23.9600,23.7900,23.8800,388200.0000,21.3128
09/07/2023,23.8200,23.9300,23.8200,23.8500,353600.0000,21.2860
09/08/2023,23.7400,23.8100,23.6300,23.7500,286100.0000,21.1968
09/11/2023,23.9300,23.9700,23.8600,23.9400,334300.0000,21.3664
09/12/2023,23.9100,23.9700,23.8100,23.8100,394600.0000,21.2503
09/13/2023,23.8800,23.9100,23.7500,23.8200,249600.0000,21.2592
09/14/2023,23.8900,24.0400,23.8500,24.0000,1089700.0000,21.4199
09/15/2023,24.0200,24.1400,24.0100,24.1300,373300.0000,21.5359
09/18/2023,24.1900,24.2100,24.0200,24.0400,438100.0000,21.4556
09/19/2023,24.1600,24.2100,24.0500,24.1900,286900.0000,21.5895
09/20/2023,23.8700,23.9400,23.8000,23.9400,471000.0000,21.5589
09/21/2023,24.4100,24.5600,24.4000,24.5600,1898000.0000,22.1172
09/22/2023,24.5200,24.5600,24.3100,24.3600,631300.0000,21.9371
09/25/2023,24.8400,24.9800,24.7500,24.9600,1242800.0000,22.4774
09/26/2023,24.9100,25.1200,24.8600,25.0700,671400.0000,22.5765
09/27/2023,24.9100,25.3000,24.8600,25.2100,560700.0000,22.7025
09/28/2023,25.4600,25.6100,25.1400,25.1500,1918500.0000,22.6485
09/29/2023,24.9900,25.3000,24.5100,25.1500,1045800.0000,22.6485
10/02/2023,25.3200,25.6300,25.2900,25.5500,1383900.0000,23.0087
10/03/2023,25.7800,26.1900,25.6700,26.1400,1137600.0000,23.5400
10/04/2023,25.9400,26.0500,25.7600,25.7800,715700.0000,23.2158
10/05/2023,25.8300,25.9800,25.8100,25.9200,971800.0000,23.3419
10/06/2023,26.4100,26.4500,25.9600,26.2100,767100.0000,23.6031
10/09/2023,26.0200,26.1800,25.6500,25.6700,363000.0000,23.1168
10/10/2023,25.9000,26.0200,25.5200,25.6800,735900.0000,23.1258
10/11/2023,25.3300,25.4100,25.1500,25.1600,1935200.0000,22.6575
10/12/2023,25.2700,25.9000,25.2400,25.8600,1340900.0000,23.2879
10/13/2023,25.3800,25.5100,25.3200,25.3800,637600.0000,22.8556
10/16/2023,25.8200,25.9000,25.7700,25.8200,627500.0000,23.2519
10/17/2023,26.2200,26.3400,26.0100,26.1000,756400.0000,23.5040
10/18/2023,26.3900,26.5400,26.2700,26.3600,688700.0000,23.7382
10/19/2023,26.6000,26.9100,26.3400,26.9100,2164100.0000,24.2335
10/20/2023,26.7800,26.9000,26.6500,26.7500,948500.0000,24.0894
10/23/2023,26.9000,27.0300,26.2300,26.4100,1169000.0000,23.7832
10/24/2023,26.3800,26.5000,26.1100,26.1100,1229700.0000,23.5130
10/25/2023,26.5200,26.7900,26.5000,26.7000,1114500.0000,24.0443
10/26/2023,26.7000,26.7200,26.2800,26.3100,1419100.0000,23.6931
10/27/2023,26.4700,26.6100,26.3800,26.4100,884100.0000,23.7832
10/30/2023,26.6000,26.7700,26.4100,26.5200,963200.0000,23.8822
10/31/2023,26.4300,26.7000,26.3100,26.7000,926600.0000,24.0443
11/01/2023,26.4400,26.4500,26.1000,26.1200,1248900.0000,23.5220
11/02/2023,25.6400,25.7800,25.4400,25.5200,1403300.0000,22.9817
11/03/2023,25.0100,25.3600,24.9500,25.3400,1270100.0000,22.8196
11/06/2023,25.5200,25.6700,25.5000,25.6000,834100.0000,23.0538
11/07/2023,25.3400,25.3700,25.1000,25.2300,655700.0000,22.7206
11/08/2023,25.1200,25.1400,24.8100,24.8100,545000.0000,22.3423
11/09/2023,24.9900,25.6200,24.9900,25.4200,1262700.0000,22.8917
11/10/2023,25.2000,25.3300,25.1400,25.2600,951500.0000,22.7476
11/13/2023,25.4900,25.5900,25.3100,25.3500,621100.0000,22.8286
11/14/2023,24.7000,24.9200,24.6600,24.7600,935200.0000,22.2973
11/15/2023,24.9700,25.1900,24.9600,25.1200,1042100.0000,22.6215
11/16/2023,24.9200,24.9300,24.7200,24.8300,850600.0000,22.3603
11/17/2023,24.6600,24.8300,24.6000,24.7100,501600.0000,22.2523
11/20/2023,24.8200,24.8300,24.5600,24.5900,428300.0000,22.1442
11/21/2023,24.6100,24.7700,24.5300,24.6000,472200.0000,22.1532
11/22/2023,24.4600,24.6500,24.4000,24.5300,674500.0000,22.0902
11/24/2023,24.7200,24.8300,24.6900,24.8200,373300.0000,22.3513
11/27/2023,24.6700,24.7200,24.4200,24.4200,521200.0000,21.9911
11/28/2023,24.5100,24.5600,24.3600,24.3900,449900.0000,21.9641
11/29/2023,24.1900,24.2900,24.0500,24.0600,703100.0000,21.6669
11/30/2023,24.2700,24.4700,24.2100,24.3500,1518800.0000,21.9281
12/01/2023,24.3700,24.4000,23.8900,23.9400,1014700.0000,21.5589
12/04/2023,24.0400,24.1500,23.9600,24.0600,838500.0000,21.6669
12/05/2023,23.7500,23.7600,23.5000,23.5000,606700.0000,21.1626
12/06/2023,23.4000,23.4300,23.1400,23.1700,821000.0000,20.8654
12/07/2023,23.3500,23.4000,23.1600,23.3200,1160800.0000,21.0005
12/08/2023,23.6000,23.6900,23.5000,23.5500,800300.0000,21.2076
12/11/2023,23.6700,23.7800,23.5800,23.5900,771800.0000,21.2437
12/12/2023,23.6400,23.7100,23.5000,23.5400,342400.0000,21.1986
12/13/2023,23.3800,23.4300,22.9500,22.9900,796900.0000,20.7034
12/14/2023,22.7300,22.7800,22.3900,22.4100,2463400.0000,20.1810
12/15/2023,22.4300,22.5000,22.3300,22.3700,1801500.0000,20.1450
12/18/2023,22.5300,22.6400,22.5300,22.5800,927800.0000,20.3341
12/19/2023,22.4300,22.5100,22.3700,22.4600,267900.0000,20.2261
12/20/2023,21.9800,22.1200,21.8700,21.8900,516500.0000,20.0684
12/21/2023,21.8400,22.1100,21.8400,22.0700,355300.0000,20.2334
12/22/2023,21.9600,22.2100,21.9600,22.1200,201700.0000,20.2792
12/26/2023,22.1300,22.1800,22.0800,22.0800,275200.0000,20.2426
12/27/2023,21.8900,21.9400,21.7200,21.7300,287900.0000,19.9217
12/28/2023,21.8400,21.9600,21.7300,21.9100,723000.0000,20.0867
12/29/2023,22.0500,22.1200,21.9000,22.1100,363900.0000,20.2701
01/02/2024,22.2500,22.2900,22.1700,22.2400,326200.0000,20.3893
01/03/2024,22.4500,22.5000,22.1100,22.1500,571900.0000,20.3067
01/04/2024,22.4800,22.5500,22.4200,22.5000,346700.0000,20.6276
01/05/2024,22.6700,22.7400,22.4100,22.7100,838100.0000,20.8201
01/08/2024,22.7500,22.7800,22.4800,22.5300,303100.0000,20.6551
01/09/2024,22.6400,22.6600,22.5300,22.6300,221800.0000,20.7468
01/10/2024,22.6000,22.7800,22.5600,22.7800,198100.0000,20.8843
01/11/2024,22.7600,22.9000,22.6500,22.6700,534600.0000,20.7835
01/12/2024,22.6400,22.7600,22.5300,22.6900,221700.0000,20.8018
01/16/2024,22.9400,23.1800,22.8900,23.1100,521900.0000,21.1868
01/17/2024,23.1700,23.2800,23.0700,23.1300,361800.0000,21.2052
01/18/2024,23.2300,23.4400,23.1900,23.3900,381600.0000,21.4435
01/19/2024,23.3900,23.5200,23.3200,23.3300,452500.0000,21.3885
01/22/2024,23.1400,23.2500,23.0900,23.1700,332100.0000,21.2419
01/23/2024,23.3600,23.4900,23.3600,23.3700,403300.0000,21.4252
01/24/2024,23.2400,23.5800,23.2300,23.5100,360500.0000,21.5536
01/25/2024,23.3700,23.4700,23.3200,23.3800,671500.0000,21.4344
01/26/2024,23.4000,23.5000,23.3600,23.4200,173100.0000,21.4711
01/29/2024,23.3100,23.3600,23.1000,23.1700,278300.0000,21.2419
01/30/2024,23.0100,23.2000,22.9600,22.9700,694900.0000,21.0585
01/31/2024,22.8400,22.9000,22.6900,22.8300,1018500.0000,20.9302
02/01/2024,22.5000,22.5400,22.2100,22.3200,1310400.0000,20.4626
02/02/2024,22.7500,22.8900,22.6900,22.7900,373300.0000,20.8935
02/05/2024,23.1400,23.3000,23.1200,23.2800,583200.0000,21.3427
02/06/2024,23.2600,23.2700,23.0200,23.0600,381000.0000,21.1410
02/07/2024,23.2000,23.2000,23.0400,23.1400,574500.0000,21.2144
02/08/2024,23.3300,23.4100,23.2300,23.3400,439700.0000,21.3977
02/09/2024,23.4000,23.4300,23.3400,23.3700,246400.0000,21.4252
02/12/2024,23.3600,23.4700,23.3200,23.3300,267700.0000,21.3885
02/13/2024,23.6300,23.7700,23.5900,23.7600,376900.0000,21.7828
02/14/2024,23.7600,23.8100,23.6000,23.6400,389700.0000,21.6727
02/15/2024,23.4700,23.6300,23.4500,23.5600,362400.0000,21.5994
02/16/2024,23.7600,23.7900,23.6800,23.7000,234200.0000,21.7278
02/20/2024,23.7100,23.7100,23.6000,23.7100,324500.0000,21.7369
02/21/2024,23.6900,23.8900,23.6800,23.8400,205700.0000,21.8561
02/22/2024,23.8100,23.8400,23.7200,23.7800,536100.0000,21.8011
02/23/2024,23.7700,23.7700,23.4100,23.4400,443300.0000,21.4894
02/26/2024,23.4100,23.6100,23.4100,23.5300,188100.0000,21.5719
02/27/2024,23.6300,23.7100,23.5500,23.6900,192500.0000,21.7186
02/28/2024,23.7000,23.7000,23.5300,23.5300,585700.0000,21.5719
02/29/2024,23.5000,23.5000,23.3700,23.4000,287100.0000,21.4527
03/01/2024,23.5200,23.6000,23.2400,23.2500,210600.0000,21.3152
03/04/2024,23.4500,23.4700,23.3400,23.3400,283900.0000,21.3977
03/05/2024,23.0700,23.1300,22.7200,23.0300,262100.0000,21.1135
03/06/2024,23.0100,23.0400,22.8600,22.8900,256500.0000,20.9852
03/07/2024,22.8300,23.0200,22.8200,22.9000,394500.0000,20.9943
03/08/2024,22.9900,23.0400,22.9000,22.9700,177200.0000,21.0585
03/11/2024,22.9200,23.0700,22.9200,23.0000,163300.0000,21.0860
03/12/2024,23.1500,23.2500,23.1200,23.1900,153500.0000,21.2602
03/13/2024,23.3000,23.3600,23.2500,23.3100,258900.0000,21.3702
03/14/2024,23.4800,23.7300,23.4800,23.6800,356600.0000,21.7094
03/15/2024,23.7000,23.7400,23.6500,23.7100,103700.0000,21.7369
03/18/2024,23.7900,23.8400,23.7100,23.7900,144900.0000,21.8103
03/19/2024,23.7600,23.7900,23.6600,23.7400,245500.0000,21.7644
03/20/2024,23.5200,23.7100,23.4100,23.5900,155300.0000,21.7857
03/21/2024,23.4900,23.6100,23.4700,23.5400,91900.0000,21.7395
03/22/2024,23.2700,23.3500,23.2500,23.3200,206300.0000,21.5363
03/25/2024,23.3800,23.5000,23.3800,23.4500,132200.0000,21.6564
03/26/2024,23.4500,23.5000,23.3500,23.3800,82700.0000,21.5917
03/27/2024,23.3400,23.3600,23.1700,23.1800,253700.0000,21.4070
03/28/2024,23.2200,23.2900,23.0800,23.1900,122400.0000,21.4163
04/01/2024,23.4000,23.6700,23.4000,23.6700,360700.0000,21.8595
04/02/2024,23.8800,23.9500,23.7400,23.7700,273300.0000,21.9519
04/03/2024,23.9700,24.0300,23.7900,23.7900,285600.0000,21.9704
04/04/2024,23.6300,23.7900,23.6200,23.6400,326300.0000,21.8318
04/05/2024,23.8900,23.9600,23.7600,23.9500,197700.0000,22.1181
04/08/2024,24.0200,24.0500,23.9300,23.9500,438200.0000,22.1181
04/09/2024,23.8400,23.8600,23.7400,23.7400,163600.0000,21.9242
04/10/2024,24.0300,24.3300,24.0100,24.2700,405000.0000,22.4137
04/11/2024,24.2600,24.4900,24.2500,24.4100,121300.0000,22.5429
04/12/2024,24.2000,24.3000,24.1100,24.2900,505200.0000,22.4321
04/15/2024,24.5900,24.7800,24.5800,24.6700,810500.0000,22.7831
04/16/2024,24.9000,24.9900,24.7700,24.8400,606200.0000,22.9401
04/17/2024,24.6900,24.8100,24.5400,24.5900,1089800.0000,22.7092
04/18/2024,24.6000,24.7700,24.6000,24.7100,295900.0000,22.8200
04/19/2024,24.5800,24.6900,24.5600,24.6300,288700.0000,22.7461
04/22/2024,24.7500,24.7700,24.6400,24.6800,793900.0000,22.7923
04/23/2024,24.7500,24.8000,24.5300,24.6700,701200.0000,22.7831
04/24/2024,24.8100,24.9700,24.8000,24.8700,228400.0000,22.9678
04/25/2024,25.1600,25.1600,25.0100,25.0200,343100.0000,23.1063
04/26/2024,24.9100,24.9400,24.8100,24.9200,179100.0000,23.0139
04/29/2024,24.8200,24.8500,24.7100,24.7200,425600.0000,22.8292
04/30/2024,24.8800,24.9600,24.8000,24.9400,195000.0000,23.0324
05/01/2024,24.7600,24.8400,24.5800,24.7600,260800.0000,22.8662
05/02/2024,24.8600,24.9300,24.6500,24.6700,368500.0000,22.7831
05/03/2024,24.4100,24.5800,24.3800,24.4300,392300.0000,22.5614
05/06/2024,24.4200,24.4800,24.3300,24.3400,473700.0000,22.4783
05/07/2024,24.1400,24.2200,24.0600,24.1900,720100.0000,22.3398
05/08/2024,24.3200,24.3500,24.2800,24.3100,450700.0000,22.4506
05/09/2024,24.4500,24.4600,24.2100,24.2600,168000.0000,22.4044
05/10/2024,24.3300,24.4200,24.3300,24.3800,59300.0000,22.5152
05/13/2024,24.2800,24.3400,24.2600,24.3200,72900.0000,22.4598
05/14/2024,24.2300,24.3100,24.1900,24.2200,96500.0000,22.3675
05/15/2024,23.9400,24.0000,23.8300,23.8800,518600.0000,22.0535
05/16/2024,23.7900,23.9300,23.7900,23.9100,105300.0000,22.0812
05/17/2024,24.0000,24.0900,23.9700,24.0600,94400.0000,22.2197
05/20/2024,24.1600,24.1900,24.1200,24.1500,109900.0000,22.3028
05/21/2024,23.9900,24.0700,23.9900,24.0300,103700.0000,22.1920
05/22/2024,24.1200,24.1300,24.0000,24.0200,122200.0000,22.1828
05/23/2024,24.0200,24.2700,24.0200,24.1700,496900.0000,22.3213
05/24/2024,24.2300,24.2500,24.1100,24.1200,118100.0000,22.2751
05/28/2024,24.1700,24.5100,24.1500,24.4900,103800.0000,22.6168
05/29/2024,24.6800,24.8700,24.6800,24.7700,311800.0000,22.8754
05/30/2024,24.6300,24.6700,24.5500,24.5700,233700.0000,22.6907
05/31/2024,24.4000,24.4600,24.3500,24.3800,182700.0000,22.5152
06/03/2024,24.2700,24.3000,24.0000,24.0300,328300.0000,22.1920
06/04/2024,23.8500,23.9100,23.7000,23.7500,335900.0000,21.9334
06/05/2024,23.6500,23.8100,23.5500,23.5500,263300.0000,21.7487
06/06/2024,23.6800,23.6900,23.5600,23.6100,103000.0000,21.8041
06/07/2024,23.9600,24.0800,23.9600,24.0700,230700.0000,22.2290
06/10/2024,24.1900,24.2700,24.1800,24.2100,158300.0000,22.3582
06/11/2024,24.1800,24.2100,23.9700,23.9900,138300.0000,22.1551
06/12/2024,23.6900,23.8200,23.5300,23.7900,261800.0000,21.9704
06/13/2024,23.6200,23.6800,23.4300,23.4700,290700.0000,21.6748
06/14/2024,23.3200,23.3800,23.2400,23.2800,279600.0000,21.4994
06/17/2024,23.5600,23.6200,23.4900,23.4900,144900.0000,21.6933
06/18/2024,23.4900,23.5200,23.3100,23.3400,172400.0000,21.5548
06/20/2024,23.6000,23.6200,23.4400,23.4400,265500.0000,21.6471
06/21/2024,23.4100,23.5700,23.3600,23.5000,295600.0000,21.7025
06/24/2024,23.4700,23.5500,23.4000,23.4000,126400.0000,21.6102
06/25/2024,23.4500,23.4800,23.3500,23.3700,99500.0000,21.5825
06/26/2024,23.3500,23.3900,23.3100,23.3900,84300.0000,21.8951
06/27/2024,23.3100,23.3200,23.2500,23.3100,164400.0000,21.8203
06/28/2024,23.2500,23.7400,23.2500,23.7400,163400.0000,22.2228
07/01/2024,24.0400,24.1900,23.8700,24.1500,183700.0000,22.6066
07/02/2024,23.9500,24.1200,23.9300,23.9900,261100.0000,22.4568
07/03/2024,23.8500,23.8600,23.5000,23.6600,99300.0000,22.1479
07/05/2024,23.5500,23.6600,23.4600,23.5100,121100.0000,22.0075
07/08/2024,23.5200,23.5800,23.4300,23.4600,92300.0000,21.9607
07/09/2024,23.5300,23.6700,23.5100,23.5500,137400.0000,22.0449
07/10/2024,23.5200,23.5900,23.4800,23.4900,151700.0000,21.9888
07/11/2024,23.2200,23.2800,23.1200,23.2700,115500.0000,21.7828
07/12/2024,23.2900,23.3300,23.1800,23.2000,132800.0000,21.7173
07/15/2024,23.4200,23.4700,23.3500,23.4500,194800.0000,21.9513
07/16/2024,23.2800,23.3200,23.1300,23.1500,116500.0000,21.6705
07/17/2024,23.1900,23.2500,23.0800,23.1300,178400.0000,21.6518
07/18/2024,23.2500,23.3300,23.1600,23.2900,111500.0000,21.8015
07/19/2024,23.4300,23.4900,23.4000,23.4600,228900.0000,21.9607
07/22/2024,23.3500,23.6200,23.3200,23.5500,167100.0000,22.0449
07/23/2024,23.5200,23.5900,23.4300,23.5800,87000.0000,22.0730
07/24/2024,23.5500,23.8500,23.5100,23.8200,459000.0000,22.2977
07/25/2024,23.7300,23.7300,23.5100,23.6600,119200.0000,22.1479
07/26/2024,23.5000,23.5400,23.4400,23.4800,172200.0000,21.9794
07/29/2024,23.3300,23.4200,23.3100,23.3700,355200.0000,21.8764
07/30/2024,23.3000,23.4100,23.2300,23.2900,196300.0000,21.8015
07/31/2024,23.1100,23.1800,23.0500,23.0600,192600.0000,21.5862
08/01/2024,22.8900,22.9000,22.7100,22.8200,283300.0000,21.3616
08/02/2024,22.4800,22.4900,22.1300,22.1300,614500.0000,20.7157
08/05/2024,21.8100,22.2500,21.7900,22.0200,652800.0000,20.6127
08/06/2024,22.1800,22.5200,22.1500,22.5200,480000.0000,21.0807
08/07/2024,22.6800,22.8100,22.6000,22.7200,270900.0000,21.2680
08/08/2024,22.9000,22.9700,22.8400,22.8600,349800.0000,21.3990
08/09/2024,22.5800,22.6800,22.5800,22.6400,139000.0000,21.1931
08/12/2024,22.7000,22.7300,22.5200,22.5600,229100.0000,21.1182
08/13/2024,22.4000,22.4700,22.4000,22.4200,244700.0000,20.9871
08/14/2024,22.3500,22.3600,22.2200,22.2800,83100.0000,20.8561
08/15/2024,22.5900,22.6600,22.4600,22.4600,92400.0000,21.0246
08/16/2024,22.4000,22.4900,22.3800,22.4000,164700.0000,20.9684
08/19/2024,22.4000,22.4100,22.2500,22.3100,81300.0000,20.8842
08/20/2024,22.2100,22.2500,22.0900,22.1200,50600.0000,20.7063
08/21/2024,22.1200,22.2200,22.0100,22.1200,135400.0000,20.7063
08/22/2024,22.2300,22.4100,22.2300,22.3500,145300.0000,20.9216
08/23/2024,22.2700,22.3000,22.1500,22.2200,67500.0000,20.7999
08/26/2024,22.1200,22.2700,22.1200,22.2600,22900.0000,20.8374
08/27/2024,22.4400,22.4500,22.3000,22.3300,72000.0000,20.9029
08/28/2024,22.3300,22.3800,22.2800,22.3600,67600.0000,20.9310
08/29/2024,22.4700,22.5200,22.4200,22.4400,94900.0000,21.0059
08/30/2024,22.4200,22.7300,22.3500,22.6600,568600.0000,21.2118
09/03/2024,22.3800,22.4000,22.2500,22.3300,103300.0000,20.9029
09/04/2024,22.3200,22.3200,22.0600,22.0700,64400.0000,20.6595
09/05/2024,21.9900,22.1000,21.9200,21.9600,349500.0000,20.5565
09/06/2024,21.9500,22.0300,21.7000,21.9700,233300.0000,20.5659
09/09/2024,22.0100,22.0500,21.8500,21.8800,134900.0000,20.4816
09/10/2024,21.8700,21.9000,21.6800,21.6800,190800.0000,20.2944
09/11/2024,21.7800,21.7900,21.6000,21.7300,97100.0000,20.3412
09/12/2024,21.8100,21.9200,21.7700,21.8400,152200.0000,20.4442
09/13/2024,21.7900,21.8700,21.7500,21.7900,261800.0000,20.3974
09/16/2024,21.7500,21.8000,21.6000,21.6200,92000.0000,20.2383
09/17/2024,21.6100,21.7300,21.5600,21.7200,131700.0000,20.3319
09/18/2024,21.8500,21.9900,21.7500,21.9800,291800.0000,20.5753
09/19/2024,22.1300,22.1700,22.0700,22.0800,327000.0000,20.6689
09/20/2024,22.1600,22.2100,22.1000,22.1500,702500.0000,20.7344
09/23/2024,22.2300,22.3800,22.1400,22.2100,149900.0000,20.7906
09/24/2024,22.4000,22.4200,22.1900,22.2200,149900.0000,20.7999
09/25/2024,22.0900,22.1700,22.0700,22.1700,153000.0000,20.9912
09/26/2024,22.1000,22.2700,22.1000,22.1400,144500.0000,20.9628
09/27/2024,22.0600,22.1000,21.9900,22.0500,114500.0000,20.8776
09/30/2024,22.0100,22.1800,22.0000,22.1300,277100.0000,20.9533
10/01/2024,21.9200,22.0000,21.8000,21.9800,231800.0000,20.8113
10/02/2024,22.2800,22.3000,22.1600,22.1700,84600.0000,20.9912
10/03/2024,22.2500,22.3800,22.2200,22.3700,153600.0000,21.1805
10/04/2024,22.6700,22.7000,22.5900,22.6800,127200.0000,21.4741
10/07/2024,22.8400,22.8600,22.7500,22.8600,177800.0000,21.6445
10/08/2024,22.9700,22.9700,22.8000,22.8200,289300.0000,21.6066
10/09/2024,22.9100,23.0200,22.8500,22.9900,193100.0000,21.7676
10/10/2024,23.1000,23.2100,23.0300,23.0300,339600.0000,21.8055
10/11/2024,23.1600,23.2300,23.0800,23.1400,211600.0000,21.9096
10/14/2024,23.2800,23.3500,23.1600,23.1700,166300.0000,21.9380
10/15/2024,22.9600,22.9900,22.8400,22.8500,88000.0000,21.6350
10/16/2024,22.7700,22.8100,22.7000,22.7800,133700.0000,21.5688
10/17/2024,22.9900,23.1700,22.9900,23.1700,313600.0000,21.9380
10/18/2024,23.1200,23.1500,23.0500,23.1400,181900.0000,21.9096
10/21/2024,23.3500,23.5400,23.3300,23.5400,212500.0000,22.2883
10/22/2024,23.4700,23.5900,23.4200,23.5300,377100.0000,22.2789
10/23/2024,23.6900,23.7100,23.5300,23.5900,212300.0000,22.3357
10/24/2024,23.5900,23.6300,23.3700,23.4400,100900.0000,22.1937
10/25/2024,23.3600,23.6400,23.3600,23.6400,106500.0000,22.3830
10/28/2024,23.5800,23.7800,23.5800,23.6600,149600.0000,22.4020
10/29/2024,23.8400,23.9000,23.3700,23.6500,146000.0000,22.3925
10/30/2024,23.4500,23.6000,23.3200,23.5600,132500.0000,22.3073
10/31/2024,23.5600,23.6800,23.4200,23.5400,239300.0000,22.2883
11/01/2024,23.5400,23.9200,23.4200,23.8800,178800.0000,22.6103
11/04/2024,23.5400,23.6800,23.4500,23.5200,115700.0000,22.2694
11/05/2024,23.5600,23.6900,23.3600,23.4100,225200.0000,22.1653
11/06/2024,24.1800,24.2200,23.9400,24.0300,257900.0000,22.7523
11/07/2024,23.9100,23.9400,23.7000,23.8000,171400.0000,22.5345
11/08/2024,23.5900,23.6400,23.4500,23.4800,248400.0000,22.2315
11/11/2024,23.5300,23.6800,23.5300,23.5600,120300.0000,22.3073
11/12/2024,23.6900,24.0500,23.6400,23.8500,405100.0000,22.5819
11/13/2024,23.6500,24.2700,23.6500,24.1600,439100.0000,22.8754
11/14/2024,24.0400,24.1000,23.8600,24.0400,264200.0000,22.7618
11/15/2024,24.1900,24.2700,23.9700,24.1600,149400.0000,22.8754
11/18/2024,24.2400,24.3000,24.0100,24.1000,98500.0000,22.8186
11/19/2024,23.9100,23.9900,23.8700,23.9600,122200.0000,22.6860
11/20/2024,24.0900,24.1300,23.9500,24.0500,111300.0000,22.7712
11/21/2024,24.0100,24.1700,23.9600,24.0900,66300.0000,22.8091
11/22/2024,24.0800,24.1300,23.9800,24.0800,232700.0000,22.7996
11/25/2024,23.5900,23.6600,23.4500,23.4800,258300.0000,22.2315
11/26/2024,23.6000,23.6900,23.5400,23.5400,160100.0000,22.2883
11/27/2024,23.4000,23.4700,23.3100,23.4100,251400.0000,22.1653
11/29/2024,23.2500,23.3100,23.1500,23.1500,98600.0000,21.9191
12/02/2024,23.2300,23.3300,23.0700,23.1300,139500.0000,21.9001
12/03/2024,23.0800,23.3400,23.0800,23.3200,108500.0000,22.0800
12/04/2024,23.4000,23.4400,23.0600,23.0900,270900.0000,21.8623
12/05/2024,23.1300,23.1700,23.0100,23.0300,82500.0000,21.8055
12/06/2024,22.9300,23.1000,22.8900,23.0100,302000.0000,21.7865
12/09/2024,23.1700,23.2400,23.1000,23.2000,123600.0000,21.9664
12/10/2024,23.3200,23.3800,23.2900,23.3500,51000.0000,22.1084
12/11/2024,23.3300,23.5900,23.3200,23.5700,43900.0000,22.3167
12/12/2024,23.7000,23.8900,23.7000,23.8400,287000.0000,22.5724
12/13/2024,23.9100,24.1500,23.9100,24.1200,90500.0000,22.8375
12/16/2024,24.1100,24.1700,24.0200,24.0700,99200.0000,22.7902
12/17/2024,24.0200,24.0600,23.9300,24.0100,108700.0000,22.7333
12/18/2024,24.1400,24.3200,24.0000,24.2500,118000.0000,22.9606
12/19/2024,24.6200,24.7600,24.5300,24.6300,253900.0000,23.3204
12/20/2024,24.5200,24.5700,24.3900,24.5700,198100.0000,23.2636
12/23/2024,24.3000,24.5700,24.3000,24.5200,84100.0000,23.4655
12/24/2024,24.6900,24.7000,24.4400,24.4600,24800.0000,23.4081
12/26/2024,24.6000,24.6600,24.4300,24.4500,131300.0000,23.3985
12/27/2024,24.6000,24.6900,24.4900,24.6300,98500.0000,23.5708
12/30/2024,24.5100,24.5200,24.4200,24.4700,116300.0000,23.4176
12/31/2024,24.4200,24.6400,24.3600,24.6400,64900.0000,23.5803
01/02/2025,24.5900,24.6700,24.4100,24.5800,187600.0000,23.5229
01/03/2025,24.5300,24.7000,24.5000,24.6900,96600.0000,23.6282
01/06/2025,24.7200,24.8500,24.6800,24.7400,84800.0000,23.6760
01/07/2025,24.8800,25.0900,24.8200,25.0200,145300.0000,23.9440
01/08/2025,25.2100,25.2400,25.0000,25.0400,264100.0000,23.9631
01/10/2025,25.2900,25.3200,25.1200,25.3000,121800.0000,24.2119
01/13/2025,25.2000,25.3400,25.1700,25.2700,111000.0000,24.1832
01/14/2025,25.3100,25.3900,25.2700,25.3200,110200.0000,24.2311
01/15/2025,24.8400,24.9300,24.7700,24.8300,171900.0000,23.7622
01/16/2025,24.8400,24.9800,24.6700,24.7800,195700.0000,23.7143
01/17/2025,24.6300,24.7800,24.6100,24.7300,175200.0000,23.6665
01/21/2025,24.5300,24.6200,24.4700,24.5500,154400.0000,23.4942
01/22/2025,24.5300,24.7100,24.5300,24.6700,127100.0000,23.6090
01/23/2025,24.8700,24.9400,24.8300,24.8600,59700.0000,23.7909
01/24/2025,24.9200,24.9400,24.7500,24.7900,130500.0000,23.7239
01/27/2025,24.4900,24.6100,24.4300,24.4600,107700.0000,23.4081
01/28/2025,24.5600,24.7200,24.4700,24.4800,114300.0000,23.4272
01/29/2025,24.4000,24.6700,24.4000,24.5400,106100.0000,23.4846
01/30/2025,24.4600,24.5500,24.3500,24.4500,188800.0000,23.3985
01/31/2025,24.4800,24.7200,24.4000,24.6200,211900.0000,23.5612
02/03/2025,24.3400,24.5200,24.2000,24.4200,192600.0000,23.3698
02/04/2025,24.5600,24.6100,24.3600,24.3600,117200.0000,23.3124
02/05/2025,24.0400,24.1100,23.9000,23.9900,260200.0000,22.9583
02/06/2025,23.9700,24.0500,23.9100,23.9300,145700.0000,22.9009
02/07/2025,24.1300,24.2400,24.1000,24.1100,86800.0000,23.0731
02/10/2025,24.1200,24.2800,24.1100,24.2100,71500.0000,23.1688
02/11/2025,24.3800,24.4100,24.3300,24.3700,128600.0000,23.3219
02/12/2025,24.7300,24.8300,24.6300,24.7100,167700.0000,23.6473
02/13/2025,24.4800,24.4800,24.2800,24.3600,204700.0000,23.3124
02/14/2025,24.2000,24.2200,24.0700,24.2100,118100.0000,23.1688
02/18/2025,24.3300,24.5100,24.3100,24.4900,95800.0000,23.4368
02/19/2025,24.5500,24.5600,24.4200,24.4700,58400.0000,23.4176
02/20/2025,24.3900,24.4300,24.3200,24.4300,97700.0000,23.3794
02/21/2025,24.3000,24.3200,24.0300,24.1100,156000.0000,23.0731
02/24/2025,24.1600,24.2100,23.9900,24.0300,184700.0000,22.9966
02/25/2025,23.7400,23.7900,23.4900,23.6400,492600.0000,22.6233
02/26/2025,23.6000,23.7300,23.4700,23.5000,68600.0000,22.4894
02/27/2025,23.6600,23.7200,23.5500,23.6600,160900.0000,22.6425
02/28/2025,23.5000,23.6300,23.3700,23.4400,173200.0000,22.4319
03/03/2025,23.6200,23.6200,23.2400,23.2500,228100.0000,22.2501
03/04/2025,23.2600,23.5800,23.2400,23.5500,104500.0000,22.5372
03/05/2025,23.5400,23.7800,23.4800,23.7600,276100.0000,22.7382
03/06/2025,23.8700,24.0000,23.7400,23.8500,341200.0000,22.8243
03/07/2025,23.6400,23.9600,23.6400,23.9500,343700.0000,22.9200
03/10/2025,23.6500,23.7100,23.5500,23.6800,263500.0000,22.6616
03/11/2025,23.7000,23.9400,23.5900,23.8400,212900.0000,22.8147
03/12/2025,23.9700,24.0600,23.8800,24.0500,285500.0000,23.0157
03/13/2025,24.1300,24.1400,23.7900,23.7900,178100.0000,22.7669
03/14/2025,23.9300,24.0300,23.9000,23.9500,54600.0000,22.9200
03/17/2025,23.8000,23.9000,23.7000,23.8600,77300.0000,22.8339
03/18/2025,23.9600,23.9600,23.7400,23.8100,57800.0000,22.7860
03/19/2025,23.8000,23.8900,23.6800,23.7400,145400.0000,22.7190
03/20/2025,23.4000,23.7000,23.4000,23.6900,601400.0000,22.6712
03/21/2025,23.6500,23.8500,23.6500,23.8300,27200.0000,22.8052
03/24/2025,23.9500,24.1000,23.9500,24.0900,82600.0000,23.0540
03/25/2025,24.1500,24.1500,24.0200,24.0800,35900.0000,23.0444
03/26/2025,24.0000,24.0600,23.9600,24.0200,51800.0000,23.1902
03/27/2025,24.1200,24.1800,24.1000,24.1200,182400.0000,23.2867
03/28/2025,23.8800,23.8900,23.7400,23.8100,114900.0000,22.9875
03/31/2025,23.5800,23.7300,23.4900,23.6000,113700.0000,22.7847
04/01/2025,23.4100,23.4600,23.2500,23.3900,240800.0000,22.5820
04/02/2025,23.1300,23.5500,23.1300,23.3800,89900.0000,22.5723
04/03/2025,23.1300,23.2800,23.0300,23.2800,140900.0000,22.4758
04/04/2025,22.9000,23.3100,22.7200,23.0300,225800.0000,22.2344
04/07/2025,23.2700,23.8500,23.2000,23.7500,347300.0000,22.9295
04/08/2025,23.9600,24.2100,23.7200,24.1500,369000.0000,23.3157
04/09/2025,24.4400,24.8600,24.1200,24.1900,529100.0000,23.3543
04/10/2025,24.4800,24.8000,24.2600,24.6900,335900.0000,23.8371
04/11/2025,24.9400,25.1700,24.3300,24.7500,251900.0000,23.8950
04/14/2025,24.5400,24.6800,24.4000,24.4800,145200.0000,23.6343
04/15/2025,24.5000,24.5700,24.2800,24.3400,32100.0000,23.4991
04/16/2025,24.3600,24.5500,24.1100,24.3000,129300.0000,23.4605
04/17/2025,24.3200,24.5700,24.2800,24.4500,66000.0000,23.6053
04/21/2025,24.7200,24.9500,24.6100,24.8700,116600.0000,24.0108
04/22/2025,24.6600,24.8700,24.6200,24.7300,147900.0000,23.8757
04/23/2025,24.0800,24.6000,24.0400,24.5100,210200.0000,23.6633
04/24/2025,24.3600,24.4400,24.2500,24.3000,70700.0000,23.4605
04/25/2025,24.1300,24.1900,24.0600,24.1000,98800.0000,23.2674
04/28/2025,24.1800,24.1800,23.9300,23.9600,67100.0000,23.1323
04/29/2025,24.0100,24.0100,23.7500,23.7700,34500.0000,22.9488
04/30/2025,23.8700,24.0200,23.7700,24.0100,109300.0000,23.1805
05/01/2025,23.9400,24.2000,23.9300,24.0800,121500.0000,23.2481
05/02/2025,24.3300,24.4000,24.2400,24.3500,122000.0000,23.5088
05/05/2025,24.4600,24.6000,24.4600,24.5300,50200.0000,23.6826
05/06/2025,24.6500,24.6900,24.3800,24.3800,230400.0000,23.5378
05/07/2025,24.3600,24.5700,24.2500,24.5700,73900.0000,23.7212
05/08/2025,24.3700,24.6100,24.2500,24.6100,57300.0000,23.7598
05/09/2025,24.6400,24.6400,24.4100,24.5900,48800.0000,23.7405
05/12/2025,24.8100,24.9000,24.4400,24.7900,213900.0000,23.9336
05/13/2025,24.7900,25.0400,24.7900,24.9000,181200.0000,24.0398
05/14/2025,24.9200,25.1400,24.9200,25.0500,200900.0000,24.1846
05/15/2025,24.9600,25.1000,24.8000,24.8700,106400.0000,24.0108
05/16/2025,24.6600,24.9300,24.4000,24.7600,212600.0000,23.9046
05/19/2025,25.2500,25.2900,24.8800,24.9200,142800.0000,24.0591
05/20/2025,25.1000,25.2000,25.0200,25.0600,140000.0000,24.1943
05/21/2025,25.3300,25.5900,25.2200,25.4800,284500.0000,24.5998
05/22/2025,25.7200,25.7300,25.4000,25.4300,459700.0000,24.5515
05/23/2025,25.3000,25.4900,25.2800,25.3800,199300.0000,24.5032
05/27/2025,25.2500,25.3700,24.8700,25.0400,292700.0000,24.1750
05/28/2025,25.1200,25.2200,25.0200,25.0900,140000.0000,24.2232
05/29/2025,25.0300,25.0500,24.8500,24.9400,160200.0000,24.0784
05/30/2025,24.9600,24.9700,24.8200,24.8900,87600.0000,24.0301
06/02/2025,25.0800,25.2300,25.0500,25.1400,247200.0000,24.2715
06/03/2025,25.0500,25.1900,24.9500,25.1500,79700.0000,24.2812
06/04/2025,24.9700,24.9900,24.6900,24.7700,237600.0000,23.9143
06/05/2025,24.6700,24.7900,24.6100,24.7600,52200.0000,23.9046
06/06/2025,24.9600,25.1100,24.9300,25.0500,65100.0000,24.1846
06/09/2025,25.2000,25.2000,25.0100,25.0400,119300.0000,24.1750
06/10/2025,24.8900,25.0100,24.8600,24.9700,44500.0000,24.1074
06/11/2025,24.9800,24.9900,24.8000,24.8900,201000.0000,24.0301
06/12/2025,24.6400,24.7200,24.5300,24.5300,160500.0000,23.6826
06/13/2025,24.7200,24.9700,24.6800,24.8100,82900.0000,23.9529
06/16/2025,24.9300,25.0900,24.8100,25.0900,54500.0000,24.2232
06/17/2025,24.9100,24.9900,24.7500,24.7700,73500.0000,23.9143
06/18/2025,24.6900,24.8200,24.6200,24.7600,108200.0000,23.9046
06/20/2025,24.8900,24.9700,24.7400,24.8200,57900.0000,23.9626
06/23/2025,24.6800,24.7300,24.5400,24.7000,81500.0000,23.8467
06/24/2025,24.7800,24.8100,24.5000,24.5700,98700.0000,23.7212
06/25/2025,24.5000,24.5300,24.3600,24.3700,59600.0000,23.6950
06/26/2025,24.3500,24.4300,24.2200,24.2200,76800.0000,23.5491
06/27/2025,24.3600,24.4500,24.2000,24.3900,329000.0000,23.7144
06/30/2025,24.3000,24.3600,24.1100,24.1700,125400.0000,23.5005
07/01/2025,24.1100,24.2500,24.0700,24.1300,104800.0000,23.4616
07/02/2025,24.3800,24.4100,24.2700,24.2800,72200.0000,23.6074
07/03/2025,24.4000,24.5000,24.3800,24.4400,38700.0000,23.7630
07/07/2025,24.5900,24.7700,24.5900,24.6900,158700.0000,24.0061
07/08/2025,24.8900,24.9000,24.7300,24.7300,71600.0000,24.0450
07/09/2025,24.7000,24.7000,24.4900,24.5000,58000.0000,23.8213
07/10/2025,24.5400,24.6100,24.4600,24.4900,40600.0000,23.8116
07/11/2025,24.7000,24.8600,24.7000,24.8300,47200.0000,24.1422
07/14/2025,24.9200,24.9700,24.8300,24.8700,126900.0000,24.1811
07/15/2025,24.8100,25.1100,24.8100,25.0600,79800.0000,24.3658
07/16/2025,25.0000,25.2900,24.8700,25.0400,274700.0000,24.3464
07/17/2025,25.0200,25.0800,24.9300,25.0300,72800.0000,24.3367
07/18/2025,24.9600,25.0400,24.9600,25.0100,35600.0000,24.3172
07/21/2025,24.7400,24.8100,24.6600,24.8100,147200.0000,24.1228
07/22/2025,24.7700,24.7700,24.6000,24.6600,58900.0000,23.9769
07/23/2025,24.8100,24.8600,24.7700,24.8100,62200.0000,24.1228
07/24/2025,24.9600,24.9600,24.7600,24.8300,147900.0000,24.1422
07/25/2025,24.8900,24.8900,24.7000,24.7200,72800.0000,24.0353
07/28/2025,24.8000,24.8900,24.7800,24.8800,400000.0000,24.1908
07/29/2025,24.7700,24.7700,24.4500,24.4800,227300.0000,23.8019
07/30/2025,24.6100,24.6700,24.5700,24.5800,75800.0000,23.8991
07/31/2025,24.5000,24.6000,24.4600,24.6000,163300.0000,23.9186
08/01/2025,24.3100,24.3200,24.2100,24.2600,96500.0000,23.5880
08/04/2025,24.2000,24.2900,24.1500,24.1900,93100.0000,23.5199
08/05/2025,24.2400,24.2600,24.0900,24.0900,106700.0000,23.4227
08/06/2025,24.2500,24.5100,24.2000,24.2500,103400.0000,23.5783
08/07/2025,24.2200,24.3100,24.1500,24.2900,90900.0000,23.6172
08/08/2025,24.4100,24.4500,24.4000,24.4200,34100.0000,23.7436
08/11/2025,24.3700,24.4100,24.3300,24.3800,138700.0000,23.7047
08/12/2025,24.5300,24.6300,24.5200,24.5200,232400.0000,23.8408
08/13/2025,24.3700,24.3800,24.2900,24.3100,127100.0000,23.6366
08/14/2025,24.3600,24.5400,24.3600,24.5000,59100.0000,23.8213
08/15/2025,24.6300,24.7300,24.5900,24.6900,54400.0000,24.0061
08/18/2025,24.6900,24.8200,24.6800,24.7700,17400.0000,24.0839
08/19/2025,24.6800,24.6800,24.6100,24.6100,42600.0000,23.9283
08/20/2025,24.6400,24.6500,24.5500,24.5700,42200.0000,23.8894
08/21/2025,24.6700,24.7900,24.6200,24.7200,117900.0000,24.0353
08/22/2025,24.5900,24.6300,24.4600,24.5400,149700.0000,23.8602
08/25/2025,24.6500,24.6500,24.5500,24.6100,73400.0000,23.9283
08/26/2025,24.7100,24.7700,24.6200,24.6500,67600.0000,23.9672
08/27/2025,24.8200,24.8500,24.6500,24.6500,54700.0000,23.9672
08/28/2025,24.6500,24.6600,24.5000,24.5100,235000.0000,23.8311
08/29/2025,24.6400,24.7400,24.6200,24.7000,131100.0000,24.0158
09/02/2025,24.9200,25.0000,24.8400,24.8700,187300.0000,24.1811
09/03/2025,24.8200,24.8200,24.5600,24.6000,103100.0000,23.9186
09/04/2025,24.5100,24.6100,24.4300,24.4300,59000.0000,23.7533
09/05/2025,24.1800,24.1900,24.0700,24.1000,138200.0000,23.4324
09/08/2025,23.9300,23.9300,23.7600,23.7600,106900.0000,23.1018
09/09/2025,23.8800,23.9700,23.8500,23.8800,147600.0000,23.2185
09/10/2025,23.8600,23.9200,23.7000,23.7900,116100.0000,23.1310
09/11/2025,23.7400,23.7400,23.5900,23.6400,39900.0000,22.9852
09/12/2025,23.7600,23.8300,23.7300,23.7300,39600.0000,23.0727
09/15/2025,23.6900,23.7100,23.6100,23.6700,57900.0000,23.0143
09/16/2025,23.7100,23.7200,23.6000,23.6500,49900.0000,22.9949
09/17/2025,23.5600,23.7600,23.4700,23.7000,130500.0000,23.0435
09/18/2025,23.9400,24.0200,23.8800,23.9500,120900.0000,23.2866
09/19/2025,24.0000,24.0700,23.9700,24.0300,76300.0000,23.3644
09/22/2025,24.0800,24.1300,24.0400,24.0900,79200.0000,23.4227
09/23/2025,24.0600,24.0800,23.9300,23.9400,48700.0000,23.2769
09/24/2025,23.7800,23.8800,23.7700,23.8300,97000.0000,23.3799
09/25/2025,23.8600,23.9600,23.8100,23.8100,82300.0000,23.3603
09/26/2025,23.8400,23.9000,23.7200,23.8500,42500.0000,23.3995
09/29/2025,23.7600,23.7600,23.6400,23.6800,56200.0000,23.2327
09/30/2025,23.6700,23.7700,23.5600,23.7200,101600.0000,23.2720
10/01/2025,23.6300,23.7400,23.5900,23.6900,47000.0000,23.2425
10/02/2025,23.6900,23.7100,23.5900,23.6200,33200.0000,23.1738
10/03/2025,23.6100,23.7000,23.6000,23.6900,39800.0000,23.2425
10/06/2025,23.8600,23.8700,23.7500,23.8600,85200.0000,23.4093
10/07/2025,23.8000,23.8200,23.6900,23.7300,33700.0000,23.2818
10/08/2025,23.6200,23.7400,23.6200,23.7200,42000.0000,23.2720
10/09/2025,23.7600,23.7800,23.7200,23.7700,111900.0000,23.3210
10/10/2025,23.5500,23.5600,23.3500,23.3900,96700.0000,22.9482
10/13/2025,23.4400,23.5600,23.3900,23.4000,59800.0000,22.9580
10/14/2025,23.3600,23.4300,23.3000,23.3000,47200.0000,22.8599
10/15/2025,23.3000,23.4200,23.2200,23.3600,57300.0000,22.9188
10/16/2025,23.4000,23.4100,23.1600,23.1900,117700.0000,22.7520
10/17/2025,23.2400,23.3100,23.2300,23.2300,68000.0000,22.7912
10/20/2025,23.2000,23.2200,23.1500,23.1600,61400.0000,22.7225
10/21/2025,23.0500,23.0700,23.0100,23.0400,50400.0000,22.6048
10/22/2025,23.0600,23.1000,23.0200,23.0600,50600.0000,22.6244
10/23/2025,23.1600,23.2300,23.1100,23.1900,43900.0000,22.7520
10/24/2025,23.1700,23.2800,23.1700,23.1900,87300.0000,22.7520
10/27/2025,23.2500,23.2900,23.1400,23.1400,29200.0000,22.7029
10/28/2025,23.1200,23.1300,23.0400,23.0900,29100.0000,22.6539
10/29/2025,23.1200,23.3300,23.1100,23.3100,148600.0000,22.8697
10/30/2025,23.5000,23.5100,23.3500,23.4600,199600.0000,23.0169
10/31/2025,23.4900,23.5600,23.4500,23.5300,108300.0000,23.0855
11/03/2025,23.6200,23.6700,23.5600,23.6100,71100.0000,23.1640
11/04/2025,23.6000,23.6000,23.5300,23.5400,37300.0000,23.0954
11/05/2025,23.6700,23.8300,23.6700,23.7600,70500.0000,23.3112
11/06/2025,23.6500,23.6500,23.5900,23.6100,168300.0000,23.1640
11/07/2025,23.7100,23.7200,23.5900,23.6700,26900.0000,23.2229
11/10/2025,23.6800,23.7200,23.6500,23.6800,24500.0000,23.2327
11/11/2025,23.5900,23.6000,23.5400,23.5600,23500.0000,23.1150
11/12/2025,23.5900,23.5900,23.4800,23.5300,54800.0000,23.0855
11/13/2025,23.6300,23.7200,23.5900,23.7100,125100.0000,23.2621
11/14/2025,23.6100,23.8700,23.6100,23.8400,63000.0000,23.3897
11/17/2025,23.8300,23.8500,23.7700,23.8000,63500.0000,23.3504
11/18/2025,23.7500,23.8900,23.7300,23.8500,29600.0000,23.3995
11/19/2025,23.7800,23.8900,23.7700,23.8600,44500.0000,23.4093
11/20/2025,23.8300,23.8500,23.7400,23.7900,31400.0000,23.3406
11/21/2025,23.6800,23.8000,23.6800,23.7400,60000.0000,23.2916
11/24/2025,23.6100,23.6500,23.5900,23.6200,51000.0000,23.1738
11/25/2025,23.5400,23.5700,23.4600,23.5500,25400.0000,23.1052
11/26/2025,23.5800,23.6400,23.4400,23.4500,48300.0000,23.0071
11/28/2025,23.5000,23.6100,23.5000,23.6100,10400.0000,23.1640
12/01/2025,23.8400,23.8900,23.8200,23.8500,95700.0000,23.3995
12/02/2025,23.9400,23.9600,23.8300,23.8300,72400.0000,23.3799
12/03/2025,23.8200,23.8900,23.7800,23.8300,42000.0000,23.3799
12/04/2025,23.8500,23.9600,23.8500,23.9100,89600.0000,23.4584
12/05/2025,23.9600,24.1000,23.9600,24.0700,102600.0000,23.6153
12/08/2025,24.0700,24.2200,24.0700,24.1500,111300.0000,23.6938
12/09/2025,24.0300,24.1500,24.0200,24.1200,68900.0000,23.6644
12/10/2025,24.1200,24.1600,24.0000,24.0100,81800.0000,23.5565
12/11/2025,23.9200,24.0800,23.9200,24.0600,46800.0000,23.6055
12/12/2025,24.2800,24.3600,24.2800,24.3200,69300.0000,23.8606
12/15/2025,24.2200,24.3200,24.1700,24.3200,70300.0000,23.8606
12/16/2025,24.3600,24.3600,24.1600,24.1700,56800.0000,23.7135
12/17/2025,24.2400,24.2400,24.1500,24.1900,56900.0000,23.7331
12/18/2025,24.1100,24.1200,24.0400,24.0800,54000.0000,23.6252
12/19/2025,24.1800,24.2200,24.1300,24.2000,48500.0000,23.7429
12/22/2025,24.2200,24.2800,24.2200,24.2600,67700.0000,23.8018
12/23/2025,24.3200,24.3300,24.1800,24.1800,70400.0000,23.7233
12/24/2025,23.9300,23.9400,23.8400,23.8600,23200.0000,23.6213
12/26/2025,23.8400,23.9800,23.8300,23.9400,45400.0000,23.7005
12/29/2025,23.9000,23.9300,23.8600,23.8700,51800.0000,23.6312
12/30/2025,23.9600,23.9600,23.8700,23.8900,60700.0000,23.6510
12/31/2025,23.9800,24.1200,23.9200,24.1200,80500.0000,23.8787
01/02/2026,24.0300,24.2600,24.0200,24.1500,116900.0000,23.9084
01/05/2026,24.1300,24.1400,24.0300,24.0500,88900.0000,23.8094
01/06/2026,24.1200,24.2000,24.0800,24.0800,123900.0000,23.8391
01/07/2026,23.9600,24.0400,23.9100,23.9700,34100.0000,23.7302
01/08/2026,24.1000,24.1100,24.0500,24.1000,40800.0000,23.8589
01/09/2026,24.1200,24.1600,23.9200,23.9500,104200.0000,23.7104
01/12/2026,24.0600,24.0900,23.9600,24.0100,80100.0000,23.7698
01/13/2026,23.9600,24.0300,23.9600,23.9800,44600.0000,23.7401
01/14/2026,23.9400,23.9500,23.8200,23.8300,104300.0000,23.5916
01/15/2026,23.7700,23.8500,23.7500,23.8300,43800.0000,23.5916
01/16/2026,23.9200,24.0300,23.8700,23.9900,97300.0000,23.7500
01/20/2026,24.3400,24.3600,24.2300,24.3200,221700.0000,24.0767
01/21/2026,24.2700,24.3300,24.1000,24.1200,197600.0000,23.8787
01/22/2026,24.1500,24.1800,24.0300,24.0400,137100.0000,23.7995
01/23/2026,24.0100,24.1000,23.9600,23.9900,117600.0000,23.7500
01/26/2026,23.8700,23.9200,23.8400,23.8800,80100.0000,23.6411
01/27/2026,23.9500,24.0700,23.9200,24.0500,37000.0000,23.8094
01/28/2026,24.1400,24.1700,24.0800,24.1000,85300.0000,23.8589
01/29/2026,24.2300,24.2300,24.0600,24.0900,97600.0000,23.8490
01/30/2026,24.1600,24.2500,24.1100,24.2100,109000.0000,23.9678
02/02/2026,24.1800,24.3000,24.1600,24.2900,145800.0000,24.0470
02/03/2026,24.3200,24.3400,24.2300,24.2700,147000.0000,24.0272
02/04/2026,24.3000,24.3300,24.2700,24.3200,117400.0000,24.0767
02/05/2026,24.2100,24.2500,24.0500,24.0500,136700.0000,23.8094
02/06/2026,24.0700,24.1400,24.0500,24.0500,93100.0000,23.8094
02/09/2026,24.1400,24.1900,24.0600,24.0800,107700.0000,23.8391
02/10/2026,23.8700,23.8700,23.7800,23.7800,124400.0000,23.5421
02/11/2026,23.9300,23.9400,23.8100,23.9100,52900.0000,23.6708
02/12/2026,23.8200,23.8400,23.5800,23.5800,123800.0000,23.3441
02/13/2026,23.5000,23.5300,23.4700,23.4700,132000.0000,23.2352
02/17/2026,23.4300,23.4700,23.3900,23.4500,96800.0000,23.2154
02/18/2026,23.4900,23.5600,23.4700,23.5600,65200.0000,23.3243
02/19/2026,23.5900,23.5900,23.5000,23.5000,46200.0000,23.2649
02/20/2026,23.5200,23.7000,23.5100,23.5600,133400.0000,23.3243
02/23/2026,23.5600,23.5600,23.4400,23.5100,61700.0000,23.2748
02/24/2026,23.4600,23.5000,23.4300,23.4700,18000.0000,23.2352
02/25/2026,23.5100,23.5100,23.4300,23.4800,32400.0000,23.2451
02/26/2026,23.4300,23.4300,23.3600,23.3800,56400.0000,23.1461
02/27/2026,23.2800,23.3000,23.2400,23.2800,69100.0000,23.0471
03/02/2026,23.3700,23.5500,23.3700,23.4600,124900.0000,23.2253
03/03/2026,23.6400,23.6600,23.4700,23.5400,130500.0000,23.3045
03/04/2026,23.5800,23.6200,23.5400,23.6100,48800.0000,23.3738
03/05/2026,23.7600,23.7900,23.6600,23.6900,88300.0000,23.4530
03/06/2026,23.8300,23.9200,23.6700,23.8000,130800.0000,23.5619
03/09/2026,23.8700,23.8700,23.5800,23.6000,130200.0000,23.3639
03/10/2026,23.7100,23.8600,23.6900,23.8400,109100.0000,23.6015
03/11/2026,24.0000,24.1800,24.0000,24.1600,242600.0000,23.9183
03/12/2026,24.2500,24.2600,24.1500,24.2100,129500.0000,23.9678
03/13/2026,24.2400,24.3700,24.1900,24.3500,136900.0000,24.1064
03/16/2026,24.1900,24.2400,24.1400,24.1900,851200.0000,23.9480
03/17/2026,24.1300,24.1400,24.0800,24.1100,62000.0000,23.8688
03/18/2026,24.1400,24.2600,24.1100,24.2400,124300.0000,23.9975
03/19/2026,24.2300,24.2400,24.0300,24.1100,105500.0000,23.8688
03/20/2026,24.3100,24.6000,24.3000,24.5700,183500.0000,24.3242
03/23/2026,24.4600,24.5500,24.3200,24.4200,242700.0000,24.1757
03/24/2026,24.6200,24.6500,24.4500,24.5000,127400.0000,24.2549
03/25/2026,24.2400,24.2900,24.1900,24.2300,117900.0000,24.0790
03/26/2026,24.3400,24.4500,24.2800,24.4100,215000.0000,24.2579
03/27/2026,24.6000,24.6000,24.4400,24.5700,151300.0000,24.4169
03/30/2026,24.3000,24.3200,24.1900,24.2300,149700.0000,24.0790
03/31/2026,24.1800,24.2900,24.1200,24.2300,198100.0000,24.0790
04/01/2026,24.2800,24.2900,24.1600,24.2700,119500.0000,24.1187
04/02/2026,24.3100,24.3300,24.1400,24.1800,233500.0000,24.0293
04/06/2026,24.2300,24.2700,24.1500,24.2000,287200.0000,24.0492
04/07/2026,24.2300,24.4100,24.1900,24.2200,109500.0000,24.0691
04/08/2026,24.0000,24.1800,24.0000,24.1300,135700.0000,23.9796
04/09/2026,24.1900,24.2700,24.0800,24.1900,190400.0000,24.0392
04/10/2026,24.2400,24.3000,24.2200,24.2400,56200.0000,24.0889
04/13/2026,24.2800,24.3400,24.1700,24.1800,938200.0000,24.0293
04/14/2026,24.2300,24.2300,24.0600,24.0900,52900.0000,23.9399
04/15/2026,24.1200,24.2100,24.1200,24.1600,98100.0000,24.0094
04/16/2026,24.1600,24.3500,24.1500,24.3200,122000.0000,24.1684
04/17/2026,24.1500,24.1700,24.0900,24.1300,124100.0000,23.9796
04/20/2026,24.1300,24.2200,24.1200,24.1300,77000.0000,23.9796
04/21/2026,24.1600,24.2900,24.1400,24.2600,96700.0000,24.1088
04/22/2026,24.1500,24.2300,24.1000,24.2200,92900.0000,24.0691
04/23/2026,24.2000,24.3700,24.1500,24.2700,110200.0000,24.1187
04/24/2026,24.3200,24.3700,24.2300,24.2500,76900.0000,24.0989
04/27/2026,24.3300,24.4100,24.2900,24.3800,134900.0000,24.2281
04/28/2026,24.4200,24.4800,24.3600,24.3600,113700.0000,24.2082
04/29/2026,24.4700,24.5900,24.4600,24.5600,270600.0000,24.4069
04/30/2026,24.4800,24.6500,24.4800,24.5900,257300.0000,24.4368
05/01/2026,24.5400,24.5700,24.3800,24.5200,119500.0000,24.3672
05/04/2026,24.5900,24.7600,24.5800,24.6800,193700.0000,24.5262
05/05/2026,24.6400,24.6600,24.5500,24.5600,107900.0000,24.4069
05/06/2026,24.3800,24.4200,24.3400,24.3700,62000.0000,24.2181
05/07/2026,24.3100,24.5100,24.3100,24.4800,44000.0000,24.3274
05/08/2026,24.4000,24.4100,24.3300,24.4000,40700.0000,24.2479
05/11/2026,24.4500,24.5500,24.4300,24.5300,122800.0000,24.3771
05/12/2026,24.6600,24.7300,24.6500,24.7200,143200.0000,24.5659
05/13/2026,24.7200,24.8400,24.7100,24.7900,1070400.0000,24.6355
05/14/2026,24.6500,24.7400,24.6200,24.7200,277100.0000,24.5659
05/15/2026,25.0600,25.1400,25.0400,25.1100,256700.0000,24.9535
05/18/2026,25.1000,25.2200,25.0600,25.1600,208300.0000,25.0032
05/19/2026,25.3000,25.4100,25.2800,25.3400,563000.0000,25.1821
05/20/2026,25.3100,25.3200,25.0400,25.0800,666900.0000,24.9237
05/21/2026,25.1800,25.2400,24.9600,24.9700,275800.0000,24.8144
05/22/2026,24.8500,25.0100,24.8400,24.8400,542900.0000,24.6852
05/26/2026,24.6600,24.7800,24.6600,24.7400,137400.0000,24.5858
05/27/2026,24.6600,24.7100,24.6200,24.6900,139100.0000,24.5361
05/28/2026,24.6300,24.6900,24.5200,24.5700,230300.0000,24.4169
05/29/2026,24.5200,24.5900,24.4900,24.5500,264400.0000,24.3970
06/01/2026,24.6900,24.7200,24.5200,24.5300,180000.0000,24.3771
06/02/2026,24.4500,24.5300,24.4400,24.4800,64400.0000,24.3274
06/03/2026,24.5900,24.6400,24.5600,24.6000,78300.0000,24.4467
06/04/2026,24.5100,24.5500,24.4800,24.5400,223900.0000,24.3871
06/05/2026,24.7100,24.7100,24.6000,24.6600,140800.0000,24.5063
06/08/2026,24.6200,24.8100,24.6000,24.8000,124900.0000,24.6454
06/09/2026,24.7000,24.7700,24.6500,24.6600,286700.0000,24.5063
06/10/2026,24.6700,24.8000,24.6300,24.7300,128800.0000,24.5759
06/11/2026,24.6600,24.7000,24.4200,24.4300,334200.0000,24.2778
06/12/2026,24.5200,24.5900,24.4900,24.5100,1097500.0000,24.3573
06/15/2026,24.4400,24.5300,24.4000,24.5000,81900.0000,24.3473
06/16/2026,24.4500,24.4600,24.3200,24.3600,105600.0000,24.2082
06/17/2026,24.3400,24.5300,24.2800,24.3500,122200.0000,24.1982
06/18/2026,24.1300,24.2600,24.1200,24.2400,145900.0000,24.0889
06/22/2026,24.3600,24.4700,24.3600,24.4400,57100.0000,24.2877
06/23/2026,24.4100,24.4100,24.3400,24.3900,283400.0000,24.2380
06/24/2026,23.9900,24.0000,23.9000,23.9300,344900.0000,23.9300
06/25/2026,23.8600,23.9500,23.8100,23.9500,406900.0000,23.9500
06/26/2026,24.0500,24.0500,23.9400,23.9400,98900.0000,23.9400
06/29/2026,23.9400,23.9600,23.9000,23.9200,94600.0000,23.9200
06/30/2026,24.0000,24.2300,24.0000,24.2300,76300.0000,24.2300
07/01/2026,24.3900,24.3900,24.3000,24.3500,156300.0000,24.3500
07/02/2026,24.3900,24.4300,24.3200,24.3500,41800.0000,24.3500
07/06/2026,24.4100,24.5100,24.4100,24.4200,146200.0000,24.4200
07/07/2026,24.5100,24.6900,24.5000,24.6700,81900.0000,24.6700
07/08/2026,24.7600,24.8300,24.7200,24.7500,137100.0000,24.7500
07/09/2026,24.7800,24.7800,24.6600,24.7200,130000.0000,24.7200
07/10/2026,24.7200,24.7600,24.6800,24.7200,125300.0000,24.7200
07/13/2026,24.8000,24.8900,24.7800,24.8700,115300.0000,24.8700
07/14/2026,24.8000,24.8600,24.7300,24.8400,220200.0000,24.8400
07/15/2026,24.8300,24.8400,24.7500,24.8000,101800.0000,24.8000
07/16/2026,24.9000,24.9300,24.8000,24.8000,166100.0000,24.8000
07/17/2026,24.6900,24.7600,24.6400,24.7500,89900.0000,24.7500
07/20/2026,24.8300,24.9600,24.8100,24.9400,68300.0000,24.9400
07/21/2026,24.9800,25.0600,24.9700,25.0200,68600.0000,25.0200
07/22/2026,25.0200,25.1000,25.0100,25.0900,54800.0000,25.0900
07/23/2026,25.2300,25.2300,25.1600,25.1700,176100.0000,25.1700
07/24/2026,25.1400,25.1500,25.0200,25.1200,851200.0000,25.1200
07/27/2026,25.0000,25.0700,24.9400,25.0200,100500.0000,25.0200
07/28/2026,24.9600,24.9800,24.8200,24.8500,96600.0000,24.8500
07/29/2026,24.8900,25.3000,24.8900,25.2700,137500.0000,25.2700
07/30/2026,25.3100,25.3800,25.2700,25.2900,83200.0000,25.2900
07/31/2026,25.4200,25.5900,25.3900,25.4900,198400.0000,25.4900
08/03/2026,25.4000,25.4200,25.3500,25.4000,106000.0000,25.4000
08/04/2026,25.3000,25.3000,25.1900,25.1900,168900.0000,25.1900