Date,Open,High,Low,Close,Volume,Adj Close
04/10/2006,546.0000,548.0000,541.3600,544.1600,484738.0000,544.1600
04/11/2006,546.5600,547.1200,538.4000,545.6000,162138.0000,545.6000
04/12/2006,545.7600,550.4800,542.4800,542.7200,156038.0000,542.7200
04/13/2006,540.0000,551.9200,539.2000,550.5600,70088.0000,550.5600
04/17/2006,553.6000,559.2000,549.4400,558.3200,114713.0000,558.3200
04/18/2006,560.8000,568.4000,556.5600,566.0000,115338.0000,566.0000
04/19/2006,564.6400,577.2800,563.9200,574.8000,98725.0000,574.8000
04/20/2006,575.3600,577.2800,564.0800,568.7200,105400.0000,568.7200
04/21/2006,567.1200,585.8400,566.4000,582.4800,133225.0000,582.4800
04/24/2006,571.2000,579.6000,566.3200,568.0800,130288.0000,568.0800
04/25/2006,573.4400,574.4800,556.9600,565.1200,356738.0000,565.1200
04/26/2006,563.5200,566.8000,555.6000,556.3200,112400.0000,556.3200
04/27/2006,552.8000,556.6400,548.5600,549.6000,79450.0000,549.6000
04/28/2006,554.0800,564.0000,551.9200,556.9600,108513.0000,556.9600
05/01/2006,561.2000,573.2000,560.0000,572.0000,69438.0000,572.0000
05/02/2006,574.7200,581.5200,570.7200,578.7200,108875.0000,578.7200
05/03/2006,579.8400,579.8400,560.0000,561.7600,126875.0000,561.7600
05/04/2006,554.9600,558.1600,538.2400,546.5600,194688.0000,546.5600
05/05/2006,546.4000,547.7600,541.4400,544.0000,83900.0000,544.0000
05/08/2006,537.0400,543.9200,530.4000,543.0400,164038.0000,543.0400
05/09/2006,543.9200,553.4400,542.0800,547.2000,97875.0000,547.2000
05/10/2006,546.5600,558.1600,539.8400,558.1600,88063.0000,558.1600
05/11/2006,568.0000,568.4000,559.3600,562.4000,129438.0000,562.4000
05/12/2006,563.5200,563.5200,552.3200,552.8800,75950.0000,552.8800
05/15/2006,539.7600,542.1600,531.6000,533.0400,83738.0000,533.0400
05/16/2006,536.5600,543.2000,530.4800,533.6000,100250.0000,533.6000
05/17/2006,533.3600,534.0000,523.1200,525.6000,102838.0000,525.6000
05/18/2006,525.4400,534.3200,520.8000,533.9200,82088.0000,533.9200
05/19/2006,528.0000,531.6800,521.2000,524.5600,101513.0000,524.5600
05/22/2006,519.1200,532.5600,519.1200,530.2400,96213.0000,530.2400
05/23/2006,538.0000,547.3600,537.6800,542.1600,78863.0000,542.1600
05/24/2006,537.6800,543.4400,528.4000,528.8000,50088.0000,528.8000
05/25/2006,533.4400,543.0400,530.4800,542.4000,37538.0000,542.4000
05/26/2006,539.6800,545.8400,538.6400,542.0000,33688.0000,542.0000
05/30/2006,549.7600,552.6400,545.7600,546.5600,61175.0000,546.5600
05/31/2006,541.1200,543.2800,532.6400,541.8400,58963.0000,541.8400
06/01/2006,534.7200,546.0000,532.0800,534.5600,115350.0000,534.5600
06/02/2006,542.0800,553.2000,540.4000,551.2000,55438.0000,551.2000
06/05/2006,557.5200,558.2400,547.5200,549.9200,49150.0000,549.9200
06/06/2006,544.7200,551.6000,542.4000,550.0800,22475.0000,550.0800
06/07/2006,546.1600,546.6400,536.0800,538.2400,45000.0000,538.2400
06/08/2006,532.2400,536.9600,526.4800,536.9600,38538.0000,536.9600
06/09/2006,540.0000,545.6000,540.0000,544.5600,42750.0000,544.5600
06/12/2006,547.1200,547.1200,534.8800,536.6400,26650.0000,536.6400
06/13/2006,527.5200,529.8400,521.0400,521.4400,75338.0000,521.4400
06/14/2006,524.0800,527.2800,520.0000,526.3200,41675.0000,526.3200
06/15/2006,530.8000,532.1600,527.6000,529.2800,38588.0000,529.2800
06/16/2006,527.7600,531.7600,522.0000,530.0000,27338.0000,530.0000
06/19/2006,526.5600,526.8800,519.9200,524.3200,23500.0000,524.3200
06/20/2006,527.2800,529.6000,519.3600,522.3200,27050.0000,522.3200
06/21/2006,522.7200,533.8400,520.2400,530.8000,30100.0000,530.8000
06/22/2006,533.5200,536.2400,529.5200,536.0000,29675.0000,536.0000
06/23/2006,531.4400,537.6800,530.9600,535.1200,14888.0000,535.1200
06/26/2006,533.3600,542.8000,532.0000,541.6000,23000.0000,541.6000
06/27/2006,545.0400,547.3600,541.0400,544.6400,43425.0000,544.6400
06/28/2006,543.7600,549.7600,540.7200,546.4800,30038.0000,546.4800
06/29/2006,546.8000,556.7200,546.4800,556.0800,59875.0000,556.0800
06/30/2006,556.0800,560.1600,555.4400,558.1600,32425.0000,558.1600
07/03/2006,561.6800,562.9600,559.4400,559.4400,21013.0000,559.4400
07/05/2006,559.1200,569.2000,558.2400,568.0000,62050.0000,568.0000
07/06/2006,566.4000,568.8000,561.6000,566.1600,42113.0000,566.1600
07/07/2006,571.4400,572.0000,558.1600,558.8000,51913.0000,558.8000
07/10/2006,556.5600,558.8000,541.1200,556.4800,24588.0000,556.4800
07/11/2006,562.4800,564.8000,559.9200,560.6400,29713.0000,560.6400
07/12/2006,563.2000,569.1200,558.8800,569.1200,78913.0000,569.1200
07/13/2006,574.0000,586.3200,574.0000,586.0000,203250.0000,586.0000
07/14/2006,593.2000,596.8000,585.3600,585.7600,207300.0000,585.7600
07/17/2006,581.8400,585.6800,572.1600,573.2000,125988.0000,573.2000
07/18/2006,579.6000,583.0400,561.0400,566.0000,132500.0000,566.0000
07/19/2006,562.0000,564.1600,549.2800,558.8000,109563.0000,558.8000
07/20/2006,561.2000,562.8000,550.8000,552.8000,71088.0000,552.8000
07/21/2006,557.8400,561.6000,552.1600,556.1600,63025.0000,556.1600
07/24/2006,552.0000,561.4400,549.6000,561.3600,49263.0000,561.3600
07/25/2006,563.3600,563.5200,549.6800,552.0000,136013.0000,552.0000
07/26/2006,551.2800,558.4000,549.7600,553.3600,60150.0000,553.3600
07/27/2006,558.2400,559.3600,553.4400,557.4400,45925.0000,557.4400
07/28/2006,552.4000,554.0000,543.2000,548.0000,141188.0000,548.0000
07/31/2006,550.2400,557.4400,546.0000,556.1600,60813.0000,556.1600
08/01/2006,559.2000,564.0000,556.8000,561.2000,56638.0000,561.2000
08/02/2006,565.3600,571.3600,564.4800,568.9600,95188.0000,568.9600
08/03/2006,559.7600,565.8400,558.4000,564.4800,61538.0000,564.4800
08/04/2006,564.0800,564.0800,554.6400,558.4800,38013.0000,558.4800
08/07/2006,568.7200,577.1200,567.2000,576.0000,171888.0000,576.0000
08/08/2006,572.0000,578.7200,569.6000,570.4000,52450.0000,570.4000
08/09/2006,571.2000,576.8000,567.5200,569.3600,61025.0000,569.3600
08/10/2006,563.6800,564.3200,553.7600,556.8000,112675.0000,556.8000
08/11/2006,557.8400,559.2000,553.3600,557.8400,37738.0000,557.8400
08/14/2006,548.8000,550.9600,545.5200,548.7200,45688.0000,548.7200
08/15/2006,550.7200,553.0400,545.4400,545.6800,29825.0000,545.6800
08/16/2006,543.5200,546.1600,536.1600,536.8000,91538.0000,536.8000
08/17/2006,530.7200,532.1600,525.6000,528.4000,114500.0000,528.4000
08/18/2006,530.2400,532.0000,522.0000,529.4400,79688.0000,529.4400
08/21/2006,535.2800,539.6800,532.0000,539.3600,119850.0000,539.3600
08/22/2006,538.4000,540.0800,534.6400,536.4000,73800.0000,536.4000
08/23/2006,532.8000,534.4000,523.6000,528.0000,91050.0000,528.0000
08/24/2006,526.9600,534.0000,525.8400,534.0000,51025.0000,534.0000
08/25/2006,540.0000,542.4000,532.4000,532.4000,118675.0000,532.4000
08/28/2006,524.1600,524.4800,516.5600,519.0400,134500.0000,519.0400
08/29/2006,514.0800,516.9600,510.4000,513.5200,121275.0000,513.5200
08/30/2006,514.6400,518.8000,505.6000,518.8000,141625.0000,518.8000
08/31/2006,514.4000,518.4800,510.6400,518.4000,90200.0000,518.4000
09/01/2006,518.0000,518.4000,508.3200,510.0000,73950.0000,510.0000
09/05/2006,506.9600,508.4000,502.8800,506.4800,92575.0000,506.4800
09/06/2006,501.4400,507.1200,497.3600,497.6000,125950.0000,497.6000
09/07/2006,498.6400,499.2800,492.2400,495.1200,119538.0000,495.1200
09/08/2006,496.3200,496.9600,486.6400,487.2000,171100.0000,487.2000
09/11/2006,481.4400,486.8000,476.9600,480.2400,199150.0000,480.2400
09/12/2006,480.4800,482.4800,469.2000,470.0800,182500.0000,470.0800
09/13/2006,471.9200,475.4400,467.8400,472.0000,207600.0000,472.0000
09/14/2006,470.9600,472.4000,462.1600,465.2000,162438.0000,465.2000
09/15/2006,462.0800,465.6000,455.4400,464.3200,257363.0000,464.3200
09/18/2006,466.3200,471.7600,460.0000,466.5600,186050.0000,466.5600
09/19/2006,468.4800,471.6000,449.8400,450.0000,256363.0000,450.0000
09/20/2006,445.4400,451.2800,439.2800,440.4000,417375.0000,440.4000
09/21/2006,442.8000,447.6000,439.9200,447.1200,260925.0000,447.1200
09/22/2006,448.4000,450.2400,436.4000,437.1200,244425.0000,437.1200
09/25/2006,434.3200,450.4000,432.4800,445.3600,231850.0000,445.3600
09/26/2006,443.3600,449.6000,439.7600,443.3600,197750.0000,443.3600
09/27/2006,446.9600,457.6000,436.4800,457.2800,237500.0000,457.2800
09/28/2006,457.6000,464.0000,452.8000,453.2000,165588.0000,453.2000
09/29/2006,452.4000,456.9600,446.4000,456.0000,114363.0000,456.0000
10/02/2006,453.6000,455.2000,442.0000,442.4800,99500.0000,442.4800
10/03/2006,436.9600,439.2000,424.8800,425.9200,233350.0000,425.9200
10/04/2006,428.4000,433.6000,419.6800,432.3200,244038.0000,432.3200
10/05/2006,441.2800,441.9200,432.0000,436.7200,190500.0000,436.7200
10/06/2006,434.8000,436.8800,427.6000,434.8000,160975.0000,434.8000
10/09/2006,436.8800,445.0400,435.3600,436.8000,197988.0000,436.8000
10/10/2006,432.5600,434.7200,427.2800,429.3600,197000.0000,429.3600
10/11/2006,429.2000,431.6800,421.2000,421.2000,187400.0000,421.2000
10/12/2006,422.4000,427.4400,420.1600,427.4400,244500.0000,427.4400
10/13/2006,429.7600,434.8800,428.1600,429.2000,229175.0000,429.2000
10/16/2006,428.4800,438.4000,424.8800,437.7600,188400.0000,437.7600
10/17/2006,439.9200,439.9200,429.7600,431.9200,148650.0000,431.9200
10/18/2006,429.9200,435.6800,420.4000,422.8000,202425.0000,422.8000
10/19/2006,424.1600,432.8800,421.2800,431.2000,137213.0000,431.2000
10/20/2006,431.9200,432.0000,420.4800,422.0000,180525.0000,422.0000
10/23/2006,415.6000,419.4400,413.6800,418.9600,217038.0000,418.9600
10/24/2006,416.6400,424.2400,416.3200,422.7200,145513.0000,422.7200
10/25/2006,423.2800,438.0000,422.7200,437.6000,287650.0000,437.6000
10/26/2006,437.7600,438.4800,428.0000,429.2000,169438.0000,429.2000
10/27/2006,431.2800,433.8400,426.7200,432.0000,144238.0000,432.0000
10/30/2006,425.1200,426.2400,414.8800,415.8400,378050.0000,415.8400
10/31/2006,411.5200,418.2400,406.5600,416.8000,480038.0000,416.8000
11/01/2006,417.0400,422.5600,411.6000,416.9600,424388.0000,416.9600
11/02/2006,413.9200,420.0000,410.8800,412.0000,326988.0000,412.0000
11/03/2006,415.9200,422.0000,415.2000,421.4400,270463.0000,421.4400
11/06/2006,420.8000,429.9200,420.8000,427.6000,225725.0000,427.6000
11/07/2006,426.9600,427.8400,419.6000,420.8000,198375.0000,420.8000
11/08/2006,420.9600,428.0000,420.7200,427.2000,246100.0000,427.2000
11/09/2006,432.0000,436.9600,431.5200,436.0000,296200.0000,436.0000
11/10/2006,433.7600,436.0000,425.6000,426.4000,244575.0000,426.4000
11/13/2006,421.3600,423.6000,417.6000,418.8000,474788.0000,418.8000
11/14/2006,420.4000,422.8000,416.0800,417.1200,191088.0000,417.1200
11/15/2006,418.8000,424.4000,418.0800,420.0000,393300.0000,420.0000
11/16/2006,422.8800,424.4800,404.0000,404.7200,576500.0000,404.7200
11/17/2006,403.6800,408.5600,402.9600,407.5200,376750.0000,407.5200
11/20/2006,405.1200,408.0000,402.0000,407.7600,227475.0000,407.7600
11/21/2006,410.4000,417.7600,408.3200,415.8400,263100.0000,415.8400
11/22/2006,416.1600,417.9200,404.6400,410.4800,326288.0000,410.4800
11/24/2006,414.0000,416.4800,413.2000,414.4000,129300.0000,414.4000
11/27/2006,413.5200,418.6400,412.8000,418.4000,232600.0000,418.4000
11/28/2006,420.8000,423.7600,418.5600,421.6800,228888.0000,421.6800
11/29/2006,425.1200,433.4400,424.0000,433.1200,321813.0000,433.1200
11/30/2006,436.1600,441.6800,434.8800,436.6400,274188.0000,436.6400
12/01/2006,434.4000,441.6000,432.0000,440.4000,188250.0000,440.4000
12/04/2006,435.7600,436.3200,429.2800,433.6000,279900.0000,433.6000
12/05/2006,436.5600,438.3200,427.0400,434.4000,246175.0000,434.4000
12/06/2006,431.5200,436.2400,429.3600,431.1200,294638.0000,431.1200
12/07/2006,429.7600,430.9600,426.8800,430.8800,228725.0000,430.8800
12/08/2006,434.0800,435.3600,427.2000,428.6400,217388.0000,428.6400
12/11/2006,424.0000,428.1600,421.5200,424.0000,220225.0000,424.0000
12/12/2006,424.3200,426.4000,417.2000,420.4000,197150.0000,420.4000
12/13/2006,419.2800,424.8000,418.3200,423.0400,203650.0000,423.0400
12/14/2006,427.9200,430.7200,426.6400,429.8400,192100.0000,429.8400
12/15/2006,431.8400,434.4000,427.9200,434.4000,159875.0000,434.4000
12/18/2006,430.6400,430.8800,424.9600,425.2800,115750.0000,425.2800
12/19/2006,423.6000,433.9200,423.6000,432.0000,190363.0000,432.0000
12/20/2006,432.4000,435.1200,429.5200,432.4000,131388.0000,432.4000
12/21/2006,430.9600,430.9600,423.1200,426.7200,128025.0000,426.7200
12/22/2006,426.5600,427.0400,421.6800,423.3600,90600.0000,423.3600
12/26/2006,425.2800,425.6000,411.4400,413.1200,181950.0000,413.1200
12/27/2006,414.0000,415.5200,409.7600,410.8000,146000.0000,410.8000
12/28/2006,412.2400,412.8800,408.4000,410.4000,157650.0000,410.4000
12/29/2006,408.1600,414.8000,408.0000,412.8000,133250.0000,412.8000
01/03/2007,411.3600,411.3600,393.0400,395.2000,401713.0000,395.2000
01/04/2007,388.3200,391.2000,377.7600,379.1200,557488.0000,379.1200
01/05/2007,379.2000,383.4400,375.1200,382.6400,454100.0000,382.6400
01/08/2007,389.7600,392.4000,376.0000,379.9200,493650.0000,379.9200
01/09/2007,370.1600,380.0000,369.4400,378.4000,502463.0000,378.4000
01/10/2007,373.1200,374.0000,362.8800,362.8800,793225.0000,362.8800
01/11/2007,362.0000,369.1200,352.0800,354.7200,1126175.0000,354.7200
01/12/2007,354.2400,360.0000,348.0800,357.0400,1258575.0000,357.0400
01/16/2007,353.2800,355.2000,343.2800,346.7200,1148113.0000,346.7200
01/17/2007,343.9200,354.8000,341.6000,353.7600,1416750.0000,353.7600
01/18/2007,354.4000,356.8000,340.4800,345.8400,1687750.0000,345.8400
01/19/2007,347.5200,356.0000,347.0400,355.4400,751750.0000,355.4400
01/22/2007,358.5600,364.0800,347.5200,350.7200,1325663.0000,350.7200
01/23/2007,354.8800,366.6400,353.6800,365.2000,966100.0000,365.2000
01/24/2007,363.7600,369.4400,357.6800,368.8000,671200.0000,368.8000
01/25/2007,369.5200,371.8400,360.8000,362.1600,474100.0000,362.1600
01/26/2007,364.8000,371.2000,364.4000,370.2400,548250.0000,370.2400
01/29/2007,367.4400,369.4400,359.2000,359.7600,391200.0000,359.7600
01/30/2007,361.9200,380.0000,361.9200,378.8800,713313.0000,378.8800
01/31/2007,377.2800,387.6000,372.0000,385.9200,738713.0000,385.9200
02/01/2007,386.0000,392.0000,381.1200,382.7200,659713.0000,382.7200
02/02/2007,385.7600,394.7200,380.8000,394.7200,586163.0000,394.7200
02/05/2007,396.9600,399.6000,390.3200,392.8000,715488.0000,392.8000
02/06/2007,397.2000,398.3200,390.4800,393.6800,604425.0000,393.6800
02/07/2007,396.1600,398.4000,382.7200,386.0000,642200.0000,386.0000
02/08/2007,387.9200,400.1600,385.0400,398.0000,650063.0000,398.0000
02/09/2007,400.4000,405.9200,397.6800,399.9200,743300.0000,399.9200
02/12/2007,394.6400,396.4000,384.9600,386.9600,581175.0000,386.9600
02/13/2007,389.4400,399.1200,388.7200,394.8800,333750.0000,394.8800
02/14/2007,393.2000,396.4000,384.6400,387.6000,604400.0000,387.6000
02/15/2007,387.6000,388.6400,378.4000,386.8000,436050.0000,386.8000
02/16/2007,389.2800,396.4000,388.3200,394.8000,365975.0000,394.8000
02/20/2007,386.0800,393.9200,382.7200,389.3600,342500.0000,389.3600
02/21/2007,390.3200,401.3600,385.9200,398.8800,530675.0000,398.8800
02/22/2007,398.0000,405.6000,395.6800,402.6400,430488.0000,402.6400
02/23/2007,406.8000,409.4400,401.0400,403.6800,477800.0000,403.6800
02/26/2007,406.4800,409.2000,402.1600,407.2000,322475.0000,407.2000
02/27/2007,400.8800,412.3200,399.6000,399.6000,635475.0000,399.6000
02/28/2007,405.1200,411.2000,399.6000,409.4400,414150.0000,409.4400
03/01/2007,407.9200,413.4400,402.8800,409.9200,342975.0000,409.9200
03/02/2007,412.0000,413.1200,406.8000,408.0800,325625.0000,408.0800
03/05/2007,400.2400,402.8800,395.0400,396.9600,460150.0000,396.9600
03/06/2007,402.0000,402.8800,397.8400,402.5600,191675.0000,402.5600
03/07/2007,404.0000,411.9200,403.2000,410.3200,418038.0000,410.3200
03/08/2007,412.4800,412.7200,407.1200,410.3200,202188.0000,410.3200
03/09/2007,409.6000,409.9200,400.5600,400.8800,229550.0000,400.8800
03/12/2007,396.8000,398.8800,392.0000,394.8000,416625.0000,394.8000
03/13/2007,397.0400,401.2000,389.3600,391.5200,369613.0000,391.5200
03/14/2007,392.1600,394.5600,388.8800,393.1200,246863.0000,393.1200
03/15/2007,394.5600,395.2800,388.0800,389.3600,172275.0000,389.3600
03/16/2007,391.8400,396.1600,382.2400,387.3600,288625.0000,387.3600
03/19/2007,388.0000,392.0000,385.6000,389.6000,235888.0000,389.6000
03/20/2007,388.8000,391.2800,384.5600,387.6800,240613.0000,387.6800
03/21/2007,388.0000,390.5600,384.8000,390.4000,319188.0000,390.4000
03/22/2007,393.6000,401.6000,393.6000,401.4400,313988.0000,401.4400
03/23/2007,403.9200,407.1200,402.0000,404.5600,283275.0000,404.5600
03/26/2007,410.4800,411.6000,405.6000,409.3600,361138.0000,409.3600
03/27/2007,406.0000,410.1600,405.0400,409.6000,336500.0000,409.6000
03/28/2007,415.9200,422.0800,414.0000,416.0000,765213.0000,416.0000
03/29/2007,421.1200,431.8400,419.2000,428.9600,852188.0000,428.9600
03/30/2007,428.0800,433.6000,426.0000,426.8000,708725.0000,426.8000
04/02/2007,428.4000,433.7600,424.5600,428.4800,463113.0000,428.4800
04/03/2007,423.8400,424.5600,416.4000,419.6800,549738.0000,419.6800
04/04/2007,417.1200,420.8800,413.2000,418.6400,537875.0000,418.6400
04/05/2007,422.0000,422.1600,414.0800,416.0800,399800.0000,416.0800
04/09/2007,415.6800,416.7200,400.1600,402.8000,589800.0000,402.8000
04/10/2007,402.2400,406.2400,402.2400,404.8800,294963.0000,404.8800
04/11/2007,402.6400,410.0000,400.0000,403.6800,403950.0000,403.6800
04/12/2007,407.1200,413.6800,406.4000,413.2000,274050.0000,413.2000
04/13/2007,414.6400,416.3200,411.9200,412.1600,191363.0000,412.1600
04/16/2007,412.8000,413.8400,405.6800,409.6000,277900.0000,409.6000
04/17/2007,411.5200,413.3600,401.6000,402.3200,280488.0000,402.3200
04/18/2007,400.4000,402.8800,396.0000,401.1200,354575.0000,401.1200
04/19/2007,398.9600,399.2000,393.2000,393.7600,288088.0000,393.7600
04/20/2007,395.2000,400.8800,393.9200,400.4000,232800.0000,400.4000
04/23/2007,400.0800,411.3600,399.7600,409.7600,400513.0000,409.7600
04/24/2007,410.4800,413.5200,400.3200,403.1200,374638.0000,403.1200
04/25/2007,405.6000,411.3600,403.2800,410.5600,309175.0000,410.5600
04/26/2007,408.1600,414.2400,404.5600,407.5200,207113.0000,407.5200
04/27/2007,404.8800,415.7600,404.2400,414.7200,257888.0000,414.7200
04/30/2007,412.8000,415.6800,408.4000,409.9200,226950.0000,409.9200
05/01/2007,408.9600,413.0400,401.2000,402.8800,320013.0000,402.8800
05/02/2007,400.9600,401.7600,393.8400,396.7200,652313.0000,396.7200
05/03/2007,394.8000,396.8800,391.8400,394.2400,412588.0000,394.2400
05/04/2007,395.2000,395.8400,384.8800,386.4000,519325.0000,386.4000
05/07/2007,382.8000,386.0000,380.3200,384.4800,510800.0000,384.4800
05/08/2007,385.2800,390.7200,382.4800,389.1200,428388.0000,389.1200
05/09/2007,388.4800,389.0400,379.1200,384.0800,439713.0000,384.0800
05/10/2007,388.0000,388.8800,382.5600,385.2000,300388.0000,385.2000
05/11/2007,388.1600,390.6400,385.7600,388.5600,292588.0000,388.5600
05/14/2007,390.8800,391.4400,386.4000,388.4800,191375.0000,388.4800
05/15/2007,387.2800,393.4400,387.1200,391.9200,262575.0000,391.9200
05/16/2007,389.6800,390.6400,384.4800,388.2400,340013.0000,388.2400
05/17/2007,390.2400,401.7600,389.9200,401.2800,397313.0000,401.2800
05/18/2007,401.1200,404.4800,399.7600,400.8000,238013.0000,400.8000
05/21/2007,401.4400,408.2400,397.3600,406.5600,469100.0000,406.5600
05/22/2007,403.4400,405.2800,398.3200,399.3600,313400.0000,399.3600
05/23/2007,398.4800,402.7200,396.0800,401.3600,287488.0000,401.3600
05/24/2007,399.9200,400.6400,388.7200,391.4400,313613.0000,391.4400
05/25/2007,395.6800,397.2800,391.2000,396.0000,164388.0000,396.0000
05/29/2007,390.0000,391.2000,381.0400,387.2000,531138.0000,387.2000
05/30/2007,385.6000,389.2000,385.2800,385.6800,303338.0000,385.6800
05/31/2007,385.2000,391.6800,380.6400,391.6800,480650.0000,391.6800
06/01/2007,393.0400,397.5200,390.8800,395.6800,230063.0000,395.6800
06/04/2007,395.6000,405.2000,395.6000,402.8000,793100.0000,402.8000
06/05/2007,399.2800,403.4400,397.8400,400.1600,298363.0000,400.1600
06/06/2007,399.9200,404.1600,397.6000,402.4800,309213.0000,402.4800
06/07/2007,402.0800,409.9200,402.0800,405.2000,388888.0000,405.2000
06/08/2007,399.0400,401.9200,392.3200,392.4800,433800.0000,392.4800
06/11/2007,395.2000,400.4000,392.8800,398.7200,332700.0000,398.7200
06/12/2007,398.0000,398.7200,393.8400,396.4800,145025.0000,396.4800
06/13/2007,396.0800,403.2800,394.0800,400.7200,388788.0000,400.7200
06/14/2007,405.2000,410.5600,404.7200,408.8000,568013.0000,408.8000
06/15/2007,410.0800,413.2800,408.4000,412.2400,458025.0000,412.2400
06/18/2007,411.3600,418.4800,409.5200,417.1200,276075.0000,417.1200
06/19/2007,415.7600,420.6400,414.1600,416.9600,249425.0000,416.9600
06/20/2007,416.0800,418.4000,406.8000,412.4000,532500.0000,412.4000
06/21/2007,419.3600,419.3600,410.4800,412.8000,308188.0000,412.8000
06/22/2007,415.6800,417.8400,412.8800,415.1200,250788.0000,415.1200
06/25/2007,406.8800,417.8400,406.0800,415.6800,566738.0000,415.6800
06/26/2007,412.9600,413.0400,406.9600,408.9600,502863.0000,408.9600
06/27/2007,405.2800,417.2000,403.8400,415.0400,603375.0000,415.0400
06/28/2007,421.2000,423.9200,418.0000,419.7600,482725.0000,419.7600
06/29/2007,423.2000,427.6000,421.3600,424.0000,423888.0000,424.0000
07/02/2007,421.6000,428.6400,418.8800,428.2400,191050.0000,428.2400
07/03/2007,426.3200,428.3200,425.6000,428.3200,86125.0000,428.3200
07/05/2007,433.6000,435.4400,426.4800,433.2000,277750.0000,433.2000
07/06/2007,437.2800,439.2000,434.8000,437.4400,167788.0000,437.4400
07/09/2007,438.0000,440.0800,433.7600,434.8000,288363.0000,434.8000
07/10/2007,434.4000,440.0000,433.4400,437.7600,215438.0000,437.7600
07/11/2007,436.4000,440.0000,434.9600,437.2800,213213.0000,437.2800
07/12/2007,441.3600,444.8000,433.6800,437.9200,330600.0000,437.9200
07/13/2007,441.1200,445.0400,440.8000,444.3200,238138.0000,444.3200
07/16/2007,445.3600,447.6800,442.8800,446.0800,224950.0000,446.0800
07/17/2007,449.2000,452.4800,442.2400,445.1200,299313.0000,445.1200
07/18/2007,447.2000,453.2000,445.3600,452.6400,306338.0000,452.6400
07/19/2007,454.8000,457.3600,449.7600,456.6400,228863.0000,456.6400
07/20/2007,457.0400,458.3200,453.0400,456.0000,140363.0000,456.0000
07/23/2007,449.6000,451.1200,447.1200,451.0400,290175.0000,451.0400
07/24/2007,442.7200,444.3200,438.1600,441.2800,353988.0000,441.2800
07/25/2007,444.4000,459.5200,440.4800,459.5200,394175.0000,459.5200
07/26/2007,463.4400,463.5200,448.3200,449.7600,554325.0000,449.7600
07/27/2007,452.8000,463.5200,449.6000,461.9200,402975.0000,461.9200
07/30/2007,463.6000,464.8800,457.1200,460.0000,233538.0000,460.0000
07/31/2007,464.0000,470.6400,462.8000,468.2400,283850.0000,468.2400
08/01/2007,468.0000,473.6000,457.5200,462.0800,572325.0000,462.0800
08/02/2007,460.5600,465.6800,458.7200,461.6000,390500.0000,461.6000
08/03/2007,462.3200,462.5600,451.5200,451.5200,267688.0000,451.5200
08/06/2007,444.0000,444.7200,431.0400,433.6000,502613.0000,433.6000
08/07/2007,432.3200,436.9600,428.2400,434.8800,453425.0000,434.8800
08/08/2007,433.2800,439.6000,432.0800,434.1600,415850.0000,434.1600
08/09/2007,425.8400,433.1200,424.7200,430.2400,273288.0000,430.2400
08/10/2007,422.7200,430.4800,421.5200,429.1200,256750.0000,429.1200
08/13/2007,435.6000,438.8000,426.9600,430.8000,300475.0000,430.8000
08/14/2007,433.4400,434.7200,428.3200,433.8400,296688.0000,433.8400
08/15/2007,437.6800,445.9200,435.8400,441.0400,269350.0000,441.0400
08/16/2007,438.6400,438.6400,421.8400,428.6400,556113.0000,428.6400
08/17/2007,434.4000,437.9200,430.0000,432.2400,608650.0000,432.2400
08/20/2007,427.1200,429.4400,421.8400,428.3200,307000.0000,428.3200
08/21/2007,426.8800,431.3600,415.6800,419.4400,507225.0000,419.4400
08/22/2007,421.6000,424.1600,414.0800,418.8000,396975.0000,418.8000
08/23/2007,421.0400,422.1600,416.4800,421.2000,185013.0000,421.2000
08/24/2007,423.7600,430.1600,423.2800,429.1200,274250.0000,429.1200
08/27/2007,426.4000,435.4400,423.6800,434.6400,188388.0000,434.6400
08/28/2007,434.1600,436.0800,429.7600,432.2400,240050.0000,432.2400
08/29/2007,436.0000,444.4000,436.0000,444.4000,270000.0000,444.4000
08/30/2007,442.0000,445.1200,439.3600,444.0000,161425.0000,444.0000
08/31/2007,448.2400,449.2800,444.3200,446.2400,128575.0000,446.2400
09/04/2007,447.6800,454.4000,447.4400,454.0000,127788.0000,454.0000
09/05/2007,452.0800,458.4800,451.6800,458.0800,141538.0000,458.0800
09/06/2007,463.6000,467.5200,454.9600,461.0400,523125.0000,461.0400
09/07/2007,460.4000,464.0000,456.8000,462.0800,534738.0000,462.0800
09/10/2007,457.7600,472.2400,457.3600,470.3200,387200.0000,470.3200
09/11/2007,467.4400,472.2400,463.6000,471.6800,592450.0000,471.6800
09/12/2007,473.6800,482.4000,472.9600,480.0000,498450.0000,480.0000
09/13/2007,478.6400,482.9600,477.0400,481.3600,221038.0000,481.3600
09/14/2007,480.9600,484.5600,476.2400,478.3200,445875.0000,478.3200
09/17/2007,478.1600,486.7200,477.5200,485.3600,269663.0000,485.3600
09/18/2007,485.1200,497.2800,483.6800,496.4000,375438.0000,496.4000
09/19/2007,495.4400,497.9200,489.4400,494.5600,485125.0000,494.5600
09/20/2007,495.2800,502.2400,492.3200,501.2000,206500.0000,501.2000
09/21/2007,502.2400,504.8800,494.4000,497.1200,352400.0000,497.1200
09/24/2007,495.8400,500.8000,493.1200,494.5600,193200.0000,494.5600
09/25/2007,488.4800,490.4800,484.7200,488.5600,286450.0000,488.5600
09/26/2007,493.2800,495.8400,481.4400,493.6000,407700.0000,493.6000
09/27/2007,501.0400,509.7600,498.7200,507.5200,354650.0000,507.5200
09/28/2007,511.6800,514.0000,499.3600,500.4000,334713.0000,500.4000
10/01/2007,498.1600,499.5200,488.0800,492.7200,308850.0000,492.7200
10/02/2007,488.4000,493.2000,484.5600,493.0400,239088.0000,493.0400
10/03/2007,494.3200,496.5600,488.8000,490.3200,165375.0000,490.3200
10/04/2007,487.3600,502.0000,484.7200,500.8800,248263.0000,500.8800
10/05/2007,496.8000,501.1200,494.7200,498.2400,168838.0000,498.2400
10/08/2007,491.3600,492.4800,481.5200,486.0800,181000.0000,486.0800
10/09/2007,485.9200,496.7200,485.6000,491.2000,388688.0000,491.2000
10/10/2007,492.5600,499.3600,489.6000,499.2000,190238.0000,499.2000
10/11/2007,503.6800,512.6400,502.4000,508.7200,259550.0000,508.7200
10/12/2007,508.6400,513.9200,507.2800,512.0000,175875.0000,512.0000
10/15/2007,520.0000,527.8400,518.1600,527.1200,261850.0000,527.1200
10/16/2007,529.6800,538.4800,528.0000,535.8400,499788.0000,535.8400
10/17/2007,537.2800,542.7200,531.0400,533.0400,751513.0000,533.0400
10/18/2007,538.2400,547.2000,536.0800,545.3600,316238.0000,545.3600
10/19/2007,540.7200,542.4800,534.5600,537.1200,681375.0000,537.1200
10/22/2007,533.2800,538.8800,527.7600,532.3200,625950.0000,532.3200
10/23/2007,536.2400,537.2000,525.7600,526.6400,285813.0000,526.6400
10/24/2007,527.7600,543.9200,527.2000,543.8400,311675.0000,543.8400
10/25/2007,548.3200,561.4400,546.4800,560.9600,403775.0000,560.9600
10/26/2007,569.2000,570.1600,562.0000,569.3600,363675.0000,569.3600
10/29/2007,572.5600,581.2000,568.6400,580.0000,416488.0000,580.0000
10/30/2007,572.3200,573.5200,556.3200,556.3200,515438.0000,556.3200
10/31/2007,568.6400,587.4400,564.4000,586.1600,795050.0000,586.1600
11/01/2007,585.2800,585.3600,571.3600,577.3600,632600.0000,577.3600
11/02/2007,585.7600,595.3600,582.7200,594.8000,339363.0000,594.8000
11/05/2007,586.3200,596.8000,583.6000,588.3200,299738.0000,588.3200
11/06/2007,598.0000,603.3600,594.9600,602.7200,363763.0000,602.7200
11/07/2007,607.5200,610.5600,589.6000,595.8400,671113.0000,595.8400
11/08/2007,606.2400,608.4800,592.6400,592.6400,360913.0000,592.6400
11/09/2007,594.3200,600.8000,590.5600,598.1600,470725.0000,598.1600
11/12/2007,584.4800,590.4800,581.9200,582.1600,470338.0000,582.1600
11/13/2007,579.6800,581.9200,560.2400,567.4400,625225.0000,567.4400
11/14/2007,575.1200,584.8000,574.1600,580.8000,315100.0000,580.8000
11/15/2007,577.7600,580.8800,568.6400,578.4000,426638.0000,578.4000
11/16/2007,588.4800,593.0400,585.7600,591.2000,426713.0000,591.2000
11/19/2007,594.0000,596.4800,585.7600,595.9200,341750.0000,595.9200
11/20/2007,602.0800,620.0000,600.3200,618.7200,392375.0000,618.7200
11/21/2007,620.0000,620.7200,605.7600,611.5200,483213.0000,611.5200
11/23/2007,611.2000,617.7600,609.6800,614.0800,77325.0000,614.0800
11/26/2007,611.2800,617.9200,607.1200,610.0000,300813.0000,610.0000
11/27/2007,597.8400,600.3200,592.4800,594.4000,523513.0000,594.4000
11/28/2007,596.5600,597.4400,568.5600,574.4000,645075.0000,574.4000
11/29/2007,577.3600,587.0400,568.8000,573.1200,514650.0000,573.1200
11/30/2007,561.2800,573.1200,556.6400,559.2800,726613.0000,559.2800
12/03/2007,553.2800,566.4800,548.4800,565.6000,622100.0000,565.6000
12/04/2007,554.4800,557.6000,549.5200,555.2000,349388.0000,555.2000
12/05/2007,564.3200,568.0000,546.4000,549.5200,654388.0000,549.5200
12/06/2007,548.2400,570.3200,547.8400,568.1600,515525.0000,568.1600
12/07/2007,560.2400,560.2400,548.1600,555.4400,425525.0000,555.4400
12/10/2007,560.8800,565.3600,549.2000,554.8800,443025.0000,554.8800
12/11/2007,562.1600,570.3200,558.4000,562.0800,400825.0000,562.0800
12/12/2007,574.3200,597.5200,572.6400,591.2000,672900.0000,591.2000
12/13/2007,589.2800,592.0800,580.7200,585.3600,546313.0000,585.3600
12/14/2007,578.8000,583.5200,573.4400,578.0800,270563.0000,578.0800
12/17/2007,572.8800,575.8400,567.2800,575.1200,249988.0000,575.1200
12/18/2007,586.6400,586.6400,563.1200,568.8800,347475.0000,568.8800
12/19/2007,572.8000,582.8000,570.4000,577.2000,288075.0000,577.2000
12/20/2007,575.8400,582.8000,573.1200,576.8000,192488.0000,576.8000
12/21/2007,580.1600,592.3200,578.5600,590.4000,306900.0000,590.4000
12/24/2007,587.4400,591.7600,584.3200,591.6000,60438.0000,591.6000
12/26/2007,604.8000,609.7600,602.2400,607.2800,255950.0000,607.2800
12/27/2007,610.1600,617.7600,606.7200,610.0000,330775.0000,610.0000
12/28/2007,615.0400,618.5600,605.6800,607.1200,301013.0000,607.1200
12/31/2007,609.6800,611.2800,598.4800,606.0800,316713.0000,606.0800
01/02/2008,619.0400,630.4800,617.6800,627.7600,554875.0000,627.7600
01/03/2008,629.0400,632.7200,622.3200,626.9600,626013.0000,626.9600
01/04/2008,621.6000,622.4800,613.6800,618.4800,518175.0000,618.4800
01/07/2008,616.5600,616.5600,597.3600,604.0000,549188.0000,604.0000
01/08/2008,613.6800,616.5600,606.1600,608.4800,325600.0000,608.4800
01/09/2008,605.2000,618.1600,602.0000,602.0000,617450.0000,602.0000
01/10/2008,592.9600,597.2800,588.0800,592.1600,550363.0000,592.1600
01/11/2008,586.9600,589.9200,582.0000,584.7200,396738.0000,584.7200
01/14/2008,592.5600,595.7600,587.2000,594.0000,279813.0000,594.0000
01/15/2008,584.3200,585.3600,576.0800,582.2400,613575.0000,582.2400
01/16/2008,576.6400,578.4000,563.9200,574.8000,518863.0000,574.8000
01/17/2008,578.0800,580.4800,564.4800,568.2400,516425.0000,568.2400
01/18/2008,572.2400,575.1200,565.6800,572.3200,276613.0000,572.3200
01/22/2008,555.6000,568.3200,552.8000,564.4000,578038.0000,564.4000
01/23/2008,555.6000,560.6400,549.0400,556.0000,663213.0000,556.0000
01/24/2008,558.0000,569.3600,552.0800,567.4400,627675.0000,567.4400
01/25/2008,576.0000,579.6800,568.8800,575.2800,630425.0000,575.2800
01/28/2008,569.0400,579.7600,563.2000,578.8000,394488.0000,578.8000
01/29/2008,573.0400,583.8400,573.0400,583.8400,223888.0000,583.8400
01/30/2008,585.1200,587.4400,578.9600,584.6400,333288.0000,584.6400
01/31/2008,574.5600,585.6000,568.5600,578.8000,318013.0000,578.8000
02/01/2008,577.3600,578.0000,561.3600,563.7600,419725.0000,563.7600
02/04/2008,565.2000,576.4000,562.8000,570.9600,417875.0000,570.9600
02/05/2008,563.4400,564.1600,555.4400,561.2000,670988.0000,561.2000
02/06/2008,563.8400,564.0000,550.0000,552.1600,509738.0000,552.1600
02/07/2008,548.9600,560.5600,548.5600,558.4000,408625.0000,558.4000
02/08/2008,566.2400,583.2000,565.2800,583.2000,834775.0000,583.2000
02/11/2008,581.3600,600.7200,576.8000,596.4000,627388.0000,596.4000
02/12/2008,589.5200,597.1200,585.7600,588.7200,318975.0000,588.7200
02/13/2008,586.4000,596.2400,584.0000,592.8800,277500.0000,592.8800
02/14/2008,598.9600,606.9600,597.9200,606.0800,328275.0000,606.0800
02/15/2008,611.5200,612.8000,600.2400,607.4400,419900.0000,607.4400
02/19/2008,623.6800,633.2800,619.3600,630.4800,535713.0000,630.4800
02/20/2008,625.1200,639.1200,621.7600,634.5600,475800.0000,634.5600
02/21/2008,627.6000,634.1600,614.8800,618.6400,765400.0000,618.6400
02/22/2008,627.0400,630.0800,617.1200,628.8000,576300.0000,628.8000
02/25/2008,626.8800,632.6400,620.6400,629.9200,324800.0000,629.9200
02/26/2008,628.4000,642.2400,626.7200,640.8000,532413.0000,640.8000
02/27/2008,639.2800,642.8800,631.3600,631.3600,467175.0000,631.3600
02/28/2008,637.9200,653.6800,636.8800,651.8400,407750.0000,651.8400
02/29/2008,649.0400,651.8400,643.3600,643.3600,389638.0000,643.3600
03/03/2008,651.8400,659.8400,644.8800,650.5600,630563.0000,650.5600
03/04/2008,653.8400,656.0000,628.0000,635.2000,773688.0000,635.2000
03/05/2008,643.9200,666.4000,642.6400,666.4000,946075.0000,666.4000
03/06/2008,662.3200,671.1200,653.0400,671.1200,712688.0000,671.1200
03/07/2008,666.4800,676.2400,660.2400,669.8400,673200.0000,669.8400
03/10/2008,664.5600,685.0400,660.2400,685.0400,767475.0000,685.0400
03/11/2008,684.0000,690.7200,674.3200,690.7200,1223838.0000,690.7200
03/12/2008,688.0800,696.0800,678.0000,695.3600,1155763.0000,695.3600
03/13/2008,696.1600,702.3200,687.8400,697.6800,962188.0000,697.6800
03/14/2008,695.9200,702.0800,688.4800,692.0800,1072550.0000,692.0800
03/17/2008,671.3600,686.8000,651.8400,666.4000,1455100.0000,666.4000
03/18/2008,678.2400,696.3200,673.5200,686.4000,1083463.0000,686.4000
03/19/2008,676.5600,688.0000,654.4800,658.3200,1368825.0000,658.3200
03/20/2008,637.6000,655.6800,636.7200,650.4000,1468475.0000,650.4000
03/24/2008,647.6800,656.1600,640.6400,642.0800,531513.0000,642.0800
03/25/2008,646.0000,652.9600,635.2000,651.7600,592575.0000,651.7600
03/26/2008,656.2400,681.8400,655.8400,678.4800,770750.0000,678.4800
03/27/2008,680.5600,693.1200,677.1200,685.8400,590138.0000,685.8400
03/28/2008,680.0800,680.0800,670.9600,674.9600,612325.0000,674.9600
03/31/2008,677.7600,684.0000,642.8800,650.8800,975513.0000,650.8800
04/01/2008,640.0000,656.7200,638.1600,648.4800,670963.0000,648.4800
04/02/2008,646.4000,672.8000,639.6800,670.2400,772800.0000,670.2400
04/03/2008,663.2000,681.6000,661.1200,669.2000,676438.0000,669.2000
04/04/2008,675.5200,680.9600,670.8000,679.0400,553075.0000,679.0400
04/07/2008,691.9200,701.0400,691.9200,695.4400,533788.0000,695.4400
04/08/2008,696.0000,700.6400,689.6000,697.5200,440988.0000,697.5200
04/09/2008,696.7200,717.6000,695.5200,711.2000,1025363.0000,711.2000
04/10/2008,712.6400,712.7200,697.1200,705.4400,802488.0000,705.4400
04/11/2008,701.2000,708.5600,698.9600,707.8400,478888.0000,707.8400
04/14/2008,710.8000,717.6800,707.6000,717.1200,539688.0000,717.1200
04/15/2008,728.0800,731.5200,725.3600,731.5200,634438.0000,731.5200
04/16/2008,729.7600,738.4000,720.1600,737.2000,986750.0000,737.2000
04/17/2008,737.3600,740.8800,732.9600,738.9600,596563.0000,738.9600
04/18/2008,727.8400,750.7200,727.2000,750.3200,1150325.0000,750.3200
04/21/2008,747.7600,755.0400,741.5200,755.0400,585225.0000,755.0400
04/22/2008,749.4400,766.6400,748.8000,760.6400,894863.0000,760.6400
04/23/2008,755.2000,764.0800,750.4800,761.4400,1059863.0000,761.4400
04/24/2008,747.2000,758.8000,736.4800,745.6000,1388750.0000,745.6000
04/25/2008,759.5200,770.2400,756.4000,765.2800,1125213.0000,765.2800
04/28/2008,766.9600,769.9200,762.0000,765.5200,606150.0000,765.5200
04/29/2008,751.3600,756.2400,741.2000,743.9200,950225.0000,743.9200
04/30/2008,748.6400,754.7200,730.4800,740.0000,1191338.0000,740.0000
05/01/2008,726.2400,728.8000,711.1200,723.0400,977400.0000,723.0400
05/02/2008,728.8000,750.7200,728.8000,747.2000,861488.0000,747.2000
05/05/2008,761.8400,775.3600,760.8800,773.9200,917213.0000,773.9200
05/06/2008,775.7600,790.7200,775.2000,787.0400,946950.0000,787.0400
05/07/2008,785.8400,799.3600,776.9600,798.4000,1692338.0000,798.4000
05/08/2008,796.0000,806.1600,786.4000,805.2800,1225888.0000,805.2800
05/09/2008,814.0000,816.9600,805.5200,816.9600,1524588.0000,816.9600
05/12/2008,806.5600,817.6000,800.5600,800.8800,1256275.0000,800.8800
05/13/2008,800.9600,819.7600,799.8400,813.6800,1497000.0000,813.6800
05/14/2008,809.8400,816.0000,800.0000,801.7600,1138188.0000,801.7600
05/15/2008,816.0000,817.4400,781.5200,801.6800,2030875.0000,801.6800
05/16/2008,822.8800,823.8400,810.7200,818.1600,2208500.0000,818.1600
05/19/2008,819.6000,824.0000,810.0800,822.4000,960300.0000,822.4000
05/20/2008,831.2800,836.9600,829.2800,834.4000,1267525.0000,834.4000
05/21/2008,836.8800,866.4800,832.4800,866.4800,2145613.0000,866.4800
05/22/2008,862.4000,866.8800,842.2400,845.0400,2510988.0000,845.0400
05/23/2008,863.3600,865.7600,843.0400,855.6000,1728350.0000,855.6000
05/27/2008,842.6400,847.2000,830.0800,834.0800,1359088.0000,834.0800
05/28/2008,824.0800,852.0000,820.0800,847.3600,1679575.0000,847.3600
05/29/2008,835.2000,862.4000,816.9600,818.0800,2728800.0000,818.0800
05/30/2008,825.6800,830.8800,810.1600,824.4800,1348750.0000,824.4800
06/02/2008,815.5200,837.6800,813.6800,824.4000,1017900.0000,824.4000
06/03/2008,817.6800,821.5200,792.0000,805.2000,1221750.0000,805.2000
06/04/2008,798.9600,823.9200,788.9600,791.8400,1475813.0000,791.8400
06/05/2008,801.1200,831.6000,793.9200,831.6000,1558638.0000,831.6000
06/06/2008,867.4400,904.0000,858.5600,897.3600,4141775.0000,897.3600
06/09/2008,880.1600,892.9600,863.4400,872.4000,1714813.0000,872.4000
06/10/2008,881.0400,891.2800,849.9200,856.1600,2465475.0000,856.1600
06/11/2008,870.1600,898.4000,866.4800,887.9200,2239475.0000,887.9200
06/12/2008,864.0800,893.2000,855.6800,890.1600,1768575.0000,890.1600
06/13/2008,871.3600,882.3200,868.0000,873.6000,1242575.0000,873.6000
06/16/2008,902.0000,902.0000,864.5600,871.9200,1523525.0000,871.9200
06/17/2008,866.1600,879.0400,864.2400,869.4400,1527938.0000,869.4400
06/18/2008,870.0000,888.8800,856.9600,887.1200,1566138.0000,887.1200
06/19/2008,886.3200,886.3200,855.2000,855.2800,2233250.0000,855.2800
06/20/2008,877.6000,889.7600,868.8000,873.1200,2001150.0000,873.1200
06/23/2008,875.6800,894.5600,875.2800,887.3600,1513500.0000,887.3600
06/24/2008,883.4400,893.6000,880.0000,887.6000,1193625.0000,887.6000
06/25/2008,882.1600,883.2000,854.6400,868.0000,1743438.0000,868.0000
06/26/2008,891.0400,908.8000,886.4800,904.9600,1909275.0000,904.9600
06/27/2008,910.9600,926.1600,905.2000,910.0000,1773950.0000,910.0000
06/30/2008,921.2800,922.6400,901.2000,909.2800,1493850.0000,909.2800
07/01/2008,925.5200,927.8400,907.5200,916.7200,1648513.0000,916.7200
07/02/2008,910.4800,937.8400,909.5200,934.7200,2266988.0000,934.7200
07/03/2008,934.3200,939.6800,927.3600,934.5600,1158500.0000,934.5600
07/07/2008,914.3200,928.9600,903.7600,919.6000,1709525.0000,919.6000
07/08/2008,892.0000,893.6000,875.6800,879.3600,2107900.0000,879.3600
07/09/2008,887.5200,894.4800,876.4000,877.2000,2319950.0000,877.2000
07/10/2008,891.5200,919.3600,883.6800,914.7200,1542875.0000,914.7200
07/11/2008,952.6400,953.3600,924.7200,939.1200,1859913.0000,939.1200
07/14/2008,940.0000,948.0000,932.0000,939.8400,940838.0000,939.8400
07/15/2008,941.6000,944.1600,880.6400,899.1200,3450950.0000,899.1200
07/16/2008,892.1600,895.5200,855.7600,874.0000,2634125.0000,874.0000
07/17/2008,870.8800,885.9200,837.2000,844.2400,2775838.0000,844.2400
07/18/2008,846.7200,852.5600,831.2800,835.5200,1727925.0000,835.5200
07/21/2008,840.8000,855.8400,832.5600,853.3600,1193900.0000,853.3600
07/22/2008,841.6000,842.6400,814.9600,826.5600,1697250.0000,826.5600
07/23/2008,819.1200,829.8400,800.0000,800.1600,2239250.0000,800.1600
07/24/2008,811.0400,815.4400,796.4000,811.6800,1507450.0000,811.6800
07/25/2008,802.6400,803.2800,790.0800,794.1600,1784425.0000,794.1600
07/28/2008,798.4000,805.2800,790.6400,804.3200,1211425.0000,804.3200
07/29/2008,799.7600,799.9200,776.2400,784.3200,1877688.0000,784.3200
07/30/2008,786.0000,821.2800,778.8000,817.0400,2491538.0000,817.0400
07/31/2008,817.8400,817.8400,791.9200,799.9200,1724700.0000,799.9200
08/01/2008,796.9600,829.1200,796.0000,808.3200,1553825.0000,808.3200
08/04/2008,801.2000,812.8000,770.8000,780.1600,1949313.0000,780.1600
08/05/2008,773.0400,782.0000,763.4400,764.7200,1485700.0000,764.7200
08/06/2008,770.4000,776.8800,755.6000,763.3600,2058988.0000,763.3600
08/07/2008,777.3600,779.8400,760.2400,771.5200,1414488.0000,771.5200
08/08/2008,761.0400,763.0400,740.1600,741.4400,1327888.0000,741.4400
08/11/2008,748.4000,750.1600,728.6400,740.0800,1612650.0000,740.0800
08/12/2008,743.6000,744.4800,726.4000,731.9200,1686550.0000,731.9200
08/13/2008,733.9200,758.1600,732.9600,750.0000,2064000.0000,750.0000
08/14/2008,745.6000,754.5600,728.3200,741.9200,1236375.0000,741.9200
08/15/2008,731.7600,737.6000,720.3200,734.4000,1767025.0000,734.4000
08/18/2008,741.1200,745.0400,723.7600,730.0800,1264000.0000,730.0800
08/19/2008,728.4800,754.0000,718.6400,741.9200,1762713.0000,741.9200
08/20/2008,749.4400,755.6800,727.6000,751.8400,1828025.0000,751.8400
08/21/2008,774.6400,788.3200,766.4000,785.6800,2189563.0000,785.6800
08/22/2008,774.5600,774.6400,738.0000,740.3200,2101238.0000,740.3200
08/25/2008,741.2800,747.1200,734.5600,744.8000,1231113.0000,744.8000
08/26/2008,753.2800,761.4400,743.2800,751.2000,1415075.0000,751.2000
08/27/2008,768.1600,771.6000,754.0000,765.2800,1693538.0000,765.2800
08/28/2008,776.7200,776.7200,737.6000,747.1200,1811200.0000,747.1200
08/29/2008,763.6000,765.5200,742.9600,742.9600,1099300.0000,742.9600
09/02/2008,695.0400,714.4000,694.2400,713.5200,2745563.0000,713.5200
09/03/2008,698.8000,708.0000,693.2000,707.5200,1618088.0000,707.5200
09/04/2008,706.4800,708.6400,688.3200,696.1600,1933988.0000,696.1600
09/05/2008,695.2000,697.8400,679.7600,688.4800,1566663.0000,688.4800
09/08/2008,698.9600,701.7600,676.9600,687.4400,1367538.0000,687.4400
09/09/2008,674.6400,676.8800,657.4400,658.8000,2486588.0000,658.8000
09/10/2008,670.2400,677.4400,653.6000,663.7600,1820213.0000,663.7600
09/11/2008,663.1200,663.6800,646.0800,651.9200,2212113.0000,651.9200
09/12/2008,657.2800,664.0000,645.6800,651.9200,2277513.0000,651.9200
09/15/2008,617.6800,632.4000,607.2800,610.4000,2153538.0000,610.4000
09/16/2008,590.0800,605.6800,583.6000,599.9200,2690963.0000,599.9200
09/17/2008,601.8400,627.9200,587.6800,620.0000,2539425.0000,620.0000
09/18/2008,637.0400,646.5600,617.2000,633.3600,2115050.0000,633.3600
09/19/2008,660.8800,666.0000,635.2000,661.0400,1617125.0000,661.0400
09/22/2008,680.1600,713.2800,679.7600,700.9600,2319413.0000,700.9600
09/23/2008,704.8000,706.6400,671.2800,689.0400,1743725.0000,689.0400
09/24/2008,702.5600,706.0800,676.4000,678.8800,1378625.0000,678.8800
09/25/2008,673.6000,700.5600,672.5600,693.5200,1146725.0000,693.5200
09/26/2008,676.2400,693.3600,674.4800,689.6800,890900.0000,689.6800
09/29/2008,653.9200,657.3600,613.2000,616.7200,1478250.0000,616.7200
09/30/2008,632.8000,656.6400,628.8800,656.0800,837438.0000,656.0800
10/01/2008,636.5600,651.5200,619.2000,636.7200,1299075.0000,636.7200
10/02/2008,623.6800,624.4800,603.4400,606.5600,1282450.0000,606.5600
10/03/2008,594.2400,619.7600,594.2400,602.0000,1614563.0000,602.0000
10/06/2008,586.3200,593.2000,564.7200,572.8800,1692950.0000,572.8800
10/07/2008,587.8400,593.0400,566.2400,579.9200,1345088.0000,579.9200
10/08/2008,569.4400,584.8000,557.5200,578.0800,1592988.0000,578.0800
10/09/2008,578.7200,582.4000,551.6000,556.8000,1156788.0000,556.8000
10/10/2008,521.2000,544.3200,506.5600,532.0000,2015488.0000,532.0000
10/13/2008,537.6000,542.2400,524.4000,542.2400,755763.0000,542.2400
10/14/2008,547.8400,550.7200,515.6000,520.2400,1121100.0000,520.2400
10/15/2008,497.6800,503.1200,485.8400,485.8400,1077675.0000,485.8400
10/16/2008,482.6400,487.6000,451.8400,474.7200,1963700.0000,474.7200
10/17/2008,464.9600,488.8000,461.2800,474.9600,1602763.0000,474.9600
10/20/2008,483.0400,500.0000,472.0800,494.4000,1385575.0000,494.4000
10/21/2008,474.4000,476.8000,461.1200,470.1600,1207288.0000,470.1600
10/22/2008,452.0800,453.2800,434.1600,439.4400,1203013.0000,439.4400
10/23/2008,444.2400,454.8000,438.0800,452.8000,1253363.0000,452.8000
10/24/2008,410.9600,429.1200,410.4800,424.0000,956388.0000,424.0000
10/27/2008,411.5200,431.3600,406.8000,406.8000,1173313.0000,406.8000
10/28/2008,422.8000,426.6400,403.5200,425.7600,989113.0000,425.7600
10/29/2008,435.1200,453.6800,431.5200,445.4400,1614475.0000,445.4400
10/30/2008,444.5600,446.8800,420.0000,432.0000,1272450.0000,432.0000
10/31/2008,423.9200,449.5200,416.1600,444.7200,1220550.0000,444.7200
11/03/2008,430.4000,441.1200,417.2800,419.9200,1124050.0000,419.9200
11/04/2008,434.7200,470.2400,431.4400,459.0400,1899700.0000,459.0400
11/05/2008,447.2000,455.0400,426.2400,430.7200,1509175.0000,430.7200
11/06/2008,417.0400,419.4400,394.4800,401.2000,1998700.0000,401.2000
11/07/2008,404.0000,410.0000,397.1200,400.3200,951750.0000,400.3200
11/10/2008,423.4400,426.4000,392.0000,409.8400,1603475.0000,409.8400
11/11/2008,398.8000,399.6000,383.7600,384.8800,1189738.0000,384.8800
11/12/2008,378.7200,380.8800,365.9200,366.0000,1273188.0000,366.0000
11/13/2008,373.6800,392.0000,361.9200,392.0000,1901963.0000,392.0000
11/14/2008,372.8800,381.4400,365.7600,369.4400,1722713.0000,369.4400
11/17/2008,372.4000,385.4400,358.4000,361.2800,1396725.0000,361.2800
11/18/2008,362.4800,365.5200,352.1600,358.1600,1008763.0000,358.1600
11/19/2008,357.7600,361.2800,346.0800,346.0800,1415213.0000,346.0800
11/20/2008,333.1200,338.4000,314.8800,316.4000,1831875.0000,316.4000
11/21/2008,326.4800,328.3200,313.2800,328.0000,1432750.0000,328.0000
11/24/2008,332.5600,358.2400,325.2000,353.0400,1654163.0000,353.0400
11/25/2008,342.3200,343.2800,327.6000,330.8800,1721025.0000,330.8800
11/26/2008,339.3600,356.8000,327.7600,356.3200,2214350.0000,356.3200
11/28/2008,342.4800,344.8800,331.3600,336.7200,569463.0000,336.7200
12/01/2008,328.7200,333.1200,318.0000,319.1200,1142925.0000,319.1200
12/02/2008,324.0000,325.5200,303.6800,308.0000,1971413.0000,308.0000
12/03/2008,304.0800,311.0400,300.0000,304.4000,2289400.0000,304.4000
12/04/2008,298.0800,305.5200,281.0400,283.2800,2941438.0000,283.2800
12/05/2008,278.0000,281.4400,264.6400,274.0000,3072675.0000,274.0000
12/08/2008,280.8800,289.9200,277.0400,288.9600,2599550.0000,288.9600
12/09/2008,283.2800,288.9600,273.7600,275.6000,2031838.0000,275.6000
12/10/2008,286.7200,298.0000,272.5600,286.4800,4666225.0000,286.4800
12/11/2008,297.4400,318.5600,295.7600,309.1200,3772275.0000,309.1200
12/12/2008,289.6800,308.9600,287.6800,304.8000,2955450.0000,304.8000
12/15/2008,320.9600,323.1200,290.0000,294.7200,2851038.0000,294.7200
12/16/2008,291.5200,304.8800,282.4800,291.5200,3235725.0000,291.5200
12/17/2008,288.4000,296.3200,274.0800,278.4800,5129100.0000,278.4800
12/18/2008,272.1600,273.1200,256.8000,261.8400,5104588.0000,261.8400
12/19/2008,257.1200,266.4800,255.4400,264.4800,4811275.0000,264.4800
12/22/2008,262.7200,265.1200,244.1600,245.0400,3410438.0000,245.0400
12/23/2008,246.8800,248.4800,233.0400,240.0000,3495663.0000,240.0000
12/24/2008,231.8400,234.7200,228.6400,232.1600,1723750.0000,232.1600
12/26/2008,222.2400,234.0000,221.8400,232.8000,2619650.0000,232.8000
12/29/2008,243.4400,247.6000,231.3600,247.3600,3016713.0000,247.3600
12/30/2008,239.0400,244.2400,233.5200,241.6000,2709138.0000,241.6000
12/31/2008,233.5200,278.9600,233.2000,264.8000,6101900.0000,264.8000
01/02/2009,270.1600,287.2800,267.6800,285.0400,4650038.0000,285.0400
01/05/2009,286.0800,302.6400,284.0800,298.4000,4356250.0000,298.4000
01/06/2009,306.8800,310.0000,294.2400,298.0000,3957100.0000,298.0000
01/07/2009,293.6800,294.4000,265.6800,266.1600,5455275.0000,266.1600
01/08/2009,263.8400,266.8800,255.1200,265.6000,4595275.0000,265.6000
01/09/2009,257.0400,261.1200,250.2400,258.9600,4403963.0000,258.9600
01/12/2009,247.9200,250.4800,244.0000,245.2000,4095613.0000,245.2000
01/13/2009,246.8000,257.4400,244.7200,254.7200,4966563.0000,254.7200
01/14/2009,252.2400,252.4800,239.6800,249.8400,5507038.0000,249.8400
01/15/2009,246.8800,247.1200,230.7200,241.4400,6868913.0000,241.4400
01/16/2009,248.0800,249.6000,236.8000,238.8800,4837875.0000,238.8800
01/20/2009,232.3200,246.3200,227.3600,229.2800,5207863.0000,229.2800
01/21/2009,232.8000,248.5600,229.1200,248.2400,3989938.0000,248.2400
01/22/2009,236.3200,246.1600,227.6800,240.1600,5281688.0000,240.1600
01/23/2009,235.2800,264.0000,232.8800,258.6400,5471838.0000,258.6400
01/26/2009,259.0400,272.8000,256.0800,257.1200,4432963.0000,257.1200
01/27/2009,248.4800,250.0800,233.4400,236.0000,5796250.0000,236.0000
01/28/2009,234.8000,245.0400,229.0400,238.0000,6740175.0000,238.0000
01/29/2009,230.2400,237.9200,228.7200,233.7600,4318775.0000,233.7600
01/30/2009,240.1600,241.6000,231.3600,233.7600,3308238.0000,233.7600
02/02/2009,227.5200,236.0000,225.1200,227.2000,3504063.0000,227.2000
02/03/2009,225.0400,231.5200,224.8000,230.9600,3154988.0000,230.9600
02/04/2009,234.4000,240.0000,224.0000,226.1600,4163238.0000,226.1600
02/05/2009,226.2400,231.7600,222.3200,230.4800,3797425.0000,230.4800
02/06/2009,218.9600,239.5200,218.8000,225.6000,8469925.0000,225.6000
02/09/2009,231.6000,234.9600,224.0000,226.0000,4637025.0000,226.0000
02/10/2009,232.2400,232.4000,213.7600,215.2800,5937863.0000,215.2800
02/11/2009,214.8000,217.2800,206.8800,208.6400,4920000.0000,208.6400
02/12/2009,205.2800,210.8800,201.3600,209.0400,5303475.0000,209.0400
02/13/2009,209.2000,209.9200,202.7200,204.8000,4567638.0000,204.8000
02/17/2009,194.4800,195.6000,187.2000,187.6800,4884313.0000,187.6800
02/18/2009,188.3200,189.0400,182.4000,182.8800,5316088.0000,182.8800
02/19/2009,190.6400,196.8800,181.9200,194.2400,6297400.0000,194.2400
02/20/2009,186.0000,196.2400,185.6800,194.8000,5260513.0000,194.8000
02/23/2009,199.2800,199.8400,185.3600,186.5600,4623388.0000,186.5600
02/24/2009,190.4000,196.0000,185.4400,195.5200,3345238.0000,195.5200
02/25/2009,199.4400,209.4400,194.0800,208.0000,5809900.0000,208.0000
02/26/2009,214.4800,221.4400,213.4400,217.8400,6006663.0000,217.8400
02/27/2009,211.5200,219.5200,208.0800,216.4000,3854925.0000,216.4000
03/02/2009,204.3200,205.9200,188.2400,195.8400,3972913.0000,195.8400
03/03/2009,203.4400,204.3200,193.3600,203.1200,3629675.0000,203.1200
03/04/2009,215.5200,223.6800,213.2800,220.8800,5841125.0000,220.8800
03/05/2009,218.6400,219.2000,209.6000,212.4800,3035238.0000,212.4800
03/06/2009,220.0000,223.9200,213.8400,223.9200,3075725.0000,223.9200
03/09/2009,223.9200,236.4800,223.7600,229.2000,4504075.0000,229.2000
03/10/2009,232.8000,234.5600,221.6000,222.6400,2939138.0000,222.6400
03/11/2009,218.4800,222.8800,207.2800,210.4000,4048325.0000,210.4000
03/12/2009,209.7600,227.7600,209.6800,225.8400,4365588.0000,225.8400
03/13/2009,227.1200,231.1200,220.4000,221.0400,3394988.0000,221.0400
03/16/2009,216.0800,228.3200,213.4400,226.0000,3633450.0000,226.0000
03/17/2009,228.9600,239.1200,227.6000,235.5200,3703375.0000,235.5200
03/18/2009,234.9600,239.3600,225.6800,236.8800,3313238.0000,236.8800
03/19/2009,246.0000,248.2400,240.5600,242.8800,4430363.0000,242.8800
03/20/2009,243.0400,249.2000,242.0800,246.0800,2887425.0000,246.0800
03/23/2009,245.3600,255.5200,244.4000,254.2400,2953138.0000,254.2400
03/24/2009,249.1200,255.5200,247.9200,252.8800,2198150.0000,252.8800
03/25/2009,248.0000,256.0000,245.2800,249.6800,3255938.0000,249.6800
03/26/2009,256.7200,257.2800,251.3600,256.1600,2448225.0000,256.1600
03/27/2009,248.0800,249.0400,244.3200,246.0000,1896613.0000,246.0000
03/30/2009,237.7600,238.7200,227.6800,229.6000,2715313.0000,229.6000
03/31/2009,229.4400,235.9200,226.0800,232.4000,1942738.0000,232.4000
04/01/2009,225.2800,229.5200,223.6800,228.6400,2329913.0000,228.6400
04/02/2009,245.9200,249.8400,242.8000,247.8400,3290450.0000,247.8400
04/03/2009,245.7600,248.8000,241.2800,247.4400,1961888.0000,247.4400
04/06/2009,239.6000,245.7600,235.9200,241.8400,2210600.0000,241.8400
04/07/2009,234.2400,236.7200,231.0400,231.5200,1319838.0000,231.5200
04/08/2009,228.2400,242.2400,226.5600,235.9200,2499713.0000,235.9200
04/09/2009,245.3600,246.4000,239.3600,245.5200,1494013.0000,245.5200
04/13/2009,232.8000,244.5600,232.0800,237.4400,2160038.0000,237.4400
04/14/2009,237.5200,241.3600,228.5600,233.6800,1504700.0000,233.6800
04/15/2009,234.3200,236.8000,230.9600,234.4800,2152450.0000,234.4800
04/16/2009,235.7600,236.3200,231.4400,234.3200,1431450.0000,234.3200
04/17/2009,238.2400,238.3200,233.8400,235.6000,1703688.0000,235.6000
04/20/2009,221.7600,222.8000,216.5600,217.7600,3292850.0000,217.7600
04/21/2009,210.4000,221.0400,210.2400,218.6400,1447013.0000,218.6400
04/22/2009,217.3600,220.1600,214.6400,218.7200,2103400.0000,218.7200
04/23/2009,222.0000,223.1200,217.6800,223.0400,1423200.0000,223.0400
04/24/2009,230.0000,232.0000,227.8400,231.2000,2014400.0000,231.2000
04/27/2009,217.1200,229.2800,216.8800,224.6400,2148875.0000,224.6400
04/28/2009,219.1200,224.7200,219.0400,222.8000,1281025.0000,222.8000
04/29/2009,226.8000,230.4000,225.7600,228.4800,1467300.0000,228.4800
04/30/2009,226.4800,230.8000,225.8400,229.0400,1427000.0000,229.0400
05/01/2009,232.8000,240.4800,232.1600,236.9600,1914988.0000,236.9600
05/04/2009,239.6800,244.6400,239.4400,244.4800,1743475.0000,244.4800
05/05/2009,243.1200,244.4800,239.9200,241.2000,1295275.0000,241.2000
05/06/2009,247.9200,252.4000,245.8400,251.4400,2059700.0000,251.4400
05/07/2009,260.5600,261.4400,248.4800,251.9200,2094775.0000,251.9200
05/08/2009,258.1600,261.9200,255.5200,259.9200,1516025.0000,259.9200
05/11/2009,257.8400,260.8000,255.6000,258.3200,1330450.0000,258.3200
05/12/2009,263.2800,263.6800,258.4000,261.0400,1361525.0000,261.0400
05/13/2009,260.5600,265.3600,255.5200,257.5200,2325825.0000,257.5200
05/14/2009,255.8400,262.0800,253.9200,259.2000,1511138.0000,259.2000
05/15/2009,256.0000,259.3600,248.6400,250.4000,1690550.0000,250.4000
05/18/2009,256.9600,262.4000,256.0000,261.6800,1515813.0000,261.6800
05/19/2009,262.5600,264.5600,258.0800,262.3200,1252025.0000,262.3200
05/20/2009,268.3200,272.6400,267.7600,270.9600,1959825.0000,270.9600
05/21/2009,265.3600,269.2800,262.4800,267.0400,1254563.0000,267.0400
05/22/2009,267.8400,270.3200,264.9600,269.6000,997138.0000,269.6000
05/26/2009,262.0800,273.6000,261.6000,272.8800,1491600.0000,272.8800
05/27/2009,276.7200,279.5200,272.7200,276.6400,1532300.0000,276.6400
05/28/2009,279.7600,286.6400,278.8000,282.7200,2200738.0000,282.7200
05/29/2009,290.4800,291.3600,285.5200,291.2000,2065525.0000,291.2000
06/01/2009,295.9200,300.7200,294.2400,299.4400,1496900.0000,299.4400
06/02/2009,297.0400,302.3200,295.6000,300.8800,1397825.0000,300.8800
06/03/2009,297.6800,298.0800,284.4800,290.0000,2582363.0000,290.0000
06/04/2009,297.4400,304.8000,295.6000,301.5200,1820188.0000,301.5200
06/05/2009,301.6000,304.1600,295.8400,299.2000,1525525.0000,299.2000
06/08/2009,299.0400,301.7600,296.8000,300.3200,1266600.0000,300.3200
06/09/2009,304.5600,306.8800,301.4400,305.5200,904725.0000,305.5200
06/10/2009,310.4800,313.6800,308.4800,311.7600,1709763.0000,311.7600
06/11/2009,315.4400,320.0000,314.4800,317.4400,1518788.0000,317.4400
06/12/2009,313.6000,317.0400,312.5600,315.4400,1580675.0000,315.4400
06/15/2009,312.2400,312.3200,304.4000,308.1600,2094263.0000,308.1600
06/16/2009,315.5200,316.0800,305.2800,308.0800,1518638.0000,308.0800
06/17/2009,305.6000,310.9600,301.7600,309.6000,2095138.0000,309.6000
06/18/2009,308.2400,312.9600,306.6400,310.8000,1278425.0000,310.8000
06/19/2009,312.5600,314.1600,300.4800,303.7600,1958938.0000,303.7600
06/22/2009,296.0000,296.0800,288.6400,290.0000,1807338.0000,290.0000
06/23/2009,293.3600,301.5200,289.6000,299.2800,1806150.0000,299.2800
06/24/2009,298.1600,302.4000,295.9200,296.7200,1691600.0000,296.7200
06/25/2009,300.4800,306.8800,298.8800,304.4000,1575750.0000,304.4000
06/26/2009,303.2000,303.6800,298.0000,300.0800,1047175.0000,300.0800
06/29/2009,304.5600,311.2800,304.5600,309.3600,1562375.0000,309.3600
06/30/2009,308.0000,310.2400,298.4000,303.4400,1683138.0000,303.4400
07/01/2009,309.6000,310.9600,296.6400,299.6800,2026800.0000,299.6800
07/02/2009,290.1600,290.8000,287.9200,288.4000,1575263.0000,288.4000
07/06/2009,277.2800,280.4800,275.6800,277.6800,1805438.0000,277.6800
07/07/2009,276.0800,277.2000,269.9200,270.4800,1922450.0000,270.4800
07/08/2009,269.0400,269.2000,260.0000,260.5600,2131950.0000,260.5600
07/09/2009,262.9600,263.6000,256.8000,262.1600,2244113.0000,262.1600
07/10/2009,257.1200,260.4800,254.8800,259.0400,1405613.0000,259.0400
07/13/2009,256.4800,259.3600,252.5600,258.9600,1976950.0000,258.9600
07/14/2009,262.8800,263.5200,255.5200,256.8800,1577025.0000,256.8800
07/15/2009,263.2000,268.4800,260.5600,267.7600,2488125.0000,267.7600
07/16/2009,263.1200,269.1200,262.7200,268.4800,1395275.0000,268.4800
07/17/2009,270.7200,276.7200,270.6400,273.9200,1513138.0000,273.9200
07/20/2009,277.7600,279.4400,273.7600,278.6400,1111263.0000,278.6400
07/21/2009,282.4800,283.0400,275.1200,279.5200,1321825.0000,279.5200
07/22/2009,272.0800,279.8400,271.4400,278.4800,1537750.0000,278.4800
07/23/2009,274.6400,287.2000,274.4000,286.3200,1547550.0000,286.3200
07/24/2009,285.5200,290.1600,283.5200,289.7600,1003200.0000,289.7600
07/27/2009,290.4800,291.8400,287.6800,290.5600,1227313.0000,290.5600
07/28/2009,286.2400,288.4800,282.9600,286.0800,1148625.0000,286.0800
07/29/2009,279.3600,279.8400,266.8800,267.7600,2299613.0000,267.7600
07/30/2009,274.8800,286.3200,272.4800,283.9200,2175325.0000,283.9200
07/31/2009,281.1200,296.7200,280.6400,294.4800,1827663.0000,294.4800
08/03/2009,303.4400,307.1200,302.3200,303.3600,1858738.0000,303.3600
08/04/2009,301.7600,306.0000,300.0800,303.7600,943263.0000,303.7600
08/05/2009,303.8400,306.8800,296.6400,305.6000,1592238.0000,305.6000
08/06/2009,304.4800,307.5200,298.5600,306.1600,1676263.0000,306.1600
08/07/2009,305.2000,307.5200,299.6000,301.2000,1300038.0000,301.2000
08/10/2009,303.2000,304.4800,299.2000,301.6800,854463.0000,301.6800
08/11/2009,297.9200,298.8000,292.8000,294.8800,1230150.0000,294.8800
08/12/2009,295.7600,301.2000,295.6800,298.8000,1324138.0000,298.8000
08/13/2009,301.4400,303.9200,297.6800,302.4000,1171238.0000,302.4000
08/14/2009,300.8800,300.9600,286.8800,288.2400,1618863.0000,288.2400
08/17/2009,282.4800,285.2000,279.2800,284.1600,1360038.0000,284.1600
08/18/2009,282.8000,296.3200,282.6400,294.8800,1595300.0000,294.8800
08/19/2009,290.6400,307.7600,290.4000,304.9600,2254138.0000,304.9600
08/20/2009,303.7600,305.6000,300.4000,301.3600,1575563.0000,301.3600
08/21/2009,306.4800,309.4400,303.1200,305.8400,1569350.0000,305.8400
08/24/2009,308.4800,309.9200,306.1600,306.4000,1182425.0000,306.4000
08/25/2009,307.7600,310.4000,294.4800,297.3600,1741350.0000,297.3600
08/26/2009,294.0800,297.1200,292.5600,295.6000,1555238.0000,295.6000
08/27/2009,292.5600,301.7600,289.2800,301.7600,1371213.0000,301.7600
08/28/2009,303.3600,304.4000,297.2800,301.2800,1278788.0000,301.2800
08/31/2009,292.5600,293.0400,286.4000,288.4000,1427213.0000,288.4000
09/01/2009,289.8400,295.6000,281.7600,282.1600,1587788.0000,282.1600
09/02/2009,280.3200,284.5600,277.7600,281.4400,1482125.0000,281.4400
09/03/2009,283.8400,285.2000,280.3200,282.5600,873375.0000,282.5600
09/04/2009,279.9200,283.3600,278.5600,281.0400,1027788.0000,281.0400
09/08/2009,291.7600,297.2800,288.9600,295.5200,1488788.0000,295.5200
09/09/2009,296.1600,300.2400,294.0800,295.5200,989550.0000,295.5200
09/10/2009,295.0400,299.7600,293.2800,298.9600,1074475.0000,298.9600
09/11/2009,300.4800,300.8800,285.0400,286.5600,1856738.0000,286.5600
09/14/2009,284.6400,287.9200,284.0000,285.6800,1091013.0000,285.6800
09/15/2009,287.8400,294.4000,283.9200,293.6000,1596188.0000,293.6000
09/16/2009,293.9200,300.0000,291.7600,299.4400,1480138.0000,299.4400
09/17/2009,298.0800,302.7200,297.9200,299.9200,1142625.0000,299.9200
09/18/2009,300.0000,300.5600,296.3200,296.9600,889350.0000,296.9600
09/21/2009,288.8000,289.4400,285.0400,286.8000,1651238.0000,286.8000
09/22/2009,294.7200,296.3200,292.0000,295.8400,1016675.0000,295.8400
09/23/2009,294.4000,294.4800,280.8000,281.0400,2954400.0000,281.0400
09/24/2009,279.3600,279.8400,270.0000,271.7600,3002925.0000,271.7600
09/25/2009,271.3600,276.0800,269.5200,272.0000,2066625.0000,272.0000
09/28/2009,272.0000,278.0000,271.6800,276.0800,1678413.0000,276.0800
09/29/2009,273.4400,276.8800,271.2000,274.4800,1591838.0000,274.4800
09/30/2009,276.9600,290.8000,272.5600,289.5200,3105975.0000,289.5200
10/01/2009,290.2400,292.4000,284.3200,289.8400,2923400.0000,289.8400
10/02/2009,283.9200,289.2000,283.1200,286.9600,1861400.0000,286.9600
10/05/2009,283.6000,291.8400,280.0000,289.4400,2180213.0000,289.4400
10/06/2009,292.0000,296.0000,290.0000,292.3200,1837513.0000,292.3200
10/07/2009,292.8800,294.1600,283.6000,287.6800,1987163.0000,287.6800
10/08/2009,285.7600,298.7200,285.2000,293.4400,1867525.0000,293.4400
10/09/2009,295.0400,297.4400,291.8400,297.2800,1513838.0000,297.2800
10/12/2009,302.5600,303.7600,300.4800,301.5200,1235750.0000,301.5200
10/13/2009,304.1600,306.0800,300.8800,305.2000,1600375.0000,305.2000
10/14/2009,308.1600,310.0000,306.4000,308.8800,1383838.0000,308.8800
10/15/2009,310.6400,320.8800,308.7200,319.2800,2669938.0000,319.2800
10/16/2009,319.0400,323.9200,316.3200,323.6000,1963238.0000,323.6000
10/19/2009,322.3200,327.5200,321.4400,326.0800,1573188.0000,326.0800
10/20/2009,326.7200,326.8800,320.3200,323.1200,2058238.0000,323.1200
10/21/2009,320.7200,335.3600,320.4000,330.6400,2305900.0000,330.6400
10/22/2009,330.3200,332.6400,326.5600,331.7600,1463875.0000,331.7600
10/23/2009,332.2400,332.8800,326.5600,327.2800,1364713.0000,327.2800
10/26/2009,330.4000,333.6000,318.8800,321.0400,1731100.0000,321.0400
10/27/2009,322.2400,326.2400,318.2400,324.7200,1633775.0000,324.7200
10/28/2009,322.1600,323.6800,315.4400,315.6800,1936350.0000,315.6800
10/29/2009,321.0400,329.0400,320.4800,327.2000,1518763.0000,327.2000
10/30/2009,324.1600,325.5200,314.2400,314.5600,1623113.0000,314.5600
11/02/2009,314.6400,321.7600,313.6000,319.7600,1428088.0000,319.7600
11/03/2009,315.2000,326.1600,314.3200,324.9600,1604813.0000,324.9600
11/04/2009,328.0800,331.5200,325.1200,327.9200,1881625.0000,327.9200
11/05/2009,327.2800,329.0400,324.4000,326.4000,945375.0000,326.4000
11/06/2009,319.2000,322.9600,313.8400,317.6000,2063125.0000,317.6000
11/09/2009,322.9600,327.9200,322.4000,324.0000,1151338.0000,324.0000
11/10/2009,325.8400,329.2000,318.6400,323.2800,1278638.0000,323.2800
11/11/2009,326.4000,327.5200,321.2800,324.4000,1108738.0000,324.4000
11/12/2009,320.7200,322.2400,313.3600,314.1600,1802450.0000,314.1600
11/13/2009,312.2400,315.6800,309.4400,312.9600,1501313.0000,312.9600
11/16/2009,314.4800,324.7200,314.2400,322.3200,1978488.0000,322.3200
11/17/2009,320.8800,325.8400,319.7600,323.8400,1268700.0000,323.8400
11/18/2009,326.3200,328.0000,321.3600,325.3600,1683763.0000,325.3600
11/19/2009,323.8400,324.0000,314.8800,317.2800,1647338.0000,317.2800
11/20/2009,312.6400,316.0800,311.6000,315.3600,1356200.0000,315.3600
11/23/2009,321.2800,324.0800,312.9600,315.0400,1678450.0000,315.0400
11/24/2009,313.6000,314.5600,306.6400,308.6400,1911775.0000,308.6400
11/25/2009,308.4800,316.6400,306.2400,316.0000,1489938.0000,316.0000
11/27/2009,298.9600,309.5200,298.3200,308.0000,1150450.0000,308.0000
11/30/2009,305.2800,316.2400,304.8000,313.2000,1947863.0000,313.2000
12/01/2009,318.8800,320.4800,316.5600,316.9600,1361600.0000,316.9600
12/02/2009,316.3200,316.4800,309.1200,310.7200,1598150.0000,310.7200
12/03/2009,309.1200,312.9600,306.4000,308.1600,1337538.0000,308.1600
12/04/2009,314.3200,315.4400,303.6000,306.6400,1988088.0000,306.6400
12/07/2009,301.1200,304.6400,298.9600,299.9200,1710425.0000,299.9200
12/08/2009,296.7200,297.7600,294.0800,294.8000,1533325.0000,294.8000
12/09/2009,295.5200,297.6800,284.4800,286.9600,2750188.0000,286.9600
12/10/2009,287.8400,289.0400,282.9600,285.8400,1946463.0000,285.8400
12/11/2009,285.1200,285.4400,281.7600,283.8400,2210788.0000,283.8400
12/14/2009,284.9600,286.5600,283.6800,284.6400,1507138.0000,284.6400
12/15/2009,286.4000,289.1200,285.8400,287.4400,1703963.0000,287.4400
12/16/2009,288.6400,296.2400,288.6400,293.9200,2197063.0000,293.9200
12/17/2009,292.7200,293.9200,288.0000,290.8800,1392225.0000,290.8800
12/18/2009,297.1200,298.0800,290.4000,293.2800,1773700.0000,293.2800
12/21/2009,295.6000,296.8000,288.9600,289.2800,1203700.0000,289.2800
12/22/2009,290.0000,295.7600,287.1200,292.4800,1180275.0000,292.4800
12/23/2009,297.4400,303.9200,297.1200,301.9200,1452100.0000,301.9200
12/24/2009,302.8800,305.9200,302.8800,305.6000,408863.0000,305.6000
12/28/2009,311.5200,312.4000,310.0800,310.8800,985988.0000,310.8800
12/29/2009,312.4800,312.5600,308.0000,310.7200,822100.0000,310.7200
12/30/2009,311.6000,314.9600,309.6800,313.1200,1176675.0000,313.1200
12/31/2009,315.1200,315.6800,312.7200,314.2400,719763.0000,314.2400
01/04/2010,320.3200,322.4000,318.9600,322.1600,1426038.0000,322.1600
01/05/2010,322.0000,323.6000,319.4400,323.2800,1306275.0000,323.2800
01/06/2010,322.5600,329.5200,319.1200,327.7600,2473725.0000,327.7600
01/07/2010,326.9600,328.6400,325.4400,325.7600,1252963.0000,325.7600
01/08/2010,325.0400,329.3600,323.6000,327.4400,1174188.0000,327.4400
01/11/2010,328.7200,329.5200,323.6800,324.3200,1121988.0000,324.3200
01/12/2010,320.5600,322.8800,316.2400,317.0400,1495013.0000,317.0400
01/13/2010,315.2000,317.6800,309.0400,313.6800,1937838.0000,313.6800
01/14/2010,314.4000,315.5200,311.0400,312.4800,1071988.0000,312.4800
01/15/2010,311.7600,312.1600,306.2400,307.2000,1576913.0000,307.2000
01/19/2010,304.5600,311.6000,304.2400,311.4400,1022538.0000,311.4400
01/20/2010,305.8400,306.8000,303.0400,303.1200,1429913.0000,303.1200
01/21/2010,305.7600,307.2800,296.7200,297.9200,1714650.0000,297.9200
01/22/2010,296.5600,296.7200,290.5600,290.7200,2237738.0000,290.7200
01/25/2010,292.0000,295.9200,291.2800,294.4800,1131550.0000,294.4800
01/26/2010,290.9600,294.6400,290.0000,292.0000,1138113.0000,292.0000
01/27/2010,292.3200,293.9200,284.8800,288.6400,1850538.0000,288.6400
01/28/2010,290.4800,290.8000,285.9200,289.2800,1448638.0000,289.2800
01/29/2010,291.0400,292.0000,284.0000,285.1200,1794850.0000,285.1200
02/01/2010,288.1600,293.8400,286.1600,293.7600,1305925.0000,293.7600
02/02/2010,294.7200,303.4400,294.1600,300.2400,1831350.0000,300.2400
02/03/2010,302.8000,305.3600,300.0000,301.2000,2250713.0000,301.2000
02/04/2010,296.9600,297.1200,284.0000,286.4000,2605938.0000,286.4000
02/05/2010,287.7600,288.4000,272.5600,281.6800,3667938.0000,281.6800
02/08/2010,280.6400,282.9600,277.5200,280.7200,1532313.0000,280.7200
02/09/2010,284.3200,301.7600,282.6400,289.6800,1593613.0000,289.6800
02/10/2010,288.7200,293.6000,284.4000,292.0800,1290275.0000,292.0800
02/11/2010,292.6400,296.6400,287.6000,294.2400,1497450.0000,294.2400
02/12/2010,289.2000,290.9600,284.8000,290.4800,1570538.0000,290.4800
02/16/2010,297.6000,302.6400,296.6400,302.3200,1892513.0000,302.3200
02/17/2010,301.4400,303.8400,299.7600,303.7600,1291075.0000,303.7600
02/18/2010,307.2000,309.8400,304.0800,309.8400,2019650.0000,309.8400
02/19/2010,309.2800,312.7200,307.4400,312.7200,2112275.0000,312.7200
02/22/2010,313.0400,313.8400,310.4000,312.2400,1423563.0000,312.2400
02/23/2010,309.1200,309.6800,304.8000,306.6400,1408063.0000,306.6400
02/24/2010,307.6000,312.1600,305.6000,311.9200,1246663.0000,311.9200
02/25/2010,302.8000,305.1200,300.2400,304.8800,1745050.0000,304.8800
02/26/2010,306.8000,311.8400,306.3200,310.5600,1138288.0000,310.5600
03/01/2010,312.4000,313.1200,304.1600,306.8000,1212763.0000,306.8000
03/02/2010,308.8000,315.3600,308.4000,310.4000,1269575.0000,310.4000
03/03/2010,312.5600,316.4800,309.6000,315.2000,1554150.0000,315.2000
03/04/2010,312.6400,314.3200,310.6400,313.2000,1239588.0000,313.2000
03/05/2010,316.9600,319.6800,316.5600,318.8000,1255713.0000,318.8000
03/08/2010,320.0800,320.4000,314.6400,318.3200,984788.0000,318.3200
03/09/2010,314.7200,318.9600,314.4800,316.4000,1003800.0000,316.4000
03/10/2010,316.5600,323.2000,314.7200,319.2000,1889275.0000,319.2000
03/11/2010,318.7200,320.4000,317.2000,320.4000,1009363.0000,320.4000
03/12/2010,321.2800,321.9200,313.7600,316.0800,1418013.0000,316.0800
03/15/2010,313.0400,313.1200,308.0000,310.6400,1216125.0000,310.6400
03/16/2010,314.7200,319.2000,313.9200,318.3200,1595350.0000,318.3200
03/17/2010,321.4400,323.2000,318.1600,321.8400,1568913.0000,321.8400
03/18/2010,320.7200,321.8400,318.0000,319.3600,946113.0000,319.3600
03/19/2010,313.6000,319.7600,310.8000,313.6000,1728450.0000,313.6000
03/22/2010,307.0400,317.0400,306.4000,316.4800,1330913.0000,316.4800
03/23/2010,315.1200,318.6400,314.0000,317.6000,695275.0000,317.6000
03/24/2010,311.9200,314.0000,309.8400,311.5200,1098813.0000,311.5200
03/25/2010,314.5600,315.9200,311.0400,311.2000,1123363.0000,311.2000
03/26/2010,312.8000,312.9600,308.4000,310.6400,957463.0000,310.6400
03/29/2010,314.5600,320.8800,314.3200,319.6800,1301538.0000,319.6800
03/30/2010,319.2000,320.4000,317.0400,319.6000,854788.0000,319.6000
03/31/2010,323.2000,325.0400,319.2800,322.3200,1678563.0000,322.3200
04/01/2010,328.0800,330.3200,327.6800,329.9200,1133750.0000,329.9200
04/05/2010,332.1600,336.8800,331.5200,336.5600,956388.0000,336.5600
04/06/2010,335.9200,337.5200,334.6400,336.1600,916538.0000,336.1600
04/07/2010,335.9200,336.7200,331.6000,332.1600,1066288.0000,332.1600
04/08/2010,328.9600,332.8800,327.2000,331.5200,856713.0000,331.5200
04/09/2010,332.5600,333.8400,326.4800,329.3600,1130175.0000,329.3600
04/12/2010,328.8800,331.9200,327.2000,327.4400,795413.0000,327.4400
04/13/2010,326.9600,328.5600,322.2400,327.1200,1324150.0000,327.1200
04/14/2010,329.2800,335.0400,327.5200,334.0800,1619975.0000,334.0800
04/15/2010,335.1200,335.6800,332.0000,333.6800,857750.0000,333.6800
04/16/2010,328.5600,330.6400,322.8000,324.8000,2170825.0000,324.8000
04/19/2010,317.4400,320.8800,317.3600,320.8800,1203788.0000,320.8800
04/20/2010,321.6000,325.4400,321.2000,322.4000,857938.0000,322.4000
04/21/2010,323.2800,324.8800,318.9600,322.1600,1468638.0000,322.1600
04/22/2010,317.7600,322.8000,314.3200,322.4000,849038.0000,322.4000
04/23/2010,320.2400,327.6800,319.0400,327.6000,1143813.0000,327.6000
04/26/2010,326.7200,327.5200,322.2400,322.8000,901575.0000,322.8000
04/27/2010,320.8000,324.3200,314.5600,314.9600,1528675.0000,314.9600
04/28/2010,318.1600,320.5600,314.6400,319.7600,1315313.0000,319.7600
04/29/2010,324.9600,328.6400,324.9600,328.3200,1423025.0000,328.3200
04/30/2010,331.3600,332.6400,327.6000,330.6400,1681200.0000,330.6400
05/03/2010,330.4000,335.2000,330.3200,331.6800,1042838.0000,331.6800
05/04/2010,325.2800,325.3600,317.6000,317.6000,2063563.0000,317.6000
05/05/2010,305.8400,313.9200,305.4400,306.4800,2790738.0000,306.4800
05/06/2010,303.4400,306.7200,288.0000,295.6800,3019750.0000,295.6800
05/07/2010,293.8400,295.8400,286.8000,290.4800,3110038.0000,290.4800
05/10/2010,298.0000,300.0000,292.8000,297.8400,2289388.0000,297.8400
05/11/2010,295.4400,299.0400,293.0400,294.0800,1725938.0000,294.0800
05/12/2010,295.1200,297.6000,290.5600,294.1600,1615575.0000,294.1600
05/13/2010,290.4800,293.3600,288.6400,289.0400,2195338.0000,289.0400
05/14/2010,285.2800,285.9200,276.0000,278.4800,3031463.0000,278.4800
05/17/2010,275.6000,276.1600,267.6000,271.0400,3232363.0000,271.0400
05/18/2010,276.0800,276.7200,265.3600,267.7600,2968975.0000,267.7600
05/19/2010,266.1600,269.0400,261.4400,268.0800,3236213.0000,268.0800
05/20/2010,259.3600,262.4000,253.1200,257.6000,3788038.0000,257.6000
05/21/2010,254.6400,261.7600,253.6000,258.1600,2969038.0000,258.1600
05/24/2010,259.2000,260.3200,256.7200,257.3600,1413325.0000,257.3600
05/25/2010,247.8400,255.1200,247.4400,254.8000,2214625.0000,254.8000
05/26/2010,257.8400,263.5200,257.8400,260.7200,2384438.0000,260.7200
05/27/2010,268.3200,274.6400,267.2000,274.4800,2855538.0000,274.4800
05/28/2010,273.5200,276.0800,268.0000,272.3200,1373113.0000,272.3200
06/01/2010,269.2000,276.8000,265.0400,265.4400,1768463.0000,265.4400
06/02/2010,266.8800,271.6800,265.6800,270.3200,1307525.0000,270.3200
06/03/2010,269.2000,275.3600,265.7600,274.0800,2426550.0000,274.0800
06/04/2010,268.7200,270.3200,260.1600,261.4400,1877050.0000,261.4400
06/07/2010,262.9600,266.3200,259.6000,260.7200,1200400.0000,260.7200
06/08/2010,263.5200,266.0000,261.1200,265.5200,1334425.0000,265.5200
06/09/2010,271.5200,275.1200,270.7200,271.6000,2024813.0000,271.6000
06/10/2010,277.4400,280.0000,275.5200,278.1600,1348275.0000,278.1600
06/11/2010,272.9600,276.7200,270.0800,273.8400,1211800.0000,273.8400
06/14/2010,277.7600,279.2800,272.3200,274.6400,1074525.0000,274.6400
06/15/2010,277.2800,281.9200,276.5600,281.8400,1295438.0000,281.8400
06/16/2010,280.5600,285.8400,279.1200,283.9200,1397675.0000,283.9200
06/17/2010,284.8000,285.0400,280.0800,281.1200,1066800.0000,281.1200
06/18/2010,279.6800,283.6800,278.7200,283.2800,808013.0000,283.2800
06/21/2010,287.7600,288.3200,280.7200,282.6400,1222488.0000,282.6400
06/22/2010,283.1200,284.8800,280.0000,280.0000,962988.0000,280.0000
06/23/2010,276.6400,277.2000,271.5200,273.9200,1574688.0000,273.9200
06/24/2010,275.2000,276.7200,272.0000,275.1200,1000813.0000,275.1200
06/25/2010,279.7600,285.6800,278.0800,285.2800,1629613.0000,285.2800
06/28/2010,282.7200,283.0400,280.7200,281.6800,609725.0000,281.6800
06/29/2010,273.8400,274.3200,271.6000,273.3600,1382363.0000,273.3600
06/30/2010,273.6000,276.4000,268.7200,271.6800,1464750.0000,271.6800
07/01/2010,269.0400,269.3600,260.2400,262.9600,1742513.0000,262.9600
07/02/2010,263.6000,264.4800,258.5600,260.8000,952450.0000,260.8000
07/06/2010,264.4800,266.7200,258.1600,260.8800,1013525.0000,260.8800
07/07/2010,263.2000,269.3600,263.1200,269.2000,1659575.0000,269.2000
07/08/2010,271.8400,274.1600,268.6400,273.8400,1029125.0000,273.8400
07/09/2010,272.7200,276.0800,271.2800,274.7200,805425.0000,274.7200
07/12/2010,272.7200,274.3200,268.8800,270.2400,924900.0000,270.2400
07/13/2010,276.0000,278.7200,275.9200,277.9200,955000.0000,277.9200
07/14/2010,276.5600,281.4400,275.3600,277.2800,1084750.0000,277.2800
07/15/2010,277.5200,277.6000,271.6800,276.6400,1124588.0000,276.6400
07/16/2010,274.9600,275.0400,270.9600,273.2800,1076263.0000,273.2800
07/19/2010,275.7600,279.7600,272.0800,275.6800,1031063.0000,275.6800
07/20/2010,273.2000,279.0400,272.5600,278.5600,938363.0000,278.5600
07/21/2010,280.7200,281.0400,271.2800,273.6000,1098488.0000,273.6000
07/22/2010,279.2000,284.4800,278.9600,283.3600,1363200.0000,283.3600
07/23/2010,281.9200,284.4000,281.0400,283.1200,1073213.0000,283.1200
07/26/2010,282.3200,284.1600,281.5200,282.8000,672225.0000,282.8000
07/27/2010,284.0800,284.0800,275.2000,277.3600,1540938.0000,277.3600
07/28/2010,275.5200,277.0400,271.9200,274.8800,1219388.0000,274.8800
07/29/2010,276.4800,283.6800,276.4800,280.4800,1208575.0000,280.4800
07/30/2010,276.0000,283.1200,275.3600,282.7200,890800.0000,282.7200
08/02/2010,289.4400,292.8000,288.8800,291.8400,1144375.0000,291.8400
08/03/2010,293.5200,296.0000,291.5200,295.2800,1122313.0000,295.2800
08/04/2010,295.2800,297.1200,292.8800,295.2000,1150800.0000,295.2000
08/05/2010,292.4000,294.8800,292.0800,293.6800,634613.0000,293.6800
08/06/2010,289.9200,297.2000,286.4000,289.6000,1154200.0000,289.6000
08/09/2010,290.8800,292.3200,289.1200,292.2400,660738.0000,292.2400
08/10/2010,285.9200,288.9600,283.6800,286.9600,1010863.0000,286.9600
08/11/2010,283.3600,283.5200,277.9200,277.9200,1248225.0000,277.9200
08/12/2010,273.2800,276.4000,270.3200,271.3600,1191875.0000,271.3600
08/13/2010,270.7200,272.3200,268.5600,270.3200,864213.0000,270.3200
08/16/2010,268.6400,270.2400,267.9200,268.8800,795238.0000,268.8800
08/17/2010,272.4800,274.2400,270.2400,270.9600,813613.0000,270.9600
08/18/2010,267.5200,270.8000,264.2400,269.4400,1658600.0000,269.4400
08/19/2010,269.2800,269.5200,264.7200,266.0000,1007913.0000,266.0000
08/20/2010,264.0800,264.4800,261.5200,263.6000,1016713.0000,263.6000
08/23/2010,263.3600,265.0400,259.0400,259.4400,1108825.0000,259.4400
08/24/2010,256.4000,257.6800,254.0000,254.1600,1285038.0000,254.1600
08/25/2010,254.2400,259.0400,252.0000,258.9600,1685775.0000,258.9600
08/26/2010,260.0000,263.3600,258.8800,260.9600,1257300.0000,260.9600
08/27/2010,261.2000,268.5600,256.4800,268.5600,1743238.0000,268.5600
08/30/2010,265.0400,266.7200,264.0000,264.1600,759275.0000,264.1600
08/31/2010,264.3200,265.9200,254.7200,255.3600,1878563.0000,255.3600
09/01/2010,259.7600,265.1200,259.2800,263.6000,1433925.0000,263.6000
09/02/2010,261.7600,267.4400,260.7200,267.1200,935825.0000,267.1200
09/03/2010,267.2000,268.1600,260.6400,264.7200,1272075.0000,264.7200
09/07/2010,262.4000,265.5200,258.6400,262.1600,1076038.0000,262.1600
09/08/2010,264.2400,268.1600,262.6400,265.1200,907488.0000,265.1200
09/09/2010,268.8000,269.8400,262.8000,263.1200,1030350.0000,263.1200
09/10/2010,267.1200,270.5600,265.9200,270.1600,1033238.0000,270.1600
09/13/2010,273.5200,274.8800,271.4400,272.2400,927713.0000,272.2400
09/14/2010,272.0800,275.1200,269.7600,271.1200,997413.0000,271.1200
09/15/2010,267.5200,269.6000,266.4000,267.9200,1074263.0000,267.9200
09/16/2010,266.9600,267.6800,262.8800,263.8400,883813.0000,263.8400
09/17/2010,264.8000,265.4400,258.7200,261.2000,1199113.0000,261.2000
09/20/2010,262.0800,267.8400,261.6800,265.7600,954075.0000,265.7600
09/21/2010,264.7200,265.2800,260.8000,261.2000,1240788.0000,261.2000
09/22/2010,263.8400,264.8000,257.7600,260.6400,1505863.0000,260.6400
09/23/2010,258.4000,263.8400,257.6000,261.3600,895875.0000,261.3600
09/24/2010,263.6800,267.5200,263.4400,267.2000,1085675.0000,267.2000
09/27/2010,268.8000,268.8800,263.5200,265.9200,830150.0000,265.9200
09/28/2010,265.7600,269.0400,263.6800,265.5200,798163.0000,265.5200
09/29/2010,265.5200,272.6400,263.8400,271.5200,1315563.0000,271.5200
09/30/2010,275.8400,279.6800,273.5200,278.7200,1680425.0000,278.7200
10/01/2010,282.8000,285.0400,280.7200,285.0400,1770588.0000,285.0400
10/04/2010,285.7600,287.4400,283.6000,284.7200,1232088.0000,284.7200
10/05/2010,287.2000,289.5200,285.7600,288.7200,1567163.0000,288.7200
10/06/2010,288.8800,293.3600,287.5200,290.2400,1317875.0000,290.2400
10/07/2010,292.8000,292.8800,282.6400,283.6800,1371150.0000,283.6800
10/08/2010,284.9600,289.8400,284.4000,289.2000,974925.0000,289.2000
10/11/2010,286.8000,288.7200,284.8000,284.8000,575063.0000,284.8000
10/12/2010,286.7200,286.8800,283.0400,285.2000,900250.0000,285.2000
10/13/2010,288.5600,290.8800,287.9200,289.2800,713588.0000,289.2800
10/14/2010,288.8000,292.3200,286.7200,288.0000,878350.0000,288.0000
10/15/2010,288.1600,288.8000,281.5200,283.7600,1048113.0000,283.7600
10/18/2010,284.8000,290.2400,283.8400,290.2400,1029438.0000,290.2400
10/19/2010,281.7600,284.2400,276.4800,276.9600,1828638.0000,276.9600
10/20/2010,277.6000,285.4400,277.5200,284.7200,1218988.0000,284.7200
10/21/2010,283.2800,285.1200,276.8800,278.8000,1138513.0000,278.8000
10/22/2010,281.0400,283.9200,278.8000,283.9200,877863.0000,283.9200
10/25/2010,286.8800,287.8400,281.6000,284.5600,945250.0000,284.5600
10/26/2010,283.6000,286.5600,282.9600,285.4400,613125.0000,285.4400
10/27/2010,282.4800,283.8400,278.3200,283.3600,1026613.0000,283.3600
10/28/2010,285.2800,285.3600,281.7600,283.1200,643800.0000,283.1200
10/29/2010,282.2400,283.2000,278.4800,281.3600,754925.0000,281.3600
11/01/2010,289.1200,289.6000,285.7600,286.4800,1081375.0000,286.4800
11/02/2010,290.0800,291.4400,288.7200,290.1600,890288.0000,290.1600
11/03/2010,291.6800,295.0400,288.9600,293.9200,1653200.0000,293.9200
11/04/2010,298.4800,300.1600,296.7200,299.9200,1467550.0000,299.9200
11/05/2010,299.2000,301.2000,297.2000,301.2000,977800.0000,301.2000
11/08/2010,299.4400,301.2000,297.1200,300.2400,1108375.0000,300.2400
11/09/2010,302.1600,302.4800,295.3600,296.4000,1341425.0000,296.4000
11/10/2010,300.5600,304.4800,298.8800,304.3200,1945975.0000,304.3200
11/11/2010,303.2000,304.3200,302.0800,302.7200,1106150.0000,302.7200
11/12/2010,298.0800,299.2800,291.7600,291.7600,1769275.0000,291.7600
11/15/2010,294.8000,295.3600,291.4400,292.0000,958938.0000,292.0000
11/16/2010,288.5600,288.9600,283.4400,283.6000,1862513.0000,283.6000
11/17/2010,282.5600,284.8800,276.8800,277.8400,2889638.0000,277.8400
11/18/2010,282.2400,284.6400,280.6400,284.0000,1548025.0000,284.0000
11/19/2010,281.2000,282.0000,278.3200,281.7600,953150.0000,281.7600
11/22/2010,280.0000,280.8000,276.8800,280.4000,932000.0000,280.4000
11/23/2010,277.9200,281.2800,276.4000,279.6000,1357575.0000,279.6000
11/24/2010,280.0800,288.6400,279.0400,288.6400,1282588.0000,288.6400
11/26/2010,286.4000,287.7600,285.8400,287.7600,290550.0000,287.7600
11/29/2010,289.8400,294.4800,286.8800,294.2400,1231913.0000,294.2400
11/30/2010,290.6400,293.6800,288.3200,288.3200,893213.0000,288.3200
12/01/2010,293.6000,298.3200,289.6000,297.6000,1192538.0000,297.6000
12/02/2010,297.1200,302.4000,296.7200,302.1600,871863.0000,302.1600
12/03/2010,301.2800,307.1200,300.6400,306.4800,1333225.0000,306.4800
12/06/2010,306.1600,307.6000,304.1600,305.7600,749538.0000,305.7600
12/07/2010,309.7600,309.9200,302.3200,302.4000,957588.0000,302.4000
12/08/2010,303.8400,305.3600,299.8400,303.6800,952100.0000,303.6800
12/09/2010,303.9200,305.5200,301.0400,303.5200,950388.0000,303.5200
12/10/2010,303.6800,304.0000,299.0400,301.2800,671688.0000,301.2800
12/13/2010,306.0000,306.8800,301.5200,303.1200,714738.0000,303.1200
12/14/2010,302.7200,305.2800,301.4400,303.2000,554350.0000,303.2000
12/15/2010,300.2400,305.9200,300.2400,303.9200,994550.0000,303.9200
12/16/2010,303.7600,304.4000,301.4400,302.1600,687625.0000,302.1600
12/17/2010,302.1600,304.3200,301.4400,302.4800,842250.0000,302.4800
12/20/2010,303.2000,305.6000,299.3600,304.4000,694113.0000,304.4000
12/21/2010,305.1200,306.9600,304.3200,306.3200,529850.0000,306.3200
12/22/2010,308.0800,309.9200,307.4400,309.1200,637263.0000,309.1200
12/23/2010,308.9600,312.6400,308.8000,311.8400,549375.0000,311.8400
12/27/2010,310.4000,311.3600,308.8000,309.6800,480525.0000,309.6800
12/28/2010,311.5200,312.2400,310.2400,311.2800,497800.0000,311.2800
12/29/2010,311.6000,311.9200,310.4000,310.5600,388438.0000,310.5600
12/30/2010,307.6000,308.5600,303.6800,304.9600,899013.0000,304.9600
12/31/2010,304.0800,314.0000,303.7600,312.0000,978450.0000,312.0000
01/03/2011,314.7200,315.8400,312.0000,312.4000,607838.0000,312.4000
01/04/2011,312.0000,312.0800,301.5200,304.6400,1758150.0000,304.6400
01/05/2011,302.4000,309.7600,300.6400,308.1600,1582125.0000,308.1600
01/06/2011,306.4800,306.5600,299.6000,301.4400,1399413.0000,301.4400
01/07/2011,303.4400,304.8800,297.4400,301.3600,1025713.0000,301.3600
01/10/2011,304.6400,306.0000,302.4000,305.3600,980450.0000,305.3600
01/11/2011,307.3600,311.1200,305.6800,311.0400,883925.0000,311.0400
01/12/2011,312.3200,314.1600,311.0400,311.9200,933125.0000,311.9200
01/13/2011,312.0000,313.5200,308.8000,309.2000,800413.0000,309.2000
01/14/2011,308.0800,311.6000,307.5200,311.3600,762175.0000,311.3600
01/18/2011,307.9200,312.0000,307.8400,309.8400,718000.0000,309.8400
01/19/2011,311.7600,311.7600,307.5200,308.3200,811050.0000,308.3200
01/20/2011,302.0000,302.8800,298.2400,300.5600,1706900.0000,300.5600
01/21/2011,300.8000,302.0000,298.8000,300.0800,1025725.0000,300.0800
01/24/2011,295.2000,296.7200,293.3600,295.4400,1337175.0000,295.4400
01/25/2011,291.7600,292.2400,289.4400,290.1600,1207738.0000,290.1600
01/26/2011,290.3200,294.8800,288.4000,294.8000,1378350.0000,294.8000
01/27/2011,292.8000,293.6800,287.4400,287.5200,1232088.0000,287.5200
01/28/2011,290.0000,301.6800,289.8400,300.6400,3782888.0000,300.6400
01/31/2011,298.2400,312.0800,298.0000,308.8800,3422113.0000,308.8800
02/01/2011,309.3600,310.7200,304.0000,304.5600,2034363.0000,304.5600
02/02/2011,304.8800,308.4800,302.8000,305.4400,1462100.0000,305.4400
02/03/2011,306.2400,307.1200,302.4800,304.7200,1053413.0000,304.7200
02/04/2011,307.0400,307.5200,297.2800,298.7200,2158938.0000,298.7200
02/07/2011,297.6800,298.9600,293.2800,293.2800,1369588.0000,293.2800
02/08/2011,291.0400,296.1600,290.2400,293.1200,2169475.0000,293.1200
02/09/2011,293.2000,295.3600,290.3200,292.0000,1278013.0000,292.0000
02/10/2011,290.4000,294.8800,290.0800,292.3200,1690075.0000,292.3200
02/11/2011,290.2400,292.1600,286.9600,288.4000,1839125.0000,288.4000
02/14/2011,289.5200,292.3200,286.2400,287.0400,1743525.0000,287.0400
02/15/2011,287.8400,288.1600,281.7600,283.1200,1365950.0000,283.1200
02/16/2011,285.2000,287.2000,281.6800,284.2400,2396188.0000,284.2400
02/17/2011,284.2400,288.6400,284.0800,288.4800,1642213.0000,288.4800
02/18/2011,291.0400,294.1600,287.2000,290.8800,2012000.0000,290.8800
02/22/2011,312.4000,312.4000,302.3200,307.9200,4715688.0000,307.9200
02/23/2011,312.0000,323.2800,310.8000,318.4000,5812038.0000,318.4000
02/24/2011,322.0000,324.8000,309.2800,311.7600,6136450.0000,311.7600
02/25/2011,314.9600,318.4000,312.4800,317.4400,2203313.0000,317.4400
02/28/2011,315.6000,317.7600,312.8000,313.5200,1713025.0000,313.5200
03/01/2011,316.1600,324.2400,315.8400,323.8400,2730763.0000,323.8400
03/02/2011,325.2000,331.2000,321.9200,331.1200,3260325.0000,331.1200
03/03/2011,327.3600,330.6400,323.9200,329.4400,2316225.0000,329.4400
03/04/2011,333.8400,339.3600,332.5600,338.6400,3464438.0000,338.6400
03/07/2011,342.0000,342.6400,338.0000,338.9600,3250138.0000,338.9600
03/08/2011,340.5600,340.8000,335.2800,338.4800,2495288.0000,338.4800
03/09/2011,341.2800,341.6000,336.1600,336.4000,2142625.0000,336.4000
03/10/2011,334.0800,337.2000,325.7600,331.2000,3843250.0000,331.2000
03/11/2011,323.2800,328.1600,322.8800,325.5200,3365238.0000,325.5200
03/14/2011,325.0400,327.6000,322.2400,327.2800,1597775.0000,327.2800
03/15/2011,315.0400,320.2400,313.2000,315.1200,3371613.0000,315.1200
03/16/2011,317.3600,321.5200,313.6000,317.4400,3139538.0000,317.4400
03/17/2011,322.8800,329.2000,321.6800,325.5200,1889975.0000,325.5200
03/18/2011,324.8800,328.0800,322.9600,327.7600,3311925.0000,327.7600
03/21/2011,330.1600,331.6800,328.0800,329.0400,1596588.0000,329.0400
03/22/2011,328.5600,336.2400,327.6000,335.4400,2061925.0000,335.4400
03/23/2011,336.8800,340.0000,335.9200,336.8800,2006263.0000,336.8800
03/24/2011,338.2400,340.3200,334.8800,336.4000,1573688.0000,336.4000
03/25/2011,335.7600,338.6400,334.0000,337.4400,1554963.0000,337.4400
03/28/2011,331.5200,335.2800,331.3600,331.3600,1530250.0000,331.3600
03/29/2011,331.9200,335.6000,330.5600,334.6400,985813.0000,334.6400
03/30/2011,333.5200,336.1600,330.6400,333.2800,871988.0000,333.2800
03/31/2011,339.4400,341.4400,337.6000,340.8000,1651488.0000,340.8000
04/01/2011,341.7600,345.6800,339.8400,345.3600,1877400.0000,345.3600
04/04/2011,344.9600,347.1200,344.0000,346.0800,1277363.0000,346.0800
04/05/2011,344.9600,347.1200,344.0800,344.8000,1228700.0000,344.8000
04/06/2011,346.9600,348.7200,344.9600,346.9600,1359313.0000,346.9600
04/07/2011,347.9200,352.8800,346.4000,351.9200,1181238.0000,351.9200
04/08/2011,355.5200,361.6000,354.6400,361.2000,1566913.0000,361.2000
04/11/2011,358.3200,359.0400,348.6400,349.1200,1811475.0000,349.1200
04/12/2011,345.9200,346.0000,337.3600,338.4000,2267438.0000,338.4000
04/13/2011,341.4400,343.6000,336.8000,342.0000,1737775.0000,342.0000
04/14/2011,341.6000,346.8000,340.9600,346.2400,1232000.0000,346.2400
04/15/2011,344.7200,351.6800,343.6000,349.6800,1409050.0000,349.6800
04/18/2011,345.2800,345.5200,340.4000,343.0400,1353313.0000,343.0400
04/19/2011,340.9600,346.6400,340.0000,343.6000,958600.0000,343.6000
04/20/2011,347.6800,354.8000,346.8800,353.7600,1559825.0000,353.7600
04/21/2011,353.5200,357.1200,352.7200,356.5600,822338.0000,356.5600
04/25/2011,358.9600,359.1200,352.9600,356.2400,830038.0000,356.2400
04/26/2011,355.5200,357.6000,354.3200,355.8400,725000.0000,355.8400
04/27/2011,356.5600,360.3200,351.7600,360.1600,1545713.0000,360.1600
04/28/2011,358.4800,362.0800,354.8800,358.6400,1435813.0000,358.6400
04/29/2011,359.2000,362.8000,357.6800,361.2000,838863.0000,361.2000
05/02/2011,359.9200,364.8000,359.3600,359.4400,1527363.0000,359.4400
05/03/2011,358.0800,358.6400,350.4000,352.6400,2006300.0000,352.6400
05/04/2011,351.3600,352.0800,344.6400,346.0800,1802538.0000,346.0800
05/05/2011,335.9200,336.4000,312.1600,314.5600,7612500.0000,314.5600
05/06/2011,313.9200,325.2000,308.0000,310.9600,5262113.0000,310.9600
05/09/2011,315.2800,328.3200,314.2400,326.9600,2771163.0000,326.9600
05/10/2011,321.7600,330.0800,319.8400,328.6400,1925713.0000,328.6400
05/11/2011,325.3600,325.5200,309.7600,314.8000,3534950.0000,314.8000
05/12/2011,309.6800,318.9600,304.9600,314.2400,3776275.0000,314.2400
05/13/2011,314.1600,316.8800,308.2400,315.5200,2574263.0000,315.5200
05/16/2011,314.0800,316.1600,307.6000,308.0800,1908113.0000,308.0800
05/17/2011,306.0000,308.8800,301.7600,308.4000,2480788.0000,308.4000
05/18/2011,313.3600,320.2400,311.7600,316.0000,1951563.0000,316.0000
05/19/2011,316.4800,318.4000,311.5200,312.5600,1713400.0000,312.5600
05/20/2011,311.5200,317.0400,304.2400,315.7600,2695300.0000,315.7600
05/23/2011,306.4800,309.8400,304.2400,307.7600,2125000.0000,307.7600
05/24/2011,314.0800,316.0000,309.2000,314.2400,1678688.0000,314.2400
05/25/2011,311.7600,320.8000,311.6000,319.4400,2450625.0000,319.4400
05/26/2011,318.7200,319.9200,314.5600,316.8000,1549638.0000,316.8000
05/27/2011,318.0000,318.8000,316.0000,317.6800,944713.0000,317.6800
05/31/2011,325.2800,325.9200,321.6800,324.0000,1289788.0000,324.0000
06/01/2011,324.3200,324.4800,315.4400,316.1600,1554838.0000,316.1600
06/02/2011,317.3600,318.5600,310.8800,317.4400,1962625.0000,317.4400
06/03/2011,311.4400,317.7600,310.8000,317.2800,1494163.0000,317.2800
06/06/2011,315.2000,315.6000,311.1200,312.0000,1375575.0000,312.0000
06/07/2011,311.8400,314.7200,308.5600,312.4000,1154825.0000,312.4000
06/08/2011,314.8000,321.6000,314.8000,318.8000,2270475.0000,318.8000
06/09/2011,320.0000,323.2000,318.0800,321.1200,1108750.0000,321.1200
06/10/2011,316.6400,316.8800,311.2800,312.5600,1447813.0000,312.5600
06/13/2011,309.7600,312.4000,303.6000,306.0800,1592013.0000,306.0800
06/14/2011,307.0400,313.6000,307.0400,312.8000,1052950.0000,312.8000
06/15/2011,311.6800,315.1200,296.5600,300.6400,2538400.0000,300.6400
06/16/2011,299.7600,300.9600,297.6000,299.3600,1314550.0000,299.3600
06/17/2011,294.0000,296.2400,289.6000,293.0400,1662613.0000,293.0400
06/20/2011,291.9200,294.5600,290.6400,293.7600,854000.0000,293.7600
06/21/2011,295.5200,297.7600,291.6000,294.3200,1221725.0000,294.3200
06/22/2011,295.7600,300.4000,295.2800,296.8000,1117313.0000,296.8000
06/23/2011,286.0000,288.8800,281.6800,288.0800,3160463.0000,288.0800
06/24/2011,285.5200,287.0400,281.9200,286.4800,1497338.0000,286.4800
06/27/2011,282.6400,286.3200,281.1200,285.1200,912338.0000,285.1200
06/28/2011,287.0400,291.6800,285.5200,291.3600,1219063.0000,291.3600
06/29/2011,291.8400,300.8000,291.5200,297.8400,1981775.0000,297.8400
06/30/2011,297.8400,300.7200,294.6400,297.9200,1228713.0000,297.9200
07/01/2011,295.7600,299.3600,293.2800,297.2000,1261250.0000,297.2000
07/05/2011,301.7600,305.8400,301.0400,303.6800,1098488.0000,303.6800
07/06/2011,303.8400,305.1200,301.4400,303.1200,947038.0000,303.1200
07/07/2011,308.9600,311.8400,307.3600,308.8800,1710113.0000,308.8800
07/08/2011,304.0800,304.7200,300.0000,302.4000,1151125.0000,302.4000
07/11/2011,298.2400,301.0400,295.4400,298.3200,1062188.0000,298.3200
07/12/2011,297.2000,305.7600,295.8400,303.4400,1397275.0000,303.4400
07/13/2011,304.1600,310.9600,302.6400,306.8000,1326188.0000,306.8000
07/14/2011,309.4400,310.0000,296.4800,300.4000,1365400.0000,300.4000
07/15/2011,302.5600,306.2400,302.4000,305.0400,1214825.0000,305.0400
07/18/2011,301.6000,301.8400,296.8000,300.7200,1072438.0000,300.7200
07/19/2011,305.2800,308.9600,304.9600,306.0000,985175.0000,306.0000
07/20/2011,308.1600,308.9600,302.5600,307.2000,916038.0000,307.2000
07/21/2011,308.7200,312.6400,307.6800,309.7600,1131488.0000,309.7600
07/22/2011,308.6400,312.7200,308.0000,311.4400,623650.0000,311.4400
07/25/2011,308.0000,311.4400,307.6800,309.4400,500625.0000,309.4400
07/26/2011,308.3200,314.0000,305.1200,310.4800,1130375.0000,310.4800
07/27/2011,307.6000,307.9200,303.4400,303.7600,1307450.0000,303.7600
07/28/2011,304.1600,305.9200,302.2400,303.2800,637775.0000,303.2800
07/29/2011,298.2400,300.7200,297.6000,299.3600,1154575.0000,299.3600
08/01/2011,307.1200,307.7600,291.6800,297.6000,1693450.0000,297.6000
08/02/2011,294.7200,298.6400,290.7200,291.2000,1312188.0000,291.2000
08/03/2011,291.5200,291.7600,284.7200,286.8800,1776650.0000,286.8800
08/04/2011,284.9600,285.2000,268.6400,269.8400,3415875.0000,269.8400
08/05/2011,272.0000,274.5600,263.2000,271.6000,2794350.0000,271.6000
08/08/2011,260.4000,263.9200,250.2400,252.0800,3487925.0000,252.0800
08/09/2011,255.7600,258.6400,242.4800,252.9600,3901175.0000,252.9600
08/10/2011,251.9200,259.3600,248.2400,254.2400,3024450.0000,254.2400
08/11/2011,257.8400,268.0800,255.4400,266.4000,2704725.0000,266.4000
08/12/2011,270.8000,272.4800,265.0400,265.8400,1436288.0000,265.8400
08/15/2011,269.2800,274.3200,269.1200,273.7600,1308450.0000,273.7600
08/16/2011,269.7600,273.7600,267.6000,270.6400,1607850.0000,270.6400
08/17/2011,275.2800,277.0400,271.2000,272.0800,1729800.0000,272.0800
08/18/2011,264.1600,264.7200,252.4800,253.7600,2415463.0000,253.7600
08/19/2011,251.7600,260.1600,251.6000,256.9600,2069425.0000,256.9600
08/22/2011,261.7600,263.3600,254.8000,261.7600,1795238.0000,261.7600
08/23/2011,263.1200,268.3200,259.0400,267.3600,2177075.0000,267.3600
08/24/2011,266.0000,268.8800,263.1200,264.6400,1613138.0000,264.6400
08/25/2011,267.6800,268.9600,257.9200,263.7600,1458750.0000,263.7600
08/26/2011,262.2400,266.0000,257.6800,265.2000,1786850.0000,265.2000
08/29/2011,271.7600,272.1600,269.5200,271.6800,878963.0000,271.6800
08/30/2011,271.8400,277.0400,269.7600,275.5200,1170488.0000,275.5200
08/31/2011,274.6400,278.0800,273.9200,276.0800,1180913.0000,276.0800
09/01/2011,275.8400,279.1200,274.6400,275.7600,1069813.0000,275.7600
09/02/2011,266.9600,271.5200,265.3600,269.1200,1486263.0000,269.1200
09/06/2011,260.9600,268.8800,260.8000,268.7200,1113663.0000,268.7200
09/07/2011,272.1600,278.5600,271.5200,277.5200,1347688.0000,277.5200
09/08/2011,277.2000,280.0000,275.1200,275.6800,1162363.0000,275.6800
09/09/2011,269.5200,271.7600,266.0000,270.8000,1362850.0000,270.8000
09/12/2011,269.5200,275.9200,268.4000,275.3600,1212250.0000,275.3600
09/13/2011,276.9600,280.6400,275.2000,278.8000,1215288.0000,278.8000
09/14/2011,277.9200,278.6400,273.4400,274.7200,1371700.0000,274.7200
09/15/2011,277.8400,279.6800,276.2400,276.8000,1128550.0000,276.8000
09/16/2011,277.2000,277.6000,270.1600,273.1200,1305113.0000,273.1200
09/19/2011,266.0800,267.6800,263.1200,266.3200,1082425.0000,266.3200
09/20/2011,266.6400,271.5200,265.6000,267.4400,957788.0000,267.4400
09/21/2011,267.9200,272.4800,263.2800,263.3600,1527750.0000,263.3600
09/22/2011,251.2000,254.6400,246.8000,249.0400,2741138.0000,249.0400
09/23/2011,245.5200,250.4000,244.7200,248.7200,1998513.0000,248.7200
09/26/2011,245.6800,252.0000,241.8400,251.7600,1327050.0000,251.7600
09/27/2011,256.9600,262.6400,256.6400,258.9600,1557575.0000,258.9600
09/28/2011,259.0400,259.9200,249.3600,250.0000,1605725.0000,250.0000
09/29/2011,257.1200,260.0800,253.2800,255.7600,1721075.0000,255.7600
09/30/2011,248.7200,252.5600,243.6800,243.9200,1956825.0000,243.9200
10/03/2011,240.0800,246.5600,237.6800,237.9200,2077275.0000,237.9200
10/04/2011,235.2000,241.4400,232.8000,239.2800,2407575.0000,239.2800
10/05/2011,240.4800,247.2000,238.2400,246.7200,2471875.0000,246.7200
10/06/2011,245.9200,256.6400,244.9600,255.8400,1749313.0000,255.8400
10/07/2011,257.7600,259.3600,251.9200,256.3200,1969875.0000,256.3200
10/10/2011,261.8400,266.4000,261.4400,265.9200,1426413.0000,265.9200
10/11/2011,262.8000,268.2400,261.2000,264.0800,1523075.0000,264.0800
10/12/2011,265.7600,267.6000,263.1200,263.3600,930425.0000,263.3600
10/13/2011,260.6400,263.9200,257.5200,261.2000,1275550.0000,261.2000
10/14/2011,269.2800,270.9600,266.6400,270.9600,1035188.0000,270.9600
10/17/2011,268.4000,269.3600,266.0000,267.4400,814338.0000,267.4400
10/18/2011,269.0400,275.6000,265.1200,273.2000,1282513.0000,273.2000
10/19/2011,273.2000,277.0400,265.7600,266.4800,1324513.0000,266.4800
10/20/2011,265.9200,267.5200,260.1600,266.6400,1495313.0000,266.6400
10/21/2011,271.3600,274.4800,268.3200,270.8000,1140925.0000,270.8000
10/24/2011,272.3200,283.7600,272.1600,283.0400,2074325.0000,283.0400
10/25/2011,288.3200,291.9200,284.8800,286.4000,2940038.0000,286.4000
10/26/2011,286.7200,287.1200,278.0000,280.4800,2241438.0000,280.4800
10/27/2011,288.0800,291.0400,285.8400,289.6800,1520713.0000,289.6800
10/28/2011,285.2800,289.9200,284.7200,288.2400,1023088.0000,288.2400
10/31/2011,283.6800,288.8000,282.1600,285.9200,1201075.0000,285.9200
11/01/2011,277.0400,284.8800,276.3200,281.6000,1941700.0000,281.6000
11/02/2011,288.4800,289.2800,283.2800,285.3600,1282300.0000,285.3600
11/03/2011,289.0400,292.1600,285.7600,290.5600,1359213.0000,290.5600
11/04/2011,290.4000,291.8400,286.8800,291.6800,1222525.0000,291.6800
11/07/2011,293.8400,296.7200,291.7600,296.7200,2039600.0000,296.7200
11/08/2011,298.0800,299.5200,295.3600,299.4400,1358800.0000,299.4400
11/09/2011,294.8000,302.0000,291.9200,296.0000,2530225.0000,296.0000
11/10/2011,300.8800,303.6000,297.6000,301.7600,1540038.0000,301.7600
11/11/2011,302.8800,306.0800,302.8800,305.6800,1187588.0000,305.6800
11/14/2011,303.6000,304.4000,300.5600,302.8800,1095575.0000,302.8800
11/15/2011,304.9600,308.5600,304.0800,307.4400,1679950.0000,307.4400
11/16/2011,314.8000,317.9200,312.5600,314.7200,2814250.0000,314.7200
11/17/2011,312.5600,313.7600,303.9200,305.8400,2386913.0000,305.8400
11/18/2011,307.0400,307.4400,298.8000,302.5600,1540513.0000,302.5600
11/21/2011,299.2800,301.3600,294.3200,300.7200,1604513.0000,300.7200
11/22/2011,301.7600,304.9600,298.6400,302.5600,1138625.0000,302.5600
11/23/2011,296.9600,299.7600,294.6400,297.2800,1434163.0000,297.2800
11/25/2011,296.6400,301.1200,295.6800,297.2800,575613.0000,297.2800
11/28/2011,306.4800,307.0400,300.1600,302.8000,1404950.0000,302.8000
11/29/2011,305.4400,309.3600,304.3200,308.4000,2251888.0000,308.4000
11/30/2011,312.4800,314.0000,309.6800,310.2400,2405613.0000,310.2400
12/01/2011,309.2800,312.6400,305.4400,308.8800,1174113.0000,308.8800
12/02/2011,311.0400,312.7200,308.2400,312.2400,1166438.0000,312.2400
12/05/2011,315.7600,316.0000,309.6800,312.0800,1096500.0000,312.0800
12/06/2011,311.1200,313.2800,309.9200,312.0000,1107938.0000,312.0000
12/07/2011,312.5600,313.2000,307.9200,310.4800,1054288.0000,310.4800
12/08/2011,308.1600,309.2000,301.7600,302.2400,1398388.0000,302.2400
12/09/2011,302.2400,308.0800,301.6000,308.0000,825500.0000,308.0000
12/12/2011,303.6800,303.9200,301.3600,303.0400,818825.0000,303.0400
12/13/2011,304.5600,312.7200,304.5600,308.8800,2517288.0000,308.8800
12/14/2011,299.2000,300.6400,291.0400,293.2800,2901813.0000,293.2800
12/15/2011,295.2000,295.5200,288.4000,289.0400,1577088.0000,289.0400
12/16/2011,289.4400,292.0000,285.8400,290.1600,1572350.0000,290.1600
12/19/2011,291.1200,291.6000,287.4400,289.6000,927275.0000,289.6000
12/20/2011,298.4000,300.8800,297.7600,300.4800,1255200.0000,300.4800
12/21/2011,301.3600,305.9200,300.1600,304.8800,1341000.0000,304.8800
12/22/2011,306.1600,308.4000,305.6800,306.2400,672100.0000,306.2400
12/23/2011,307.7600,308.8800,306.9600,307.9200,270275.0000,307.9200
12/27/2011,307.9200,313.6800,307.6800,312.4800,979263.0000,312.4800
12/28/2011,311.0400,311.1200,305.5200,306.7200,706788.0000,306.7200
12/29/2011,307.1200,307.6800,302.9600,307.2800,1115538.0000,307.2800
12/30/2011,304.8000,307.9200,303.9200,304.8800,514288.0000,304.8800
01/03/2012,313.9200,318.0000,313.9200,317.5200,1546238.0000,317.5200
01/04/2012,316.0000,319.6800,315.0400,318.1600,1726600.0000,318.1600
01/05/2012,315.9200,318.8000,312.9600,313.3600,1474950.0000,313.3600
01/06/2012,315.1200,315.1200,310.8800,313.7600,1220075.0000,313.7600
01/09/2012,312.8800,313.1200,308.4800,312.6400,938663.0000,312.6400
01/10/2012,316.5600,317.8400,314.6400,314.7200,882788.0000,314.7200
01/11/2012,312.7200,314.4800,309.9200,311.3600,1107638.0000,311.3600
01/12/2012,314.3200,317.2800,303.6000,304.4800,2293825.0000,304.4800
01/13/2012,303.2000,305.6800,301.1200,305.2800,1408650.0000,305.2800
01/17/2012,308.7200,310.7200,306.4800,310.3200,1271813.0000,310.3200
01/18/2012,311.0400,312.2400,307.5200,310.6400,1556900.0000,310.6400
01/19/2012,312.6400,312.8800,307.7600,309.5200,1315213.0000,309.5200
01/20/2012,305.3600,305.6000,301.4400,302.2400,1650700.0000,302.2400
01/23/2012,304.1600,308.1600,303.6800,307.1200,1058813.0000,307.1200
01/24/2012,302.4000,305.6000,302.0000,304.8000,808288.0000,304.8000
01/25/2012,302.5600,308.6400,299.9200,306.8000,1774825.0000,306.8000
01/26/2012,311.5200,311.6800,305.1200,306.9600,881725.0000,306.9600
01/27/2012,306.2400,309.3600,304.7200,306.4000,905850.0000,306.4000
01/30/2012,303.4400,306.2400,302.6400,304.0800,668700.0000,304.0800
01/31/2012,310.6400,310.7200,300.8800,302.5600,1210913.0000,302.5600
02/01/2012,305.0400,305.8400,298.8000,299.0400,1295413.0000,299.0400
02/02/2012,297.2800,298.5600,293.4400,297.0400,1146975.0000,297.0400
02/03/2012,297.9200,301.3600,296.5600,300.7200,1430913.0000,300.7200
02/06/2012,298.6400,300.2400,297.0400,298.6400,765763.0000,298.6400
02/07/2012,296.5600,304.6400,296.3200,303.6000,1279625.0000,303.6000
02/08/2012,306.8800,307.5200,301.5200,304.3200,1130725.0000,304.3200
02/09/2012,307.1200,307.8400,305.2000,306.6400,582938.0000,306.6400
02/10/2012,300.4000,304.1600,300.0800,304.1600,751075.0000,304.1600
02/13/2012,308.0800,310.3200,305.2000,309.5200,1801000.0000,309.5200
02/14/2012,312.4800,312.8000,308.0800,310.7200,1052325.0000,310.7200
02/15/2012,312.4800,313.4400,310.9600,313.4400,1107075.0000,313.4400
02/16/2012,312.2400,315.2000,311.4400,314.2400,795000.0000,314.2400
02/17/2012,317.6800,318.0000,315.4400,318.0000,986850.0000,318.0000
02/21/2012,321.0400,325.9200,320.3200,324.6400,1423688.0000,324.6400
02/22/2012,324.0000,326.6400,323.4400,324.7200,1106025.0000,324.7200
02/23/2012,324.4800,331.2800,322.8000,330.9600,1214988.0000,330.9600
02/24/2012,332.8000,336.5600,330.4000,336.0800,1503988.0000,336.0800
02/27/2012,332.2400,334.8000,328.2400,329.4400,1417188.0000,329.4400
02/28/2012,330.9600,332.8800,325.2800,326.3200,1242913.0000,326.3200
02/29/2012,326.8000,328.5600,320.8000,327.3600,2474675.0000,327.3600
03/01/2012,329.1200,338.4000,326.5600,334.0000,3071988.0000,334.0000
03/02/2012,330.2400,330.5600,323.8400,326.1600,1930275.0000,326.1600
03/05/2012,327.4400,327.9200,324.5600,327.7600,924863.0000,327.7600
03/06/2012,320.8000,323.2000,319.7600,321.0400,1261475.0000,321.0400
03/07/2012,320.2400,325.9200,319.2800,324.8800,1109288.0000,324.8800
03/08/2012,325.4400,328.0000,323.8400,326.5600,911325.0000,326.5600
03/09/2012,326.4800,330.8800,325.9200,328.7200,935900.0000,328.7200
03/12/2012,324.4800,326.0800,322.4000,325.6000,645075.0000,325.6000
03/13/2012,324.6400,328.4800,323.5200,326.6400,893375.0000,326.6400
03/14/2012,325.3600,327.5200,321.7600,323.2800,1092875.0000,323.2800
03/15/2012,323.2800,324.4800,317.6000,322.2400,3414350.0000,322.2400
03/16/2012,323.4400,329.3600,322.7200,328.2400,1076550.0000,328.2400
03/19/2012,329.5200,331.0400,328.4800,330.3200,724188.0000,330.3200
03/20/2012,326.2400,326.4000,321.8400,323.4400,1215913.0000,323.4400
03/21/2012,324.2400,327.7600,323.4400,325.2800,1052400.0000,325.2800
03/22/2012,319.2000,321.4400,318.2400,321.1200,1327450.0000,321.1200
03/23/2012,321.6800,329.6800,320.3200,325.5200,2200050.0000,325.5200
03/26/2012,325.6800,326.7200,324.6400,326.1600,543525.0000,326.1600
03/27/2012,326.8000,328.0000,324.3200,325.6800,932513.0000,325.6800
03/28/2012,321.0400,321.6000,318.8000,321.5200,1227575.0000,321.5200
03/29/2012,320.2400,320.9600,310.9600,314.3200,1600488.0000,314.3200
03/30/2012,315.0400,317.0400,312.9600,313.8400,735475.0000,313.8400
04/02/2012,311.4400,321.0400,311.0400,320.2400,959613.0000,320.2400
04/03/2012,319.6000,320.1600,315.4400,317.2800,628650.0000,317.2800
04/04/2012,312.9600,313.8400,307.7600,310.7200,1086675.0000,310.7200
04/05/2012,309.8400,314.8000,309.6800,314.0800,532288.0000,314.0800
04/09/2012,308.4800,312.3200,306.8800,311.7600,715500.0000,311.7600
04/10/2012,311.0400,313.3600,306.4800,308.0800,825250.0000,308.0800
04/11/2012,309.4400,313.8400,308.5600,312.0800,1029088.0000,312.0800
04/12/2012,313.2000,317.1200,313.0400,315.5200,724200.0000,315.5200
04/13/2012,314.0000,314.6400,312.1600,313.2000,508963.0000,313.2000
04/16/2012,313.0400,314.4800,309.8400,313.4400,720338.0000,313.4400
04/17/2012,318.6400,319.1200,316.3200,317.1200,675913.0000,317.1200
04/18/2012,315.7600,316.5600,310.8800,312.4000,641925.0000,312.4000
04/19/2012,312.3200,313.1200,309.3600,311.6800,689088.0000,311.6800
04/20/2012,316.0800,316.8800,312.9600,315.1200,670525.0000,315.1200
04/23/2012,309.8400,312.4000,308.4000,312.2400,693913.0000,312.2400
04/24/2012,314.9600,315.1200,312.0800,313.3600,517850.0000,313.3600
04/25/2012,314.6400,316.7200,312.3200,315.2800,1070063.0000,315.2800
04/26/2012,315.5200,317.7600,315.0400,316.2400,669163.0000,316.2400
04/27/2012,316.4000,318.0000,315.0400,316.9600,480638.0000,316.9600
04/30/2012,315.4400,318.4800,314.9600,317.4400,609150.0000,317.4400
05/01/2012,317.0400,322.3200,317.0400,321.2000,757450.0000,321.2000
05/02/2012,320.0800,320.4800,317.6800,319.1200,713513.0000,319.1200
05/03/2012,315.4400,315.5200,310.0000,310.6400,1134963.0000,310.6400
05/04/2012,302.7200,303.9200,295.3600,298.3200,2510975.0000,298.3200
05/07/2012,294.8800,297.2800,292.0000,296.4000,1345650.0000,296.4000
05/08/2012,293.8400,295.2000,289.2000,294.9600,1337388.0000,294.9600
05/09/2012,289.9200,293.2800,288.2400,292.1600,1426500.0000,292.1600
05/10/2012,294.8800,295.7600,292.4000,292.8800,593325.0000,292.8800
05/11/2012,290.1600,294.1600,289.9200,290.0800,563388.0000,290.0800
05/14/2012,285.6800,287.8400,284.2400,284.8800,657463.0000,284.8800
05/15/2012,286.4000,287.7600,281.7600,282.2400,784375.0000,282.2400
05/16/2012,281.5200,285.1200,279.5200,280.4000,1330638.0000,280.4000
05/17/2012,283.0400,283.6000,278.8800,280.3200,721625.0000,280.3200
05/18/2012,279.1200,280.3200,275.4400,275.4400,901425.0000,275.4400
05/21/2012,277.4400,281.5200,276.8000,281.2000,692525.0000,281.2000
05/22/2012,279.2800,280.0000,275.1200,275.8400,660525.0000,275.8400
05/23/2012,275.3600,275.6800,269.2800,272.7200,1162500.0000,272.7200
05/24/2012,274.3200,276.0000,272.0000,274.0800,896475.0000,274.0800
05/25/2012,273.6800,274.9600,273.2800,273.7600,387750.0000,273.7600
05/29/2012,276.2400,278.0800,272.2400,273.8400,777938.0000,273.8400
05/30/2012,268.1600,268.3200,263.4400,264.1600,909888.0000,264.1600
05/31/2012,264.3200,264.7200,258.9600,260.8800,1363000.0000,260.8800
06/01/2012,253.6000,254.9600,248.2400,251.4400,1827250.0000,251.4400
06/04/2012,250.7200,254.4800,249.8400,254.0800,1482438.0000,254.0800
06/05/2012,252.8800,254.6400,252.4800,254.0800,928925.0000,254.0800
06/06/2012,256.7200,260.0800,255.6000,257.2000,1311325.0000,257.2000
06/07/2012,262.1600,262.4000,252.8800,253.7600,1021538.0000,253.7600
06/08/2012,249.5200,255.2000,249.0400,254.4000,1111950.0000,254.4000
06/11/2012,255.2000,255.2000,245.3600,245.6000,1247625.0000,245.6000
06/12/2012,250.5600,252.3200,248.9600,251.3600,846613.0000,251.3600
06/13/2012,248.3200,253.2000,247.6800,248.8000,891650.0000,248.8000
06/14/2012,249.5200,254.4000,248.3200,253.8400,617663.0000,253.8400
06/15/2012,253.1200,254.3200,251.6000,253.0400,610325.0000,253.0400
06/18/2012,248.1600,252.8800,247.4400,250.5600,693825.0000,250.5600
06/19/2012,253.9200,254.4800,251.9200,253.4400,915438.0000,253.4400
06/20/2012,252.4000,252.6400,242.8800,243.9200,2736163.0000,243.9200
06/21/2012,242.4000,243.2000,234.4800,235.6800,2307575.0000,235.6800
06/22/2012,236.5600,241.4400,235.6000,240.8000,1278888.0000,240.8000
06/25/2012,237.4400,238.7200,234.4000,238.4000,1082275.0000,238.4000
06/26/2012,238.3200,239.2800,235.4400,238.4800,862200.0000,238.4800
06/27/2012,240.9600,242.9600,239.6000,241.6000,1166500.0000,241.6000
06/28/2012,239.5200,240.1600,232.1600,236.0000,1760075.0000,236.0000
06/29/2012,246.0800,256.2400,244.4800,254.6400,2551700.0000,254.6400
07/02/2012,251.4400,253.6000,246.5600,251.4400,2193838.0000,251.4400
07/03/2012,261.5200,264.3200,260.3200,263.5200,1744875.0000,263.5200
07/05/2012,261.5200,264.6400,259.7600,260.9600,1239488.0000,260.9600
07/06/2012,254.1600,255.9200,252.4000,252.7200,1196738.0000,252.7200
07/09/2012,253.6800,259.6800,253.2800,257.3600,836713.0000,257.3600
07/10/2012,257.2000,257.3600,251.2000,252.1600,1024375.0000,252.1600
07/11/2012,255.6000,259.6000,254.2400,258.6400,1541913.0000,258.6400
07/12/2012,254.7200,259.2800,252.9600,257.6000,948850.0000,257.6000
07/13/2012,259.1200,262.9600,259.1200,261.4400,615313.0000,261.4400
07/16/2012,262.4000,265.6000,260.7200,264.9600,856525.0000,264.9600
07/17/2012,267.2000,268.3200,262.4000,267.0400,1149763.0000,267.0400
07/18/2012,267.8400,270.0000,267.0400,269.5200,870763.0000,269.5200
07/19/2012,273.9200,278.7200,273.6800,277.1200,1486100.0000,277.1200
07/20/2012,273.2800,275.3600,271.6800,273.6000,1055038.0000,273.6000
07/23/2012,264.1600,268.2400,262.6400,264.0000,1222400.0000,264.0000
07/24/2012,264.8000,266.1600,262.8000,265.2000,1046813.0000,265.2000
07/25/2012,264.8000,267.0400,259.6000,265.6800,1106275.0000,265.6800
07/26/2012,269.2000,270.0000,266.1600,267.2800,704875.0000,267.2800
07/27/2012,268.0800,270.3200,267.0400,269.3600,727075.0000,269.3600
07/30/2012,268.8000,269.9200,266.9600,267.6000,649625.0000,267.6000
07/31/2012,267.6000,268.0800,261.2000,261.4400,1135413.0000,261.4400
08/01/2012,264.2400,267.2800,262.7200,265.3600,1111963.0000,265.3600
08/02/2012,260.8000,264.3200,259.6800,260.8000,1036525.0000,260.8000
08/03/2012,268.2400,274.0800,267.7600,272.5600,1484950.0000,272.5600
08/06/2012,271.6000,275.8400,271.2000,275.3600,836700.0000,275.3600
08/07/2012,277.1200,282.0000,276.3200,279.2800,848038.0000,279.2800
08/08/2012,280.2400,282.9600,277.6000,278.9600,756950.0000,278.9600
08/09/2012,279.6800,281.3600,278.4000,279.4400,354563.0000,279.4400
08/10/2012,275.8400,278.9600,274.7200,278.8000,439038.0000,278.8000
08/13/2012,279.6800,280.0000,275.0400,277.2800,512100.0000,277.2800
08/14/2012,279.1200,280.7200,277.7600,279.3600,536425.0000,279.3600
08/15/2012,277.5200,283.6000,277.4400,281.5200,976413.0000,281.5200
08/16/2012,282.6400,286.0800,281.3600,284.4800,893438.0000,284.4800
08/17/2012,286.0800,287.6000,284.1600,287.6000,641338.0000,287.6000
08/20/2012,286.5600,287.0400,283.9200,286.6400,661500.0000,286.6400
08/21/2012,290.6400,291.3600,287.4400,287.8400,868713.0000,287.8400
08/22/2012,287.7600,290.4000,287.2800,289.7600,897113.0000,289.7600
08/23/2012,290.8000,291.6000,285.2000,286.0800,1219388.0000,286.0800
08/24/2012,287.4400,289.3600,284.8800,285.4400,535225.0000,285.4400
08/27/2012,283.6000,284.9600,281.1200,284.8800,926350.0000,284.8800
08/28/2012,285.8400,287.2000,284.1600,286.3200,698438.0000,286.3200
08/29/2012,285.9200,285.9200,282.1600,283.0400,954188.0000,283.0400
08/30/2012,283.2800,283.6000,279.7600,282.0800,642013.0000,282.0800
08/31/2012,286.9600,288.6400,282.6400,287.1200,1034725.0000,287.1200
09/04/2012,287.6800,287.8400,282.8000,284.0800,824138.0000,284.0800
09/05/2012,283.7600,284.7200,280.7200,284.5600,853275.0000,284.5600
09/06/2012,287.9200,290.8800,281.8400,281.8400,1577913.0000,281.8400
09/07/2012,283.7600,288.0000,280.0800,287.0400,1304588.0000,287.0400
09/10/2012,285.1200,287.7600,284.3200,286.8000,537350.0000,286.8000
09/11/2012,288.8000,289.6000,287.6000,288.8800,734888.0000,288.8800
09/12/2012,289.3600,290.2400,287.7600,288.3200,722213.0000,288.3200
09/13/2012,292.5600,292.8800,287.2800,292.0800,1195038.0000,292.0800
09/14/2012,295.6800,297.3600,293.2000,294.7200,919463.0000,294.7200
09/17/2012,294.8800,296.1600,281.8400,286.0000,3109013.0000,286.0000
09/18/2012,286.2400,287.5200,283.1200,284.5600,1011488.0000,284.5600
09/19/2012,279.6000,279.6800,271.6800,272.9600,2719813.0000,272.9600
09/20/2012,272.6400,276.0800,272.0000,276.0800,1067725.0000,276.0800
09/21/2012,276.9600,277.9200,274.8000,275.9200,889813.0000,275.9200
09/24/2012,272.0800,273.2000,270.1600,272.7200,676825.0000,272.7200
09/25/2012,274.4800,276.0000,270.0000,270.0000,746925.0000,270.0000
09/26/2012,268.0000,268.0800,263.8400,266.7200,1409425.0000,266.7200
09/27/2012,270.6400,274.0000,269.4400,273.2000,981775.0000,273.2000
09/28/2012,272.8800,274.2400,271.2800,272.9600,690525.0000,272.9600
10/01/2012,275.6000,276.8000,273.2000,274.0000,750638.0000,274.0000
10/02/2012,274.8000,275.0400,271.9200,272.1600,589475.0000,272.1600
10/03/2012,268.5600,268.7200,260.1600,260.8800,2043863.0000,260.8800
10/04/2012,263.9200,272.3200,263.0400,271.5200,1510688.0000,271.5200
10/05/2012,269.6000,269.6000,264.0000,266.8000,904125.0000,266.8000
10/08/2012,264.8800,266.4800,264.0800,265.7600,443313.0000,265.7600
10/09/2012,267.6000,275.4400,267.5200,273.4400,1670350.0000,273.4400
10/10/2012,274.0000,277.6000,269.8400,270.7200,1050838.0000,270.7200
10/11/2012,274.1600,275.5200,271.5200,274.3200,1001138.0000,274.3200
10/12/2012,273.2800,274.7200,270.3200,272.0000,585688.0000,272.0000
10/15/2012,268.9600,272.9600,266.4800,272.0000,1317800.0000,272.0000
10/16/2012,271.5200,273.6000,271.2000,273.0400,767288.0000,273.0400
10/17/2012,274.2400,275.3600,271.5200,272.8000,643750.0000,272.8000
10/18/2012,270.0000,274.4800,269.1200,272.5600,1038350.0000,272.5600
10/19/2012,275.6000,275.6800,266.1600,266.7200,1533913.0000,266.7200
10/22/2012,266.4800,267.3600,261.4400,263.2000,2151675.0000,263.2000
10/23/2012,257.1200,257.2000,252.9600,255.7600,1754688.0000,255.7600
10/24/2012,255.0400,255.6800,250.8000,253.0400,1698888.0000,253.0400
10/25/2012,255.2000,255.5200,251.6000,254.2400,1061200.0000,254.2400
10/26/2012,253.2000,254.8800,252.4800,254.3200,995325.0000,254.3200
10/31/2012,254.4800,257.3600,253.6000,254.2400,657250.0000,254.2400
11/01/2012,254.8000,258.0000,254.1600,256.4800,987388.0000,256.4800
11/02/2012,255.6000,255.6800,249.8400,250.8000,1000113.0000,250.8000
11/05/2012,251.0400,253.4400,250.3200,252.8800,872650.0000,252.8800
11/06/2012,255.4400,263.0400,254.0000,260.4800,1220450.0000,260.4800
11/07/2012,255.8400,257.0400,248.0000,249.6800,1765138.0000,249.6800
11/08/2012,250.4000,252.2400,248.6400,250.4000,943200.0000,250.4000
11/09/2012,250.4800,255.9200,250.2400,253.8400,860675.0000,253.8400
11/12/2012,253.8400,255.2800,251.6800,252.7200,621325.0000,252.7200
11/13/2012,250.4800,253.5200,250.1600,251.2800,777213.0000,251.2800
11/14/2012,252.1600,255.3600,251.1200,254.1600,1487325.0000,254.1600
11/15/2012,255.5200,255.9200,249.6000,251.9200,1497863.0000,251.9200
11/16/2012,254.5600,256.4000,253.0400,255.4400,1262388.0000,255.4400
11/19/2012,260.1600,263.4400,260.0000,261.3600,1164063.0000,261.3600
11/20/2012,259.2800,260.2400,252.7200,255.6000,2115575.0000,255.6000
11/21/2012,256.0000,257.3600,253.4400,256.9600,1146263.0000,256.9600
11/23/2012,256.8000,259.6000,256.8000,258.5600,272738.0000,258.5600
11/26/2012,256.4800,257.9200,256.0000,257.5200,364900.0000,257.5200
11/27/2012,256.9600,257.8400,254.6400,255.8400,578038.0000,255.8400
11/28/2012,250.9600,254.4000,250.3200,254.3200,835050.0000,254.3200
11/29/2012,259.3600,260.0800,256.8800,257.3600,708825.0000,257.3600
11/30/2012,258.9600,260.9600,258.6400,260.4800,476488.0000,260.4800
12/03/2012,264.3200,264.8800,260.2400,260.8000,644075.0000,260.8000
12/04/2012,257.8400,260.5600,257.2800,259.2000,395938.0000,259.2000
12/05/2012,259.2000,259.6800,256.4800,257.7600,600263.0000,257.7600
12/06/2012,253.9200,254.6400,251.2800,253.2800,806175.0000,253.2800
12/07/2012,253.4400,254.0000,251.6000,252.2400,435450.0000,252.2400
12/10/2012,253.2000,253.9200,250.0800,251.1200,395688.0000,251.1200
12/11/2012,251.3600,251.9200,249.7600,251.7600,610413.0000,251.7600
12/12/2012,254.8000,256.8800,252.3200,254.2400,754200.0000,254.2400
12/13/2012,252.9600,254.8800,251.5200,252.6400,342263.0000,252.6400
12/14/2012,253.2000,254.5600,252.4000,254.4800,315875.0000,254.4800
12/17/2012,254.8000,256.8000,254.6400,256.0800,348763.0000,256.0800
12/18/2012,256.8000,258.1600,255.3600,257.4400,436825.0000,257.4400
12/19/2012,258.0800,263.0400,257.6800,261.3600,689400.0000,261.3600
12/20/2012,261.0400,263.6000,260.4800,261.8400,399488.0000,261.8400
12/21/2012,257.2800,258.8800,256.1600,258.8800,784813.0000,258.8800
12/24/2012,257.5200,258.0000,256.8800,257.9200,192700.0000,257.9200
12/26/2012,264.4000,265.8400,263.3600,265.2000,695050.0000,265.2000
12/27/2012,265.3600,265.7600,262.1600,265.5200,488675.0000,265.5200
12/28/2012,265.4400,266.0800,263.0400,264.3200,508638.0000,264.3200
12/31/2012,263.2000,267.7600,263.1200,266.9600,593763.0000,266.9600
01/02/2013,272.0000,272.7200,269.6000,270.5600,693100.0000,270.5600
01/03/2013,270.8000,271.6000,269.6000,269.9200,489425.0000,269.9200
01/04/2013,269.6000,271.1200,268.5600,271.0400,742613.0000,271.0400
01/07/2013,269.7600,271.7600,269.0400,271.3600,356675.0000,271.3600
01/08/2013,272.0800,272.2400,269.8400,271.6800,480188.0000,271.6800
01/09/2013,271.6000,272.5600,269.9200,271.0400,344075.0000,271.0400
01/10/2013,274.2400,274.5600,272.4800,273.3600,432238.0000,273.3600
01/11/2013,270.9600,272.8800,269.6000,272.4800,445038.0000,272.4800
01/14/2013,272.9600,274.4800,270.6400,274.2400,393363.0000,274.2400
01/15/2013,274.0000,274.1600,271.3600,271.9200,373963.0000,271.9200
01/16/2013,272.3200,274.6400,271.6800,274.2400,529425.0000,274.2400
01/17/2013,277.6000,279.5200,276.8000,277.3600,830513.0000,277.3600
01/18/2013,277.6000,278.4800,276.3200,278.1600,499688.0000,278.1600
01/22/2013,278.5600,280.7200,278.0000,280.0800,549188.0000,280.0800
01/23/2013,279.3600,280.0800,275.0400,276.8800,768788.0000,276.8800
01/24/2013,278.4000,280.0000,277.5200,278.0800,601700.0000,278.0800
01/25/2013,278.9600,279.3600,276.3200,278.2400,477875.0000,278.2400
01/28/2013,279.6800,279.9200,276.5600,279.5200,457225.0000,279.5200
01/29/2013,281.5200,283.2800,280.4800,282.3200,738900.0000,282.3200
01/30/2013,283.3600,284.2400,281.9200,283.9200,679050.0000,283.9200
01/31/2013,281.2800,282.8000,280.9600,282.2400,552225.0000,282.2400
02/01/2013,280.1600,284.1600,279.5200,282.8000,673438.0000,282.8000
02/04/2013,279.1200,280.5600,277.6800,278.2400,639988.0000,278.2400
02/05/2013,280.4000,281.1200,279.6000,280.2400,396438.0000,280.2400
02/06/2013,276.4000,280.8000,276.0800,280.3200,531750.0000,280.3200
02/07/2013,280.8000,281.2000,276.7200,277.4400,492888.0000,277.4400
02/08/2013,279.0400,279.6800,276.0000,277.6000,391788.0000,277.6000
02/11/2013,276.4000,281.1200,275.5200,280.9600,592138.0000,280.9600
02/12/2013,282.0800,283.1200,281.3600,282.2400,341325.0000,282.2400
02/13/2013,283.3600,283.9200,279.9200,281.5200,641575.0000,281.5200
02/14/2013,282.0800,283.0400,281.2800,282.1600,264238.0000,282.1600
02/15/2013,277.5200,281.6000,275.8400,277.7600,880125.0000,277.7600
02/19/2013,277.2800,279.7600,276.5600,279.6800,528300.0000,279.6800
02/20/2013,279.8400,280.3200,271.3600,273.3600,1425088.0000,273.3600
02/21/2013,268.0000,269.5200,266.8000,267.4400,974163.0000,267.4400
02/22/2013,267.5200,269.0400,266.4000,268.8000,563938.0000,268.8000
02/25/2013,269.6000,270.0000,265.3600,265.6800,550163.0000,265.6800
02/26/2013,267.6000,268.9600,265.4400,266.6400,818563.0000,266.6400
02/27/2013,266.0000,268.8000,265.6800,267.2000,627463.0000,267.2000
02/28/2013,267.1200,268.0000,263.6800,264.4800,664125.0000,264.4800
03/01/2013,261.2800,262.2400,259.2800,261.9200,619163.0000,261.9200
03/04/2013,260.8000,260.8800,257.2800,259.2000,751163.0000,259.2000
03/05/2013,260.3200,261.9200,259.2000,261.5200,524463.0000,261.5200
03/06/2013,260.7200,260.7200,257.8400,260.3200,606988.0000,260.3200
03/07/2013,262.0800,264.0000,261.6800,263.5200,702813.0000,263.5200
03/08/2013,262.9600,264.8000,261.9200,264.4000,383438.0000,264.4000
03/11/2013,262.8800,265.2000,261.6000,264.3200,249738.0000,264.3200
03/12/2013,267.6800,268.8000,265.7600,266.0800,424188.0000,266.0800
03/13/2013,268.0000,268.4800,264.2400,265.5200,422175.0000,265.5200
03/14/2013,266.0800,267.8400,265.8400,267.3600,262925.0000,267.3600
03/15/2013,268.8800,269.2000,267.3600,268.8000,311300.0000,268.8000
03/18/2013,264.3200,270.0000,264.0000,269.2000,433938.0000,269.2000
03/19/2013,269.5200,269.8400,264.4000,264.5600,818438.0000,264.5600
03/20/2013,267.4400,268.0000,264.8000,267.6000,562763.0000,267.6000
03/21/2013,265.8400,267.4400,262.9600,264.4000,538550.0000,264.4000
03/22/2013,266.4800,268.8800,264.9600,268.8800,390075.0000,268.8800
03/25/2013,271.1200,273.8400,269.2000,270.8000,814038.0000,270.8000
03/26/2013,273.9200,276.0800,272.6400,275.6000,828075.0000,275.6000
03/27/2013,274.1600,277.2000,273.6800,276.4000,580063.0000,276.4000
03/28/2013,276.7200,278.7200,276.2400,278.0000,437638.0000,278.0000
04/01/2013,275.4400,277.9200,274.5600,277.4400,438275.0000,277.4400
04/02/2013,275.2000,278.8800,275.0400,277.2000,571175.0000,277.2000
04/03/2013,277.0400,277.3600,269.6000,270.0800,1091113.0000,270.0800
04/04/2013,265.8400,268.8800,263.7600,267.1200,1089338.0000,267.1200
04/05/2013,264.6400,266.4800,263.3600,266.2400,727588.0000,266.2400
04/08/2013,266.4800,268.0000,264.7200,267.9200,382975.0000,267.9200
04/09/2013,266.6400,270.4000,265.8400,269.1200,455813.0000,269.1200
04/10/2013,268.3200,271.3600,267.6800,270.6400,488113.0000,270.6400
04/11/2013,269.6800,270.1600,266.3200,267.6800,523513.0000,267.6800
04/12/2013,261.9200,262.8800,258.4800,260.2400,1268475.0000,260.2400
04/15/2013,255.5200,256.1600,251.5200,251.9200,1360900.0000,251.9200
04/16/2013,252.8800,254.5600,250.7200,254.0800,739988.0000,254.0800
04/17/2013,251.2800,251.6800,246.3200,248.0800,1253250.0000,248.0800
04/18/2013,249.5200,253.1200,246.9600,253.1200,1170950.0000,253.1200
04/19/2013,251.6800,252.6400,250.4000,251.1200,534263.0000,251.1200
04/22/2013,252.9600,255.2000,250.0800,254.5600,710075.0000,254.5600
04/23/2013,252.1600,254.9600,251.3600,254.8800,572700.0000,254.8800
04/24/2013,256.1600,261.3600,255.9200,261.2800,823775.0000,261.2800
04/25/2013,260.4800,267.6000,260.0000,266.0000,1038150.0000,266.0000
04/26/2013,265.6800,266.3200,262.5600,264.9600,774000.0000,264.9600
04/29/2013,266.6400,269.9200,265.6800,268.8800,614250.0000,268.8800
04/30/2013,269.1200,269.1200,264.9600,265.2800,626925.0000,265.2800
05/01/2013,258.9600,260.4800,256.9600,259.1200,1243625.0000,259.1200
05/02/2013,260.7200,268.6400,260.3200,267.9200,989325.0000,267.9200
05/03/2013,271.2000,273.7600,270.4000,272.0800,1195725.0000,272.0800
05/06/2013,271.6800,274.4000,270.4000,273.1200,587400.0000,273.1200
05/07/2013,272.9600,274.3200,270.6400,272.0800,616163.0000,272.0800
05/08/2013,273.6000,275.7600,272.9600,275.2000,614813.0000,275.2000
05/09/2013,273.6800,274.9600,271.9200,273.3600,522313.0000,273.3600
05/10/2013,268.7200,274.2400,266.2400,273.1200,931850.0000,273.1200
05/13/2013,271.2800,272.6400,269.2800,270.8800,545288.0000,270.8800
05/14/2013,270.2400,271.4400,267.6000,268.4800,591375.0000,268.4800
05/15/2013,264.8000,269.1200,262.7200,268.8800,1232963.0000,268.8800
05/16/2013,269.4400,272.4800,268.1600,270.9600,604400.0000,270.9600
05/17/2013,273.8400,274.3200,270.8800,273.6800,709738.0000,273.6800
05/20/2013,272.6400,276.7200,272.1600,275.5200,467788.0000,275.5200
05/21/2013,275.0400,275.6000,272.0800,272.8800,553000.0000,272.8800
05/22/2013,270.2400,272.8000,267.2000,267.6800,1324575.0000,267.6800
05/23/2013,263.1200,268.4000,262.0800,268.3200,1136025.0000,268.3200
05/24/2013,265.3600,267.9200,264.6400,266.9600,518650.0000,266.9600
05/28/2013,272.0800,272.3200,269.6800,270.3200,472813.0000,270.3200
05/29/2013,269.6000,270.5600,263.8400,264.8000,1148900.0000,264.8000
05/30/2013,262.0000,267.1200,260.8800,266.0000,1120113.0000,266.0000
05/31/2013,263.2800,264.8800,260.2400,260.8800,807088.0000,260.8800
06/03/2013,263.4400,266.2400,262.3200,265.2800,615850.0000,265.2800
06/04/2013,264.0000,268.3200,262.4800,265.6000,454213.0000,265.6000
06/05/2013,267.2000,268.4000,265.9200,266.0800,546738.0000,266.0800
06/06/2013,268.4000,270.8800,268.1600,268.9600,742025.0000,268.9600
06/07/2013,267.2000,273.9200,266.4000,273.2800,851563.0000,273.2800
06/10/2013,271.2800,272.7200,270.4800,272.0000,309200.0000,272.0000
06/11/2013,268.3200,271.2800,268.0000,270.3200,539625.0000,270.3200
06/12/2013,272.8000,273.9200,271.2800,272.2400,690888.0000,272.2400
06/13/2013,271.2800,275.2800,271.2000,274.6400,342713.0000,274.6400
06/14/2013,278.0800,278.7200,277.0400,277.9200,782038.0000,277.9200
06/17/2013,278.8800,279.5200,276.8000,278.0800,537013.0000,278.0800
06/18/2013,278.8000,280.1600,277.6800,279.6800,319325.0000,279.6800
06/19/2013,279.6800,280.4800,277.0400,278.2400,442925.0000,278.2400
06/20/2013,271.8400,272.2400,268.1600,269.0400,1136875.0000,269.0400
06/21/2013,269.0400,269.5200,263.8400,265.8400,1297663.0000,265.8400
06/24/2013,264.4000,270.8800,264.0000,269.1200,841838.0000,269.1200
06/25/2013,271.3600,271.6000,268.4800,269.9200,565950.0000,269.9200
06/26/2013,270.5600,271.0400,265.4400,270.4000,581100.0000,270.4000
06/27/2013,272.0000,276.0000,271.3600,274.6400,844988.0000,274.6400
06/28/2013,275.4400,276.6400,272.9600,273.4400,592350.0000,273.4400
07/01/2013,276.8800,278.4000,275.6800,277.3600,588763.0000,277.3600
07/02/2013,279.2000,282.8800,278.8800,281.6800,1095275.0000,281.6800
07/03/2013,287.4400,289.4400,284.8000,286.7200,1525400.0000,286.7200
07/05/2013,288.4000,292.7200,287.5200,292.4800,903450.0000,292.4800
07/08/2013,290.3200,293.3600,289.7600,291.2800,526538.0000,291.2800
07/09/2013,290.9600,294.4000,290.6400,294.1600,714050.0000,294.1600
07/10/2013,298.0000,301.1200,296.5600,299.4400,1379175.0000,299.4400
07/11/2013,298.7200,298.8000,295.0400,296.0800,1018863.0000,296.0800
07/12/2013,298.4000,300.8000,296.8800,300.4800,700775.0000,300.4800
07/15/2013,298.9600,302.0800,298.8800,301.3600,592738.0000,301.3600
07/16/2013,302.1600,302.4000,299.7600,299.8400,403738.0000,299.8400
07/17/2013,300.6400,302.7200,299.8400,302.4000,411375.0000,302.4000
07/18/2013,303.4400,307.6800,303.4400,306.7200,604825.0000,306.7200
07/19/2013,308.8800,308.9600,304.0800,307.6000,755138.0000,307.6000
07/22/2013,306.5600,307.0400,302.8800,303.3600,802075.0000,303.3600
07/23/2013,301.9200,305.5200,301.7600,304.7200,577050.0000,304.7200
07/24/2013,302.8800,304.0800,298.0000,299.2000,899238.0000,299.2000
07/25/2013,299.3600,301.0400,296.0000,300.6400,650200.0000,300.6400
07/26/2013,299.0400,299.1200,295.5200,297.6800,400038.0000,297.6800
07/29/2013,298.4000,299.0400,296.0000,297.0400,340050.0000,297.0400
07/30/2013,295.2000,295.2800,292.0000,293.3600,656025.0000,293.3600
07/31/2013,293.6800,299.3600,292.8000,298.8800,783175.0000,298.8800
08/01/2013,304.8000,307.2800,304.4800,306.1600,1106475.0000,306.1600
08/02/2013,304.5600,304.9600,302.7200,303.5200,550588.0000,303.5200
08/05/2013,301.2800,304.4000,301.0400,302.6400,340925.0000,302.6400
08/06/2013,302.3200,302.4800,298.1600,299.6800,761325.0000,299.6800
08/07/2013,298.1600,300.0000,296.0000,296.0800,741413.0000,296.0800
08/08/2013,294.1600,294.8800,290.8000,294.7200,1357263.0000,294.7200
08/09/2013,296.4800,301.1200,296.2400,300.7200,906513.0000,300.7200
08/12/2013,299.2000,302.3200,298.1600,302.0800,538300.0000,302.0800
08/13/2013,301.8400,304.5600,300.5600,303.2000,558788.0000,303.2000
08/14/2013,302.8000,305.1200,301.2000,304.7200,637488.0000,304.7200
08/15/2013,306.4800,307.2000,303.8400,305.9200,569963.0000,305.9200
08/16/2013,306.4800,308.5600,304.0800,307.2000,667613.0000,307.2000
08/19/2013,305.6000,307.4400,304.4800,305.3600,425150.0000,305.3600
08/20/2013,301.5200,305.6800,299.1200,300.1600,845900.0000,300.1600
08/21/2013,299.9200,300.1600,295.9200,297.3600,685613.0000,297.3600
08/22/2013,297.2000,300.8000,296.7200,300.3200,563925.0000,300.3200
08/23/2013,299.2800,305.6000,298.1600,303.6000,742913.0000,303.6000
08/26/2013,303.6000,304.0800,301.6800,303.6800,712575.0000,303.6800
08/27/2013,311.2000,312.4000,309.7600,310.9600,1811800.0000,310.9600
08/28/2013,313.7600,315.6800,312.0000,312.6400,1616313.0000,312.6400
08/29/2013,312.6400,314.6400,307.9200,308.6400,1017725.0000,308.6400
08/30/2013,308.3200,310.8000,305.6800,307.8400,1295613.0000,307.8400
09/03/2013,306.0000,311.0400,305.8400,310.0800,989725.0000,310.0800
09/04/2013,306.8000,308.4000,305.1200,306.7200,536650.0000,306.7200
09/05/2013,308.2400,310.1600,306.4000,309.5200,551913.0000,309.5200
09/06/2013,312.6400,316.3200,312.2400,314.8800,1304138.0000,314.8800
09/09/2013,313.9200,314.8800,310.7200,311.5200,988738.0000,311.5200
09/10/2013,305.7600,307.5200,304.2400,306.7200,1337613.0000,306.7200
09/11/2013,307.9200,308.7200,305.7600,307.8400,693300.0000,307.8400
09/12/2013,308.8000,312.0800,308.4800,310.9600,612163.0000,310.9600
09/13/2013,307.7600,311.0400,306.8800,310.8000,404275.0000,310.8000
09/16/2013,306.0000,308.0800,304.8000,304.8800,756575.0000,304.8800
09/17/2013,303.7600,304.1600,300.9600,301.9200,845213.0000,301.9200
09/18/2013,303.1200,310.4000,302.4800,309.4400,979650.0000,309.4400
09/19/2013,308.4800,308.9600,304.3200,304.6400,861463.0000,304.6400
09/20/2013,303.7600,305.4400,301.2000,302.1600,703813.0000,302.1600
09/23/2013,298.6400,299.6800,297.2800,298.1600,731650.0000,298.1600
09/24/2013,296.4000,298.4000,294.8000,297.7600,729713.0000,297.7600
09/25/2013,298.3200,298.8000,294.5600,295.0400,614200.0000,295.0400
09/26/2013,296.3200,297.3600,295.1200,296.6400,367838.0000,296.6400
09/27/2013,296.4000,299.0400,295.2800,295.6800,522713.0000,295.6800
09/30/2013,291.8400,296.1600,291.2000,294.8000,665813.0000,294.8000
10/01/2013,292.8800,294.3200,291.2800,293.4400,792275.0000,293.4400
10/02/2013,293.4400,300.3200,292.6400,299.3600,1378300.0000,299.3600
10/03/2013,300.6400,300.7200,296.4800,297.1200,605313.0000,297.1200
10/04/2013,299.5200,300.2400,297.6800,298.4800,346538.0000,298.4800
10/07/2013,294.3200,298.8800,293.6000,297.1200,575813.0000,297.1200
10/08/2013,299.0400,299.9200,297.7600,298.4800,431413.0000,298.4800
10/09/2013,295.0400,295.6800,291.6000,292.4000,1374863.0000,292.4000
10/10/2013,292.6400,298.3200,292.2400,296.8000,852225.0000,296.8000
10/11/2013,291.6800,294.7200,291.3600,294.0000,768350.0000,294.0000
10/14/2013,293.2800,296.1600,292.4000,294.9600,333175.0000,294.9600
10/15/2013,293.2000,294.9600,291.6000,291.7600,684388.0000,291.7600
10/16/2013,292.9600,297.4400,292.6400,295.3600,612825.0000,295.3600
10/17/2013,292.0000,292.5600,289.0400,291.0400,1219613.0000,291.0400
10/18/2013,292.4800,292.7200,290.7200,291.6000,519650.0000,291.6000
10/21/2013,289.8400,290.4800,286.8000,287.5200,615275.0000,287.5200
10/22/2013,287.8400,289.2000,283.1200,283.2800,1277038.0000,283.2800
10/23/2013,278.2400,281.0400,277.3600,279.6000,1559738.0000,279.6000
10/24/2013,277.4400,280.4000,276.7200,279.9200,697888.0000,279.9200
10/25/2013,280.4800,282.8000,280.0800,282.5600,479113.0000,282.5600
10/28/2013,282.2400,284.8800,281.6000,284.4000,536675.0000,284.4000
10/29/2013,283.1200,283.9200,282.3200,283.2800,291638.0000,283.2800
10/30/2013,280.5600,281.0400,278.4800,278.8000,741150.0000,278.8000
10/31/2013,278.2400,279.7600,276.8800,277.5200,637525.0000,277.5200
11/01/2013,275.6000,275.6000,272.1600,273.0400,1221863.0000,273.0400
11/04/2013,272.4800,274.2400,272.1600,272.3200,571450.0000,272.3200
11/05/2013,271.4400,271.9200,268.4000,269.3600,820663.0000,269.3600
11/06/2013,270.8800,274.9600,270.8800,273.5200,1249425.0000,273.5200
11/07/2013,272.3200,272.4800,270.4800,271.7600,594313.0000,271.7600
11/08/2013,272.6400,273.6800,270.9600,272.0800,465275.0000,272.0800
11/11/2013,272.2400,274.8800,271.9200,274.0800,316688.0000,274.0800
11/12/2013,272.8800,274.4000,268.0000,269.1200,942400.0000,269.1200
11/13/2013,270.8000,273.0400,270.0800,271.2000,495700.0000,271.2000
11/14/2013,269.4400,272.9600,267.6000,271.4400,790663.0000,271.4400
11/15/2013,272.4000,272.4000,270.7200,271.0400,495563.0000,271.0400
11/18/2013,271.2000,272.6400,268.2400,268.9600,666625.0000,268.9600
11/19/2013,269.4400,270.3200,267.8400,269.7600,496088.0000,269.7600
11/20/2013,270.2400,271.0400,267.8400,269.0400,646000.0000,269.0400
11/21/2013,271.6800,274.5600,270.4800,273.3600,686075.0000,273.3600
11/22/2013,272.8000,273.6000,270.1600,272.3200,717500.0000,272.3200
11/25/2013,269.1200,271.3600,268.7200,270.5600,653325.0000,270.5600
11/26/2013,270.2400,270.8800,268.6400,269.5200,407838.0000,269.5200
11/27/2013,265.4400,265.8400,263.6000,265.5200,980925.0000,265.5200
11/29/2013,266.5600,269.6000,266.5600,267.6800,483750.0000,267.6800
12/02/2013,267.7600,270.0800,267.3600,269.4400,537275.0000,269.4400
12/03/2013,270.4000,276.2400,270.4000,276.0800,1751850.0000,276.0800
12/04/2013,278.0800,280.1600,276.5600,279.0400,1193938.0000,279.0400
12/05/2013,279.5200,281.3600,279.2000,279.4400,612063.0000,279.4400
12/06/2013,279.3600,280.6400,278.9600,280.4000,339225.0000,280.4000
12/09/2013,280.8000,280.8800,279.2800,279.2800,712463.0000,279.2800
12/10/2013,282.4000,282.8000,280.4800,282.4800,717913.0000,282.4800
12/11/2013,281.2000,282.0800,279.0400,279.8400,912213.0000,279.8400
12/12/2013,281.1200,281.2800,279.6800,279.7600,541013.0000,279.7600
12/13/2013,277.6800,278.8000,276.5600,277.1200,777188.0000,277.1200
12/16/2013,279.2000,280.6400,279.0400,279.5200,496988.0000,279.5200
12/17/2013,280.4000,281.1200,278.6400,278.9600,278588.0000,278.9600
12/18/2013,280.4000,281.5200,279.2000,280.2400,545125.0000,280.2400
12/19/2013,282.3200,284.9600,281.8400,282.5600,775575.0000,282.5600
12/20/2013,283.4400,284.7200,282.2400,283.8400,403575.0000,283.8400
12/23/2013,283.4400,284.0000,282.5600,282.8800,284238.0000,282.8800
12/24/2013,283.6800,284.4000,283.6800,283.9200,114975.0000,283.9200
12/26/2013,282.0000,285.5200,282.0000,285.2000,357463.0000,285.2000
12/27/2013,286.8800,288.5600,286.5600,286.7200,474125.0000,286.7200
12/30/2013,286.0800,286.6400,283.9200,284.2400,380238.0000,284.2400
12/31/2013,282.2400,283.0400,281.1200,282.5600,674888.0000,282.5600
01/02/2014,277.5200,277.6000,273.1200,273.8400,1342588.0000,273.8400
01/03/2014,273.0400,273.0400,268.8000,270.0000,1207313.0000,270.0000
01/06/2014,268.9600,269.7600,266.8800,268.5600,568075.0000,268.5600
01/07/2014,267.7600,269.8400,267.6000,268.6400,390850.0000,268.6400
01/08/2014,268.2400,268.4000,264.2400,265.2800,717688.0000,265.2800
01/09/2014,265.5200,265.6000,261.4400,264.6400,815625.0000,264.6400
01/10/2014,265.0400,266.4000,263.4400,265.5200,681500.0000,265.5200
01/13/2014,264.0000,264.4800,261.7600,262.4800,780938.0000,262.4800
01/14/2014,264.1600,265.9200,263.3600,264.3200,495913.0000,264.3200
01/15/2014,266.0800,270.8000,266.0800,270.1600,911575.0000,270.1600
01/16/2014,269.2800,269.6800,267.7600,269.2000,539675.0000,269.2000
01/17/2014,270.8800,270.8800,268.8000,269.5200,859600.0000,269.5200
01/21/2014,272.0000,272.3200,269.9200,271.9200,490738.0000,271.9200
01/22/2014,273.6000,276.7200,273.3600,276.4800,624463.0000,276.4800
01/23/2014,277.3600,279.3600,276.5600,277.7600,709650.0000,277.7600
01/24/2014,278.2400,278.3200,274.8800,276.6400,614463.0000,276.6400
01/27/2014,276.3200,276.9600,272.0000,273.8400,690575.0000,273.8400
01/28/2014,276.7200,278.8000,276.7200,277.5200,539138.0000,277.5200
01/29/2014,275.6000,279.0400,275.2000,277.8400,619113.0000,277.8400
01/30/2014,280.8800,281.4400,279.5200,279.6000,409350.0000,279.6000
01/31/2014,278.4000,280.9600,278.0000,278.4000,618538.0000,278.4000
02/03/2014,278.4000,279.2000,274.8800,276.1600,1527838.0000,276.1600
02/04/2014,277.7600,279.0400,276.9600,277.9200,329225.0000,277.9200
02/05/2014,278.6400,279.6800,276.4800,277.6800,458963.0000,277.6800
02/06/2014,281.2800,281.6000,278.2400,279.2000,275738.0000,279.2000
02/07/2014,280.4800,286.0000,280.0000,285.1200,793063.0000,285.1200
02/10/2014,285.5200,286.8800,284.4800,285.0400,367650.0000,285.0400
02/11/2014,284.8800,286.2400,284.3200,285.1200,260600.0000,285.1200
02/12/2014,288.5600,289.2800,286.0000,286.4000,551000.0000,286.4000
02/13/2014,285.9200,287.8400,285.7600,286.9600,273125.0000,286.9600
02/14/2014,285.6800,287.7600,284.9600,287.2800,218963.0000,287.2800
02/18/2014,290.4000,294.1600,289.7600,293.2800,594950.0000,293.2800
02/19/2014,293.6000,296.4000,293.1200,295.2000,585350.0000,295.2000
02/20/2014,295.2000,295.6800,293.9200,295.0400,342263.0000,295.0400
02/21/2014,294.0000,294.8000,291.8400,293.5200,535375.0000,293.5200
02/24/2014,293.5200,296.8800,293.1200,294.3200,437400.0000,294.3200
02/25/2014,291.7600,293.0400,289.9200,292.7200,422400.0000,292.7200
02/26/2014,293.9200,295.2800,293.1200,294.0000,253638.0000,294.0000
02/27/2014,293.1200,294.3200,292.0000,293.5200,335950.0000,293.5200
02/28/2014,292.8800,295.4400,292.4800,293.9200,315638.0000,293.9200
03/03/2014,299.1200,301.9200,298.7200,300.1600,934538.0000,300.1600
03/04/2014,297.4400,297.6000,295.2000,296.4800,465838.0000,296.4800
03/05/2014,295.6000,296.1600,289.6000,289.9200,687575.0000,289.9200
03/06/2014,289.0400,292.8800,287.3600,292.5600,456063.0000,292.5600
03/07/2014,293.2800,295.2800,293.0400,294.2400,277213.0000,294.2400
03/10/2014,290.2400,291.3600,289.4400,290.4000,401363.0000,290.4000
03/11/2014,289.4400,290.0800,286.1600,286.4800,447613.0000,286.4800
03/12/2014,282.1600,284.4000,280.3200,282.8000,821575.0000,282.8000
03/13/2014,281.9200,282.8000,281.0400,282.7200,276413.0000,282.7200
03/14/2014,283.7600,285.3600,282.7200,284.2400,450638.0000,284.2400
03/17/2014,282.8800,283.2800,279.7600,281.2000,319063.0000,281.2000
03/18/2014,281.7600,285.4400,281.7600,284.6400,323250.0000,284.6400
03/19/2014,284.8800,286.2400,283.6000,285.6800,291675.0000,285.6800
03/20/2014,284.6400,286.7200,282.8800,284.6400,286975.0000,284.6400
03/21/2014,286.0800,289.1200,285.8400,286.7200,338500.0000,286.7200
03/24/2014,289.1200,289.1200,286.1600,286.5600,206050.0000,286.5600
03/25/2014,287.7600,289.1200,284.9600,286.1600,272988.0000,286.1600
03/26/2014,288.0000,289.6800,286.8800,288.7200,242638.0000,288.7200
03/27/2014,292.0000,293.2000,291.6800,292.0000,260238.0000,292.0000
03/28/2014,294.3200,294.7200,292.4000,292.9600,250063.0000,292.9600
03/31/2014,292.7200,293.9200,290.8800,292.7200,265500.0000,292.7200
04/01/2014,291.6000,292.0000,286.4000,286.6400,586075.0000,286.6400
04/02/2014,286.4800,287.6000,285.0400,286.4000,420775.0000,286.4000
04/03/2014,286.7200,289.6800,286.3200,289.1200,233475.0000,289.1200
04/04/2014,291.8400,292.9600,291.1200,291.4400,303450.0000,291.4400
04/07/2014,289.6000,292.0800,288.0800,290.2400,253775.0000,290.2400
04/08/2014,291.6800,296.0800,290.5600,295.2000,562250.0000,295.2000
04/09/2014,295.8400,299.0400,295.2000,297.7600,558400.0000,297.7600
04/10/2014,297.8400,298.6400,297.0400,297.6000,371138.0000,297.6000
04/11/2014,297.6000,300.3200,297.4400,297.4400,329788.0000,297.4400
04/14/2014,298.7200,300.5600,298.4800,299.0400,168550.0000,299.0400
04/15/2014,299.0400,300.3200,298.8000,299.1200,339400.0000,299.1200
04/16/2014,302.2400,302.4800,298.0000,299.8400,583675.0000,299.8400
04/17/2014,300.0800,302.3200,299.6000,301.2800,385488.0000,301.2800
04/21/2014,300.7200,302.0800,300.4000,301.1200,169200.0000,301.1200
04/22/2014,297.6800,297.8400,295.3600,296.0000,389825.0000,296.0000
04/23/2014,296.3200,296.9600,294.7200,295.2800,298700.0000,295.2800
04/24/2014,297.0400,297.7600,295.9200,296.4000,172163.0000,296.4000
04/25/2014,292.6400,293.7600,292.2400,292.8000,248925.0000,292.8000
04/28/2014,293.9200,294.0000,291.8400,293.6800,173938.0000,293.6800
04/29/2014,296.5600,297.2000,293.4400,293.7600,174850.0000,293.7600
04/30/2014,289.7600,290.5600,288.9600,290.5600,451463.0000,290.5600
05/01/2014,288.2400,290.4800,287.7600,289.2800,317475.0000,289.2800
05/02/2014,289.3600,291.2000,288.8000,290.3200,230775.0000,290.3200
05/05/2014,290.0800,290.0800,287.6800,289.1200,293000.0000,289.1200
05/06/2014,290.4800,292.0000,289.2800,289.5200,205288.0000,289.5200
05/07/2014,292.0800,293.6000,290.2400,292.8000,242288.0000,292.8000
05/08/2014,291.3600,292.1600,290.6400,291.9200,162938.0000,291.9200
05/09/2014,293.3600,294.1600,290.2400,291.2000,194038.0000,291.2000
05/12/2014,293.1200,293.7600,292.1600,292.7200,187288.0000,292.7200
05/13/2014,294.6400,296.6400,293.6800,296.3200,277738.0000,296.3200
05/14/2014,297.7600,298.7200,297.2000,297.4400,321875.0000,297.4400
05/15/2014,296.9600,297.2800,295.4400,296.3200,167375.0000,296.3200
05/16/2014,296.8800,298.1600,296.7200,297.8400,196863.0000,297.8400
05/19/2014,299.3600,300.1600,298.6400,299.0400,205600.0000,299.0400
05/20/2014,298.6400,300.3200,297.9200,300.1600,168575.0000,300.1600
05/21/2014,302.1600,305.4400,302.0000,303.8400,570325.0000,303.8400
05/22/2014,304.8800,305.2800,303.3600,304.0800,429563.0000,304.0800
05/23/2014,304.8000,306.1600,304.4000,305.4400,318225.0000,305.4400
05/27/2014,304.0000,305.3600,303.4400,305.1200,144438.0000,305.1200
05/28/2014,303.9200,304.0800,300.7200,301.4400,235625.0000,301.4400
05/29/2014,301.7600,304.4800,301.3600,303.2800,148700.0000,303.2800
05/30/2014,301.2000,301.8400,299.9200,301.4400,163875.0000,301.4400
06/02/2014,300.1600,300.5600,299.0400,300.2400,388938.0000,300.2400
06/03/2014,299.9200,301.2000,299.6000,301.1200,145013.0000,301.1200
06/04/2014,302.8000,303.7600,300.0000,300.0800,213913.0000,300.0800
06/05/2014,298.1600,300.8000,297.6800,300.4000,158550.0000,300.4000
06/06/2014,301.2800,301.4400,299.6800,300.8800,129388.0000,300.8800
06/09/2014,303.7600,305.8400,303.5200,305.4400,383913.0000,305.4400
06/10/2014,306.6400,307.5200,304.4000,306.2400,220538.0000,306.2400
06/11/2014,305.7600,306.8800,305.2000,306.0000,146375.0000,306.0000
06/12/2014,310.4000,312.8800,309.6800,312.6400,726238.0000,312.6400
06/13/2014,312.6400,314.2400,312.1600,312.9600,369388.0000,312.9600
06/16/2014,313.5200,314.0800,312.9600,313.3600,227450.0000,313.3600
06/17/2014,313.0400,314.7200,311.8400,311.9200,270813.0000,311.9200
06/18/2014,313.2800,313.6000,310.8800,312.0800,280038.0000,312.0800
06/19/2014,311.2000,313.9200,310.2400,313.0400,294975.0000,313.0400
06/20/2014,314.1600,315.5200,313.6000,314.5600,336000.0000,314.5600
06/23/2014,314.3200,314.4800,312.5600,313.2800,272288.0000,313.2800
06/24/2014,312.7200,314.0000,311.9200,312.7200,238700.0000,312.7200
06/25/2014,312.9600,314.5600,311.1200,314.3200,257438.0000,314.3200
06/26/2014,313.1200,313.1200,309.9200,311.7600,251950.0000,311.7600
06/27/2014,312.8000,313.1200,310.8000,311.8400,203425.0000,311.8400
06/30/2014,311.5200,311.7600,308.7200,311.0400,228688.0000,311.0400
07/01/2014,312.1600,312.9600,308.5600,310.8800,296713.0000,310.8800
07/02/2014,309.1200,311.2800,307.1200,307.2000,331925.0000,307.2000
07/03/2014,307.1200,307.2000,305.9200,306.0000,180938.0000,306.0000
07/07/2014,306.1600,306.3200,304.4000,305.3600,178550.0000,305.3600
07/08/2014,306.0800,307.3600,303.8400,305.4400,302263.0000,305.4400
07/09/2014,303.1200,303.2800,300.9600,301.5200,729763.0000,301.5200
07/10/2014,301.0400,303.9200,300.7200,303.2000,459038.0000,303.2000
07/11/2014,300.5600,301.2000,296.3200,297.2800,618388.0000,297.2800
07/14/2014,296.4800,298.8000,295.6800,298.5600,772763.0000,298.5600
07/15/2014,294.7200,295.5200,292.6400,295.0400,553375.0000,295.0400
07/16/2014,296.6400,299.1200,296.5600,298.4800,522988.0000,298.4800
07/17/2014,302.7200,303.2800,299.8400,302.6400,809575.0000,302.6400
07/18/2014,302.3200,303.2000,301.3600,301.7600,421050.0000,301.7600
07/21/2014,302.7200,305.2800,302.1600,304.8000,433575.0000,304.8000
07/22/2014,304.5600,304.5600,302.8800,303.6000,185738.0000,303.6000
07/23/2014,304.4000,306.4000,303.9200,305.2800,282188.0000,305.2800
07/24/2014,305.4400,305.6800,302.0800,302.5600,343313.0000,302.5600
07/25/2014,300.0800,304.0000,299.3600,302.1600,340963.0000,302.1600
07/28/2014,300.1600,302.4800,299.1200,301.1200,273688.0000,301.1200
07/29/2014,298.2400,300.1600,297.6000,299.1200,338650.0000,299.1200
07/30/2014,300.7200,301.4400,294.8000,295.3600,625688.0000,295.3600
07/31/2014,295.1200,295.6000,290.1600,290.5600,597313.0000,290.5600
08/01/2014,288.9600,290.4000,287.8400,289.5200,535513.0000,289.5200
08/04/2014,289.6000,292.4800,289.5200,291.8400,302700.0000,291.8400
08/05/2014,290.6400,290.8000,287.6000,289.2800,411213.0000,289.2800
08/06/2014,289.9200,290.8000,286.6400,287.6000,646963.0000,287.6000
08/07/2014,287.7600,289.6800,286.5600,289.2800,294588.0000,289.2800
08/08/2014,289.7600,290.0800,287.8400,288.9600,281738.0000,288.9600
08/11/2014,289.8400,291.6800,289.5200,289.7600,235775.0000,289.7600
08/12/2014,287.6800,289.0400,286.4800,287.9200,360688.0000,287.9200
08/13/2014,288.3200,289.3600,286.2400,288.1600,305463.0000,288.1600
08/14/2014,286.7200,286.8800,280.3200,280.8800,987650.0000,280.8800
08/15/2014,281.3600,284.8800,281.0400,283.5200,665200.0000,283.5200
08/18/2014,280.8800,281.1200,279.0400,280.4800,347263.0000,280.4800
08/19/2014,280.1600,280.4800,276.6400,277.6800,503563.0000,277.6800
08/20/2014,279.0400,279.4400,277.5200,278.8800,397350.0000,278.8800
08/21/2014,279.2000,282.0800,278.9600,280.7200,486013.0000,280.7200
08/22/2014,278.6400,280.2400,277.6000,279.6800,488300.0000,279.6800
08/25/2014,278.4000,279.6800,277.9200,278.9600,416775.0000,278.9600
08/26/2014,280.8000,281.6800,278.8000,280.3200,378775.0000,280.3200
08/27/2014,280.2400,281.3600,278.8000,280.2400,317563.0000,280.2400
08/28/2014,282.0800,282.7200,280.3200,282.5600,319275.0000,282.5600
08/29/2014,284.6400,286.6400,283.8400,286.0800,397750.0000,286.0800
09/02/2014,282.2400,283.2800,276.8000,278.3200,753888.0000,278.3200
09/03/2014,281.0400,286.0800,280.0800,284.4000,551500.0000,284.4000
09/04/2014,283.0400,284.4000,281.1200,282.4000,441688.0000,282.4000
09/05/2014,282.1600,282.2400,277.2800,279.2000,567963.0000,279.2000
09/08/2014,274.3200,277.6000,274.1600,277.6000,356900.0000,277.6000
09/09/2014,278.0800,278.5600,276.0800,276.9600,263138.0000,276.9600
09/10/2014,275.3600,275.4400,272.1600,274.0800,636763.0000,274.0800
09/11/2014,271.6000,278.4800,271.2800,277.5200,1018825.0000,277.5200
09/12/2014,276.7200,278.4000,274.4000,275.0400,514113.0000,275.0400
09/15/2014,273.7600,277.2800,273.5200,276.4800,400125.0000,276.4800
09/16/2014,278.4800,283.3600,278.1600,282.0000,646725.0000,282.0000
09/17/2014,281.9200,282.9600,279.2800,280.0800,644525.0000,280.0800
09/18/2014,281.4400,281.5200,276.4800,276.9600,539063.0000,276.9600
09/19/2014,276.0800,277.7600,274.5600,276.5600,425375.0000,276.5600
09/22/2014,275.2800,275.6800,272.2400,273.5200,493550.0000,273.5200
09/23/2014,274.2400,277.2800,273.4400,275.5200,341588.0000,275.5200
09/24/2014,276.2400,280.8800,274.4800,280.0000,768638.0000,280.0000
09/25/2014,280.6400,281.0400,277.2000,278.6400,533300.0000,278.6400
09/26/2014,279.2800,282.5600,278.7200,281.2800,379325.0000,281.2800
09/29/2014,280.0000,284.9600,279.8400,284.1600,416688.0000,284.1600
09/30/2014,283.4400,283.8400,273.6000,275.2800,1449013.0000,275.2800
10/01/2014,276.8000,279.8400,272.4000,273.2000,860750.0000,273.2000
10/02/2014,270.0800,275.3600,269.1200,274.9600,1058088.0000,274.9600
10/03/2014,273.3600,274.0800,269.1200,270.1600,822788.0000,270.1600
10/06/2014,270.1600,273.2000,267.2800,272.3200,567675.0000,272.3200
10/07/2014,270.3200,270.4800,266.8800,267.5200,540475.0000,267.5200
10/08/2014,264.5600,264.7200,261.5200,264.0000,932313.0000,264.0000
10/09/2014,261.2000,261.8400,256.0800,256.8800,989413.0000,256.8800
10/10/2014,257.0400,259.8400,253.9200,257.4400,949900.0000,257.4400
10/13/2014,256.3200,258.5600,253.6800,255.9200,635850.0000,255.9200
10/14/2014,255.2800,255.3600,245.0400,246.8000,1925463.0000,246.8000
10/15/2014,245.5200,248.0800,242.7200,245.3600,1828538.0000,245.3600
10/16/2014,242.8800,255.2800,241.6000,248.8000,2384188.0000,248.8000
10/17/2014,250.6400,253.0400,248.2400,250.0000,938625.0000,250.0000
10/20/2014,248.7200,249.9200,245.2800,249.1200,756300.0000,249.1200
10/21/2014,251.3600,252.8000,247.7600,250.4000,722313.0000,250.4000
10/22/2014,251.7600,252.0000,243.6800,244.4000,1075250.0000,244.4000
10/23/2014,247.2000,250.0800,246.1600,248.4800,907350.0000,248.4800
10/24/2014,246.4000,247.1200,244.0000,247.0400,706163.0000,247.0400
10/27/2014,242.3200,246.1600,241.2800,245.1200,650413.0000,245.1200
10/28/2014,245.5200,247.3600,244.5600,246.5600,509750.0000,246.5600
10/29/2014,249.4400,251.6000,248.0000,249.8400,954113.0000,249.8400
10/30/2014,247.1200,248.0800,245.0400,246.0800,750375.0000,246.0800
10/31/2014,241.9200,245.2000,241.5200,245.0400,585113.0000,245.0400
11/03/2014,244.0800,245.7600,237.2800,238.0800,2361775.0000,238.0800
11/04/2014,234.4800,234.9600,231.1200,234.4000,1581838.0000,234.4000
11/05/2014,234.8000,240.8800,234.7200,239.6000,1731388.0000,239.6000
11/06/2014,235.7600,237.5200,234.0800,236.8000,793963.0000,236.8000
11/07/2014,238.0000,241.0400,237.8400,238.0800,823138.0000,238.0800
11/10/2014,241.3600,241.3600,234.1600,234.7200,937400.0000,234.7200
11/11/2014,234.7200,236.7200,232.1600,235.3600,607450.0000,235.3600
11/12/2014,233.9200,236.5600,232.6400,233.1200,754075.0000,233.1200
11/13/2014,231.4400,231.8400,224.8000,226.3200,2205788.0000,226.3200
11/14/2014,227.2800,231.6000,226.3200,230.6400,999863.0000,230.6400
11/17/2014,227.6800,230.2400,227.4400,229.4400,723913.0000,229.4400
11/18/2014,227.8400,228.4000,225.5200,225.6000,909075.0000,225.6000
11/19/2014,226.8800,228.9600,224.8000,226.0000,841650.0000,226.0000
11/20/2014,228.0800,230.4800,227.0400,229.8400,903213.0000,229.8400
11/21/2014,232.4800,233.1200,229.6800,232.8000,1351000.0000,232.8000
11/24/2014,231.2000,233.8400,229.2000,229.9200,1056588.0000,229.9200
11/25/2014,232.3200,232.5600,224.0800,224.2400,3099275.0000,224.2400
11/26/2014,223.7600,225.4400,222.8000,223.2000,1874175.0000,223.2000
11/28/2014,210.7200,211.3600,203.6800,204.6400,2532100.0000,204.6400
12/01/2014,202.4800,211.1200,202.0800,210.5600,3248750.0000,210.5600
12/02/2014,206.8000,208.6400,202.5600,204.6400,2553263.0000,204.6400
12/03/2014,205.1200,207.1200,202.8000,204.6400,1537938.0000,204.6400
12/04/2014,201.9200,204.0000,200.8000,202.7200,864738.0000,202.7200
12/05/2014,201.2000,201.9200,197.8400,199.6800,1438500.0000,199.6800
12/08/2014,195.8400,196.0000,190.6400,191.2800,1912450.0000,191.2800
12/09/2014,190.9600,194.5600,189.9200,193.6000,1508375.0000,193.6000
12/10/2014,189.3600,189.4400,183.6000,186.2400,3276563.0000,186.2400
12/11/2014,183.7600,186.9600,181.0400,181.4400,2695863.0000,181.4400
12/12/2014,178.6400,178.9600,174.4800,175.4400,3308575.0000,175.4400
12/15/2014,175.6800,176.4000,167.7600,168.4800,3217963.0000,168.4800
12/16/2014,165.2000,173.8400,164.2400,170.4000,5962000.0000,170.4000
12/17/2014,167.6800,179.4400,166.8000,170.7200,5928050.0000,170.7200
12/18/2014,173.4400,174.0000,164.3200,165.9200,4141300.0000,165.9200
12/19/2014,169.8400,176.8000,167.4400,175.6800,3480113.0000,175.6800
12/22/2014,171.1200,171.1200,166.8800,167.3600,2572713.0000,167.3600
12/23/2014,167.5200,174.1600,167.5200,172.4800,2022325.0000,172.4800
12/24/2014,169.5200,169.6000,166.7200,168.4000,1220325.0000,168.4000
12/26/2014,169.7600,169.7600,165.0400,166.2400,1569313.0000,166.2400
12/29/2014,167.6000,167.6000,160.1600,162.4000,2700738.0000,162.4000
12/30/2014,162.4800,164.4000,161.3600,162.3200,2138475.0000,162.3200
12/31/2014,160.0800,163.3600,158.7200,162.8800,3037663.0000,162.8800
01/02/2015,159.7600,162.8000,157.5200,159.1200,2638313.0000,159.1200
01/05/2015,154.6400,154.8800,150.3200,150.3200,3937438.0000,150.3200
01/06/2015,148.4800,149.6000,144.0000,144.4000,5279375.0000,144.4000
01/07/2015,146.4000,149.2000,144.4000,146.9600,3916575.0000,146.9600
01/08/2015,146.2400,148.7200,144.4800,148.4000,3338188.0000,148.4000
01/09/2015,147.2000,148.0000,142.8800,146.2400,3312775.0000,146.2400
01/12/2015,142.0800,142.0800,139.1200,139.2800,3845300.0000,139.2800
01/13/2015,138.0000,141.8400,136.8000,140.9600,4125963.0000,140.9600
01/14/2015,139.6000,147.8400,138.1600,146.1600,5296163.0000,146.1600
01/15/2015,148.3200,148.8800,139.3600,139.6000,6261588.0000,139.6000
01/16/2015,141.9200,147.6800,141.7600,146.6400,4717325.0000,146.6400
01/20/2015,141.3600,142.8000,138.8000,139.8400,3563363.0000,139.8400
01/21/2015,141.7600,144.2400,140.8000,142.1600,2957988.0000,142.1600
01/22/2015,142.7200,143.5200,137.2800,139.2800,4722638.0000,139.2800
01/23/2015,137.4400,139.7600,135.6800,136.0000,4067663.0000,136.0000
01/26/2015,136.0000,138.8000,134.8800,134.9600,3548138.0000,134.9600
01/27/2015,135.3600,139.2800,135.2000,137.6800,2901325.0000,137.6800
01/28/2015,135.6800,136.7200,132.0000,132.4800,5010625.0000,132.4800
01/29/2015,134.4000,134.4800,130.4000,133.4400,3577388.0000,133.4400
01/30/2015,133.9200,144.5600,133.8400,142.5600,5995188.0000,142.5600
02/02/2015,147.2000,149.6000,143.4400,148.9600,5189975.0000,148.9600
02/03/2015,151.6000,162.3200,150.8800,156.9600,9557625.0000,156.9600
02/04/2015,152.6400,152.8000,143.6000,146.2400,8318588.0000,146.2400
02/05/2015,147.9200,155.8400,147.8400,152.2400,6273275.0000,152.2400
02/06/2015,153.4400,159.0400,152.8800,155.7600,5191263.0000,155.7600
02/09/2015,158.2400,161.4400,157.4400,158.1600,4354900.0000,158.1600
02/10/2015,156.7200,156.8000,149.3600,151.5200,4217725.0000,151.5200
02/11/2015,147.9200,149.6800,144.0800,148.0800,4519538.0000,148.0800
02/12/2015,152.3200,154.4800,149.2000,153.4400,3990525.0000,153.4400
02/13/2015,157.8400,159.7600,155.6800,156.9600,3862988.0000,156.9600
02/17/2015,155.0400,161.5200,151.9200,158.3200,3811400.0000,158.3200
02/18/2015,156.4000,158.6400,153.3600,154.0800,3145075.0000,154.0800
02/19/2015,147.6000,155.0400,147.1200,152.8000,6027513.0000,152.8000
02/20/2015,152.5600,153.3600,149.1200,149.2000,3568038.0000,149.2000
02/23/2015,145.3600,148.7200,144.1600,144.8800,6229325.0000,144.8800
02/24/2015,147.2800,147.7600,144.1600,144.3200,2277100.0000,144.3200
02/25/2015,145.2000,150.4000,142.5600,149.2000,4786513.0000,149.2000
02/26/2015,146.2400,147.4400,140.6400,144.2400,5014588.0000,144.2400
02/27/2015,144.8800,146.8000,142.5600,144.8000,3558788.0000,144.8000
03/02/2015,145.0400,150.0800,144.1600,146.5600,2988463.0000,146.5600
03/03/2015,146.5600,149.3600,145.4400,147.9200,2859313.0000,147.9200
03/04/2015,149.6800,152.8000,145.9200,152.0800,4095288.0000,152.0800
03/05/2015,150.7200,152.8000,148.8800,149.6800,2845650.0000,149.6800
03/06/2015,147.2800,148.4000,143.7600,145.9200,3432000.0000,145.9200
03/09/2015,145.4400,149.1200,145.1200,146.8000,2466125.0000,146.8000
03/10/2015,144.7200,145.9200,141.9200,143.2800,3344225.0000,143.2800
03/11/2015,142.7200,142.8000,139.5200,142.1600,3726263.0000,142.1600
03/12/2015,142.1600,142.4800,138.7200,139.5200,2975613.0000,139.5200
03/13/2015,137.2000,137.3600,133.3600,134.4000,5575763.0000,134.4000
03/16/2015,131.7600,131.9200,128.0000,130.8000,4962713.0000,130.8000
03/17/2015,128.4000,129.9200,127.2000,127.6800,3909250.0000,127.6800
03/18/2015,125.4400,134.2400,124.8800,134.0800,6803463.0000,134.0800
03/19/2015,127.5200,130.7200,127.2800,128.6400,4052600.0000,128.6400
03/20/2015,132.4000,134.4000,131.0400,131.4400,3674463.0000,131.4400
03/23/2015,131.6800,135.0400,131.5200,134.2400,2645050.0000,134.2400
03/24/2015,135.7600,136.0800,133.6800,134.3200,2656113.0000,134.3200
03/25/2015,136.4000,140.2400,134.3200,138.8800,3994238.0000,138.8800
03/26/2015,143.4400,146.4000,141.2000,145.6800,5439213.0000,145.6800
03/27/2015,143.2800,143.2800,136.9600,137.1200,3954138.0000,137.1200
03/30/2015,138.4000,139.3600,135.0400,137.8400,3259450.0000,137.8400
03/31/2015,135.9200,137.9200,134.3200,134.7200,2884625.0000,134.7200
04/01/2015,136.0000,143.0400,135.4400,140.6400,4369238.0000,140.6400
04/02/2015,138.9600,141.4400,136.4800,140.4800,4674100.0000,140.4800
04/06/2015,142.8000,148.0800,141.5200,147.4400,5161613.0000,147.4400
04/07/2015,145.8400,153.4400,145.4400,152.4800,5493675.0000,152.4800
04/08/2015,149.6800,150.0000,143.0400,144.5600,4861588.0000,144.5600
04/09/2015,145.1200,147.9200,144.0000,144.2400,2348750.0000,144.2400
04/10/2015,145.2800,147.7600,145.0400,147.2800,2039138.0000,147.2800
04/13/2015,149.8400,150.4000,146.7200,148.0000,2315575.0000,148.0000
04/14/2015,149.8400,152.2400,149.1200,150.5600,2729725.0000,150.5600
04/15/2015,152.2400,159.2000,151.4400,157.6800,6516925.0000,157.6800
04/16/2015,157.4400,161.7600,155.7600,159.5200,4219188.0000,159.5200
04/17/2015,158.3200,160.5600,156.4000,158.7200,2723788.0000,158.7200
04/20/2015,156.8800,161.2800,156.8000,159.1200,3107888.0000,159.1200
04/21/2015,158.5600,159.6800,154.4000,155.6000,2903988.0000,155.6000
04/22/2015,155.6800,157.2800,154.0800,154.8800,2161838.0000,154.8800
04/23/2015,156.0000,160.6400,155.7600,158.0800,3176175.0000,158.0800
04/24/2015,156.7200,157.8400,155.3600,157.3600,2414700.0000,157.3600
04/27/2015,158.2400,159.2000,155.5200,156.1600,1974113.0000,156.1600
04/28/2015,156.9600,159.0400,156.1600,156.8000,2605850.0000,156.8000
04/29/2015,157.1200,163.2000,157.0400,160.9600,3916663.0000,160.9600
04/30/2015,161.2000,164.4000,160.7200,164.0800,2384363.0000,164.0800
05/01/2015,162.4000,163.3600,160.4800,163.2000,1818250.0000,163.2000
05/04/2015,162.0800,162.4800,160.8000,162.2400,1754450.0000,162.2400
05/05/2015,166.5600,168.0000,165.8400,166.0800,3483213.0000,166.0800
05/06/2015,169.9200,172.0000,166.5600,166.5600,4421863.0000,166.5600
05/07/2015,166.3200,166.4000,160.8800,161.6000,3068038.0000,161.6000
05/08/2015,162.4800,163.8400,159.7600,163.3600,2185888.0000,163.3600
05/11/2015,163.8400,164.3200,161.4400,163.0400,1593675.0000,163.0400
05/12/2015,163.9200,168.0000,163.6000,165.9200,2444175.0000,165.9200
05/13/2015,168.5600,169.6000,164.8800,164.8800,2971675.0000,164.8800
05/14/2015,166.4000,167.1200,163.2000,164.2400,2141225.0000,164.2400
05/15/2015,161.2000,164.4000,160.4000,164.1600,2107350.0000,164.1600
05/18/2015,163.5200,164.4000,161.8400,163.5200,1969950.0000,163.5200
05/19/2015,159.6800,160.1600,156.6400,157.0400,3565050.0000,157.0400
05/20/2015,158.7200,159.7600,157.2800,158.7200,2844488.0000,158.7200
05/21/2015,162.1600,164.7200,161.6000,164.0000,3321700.0000,164.0000
05/22/2015,160.8000,162.5600,160.7200,162.0000,1606775.0000,162.0000
05/26/2015,158.4800,159.2000,156.0000,157.5200,2549413.0000,157.5200
05/27/2015,155.6800,157.6800,155.1200,155.8400,2437100.0000,155.8400
05/28/2015,153.7600,156.4800,152.7200,156.4800,3356013.0000,156.4800
05/29/2015,156.8800,164.0000,156.8000,162.4800,3994238.0000,162.4800
06/01/2015,162.8800,163.8400,160.3200,162.8800,1935475.0000,162.8800
06/02/2015,164.2400,166.4000,163.2800,165.4400,2275825.0000,165.4400
06/03/2015,163.9200,165.9200,160.4000,161.3600,2090675.0000,161.3600
06/04/2015,159.3600,159.7600,156.4000,157.2800,2546888.0000,157.2800
06/05/2015,154.0000,160.0000,153.8400,159.2000,2639275.0000,159.2000
06/08/2015,158.0000,159.1200,156.4000,157.6800,1432138.0000,157.6800
06/09/2015,161.6000,163.1200,161.1200,161.6800,1962013.0000,161.6800
06/10/2015,166.3200,166.4000,163.4400,165.1200,2833488.0000,165.1200
06/11/2015,164.9600,164.9600,162.6400,163.9200,1160638.0000,163.9200
06/12/2015,162.0800,163.2800,161.5200,162.1600,1211600.0000,162.1600
06/15/2015,159.6000,161.6000,159.5200,161.2000,1256463.0000,161.2000
06/16/2015,161.3600,162.7200,161.0400,162.0800,805250.0000,162.0800
06/17/2015,164.9600,165.2800,159.2000,161.6800,2466850.0000,161.6800
06/18/2015,162.7200,163.6000,161.3600,162.8800,1858013.0000,162.8800
06/19/2015,160.3200,161.2000,158.8800,160.1600,1774213.0000,160.1600
06/22/2015,159.3600,162.0000,159.0400,161.2800,1408363.0000,161.2800
06/23/2015,160.1600,164.5600,159.6800,163.7600,2267025.0000,163.7600
06/24/2015,162.9600,164.9600,160.3200,161.6800,2670688.0000,161.6800
06/25/2015,160.4000,160.9600,159.3600,159.8400,1508500.0000,159.8400
06/26/2015,158.3200,160.7200,157.8400,159.8400,1364363.0000,159.8400
06/29/2015,156.7200,157.8400,155.9200,156.0800,2362300.0000,156.0800
06/30/2015,157.9200,160.0000,157.2000,159.0400,1841575.0000,159.0400
07/01/2015,156.3200,156.6400,152.0000,152.8000,3128238.0000,152.8000
07/02/2015,153.2800,155.3600,151.4400,151.4400,2300313.0000,151.4400
07/06/2015,146.5600,146.6400,140.6400,141.8400,5214375.0000,141.8400
07/07/2015,140.7200,143.2800,135.6000,142.0800,5459000.0000,142.0800
07/08/2015,140.9600,141.6000,136.5600,139.0400,2958588.0000,139.0400
07/09/2015,142.4000,143.2800,140.2400,141.6800,2158288.0000,141.6800
07/10/2015,141.2000,142.4000,139.3600,141.3600,2132975.0000,141.3600
07/13/2015,139.2000,142.6400,138.8000,140.0800,2103163.0000,140.0800
07/14/2015,138.8000,142.8800,138.5600,141.7600,2475300.0000,141.7600
07/15/2015,140.0000,141.6000,137.2000,137.8400,3573813.0000,137.8400
07/16/2015,139.1200,139.2000,136.0000,136.4000,2428513.0000,136.4000
07/17/2015,136.3200,136.4000,134.2400,135.9200,2976488.0000,135.9200
07/20/2015,135.4400,135.7600,133.5200,133.5200,2055688.0000,133.5200
07/21/2015,134.7200,136.6400,134.2400,135.2800,1602138.0000,135.2800
07/22/2015,133.2800,134.4800,130.4000,130.7200,3386963.0000,130.7200
07/23/2015,131.5200,131.9200,128.1600,129.1200,2836525.0000,129.1200
07/24/2015,129.4400,129.4400,126.8800,128.2400,2905775.0000,128.2400
07/27/2015,126.4800,127.2000,125.1200,125.2000,4755175.0000,125.2000
07/28/2015,126.0800,128.7200,125.1200,126.8000,2749613.0000,126.8000
07/29/2015,126.5600,131.6000,126.4000,129.9200,4339963.0000,129.9200
07/30/2015,129.6800,130.9600,128.4800,128.8000,1733938.0000,128.8000
07/31/2015,128.9600,129.1200,124.3200,124.7200,3075250.0000,124.7200
08/03/2015,122.3200,123.7600,119.8400,120.8000,4349038.0000,120.8000
08/04/2015,121.6800,122.8800,120.8000,121.7600,1817788.0000,121.7600
08/05/2015,122.4800,124.1600,119.2000,120.2400,3325950.0000,120.2400
08/06/2015,118.8000,119.2000,117.4400,118.9600,2991625.0000,118.9600
08/07/2015,117.7600,118.2400,116.1600,116.4800,2475525.0000,116.4800
08/10/2015,116.1600,119.9200,115.8400,119.1200,2560338.0000,119.1200
08/11/2015,115.8400,116.3200,114.1600,115.9200,3177363.0000,115.9200
08/12/2015,116.1600,116.6400,114.2400,115.5200,2300675.0000,115.5200
08/13/2015,114.2400,114.2400,111.8400,112.7200,3308050.0000,112.7200
08/14/2015,113.3600,114.1600,111.8400,111.9200,2085750.0000,111.9200
08/17/2015,112.4000,113.2800,110.8800,111.1200,2080838.0000,111.1200
08/18/2015,111.4400,113.6800,110.7200,112.4000,1932513.0000,112.4000
08/19/2015,111.8400,112.2400,107.2800,107.4400,4487400.0000,107.4400
08/20/2015,108.4000,109.6000,106.8000,106.9600,3940025.0000,106.9600
08/21/2015,107.6800,108.5600,104.4800,105.8400,3927350.0000,105.8400
08/24/2015,100.9600,103.5200,98.9600,99.9200,6165113.0000,99.9200
08/25/2015,104.1600,104.4000,101.6800,101.8400,4038163.0000,101.8400
08/26/2015,102.8000,104.0000,100.9600,102.1600,4054950.0000,102.1600
08/27/2015,104.4000,112.0000,104.3200,111.6000,7021275.0000,111.6000
08/28/2015,110.6400,120.2400,110.6400,119.0400,8598013.0000,119.0400
08/31/2015,117.3600,129.2000,114.2400,127.1200,10985725.0000,127.1200
09/01/2015,123.8400,124.7200,117.5200,118.4800,7173325.0000,118.4800
09/02/2015,120.8800,122.5600,113.2800,120.7200,7385075.0000,120.7200
09/03/2015,121.8400,126.8000,120.4000,122.7200,5712138.0000,122.7200
09/04/2015,121.6800,122.7200,119.8400,120.6400,2765488.0000,120.6400
09/08/2015,119.2800,121.6000,116.6400,120.1600,3644588.0000,120.1600
09/09/2015,119.9200,120.4800,115.6000,116.0800,2731413.0000,116.0800
09/10/2015,116.8800,120.4000,115.7600,119.4400,2436788.0000,119.4400
09/11/2015,116.9600,118.8800,115.5200,117.2000,3214238.0000,117.2000
09/14/2015,115.3600,116.1600,114.0000,115.1200,2223888.0000,115.1200
09/15/2015,115.8400,117.4400,114.8000,116.5600,2153038.0000,116.5600
09/16/2015,119.2800,123.4400,118.4800,122.8800,5533088.0000,122.8800
09/17/2015,123.0400,124.3200,121.0400,121.8400,3551763.0000,121.8400
09/18/2015,118.9600,119.8400,115.3600,116.9600,3599750.0000,116.9600
09/21/2015,119.3600,121.5200,118.5600,120.4000,2887375.0000,120.4000
09/22/2015,118.1600,120.2400,117.3600,119.3600,3544638.0000,119.3600
09/23/2015,120.6400,121.9200,114.8000,115.5200,4620525.0000,115.5200
09/24/2015,114.3200,116.8000,113.9200,116.7200,3334300.0000,116.7200
09/25/2015,118.4800,119.8400,116.8000,117.7600,2783438.0000,117.7600
09/28/2015,115.6000,117.2000,114.5600,115.0400,2541425.0000,115.0400
09/29/2015,116.0800,118.0800,115.6000,116.8800,1837550.0000,116.8800
09/30/2015,116.4000,118.5600,115.6800,117.4400,3060838.0000,117.4400
10/01/2015,121.2000,121.6000,115.4400,116.6400,4043963.0000,116.6400
10/02/2015,114.3200,118.4000,113.6800,118.1600,3491463.0000,118.1600
10/05/2015,120.2400,121.2800,119.0400,120.0000,2897725.0000,120.0000
10/06/2015,120.8800,126.0000,120.6400,125.9200,5568075.0000,125.9200
10/07/2015,127.4400,128.4000,123.3600,124.5600,5104100.0000,124.5600
10/08/2015,125.2800,129.3600,124.5600,128.3200,3707563.0000,128.3200
10/09/2015,128.3200,129.6000,127.0400,127.9200,3722325.0000,127.9200
10/12/2015,127.9200,127.9200,121.6000,122.4800,3620138.0000,122.4800
10/13/2015,121.4400,124.9600,119.9200,120.4800,3733813.0000,120.4800
10/14/2015,119.8400,121.2800,118.8000,120.4000,2345463.0000,120.4000
10/15/2015,118.4800,121.1200,117.0400,121.0400,4521075.0000,121.0400
10/16/2015,122.2400,122.5600,119.2800,121.7600,2893050.0000,121.7600
10/19/2015,119.2800,120.1600,118.1600,118.6400,2648725.0000,118.6400
10/20/2015,118.4000,119.9200,116.8800,117.8400,2532213.0000,117.8400
10/21/2015,116.0000,117.3600,114.7200,115.4400,3319375.0000,115.4400
10/22/2015,116.9600,117.8400,114.8000,116.0800,2078150.0000,116.0800
10/23/2015,113.8400,115.1200,113.0400,114.1600,3346850.0000,114.1600
10/26/2015,113.4400,113.6000,112.0000,112.0800,2644313.0000,112.0800
10/27/2015,109.6800,110.8000,108.8800,110.5600,3298113.0000,110.5600
10/28/2015,111.7600,117.6000,111.2800,117.5200,6116988.0000,117.5200
10/29/2015,117.6800,119.5200,116.6400,117.0400,2749213.0000,117.0400
10/30/2015,117.2800,120.1600,116.5600,118.4800,2415288.0000,118.4800
11/02/2015,117.5200,119.3600,117.2000,118.0000,2009450.0000,118.0000
11/03/2015,120.3200,123.6000,119.5200,122.2400,4542538.0000,122.2400
11/04/2015,121.6000,122.2400,118.0000,118.8000,3222875.0000,118.8000
11/05/2015,117.3600,118.7200,115.3600,115.8400,3267375.0000,115.8400
11/06/2015,114.3200,114.9600,112.8000,113.8400,2799963.0000,113.8400
11/09/2015,112.8000,113.8400,111.6000,112.6400,2782213.0000,112.6400
11/10/2015,112.0000,114.3200,111.9200,112.7200,1985975.0000,112.7200
11/11/2015,112.4800,112.7200,109.1200,110.0800,3019288.0000,110.0800
11/12/2015,107.6000,109.6000,106.5600,106.8000,4195875.0000,106.8000
11/13/2015,105.6000,105.8400,103.2800,104.4800,4322938.0000,104.4800
11/16/2015,104.0000,107.4400,102.4800,107.1200,4723425.0000,107.1200
11/17/2015,105.3600,105.7600,103.5200,104.0800,2872350.0000,104.0800
11/18/2015,105.1200,105.6000,102.6400,104.4000,3094350.0000,104.4000
11/19/2015,103.3600,104.2400,102.8800,103.6800,2807150.0000,103.6800
11/20/2015,103.5200,106.2400,102.8800,103.4400,4722025.0000,103.4400
11/23/2015,102.7200,105.9200,102.5600,104.1600,3630650.0000,104.1600
11/24/2015,106.8000,108.0000,105.6000,106.5600,3195025.0000,106.5600
11/25/2015,104.8800,107.3600,103.6800,107.1200,3389625.0000,107.1200
11/27/2015,104.7200,104.8800,104.0000,104.2400,1327450.0000,104.2400
11/30/2015,105.4400,105.8400,103.2000,103.4400,2770025.0000,103.4400
12/01/2015,103.3600,104.8800,102.6400,103.6000,2457338.0000,103.6000
12/02/2015,102.1600,104.2400,99.0400,99.8400,6567975.0000,99.8400
12/03/2015,100.7200,103.7600,99.6000,102.1600,4499675.0000,102.1600
12/04/2015,99.6000,101.0400,98.6400,99.6800,5235563.0000,99.6800
12/07/2015,96.1600,96.6400,93.2000,93.7600,6665800.0000,93.7600
12/08/2015,92.1600,95.7600,91.6000,93.4400,4946713.0000,93.4400
12/09/2015,94.1600,96.4800,91.4400,92.4800,4858888.0000,92.4800
12/10/2015,91.5200,92.5600,90.6400,90.9600,4218238.0000,90.9600
12/11/2015,90.4000,90.6400,88.0000,88.5600,5557613.0000,88.5600
12/14/2015,87.7600,90.4000,86.3200,89.2800,4893525.0000,89.2800
12/15/2015,90.6400,93.2000,90.0000,91.2000,4486513.0000,91.2000
12/16/2015,89.8400,90.7200,87.0400,87.9200,4548413.0000,87.9200
12/17/2015,87.6000,87.6000,85.6800,85.9200,3758075.0000,85.9200
12/18/2015,86.4800,87.9200,84.9600,85.2800,4639063.0000,85.2800
12/21/2015,84.8000,86.0000,84.1600,85.2800,3316550.0000,85.2800
12/22/2015,85.4400,87.0400,85.2800,86.1600,2742775.0000,86.1600
12/23/2015,88.4800,90.3200,88.0000,90.0800,4919263.0000,90.0800
12/24/2015,90.7200,90.8000,89.8400,90.4000,2379650.0000,90.4000
12/28/2015,88.4800,88.5600,87.2800,87.4400,2561988.0000,87.4400
12/29/2015,89.2800,90.3200,89.2000,90.0800,2948150.0000,90.0800
12/30/2015,87.6800,88.0000,86.7200,87.4400,3099550.0000,87.4400
12/31/2015,86.7200,89.9200,86.5600,88.0000,3795288.0000,88.0000
01/04/2016,90.0800,91.3600,86.5600,87.8400,4529588.0000,87.8400
01/05/2016,86.4000,86.9600,85.1200,85.2800,4021700.0000,85.2800
01/06/2016,82.4000,83.7600,80.4800,80.8800,9135888.0000,80.8800
01/07/2016,79.1200,81.6000,78.8000,79.2000,6499713.0000,79.2000
01/08/2016,79.6000,80.1600,77.6800,78.4000,5586050.0000,78.4000
01/11/2016,77.7600,78.0800,73.6000,74.0000,10285050.0000,74.0000
01/12/2016,75.4400,75.8400,71.2000,73.3600,12760663.0000,73.3600
01/13/2016,74.4000,75.1200,71.4400,72.7200,12569463.0000,72.7200
01/14/2016,73.1200,74.7200,72.3200,73.8400,5953413.0000,73.8400
01/15/2016,70.3200,71.2000,69.1200,70.3200,11602613.0000,70.3200
01/19/2016,70.0000,70.1600,67.6000,67.9200,7540325.0000,67.9200
01/20/2016,66.7200,66.9600,63.3600,65.9200,10401950.0000,65.9200
01/21/2016,64.8000,69.5200,64.4800,68.4800,10902175.0000,68.4800
01/22/2016,72.7200,74.3200,71.7600,74.1600,7819525.0000,74.1600
01/25/2016,71.5200,72.9600,68.3200,68.3200,6934875.0000,68.3200
01/26/2016,70.4800,74.4800,69.9200,71.7600,6430600.0000,71.7600
01/27/2016,71.3600,75.4400,70.3200,73.4400,8928713.0000,73.4400
01/28/2016,78.4000,78.8800,75.2800,77.6000,8268888.0000,77.6000
01/29/2016,78.1600,79.0400,75.0400,77.2000,5901213.0000,77.2000
02/01/2016,74.8000,74.8800,71.9200,72.1600,6111225.0000,72.1600
02/02/2016,69.7600,70.4800,68.4800,68.5600,5554688.0000,68.5600
02/03/2016,70.7200,74.8000,68.3200,74.7200,9030788.0000,74.7200
02/04/2016,76.4000,77.2000,72.4800,72.9600,5623150.0000,72.9600
02/05/2016,72.3200,73.8400,70.4000,71.2800,4355950.0000,71.2800
02/08/2016,70.1600,70.5600,68.1600,69.1200,4787288.0000,69.1200
02/09/2016,68.0800,69.3600,63.7600,65.4400,7226550.0000,65.4400
02/10/2016,63.7600,67.2000,63.1200,63.6800,8022850.0000,63.6800
02/11/2016,62.5600,64.2400,61.3600,63.9200,11998838.0000,63.9200
02/12/2016,65.2800,68.1600,64.0800,66.6400,8488400.0000,66.6400
02/16/2016,67.9200,68.1600,65.4400,66.4800,6118750.0000,66.4800
02/17/2016,67.4400,71.2000,67.1200,70.2400,7534175.0000,70.2400
02/18/2016,72.2400,72.5600,69.2000,69.2800,6923763.0000,69.2800
02/19/2016,68.4000,68.8000,66.8000,68.4000,5945325.0000,68.4000
02/22/2016,71.2000,72.0800,70.7200,71.2800,6746513.0000,71.2800
02/23/2016,70.0800,70.0800,67.4400,67.8400,7803400.0000,67.8400
02/24/2016,65.5200,69.0400,65.1200,68.7200,6023738.0000,68.7200
02/25/2016,67.8400,71.3600,66.2400,70.4000,4938338.0000,70.4000
02/26/2016,73.1200,73.2800,69.6000,70.2400,7349925.0000,70.2400
02/29/2016,70.8800,72.3200,70.2400,72.0000,6325550.0000,72.0000
03/01/2016,71.8400,74.0800,71.1200,73.2000,5950675.0000,73.2000
03/02/2016,72.0800,74.8800,71.5200,74.4000,6188488.0000,74.4000
03/03/2016,73.0400,75.2800,72.8800,74.0000,4296738.0000,74.0000
03/04/2016,74.3200,77.2000,73.4400,77.2000,6121725.0000,77.2000
03/07/2016,77.4400,81.2000,77.3600,80.8800,8387150.0000,80.8800
03/08/2016,80.3200,80.3200,77.2000,77.2000,5712563.0000,77.2000
03/09/2016,78.9600,81.6800,78.8000,81.2000,5498163.0000,81.2000
03/10/2016,79.6800,80.9600,79.0400,80.3200,4136200.0000,80.3200
03/11/2016,81.6800,82.3200,80.4800,81.5200,3518000.0000,81.5200
03/14/2016,79.3600,79.4400,78.0800,79.0400,4664588.0000,79.0400
03/15/2016,77.8400,77.9200,76.7200,77.6000,4433888.0000,77.6000
03/16/2016,79.2800,81.6000,79.2800,81.4400,4788963.0000,81.4400
03/17/2016,82.9600,84.8000,82.3200,84.4000,5133838.0000,84.4000
03/18/2016,85.6800,86.4000,83.4400,83.8400,4864950.0000,83.8400
03/21/2016,84.0000,84.9600,82.8800,84.7200,4374413.0000,84.7200
03/22/2016,83.2800,85.1200,83.0400,84.3200,3535925.0000,84.3200
03/23/2016,82.6400,82.9600,80.6400,80.8800,5024275.0000,80.8800
03/24/2016,78.2400,80.8000,77.9200,80.4800,6322038.0000,80.4800
03/28/2016,80.0800,80.4800,78.9600,80.0800,3406013.0000,80.0800
03/29/2016,77.6800,78.5600,77.0400,78.4000,4371825.0000,78.4000
03/30/2016,79.9200,81.0400,77.6000,77.8400,4619325.0000,77.8400
03/31/2016,77.4400,79.3600,77.3600,77.6000,4086550.0000,77.6000
04/01/2016,75.2800,75.6800,74.5600,74.6400,5033263.0000,74.6400
04/04/2016,74.5600,75.6800,72.4000,72.6400,4840888.0000,72.6400
04/05/2016,72.5600,73.5200,71.9200,73.0400,5333550.0000,73.0400
04/06/2016,75.0400,77.0400,74.5600,76.8000,5712075.0000,76.8000
04/07/2016,75.9200,76.4000,74.6400,76.0800,3525625.0000,76.0800
04/08/2016,79.8400,80.8800,79.4400,80.2400,5894563.0000,80.2400
04/11/2016,81.5200,82.7200,81.2000,82.2400,3633463.0000,82.2400
04/12/2016,82.9600,85.7600,82.4800,85.1200,7083088.0000,85.1200
04/13/2016,84.7200,85.9200,83.8400,84.0800,5366750.0000,84.0800
04/14/2016,84.6400,85.2000,83.3600,83.8400,3969688.0000,83.8400
04/15/2016,82.2400,82.6400,81.0400,82.0000,4372625.0000,82.0000
04/18/2016,78.7200,81.9200,78.3200,81.3600,4874688.0000,81.3600
04/19/2016,82.0000,84.3200,81.7600,83.5200,4684988.0000,83.5200
04/20/2016,81.9200,87.0400,81.6000,86.0800,5312650.0000,86.0800
04/21/2016,85.6800,86.5600,84.6400,85.7600,3392488.0000,85.7600
04/22/2016,86.0000,87.4400,85.5200,86.0800,3745525.0000,86.0800
04/25/2016,86.2400,86.4800,83.7600,84.4000,2746975.0000,84.4000
04/26/2016,85.2800,86.9600,84.9600,86.4800,2398775.0000,86.4800
04/27/2016,88.2400,89.7600,86.0800,89.1200,4740113.0000,89.1200
04/28/2016,89.2800,90.7200,88.8000,89.7600,3116988.0000,89.7600
04/29/2016,91.3600,92.0000,88.9600,90.4000,4350263.0000,90.4000
05/02/2016,89.9200,90.0000,87.6000,88.4000,2701800.0000,88.4000
05/03/2016,86.8800,87.0400,85.2800,85.9200,3551525.0000,85.9200
05/04/2016,87.4400,88.3200,85.0400,86.3200,3107025.0000,86.3200
05/05/2016,89.8400,89.9200,86.4800,87.2000,4269875.0000,87.2000
05/06/2016,86.4800,89.2000,86.2400,87.6800,3299588.0000,87.6800
05/09/2016,86.8800,87.2800,85.1200,85.4400,2767888.0000,85.4400
05/10/2016,86.0000,88.1600,85.7600,87.9200,2631888.0000,87.9200
05/11/2016,87.2800,91.3600,86.8000,90.7200,3667275.0000,90.7200
05/12/2016,92.2400,92.2400,89.7600,91.6000,2993300.0000,91.6000
05/13/2016,90.8000,91.4400,90.1600,90.9600,1903750.0000,90.9600
05/16/2016,93.4400,94.3200,93.0400,94.0800,3339175.0000,94.0800
05/17/2016,94.0000,95.4400,93.6800,95.3600,2788863.0000,95.3600
05/18/2016,94.8000,96.0000,93.6000,93.6000,3678188.0000,93.6000
05/19/2016,92.6400,94.4000,91.5200,94.3200,2737813.0000,94.3200
05/20/2016,94.3200,94.8800,92.8800,94.0000,2402500.0000,94.0000
05/23/2016,92.0800,93.5200,91.9200,93.2800,2035138.0000,93.2800
05/24/2016,93.3600,94.8000,93.2800,94.5600,2136613.0000,94.5600
05/25/2016,95.3600,96.4000,94.3200,96.2400,3123013.0000,96.2400
05/26/2016,96.8800,96.9600,95.3600,95.6000,2707213.0000,95.6000
05/27/2016,94.7200,95.9200,94.4000,95.8400,1761138.0000,95.8400
05/31/2016,95.8400,97.0400,94.5600,94.9600,2106338.0000,94.9600
06/01/2016,92.9600,95.4400,92.4800,95.4400,3194138.0000,95.4400
06/02/2016,93.3600,95.6800,93.2000,94.8800,2800263.0000,94.8800
06/03/2016,95.1200,95.1200,93.6000,94.5600,2396238.0000,94.5600
06/06/2016,96.0800,96.6400,95.2000,96.3200,2926275.0000,96.3200
06/07/2016,96.8000,97.9200,96.5600,97.7600,2280963.0000,97.7600
06/08/2016,98.7200,99.6000,98.2400,99.4400,3312538.0000,99.4400
06/09/2016,97.5200,98.5600,97.5200,98.0000,2253463.0000,98.0000
06/10/2016,96.1600,96.8000,94.6400,94.9600,2627675.0000,94.9600
06/13/2016,93.6800,95.5200,93.6000,94.0800,2270488.0000,94.0800
06/14/2016,93.8400,94.3200,93.2800,93.8400,1980300.0000,93.8400
06/15/2016,92.5600,94.2400,91.4400,91.7600,2918800.0000,91.7600
06/16/2016,91.2000,91.3600,88.8800,89.1200,3883588.0000,89.1200
06/17/2016,91.6000,93.3600,91.1200,93.2800,4365225.0000,93.2800
06/20/2016,94.5600,95.6800,94.0800,95.2800,3259663.0000,95.2800
06/21/2016,94.0800,95.5200,93.5200,95.1200,2727875.0000,95.1200
06/22/2016,95.9200,96.3200,92.6400,93.9200,3257088.0000,93.9200
06/23/2016,95.3600,96.0000,94.2400,95.8400,2368438.0000,95.8400
06/24/2016,91.0400,92.6400,90.8800,91.2000,4098063.0000,91.2000
06/27/2016,89.7600,89.7600,87.6800,89.5200,3084863.0000,89.5200
06/28/2016,91.2000,91.7600,89.6000,91.7600,2922875.0000,91.7600
06/29/2016,92.4000,95.6800,92.0000,94.3200,3102713.0000,94.3200
06/30/2016,93.2800,94.3200,92.1600,92.5600,2756088.0000,92.5600
07/01/2016,92.1600,94.2400,92.0000,94.2400,2570888.0000,94.2400
07/05/2016,90.8000,90.9600,88.7200,89.4400,3770288.0000,89.4400
07/06/2016,88.7200,91.2800,88.0800,90.6400,2179525.0000,90.6400
07/07/2016,92.0000,92.3200,85.9200,86.5600,4539438.0000,86.5600
07/08/2016,87.2800,87.6000,85.6800,86.6400,2692588.0000,86.6400
07/11/2016,87.2800,87.6000,85.1200,85.2000,2100738.0000,85.2000
07/12/2016,88.3200,89.8400,87.1200,89.5200,3828088.0000,89.5200
07/13/2016,88.5600,89.2000,85.2000,86.0000,4293163.0000,86.0000
07/14/2016,86.8800,87.6000,86.0800,86.9600,2683238.0000,86.9600
07/15/2016,87.9200,88.6400,87.1200,87.9200,2957013.0000,87.9200
07/18/2016,86.3200,87.0400,85.7600,86.5600,2480275.0000,86.5600
07/19/2016,86.3200,86.5600,85.4400,85.6000,2223175.0000,85.6000
07/20/2016,84.4000,86.8000,84.0800,85.8400,3318988.0000,85.8400
07/21/2016,85.4400,86.0000,83.9200,83.9200,2542975.0000,83.9200
07/22/2016,83.9200,84.0000,82.4000,83.3600,2811775.0000,83.3600
07/25/2016,81.6000,81.8400,80.8800,81.0400,3042163.0000,81.0400
07/26/2016,80.8000,81.3600,80.1600,80.6400,2977275.0000,80.6400
07/27/2016,80.8000,81.3600,78.4800,79.2000,3619338.0000,79.2000
07/28/2016,78.8000,79.1200,77.2800,77.3600,3546300.0000,77.3600
07/29/2016,77.0400,78.4800,76.4000,78.0800,3188438.0000,78.0800
08/01/2016,76.9600,77.2000,75.0400,75.2800,4745975.0000,75.2800
08/02/2016,76.7200,77.0400,73.9200,74.6400,3786738.0000,74.6400
08/03/2016,74.8000,77.5200,73.8400,77.5200,4553713.0000,77.5200
08/04/2016,76.5600,79.2800,76.3200,78.7200,3780075.0000,78.7200
08/05/2016,78.6400,78.9600,77.2800,78.8800,3856125.0000,78.8800
08/08/2016,80.2400,81.6800,80.1600,80.8000,3611363.0000,80.8000
08/09/2016,81.5200,81.9200,80.0800,80.5600,3217800.0000,80.5600
08/10/2016,80.8000,81.6800,78.0000,78.1600,3878975.0000,78.1600
08/11/2016,79.1200,82.5600,78.8800,81.6800,3946300.0000,81.6800
08/12/2016,82.4000,84.0000,82.0800,84.0000,3991263.0000,84.0000
08/15/2016,84.7200,86.2400,84.4800,86.0800,4245650.0000,86.0800
08/16/2016,86.3200,87.6800,85.6000,87.3600,4274225.0000,87.3600
08/17/2016,87.0400,88.1600,86.0800,87.9200,4175325.0000,87.9200
08/18/2016,88.8800,90.7200,88.8800,90.4000,7362925.0000,90.4000
08/19/2016,90.7200,91.0400,89.8400,90.7200,3873375.0000,90.7200
08/22/2016,88.8000,88.8800,87.6000,87.7600,3115513.0000,87.7600
08/23/2016,86.4000,89.4400,86.2400,88.7200,5971813.0000,88.7200
08/24/2016,87.5200,88.2400,85.9200,86.5600,3725563.0000,86.5600
08/25/2016,86.4000,87.8400,86.0800,87.6000,2966363.0000,87.6000
08/26/2016,87.5200,89.6800,86.8000,87.6000,3285813.0000,87.6000
08/29/2016,86.6400,87.3600,86.3200,86.8000,3099063.0000,86.8000
08/30/2016,87.4400,87.7600,85.5200,85.8400,3436475.0000,85.8400
08/31/2016,84.9600,85.2800,82.3200,82.8800,3815000.0000,82.8800
09/01/2016,81.5200,82.1600,79.6000,80.4800,7381888.0000,80.4800
09/02/2016,81.6000,82.7200,81.2000,81.9200,4647313.0000,81.9200
09/06/2016,81.6800,83.2000,81.2800,83.1200,4204763.0000,83.1200
09/07/2016,83.2000,84.3200,82.4800,84.1600,4457100.0000,84.1600
09/08/2016,85.6800,88.2400,84.6400,87.6800,6787150.0000,87.6800
09/09/2016,86.2400,86.5600,84.6400,84.7200,3610350.0000,84.7200
09/12/2016,83.2000,85.9200,82.9600,85.1200,3353863.0000,85.1200
09/13/2016,83.9200,84.5600,82.8000,82.9600,4793325.0000,82.9600
09/14/2016,82.1600,83.4400,80.3200,80.7200,6737950.0000,80.7200
09/15/2016,81.1200,82.0800,80.0800,81.1200,4738550.0000,81.1200
09/16/2016,79.4400,80.5600,79.2000,80.0000,4880863.0000,80.0000
09/19/2016,80.2400,81.6000,79.8400,79.8400,5723913.0000,79.8400
09/20/2016,78.9600,81.0400,78.5600,80.5600,5591238.0000,80.5600
09/21/2016,82.0000,83.2800,81.6800,83.2000,5514575.0000,83.2000
09/22/2016,84.5600,84.8800,83.8400,84.2400,6683125.0000,84.2400
09/23/2016,83.9200,84.6400,80.7200,81.5200,6432350.0000,81.5200
09/26/2016,82.7200,84.3200,82.4800,83.4400,5347263.0000,83.4400
09/27/2016,81.5200,82.3200,80.6400,81.2000,6940463.0000,81.2000
09/28/2016,82.4000,86.5600,80.9600,85.2000,11730200.0000,85.2000
09/29/2016,86.1600,88.1600,85.6800,86.9600,7906988.0000,86.9600
09/30/2016,87.7600,88.1600,87.0400,87.4400,5452663.0000,87.4400
10/03/2016,88.3200,89.4400,87.2800,88.8000,4709063.0000,88.8000
10/04/2016,89.4400,89.6000,88.3200,88.7200,7292938.0000,88.7200
10/05/2016,90.6400,91.2000,89.8400,90.8000,5825413.0000,90.8000
10/06/2016,91.7600,92.3200,91.0400,92.0800,5324850.0000,92.0800
10/07/2016,91.9200,92.0800,90.1600,90.6400,6808750.0000,90.6400
10/10/2016,92.2400,94.1600,92.1600,93.3600,6527025.0000,93.3600
10/11/2016,93.5200,93.9200,91.8400,92.6400,7669700.0000,92.6400
10/12/2016,91.6800,91.9200,90.8800,91.4400,5786288.0000,91.4400
10/13/2016,91.3600,92.0800,89.9200,91.9200,7672113.0000,91.9200
10/14/2016,92.0000,92.0800,90.8000,91.5200,6650825.0000,91.5200
10/17/2016,91.2800,91.4400,90.1600,90.9600,4504238.0000,90.9600
10/18/2016,91.8400,92.0000,90.5600,91.6000,4800775.0000,91.6000
10/19/2016,92.5600,94.3200,92.4000,93.2800,6027788.0000,93.2800
10/20/2016,91.9200,92.3200,91.1200,91.4400,5650650.0000,91.4400
10/21/2016,91.2000,92.0000,90.6400,91.8400,4957163.0000,91.8400
10/24/2016,90.8000,91.5200,89.6000,91.4400,6367538.0000,91.4400
10/25/2016,90.7200,91.3600,89.7600,89.9200,5826588.0000,89.9200
10/26/2016,88.5600,90.4800,88.2400,88.7200,7191438.0000,88.7200
10/27/2016,89.6800,90.4000,88.9600,89.6800,3084113.0000,89.6800
10/28/2016,88.8000,89.8400,87.4400,88.0800,3621300.0000,88.0800
10/31/2016,86.7200,87.0400,84.2400,84.2400,5659538.0000,84.2400
11/01/2016,85.2000,85.5200,83.4400,84.5600,4287363.0000,84.5600
11/02/2016,82.8000,83.6800,81.2000,82.2400,6201275.0000,82.2400
11/03/2016,81.9200,82.1600,80.1600,80.6400,4878825.0000,80.6400
11/04/2016,79.7600,80.9600,78.7200,79.8400,6995025.0000,79.8400
11/07/2016,80.4800,81.2800,79.6800,81.2800,4289838.0000,81.2800
11/08/2016,80.4800,82.0000,80.2400,80.8000,3653675.0000,80.8000
11/09/2016,81.1200,82.9600,80.3200,82.2400,5021763.0000,82.2400
11/10/2016,80.8000,81.6800,80.3200,80.3200,4254500.0000,80.3200
11/11/2016,79.0400,79.2000,77.9200,78.1600,6020100.0000,78.1600
11/14/2016,77.8400,79.0400,76.4800,78.9600,5609213.0000,78.9600
11/15/2016,80.6400,83.2000,80.6400,82.7200,7735588.0000,82.7200
11/16/2016,82.2400,83.6800,81.2000,81.8400,5161013.0000,81.8400
11/17/2016,83.5200,83.8400,80.9600,81.0400,5044513.0000,81.0400
11/18/2016,81.9200,82.6400,80.8800,82.5600,3471238.0000,82.5600
11/21/2016,84.8000,86.3200,84.4800,86.1600,5342900.0000,86.1600
11/22/2016,85.9200,86.4800,83.9200,85.0400,5539438.0000,85.0400
11/23/2016,84.8000,86.1600,84.4800,85.3600,3265150.0000,85.3600
11/25/2016,84.0000,84.4000,82.2400,82.6400,3716738.0000,82.6400
11/28/2016,83.7600,84.8000,82.8000,83.5200,7272513.0000,83.5200
11/29/2016,80.8000,81.2000,79.7600,80.4800,8365475.0000,80.4800
11/30/2016,80.4800,88.8000,80.4800,87.4400,13783213.0000,87.4400
12/01/2016,90.5600,92.1600,90.0800,90.6400,11358200.0000,90.6400
12/02/2016,91.2000,92.0800,90.5600,91.8400,4765288.0000,91.8400
12/05/2016,92.8800,93.0400,90.7200,90.8000,5669463.0000,90.8000
12/06/2016,89.7600,90.8000,89.4400,90.3200,3787775.0000,90.3200
12/07/2016,89.2800,90.0800,88.5600,88.7200,5295650.0000,88.7200
12/08/2016,89.2000,90.4800,88.6400,90.4800,4089013.0000,90.4800
12/09/2016,91.4400,91.6800,90.8800,91.5200,4110950.0000,91.5200
12/12/2016,95.2000,95.5200,92.6400,92.9600,6605013.0000,92.9600
12/13/2016,94.3200,94.4800,92.9600,93.8400,4160575.0000,93.8400
12/14/2016,92.7200,93.8400,90.4000,90.5600,5098325.0000,90.5600
12/15/2016,89.5200,91.6000,89.3600,90.8800,4573563.0000,90.8800
12/16/2016,91.5200,92.6400,91.2000,92.4000,4373725.0000,92.4000
12/19/2016,92.1600,92.8800,91.7600,92.0000,2404400.0000,92.0000
12/20/2016,93.3600,93.7600,92.6400,92.9600,2378988.0000,92.9600
12/21/2016,93.2000,93.3600,91.2000,91.5200,2883788.0000,91.5200
12/22/2016,92.0000,92.7200,91.6800,91.6800,2284900.0000,91.6800
12/23/2016,91.6000,92.5600,91.5200,92.4800,1325338.0000,92.4800
12/27/2016,93.1200,94.3200,93.1200,93.8400,1767913.0000,93.8400
12/28/2016,94.2400,94.7200,93.9200,94.0000,2217950.0000,94.0000
12/29/2016,94.0000,94.4800,93.4400,93.7600,2014638.0000,93.7600
12/30/2016,93.2800,93.7600,93.1200,93.7600,1855538.0000,93.7600
01/03/2017,95.8400,96.0000,90.8800,91.5200,4522938.0000,91.5200
01/04/2017,91.3600,93.0400,90.8800,92.6400,2258475.0000,92.6400
01/05/2017,93.5200,94.3200,92.0800,93.6000,2668338.0000,93.6000
01/06/2017,94.0800,94.4800,92.9600,93.4400,1909950.0000,93.4400
01/09/2017,92.1600,92.2400,90.4000,90.4800,2600950.0000,90.4800
01/10/2017,90.9600,90.9600,88.5600,88.5600,2982700.0000,88.5600
01/11/2017,89.6800,91.8400,88.4800,90.9600,4008375.0000,90.9600
01/12/2017,90.9600,93.0400,90.9600,92.3200,3417325.0000,92.3200
01/13/2017,91.6000,92.2400,90.9600,91.2800,1976200.0000,91.2800
01/17/2017,92.8000,92.9600,91.2000,91.4400,2123713.0000,91.4400
01/18/2017,89.5200,90.9600,88.6400,89.2800,3819300.0000,89.2800
01/19/2017,89.9200,90.3200,88.8000,89.3600,1967863.0000,89.3600
01/20/2017,91.6000,92.0000,90.9600,91.1200,3325863.0000,91.1200
01/23/2017,89.6800,91.0400,89.6800,90.5600,1831338.0000,90.5600
01/24/2017,90.9600,91.8400,90.8800,90.9600,1920900.0000,90.9600
01/25/2017,90.4000,91.6800,90.1600,90.4800,2386225.0000,90.4800
01/26/2017,91.5200,92.6400,91.3600,92.2400,2691938.0000,92.2400
01/27/2017,91.2000,91.5200,90.1600,91.2000,2486913.0000,91.2000
01/30/2017,90.8000,90.8000,89.8400,90.2400,2055200.0000,90.2400
01/31/2017,91.2000,91.8400,90.2400,90.5600,2398375.0000,90.5600
02/01/2017,91.3600,92.4000,90.6400,91.8400,2516413.0000,91.8400
02/02/2017,92.5600,92.7200,91.4400,92.0800,2469950.0000,92.0800
02/03/2017,91.9200,92.9600,91.6800,92.3200,2615425.0000,92.3200
02/06/2017,92.1600,92.3200,90.7200,91.0400,3050775.0000,91.0400
02/07/2017,89.6800,89.8400,88.8800,89.5200,4761688.0000,89.5200
02/08/2017,88.8800,90.2400,88.3200,89.8400,3436513.0000,89.8400
02/09/2017,89.8400,91.1200,89.8400,90.8000,2550863.0000,90.8000
02/10/2017,92.2400,92.6400,91.8400,92.0000,3327850.0000,92.0000
02/13/2017,90.9600,91.2000,90.4000,90.5600,2563000.0000,90.5600
02/14/2017,91.8400,91.9200,90.8000,91.0400,2317950.0000,91.0400
02/15/2017,90.6400,91.6000,90.5600,90.8800,2451975.0000,90.8800
02/16/2017,91.5200,91.6000,90.1600,91.2800,1721550.0000,91.2800
02/17/2017,90.5600,91.3600,90.4800,91.1200,1726275.0000,91.1200
02/21/2017,93.0400,93.1200,92.0800,92.3200,3152675.0000,92.3200
02/22/2017,91.0400,91.2000,90.5600,90.8800,2315925.0000,90.8800
02/23/2017,92.8800,93.2000,92.0000,92.2400,2406825.0000,92.2400
02/24/2017,91.5200,92.0800,91.5200,91.6800,1415263.0000,91.6800
02/27/2017,92.4800,92.5600,91.6000,91.7600,1295313.0000,91.7600
02/28/2017,90.8800,91.7600,90.2400,91.6000,2112063.0000,91.6000
03/01/2017,92.0800,92.4000,91.2000,91.2000,1822313.0000,91.2000
03/02/2017,89.6800,90.4000,89.2000,89.3600,2716800.0000,89.3600
03/03/2017,89.5200,90.6400,89.4400,90.3200,1803200.0000,90.3200
03/06/2017,90.5600,90.8800,89.9200,90.2400,1953800.0000,90.2400
03/07/2017,91.0400,91.1200,90.0800,90.1600,1365938.0000,90.1600
03/08/2017,88.8800,89.7600,84.9600,85.3600,8220150.0000,85.3600
03/09/2017,84.5600,84.7200,82.5600,84.2400,6027038.0000,84.2400
03/10/2017,84.1600,84.1600,82.0000,82.3200,5452925.0000,82.3200
03/13/2017,82.3200,82.7200,81.7600,82.2400,5135000.0000,82.2400
03/14/2017,80.8800,81.6800,80.1600,81.5200,5459863.0000,81.5200
03/15/2017,82.4800,83.2800,81.9200,83.0400,4261850.0000,83.0400
03/16/2017,83.1200,83.2000,82.3200,82.8800,2803625.0000,82.8800
03/17/2017,83.3600,83.4400,82.5600,82.6400,2235463.0000,82.6400
03/20/2017,82.0800,82.8800,81.7600,82.1600,1720975.0000,82.1600
03/21/2017,82.4000,82.6400,80.5600,80.8800,3113150.0000,80.8800
03/22/2017,80.1600,81.1200,79.0400,80.9600,2805350.0000,80.9600
03/23/2017,80.3200,80.5600,79.9200,80.0800,2325138.0000,80.0800
03/24/2017,80.4000,80.8000,79.8400,80.7200,2014375.0000,80.7200
03/27/2017,79.4400,80.4000,79.0400,80.3200,2813025.0000,80.3200
03/28/2017,80.8800,81.8400,80.7200,81.2000,2226100.0000,81.2000
03/29/2017,81.4400,83.2000,81.3600,82.9600,2894438.0000,82.9600
03/30/2017,83.7600,84.7200,83.5200,84.5600,3571350.0000,84.5600
03/31/2017,84.1600,85.2800,84.0800,85.1200,2428825.0000,85.1200
04/03/2017,84.9600,85.0400,84.1600,84.4000,2099513.0000,84.4000
04/04/2017,85.0400,85.9200,84.7200,85.6800,3048200.0000,85.6800
04/05/2017,86.7200,87.1200,85.2000,85.4400,3623500.0000,85.4400
04/06/2017,86.5600,87.0400,86.4000,86.8800,2740113.0000,86.8800
04/07/2017,87.1200,87.7600,86.9600,87.6800,2401600.0000,87.6800
04/10/2017,88.5600,89.1200,88.3200,89.1200,2770813.0000,89.1200
04/11/2017,89.0400,89.6800,88.4800,89.3600,3068638.0000,89.3600
04/12/2017,89.9200,90.0800,88.6400,88.8800,3221625.0000,88.8800
04/13/2017,89.4400,89.6000,88.8000,89.0400,2171225.0000,89.0400
04/17/2017,89.0400,89.2000,88.3200,88.4800,1856675.0000,88.4800
04/18/2017,88.0000,88.8000,87.5200,88.3200,1812950.0000,88.3200
04/19/2017,88.2400,88.4000,84.1600,84.9600,6307875.0000,84.9600
04/20/2017,84.6400,85.4400,84.1600,84.3200,3669788.0000,84.3200
04/21/2017,84.4000,84.4000,82.0000,82.5600,4833100.0000,82.5600
04/24/2017,82.3200,82.4800,81.6800,82.0000,3479663.0000,82.0000
04/25/2017,82.0000,83.0400,81.4400,82.8800,2961788.0000,82.8800
04/26/2017,81.9200,83.6800,81.7600,82.0800,3350838.0000,82.0800
04/27/2017,81.0400,82.0800,80.3200,81.9200,4250500.0000,81.9200
04/28/2017,82.3200,82.6400,81.3600,81.9200,1991575.0000,81.9200
05/01/2017,81.5200,81.6800,80.9600,81.2000,2014538.0000,81.2000
05/02/2017,81.3600,81.3600,78.8800,79.3600,5518288.0000,79.3600
05/03/2017,79.6800,80.0800,78.8800,79.4400,4567550.0000,79.4400
05/04/2017,78.0000,78.0800,75.4400,75.6800,8780438.0000,75.6800
05/05/2017,75.7600,77.7600,75.7600,77.2800,4447763.0000,77.2800
05/08/2017,77.2000,78.0000,76.2400,77.3600,3817188.0000,77.3600
05/09/2017,77.1200,77.3600,75.8400,76.5600,2553775.0000,76.5600
05/10/2017,77.6000,79.6000,77.4400,78.8800,4174700.0000,78.8800
05/11/2017,79.9200,80.3200,79.2000,79.5200,2421525.0000,79.5200
05/12/2017,79.7600,79.8400,78.8000,79.6000,2429450.0000,79.6000
05/15/2017,82.1600,82.2400,81.0400,81.3600,4589063.0000,81.3600
05/16/2017,81.7600,82.0800,80.7200,80.8800,2103113.0000,80.8800
05/17/2017,81.5200,82.3200,80.8000,81.5200,3381713.0000,81.5200
05/18/2017,81.0400,82.4800,80.7200,82.0800,2661463.0000,82.0800
05/19/2017,83.2000,83.9200,83.0400,83.8400,3096025.0000,83.8400
05/22/2017,84.4000,84.8000,84.0000,84.3200,3061763.0000,84.3200
05/23/2017,84.6400,85.2000,84.3200,85.1200,3281375.0000,85.1200
05/24/2017,84.9600,85.6000,84.3200,84.8000,4027150.0000,84.8000
05/25/2017,84.0000,84.6400,80.0800,80.3200,10476625.0000,80.3200
05/26/2017,81.1200,82.4000,80.7200,82.2400,3928063.0000,82.2400
05/30/2017,81.3600,82.4000,81.0400,81.9200,1993850.0000,81.9200
05/31/2017,79.9200,80.4000,78.8800,79.6800,4164263.0000,79.6800
06/01/2017,80.0800,81.2800,79.2800,79.2800,3772663.0000,79.2800
06/02/2017,78.6400,79.4400,77.8400,78.8800,3842900.0000,78.8800
06/05/2017,77.7600,78.5600,77.4400,78.4000,3517088.0000,78.4000
06/06/2017,77.9200,79.9200,77.8400,79.7600,3296013.0000,79.7600
06/07/2017,78.7200,79.0400,75.5200,75.6800,7337350.0000,75.6800
06/08/2017,75.2000,76.2400,74.9600,75.4400,5105413.0000,75.4400
06/09/2017,75.5200,76.4000,75.2800,75.9200,3203088.0000,75.9200
06/12/2017,76.8800,77.2000,76.0800,76.1600,3184850.0000,76.1600
06/13/2017,76.0800,76.9600,75.2800,76.8000,3249588.0000,76.8000
06/14/2017,76.3200,76.7200,73.6000,73.8400,7585975.0000,73.8400
06/15/2017,73.7600,73.9200,73.2800,73.4400,3950813.0000,73.4400
06/16/2017,74.0800,74.1600,73.6000,73.9200,2675475.0000,73.9200
06/19/2017,74.1600,74.4000,72.8800,72.9600,3225288.0000,72.9600
06/20/2017,71.4400,71.7600,70.6400,71.6000,6079375.0000,71.6000
06/21/2017,71.7600,72.6400,69.2000,69.6800,7649775.0000,69.6800
06/22/2017,70.4000,71.2800,70.1600,70.2400,3949263.0000,70.2400
06/23/2017,70.4000,71.1200,70.0000,70.8800,3878550.0000,70.8800
06/26/2017,71.0400,71.6800,70.1600,71.4400,4657875.0000,71.4400
06/27/2017,71.9200,73.1200,71.8400,72.8000,3642500.0000,72.8000
06/28/2017,72.8000,73.7600,72.2400,73.6000,3671000.0000,73.6000
06/29/2017,74.1600,74.7200,73.4400,73.6800,3907375.0000,73.6800
06/30/2017,74.5600,76.0000,74.3200,76.0000,4084850.0000,76.0000
07/03/2017,76.4000,77.0400,76.3200,76.9600,2525100.0000,76.9600
07/05/2017,76.4800,76.6400,73.8400,74.0000,8522750.0000,74.0000
07/06/2017,75.5200,76.4800,74.3200,74.4800,5235238.0000,74.4800
07/07/2017,73.5200,73.6000,72.0000,72.8000,5411413.0000,72.8000
07/10/2017,72.3200,73.7600,72.1600,73.0400,3458050.0000,73.0400
07/11/2017,72.8800,74.4800,72.6400,74.1600,3079813.0000,74.1600
07/12/2017,75.6800,76.4000,74.1600,74.6400,4775163.0000,74.6400
07/13/2017,75.1200,76.0000,74.8800,75.7600,2572575.0000,75.7600
07/14/2017,76.2400,76.8800,75.8400,76.7200,3102538.0000,76.7200
07/17/2017,76.3200,76.8000,75.6000,75.6000,3129063.0000,75.6000
07/18/2017,76.8000,76.8800,75.7600,76.3200,3374100.0000,76.3200
07/19/2017,76.5600,77.7600,76.5600,77.5200,3197088.0000,77.5200
07/20/2017,78.1600,78.2400,76.6400,76.8800,2574188.0000,76.8800
07/21/2017,76.4800,76.5600,74.5600,74.7200,4681600.0000,74.7200
07/24/2017,75.7600,76.1600,75.5200,76.0000,2467075.0000,76.0000
07/25/2017,77.5200,78.5600,77.2000,78.4800,3451875.0000,78.4800
07/26/2017,79.2000,80.0800,78.4000,79.6800,4864788.0000,79.6800
07/27/2017,80.2400,80.6400,79.4400,80.4800,3371375.0000,80.4800
07/28/2017,80.7200,81.6000,80.6400,81.3600,4163500.0000,81.3600
07/31/2017,81.2000,82.5600,80.5600,82.2400,4068650.0000,82.2400
08/01/2017,81.3600,81.4400,79.2000,80.7200,5192463.0000,80.7200
08/02/2017,80.5600,81.3600,79.6000,81.1200,3381200.0000,81.1200
08/03/2017,81.6800,81.8400,79.9200,80.1600,2911000.0000,80.1600
08/04/2017,80.4000,81.2800,79.7600,81.0400,2203288.0000,81.0400
08/07/2017,80.1600,80.9600,79.5200,80.8000,2478188.0000,80.8000
08/08/2017,80.2400,81.2000,80.0800,80.4800,2929425.0000,80.4800
08/09/2017,80.9600,81.2000,80.3200,81.2000,2168325.0000,81.2000
08/10/2017,81.9200,82.0000,79.2000,79.2800,3117075.0000,79.2800
08/11/2017,79.0400,80.2400,78.6400,79.9200,1862525.0000,79.9200
08/14/2017,79.8400,80.4800,77.6800,77.7600,3157713.0000,77.7600
08/15/2017,77.2800,78.0800,77.0400,78.0000,2484475.0000,78.0000
08/16/2017,78.1600,78.8000,76.4800,76.5600,4711213.0000,76.5600
08/17/2017,76.3200,77.2800,76.1600,76.9600,1996350.0000,76.9600
08/18/2017,77.2800,79.8400,76.7200,79.7600,3808500.0000,79.7600
08/21/2017,78.9600,79.2800,77.1200,77.6800,3784875.0000,77.6800
08/22/2017,78.0800,78.7200,77.7600,78.1600,1781075.0000,78.1600
08/23/2017,78.0800,79.2000,77.8400,79.0400,2071550.0000,79.0400
08/24/2017,78.3200,78.4000,76.8800,77.6800,2270838.0000,77.6800
08/25/2017,77.6800,78.2400,77.5200,78.0000,1898438.0000,78.0000
08/28/2017,77.5200,77.6000,75.3600,76.2400,4060300.0000,76.2400
08/29/2017,75.8400,76.0000,74.7200,75.6800,2457625.0000,75.6800
08/30/2017,75.2000,76.3200,74.8800,75.0400,2361325.0000,75.0400
08/31/2017,75.9200,77.5200,75.9200,77.0400,3188713.0000,77.0400
09/01/2017,76.8000,77.3600,76.0800,77.3600,2001538.0000,77.3600
09/05/2017,79.2800,80.0000,79.1200,79.3600,3080538.0000,79.3600
09/06/2017,80.1600,80.7200,79.6800,80.3200,2578350.0000,80.3200
09/07/2017,79.8400,80.4800,79.6800,80.2400,2600600.0000,80.2400
09/08/2017,79.9200,80.1600,77.2800,77.8400,3009788.0000,77.8400
09/11/2017,77.2800,78.8800,76.8800,78.5600,2051388.0000,78.5600
09/12/2017,78.6400,79.1200,78.4000,78.9600,1771288.0000,78.9600
09/13/2017,79.3600,80.5600,79.1200,80.5600,2818125.0000,80.5600
09/14/2017,81.3600,82.2400,80.8800,81.0400,3195125.0000,81.0400
09/15/2017,81.5200,81.7600,81.1200,81.6000,2010550.0000,81.6000
09/18/2017,81.1200,81.6000,80.3200,81.3600,2366313.0000,81.3600
09/19/2017,81.7600,81.9200,80.4000,80.8800,1903975.0000,80.8800
09/20/2017,81.5200,82.6400,81.0400,81.9200,2876938.0000,81.9200
09/21/2017,81.4400,82.0800,81.0400,82.0000,1450413.0000,82.0000
09/22/2017,81.6000,82.0800,81.4400,81.9200,1635600.0000,81.9200
09/25/2017,82.7200,84.4800,82.7200,84.4000,3731025.0000,84.4000
09/26/2017,83.6800,84.0800,83.1200,83.9200,1799000.0000,83.9200
09/27/2017,84.1600,84.4800,83.5200,84.1600,2003313.0000,84.1600
09/28/2017,85.0400,85.2000,82.8000,83.4400,2335900.0000,83.4400
09/29/2017,83.1200,83.6800,82.8800,83.4400,1639650.0000,83.4400
10/02/2017,81.3600,81.8400,80.9600,81.6800,2215125.0000,81.6800
10/03/2017,81.6800,82.0000,81.2800,81.4400,1409863.0000,81.4400
10/04/2017,81.4400,81.9200,80.4800,80.6400,1634750.0000,80.6400
10/05/2017,81.1200,82.8000,81.0400,82.0000,1623425.0000,82.0000
10/06/2017,80.0800,80.1600,79.3600,79.7600,2938700.0000,79.7600
10/09/2017,80.2400,80.4800,79.6800,80.0000,1372038.0000,80.0000
10/10/2017,81.6000,82.5600,81.5200,82.2400,1938325.0000,82.2400
10/11/2017,82.4800,82.9600,81.7600,82.8800,1738038.0000,82.8800
10/12/2017,81.3600,82.3200,81.0400,81.8400,1902313.0000,81.8400
10/13/2017,83.0400,83.2000,82.3200,82.9600,2301488.0000,82.9600
10/16/2017,84.2400,84.3200,83.3600,83.6800,2005713.0000,83.6800
10/17/2017,83.7600,84.2400,82.6400,83.9200,2050638.0000,83.9200
10/18/2017,84.0800,84.4000,83.4400,83.8400,1682738.0000,83.8400
10/19/2017,82.7200,83.3600,82.5600,82.8000,1447388.0000,82.8000
10/20/2017,82.3200,83.5200,82.3200,83.4400,1498163.0000,83.4400
10/23/2017,83.7600,83.9200,82.9600,83.3600,1418275.0000,83.3600
10/24/2017,83.8400,84.4000,83.1200,84.3200,2296338.0000,84.3200
10/25/2017,83.8400,84.1600,83.3600,83.8400,2154125.0000,83.8400
10/26/2017,83.6000,84.6400,83.4400,84.5600,1918000.0000,84.5600
10/27/2017,84.4800,86.8000,84.4000,86.7200,3087375.0000,86.7200
10/30/2017,84.4800,87.4400,84.4800,86.9600,1573300.0000,86.9600
10/31/2017,86.8000,87.6800,86.6400,87.4400,1754150.0000,87.4400
11/01/2017,88.2400,88.4800,86.5600,87.2000,2644000.0000,87.2000
11/02/2017,87.2000,88.0800,86.9600,87.9200,1259913.0000,87.9200
11/03/2017,88.0000,89.6000,87.4400,89.4400,2356400.0000,89.4400
11/06/2017,89.5200,92.5600,89.3600,92.0800,3844275.0000,92.0800
11/07/2017,91.7600,92.2400,91.3600,91.9200,2236850.0000,91.9200
11/08/2017,91.5200,93.0400,90.6400,91.2800,4651825.0000,91.2800
11/09/2017,91.3600,92.4000,91.2000,91.6800,2460463.0000,91.6800
11/10/2017,91.8400,92.1600,90.8800,91.3600,1464125.0000,91.3600
11/13/2017,91.3600,91.8400,90.4800,91.0400,1737313.0000,91.0400
11/14/2017,90.8000,90.8800,88.6400,89.0400,2690813.0000,89.0400
11/15/2017,88.6400,89.2000,88.1600,88.7200,1722063.0000,88.7200
11/16/2017,88.5600,89.3600,88.2400,88.5600,1529000.0000,88.5600
11/17/2017,89.6800,90.8800,89.6000,90.8000,2048400.0000,90.8000
11/20/2017,90.1600,90.3200,89.2000,90.2400,1429750.0000,90.2400
11/21/2017,90.4000,91.6000,90.4000,91.2000,1529913.0000,91.2000
11/22/2017,92.4000,92.9600,91.7600,92.8000,2246163.0000,92.8000
11/24/2017,93.9200,94.3200,93.6000,94.3200,1174263.0000,94.3200
11/27/2017,93.2000,93.4400,92.0800,92.7200,1735750.0000,92.7200
11/28/2017,92.4800,93.0400,92.2400,92.6400,1013688.0000,92.6400
11/29/2017,92.6400,93.2800,90.8800,91.7600,2011713.0000,91.7600
11/30/2017,92.4000,92.6400,90.9600,91.7600,2227388.0000,91.7600
12/01/2017,93.2000,94.2400,92.8000,93.3600,1768150.0000,93.3600
12/04/2017,92.3200,92.6400,91.7600,91.9200,1523463.0000,91.9200
12/05/2017,91.7600,92.7200,91.6800,92.3200,1614300.0000,92.3200
12/06/2017,91.2000,91.2800,89.4400,89.6000,2423625.0000,89.6000
12/07/2017,90.1600,90.8800,90.0800,90.6400,1137925.0000,90.6400
12/08/2017,92.1600,92.4000,91.2000,91.9200,1178325.0000,91.9200
12/11/2017,92.3200,92.8800,92.0000,92.8000,1797863.0000,92.8000
12/12/2017,93.1200,93.1200,90.9600,91.5200,3106863.0000,91.5200
12/13/2017,91.6800,91.8400,90.4000,90.6400,2276638.0000,90.6400
12/14/2017,89.7600,91.4400,89.6800,91.4400,1134150.0000,91.4400
12/15/2017,91.7600,91.9200,91.2000,91.6800,1201063.0000,91.6800
12/18/2017,92.0000,92.2400,90.9600,91.5200,1633500.0000,91.5200
12/19/2017,91.8400,92.0800,91.6000,92.0800,856138.0000,92.0800
12/20/2017,92.3200,92.9600,91.8400,92.8800,1264725.0000,92.8800
12/21/2017,92.3200,93.3600,92.1600,93.1200,1391950.0000,93.1200
12/22/2017,92.6400,93.5200,92.6400,93.2800,823925.0000,93.2800
12/26/2017,93.8400,95.9200,93.7600,95.6000,2199875.0000,95.6000
12/27/2017,95.4400,95.6800,94.9600,95.3600,1033775.0000,95.3600
12/28/2017,95.2800,95.8400,95.0400,95.7600,1546013.0000,95.7600
12/29/2017,96.1600,96.7200,95.8400,96.0800,1475238.0000,96.0800
01/02/2018,96.5600,96.8000,96.0800,96.5600,1497588.0000,96.5600
01/03/2018,97.3600,98.8800,97.3600,98.7200,2156150.0000,98.7200
01/04/2018,98.6400,99.3600,98.4800,98.9600,1480988.0000,98.9600
01/05/2018,98.2400,98.6400,97.6800,98.4800,1609888.0000,98.4800
01/08/2018,98.4800,99.0400,98.1600,99.0400,1229225.0000,99.0400
01/09/2018,99.2800,101.1200,98.9600,100.5600,2666150.0000,100.5600
01/10/2018,101.3600,101.6800,100.8000,101.4400,1821550.0000,101.4400
01/11/2018,102.0800,103.3600,101.6000,101.6000,2579100.0000,101.6000
01/12/2018,101.4400,103.1200,101.2000,102.9600,2850200.0000,102.9600
01/16/2018,102.4800,102.8800,101.4400,102.0800,2277850.0000,102.0800
01/17/2018,101.8400,102.7200,101.6800,102.2400,1993013.0000,102.2400
01/18/2018,102.0000,102.8000,101.6000,102.0800,2075713.0000,102.0800
01/19/2018,101.4400,101.9200,100.8800,101.7600,2168175.0000,101.7600
01/22/2018,101.4400,102.7200,101.0400,102.2400,1866225.0000,102.2400
01/23/2018,102.7200,103.9200,102.6400,103.7600,2077238.0000,103.7600
01/24/2018,103.5200,105.8400,103.2800,105.7600,3267225.0000,105.7600
01/25/2018,106.2400,106.4000,104.2400,104.4800,2096800.0000,104.4800
01/26/2018,104.8800,106.3200,104.8000,105.9200,3971988.0000,105.9200
01/29/2018,104.8800,105.2000,104.0800,104.8800,1978613.0000,104.8800
01/30/2018,103.5200,103.6000,102.7200,103.2000,4303675.0000,103.2000
01/31/2018,103.2800,104.0800,102.3200,103.8400,2462013.0000,103.8400
02/01/2018,104.6400,106.0800,104.2400,105.9200,2509275.0000,105.9200
02/02/2018,104.9600,105.3600,103.3600,104.3200,3594688.0000,104.3200
02/05/2018,104.2400,104.5600,101.8400,102.1600,3841075.0000,102.1600
02/06/2018,101.6000,103.0400,101.3600,101.6000,2954538.0000,101.6000
02/07/2018,101.7600,102.4800,98.2400,98.9600,4613663.0000,98.9600
02/08/2018,99.3600,99.5200,96.6400,96.7200,3407438.0000,96.7200
02/09/2018,96.8800,97.1200,93.2000,94.8800,5397888.0000,94.8800
02/12/2018,95.8400,96.8000,94.9600,95.1200,2039013.0000,95.1200
02/13/2018,94.3200,95.4400,93.6800,94.9600,2372763.0000,94.9600
02/14/2018,93.8400,97.8400,93.5200,97.4400,4469888.0000,97.4400
02/15/2018,96.7200,98.8800,95.9200,98.6400,2406038.0000,98.6400
02/16/2018,98.1600,99.5200,97.7600,99.0400,2222813.0000,99.0400
02/20/2018,99.3600,100.4800,98.8000,99.1200,2719738.0000,99.1200
02/21/2018,98.6400,99.5200,98.2400,98.3200,1422550.0000,98.3200
02/22/2018,99.6800,101.5200,99.0400,100.7200,2411838.0000,100.7200
02/23/2018,100.8800,102.5600,100.8000,102.1600,2300125.0000,102.1600
02/26/2018,101.8400,103.3600,101.4400,102.8800,1748425.0000,102.8800
02/27/2018,102.7200,102.8000,100.8800,101.2000,2128950.0000,101.2000
02/28/2018,101.6800,102.0800,98.7200,98.9600,3475800.0000,98.9600
03/01/2018,98.0800,99.0400,96.8800,98.8000,3238863.0000,98.8000
03/02/2018,97.7600,98.9600,96.8000,98.9600,2254713.0000,98.9600
03/05/2018,98.6400,101.0400,98.5600,100.7200,2458350.0000,100.7200
03/06/2018,100.9600,101.1200,100.0800,100.5600,2256988.0000,100.5600
03/07/2018,99.8400,100.7200,97.5200,98.8000,3119713.0000,98.8000
03/08/2018,98.5600,98.6400,96.6400,97.2000,2881225.0000,97.2000
03/09/2018,98.1600,100.0000,98.0800,99.7600,2423100.0000,99.7600
03/12/2018,99.2800,99.5200,97.7600,98.9600,2185138.0000,98.9600
03/13/2018,98.4800,100.0000,97.2000,97.9200,3024238.0000,97.9200
03/14/2018,98.2400,98.7200,97.1200,98.2400,2319625.0000,98.2400
03/15/2018,98.8000,99.3600,98.3200,98.7200,1467363.0000,98.7200
03/16/2018,98.8000,100.9600,98.5600,100.4000,3485088.0000,100.4000
03/19/2018,100.5600,100.6400,99.1200,100.4000,2855363.0000,100.4000
03/20/2018,102.0800,103.2000,101.6800,102.4800,2281838.0000,102.4800
03/21/2018,103.6800,105.6800,103.4400,105.4400,2886025.0000,105.4400
03/22/2018,104.0800,104.4000,103.4400,103.6000,1966450.0000,103.6000
03/23/2018,104.7200,106.4000,104.6400,106.2400,2269888.0000,106.2400
03/26/2018,105.8400,106.2400,104.9600,105.6800,3121838.0000,105.6800
03/27/2018,106.2400,106.3200,104.3200,104.6400,2577163.0000,104.6400
03/28/2018,104.1600,105.0400,102.8000,104.3200,2372900.0000,104.3200
03/29/2018,103.9200,105.2800,103.5200,104.7200,2039800.0000,104.7200
04/02/2018,103.8400,103.8400,101.6000,101.9200,2413925.0000,101.9200
04/03/2018,102.2400,102.8800,101.7600,102.4800,1146825.0000,102.4800
04/04/2018,100.4000,102.6400,100.1600,102.5600,2538850.0000,102.5600
04/05/2018,102.5600,103.5200,101.9200,102.6400,2155788.0000,102.6400
04/06/2018,102.4000,102.8000,99.7600,100.0800,3147513.0000,100.0800
04/09/2018,101.5200,102.6400,101.3600,102.1600,1601763.0000,102.1600
04/10/2018,104.1600,106.1600,104.1600,106.0000,2968450.0000,106.0000
04/11/2018,106.4000,108.7200,106.0000,107.6000,3085563.0000,107.6000
04/12/2018,107.2000,108.3200,106.4000,108.1600,1859000.0000,108.1600
04/13/2018,108.4000,109.1200,108.0000,108.4000,1770350.0000,108.4000
04/16/2018,107.9200,108.0000,106.7200,107.0400,1753075.0000,107.0400
04/17/2018,106.1600,107.5200,105.9200,107.2800,1644388.0000,107.2800
04/18/2018,109.6000,111.2000,109.1200,111.0400,3322388.0000,111.0400
04/19/2018,111.6000,112.0000,109.7600,110.1600,2178550.0000,110.1600
04/20/2018,109.2800,110.7200,108.9600,110.0000,1478875.0000,110.0000
04/23/2018,108.8800,111.5200,108.4000,111.3600,2074100.0000,111.3600
04/24/2018,110.8000,112.0000,109.0400,109.4400,2510050.0000,109.4400
04/25/2018,109.5200,110.0800,108.4000,109.7600,1707313.0000,109.7600
04/26/2018,110.6400,110.7200,109.3600,110.1600,2151713.0000,110.1600
04/27/2018,109.4400,110.4000,109.3600,109.8400,1601475.0000,109.8400
04/30/2018,108.9600,112.0000,108.8000,110.4000,3617163.0000,110.4000
05/01/2018,109.5200,109.6000,108.0000,108.8800,2011513.0000,108.8800
05/02/2018,108.4800,110.0800,108.0800,109.3600,1727875.0000,109.3600
05/03/2018,109.0400,110.8000,108.6400,110.5600,1519750.0000,110.5600
05/04/2018,110.6400,113.0400,110.6400,112.7200,2346763.0000,112.7200
05/07/2018,113.5200,114.4000,112.2400,112.8000,3598650.0000,112.8000
05/08/2018,113.4400,113.7600,109.2800,112.4800,6607813.0000,112.4800
05/09/2018,114.1600,115.2800,114.0800,114.9600,2435313.0000,114.9600
05/10/2018,115.0400,115.5200,114.0000,115.2800,1953388.0000,115.2800
05/11/2018,114.9600,115.4400,113.9200,114.0000,1758750.0000,114.0000
05/14/2018,114.4000,115.2000,114.3200,115.0400,2033313.0000,115.0400
05/15/2018,114.9600,115.5200,114.0000,115.2000,2236963.0000,115.2000
05/16/2018,114.7200,115.8400,114.4000,115.6800,1683025.0000,115.6800
05/17/2018,116.3200,117.0400,115.2000,115.9200,2149863.0000,115.9200
05/18/2018,115.5200,116.0000,114.9600,115.4400,1557263.0000,115.4400
05/21/2018,115.8400,117.3600,115.7600,117.3600,1681888.0000,117.3600
05/22/2018,117.2000,117.9200,116.4000,116.4800,2459500.0000,116.4800
05/23/2018,116.2400,116.6400,115.1200,116.0800,2011438.0000,116.0800
05/24/2018,114.3200,115.2000,114.1600,114.3200,1931738.0000,114.3200
05/25/2018,111.4400,111.4400,109.2000,109.4400,5070300.0000,109.4400
05/29/2018,108.5600,108.8000,106.6400,108.0800,3289125.0000,108.0800
05/30/2018,108.6400,110.8000,108.6400,110.6400,3015113.0000,110.6400
05/31/2018,108.6400,110.3200,107.6800,108.4000,3030750.0000,108.4000
06/01/2018,107.2800,108.1600,106.0000,106.0000,2868513.0000,106.0000
06/04/2018,106.4000,106.6400,104.4800,104.9600,2484438.0000,104.9600
06/05/2018,104.2400,106.0800,104.0000,105.7600,2788663.0000,105.7600
06/06/2018,105.5200,106.0000,104.0000,105.2800,2116213.0000,105.2800
06/07/2018,105.6800,106.8800,105.6000,106.8000,1776825.0000,106.8000
06/08/2018,106.4800,107.1200,105.4400,106.1600,1979263.0000,106.1600
06/11/2018,105.3600,107.3600,105.2000,106.8800,1836325.0000,106.8800
06/12/2018,106.7200,107.9200,106.6400,107.2000,2434163.0000,107.2000
06/13/2018,106.8000,108.1600,106.6400,107.7600,2182113.0000,107.7600
06/14/2018,108.4000,108.4800,107.2000,108.1600,1667250.0000,108.1600
06/15/2018,107.5200,107.5200,104.3200,104.4000,3436813.0000,104.4000
06/18/2018,105.3600,106.6400,104.9600,106.3200,2223113.0000,106.3200
06/19/2018,104.8000,105.6800,104.0800,105.1200,1999775.0000,105.1200
06/20/2018,106.5600,107.5200,105.2000,106.2400,2540238.0000,106.2400
06/21/2018,105.1200,107.2800,104.9600,106.4800,2245375.0000,106.4800
06/22/2018,109.6800,112.2400,108.7200,112.1600,4109475.0000,112.1600
06/25/2018,112.0800,112.4000,109.8400,110.1600,3099950.0000,110.1600
06/26/2018,111.2800,114.4800,110.3200,114.1600,4205538.0000,114.1600
06/27/2018,115.9200,118.4000,115.8400,117.2000,4305113.0000,117.2000
06/28/2018,117.8400,119.9200,117.5200,118.8800,3882688.0000,118.8800
06/29/2018,119.4400,120.6400,119.3600,120.4800,2701250.0000,120.4800
07/02/2018,120.0000,120.4800,118.9600,119.6800,2692025.0000,119.6800
07/03/2018,121.5200,122.0000,117.8400,119.3600,2636363.0000,119.3600
07/05/2018,120.0000,120.4000,117.6000,118.2400,2737150.0000,118.2400
07/06/2018,117.3600,119.8400,117.2800,119.6800,2367950.0000,119.6800
07/09/2018,119.7600,120.2400,118.4800,120.2400,1612275.0000,120.2400
07/10/2018,120.8800,121.3600,119.8400,120.5600,1926900.0000,120.5600
07/11/2018,119.0400,120.2400,113.7600,114.4800,4801038.0000,114.4800
07/12/2018,115.0400,115.6000,113.1200,115.1200,2938800.0000,115.1200
07/13/2018,115.3600,117.2800,115.2000,115.7600,2398038.0000,115.7600
07/16/2018,113.6000,113.8400,110.8800,111.5200,3900275.0000,111.5200
07/17/2018,110.7200,112.4000,110.0800,111.6000,6807063.0000,111.6000
07/18/2018,110.8000,112.8800,110.2400,112.8000,2784425.0000,112.8000
07/19/2018,112.6400,114.3200,112.2400,113.0400,2766288.0000,113.0400
07/20/2018,113.4400,113.8400,112.5600,113.2000,2851188.0000,113.2000
07/23/2018,114.5600,115.2000,112.4000,112.7200,2937000.0000,112.7200
07/24/2018,112.8800,114.8000,112.8800,113.8400,2495563.0000,113.8400
07/25/2018,114.2400,115.8400,113.3600,115.3600,2686538.0000,115.3600
07/26/2018,114.7200,116.3200,114.7200,115.7600,1978288.0000,115.7600
07/27/2018,115.6000,116.0000,113.5200,114.5600,1882913.0000,114.5600
07/30/2018,116.7200,117.1200,116.1600,116.3200,2155038.0000,116.3200
07/31/2018,115.0400,115.2000,113.9200,114.2400,2030488.0000,114.2400
08/01/2018,112.7200,113.7600,111.9200,112.7200,2264225.0000,112.7200
08/02/2018,112.0800,115.3600,111.8400,114.8800,2169663.0000,114.8800
08/03/2018,114.4800,114.8000,112.8800,114.1600,2062800.0000,114.1600
08/06/2018,115.2000,116.3200,114.4000,114.4800,2556025.0000,114.4800
08/07/2018,115.4400,115.8400,114.7200,114.8800,1672350.0000,114.8800
08/08/2018,113.5200,113.5200,110.4000,111.2000,3609975.0000,111.2000
08/09/2018,111.7600,112.2400,110.9600,111.0400,2018688.0000,111.0400
08/10/2018,112.0800,112.9600,111.9200,112.6400,2255250.0000,112.6400
08/13/2018,112.0800,112.4000,109.4400,112.0800,3422513.0000,112.0800
08/14/2018,113.7600,113.8400,111.1200,111.9200,2367788.0000,111.9200
08/15/2018,110.2400,110.3200,107.5200,108.0800,5946038.0000,108.0800
08/16/2018,108.5600,109.2000,108.1600,109.0400,2308625.0000,109.0400
08/17/2018,110.4800,110.5600,108.8800,109.5200,2552363.0000,109.5200
08/20/2018,109.5200,110.4000,109.2800,110.0800,2190300.0000,110.0800
08/21/2018,111.6800,111.8400,110.4800,110.6400,1340450.0000,110.6400
08/22/2018,113.0400,114.5600,112.4800,114.1600,2537700.0000,114.1600
08/23/2018,113.6000,114.4800,113.2800,114.1600,1441388.0000,114.1600
08/24/2018,116.0000,116.6400,114.8800,115.4400,1787913.0000,115.4400
08/27/2018,115.8400,116.0800,115.2800,116.0000,1358450.0000,116.0000
08/28/2018,116.0800,116.0800,114.8000,115.4400,1341263.0000,115.4400
08/29/2018,116.2400,117.3600,115.8400,117.2800,2214938.0000,117.2800
08/30/2018,117.5200,118.6400,117.1200,118.0000,1791738.0000,118.0000
08/31/2018,117.8400,118.2400,117.2000,117.6800,1375350.0000,117.6800
09/04/2018,118.8000,118.9600,116.2400,116.6400,1879475.0000,116.6400
09/05/2018,116.6400,117.1200,115.5200,115.9200,1609200.0000,115.9200
09/06/2018,115.6800,115.9200,112.8000,114.4000,1942388.0000,114.4000
09/07/2018,113.0400,114.3200,112.5600,114.2400,1718588.0000,114.2400
09/10/2018,115.0400,115.3600,113.3600,113.6800,1242663.0000,113.6800
09/11/2018,114.1600,117.0400,113.8400,116.8000,1551400.0000,116.8000
09/12/2018,118.0000,119.6800,117.8400,118.2400,2331063.0000,118.2400
09/13/2018,116.8800,117.3600,115.1200,115.9200,2303338.0000,115.9200
09/14/2018,115.8400,117.6800,114.4800,116.0000,2044750.0000,116.0000
09/17/2018,116.8800,117.2800,115.3600,115.7600,1802913.0000,115.7600
09/18/2018,117.5200,118.4800,116.7200,117.5200,1835950.0000,117.5200
09/19/2018,117.9200,119.6000,117.8400,119.5200,2182925.0000,119.5200
09/20/2018,120.1600,120.4000,118.2400,118.4000,1846075.0000,118.4000
09/21/2018,119.9200,121.2000,118.2400,119.6800,3544988.0000,119.6800
09/24/2018,121.7600,122.8800,121.3600,122.0000,3086350.0000,122.0000
09/25/2018,122.5600,122.8800,121.4400,122.1600,2287988.0000,122.1600
09/26/2018,121.3600,121.9200,120.7200,120.8800,1383150.0000,120.8800
09/27/2018,122.0800,122.1600,121.2000,122.0800,1472738.0000,122.0800
09/28/2018,121.9200,124.5600,121.8400,124.1600,2314638.0000,124.1600
10/01/2018,124.0000,128.0800,123.6000,127.6000,3278550.0000,127.6000
10/02/2018,127.6000,127.6800,126.6400,126.9600,1999750.0000,126.9600
10/03/2018,126.8000,129.9200,125.3600,128.6400,3278025.0000,128.6400
10/04/2018,128.2400,128.2400,124.8800,125.9200,3300213.0000,125.9200
10/05/2018,125.7600,127.0400,124.8000,125.5200,3253288.0000,125.5200
10/08/2018,124.4800,125.6800,124.2400,125.4400,2473338.0000,125.4400
10/09/2018,126.2400,127.2000,125.1200,126.5600,2912575.0000,126.5600
10/10/2018,126.1600,126.1600,122.9600,123.0400,2259738.0000,123.0400
10/11/2018,121.7600,122.1600,119.1200,119.6000,3723563.0000,119.6000
10/12/2018,121.1200,121.2800,119.3600,120.9600,3340900.0000,120.9600
10/15/2018,120.9600,121.3600,119.7600,121.0400,2797250.0000,121.0400
10/16/2018,120.7200,122.1600,120.4000,121.5200,2308700.0000,121.5200
10/17/2018,120.4000,120.4800,117.5200,118.5600,3950950.0000,118.5600
10/18/2018,116.4800,118.0800,116.0800,116.4800,2988300.0000,116.4800
10/19/2018,117.4400,118.4000,117.0400,117.7600,2574550.0000,117.7600
10/22/2018,116.8000,118.0000,116.0000,117.9200,2182725.0000,117.9200
10/23/2018,114.8800,115.1200,111.4400,112.3200,5841738.0000,112.3200
10/24/2018,113.9200,114.7200,112.3200,112.4000,3376750.0000,112.4000
10/25/2018,113.4400,114.6400,113.2800,113.6800,1922625.0000,113.6800
10/26/2018,112.9600,115.0400,112.4800,114.6400,2714938.0000,114.6400
10/29/2018,114.0000,114.2400,112.3200,112.8800,2657913.0000,112.8800
10/30/2018,111.2000,113.2800,110.9600,112.2400,2458200.0000,112.2400
10/31/2018,111.9200,113.0400,110.1600,110.3200,3998850.0000,110.3200
11/01/2018,110.8800,110.8800,106.9600,107.6800,4506738.0000,107.6800
11/02/2018,107.3600,108.1600,106.2400,106.4800,3595175.0000,106.4800
11/05/2018,107.9200,108.7200,106.3200,106.4000,2456175.0000,106.4000
11/06/2018,107.1200,107.3600,103.9200,105.4400,3702325.0000,105.4400
11/07/2018,106.0800,106.4800,103.8400,104.4800,3240038.0000,104.4800
11/08/2018,103.9200,104.4800,102.5600,102.7200,3425125.0000,102.7200
11/09/2018,101.2000,102.7200,100.5600,101.6000,3858088.0000,101.6000
11/12/2018,102.8800,103.7600,99.5200,99.8400,4355875.0000,99.8400
11/13/2018,99.3600,99.8400,92.9600,93.5200,10619463.0000,93.5200
11/14/2018,96.1600,97.3600,95.0400,95.6000,6936100.0000,95.6000
11/15/2018,95.9200,97.2800,95.4400,95.8400,4923988.0000,95.8400
11/16/2018,97.6000,98.4000,94.9600,96.5600,3793375.0000,96.5600
11/19/2018,95.0400,97.4400,93.6000,97.1200,4316188.0000,97.1200
11/20/2018,94.6400,95.2000,89.2800,90.1600,9022213.0000,90.1600
11/21/2018,92.0800,94.5600,91.3600,92.1600,4777600.0000,92.1600
11/23/2018,87.0400,87.5200,85.5200,86.6400,6942050.0000,86.6400
11/26/2018,87.6000,88.4800,87.0400,87.5200,4877700.0000,87.5200
11/27/2018,87.7600,88.6400,85.1200,87.6000,4510763.0000,87.6000
11/28/2018,86.8000,88.3200,84.8000,85.2800,6097725.0000,85.2800
11/29/2018,86.7200,88.3200,86.0800,86.9600,4139988.0000,86.9600
11/30/2018,85.0400,87.4400,84.0800,85.8400,5852475.0000,85.8400
12/03/2018,90.1600,90.1600,88.1600,90.1600,4072788.0000,90.1600
12/04/2018,90.0000,90.8000,89.2000,89.4400,3399300.0000,89.4400
12/06/2018,86.8800,88.0000,84.8000,87.5200,5738675.0000,87.5200
12/07/2018,90.9600,91.8400,88.6400,88.8800,5410950.0000,88.8800
12/10/2018,86.9600,88.2400,85.6000,86.0000,3925263.0000,86.0000
12/11/2018,88.3200,88.8000,86.8000,87.6000,2606038.0000,87.6000
12/12/2018,88.5600,89.0400,86.3200,86.5600,3284500.0000,86.5600
12/13/2018,85.9200,90.1600,85.7600,89.6800,6635338.0000,89.6800
12/14/2018,88.7200,88.8000,86.2400,86.5600,4474000.0000,86.5600
12/17/2018,87.1200,87.2800,83.2800,83.6000,5016200.0000,83.6000
12/18/2018,83.2800,83.2800,77.8400,78.3200,7047738.0000,78.3200
12/19/2018,79.7600,81.6000,79.3600,80.1600,4808563.0000,80.1600
12/20/2018,78.4800,79.6800,77.1200,77.7600,5516575.0000,77.7600
12/21/2018,76.9600,78.2400,76.3200,76.5600,4862650.0000,76.5600
12/24/2018,75.9200,76.1600,74.2400,74.3200,2699775.0000,74.3200
12/26/2018,74.0000,79.3600,73.8400,79.2000,5122350.0000,79.2000
12/27/2018,76.7200,77.2000,74.9600,76.9600,4572338.0000,76.9600
12/28/2018,76.3200,77.2000,75.0400,76.2400,2850425.0000,76.2400
12/31/2018,77.0400,77.6800,75.5200,77.2800,3552175.0000,77.2800
01/02/2019,75.3600,80.6400,74.8800,78.8000,4137850.0000,78.8000
01/03/2019,79.9200,80.0800,77.2000,79.6000,4027375.0000,79.6000
01/04/2019,81.3600,83.1200,80.4800,81.4400,4864513.0000,81.4400
01/07/2019,82.1600,84.1600,81.8400,82.3200,4031138.0000,82.3200
01/08/2019,83.4400,84.4000,82.8800,84.0000,3644150.0000,84.0000
01/09/2019,86.4800,88.8000,85.5200,88.4000,6148538.0000,88.4000
01/10/2019,87.1200,89.1200,86.8000,88.8000,2647250.0000,88.8000
01/11/2019,87.8400,88.4000,86.4800,87.2000,3576688.0000,87.2000
01/14/2019,86.4800,87.4400,85.0400,85.5200,3882538.0000,85.5200
01/15/2019,86.8000,88.3200,86.8000,88.0000,2989488.0000,88.0000
01/16/2019,87.6000,88.5600,86.5600,88.4800,4094163.0000,88.4800
01/17/2019,87.0400,88.8000,86.1600,88.2400,4481600.0000,88.2400
01/18/2019,88.9600,90.9600,88.3200,90.4800,5105025.0000,90.4800
01/22/2019,88.7200,89.2800,87.4400,88.9600,4597175.0000,88.9600
01/23/2019,89.3600,89.5200,87.1200,88.4000,3630600.0000,88.4000
01/24/2019,88.4800,89.8400,88.2400,89.3600,2748363.0000,89.3600
01/25/2019,89.6000,90.4000,89.2800,90.0000,2220975.0000,90.0000
01/28/2019,87.5200,87.7600,86.2400,87.6000,3613913.0000,87.6000
01/29/2019,88.9600,90.6400,88.9600,89.2800,2847825.0000,89.2800
01/30/2019,90.7200,92.3200,90.3200,91.2000,2582500.0000,91.2000
01/31/2019,92.0000,93.0400,90.0800,90.8000,3443350.0000,90.8000
02/01/2019,91.2000,93.5200,91.1200,93.0400,2362475.0000,93.0400
02/04/2019,91.0400,92.1600,89.6000,92.0000,2478475.0000,92.0000
02/05/2019,90.2400,91.7600,89.8400,90.3200,2743163.0000,90.3200
02/06/2019,89.6800,91.2800,89.0400,90.5600,2399100.0000,90.5600
02/07/2019,90.0800,90.3200,87.0400,88.5600,2777825.0000,88.5600
02/08/2019,88.8000,89.0400,87.7600,88.6400,1734588.0000,88.6400
02/11/2019,86.7200,88.4800,86.1600,88.0800,2945863.0000,88.0800
02/12/2019,90.5600,90.7200,89.0400,89.2800,2233888.0000,89.2800
02/13/2019,90.4000,91.7600,90.3200,90.7200,2597725.0000,90.7200
02/14/2019,90.1600,91.8400,89.3600,91.8400,3395525.0000,91.8400
02/15/2019,92.8800,93.8400,92.5600,93.6800,2346175.0000,93.6800
02/19/2019,93.1200,94.4000,93.0400,94.2400,2636700.0000,94.2400
02/20/2019,93.8400,96.1600,93.7600,95.4400,2125913.0000,95.4400
02/21/2019,95.1200,95.5200,94.6400,95.0400,1654338.0000,95.0400
02/22/2019,96.0000,96.4800,95.4400,95.6000,1635113.0000,95.6000
02/25/2019,93.8400,94.1600,92.0000,92.5600,3565650.0000,92.5600
02/26/2019,92.8800,93.6000,92.3200,93.0400,2493225.0000,93.0400
02/27/2019,94.6400,95.9200,94.0800,95.1200,2688475.0000,95.1200
02/28/2019,95.3600,95.9200,94.8000,95.6000,1783638.0000,95.6000
03/01/2019,95.6000,96.2400,92.8800,93.2800,3959200.0000,93.2800
03/04/2019,94.7200,95.2800,93.4400,94.4000,2754200.0000,94.4000
03/05/2019,95.2800,95.4400,94.0800,94.5600,2590213.0000,94.5600
03/06/2019,93.6800,94.3200,92.6400,94.0000,3225238.0000,94.0000
03/07/2019,94.6400,94.8800,94.0000,94.4800,2221275.0000,94.4800
03/08/2019,92.0800,93.9200,91.1200,93.8400,3694688.0000,93.8400
03/11/2019,94.9600,95.2000,94.1600,94.8800,2812000.0000,94.8800
03/12/2019,95.5200,96.1600,94.8000,95.1200,2052438.0000,95.1200
03/13/2019,96.4000,97.6800,96.2400,97.5200,3626700.0000,97.5200
03/14/2019,97.7600,98.1600,97.1200,97.7600,2648075.0000,97.7600
03/15/2019,96.6400,97.9200,96.4800,97.6000,2030775.0000,97.6000
03/18/2019,97.8400,98.9600,97.6800,98.4800,2304938.0000,98.4800
03/19/2019,99.0400,99.2800,97.9200,98.2400,1948513.0000,98.2400
03/20/2019,98.1600,100.1600,98.0000,100.0000,2446100.0000,100.0000
03/21/2019,99.8400,100.4000,99.1200,99.5200,1866700.0000,99.5200
03/22/2019,98.4000,98.5600,96.8800,97.8400,2842488.0000,97.8400
03/25/2019,97.4400,98.6400,96.6400,98.0000,2457838.0000,98.0000
03/26/2019,99.9200,100.3200,99.2000,99.7600,2047625.0000,99.7600
03/27/2019,99.9200,100.0800,97.7600,98.7200,2391100.0000,98.7200
03/28/2019,97.2000,98.8000,97.1200,98.8000,2587638.0000,98.8000
03/29/2019,100.4800,100.4800,99.3600,100.0000,2203938.0000,100.0000
04/01/2019,100.9600,102.6400,100.6400,102.5600,2856938.0000,102.5600
04/02/2019,103.0400,104.3200,102.8000,104.0800,2901425.0000,104.0800
04/03/2019,104.0000,104.4800,103.2000,103.9200,3037750.0000,103.9200
04/04/2019,103.8400,104.3200,102.8800,103.3600,2172100.0000,103.3600
04/05/2019,103.8400,105.3600,103.7600,105.2000,2344913.0000,105.2000
04/08/2019,105.8400,107.2800,105.8400,107.2000,2982438.0000,107.2000
04/09/2019,106.8000,107.0400,105.9200,106.6400,3424225.0000,106.6400
04/10/2019,107.0400,107.6800,106.6400,107.2800,2108263.0000,107.2800
04/11/2019,106.7200,107.0400,105.4400,106.1600,2359750.0000,106.1600
04/12/2019,106.8800,107.2000,106.2400,106.4000,2317625.0000,106.4000
04/15/2019,105.8400,106.3200,105.1200,105.9200,1979563.0000,105.9200
04/16/2019,105.8400,107.0400,105.0400,106.9600,1681163.0000,106.9600
04/17/2019,107.0400,107.1200,106.0800,106.2400,1932463.0000,106.2400
04/18/2019,106.4000,106.7200,105.8400,106.5600,1549138.0000,106.5600
04/22/2019,108.8800,109.7600,108.8000,109.3600,2547713.0000,109.3600
04/23/2019,109.7600,110.8800,109.6800,110.3200,2315425.0000,110.3200
04/24/2019,110.4800,110.5600,109.2800,109.4400,1879188.0000,109.4400
04/25/2019,109.5200,109.8400,108.0000,108.2400,2195313.0000,108.2400
04/26/2019,107.0400,107.1200,103.6800,104.7200,5269263.0000,104.7200
04/29/2019,105.2000,106.0000,104.4000,105.8400,2926275.0000,105.8400
04/30/2019,106.8000,106.8800,105.4400,106.3200,2096425.0000,106.3200
05/01/2019,106.2400,106.4800,104.4800,105.7600,3221438.0000,105.7600
05/02/2019,103.3600,103.5200,101.5200,102.5600,5288613.0000,102.5600
05/03/2019,102.9600,104.0800,102.8000,102.9600,3274225.0000,102.9600
05/06/2019,102.3200,104.8800,102.3200,104.5600,4741500.0000,104.5600
05/07/2019,102.2400,102.8000,101.0400,101.8400,3743113.0000,101.8400
05/08/2019,102.2400,103.8400,102.0000,103.1200,2893750.0000,103.1200
05/09/2019,102.5600,102.9600,101.4400,102.4800,2399013.0000,102.4800
05/10/2019,102.4000,103.4400,102.3200,102.7200,2353613.0000,102.7200
05/13/2019,105.1200,105.5200,101.1200,101.4400,4848838.0000,101.4400
05/14/2019,102.7200,103.6000,102.4800,102.9600,2536025.0000,102.9600
05/15/2019,102.1600,104.0800,102.0800,103.7600,2752538.0000,103.7600
05/16/2019,104.8000,105.9200,104.6400,105.1200,2457738.0000,105.1200
05/17/2019,105.2800,106.0800,104.2400,104.6400,2948463.0000,104.6400
05/20/2019,104.9600,105.7600,104.2400,105.2000,2682613.0000,105.2000
05/21/2019,104.8800,105.3600,104.4000,105.0400,1840013.0000,105.0400
05/22/2019,103.9200,104.4000,101.5200,101.9200,3444325.0000,101.9200
05/23/2019,98.9600,98.9600,95.3600,96.7200,5696450.0000,96.7200
05/24/2019,97.7600,97.9200,95.6000,97.8400,2690888.0000,97.8400
05/28/2019,98.9600,98.9600,97.6000,97.8400,2925488.0000,97.8400
05/29/2019,96.2400,98.2400,94.6400,97.9200,4513238.0000,97.9200
05/30/2019,98.2400,98.3200,93.7600,94.0800,3688588.0000,94.0800
05/31/2019,91.6000,92.3200,88.3200,88.8000,5039950.0000,88.8000
06/03/2019,90.4000,90.5600,87.6800,87.9200,4144100.0000,87.9200
06/04/2019,88.5600,89.5200,87.6000,89.2800,2809363.0000,89.2800
06/05/2019,88.0800,88.1600,84.2400,86.1600,5199913.0000,86.1600
06/06/2019,85.9200,88.7200,85.2000,88.4800,3949350.0000,88.4800
06/07/2019,87.7600,90.4000,87.6000,89.8400,3269400.0000,89.8400
06/10/2019,89.8400,90.8000,88.3200,88.8800,2936625.0000,88.8800
06/11/2019,89.5200,89.7600,88.3200,88.8800,2360613.0000,88.8800
06/12/2019,87.0400,87.2000,84.5600,85.1200,4382650.0000,85.1200
06/13/2019,88.5600,88.6400,86.4800,87.0400,4366050.0000,87.0400
06/14/2019,87.3600,88.3200,86.8800,87.5200,3216363.0000,87.5200
06/17/2019,86.8000,87.6000,86.0000,86.4800,3940363.0000,86.4800
06/18/2019,87.9200,90.4800,87.6800,90.0000,4511600.0000,90.0000
06/19/2019,89.1200,90.7200,88.8000,90.6400,5144688.0000,90.6400
06/20/2019,93.5200,95.2000,93.0400,94.8000,5822450.0000,94.8000
06/21/2019,94.8800,95.8400,94.8000,95.7600,3071975.0000,95.7600
06/24/2019,95.6000,96.3200,94.1600,96.0800,3329000.0000,96.0800
06/25/2019,96.3200,96.8800,95.5200,96.0000,2896213.0000,96.0000
06/26/2019,98.3200,99.4400,98.0000,98.3200,4382438.0000,98.3200
06/27/2019,98.3200,99.1200,98.0800,98.3200,3304888.0000,98.3200
06/28/2019,98.6400,98.8000,95.8400,96.3200,3607100.0000,96.3200
07/01/2019,99.5200,99.6000,96.8800,98.2400,3904350.0000,98.2400
07/02/2019,97.6800,97.6800,93.1200,93.6000,6164288.0000,93.6000
07/03/2019,94.4800,94.8800,93.2000,94.1600,2461275.0000,94.1600
07/05/2019,94.8800,95.9200,94.5600,95.6000,2838250.0000,95.6000
07/08/2019,96.0000,97.0400,95.2800,95.4400,3144800.0000,95.4400
07/09/2019,95.8400,96.4000,95.3600,96.3200,1831988.0000,96.3200
07/10/2019,98.6400,100.5600,98.4000,100.2400,4188488.0000,100.2400
07/11/2019,100.5600,101.0400,99.8400,100.4000,2230188.0000,100.4000
07/12/2019,100.0800,100.6400,99.5200,100.1600,1864188.0000,100.1600
07/15/2019,100.8000,100.8800,98.3200,98.4000,2717275.0000,98.4000
07/16/2019,98.9600,99.7600,94.8800,96.5600,4500138.0000,96.5600
07/17/2019,96.8800,96.8800,93.9200,94.0000,3774625.0000,94.0000
07/18/2019,94.3200,94.4000,90.9600,92.4800,4824113.0000,92.4800
07/19/2019,92.5600,93.5200,91.4400,93.3600,3138538.0000,93.3600
07/22/2019,92.9600,93.6800,92.6400,93.4400,2999463.0000,93.4400
07/23/2019,93.4400,94.5600,92.7200,94.4800,2235125.0000,94.4800
07/24/2019,94.4800,95.6000,91.7600,92.7200,4365500.0000,92.7200
07/25/2019,93.8400,94.1600,92.6400,92.8000,2486525.0000,92.8000
07/26/2019,93.1200,93.6800,92.4000,93.2000,2157050.0000,93.2000
07/29/2019,94.1600,94.7200,92.7200,94.5600,2837450.0000,94.5600
07/30/2019,94.7200,96.8000,94.5600,96.6400,2717500.0000,96.6400
07/31/2019,97.2000,97.6000,96.0000,96.3200,3487513.0000,96.3200
08/01/2019,94.9600,95.0400,88.9600,90.4800,7204325.0000,90.4800
08/02/2019,92.7200,92.8000,91.5200,91.8400,4697250.0000,91.8400
08/05/2019,90.4800,92.3200,90.3200,90.9600,5893975.0000,90.9600
08/06/2019,91.4400,91.5200,88.7200,89.1200,3784238.0000,89.1200
08/07/2019,86.4800,87.1200,83.9200,86.7200,6763025.0000,86.7200
08/08/2019,86.8800,87.9200,86.3200,87.6800,2943325.0000,87.6800
08/09/2019,89.7600,91.0400,89.6000,90.2400,3621725.0000,90.2400
08/12/2019,90.9600,91.5200,90.0800,90.8800,3017350.0000,90.8800
08/13/2019,90.6400,95.4400,90.4800,94.9600,5961538.0000,94.9600
08/14/2019,91.6800,92.1600,89.8400,91.5200,5230788.0000,91.5200
08/15/2019,90.4000,91.3600,89.7600,90.8000,3736775.0000,90.8000
08/16/2019,91.0400,91.5200,90.2400,91.2000,2934063.0000,91.2000
08/19/2019,92.8000,93.6800,92.0000,93.2800,3048788.0000,93.2800
08/20/2019,92.7200,93.9200,91.7600,93.0400,3079800.0000,93.0400
08/21/2019,94.7200,94.9600,92.4000,92.8800,3012050.0000,92.8800
08/22/2019,93.2800,93.6000,91.2800,92.2400,2723800.0000,92.2400
08/23/2019,89.8400,91.1200,88.6400,89.5200,4256988.0000,89.5200
08/26/2019,91.5200,91.9200,89.1200,89.4400,3258313.0000,89.4400
08/27/2019,89.9200,91.6800,89.3600,91.3600,3070175.0000,91.3600
08/28/2019,93.7600,94.3200,92.4000,93.1200,3798725.0000,93.1200
08/29/2019,93.2000,94.6400,93.2000,94.2400,2845675.0000,94.2400
08/30/2019,93.9200,94.0800,90.8000,91.6800,3818588.0000,91.6800
09/03/2019,88.7200,90.1600,87.9200,89.7600,3508138.0000,89.7600
09/04/2019,92.2400,94.1600,92.1600,93.6800,3640475.0000,93.6800
09/05/2019,94.4000,96.0800,93.2000,93.6000,3410813.0000,93.6000
09/06/2019,91.6800,94.8000,91.2800,94.1600,2792525.0000,94.1600
09/09/2019,95.3600,96.8000,95.2000,96.6400,2925375.0000,96.6400
09/10/2019,96.8800,97.8400,95.2000,95.8400,3195700.0000,95.8400
09/11/2019,95.9200,96.4000,92.6400,93.4400,4790675.0000,93.4400
09/12/2019,90.5600,92.1600,90.2400,91.7600,4467400.0000,91.7600
09/13/2019,91.9200,92.2400,91.0400,91.5200,1759300.0000,91.5200
09/16/2019,99.9200,105.2800,99.6000,102.6400,10127500.0000,102.6400
09/17/2019,103.4400,103.4400,97.2000,98.3200,12328888.0000,98.3200
09/18/2019,97.0400,98.1600,96.0800,96.8000,4318013.0000,96.8000
09/19/2019,97.7600,98.3200,96.8800,97.5200,3791363.0000,97.5200
09/20/2019,97.8400,98.5600,96.6400,97.6000,3009613.0000,97.6000
09/23/2019,97.1200,97.9200,96.3200,97.6800,2557938.0000,97.6800
09/24/2019,96.9600,97.2000,94.8800,95.2000,3676788.0000,95.2000
09/25/2019,93.2800,94.5600,92.8000,94.4000,2699925.0000,94.4000
09/26/2019,93.4400,94.5600,92.4800,94.4000,2621225.0000,94.4000
09/27/2019,92.5600,94.7200,92.4000,93.2800,3215050.0000,93.2800
09/30/2019,92.0800,92.8000,90.0800,90.7200,3148013.0000,90.7200
10/01/2019,91.1200,91.4400,88.5600,89.5200,3282413.0000,89.5200
10/02/2019,89.6000,89.6000,87.1200,87.8400,3548150.0000,87.8400
10/03/2019,86.6400,87.8400,85.1200,87.4400,3670125.0000,87.4400
10/04/2019,88.5600,89.1200,86.8800,88.3200,3493338.0000,88.3200
10/07/2019,89.1200,90.2400,87.8400,88.3200,2510275.0000,88.3200
10/08/2019,86.9600,88.1600,86.5600,87.1200,3048913.0000,87.1200
10/09/2019,89.4400,89.6800,87.4400,87.9200,2974925.0000,87.9200
10/10/2019,88.8800,89.7600,88.4000,89.5200,2633863.0000,89.5200
10/11/2019,89.9200,91.6800,89.9200,91.3600,4597325.0000,91.3600
10/14/2019,89.2800,89.7600,88.2400,89.4400,2963863.0000,89.4400
10/15/2019,89.2000,89.8400,88.0800,88.4800,3113238.0000,88.4800
10/16/2019,88.0800,89.8400,88.0800,89.1200,2535325.0000,89.1200
10/17/2019,88.5600,90.4800,88.0800,90.2400,2197750.0000,90.2400
10/18/2019,90.7200,91.1200,89.2000,89.7600,2495125.0000,89.7600
10/21/2019,88.4000,89.7600,88.3200,89.6800,2197450.0000,89.6800
10/22/2019,90.4800,91.5200,89.9200,90.7200,2758975.0000,90.7200
10/23/2019,90.2400,93.6000,90.1600,93.2000,3218288.0000,93.2000
10/24/2019,93.6000,94.3200,93.4400,93.8400,2016850.0000,93.8400
10/25/2019,93.6800,94.7200,92.8800,94.6400,2064113.0000,94.6400
10/28/2019,94.7200,95.0400,92.8000,93.2000,2371638.0000,93.2000
10/29/2019,91.5200,93.3600,91.3600,92.6400,2198250.0000,92.6400
10/30/2019,92.5600,92.5600,90.8800,91.7600,2995100.0000,91.7600
10/31/2019,91.1200,91.2000,89.6800,90.4000,2764125.0000,90.4000
11/01/2019,91.6000,94.0800,91.5200,93.5200,3279475.0000,93.5200
11/04/2019,95.4400,95.9200,94.2400,94.4800,3043050.0000,94.4800
11/05/2019,95.3600,96.0800,95.2800,95.4400,2096388.0000,95.4400
11/06/2019,95.6800,96.6400,93.7600,94.4800,4253388.0000,94.4800
11/07/2019,95.8400,96.6400,94.8800,95.0400,3258350.0000,95.0400
11/08/2019,93.8400,96.0000,93.1200,95.9200,3007900.0000,95.9200
11/11/2019,94.3200,95.8400,94.1600,95.1200,2223975.0000,95.1200
11/12/2019,95.6800,96.1600,94.4800,94.9600,2174300.0000,94.9600
11/13/2019,94.4000,96.1600,94.4000,95.6800,2805600.0000,95.6800
11/14/2019,96.3200,96.4800,94.8000,95.2800,2546963.0000,95.2800
11/15/2019,94.9600,97.0400,94.9600,96.6400,2205175.0000,96.6400
11/18/2019,95.8400,96.0800,94.6400,95.2000,3133963.0000,95.2000
11/19/2019,93.6800,93.9200,92.1600,92.5600,3603938.0000,92.5600
11/20/2019,93.4400,95.8400,92.9600,95.2000,4793388.0000,95.2000
11/21/2019,96.4800,98.0000,96.3200,97.6000,3373875.0000,97.6000
11/22/2019,97.6000,97.6800,96.0800,96.8800,2237288.0000,96.8800
11/25/2019,96.2400,97.1200,95.7600,96.8800,2349188.0000,96.8800
11/26/2019,97.3600,97.8400,96.6400,97.5200,2056675.0000,97.5200
11/27/2019,97.2800,97.7600,96.1600,97.1200,1884600.0000,97.1200
11/29/2019,95.4400,95.5200,92.3200,92.9600,3345288.0000,92.9600
12/02/2019,94.2400,94.4800,92.9600,93.3600,1741188.0000,93.3600
12/03/2019,93.3600,94.8800,92.7200,94.0800,2904463.0000,94.0800
12/04/2019,96.4800,98.0000,96.4000,97.5200,3670338.0000,97.5200
12/05/2019,98.4800,98.8000,97.2000,97.5200,2974575.0000,97.5200
12/06/2019,97.0400,100.0000,96.9600,98.5600,2626563.0000,98.5600
12/09/2019,98.0000,99.0400,98.0000,98.6400,1587100.0000,98.6400
12/10/2019,98.4800,99.4400,98.1600,99.1200,1284188.0000,99.1200
12/11/2019,98.6400,98.9600,97.1200,98.4000,1918325.0000,98.4000
12/12/2019,98.4000,99.7600,98.4000,98.9600,2787500.0000,98.9600
12/13/2019,99.2800,101.0400,99.1200,99.9200,2137638.0000,99.9200
12/16/2019,100.6400,100.9600,100.4800,100.7200,801663.0000,100.7200
12/17/2019,101.2000,102.0800,101.2000,101.7600,1494075.0000,101.7600
12/18/2019,101.2800,102.3200,100.9600,101.9200,1483338.0000,101.9200
12/19/2019,102.0000,102.8000,101.6800,102.2400,959575.0000,102.2400
12/20/2019,101.7600,101.7600,100.4800,101.0400,1429338.0000,101.0400
12/23/2019,100.8800,101.7600,100.7200,101.6000,931600.0000,101.6000
12/24/2019,101.8400,102.3200,101.8400,102.1600,431738.0000,102.1600
12/26/2019,102.5600,103.5200,102.5600,103.1200,881688.0000,103.1200
12/27/2019,103.3600,103.6800,102.5600,103.2800,1137988.0000,103.2800
12/30/2019,104.0800,104.1600,102.3200,103.1200,1121463.0000,103.1200
12/31/2019,101.6800,103.6800,101.5200,102.4800,1450663.0000,102.4800
01/02/2020,102.4000,102.8000,101.6000,102.4800,1563638.0000,102.4800
01/03/2020,106.1600,106.5600,104.2400,105.4400,4325450.0000,105.4400
01/06/2020,106.4000,106.5600,104.9600,105.2800,2598413.0000,105.2800
01/07/2020,104.8000,105.4400,104.0800,105.0400,1742075.0000,105.0400
01/08/2020,104.4800,104.5600,99.1200,101.2800,6918425.0000,101.2800
01/09/2020,99.6000,100.3200,98.3200,99.9200,3439450.0000,99.9200
01/10/2020,99.4400,99.8400,98.7200,99.2800,2016750.0000,99.2800
01/13/2020,98.4800,98.4800,97.2800,97.6000,2858525.0000,97.6000
01/14/2020,98.1600,98.5600,97.6000,98.2400,2336713.0000,98.2400
01/15/2020,97.6000,97.7600,96.4000,97.4400,1881763.0000,97.4400
01/16/2020,97.6000,98.8800,97.6000,98.3200,1960813.0000,98.3200
01/17/2020,98.6400,98.9600,97.9200,98.6400,2220763.0000,98.6400
01/21/2020,97.7600,98.7200,97.6800,97.9200,1709638.0000,97.9200
01/22/2020,96.2400,96.3200,95.0400,95.2000,3196463.0000,95.2000
01/23/2020,92.8000,93.6800,92.0000,93.2800,3858525.0000,93.2800
01/24/2020,91.9200,92.0000,90.4800,91.4400,3051025.0000,91.4400
01/27/2020,88.8800,89.9200,88.1600,88.8000,3142588.0000,88.8000
01/28/2020,89.2800,90.5600,88.8800,90.0000,3048700.0000,90.0000
01/29/2020,90.2400,90.3200,88.7200,89.2800,2720475.0000,89.2800
01/30/2020,87.4400,88.7200,86.8000,88.6400,3689650.0000,88.6400
01/31/2020,87.0400,87.8400,85.6000,86.7200,4051950.0000,86.7200
02/03/2020,86.0000,86.7200,83.8400,83.9200,5052888.0000,83.9200
02/04/2020,85.4400,85.6000,83.2000,83.5200,5189425.0000,83.5200
02/05/2020,86.0000,87.1200,84.7200,85.6000,5089350.0000,85.6000
02/06/2020,85.1200,86.1600,84.4000,85.9200,3249838.0000,85.9200
02/07/2020,84.8000,85.7600,84.3200,84.6400,2610963.0000,84.6400
02/10/2020,83.8400,84.4800,83.0400,83.3600,2825925.0000,83.3600
02/11/2020,85.0400,85.1200,83.6000,84.0000,3117025.0000,84.0000
02/12/2020,86.5600,86.8800,85.6800,86.4800,3927025.0000,86.4800
02/13/2020,86.5600,87.2000,86.0000,86.7200,3609588.0000,86.7200
02/14/2020,87.6800,87.9200,86.7200,87.6000,3057125.0000,87.6000
02/18/2020,86.0800,87.6000,86.0000,87.6000,2676363.0000,87.6000
02/19/2020,89.0400,89.8400,88.1600,89.4400,3137575.0000,89.4400
02/20/2020,90.4800,91.4400,90.0000,90.2400,3422725.0000,90.2400
02/21/2020,88.6400,89.6800,87.9200,89.2800,3380650.0000,89.2800
02/24/2020,85.0400,86.4800,84.4000,85.9200,4694088.0000,85.9200
02/25/2020,86.0800,86.2400,83.2000,83.2000,4134238.0000,83.2000
02/26/2020,83.0400,84.4000,80.8800,81.5200,4913738.0000,81.5200
02/27/2020,77.7600,79.9200,76.8000,78.2400,6233213.0000,78.2400
02/28/2020,75.3600,76.0000,73.3600,75.6000,5373138.0000,75.6000
03/02/2020,77.3600,79.3600,76.3200,79.3600,5173363.0000,79.3600
03/03/2020,80.0000,81.4400,77.7600,79.1200,6408250.0000,79.1200
03/04/2020,80.8800,81.0400,78.0800,78.8800,5793713.0000,78.8800
03/05/2020,78.4800,78.8000,76.4000,76.8800,4140325.0000,76.8800
03/06/2020,74.0800,74.1600,68.8000,69.8400,9782050.0000,69.8400
03/09/2020,54.5600,58.4000,52.0000,52.1600,19268563.0000,52.1600
03/10/2020,56.7200,58.6400,54.8800,57.9200,10698375.0000,57.9200
03/11/2020,56.1600,56.7200,54.7200,55.5200,8137688.0000,55.5200
03/12/2020,51.5200,54.4000,51.4400,52.3200,11630325.0000,52.3200
03/13/2020,55.1200,57.0400,52.3200,55.6800,9832213.0000,55.6800
03/16/2020,48.7200,51.0400,46.5600,48.4000,9516613.0000,48.4000
03/17/2020,48.3200,49.2000,45.0400,45.6800,8618150.0000,45.6800
03/18/2020,40.4800,41.4400,34.3200,37.6800,23764250.0000,37.6800
03/19/2020,38.3200,45.3600,36.8000,42.9600,16267000.0000,42.9600
03/20/2020,42.2400,42.9600,37.4400,39.5200,18333663.0000,39.5200
03/23/2020,38.1600,39.2000,36.2400,39.0400,9050388.0000,39.0400
03/24/2020,40.4800,40.5600,38.3200,39.8400,10639513.0000,39.8400
03/25/2020,39.1200,41.2800,38.0000,40.6400,12344863.0000,40.6400
03/26/2020,39.2000,39.6800,37.1200,38.6400,15703500.0000,38.6400
03/27/2020,36.0800,36.2400,34.6400,35.7600,15312050.0000,35.7600
03/30/2020,33.6800,34.2400,32.2400,33.8400,20541175.0000,33.8400
03/31/2020,34.9600,34.9600,33.2800,33.6800,15639525.0000,33.6800
04/01/2020,33.9200,35.0400,33.0400,35.0400,14878650.0000,35.0400
04/02/2020,36.6400,45.3600,36.0000,40.8800,40226725.0000,40.8800
04/03/2020,45.6000,48.1600,43.5200,47.2000,28238825.0000,47.2000
04/06/2020,44.9600,45.6800,42.9600,43.8400,20350275.0000,43.8400
04/07/2020,43.6800,44.2400,39.1200,40.7200,23432475.0000,40.7200
04/08/2020,40.6400,43.2000,39.5200,42.9600,21113950.0000,42.9600
04/09/2020,43.2000,46.2400,38.4000,39.8400,37976150.0000,39.8400
04/13/2020,39.7600,40.5600,38.8000,39.4400,15693888.0000,39.4400
04/14/2020,38.0800,38.4000,36.2400,37.2800,23984000.0000,37.2800
04/15/2020,35.4400,35.7600,34.4000,35.4400,27402750.0000,35.4400
04/16/2020,35.2000,35.2800,33.2000,34.8800,30161238.0000,34.8800
04/17/2020,33.2000,34.0800,32.8000,33.6800,31270575.0000,33.6800
04/20/2020,30.0800,32.4000,29.6000,30.0000,109403825.0000,30.0000
04/21/2020,25.5200,27.2000,18.4800,22.4800,124913013.0000,22.4800
04/22/2020,23.2000,23.5200,20.0000,20.0800,54487213.0000,20.0800
04/23/2020,21.4400,22.9600,20.8000,21.1200,39783688.0000,21.1200
04/24/2020,21.5200,21.8400,20.0800,20.5600,22760050.0000,20.5600
04/27/2020,18.4000,18.4000,17.0400,17.5200,33885000.0000,17.5200
04/28/2020,17.2800,18.0000,16.8800,17.0400,19476850.0000,17.0400
04/29/2020,18.0100,18.2200,17.4600,18.0000,23378600.0000,18.0000
04/30/2020,18.7600,19.3000,17.8600,19.1200,24001300.0000,19.1200
05/01/2020,19.1200,19.1800,18.4200,18.8600,13831100.0000,18.8600
05/04/2020,18.5800,19.6800,18.3600,19.6700,14044800.0000,19.6700
05/05/2020,20.7600,21.7900,20.7400,21.5100,20954800.0000,21.5100
05/06/2020,21.2900,21.5100,20.3000,20.8500,17295800.0000,20.8500
05/07/2020,21.8800,21.9100,20.2700,20.4700,12745400.0000,20.4700
05/08/2020,21.0800,21.6700,20.6600,21.4700,10472500.0000,21.4700
05/11/2020,21.5300,21.6000,20.7600,21.1700,10461600.0000,21.1700
05/12/2020,21.4000,21.5700,20.8900,20.9700,10138500.0000,20.9700
05/13/2020,21.0500,21.3100,20.3000,20.6000,10082900.0000,20.6000
05/14/2020,20.7300,21.8200,20.5900,21.4500,11539700.0000,21.4500
05/15/2020,21.9500,22.6100,21.6800,22.3900,11525000.0000,22.3900
05/18/2020,24.0400,24.8000,23.8000,24.3100,19664300.0000,24.3100
05/19/2020,24.4700,24.7100,24.0400,24.4400,9373400.0000,24.4400
05/20/2020,24.9500,25.5400,24.8800,25.3400,11752400.0000,25.3400
05/21/2020,26.5000,27.4900,25.8800,26.6000,21259800.0000,26.6000
05/22/2020,26.0900,26.1500,25.0600,25.5700,10614700.0000,25.5700
05/26/2020,25.9300,25.9900,25.3300,25.6600,12891300.0000,25.6600
05/27/2020,25.1800,25.3400,24.2600,25.0000,13839700.0000,25.0000
05/28/2020,24.8400,25.5800,24.5500,25.0300,8087000.0000,25.0300
05/29/2020,24.6400,26.4300,24.6000,25.8800,12731400.0000,25.8800
06/01/2020,25.7200,26.4700,25.5600,26.2200,8201000.0000,26.2200
06/02/2020,26.5500,27.1000,26.4700,27.0700,9131500.0000,27.0700
06/03/2020,27.1700,27.5300,26.6500,27.1200,11428000.0000,27.1200
06/04/2020,27.0800,27.6200,26.8100,27.5000,11377000.0000,27.5000
06/05/2020,28.5900,29.1900,28.3700,28.8700,11820600.0000,28.8700
06/08/2020,28.9700,29.0000,28.1100,28.3700,14161900.0000,28.3700
06/09/2020,28.0700,28.5500,27.6800,28.4200,10176400.0000,28.4200
06/10/2020,28.0800,29.0700,27.7200,28.4300,8303000.0000,28.4300
06/11/2020,26.8000,27.1700,25.9400,26.3600,22801300.0000,26.3600
06/12/2020,26.6400,26.8100,25.8500,26.4300,8885100.0000,26.4300
06/15/2020,25.4700,27.0700,25.3600,26.9800,8642100.0000,26.9800
06/16/2020,27.8600,28.2900,26.9700,27.6400,11803900.0000,27.6400
06/17/2020,27.4700,27.7500,27.1700,27.2800,7388800.0000,27.2800
06/18/2020,27.3100,28.0200,27.2400,27.8900,6278300.0000,27.8900
06/19/2020,28.6600,28.8600,27.5400,28.2300,13501000.0000,28.2300
06/22/2020,28.4300,29.0400,28.3300,28.9800,8862100.0000,28.9800
06/23/2020,29.3000,29.4200,28.5900,28.7200,7358700.0000,28.7200
06/24/2020,28.4100,28.6200,26.8200,27.2500,11101100.0000,27.2500
06/25/2020,27.1800,28.0500,27.0900,27.9400,8768600.0000,27.9400
06/26/2020,27.6700,27.7000,27.1200,27.3600,5255000.0000,27.3600
06/29/2020,27.8100,28.4700,27.6200,28.2700,6966500.0000,28.2700
06/30/2020,27.8900,28.5500,27.8000,28.0600,5840600.0000,28.0600
07/01/2020,28.3000,28.5100,27.9300,28.3500,6960400.0000,28.3500
07/02/2020,28.7900,29.0500,28.3400,28.7500,5545500.0000,28.7500
07/06/2020,28.7900,29.2600,28.7700,28.9600,6146000.0000,28.9600
07/07/2020,28.8500,29.2100,28.7600,28.7900,4674500.0000,28.7900
07/08/2020,29.0300,29.2900,28.8400,29.1800,4676500.0000,29.1800
07/09/2020,29.0700,29.1100,28.2100,28.4100,5602300.0000,28.4100
07/10/2020,28.4800,29.1700,28.4100,29.0300,5432400.0000,29.0300
07/13/2020,29.0100,29.1500,28.3900,28.5000,6540200.0000,28.5000
07/14/2020,28.2300,29.0800,28.1600,28.8800,5057500.0000,28.8800
07/15/2020,29.0800,29.5000,28.8100,29.2900,7041200.0000,29.2900
07/16/2020,29.1800,29.4300,29.0300,29.1600,3240400.0000,29.1600
07/17/2020,29.1700,29.2400,28.7200,29.1000,3570200.0000,29.1000
07/20/2020,28.9000,29.2500,28.5900,29.1200,3863800.0000,29.1200
07/21/2020,29.9800,30.2200,29.6400,29.7200,8338300.0000,29.7200
07/22/2020,29.4400,29.8900,29.3600,29.7500,3925800.0000,29.7500
07/23/2020,29.5900,29.9300,29.1200,29.4100,5925100.0000,29.4100
07/24/2020,29.3700,29.5100,29.0600,29.4400,4947500.0000,29.4400
07/27/2020,29.3400,29.8600,28.9800,29.7200,6268500.0000,29.7200
07/28/2020,29.4600,29.5400,29.2700,29.3500,4423700.0000,29.3500
07/29/2020,29.6000,29.7500,29.4500,29.5700,3114500.0000,29.5700
07/30/2020,28.9900,29.0100,27.9000,28.9300,10024400.0000,28.9300
07/31/2020,29.0900,29.1600,28.5900,29.0700,5026800.0000,29.0700
08/03/2020,29.1500,29.6500,29.0300,29.3400,5893900.0000,29.3400
08/04/2020,29.2300,30.1500,29.2100,29.7800,7706300.0000,29.7800
08/05/2020,30.8400,31.0200,30.1500,30.2300,9088300.0000,30.2300
08/06/2020,30.5200,30.5800,30.1200,30.1800,4339800.0000,30.1800
08/07/2020,29.8900,29.9200,29.5800,29.8500,4867900.0000,29.8500
08/10/2020,30.1600,30.3600,29.9700,30.1600,4234800.0000,30.1600
08/11/2020,30.6000,30.6600,29.8200,29.8200,5563600.0000,29.8200
08/12/2020,30.4700,30.7600,30.3100,30.5600,5305700.0000,30.5600
08/13/2020,30.4800,30.6600,30.2600,30.4000,3414100.0000,30.4000
08/14/2020,30.2300,30.4200,30.0200,30.3300,3792900.0000,30.3300
08/17/2020,30.2400,30.8500,30.2200,30.7700,4307900.0000,30.7700
08/18/2020,30.4100,30.8300,30.3900,30.6000,5589500.0000,30.6000
08/19/2020,30.5900,30.8200,30.4100,30.6600,3781500.0000,30.6600
08/20/2020,30.0200,30.5900,29.7800,30.5200,6112100.0000,30.5200
08/21/2020,30.0000,30.2400,29.6400,30.1800,6523300.0000,30.1800
08/24/2020,30.3300,30.5400,30.2300,30.3500,4511800.0000,30.3500
08/25/2020,30.9700,31.0200,30.5900,30.9200,5251900.0000,30.9200
08/26/2020,31.0700,31.1900,30.8400,30.9300,5402600.0000,30.9300
08/27/2020,30.8900,30.9000,30.2700,30.6700,4372600.0000,30.6700
08/28/2020,30.7200,30.8000,30.5200,30.7200,2437800.0000,30.7200
08/31/2020,30.9000,30.9000,30.3900,30.5800,3825200.0000,30.5800
09/01/2020,30.6400,30.9400,30.5400,30.6100,3902000.0000,30.6100
09/02/2020,30.5800,30.6000,29.5900,29.8600,7281600.0000,29.8600
09/03/2020,29.1500,29.7800,29.0400,29.6400,7999000.0000,29.6400
09/04/2020,29.4200,29.4500,28.4000,28.5100,7365900.0000,28.5100
09/08/2020,26.8800,26.9600,26.2700,26.7500,10546400.0000,26.7500
09/09/2020,26.8400,27.6900,26.7100,27.4100,5310500.0000,27.4100
09/10/2020,27.2300,27.4700,26.7500,26.7900,4856800.0000,26.7900
09/11/2020,26.9200,27.2700,26.7300,27.0400,3362000.0000,27.0400
09/14/2020,26.7400,27.0200,26.6000,26.9400,3311200.0000,26.9400
09/15/2020,27.0600,27.7000,26.9600,27.5200,3914100.0000,27.5200
09/16/2020,28.2000,28.8000,28.0600,28.7000,5785600.0000,28.7000
09/17/2020,28.5700,29.3900,28.4300,29.2300,4584300.0000,29.2300
09/18/2020,29.1900,29.4300,28.9000,29.0600,3058100.0000,29.0600
09/21/2020,28.6700,28.7600,27.6600,28.2900,5361800.0000,28.2900
09/22/2020,28.3600,28.5300,27.8200,28.1700,3020500.0000,28.1700
09/23/2020,28.3500,28.8400,28.0000,28.0300,5108100.0000,28.0300
09/24/2020,28.3000,28.5900,28.1300,28.5000,3418800.0000,28.5000
09/25/2020,28.3000,28.5600,28.1700,28.3500,2445200.0000,28.3500
09/28/2020,28.5000,28.8600,28.3000,28.6900,2428800.0000,28.6900
09/29/2020,28.3100,28.3200,27.2800,27.7000,5337100.0000,27.7000
09/30/2020,27.9400,28.5600,27.8900,28.2900,3445400.0000,28.2900
10/01/2020,27.7600,27.8600,26.7700,27.5100,6557100.0000,27.5100
10/02/2020,26.2500,26.8900,26.0900,26.3500,8583300.0000,26.3500
10/05/2020,27.5800,28.1600,27.4400,27.9300,7854900.0000,27.9300
10/06/2020,28.6600,28.9100,28.3100,28.3900,6288700.0000,28.3900
10/07/2020,28.1600,28.4100,27.8900,28.3900,5526200.0000,28.3900
10/08/2020,28.9900,29.2000,28.7500,29.1400,6567400.0000,29.1400
10/09/2020,28.9900,29.2500,28.5900,28.6900,4596400.0000,28.6900
10/12/2020,28.4000,28.4000,27.7300,28.0700,4553100.0000,28.0700
10/13/2020,28.4600,28.6500,28.2700,28.4600,3624000.0000,28.4600
10/14/2020,28.8900,29.0500,28.8000,28.9800,3190200.0000,28.9800
10/15/2020,28.0700,28.9500,28.0100,28.9400,5276500.0000,28.9400
10/16/2020,28.5900,28.8700,28.3300,28.7200,2516700.0000,28.7200
10/19/2020,28.8300,29.0100,28.5900,28.5900,2803000.0000,28.5900
10/20/2020,28.4800,29.3100,28.4600,29.0500,4391800.0000,29.0500
10/21/2020,28.6100,28.7800,27.9300,28.1000,5165700.0000,28.1000
10/22/2020,28.3000,28.7500,28.2800,28.5100,3235600.0000,28.5100
10/23/2020,28.5500,28.5600,27.7800,27.8800,3986200.0000,27.8800
10/26/2020,27.3300,27.4600,26.9500,27.1100,4646700.0000,27.1100
10/27/2020,27.3100,27.9500,27.2300,27.6900,3037200.0000,27.6900
10/28/2020,26.4400,26.5600,26.0900,26.3100,7011000.0000,26.3100
10/29/2020,24.9200,25.7400,24.7500,25.6000,8401400.0000,25.6000
10/30/2020,25.3100,25.4000,24.9600,25.2500,5424500.0000,25.2500
11/02/2020,25.1600,26.2900,25.1400,26.2600,5385100.0000,26.2600
11/03/2020,26.9400,27.0100,26.4500,26.7200,7241300.0000,26.7200
11/04/2020,27.1200,27.6300,26.6900,27.4400,5982500.0000,27.4400
11/05/2020,27.4100,27.7000,27.0800,27.1600,5115000.0000,27.1600
11/06/2020,26.8300,26.8700,26.2000,26.4700,5117700.0000,26.4700
11/09/2020,28.5900,28.8200,28.0600,28.0700,9840300.0000,28.0700
11/10/2020,28.6600,28.9700,28.4700,28.9100,6602400.0000,28.9100
11/11/2020,29.7000,29.7500,28.9200,29.0400,6376600.0000,29.0400
11/12/2020,29.2100,29.4400,28.6200,28.6600,6070900.0000,28.6600
11/13/2020,28.5200,28.5700,28.0600,28.1300,4367600.0000,28.1300
11/16/2020,29.1200,29.1700,28.6600,28.8100,4576600.0000,28.8100
11/17/2020,28.5700,29.0200,28.4800,28.8700,3613700.0000,28.8700
11/18/2020,29.0700,29.3600,28.9600,29.0000,4112100.0000,29.0000
11/19/2020,28.9300,29.1400,28.7500,29.0900,2934300.0000,29.0900
11/20/2020,28.9300,29.3600,28.9200,29.2700,4907100.0000,29.2700
11/23/2020,29.5800,29.7200,29.4100,29.5200,4398000.0000,29.5200
11/24/2020,30.2300,31.0300,30.2100,30.8000,9091700.0000,30.8000
11/25/2020,31.3000,31.6800,31.0200,31.3700,5865600.0000,31.3700
11/27/2020,31.1200,31.3600,31.0300,31.2200,2904900.0000,31.2200
11/30/2020,31.1200,31.2900,30.6800,30.9700,6778500.0000,30.9700
12/01/2020,30.9200,30.9600,30.3400,30.6200,4536800.0000,30.6200
12/02/2020,30.5800,31.4300,30.5800,30.9700,7064300.0000,30.9700
12/03/2020,30.8900,31.3600,30.8100,31.2500,5559700.0000,31.2500
12/04/2020,31.3100,31.7400,31.2800,31.5600,6930200.0000,31.5600
12/07/2020,31.4400,31.8700,31.3100,31.4000,4785400.0000,31.4000
12/08/2020,31.2200,31.4700,31.0400,31.4100,3786000.0000,31.4100
12/09/2020,31.5500,31.6600,30.9000,31.3400,7632800.0000,31.3400
12/10/2020,31.8400,32.6500,31.8300,32.1100,7572000.0000,32.1100
12/11/2020,32.0300,32.1300,31.7700,31.9400,3394000.0000,31.9400
12/14/2020,32.1400,32.2300,31.3700,32.1700,4877200.0000,32.1700
12/15/2020,32.3200,32.6200,32.2500,32.5400,3503300.0000,32.5400
12/16/2020,32.5500,32.8100,32.3200,32.7400,4349300.0000,32.7400
12/17/2020,33.0100,33.2300,32.9200,33.1600,4534000.0000,33.1600
12/18/2020,33.3300,33.6700,33.2600,33.4800,4759000.0000,33.4800
12/21/2020,32.1800,32.8400,32.1200,32.6400,6144300.0000,32.6400
12/22/2020,32.2800,32.4700,32.0000,32.0900,3749600.0000,32.0900
12/23/2020,32.3300,33.0800,32.3300,32.7500,5077500.0000,32.7500
12/24/2020,32.6600,32.9200,32.5700,32.9200,1694300.0000,32.9200
12/28/2020,32.8800,33.0500,32.5100,32.5900,4917500.0000,32.5900
12/29/2020,32.9500,32.9900,32.6600,32.7800,3631000.0000,32.7800
12/30/2020,32.5800,33.2200,32.5500,32.9100,4840000.0000,32.9100
12/31/2020,32.7300,33.1000,32.6300,33.0100,4424600.0000,33.0100
01/04/2021,33.0000,33.2900,32.2400,32.3800,14340200.0000,32.3800
01/05/2021,33.3800,34.1200,33.3800,33.9400,13616800.0000,33.9400
01/06/2021,33.9400,34.4700,33.5600,34.1100,7461100.0000,34.1100
01/07/2021,34.3500,34.5900,34.2900,34.5300,4103100.0000,34.5300
01/08/2021,34.9300,35.5000,34.7500,35.4300,7554600.0000,35.4300
01/11/2021,34.8800,35.4100,34.8100,35.2600,5100500.0000,35.2600
01/12/2021,35.6500,36.0100,35.5700,35.9000,4185800.0000,35.9000
01/13/2021,35.7700,36.1000,35.6000,35.8000,4457000.0000,35.8000
01/14/2021,35.7000,36.3200,35.6100,36.2400,5175000.0000,36.2400
01/15/2021,35.7200,35.8200,35.1300,35.3400,5492200.0000,35.3400
01/19/2021,35.7100,35.8900,35.5300,35.7500,3804300.0000,35.7500
01/20/2021,36.1400,36.2000,35.6900,35.7900,3222600.0000,35.7900
01/21/2021,35.8200,36.0000,35.6400,35.7600,3010300.0000,35.7600
01/22/2021,34.9600,35.6200,34.9100,35.2300,4673300.0000,35.2300
01/25/2021,35.1100,35.6600,35.0300,35.5900,4134500.0000,35.5900
01/26/2021,35.6900,35.8000,35.3800,35.4500,2628100.0000,35.4500
01/27/2021,35.4100,35.9300,35.0200,35.5000,4918800.0000,35.5000
01/28/2021,35.9200,36.0100,35.2200,35.2500,5409000.0000,35.2500
01/29/2021,35.6400,35.7700,35.1100,35.1800,3916100.0000,35.1800
02/01/2021,35.7700,36.1800,35.2500,36.1200,6051400.0000,36.1200
02/02/2021,36.9700,37.0500,36.7200,36.8200,6274700.0000,36.8200
02/03/2021,37.1900,37.7800,37.1900,37.4400,6804100.0000,37.4400
02/04/2021,37.6100,37.9500,37.2000,37.8100,5033700.0000,37.8100
02/05/2021,38.3300,38.4000,37.9500,38.1900,4379100.0000,38.1900
02/08/2021,38.4700,38.9800,38.4700,38.9400,4216200.0000,38.9400
02/09/2021,38.7000,39.2100,38.5200,39.1700,4904300.0000,39.1700
02/10/2021,39.2400,39.4700,39.0100,39.2800,5053600.0000,39.2800
02/11/2021,39.3200,39.3800,38.8700,38.9700,3738000.0000,38.9700
02/12/2021,39.0100,40.0700,39.0100,39.9400,5785100.0000,39.9400
02/16/2021,40.1900,40.4700,40.0500,40.4500,5467400.0000,40.4500
02/17/2021,40.2700,40.9600,40.1300,40.8900,7391500.0000,40.8900
02/18/2021,41.0900,41.1300,40.1100,40.2700,6708600.0000,40.2700
02/19/2021,40.2600,40.4900,39.5500,39.6800,5537500.0000,39.6800
02/22/2021,40.5500,41.4200,40.5500,41.2800,5814300.0000,41.2800
02/23/2021,41.1500,41.7300,40.7400,41.6200,5638200.0000,41.6200
02/24/2021,41.8800,42.5700,41.7900,42.5000,6504700.0000,42.5000
02/25/2021,42.3200,42.7700,42.1500,42.4600,4515200.0000,42.4600
02/26/2021,42.1200,42.1400,41.1200,41.3100,5913100.0000,41.3100
03/01/2021,41.3000,41.6100,40.3100,40.6000,6956000.0000,40.6000
03/02/2021,40.9500,41.0700,40.0700,40.0700,8272200.0000,40.0700
03/03/2021,40.8800,41.6500,40.5500,41.1400,4764400.0000,41.1400
03/04/2021,41.8700,43.4600,41.5000,43.0700,11815300.0000,43.0700
03/05/2021,44.0800,44.5100,43.9100,44.4400,7883300.0000,44.4400
03/08/2021,44.1200,44.2400,43.4300,43.5000,5083900.0000,43.5000
03/09/2021,43.7300,43.8200,43.0700,43.1100,5503200.0000,43.1100
03/10/2021,43.2800,43.8100,42.7900,43.7400,5733300.0000,43.7400
03/11/2021,43.9100,44.6400,43.7100,44.6000,6588700.0000,44.6000
03/12/2021,44.3600,44.6300,44.2300,44.3500,4643200.0000,44.3500
03/15/2021,43.9000,44.3400,43.4600,44.2600,5710000.0000,44.2600
03/16/2021,43.5700,44.1000,43.3200,43.8300,4932400.0000,43.8300
03/17/2021,43.6900,43.9300,43.2400,43.8200,5837900.0000,43.8200
03/18/2021,42.9900,43.0600,39.7100,40.4700,18801800.0000,40.4700
03/19/2021,40.8300,41.9900,40.2600,41.7700,6430000.0000,41.7700
03/22/2021,41.9700,42.1800,41.5900,41.7100,4162300.0000,41.7100
03/23/2021,40.2900,40.9100,39.2700,39.3700,12356900.0000,39.3700
03/24/2021,40.6900,41.8300,40.5300,41.4500,11330200.0000,41.4500
03/25/2021,40.4700,40.6200,39.3100,39.8900,9477000.0000,39.8900
03/26/2021,41.3800,41.8300,41.2500,41.5300,10091000.0000,41.5300
03/29/2021,41.2300,41.9600,40.9500,41.9200,6376300.0000,41.9200
03/30/2021,41.1600,41.6600,41.0400,41.1700,4151600.0000,41.1700
03/31/2021,40.9900,41.7000,40.2200,40.5300,6368600.0000,40.5300
04/01/2021,41.4700,42.1800,40.3000,41.8400,11598400.0000,41.8400
04/05/2021,41.2100,41.2600,39.5200,40.2800,9801000.0000,40.2800
04/06/2021,41.1600,41.6900,40.5800,40.7000,6734200.0000,40.7000
04/07/2021,40.5400,41.0500,39.9100,40.8600,9987600.0000,40.8600
04/08/2021,40.6400,40.9300,40.2700,40.8200,4288200.0000,40.8200
04/09/2021,40.6200,40.8700,40.4800,40.6400,3705600.0000,40.6400
04/12/2021,41.2800,41.5700,40.7700,40.9000,5998400.0000,40.9000
04/13/2021,41.3300,41.4800,41.1500,41.4000,5063600.0000,41.4000
04/14/2021,42.1500,43.3900,42.0100,43.0400,9353500.0000,43.0400
04/15/2021,43.0600,43.4400,42.8800,43.2700,4391600.0000,43.2700
04/16/2021,43.3400,43.3800,42.9800,43.1800,4680000.0000,43.1800
04/19/2021,43.2200,43.4900,43.0500,43.3200,3324500.0000,43.3200
04/20/2021,43.3500,43.4200,42.0400,42.7400,6415200.0000,42.7400
04/21/2021,41.7900,42.5500,41.7200,41.7700,5800300.0000,41.7700
04/22/2021,42.2400,42.2600,41.6000,42.0900,3278100.0000,42.0900
04/23/2021,41.9100,42.6100,41.8500,42.4600,4206300.0000,42.4600
04/26/2021,41.7800,42.5200,41.7400,42.3300,3150900.0000,42.3300
04/27/2021,42.6600,43.1900,42.4800,43.1100,3454400.0000,43.1100
04/28/2021,43.4400,43.9700,43.3600,43.5300,5500900.0000,43.5300
04/29/2021,44.4700,44.6100,43.8400,44.2600,5920400.0000,44.2600
04/30/2021,43.3800,43.5500,43.0500,43.2700,5007000.0000,43.2700
05/03/2021,43.5600,44.0900,43.5500,43.9800,3309500.0000,43.9800
05/04/2021,44.7400,44.9100,44.3300,44.8700,5357600.0000,44.8700
05/05/2021,45.2300,45.5400,44.3900,44.6600,6912400.0000,44.6600
05/06/2021,44.8000,44.8200,44.1500,44.4100,6635600.0000,44.4100
05/07/2021,44.0600,44.6300,43.9100,44.4300,4252900.0000,44.4300
05/10/2021,44.8500,44.9100,43.9000,44.4800,4391900.0000,44.4800
05/11/2021,43.9200,44.9300,43.9200,44.8700,6925400.0000,44.8700
05/12/2021,45.1300,45.7000,45.1000,45.2200,6838000.0000,45.2200
05/13/2021,43.9800,44.4800,43.3500,43.8100,7610000.0000,43.8100
05/14/2021,44.4400,44.7900,44.3400,44.7100,5058400.0000,44.7100
05/17/2021,44.8800,45.4100,44.8600,45.3900,3831000.0000,45.3900
05/18/2021,45.1300,45.3900,43.9400,44.8400,9166100.0000,44.8400
05/19/2021,43.7000,43.7000,42.5300,43.4300,9180000.0000,43.4300
05/20/2021,43.2400,43.3200,42.3200,42.4800,5320000.0000,42.4800
05/21/2021,43.5000,43.8000,43.3700,43.7000,4204900.0000,43.7000
05/24/2021,44.2800,45.1500,44.1100,45.0200,5146000.0000,45.0200
05/25/2021,45.0700,45.3100,44.7800,44.9200,3602800.0000,44.9200
05/26/2021,44.7400,45.3000,44.6400,45.2000,3817100.0000,45.2000
05/27/2021,45.1900,45.6400,45.0500,45.5500,3193000.0000,45.5500
05/28/2021,45.8200,45.9300,45.1800,45.4200,4847100.0000,45.4200
06/01/2021,46.5800,46.9400,45.9700,46.3300,6374900.0000,46.3300
06/02/2021,46.5600,47.0300,46.3600,46.9000,3682400.0000,46.9000
06/03/2021,47.1000,47.1500,46.5100,46.9700,3378700.0000,46.9700
06/04/2021,47.4500,47.4900,47.0100,47.2600,3654400.0000,47.2600
06/07/2021,47.3400,47.5400,47.0700,47.2700,3871200.0000,47.2700
06/08/2021,47.0800,47.9000,46.8000,47.8800,5129100.0000,47.8800
06/09/2021,47.9500,48.1000,47.4200,47.5800,4609200.0000,47.5800
06/10/2021,47.9900,48.1600,46.9000,47.8300,8677300.0000,47.8300
06/11/2021,47.9300,48.2500,47.8900,48.0700,4385300.0000,48.0700
06/14/2021,48.4000,48.6100,48.0800,48.3200,4764900.0000,48.3200
06/15/2021,48.6800,49.0100,48.6300,48.9800,4356400.0000,48.9800
06/16/2021,48.8600,49.4600,48.7500,48.7500,6152600.0000,48.7500
06/17/2021,48.9200,49.0000,47.3300,48.0400,11054200.0000,48.0400
06/18/2021,47.8500,48.6600,47.8400,48.3600,6247600.0000,48.3600
06/21/2021,48.4000,49.4100,48.3300,49.3600,8816200.0000,49.3600
06/22/2021,49.3000,49.6200,49.1400,49.4200,3734400.0000,49.4200
06/23/2021,50.0900,50.2500,49.5800,49.7200,4732700.0000,49.7200
06/24/2021,49.4100,49.9100,49.3500,49.8400,5415100.0000,49.8400
06/25/2021,50.0300,50.3300,49.4900,50.2500,5274000.0000,50.2500
06/28/2021,50.0700,50.0700,49.3900,49.5400,4247100.0000,49.5400
06/29/2021,49.9400,50.1400,49.4800,49.8900,3032300.0000,49.8900
06/30/2021,49.9200,50.3700,49.6200,49.8800,2849000.0000,49.8800
07/01/2021,51.2100,51.4000,50.4200,50.6200,4757500.0000,50.6200
07/02/2021,50.5000,51.0600,50.3100,50.9300,4438300.0000,50.9300
07/06/2021,50.6200,50.7000,49.3200,49.9000,10848100.0000,49.9000
07/07/2021,49.8500,50.1500,48.2200,48.6600,10566400.0000,48.6600
07/08/2021,48.7100,49.5400,48.3200,49.5200,6350400.0000,49.5200
07/09/2021,50.0000,50.5400,49.9600,50.4100,4279000.0000,50.4100
07/12/2021,49.9400,50.3800,49.6200,50.3100,2504700.0000,50.3100
07/13/2021,50.5100,51.2800,50.2600,51.1500,4387200.0000,51.1500
07/14/2021,51.1300,51.1800,49.2800,49.7000,6735300.0000,49.7000
07/15/2021,49.1300,49.7500,48.9900,49.0400,3927600.0000,49.0400
07/16/2021,49.4000,49.5600,48.3800,49.1400,4517900.0000,49.1400
07/19/2021,47.6200,47.6400,45.3500,45.8400,8948900.0000,45.8400
07/20/2021,45.6400,46.6100,45.0200,46.5100,4781100.0000,46.5100
07/21/2021,47.3600,48.4600,47.3600,48.2700,6502600.0000,48.2700
07/22/2021,48.6800,49.4200,48.3400,49.1700,4516700.0000,49.1700
07/23/2021,49.2500,49.5300,49.0300,49.4700,2741300.0000,49.4700
07/26/2021,49.2600,49.7100,49.0100,49.6700,2857400.0000,49.6700
07/27/2021,49.5800,49.7100,49.0400,49.4700,2654800.0000,49.4700
07/28/2021,49.6300,49.9700,49.4500,49.7200,3104400.0000,49.7200
07/29/2021,50.1800,50.6900,50.0700,50.6400,2657900.0000,50.6400
07/30/2021,50.7000,51.0200,50.4400,50.6600,3605700.0000,50.6600
08/02/2021,50.3500,50.4300,48.6300,49.1800,5876500.0000,49.1800
08/03/2021,48.1100,48.9300,47.8700,48.8500,8234700.0000,48.8500
08/04/2021,47.5400,48.1400,47.1800,47.2000,6803000.0000,47.2000
08/05/2021,47.3400,48.1600,47.3400,48.1000,3124300.0000,48.1000
08/06/2021,48.4200,48.5100,47.3500,47.5700,5245000.0000,47.5700
08/09/2021,46.4700,46.7000,45.8500,46.6000,5248000.0000,46.6000
08/10/2021,46.9700,48.0100,46.9300,47.6800,4148700.0000,47.6800
08/11/2021,47.2000,48.3400,46.9100,48.3000,5227000.0000,48.3000
08/12/2021,48.1600,48.3500,47.7200,48.1000,2808600.0000,48.1000
08/13/2021,48.1100,48.2300,47.3200,47.4300,3401700.0000,47.4300
08/16/2021,46.3800,47.2800,45.9400,47.0400,4733700.0000,47.0400
08/17/2021,46.6600,47.2000,46.3300,46.5800,3086100.0000,46.5800
08/18/2021,46.7300,46.8400,45.2900,45.4000,5795500.0000,45.4000
08/19/2021,44.2900,44.8900,43.8000,44.7700,6017300.0000,44.7700
08/20/2021,43.9000,44.3100,43.4200,43.4300,4596600.0000,43.4300
08/23/2021,45.3500,46.1800,45.3400,45.8500,4578600.0000,45.8500
08/24/2021,46.6700,47.4700,46.6100,47.3700,4881900.0000,47.3700
08/25/2021,47.3300,48.0000,47.1000,47.8100,4801300.0000,47.8100
08/26/2021,47.2400,47.8000,46.9500,47.4800,4904400.0000,47.4800
08/27/2021,48.0200,48.2800,47.9200,48.1500,4109900.0000,48.1500
08/30/2021,48.1500,48.5900,47.8600,48.4000,3661500.0000,48.4000
08/31/2021,48.1800,48.4900,47.9600,48.0400,4069700.0000,48.0400
09/01/2021,47.3600,48.2400,47.2000,47.9300,8122400.0000,47.9300
09/02/2021,49.0100,49.5200,48.9300,48.9500,6151400.0000,48.9500
09/03/2021,48.9700,49.2600,48.6000,48.6600,5343600.0000,48.6600
09/07/2021,47.9300,48.3700,47.7300,48.0400,3771400.0000,48.0400
09/08/2021,48.8800,48.8900,48.3200,48.5900,4176500.0000,48.5900
09/09/2021,47.8200,48.8700,47.4500,47.7500,7491000.0000,47.7500
09/10/2021,49.0000,49.0400,48.6700,48.8000,3994500.0000,48.8000
09/13/2021,49.4000,49.7000,49.1600,49.4800,3264000.0000,49.4800
09/14/2021,49.7800,49.8000,49.0500,49.3100,2952400.0000,49.3100
09/15/2021,50.4500,51.0700,50.4400,50.6900,5718000.0000,50.6900
09/16/2021,50.5500,50.8400,50.0000,50.7000,2729200.0000,50.7000
09/17/2021,50.2000,50.4500,49.8500,50.3200,4635000.0000,50.3200
09/20/2021,49.5700,49.8200,48.8900,49.6000,4460900.0000,49.6000
09/21/2021,49.6100,49.6900,48.7400,49.5800,3450100.0000,49.5800
09/22/2021,50.2600,50.7200,50.0900,50.4800,2938800.0000,50.4800
09/23/2021,50.7600,51.4900,50.7200,51.3800,3030500.0000,51.3800
09/24/2021,51.2900,52.0000,51.2600,51.8200,2591100.0000,51.8200
09/27/2021,52.8400,53.0800,52.6300,52.9100,4389400.0000,52.9100
09/28/2021,53.4600,53.5200,52.1800,52.4000,5253600.0000,52.4000
09/29/2021,52.5600,53.1000,52.2400,52.3200,4428900.0000,52.3200
09/30/2021,51.7000,53.3600,51.3800,52.5600,12376500.0000,52.5600
10/01/2021,52.6200,53.3900,52.3400,53.2600,4791400.0000,53.2600
10/04/2021,54.0700,55.0500,54.0700,54.4900,6919200.0000,54.4900
10/05/2021,55.2700,55.7300,55.1600,55.6300,5824100.0000,55.6300
10/06/2021,54.7700,54.7900,53.9800,54.1600,7943700.0000,54.1600
10/07/2021,54.0200,55.3600,53.7400,55.3600,6956400.0000,55.3600
10/08/2021,55.7200,56.0300,55.0600,55.4700,5639800.0000,55.4700
10/11/2021,56.4100,56.6900,56.1300,56.1800,3831700.0000,56.1800
10/12/2021,56.3200,56.7200,55.8300,56.1100,5368000.0000,56.1100
10/13/2021,55.6300,56.4500,55.3900,56.1600,2840700.0000,56.1600
10/14/2021,56.6500,56.8500,56.1500,56.8100,3403400.0000,56.8100
10/15/2021,57.2500,57.4500,56.8700,57.1500,3622200.0000,57.1500
10/18/2021,57.7300,57.9200,56.7900,56.9600,4094100.0000,56.9600
10/19/2021,56.9000,57.8800,56.7000,57.4200,4098800.0000,57.4200
10/20/2021,57.0000,58.1900,56.8700,58.1200,6032000.0000,58.1200
10/21/2021,57.5800,57.8100,56.3400,57.4100,4738800.0000,57.4100
10/22/2021,57.7400,58.0400,57.2100,58.0300,3350200.0000,58.0300
10/25/2021,58.4200,58.6900,57.7800,57.8300,5180200.0000,57.8300
10/26/2021,58.0800,58.6200,57.8700,58.4500,3509200.0000,58.4500
10/27/2021,57.6400,58.1700,56.8800,56.9000,6731400.0000,56.9000
10/28/2021,56.8500,57.4200,56.3800,57.4000,5412000.0000,57.4000
10/29/2021,56.7900,57.3900,56.4000,57.1500,5320600.0000,57.1500
11/01/2021,57.9100,58.0400,57.4600,57.5300,2787600.0000,57.5300
11/02/2021,57.3100,57.7600,57.0900,57.5300,2953900.0000,57.5300
11/03/2021,56.1600,56.5800,55.2100,55.3400,7707600.0000,55.3400
11/04/2021,57.3100,57.4000,54.5300,54.9200,9145500.0000,54.9200
11/05/2021,55.6500,56.7400,55.1500,56.5500,4738500.0000,56.5500
11/08/2021,56.5800,57.1300,56.5600,57.0900,3037600.0000,57.0900
11/09/2021,57.2100,58.0300,56.9700,57.9700,5106600.0000,57.9700
11/10/2021,57.7900,58.0100,55.9500,56.3200,5134400.0000,56.3200
11/11/2021,56.4400,56.8500,55.8200,56.2200,5376300.0000,56.2200
11/12/2021,55.8100,56.3500,55.6500,55.9800,5869800.0000,55.9800
11/15/2021,55.3900,56.1400,55.1800,56.0700,4955300.0000,56.0700
11/16/2021,56.0000,56.5000,55.6800,56.2000,4190100.0000,56.2000
11/17/2021,55.8600,55.9100,54.4600,55.0000,7492900.0000,55.0000
11/18/2021,55.3700,55.7700,54.8400,55.5500,4623700.0000,55.5500
11/19/2021,54.8400,54.9300,53.5200,53.7800,6388900.0000,53.7800
11/22/2021,53.9900,54.9100,53.9100,54.4500,7353500.0000,54.4500
11/23/2021,55.4500,56.2700,55.4400,56.2000,5877400.0000,56.2000
11/24/2021,55.8100,56.3800,55.7800,55.8800,4109000.0000,55.8800
11/26/2021,52.3300,52.3800,48.5600,49.6300,18765600.0000,49.6300
11/29/2021,51.9700,52.1700,49.6400,50.1700,13571400.0000,50.1700
11/30/2021,48.6200,49.1100,46.4700,47.9100,21152500.0000,47.9100
12/01/2021,49.0900,49.5200,46.8700,47.0400,12413700.0000,47.0400
12/02/2021,46.5300,48.6000,46.1600,48.2900,14552000.0000,48.2900
12/03/2021,49.7000,49.9300,47.5500,48.0000,10857300.0000,48.0000
12/06/2021,49.0500,50.7200,48.7700,50.5100,8107500.0000,50.5100
12/07/2021,51.3200,52.5600,51.3200,51.5900,9476800.0000,51.5900
12/08/2021,51.7700,52.6600,51.7100,52.4200,5778000.0000,52.4200
12/09/2021,51.9200,52.0700,50.9700,51.0200,5814100.0000,51.0200
12/10/2021,51.7200,52.1000,51.3200,52.0300,6199000.0000,52.0300
12/13/2021,51.5500,52.1000,51.2000,51.4400,6370000.0000,51.4400
12/14/2021,50.7800,51.2300,50.3200,50.9200,4796200.0000,50.9200
12/15/2021,50.6400,51.6900,50.2400,51.6200,5326100.0000,51.6200
12/16/2021,51.5700,52.4600,51.2900,51.8700,4873300.0000,51.8700
12/17/2021,51.2900,51.4300,50.3700,50.7800,5796800.0000,50.7800
12/20/2021,49.0300,49.9800,47.9600,49.9000,8896700.0000,49.9000
12/21/2021,50.9000,51.6100,50.5900,51.5700,4867600.0000,51.5700
12/22/2021,51.4200,52.5200,51.2500,52.4800,5877200.0000,52.4800
12/23/2021,52.4800,53.2400,52.3500,53.1300,3662700.0000,53.1300
12/27/2021,52.9800,54.6500,52.8100,54.5200,4326300.0000,54.5200
12/28/2021,54.8300,55.1400,54.5400,54.6700,2862300.0000,54.6700
12/29/2021,54.4800,55.6700,54.3600,55.0800,3933400.0000,55.0800
12/30/2021,55.3200,55.7300,55.0300,55.1000,3649000.0000,55.1000
12/31/2021,54.8900,55.1700,54.0400,54.3600,2497900.0000,54.3600
01/03/2022,53.9700,55.1600,53.9400,54.8300,5602900.0000,54.8300
01/04/2022,55.3100,56.0500,55.2500,55.5900,4857000.0000,55.5900
01/05/2022,56.1600,56.4800,55.4300,55.4300,5043500.0000,55.4300
01/06/2022,57.1000,57.3100,56.6500,56.8900,4954400.0000,56.8900
01/07/2022,56.9000,57.0400,56.3700,56.6700,6023600.0000,56.6700
01/10/2022,56.5700,56.7800,55.8300,56.1600,3758000.0000,56.1600
01/11/2022,56.9500,58.2800,56.5400,58.1600,6841500.0000,58.1600
01/12/2022,58.3700,59.1700,58.3600,58.9100,5171600.0000,58.9100
01/13/2022,59.0200,59.1300,58.2100,58.2700,4680700.0000,58.2700
01/14/2022,59.1000,59.9800,59.0700,59.9700,6031200.0000,59.9700
01/18/2022,60.3600,61.0900,60.1600,60.9700,6240800.0000,60.9700
01/19/2022,61.2500,61.9000,60.9800,61.0500,5435700.0000,61.0500
01/20/2022,61.2400,62.1700,60.6100,60.6600,4278400.0000,60.6600
01/21/2022,60.8700,61.2400,60.0800,60.7800,5410200.0000,60.7800
01/24/2022,59.9100,60.2200,58.8100,60.1100,9098900.0000,60.1100
01/25/2022,59.9100,61.1700,59.8800,60.9700,6104800.0000,60.9700
01/26/2022,61.6700,62.5200,61.4100,61.6800,6735100.0000,61.6800
01/27/2022,62.6600,62.7100,61.3600,61.8600,5749100.0000,61.8600
01/28/2022,62.6400,62.9900,61.4200,61.9700,4187100.0000,61.9700
01/31/2022,62.1900,62.5000,61.3600,62.4800,3142800.0000,62.4800
02/01/2022,61.9100,62.7600,61.5800,62.5300,4308300.0000,62.5300
02/02/2022,62.7800,62.8600,61.7500,62.5200,3332600.0000,62.5200
02/03/2022,62.1000,63.8100,61.9000,63.5100,5222200.0000,63.5100
02/04/2022,64.6800,65.3500,64.6500,64.9100,4830400.0000,64.9100
02/07/2022,64.6100,65.0500,64.4700,64.6800,2247200.0000,64.6800
02/08/2022,63.7100,63.8300,62.8500,63.6200,4923200.0000,63.6200
02/09/2022,63.7900,64.3700,63.5100,64.1700,3933700.0000,64.1700
02/10/2022,63.9000,65.0800,63.5900,63.9600,4787600.0000,63.9600
02/11/2022,64.4300,66.3400,64.3700,65.7400,12309200.0000,65.7400
02/14/2022,64.9700,66.8800,64.8000,66.3600,9540700.0000,66.3600
02/15/2022,64.2000,64.4000,63.5400,64.2800,10076300.0000,64.2800
02/16/2022,65.0800,65.8700,63.5000,63.5400,6978300.0000,63.5400
02/17/2022,63.6200,64.5000,63.4200,64.1700,7116200.0000,64.1700
02/18/2022,63.1400,65.0000,62.9200,64.7400,8438400.0000,64.7400
02/22/2022,66.8600,66.9300,65.2800,65.5400,9307800.0000,65.5400
02/23/2022,65.9000,67.3200,65.6600,66.2400,8562400.0000,66.2400
02/24/2022,70.1900,70.2400,65.0700,66.3400,18256700.0000,66.3400
02/25/2022,65.5600,66.1200,64.4000,65.8000,8803300.0000,65.8000
02/28/2022,67.3800,68.2600,66.8200,67.4800,8886500.0000,67.4800
03/01/2022,70.3400,72.6300,70.1000,71.8200,16803600.0000,71.8200
03/02/2022,74.1500,76.2000,71.7500,75.4200,21956100.0000,75.4200
03/03/2022,74.7600,76.3700,74.0000,74.5300,18443800.0000,74.5300
03/04/2022,77.0000,80.0000,76.1800,79.4600,17341900.0000,79.4600
03/07/2022,79.9300,83.4000,79.7000,82.3700,16563300.0000,82.3700
03/08/2022,85.4300,87.8400,81.5700,85.4300,29882700.0000,85.4300
03/09/2022,80.0000,81.1000,72.2700,75.4700,29934600.0000,75.4700
03/10/2022,77.0600,77.4800,72.9800,74.0600,11738200.0000,74.0600
03/11/2022,74.8100,76.5500,74.2600,76.4000,7937300.0000,76.4000
03/14/2022,73.5300,73.5600,71.4600,72.8400,9470000.0000,72.8400
03/15/2022,69.5700,70.5500,67.9000,68.6300,13575300.0000,68.6300
03/16/2022,70.6400,71.0800,67.7300,68.2800,7392700.0000,68.2800
03/17/2022,72.6500,74.4400,72.3900,73.6800,9653600.0000,73.6800
03/18/2022,74.2500,75.0000,73.5500,74.6400,4440900.0000,74.6400
03/21/2022,77.4100,79.6600,77.2600,79.5400,6410800.0000,79.5400
03/22/2022,78.6900,79.6500,77.5500,78.5600,4175300.0000,78.5600
03/23/2022,81.3800,82.4800,81.0800,81.9500,6155100.0000,81.9500
03/24/2022,81.6700,81.7800,79.3000,79.7500,4417200.0000,79.7500
03/25/2022,78.8800,81.7300,78.4100,80.7400,7534500.0000,80.7400
03/28/2022,76.8500,77.9200,74.1500,74.5300,8934500.0000,74.5300
03/29/2022,72.3000,76.4300,72.0700,76.1500,8954800.0000,76.1500
03/30/2022,78.0700,78.7000,77.3000,77.9100,5239100.0000,77.9100
03/31/2022,75.7600,76.8400,73.3400,74.1200,10749400.0000,74.1200
04/01/2022,73.3700,74.8000,73.2500,74.1700,4926700.0000,74.1700
04/04/2022,76.4600,77.2000,75.3300,76.8600,6157100.0000,76.8600
04/05/2022,77.3400,77.7100,74.5400,74.8000,7542800.0000,74.8000
04/06/2022,76.2500,76.7500,72.1600,73.0500,7040900.0000,73.0500
04/07/2022,73.2600,73.8400,71.0800,73.1100,5749300.0000,73.1100
04/08/2022,72.6900,74.6000,72.3900,74.1100,5666300.0000,74.1100
04/11/2022,71.7500,72.7600,71.3000,72.3000,5209400.0000,72.3000
04/12/2022,74.9500,76.3800,74.9100,75.9800,6839800.0000,75.9800
04/13/2022,77.1500,78.5600,75.8900,78.4200,6918900.0000,78.4200
04/14/2022,77.3400,80.4400,77.2300,79.5700,7437200.0000,79.5700
04/18/2022,80.8100,81.7000,80.0000,80.4100,5326100.0000,80.4100
04/19/2022,78.0600,78.0800,76.3400,76.8600,7626100.0000,76.8600
04/20/2022,77.5100,77.9200,75.5700,77.2400,5056200.0000,77.2400
04/21/2022,78.3400,79.2700,77.0700,78.1200,4815700.0000,78.1200
04/22/2022,76.9800,77.4700,76.2800,76.3100,3730500.0000,76.3100
04/25/2022,72.6400,74.9900,71.9800,74.6500,5073600.0000,74.6500
04/26/2022,75.3300,76.9400,74.3700,76.4600,7354100.0000,76.4600
04/27/2022,75.1200,76.6100,74.8700,76.3700,4545800.0000,76.3700
04/28/2022,76.2800,78.2300,75.8600,78.0800,6856000.0000,78.0800
04/29/2022,78.8000,79.6800,76.9400,77.1600,6097900.0000,77.1600
05/02/2022,75.3800,78.4300,74.8600,78.3800,4467600.0000,78.3800
05/03/2022,76.9200,77.8300,76.0400,76.6900,2990700.0000,76.6900
05/04/2022,79.4000,80.7200,78.6600,80.2200,5420100.0000,80.2200
05/05/2022,82.2100,82.3700,79.2300,80.4800,5997700.0000,80.4800
05/06/2022,81.6300,82.4100,80.4300,82.1300,5679700.0000,82.1300
05/09/2022,79.8100,80.0300,76.3800,76.5700,5630900.0000,76.5700
05/10/2022,77.0700,77.3300,74.2200,74.5300,5741000.0000,74.5300
05/11/2022,77.7600,79.0400,77.3900,78.1800,4659600.0000,78.1800
05/12/2022,78.4900,79.4700,77.9100,79.2300,4322700.0000,79.2300
05/13/2022,80.6000,81.4200,79.9300,81.2800,4194500.0000,81.2800
05/16/2022,80.9800,83.3900,80.8200,83.1100,4820700.0000,83.1100
05/17/2022,83.0500,83.6300,80.8600,81.1100,4118300.0000,81.1100
05/18/2022,82.0200,82.0400,78.6500,79.2900,3882200.0000,79.2900
05/19/2022,78.5000,81.3500,78.4500,80.5800,4135300.0000,80.5800
05/20/2022,81.2100,81.8400,80.2600,81.6500,3103800.0000,81.6500
05/23/2022,81.3600,82.1600,80.9100,81.9700,2989800.0000,81.9700
05/24/2022,82.0300,82.8400,81.3400,82.0000,1537600.0000,82.0000
05/25/2022,82.2100,82.6900,81.5300,82.4800,1940400.0000,82.4800
05/26/2022,83.1500,85.1000,83.1500,84.5900,3780800.0000,84.5900
05/27/2022,84.3300,85.5200,84.1100,85.4600,2371900.0000,85.4600
05/31/2022,87.9900,88.3200,84.7000,85.4700,7416000.0000,85.4700
06/01/2022,86.7100,87.2000,85.5000,85.5400,4762300.0000,85.5400
06/02/2022,85.8800,87.4900,85.2700,87.2500,3769500.0000,87.2500
06/03/2022,87.2100,89.5600,86.9600,89.4700,3671500.0000,89.4700
06/06/2022,89.0700,89.2200,87.8500,88.3900,2315800.0000,88.3900
06/07/2022,88.6800,90.1100,88.0900,90.0400,3893800.0000,90.0400
06/08/2022,90.2600,92.2000,89.7400,91.9900,5357200.0000,91.9900
06/09/2022,91.0300,91.4900,90.7200,91.0800,4583600.0000,91.0800
06/10/2022,90.2400,90.7800,88.5000,90.1300,5865200.0000,90.1300
06/13/2022,89.2800,91.1500,87.6800,90.3600,6681900.0000,90.3600
06/14/2022,90.9800,91.9200,87.3700,88.4500,4675900.0000,88.4500
06/15/2022,88.0500,88.8100,86.2400,86.9300,4420500.0000,86.9300
06/16/2022,86.4400,88.5500,85.0500,87.6600,5171300.0000,87.6600
06/17/2022,86.5000,86.7800,81.9400,83.3400,8744600.0000,83.3400
06/21/2022,84.4900,85.3000,83.6500,84.0500,3674400.0000,84.0500
06/22/2022,78.8300,82.3300,78.4900,80.8800,5215400.0000,80.8800
06/23/2022,81.6300,81.9000,78.9600,78.9800,3918500.0000,78.9800
06/24/2022,80.1900,82.1700,79.6300,81.2700,3456200.0000,81.2700
06/27/2022,81.2900,83.3900,80.4000,82.9300,4591500.0000,82.9300
06/28/2022,83.9900,85.1700,83.3300,84.7200,4226000.0000,84.7200
06/29/2022,85.8700,86.4000,82.9100,82.9500,4619800.0000,82.9500
06/30/2022,82.0900,82.3000,79.9300,80.3500,4631500.0000,80.3500
07/01/2022,82.1000,82.4600,80.8400,81.6700,4689800.0000,81.6700
07/05/2022,78.4700,78.5200,73.4200,74.7800,10752700.0000,74.7800
07/06/2022,73.4900,74.2400,71.4600,73.6700,8899500.0000,73.6700
07/07/2022,76.4600,77.8700,76.2700,76.5500,6993200.0000,76.5500
07/08/2022,78.5900,79.0100,77.0800,78.5400,6450600.0000,78.5400
07/11/2022,77.8100,78.9200,76.6300,78.2300,4950300.0000,78.2300
07/12/2022,74.8200,75.3200,72.5600,72.8100,6104700.0000,72.8100
07/13/2022,73.0700,74.5100,72.2300,73.1900,4365800.0000,73.1900
07/14/2022,71.0200,73.3000,69.5100,72.8500,5355800.0000,72.8500
07/15/2022,74.0800,74.6300,73.0600,73.7400,3367700.0000,73.7400
07/18/2022,76.9200,77.5400,76.5300,76.8100,5382200.0000,76.8100
07/19/2022,76.0000,78.2100,75.9900,78.0500,3172000.0000,78.0500
07/20/2022,77.1700,78.2600,76.4800,77.6400,3125900.0000,77.6400
07/21/2022,75.2700,76.2800,74.7000,75.4900,3979200.0000,75.4900
07/22/2022,75.1800,76.5800,74.4300,74.5300,5768500.0000,74.5300
07/25/2022,75.8400,76.4000,74.9300,76.2200,2807500.0000,76.2200
07/26/2022,77.3000,77.4400,75.0000,75.1600,2949300.0000,75.1600
07/27/2022,76.4000,78.1900,75.4200,77.8700,3166400.0000,77.8700
07/28/2022,78.4500,78.5200,76.4800,77.1300,4322000.0000,77.1300
07/29/2022,79.1700,80.4900,78.0000,78.0500,3632800.0000,78.0500
08/01/2022,74.7900,75.6200,74.0100,75.1300,3326800.0000,75.1300
08/02/2022,76.0300,77.4100,75.2800,75.9300,2737300.0000,75.9300
08/03/2022,76.2800,76.5500,73.3000,73.5300,4033700.0000,73.5300
08/04/2022,72.8300,73.6000,70.9600,71.5300,5215500.0000,71.5300
08/05/2022,70.4600,73.1800,70.4200,71.5400,3139200.0000,71.5400
08/08/2022,71.5900,73.7100,71.4700,73.5400,4429500.0000,73.5400
08/09/2022,74.2000,74.9200,72.6200,73.4500,2492200.0000,73.4500
08/10/2022,73.2500,74.9800,71.4500,74.3200,4622300.0000,74.3200
08/11/2022,75.8300,76.9700,74.9800,76.2800,4687300.0000,76.2800
08/12/2022,75.3400,75.4600,74.3000,74.9800,2949600.0000,74.9800
08/15/2022,71.3900,73.3600,71.2600,72.8800,4446200.0000,72.8800
08/16/2022,72.6700,73.8400,70.6700,71.2400,5750100.0000,71.2400
08/17/2022,71.6500,73.1700,71.0900,72.0500,3800700.0000,72.0500
08/18/2022,73.5900,74.8300,73.3200,74.2100,3315900.0000,74.2100
08/19/2022,74.0500,75.3700,73.8300,74.0600,2700600.0000,74.0600
08/22/2022,72.7900,74.7700,71.4500,74.6800,7937300.0000,74.6800
08/23/2022,75.8300,77.2800,75.8100,76.8300,3782000.0000,76.8300
08/24/2022,76.8500,78.0700,76.2200,78.0400,3857400.0000,78.0400
08/25/2022,78.3400,78.3800,75.8300,76.5000,2960200.0000,76.5000
08/26/2022,75.4600,76.1900,74.7700,75.8500,2424600.0000,75.8500
08/29/2022,77.0200,78.9600,76.7100,78.6900,3693500.0000,78.6900
08/30/2022,76.6000,76.7500,74.2800,75.4700,4968000.0000,75.4700
08/31/2022,73.8400,75.0900,73.0600,73.1100,4538500.0000,73.1100
09/01/2022,72.0900,72.7200,70.8000,70.9500,4319300.0000,70.9500
09/02/2022,73.1800,73.2200,71.3000,71.4300,4050300.0000,71.4300
09/06/2022,72.3400,72.4500,71.1500,71.4200,5250400.0000,71.4200
09/07/2022,69.1700,69.7200,67.5900,67.6200,7540200.0000,67.6200
09/08/2022,68.5400,69.2800,67.6500,68.0900,4277100.0000,68.0900
09/09/2022,70.3300,71.6100,70.0300,71.1000,4953600.0000,71.1000
09/12/2022,72.6300,73.2100,72.0700,72.3700,3710000.0000,72.3700
09/13/2022,72.1100,72.7300,70.1000,72.0100,6056900.0000,72.0100
09/14/2022,72.7200,73.7200,72.2500,72.7300,2594400.0000,72.7300
09/15/2022,71.0900,71.1500,69.3400,69.7600,3898100.0000,69.7600
09/16/2022,70.3300,70.8100,69.4400,69.9000,3384500.0000,69.9000
09/19/2022,67.6200,70.2700,67.4900,70.0500,2863900.0000,70.0500
09/20/2022,69.5400,69.5900,68.4100,69.2200,3569200.0000,69.2200
09/21/2022,70.4900,70.6200,68.1000,68.6800,4537900.0000,68.6800
09/22/2022,70.4200,70.8100,68.5300,68.9700,2928800.0000,68.9700
09/23/2022,65.8900,65.9000,64.6500,65.3200,5923200.0000,65.3200
09/26/2022,65.3700,66.2500,63.1500,63.2000,5064500.0000,63.2000
09/27/2022,64.3000,65.5300,63.6900,64.4200,3273500.0000,64.4200
09/28/2022,65.2600,67.3400,64.9500,67.1300,2603400.0000,67.1300
09/29/2022,67.3100,67.7600,66.2500,66.7700,2762700.0000,66.7700
09/30/2022,65.6400,66.5000,64.8500,65.2800,2397100.0000,65.2800
10/03/2022,68.6000,68.9000,67.1700,67.8900,5256000.0000,67.8900
10/04/2022,69.9100,71.0000,69.3100,70.2800,6673400.0000,70.2800
10/05/2022,71.1600,72.1600,69.8700,71.9400,4927200.0000,71.9400
10/06/2022,71.7400,73.0400,71.6100,72.9900,2981200.0000,72.9900
10/07/2022,73.2700,75.8500,73.2500,75.1000,4670000.0000,75.1000
10/10/2022,75.2900,76.1100,73.6000,73.7800,3511500.0000,73.7800
10/11/2022,72.5600,73.0700,71.4000,71.7500,2476200.0000,71.7500
10/12/2022,71.4200,71.6000,70.2000,70.9300,2338900.0000,70.9300
10/13/2022,70.3900,72.8700,70.3700,72.5200,2304000.0000,72.5200
10/14/2022,71.4000,71.7200,69.7500,70.1700,2518900.0000,70.1700
10/17/2022,71.1700,71.4800,69.7800,70.1300,3255400.0000,70.1300
10/18/2022,69.3600,69.7800,67.8500,68.7000,3291200.0000,68.7000
10/19/2022,68.8700,70.5700,68.5500,70.0400,3094900.0000,70.0400
10/20/2022,71.0900,71.8800,69.7100,70.1800,2545800.0000,70.1800
10/21/2022,70.1500,70.9900,69.4600,70.5700,1564300.0000,70.5700
10/24/2022,70.2400,71.1800,69.8000,70.3800,1722400.0000,70.3800
10/25/2022,70.5900,71.4500,70.2300,70.6100,1517400.0000,70.6100
10/26/2022,71.3600,73.1400,71.3500,72.9700,3435400.0000,72.9700
10/27/2022,73.6900,74.0900,73.1100,73.6200,1308800.0000,73.6200
10/28/2022,72.7100,73.3000,72.0300,72.8200,1511200.0000,72.8200
10/31/2022,71.3900,72.6400,70.7200,71.5300,3088100.0000,71.5300
11/01/2022,73.8000,73.8900,72.6600,73.1200,4586900.0000,73.1200
11/02/2022,73.1200,74.8800,72.7900,74.0800,2796300.0000,74.0800
11/03/2022,73.0500,74.0100,72.8600,73.2900,1482000.0000,73.2900
11/04/2022,76.5400,76.9400,75.5000,76.8200,3679900.0000,76.8200
11/07/2022,76.8400,77.7200,76.2200,76.5600,2231400.0000,76.5600
11/08/2022,76.2700,76.4900,74.0800,74.4700,2539700.0000,74.4700
11/09/2022,73.1700,73.2000,71.5800,71.6700,2585500.0000,71.6700
11/10/2022,71.6600,72.9900,71.1900,72.2400,2020500.0000,72.2400
11/11/2022,74.5300,75.1500,73.6800,74.3800,3191900.0000,74.3800
11/14/2022,73.5400,74.6200,71.8800,71.9100,2680700.0000,71.9100
11/15/2022,72.1200,74.7800,71.6000,73.2500,3318100.0000,73.2500
11/16/2022,72.1100,72.4700,71.3800,72.0400,3359600.0000,72.0400
11/17/2022,71.1500,71.4400,69.5200,70.1400,5000100.0000,70.1400
11/18/2022,67.7300,69.1200,67.4600,69.0300,8376000.0000,69.0300
11/21/2022,66.6700,69.3700,65.3700,69.0300,12862900.0000,69.0300
11/22/2022,69.9200,70.7600,69.5800,69.9800,3715000.0000,69.9800
11/23/2022,67.8400,68.2200,66.8600,67.4100,4693000.0000,67.4100
11/25/2022,68.1900,68.4900,66.7800,66.9600,1703600.0000,66.9600
11/28/2022,65.1600,67.6900,65.0000,66.8800,7370900.0000,66.8800
11/29/2022,68.5100,69.1200,67.1900,68.3400,6290800.0000,68.3400
11/30/2022,70.3000,70.4400,69.5500,70.2300,3724000.0000,70.2300
12/01/2022,71.6400,72.1400,70.3000,70.4500,4571200.0000,70.4500
12/02/2022,70.6000,71.1400,69.3500,69.8400,3459200.0000,69.8400
12/05/2022,71.5600,71.7800,67.2500,67.7200,5259100.0000,67.7200
12/06/2022,66.9700,67.3600,64.5200,65.2300,6746200.0000,65.2300
12/07/2022,65.4700,65.8900,63.2000,63.6500,5443900.0000,63.6500
12/08/2022,64.6100,64.6800,62.4600,62.7100,8334600.0000,62.7100
12/09/2022,63.0700,63.7500,61.8100,62.8500,7184900.0000,62.8500
12/12/2022,63.2100,64.6300,63.0500,64.4100,4520100.0000,64.4100
12/13/2022,65.1600,66.4700,65.1400,65.8600,4496100.0000,65.8600
12/14/2022,66.7900,67.6700,66.0800,67.3600,7394100.0000,67.3600
12/15/2022,66.9000,67.0500,65.6800,66.1500,4665300.0000,66.1500
12/16/2022,64.3500,65.8200,64.1400,64.9000,4847100.0000,64.9000
12/19/2022,65.7700,66.5000,64.8300,66.0700,3920700.0000,66.0700
12/20/2022,65.8300,66.8000,64.8200,66.2200,2501300.0000,66.2200
12/21/2022,67.6100,68.1600,67.4100,68.0600,3292400.0000,68.0600
12/22/2022,68.4800,68.5900,66.8500,67.7000,2381800.0000,67.7000
12/23/2022,68.9400,69.5600,68.8700,69.3200,2928900.0000,69.3200
12/27/2022,69.5900,70.5400,69.0600,69.5300,3147900.0000,69.5300
12/28/2022,69.1800,69.2200,67.5300,68.5800,2782800.0000,68.5800
12/29/2022,67.5500,68.5900,67.3700,68.5300,1972300.0000,68.5300
12/30/2022,68.3600,70.2700,68.3500,70.1100,3648500.0000,70.1100
01/03/2023,68.6400,69.6500,67.1200,67.6400,3339700.0000,67.6400
01/04/2023,65.5800,65.5800,63.9800,64.3000,4215300.0000,64.3000
01/05/2023,64.3200,65.7500,63.9300,64.7800,3555500.0000,64.7800
01/06/2023,65.8200,66.1800,64.4600,64.8300,2994000.0000,64.8300
01/09/2023,66.4900,67.3300,65.4500,65.8800,2941100.0000,65.8800
01/10/2023,66.2700,66.6800,65.2200,65.9000,2000400.0000,65.9000
01/11/2023,67.2400,68.2200,66.4600,68.0500,3545100.0000,68.0500
01/12/2023,69.1200,69.3200,68.4200,68.6100,2616300.0000,68.6100
01/13/2023,69.3000,70.0900,68.9200,70.0500,2503300.0000,70.0500
01/17/2023,70.8600,71.1400,69.4600,70.8600,3796500.0000,70.8600
01/18/2023,71.5900,72.0300,69.3500,69.5100,3172700.0000,69.5100
01/19/2023,70.1900,71.1400,69.6900,70.5900,2814900.0000,70.5900
01/20/2023,70.8600,71.5600,69.9700,71.5500,2438400.0000,71.5500
01/23/2023,71.8200,72.2500,71.2900,71.5000,1661100.0000,71.5000
01/24/2023,71.5900,71.6600,69.8800,70.2200,1653200.0000,70.2200
01/25/2023,70.4100,71.0900,69.6400,70.5100,1613200.0000,70.5100
01/26/2023,71.6500,71.7600,70.2700,70.9300,1481400.0000,70.9300
01/27/2023,71.7400,71.7800,69.2000,69.5000,3185000.0000,69.5000
01/30/2023,68.6800,69.8700,68.0300,68.1000,2345800.0000,68.1000
01/31/2023,67.8600,69.3700,67.6700,69.3200,1391600.0000,69.3200
02/01/2023,69.2100,69.4100,66.7600,67.3600,3538500.0000,67.3600
02/02/2023,66.9900,67.4900,65.9000,66.5700,2561500.0000,66.5700
02/03/2023,66.7300,68.3900,64.3500,64.4000,4875300.0000,64.4000
02/06/2023,65.0700,65.5300,63.6700,65.5000,2694200.0000,65.5000
02/07/2023,65.8300,67.8500,65.8200,67.7600,3598100.0000,67.7600
02/08/2023,68.4000,68.7900,67.6100,68.6800,2052000.0000,68.6800
02/09/2023,67.8800,68.5000,67.1200,67.9200,2430700.0000,67.9200
02/10/2023,69.0200,69.9000,68.9500,69.8700,2817200.0000,69.8700
02/13/2023,69.3800,70.4300,69.0700,69.5000,3458200.0000,69.5000
02/14/2023,68.2200,69.6300,68.0100,69.4000,1601500.0000,69.4000
02/15/2023,68.7900,69.3900,67.8000,69.0200,1907600.0000,69.0200
02/16/2023,68.8200,69.3900,68.4200,68.4500,2369700.0000,68.4500
02/17/2023,66.3600,67.2600,66.0100,67.0200,3851700.0000,67.0200
02/21/2023,67.5000,67.8200,66.5400,66.6900,2432700.0000,66.6900
02/22/2023,66.4000,66.6700,64.8900,64.9200,3495600.0000,64.9200
02/23/2023,66.2200,66.6500,65.7000,66.3800,2136800.0000,66.3800
02/24/2023,65.5600,67.1500,65.1100,67.1000,2593400.0000,67.1000
02/27/2023,66.6300,66.7600,65.7300,66.2500,3024800.0000,66.2500
02/28/2023,67.8000,67.9300,67.1600,67.2100,1886400.0000,67.2100
03/01/2023,67.1400,68.1200,66.7300,68.0700,2577600.0000,68.0700
03/02/2023,68.4400,68.7600,67.8900,68.3000,1623900.0000,68.3000
03/03/2023,67.1900,69.9100,67.1400,69.8600,5179300.0000,69.8600
03/06/2023,69.2900,70.5200,69.0500,70.4900,3977800.0000,70.4900
03/07/2023,70.1400,70.2200,67.5600,67.8500,5071200.0000,67.8500
03/08/2023,67.1300,67.8500,66.7800,67.1000,3018100.0000,67.1000
03/09/2023,67.9000,68.3900,66.1700,66.2400,2436600.0000,66.2400
03/10/2023,66.3700,67.5600,66.2000,67.1400,2989500.0000,67.1400
03/13/2023,64.5100,66.8200,64.0700,65.2500,5203900.0000,65.2500
03/14/2023,64.0200,65.3200,62.3400,62.9300,6367400.0000,62.9300
03/15/2023,60.2600,60.9700,57.9400,60.0200,13746500.0000,60.0200
03/16/2023,58.7200,61.0900,58.0400,60.0500,8441800.0000,60.0500
03/17/2023,59.9400,60.0200,57.8300,58.6600,9071700.0000,58.6600
03/20/2023,58.7300,59.8700,58.0500,59.7900,5391600.0000,59.7900
03/21/2023,60.5400,61.3200,60.1100,61.2300,3975100.0000,61.2300
03/22/2023,61.3900,62.6700,60.9200,61.6100,3512800.0000,61.6100
03/23/2023,62.5100,63.0200,60.9000,60.9900,2635500.0000,60.9900
03/24/2023,60.3100,61.2500,59.8400,60.9600,3721100.0000,60.9600
03/27/2023,62.2400,64.2700,61.8600,64.1500,8701200.0000,64.1500
03/28/2023,63.7600,64.9800,63.7600,64.5500,4149500.0000,64.5500
03/29/2023,65.0100,65.3500,64.0000,64.1500,2593100.0000,64.1500
03/30/2023,64.8100,65.5400,64.1900,65.3200,3295100.0000,65.3200
03/31/2023,65.9200,66.5000,65.2600,66.4400,2730700.0000,66.4400
04/03/2023,69.9300,70.7000,69.6300,70.2700,8377900.0000,70.2700
04/04/2023,71.1300,71.1300,69.5800,70.2700,3592700.0000,70.2700
04/05/2023,70.4900,70.5500,69.6800,70.2400,3015000.0000,70.2400
04/06/2023,70.3500,70.4900,69.7700,70.2600,2839300.0000,70.2600
04/10/2023,70.2300,70.7900,69.6200,69.7600,2884600.0000,69.7600
04/11/2023,70.0800,71.2100,69.9700,71.0700,3346800.0000,71.0700
04/12/2023,71.7400,72.6500,71.6100,72.4300,4474100.0000,72.4300
04/13/2023,72.3600,72.6300,71.6500,71.8000,2790900.0000,71.8000
04/14/2023,72.0600,72.4500,71.3400,72.0900,3170400.0000,72.0900
04/17/2023,71.6600,71.8500,70.4800,70.8400,2985700.0000,70.8400
04/18/2023,70.9200,71.3600,70.0900,70.7300,1468800.0000,70.7300
04/19/2023,69.7200,69.9800,68.8600,69.3000,3621100.0000,69.3000
04/20/2023,67.8600,68.3400,67.5100,67.6000,3486800.0000,67.6000
04/21/2023,68.5800,68.7200,67.9100,68.2100,2620200.0000,68.2100
04/24/2023,68.2900,69.6000,68.1100,69.2500,1924400.0000,69.2500
04/25/2023,68.5400,68.5700,67.2600,67.6200,2262600.0000,67.6200
04/26/2023,67.1800,67.8300,65.2000,65.3600,5692100.0000,65.3600
04/27/2023,65.8300,66.2100,65.1600,65.8100,2752700.0000,65.8100
04/28/2023,65.8500,67.6000,65.5300,67.5000,3043600.0000,67.5000
05/01/2023,66.3400,66.9300,65.6200,66.5500,2939000.0000,66.5500
05/02/2023,65.4800,65.5000,62.9900,63.0500,6535700.0000,63.0500
05/03/2023,61.3100,61.3900,60.1600,60.3100,12166700.0000,60.3100
05/04/2023,60.5000,61.6600,59.7800,60.7000,4997400.0000,60.7000
05/05/2023,62.7300,63.3400,62.6100,63.0300,4700000.0000,63.0300
05/08/2023,64.7500,64.8900,64.0500,64.2600,3454600.0000,64.2600
05/09/2023,63.8400,65.1500,63.1000,64.8700,5831500.0000,64.8700
05/10/2023,64.8000,64.8000,63.5900,64.3900,2683700.0000,64.3900
05/11/2023,63.2600,63.6200,62.6200,63.2500,4023300.0000,63.2500
05/12/2023,63.2100,63.5000,61.9400,62.0700,4070800.0000,62.0700
05/15/2023,62.7000,63.4600,62.3700,62.9900,4837800.0000,62.9900
05/16/2023,63.1100,63.5400,62.4500,62.5400,1987100.0000,62.5400
05/17/2023,63.8700,64.9900,63.0600,64.6000,4276000.0000,64.6000
05/18/2023,64.3200,64.4000,63.5800,64.0400,2496600.0000,64.0400
05/19/2023,64.6100,64.6600,63.2500,63.9000,2490200.0000,63.9000
05/22/2023,63.5900,64.3300,63.3600,63.9100,1645000.0000,63.9100
05/23/2023,64.6400,65.4000,64.5000,64.8700,3409700.0000,64.8700
05/24/2023,65.9600,66.2400,64.9400,65.6600,3775800.0000,65.6600
05/25/2023,64.4600,64.7000,63.2100,64.0900,4322700.0000,64.0900
05/26/2023,64.9000,64.9900,64.3600,64.8000,2145100.0000,64.8000
05/30/2023,62.8500,62.9700,61.7000,62.3000,6442600.0000,62.3000
05/31/2023,61.4800,62.0900,60.6100,60.6300,4040700.0000,60.6300
06/01/2023,60.6600,63.3700,60.6300,62.5500,3631400.0000,62.5500
06/02/2023,64.1000,64.3600,63.4600,64.1500,6937900.0000,64.1500
06/05/2023,65.3700,65.4100,64.0200,64.0300,3038400.0000,64.0300
06/06/2023,63.0800,64.4300,63.0100,63.7900,2569500.0000,63.7900
06/07/2023,64.4900,65.2100,64.2100,64.7100,3520500.0000,64.7100
06/08/2023,64.8900,64.9400,61.8200,63.4600,8579200.0000,63.4600
06/09/2023,63.6400,64.1900,62.7900,62.9300,3354100.0000,62.9300
06/12/2023,61.0000,61.2300,60.0200,60.2400,5985300.0000,60.2400
06/13/2023,62.0900,62.6500,61.9900,62.1400,3473500.0000,62.1400
06/14/2023,63.0000,63.2000,61.2600,61.8300,4818600.0000,61.8300
06/15/2023,62.2100,63.7700,62.1400,63.4100,3445600.0000,63.4100
06/16/2023,63.4800,64.5300,63.2800,64.3500,2974000.0000,64.3500
06/20/2023,63.7500,63.9600,62.6100,63.9200,2313600.0000,63.9200
06/21/2023,63.8300,65.0900,63.7000,65.0400,2725500.0000,65.0400
06/22/2023,63.1500,63.6500,62.1400,62.5200,3875200.0000,62.5200
06/23/2023,61.0400,62.4900,60.9700,62.4200,2413600.0000,62.4200
06/26/2023,62.1500,63.1400,62.0800,62.7300,2084500.0000,62.7300
06/27/2023,62.3300,62.6300,61.1000,61.3000,2610100.0000,61.3000
06/28/2023,61.4700,62.9400,60.8700,62.5200,2461500.0000,62.5200
06/29/2023,62.7500,63.6400,62.2500,62.9600,1992200.0000,62.9600
06/30/2023,63.3500,63.9700,63.1500,63.5500,3133400.0000,63.5500
07/03/2023,63.8200,64.1100,63.1200,63.3900,1220800.0000,63.3900
07/05/2023,64.6600,64.8500,63.9000,64.6300,2965600.0000,64.6300
07/06/2023,64.3300,64.5600,63.1200,64.4400,2372000.0000,64.4400
07/07/2023,64.1400,66.0500,64.1400,65.8500,2784600.0000,65.8500
07/10/2023,65.6300,66.3100,65.1600,65.5400,2449000.0000,65.5400
07/11/2023,66.0300,67.0500,65.8900,67.0300,2346500.0000,67.0300
07/12/2023,67.6200,67.9700,67.2600,67.8700,3046200.0000,67.8700
07/13/2023,67.7900,69.1000,67.5300,69.0900,3608700.0000,69.0900
07/14/2023,68.5300,68.5700,67.3600,67.4700,2400600.0000,67.4700
07/17/2023,66.8500,67.4000,66.5300,66.5800,2280800.0000,66.5800
07/18/2023,66.7900,68.1200,66.6500,67.9600,2547400.0000,67.9600
07/19/2023,68.3900,68.9200,67.4900,67.6900,1935000.0000,67.6900
07/20/2023,68.3300,68.4900,67.1300,68.0500,2031400.0000,68.0500
07/21/2023,68.5200,69.3100,68.1700,68.9900,2993300.0000,68.9900
07/24/2023,69.6100,70.9300,69.2900,70.6900,2420200.0000,70.6900
07/25/2023,70.4000,71.4100,70.2700,71.1600,2340100.0000,71.1600
07/26/2023,70.5900,71.3100,70.4100,70.6600,1384300.0000,70.6600
07/27/2023,71.1600,71.9900,70.7200,71.4300,1807200.0000,71.4300
07/28/2023,71.3200,72.2400,70.8700,72.0900,1751500.0000,72.0900
07/31/2023,72.7500,73.2900,72.5600,73.1700,2068900.0000,73.1700
08/01/2023,72.6800,73.1900,72.1700,72.9600,1480900.0000,72.9600
08/02/2023,72.6700,72.7400,70.8800,71.4800,3170000.0000,71.4800
08/03/2023,71.7000,73.2500,71.7000,73.1400,2921700.0000,73.1400
08/04/2023,73.2200,74.2900,72.9400,73.7900,2016600.0000,73.7900
08/07/2023,73.7600,73.8700,73.0400,73.8200,1858800.0000,73.8200
08/08/2023,72.4700,74.2700,72.0400,74.0600,4218700.0000,74.0600
08/09/2023,74.7800,75.3600,74.2100,75.1000,4777100.0000,75.1000
08/10/2023,74.6600,75.0900,73.9600,74.2000,3443900.0000,74.2000
08/11/2023,74.1400,74.8100,73.9500,74.2500,3137800.0000,74.2500
08/14/2023,73.6900,74.2200,73.3500,73.8100,3545400.0000,73.8100
08/15/2023,73.2500,73.2600,72.1800,72.6200,3907500.0000,72.6200
08/16/2023,72.9000,73.1500,71.2900,71.3700,3789600.0000,71.3700
08/17/2023,72.5700,72.8200,71.9200,71.9800,2647600.0000,71.9800
08/18/2023,72.1800,73.0600,71.9100,72.7900,2734900.0000,72.7900
08/21/2023,73.4200,73.5100,72.4200,72.5800,2085600.0000,72.5800
08/22/2023,72.7600,72.8700,72.0600,72.2800,1655000.0000,72.2800
08/23/2023,70.8000,72.0000,70.4300,71.3600,3836900.0000,71.3600
08/24/2023,70.8800,71.7300,70.4500,71.4100,2368700.0000,71.4100
08/25/2023,72.6200,72.6600,70.8200,72.4500,3106000.0000,72.4500
08/28/2023,72.4000,73.1300,72.1100,72.4100,1618700.0000,72.4100
08/29/2023,72.6600,73.3500,71.7900,73.3200,2890400.0000,73.3200
08/30/2023,73.7300,74.0100,73.0600,73.6600,2228100.0000,73.6600
08/31/2023,74.4800,75.1800,73.9500,75.0600,2900700.0000,75.0600
09/01/2023,76.0000,76.9400,75.9400,76.9200,4205600.0000,76.9200
09/05/2023,78.0700,78.7800,77.3900,77.7600,4782200.0000,77.7600
09/06/2023,77.6000,78.7700,77.4200,78.5200,3159800.0000,78.5200
09/07/2023,78.1500,78.5000,77.4400,77.9500,2671400.0000,77.9500
09/08/2023,78.1400,78.7300,77.8800,78.3000,2039000.0000,78.3000
09/11/2023,78.9300,79.1200,78.1400,78.3700,2083800.0000,78.3700
09/12/2023,79.3600,80.0100,79.3100,79.7000,3308800.0000,79.7000
09/13/2023,79.8600,80.0400,79.2300,79.6800,2783800.0000,79.6800
09/14/2023,80.6600,81.1400,80.5300,81.1200,3098900.0000,81.1200
09/15/2023,80.2900,81.3400,80.0900,81.2900,2874500.0000,81.2900
09/18/2023,81.7900,81.9400,80.8000,81.4500,5940800.0000,81.4500
09/19/2023,82.1800,82.2800,81.1200,81.5000,6657100.0000,81.5000
09/20/2023,80.5600,81.5900,80.1300,80.1400,4117600.0000,80.1400
09/21/2023,81.2500,81.5100,80.4000,80.4100,3095900.0000,80.4100
09/22/2023,81.5500,81.6000,79.9900,80.6300,2704300.0000,80.6300
09/25/2023,80.5900,80.6500,79.6700,80.3900,1918300.0000,80.3900
09/26/2023,79.9700,81.0500,79.8900,80.8800,2522700.0000,80.8800
09/27/2023,82.2400,83.2900,82.0500,82.9000,4257900.0000,82.9000
09/28/2023,82.3200,82.6100,81.2200,81.5700,3169000.0000,81.5700
09/29/2023,81.9000,81.9400,80.4700,80.8600,2399700.0000,80.8600
10/02/2023,81.1800,81.2800,79.1900,79.3900,3492100.0000,79.3900
10/03/2023,79.8100,80.3700,79.2500,79.9300,2899300.0000,79.9300
10/04/2023,77.9700,77.9700,75.2200,75.5900,7853800.0000,75.5900
10/05/2023,74.1100,75.4500,73.6100,73.9900,5599100.0000,73.9900
10/06/2023,74.4300,74.5700,73.3400,74.1600,3896200.0000,74.1600
10/09/2023,76.7600,77.4000,76.2300,77.1300,6892100.0000,77.1300
10/10/2023,77.1900,77.1900,76.1900,76.7100,4237600.0000,76.7100
10/11/2023,76.1900,76.4000,74.7600,75.6700,6048300.0000,75.6700
10/12/2023,76.5800,76.6100,74.6200,75.4200,4244100.0000,75.4200
10/13/2023,77.7100,79.1800,77.1600,78.9900,6765100.0000,78.9900
10/16/2023,78.6300,78.8900,77.8700,78.3900,5156200.0000,78.3900
10/17/2023,77.9800,78.8800,77.4000,78.8000,3914400.0000,78.8000
10/18/2023,79.7200,80.3600,79.3200,79.8400,4647300.0000,79.8400
10/19/2023,79.3700,81.7500,78.9400,81.6800,5924400.0000,81.6800
10/20/2023,81.5900,81.9800,80.1700,80.7000,4664700.0000,80.7000
10/23/2023,80.2200,80.2700,78.3500,78.8900,4607100.0000,78.8900
10/24/2023,78.0400,78.2200,76.3100,76.9300,6629600.0000,76.9300
10/25/2023,77.1100,78.7300,75.6400,78.4600,6116800.0000,78.4600
10/26/2023,76.8300,77.5900,76.4900,76.8900,3518500.0000,76.8900
10/27/2023,77.6200,78.9800,76.5800,78.3600,5522600.0000,78.3600
10/30/2023,77.2400,77.5800,75.3600,76.0500,5929500.0000,76.0500
10/31/2023,76.2100,77.0200,74.5600,75.0200,4604000.0000,75.0200
11/01/2023,76.6600,76.7200,74.2400,74.7500,4143000.0000,74.7500
11/02/2023,74.9100,76.5300,74.7900,76.1800,4191600.0000,76.1800
11/03/2023,75.2900,76.4100,74.1400,74.8500,5054500.0000,74.8500
11/06/2023,75.8900,76.0900,74.7700,74.9100,2764300.0000,74.9100
11/07/2023,72.9900,73.1500,71.6100,71.8000,7413600.0000,71.8000
11/08/2023,71.2700,71.6700,69.6500,70.1900,7264500.0000,70.1900
11/09/2023,70.7500,71.6600,70.1400,70.2500,4327700.0000,70.2500
11/10/2023,71.3100,72.2200,71.1200,71.7900,3754400.0000,71.7900
11/13/2023,71.8100,72.9600,71.7700,72.9200,3075600.0000,72.9200
11/14/2023,73.2300,74.0400,72.3600,72.6900,2688500.0000,72.6900
11/15/2023,71.8100,72.3800,71.1800,71.3400,5002800.0000,71.3400
11/16/2023,69.6100,69.7100,67.4500,68.0500,6745900.0000,68.0500
11/17/2023,69.1400,70.9500,69.1400,70.7500,5921000.0000,70.7500
11/20/2023,72.1800,73.0700,71.9400,72.3000,3985400.0000,72.3000
11/21/2023,72.0600,72.5900,71.7500,72.5300,2543500.0000,72.5300
11/22/2023,69.2800,71.9000,68.8100,71.6100,5283900.0000,71.6100
11/24/2023,70.9500,71.8600,70.7500,70.8200,1453900.0000,70.8200
11/27/2023,70.3000,71.0900,69.5400,69.9600,4633000.0000,69.9600
11/28/2023,70.6400,71.8300,70.2400,71.2600,2508200.0000,71.2600
11/29/2023,72.1200,72.8700,70.6000,72.5200,4573000.0000,72.5200
11/30/2023,73.5000,74.2100,70.0300,70.1400,9702200.0000,70.1400
12/01/2023,70.9300,71.5900,69.0400,69.2400,4354500.0000,69.2400
12/04/2023,68.6600,69.7700,67.8700,68.4700,5104000.0000,68.4700
12/05/2023,68.7400,69.2400,67.4700,67.5800,4833500.0000,67.5800
12/06/2023,65.9800,66.3500,64.6100,64.7600,9506200.0000,64.7600
12/07/2023,65.6500,65.7400,64.3500,65.1100,4561900.0000,65.1100
12/08/2023,66.1100,66.9000,65.9200,66.5300,4055500.0000,66.5300
12/11/2023,66.5000,67.0300,65.9800,66.8000,2589200.0000,66.8000
12/12/2023,64.9300,65.0600,63.8400,64.2500,7103800.0000,64.2500
12/13/2023,64.4200,65.3500,64.3400,65.3300,3575200.0000,65.3300
12/14/2023,66.9500,67.8000,66.9000,67.1600,5062800.0000,67.1600
12/15/2023,67.1900,67.3200,65.8800,67.1500,3451100.0000,67.1500
12/18/2023,68.8900,69.5800,67.5500,68.0900,5558900.0000,68.0900
12/19/2023,68.3000,69.4300,68.2600,69.3600,4039100.0000,69.3600
12/20/2023,70.1500,70.3000,68.6600,68.7900,5252100.0000,68.7900
12/21/2023,68.1300,69.0800,68.1300,69.0300,3290400.0000,69.0300
12/22/2023,69.6300,69.9600,68.4900,68.6900,4301900.0000,68.6900
12/26/2023,70.5200,71.1000,70.1100,70.2100,4996900.0000,70.2100
12/27/2023,70.0200,70.1700,68.9000,68.9200,3785600.0000,68.9200
12/28/2023,68.3500,68.9400,66.9700,67.1800,5754500.0000,67.1800
12/29/2023,67.6800,67.7500,66.6300,66.6500,3305500.0000,66.6500
01/02/2024,67.5600,67.5600,65.4800,65.7700,7908600.0000,65.7700
01/03/2024,66.9200,68.3600,66.7200,68.1900,7136800.0000,68.1900
01/04/2024,68.1900,68.3900,66.4000,67.5700,5001000.0000,67.5700
01/05/2024,68.8300,69.3200,68.3600,69.0300,4996500.0000,69.0300
01/08/2024,66.0700,66.4900,65.5400,66.4000,6270300.0000,66.4000
01/09/2024,67.3000,67.9500,66.7100,67.3900,4394100.0000,67.3900
01/10/2024,68.2700,68.6800,66.3400,66.5600,6307700.0000,66.5600
01/11/2024,68.3500,68.9200,67.1100,67.6500,7436400.0000,67.6500
01/12/2024,69.3800,69.8100,67.5700,68.0200,7198800.0000,68.0200
01/16/2024,68.0900,68.2500,67.1100,67.2500,4904800.0000,67.2500
01/17/2024,66.4800,67.9600,66.2800,67.9400,4463000.0000,67.9400
01/18/2024,68.3600,69.3100,67.7900,69.0600,4685900.0000,69.0600
01/19/2024,69.4100,69.7200,68.2100,68.8200,4668900.0000,68.8200
01/22/2024,68.8800,70.5000,68.7200,69.6900,4992500.0000,69.6900
01/23/2024,69.3400,70.3300,69.1200,69.6600,3164800.0000,69.6600
01/24/2024,69.9700,70.8800,69.6600,70.5400,4857600.0000,70.5400
01/25/2024,71.4800,72.4500,71.0200,72.2300,4979600.0000,72.2300
01/26/2024,71.9800,73.1900,71.1300,73.1000,4822100.0000,73.1000
01/29/2024,72.4300,72.4500,71.4800,72.0500,3444900.0000,72.0500
01/30/2024,72.0000,73.1000,71.7200,72.8100,3559200.0000,72.8100
01/31/2024,72.3200,72.3700,70.6600,70.9200,5073700.0000,70.9200
02/01/2024,71.5900,71.9900,68.9600,69.0700,13358700.0000,69.0700
02/02/2024,68.0300,68.3600,67.1900,67.5100,5659600.0000,67.5100
02/05/2024,67.8300,68.5900,66.8500,68.1800,3284500.0000,68.1800
02/06/2024,68.6500,69.1000,68.1200,68.8100,4413400.0000,68.8100
02/07/2024,68.9400,69.4300,68.7000,69.4200,5234200.0000,69.4200
02/08/2024,70.2700,71.6000,70.2200,71.5200,6147400.0000,71.5200
02/09/2024,71.9400,72.2800,71.1000,71.6700,2761600.0000,71.6700
02/12/2024,71.5300,72.1300,71.5300,72.1100,3839000.0000,72.1100
02/13/2024,72.5400,73.2200,71.9500,72.6500,3632000.0000,72.6500
02/14/2024,73.0700,73.5300,71.3700,71.5500,4632500.0000,71.5500
02/15/2024,71.7700,73.2000,71.7700,72.8400,4230900.0000,72.8400
02/16/2024,72.9500,73.6300,72.4400,73.4100,4209200.0000,73.4100
02/20/2024,73.4400,73.4500,72.0600,72.4200,3468600.0000,72.4200
02/21/2024,72.1700,73.2200,72.1600,73.2000,3775000.0000,73.2000
02/22/2024,72.9900,74.0500,72.9100,73.6000,2748500.0000,73.6000
02/23/2024,72.1900,72.6600,71.6600,71.9200,3403200.0000,71.9200
02/26/2024,71.5500,73.2400,71.4800,72.7900,3578500.0000,72.7900
02/27/2024,73.2100,74.1600,73.1400,73.8500,5301700.0000,73.8500
02/28/2024,74.4600,74.7400,73.2700,73.6200,3991500.0000,73.6200
02/29/2024,74.0700,74.4500,73.2000,73.3600,3861400.0000,73.3600
03/01/2024,74.7400,75.9400,74.5300,74.9600,5359600.0000,74.9600
03/04/2024,75.4300,75.5000,73.8300,74.0100,3332700.0000,74.0100
03/05/2024,73.6200,74.6700,73.1100,73.4500,4262700.0000,73.4500
03/06/2024,74.6700,75.7300,74.1600,74.3400,4988900.0000,74.3400
03/07/2024,73.5600,74.7700,73.4000,74.2300,3758500.0000,74.2300
03/08/2024,74.0200,74.0800,72.9900,73.3600,4038700.0000,73.3600
03/11/2024,72.9700,73.9000,72.3700,73.6200,3072600.0000,73.6200
03/12/2024,73.4200,74.1600,73.0100,73.3500,4134600.0000,73.3500
03/13/2024,74.7500,75.2500,74.3700,75.0900,4435500.0000,75.0900
03/14/2024,75.9000,76.7600,75.7400,76.3000,4238600.0000,76.3000
03/15/2024,75.9700,76.6400,75.8700,76.3300,3141800.0000,76.3300
03/18/2024,77.0200,78.1800,76.6100,77.9800,3403700.0000,77.9800
03/19/2024,78.0900,78.7800,77.9400,78.4300,2720500.0000,78.4300
03/20/2024,77.2000,77.5200,76.6200,77.2500,4254600.0000,77.2500
03/21/2024,76.8300,77.0000,76.1400,76.8200,2742000.0000,76.8200
03/22/2024,77.0700,77.1200,76.3100,76.6800,2397000.0000,76.6800
03/25/2024,76.9900,78.2100,76.9900,77.7600,2189200.0000,77.7600
03/26/2024,77.9400,77.9800,77.2100,77.2900,2776800.0000,77.2900
03/27/2024,76.9200,77.5400,76.8200,77.5100,2412300.0000,77.5100
03/28/2024,78.2700,78.9400,78.0200,78.7300,4745600.0000,78.7300
04/01/2024,79.0800,80.2000,78.8000,79.6700,4000100.0000,79.6700
04/02/2024,80.6300,80.9200,79.8800,80.7900,4241700.0000,80.7900
04/03/2024,81.3100,81.8200,81.1000,81.2500,3254800.0000,81.2500
04/04/2024,81.0700,82.8400,80.4300,82.2700,6112200.0000,82.2700
04/05/2024,82.5800,83.2500,82.1200,82.4000,3842800.0000,82.4000
04/08/2024,82.3800,82.7300,81.1700,82.2000,3757200.0000,82.2000
04/09/2024,82.1300,82.2500,80.8700,81.1500,3893900.0000,81.1500
04/10/2024,81.3900,82.1100,80.4300,82.0900,6834100.0000,82.0900
04/11/2024,81.6700,81.6700,80.7900,81.5500,6287700.0000,81.5500
04/12/2024,83.0000,83.4100,81.2300,81.5300,9724900.0000,81.5300
04/15/2024,81.0000,81.7000,80.0900,81.6500,10203200.0000,81.6500
04/16/2024,81.3100,81.7200,81.0100,81.3300,4285400.0000,81.3300
04/17/2024,80.2800,80.9600,78.6900,78.9100,5967300.0000,78.9100
04/18/2024,79.1200,79.4900,78.2000,78.7800,4529600.0000,78.7800
04/19/2024,78.7200,79.5300,78.5600,78.8500,7608800.0000,78.8500
04/22/2024,77.8600,78.9900,77.5700,78.7800,3299600.0000,78.7800
04/23/2024,78.2500,80.1000,78.1600,79.9800,3355400.0000,79.9800
04/24/2024,79.7100,80.2500,79.1600,79.6400,3662900.0000,79.6400
04/25/2024,79.5700,80.4900,78.7500,80.4400,3009000.0000,80.4400
04/26/2024,80.9700,80.9700,80.0600,80.3900,1605300.0000,80.3900
04/29/2024,80.0700,80.3300,79.1700,79.5000,3934100.0000,79.5000
04/30/2024,78.9300,79.2200,77.7900,78.3800,3829200.0000,78.3800
05/01/2024,77.3700,78.3800,75.7600,75.9300,5965400.0000,75.9300
05/02/2024,76.1000,76.4000,75.3700,75.9300,4710000.0000,75.9300
05/03/2024,75.7400,75.9200,75.0200,75.1300,2875100.0000,75.1300
05/06/2024,75.5400,75.9800,74.9600,75.6600,6195900.0000,75.6600
05/07/2024,75.2500,76.1600,74.6400,75.5000,4327400.0000,75.5000
05/08/2024,74.7200,76.1800,74.5500,76.1100,2423800.0000,76.1100
05/09/2024,76.0700,76.5600,75.8800,76.5200,2240300.0000,76.5200
05/10/2024,76.6800,76.8300,75.2400,75.3000,2746600.0000,75.3000
05/13/2024,75.7200,76.4300,75.6000,76.1300,3055300.0000,76.1300
05/14/2024,75.3000,75.8700,74.8400,75.2100,2186600.0000,75.2100
05/15/2024,74.4500,75.8800,73.8800,75.8800,3660000.0000,75.8800
05/16/2024,76.6400,76.7400,75.9300,76.2500,3195900.0000,76.2500
05/17/2024,76.3500,77.1100,76.1600,76.9700,2019100.0000,76.9700
05/20/2024,76.5500,77.5500,76.1800,76.7300,2040500.0000,76.7300
05/21/2024,75.9900,76.5300,75.5300,76.1600,2009600.0000,76.1600
05/22/2024,75.2100,75.9000,74.8200,74.8700,2337200.0000,74.8700
05/23/2024,75.9600,76.1800,74.0400,74.4500,1915600.0000,74.4500
05/24/2024,74.8800,75.6000,74.7300,75.3500,1164400.0000,75.3500
05/28/2024,76.7600,77.7800,76.5700,77.6600,2300500.0000,77.6600
05/29/2024,77.6600,77.6700,76.5600,76.5700,1619000.0000,76.5700
05/30/2024,76.0500,76.7200,75.2500,75.5300,2332200.0000,75.5300
05/31/2024,75.6300,75.8400,74.3300,74.8200,2038300.0000,74.8200
06/03/2024,73.9300,73.9300,71.7600,71.8300,5763800.0000,71.8300
06/04/2024,70.9600,71.4500,70.4400,71.0900,2421100.0000,71.0900
06/05/2024,71.4000,71.9800,70.7600,71.8900,2058500.0000,71.8900
06/06/2024,72.1200,73.4700,71.9600,73.2600,1933300.0000,73.2600
06/07/2024,73.5600,73.9200,72.9600,73.0200,2049500.0000,73.0200
06/10/2024,73.7800,75.5500,73.5600,75.4600,4020300.0000,75.4600
06/11/2024,75.3400,75.9900,74.9100,75.5100,1891700.0000,75.5100
06/12/2024,76.8300,76.9200,75.5700,75.9800,2465300.0000,75.9800
06/13/2024,76.3100,76.5200,75.6900,75.7400,1685400.0000,75.7400
06/14/2024,76.6200,76.7800,75.8400,76.0800,2347100.0000,76.0800
06/17/2024,76.6600,77.9800,76.5500,77.7900,2589800.0000,77.7900
06/18/2024,77.8800,78.8300,77.7600,78.6700,1757300.0000,78.6700
06/20/2024,79.2800,79.5300,78.8500,79.4100,1446500.0000,79.4100
06/21/2024,79.4400,79.7900,78.4000,78.6500,1525500.0000,78.6500
06/24/2024,78.5200,79.8000,78.4900,79.7000,1402400.0000,79.7000
06/25/2024,79.4700,79.8300,78.7500,78.9000,1268100.0000,78.9000
06/26/2024,78.9400,79.5500,78.2700,78.7500,1581900.0000,78.7500
06/27/2024,79.7000,80.0300,79.2200,79.9200,1785700.0000,79.9200
06/28/2024,80.0300,80.0400,79.0800,79.5900,1359600.0000,79.5900
07/01/2024,80.2100,81.6900,79.8200,81.5400,2272800.0000,81.5400
07/02/2024,81.9800,82.0200,80.8300,81.1100,1182500.0000,81.1100
07/03/2024,80.9500,81.6000,80.5700,81.2700,734700.0000,81.2700
07/05/2024,82.0100,82.6000,81.2300,81.3100,1979700.0000,81.3100
07/08/2024,80.5900,81.0200,80.2900,80.4200,2029600.0000,80.4200
07/09/2024,80.1200,80.6500,79.4600,79.7700,1913000.0000,79.7700
07/10/2024,79.4200,80.6900,79.1800,80.4800,2291900.0000,80.4800
07/11/2024,79.9300,80.9900,79.7300,80.9400,2998200.0000,80.9400
07/12/2024,81.2500,81.3200,80.1100,80.2500,3003800.0000,80.2500
07/15/2024,80.2600,80.3800,79.5700,80.1200,2206700.0000,80.1200
07/16/2024,78.6800,79.4100,78.6800,79.0600,2012200.0000,79.0600
07/17/2024,80.0000,80.7100,79.9500,80.6200,2459300.0000,80.6200
07/18/2024,80.5900,81.0900,79.8400,79.9000,1425500.0000,79.9000
07/19/2024,79.5100,80.2200,77.8600,78.0000,2636000.0000,78.0000
07/22/2024,77.1700,77.7500,76.8600,77.6200,1556600.0000,77.6200
07/23/2024,76.9600,77.1300,75.7200,76.6200,3124100.0000,76.6200
07/24/2024,76.8700,77.4800,76.3000,76.8100,2129200.0000,76.8100
07/25/2024,76.1700,77.7800,75.5400,77.4600,1824000.0000,77.4600
07/26/2024,76.8200,76.9400,75.5500,76.1100,2125100.0000,76.1100
07/29/2024,76.7300,76.9900,74.7400,75.1900,1955400.0000,75.1900
07/30/2024,74.4500,74.7700,74.0000,74.4600,3304600.0000,74.4600
07/31/2024,76.3300,77.9100,75.9000,77.7400,4582800.0000,77.7400
08/01/2024,77.7900,77.8500,75.6400,76.2900,3633500.0000,76.2900
08/02/2024,73.8100,73.8200,72.4300,73.3900,5001300.0000,73.3900
08/05/2024,71.9400,73.2600,71.8300,73.2200,3939500.0000,73.2200
08/06/2024,71.7700,73.3900,71.7300,72.4500,3377900.0000,72.4500
08/07/2024,73.9400,75.1700,73.6900,74.6900,4944000.0000,74.6900
08/08/2024,74.5300,75.8000,74.4400,75.3600,3034300.0000,75.3600
08/09/2024,75.6700,76.3500,75.2500,76.2200,2923600.0000,76.2200
08/12/2024,77.1900,79.1700,76.9300,78.6300,4745000.0000,78.6300
08/13/2024,78.3800,78.4600,77.3100,77.6400,2300800.0000,77.6400
08/14/2024,77.6000,77.7500,76.3000,76.5900,1721700.0000,76.5900
08/15/2024,77.2900,78.0000,77.1500,77.4100,1640500.0000,77.4100
08/16/2024,76.2300,76.6500,75.6900,76.3200,2476000.0000,76.3200
08/19/2024,76.2500,76.3800,74.0900,74.3800,4881200.0000,74.3800
08/20/2024,74.7400,75.0200,73.6800,73.8300,2761700.0000,73.8300
08/21/2024,74.3200,74.8100,72.1100,72.6000,2769800.0000,72.6000
08/22/2024,72.8300,74.1700,72.7100,73.5800,3170300.0000,73.5800
08/23/2024,74.9900,75.7600,74.8700,75.5500,3008600.0000,75.5500
08/26/2024,78.0700,78.3200,77.6200,77.8300,4196800.0000,77.8300
08/27/2024,77.3900,77.6000,76.1400,76.4900,3537500.0000,76.4900
08/28/2024,75.4000,76.2300,74.8000,75.4800,1852500.0000,75.4800
08/29/2024,76.7700,77.6500,76.1000,76.7700,4062000.0000,76.7700
08/30/2024,75.1900,75.2200,74.1200,74.3400,3341400.0000,74.3400
09/03/2024,72.1500,72.1500,70.8500,71.0900,4967800.0000,71.0900
09/04/2024,70.6200,71.5000,69.5500,69.6100,4701400.0000,69.6100
09/05/2024,70.7300,71.5300,69.5100,69.8900,3482600.0000,69.8900
09/06/2024,70.5500,70.8700,67.9100,68.9300,3708600.0000,68.9300
09/09/2024,68.4900,69.6600,68.0500,69.2700,2685200.0000,69.2700
09/10/2024,69.4500,69.4900,66.0200,66.9600,4038100.0000,66.9600
09/11/2024,67.8500,68.6200,66.3700,67.8500,3143200.0000,67.8500
09/12/2024,69.0700,70.4600,68.5300,69.8900,4035600.0000,69.8900
09/13/2024,70.2000,70.9300,69.1200,69.8400,2453000.0000,69.8400
09/16/2024,70.6100,71.2200,70.1300,70.8800,3317900.0000,70.8800
09/17/2024,70.9000,72.2900,70.8400,71.7200,1952300.0000,71.7200
09/18/2024,71.0100,71.9400,70.5800,70.6600,2443800.0000,70.6600
09/19/2024,72.2200,73.2100,71.7900,72.7500,4126900.0000,72.7500
09/20/2024,72.4200,73.1400,72.0500,72.9200,1353300.0000,72.9200
09/23/2024,72.9600,73.5300,71.1700,72.2500,2837700.0000,72.2500
09/24/2024,73.8500,73.8600,72.8300,73.2900,2387000.0000,73.2900
09/25/2024,72.3500,72.8000,70.9400,71.4800,3469200.0000,71.4800
09/26/2024,69.2200,70.1200,68.6000,69.0100,4593800.0000,69.0100
09/27/2024,69.3000,70.3200,68.8000,70.2700,3214700.0000,70.2700
09/30/2024,69.9600,70.8700,69.4200,69.9200,2338500.0000,69.9200
10/01/2024,69.3400,73.7300,69.2900,72.1100,13945000.0000,72.1100
10/02/2024,73.9500,74.2100,71.6200,72.7600,4093000.0000,72.7600
10/03/2024,73.7400,75.9000,73.4500,75.7300,7082200.0000,75.7300
10/04/2024,76.2100,77.4000,75.7600,76.3500,5843100.0000,76.3500
10/07/2024,77.4200,79.3100,77.2900,79.2000,4353500.0000,79.2000
10/08/2024,76.8300,76.9400,74.5700,75.7900,8048000.0000,75.7900
10/09/2024,74.1100,75.3600,73.4100,75.2500,6501500.0000,75.2500
10/10/2024,76.1500,78.0400,75.7600,77.7700,4533100.0000,77.7700
10/11/2024,77.0100,77.8800,76.6900,77.4900,3642400.0000,77.4900
10/14/2024,76.0600,76.6500,75.4800,75.9300,3943200.0000,75.9300
10/15/2024,72.2700,72.9500,71.6700,72.7600,4116700.0000,72.7600
10/16/2024,72.3800,72.6700,71.5300,72.4000,2195300.0000,72.4000
10/17/2024,72.0500,72.8400,71.3100,72.6200,2541700.0000,72.6200
10/18/2024,71.7400,71.9200,70.5700,71.3800,4342300.0000,71.3800
10/21/2024,72.4000,72.8700,71.7100,72.2600,2941400.0000,72.2600
10/22/2024,73.1900,74.6500,73.0000,73.9800,3782100.0000,73.9800
10/23/2024,73.4900,74.0300,72.9100,73.5500,2413400.0000,73.5500
10/24/2024,73.7500,74.0800,72.2700,73.0600,2218600.0000,73.0600
10/25/2024,73.8000,74.4900,73.3600,74.2300,3676100.0000,74.2300
10/28/2024,69.7700,70.6400,69.6700,70.4300,7429100.0000,70.4300
10/29/2024,70.1200,70.3100,69.1400,69.6600,4015900.0000,69.6600
10/30/2024,70.6700,71.6300,70.3600,71.3600,3934400.0000,71.3600
10/31/2024,71.8100,73.3500,71.4400,73.0800,9183500.0000,73.0800
11/01/2024,73.6300,73.8000,71.9500,72.0200,4533400.0000,72.0200
11/04/2024,73.8600,74.4300,73.2800,74.2900,3240200.0000,74.2900
11/05/2024,74.9200,75.3400,74.0500,74.7300,2839500.0000,74.7300
11/06/2024,73.2300,75.3200,73.2300,74.5400,4179100.0000,74.5400
11/07/2024,74.0100,75.5600,73.5100,74.6600,3133400.0000,74.6600
11/08/2024,73.8400,73.9400,72.6600,73.1300,2984700.0000,73.1300
11/11/2024,71.2100,71.4500,70.6400,70.9400,3272100.0000,70.9400
11/12/2024,71.7800,71.8500,70.5000,70.6900,1905500.0000,70.6900
11/13/2024,70.3300,71.5000,69.6000,70.7300,3449100.0000,70.7300
11/14/2024,72.0600,72.0900,70.8200,71.2900,2088900.0000,71.2900
11/15/2024,70.8700,71.3500,69.5600,69.7500,3629400.0000,69.7500
11/18/2024,70.9300,72.3100,70.9000,72.0700,3112000.0000,72.0700
11/19/2024,72.4000,72.7100,71.4000,72.3100,3959400.0000,72.3100
11/20/2024,72.8400,72.8400,71.6000,72.0200,1362400.0000,72.0200
11/21/2024,73.1300,73.2600,72.3900,73.2000,1848100.0000,73.2000
11/22/2024,73.1000,74.5800,72.9400,74.2500,2573800.0000,74.2500
11/25/2024,72.9400,73.4400,71.7300,72.1000,3299000.0000,72.1000
11/26/2024,72.5200,73.3400,71.0100,71.6100,2882200.0000,71.6100
11/27/2024,71.6300,72.3000,71.1600,71.7200,1575900.0000,71.7200
11/29/2024,72.3200,72.7400,71.5100,71.6100,1757600.0000,71.6100
12/02/2024,71.8700,71.9500,70.7000,71.0400,3553900.0000,71.0400
12/03/2024,72.1600,73.3200,71.8000,73.0400,3199100.0000,73.0400
12/04/2024,73.4100,73.4500,71.5200,71.8800,2784100.0000,71.8800
12/05/2024,71.9500,72.1700,71.2200,71.4700,1525200.0000,71.4700
12/06/2024,70.6200,70.7100,69.9900,70.2400,3083800.0000,70.2400
12/09/2024,71.2300,71.9700,71.1600,71.1700,2061700.0000,71.1700
12/10/2024,71.5400,72.1300,71.3200,71.4000,2475900.0000,71.4000
12/11/2024,72.5800,73.5900,72.1500,73.3300,3061900.0000,73.3300
12/12/2024,72.9000,73.5800,72.1900,73.2100,2830100.0000,73.2100
12/13/2024,73.6200,74.5000,73.5500,74.2100,2713400.0000,74.2100
12/16/2024,74.1500,74.3000,73.6100,73.7000,1947900.0000,73.7000
12/17/2024,72.9600,73.3500,72.3100,73.3000,2140100.0000,73.3000
12/18/2024,73.6700,74.3800,72.9200,72.9400,2338100.0000,72.9400
12/19/2024,73.9300,74.1100,72.6100,72.6100,2099400.0000,72.6100
12/20/2024,72.2700,73.4100,71.9600,73.1000,1599800.0000,73.1000
12/23/2024,72.9100,73.0700,72.1000,73.0600,1894400.0000,73.0600
12/24/2024,73.7000,74.0300,73.4500,73.6500,1011800.0000,73.6500
12/26/2024,74.2600,74.3800,72.9000,73.1300,1808600.0000,73.1300
12/27/2024,74.1000,74.4000,73.6900,73.8500,1462000.0000,73.8500
12/30/2024,74.8600,75.2700,74.4600,74.8200,1621000.0000,74.8200
12/31/2024,75.2400,75.7500,74.9700,75.5500,1273500.0000,75.5500
01/02/2025,76.8400,77.5600,76.8400,76.9300,3269400.0000,76.9300
01/03/2025,77.4100,78.2200,77.2600,77.9200,1875300.0000,77.9200
01/06/2025,78.4300,78.9000,77.0600,77.3000,2141800.0000,77.3000
01/07/2025,78.1300,78.4400,77.7000,78.1700,3912400.0000,78.1700
01/08/2025,78.3500,78.4600,77.0600,77.3000,3259100.0000,77.3000
01/10/2025,81.5400,81.8200,79.3700,80.6400,5048700.0000,80.6400
01/13/2025,81.5100,82.8200,81.3700,82.2300,5060500.0000,82.2300
01/14/2025,81.9000,82.0800,81.2100,81.6700,4679800.0000,81.6700
01/15/2025,82.2800,84.5800,82.2800,84.3400,4891900.0000,84.3400
01/16/2025,83.4900,83.6000,81.9900,82.9400,3607100.0000,82.9400
01/17/2025,82.5200,83.0000,82.2300,82.5200,2297600.0000,82.5200
01/21/2025,80.6200,81.3400,80.4500,81.1100,2410900.0000,81.1100
01/22/2025,80.7200,81.2100,80.3200,80.4300,2798000.0000,80.4300
01/23/2025,80.5600,81.0400,79.1600,79.2100,3803200.0000,79.2100
01/24/2025,80.0700,80.2200,79.0200,79.6000,1922700.0000,79.6000
01/27/2025,79.2800,79.5400,77.2300,77.9300,1954800.0000,77.9300
01/28/2025,78.8700,78.9500,77.8100,78.8600,1592300.0000,78.8600
01/29/2025,78.0200,78.6500,77.1800,77.7800,1670500.0000,77.7800
01/30/2025,77.7700,78.7700,77.4600,77.7500,2238600.0000,77.7500
01/31/2025,77.6000,78.2600,76.7600,78.0200,3538900.0000,78.0200
02/03/2025,78.4200,78.7700,76.9400,77.8200,4200200.0000,77.8200
02/04/2025,75.7000,78.3000,75.6000,77.5100,6136900.0000,77.5100
02/05/2025,76.5700,77.0000,75.8300,76.0900,1985200.0000,76.0900
02/06/2025,76.3600,76.7300,75.2700,75.4500,2168400.0000,75.4500
02/07/2025,76.2200,76.2900,75.4600,75.8600,2013900.0000,75.8600
02/10/2025,76.9400,77.5100,76.6100,77.4000,2814500.0000,77.4000
02/11/2025,78.3700,78.4900,77.8700,78.2700,2284100.0000,78.2700
02/12/2025,77.1500,77.4600,76.2900,76.3200,4918700.0000,76.3200
02/13/2025,75.6800,76.4700,75.5800,76.3900,1897100.0000,76.3900
02/14/2025,76.5800,76.7400,75.6300,75.8200,2426000.0000,75.8200
02/18/2025,76.6900,77.1100,76.3500,76.9600,2324900.0000,76.9600
02/19/2025,78.0600,78.2000,77.2300,77.4500,1554200.0000,77.4500
02/20/2025,77.9200,78.4700,77.6200,77.7600,1627000.0000,77.7600
02/21/2025,76.7000,76.8500,75.3400,75.3500,2749100.0000,75.3500
02/24/2025,75.7100,76.1400,75.4500,75.9700,2930800.0000,75.9700
02/25/2025,75.6000,75.6100,73.7400,74.1300,2386600.0000,74.1300
02/26/2025,73.9100,74.2700,73.4100,73.8500,3229400.0000,73.8500
02/27/2025,75.0200,75.7900,74.6900,75.2800,2641900.0000,75.2800
02/28/2025,74.5800,75.4700,74.2500,75.2200,2351600.0000,75.2200
03/03/2025,75.3300,75.5600,72.9300,73.3200,3996300.0000,73.3200
03/04/2025,72.7500,73.6100,71.7100,73.3100,2030600.0000,73.3100
03/05/2025,71.4000,71.4900,70.0900,71.4200,3811000.0000,71.4200
03/06/2025,71.3700,72.0200,70.4900,71.1300,3038700.0000,71.1300
03/07/2025,72.7400,73.3100,71.7700,72.0900,4195700.0000,72.0900
03/10/2025,72.0600,72.2500,70.7400,70.8900,1777100.0000,70.8900
03/11/2025,71.8000,72.1700,70.9800,71.4500,1876200.0000,71.4500
03/12/2025,72.3200,72.9700,72.0400,72.8000,2389100.0000,72.8000
03/13/2025,72.0800,72.4400,71.4100,71.6200,3119100.0000,71.6200
03/14/2025,71.8900,72.4300,71.6500,72.2800,2054600.0000,72.2800
03/17/2025,72.9800,73.1700,72.4300,72.7100,2873700.0000,72.7100
03/18/2025,73.3900,73.4900,71.9700,72.2100,2739000.0000,72.2100
03/19/2025,72.0800,72.8800,71.9300,72.4200,1747400.0000,72.4200
03/20/2025,72.2300,73.8000,72.0400,73.7300,2523100.0000,73.7300
03/21/2025,73.3900,73.9600,73.1400,73.7900,1528800.0000,73.7900
03/24/2025,74.1300,74.9700,73.9400,74.8800,2755300.0000,74.8800
03/25/2025,75.2300,75.3600,74.1200,74.8200,1922900.0000,74.8200
03/26/2025,75.3400,75.9400,75.1300,75.4200,2469600.0000,75.4200
03/27/2025,75.2600,75.6800,74.7800,75.4800,1590800.0000,75.4800
03/28/2025,75.5200,75.5400,74.5400,74.7700,2430300.0000,74.7700
03/31/2025,75.5200,77.7200,75.2800,77.3300,3147400.0000,77.3300
04/01/2025,77.6000,78.0100,76.8800,77.0800,2753900.0000,77.0800
04/02/2025,76.7200,77.8600,76.6900,77.7400,2808400.0000,77.7400
04/03/2025,72.1600,72.7000,71.4400,72.2500,6279800.0000,72.2500
04/04/2025,66.9000,68.4200,65.5000,67.9200,9319900.0000,67.9200
04/07/2025,65.6400,69.2000,64.9400,65.9800,7869100.0000,65.9800
04/08/2025,66.6000,66.8000,62.7400,63.3400,8411300.0000,63.3400
04/09/2025,61.7300,68.0500,60.6700,67.5800,15313000.0000,67.5800
04/10/2025,64.7700,65.4700,63.6000,65.3200,6596700.0000,65.3200
04/11/2025,64.6500,66.7900,64.5000,66.4600,4386200.0000,66.4600
04/14/2025,67.1200,67.1300,65.6200,66.6600,3146200.0000,66.6600
04/15/2025,66.4700,66.9200,65.9200,66.4800,1779200.0000,66.4800
04/16/2025,66.9900,67.9700,66.9900,67.7500,5452100.0000,67.7500
04/17/2025,68.3500,70.0500,68.1500,69.4800,4776800.0000,69.4800
04/21/2025,68.2700,68.6600,67.4400,68.6200,2343000.0000,68.6200
04/22/2025,68.8900,70.2700,68.7200,69.3700,4499000.0000,69.3700
04/23/2025,68.9900,69.8100,67.1900,68.0500,8908500.0000,68.0500
04/24/2025,68.6500,68.8600,67.7000,68.4600,4336600.0000,68.4600
04/25/2025,68.0500,69.1800,68.0400,69.0300,3272100.0000,69.0300
04/28/2025,68.8700,69.0400,67.1700,67.7600,3232700.0000,67.7600
04/29/2025,66.6900,66.8100,65.8300,65.8500,4650000.0000,65.8500
04/30/2025,65.4500,65.7200,63.3000,63.5600,10236300.0000,63.5600
05/01/2025,63.5900,65.0800,63.1000,64.5200,10673900.0000,64.5200
05/02/2025,64.5300,64.6000,63.1100,64.0100,7095900.0000,64.0100
05/05/2025,62.8500,63.0200,61.7500,62.3700,4867100.0000,62.3700
05/06/2025,64.7000,65.4100,64.4600,64.6000,5745700.0000,64.6000
05/07/2025,64.4100,64.6700,63.2600,63.5100,4008500.0000,63.5100
05/08/2025,64.4400,65.7400,64.4300,65.6000,4643900.0000,65.6000
05/09/2025,65.9600,66.8200,65.8700,66.6100,4361300.0000,66.6100
05/12/2025,69.0800,69.2800,67.4800,67.6000,4861900.0000,67.6000
05/13/2025,68.4500,69.8800,68.4000,69.5900,4728000.0000,69.5900
05/14/2025,69.2800,69.5500,68.7000,68.7300,2802500.0000,68.7300
05/15/2025,67.4100,67.7900,66.8700,67.5900,5263400.0000,67.5900
05/16/2025,67.8300,68.5400,67.4200,68.1000,3769400.0000,68.1000
05/19/2025,68.1100,69.1000,67.8800,68.5100,5136900.0000,68.5100
05/20/2025,68.3700,68.8000,67.7800,68.6600,2786100.0000,68.6600
05/21/2025,69.1400,69.1600,67.5700,67.5900,5467400.0000,67.5900
05/22/2025,66.8800,67.5500,66.5700,67.1400,3512500.0000,67.1400
05/23/2025,66.9700,68.2200,66.9600,67.9900,4285000.0000,67.9900
05/27/2025,67.4800,67.6000,66.4700,67.2800,3938200.0000,67.2800
05/28/2025,68.3300,68.9600,67.8300,67.8900,5201800.0000,67.8900
05/29/2025,67.6300,67.6400,66.7800,67.1900,4856200.0000,67.1900
05/30/2025,67.1000,67.2500,65.9600,67.1500,8793200.0000,67.1500
06/02/2025,69.9900,70.0400,68.6400,69.5500,7125100.0000,69.5500
06/03/2025,69.6200,70.5000,69.3700,69.8900,3996900.0000,69.8900
06/04/2025,70.0000,70.5600,68.6400,69.3400,6455200.0000,69.3400
06/05/2025,70.4300,70.6100,69.7900,69.9300,2613700.0000,69.9300
06/06/2025,70.3600,71.5200,70.3600,71.3800,3488000.0000,71.3800
06/09/2025,71.4000,72.1800,71.0800,72.0500,2893900.0000,72.0500
06/10/2025,72.1700,73.0700,71.2600,71.6000,5541900.0000,71.6000
06/11/2025,73.0200,75.3200,72.8000,74.8200,8888000.0000,74.8200
06/12/2025,74.0100,75.4100,73.7500,75.0500,11696900.0000,75.0500
06/13/2025,80.4700,81.1400,78.6400,80.2200,33971200.0000,80.2200
06/16/2025,79.0100,79.6000,76.2500,78.5900,40622400.0000,78.5900
06/17/2025,80.4400,82.8900,80.0900,82.3000,26239300.0000,82.3000
06/18/2025,83.1000,83.4600,80.1600,82.2700,36772300.0000,82.2700
06/20/2025,82.2500,83.3800,81.8600,83.1200,14229000.0000,83.1200
06/23/2025,83.2500,83.5700,76.4100,76.4100,50659400.0000,76.4100
06/24/2025,73.3400,73.8600,71.9700,73.0000,16119600.0000,73.0000
06/25/2025,72.9300,74.2300,72.7900,73.3100,12401000.0000,73.3100
06/26/2025,73.6300,74.6800,73.0900,73.5900,9514900.0000,73.5900
06/27/2025,74.0200,74.3400,72.8700,73.2800,11610800.0000,73.2800
06/30/2025,73.4800,73.6300,72.7200,73.1100,5917500.0000,73.1100
07/01/2025,73.6100,74.0400,73.3200,73.9300,4425200.0000,73.9300
07/02/2025,74.3200,76.0200,73.5100,75.5900,6491400.0000,75.5900
07/03/2025,75.4100,75.9200,74.8800,75.1900,4394800.0000,75.1900
07/07/2025,75.8400,76.8900,75.5700,76.4800,6155000.0000,76.4800
07/08/2025,76.1800,77.5900,76.0500,76.9600,4287200.0000,76.9600
07/09/2025,76.4500,77.5200,76.2800,76.9300,3839700.0000,76.9300
07/10/2025,75.3700,75.9200,74.9600,75.3900,6704000.0000,75.3900
07/11/2025,76.0900,77.3500,76.0800,77.2900,4487200.0000,77.2900
07/14/2025,77.2700,77.2700,75.5000,75.6200,7289700.0000,75.6200
07/15/2025,75.3100,75.8800,74.9400,75.2600,5941400.0000,75.2600
07/16/2025,74.2100,75.3300,73.9900,75.1900,6178100.0000,75.1900
07/17/2025,75.0100,76.2600,74.8700,76.1600,4350000.0000,76.1600
07/18/2025,76.9700,77.3100,75.8000,75.9300,7583500.0000,75.9300
07/21/2025,75.6200,75.9100,74.9900,75.5900,2884800.0000,75.5900
07/22/2025,75.0600,75.4700,74.5500,75.3500,3946300.0000,75.3500
07/23/2025,74.8100,75.3300,74.4400,75.2800,4811500.0000,75.2800
07/24/2025,75.8700,76.3400,75.1500,76.0900,5938400.0000,76.0900
07/25/2025,76.1100,76.1100,74.8000,74.8500,3287400.0000,74.8500
07/28/2025,76.7000,77.2400,76.2100,77.1700,3796800.0000,77.1700
07/29/2025,77.4500,80.2400,77.3400,79.8000,7928200.0000,79.8000
07/30/2025,80.1600,81.1300,79.7300,81.0400,4957400.0000,81.0400
07/31/2025,79.8600,80.4200,78.9200,79.5900,3817100.0000,79.5900
08/01/2025,79.7100,79.8300,77.1900,77.4600,7087100.0000,77.4600
08/04/2025,75.6400,77.1600,75.4600,76.1100,5326700.0000,76.1100
08/05/2025,75.5100,75.7500,74.8900,75.0200,5894000.0000,75.0200
08/06/2025,76.3100,76.8400,73.3200,73.7900,8908700.0000,73.7900
08/07/2025,74.0600,74.5400,73.4200,73.4200,3578400.0000,73.4200
08/08/2025,73.9300,74.4000,72.3900,73.3000,5793400.0000,73.3000
08/11/2025,73.9400,74.2300,73.3600,73.8000,3307600.0000,73.8000
08/12/2025,73.2200,73.5800,72.8000,72.9500,2929300.0000,72.9500
08/13/2025,72.7800,72.8300,71.5600,72.4600,5653500.0000,72.4600
08/14/2025,73.3600,73.7800,72.8800,73.7400,4551100.0000,73.7400
08/15/2025,72.7200,73.2200,72.2900,72.8000,8046900.0000,72.8000
08/18/2025,72.3500,73.6300,71.8100,73.1700,5247900.0000,73.1700
08/19/2025,72.5000,72.7500,72.0600,72.3000,3423300.0000,72.3000
08/20/2025,73.1600,73.6300,72.5900,73.5200,3858800.0000,73.5200
08/21/2025,73.2900,74.4100,73.0900,74.1300,3185700.0000,74.1300
08/22/2025,74.2800,74.7300,74.1200,74.6400,4873300.0000,74.6400
08/25/2025,75.1900,76.1200,75.1700,75.7500,3175800.0000,75.7500
08/26/2025,74.5800,75.1200,73.8500,74.0500,3174400.0000,74.0500
08/27/2025,74.1300,75.1100,74.1300,74.6800,3322100.0000,74.6800
08/28/2025,74.9400,75.6700,74.1100,75.2400,3522000.0000,75.2400
08/29/2025,75.3500,75.4500,74.7400,74.8400,3510200.0000,74.8400
09/02/2025,76.0800,76.9600,75.6700,76.7600,5380800.0000,76.7600
09/03/2025,75.6100,75.8300,74.5900,74.8300,6270900.0000,74.8300
09/04/2025,73.8700,74.5500,73.7500,74.1800,4503100.0000,74.1800
09/05/2025,73.0200,73.0200,71.9600,72.6300,5101500.0000,72.6300
09/08/2025,73.4900,73.5400,72.5700,73.0400,3943300.0000,73.0400
09/09/2025,73.9900,74.5200,73.2900,73.3900,4228800.0000,73.3900
09/10/2025,74.0000,75.0500,73.7900,74.7100,6039000.0000,74.7100
09/11/2025,73.1900,73.5500,72.9300,73.0000,3876000.0000,73.0000
09/12/2025,74.1700,74.4500,73.2600,73.3100,4990100.0000,73.3100
09/15/2025,74.2600,74.6800,73.9700,74.2300,3985500.0000,74.2300
09/16/2025,75.0800,75.8600,74.8000,75.6700,5063900.0000,75.6700
09/17/2025,75.4100,75.7000,74.6700,74.9700,4020200.0000,74.9700
09/18/2025,75.1200,75.6600,74.2800,74.6900,4176200.0000,74.6900
09/19/2025,73.9500,74.4800,73.3300,73.5200,5958100.0000,73.5200
09/22/2025,72.8000,73.5900,72.7200,73.4500,2787100.0000,73.4500
09/23/2025,74.3600,75.3300,74.3300,75.0500,5617600.0000,75.0500
09/24/2025,75.8800,76.6900,75.5800,76.3900,3939900.0000,76.3900
09/25/2025,76.0300,77.0400,75.5500,76.9900,5736700.0000,76.9900
09/26/2025,77.0600,78.3200,76.9300,77.0200,5918400.0000,77.0200
09/29/2025,75.4300,75.5000,74.3200,74.5900,6341200.0000,74.5900
09/30/2025,73.8700,74.3500,73.4000,73.7500,7709100.0000,73.7500
10/01/2025,72.6500,73.4900,72.4600,73.1400,6348600.0000,73.1400
10/02/2025,72.2800,72.9600,71.2800,71.5400,6317200.0000,71.5400
10/03/2025,71.7700,72.3000,71.6300,71.7100,6657000.0000,71.7100
10/06/2025,72.4300,73.1600,72.2400,72.8700,5435400.0000,72.8700
10/07/2025,72.4800,73.2300,72.2200,73.2000,4845800.0000,73.2000
10/08/2025,73.5200,74.1300,73.2500,73.5300,4321100.0000,73.5300
10/09/2025,73.8100,73.9100,72.2400,72.5100,4670900.0000,72.5100
10/10/2025,70.7700,71.3700,69.3000,69.3900,8290900.0000,69.3900
10/13/2025,70.3100,70.8900,69.9000,70.2800,4026900.0000,70.2800
10/14/2025,69.1500,69.6000,68.5100,69.0000,5106900.0000,69.0000
10/15/2025,69.7100,69.8600,68.7100,68.9900,4069300.0000,68.9900
10/16/2025,69.1200,69.2200,67.5300,67.8100,7635800.0000,67.8100
10/17/2025,67.7200,68.1600,67.4400,67.9800,5517900.0000,67.9800
10/20/2025,66.9800,67.9000,66.9800,67.8300,6113000.0000,67.8300
10/21/2025,68.0500,69.1400,67.0400,68.2700,10824400.0000,68.2700
10/22/2025,69.5200,71.1800,69.3300,70.6300,14092800.0000,70.6300
10/23/2025,73.1100,73.9900,72.8600,73.2900,9561300.0000,73.2900
10/24/2025,73.6700,74.2500,73.0900,73.1800,6467300.0000,73.1800
10/27/2025,73.2100,73.8200,72.7700,73.1200,4563100.0000,73.1200
10/28/2025,72.0500,72.3300,71.1400,71.3900,4540300.0000,71.3900
10/29/2025,71.8100,72.6400,71.7400,71.8000,4418000.0000,71.8000
10/30/2025,71.3900,72.3500,71.1600,71.7100,2787200.0000,71.7100
10/31/2025,72.5700,72.8900,72.0100,72.5600,7030300.0000,72.5600
11/03/2025,72.5600,73.2000,72.0600,72.7400,4473600.0000,72.7400
11/04/2025,71.9200,72.5200,71.7800,71.9300,3196200.0000,71.9300
11/05/2025,71.6800,72.4600,70.9400,71.0300,3309200.0000,71.0300
11/06/2025,70.6200,71.1100,70.1300,70.8800,4127300.0000,70.8800
11/07/2025,71.2800,71.4500,70.7200,71.2600,3627000.0000,71.2600
11/10/2025,71.5900,71.7700,70.8600,71.6800,2525500.0000,71.6800
11/11/2025,72.4300,73.0700,72.4300,72.7200,3677200.0000,72.7200
11/12/2025,71.0900,71.0900,69.6400,69.7900,5070800.0000,69.7900
11/13/2025,70.5000,70.5400,69.8500,69.8500,4174700.0000,69.8500
11/14/2025,71.3200,71.9600,71.1300,71.3800,4159900.0000,71.3800
11/17/2025,71.6000,71.7800,71.2900,71.3000,3647400.0000,71.3000
11/18/2025,71.3200,72.6800,70.9100,72.5000,5343000.0000,72.5000
11/19/2025,70.4800,70.9100,70.1100,70.8800,4790200.0000,70.8800
11/20/2025,71.2700,71.7900,70.0200,70.1500,5542200.0000,70.1500
11/21/2025,69.2700,69.5300,68.5800,69.3000,7120500.0000,69.3000
11/24/2025,69.2700,70.5900,68.8500,70.4200,4551300.0000,70.4200
11/25/2025,68.9500,69.4900,68.2600,69.2500,5888800.0000,69.2500
11/26/2025,69.0700,70.1900,69.0500,70.0400,3201800.0000,70.0400
11/28/2025,70.4400,71.3000,70.4400,71.0700,3363800.0000,71.0700
12/01/2025,70.6100,71.3300,70.6100,71.0600,4462800.0000,71.0600
12/02/2025,70.5400,71.0400,69.7200,70.2000,6339600.0000,70.2000
12/03/2025,70.7500,71.3000,70.3700,70.6600,3173600.0000,70.6600
12/04/2025,70.6500,71.7600,70.3500,71.3900,3957500.0000,71.3900
12/05/2025,71.3300,72.3400,71.3100,71.9200,4323600.0000,71.9200
12/08/2025,70.8200,71.1800,70.2700,70.4900,3073400.0000,70.4900
12/09/2025,70.3800,70.4200,69.6600,69.8600,3111300.0000,69.8600
12/10/2025,69.4300,70.7000,69.1300,70.5400,8096000.0000,70.5400
12/11/2025,68.5900,69.2900,68.3100,69.2500,8487500.0000,69.2500
12/12/2025,68.8700,69.1300,68.4700,68.8100,5306000.0000,68.8100
12/15/2025,68.4900,68.5300,67.6100,67.8900,6298800.0000,67.8900
12/16/2025,66.7500,66.7800,65.9900,66.1700,6816100.0000,66.1700
12/17/2025,67.2200,68.0600,66.8300,67.9800,7398000.0000,67.9800
12/18/2025,67.7700,67.9400,67.1000,67.1900,4713800.0000,67.1900
12/19/2025,67.7400,68.2000,67.4400,68.0300,4003300.0000,68.0300
12/22/2025,69.5600,69.8500,69.2200,69.7300,4491500.0000,69.7300
12/23/2025,69.6200,70.3600,69.4500,70.3000,3517300.0000,70.3000
12/24/2025,70.4700,70.5800,69.9400,70.2000,1596400.0000,70.2000
12/26/2025,69.6600,69.7600,68.1800,68.4800,4224500.0000,68.4800
12/29/2025,69.8500,70.1300,69.5700,69.6100,2758000.0000,69.6100
12/30/2025,70.2800,70.3300,69.6500,69.7400,2324200.0000,69.7400
12/31/2025,70.2000,70.2600,68.8500,69.1600,2218700.0000,69.1600
01/02/2026,68.4300,69.1500,68.1500,68.9600,5012300.0000,68.9600
01/05/2026,69.7300,70.4000,69.2300,70.2200,4987100.0000,70.2200
01/06/2026,70.6000,70.7400,68.4600,68.5100,5432900.0000,68.5100
01/07/2026,68.2400,68.3100,67.3500,67.7900,5317500.0000,67.7900
01/08/2026,68.7900,70.6500,68.3900,70.5400,6558600.0000,70.5400
01/09/2026,70.8800,71.9400,70.7700,70.7800,5925100.0000,70.7800
01/12/2026,70.9600,72.0000,70.4700,71.6500,5703400.0000,71.6500
01/13/2026,72.7800,73.9400,72.7500,73.4800,10694200.0000,73.4800
01/14/2026,74.2600,75.1600,71.4100,72.6100,17618100.0000,72.6100
01/15/2026,71.6000,71.7100,71.0000,71.1300,4748400.0000,71.1300
01/16/2026,72.3000,72.5200,71.5700,71.6500,4492100.0000,71.6500
01/20/2026,72.8000,73.1300,71.7100,71.8600,7577200.0000,71.8600
01/21/2026,72.8400,73.4600,72.6000,73.3400,4291300.0000,73.3400
01/22/2026,72.4300,72.5000,71.2700,71.8200,4973400.0000,71.8200
01/23/2026,73.7600,74.0500,73.3800,73.9500,5427600.0000,73.9500
01/26/2026,73.3600,73.7700,72.9400,73.4800,4486300.0000,73.4800
01/27/2026,73.9500,75.7100,73.6900,75.6600,6164600.0000,75.6600
01/28/2026,76.2600,76.7400,75.6300,76.6200,6508700.0000,76.6200
01/29/2026,80.1100,80.3800,78.1700,79.1400,13188800.0000,79.1400
01/30/2026,79.4400,79.9500,77.6500,79.5200,11586200.0000,79.5200
02/02/2026,75.5000,75.6700,74.4600,75.3300,8544400.0000,75.3300
02/03/2026,75.8500,77.6400,75.6400,77.4700,10887400.0000,77.4700
02/04/2026,76.5200,79.3700,76.2000,77.8800,17514900.0000,77.8800
02/05/2026,76.8600,77.3100,75.8800,76.6900,5989500.0000,76.6900
02/06/2026,76.2400,77.9900,76.1700,76.9900,6661500.0000,76.9900
02/09/2026,76.8300,78.6300,76.7900,78.0200,3201100.0000,78.0200
02/10/2026,78.3000,78.4400,77.2800,78.0300,6542000.0000,78.0300
02/11/2026,79.6800,79.8300,78.2400,78.8900,10313100.0000,78.8900
02/12/2026,78.0000,78.0700,75.7100,76.3800,7442600.0000,76.3800
02/13/2026,76.1200,76.7200,75.6600,76.2200,6172200.0000,76.2200
02/17/2026,76.2100,76.4800,75.1800,75.7300,9329600.0000,75.7300
02/18/2026,77.9200,79.6300,77.8500,79.4000,10251400.0000,79.4000
02/19/2026,80.4300,81.2700,79.6900,81.1900,11768000.0000,81.1900
02/20/2026,80.5400,81.2400,80.1700,80.8500,9427300.0000,80.8500
02/23/2026,81.4900,81.9200,80.5000,80.9000,5941200.0000,80.9000
02/24/2026,81.1900,81.2200,79.8000,80.7600,10649500.0000,80.7600
02/25/2026,80.1000,80.1400,79.3200,79.7300,6547300.0000,79.7300
02/26/2026,78.1500,81.2400,78.0400,79.7700,18725900.0000,79.7700
02/27/2026,82.0000,82.1200,80.5800,81.9500,12164700.0000,81.9500
03/02/2026,87.6200,88.6400,83.2000,87.1900,41780500.0000,87.1900
03/03/2026,94.1000,94.3700,87.3300,90.2000,50397900.0000,90.2000
03/04/2026,90.2200,91.5900,89.1100,91.5600,28457300.0000,91.5600
03/05/2026,94.4600,98.8300,94.0600,96.3100,47311300.0000,96.3100
03/06/2026,105.3800,109.9800,104.5300,108.7700,68722000.0000,108.7700
03/09/2026,119.4200,124.0700,98.4700,104.3300,143771900.0000,104.3300
03/10/2026,107.1300,107.5600,94.2300,105.8600,135401400.0000,105.8600
03/11/2026,105.0300,108.3600,100.9900,108.0500,80928900.0000,108.0500
03/12/2026,115.6900,119.1300,113.9100,118.3900,93641500.0000,118.3900
03/13/2026,115.0800,121.1500,114.5600,119.8900,59716000.0000,119.8900
03/16/2026,116.9300,118.9100,114.3600,115.0300,66869700.0000,115.0300
03/17/2026,117.4200,119.1300,116.0700,118.8400,40127600.0000,118.8400
03/18/2026,121.0300,122.8700,117.4500,121.6700,70647800.0000,121.6700
03/19/2026,120.4000,125.1900,114.6800,117.3600,96157300.0000,117.3600
03/20/2026,118.9600,123.0200,118.3300,121.4300,49738900.0000,121.4300
03/23/2026,113.2900,114.4500,106.4500,110.5600,91139700.0000,110.5600
03/24/2026,115.2300,116.3500,112.7700,114.5400,48623800.0000,114.5400
03/25/2026,109.2900,114.2500,109.0200,113.3900,41976300.0000,113.3900
03/26/2026,116.7300,118.9400,115.2000,117.2600,42398600.0000,117.2600
03/27/2026,120.7900,125.3000,120.4700,124.2000,32843700.0000,124.2000
03/30/2026,126.8400,130.0800,126.3100,129.8300,40484900.0000,129.8300
03/31/2026,129.3500,130.9300,124.2000,127.2500,58856900.0000,127.2500
04/01/2026,124.8600,125.7300,122.4800,124.0900,45287000.0000,124.0900
04/02/2026,139.2700,140.0000,131.8900,137.9200,63983600.0000,137.9200
04/06/2026,138.5100,140.8900,136.3800,138.9400,28315500.0000,138.9400
04/07/2026,141.3300,143.9800,130.0000,138.0800,50936400.0000,138.0800
04/08/2026,119.0600,125.2300,118.0600,124.5800,52449300.0000,124.5800
04/09/2026,127.1900,129.6400,123.0600,126.9600,44214800.0000,126.9600
04/10/2026,125.6100,127.7800,123.9800,124.8200,16178900.0000,124.8200
04/13/2026,133.3700,133.5300,127.1600,128.4700,22427800.0000,128.4700
04/14/2026,127.1000,127.2300,122.9100,123.8500,14735600.0000,123.8500
04/15/2026,123.2500,125.2400,122.3300,122.5900,13952800.0000,122.5900
04/16/2026,124.0700,128.2800,124.0500,125.8400,13470200.0000,125.8400
04/17/2026,114.7300,116.8700,110.3500,116.0400,38315300.0000,116.0400
04/20/2026,119.8400,122.8800,119.4000,121.3200,15244900.0000,121.3200
04/21/2026,121.5100,128.8900,121.0300,128.2500,23309500.0000,128.2500
04/22/2026,127.3600,131.0100,127.0700,129.4000,11894500.0000,129.4000
04/23/2026,131.2600,137.4600,129.8700,134.7200,19181600.0000,134.7200
04/24/2026,132.6300,133.8700,129.5500,132.4000,14228400.0000,132.4000
04/27/2026,133.9600,136.4900,133.2100,134.7200,7019600.0000,134.7200
04/28/2026,138.8500,140.4000,138.0200,139.6000,11944900.0000,139.6000
04/29/2026,146.1500,151.6300,145.9400,150.6300,14903300.0000,150.6300
04/30/2026,146.3200,149.0600,144.4800,147.0900,10614100.0000,147.0900
05/01/2026,143.5300,143.8500,138.8000,142.8000,12798600.0000,142.8000
05/04/2026,143.8500,149.4700,142.2300,147.6100,15170600.0000,147.6100
05/05/2026,143.9100,144.8000,142.1400,144.1700,8551000.0000,144.1700
05/06/2026,135.3300,136.6400,132.5600,133.9500,12535300.0000,133.9500
05/07/2026,128.7700,136.7900,127.3800,134.9700,15902200.0000,134.9700
05/08/2026,132.3700,135.2200,132.1400,133.5900,7739600.0000,133.5900
05/11/2026,136.6900,140.9000,135.8600,138.6600,6252800.0000,138.6600
05/12/2026,143.8300,144.8000,143.0900,144.3000,6109900.0000,144.3000
05/13/2026,143.9200,145.0000,141.2700,142.0400,4719900.0000,142.0400
05/14/2026,140.9400,143.0000,140.5900,143.0000,4656000.0000,143.0000
05/15/2026,145.5500,148.4100,145.1700,148.2300,5588300.0000,148.2300
05/18/2026,145.9100,154.0800,144.9600,149.2900,10817300.0000,149.2900
05/19/2026,152.8800,153.5000,150.2200,152.9600,5514800.0000,152.9600
05/20/2026,149.4500,150.5400,141.9600,144.2700,11573800.0000,144.2700
05/21/2026,149.2700,150.2600,140.2300,142.5400,10203800.0000,142.5400
05/22/2026,141.4300,143.7800,138.7100,140.9200,7541300.0000,140.9200
05/26/2026,136.3400,138.7000,135.9400,137.0000,7574200.0000,137.0000
05/27/2026,131.3900,133.5800,129.6400,131.0300,8423300.0000,131.0300
05/28/2026,133.3400,133.8400,127.7700,130.7800,7533300.0000,130.7800
05/29/2026,128.3100,130.3200,126.5500,129.0900,8226600.0000,129.0900
06/01/2026,135.6500,138.9100,133.0200,135.5000,11053300.0000,135.5000
06/02/2026,135.0700,137.6700,134.1800,137.2700,3831200.0000,137.2700
06/03/2026,139.4600,141.4200,138.3900,140.8600,4766200.0000,140.8600
06/04/2026,136.6700,137.0500,135.0100,136.7400,4192000.0000,136.7400
06/05/2026,135.1400,135.2000,132.2400,133.0200,4653800.0000,133.0200
06/08/2026,134.9500,136.5300,133.9500,135.1500,4564300.0000,135.1500
06/09/2026,132.0100,133.0400,128.1800,131.3000,9321500.0000,131.3000
06/10/2026,132.9300,136.6100,132.6300,134.3000,7519500.0000,134.3000
06/11/2026,134.2700,135.9800,127.8700,128.8300,12187300.0000,128.8300
06/12/2026,127.0300,129.7700,125.3000,125.4300,8521300.0000,125.4300
06/15/2026,119.8400,121.4800,119.0200,121.2100,5839100.0000,121.2100
06/16/2026,116.3400,116.9900,113.3100,115.4700,7728800.0000,115.4700
06/17/2026,115.4400,120.0000,114.1300,114.2300,5504000.0000,114.2300
06/18/2026,112.4700,115.3300,110.4800,114.8700,5560100.0000,114.8700
06/22/2026,112.6300,112.8100,111.1300,112.6900,4524400.0000,112.6900
06/23/2026,110.9200,111.5300,110.0600,111.2600,3153900.0000,111.2600
06/24/2026,106.2900,107.6600,105.6500,106.2900,5035500.0000,106.2900
06/25/2026,106.0300,110.0500,105.8700,109.3100,6186900.0000,109.3100
06/26/2026,105.8300,106.1700,104.0700,105.4800,9624500.0000,105.4800
06/29/2026,106.6500,107.9900,106.1900,107.0800,3173300.0000,107.0800
06/30/2026,108.1500,108.1500,105.1200,106.4400,3736500.0000,106.4400
07/01/2026,104.5500,105.0000,103.1500,103.2700,3111300.0000,103.2700
07/02/2026,102.8500,104.4600,102.4200,103.9800,2203900.0000,103.9800
07/06/2026,104.5300,105.0200,103.6600,104.3500,1635900.0000,104.3500
07/07/2026,105.6700,109.8400,105.4900,108.9200,7307100.0000,108.9200
07/08/2026,112.3600,115.0000,110.9500,112.2100,14148900.0000,112.2100
07/09/2026,110.8400,110.9000,108.3800,109.0100,5521900.0000,109.0100
07/10/2026,109.3100,110.9000,107.4900,108.7000,4488400.0000,108.7000
07/13/2026,111.8900,119.0500,111.7100,117.7900,13024300.0000,117.7900
07/14/2026,120.6500,121.3700,117.7300,120.1700,10211300.0000,120.1700
07/15/2026,121.4500,121.8700,118.3500,121.3800,6332500.0000,121.3800
07/16/2026,121.2100,121.4300,118.7000,119.3000,3993100.0000,119.3000
07/17/2026,123.2000,124.8800,121.4500,123.9600,5953900.0000,123.9600
07/20/2026,123.7800,126.5700,123.4400,125.5100,6696100.0000,125.5100
07/21/2026,128.9200,129.4000,127.5000,128.8500,6079700.0000,128.8500
07/22/2026,131.4200,132.9100,130.5900,131.6800,6708200.0000,131.6800
07/23/2026,138.5200,142.3300,138.1500,139.4900,12732100.0000,139.4900
07/24/2026,137.7200,137.8100,133.5300,136.6900,9036300.0000,136.6900
07/27/2026,128.6600,128.6600,124.5800,124.7600,9422500.0000,124.7600
07/28/2026,123.6700,124.5500,118.4800,120.4900,8187100.0000,120.4900
07/29/2026,128.4600,130.3000,128.0100,129.3100,7865600.0000,129.3100
07/30/2026,127.1200,129.2100,126.9100,127.4800,3744800.0000,127.4800
07/31/2026,130.1800,130.9800,127.9500,129.1700,4676600.0000,129.1700
08/03/2026,120.8000,122.8600,119.5400,122.1200,7297300.0000,122.1200
08/04/2026,117.0000,117.6200,114.8600,115.7800,7564700.0000,115.7800