Date,Open,High,Low,Close,Volume,Adj Close
06/22/2006,44.4700,45.3200,44.4700,45.0700,14000.0000,35.1195
06/23/2006,46.1900,46.2500,45.9700,45.9900,17700.0000,35.8364
06/26/2006,46.4800,46.4800,46.0500,46.3100,4700.0000,36.0858
06/27/2006,46.5100,47.0600,45.9700,45.9700,11900.0000,35.8208
06/28/2006,46.0900,46.3400,45.8100,46.3400,20900.0000,36.1091
06/29/2006,46.1800,49.2900,46.1800,49.2900,125100.0000,38.4078
06/30/2006,49.7000,49.8500,49.0000,49.4800,42500.0000,38.5559
07/03/2006,50.3700,50.8500,50.3700,50.8300,9700.0000,39.6078
07/05/2006,50.0800,50.3400,49.3400,50.0000,16100.0000,38.9611
07/06/2006,50.2000,50.7900,49.9700,50.0500,18200.0000,39.0000
07/07/2006,49.8500,50.1800,49.2000,49.3600,23100.0000,38.4624
07/10/2006,49.3400,49.3700,48.7400,49.0800,11000.0000,38.2442
07/11/2006,49.0400,49.0600,48.3400,49.0600,82600.0000,38.2286
07/12/2006,49.6000,49.9200,48.7600,48.7600,23700.0000,37.9948
07/13/2006,47.8300,47.9000,46.5800,46.6300,67700.0000,36.3351
07/14/2006,46.7400,46.7400,45.6000,46.0300,94100.0000,35.8676
07/17/2006,46.2900,46.2900,45.0000,45.1900,111000.0000,35.2130
07/18/2006,45.9000,45.9200,44.5200,45.1600,84800.0000,35.1896
07/19/2006,45.6700,47.4900,45.6700,47.2000,6700.0000,36.7792
07/20/2006,47.0900,47.0900,44.7600,44.7600,143900.0000,34.8779
07/21/2006,44.7000,44.7000,42.9400,42.9900,12600.0000,33.4987
07/24/2006,43.3200,43.8700,42.6800,43.5800,15800.0000,33.9585
07/25/2006,44.2600,45.3400,44.0200,45.3400,20900.0000,35.3299
07/26/2006,43.9800,44.8100,43.5500,44.8100,28100.0000,34.9169
07/27/2006,45.3500,45.3900,44.0000,44.0800,8700.0000,34.3481
07/28/2006,44.0800,44.0800,44.0800,44.0800,,34.3481
07/31/2006,44.9500,46.2500,44.9000,45.9100,11300.0000,35.7741
08/01/2006,44.9100,45.3600,44.9100,45.3600,19800.0000,35.3455
08/02/2006,45.9600,47.0400,45.9600,46.3800,14200.0000,36.1403
08/03/2006,46.2300,46.4800,46.0100,46.4800,7100.0000,36.2182
08/04/2006,47.0000,47.1500,45.2500,45.3000,53900.0000,35.2987
08/07/2006,45.8000,46.1700,45.6100,45.9200,5500.0000,35.7818
08/08/2006,45.9000,45.9000,44.7300,44.8700,5900.0000,34.9637
08/09/2006,44.3500,45.6400,44.3500,44.8400,56000.0000,34.9403
08/10/2006,44.3700,44.6000,44.0700,44.4300,8600.0000,34.6208
08/11/2006,44.4400,44.4400,43.5300,43.5400,3600.0000,33.9273
08/14/2006,43.3000,43.5800,42.8200,42.8200,44000.0000,33.3663
08/15/2006,43.3000,44.1400,43.1800,43.9800,5400.0000,34.2701
08/16/2006,44.7800,45.4500,44.7800,45.3800,3500.0000,35.3611
08/17/2006,45.3000,45.3900,44.4600,44.6600,12200.0000,34.8000
08/18/2006,45.1700,45.1700,44.5200,45.1000,1700.0000,35.1429
08/21/2006,45.1000,45.6300,45.0600,45.2800,5300.0000,35.2831
08/22/2006,45.2500,45.2500,44.9400,45.0100,7900.0000,35.0727
08/23/2006,45.2300,45.2300,44.2300,44.3100,4700.0000,34.5273
08/24/2006,44.4600,44.4600,43.7400,44.0700,7500.0000,34.3403
08/25/2006,44.6300,44.7500,44.3000,44.4600,14300.0000,34.6442
08/28/2006,44.0800,44.0800,43.8200,43.8200,3000.0000,34.1455
08/29/2006,44.2100,44.2300,43.3100,44.2300,13900.0000,34.4650
08/30/2006,44.3500,44.3500,43.7400,43.8900,5400.0000,34.2000
08/31/2006,44.1700,44.3100,44.1200,44.3100,1200.0000,34.5273
09/01/2006,44.3300,45.2000,44.2000,45.0800,6000.0000,35.1273
09/05/2006,45.3100,46.2800,45.3100,46.2200,9900.0000,36.0156
09/06/2006,46.0400,46.0400,44.8900,44.9000,7500.0000,34.9870
09/07/2006,44.2100,44.2100,43.7700,44.0300,4500.0000,34.3091
09/08/2006,43.7300,43.7400,43.3200,43.3900,5100.0000,33.8104
09/11/2006,41.7400,41.8300,40.7500,40.8000,17600.0000,31.7922
09/12/2006,41.0300,41.7700,40.8600,41.1600,13500.0000,32.0728
09/13/2006,41.4300,42.3600,41.4300,42.3600,8400.0000,33.0078
09/14/2006,42.4200,42.4500,41.1000,41.3000,16000.0000,32.1818
09/15/2006,41.2300,41.6300,41.1400,41.5100,3900.0000,32.4161
09/18/2006,41.8400,42.4800,41.8100,42.1900,3500.0000,32.9471
09/19/2006,42.0300,42.0300,41.0000,41.4300,14400.0000,32.3536
09/20/2006,41.3900,41.8500,40.7700,40.9300,10200.0000,31.9632
09/21/2006,41.5200,41.7800,41.0400,41.0400,2000.0000,32.0491
09/22/2006,40.7700,40.7700,40.0700,40.1900,3500.0000,31.3853
09/25/2006,39.5100,39.7700,38.4800,39.7200,12400.0000,31.0183
09/26/2006,40.0100,41.4000,40.0100,41.4000,12800.0000,32.3302
09/27/2006,41.5000,41.5900,40.9300,41.2500,11600.0000,32.2131
09/28/2006,41.6200,41.6500,41.2000,41.3500,4600.0000,32.2912
09/29/2006,41.5300,41.6700,41.3800,41.3800,1200.0000,32.3146
10/02/2006,41.6000,41.7700,41.3300,41.3300,6000.0000,32.2756
10/03/2006,40.5500,40.5500,39.6700,39.6700,10600.0000,30.9792
10/04/2006,39.9000,39.9800,38.9100,39.9600,4500.0000,31.2057
10/05/2006,41.1000,42.0900,40.9000,42.0500,98800.0000,32.8378
10/06/2006,41.5800,42.2200,41.4100,42.0700,10900.0000,32.8534
10/09/2006,42.5600,43.4000,42.4600,42.6100,15100.0000,33.2751
10/10/2006,42.4000,43.7700,42.4000,43.6500,11600.0000,34.0873
10/11/2006,43.5000,43.9500,43.1800,43.4000,11800.0000,33.8921
10/12/2006,43.6000,44.8000,43.6000,44.7800,18600.0000,34.9697
10/13/2006,44.7000,45.4900,44.7000,45.2000,25700.0000,35.2977
10/16/2006,45.9000,46.3000,45.6800,46.2700,24000.0000,36.1333
10/17/2006,45.7800,46.0300,45.1000,45.9500,14300.0000,35.8834
10/18/2006,46.4200,46.4200,45.0000,45.3700,17700.0000,35.4305
10/19/2006,46.2300,46.9500,46.0200,46.8900,11100.0000,36.6175
10/20/2006,46.5400,46.5400,45.8500,45.8900,17600.0000,35.8366
10/23/2006,45.5300,46.3200,45.5300,46.3200,10200.0000,36.1724
10/24/2006,46.2000,48.1100,46.2000,48.1100,24400.0000,37.5702
10/25/2006,48.1200,48.7200,47.9200,48.4300,23100.0000,37.8201
10/26/2006,48.3900,48.5000,47.6700,48.2300,24400.0000,37.6639
10/27/2006,48.1300,49.0400,48.0200,48.0200,19700.0000,37.4999
10/30/2006,47.9900,48.0900,47.6300,47.6300,10600.0000,37.1954
10/31/2006,47.1700,47.5900,46.9300,47.4500,26200.0000,37.0548
11/01/2006,47.9500,48.6400,46.5600,46.5900,22600.0000,36.3832
11/02/2006,46.7000,47.1100,46.2800,46.8500,32800.0000,36.5863
11/03/2006,47.1300,47.4500,47.1000,47.3600,10300.0000,36.9845
11/06/2006,47.3800,48.4200,47.3800,48.1600,23200.0000,37.6093
11/07/2006,48.1400,48.3500,47.5800,47.8300,111400.0000,37.3516
11/08/2006,48.0300,48.1300,47.4900,47.7600,17300.0000,37.2969
11/09/2006,48.0000,49.2100,47.9100,48.4700,43700.0000,37.8513
11/10/2006,48.3000,48.3400,47.0400,47.3900,19000.0000,37.0079
11/13/2006,46.8500,47.7000,46.7300,47.6200,28200.0000,37.1876
11/14/2006,47.5900,47.6900,47.0900,47.5800,22200.0000,37.1563
11/15/2006,47.4400,48.4500,47.2600,48.0200,7000.0000,37.4999
11/16/2006,48.2800,48.2800,46.3500,46.4100,17400.0000,36.2426
11/17/2006,46.3400,47.6200,46.3400,47.4800,7300.0000,37.0782
11/20/2006,48.9900,49.4800,48.5500,48.6000,20100.0000,37.9529
11/21/2006,49.3500,50.0800,49.2000,50.0700,14300.0000,39.1008
11/22/2006,50.5700,50.5700,49.6900,50.2900,33600.0000,39.2726
11/24/2006,50.4500,50.7900,50.3500,50.6600,10300.0000,39.5616
11/27/2006,50.7000,50.7000,49.5000,49.6100,29900.0000,38.7416
11/28/2006,49.5900,49.9400,49.3300,49.8900,10000.0000,38.9602
11/29/2006,50.2800,51.4000,50.1900,51.4000,24200.0000,40.1394
11/30/2006,51.5000,52.2900,51.2900,52.1000,31100.0000,40.6861
12/01/2006,52.3500,52.3500,51.1400,51.7100,76100.0000,40.3815
12/04/2006,51.9000,53.0700,51.8900,53.0100,43800.0000,41.3967
12/05/2006,53.0000,53.2000,52.3300,52.8900,32300.0000,41.3030
12/06/2006,52.4000,53.4500,52.4000,52.8600,23400.0000,41.2796
12/07/2006,52.9400,53.6200,52.6400,53.2300,27800.0000,41.5685
12/08/2006,53.2000,53.3000,52.7300,53.1000,26700.0000,41.4670
12/11/2006,53.1000,53.1000,52.7000,52.7900,47300.0000,41.2249
12/12/2006,51.8200,51.8200,50.6700,51.0000,249500.0000,39.8271
12/13/2006,51.0600,51.6200,51.0500,51.6200,21000.0000,40.3112
12/14/2006,52.0500,52.0500,51.3800,51.5100,21800.0000,40.2253
12/15/2006,51.3600,51.5700,50.9100,51.1000,28100.0000,39.9898
12/18/2006,50.9800,51.0800,49.6700,49.7400,59100.0000,38.9255
12/19/2006,49.4400,50.6500,49.4000,50.5900,34200.0000,39.5907
12/20/2006,50.7300,50.7600,49.6200,49.7000,43200.0000,38.8942
12/21/2006,49.0000,49.0600,48.4100,48.6900,22800.0000,38.1038
12/22/2006,48.1500,48.5200,48.1500,48.4000,82400.0000,37.8768
12/26/2006,48.8400,49.1500,48.6700,48.7600,15300.0000,38.1586
12/27/2006,49.1600,49.8000,49.0200,49.8000,175900.0000,38.9724
12/28/2006,50.2800,50.2800,49.5600,49.6500,81700.0000,38.8551
12/29/2006,49.4500,49.4500,49.0800,49.0800,13900.0000,38.4090
01/03/2007,49.0200,49.0200,47.2500,47.6600,153500.0000,37.2977
01/04/2007,47.0300,47.5000,47.0300,47.4200,159200.0000,37.1099
01/05/2007,47.2200,47.2200,46.5200,47.0100,39200.0000,36.7890
01/08/2007,47.1500,47.6100,47.0500,47.4900,21700.0000,37.1647
01/09/2007,46.9500,47.3700,46.5400,46.9500,53300.0000,36.7421
01/10/2007,46.9400,47.6200,46.9400,47.5100,47200.0000,37.1803
01/11/2007,47.8400,48.4000,47.7300,47.9400,127000.0000,37.5168
01/12/2007,48.2300,48.9900,48.2300,48.9900,7800.0000,38.3385
01/16/2007,48.8000,48.8000,48.1400,48.1800,18500.0000,37.7047
01/17/2007,48.3000,48.7500,48.2900,48.5800,9500.0000,38.0177
01/18/2007,48.9000,49.1600,47.6600,47.7000,135700.0000,37.3290
01/19/2007,48.0700,49.0000,48.0700,49.0000,7000.0000,38.3464
01/22/2007,49.2000,49.2000,48.3000,48.6500,22000.0000,38.0725
01/23/2007,49.4500,50.3300,49.4500,50.3300,67900.0000,39.3872
01/24/2007,50.1500,50.9800,49.9100,50.9800,32200.0000,39.8959
01/25/2007,51.3000,51.6600,50.6400,50.7600,282100.0000,39.7237
01/26/2007,50.8600,51.4600,50.5600,51.4100,28500.0000,40.2324
01/29/2007,51.4500,51.9300,51.1500,51.1500,72700.0000,40.0289
01/30/2007,51.6000,52.4500,51.6000,52.1500,179200.0000,40.8115
01/31/2007,52.4200,52.9100,52.1800,52.7900,58400.0000,41.3124
02/01/2007,53.2600,53.8300,52.8600,53.7700,1290600.0000,42.0793
02/02/2007,53.0100,53.4900,52.8000,53.3800,91100.0000,41.7741
02/05/2007,53.2400,53.6600,52.9000,53.1000,23200.0000,41.5549
02/06/2007,53.3000,53.6500,53.0800,53.5300,71200.0000,41.8914
02/07/2007,53.7000,54.0100,52.9500,53.2100,93300.0000,41.6410
02/08/2007,52.7100,53.2800,52.4600,53.1200,52000.0000,41.5706
02/09/2007,53.0500,53.2200,52.0100,52.2300,31400.0000,40.8741
02/12/2007,52.3500,52.6500,51.7500,52.2500,81200.0000,40.8897
02/13/2007,53.3500,53.7700,53.0400,53.3500,96600.0000,41.7506
02/14/2007,53.5000,54.1600,53.4000,53.6800,61900.0000,42.0088
02/15/2007,54.0000,54.5200,53.8800,54.2300,149000.0000,42.4393
02/16/2007,53.9900,54.4100,53.9500,54.4000,32100.0000,42.5723
02/20/2007,54.0300,54.6000,53.6000,54.4000,112300.0000,42.5723
02/21/2007,54.4900,56.1500,54.2700,56.1500,226400.0000,43.9418
02/22/2007,56.4000,56.7500,55.9000,56.5000,139800.0000,44.2157
02/23/2007,56.4700,57.2200,56.2400,56.4900,61000.0000,44.2079
02/26/2007,56.9000,57.0000,56.2000,56.6000,63000.0000,44.2940
02/27/2007,54.4800,54.9700,52.2300,52.6000,311600.0000,41.1637
02/28/2007,52.6700,54.3800,52.2500,54.0000,1437100.0000,42.2593
03/01/2007,52.4000,54.3300,52.0800,53.6700,103200.0000,42.0010
03/02/2007,53.3600,53.6900,51.6800,51.6800,131500.0000,40.4437
03/05/2007,50.8000,51.7800,50.3000,50.8500,356800.0000,39.7941
03/06/2007,52.0700,52.8400,51.6900,52.7100,54400.0000,41.2497
03/07/2007,52.5200,53.6400,52.5000,52.9000,58200.0000,41.3984
03/08/2007,54.2000,54.4400,53.5600,53.7900,137800.0000,42.0949
03/09/2007,54.2300,54.5900,53.6300,54.2900,168800.0000,42.4862
03/12/2007,54.2800,54.6000,53.4300,54.2500,78200.0000,42.4549
03/13/2007,54.2500,54.6000,52.3500,52.3500,211200.0000,40.9680
03/14/2007,52.9500,53.5700,51.8100,53.4900,156400.0000,41.8601
03/15/2007,53.6500,54.9100,53.6000,54.2300,94000.0000,42.4393
03/16/2007,54.2700,54.5100,53.5000,53.7400,111700.0000,42.1319
03/19/2007,54.3000,54.8800,54.0000,54.8600,101500.0000,43.0100
03/20/2007,55.2400,55.7000,54.7800,55.1400,106200.0000,43.2295
03/21/2007,55.4500,56.5300,55.4500,56.4800,86100.0000,44.2801
03/22/2007,56.6600,57.1100,56.5000,56.6600,104700.0000,44.4212
03/23/2007,56.8000,57.1200,56.4700,56.8600,80200.0000,44.5780
03/26/2007,57.2400,57.6100,56.2100,57.4800,432700.0000,45.0641
03/27/2007,57.3000,57.3000,56.7200,56.8400,105300.0000,44.5623
03/28/2007,56.6300,56.8600,56.2100,56.4700,68600.0000,44.2722
03/29/2007,57.2000,57.5700,56.7100,57.3300,102000.0000,44.9465
03/30/2007,57.5500,58.0100,57.2000,57.2300,32900.0000,44.8681
04/02/2007,57.6000,58.2500,57.3100,58.1900,1150800.0000,45.6207
04/03/2007,58.4000,58.7300,58.2000,58.4100,77200.0000,45.7932
04/04/2007,58.4500,59.4300,58.1700,59.3700,177800.0000,46.5458
04/05/2007,59.3200,60.1500,59.3200,59.7300,78100.0000,46.8281
04/09/2007,60.3400,60.9800,60.1900,60.6100,274400.0000,47.5180
04/10/2007,60.7500,60.7500,60.1500,60.4900,86300.0000,47.4239
04/11/2007,60.8300,60.8300,59.5500,59.8500,107600.0000,46.9221
04/12/2007,60.2500,60.6400,60.0100,60.6400,102600.0000,47.5415
04/13/2007,60.7600,61.4700,60.5300,61.4500,169500.0000,48.1765
04/16/2007,62.0600,62.8900,61.7500,62.8400,199800.0000,49.2663
04/17/2007,62.8400,63.0000,62.0400,62.1400,123500.0000,48.7175
04/18/2007,61.4400,61.6900,61.0600,61.3700,189000.0000,48.1138
04/19/2007,60.3700,61.2600,59.9800,61.1300,190600.0000,47.9257
04/20/2007,62.2700,62.3600,61.9800,62.3600,261700.0000,48.8900
04/23/2007,62.7100,63.7800,62.7100,63.4900,200400.0000,49.7759
04/24/2007,63.2000,63.2000,62.2400,62.6400,98900.0000,49.1095
04/25/2007,63.3500,64.2600,63.1700,63.9100,118400.0000,50.1052
04/26/2007,63.6500,63.8700,63.1000,63.8700,78900.0000,50.0738
04/27/2007,63.2000,63.6100,62.9600,63.3300,52000.0000,49.6504
04/30/2007,63.1800,63.7900,62.1300,62.1300,166800.0000,48.7097
05/01/2007,62.0500,62.0500,60.6800,61.4600,466100.0000,48.1844
05/02/2007,62.0300,62.8300,62.0300,62.5700,1081700.0000,49.0546
05/03/2007,62.7400,63.2100,62.2400,63.2100,596500.0000,49.5564
05/04/2007,63.5600,63.6400,62.5100,63.0300,182300.0000,49.4152
05/07/2007,63.7400,64.1400,63.6900,64.0500,502600.0000,50.2149
05/08/2007,64.0000,64.6200,63.4800,64.5700,210900.0000,50.6226
05/09/2007,64.4400,66.2000,64.4400,66.0000,232900.0000,51.7437
05/10/2007,65.3900,65.6100,63.9300,64.2600,216600.0000,50.3796
05/11/2007,64.8600,65.9300,64.6900,65.6500,194500.0000,51.4693
05/14/2007,65.9900,66.0200,64.2700,64.8800,370800.0000,50.8656
05/15/2007,64.9000,65.4100,64.3400,64.4100,160800.0000,50.4972
05/16/2007,64.9500,64.9500,63.4700,64.2000,492000.0000,50.3325
05/17/2007,63.9800,64.1800,63.4000,63.8100,408500.0000,50.0268
05/18/2007,63.8700,65.1800,63.8700,65.1800,120800.0000,51.1008
05/21/2007,65.1100,66.3000,65.0600,65.6300,133800.0000,51.4537
05/22/2007,65.5500,65.9000,64.6200,64.6600,109900.0000,50.6932
05/23/2007,65.2000,66.4300,65.1500,65.1800,165200.0000,51.1008
05/24/2007,65.3800,65.6000,62.9600,63.0700,457600.0000,49.4466
05/25/2007,63.8700,64.7300,63.8000,64.7200,263800.0000,50.7402
05/29/2007,65.1700,65.2200,64.1100,64.5800,126900.0000,50.6304
05/30/2007,63.7300,65.7200,63.6600,65.7200,202300.0000,51.5242
05/31/2007,66.1100,66.7600,65.8200,66.2300,257200.0000,51.9240
06/01/2007,66.5600,67.5000,66.5600,67.1800,217700.0000,52.6688
06/04/2007,67.0000,67.1000,66.6000,66.9100,138700.0000,52.4571
06/05/2007,66.5300,67.0800,65.9200,66.5100,163200.0000,52.1435
06/06/2007,65.7300,65.7300,64.7500,65.1200,351900.0000,51.0538
06/07/2007,64.9400,65.5100,62.7500,62.7500,415500.0000,49.1957
06/08/2007,62.6600,64.4300,62.3400,64.4300,585000.0000,50.5129
06/11/2007,63.1500,63.6700,62.8300,63.0200,244200.0000,49.4074
06/12/2007,62.3500,62.5900,61.2500,61.2500,995800.0000,48.0197
06/13/2007,61.5700,63.5300,61.3400,63.0600,496800.0000,49.4388
06/14/2007,63.4700,64.3700,63.4700,63.8500,344500.0000,50.0581
06/15/2007,65.0000,65.0000,64.4700,64.6700,240900.0000,50.7495
06/18/2007,64.7100,64.7100,63.7000,63.8500,352100.0000,50.1060
06/19/2007,63.8500,64.5900,63.4400,64.3300,282100.0000,50.4827
06/20/2007,64.4900,64.8700,62.9400,62.9700,626700.0000,49.4154
06/21/2007,63.0000,63.8100,62.2900,63.7800,425700.0000,50.0511
06/22/2007,63.3500,63.8200,62.7300,63.1600,259800.0000,49.5645
06/25/2007,62.8000,63.5300,62.1000,62.2400,229600.0000,48.8426
06/26/2007,62.5000,62.5500,60.5300,60.7500,740200.0000,47.6733
06/27/2007,60.0000,61.4400,59.0000,61.3700,821800.0000,48.1598
06/28/2007,62.0000,62.7300,62.0000,62.1200,464300.0000,48.7484
06/29/2007,62.7900,63.1800,62.2200,62.5300,131000.0000,49.0701
07/02/2007,63.0000,64.0000,63.0000,63.9800,238600.0000,50.2080
07/03/2007,63.8500,64.2100,63.7200,63.7300,42500.0000,50.0118
07/05/2007,64.1000,64.5000,63.6500,64.4800,303500.0000,50.6004
07/06/2007,64.4800,65.6100,64.4800,65.4000,347800.0000,51.3223
07/09/2007,66.0000,66.2700,65.7400,65.8100,269500.0000,51.6441
07/10/2007,64.8200,65.7700,64.7600,64.7800,195000.0000,50.8358
07/11/2007,65.5500,66.0300,65.1600,65.7400,265300.0000,51.5891
07/12/2007,67.1300,67.3800,66.9400,67.1000,487300.0000,52.6564
07/13/2007,67.6500,68.0200,67.4200,67.7500,231800.0000,53.1665
07/16/2007,67.7400,67.7800,66.2100,66.7200,408000.0000,52.3582
07/17/2007,66.9000,67.0000,66.1900,66.2100,515700.0000,51.9580
07/18/2007,65.6700,66.7100,65.6000,66.4000,589600.0000,52.1071
07/19/2007,66.9300,67.0700,66.2600,66.8000,258600.0000,52.4210
07/20/2007,66.1900,66.3000,64.9000,65.6300,206400.0000,51.5028
07/23/2007,65.2800,65.2800,64.6100,65.0400,203300.0000,51.0398
07/24/2007,64.5000,64.5700,62.8000,63.2500,417900.0000,49.6352
07/25/2007,63.5500,63.6500,61.2700,62.3500,649000.0000,48.9289
07/26/2007,60.7700,61.1000,58.1800,59.2000,1144200.0000,46.4569
07/27/2007,59.0100,60.2400,58.1900,58.2200,1165200.0000,45.6879
07/30/2007,59.2000,60.1400,58.2500,59.5900,741600.0000,46.7630
07/31/2007,60.9900,61.1500,59.1500,59.1500,728500.0000,46.4177
08/01/2007,59.3200,59.6100,57.3000,58.6500,577800.0000,46.0253
08/02/2007,58.9200,59.2900,58.2800,58.7500,676800.0000,46.1038
08/03/2007,58.8300,58.8300,56.5000,56.9600,390500.0000,44.6991
08/06/2007,56.6500,56.7300,54.6900,56.7300,504200.0000,44.5186
08/07/2007,55.9600,57.3800,55.7900,56.8000,735700.0000,44.5736
08/08/2007,57.5000,59.4300,57.5000,58.8000,551100.0000,46.1430
08/09/2007,57.8800,57.8800,56.3500,56.7700,855200.0000,44.5500
08/10/2007,55.8800,57.8000,55.5200,57.0200,905700.0000,44.7462
08/13/2007,57.9900,58.4500,56.6600,56.7400,405900.0000,44.5265
08/14/2007,57.0800,57.1500,54.5300,55.3800,546700.0000,43.4592
08/15/2007,54.4200,55.8300,53.6600,53.7600,824800.0000,42.1879
08/16/2007,52.3800,52.9700,49.1700,52.9700,962200.0000,41.5680
08/17/2007,54.6300,54.6300,52.7000,53.9300,845600.0000,42.3213
08/20/2007,54.6300,54.6300,53.3600,54.0300,313100.0000,42.3998
08/21/2007,54.4300,55.1500,54.3500,55.0000,367500.0000,43.1610
08/22/2007,56.0000,56.9200,56.0000,56.8000,804100.0000,44.5736
08/23/2007,57.0700,57.1000,55.6900,56.5800,353500.0000,44.4009
08/24/2007,56.3700,58.5000,56.2200,58.5000,280600.0000,45.9076
08/27/2007,57.7300,57.9600,56.6900,57.3500,343800.0000,45.0051
08/28/2007,56.1000,56.4100,55.0800,55.2500,354600.0000,43.3572
08/29/2007,55.8100,56.9900,55.6600,56.9900,125100.0000,44.7226
08/30/2007,56.6200,57.2100,56.0300,56.4700,176700.0000,44.3146
08/31/2007,57.4500,58.2600,57.3400,57.9200,304700.0000,45.4524
09/04/2007,57.4700,59.0200,57.4700,58.5100,305700.0000,45.9154
09/05/2007,58.2600,58.5200,57.4500,57.8800,244500.0000,45.4211
09/06/2007,58.5000,59.4600,58.0500,59.2000,169500.0000,46.4569
09/07/2007,58.2500,58.7500,57.5800,57.7800,451100.0000,45.3426
09/10/2007,57.9500,58.0900,56.0800,56.8100,204000.0000,44.5814
09/11/2007,57.5000,58.4500,57.4000,58.1600,470100.0000,45.6408
09/12/2007,57.8300,58.4100,57.6700,58.1700,178700.0000,45.6486
09/13/2007,58.2400,59.4700,58.2000,58.9300,177900.0000,46.2451
09/14/2007,58.7200,59.5100,58.7200,59.4900,111300.0000,46.6845
09/17/2007,59.1000,59.9000,58.7200,59.0100,129300.0000,46.3078
09/18/2007,59.1700,61.7000,58.8100,61.7000,715300.0000,48.4188
09/19/2007,62.0600,63.3200,61.4300,61.9800,598000.0000,48.6385
09/20/2007,62.2300,63.0400,61.9000,62.7800,435600.0000,49.2663
09/21/2007,63.0700,63.3800,62.9400,62.9400,423400.0000,49.4525
09/24/2007,63.4500,63.9200,62.5000,62.6500,391000.0000,49.2247
09/25/2007,62.3500,62.7000,61.7000,62.7000,246000.0000,49.2640
09/26/2007,63.6500,63.6500,62.5800,62.9700,145000.0000,49.4761
09/27/2007,64.0000,64.4500,63.6100,64.4500,110400.0000,50.6390
09/28/2007,64.4000,64.6200,63.5100,64.0000,192800.0000,50.2854
10/01/2007,64.4800,65.1000,64.2200,64.9400,182000.0000,51.0240
10/02/2007,64.6000,64.6000,63.6400,64.1300,387000.0000,50.3875
10/03/2007,64.2300,64.2300,63.0800,63.1500,290200.0000,49.6175
10/04/2007,62.1400,62.8600,62.0000,62.6000,264100.0000,49.1854
10/05/2007,63.0500,64.6200,62.7800,64.0200,495800.0000,50.3011
10/08/2007,64.2400,64.4700,63.7700,64.1000,211400.0000,50.3639
10/09/2007,64.9000,66.1700,64.6900,66.1200,299100.0000,51.9511
10/10/2007,66.3600,67.0600,65.8800,66.4700,324600.0000,52.2261
10/11/2007,67.3100,67.9600,64.7500,65.7900,674100.0000,51.6918
10/12/2007,64.8500,65.9700,64.8300,65.8400,231000.0000,51.7311
10/15/2007,66.3800,66.8600,65.0300,65.4500,440500.0000,51.4247
10/16/2007,65.2300,65.2300,64.3900,64.6600,253200.0000,50.8040
10/17/2007,65.2400,65.5000,64.1400,64.8300,429300.0000,50.9375
10/18/2007,64.5200,66.4200,64.5200,66.0900,452800.0000,51.9275
10/19/2007,65.8100,66.1200,64.2500,64.3200,775500.0000,50.5368
10/22/2007,63.4000,64.2800,62.8200,64.0500,744900.0000,50.3247
10/23/2007,64.6700,65.3200,64.1800,65.3200,412700.0000,51.3225
10/24/2007,64.8700,66.0100,64.3300,65.8300,397900.0000,51.7232
10/25/2007,66.1200,67.0000,65.9500,66.8800,287600.0000,52.5482
10/26/2007,67.8800,69.6700,67.8800,69.6700,328300.0000,54.7403
10/29/2007,69.7300,70.1600,69.3200,69.3200,268200.0000,54.4654
10/30/2007,68.7400,68.7400,67.0400,67.1400,831100.0000,52.7525
10/31/2007,67.9000,69.0300,67.3200,68.5200,824000.0000,53.8368
11/01/2007,67.6300,67.6300,65.1700,65.4200,986000.0000,51.4011
11/02/2007,65.6100,66.4400,64.2800,66.2700,428200.0000,52.0690
11/05/2007,65.5100,65.6800,64.3500,65.0700,331600.0000,51.1261
11/06/2007,66.0500,67.9000,66.0000,67.8600,296500.0000,53.3182
11/07/2007,66.4400,67.8900,65.8500,66.2600,485400.0000,52.0611
11/08/2007,67.1100,67.5100,64.9200,66.5000,618100.0000,52.2497
11/09/2007,65.3900,66.3200,64.7700,65.4200,411500.0000,51.4011
11/12/2007,65.0100,65.0100,61.3000,61.3600,772900.0000,48.2111
11/13/2007,61.7800,63.3700,61.0000,62.9900,783900.0000,49.4918
11/14/2007,64.1800,65.0500,63.6900,64.0300,383800.0000,50.3089
11/15/2007,63.0300,63.1000,61.0800,61.7600,872300.0000,48.5254
11/16/2007,62.1800,62.7100,59.0000,62.5200,540800.0000,49.1225
11/19/2007,62.8600,62.8600,60.9000,61.2100,455000.0000,48.0933
11/20/2007,60.7200,63.6700,60.7200,62.8200,996900.0000,49.3583
11/21/2007,62.5600,63.6000,61.5400,62.4800,500400.0000,49.0911
11/23/2007,63.0500,64.0100,62.8900,63.7500,165500.0000,50.0890
11/26/2007,64.4800,64.9700,62.9100,62.9800,544300.0000,49.4840
11/27/2007,63.7300,63.7600,62.2000,63.1500,608400.0000,49.6175
11/28/2007,64.1900,66.6300,64.0000,66.4000,352300.0000,52.1711
11/29/2007,66.8700,67.5300,65.8000,67.1000,373800.0000,52.7211
11/30/2007,67.4300,67.7500,66.4100,66.8100,738100.0000,52.4932
12/03/2007,67.2800,67.2800,66.1700,66.3200,188300.0000,52.1082
12/04/2007,65.3000,66.3000,65.3000,66.0600,360800.0000,51.9039
12/05/2007,67.1500,67.4700,66.7000,67.4700,575200.0000,53.0118
12/06/2007,67.7500,69.6000,67.5500,69.6000,415700.0000,54.6853
12/07/2007,69.9100,70.4900,69.1200,70.3500,161200.0000,55.2746
12/10/2007,71.0900,71.4300,70.7100,71.4300,217100.0000,56.1232
12/11/2007,71.5500,71.5500,68.3200,68.4500,331800.0000,53.7818
12/12/2007,70.2700,70.4700,68.6600,69.5400,351200.0000,54.6382
12/13/2007,68.8900,69.0400,67.6600,69.0100,725900.0000,54.2218
12/14/2007,68.0800,68.6400,67.7500,67.8900,628100.0000,53.3418
12/17/2007,67.4600,67.5900,65.5900,65.8200,547000.0000,51.7154
12/18/2007,66.3700,67.0200,64.8700,66.2800,1514200.0000,52.0768
12/19/2007,66.0600,67.0600,66.0200,66.7800,355600.0000,52.4697
12/20/2007,67.3100,67.7900,65.8600,67.7900,190800.0000,53.2632
12/21/2007,68.5000,69.6000,68.2100,69.6000,1233100.0000,54.8236
12/24/2007,69.9500,70.2900,69.2100,69.4100,215500.0000,54.6740
12/26/2007,69.5700,71.2500,69.5700,71.1000,360200.0000,56.0052
12/27/2007,71.1600,71.1600,69.5700,69.6800,707100.0000,54.8866
12/28/2007,70.4500,70.4500,69.6000,69.9000,574300.0000,55.0599
12/31/2007,69.9400,69.9700,68.8600,69.1200,145000.0000,54.4456
01/02/2008,69.3200,70.1800,68.6600,69.3700,163400.0000,54.6425
01/03/2008,69.5200,69.5300,68.4100,68.7600,149300.0000,54.1620
01/04/2008,67.7700,67.7700,65.7400,65.8200,694800.0000,51.8462
01/07/2008,65.9300,66.2700,62.6000,63.9600,865600.0000,50.3811
01/08/2008,64.1400,65.8900,62.9800,63.0000,803500.0000,49.6248
01/09/2008,62.7800,63.0500,60.5000,62.5300,1027800.0000,49.2546
01/10/2008,62.1000,65.1900,61.6000,64.1700,1264000.0000,50.5465
01/11/2008,64.3100,64.9400,63.3200,63.8600,1193800.0000,50.3023
01/14/2008,64.2600,66.2800,64.2600,66.0600,321700.0000,52.0352
01/15/2008,65.0700,65.8800,63.6700,64.0700,937200.0000,50.4677
01/16/2008,63.6700,63.8800,60.2600,61.3300,1701200.0000,48.3094
01/17/2008,61.4100,62.5400,57.8400,57.8500,2214400.0000,45.5682
01/18/2008,59.0600,60.0000,57.2100,58.8000,1681000.0000,46.3165
01/22/2008,55.4500,59.1300,54.6000,58.3300,1932900.0000,45.9463
01/23/2008,56.0000,58.3100,53.0200,58.2500,2187400.0000,45.8833
01/24/2008,58.8500,61.8100,58.6000,61.1400,1534200.0000,48.1597
01/25/2008,62.4800,64.9400,62.4800,63.1700,1813300.0000,49.7588
01/28/2008,63.3900,65.1900,62.5500,65.1900,584600.0000,51.3499
01/29/2008,65.0800,66.1400,64.3600,65.1700,466900.0000,51.3342
01/30/2008,65.4000,66.3700,63.9900,64.2000,848300.0000,50.5701
01/31/2008,62.9000,66.3300,62.3100,65.5400,851800.0000,51.6256
02/01/2008,66.4900,68.6200,66.4400,68.3600,702100.0000,53.8469
02/04/2008,68.6700,68.8200,67.7900,67.8000,405200.0000,53.4058
02/05/2008,66.1600,67.3500,65.6200,66.0600,1156700.0000,52.0352
02/06/2008,66.4900,67.2800,64.8600,65.0100,910700.0000,51.2081
02/07/2008,64.5200,67.2200,64.0000,66.2700,1317800.0000,52.2006
02/08/2008,66.7600,68.8400,66.7600,68.4400,1163300.0000,53.9099
02/11/2008,68.6000,70.2100,68.1000,70.1900,992300.0000,55.2884
02/12/2008,70.7900,71.0300,67.3800,68.0800,1377000.0000,53.6263
02/13/2008,68.7900,70.6100,67.9900,70.4600,967100.0000,55.5010
02/14/2008,70.8800,71.1200,69.6200,70.0700,795000.0000,55.1939
02/15/2008,69.2700,69.6600,67.7900,69.6000,1779600.0000,54.8236
02/19/2008,70.5100,73.4400,70.5100,73.2900,1945700.0000,57.7302
02/20/2008,73.1100,74.6400,71.4100,74.6400,3244300.0000,58.7936
02/21/2008,75.1900,75.4300,72.8600,72.9100,3667800.0000,57.4309
02/22/2008,73.4300,74.2100,71.0000,73.9700,2960900.0000,58.2659
02/25/2008,74.0500,76.6500,72.8100,76.2900,1646400.0000,60.0933
02/26/2008,76.0000,77.7100,75.2000,76.5500,1848200.0000,60.2982
02/27/2008,75.6300,77.6100,75.5600,76.1300,1250400.0000,59.9673
02/28/2008,76.1700,78.0500,75.5000,77.5900,1290200.0000,61.1173
02/29/2008,76.8200,76.8200,73.4700,73.9000,2115000.0000,58.2107
03/03/2008,74.2300,76.2600,74.2300,75.9300,1407100.0000,59.8098
03/04/2008,75.9100,76.3800,72.3500,73.8400,2010100.0000,58.1635
03/05/2008,74.7800,76.5900,74.0000,76.5300,1188400.0000,60.2824
03/06/2008,76.0800,76.4900,73.6800,73.7800,993200.0000,58.1162
03/07/2008,73.5000,73.5000,70.4800,71.2800,1555600.0000,56.1469
03/10/2008,71.9700,71.9700,67.3500,67.6000,2261400.0000,53.2482
03/11/2008,68.4500,72.0100,68.4500,72.0100,1883400.0000,56.7220
03/12/2008,72.7900,72.8000,70.6700,70.8900,644500.0000,55.8398
03/13/2008,70.0000,73.9600,69.4200,73.6100,1238300.0000,57.9823
03/14/2008,74.8800,74.8800,70.7000,72.5400,1253500.0000,57.1395
03/17/2008,69.7400,71.6000,67.8100,69.5000,913300.0000,54.7449
03/18/2008,71.0000,72.7000,70.4700,72.3700,1779200.0000,57.0056
03/19/2008,73.1700,73.3400,66.4400,66.4400,2281500.0000,52.3346
03/20/2008,64.9600,67.6500,63.1700,66.0600,1030400.0000,52.0666
03/24/2008,67.2100,70.2300,67.2100,69.0700,659400.0000,54.4389
03/25/2008,69.2600,71.2500,69.2600,70.8400,680200.0000,55.8340
03/26/2008,70.8300,72.5600,70.8300,72.0800,478500.0000,56.8114
03/27/2008,72.1200,72.3300,70.5800,70.8400,2817900.0000,55.8340
03/28/2008,71.8400,71.8400,70.1500,70.6200,508900.0000,55.6606
03/31/2008,71.4500,71.5400,68.8800,69.7900,451000.0000,55.0064
04/01/2008,69.8500,71.4400,68.4400,71.4300,601200.0000,56.2990
04/02/2008,71.7800,72.7500,71.0900,72.6400,358300.0000,57.2527
04/03/2008,72.6000,74.8300,72.4300,74.3000,454000.0000,58.5611
04/04/2008,74.3100,78.0000,74.3100,77.5900,954100.0000,61.1542
04/07/2008,78.5000,80.4000,76.2900,77.1500,1082900.0000,60.8074
04/08/2008,77.6100,79.2100,76.2600,79.1600,1192100.0000,62.3916
04/09/2008,79.1400,79.1400,77.1600,77.7500,628400.0000,61.2803
04/10/2008,78.2200,78.5000,76.3700,78.5000,296000.0000,61.8714
04/11/2008,77.9200,78.3600,76.2400,76.5000,456200.0000,60.2950
04/14/2008,76.1200,76.7900,75.6200,76.4500,317800.0000,60.2556
04/15/2008,77.1000,77.9100,75.6200,77.1900,525400.0000,60.8389
04/16/2008,78.0000,81.9100,78.0000,81.9100,716600.0000,64.5590
04/17/2008,80.5900,81.8600,79.5500,80.4500,872400.0000,63.4083
04/18/2008,81.0300,81.7600,79.4500,80.9500,881000.0000,63.8024
04/21/2008,81.0100,82.4200,81.0100,81.7500,435000.0000,64.4329
04/22/2008,82.0500,82.7200,80.3300,80.8500,1024400.0000,63.7236
04/23/2008,80.8900,80.8900,78.9800,79.4000,529200.0000,62.5808
04/24/2008,79.6400,79.6400,76.1000,76.9000,722600.0000,60.6103
04/25/2008,77.0400,79.6300,76.8500,79.3600,313100.0000,62.5492
04/28/2008,79.5000,81.5400,78.1900,79.3500,2876900.0000,62.5413
04/29/2008,79.1000,79.1000,75.3000,75.7300,821500.0000,59.6882
04/30/2008,75.8700,77.6100,75.3900,76.4000,1237800.0000,60.2163
05/01/2008,75.9600,75.9600,72.8200,75.1300,1413000.0000,59.2153
05/02/2008,75.7800,77.9600,75.7800,77.6000,1009600.0000,61.1621
05/05/2008,78.0900,80.8400,78.0900,80.4100,498300.0000,63.3768
05/06/2008,80.9500,82.0300,80.0500,81.7700,3518500.0000,64.4487
05/07/2008,81.9000,83.5000,80.9200,81.5400,1464800.0000,64.2674
05/08/2008,81.9300,83.5500,81.7500,83.5000,865500.0000,65.8123
05/09/2008,84.3100,84.3100,80.8600,82.5000,1060600.0000,65.0241
05/12/2008,82.5100,83.2800,80.9600,82.9900,860300.0000,65.4103
05/13/2008,83.2500,84.8200,82.1200,84.7600,1039600.0000,66.8053
05/14/2008,85.1500,85.8800,83.4000,83.4600,1275500.0000,65.7807
05/15/2008,83.9900,86.7700,83.9900,86.2800,1302100.0000,68.0033
05/16/2008,87.3300,88.6600,86.9600,88.5000,1213200.0000,69.7531
05/19/2008,89.1100,90.8400,87.9200,88.3800,1200800.0000,69.6585
05/20/2008,88.1300,89.4200,86.5900,89.4200,1910800.0000,70.4782
05/21/2008,89.6800,91.1200,87.3100,87.4500,1768300.0000,68.9255
05/22/2008,88.1200,89.3700,86.1700,86.5500,1578300.0000,68.2162
05/23/2008,86.6000,87.2300,83.8600,85.7100,1672100.0000,67.5541
05/27/2008,85.6800,85.6800,83.6700,84.9400,1067500.0000,66.9472
05/28/2008,84.5400,88.5800,84.0000,88.5200,1042100.0000,69.7689
05/29/2008,87.7900,87.7900,85.0000,85.0200,1440500.0000,67.0103
05/30/2008,85.8500,88.1200,85.8500,87.6400,932300.0000,69.0753
06/02/2008,87.8300,90.3000,87.7000,89.7200,1693900.0000,70.7147
06/03/2008,89.5200,90.6900,87.4600,88.9200,1505200.0000,70.0841
06/04/2008,88.1600,88.6000,86.1400,86.5000,1286400.0000,68.1767
06/05/2008,87.1000,90.9500,86.7300,90.6000,1212300.0000,71.4083
06/06/2008,90.8200,92.2200,89.8800,89.9200,1240800.0000,70.8723
06/09/2008,90.8600,92.6900,89.7800,92.1800,1001000.0000,72.6535
06/10/2008,91.1300,91.5500,87.6700,89.1000,1736800.0000,70.2260
06/11/2008,89.0600,90.2800,88.0800,88.4700,1880200.0000,69.7295
06/12/2008,88.7700,88.9500,86.0000,87.0800,1484400.0000,68.6339
06/13/2008,87.4700,90.3300,87.4700,90.2900,861500.0000,71.1639
06/16/2008,90.8300,91.6900,90.3500,90.8600,1083700.0000,71.6132
06/17/2008,91.7500,92.8300,91.0700,91.1600,840400.0000,71.8496
06/18/2008,91.7600,93.7500,90.7400,93.4800,824600.0000,73.6782
06/19/2008,94.5100,95.3400,92.5000,93.2800,1468200.0000,73.5205
06/20/2008,93.4900,93.4900,91.1000,92.1900,1606600.0000,72.7519
06/23/2008,91.8200,93.9900,91.6500,93.6800,1053300.0000,73.9277
06/24/2008,94.5100,94.6600,91.4100,91.8100,1580300.0000,72.4520
06/25/2008,92.4200,92.6700,88.6000,91.5100,2177200.0000,72.2153
06/26/2008,92.2000,92.5700,89.1100,91.2600,1785700.0000,72.0180
06/27/2008,91.8900,94.0000,90.8900,94.0000,1511900.0000,74.1803
06/30/2008,95.3500,96.0900,93.5300,94.5800,1110300.0000,74.6380
07/01/2008,93.9600,93.9600,90.2800,92.9000,2421900.0000,73.3122
07/02/2008,93.4600,93.4600,81.7400,82.2200,4589400.0000,64.8841
07/03/2008,81.7600,83.4300,78.5900,82.0000,1647700.0000,64.7104
07/07/2008,80.6800,83.5400,79.4900,81.5500,1684500.0000,64.3553
07/08/2008,80.4200,80.4800,75.3700,79.9300,2960900.0000,63.0769
07/09/2008,81.2200,84.3800,80.0700,80.4200,2754100.0000,63.4636
07/10/2008,81.9300,84.2800,79.6100,83.9900,2241900.0000,66.2809
07/11/2008,84.0000,85.3800,82.2800,84.6900,1790500.0000,66.8333
07/14/2008,85.0100,87.2200,84.2900,86.3700,1045200.0000,68.1591
07/15/2008,85.0100,85.7100,81.0800,82.7600,2941500.0000,65.3102
07/16/2008,83.7500,84.4400,79.4500,82.5600,3134800.0000,65.1524
07/17/2008,81.4000,83.1100,75.7500,77.5000,3124700.0000,61.1593
07/18/2008,76.7900,79.8600,76.3400,77.3000,3077400.0000,61.0014
07/21/2008,77.5000,81.2900,76.8700,81.2800,1326300.0000,64.1423
07/22/2008,81.0000,81.0000,77.0800,78.2000,1579200.0000,61.7117
07/23/2008,77.4900,78.6000,74.4200,75.5000,1724400.0000,59.5810
07/24/2008,74.5600,75.7400,71.2100,72.4900,1893000.0000,57.2056
07/25/2008,72.9900,76.4900,72.4400,75.5500,2387100.0000,59.6204
07/28/2008,75.5500,77.8300,75.5500,76.3000,1089700.0000,60.2123
07/29/2008,77.9500,78.5600,76.8900,78.5500,1069600.0000,61.9879
07/30/2008,79.4000,82.3200,77.8300,82.3200,935700.0000,64.9630
07/31/2008,81.5000,81.5000,77.9200,79.4000,2051900.0000,62.6587
08/01/2008,79.1300,79.6900,75.5800,76.2500,2465700.0000,60.1728
08/04/2008,76.1900,76.1900,69.8300,70.6500,3134900.0000,55.7536
08/05/2008,70.5700,72.2000,68.2400,70.0100,2722100.0000,55.2485
08/06/2008,69.8700,72.7700,69.8700,72.0200,2433100.0000,56.8347
08/07/2008,72.8000,72.8000,70.0200,71.0000,1175600.0000,56.0298
08/08/2008,69.3700,69.3700,67.0000,68.5000,1602400.0000,54.0569
08/11/2008,67.5700,68.5000,63.9800,64.7500,2142700.0000,51.0976
08/12/2008,65.4200,67.0600,65.0900,65.7700,1728300.0000,51.9025
08/13/2008,65.9400,69.8100,65.9400,69.8100,1712100.0000,55.0907
08/14/2008,69.3500,69.6600,67.2800,68.6700,1317000.0000,54.1911
08/15/2008,67.9100,68.3600,66.1400,67.0400,1947800.0000,52.9047
08/18/2008,67.3700,69.0300,66.8400,67.0100,694100.0000,52.8811
08/19/2008,66.4700,69.4500,66.4700,68.6900,912000.0000,54.2069
08/20/2008,69.6600,71.2300,68.9200,71.2300,1136700.0000,56.2113
08/21/2008,72.3400,73.4200,71.5900,73.0000,858400.0000,57.6081
08/22/2008,72.8300,72.8300,70.3900,71.4400,851600.0000,56.3770
08/25/2008,71.3400,71.7900,68.2100,69.7000,1005600.0000,55.0039
08/26/2008,69.5200,70.4700,69.1400,70.2400,482900.0000,55.4300
08/27/2008,70.4600,72.0000,70.4600,71.8300,767500.0000,56.6848
08/28/2008,72.7200,73.0600,70.8200,72.3800,555400.0000,57.1188
08/29/2008,72.6800,73.2300,71.5500,71.5900,380100.0000,56.4954
09/02/2008,70.0300,70.0300,65.8500,66.3400,1673900.0000,52.3523
09/03/2008,66.0000,66.8400,62.7000,64.5900,2320700.0000,50.9713
09/04/2008,64.1400,65.1600,59.8700,60.9800,2124400.0000,48.1225
09/05/2008,60.4100,62.1500,57.8800,61.8000,2202300.0000,48.7696
09/08/2008,63.2200,63.5900,57.6100,58.1600,3149400.0000,45.8971
09/09/2008,56.4900,56.6900,52.4600,53.0300,7094300.0000,41.8487
09/10/2008,53.3600,56.2100,52.7900,54.9400,4415900.0000,43.3560
09/11/2008,54.5100,56.5700,52.0600,55.4500,3700900.0000,43.7585
09/12/2008,56.0600,59.4100,55.9500,58.7000,3831500.0000,46.3232
09/15/2008,56.0300,56.9000,52.5700,52.9200,4162500.0000,41.7619
09/16/2008,51.5700,54.4400,49.8700,54.4400,3556300.0000,42.9614
09/17/2008,52.8900,55.2900,50.7100,53.0500,3391300.0000,41.8645
09/18/2008,53.8500,56.1300,50.9000,56.1300,2139100.0000,44.2951
09/19/2008,58.6300,59.9800,56.4000,59.9800,1268500.0000,47.4551
09/22/2008,61.4800,61.4800,58.2000,58.6700,1254700.0000,46.4186
09/23/2008,57.7500,59.1800,55.5000,55.5000,2050900.0000,43.9106
09/24/2008,56.1600,56.8300,54.3400,54.4400,1128000.0000,43.0719
09/25/2008,54.2300,55.1600,53.0800,54.2900,1168500.0000,42.9532
09/26/2008,52.5200,52.9900,50.5400,51.5700,1215700.0000,40.8012
09/29/2008,50.4900,50.4900,42.6500,44.5000,2081500.0000,35.2076
09/30/2008,48.0000,48.0000,44.0900,46.9700,1220600.0000,37.1618
10/01/2008,47.1600,47.1600,43.2200,45.3000,1363200.0000,35.8405
10/02/2008,43.7600,43.7600,37.8600,38.1300,2775600.0000,30.1678
10/03/2008,39.0700,41.8700,37.3200,38.0200,2708200.0000,30.0807
10/06/2008,35.6600,36.5000,31.5000,36.4000,3659700.0000,28.7990
10/07/2008,37.0000,37.6500,32.3700,33.5000,2807800.0000,26.5046
10/08/2008,30.9400,36.1100,30.7100,33.9100,4283200.0000,26.8290
10/09/2008,35.8700,36.6700,30.9100,32.2600,2384000.0000,25.5235
10/10/2008,29.5400,32.3300,27.1900,31.7000,2654900.0000,25.0805
10/13/2008,33.7600,35.9900,31.2500,35.4800,2392100.0000,28.0711
10/14/2008,37.5600,38.0000,33.1600,34.1000,2164700.0000,26.9793
10/15/2008,32.8100,32.8100,28.2000,28.2800,2561800.0000,22.3746
10/16/2008,28.9600,31.0000,27.1500,29.6000,3260500.0000,23.4190
10/17/2008,28.8400,33.6400,28.5900,29.9400,3683500.0000,23.6880
10/20/2008,31.9300,34.6100,31.7200,34.2400,3483800.0000,27.0901
10/21/2008,33.8000,34.5700,32.1300,33.1600,2847500.0000,26.2356
10/22/2008,30.6400,31.1000,26.8300,28.8400,2571700.0000,22.8177
10/23/2008,28.0000,29.3300,25.4400,27.9300,3802000.0000,22.0977
10/24/2008,23.6400,27.0300,23.6400,26.0000,2620200.0000,20.5707
10/27/2008,25.4400,26.5800,23.6900,23.7500,2986800.0000,18.7906
10/28/2008,25.6100,27.2100,22.7800,27.2000,3480600.0000,21.5201
10/29/2008,28.0300,30.9900,27.3100,29.4600,3433200.0000,23.3082
10/30/2008,31.0600,31.7900,28.5500,30.5600,3008600.0000,24.1785
10/31/2008,30.2500,31.9700,29.3000,31.2400,2816600.0000,24.7165
11/03/2008,31.6200,32.2200,30.6400,31.3100,1518700.0000,24.7719
11/04/2008,32.1200,34.0400,32.1200,33.1500,2397500.0000,26.2277
11/05/2008,32.6900,33.1900,29.9000,30.1500,3316300.0000,23.8541
11/06/2008,29.5900,29.5900,26.6200,26.7000,3234500.0000,21.1246
11/07/2008,27.0800,28.4400,26.4100,27.4900,1517400.0000,21.7496
11/10/2008,28.8600,29.6900,27.3100,27.8600,1742700.0000,22.0423
11/11/2008,26.9400,27.3100,25.5700,26.2000,2206400.0000,20.7290
11/12/2008,25.5000,25.6500,23.2500,23.2900,1553900.0000,18.4266
11/13/2008,23.4500,26.4600,22.1600,26.3900,3285000.0000,20.8793
11/14/2008,25.7300,26.4600,24.4000,24.4400,1355300.0000,19.3365
11/17/2008,24.1000,24.7000,22.9900,23.5000,1487800.0000,18.5928
11/18/2008,23.5000,24.1500,21.7400,22.3300,1829000.0000,17.6671
11/19/2008,22.3600,22.7200,19.8000,19.8900,1511100.0000,15.7366
11/20/2008,19.4300,19.5800,17.1500,17.3700,2212500.0000,13.7428
11/21/2008,18.2300,20.3200,18.0700,20.1900,2606400.0000,15.9740
11/24/2008,21.1300,23.4000,21.1000,22.6900,2185300.0000,17.9519
11/25/2008,23.4800,23.9900,22.1800,23.8300,2639900.0000,18.8539
11/26/2008,23.3400,26.7100,23.2500,26.6400,1732700.0000,21.0771
11/28/2008,26.3900,26.5000,25.5200,26.4000,512000.0000,20.8872
12/01/2008,24.7900,25.1400,22.2600,22.3600,2262200.0000,17.6908
12/02/2008,22.9800,23.8300,22.5200,23.3900,2126300.0000,18.5057
12/03/2008,22.7500,23.0300,21.5400,22.5800,3417400.0000,17.8649
12/04/2008,22.2000,23.5500,21.0200,21.6600,2191800.0000,17.1370
12/05/2008,21.0900,22.6200,20.2000,22.5200,1193500.0000,17.8174
12/08/2008,24.0800,26.3400,24.0700,25.8900,2378500.0000,20.4837
12/09/2008,25.3600,27.4200,25.0200,25.7100,1589700.0000,20.3413
12/10/2008,26.8400,28.4500,26.8300,28.4100,2208500.0000,22.4775
12/11/2008,27.9600,29.4800,26.5200,27.0200,2361600.0000,21.3777
12/12/2008,25.6500,28.0000,25.3900,27.4200,1239400.0000,21.6942
12/15/2008,28.1400,29.0200,26.8900,27.3300,1365100.0000,21.6230
12/16/2008,29.3600,29.4100,27.4300,29.3600,2558000.0000,23.2291
12/17/2008,29.0000,31.3900,28.8000,30.4800,2843900.0000,24.1152
12/18/2008,30.7200,30.9200,27.5400,28.4000,2202600.0000,22.4696
12/19/2008,28.1700,29.1900,27.1600,27.3100,1270700.0000,21.7627
12/22/2008,27.8500,27.8600,24.8100,25.4700,1309800.0000,20.2965
12/23/2008,25.7500,26.5300,25.3100,25.8500,739900.0000,20.5993
12/24/2008,25.8100,25.8100,25.1900,25.6500,208400.0000,20.4399
12/26/2008,25.7500,26.6900,25.4800,26.4200,277000.0000,21.0535
12/29/2008,26.9400,27.0800,25.7500,26.2100,347500.0000,20.8862
12/30/2008,26.3100,27.1500,25.7500,27.1100,470600.0000,21.6034
12/31/2008,27.1800,28.2500,26.9600,27.7500,510000.0000,22.1134
01/02/2009,28.0800,30.4500,28.0800,30.1600,814600.0000,24.0338
01/05/2009,30.1100,32.1100,29.9200,31.3700,1081300.0000,24.9981
01/06/2009,32.2500,33.1100,31.5200,32.4900,2288300.0000,25.8906
01/07/2009,31.7500,31.9300,29.8800,30.1200,1893900.0000,24.0020
01/08/2009,29.7900,31.3800,29.4000,31.3100,1683400.0000,24.9502
01/09/2009,31.5000,31.5000,29.6500,29.7900,1355900.0000,23.7390
01/12/2009,29.3500,29.3500,26.7100,26.9000,1351700.0000,21.4360
01/13/2009,26.8400,27.9000,26.4000,27.7400,1917100.0000,22.1054
01/14/2009,26.7800,26.9000,25.1700,25.6300,1502600.0000,20.4240
01/15/2009,25.7400,26.7000,24.0600,26.2500,2547300.0000,20.9180
01/16/2009,27.3000,27.5700,25.3500,26.6400,3201400.0000,21.2288
01/20/2009,26.2400,26.6000,24.5200,24.6100,1973900.0000,19.6112
01/21/2009,25.1500,26.6000,24.5800,26.5800,1549700.0000,21.1810
01/22/2009,26.0000,26.5000,24.9300,25.5900,2143000.0000,20.3921
01/23/2009,24.5000,27.0700,24.4500,26.2600,1540700.0000,20.9260
01/26/2009,26.3700,27.7200,25.5900,26.0800,2167600.0000,20.7826
01/27/2009,27.0100,27.6500,26.5800,27.1500,2189500.0000,21.6352
01/28/2009,28.1200,29.3800,27.7700,28.7700,2350900.0000,22.9262
01/29/2009,28.3400,28.3900,27.4000,27.6900,1994000.0000,22.0656
01/30/2009,28.0000,28.0300,26.0900,26.3500,3549700.0000,20.9977
02/02/2009,25.6400,26.6900,25.4300,25.9800,2123500.0000,20.7029
02/03/2009,26.0200,27.3200,26.0200,27.0100,2212600.0000,21.5237
02/04/2009,27.3200,28.3600,27.1700,27.2500,3338100.0000,21.7149
02/05/2009,26.9400,28.6400,26.9200,28.3500,2259200.0000,22.5915
02/06/2009,28.6300,30.3800,28.5800,30.0100,1784800.0000,23.9143
02/09/2009,30.3200,31.3200,29.3800,30.0600,2311900.0000,23.9541
02/10/2009,29.9200,30.8700,27.5700,27.9700,2775300.0000,22.2887
02/11/2009,28.4100,29.0100,27.2500,28.0800,4169500.0000,22.3763
02/12/2009,27.5000,28.6700,27.0000,28.6100,1848800.0000,22.7987
02/13/2009,28.7300,29.6900,28.3800,28.9100,1953700.0000,23.0377
02/17/2009,27.3400,27.5000,26.0900,26.1800,2153700.0000,20.8623
02/18/2009,26.4700,26.6300,25.0000,25.6600,5614500.0000,20.4479
02/19/2009,26.3300,26.8000,25.5700,25.5800,2355500.0000,20.3841
02/20/2009,24.8800,25.7800,24.4000,25.5200,2430400.0000,20.3363
02/23/2009,25.9200,25.9300,23.1200,23.1900,1631100.0000,18.4796
02/24/2009,23.6100,24.7200,22.9500,24.5100,1574600.0000,19.5315
02/25/2009,24.5500,25.0500,23.6300,23.9100,2106100.0000,19.0533
02/26/2009,24.4100,24.9500,23.5800,23.7500,1781300.0000,18.9258
02/27/2009,23.1800,24.4700,22.6900,23.4600,1688600.0000,18.6947
03/02/2009,22.6400,22.9800,20.5500,20.8100,1450200.0000,16.5830
03/03/2009,21.3600,22.1000,20.8100,21.5400,1366000.0000,17.1647
03/04/2009,22.6600,23.8600,22.6600,23.2200,3763700.0000,18.5035
03/05/2009,22.5500,23.0700,21.8000,22.1500,1714400.0000,17.6508
03/06/2009,22.5200,23.0700,21.1000,21.9400,3597000.0000,17.4835
03/09/2009,21.6800,22.7700,21.2600,21.5500,1666800.0000,17.1727
03/10/2009,22.4600,23.5500,22.4600,23.4400,2257900.0000,18.6788
03/11/2009,23.8400,24.1300,22.8500,23.3400,2427800.0000,18.5991
03/12/2009,23.0100,23.8700,22.3100,23.6700,2431600.0000,18.8621
03/13/2009,23.9300,24.0500,22.8000,23.2100,1357100.0000,18.4955
03/16/2009,23.7400,24.2800,23.1100,23.3000,1524300.0000,18.5673
03/17/2009,22.8900,22.9700,21.9900,22.9300,2630800.0000,18.2724
03/18/2009,22.5500,24.2100,22.0900,23.8800,2923800.0000,19.0294
03/19/2009,24.9100,26.7800,24.7500,25.9600,3966600.0000,20.6869
03/20/2009,26.0000,26.0500,24.1900,24.5800,1874700.0000,19.6736
03/23/2009,25.5400,26.4800,24.9300,26.4500,1729800.0000,21.1704
03/24/2009,26.0800,27.1700,25.5800,26.5300,1453400.0000,21.2344
03/25/2009,26.8700,27.7600,25.4800,26.5700,1721200.0000,21.2664
03/26/2009,27.3500,27.9100,27.1300,27.6800,1581200.0000,22.1549
03/27/2009,27.3200,27.5800,26.5700,26.9300,2546500.0000,21.5546
03/30/2009,26.0500,26.0500,24.2900,24.8400,1524700.0000,19.8818
03/31/2009,25.5800,25.8400,24.7200,25.1000,1156000.0000,20.0899
04/01/2009,24.8800,26.5300,24.2200,26.3600,2686100.0000,21.0983
04/02/2009,27.4200,28.6700,27.3100,28.2500,1887300.0000,22.6111
04/03/2009,28.1800,29.0300,27.7800,28.6700,2315800.0000,22.9473
04/06/2009,28.1300,28.3500,27.2200,27.8900,1693600.0000,22.3229
04/07/2009,27.3900,27.4400,26.5900,26.7000,1223700.0000,21.3705
04/08/2009,27.0500,27.3100,26.1700,27.2900,2011500.0000,21.8427
04/09/2009,28.6000,29.4700,28.1100,29.3800,1692600.0000,23.5155
04/13/2009,29.3100,30.6700,28.5600,30.3300,1519300.0000,24.2759
04/14/2009,29.8600,30.8500,29.3700,29.5300,2027000.0000,23.6356
04/15/2009,29.2000,29.6400,28.7400,29.6200,1528900.0000,23.7076
04/16/2009,30.2500,30.3100,28.9700,29.9600,2899200.0000,23.9798
04/17/2009,29.9200,30.7000,29.7100,30.5800,2060200.0000,24.4760
04/20/2009,29.4900,29.6200,28.0200,28.1800,2096100.0000,22.5551
04/21/2009,27.6800,29.5100,27.5100,29.3900,1963700.0000,23.5235
04/22/2009,29.3500,31.0600,28.7300,30.0700,2543700.0000,24.0678
04/23/2009,30.1400,30.3400,29.3400,29.8200,1625200.0000,23.8677
04/24/2009,29.9200,31.4800,29.9200,31.0500,2712800.0000,24.8522
04/27/2009,30.4500,30.9300,29.7500,30.1000,2439300.0000,24.0918
04/28/2009,29.2600,30.0600,28.8700,29.4300,2392100.0000,23.5556
04/29/2009,29.6100,31.3900,29.6100,30.8800,3329200.0000,24.7161
04/30/2009,31.6900,32.6300,31.2800,31.6900,2969400.0000,25.3644
05/01/2009,31.8100,34.3600,31.7800,33.4200,2335600.0000,26.7491
05/04/2009,34.6000,36.6800,34.4000,36.6000,4489600.0000,29.2944
05/05/2009,36.5900,36.7100,35.0700,36.2100,2143000.0000,28.9822
05/06/2009,37.2500,38.2700,36.6500,37.5300,2661000.0000,30.0387
05/07/2009,38.5000,38.9000,35.4100,35.9500,2984200.0000,28.7741
05/08/2009,36.5000,37.5100,35.9100,37.1400,2683800.0000,29.7266
05/11/2009,36.1000,36.1500,35.0000,35.6900,2632900.0000,28.5660
05/12/2009,36.6800,37.2200,34.3300,35.8600,3733100.0000,28.7021
05/13/2009,34.6100,34.9800,32.3900,32.6900,5375200.0000,26.1648
05/14/2009,32.3000,33.7500,31.2900,33.2300,4244600.0000,26.5970
05/15/2009,33.2300,33.9000,32.1000,32.5700,1529200.0000,26.0688
05/18/2009,33.1700,34.7800,32.9400,34.5600,4493900.0000,27.6616
05/19/2009,34.8500,36.5000,34.7100,35.7900,3513300.0000,28.6460
05/20/2009,36.6500,38.2800,36.2400,36.6500,4363000.0000,29.3344
05/21/2009,35.3000,35.7800,34.0900,34.9500,3639800.0000,27.9737
05/22/2009,35.2800,36.0100,34.5900,34.7000,2624700.0000,27.7736
05/26/2009,34.7200,36.4500,33.9400,36.2200,2851200.0000,28.9902
05/27/2009,36.3600,37.9000,35.9700,36.0700,3961900.0000,28.8702
05/28/2009,36.5700,37.2600,35.6700,36.8700,3262100.0000,29.5105
05/29/2009,37.7500,38.2500,37.0000,37.8600,3530900.0000,30.3029
06/01/2009,39.2600,40.7300,39.1300,40.4400,4809800.0000,32.3679
06/02/2009,40.3300,41.3900,39.7800,40.8300,4681700.0000,32.6800
06/03/2009,39.6200,39.7900,37.3100,38.2000,4369400.0000,30.5750
06/04/2009,38.5700,40.1300,38.0000,39.9100,4728200.0000,31.9437
06/05/2009,41.1000,41.1000,39.1900,40.2400,4445000.0000,32.2078
06/08/2009,39.5800,39.7700,38.2100,39.5100,4835400.0000,31.6235
06/09/2009,40.1800,41.8500,39.9000,41.3800,4598300.0000,33.1203
06/10/2009,42.4300,42.4800,40.7800,41.7600,3737400.0000,33.4244
06/11/2009,41.9000,43.5100,41.8000,43.0000,4863500.0000,34.4169
06/12/2009,42.1900,42.4700,41.1600,41.9900,4244700.0000,33.6085
06/15/2009,41.0700,41.0700,38.7200,39.1400,4163100.0000,31.3274
06/16/2009,39.9500,40.5600,37.7900,38.1500,4651700.0000,30.5350
06/17/2009,38.1200,38.1500,36.3200,37.5400,4913000.0000,30.0467
06/18/2009,37.4900,38.5100,36.7600,37.9000,4663000.0000,30.3349
06/19/2009,38.3900,39.0200,37.9500,38.2800,4524300.0000,30.7250
06/22/2009,37.1500,37.2300,34.7900,34.9300,4828400.0000,28.0361
06/23/2009,35.1100,36.2600,34.4700,35.8300,4891100.0000,28.7585
06/24/2009,36.6800,37.3900,36.0800,36.4700,3446300.0000,29.2722
06/25/2009,36.1000,38.2600,36.0400,38.1800,3677700.0000,30.6447
06/26/2009,38.2700,38.7000,37.7500,37.8400,2723900.0000,30.3718
06/29/2009,38.1900,38.6300,37.5700,37.9000,2765000.0000,30.4200
06/30/2009,38.1000,38.2900,36.5500,37.0100,3578100.0000,29.7056
07/01/2009,37.6100,38.4900,36.9600,37.0100,5017700.0000,29.7056
07/02/2009,36.4500,36.5100,35.7300,36.0100,4226600.0000,28.9030
07/06/2009,34.9800,35.0400,33.1400,34.1500,5643400.0000,27.4101
07/07/2009,34.1100,34.4600,33.3400,33.3500,4514300.0000,26.7680
07/08/2009,33.5800,34.1100,31.6300,32.8800,6768400.0000,26.3907
07/09/2009,33.5200,34.2200,33.0000,33.4200,4115400.0000,26.8241
07/10/2009,33.0100,33.5200,32.5000,33.3900,3054300.0000,26.8001
07/13/2009,33.4400,34.1600,32.1400,34.0300,3227600.0000,27.3137
07/14/2009,34.5200,35.1500,34.0500,34.5300,3847000.0000,27.7151
07/15/2009,35.5500,36.6400,35.5300,36.3500,4131000.0000,29.1759
07/16/2009,36.5800,38.1200,36.2800,37.4900,4890600.0000,30.0909
07/17/2009,37.6600,38.4600,37.1600,38.1300,5089900.0000,30.6046
07/20/2009,38.8100,39.5800,38.5000,39.5000,4490700.0000,31.7042
07/21/2009,39.7700,39.9400,37.6100,38.8500,4860700.0000,31.1825
07/22/2009,38.1600,38.5300,37.6500,38.1700,3339600.0000,30.6367
07/23/2009,37.9900,39.4300,37.9000,39.0000,3482300.0000,31.3029
07/24/2009,38.6800,39.9100,38.6100,39.7400,4119600.0000,31.8968
07/27/2009,39.7800,40.3000,39.1200,39.5300,3917000.0000,31.7283
07/28/2009,38.9000,39.3800,37.9400,39.0500,4206800.0000,31.3430
07/29/2009,38.1700,38.2700,37.0200,37.4100,5673000.0000,30.0267
07/30/2009,38.1500,39.1100,38.1500,38.5300,5041100.0000,30.9256
07/31/2009,38.6600,40.0900,38.4200,39.6400,4240300.0000,31.8166
08/03/2009,41.3500,42.0600,40.8300,41.9200,4414500.0000,33.6466
08/04/2009,41.5000,42.4100,41.1800,41.8900,2918500.0000,33.6225
08/05/2009,42.0000,42.3800,41.0300,42.0500,3105600.0000,33.7509
08/06/2009,42.7000,42.7400,41.0200,41.6200,3533200.0000,33.4058
08/07/2009,42.1700,42.8000,41.2200,42.3700,4525200.0000,34.0077
08/10/2009,42.2000,42.2000,40.8300,41.2900,2341400.0000,33.1409
08/11/2009,41.2200,41.2200,40.0200,40.3800,2674100.0000,32.4105
08/12/2009,39.8600,41.5100,39.8400,40.9500,3968100.0000,32.8680
08/13/2009,41.9700,42.9200,41.3600,42.8800,3335100.0000,34.4171
08/14/2009,42.9900,43.0000,41.2100,41.7100,3115000.0000,33.4780
08/17/2009,39.8900,40.0300,38.9400,39.0700,3536000.0000,31.3590
08/18/2009,39.2800,40.0700,39.2100,39.9500,1752200.0000,32.0654
08/19/2009,39.1100,40.5100,38.6700,40.1700,2926100.0000,32.2419
08/20/2009,40.0000,40.9000,40.0000,40.4500,1821700.0000,32.4667
08/21/2009,41.3600,41.9800,41.0700,41.8800,2362200.0000,33.6145
08/24/2009,42.3100,42.9200,41.8300,42.0100,2074100.0000,33.7188
08/25/2009,42.6500,42.8300,41.1700,41.3100,4092100.0000,33.1569
08/26/2009,41.2300,41.5200,40.4500,41.0100,2557900.0000,32.9162
08/27/2009,41.1500,41.5900,39.5900,41.1400,5349300.0000,33.0205
08/28/2009,41.9100,42.4000,41.2600,42.1000,3798000.0000,33.7910
08/31/2009,41.2200,41.2200,40.2900,40.6000,3484000.0000,32.5871
09/01/2009,40.8500,41.6600,39.4800,39.5800,3765900.0000,31.7684
09/02/2009,39.2800,40.4100,39.1700,40.3300,2096500.0000,32.3704
09/03/2009,41.0000,41.6200,40.3400,41.4700,1575500.0000,33.2854
09/04/2009,42.0000,42.3800,40.9800,42.3800,1680000.0000,34.0158
09/08/2009,43.9400,44.5500,43.5000,44.1000,3321500.0000,35.3963
09/09/2009,44.6500,44.7000,43.5200,44.2100,3306800.0000,35.4846
09/10/2009,43.8000,45.7700,43.5300,45.6100,3155100.0000,36.6083
09/11/2009,46.5800,47.1900,45.3900,45.9500,3316000.0000,36.8812
09/14/2009,45.0700,46.5600,44.8300,46.5500,3798100.0000,37.3628
09/15/2009,46.6200,48.3100,46.3500,47.9000,3460600.0000,38.4463
09/16/2009,48.9100,49.8700,48.5800,49.6200,4353900.0000,39.8269
09/17/2009,49.5000,50.1400,47.9700,48.4200,5175600.0000,38.8637
09/18/2009,48.5500,48.6200,47.2300,48.0000,3530100.0000,38.6039
09/21/2009,47.3000,47.8800,46.3300,47.5700,3342800.0000,38.2581
09/22/2009,48.6200,49.5800,48.5000,49.1200,2915700.0000,39.5047
09/23/2009,49.0900,49.3400,47.5400,47.7700,3983200.0000,38.4189
09/24/2009,48.1200,48.1200,45.7000,46.2400,5086000.0000,37.1885
09/25/2009,45.7100,46.5400,44.9900,45.2700,3739600.0000,36.4083
09/28/2009,45.5800,46.6000,45.0500,45.9700,2045900.0000,36.9713
09/29/2009,46.3100,46.7700,45.7400,45.9900,1946200.0000,36.9874
09/30/2009,46.2600,46.7700,44.9900,45.6400,3227400.0000,36.7059
10/01/2009,45.2200,45.5500,43.5400,43.5400,4662800.0000,35.0170
10/02/2009,42.7700,44.0700,42.2200,43.2300,2675800.0000,34.7677
10/05/2009,43.3900,45.2700,43.3900,45.1100,2930900.0000,36.2797
10/06/2009,46.2000,47.0200,45.6000,46.2100,3480600.0000,37.1643
10/07/2009,46.3100,47.0200,45.9200,46.8100,2662400.0000,37.6469
10/08/2009,48.1700,48.4600,47.1500,47.9900,3661100.0000,38.5959
10/09/2009,47.9300,48.1400,46.7900,47.5900,2822500.0000,38.2742
10/12/2009,48.3500,48.8400,47.2300,47.6900,2466500.0000,38.3546
10/13/2009,47.5300,48.0700,46.7200,47.8500,2842400.0000,38.4833
10/14/2009,48.7900,49.2400,48.3900,49.0600,2862700.0000,39.4564
10/15/2009,48.5600,49.6600,48.3000,49.4800,2765700.0000,39.7942
10/16/2009,48.6700,48.9100,48.0700,48.5100,3364900.0000,39.0141
10/19/2009,48.7100,49.4500,48.1500,49.0500,2284000.0000,39.4484
10/20/2009,49.7400,49.7400,47.5600,48.5100,4355000.0000,39.0141
10/21/2009,48.1400,49.8600,47.8200,48.2500,4370000.0000,38.8050
10/22/2009,48.2200,48.3400,46.7000,47.9400,4320700.0000,38.5557
10/23/2009,48.2900,48.7200,46.8000,47.1300,3907400.0000,37.9042
10/26/2009,47.4000,48.2500,45.5000,45.8100,2540800.0000,36.8426
10/27/2009,45.8000,45.9600,44.4100,44.8000,3021900.0000,36.0303
10/28/2009,44.3000,44.3800,42.0400,42.3500,5315300.0000,34.0599
10/29/2009,43.1300,44.9500,43.1200,44.4700,3697100.0000,35.7649
10/30/2009,44.3600,44.5000,41.6800,42.5000,5608000.0000,34.1806
11/02/2009,42.9200,43.9500,41.2300,42.5100,5282600.0000,34.1886
11/03/2009,41.6700,44.4500,41.5800,43.9300,4094000.0000,35.3306
11/04/2009,44.9900,45.5100,43.9600,44.1000,3542100.0000,35.4674
11/05/2009,44.6800,45.5100,44.3000,45.4900,2689900.0000,36.5853
11/06/2009,45.1500,46.6000,44.7000,45.4900,2312300.0000,36.5853
11/09/2009,46.5200,47.4900,46.4100,47.2400,2902600.0000,37.9927
11/10/2009,47.2000,47.3900,46.1100,47.0100,2500200.0000,37.8077
11/11/2009,47.5900,48.4200,47.3100,47.5500,3397000.0000,38.2420
11/12/2009,47.3700,47.8400,46.1800,46.4900,3723700.0000,37.3895
11/13/2009,46.3300,47.4300,46.0500,47.0100,3167200.0000,37.8077
11/16/2009,48.0500,49.5500,47.6400,49.0500,4304400.0000,39.4484
11/17/2009,48.7000,49.9800,48.4100,49.9000,2984500.0000,40.1320
11/18/2009,50.2500,50.7000,49.3500,49.7700,4094800.0000,40.0275
11/19/2009,49.2400,49.4000,47.7900,48.9400,3317900.0000,39.3599
11/20/2009,48.0600,48.8900,47.3600,48.8100,3836700.0000,39.2554
11/23/2009,50.1100,50.7300,48.8100,49.0900,3142800.0000,39.4806
11/24/2009,49.1700,49.4300,48.2900,49.2700,2779800.0000,39.6253
11/25/2009,49.8200,50.4100,49.3300,50.3300,2113800.0000,40.4778
11/27/2009,48.2100,49.3000,47.5400,48.7500,1693200.0000,39.2071
11/30/2009,49.1000,49.4700,48.4100,48.9000,2907200.0000,39.3277
12/01/2009,49.6300,50.5400,49.5200,49.7900,3555900.0000,40.0435
12/02/2009,50.0500,51.1600,49.9800,50.7500,4901300.0000,40.8156
12/03/2009,50.7300,51.0300,49.4800,49.6200,6069300.0000,39.9068
12/04/2009,50.4000,50.6900,47.3000,48.4800,9454200.0000,38.9900
12/07/2009,48.4500,49.3000,47.9500,48.5000,4797800.0000,39.0061
12/08/2009,47.7300,48.3400,47.1700,47.4200,6380300.0000,38.1375
12/09/2009,47.7500,49.0600,47.2500,49.0000,4967400.0000,39.4082
12/10/2009,49.0500,49.8500,48.8000,49.1400,3514800.0000,39.5208
12/11/2009,49.8200,49.8700,49.0300,49.4000,3985500.0000,39.7299
12/14/2009,50.0000,50.6000,49.5300,50.4700,3763400.0000,40.5904
12/15/2009,50.3200,51.0300,50.0100,50.4000,2190100.0000,40.5341
12/16/2009,50.6500,51.3000,50.3500,50.6700,3712000.0000,40.7513
12/17/2009,50.3900,50.3900,49.3500,49.4700,3294000.0000,39.7862
12/18/2009,49.6300,50.3400,48.9600,49.8200,7008900.0000,40.1822
12/21/2009,50.3500,51.1100,50.2400,50.7800,3274000.0000,40.9565
12/22/2009,50.7800,51.4700,50.2200,51.4400,3916100.0000,41.4888
12/23/2009,51.6900,53.0500,51.6200,52.9600,2073000.0000,42.7147
12/24/2009,53.4000,53.6700,53.2400,53.5400,650600.0000,43.1825
12/28/2009,54.0300,54.2200,52.7700,53.0300,1192500.0000,42.7712
12/29/2009,53.0600,53.3700,52.1500,52.2900,1774400.0000,42.1744
12/30/2009,52.0200,52.5300,51.5800,52.2100,1292400.0000,42.1098
12/31/2009,52.5300,52.7500,51.6100,51.6100,1166800.0000,41.6259
01/04/2010,52.7500,54.2300,52.5200,54.2200,3332800.0000,43.7310
01/05/2010,54.4100,55.3200,54.3100,55.0000,3262200.0000,44.3601
01/06/2010,55.2800,57.4900,55.2800,57.1600,4391300.0000,46.1022
01/07/2010,56.9100,57.2500,55.9500,56.7400,4362800.0000,45.7635
01/08/2010,56.7400,58.9100,56.6600,58.7300,3915800.0000,47.3685
01/11/2010,60.2200,60.4800,57.6200,57.8900,5399200.0000,46.6910
01/12/2010,57.0000,57.4700,55.7900,56.4400,3917200.0000,45.5216
01/13/2010,56.9900,57.2600,55.2500,57.2600,4700100.0000,46.1829
01/14/2010,57.1800,57.4700,56.1500,56.5400,2918500.0000,45.6022
01/15/2010,56.3800,56.5200,55.0100,55.3800,5204700.0000,44.6666
01/19/2010,55.5700,56.4800,55.2500,56.4500,3103700.0000,45.5296
01/20/2010,55.6000,55.7900,54.2000,54.9000,5603800.0000,44.2794
01/21/2010,54.4200,54.5200,51.4100,51.5300,11491000.0000,41.5614
01/22/2010,50.9900,52.4900,49.6500,49.9700,9802700.0000,40.3032
01/25/2010,50.7200,51.5000,50.1100,50.4100,5900300.0000,40.6581
01/26/2010,49.6000,51.3200,49.0500,49.5000,8814900.0000,39.9241
01/27/2010,49.5200,50.2700,47.2800,49.0400,10530400.0000,39.5531
01/28/2010,49.5300,49.7400,47.5100,48.0900,9069600.0000,38.7869
01/29/2010,48.6300,49.2600,45.8100,46.1700,7132100.0000,37.2383
02/01/2010,46.5700,48.9500,46.5700,48.9000,7910500.0000,39.4402
02/02/2010,49.5000,49.7300,48.1900,49.5600,5220500.0000,39.9725
02/03/2010,49.3000,50.1900,48.7500,48.8400,6364900.0000,39.3918
02/04/2010,47.7800,47.9400,45.3700,45.4800,11952400.0000,36.6818
02/05/2010,45.4900,46.9600,44.4300,46.8100,14850200.0000,37.7545
02/08/2010,47.0200,47.5400,45.6000,45.6200,6506600.0000,36.7947
02/09/2010,46.8300,48.1900,46.6500,47.4400,9490000.0000,38.2626
02/10/2010,47.4500,47.6900,46.1800,47.1400,5331500.0000,38.0206
02/11/2010,47.2800,49.3200,47.1200,49.0400,8229200.0000,39.5531
02/12/2010,47.9000,49.3800,47.4800,49.2400,6799100.0000,39.7144
02/16/2010,50.2000,51.3100,50.2000,51.0900,6928900.0000,41.2065
02/17/2010,51.4700,51.6800,50.1200,50.8600,7402100.0000,41.0210
02/18/2010,50.6100,51.7100,50.5900,51.4500,8009400.0000,41.4969
02/19/2010,51.2600,52.6200,51.1700,52.1000,6961200.0000,42.0211
02/22/2010,52.5500,52.8300,52.0200,52.2100,6276800.0000,42.1098
02/23/2010,51.7800,52.0300,49.8100,50.6700,9513700.0000,40.8677
02/24/2010,50.4000,51.0200,49.7300,50.0900,4937400.0000,40.4000
02/25/2010,48.9700,51.1600,48.4700,50.8700,8395500.0000,41.0291
02/26/2010,51.1000,51.5100,50.1900,51.3100,4510700.0000,41.3840
03/01/2010,51.6700,52.7300,51.2600,52.4500,5172900.0000,42.3034
03/02/2010,52.9700,54.7500,52.8900,53.8500,7383600.0000,43.4326
03/03/2010,54.5400,55.3200,54.2300,54.2500,5651000.0000,43.7552
03/04/2010,54.4500,55.0700,53.8000,54.3800,4791900.0000,43.8600
03/05/2010,55.1200,56.5700,55.0700,56.3400,5082800.0000,45.4409
03/08/2010,56.4800,56.7600,55.6800,56.0200,3788400.0000,45.1828
03/09/2010,55.3300,56.5500,55.2100,55.9900,4929100.0000,45.1586
03/10/2010,56.0100,56.9400,55.5900,56.2400,6501900.0000,45.3602
03/11/2010,55.6800,56.3800,55.1700,56.2100,4737500.0000,45.3360
03/12/2010,56.7600,57.3100,56.3600,56.8000,6048300.0000,45.8119
03/15/2010,56.5100,56.5100,55.1000,55.9100,6021800.0000,45.0941
03/16/2010,56.5000,57.4800,56.4300,57.4000,6366600.0000,46.2958
03/17/2010,57.6100,58.7800,57.5900,57.7400,6305900.0000,46.5700
03/18/2010,57.8200,58.2600,56.3200,56.3500,9225500.0000,45.4490
03/19/2010,55.3700,56.9900,55.0500,55.3700,9659300.0000,44.6760
03/22/2010,54.3700,56.0000,54.0500,55.8100,4952800.0000,45.0310
03/23/2010,55.8900,57.6400,55.5800,57.5100,6528400.0000,46.4027
03/24/2010,56.8900,57.5800,56.6300,56.9100,6505400.0000,45.9186
03/25/2010,57.5600,57.8700,54.8000,54.9400,9163800.0000,44.3290
03/26/2010,55.3800,56.6200,54.9900,55.7300,8072800.0000,44.9664
03/29/2010,56.4600,57.6200,56.3500,57.3400,6291200.0000,46.2655
03/30/2010,57.9600,57.9600,56.0900,56.7200,5928300.0000,45.7652
03/31/2010,56.6200,57.5200,56.5800,56.8100,4206500.0000,45.8378
04/01/2010,57.7000,58.2400,57.5600,58.1200,3346100.0000,46.8949
04/05/2010,58.7500,59.9500,58.5800,59.9000,3706400.0000,48.3311
04/06/2010,59.6200,60.3900,59.3000,59.9500,3706200.0000,48.3714
04/07/2010,59.8400,60.3100,58.7900,59.3500,6464400.0000,47.8873
04/08/2010,58.8900,59.4500,58.1900,59.3200,6535300.0000,47.8631
04/09/2010,59.7500,60.3100,59.1800,59.5500,5049100.0000,48.0487
04/12/2010,59.7400,60.4000,59.1700,59.4200,4860800.0000,47.9438
04/13/2010,59.2000,59.6600,58.5200,59.1400,4065000.0000,47.7178
04/14/2010,59.7800,60.1900,59.2600,59.9500,5314100.0000,48.3714
04/15/2010,59.8800,60.2500,59.2800,59.3400,3815600.0000,47.8792
04/16/2010,59.0100,59.2700,56.8600,57.5800,8467800.0000,46.4592
04/19/2010,56.9600,57.2600,55.6200,56.9500,9008900.0000,45.9508
04/20/2010,57.4500,57.9900,56.8500,57.3300,6090700.0000,46.2574
04/21/2010,57.5300,57.8700,56.3800,57.5400,7805200.0000,46.4269
04/22/2010,56.6000,57.9200,55.9000,57.7400,3226900.0000,46.5882
04/23/2010,57.7500,59.3800,57.7500,59.3800,4291800.0000,47.9115
04/26/2010,59.5300,60.2900,58.9000,59.2000,4489800.0000,47.7663
04/27/2010,58.4400,58.7800,56.4200,56.6300,9272900.0000,45.6926
04/28/2010,57.0400,57.5300,56.3400,57.3200,6589700.0000,46.2494
04/29/2010,57.9000,58.0000,56.4600,57.0400,6285000.0000,46.0234
04/30/2010,57.6400,57.6700,55.6100,55.7600,6014700.0000,44.9907
05/03/2010,56.1100,56.2800,54.4900,55.4000,7877600.0000,44.7002
05/04/2010,54.3800,54.6000,52.4400,52.9500,8817600.0000,42.7233
05/05/2010,51.8000,54.2800,50.8800,53.0400,10541500.0000,42.7960
05/06/2010,52.4200,54.6000,48.7600,52.2100,12280200.0000,42.1263
05/07/2010,52.2100,53.2400,49.9300,51.7200,8970500.0000,41.7309
05/10/2010,54.0400,55.0500,53.7500,54.8900,8779700.0000,44.2887
05/11/2010,54.0900,55.2000,53.8200,53.9400,7744200.0000,43.5222
05/12/2010,54.4100,55.7800,54.3000,55.5500,7437400.0000,44.8212
05/13/2010,55.3700,57.1900,55.1800,55.5100,6878700.0000,44.7889
05/14/2010,54.7400,55.0700,52.7100,53.9200,9085300.0000,43.5060
05/17/2010,53.5000,53.8400,50.8100,52.0700,9892700.0000,42.0133
05/18/2010,53.0000,53.5600,50.9600,51.1800,9156300.0000,41.2952
05/19/2010,50.6900,51.2400,48.5300,50.1900,9496100.0000,40.4964
05/20/2010,48.4000,48.7200,46.6800,47.0200,11435500.0000,37.9387
05/21/2010,46.0800,49.3300,46.0000,48.7200,10220100.0000,39.3103
05/24/2010,48.5400,49.8100,47.9700,47.9700,5642600.0000,38.7052
05/25/2010,46.0600,49.4300,45.9000,49.4300,9405700.0000,39.8832
05/26/2010,50.5200,51.1800,48.9800,49.2500,8529000.0000,39.7380
05/27/2010,51.2600,52.1800,50.5600,52.1700,6032600.0000,42.0940
05/28/2010,52.1900,52.4800,50.6500,51.3900,5374500.0000,41.4647
06/01/2010,50.4200,51.3700,48.4100,48.5000,5997700.0000,39.1328
06/02/2010,48.8100,51.0600,48.8100,50.9900,7652200.0000,41.1419
06/03/2010,51.4200,51.4200,49.1000,50.2900,6697500.0000,40.5771
06/04/2010,48.7800,49.6900,47.3100,47.6200,7410600.0000,38.4228
06/07/2010,47.7900,48.1400,46.4200,46.5400,6336000.0000,37.5514
06/08/2010,46.9000,47.9300,46.4000,47.6000,9900900.0000,38.4066
06/09/2010,48.3500,49.5100,47.5700,47.8700,8055500.0000,38.6245
06/10/2010,49.0300,50.1500,49.0300,50.0800,4681200.0000,40.4077
06/11/2010,49.2700,50.9500,49.2700,50.8400,3919100.0000,41.0209
06/14/2010,51.5100,52.3700,50.7700,50.9800,4410700.0000,41.1338
06/15/2010,51.5000,52.4600,50.9000,52.3200,3852300.0000,42.2151
06/16/2010,51.9000,52.4200,51.4600,51.8600,3002200.0000,41.8439
06/17/2010,52.0000,52.3800,50.7800,51.3600,6066800.0000,41.4405
06/18/2010,51.3400,51.9600,51.2100,51.6100,3974600.0000,41.7112
06/21/2010,53.0000,54.0500,51.6800,52.1500,6926100.0000,42.1476
06/22/2010,52.2000,52.5000,50.2400,50.4100,2616800.0000,40.7414
06/23/2010,50.4500,51.2700,49.3000,50.8300,3987300.0000,41.0808
06/24/2010,50.4900,50.7600,49.2800,49.4500,3791900.0000,39.9655
06/25/2010,49.6200,50.9800,49.2500,50.7700,3086100.0000,41.0323
06/28/2010,51.0800,51.0800,49.2200,49.4000,2566100.0000,39.9251
06/29/2010,48.2900,48.2900,46.0100,46.3600,4056200.0000,37.4682
06/30/2010,46.5000,47.5800,45.5000,45.6900,3538400.0000,36.9267
07/01/2010,45.8000,46.6900,43.7100,45.1900,6465100.0000,36.5226
07/02/2010,45.4000,45.7900,44.3200,44.7300,2726700.0000,36.1508
07/06/2010,45.9600,46.4600,44.2900,44.7700,2326900.0000,36.1831
07/07/2010,45.0000,47.1400,44.8900,47.1100,3176200.0000,38.0743
07/08/2010,47.8400,47.8400,46.4400,47.6300,2962400.0000,38.4946
07/09/2010,47.6300,49.2600,47.5800,48.9900,2638700.0000,39.5937
07/12/2010,48.4600,48.7700,47.2200,47.4600,2004600.0000,38.3572
07/13/2010,48.5900,48.7600,47.8500,48.2800,1743000.0000,39.0199
07/14/2010,48.1100,48.9200,47.6600,48.3100,2146700.0000,39.0441
07/15/2010,48.5800,48.5800,47.2100,48.1600,2440700.0000,38.9229
07/16/2010,47.3900,47.6900,46.1300,46.2700,3031700.0000,37.3954
07/19/2010,46.5000,46.8800,45.6800,46.2000,2580700.0000,37.3388
07/20/2010,45.4300,48.4000,45.4200,48.2400,4464400.0000,38.9876
07/21/2010,49.1900,49.7500,47.6200,47.9900,3965400.0000,38.7855
07/22/2010,48.9600,50.4400,48.7700,50.1300,3611900.0000,40.5151
07/23/2010,50.3600,51.4100,49.6600,51.2500,4586500.0000,41.4203
07/26/2010,51.1600,51.9700,50.8500,51.6700,2269400.0000,41.7597
07/27/2010,51.6800,51.9600,49.4000,49.8100,3858400.0000,40.2564
07/28/2010,49.4400,50.1400,48.9700,49.3000,3357800.0000,39.8443
07/29/2010,49.5000,50.2800,48.5400,49.4600,3244600.0000,39.9736
07/30/2010,48.9600,50.0900,48.5900,49.8900,3491700.0000,40.3211
08/02/2010,50.8700,51.7800,50.6900,51.6200,2624100.0000,41.7193
08/03/2010,51.5200,51.9500,50.9900,51.2500,2421900.0000,41.4203
08/04/2010,51.4000,52.1600,50.6300,52.0800,4342100.0000,42.0911
08/05/2010,51.5700,52.1000,51.3800,51.8500,1877400.0000,41.9052
08/06/2010,51.2400,52.8900,51.2400,52.5300,4966100.0000,42.4548
08/09/2010,52.7200,52.9000,51.7900,52.2800,1990600.0000,42.2527
08/10/2010,51.5500,51.6900,50.5400,51.3300,4499100.0000,41.4849
08/11/2010,50.1500,50.1600,48.6800,48.8600,3517600.0000,39.4887
08/12/2010,48.3300,49.5300,48.0800,49.0800,2900600.0000,39.6665
08/13/2010,49.1300,49.2800,48.6000,48.6100,1416000.0000,39.2866
08/16/2010,48.7000,49.6700,48.4100,49.2300,1970000.0000,39.7877
08/17/2010,50.1900,51.1600,49.7600,50.6100,3248800.0000,40.9030
08/18/2010,50.5400,51.5100,50.0000,51.1500,3392200.0000,41.3394
08/19/2010,50.8800,52.0400,50.0200,50.3300,4647100.0000,40.6767
08/20/2010,49.7800,49.9000,48.9700,49.7900,3250700.0000,40.2403
08/23/2010,50.3200,50.3200,48.5800,48.5800,2495700.0000,39.2624
08/24/2010,47.7400,47.9200,46.8700,47.0900,4458100.0000,38.0581
08/25/2010,46.9100,47.3700,45.9100,47.2300,3141800.0000,38.1713
08/26/2010,47.7500,48.1600,46.5500,46.6700,2327600.0000,37.7187
08/27/2010,47.2400,48.4900,46.3000,48.4400,2989400.0000,39.1492
08/30/2010,48.4000,48.6500,47.4600,47.4900,2300700.0000,38.3814
08/31/2010,47.5000,49.0200,47.3100,48.3900,5154000.0000,39.1088
09/01/2010,49.5000,50.4400,49.3300,50.3500,3506700.0000,40.6929
09/02/2010,50.3600,50.9900,49.7800,50.9900,2563300.0000,41.2101
09/03/2010,51.5100,51.8400,51.0500,51.5400,2503800.0000,41.6546
09/07/2010,51.1700,52.0200,50.7900,51.4300,3943400.0000,41.5657
09/08/2010,51.5900,52.5800,51.5900,51.9300,2062700.0000,41.9698
09/09/2010,52.6800,52.8000,50.8400,51.1800,3138400.0000,41.3637
09/10/2010,51.4500,52.0800,51.0400,51.7500,1921000.0000,41.8243
09/13/2010,52.5400,52.9000,52.3300,52.4100,2609600.0000,42.3578
09/14/2010,51.9900,52.9600,51.5800,52.2500,2624900.0000,42.2284
09/15/2010,51.8900,52.2200,51.4300,51.9700,2210500.0000,42.0022
09/16/2010,51.6700,52.9600,51.6700,52.5800,3345400.0000,42.4951
09/17/2010,52.7800,52.7800,51.5400,51.7400,3455900.0000,41.8936
09/20/2010,52.0000,52.3800,51.3100,52.2200,2101600.0000,42.2822
09/21/2010,52.2300,52.4000,51.3000,52.0900,2626000.0000,42.1770
09/22/2010,52.2800,53.2400,52.1900,52.5600,4109400.0000,42.5575
09/23/2010,51.9000,52.7900,51.5700,51.9000,2076600.0000,42.0231
09/24/2010,52.7900,53.5600,52.7900,53.4000,2502000.0000,43.2376
09/27/2010,53.6900,53.6900,53.1300,53.2100,1567600.0000,43.0838
09/28/2010,53.3100,53.6500,51.9700,53.5500,3540800.0000,43.3591
09/29/2010,53.4100,54.1100,53.2400,53.8100,2183900.0000,43.5696
09/30/2010,54.3600,54.5300,52.7300,53.4800,2590800.0000,43.3024
10/01/2010,54.3000,54.6100,53.8700,54.5000,2989100.0000,44.1283
10/04/2010,54.0100,54.2600,52.8000,53.0900,3094700.0000,42.9866
10/05/2010,53.6600,54.8200,53.6600,54.5500,2822800.0000,44.1688
10/06/2010,54.7800,55.7500,54.6000,55.3800,2338000.0000,44.8408
10/07/2010,55.6800,55.8800,53.8200,54.3800,4106000.0000,44.0311
10/08/2010,54.5700,56.4600,54.4900,56.3100,4810500.0000,45.5938
10/11/2010,56.6300,57.0000,56.1500,56.3700,1670100.0000,45.6424
10/12/2010,56.2100,56.4000,54.9900,56.2200,4296900.0000,45.5210
10/13/2010,57.0400,57.6600,56.9700,57.2500,3783600.0000,46.3550
10/14/2010,57.3100,57.4200,56.2300,56.7100,2499200.0000,45.9177
10/15/2010,56.9600,57.0300,55.1600,56.2300,8801500.0000,45.5291
10/18/2010,56.2000,57.7200,55.4200,57.7200,4103800.0000,46.7355
10/19/2010,55.2500,55.5900,53.9400,54.3100,5261500.0000,43.9745
10/20/2010,54.7800,56.1800,54.5300,55.7300,2790400.0000,45.1242
10/21/2010,56.0400,56.0700,53.9300,54.7900,5221100.0000,44.3631
10/22/2010,54.9300,55.1200,54.2200,54.6200,1648800.0000,44.2255
10/25/2010,55.8600,56.3600,55.4000,55.6900,4725500.0000,45.0918
10/26/2010,54.9200,55.8300,54.4800,55.6100,3397700.0000,45.0271
10/27/2010,54.9600,55.3000,53.8300,55.2600,6233600.0000,44.7437
10/28/2010,55.7500,56.1200,55.0400,55.3900,3743500.0000,44.8489
10/29/2010,55.2900,55.9900,55.0500,55.9900,2219800.0000,45.3347
11/01/2010,56.5400,57.1200,55.9100,56.3500,4262000.0000,45.6262
11/02/2010,57.1000,57.2700,56.6700,57.0500,1553100.0000,46.1930
11/03/2010,56.9900,57.3200,55.7000,56.8800,6684100.0000,46.0554
11/04/2010,58.0400,59.4600,58.0400,59.4600,4306600.0000,48.1444
11/05/2010,59.5200,60.9900,59.5100,60.7000,4297100.0000,49.1484
11/08/2010,60.4900,61.9500,60.2900,61.8900,3496200.0000,50.1119
11/09/2010,62.5700,62.8900,59.3400,59.7700,4779900.0000,48.3954
11/10/2010,60.1900,61.1200,59.0700,61.1100,4033700.0000,49.4804
11/11/2010,60.8300,62.1800,60.5800,62.1800,4478700.0000,50.3468
11/12/2010,61.0000,61.4900,59.4600,59.9400,4881000.0000,48.5330
11/15/2010,60.9000,60.9000,59.5000,59.5800,3476500.0000,48.2415
11/16/2010,58.7700,58.9500,56.8700,57.5700,5538700.0000,46.6141
11/17/2010,57.5800,58.7900,57.4700,57.8500,2921300.0000,46.8408
11/18/2010,59.1300,60.1200,59.1300,59.4400,4272200.0000,48.1282
11/19/2010,58.9800,61.0900,58.4700,60.9900,5721600.0000,49.3832
11/22/2010,60.5900,61.7000,59.8700,61.6900,4478000.0000,49.9500
11/23/2010,60.7400,60.8400,59.9100,60.5300,2805100.0000,49.0108
11/24/2010,61.1600,61.3800,60.8400,61.3700,1944800.0000,49.6909
11/26/2010,60.7400,60.8700,60.1600,60.3900,1935000.0000,48.8974
11/29/2010,60.1900,61.1700,59.2200,60.8700,5425800.0000,49.2861
11/30/2010,60.3300,62.0900,60.0900,61.1000,5411100.0000,49.4723
12/01/2010,62.4900,63.0600,62.2100,63.0500,3526400.0000,51.0512
12/02/2010,63.3600,64.6400,63.3600,64.4500,3883000.0000,52.1847
12/03/2010,64.3500,65.6400,64.0000,65.5900,2115100.0000,53.1078
12/06/2010,65.8500,66.8900,65.7300,66.6000,3503100.0000,53.9256
12/07/2010,67.9000,67.9800,65.4200,65.4800,5580700.0000,53.0188
12/08/2010,65.0800,65.5900,63.8400,64.0100,4900100.0000,51.8285
12/09/2010,64.8400,65.5300,64.5000,65.1700,3648700.0000,52.7677
12/10/2010,65.0300,66.0100,64.4300,65.7900,3793300.0000,53.2697
12/13/2010,66.9200,67.2900,66.1900,66.2000,2955500.0000,53.6017
12/14/2010,66.4800,66.8800,65.8200,66.1600,2690800.0000,53.5693
12/15/2010,65.9300,66.6300,65.1800,65.2900,4169100.0000,52.8649
12/16/2010,65.4000,65.9800,64.7000,65.9800,2961000.0000,53.4236
12/17/2010,66.0700,66.9800,65.7500,66.6500,3350600.0000,54.1055
12/20/2010,67.3100,67.6600,66.4000,66.9600,1830600.0000,54.3571
12/21/2010,67.5100,68.3100,67.1000,68.2500,2281000.0000,55.4044
12/22/2010,68.4500,68.5700,67.6500,67.8600,1150800.0000,55.0878
12/23/2010,67.8200,68.3800,67.6600,67.9200,1036400.0000,55.1365
12/27/2010,67.8900,67.8900,67.0900,67.4900,779200.0000,54.7874
12/28/2010,68.0500,68.3100,67.6100,67.9100,1068500.0000,55.1284
12/29/2010,68.3500,68.6400,68.1000,68.4700,1423900.0000,55.5830
12/30/2010,68.6300,69.4400,68.4800,69.0200,1264900.0000,56.0294
12/31/2010,69.1500,69.2000,68.6500,68.7800,1685900.0000,55.8346
01/03/2011,69.7900,71.1500,69.7800,70.1300,3057600.0000,56.9305
01/04/2011,70.3000,70.8900,67.9300,69.6100,4451700.0000,56.5084
01/05/2011,69.0800,70.4500,68.4500,70.0800,3020100.0000,56.8899
01/06/2011,70.2900,70.5100,68.9900,69.2100,5416600.0000,56.1837
01/07/2011,69.1500,69.6900,67.6200,68.8700,3365300.0000,55.9077
01/10/2011,68.7000,69.0100,67.7300,68.8800,2571100.0000,55.9158
01/11/2011,69.5600,70.9200,69.5100,70.8900,3504800.0000,57.5475
01/12/2011,71.7500,71.7600,70.1000,70.9900,2734800.0000,57.6286
01/13/2011,71.3100,71.3300,69.8600,70.0700,3156800.0000,56.8818
01/14/2011,69.5100,69.8200,68.4000,68.5800,5023200.0000,55.6722
01/18/2011,68.8600,69.8000,68.7100,69.8000,2258900.0000,56.6626
01/19/2011,70.0000,70.0200,67.2100,67.3200,4441100.0000,54.6494
01/20/2011,66.6000,66.9000,65.4500,66.7300,6468400.0000,54.1704
01/21/2011,67.2700,67.5400,65.4800,65.5200,4164100.0000,53.1882
01/24/2011,65.4000,67.2800,65.3500,66.7500,4223100.0000,54.1867
01/25/2011,66.5200,66.7400,64.9800,66.6600,5204700.0000,54.1136
01/26/2011,66.9800,69.7200,66.9800,69.6800,3769300.0000,56.5652
01/27/2011,69.5400,69.7800,67.4100,68.2800,3747500.0000,55.4287
01/28/2011,68.1100,68.5800,67.1300,67.6100,4793900.0000,54.8848
01/31/2011,68.0800,69.1000,68.0700,68.9700,4033200.0000,55.9888
02/01/2011,69.6000,71.0600,69.4700,70.8800,5521500.0000,57.5393
02/02/2011,70.9700,71.8400,70.3000,70.6600,3501700.0000,57.3607
02/03/2011,70.4500,71.0200,69.0500,70.9400,4829500.0000,57.5881
02/04/2011,71.2800,71.2900,69.3300,70.0200,5755700.0000,56.8412
02/07/2011,70.4400,71.4400,70.1100,70.5800,5283100.0000,57.2958
02/08/2011,71.0000,71.3200,70.1700,71.0200,4489100.0000,57.6530
02/09/2011,70.7500,71.1300,68.8800,69.3300,5923200.0000,56.2811
02/10/2011,68.8000,70.5100,68.7000,69.8700,5033600.0000,56.7194
02/11/2011,69.7800,70.3200,69.3300,70.0700,4088100.0000,56.8818
02/14/2011,70.3600,72.3600,70.2500,72.0400,5494800.0000,58.4810
02/15/2011,72.3900,73.0700,72.0600,72.1800,3128800.0000,58.5947
02/16/2011,72.7100,73.3300,72.2600,73.2500,2410400.0000,59.4633
02/17/2011,73.9400,74.3500,72.9300,74.0500,2473700.0000,60.1127
02/18/2011,74.6600,74.6600,72.2500,72.8200,3756900.0000,59.1142
02/22/2011,72.3100,73.0700,69.6500,69.7900,4767700.0000,56.6545
02/23/2011,70.1900,70.7500,68.1300,70.1400,5701300.0000,56.9386
02/24/2011,69.9300,71.0500,68.6100,69.8400,3575600.0000,56.6951
02/25/2011,70.6400,71.0600,70.0400,71.0600,2389200.0000,57.6855
02/28/2011,71.7900,72.3400,70.8400,71.6600,2563700.0000,58.1726
03/01/2011,72.0300,72.4200,69.9800,70.0700,3655800.0000,56.8818
03/02/2011,70.2400,71.4000,69.8800,70.9100,2320900.0000,57.5637
03/03/2011,71.7400,72.8700,71.3900,72.6400,1975200.0000,58.9681
03/04/2011,72.8200,73.2200,72.0300,72.5800,2831100.0000,58.9194
03/07/2011,72.8800,73.5100,70.3200,70.9400,5049700.0000,57.5881
03/08/2011,71.1900,71.5400,69.4200,71.1200,4076500.0000,57.7342
03/09/2011,71.0000,71.3000,69.1200,69.5000,5870000.0000,56.4191
03/10/2011,68.2200,68.4200,66.8700,66.9800,10266600.0000,54.3734
03/11/2011,66.5000,69.1700,66.3100,68.7500,6520600.0000,55.8103
03/14/2011,68.6600,69.6800,67.9500,69.0100,4810600.0000,56.0213
03/15/2011,66.5600,69.4700,66.1000,69.0600,6282300.0000,56.0619
03/16/2011,69.4400,70.4500,67.1200,68.1300,6494100.0000,55.3069
03/17/2011,69.5000,70.1300,68.7500,69.3300,5503000.0000,56.2811
03/18/2011,70.5200,70.5500,68.9400,68.9500,6986000.0000,56.0203
03/21/2011,70.1000,70.4000,69.4400,70.3100,4775800.0000,57.1252
03/22/2011,70.3500,71.1100,69.9300,71.0400,3536700.0000,57.7184
03/23/2011,71.0300,72.9700,70.6000,72.6200,3539200.0000,59.0021
03/24/2011,73.0600,73.5400,71.9800,72.9800,3301800.0000,59.2945
03/25/2011,73.0500,74.2500,72.7700,73.0300,3938100.0000,59.3352
03/28/2011,73.0800,73.5800,72.1300,72.2500,3596900.0000,58.7014
03/29/2011,72.3000,73.5700,72.0100,73.4300,3313400.0000,59.6602
03/30/2011,74.2300,74.3500,72.6500,73.9900,5305400.0000,60.1152
03/31/2011,74.2100,74.8900,73.9300,74.2900,3876800.0000,60.3589
04/01/2011,74.8100,75.2400,74.0600,74.5000,4151000.0000,60.5295
04/04/2011,75.1700,75.9900,74.8900,75.3500,2834000.0000,61.2201
04/05/2011,75.2700,77.0600,74.8900,76.4800,4483200.0000,62.1382
04/06/2011,77.2800,77.4400,75.1900,75.3400,5770200.0000,61.2120
04/07/2011,75.4900,76.6100,74.8300,75.3900,3473100.0000,61.2526
04/08/2011,76.2600,76.5200,74.6400,75.0700,3433800.0000,60.9926
04/11/2011,75.3500,75.6100,72.7500,73.3700,5077400.0000,59.6114
04/12/2011,72.5100,73.0000,71.3200,71.7700,5997400.0000,58.3115
04/13/2011,72.5600,72.8200,70.7800,71.7600,4400200.0000,58.3033
04/14/2011,71.5300,72.8300,71.2500,71.9800,5163100.0000,58.4821
04/15/2011,72.3800,72.5000,71.5000,72.5000,3790800.0000,58.9045
04/18/2011,71.7000,71.7500,70.1400,71.0700,4915800.0000,57.7427
04/19/2011,71.2900,71.9900,70.6800,71.9700,3091500.0000,58.4740
04/20/2011,73.3900,73.7000,72.8200,73.3500,3432800.0000,59.5952
04/21/2011,73.7400,74.1500,73.0900,74.0400,2246400.0000,60.1558
04/25/2011,74.2100,74.4200,73.1000,73.7200,2266800.0000,59.8958
04/26/2011,73.8000,74.6200,73.2100,74.0700,2100000.0000,60.1801
04/27/2011,74.1400,74.7400,72.4200,74.5600,5112900.0000,60.5783
04/28/2011,74.5000,75.8900,73.9600,74.6500,3917600.0000,60.6514
04/29/2011,74.6800,75.9200,74.3300,75.5900,3877200.0000,61.4151
05/02/2011,76.0300,77.0200,74.6200,74.9500,2745800.0000,60.8951
05/03/2011,74.7100,74.9500,72.9300,73.9700,6114400.0000,60.0989
05/04/2011,73.7900,73.7900,71.2100,71.9700,5088100.0000,58.4740
05/05/2011,70.9100,72.5000,69.9000,70.4100,6100000.0000,57.2065
05/06/2011,71.5700,72.2200,70.1900,70.8300,5458400.0000,57.5477
05/09/2011,71.3700,72.8300,70.8000,72.6300,4112100.0000,59.0102
05/10/2011,73.1400,73.2800,71.9200,72.6300,3653600.0000,59.0102
05/11/2011,72.2800,72.3200,69.3600,69.7300,7092600.0000,56.6540
05/12/2011,69.4500,71.1500,68.6600,70.2700,9257800.0000,57.0927
05/13/2011,70.4200,70.5900,68.2300,68.6700,6667600.0000,55.7928
05/16/2011,68.3500,70.4700,67.7700,68.2800,7124900.0000,55.4759
05/17/2011,67.7700,68.8800,67.1800,68.7000,7402400.0000,55.8172
05/18/2011,68.9800,69.9500,68.5200,69.7300,4068200.0000,56.6540
05/19/2011,70.3200,70.3200,68.4200,69.0700,5269700.0000,56.1178
05/20/2011,68.8300,69.0700,67.7100,68.5200,5192600.0000,55.6709
05/23/2011,67.2600,67.9000,66.8800,67.5200,3900000.0000,54.8584
05/24/2011,68.0800,69.4500,67.7800,68.1200,5338700.0000,55.3459
05/25/2011,68.0000,69.7200,67.9800,69.4000,4567600.0000,56.3859
05/26/2011,69.1700,70.2000,68.8700,70.0600,4951000.0000,56.9221
05/27/2011,70.6100,71.3400,70.1100,70.7700,4241500.0000,57.4990
05/31/2011,71.8700,72.0000,70.0600,71.8200,6006400.0000,58.3521
06/01/2011,71.3600,71.6300,69.0800,69.2800,4533800.0000,56.2884
06/02/2011,69.4000,70.9900,68.7100,69.5100,5714200.0000,56.4753
06/03/2011,68.3900,69.4000,68.0200,68.2000,4493000.0000,55.4109
06/06/2011,68.2500,68.7400,66.7500,66.7800,4790900.0000,54.2572
06/07/2011,67.1200,67.7500,66.7300,66.7300,2613500.0000,54.2166
06/08/2011,66.4600,66.9100,65.0500,65.2800,4948500.0000,53.0385
06/09/2011,65.4500,66.5700,65.2300,66.0600,4761400.0000,53.6722
06/10/2011,65.6000,66.2800,65.1500,65.4300,4932900.0000,53.1604
06/13/2011,65.6200,65.6500,63.1500,64.0600,6326700.0000,52.0473
06/14/2011,65.0200,66.1400,64.8000,65.8200,4321200.0000,53.4772
06/15/2011,65.1100,65.7400,63.8700,64.1800,5848400.0000,52.1448
06/16/2011,64.1400,64.3000,61.8100,63.0500,10408600.0000,51.2267
06/17/2011,63.5600,63.9500,62.4400,62.7700,6306800.0000,51.0777
06/20/2011,62.8200,63.8800,62.6700,63.4600,3275900.0000,51.6392
06/21/2011,64.1900,65.8900,64.1500,65.7700,4066100.0000,53.5189
06/22/2011,65.7600,67.1000,65.4700,65.9300,3620000.0000,53.6491
06/23/2011,64.6000,66.0300,63.3900,65.9900,5191600.0000,53.6979
06/24/2011,66.1800,66.6600,64.9200,65.3000,4877800.0000,53.1365
06/27/2011,65.1100,65.5700,64.2500,65.2900,4534700.0000,53.1283
06/28/2011,65.5200,67.1300,65.4600,67.1300,3474000.0000,54.6256
06/29/2011,67.5000,68.8800,67.2000,68.2300,4302900.0000,55.5207
06/30/2011,68.5900,69.9500,68.5600,69.3700,3258100.0000,56.4484
07/01/2011,69.3100,70.1100,68.1700,69.8700,5395700.0000,56.8552
07/05/2011,69.8700,70.6300,69.7600,70.0700,3498700.0000,57.0179
07/06/2011,69.9100,70.2500,69.1900,69.8900,2453900.0000,56.8715
07/07/2011,70.8100,71.5700,70.6900,71.1300,2168000.0000,57.8805
07/08/2011,69.9900,70.6200,69.6600,70.4200,4349600.0000,57.3028
07/11/2011,69.4800,69.5200,67.5200,67.7100,4173400.0000,55.0975
07/12/2011,67.8900,68.7100,67.4200,67.6600,3081600.0000,55.0569
07/13/2011,68.1500,70.4900,68.1500,69.3600,5077800.0000,56.4402
07/14/2011,69.7700,70.0200,67.4000,67.6600,5842700.0000,55.0569
07/15/2011,68.1300,69.1400,67.4900,69.1400,5751800.0000,56.2612
07/18/2011,69.1800,70.0100,68.8300,69.2900,4417600.0000,56.3833
07/19/2011,69.8800,70.7200,69.8100,70.7200,4367200.0000,57.5469
07/20/2011,70.9600,70.9600,69.9600,70.5700,3087400.0000,57.4248
07/21/2011,70.7800,71.3800,70.3200,71.3000,2992200.0000,58.0189
07/22/2011,71.2600,72.0200,71.1200,71.8000,2424600.0000,58.4257
07/25/2011,71.6500,71.8900,71.0500,71.3100,2295500.0000,58.0270
07/26/2011,71.0200,71.0700,69.5700,69.8000,3621400.0000,56.7982
07/27/2011,69.5800,69.6500,67.3500,67.4400,3475900.0000,54.8779
07/28/2011,67.4700,68.2200,66.9300,67.0500,3346200.0000,54.5605
07/29/2011,66.2800,67.2200,65.2800,66.6000,6376300.0000,54.1943
08/01/2011,67.9800,68.0500,65.8600,66.4800,4054600.0000,54.0967
08/02/2011,66.1800,67.3000,64.4000,64.5500,7060500.0000,52.5262
08/03/2011,65.0100,65.1900,62.4000,64.3200,6018500.0000,52.3390
08/04/2011,62.7400,63.2100,58.2400,58.4200,11642500.0000,47.5380
08/05/2011,58.9500,59.8600,54.6600,56.7200,12578800.0000,46.1547
08/08/2011,54.6000,55.3500,51.4100,51.5700,9213900.0000,41.9640
08/09/2011,53.0900,55.7500,51.2900,55.6200,11917300.0000,45.2596
08/10/2011,54.7900,56.0500,53.0800,53.7200,7455800.0000,43.7135
08/11/2011,54.0000,57.4000,53.4200,56.6600,4603900.0000,46.1059
08/12/2011,57.2000,57.8900,56.7600,57.1600,2937700.0000,46.5127
08/15/2011,57.5500,59.0600,57.4300,58.9600,2254800.0000,47.9774
08/16/2011,58.1900,58.5400,56.8200,56.9500,5137200.0000,46.3418
08/17/2011,57.2500,58.3400,56.4000,56.7300,4578900.0000,46.1628
08/18/2011,54.9200,55.0000,52.9800,53.5700,6027000.0000,43.5914
08/19/2011,52.6300,55.1800,52.4700,52.6300,4340600.0000,42.8265
08/22/2011,54.0800,54.3800,52.5100,52.8500,2782100.0000,43.0056
08/23/2011,53.3400,54.3800,52.4000,54.3400,3306700.0000,44.2180
08/24/2011,54.1800,54.6500,53.0300,54.5900,2036600.0000,44.4215
08/25/2011,55.4800,55.4800,53.5600,53.8700,1628100.0000,43.8356
08/26/2011,53.6300,55.8900,52.7100,55.7500,2127200.0000,45.3654
08/29/2011,56.5300,58.0200,56.4100,57.8700,1910200.0000,47.0905
08/30/2011,57.6600,59.0600,57.2100,58.5900,1929100.0000,47.6764
08/31/2011,59.1800,59.8800,57.9000,58.5700,3046100.0000,47.6601
09/01/2011,58.5500,59.2300,57.3200,57.4800,3189700.0000,46.7731
09/02/2011,56.6300,57.0100,55.7000,56.2800,2224700.0000,45.7966
09/06/2011,54.6000,56.0700,54.1500,55.4700,2707300.0000,45.1375
09/07/2011,56.6700,58.0600,56.2900,57.9600,3094200.0000,47.1637
09/08/2011,57.7300,58.5500,57.0100,57.3500,2555900.0000,46.6673
09/09/2011,56.5700,57.1400,55.0100,55.6600,3498000.0000,45.2921
09/12/2011,54.5200,56.0000,53.4700,54.9900,4698400.0000,44.7469
09/13/2011,55.2100,56.3200,54.4400,55.8300,3309300.0000,45.4305
09/14/2011,55.8000,57.1500,54.6900,56.2800,3960200.0000,45.7966
09/15/2011,56.7000,57.1200,55.7100,56.8600,2963400.0000,46.2686
09/16/2011,57.0900,57.3300,55.9700,56.5500,3170800.0000,46.0950
09/19/2011,55.6500,55.7700,54.1700,55.3600,2893100.0000,45.1250
09/20/2011,55.4400,55.6500,53.1500,53.3100,4646800.0000,43.4540
09/21/2011,52.9200,52.9200,50.4300,50.5200,4593600.0000,41.1798
09/22/2011,48.2100,48.3300,45.7000,46.5500,6736200.0000,37.9438
09/23/2011,45.9300,47.2300,45.6700,46.4600,4540000.0000,37.8704
09/26/2011,46.5200,48.0000,45.2000,47.8500,5618600.0000,39.0034
09/27/2011,49.4600,50.9100,48.7600,49.1400,6904200.0000,40.0549
09/28/2011,49.3000,49.3700,45.5600,45.7900,5266200.0000,37.3243
09/29/2011,47.0500,47.2300,45.0500,46.3800,4724400.0000,37.8052
09/30/2011,45.3000,46.0900,44.6200,44.8300,6259400.0000,36.5418
10/03/2011,44.2600,45.0500,41.7600,41.8900,7591600.0000,34.1453
10/04/2011,41.2700,43.9900,40.1700,43.9800,7109600.0000,35.8489
10/05/2011,44.1100,46.6900,43.5400,46.4700,9759300.0000,37.8786
10/06/2011,46.5400,47.9700,45.7800,47.5200,6966000.0000,38.7345
10/07/2011,48.2300,48.2500,45.4300,46.0400,3366800.0000,37.5281
10/10/2011,47.2600,48.6400,47.2600,48.5900,2768400.0000,39.6066
10/11/2011,47.7600,49.5100,47.5700,49.2100,3704300.0000,40.1120
10/12/2011,49.7100,51.2300,49.6400,50.2400,4888000.0000,40.9516
10/13/2011,49.8600,50.3600,48.4300,50.0600,2570200.0000,40.8049
10/14/2011,50.9200,51.6300,50.3800,51.4900,2921200.0000,41.9705
10/17/2011,51.0900,51.0900,48.6600,48.9300,3357100.0000,39.8838
10/18/2011,48.7500,51.2800,47.4800,50.9400,5418900.0000,41.5222
10/19/2011,50.7000,50.7600,48.4700,48.7900,4625000.0000,39.7697
10/20/2011,48.7700,49.6600,47.7600,49.3400,3839500.0000,40.2180
10/21/2011,50.4200,51.0400,49.7900,50.8200,3351600.0000,41.4244
10/24/2011,51.5000,53.5000,51.0000,53.3600,3826900.0000,43.4948
10/25/2011,52.9600,52.9600,51.1500,51.3200,3402600.0000,41.8319
10/26/2011,52.3700,52.9300,50.5500,52.4500,3611800.0000,42.7530
10/27/2011,54.9000,57.8300,54.5800,57.2200,5996200.0000,46.6411
10/28/2011,56.6000,59.3600,56.3600,58.8800,4560200.0000,47.9942
10/31/2011,57.8700,57.8700,54.9300,55.0100,5112600.0000,44.8397
11/01/2011,52.6300,54.3800,51.3800,53.3700,6043000.0000,43.5029
11/02/2011,54.8200,55.3400,53.5400,54.9300,2992300.0000,44.7745
11/03/2011,56.1700,56.6400,54.2400,56.4400,4127100.0000,46.0053
11/04/2011,55.8500,57.4500,55.0000,56.9300,2697700.0000,46.4047
11/07/2011,57.0300,57.9300,55.7200,57.0300,2663600.0000,46.4863
11/08/2011,57.0300,58.0500,56.3700,57.3600,3223200.0000,46.7552
11/09/2011,55.6400,55.8700,53.2200,53.5200,6212100.0000,43.6252
11/10/2011,54.3800,55.0000,52.7700,53.8000,2650200.0000,43.8534
11/11/2011,54.4700,55.9500,54.3900,55.1400,3274300.0000,44.9457
11/14/2011,54.9500,55.5400,54.0400,54.5900,2473400.0000,44.4974
11/15/2011,54.3500,55.7400,53.7800,55.4300,3052800.0000,45.1821
11/16/2011,54.7200,55.4200,53.4200,53.6300,2712000.0000,43.7149
11/17/2011,53.5100,53.9800,51.1300,51.5100,6815800.0000,41.9868
11/18/2011,52.0700,52.3900,51.0900,51.3300,4674800.0000,41.8401
11/21/2011,50.3800,50.3800,48.8100,49.9100,4018400.0000,40.6826
11/22/2011,49.9000,50.5300,48.8600,49.4800,2904700.0000,40.3321
11/23/2011,48.7400,48.8600,47.0600,47.0600,3251600.0000,38.3595
11/25/2011,46.8400,47.6300,46.5100,46.6300,1140600.0000,38.0090
11/28/2011,48.8100,50.0000,48.7500,49.5500,4015000.0000,40.3891
11/29/2011,49.6900,50.3100,49.0300,49.6600,2569800.0000,40.4788
11/30/2011,52.1600,54.4700,51.9700,54.3100,6032500.0000,44.2691
12/01/2011,54.0500,54.8000,53.1200,53.8300,2887400.0000,43.8779
12/02/2011,54.7200,55.0600,53.3000,53.5000,3094600.0000,43.6089
12/05/2011,54.3600,55.3500,53.5800,54.3500,3976800.0000,44.3017
12/06/2011,54.0300,55.3800,53.4300,54.7000,3736700.0000,44.5870
12/07/2011,54.3800,54.5500,53.3600,54.4000,2201300.0000,44.3425
12/08/2011,53.9400,53.9400,51.5300,51.7700,4517800.0000,42.1987
12/09/2011,52.1800,53.8900,51.8100,53.6300,3353400.0000,43.7149
12/12/2011,52.4700,52.4700,50.7000,51.4600,3209900.0000,41.9460
12/13/2011,51.6300,52.5000,49.2300,49.5800,4508500.0000,40.4136
12/14/2011,49.0800,49.5900,47.9600,48.5900,5535300.0000,39.6066
12/15/2011,49.7100,49.7400,48.1800,48.4700,4607700.0000,39.5088
12/16/2011,48.8900,49.8100,48.4100,48.8800,3716100.0000,40.0156
12/19/2011,49.1200,49.2900,47.1000,47.3100,4479200.0000,38.7303
12/20/2011,48.4600,49.9400,48.4600,49.8100,4487600.0000,40.7769
12/21/2011,49.8100,50.1400,48.8300,49.8900,2629200.0000,40.8424
12/22/2011,50.0500,51.1200,49.7900,50.7900,3086800.0000,41.5792
12/23/2011,50.9700,51.0000,50.2500,50.6300,1571300.0000,41.4482
12/27/2011,50.4700,50.7200,49.8900,49.9600,824500.0000,40.8997
12/28/2011,49.8400,49.9600,48.0100,48.1000,4189500.0000,39.3770
12/29/2011,48.1300,48.6400,47.9400,48.5500,1114200.0000,39.7454
12/30/2011,48.3500,49.1600,48.3500,48.9900,840700.0000,40.1056
01/03/2012,50.7100,51.9400,50.7100,51.6900,4380500.0000,42.3160
01/04/2012,51.2000,52.1500,50.7300,51.8200,2614100.0000,42.4224
01/05/2012,51.3000,51.8500,50.2400,51.2800,2059200.0000,41.9803
01/06/2012,51.4000,51.8500,50.5200,51.3100,3774100.0000,42.0049
01/09/2012,51.5300,51.9000,50.9600,51.0800,3080600.0000,41.8166
01/10/2012,52.3000,52.9500,52.1900,52.4800,4778900.0000,42.9627
01/11/2012,52.5000,52.9300,51.6400,52.8000,2652900.0000,43.2247
01/12/2012,53.0900,53.4400,52.3700,53.2600,2288500.0000,43.6012
01/13/2012,52.4200,52.5400,51.1000,51.8200,2632600.0000,42.4224
01/17/2012,52.6100,52.9000,51.5000,51.8300,2405100.0000,42.4306
01/18/2012,51.8100,52.9600,51.4100,52.8700,2876300.0000,43.2820
01/19/2012,53.1500,53.6400,52.8400,53.1100,1893000.0000,43.4785
01/20/2012,52.7600,53.4600,52.6100,53.0100,2629200.0000,43.3966
01/23/2012,53.3300,54.3200,53.1100,53.5500,3200500.0000,43.8387
01/24/2012,52.9000,53.7400,52.2100,53.7300,2662200.0000,43.9860
01/25/2012,53.4100,55.8800,53.0100,55.6400,5391200.0000,45.5496
01/26/2012,56.3000,56.8000,54.6700,55.1300,3252300.0000,45.1321
01/27/2012,54.7400,56.0000,54.6700,55.8300,3796500.0000,45.7052
01/30/2012,54.8200,55.5100,54.2900,54.9500,2817700.0000,44.9848
01/31/2012,55.7600,56.0300,53.5400,54.2200,4609500.0000,44.3871
02/01/2012,54.8500,55.7600,54.6600,55.0200,4100800.0000,45.0421
02/02/2012,55.2700,56.5200,54.8000,55.8100,3128700.0000,45.6888
02/03/2012,56.8000,57.0600,56.0700,56.7700,2706900.0000,46.4747
02/06/2012,56.4500,56.9000,56.1000,56.5800,1105200.0000,46.3192
02/07/2012,56.3500,56.4100,55.2200,55.7300,2408100.0000,45.6233
02/08/2012,55.9400,56.7100,55.2900,55.4700,2922100.0000,45.4105
02/09/2012,55.5500,55.9600,54.6800,55.2400,3144000.0000,45.2222
02/10/2012,54.1500,54.2700,53.1100,53.2500,4270800.0000,43.5931
02/13/2012,54.0500,54.0500,52.8700,53.3200,3069700.0000,43.6504
02/14/2012,53.0100,53.0600,51.6700,52.2600,5055000.0000,42.7826
02/15/2012,52.5900,52.7400,51.6800,51.9400,4554800.0000,42.5206
02/16/2012,51.9600,53.6100,51.5000,53.5300,3993300.0000,43.8223
02/17/2012,53.7800,54.0300,52.8600,53.0200,3120100.0000,43.4048
02/21/2012,53.5200,54.7700,53.3600,53.9800,4605200.0000,44.1907
02/22/2012,53.9400,54.4600,53.3300,53.5700,3211700.0000,43.8550
02/23/2012,53.5900,54.0800,52.9400,53.8700,1973800.0000,44.1006
02/24/2012,53.7600,54.4300,53.5100,53.9200,2191300.0000,44.1416
02/27/2012,53.3800,53.6400,52.7500,53.2300,2179300.0000,43.5767
02/28/2012,53.2300,53.7800,53.0200,53.4700,2225700.0000,43.7732
02/29/2012,53.6400,54.1500,51.7600,51.8200,4830500.0000,42.4224
03/01/2012,52.3600,53.1600,52.2200,52.4500,2957500.0000,42.9382
03/02/2012,52.3200,52.5000,51.1700,51.4400,3075200.0000,42.1113
03/05/2012,51.2600,51.2600,49.6500,49.9600,3136500.0000,40.8997
03/06/2012,48.7100,48.8400,48.0700,48.6900,4873900.0000,39.8600
03/07/2012,49.1400,49.1400,48.2400,48.7900,2985500.0000,39.9419
03/08/2012,49.3000,49.6100,48.6300,49.3800,2708700.0000,40.4249
03/09/2012,49.4400,51.2100,49.3200,50.5400,5139700.0000,41.3745
03/12/2012,50.3800,50.9500,49.2700,49.3500,4446100.0000,40.4003
03/13/2012,49.8700,50.8600,49.6600,50.7300,3737900.0000,41.5301
03/14/2012,50.5300,50.6700,49.6300,49.8800,5482600.0000,40.8342
03/15/2012,49.9500,50.7400,49.4300,50.4300,3513600.0000,41.2845
03/16/2012,50.5400,51.3400,50.5300,50.9500,6675000.0000,41.8038
03/19/2012,51.0300,52.5700,50.7700,51.8000,5152400.0000,42.5013
03/20/2012,51.1000,51.2200,50.0600,51.0300,4074700.0000,41.8695
03/21/2012,51.2100,51.4800,50.3800,50.7300,3625400.0000,41.6233
03/22/2012,50.0700,50.0700,48.6700,49.1400,5417600.0000,40.3188
03/23/2012,49.1300,50.3300,49.0300,49.8900,5316400.0000,40.9341
03/26/2012,50.5500,50.8400,49.7100,50.2500,3172100.0000,41.2295
03/27/2012,50.4000,50.9800,49.8800,49.8800,2459200.0000,40.9259
03/28/2012,49.7500,49.7900,48.3000,48.9600,5563000.0000,40.1711
03/29/2012,48.6300,49.7800,48.1000,49.6800,5171600.0000,40.7618
03/30/2012,50.1400,50.2400,48.9600,49.7200,2862300.0000,40.7946
04/02/2012,49.6600,51.0900,49.5600,50.5800,3907400.0000,41.5003
04/03/2012,50.5400,50.5700,48.9700,49.4600,5992900.0000,40.5813
04/04/2012,48.5000,48.9600,47.9100,48.2700,4201400.0000,39.6049
04/05/2012,48.1200,48.9300,47.5500,47.7200,2867100.0000,39.1537
04/09/2012,47.0700,47.9700,46.9400,47.4600,3691000.0000,38.9403
04/10/2012,47.3500,47.7800,46.2000,46.9100,5675400.0000,38.4891
04/11/2012,47.7100,48.2100,47.1800,47.3200,3632900.0000,38.8255
04/12/2012,47.4800,49.7900,47.4800,49.5300,5061500.0000,40.6387
04/13/2012,49.2200,49.2200,48.1000,48.2000,5783300.0000,39.5475
04/16/2012,48.7000,49.1300,47.7400,48.0900,3886500.0000,39.4572
04/17/2012,48.5900,49.7600,48.4300,48.9500,3688200.0000,40.1628
04/18/2012,48.8300,49.3100,48.2700,48.4300,3718400.0000,39.7362
04/19/2012,48.5000,49.2500,47.9800,48.2900,4153300.0000,39.6213
04/20/2012,48.7700,49.2600,47.5400,47.6200,4606900.0000,39.0716
04/23/2012,46.7200,46.9300,45.7000,46.7700,5359900.0000,38.3742
04/24/2012,46.8400,47.7300,46.4600,47.0600,3648300.0000,38.6121
04/25/2012,47.8100,48.4100,47.3800,48.2400,3556800.0000,39.5803
04/26/2012,47.8800,48.5100,47.7800,48.4800,1864000.0000,39.7772
04/27/2012,48.5700,48.8400,47.9900,48.2800,2679300.0000,39.6131
04/30/2012,48.1200,48.7400,47.5500,48.4500,2820400.0000,39.7526
05/01/2012,48.3600,49.5800,48.3600,48.8300,3162100.0000,40.0644
05/02/2012,48.2900,48.5300,47.5100,47.9200,2515900.0000,39.3177
05/03/2012,47.9900,48.3000,46.7000,47.0200,4009000.0000,38.5793
05/04/2012,46.5000,46.8800,45.8000,45.9300,3382100.0000,37.6850
05/07/2012,45.6900,46.2200,45.0300,45.6200,2781100.0000,37.4306
05/08/2012,45.0500,45.3100,44.0600,45.2900,5065800.0000,37.1599
05/09/2012,44.2300,46.0900,43.9200,45.4400,6715900.0000,37.2830
05/10/2012,46.0900,46.1900,44.9000,45.3400,3944800.0000,37.2009
05/11/2012,44.7000,45.8200,44.5700,44.9500,3811800.0000,36.8809
05/14/2012,44.2400,45.0000,44.1600,44.3500,3449900.0000,36.3886
05/15/2012,44.2300,44.5200,42.3400,42.5700,5952100.0000,34.9282
05/16/2012,42.7300,43.5000,41.4900,41.5700,6254800.0000,34.1077
05/17/2012,41.8600,42.2200,40.8900,41.0000,5660100.0000,33.6400
05/18/2012,41.2200,41.4700,39.6900,39.9700,6987000.0000,32.7949
05/21/2012,40.2400,41.5900,40.1400,41.4800,3206900.0000,34.0338
05/22/2012,41.5100,41.9900,40.0100,40.4100,5942800.0000,33.1559
05/23/2012,39.9400,41.4500,39.2800,41.3900,6529600.0000,33.9600
05/24/2012,41.6000,41.6600,40.3300,41.0900,5577900.0000,33.7138
05/25/2012,40.9200,41.2100,40.5600,40.8900,2192600.0000,33.5497
05/29/2012,41.6400,42.2700,41.2600,41.8600,3283600.0000,34.3456
05/30/2012,41.0600,41.2000,40.3400,40.4400,3286700.0000,33.1805
05/31/2012,40.4900,40.5100,38.9400,39.4000,3927600.0000,32.3272
06/01/2012,38.4000,40.0300,38.4000,39.5700,5071300.0000,32.4667
06/04/2012,39.6000,39.7500,38.5000,39.6500,5666700.0000,32.5323
06/05/2012,39.5000,40.2400,39.3800,39.8200,3342500.0000,32.6718
06/06/2012,40.4700,41.1700,40.0500,40.7400,2968200.0000,33.4267
06/07/2012,41.6900,42.2200,40.4800,40.4800,6344700.0000,33.2133
06/08/2012,40.2700,40.4100,39.6200,40.3000,3300700.0000,33.0657
06/11/2012,40.8300,41.0100,38.6200,38.6700,3869700.0000,31.7282
06/12/2012,38.9700,39.4300,38.4800,39.3300,4292800.0000,32.2698
06/13/2012,39.1100,39.7200,38.8000,38.9600,3051000.0000,31.9662
06/14/2012,39.0100,39.4900,38.5000,39.4300,2914800.0000,32.3518
06/15/2012,39.4300,39.9700,39.0000,39.7700,3039900.0000,32.7562
06/18/2012,39.4700,39.9200,39.0500,39.7000,2244700.0000,32.6986
06/19/2012,40.0000,41.2900,39.7700,41.0300,3668700.0000,33.7940
06/20/2012,40.8400,41.7500,40.4800,41.1100,3911600.0000,33.8599
06/21/2012,40.8600,40.9500,39.0800,39.1800,3056900.0000,32.2703
06/22/2012,39.4500,39.5900,38.8100,39.3300,1588500.0000,32.3938
06/25/2012,38.8100,38.8300,38.2500,38.4500,2095600.0000,31.6690
06/26/2012,38.5900,38.7600,37.8400,38.4000,2218800.0000,31.6278
06/27/2012,38.7000,39.7100,38.3500,39.5500,2042400.0000,32.5751
06/28/2012,39.1100,40.1000,39.0100,39.9700,2273800.0000,32.9210
06/29/2012,41.1100,41.5800,40.8300,41.4300,4841200.0000,34.1235
07/02/2012,41.4700,41.9500,40.8600,41.5600,2368100.0000,34.2305
07/03/2012,41.9000,43.4700,41.8900,43.0600,4862600.0000,35.4660
07/05/2012,42.9900,43.5900,42.5100,42.8800,2408200.0000,35.3178
07/06/2012,42.2200,42.4000,41.6500,41.9300,3167000.0000,34.5353
07/09/2012,41.6600,42.0300,41.0300,41.3100,2515200.0000,34.0246
07/10/2012,41.4400,42.1700,39.6600,40.0100,6162200.0000,32.9539
07/11/2012,40.2300,40.5600,39.6800,39.9700,2607700.0000,32.9210
07/12/2012,39.3900,40.4200,38.7700,39.9900,6749700.0000,32.9374
07/13/2012,40.1700,40.8100,40.1100,40.5400,3220500.0000,33.3904
07/16/2012,40.3500,40.3500,39.6400,39.9900,1929200.0000,32.9374
07/17/2012,40.1300,40.2500,39.0100,39.9000,4385900.0000,32.8633
07/18/2012,39.5900,40.2500,39.4300,39.7800,1781600.0000,32.7645
07/19/2012,39.9300,40.4200,39.8400,40.1200,2207800.0000,33.0445
07/20/2012,39.7100,39.9800,39.5200,39.5900,2068000.0000,32.6080
07/23/2012,38.7300,39.0100,38.2900,38.8800,2106500.0000,32.0232
07/24/2012,38.9200,39.2400,37.3100,37.6300,3056100.0000,30.9936
07/25/2012,37.8400,38.0400,37.1000,37.2500,2767200.0000,30.6807
07/26/2012,38.0100,38.0900,37.2500,37.6700,1506800.0000,31.0266
07/27/2012,38.1200,39.6700,37.7100,39.4400,3927600.0000,32.4844
07/30/2012,39.5000,39.9100,38.9800,39.8000,2578900.0000,32.7809
07/31/2012,39.6800,40.4800,39.6100,39.8000,4923400.0000,32.7809
08/01/2012,40.0100,40.4900,39.4300,39.7300,3860000.0000,32.7233
08/02/2012,39.1500,40.4900,38.5500,38.9800,5652300.0000,32.1056
08/03/2012,39.7500,40.6700,39.4800,39.9800,3353200.0000,32.9292
08/06/2012,40.1800,41.6000,40.0700,40.9900,3177500.0000,33.7611
08/07/2012,41.2300,42.0300,41.2100,41.6000,3729600.0000,34.2635
08/08/2012,41.5000,42.2800,41.2000,41.6000,3801200.0000,34.2635
08/09/2012,41.5000,42.7800,41.2600,42.3900,4586000.0000,34.9142
08/10/2012,41.9800,42.5900,41.6800,42.5100,3750700.0000,35.0130
08/13/2012,42.3800,42.5600,41.1800,41.5000,4102600.0000,34.1811
08/14/2012,41.7800,41.9000,40.8600,41.0600,2730900.0000,33.8187
08/15/2012,40.8900,41.0400,40.3900,41.0200,1869300.0000,33.7858
08/16/2012,41.1300,42.1900,40.8900,41.8200,3438100.0000,34.4447
08/17/2012,41.9200,42.3100,41.6600,41.9900,3815000.0000,34.5847
08/20/2012,41.8400,42.5300,41.6300,42.3900,2509900.0000,34.9142
08/21/2012,42.9400,44.0000,42.6700,42.9000,4456000.0000,35.3342
08/22/2012,42.8400,43.2600,42.3800,43.1500,2063400.0000,35.5401
08/23/2012,42.9800,43.1200,42.0500,42.1700,2470600.0000,34.7330
08/24/2012,42.0100,42.1600,41.4100,41.9500,2635400.0000,34.5518
08/27/2012,42.0700,42.0900,41.2700,41.3700,2259600.0000,34.0741
08/28/2012,41.1700,41.6700,41.1500,41.2700,1856800.0000,33.9917
08/29/2012,41.2500,41.3000,40.6500,41.1000,2085300.0000,33.8517
08/30/2012,40.6200,40.7900,40.1800,40.3000,1831300.0000,33.1928
08/31/2012,40.7800,41.0400,40.2200,40.9400,2162600.0000,33.7199
09/04/2012,40.9800,40.9900,40.0200,40.4600,1865800.0000,33.3245
09/05/2012,40.4000,40.7300,40.0700,40.6100,1296900.0000,33.4481
09/06/2012,40.9500,42.0100,40.9000,41.7800,2811500.0000,34.4117
09/07/2012,42.3600,44.0800,42.3000,43.9200,6042200.0000,36.1743
09/10/2012,43.8700,45.0300,43.7400,43.9000,4780000.0000,36.1579
09/11/2012,44.1400,45.0200,44.1100,44.4500,2647800.0000,36.6109
09/12/2012,44.9400,45.0000,43.6500,44.6100,2012700.0000,36.7427
09/13/2012,44.6900,46.9800,44.1800,46.5700,6887000.0000,38.3570
09/14/2012,47.2500,48.2600,47.2500,47.7000,6908000.0000,39.2877
09/17/2012,47.2600,47.3100,46.2200,46.4800,3424800.0000,38.2829
09/18/2012,46.2700,46.7200,45.7000,46.3000,3437100.0000,38.1346
09/19/2012,46.2900,46.5500,45.9200,46.1500,2423600.0000,38.0111
09/20/2012,45.4000,45.8800,44.7500,45.7300,3574700.0000,37.6651
09/21/2012,45.9500,46.2800,45.1300,45.1900,2197900.0000,37.3355
09/24/2012,44.5700,44.7900,44.0600,44.2900,3726300.0000,36.5919
09/25/2012,44.6300,44.8700,42.9500,42.9800,4330300.0000,35.5096
09/26/2012,42.8300,43.8400,41.9300,43.2400,7080000.0000,35.7244
09/27/2012,43.8700,44.1300,43.3200,44.0500,2804500.0000,36.3936
09/28/2012,43.6300,43.9500,43.2600,43.5200,2560300.0000,35.9558
10/01/2012,44.0000,44.5600,43.4300,43.6300,2705000.0000,36.0466
10/02/2012,43.8200,44.0300,43.0000,43.3600,2853200.0000,35.8236
10/03/2012,43.4100,43.4800,42.4700,42.7900,3478800.0000,35.3526
10/04/2012,43.3300,44.2500,43.1500,43.9300,6638700.0000,36.2945
10/05/2012,44.3400,44.6000,43.4800,43.8100,3724500.0000,36.1954
10/08/2012,43.3000,44.3000,43.1100,44.0400,2221300.0000,36.3854
10/09/2012,44.1000,45.0800,44.0500,44.4500,5469500.0000,36.7241
10/10/2012,44.4800,44.7800,43.7500,44.0000,3214100.0000,36.3523
10/11/2012,44.5100,45.5500,44.1900,45.1700,5163200.0000,37.3190
10/12/2012,44.9800,45.1700,43.9900,44.1400,4414900.0000,36.4680
10/15/2012,44.1200,44.7100,43.5200,44.6900,4032100.0000,36.9224
10/16/2012,44.8700,45.6800,44.8700,45.6200,2606200.0000,37.6907
10/17/2012,45.8900,46.7800,45.1500,46.5900,6402800.0000,38.4921
10/18/2012,46.2900,47.2200,46.1900,46.8200,4083500.0000,38.6822
10/19/2012,46.6100,46.7700,45.4700,45.6600,3641700.0000,37.7238
10/22/2012,45.8600,46.9500,45.8500,46.6300,4476200.0000,38.5252
10/23/2012,45.5300,45.5900,44.9400,45.3300,6090300.0000,37.4511
10/24/2012,45.5400,45.8100,44.3400,44.4600,3381800.0000,36.7324
10/25/2012,44.9300,45.1300,44.0900,44.6600,4006800.0000,36.8976
10/26/2012,45.0200,45.7200,44.3800,44.6200,2853500.0000,36.8646
10/31/2012,44.6000,45.0900,44.3300,44.5000,3230800.0000,36.7654
11/01/2012,44.7200,46.3200,44.6500,46.1900,4367800.0000,38.1617
11/02/2012,46.6400,46.6500,44.6200,44.7200,7676100.0000,36.9472
11/05/2012,44.5200,45.3400,44.5000,44.8800,2854600.0000,37.0794
11/06/2012,45.1500,45.7800,44.9900,45.5300,3184100.0000,37.6164
11/07/2012,44.3200,44.4400,43.2400,43.7300,5875100.0000,36.1293
11/08/2012,43.6200,43.9900,42.9300,43.2500,4055900.0000,35.7327
11/09/2012,43.0200,44.2500,42.8800,43.1600,3245000.0000,35.6583
11/12/2012,43.9100,44.0000,43.3400,43.4900,2161700.0000,35.9310
11/13/2012,42.8000,43.4400,42.6200,42.6500,4663600.0000,35.2370
11/14/2012,42.8800,42.9100,41.3000,41.4400,2845000.0000,34.2373
11/15/2012,41.2600,41.6700,40.4000,40.5600,4076300.0000,33.5102
11/16/2012,40.7000,41.1000,39.8400,40.8900,3341600.0000,33.7829
11/19/2012,41.9200,42.0900,41.5400,42.0500,3653000.0000,34.7413
11/20/2012,41.8300,42.0600,41.3400,41.5700,2199600.0000,34.3447
11/21/2012,41.4400,41.9800,41.3400,41.8700,1978700.0000,34.5925
11/23/2012,42.1600,42.5900,42.0100,42.4600,1075500.0000,35.0800
11/26/2012,42.0800,42.5700,41.8300,42.2300,1978100.0000,34.8900
11/27/2012,42.0300,42.5100,41.6800,41.7300,2382200.0000,34.4769
11/28/2012,41.1700,42.1700,41.0000,42.1300,4907700.0000,34.8074
11/29/2012,42.5200,42.9600,42.1700,42.4600,2001000.0000,35.0800
11/30/2012,42.5100,42.9500,42.1900,42.4200,1861500.0000,35.0469
12/03/2012,42.6400,42.8700,41.7900,41.8500,3683100.0000,34.5760
12/04/2012,41.7800,42.4700,41.5800,42.0900,2258500.0000,34.7743
12/05/2012,42.0800,42.6800,41.9200,42.4000,2011100.0000,35.0304
12/06/2012,42.2600,42.8500,42.2400,42.4300,1607200.0000,35.0552
12/07/2012,42.4700,43.4000,42.3800,42.7500,1701200.0000,35.3196
12/10/2012,42.5300,43.7500,42.2400,43.5300,2722000.0000,35.9640
12/11/2012,43.7500,44.3200,43.4900,44.1200,2223700.0000,36.4515
12/12/2012,44.2600,44.8300,44.0800,44.1500,3597600.0000,36.4762
12/13/2012,44.0000,44.4000,43.6900,43.8300,3798200.0000,36.2119
12/14/2012,43.6500,44.8300,43.6500,44.5700,2620300.0000,36.8232
12/17/2012,44.6800,44.9900,44.2800,44.5500,2578400.0000,36.8067
12/18/2012,44.6600,45.3900,44.6300,45.3100,3217400.0000,37.4346
12/19/2012,45.2000,45.6200,44.9400,45.0000,2072500.0000,37.1785
12/20/2012,44.8000,45.1200,44.5300,45.1000,3035200.0000,37.2611
12/21/2012,43.9700,44.4300,43.9200,44.4200,2030600.0000,36.8694
12/24/2012,44.0700,44.4000,43.9700,44.1800,756000.0000,36.6702
12/26/2012,44.4400,45.0000,44.4300,44.6300,1509400.0000,37.0437
12/27/2012,44.7100,44.8600,43.8200,44.2600,1870400.0000,36.7366
12/28/2012,43.9300,44.0400,43.5600,43.6000,2191400.0000,36.1887
12/31/2012,43.6100,45.4200,43.5400,45.1300,3535700.0000,37.4587
01/02/2013,46.5100,46.9300,46.0400,46.4000,2274900.0000,38.5128
01/03/2013,46.3000,46.8800,45.7700,45.9300,2410600.0000,38.1227
01/04/2013,45.8400,46.6400,45.8400,46.6000,3065300.0000,38.6788
01/07/2013,46.2600,46.9800,46.1900,46.6800,1922800.0000,38.7452
01/08/2013,46.6900,46.7800,45.7500,45.9200,2181200.0000,38.1144
01/09/2013,46.2000,46.2700,45.6400,46.0900,3159100.0000,38.2555
01/10/2013,46.4400,46.4400,45.8000,46.0600,2031500.0000,38.2306
01/11/2013,45.8500,45.8800,45.1900,45.3000,2760300.0000,37.5998
01/14/2013,45.4600,45.7400,44.8800,44.9300,1913000.0000,37.2927
01/15/2013,44.7600,45.4300,44.7000,45.3500,1756600.0000,37.6413
01/16/2013,45.5500,45.5500,44.5900,44.9200,1769500.0000,37.2844
01/17/2013,45.1800,45.3900,44.8400,45.2300,2723300.0000,37.5417
01/18/2013,45.3600,45.5300,45.1000,45.5100,1836800.0000,37.7741
01/22/2013,45.6300,46.2100,45.3300,46.1300,3663500.0000,38.2887
01/23/2013,46.1300,46.1300,45.5600,45.6400,1787600.0000,37.8820
01/24/2013,45.6200,45.7800,44.5400,44.7800,2604000.0000,37.1682
01/25/2013,44.8700,44.8700,44.2400,44.6900,3598700.0000,37.0935
01/28/2013,44.8000,44.8000,43.7300,43.9300,2675600.0000,36.4627
01/29/2013,44.0800,44.8100,44.0700,44.3500,2708800.0000,36.8113
01/30/2013,44.6000,44.9100,43.4100,43.5500,5436100.0000,36.1473
01/31/2013,43.4400,43.9700,43.4200,43.8700,2582100.0000,36.4129
02/01/2013,44.3300,44.6000,43.9900,44.3700,2214200.0000,36.8279
02/04/2013,44.0000,44.2500,43.7200,43.8800,2239600.0000,36.4211
02/05/2013,43.9100,44.0400,43.6100,43.6900,1857000.0000,36.2635
02/06/2013,43.5300,44.7000,43.5300,44.5500,2877200.0000,36.9773
02/07/2013,44.6000,44.6200,44.0300,44.3100,1585400.0000,36.7781
02/08/2013,44.4000,44.5100,44.2200,44.4000,972100.0000,36.8527
02/11/2013,44.1500,44.4300,44.0000,44.3900,1222000.0000,36.8444
02/12/2013,44.2300,44.8500,44.1100,44.6100,1535800.0000,37.0271
02/13/2013,44.5400,44.5700,43.8000,44.0700,2912700.0000,36.5789
02/14/2013,44.0000,45.1200,44.0000,44.9600,2534100.0000,37.3176
02/15/2013,44.7500,44.9600,44.1900,44.3800,2570500.0000,36.8362
02/19/2013,44.4700,44.5700,43.6600,43.9700,4500800.0000,36.4958
02/20/2013,43.6700,43.7600,41.7200,41.8500,6694300.0000,34.7362
02/21/2013,41.6300,42.0200,41.1500,41.4600,5159500.0000,34.4125
02/22/2013,41.7600,41.8400,41.0400,41.4700,2578500.0000,34.4208
02/25/2013,41.8500,41.9000,40.3800,40.4300,3278300.0000,33.5576
02/26/2013,40.7500,40.8000,40.0500,40.7200,2847900.0000,33.7983
02/27/2013,40.3100,41.2500,40.3100,41.1300,1564700.0000,34.1386
02/28/2013,40.9900,41.1500,40.5600,40.5600,2060300.0000,33.6655
03/01/2013,40.2400,40.2900,39.5900,39.7300,4301100.0000,32.9766
03/04/2013,39.5600,39.6100,38.8000,39.1900,5427000.0000,32.5284
03/05/2013,39.7000,40.1400,39.3300,39.3700,3917100.0000,32.6778
03/06/2013,39.6400,40.8800,39.4700,40.6700,4615300.0000,33.7568
03/07/2013,40.7000,41.1700,40.6400,40.8700,2915300.0000,33.9228
03/08/2013,41.1100,41.7500,40.9800,41.4400,3746600.0000,34.3959
03/11/2013,41.3200,41.6200,40.9300,41.2400,3014100.0000,34.2299
03/12/2013,41.3700,41.8200,41.0300,41.2800,3339700.0000,34.2631
03/13/2013,41.2900,41.3000,40.4600,40.5800,4026300.0000,33.6821
03/14/2013,40.7100,40.9400,40.2900,40.9000,3649500.0000,33.9477
03/15/2013,40.9000,41.4700,40.8800,41.2000,4339100.0000,34.2822
03/18/2013,40.6400,41.6000,40.6400,41.0900,3160000.0000,34.1907
03/19/2013,41.0600,41.0600,40.0800,40.5000,4048200.0000,33.6997
03/20/2013,40.7300,40.8900,40.3200,40.7100,2766300.0000,33.8745
03/21/2013,40.6700,41.1900,40.6400,40.7700,2669000.0000,33.9244
03/22/2013,40.7600,40.9600,40.4300,40.5500,2129000.0000,33.7413
03/25/2013,40.5400,40.6400,40.1000,40.4600,1942600.0000,33.6665
03/26/2013,40.6200,40.7500,40.1600,40.5400,2844600.0000,33.7330
03/27/2013,40.0500,40.8500,39.8000,40.7900,2905000.0000,33.9411
03/28/2013,40.6900,40.6900,40.2100,40.3900,2377300.0000,33.6082
04/01/2013,40.3200,40.3700,39.1600,39.4000,4948300.0000,32.7844
04/02/2013,39.4000,39.4400,38.0400,38.2600,5843600.0000,31.8359
04/03/2013,38.4800,38.5900,37.0200,37.5800,9547500.0000,31.2700
04/04/2013,37.6100,38.4400,37.1200,37.9400,7559000.0000,31.5696
04/05/2013,37.4200,38.1700,37.3300,37.9500,6592900.0000,31.5779
04/08/2013,37.9500,38.0700,37.7400,37.9900,2679300.0000,31.6112
04/09/2013,38.1500,39.6000,38.1500,39.3000,7759500.0000,32.7012
04/10/2013,39.3500,39.5800,39.0000,39.1800,3538500.0000,32.6014
04/11/2013,39.0700,39.5000,38.6500,38.9300,5029200.0000,32.3934
04/12/2013,38.6200,39.0000,37.7300,38.0500,8761900.0000,31.6611
04/15/2013,36.9400,37.0800,35.4100,35.6700,10041300.0000,29.6807
04/16/2013,36.1800,36.4200,35.6000,35.7700,4336000.0000,29.7639
04/17/2013,35.4000,35.4400,34.3800,34.5700,6988600.0000,28.7654
04/18/2013,34.5700,35.7700,34.3100,35.1500,6980100.0000,29.2480
04/19/2013,35.5500,35.6500,34.5800,35.1500,4993600.0000,29.2480
04/22/2013,35.3800,35.4100,34.4300,35.2400,4127600.0000,29.3229
04/23/2013,35.1500,35.3800,34.5500,35.0200,2310200.0000,29.1399
04/24/2013,35.1700,36.4800,35.1700,36.4700,4697300.0000,30.3464
04/25/2013,36.7000,37.4700,36.5200,36.7500,4935300.0000,30.5794
04/26/2013,36.5300,36.7300,35.7000,36.1200,4411700.0000,30.0552
04/29/2013,36.2300,36.8000,36.1200,36.5300,1981400.0000,30.3963
04/30/2013,36.1200,37.1800,35.9000,37.1700,2873600.0000,30.9289
05/01/2013,36.8400,36.8400,35.9900,36.4700,4358200.0000,30.3464
05/02/2013,36.8000,36.8200,36.0300,36.4600,1703200.0000,30.3381
05/03/2013,37.0700,37.8800,37.0700,37.4100,6000600.0000,31.1286
05/06/2013,37.5500,37.6700,37.1700,37.5500,2566200.0000,31.2451
05/07/2013,37.5900,37.7900,37.0200,37.3100,2244200.0000,31.0454
05/08/2013,37.4700,38.7300,37.4200,38.4700,5013500.0000,32.0106
05/09/2013,38.3900,38.8000,37.8600,38.0300,3992000.0000,31.6445
05/10/2013,38.0600,38.6500,37.5700,38.6100,3813500.0000,32.1271
05/13/2013,38.3500,38.5000,37.7400,37.8400,2758800.0000,31.4864
05/14/2013,37.5500,38.0300,37.4900,37.6500,3303600.0000,31.3283
05/15/2013,37.3600,37.4900,37.0600,37.1500,4109600.0000,30.9122
05/16/2013,37.0000,37.8000,36.5800,36.9900,4398700.0000,30.7791
05/17/2013,37.3000,37.4600,37.0900,37.2700,2930000.0000,31.0121
05/20/2013,37.3000,38.8000,37.2100,38.7400,6307400.0000,32.2353
05/21/2013,38.9600,39.5600,38.4700,38.9000,4742000.0000,32.3684
05/22/2013,39.2800,39.9200,37.9900,38.4300,4419200.0000,31.9773
05/23/2013,37.7800,38.2000,37.6700,38.1200,3471400.0000,31.7194
05/24/2013,37.9100,38.2400,37.6700,37.8200,1738000.0000,31.4697
05/28/2013,38.4000,38.7200,38.0200,38.1800,2155000.0000,31.7693
05/29/2013,38.0500,38.3600,37.6500,38.0800,1680500.0000,31.6861
05/30/2013,38.1800,38.7600,38.0700,38.5200,2499700.0000,32.0522
05/31/2013,38.3600,38.3600,37.5800,37.6500,3027200.0000,31.3283
06/03/2013,37.9100,38.2200,37.5400,38.0700,3394000.0000,31.6777
06/04/2013,38.0400,38.2200,37.3200,37.7200,1837000.0000,31.3865
06/05/2013,37.5500,37.6900,37.0000,37.1600,1969500.0000,30.9205
06/06/2013,37.1100,37.4600,36.9200,37.2500,1464500.0000,30.9954
06/07/2013,37.0500,37.1800,36.4400,36.7700,2770900.0000,30.5960
06/10/2013,36.6600,37.1300,36.3200,36.7800,1753000.0000,30.6043
06/11/2013,36.1500,36.2500,35.9500,36.0800,2333400.0000,30.0219
06/12/2013,36.4100,36.5200,35.6400,35.8100,1848400.0000,29.7972
06/13/2013,35.6900,36.7000,35.6800,36.5400,3723800.0000,30.4047
06/14/2013,36.8300,36.9000,35.6700,35.8900,2723700.0000,29.8638
06/17/2013,36.0300,36.3500,35.5200,35.7800,1890000.0000,29.7723
06/18/2013,35.6500,36.0700,35.6000,35.9100,1133100.0000,29.8804
06/19/2013,35.7900,36.0200,35.2700,35.3600,2274000.0000,29.4228
06/20/2013,34.4800,34.7400,33.7600,34.2000,6010800.0000,28.4575
06/21/2013,34.2000,34.3400,33.4800,33.9300,3587900.0000,28.3689
06/24/2013,33.3800,33.4100,31.8300,32.3800,6019600.0000,27.0730
06/25/2013,32.7500,32.8900,32.1400,32.7500,2815900.0000,27.3823
06/26/2013,32.7400,32.8300,31.9000,32.1100,4377600.0000,26.8472
06/27/2013,32.2900,32.8200,32.2600,32.5400,2163900.0000,27.2067
06/28/2013,32.5600,33.3600,32.4900,33.1600,3680200.0000,27.7251
07/01/2013,33.5000,33.7800,33.0700,33.4300,2628500.0000,27.9509
07/02/2013,33.3200,33.6400,32.7300,33.3200,5445900.0000,27.8589
07/03/2013,33.2000,33.2300,32.8300,33.1300,1838600.0000,27.7000
07/05/2013,33.1500,33.2300,32.5000,32.8800,3841800.0000,27.4910
07/08/2013,32.9400,33.4500,32.8100,33.1000,3151300.0000,27.6750
07/09/2013,33.2800,33.9300,33.2800,33.7800,4236300.0000,28.2435
07/10/2013,34.1300,34.1900,33.6300,33.9800,4948800.0000,28.4107
07/11/2013,34.8800,35.1700,34.6800,35.0600,5220300.0000,29.3137
07/12/2013,34.9100,34.9700,34.3300,34.5100,2447000.0000,28.8539
07/15/2013,34.5400,34.8000,34.4200,34.5400,1346100.0000,28.8790
07/16/2013,34.6500,34.8200,34.5700,34.7900,1855700.0000,29.0880
07/17/2013,34.9400,35.3500,34.7100,34.9400,1529800.0000,29.2134
07/18/2013,35.0100,35.7200,34.8400,35.4200,2229400.0000,29.6147
07/19/2013,35.4500,35.5700,35.2200,35.4900,1862400.0000,29.6732
07/22/2013,35.8700,36.3000,35.7600,36.0700,2823200.0000,30.1582
07/23/2013,36.4900,37.3300,36.4400,37.0100,6886000.0000,30.9441
07/24/2013,37.1000,37.1000,35.3800,35.7500,5077600.0000,29.8906
07/25/2013,35.5700,36.2900,35.5600,36.0000,2543800.0000,30.0997
07/26/2013,35.7300,36.4400,35.5600,36.3600,3461700.0000,30.4007
07/29/2013,36.1700,36.3300,35.7300,36.1200,2373400.0000,30.2000
07/30/2013,36.0700,36.0700,35.4700,35.7900,2600400.0000,29.9241
07/31/2013,35.6500,36.2100,35.4200,35.6700,2510000.0000,29.8238
08/01/2013,36.0000,36.1900,35.5900,35.6300,1770900.0000,29.7903
08/02/2013,35.4000,35.8400,35.1900,35.4300,1672000.0000,29.6231
08/05/2013,35.4300,35.7800,35.2400,35.4500,934100.0000,29.6398
08/06/2013,35.3200,35.4200,34.4800,34.6000,3879600.0000,28.9291
08/07/2013,34.5200,34.6700,34.2900,34.3200,2400400.0000,28.6950
08/08/2013,34.8600,36.0200,34.6200,35.7400,5669300.0000,29.8823
08/09/2013,36.0000,37.1400,35.7400,36.7700,5981600.0000,30.7435
08/12/2013,36.8600,37.7400,36.8600,37.3700,4758700.0000,31.2451
08/13/2013,37.6700,37.6700,36.6900,36.8100,3513700.0000,30.7769
08/14/2013,36.8800,37.8000,36.7700,37.4300,2730200.0000,31.2953
08/15/2013,37.0000,37.6700,36.6000,37.5400,3636100.0000,31.3873
08/16/2013,37.7000,37.7000,36.8100,37.0300,2828500.0000,30.9608
08/19/2013,36.9700,36.9700,35.9900,36.0500,3501300.0000,30.1415
08/20/2013,36.0100,36.9800,35.9500,36.6900,3180900.0000,30.6766
08/21/2013,36.5600,36.5600,35.9100,35.9800,3132600.0000,30.0829
08/22/2013,36.4600,37.4300,36.4100,37.1400,3779000.0000,31.0528
08/23/2013,37.2000,37.8000,37.1500,37.6700,2493200.0000,31.4959
08/26/2013,37.8700,38.4000,37.6400,37.8500,1964400.0000,31.6464
08/27/2013,37.6100,37.7800,36.5500,36.7400,3498800.0000,30.7184
08/28/2013,36.8600,37.2100,36.4500,36.5000,2697800.0000,30.5177
08/29/2013,36.6200,36.7900,36.1000,36.3600,2773000.0000,30.4007
08/30/2013,36.2000,36.4700,35.8000,35.9700,2463000.0000,30.0746
09/03/2013,36.5800,37.0600,35.9600,36.2000,2352200.0000,30.2669
09/04/2013,36.0200,36.4200,35.9300,36.3900,1304600.0000,30.4257
09/05/2013,36.3200,36.9700,36.3200,36.6100,1404100.0000,30.6097
09/06/2013,37.1300,37.2000,36.7100,36.9400,1771100.0000,30.8856
09/09/2013,37.2300,37.9700,37.2000,37.8200,3303100.0000,31.6214
09/10/2013,38.1100,38.3500,37.7900,38.0900,2914100.0000,31.8471
09/11/2013,38.1000,38.4100,37.4800,38.3800,3605300.0000,32.0896
09/12/2013,37.7500,37.9100,37.3100,37.4000,3491900.0000,31.2702
09/13/2013,37.4000,37.5200,36.9700,37.0900,3011500.0000,31.0110
09/16/2013,37.7200,37.8200,37.1900,37.2200,2256300.0000,31.1197
09/17/2013,37.2600,37.9700,37.2600,37.8500,2847100.0000,31.6464
09/18/2013,37.7000,39.6300,37.7000,39.3700,5877700.0000,32.9173
09/19/2013,39.5700,40.2400,38.8800,39.1000,4703700.0000,32.6916
09/20/2013,38.6800,38.6900,37.6800,37.7700,4418300.0000,31.6963
09/23/2013,37.6800,38.2300,37.4800,37.5200,2328700.0000,31.4865
09/24/2013,37.3300,37.8300,37.2000,37.4300,1900200.0000,31.4110
09/25/2013,37.6400,38.1000,37.4500,37.4600,2077200.0000,31.4361
09/26/2013,37.8600,38.0000,37.3100,37.5000,1157300.0000,31.4697
09/27/2013,37.5000,37.5100,36.7700,36.9100,2580400.0000,30.9746
09/30/2013,36.3100,36.9900,36.2000,36.6500,2929400.0000,30.7564
10/01/2013,36.3100,37.0100,36.2700,36.7800,1923900.0000,30.8655
10/02/2013,36.6100,37.2700,36.6100,37.1200,1544700.0000,31.1508
10/03/2013,37.0200,37.3600,36.6200,36.8100,1830400.0000,30.8907
10/04/2013,36.9500,37.3100,36.7500,37.1700,1801500.0000,31.1928
10/07/2013,36.6700,37.5400,36.6700,37.3100,1258900.0000,31.3103
10/08/2013,37.2900,37.6600,36.5900,36.6600,2348600.0000,30.7648
10/09/2013,36.6000,36.8500,36.2200,36.5900,1996800.0000,30.7061
10/10/2013,36.9700,37.4100,36.8900,37.1100,2473900.0000,31.1424
10/11/2013,36.8700,37.3900,36.8200,37.3300,3461900.0000,31.3271
10/14/2013,37.3200,38.2300,37.2200,37.9000,2656400.0000,31.8054
10/15/2013,37.8500,38.4000,37.6400,38.0800,2426800.0000,31.9565
10/16/2013,38.1600,38.1800,37.7400,37.8600,2015200.0000,31.7718
10/17/2013,38.3200,38.9100,38.3000,38.4900,3720100.0000,32.3005
10/18/2013,38.8800,38.9000,38.4400,38.5400,1674700.0000,32.3425
10/21/2013,38.7300,38.8900,38.4500,38.6300,1401000.0000,32.4180
10/22/2013,39.2200,39.5400,38.8700,39.4600,2412400.0000,33.1145
10/23/2013,39.0700,39.2100,38.6300,39.0100,2944800.0000,32.7369
10/24/2013,39.3100,39.7200,39.1600,39.6300,2201600.0000,33.2572
10/25/2013,39.7800,39.8200,39.2300,39.6800,2344200.0000,33.2992
10/28/2013,39.4700,39.8800,39.4100,39.6700,1345500.0000,33.2907
10/29/2013,39.9000,39.9400,39.1000,39.6600,1950600.0000,33.2824
10/30/2013,39.7700,40.0400,38.9500,39.5400,2290800.0000,33.1817
10/31/2013,39.3100,39.8800,39.1800,39.3300,2108400.0000,33.0054
11/01/2013,39.4300,39.8800,39.1400,39.8200,2680300.0000,33.4166
11/04/2013,40.2300,41.0800,40.1200,41.0300,5473900.0000,34.4321
11/05/2013,40.7200,40.9200,40.3100,40.7300,3949100.0000,34.1803
11/06/2013,40.9800,41.0500,40.1400,40.4900,3381100.0000,33.9789
11/07/2013,40.6400,40.6400,39.2000,39.3900,5273200.0000,33.0558
11/08/2013,39.1600,40.4000,39.1600,40.3700,2487400.0000,33.8782
11/11/2013,40.2200,40.5800,39.9700,40.3900,1644400.0000,33.8950
11/12/2013,40.2500,40.2800,39.3500,39.6600,3087400.0000,33.2824
11/13/2013,39.4600,40.0000,39.3100,39.9900,2649800.0000,33.5593
11/14/2013,40.0000,40.2000,39.6100,39.9100,1373800.0000,33.4922
11/15/2013,40.0800,40.4600,39.9300,40.2600,2685800.0000,33.7859
11/18/2013,40.3500,40.3600,39.3600,39.5000,2699800.0000,33.1481
11/19/2013,39.4200,40.0300,39.2100,39.5100,1914000.0000,33.1565
11/20/2013,39.5700,39.8000,38.9300,39.0800,1459000.0000,32.7956
11/21/2013,39.1300,39.3700,38.6200,39.1200,2931200.0000,32.8292
11/22/2013,38.9800,39.1400,38.7200,38.9500,1959400.0000,32.6865
11/25/2013,38.9100,39.1100,38.5300,38.8500,1503900.0000,32.6026
11/26/2013,38.7700,38.7700,38.3300,38.5400,2275400.0000,32.3425
11/27/2013,38.7300,39.0500,38.6200,38.8500,2304400.0000,32.6026
11/29/2013,39.1200,39.4300,38.8200,39.0700,2026900.0000,32.7872
12/02/2013,38.9500,39.1600,38.6600,38.7200,2230200.0000,32.4935
12/03/2013,38.4500,39.1500,38.4200,38.8500,1793700.0000,32.6026
12/04/2013,38.9100,39.3900,38.9000,39.2000,2615000.0000,32.8963
12/05/2013,38.9300,39.5800,38.9300,39.4000,1970500.0000,33.0642
12/06/2013,40.1000,40.1000,38.9200,38.9800,2968100.0000,32.7117
12/09/2013,39.2700,39.9400,38.8700,39.8500,3195100.0000,33.4418
12/10/2013,40.0300,40.5800,39.8300,39.9000,2982000.0000,33.4838
12/11/2013,39.7700,40.0300,38.7400,38.8400,4293200.0000,32.5942
12/12/2013,38.8000,38.8000,38.2500,38.5300,3357400.0000,32.3341
12/13/2013,38.5600,38.8500,38.5600,38.7800,1918300.0000,32.5439
12/16/2013,38.9000,39.1200,38.8100,39.0300,1574100.0000,32.7537
12/17/2013,38.7900,39.1900,38.5000,39.0500,1631100.0000,32.7705
12/18/2013,39.3500,39.6200,38.7700,39.1400,3554000.0000,32.8460
12/19/2013,38.8300,40.0800,38.8300,39.9000,3917800.0000,33.4838
12/20/2013,39.8900,40.0000,39.3200,39.4000,4075100.0000,33.1856
12/23/2013,39.5700,40.1100,39.5200,39.9900,2369700.0000,33.6826
12/24/2013,40.0200,40.9500,40.0200,40.8500,2426500.0000,34.4069
12/26/2013,41.0000,41.3200,40.8400,40.8900,1779300.0000,34.4406
12/27/2013,41.1600,42.2100,41.0100,42.0900,3297100.0000,35.4513
12/30/2013,42.2200,42.3600,41.6000,41.6900,3041200.0000,35.1144
12/31/2013,41.5800,42.2000,41.5800,42.0800,2134500.0000,35.4429
01/02/2014,42.0600,42.8100,42.0200,42.6500,3767700.0000,35.9230
01/03/2014,42.6600,42.8600,42.0800,42.2500,3499800.0000,35.5861
01/06/2014,42.2500,42.4800,41.5200,41.9300,5086900.0000,35.3166
01/07/2014,42.0700,42.1000,41.4000,41.6200,2193200.0000,35.0555
01/08/2014,41.4400,41.6600,41.0700,41.3200,3400000.0000,34.8028
01/09/2014,41.3200,41.4100,40.4700,40.6300,3067500.0000,34.2216
01/10/2014,40.8100,40.8700,40.2800,40.8300,1932500.0000,34.3901
01/13/2014,40.9600,40.9600,40.3000,40.4400,2919300.0000,34.0616
01/14/2014,41.0600,41.3000,40.7200,40.8400,2526300.0000,34.3985
01/15/2014,40.7700,41.7500,40.7700,41.6300,2576000.0000,35.0639
01/16/2014,41.7400,42.1200,41.6100,41.8700,3695500.0000,35.2660
01/17/2014,42.0800,42.3800,41.7700,41.8300,2102600.0000,35.2323
01/21/2014,41.7500,41.9600,41.4700,41.7400,1661600.0000,35.1565
01/22/2014,41.9000,41.9000,41.3800,41.4300,2272900.0000,34.8954
01/23/2014,41.1700,41.7700,41.1700,41.4200,2141600.0000,34.8870
01/24/2014,41.1300,41.2000,39.8000,39.9000,3578900.0000,33.6068
01/27/2014,40.3000,40.3000,38.7800,39.1700,3060100.0000,32.9919
01/28/2014,39.8400,40.0700,39.3800,40.0400,2650200.0000,33.7247
01/29/2014,39.8300,40.3200,39.7100,39.9800,1725300.0000,33.6741
01/30/2014,39.9500,40.1700,39.5200,40.0600,1475800.0000,33.7415
01/31/2014,39.4000,40.3200,39.1600,39.8900,2276200.0000,33.5983
02/03/2014,39.8100,40.0800,38.5000,38.6000,2084700.0000,32.5118
02/04/2014,38.5600,39.0400,38.4200,38.9300,1902900.0000,32.7897
02/05/2014,38.8100,38.9500,38.2800,38.4500,1694400.0000,32.3854
02/06/2014,38.7800,38.9400,38.5000,38.8100,1266600.0000,32.6887
02/07/2014,38.9500,39.3100,38.7600,39.2500,1252200.0000,33.0593
02/10/2014,39.3100,39.5900,39.2900,39.3700,1871200.0000,33.1603
02/11/2014,39.5000,40.5200,39.5000,40.3900,2635600.0000,34.0195
02/12/2014,40.8700,40.9600,40.2900,40.3300,1433300.0000,33.9689
02/13/2014,40.0300,41.0700,39.9900,40.9700,1605400.0000,34.5080
02/14/2014,41.3000,41.9400,41.2900,41.7800,2631900.0000,35.1902
02/18/2014,41.8400,42.1700,41.4800,42.0100,1440500.0000,35.3839
02/19/2014,41.8400,42.3800,41.3200,41.4200,2024800.0000,34.8870
02/20/2014,41.3300,41.9600,41.2600,41.8700,1617700.0000,35.2660
02/21/2014,41.9400,41.9500,41.5000,41.5900,1513100.0000,35.0302
02/24/2014,41.7400,41.9500,41.3600,41.5600,1956000.0000,35.0049
02/25/2014,41.2700,41.3700,40.6100,40.7800,3305500.0000,34.3480
02/26/2014,40.7800,41.1300,40.5100,40.9300,2519000.0000,34.4743
02/27/2014,40.9300,41.7600,40.9300,41.7500,1540000.0000,35.1650
02/28/2014,41.7700,41.7900,41.2800,41.5100,1476000.0000,34.9628
03/03/2014,41.5900,41.7900,41.2300,41.3400,1429900.0000,34.8196
03/04/2014,41.5200,41.9900,41.3800,41.8300,1722900.0000,35.2323
03/05/2014,41.8000,42.2700,41.6800,42.1800,897700.0000,35.5271
03/06/2014,42.3100,43.0200,42.3100,42.8400,2063700.0000,36.0830
03/07/2014,42.5100,42.6500,41.7600,42.2300,2648800.0000,35.5693
03/10/2014,41.7400,42.0100,41.2600,41.4800,1912700.0000,34.9375
03/11/2014,41.6400,42.1200,41.2600,41.4600,3171600.0000,34.9207
03/12/2014,41.4300,42.1300,41.4000,41.8800,2086600.0000,35.2744
03/13/2014,42.2000,42.2000,41.4600,41.7300,1653400.0000,35.1481
03/14/2014,41.9600,42.2500,41.8600,42.0000,1582700.0000,35.3755
03/17/2014,42.4200,42.5100,41.9100,42.0200,911800.0000,35.3924
03/18/2014,41.9300,42.6800,41.6700,42.5900,1304400.0000,35.8725
03/19/2014,42.2000,42.5600,41.7900,41.9900,2211000.0000,35.3671
03/20/2014,41.5000,42.1200,41.3400,41.8100,1954300.0000,35.2155
03/21/2014,42.2600,42.6800,41.9100,42.2500,2098300.0000,35.6603
03/24/2014,42.2500,42.5500,41.6000,42.0400,1205100.0000,35.4831
03/25/2014,42.2100,42.5700,42.1100,42.2000,1246400.0000,35.6181
03/26/2014,42.2000,42.4400,41.0000,41.0400,2516800.0000,34.6390
03/27/2014,41.2000,41.5500,40.9000,41.2900,1544100.0000,34.8500
03/28/2014,41.6000,42.0000,41.3000,41.3900,1150900.0000,34.9344
03/31/2014,41.7400,41.9600,41.4400,41.7300,1090300.0000,35.2214
04/01/2014,41.8900,42.0800,41.5400,41.9000,834100.0000,35.3649
04/02/2014,41.9600,42.5800,41.9500,42.4000,1741400.0000,35.7869
04/03/2014,42.4600,42.8100,42.2800,42.4900,918700.0000,35.8629
04/04/2014,42.8600,43.4200,42.4300,42.4800,2884200.0000,35.8544
04/07/2014,42.5300,42.7900,41.5600,41.8400,2089100.0000,35.3142
04/08/2014,42.2400,42.9900,42.0400,42.5900,2077300.0000,35.9473
04/09/2014,42.6300,43.2000,42.3300,42.9300,1549400.0000,36.2342
04/10/2014,42.8300,43.0400,41.8700,42.1100,2625700.0000,35.5421
04/11/2014,41.8700,42.0000,41.2100,41.4500,1822300.0000,34.9851
04/14/2014,41.8100,42.4000,41.6200,41.9700,1598900.0000,35.4240
04/15/2014,41.6000,42.0500,40.9700,41.9700,2487800.0000,35.4240
04/16/2014,42.0100,42.2900,41.7400,42.0500,860500.0000,35.4915
04/17/2014,41.9800,42.1900,41.7400,42.0200,1533000.0000,35.4662
04/21/2014,41.8700,42.0000,41.5600,41.8800,777000.0000,35.3480
04/22/2014,41.8600,41.9200,41.5000,41.7900,1806100.0000,35.2720
04/23/2014,41.7800,42.3900,41.7200,42.2300,1693600.0000,35.6434
04/24/2014,42.1800,42.5500,41.9500,42.2000,1277300.0000,35.6181
04/25/2014,41.8800,42.4300,41.4500,41.7600,1516500.0000,35.2467
04/28/2014,41.7700,41.7700,40.8700,41.2300,1940100.0000,34.7994
04/29/2014,41.1100,41.9300,41.1100,41.8300,1237400.0000,35.3058
04/30/2014,41.5000,42.0100,41.5000,41.9400,1200600.0000,35.3986
05/01/2014,41.7800,42.2900,41.6400,41.9400,1011700.0000,35.3986
05/02/2014,42.2700,42.8000,41.9500,42.4300,1238200.0000,35.8122
05/05/2014,42.3400,42.4200,41.8500,41.9900,766000.0000,35.4409
05/06/2014,41.8600,42.0400,41.4200,41.4600,943700.0000,34.9935
05/07/2014,41.6800,41.6800,40.9300,41.2300,1056800.0000,34.7994
05/08/2014,40.9800,41.5200,40.6000,40.7900,1042100.0000,34.4280
05/09/2014,41.1500,41.1500,40.2500,40.6500,948000.0000,34.3098
05/12/2014,41.0300,42.0000,41.0300,41.8300,2294500.0000,35.3058
05/13/2014,41.8500,42.0800,41.5300,41.5800,881000.0000,35.0948
05/14/2014,41.9300,41.9300,41.2700,41.3400,848000.0000,34.8922
05/15/2014,41.0600,41.2600,40.3800,40.9100,1397600.0000,34.5293
05/16/2014,40.6000,40.7800,40.2300,40.7800,634400.0000,34.4196
05/19/2014,40.5000,41.0500,40.5000,40.9200,891300.0000,34.5377
05/20/2014,40.8300,40.9500,39.7900,39.9300,5443400.0000,33.7021
05/21/2014,40.1800,40.2300,39.7100,40.0200,1101900.0000,33.7781
05/22/2014,40.1300,40.3700,39.9600,39.9900,832000.0000,33.7528
05/23/2014,39.8100,40.3200,39.8100,40.1300,800800.0000,33.8709
05/27/2014,40.3100,40.3300,40.0000,40.0400,854900.0000,33.7950
05/28/2014,40.0400,40.0600,39.3700,39.4200,1655400.0000,33.2717
05/29/2014,39.4200,39.8200,39.3300,39.7600,719700.0000,33.5587
05/30/2014,39.5200,39.6000,38.9600,39.2300,1690700.0000,33.1113
06/02/2014,39.1800,39.4600,38.9400,39.1000,743000.0000,33.0016
06/03/2014,39.0800,39.0800,38.5400,38.7500,821900.0000,32.7062
06/04/2014,38.5500,39.2800,38.5400,39.1200,1033800.0000,33.0185
06/05/2014,39.3800,39.9900,39.1000,39.8300,1710500.0000,33.6177
06/06/2014,39.9600,40.2500,39.7600,40.1200,814900.0000,33.8625
06/09/2014,40.1800,40.4200,40.0500,40.1600,859900.0000,33.8963
06/10/2014,40.0200,40.3100,39.9000,40.1300,478100.0000,33.8709
06/11/2014,40.1200,40.5700,40.0600,40.5000,935000.0000,34.1832
06/12/2014,40.4500,40.4500,39.8500,39.9900,946500.0000,33.7528
06/13/2014,40.0000,40.7100,39.9100,40.5900,1117900.0000,34.2592
06/16/2014,40.7000,40.8300,40.2400,40.4300,668500.0000,34.1241
06/17/2014,40.1600,40.9700,40.0500,40.8600,906000.0000,34.4871
06/18/2014,40.8900,41.7100,40.8500,41.6500,1597700.0000,35.1539
06/19/2014,41.9200,42.2000,41.8700,42.1300,1748400.0000,35.5590
06/20/2014,41.8200,41.9600,41.6300,41.7800,988500.0000,35.3896
06/23/2014,41.9800,42.4300,41.9300,41.9800,757100.0000,35.5590
06/24/2014,41.8900,42.3500,41.0500,41.1700,2228800.0000,34.8729
06/25/2014,41.0100,41.6600,41.0100,41.5900,1314200.0000,35.2287
06/26/2014,41.8100,42.1000,41.4900,41.9500,1046900.0000,35.5336
06/27/2014,41.9100,42.1500,41.6700,41.9400,768200.0000,35.5251
06/30/2014,41.6900,42.2700,41.4300,42.2500,1373200.0000,35.7877
07/01/2014,42.6700,42.9100,42.2800,42.3100,1540500.0000,35.8385
07/02/2014,42.3500,42.8700,42.3000,42.6300,1045300.0000,36.1096
07/03/2014,42.8400,43.3000,42.5800,43.2000,1151900.0000,36.5924
07/07/2014,43.1900,43.1900,42.2400,42.3300,1809700.0000,35.8555
07/08/2014,42.1600,42.3800,41.6500,41.9000,1544300.0000,35.4912
07/09/2014,42.2100,42.2600,41.8800,41.9800,871200.0000,35.5590
07/10/2014,41.5400,42.1000,41.3200,41.5000,1088200.0000,35.1524
07/11/2014,41.6700,42.0900,41.3000,41.9100,889600.0000,35.4997
07/14/2014,42.1200,42.1200,41.4700,41.6800,1746500.0000,35.3049
07/15/2014,41.6300,41.8900,41.0100,41.2800,1817100.0000,34.9661
07/16/2014,41.4900,42.2500,41.4900,41.9600,1875700.0000,35.5421
07/17/2014,41.8300,42.2800,41.4800,41.5800,1817000.0000,35.2202
07/18/2014,41.6800,41.9200,41.3800,41.8500,857900.0000,35.4489
07/21/2014,41.8400,42.0700,41.3200,41.7700,835400.0000,35.3811
07/22/2014,42.1900,42.4100,41.9400,42.1200,866100.0000,35.6776
07/23/2014,42.3000,42.3000,41.9000,41.9800,1240600.0000,35.5590
07/24/2014,42.1000,42.2000,41.6700,41.8100,876500.0000,35.4150
07/25/2014,41.7200,42.0800,41.4000,42.0800,1199900.0000,35.6437
07/28/2014,42.0800,42.2800,41.5100,41.8500,696600.0000,35.4489
07/29/2014,42.1800,42.5300,41.9500,42.2000,1247300.0000,35.7454
07/30/2014,42.5600,42.8500,42.1400,42.2600,1425100.0000,35.7962
07/31/2014,42.1800,42.1800,41.1400,41.4000,1422800.0000,35.0677
08/01/2014,41.4000,41.7900,40.9000,41.3000,1476200.0000,34.9830
08/04/2014,41.6500,41.9400,41.2000,41.8800,1595600.0000,35.4743
08/05/2014,41.6100,42.2400,41.5600,41.8600,1388700.0000,35.4574
08/06/2014,41.9300,42.5400,41.8100,42.3300,1769200.0000,35.8555
08/07/2014,42.4800,42.6500,41.9900,42.2800,2374800.0000,35.8131
08/08/2014,42.2800,42.9100,42.2000,42.8300,1477600.0000,36.2790
08/11/2014,42.9400,43.6600,42.9300,43.4100,2582200.0000,36.7703
08/12/2014,43.3200,43.4700,42.7900,43.0000,1470500.0000,36.4230
08/13/2014,43.1300,43.5000,43.0100,43.3600,1306200.0000,36.7279
08/14/2014,43.4200,43.4600,43.1400,43.2000,721400.0000,36.5924
08/15/2014,43.3600,43.4600,42.7100,43.0100,1136400.0000,36.4315
08/18/2014,43.0500,43.7700,43.0500,43.7300,1670900.0000,37.0413
08/19/2014,43.8600,44.2000,43.7800,43.8200,1143800.0000,37.1176
08/20/2014,43.7400,43.8100,43.4600,43.6600,911200.0000,36.9821
08/21/2014,43.6100,43.6100,42.9200,43.2100,1015500.0000,36.6009
08/22/2014,43.1400,43.4100,42.8400,43.2800,727100.0000,36.6602
08/25/2014,43.4500,43.5700,42.9700,43.1400,808100.0000,36.5416
08/26/2014,43.1200,44.0500,43.1200,43.8700,1299700.0000,37.1599
08/27/2014,43.9000,44.0500,43.7000,43.7700,448300.0000,37.0752
08/28/2014,43.5600,43.5800,43.2200,43.3200,1203400.0000,36.6940
08/29/2014,43.3200,43.8200,43.2100,43.7600,1304500.0000,37.0667
09/02/2014,43.9700,43.9700,43.1700,43.2700,738800.0000,36.6517
09/03/2014,43.7500,43.7500,43.0700,43.1100,475300.0000,36.5162
09/04/2014,43.3100,43.8000,42.7800,42.9100,1549200.0000,36.3468
09/05/2014,42.9400,43.0000,42.4800,42.8100,854900.0000,36.2621
09/08/2014,42.6400,42.6400,41.9200,42.0400,1318800.0000,35.6098
09/09/2014,42.0800,42.1100,41.3100,41.5400,1461000.0000,35.1863
09/10/2014,41.6200,41.6200,41.1000,41.3900,1404100.0000,35.0592
09/11/2014,40.9900,41.7800,40.9900,41.7300,974600.0000,35.3472
09/12/2014,41.6000,41.8100,41.1600,41.3500,1057400.0000,35.0254
09/15/2014,41.3600,41.4400,40.8700,41.0200,918200.0000,34.7458
09/16/2014,40.8100,41.6300,40.6300,41.4300,2077900.0000,35.0931
09/17/2014,42.0000,42.2800,41.7700,41.8500,1905700.0000,35.4489
09/18/2014,41.7900,41.7900,41.0800,41.1900,2121000.0000,34.8899
09/19/2014,40.8700,41.2000,40.1000,40.4700,2503800.0000,34.4254
09/22/2014,40.2300,40.2300,38.7200,38.8500,3605300.0000,33.0474
09/23/2014,39.0400,39.2800,38.9100,38.9100,1591100.0000,33.0984
09/24/2014,39.0000,39.0200,38.2600,38.3500,2283900.0000,32.6220
09/25/2014,38.0900,38.2600,37.1100,37.4800,4113000.0000,31.8820
09/26/2014,37.4700,37.5800,37.1900,37.3500,1878100.0000,31.7714
09/29/2014,36.9600,37.3500,36.5800,36.9900,1897700.0000,31.4652
09/30/2014,36.8900,37.3200,36.5900,36.7900,2589700.0000,31.2950
10/01/2014,36.7300,36.8600,35.4600,35.7400,2953600.0000,30.4019
10/02/2014,35.8600,35.9800,34.9400,35.7800,2823400.0000,30.4359
10/03/2014,35.6300,35.8800,34.9600,35.0000,2952900.0000,29.7724
10/06/2014,35.4100,35.6000,34.7500,35.1000,4497700.0000,29.8574
10/07/2014,34.9200,35.1400,34.1400,34.1900,2914900.0000,29.0834
10/08/2014,34.2700,35.0200,33.1400,34.9600,3479100.0000,29.7384
10/09/2014,34.8900,34.8900,33.0100,33.1100,4999900.0000,28.1647
10/10/2014,32.9400,33.3500,32.1300,32.2000,4884500.0000,27.3906
10/13/2014,32.5300,33.1400,31.8200,31.8900,5689000.0000,27.1269
10/14/2014,32.1200,33.3400,31.9000,32.4400,4256300.0000,27.5947
10/15/2014,31.9500,33.3100,31.4100,33.0500,3935400.0000,28.1136
10/16/2014,32.0700,34.3500,32.0700,33.9300,5731500.0000,28.8622
10/17/2014,34.0900,34.8100,33.6200,33.7400,3246600.0000,28.7006
10/20/2014,33.6000,34.1800,33.5700,33.9100,3662900.0000,28.8452
10/21/2014,34.3900,34.8600,34.2000,34.7100,2779600.0000,29.5257
10/22/2014,34.6200,35.0400,33.8900,33.9300,3345800.0000,28.8622
10/23/2014,34.2200,34.6800,33.9000,34.4900,1705800.0000,29.3386
10/24/2014,34.5600,34.8700,34.3400,34.7700,1127800.0000,29.5767
10/27/2014,34.3600,34.4000,33.7800,34.0500,1556200.0000,28.9643
10/28/2014,34.3700,35.4600,34.0900,35.3700,3336800.0000,30.0871
10/29/2014,35.7100,35.8800,34.7300,34.9700,2161400.0000,29.7469
10/30/2014,34.5700,34.9500,34.3100,34.5700,1936000.0000,29.4066
10/31/2014,34.5600,35.3300,34.0300,35.2100,1916100.0000,29.9510
11/03/2014,35.2300,35.8600,34.9000,35.2900,1785900.0000,30.0191
11/04/2014,35.0300,35.1900,34.1800,34.5700,2174600.0000,29.4066
11/05/2014,34.6400,35.0400,34.2600,34.6400,1820100.0000,29.4662
11/06/2014,34.3100,34.9200,34.3100,34.5500,1468500.0000,29.3896
11/07/2014,34.8000,36.2400,34.6700,36.1300,3790600.0000,30.7336
11/10/2014,36.2900,36.4700,34.9400,35.0700,2731900.0000,29.8319
11/11/2014,35.0200,35.2300,34.6900,35.0400,1570200.0000,29.8064
11/12/2014,34.7400,35.5600,34.7200,35.2400,1514000.0000,29.9766
11/13/2014,35.2100,35.5000,34.4300,34.6300,1596700.0000,29.4577
11/14/2014,34.3500,35.7500,34.3500,35.5400,2566500.0000,30.2317
11/17/2014,35.2900,35.7800,34.9300,35.6100,1445600.0000,30.2913
11/18/2014,35.7700,35.9100,35.4600,35.6400,755300.0000,30.3168
11/19/2014,35.2700,35.3800,34.1800,34.3400,3304300.0000,29.2110
11/20/2014,33.9700,35.2600,33.9700,35.1700,1533100.0000,29.9170
11/21/2014,36.3200,36.3600,35.5300,35.7700,2858500.0000,30.4274
11/24/2014,35.7500,35.9700,35.3200,35.5300,1241300.0000,30.2232
11/25/2014,35.6200,35.8300,35.3400,35.5800,1068000.0000,30.2658
11/26/2014,35.7700,35.7700,35.2000,35.5900,572600.0000,30.2743
11/28/2014,35.0900,35.0900,33.5700,33.8900,2397400.0000,28.8282
12/01/2014,33.7700,33.7700,32.6500,32.9800,2313900.0000,28.0541
12/02/2014,32.8900,33.3800,32.3100,32.3800,1855700.0000,27.5437
12/03/2014,32.7500,33.5100,32.4700,33.0800,2555400.0000,28.1392
12/04/2014,32.8700,33.1700,32.4200,32.5500,1468400.0000,27.6883
12/05/2014,32.3800,32.9700,32.2900,32.5400,1302300.0000,27.6798
12/08/2014,32.3000,32.5400,31.3400,31.5100,2601300.0000,26.8037
12/09/2014,31.2300,32.5200,31.0000,32.3400,3279000.0000,27.5097
12/10/2014,32.2600,32.3300,31.1200,31.3000,2377400.0000,26.6250
12/11/2014,31.3500,31.5300,30.8600,30.9300,1944900.0000,26.3103
12/12/2014,30.7900,30.8000,29.9700,30.0600,3290100.0000,25.5702
12/15/2014,30.1700,30.2600,29.3500,29.3600,2448100.0000,24.9748
12/16/2014,29.5200,30.2400,29.3400,29.3500,2204900.0000,24.9663
12/17/2014,29.6400,30.4900,29.1400,30.3500,3164200.0000,25.8169
12/18/2014,31.0500,31.2900,30.2300,30.6200,2030000.0000,26.0466
12/19/2014,30.6500,31.1900,30.1700,30.9400,2326100.0000,26.5529
12/22/2014,30.9800,31.0000,29.8100,30.0400,3087300.0000,25.7805
12/23/2014,30.4200,30.7700,30.1400,30.1900,1249000.0000,25.9093
12/24/2014,30.2600,30.5500,29.9400,30.3900,926100.0000,26.0809
12/26/2014,30.8400,31.0200,30.5700,30.7200,1588200.0000,26.3641
12/29/2014,30.7100,31.2100,30.7000,30.8200,889900.0000,26.4499
12/30/2014,30.8100,31.5000,30.7200,31.0400,1410500.0000,26.6387
12/31/2014,30.9900,31.1900,30.6100,30.8600,1435900.0000,26.4843
01/02/2015,30.7400,31.0600,30.5500,30.8700,1440000.0000,26.4929
01/05/2015,30.7700,30.8000,29.3300,29.7300,2776200.0000,25.5145
01/06/2015,29.5600,29.8600,29.0000,29.3200,2353100.0000,25.1626
01/07/2015,29.4800,29.8100,29.1900,29.4500,3135600.0000,25.2742
01/08/2015,29.5600,29.9700,29.3500,29.7300,1390100.0000,25.5145
01/09/2015,29.9100,29.9400,29.2900,29.6600,1574300.0000,25.4544
01/12/2015,29.4200,29.4400,28.6900,29.2700,1809000.0000,25.1197
01/13/2015,29.6100,29.6100,28.2100,28.4900,2533700.0000,24.4503
01/14/2015,27.9000,28.0200,26.8900,27.6100,2991600.0000,23.6951
01/15/2015,27.9800,28.1700,27.5400,27.5600,2045400.0000,23.6522
01/16/2015,27.8600,28.0100,27.5500,27.9800,1075500.0000,24.0126
01/20/2015,28.1300,28.1400,27.7500,27.9900,1237300.0000,24.0212
01/21/2015,27.9800,28.4200,27.8900,28.3200,849300.0000,24.3044
01/22/2015,28.5400,28.8800,28.1700,28.7400,1949200.0000,24.6649
01/23/2015,28.5300,28.5900,27.6800,27.7100,1768600.0000,23.7809
01/26/2015,27.6300,28.1000,27.2600,28.0000,1338300.0000,24.0298
01/27/2015,27.4900,28.2700,27.4900,27.9100,1556800.0000,23.9526
01/28/2015,28.0900,28.1000,27.1000,27.2200,1798900.0000,23.3604
01/29/2015,27.1000,27.1000,26.3400,26.8100,1870500.0000,23.0085
01/30/2015,26.6000,27.3300,26.5100,27.1200,5486800.0000,23.2746
02/02/2015,27.2000,27.6200,27.0400,27.5100,2040200.0000,23.6093
02/03/2015,28.0100,28.7300,27.8700,28.5600,2459900.0000,24.5104
02/04/2015,28.4000,28.7800,28.1800,28.5000,1297100.0000,24.4589
02/05/2015,28.6200,29.3300,28.5100,29.2300,2536100.0000,25.0854
02/06/2015,28.9900,29.2400,28.6600,28.8100,4545600.0000,24.7249
02/09/2015,28.8700,29.5700,28.7900,29.1900,1401000.0000,25.0511
02/10/2015,29.1200,29.4700,28.4900,29.0300,1711400.0000,24.9138
02/11/2015,28.8100,28.8600,28.3600,28.6500,1337400.0000,24.5876
02/12/2015,29.0800,29.4200,29.0800,29.3200,2609700.0000,25.1626
02/13/2015,29.7700,30.0500,29.6500,29.9500,2033800.0000,25.7033
02/17/2015,29.9000,29.9200,29.4700,29.7100,1555000.0000,25.4973
02/18/2015,29.6100,30.0400,29.4900,29.7200,1601100.0000,25.5059
02/19/2015,29.5200,29.9400,29.2200,29.7800,1556200.0000,25.5574
02/20/2015,29.6400,30.0900,29.6400,29.8400,1220900.0000,25.6089
02/23/2015,29.3600,29.6100,29.2400,29.4900,1573300.0000,25.3085
02/24/2015,29.5000,29.9000,29.5000,29.7900,2355100.0000,25.5660
02/25/2015,29.8800,29.9000,29.5500,29.6500,988000.0000,25.4458
02/26/2015,29.8800,29.8800,29.1500,29.2900,1901400.0000,25.1369
02/27/2015,29.3100,29.5300,29.1800,29.2400,1957600.0000,25.0940
03/02/2015,29.2900,29.3000,28.7500,29.1200,1398400.0000,24.9910
03/03/2015,28.9400,29.2300,28.6300,28.7400,1303100.0000,24.6649
03/04/2015,28.5000,28.5000,27.9100,28.2000,1546700.0000,24.2014
03/05/2015,28.0800,28.1800,27.7200,28.1100,1153500.0000,24.1242
03/06/2015,27.7000,27.9500,27.0700,27.1800,2880300.0000,23.3261
03/09/2015,27.4800,27.4800,26.7700,26.8400,1750300.0000,23.0343
03/10/2015,26.4200,26.6900,25.9300,26.0100,2692100.0000,22.3220
03/11/2015,26.0800,26.3700,25.7200,26.3400,2049300.0000,22.6052
03/12/2015,26.4900,26.7000,26.2600,26.3800,1264600.0000,22.6395
03/13/2015,26.2300,26.2400,25.5400,25.9200,2923500.0000,22.2447
03/16/2015,26.0200,26.0200,25.4100,25.8300,1175300.0000,22.1675
03/17/2015,25.5700,25.8200,25.5100,25.7200,2443500.0000,22.0731
03/18/2015,25.5000,26.9500,25.5000,26.8800,3773300.0000,23.0686
03/19/2015,26.5300,26.5600,26.1000,26.2800,2008700.0000,22.5537
03/20/2015,26.4100,26.7300,26.2500,26.6400,1955800.0000,22.9167
03/23/2015,26.6000,27.2500,26.5900,27.1200,2434700.0000,23.3296
03/24/2015,27.0400,27.2000,26.8500,27.2000,1373700.0000,23.3984
03/25/2015,27.2300,27.5000,26.8400,26.8800,1723900.0000,23.1232
03/26/2015,27.0900,27.3100,26.4300,26.4900,2717300.0000,22.7877
03/27/2015,26.3200,26.3400,25.9900,26.1700,3126000.0000,22.5124
03/30/2015,26.0700,26.8500,26.0700,26.6900,2275100.0000,22.9597
03/31/2015,26.4500,27.1900,25.7700,27.1900,1941300.0000,23.3898
04/01/2015,26.1400,26.3300,26.0400,26.2500,2432300.0000,22.5812
04/02/2015,26.1200,26.6500,26.0300,26.4900,1530400.0000,22.7877
04/06/2015,26.7700,26.9400,26.6200,26.8400,992000.0000,23.0888
04/07/2015,26.8000,27.0900,26.7400,26.8900,1255900.0000,23.1318
04/08/2015,27.1000,27.2400,26.5700,26.6400,1383300.0000,22.9167
04/09/2015,26.4600,26.7900,26.3300,26.7800,1737500.0000,23.0371
04/10/2015,26.6900,26.9400,26.6900,26.8000,1140800.0000,23.0543
04/13/2015,26.6500,26.7100,26.3900,26.5700,1552800.0000,22.8565
04/14/2015,26.7800,27.1400,26.5700,27.0200,2539400.0000,23.2436
04/15/2015,27.1500,28.1100,27.1500,27.9600,2369900.0000,24.0522
04/16/2015,28.1700,28.1700,27.5100,27.5400,2012300.0000,23.6909
04/17/2015,27.3300,27.4600,27.0300,27.2400,1132500.0000,23.4328
04/20/2015,27.2700,27.7200,27.1700,27.3400,1536100.0000,23.5189
04/21/2015,27.3700,27.5800,26.9900,27.1600,1668100.0000,23.3640
04/22/2015,27.2600,27.2600,26.8000,27.0300,1248800.0000,23.2522
04/23/2015,27.0200,27.7100,26.9500,27.6100,2384400.0000,23.7511
04/24/2015,27.9900,28.1800,27.6700,27.7200,2110700.0000,23.8458
04/27/2015,28.1400,28.4400,27.9200,27.9200,3332800.0000,24.0178
04/28/2015,28.0300,28.6300,28.0000,28.5100,2415400.0000,24.5253
04/29/2015,28.2200,28.3400,28.0100,28.1400,1683000.0000,24.2071
04/30/2015,28.0600,28.4500,27.7700,28.2700,2163900.0000,24.3189
05/01/2015,28.3000,28.7700,28.2100,28.5200,2216100.0000,24.5339
05/04/2015,28.7100,29.0000,28.6200,28.7400,3207900.0000,24.7232
05/05/2015,29.0000,29.1700,28.6200,28.7200,1858800.0000,24.7060
05/06/2015,28.9000,29.0500,28.3600,28.5300,2477900.0000,24.5426
05/07/2015,28.4600,28.5600,27.9700,28.4100,2407500.0000,24.4393
05/08/2015,28.6900,28.8600,28.4600,28.6400,1447800.0000,24.6372
05/11/2015,28.8000,29.1200,28.6500,28.9000,2068700.0000,24.8608
05/12/2015,29.0000,29.0900,28.6700,28.8400,1367100.0000,24.8092
05/13/2015,29.0600,29.2600,28.9000,28.9900,1434400.0000,24.9383
05/14/2015,29.2900,29.5700,29.0600,29.1300,1854500.0000,25.0587
05/15/2015,29.3300,29.3300,28.8100,29.0400,1208900.0000,24.9813
05/18/2015,29.1000,29.1000,28.6300,28.7300,2430000.0000,24.7146
05/19/2015,28.4900,28.5700,27.8200,27.9000,3206600.0000,24.0006
05/20/2015,28.0600,28.1600,27.6400,27.9900,1267600.0000,24.0780
05/21/2015,27.9900,28.0900,27.7300,27.8400,1097900.0000,23.9490
05/22/2015,27.7300,28.0200,27.5400,27.8800,1787500.0000,23.9834
05/26/2015,27.7500,27.7600,27.0500,27.1700,2305400.0000,23.3726
05/27/2015,27.2000,27.3800,26.9600,27.3500,1585400.0000,23.5275
05/28/2015,27.3700,27.3700,26.9600,27.3300,904000.0000,23.5103
05/29/2015,27.3400,27.3400,27.0000,27.1500,1396300.0000,23.3554
06/01/2015,27.1100,27.1700,26.7300,26.9200,1646800.0000,23.1576
06/02/2015,26.9600,27.8600,26.9300,27.7200,2264300.0000,23.8458
06/03/2015,27.7700,28.2400,27.5900,27.6700,1221000.0000,23.8028
06/04/2015,27.7900,27.7900,27.3000,27.4400,1039800.0000,23.6049
06/05/2015,27.2500,27.3500,27.0000,27.2200,1447900.0000,23.4156
06/08/2015,27.1000,27.2900,26.7700,26.8800,1067400.0000,23.1232
06/09/2015,27.0100,27.2000,26.7200,26.7300,1092700.0000,22.9941
06/10/2015,27.1100,27.2400,26.9300,26.9700,976300.0000,23.2006
06/11/2015,26.9700,27.0000,26.6800,26.7500,1305800.0000,23.0113
06/12/2015,26.7700,26.7700,26.3600,26.5600,1230500.0000,22.8479
06/15/2015,26.3200,26.4200,26.0400,26.2100,1376100.0000,22.5468
06/16/2015,26.3300,26.3300,25.9900,26.1700,1185600.0000,22.5124
06/17/2015,26.2100,26.3000,25.8000,26.2700,1355700.0000,22.5984
06/18/2015,26.3000,26.5200,26.1000,26.4500,1083600.0000,22.7533
06/19/2015,26.4200,26.4200,26.0100,26.0100,1273900.0000,22.4426
06/22/2015,26.0500,26.0700,25.7100,25.7300,1941600.0000,22.2010
06/23/2015,25.7700,26.1600,25.6900,26.1200,1278800.0000,22.5376
06/24/2015,26.0600,26.2200,25.8000,25.8800,732000.0000,22.3305
06/25/2015,25.9000,25.9500,25.4400,25.5000,1436300.0000,22.0026
06/26/2015,25.3500,25.5700,25.2900,25.5000,1634600.0000,22.0026
06/29/2015,25.1600,25.4500,25.0500,25.0700,2540900.0000,21.6316
06/30/2015,25.1600,25.2500,24.2400,24.3300,5361100.0000,20.9931
07/01/2015,24.3200,24.4000,23.8100,23.9700,1410700.0000,20.6824
07/02/2015,23.9800,24.0700,23.5700,23.8700,1764300.0000,20.5961
07/06/2015,23.5400,23.8100,23.3200,23.4700,1925700.0000,20.2510
07/07/2015,23.2600,23.3000,22.3700,23.1900,2553100.0000,20.0094
07/08/2015,23.1500,23.1500,22.3700,22.4400,3199700.0000,19.3623
07/09/2015,22.9200,23.0300,22.5200,22.5400,1835800.0000,19.4486
07/10/2015,22.8800,22.9900,22.5100,22.5400,1541100.0000,19.4486
07/13/2015,22.7200,23.2300,22.3900,23.2000,5033500.0000,20.0180
07/14/2015,23.2800,23.2800,22.8200,23.0500,1802900.0000,19.8886
07/15/2015,22.9000,22.9000,22.0900,22.2000,3314900.0000,19.1552
07/16/2015,22.2200,22.3500,21.9800,22.0300,1160600.0000,19.0085
07/17/2015,21.8700,21.9700,21.4800,21.5200,2291900.0000,18.5685
07/20/2015,21.2800,21.3700,20.6000,20.6200,2626700.0000,17.7919
07/21/2015,20.6900,21.2400,20.6500,20.8300,3333600.0000,17.9731
07/22/2015,20.5700,20.8500,20.2600,20.6600,1784300.0000,17.8264
07/23/2015,20.8000,20.9000,20.2800,20.4000,2122600.0000,17.6021
07/24/2015,20.2500,20.2500,19.6500,20.0000,3578200.0000,17.2569
07/27/2015,19.7100,20.3000,19.5200,19.7200,3867200.0000,17.0153
07/28/2015,19.9800,20.7800,19.7400,20.6000,4333600.0000,17.7746
07/29/2015,20.6900,21.0300,20.5000,20.9700,3130500.0000,18.0939
07/30/2015,20.8100,21.0300,20.3800,20.5300,5067100.0000,17.7142
07/31/2015,20.7800,21.0000,20.2100,20.2500,2206600.0000,17.4726
08/03/2015,20.0900,20.1600,19.7200,19.8100,3087500.0000,17.0930
08/04/2015,20.0900,20.1400,19.5800,19.7400,3229800.0000,17.0326
08/05/2015,20.0900,20.4100,19.7100,19.7200,1750900.0000,17.0153
08/06/2015,19.8000,20.1600,19.5300,20.1000,3324600.0000,17.3432
08/07/2015,20.0600,20.3200,19.1400,19.2200,4028400.0000,16.5839
08/10/2015,19.4200,20.5300,19.1900,20.4600,5355500.0000,17.6538
08/11/2015,20.0900,20.0900,19.5500,19.9400,4783900.0000,17.2052
08/12/2015,19.8400,20.2300,19.6800,20.1900,3009300.0000,17.4209
08/13/2015,20.0500,20.1500,19.5800,19.6900,3706300.0000,16.9894
08/14/2015,19.8000,20.1300,19.7200,20.0300,3671800.0000,17.2828
08/17/2015,19.9400,20.4200,19.8800,20.3900,3200200.0000,17.5934
08/18/2015,20.1900,20.3400,19.7200,19.8200,2915500.0000,17.1016
08/19/2015,19.6900,19.9400,19.5000,19.7100,2884000.0000,17.0067
08/20/2015,20.0500,20.1600,19.7100,19.7200,2319700.0000,17.0153
08/21/2015,19.8400,19.8400,19.2700,19.3300,3294300.0000,16.6788
08/24/2015,18.1800,19.3800,18.0600,18.3200,5624700.0000,15.8073
08/25/2015,19.1700,19.1700,17.9700,17.9900,4264400.0000,15.5226
08/26/2015,18.2800,18.2900,17.7900,18.0100,3242700.0000,15.5399
08/27/2015,18.4000,19.8600,18.3900,19.7200,5252700.0000,17.0153
08/28/2015,19.6100,20.5900,19.5600,20.1900,4093800.0000,17.4209
08/31/2015,19.9700,20.6500,19.7600,20.5000,3665800.0000,17.6884
09/01/2015,20.0000,20.3900,19.3600,19.5300,2854500.0000,16.8514
09/02/2015,19.8600,19.9500,19.1700,19.6800,2508100.0000,16.9808
09/03/2015,19.5300,20.2000,19.4900,19.6300,2703500.0000,16.9377
09/04/2015,19.5100,19.5100,19.0500,19.3000,2441500.0000,16.6529
09/08/2015,19.7700,20.2000,19.4400,19.7000,2285200.0000,16.9981
09/09/2015,19.9500,20.0000,19.1300,19.3100,2384400.0000,16.6616
09/10/2015,19.2600,19.3900,18.9000,19.0200,2627800.0000,16.4113
09/11/2015,18.9400,18.9700,18.6100,18.8300,1465200.0000,16.2474
09/14/2015,18.6700,18.8400,18.1700,18.3200,1509200.0000,15.8073
09/15/2015,18.2800,18.6600,18.2400,18.5100,2816700.0000,15.9713
09/16/2015,18.6000,19.1700,18.4800,19.0800,2668400.0000,16.4631
09/17/2015,19.0100,19.4200,18.7700,19.0200,5338400.0000,16.4113
09/18/2015,18.7900,18.7900,18.3000,18.4100,2237800.0000,15.9681
09/21/2015,18.4600,18.4800,18.0500,18.1000,1855000.0000,15.6992
09/22/2015,17.6900,17.7300,17.1000,17.2900,4950100.0000,14.9967
09/23/2015,17.3600,17.4100,16.7400,16.7700,3363200.0000,14.5456
09/24/2015,16.6700,17.5000,16.5700,17.4200,4159100.0000,15.1094
09/25/2015,17.4400,17.4800,16.8200,16.9300,2838900.0000,14.6844
09/28/2015,16.5800,16.7300,16.2300,16.4300,5338300.0000,14.2507
09/29/2015,16.4500,16.7300,16.3600,16.4700,1468900.0000,14.2854
09/30/2015,16.6900,16.8600,16.3900,16.7200,1871100.0000,14.5023
10/01/2015,16.7500,17.1300,16.4100,16.5700,2516400.0000,14.3722
10/02/2015,16.5200,17.3500,16.5000,17.3300,2685000.0000,15.0314
10/05/2015,17.6100,18.3100,17.5600,18.2800,3859000.0000,15.8554
10/06/2015,18.3500,19.1200,18.2500,19.0400,3895700.0000,16.5146
10/07/2015,19.3400,19.6500,18.8000,19.2000,3981100.0000,16.6533
10/08/2015,19.1200,19.8300,19.0600,19.6000,4032200.0000,17.0003
10/09/2015,20.0500,20.1700,19.6300,19.7700,4196500.0000,17.1477
10/12/2015,19.9500,19.9500,18.9500,19.0900,2696600.0000,16.5579
10/13/2015,18.8800,19.4200,18.6200,19.0200,1961500.0000,16.4972
10/14/2015,19.1900,19.3700,19.0200,19.2000,2737900.0000,16.6533
10/15/2015,19.1900,19.6100,19.0300,19.5600,4071900.0000,16.9656
10/16/2015,19.6800,19.6800,18.9400,19.0500,2552900.0000,16.5232
10/19/2015,18.8600,18.9900,18.2000,18.4100,2377700.0000,15.9681
10/20/2015,18.3200,18.5900,18.1700,18.2900,2628700.0000,15.8640
10/21/2015,18.2800,18.2800,17.7400,17.7700,2281800.0000,15.4130
10/22/2015,17.9600,18.4700,17.9000,18.2800,2716000.0000,15.8554
10/23/2015,18.4800,18.7000,18.2800,18.5300,2976100.0000,16.0722
10/26/2015,18.4400,18.4400,17.7200,17.7500,2144500.0000,15.3957
10/27/2015,17.5900,17.7200,17.1100,17.3100,1831000.0000,15.0140
10/28/2015,17.2400,17.9200,17.2100,17.5400,2557500.0000,15.2135
10/29/2015,17.3600,17.5800,17.1900,17.2300,1480800.0000,14.9446
10/30/2015,17.3200,17.4400,17.0200,17.2200,1759800.0000,14.9360
11/02/2015,17.1200,18.0300,17.0700,17.8400,2344400.0000,15.4737
11/03/2015,17.7200,18.3600,17.7200,18.0000,2078800.0000,15.6125
11/04/2015,18.0300,18.0800,17.5900,17.7200,1797600.0000,15.3696
11/05/2015,17.6000,17.6400,17.1000,17.2000,2032600.0000,14.9186
11/06/2015,16.9300,17.1900,16.7100,17.0400,2559400.0000,14.7798
11/09/2015,17.0700,17.1100,16.5600,16.8900,2705100.0000,14.6497
11/10/2015,16.7600,16.8500,16.6500,16.7200,1498300.0000,14.5023
11/11/2015,16.7600,16.7600,16.2900,16.4500,1393000.0000,14.2681
11/12/2015,16.1800,16.2900,15.9300,15.9500,2402100.0000,13.8344
11/13/2015,15.9300,16.3300,15.8300,15.9800,3290400.0000,13.8604
11/16/2015,16.1000,16.4200,16.0000,16.1700,2204100.0000,14.0252
11/17/2015,16.2200,16.2200,15.5800,15.6400,2701600.0000,13.5655
11/18/2015,15.8100,16.2500,15.7900,16.2200,2477500.0000,14.0686
11/19/2015,16.1900,16.3900,16.1200,16.1700,2074800.0000,14.0252
11/20/2015,16.2800,16.3000,15.7000,15.7200,2327700.0000,13.6349
11/23/2015,15.7400,15.9700,15.5500,15.6000,2170000.0000,13.5308
11/24/2015,15.6300,16.1000,15.5700,16.0400,2210800.0000,13.9125
11/25/2015,15.9500,16.2200,15.8100,16.0700,1311300.0000,13.9385
11/27/2015,15.9200,15.9700,15.8100,15.9400,765200.0000,13.8257
11/30/2015,15.9300,16.2200,15.8200,16.0800,1473700.0000,13.9472
12/01/2015,16.1700,16.4000,16.0700,16.3700,1785500.0000,14.1987
12/02/2015,16.2900,16.4400,15.9800,16.0400,2176100.0000,13.9125
12/03/2015,16.1400,16.2400,15.8500,15.9500,3105900.0000,13.8344
12/04/2015,16.0300,16.2200,15.8800,16.1600,1620200.0000,14.0166
12/07/2015,16.0200,16.0300,15.3400,15.4600,2021300.0000,13.4094
12/08/2015,15.2400,15.3600,15.0300,15.1800,2343500.0000,13.1665
12/09/2015,15.2800,15.6800,15.1900,15.3700,2085100.0000,13.3313
12/10/2015,15.3200,16.0300,15.3200,15.7900,2875900.0000,13.6956
12/11/2015,15.5700,15.5700,15.2000,15.2500,2114800.0000,13.2273
12/14/2015,15.1200,15.3100,14.7700,14.8200,1801800.0000,12.8543
12/15/2015,14.9500,15.1400,14.5800,14.6900,2242600.0000,12.7415
12/16/2015,14.7300,14.9100,14.6000,14.8600,2369800.0000,12.8890
12/17/2015,14.7100,14.7100,14.3500,14.4500,2044600.0000,12.5334
12/18/2015,14.3500,14.6200,14.3500,14.4400,2525800.0000,12.6552
12/21/2015,14.6400,14.7900,14.4300,14.6100,2025900.0000,12.8042
12/22/2015,14.6500,15.2300,14.6000,15.1700,2273000.0000,13.2950
12/23/2015,15.5200,15.7500,15.2300,15.5500,2452300.0000,13.6280
12/24/2015,15.6600,15.8500,15.5000,15.7100,1337300.0000,13.7682
12/28/2015,15.5100,15.5400,15.0800,15.1800,1417700.0000,13.3037
12/29/2015,15.4300,15.4900,15.0900,15.3300,1241600.0000,13.4352
12/30/2015,15.0100,15.2800,15.0100,15.0900,1150700.0000,13.2248
12/31/2015,14.9800,15.2300,14.8700,14.9500,1973000.0000,13.1022
01/04/2016,14.8400,15.0700,14.6300,14.9800,3191500.0000,13.1284
01/05/2016,15.0600,15.1200,14.7300,15.0200,1888900.0000,13.1635
01/06/2016,14.6700,14.8900,14.6600,14.7500,2249500.0000,12.9269
01/07/2016,14.4200,14.5100,14.1400,14.2200,2591000.0000,12.4624
01/08/2016,14.3600,14.3600,13.8100,13.8400,1672100.0000,12.1293
01/11/2016,13.9200,13.9200,12.8900,13.0200,2314900.0000,11.4107
01/12/2016,13.1300,13.1900,12.4000,12.7300,3452800.0000,11.1565
01/13/2016,12.8800,12.9700,12.3800,12.4700,2853400.0000,10.9287
01/14/2016,12.4800,12.6900,12.3200,12.6000,1400400.0000,11.0426
01/15/2016,12.2800,12.2800,11.9800,12.2200,2160800.0000,10.7096
01/19/2016,12.4200,12.4700,11.8100,11.9700,2124600.0000,10.4905
01/20/2016,11.7800,12.1900,11.3800,12.1000,3364900.0000,10.6044
01/21/2016,12.0900,12.4900,11.9800,12.3700,1805900.0000,10.8410
01/22/2016,12.7000,12.7800,12.1700,12.3300,3909700.0000,10.8060
01/25/2016,12.3400,12.5800,12.1900,12.2100,1420200.0000,10.7008
01/26/2016,12.5500,12.9600,12.2900,12.8700,1710000.0000,11.2792
01/27/2016,12.6400,13.1100,12.5800,12.7900,2632000.0000,11.2091
01/28/2016,13.0200,13.0700,12.6100,12.9500,2438000.0000,11.3494
01/29/2016,12.9900,13.9100,12.9600,13.9100,3084700.0000,12.1907
02/01/2016,13.7900,13.8900,13.5600,13.7900,2328900.0000,12.0855
02/02/2016,13.5100,13.6100,13.3500,13.4300,1575500.0000,11.7700
02/03/2016,13.6500,14.3100,13.3500,14.2600,4020200.0000,12.4974
02/04/2016,14.5500,15.5300,14.4500,15.0300,8072700.0000,13.1723
02/05/2016,14.8800,15.2500,14.6800,15.0100,2766700.0000,13.1547
02/08/2016,14.9100,15.1600,14.6100,14.7600,3419100.0000,12.9356
02/09/2016,14.6900,14.7000,14.2400,14.3000,4697100.0000,12.5325
02/10/2016,14.4300,14.5100,14.0600,14.2500,2236200.0000,12.4887
02/11/2016,14.3100,14.4800,13.9700,14.3200,3041800.0000,12.5500
02/12/2016,14.6100,15.2600,14.4200,15.2500,4619500.0000,13.3651
02/16/2016,15.4200,15.4500,14.9600,15.3500,2931800.0000,13.4527
02/17/2016,15.6600,16.1200,15.5100,15.9600,6337200.0000,13.9873
02/18/2016,15.9700,16.0100,15.5000,15.8800,3809600.0000,13.9172
02/19/2016,15.7600,15.8800,15.4400,15.4900,4140800.0000,13.5754
02/22/2016,15.6900,16.1800,15.6900,16.1600,3307200.0000,14.1626
02/23/2016,16.0600,16.2400,15.6400,15.6800,2488500.0000,13.7419
02/24/2016,15.5000,15.8100,15.3000,15.7700,3091000.0000,13.8208
02/25/2016,15.7300,15.8900,15.4900,15.8300,1693900.0000,13.8734
02/26/2016,16.0600,16.3200,15.9000,16.0000,3213000.0000,14.0224
02/29/2016,16.3200,16.7400,16.2100,16.6900,3083200.0000,14.6271
03/01/2016,17.0100,17.0300,16.5100,16.9900,3007800.0000,14.8900
03/02/2016,17.1000,18.3500,17.0900,18.3100,5371500.0000,16.0468
03/03/2016,18.1900,18.9900,18.1800,18.7600,7687500.0000,16.4412
03/04/2016,18.9200,19.8700,18.6500,18.9600,13433200.0000,16.6165
03/07/2016,19.2400,20.1500,19.2400,20.1300,13061100.0000,17.6419
03/08/2016,19.7400,19.8100,18.5700,18.6200,18738500.0000,16.3185
03/09/2016,18.8000,19.1300,18.2000,18.8600,12384000.0000,16.5289
03/10/2016,18.8500,19.4900,18.6600,19.4800,11344400.0000,17.0722
03/11/2016,19.6200,19.8600,19.2600,19.5200,8092900.0000,17.1073
03/14/2016,19.4700,19.8100,19.1600,19.6300,6033700.0000,17.2037
03/15/2016,19.1600,19.3100,18.8200,19.0800,8741500.0000,16.7217
03/16/2016,18.9900,20.1100,18.8800,20.0900,12272400.0000,17.6068
03/17/2016,20.2700,21.1400,19.7500,20.7300,14263100.0000,18.1677
03/18/2016,20.9000,21.4800,20.6700,20.9100,8834400.0000,18.4045
03/21/2016,20.8400,21.0500,20.4900,20.8900,5309500.0000,18.3869
03/22/2016,20.7600,20.9600,20.5600,20.9100,5369800.0000,18.4045
03/23/2016,20.4500,20.6300,19.5800,19.6200,9858100.0000,17.2691
03/24/2016,19.3400,20.1500,19.2200,20.1300,7692700.0000,17.7180
03/28/2016,20.2200,20.3300,19.7300,20.1400,3738500.0000,17.7268
03/29/2016,19.8600,20.7300,19.6300,20.6500,6908700.0000,18.1756
03/30/2016,20.8100,20.9700,20.4000,20.7800,7710700.0000,18.2901
03/31/2016,20.7700,20.9500,20.4200,20.4600,5566700.0000,18.0084
04/01/2016,20.0200,20.5900,19.7400,20.5800,8867600.0000,18.1140
04/04/2016,20.5900,20.8000,19.9900,20.0300,7042300.0000,17.6299
04/05/2016,19.9500,20.3600,19.8100,20.1500,6852000.0000,17.7356
04/06/2016,20.0200,20.3400,19.7300,20.2200,4672600.0000,17.7972
04/07/2016,20.2100,20.3200,19.8400,19.8900,8355500.0000,17.5067
04/08/2016,20.1300,20.6300,20.0300,20.5700,5569200.0000,18.1052
04/11/2016,20.8500,21.5000,20.7400,21.4100,7173700.0000,18.8446
04/12/2016,21.4500,21.9200,21.2600,21.8300,7094700.0000,19.2143
04/13/2016,22.1400,22.7400,22.1000,22.2600,8572700.0000,19.5927
04/14/2016,22.4300,22.4300,21.8400,22.1900,5420900.0000,19.5311
04/15/2016,21.9000,22.6600,21.8000,22.4600,5837400.0000,19.7688
04/18/2016,22.3100,22.9200,22.1400,22.7900,5239500.0000,20.0592
04/19/2016,23.2500,23.8400,23.2300,23.7900,7715000.0000,20.9394
04/20/2016,23.8400,24.1000,23.3400,23.4300,8719600.0000,20.6225
04/21/2016,23.7600,23.8600,23.1300,23.3300,9160400.0000,20.5345
04/22/2016,23.2800,23.8800,23.0000,23.1700,10199200.0000,20.3937
04/25/2016,23.0300,23.1700,22.3700,22.5600,8810100.0000,19.8568
04/26/2016,22.7100,23.0700,21.9600,23.0200,9103100.0000,20.2617
04/27/2016,23.0100,23.8400,22.7600,23.8200,13819300.0000,20.9658
04/28/2016,23.9200,25.1300,23.9200,24.2400,11802400.0000,21.3355
04/29/2016,24.5600,25.0400,24.2200,24.6200,11935000.0000,21.6700
05/02/2016,24.7900,25.0600,24.1500,24.6200,7978800.0000,21.6700
05/03/2016,24.2500,24.3000,23.1300,23.3800,10605800.0000,20.5785
05/04/2016,23.0400,23.6200,22.6500,22.8400,9780500.0000,20.1032
05/05/2016,23.3400,23.4400,22.4400,22.5400,13409300.0000,19.8392
05/06/2016,22.4500,23.1400,22.4300,22.7600,10032400.0000,20.0328
05/09/2016,22.1000,22.1000,20.9500,20.9800,24548500.0000,18.4661
05/10/2016,21.1900,21.7200,20.8900,21.6700,12401900.0000,19.0734
05/11/2016,21.9200,22.2200,21.5600,21.9200,7860300.0000,19.2935
05/12/2016,22.0600,22.2100,21.3400,21.4100,11276100.0000,18.8446
05/13/2016,21.4000,21.9800,21.1700,21.4200,14247200.0000,18.8534
05/16/2016,21.7600,22.2400,21.5900,21.6300,9453100.0000,19.0382
05/17/2016,21.6500,22.2600,21.3300,21.8300,12039200.0000,19.2143
05/18/2016,21.4000,21.8100,20.3700,20.5000,13435000.0000,18.0436
05/19/2016,20.1500,20.8600,20.0100,20.7400,11684000.0000,18.2549
05/20/2016,21.0000,21.0900,20.6300,20.7800,7695200.0000,18.2901
05/23/2016,20.6400,21.3800,20.5300,21.1600,5686300.0000,18.6245
05/24/2016,21.1000,21.2400,20.8000,20.8000,6185900.0000,18.3077
05/25/2016,20.9300,21.7000,20.8400,21.6800,13377200.0000,19.0822
05/26/2016,22.1400,22.3200,21.5300,21.7700,7255600.0000,19.1614
05/27/2016,21.6500,21.8200,21.1100,21.2900,6264500.0000,18.7390
05/31/2016,21.6700,22.3000,21.6000,22.0300,8565400.0000,19.3903
06/01/2016,21.7600,22.0700,21.4200,21.9800,7439400.0000,19.3463
06/02/2016,21.6000,22.1100,21.5900,22.0800,6364000.0000,19.4343
06/03/2016,22.5000,23.1700,22.4600,23.1500,11042300.0000,20.3761
06/06/2016,23.2400,23.6400,23.1600,23.6100,10058900.0000,20.7810
06/07/2016,23.3800,23.7500,23.3200,23.4700,9453600.0000,20.6578
06/08/2016,23.9300,24.5600,23.9100,24.4300,8301400.0000,21.5027
06/09/2016,24.0500,24.1300,23.5300,23.8700,7819100.0000,21.0098
06/10/2016,23.5000,23.8800,23.4100,23.4700,6671800.0000,20.6578
06/13/2016,23.5700,23.9000,23.3900,23.4700,5151000.0000,20.6578
06/14/2016,23.2700,23.5200,22.5500,22.8400,7904900.0000,20.1032
06/15/2016,23.2800,23.8800,23.2000,23.7100,9910400.0000,20.8690
06/16/2016,23.6400,23.6700,23.1100,23.4400,9091300.0000,20.6313
06/17/2016,23.8000,24.1100,23.5500,23.6900,11295700.0000,20.9210
06/20/2016,23.9800,24.4000,23.8900,24.2500,7075500.0000,21.4156
06/21/2016,24.1700,24.1700,23.5800,23.8500,4531400.0000,21.0623
06/22/2016,24.0500,24.1300,23.4400,23.6900,7454300.0000,20.9210
06/23/2016,23.9900,24.2400,23.6800,24.1800,4430200.0000,21.3537
06/24/2016,23.6500,23.7300,22.8800,22.9700,7681100.0000,20.2852
06/27/2016,22.8800,23.0400,22.1200,22.2900,6434800.0000,19.6846
06/28/2016,22.7200,22.9000,22.5300,22.7800,5231400.0000,20.1174
06/29/2016,23.1400,23.4900,23.1100,23.3000,4648600.0000,20.5766
06/30/2016,23.5900,24.4100,23.3500,24.4100,7343900.0000,21.5569
07/01/2016,24.4100,25.3000,24.3900,25.0000,7208500.0000,22.0779
07/05/2016,24.9300,25.0100,24.2300,24.5400,5028900.0000,21.6717
07/06/2016,24.5800,25.2300,24.5400,25.1900,4098500.0000,22.2457
07/07/2016,25.3000,25.4500,24.9000,25.1100,4422700.0000,22.1750
07/08/2016,25.4200,26.1700,25.4200,26.1700,6156100.0000,23.1111
07/11/2016,26.3000,26.8300,26.2800,26.7300,5303600.0000,23.6057
07/12/2016,27.0000,27.5700,27.0000,27.3400,5525400.0000,24.1444
07/13/2016,27.7000,27.7000,27.0600,27.5900,4045600.0000,24.3652
07/14/2016,27.5500,28.0200,27.2300,27.8800,4540400.0000,24.6213
07/15/2016,27.8400,28.0900,27.7500,28.0400,3024300.0000,24.7626
07/18/2016,27.9300,28.0700,27.5800,28.0600,2420500.0000,24.7802
07/19/2016,27.7400,27.7600,26.9900,27.1300,6391000.0000,23.9589
07/20/2016,26.6100,26.9000,26.0700,26.6100,4555300.0000,23.4997
07/21/2016,26.9200,27.3200,26.6400,26.8400,5366000.0000,23.7028
07/22/2016,26.7600,27.0200,26.6100,27.0100,2020400.0000,23.8529
07/25/2016,26.8700,26.9000,26.4000,26.5500,3172200.0000,23.4467
07/26/2016,26.5100,28.0300,26.4900,28.0100,5701600.0000,24.7361
07/27/2016,28.3700,28.9600,27.8300,28.4800,9610000.0000,25.1511
07/28/2016,28.6900,28.8700,28.3700,28.7900,5033100.0000,25.4249
07/29/2016,28.7700,29.2300,28.5500,29.0200,3523600.0000,25.6280
08/01/2016,29.0200,29.1200,28.5500,28.8100,4401800.0000,25.4426
08/02/2016,28.9600,29.0700,28.2400,28.5300,6193100.0000,25.1953
08/03/2016,28.4100,28.8100,28.0300,28.7700,4330000.0000,25.4072
08/04/2016,28.7000,28.8800,28.4100,28.7000,3548500.0000,25.3454
08/05/2016,28.5900,28.8700,28.3600,28.7900,2841800.0000,25.4249
08/08/2016,28.8700,29.1400,28.8200,28.8200,2921500.0000,25.4514
08/09/2016,28.6800,28.8900,28.3000,28.3400,4204700.0000,25.0275
08/10/2016,28.5800,28.6800,28.0000,28.1200,5602400.0000,24.8332
08/11/2016,28.1000,28.3100,27.9000,28.0500,5513000.0000,24.7714
08/12/2016,28.1100,28.2200,27.2500,27.3400,5456500.0000,24.1444
08/15/2016,27.4200,28.3300,27.4200,28.1000,4178400.0000,24.8155
08/16/2016,28.3600,28.3600,27.7600,27.7900,3810800.0000,24.5418
08/17/2016,27.6400,27.7900,27.1900,27.5700,3735600.0000,24.3475
08/18/2016,27.8400,27.9400,27.6100,27.9100,3481700.0000,24.6478
08/19/2016,27.4800,27.5800,27.0000,27.0800,4338400.0000,23.9148
08/22/2016,26.7100,27.2500,26.6400,27.2200,3414600.0000,24.0384
08/23/2016,27.4000,27.5800,27.1600,27.2000,2699500.0000,24.0207
08/24/2016,26.8800,26.9000,25.8100,25.8400,8097400.0000,22.8197
08/25/2016,25.7700,26.4500,25.6800,26.2300,4409000.0000,23.1641
08/26/2016,26.5000,26.9500,25.8900,26.0900,5472600.0000,23.0405
08/29/2016,25.9600,26.7900,25.9400,26.6600,3470500.0000,23.5439
08/30/2016,26.5100,26.6500,25.6400,25.8100,4908000.0000,22.7932
08/31/2016,25.5000,25.7800,25.3400,25.6800,3806000.0000,22.6784
09/01/2016,25.6600,25.9700,25.4000,25.9700,3969300.0000,22.9345
09/02/2016,26.4100,26.7400,25.8200,26.1000,3987400.0000,23.0493
09/06/2016,26.4700,27.1000,26.2300,27.1000,4659900.0000,23.9324
09/07/2016,26.8000,27.1400,26.6600,26.9600,3812200.0000,23.8088
09/08/2016,27.0600,27.0600,26.5300,26.6600,3545400.0000,23.5439
09/09/2016,26.3400,26.3800,25.0000,25.1400,8228800.0000,22.2015
09/12/2016,24.6800,25.6500,24.3800,25.6000,5191200.0000,22.6078
09/13/2016,25.1500,25.1500,23.9700,24.3700,12291000.0000,21.5215
09/14/2016,24.3700,24.6200,24.1000,24.2800,7694700.0000,21.4420
09/15/2016,24.2400,24.7500,24.0000,24.5900,4547700.0000,21.7158
09/16/2016,24.0000,24.7200,24.0000,24.4800,4031800.0000,21.6839
09/19/2016,24.8700,25.1700,24.6800,24.9500,4561700.0000,22.1002
09/20/2016,25.0000,25.1700,24.7400,25.0300,4816100.0000,22.1711
09/21/2016,25.4300,26.3500,25.3600,26.3000,5915300.0000,23.2960
09/22/2016,26.7500,27.1600,26.3700,26.5000,6946400.0000,23.4732
09/23/2016,26.4300,26.8000,26.1700,26.2800,4084400.0000,23.2783
09/26/2016,26.3100,26.5900,26.1400,26.1500,2903400.0000,23.1632
09/27/2016,25.8600,26.0200,25.5600,25.9500,2979000.0000,22.9860
09/28/2016,26.0700,26.9500,25.9000,26.9000,5267700.0000,23.8275
09/29/2016,26.7700,27.1400,26.2100,26.4700,3950300.0000,23.4466
09/30/2016,26.8100,26.8500,26.3600,26.5200,2772300.0000,23.4909
10/03/2016,26.5200,26.7500,26.0200,26.2100,3190900.0000,23.2163
10/04/2016,25.8300,25.9500,25.1300,25.1300,6368600.0000,22.2597
10/05/2016,25.4300,25.7600,25.2000,25.5900,3850700.0000,22.6671
10/06/2016,25.2700,25.6000,25.1600,25.5400,2893100.0000,22.6229
10/07/2016,25.8300,25.9500,24.9500,25.6700,6510500.0000,22.7380
10/10/2016,25.8800,26.0300,25.6400,25.7000,2257900.0000,22.7646
10/11/2016,25.4100,25.4300,24.8000,24.9500,6720800.0000,22.1002
10/12/2016,24.9700,25.3200,24.8200,25.1500,2533500.0000,22.2774
10/13/2016,24.5300,24.9200,24.2300,24.6800,4131200.0000,21.8611
10/14/2016,24.7700,24.9700,24.3500,24.4300,3424100.0000,21.6396
10/17/2016,24.5900,25.1300,24.5500,24.8600,2075800.0000,22.0205
10/18/2016,25.3600,25.3700,24.8500,25.3200,2910800.0000,22.4280
10/19/2016,25.5300,26.0200,25.2800,25.8800,2936100.0000,22.9240
10/20/2016,25.6600,26.0900,25.1100,25.9300,4221500.0000,22.9683
10/21/2016,25.6100,26.1300,25.4800,25.7800,3529700.0000,22.8354
10/24/2016,26.0400,26.1900,25.5400,25.6600,2517600.0000,22.7291
10/25/2016,26.0300,26.4600,25.6700,25.7100,4068700.0000,22.7734
10/26/2016,25.8000,25.9900,25.4200,25.6200,3756100.0000,22.6937
10/27/2016,25.4900,25.4900,24.7800,24.9500,3464700.0000,22.1002
10/28/2016,24.8700,25.3400,24.8700,25.0200,3729300.0000,22.1622
10/31/2016,25.1200,25.5000,24.9600,25.4700,4675600.0000,22.5608
11/01/2016,25.9400,26.1400,25.3200,25.4300,6306500.0000,22.5254
11/02/2016,25.1600,25.7600,24.9200,24.9200,5009700.0000,22.0737
11/03/2016,24.9600,25.7000,24.9500,25.5400,5119600.0000,22.6229
11/04/2016,25.5000,26.2300,25.4000,26.0200,8932200.0000,23.0480
11/07/2016,26.3800,26.5900,26.1000,26.4900,4974300.0000,23.4643
11/08/2016,26.4600,27.0100,26.4000,26.8300,4546400.0000,23.7655
11/09/2016,28.2400,29.1300,28.0000,28.9000,10422700.0000,25.5991
11/10/2016,29.4800,29.5000,28.7900,28.8800,9102800.0000,25.5814
11/11/2016,29.1100,29.1700,28.1400,28.8600,7348500.0000,25.5636
11/14/2016,29.3700,29.9600,29.1400,29.9500,8661200.0000,26.5291
11/15/2016,29.3900,30.2900,29.2700,30.2600,8206900.0000,26.8037
11/16/2016,29.9000,30.0000,29.3400,29.8000,6642400.0000,26.3963
11/17/2016,29.8700,30.1200,29.5000,29.5700,5378700.0000,26.1926
11/18/2016,29.5200,29.6600,29.2900,29.5000,3755500.0000,26.1305
11/21/2016,29.9500,30.1000,29.7500,30.0900,3692900.0000,26.6532
11/22/2016,30.6400,31.6600,30.5200,31.5600,7412000.0000,27.9553
11/23/2016,31.2000,31.7600,30.7400,31.6700,6038100.0000,28.0527
11/25/2016,31.8300,32.1100,31.5700,31.9400,1842300.0000,28.2919
11/28/2016,32.0500,32.0800,31.3500,31.6900,4251600.0000,28.0704
11/29/2016,30.6300,31.3500,30.4000,31.0600,5546600.0000,27.5124
11/30/2016,31.4900,31.7600,30.9300,31.1000,4716400.0000,27.5478
12/01/2016,31.2400,31.6100,31.0200,31.2900,3020800.0000,27.7161
12/02/2016,31.0800,32.0600,31.0500,32.0600,3755000.0000,28.3981
12/05/2016,32.4500,33.2600,32.4100,33.2100,5012800.0000,29.4168
12/06/2016,32.9500,33.3500,32.5000,33.1800,7591200.0000,29.3902
12/07/2016,33.6000,33.9500,33.3600,33.6100,5402000.0000,29.7711
12/08/2016,33.9200,34.2400,33.3200,33.7300,5426300.0000,29.8774
12/09/2016,33.8600,33.9500,32.9100,33.1000,8689800.0000,29.3194
12/12/2016,33.2400,33.3700,32.5300,32.6000,3042800.0000,28.8765
12/13/2016,32.6700,32.9200,31.8200,32.3900,4876500.0000,28.6905
12/14/2016,32.2100,33.1800,32.0500,32.0900,5151300.0000,28.4247
12/15/2016,31.5600,32.0900,31.2800,31.9700,8067600.0000,28.3184
12/16/2016,31.8800,32.0600,31.2100,31.3100,3450700.0000,27.7947
12/19/2016,31.0100,31.3800,30.9200,31.1600,5229700.0000,27.6615
12/20/2016,30.9300,31.8200,30.8300,31.7600,3019000.0000,28.1941
12/21/2016,31.9600,32.0000,31.4300,31.6600,2119100.0000,28.1054
12/22/2016,31.5100,31.7900,31.0300,31.0700,4124900.0000,27.5816
12/23/2016,31.0100,31.2900,30.8800,31.1200,1860000.0000,27.6260
12/27/2016,31.5700,31.6100,31.2200,31.4400,3007100.0000,27.9101
12/28/2016,31.6000,31.8100,31.0900,31.1700,2561100.0000,27.6704
12/29/2016,31.2000,31.4800,31.0400,31.3600,2287300.0000,27.8391
12/30/2016,31.5800,31.7300,30.4100,30.4100,4897400.0000,26.9957
01/03/2017,30.7900,31.3000,30.7100,31.0900,3127000.0000,27.5994
01/04/2017,31.3900,32.2700,31.1500,32.2300,5998900.0000,28.6114
01/05/2017,32.3900,32.9700,32.2400,32.6600,4145100.0000,28.9931
01/06/2017,32.6500,32.6500,31.8000,31.8000,4203100.0000,28.2297
01/09/2017,32.0600,32.1300,31.3000,31.3700,3032000.0000,27.8479
01/10/2017,31.9700,32.5700,31.9000,32.4800,4794700.0000,28.8333
01/11/2017,32.6400,32.6900,32.1100,32.5800,4217400.0000,28.9221
01/12/2017,32.5600,32.6900,31.9700,32.1400,4417700.0000,28.5315
01/13/2017,32.1000,32.5900,31.8700,32.4200,2517900.0000,28.7800
01/17/2017,32.7000,32.8500,32.2300,32.3200,2571100.0000,28.6913
01/18/2017,32.3300,33.1700,32.2800,33.0000,4798000.0000,29.2949
01/19/2017,32.6300,32.8600,32.1800,32.5400,2977900.0000,28.8866
01/20/2017,32.5200,32.9100,32.4100,32.7900,2513100.0000,29.1085
01/23/2017,33.0900,33.1500,32.6700,33.0900,4392900.0000,29.3748
01/24/2017,33.6800,34.4500,33.6400,34.1200,6517500.0000,30.2892
01/25/2017,33.9300,34.0000,33.1500,33.6600,6198100.0000,29.8808
01/26/2017,33.3300,33.8200,33.0300,33.3200,3769300.0000,29.5790
01/27/2017,33.3600,33.8100,33.2700,33.6400,2662300.0000,29.8631
01/30/2017,33.4400,33.4700,32.7300,33.2700,5118700.0000,29.5346
01/31/2017,33.4600,33.5100,32.9200,33.3900,4443300.0000,29.6411
02/01/2017,33.5600,33.7400,32.6800,33.1300,4154200.0000,29.4103
02/02/2017,33.4300,33.8100,33.3300,33.6500,2294400.0000,29.8720
02/03/2017,33.4500,33.7100,33.2200,33.5600,2699800.0000,29.7920
02/06/2017,33.6600,34.0000,33.6200,34.0000,2959400.0000,30.1826
02/07/2017,34.0000,34.3000,33.6200,33.6900,4283700.0000,29.9075
02/08/2017,33.7700,34.0900,33.5100,33.8100,2529600.0000,30.0140
02/09/2017,33.8800,34.2900,33.5700,34.1600,3000600.0000,30.3247
02/10/2017,34.4000,34.4800,34.1700,34.3500,3490700.0000,30.4933
02/13/2017,34.7500,35.2100,34.7100,34.8500,3910000.0000,30.9372
02/14/2017,34.8400,34.9300,34.3600,34.7800,4333900.0000,30.8751
02/15/2017,34.4500,34.7800,34.4500,34.6000,5432700.0000,30.7153
02/16/2017,34.6200,34.8100,34.3000,34.5600,3667200.0000,30.6798
02/17/2017,34.4000,34.6000,34.1100,34.2300,3291100.0000,30.3868
02/21/2017,34.3900,34.7300,34.2300,34.5000,3261100.0000,30.6265
02/22/2017,34.1900,34.3400,33.6100,33.9100,3274500.0000,30.1028
02/23/2017,34.2300,34.4200,32.4200,32.5700,8584200.0000,28.9132
02/24/2017,32.3000,32.9000,32.1200,32.3300,4801200.0000,28.7001
02/27/2017,32.2600,33.2200,32.2100,32.3900,4138200.0000,28.7534
02/28/2017,32.4800,32.7800,32.1300,32.3600,2575000.0000,28.7268
03/01/2017,32.8600,33.5300,32.8600,33.3400,4382100.0000,29.5968
03/02/2017,33.1100,33.1100,31.6900,31.7300,6629500.0000,28.1675
03/03/2017,31.8900,32.1500,31.3600,31.9300,4182200.0000,28.3451
03/06/2017,31.5900,31.6800,31.1000,31.3400,3702300.0000,27.8213
03/07/2017,31.2600,31.3700,30.5100,30.5300,4275000.0000,27.1022
03/08/2017,30.5600,30.7200,30.2200,30.2700,2675400.0000,26.8714
03/09/2017,30.0800,30.5500,29.6400,29.8000,6071900.0000,26.4542
03/10/2017,30.0900,30.3300,29.5700,29.9200,5517800.0000,26.5607
03/13/2017,30.3300,30.5800,30.1200,30.2900,4499100.0000,26.8892
03/14/2017,30.2000,30.2700,29.7000,29.8900,3808600.0000,26.5341
03/15/2017,30.2400,31.4300,30.0200,31.3600,6235400.0000,27.8391
03/16/2017,31.8000,32.0200,31.0900,31.1300,5069800.0000,27.6349
03/17/2017,31.2100,31.5800,30.7900,30.8600,3961400.0000,27.4304
03/20/2017,30.8300,31.0200,30.4800,30.9800,2553200.0000,27.5371
03/21/2017,31.0400,31.1000,29.8300,29.8800,7670600.0000,26.5594
03/22/2017,29.9500,30.4300,29.8900,30.1800,4631000.0000,26.8260
03/23/2017,30.3000,30.5200,29.8500,30.0400,2699200.0000,26.7016
03/24/2017,30.0700,30.2300,29.5400,29.6300,4522700.0000,26.3371
03/27/2017,29.2000,29.8100,28.9100,29.7500,4082000.0000,26.4438
03/28/2017,29.8800,30.2700,29.5800,30.1100,5647700.0000,26.7638
03/29/2017,30.0800,30.4000,29.9400,30.1600,2232600.0000,26.8082
03/30/2017,30.1400,30.4500,30.0600,30.1900,2870700.0000,26.8349
03/31/2017,30.2000,30.6000,29.9100,30.4200,4002400.0000,27.0393
04/03/2017,30.5100,30.8800,30.1700,30.5600,3973900.0000,27.1638
04/04/2017,30.6000,31.0600,30.5300,30.9400,2135400.0000,27.5016
04/05/2017,31.1700,31.3200,30.2600,30.2900,2669900.0000,26.9238
04/06/2017,30.3600,30.8300,30.1300,30.5600,2944400.0000,27.1638
04/07/2017,30.5300,31.1500,30.4600,30.8400,2958600.0000,27.4127
04/10/2017,30.8500,30.9000,30.4600,30.7600,1366200.0000,27.3416
04/11/2017,30.8700,31.4500,30.5900,31.3700,5799900.0000,27.8838
04/12/2017,30.9500,31.0600,30.0100,30.1000,4873300.0000,26.7549
04/13/2017,30.2700,30.4300,29.5800,29.5800,5163200.0000,26.2927
04/17/2017,29.7400,29.8700,29.3000,29.5300,3398600.0000,26.2483
04/18/2017,29.3400,29.7500,29.1500,29.4800,3913400.0000,26.2038
04/19/2017,29.7300,29.7700,28.9500,28.9700,3188200.0000,25.7505
04/20/2017,29.4200,30.0100,29.3000,29.8700,4564400.0000,26.5505
04/21/2017,29.8700,29.9700,29.6000,29.7900,3648700.0000,26.4794
04/24/2017,30.0100,30.5300,29.9400,30.3100,3353200.0000,26.9416
04/25/2017,30.7400,30.8500,30.1900,30.5200,5614200.0000,27.1282
04/26/2017,29.8400,30.7600,29.7000,30.5100,4870600.0000,27.1193
04/27/2017,30.2500,30.2500,29.5600,29.9100,5754400.0000,26.5860
04/28/2017,30.1300,30.2600,29.7800,29.8000,3158300.0000,26.4882
05/01/2017,29.8400,29.9500,29.4100,29.6200,4125700.0000,26.3282
05/02/2017,29.5400,30.0400,29.5400,29.7100,2712500.0000,26.4082
05/03/2017,29.4900,29.5800,28.6500,28.7800,6492700.0000,25.5816
05/04/2017,28.3700,28.4800,27.9700,28.2700,6421700.0000,25.1283
05/05/2017,28.4000,28.9500,28.3900,28.7800,3192700.0000,25.5816
05/08/2017,28.5200,28.8000,28.3500,28.7300,2992300.0000,25.5372
05/09/2017,28.7200,28.8100,28.3800,28.4900,2324100.0000,25.3238
05/10/2017,28.6800,28.8900,28.4500,28.7100,4218600.0000,25.5194
05/11/2017,28.8000,28.9200,28.4000,28.7300,2857400.0000,25.5372
05/12/2017,28.8000,28.9600,28.6200,28.8000,1645400.0000,25.5994
05/15/2017,29.2400,29.4500,29.0400,29.1200,2530700.0000,25.8838
05/16/2017,29.3300,29.4200,29.0500,29.3200,2727200.0000,26.0616
05/17/2017,29.1900,29.2500,28.7400,28.8100,2954500.0000,25.6083
05/18/2017,28.4200,28.7700,28.0000,28.5400,5725000.0000,25.3683
05/19/2017,28.8500,29.3700,28.8000,29.0800,2359300.0000,25.8483
05/22/2017,29.3000,29.4900,29.1100,29.2300,1736200.0000,25.9816
05/23/2017,29.3100,29.8700,29.0900,29.7200,3016700.0000,26.4171
05/24/2017,29.7700,30.2200,29.4100,29.7300,3116600.0000,26.4260
05/25/2017,29.7600,30.1200,29.2900,29.4400,2184200.0000,26.1683
05/26/2017,29.4600,29.5700,29.2800,29.4000,1452100.0000,26.1327
05/30/2017,29.1600,29.4800,29.0400,29.2500,2693900.0000,25.9994
05/31/2017,29.1000,29.2500,28.2900,28.9200,5636000.0000,25.7060
06/01/2017,28.7800,29.1800,28.6700,29.1300,1935300.0000,25.8927
06/02/2017,29.1600,29.2800,28.8400,28.9000,1828900.0000,25.6883
06/05/2017,28.8300,29.3200,28.8100,29.2100,3999700.0000,25.9638
06/06/2017,29.2200,29.5100,28.9700,29.4400,2302300.0000,26.1683
06/07/2017,29.4400,29.6300,28.9100,29.2300,3012400.0000,25.9816
06/08/2017,29.0400,30.2800,28.9900,30.2000,3948600.0000,26.8438
06/09/2017,30.2500,30.4700,29.8900,30.0600,3213400.0000,26.7193
06/12/2017,30.0200,30.5700,29.9200,30.1700,2691100.0000,26.8171
06/13/2017,30.0900,30.5000,30.0300,30.3200,2481100.0000,26.9505
06/14/2017,30.4700,30.4900,29.2500,29.4300,2974000.0000,26.1594
06/15/2017,29.0500,29.1900,28.2900,28.3700,4798900.0000,25.2172
06/16/2017,28.2300,28.6100,27.8600,28.1300,3921900.0000,25.0506
06/19/2017,28.3900,28.7500,28.2900,28.4000,3342900.0000,25.2911
06/20/2017,28.1500,28.2800,27.9300,28.0300,2548900.0000,24.9616
06/21/2017,28.2200,28.4700,27.9300,28.0300,2794700.0000,24.9616
06/22/2017,28.3000,28.6300,28.1500,28.5100,2356900.0000,25.3890
06/23/2017,28.9500,29.3000,28.5100,29.1900,2732300.0000,25.9946
06/26/2017,29.2000,29.4000,28.8500,29.1900,1845000.0000,25.9946
06/27/2017,29.5100,29.8900,29.0600,29.0600,2615700.0000,25.8788
06/28/2017,29.4600,30.1300,29.4000,29.9900,3392400.0000,26.7070
06/29/2017,30.1700,30.4400,29.7400,29.9800,3396900.0000,26.6981
06/30/2017,30.0000,30.3600,29.8800,29.9700,3032200.0000,26.6892
07/03/2017,30.0100,30.3700,29.9200,30.0700,1055300.0000,26.7783
07/05/2017,30.1100,30.2100,29.7600,30.0900,3980700.0000,26.7961
07/06/2017,29.9300,30.2900,29.7200,29.8100,1579400.0000,26.5467
07/07/2017,29.8900,29.8900,29.0100,29.5400,2848800.0000,26.3063
07/10/2017,29.3200,30.2700,29.0800,30.0800,2244300.0000,26.7872
07/11/2017,30.0900,30.6700,29.9000,30.6300,3889200.0000,27.2770
07/12/2017,30.8300,31.1500,30.5500,30.6000,3461400.0000,27.2502
07/13/2017,30.6600,31.1600,30.3500,30.9400,2663300.0000,27.5530
07/14/2017,31.1500,31.2700,30.9800,30.9900,1486600.0000,27.5975
07/17/2017,31.1600,31.6400,31.1500,31.3700,2027000.0000,27.9360
07/18/2017,31.2900,31.4600,31.0000,31.2100,2021200.0000,27.7935
07/19/2017,31.1700,31.8000,31.1200,31.6600,1928600.0000,28.1942
07/20/2017,31.5000,31.8800,31.3900,31.7100,5276700.0000,28.2387
07/21/2017,31.7000,31.8400,31.4200,31.4800,1813300.0000,28.0339
07/24/2017,31.4500,31.5300,31.1600,31.3700,3300500.0000,27.9360
07/25/2017,31.8900,32.6600,31.8000,32.4600,5972700.0000,28.9066
07/26/2017,32.5000,32.6700,31.8500,32.2800,7287100.0000,28.7463
07/27/2017,32.2900,32.3000,31.4500,31.7100,4298900.0000,28.2387
07/28/2017,31.5900,31.6500,31.0200,31.1300,2518300.0000,27.7222
07/31/2017,31.4000,31.5400,31.1800,31.4400,2225500.0000,27.9983
08/01/2017,31.4400,31.4900,30.8700,30.9200,2309800.0000,27.5352
08/02/2017,30.9000,31.0300,30.6200,30.8600,2275700.0000,27.4818
08/03/2017,30.6700,30.7800,30.3400,30.4400,2117900.0000,27.1078
08/04/2017,30.6600,30.7100,30.3500,30.5400,2685400.0000,27.1968
08/07/2017,30.8400,31.0500,30.7200,30.7600,2861700.0000,27.3927
08/08/2017,30.8600,31.0400,30.3800,30.6600,2868700.0000,27.3037
08/09/2017,30.7000,30.7200,30.4700,30.5200,1760000.0000,27.1790
08/10/2017,30.5400,30.7800,30.2700,30.3200,3194100.0000,27.0009
08/11/2017,30.0000,30.2400,29.7000,30.0900,2173800.0000,26.7961
08/14/2017,30.1100,30.2500,29.9100,30.0000,3138300.0000,26.7159
08/15/2017,29.8800,30.1600,29.7100,29.8000,1482200.0000,26.5378
08/16/2017,30.0500,30.6800,30.0000,30.5900,2966400.0000,27.2413
08/17/2017,30.5500,30.5500,29.8000,29.8400,2033400.0000,26.5734
08/18/2017,29.8900,30.1800,29.7500,29.8800,1566000.0000,26.6091
08/21/2017,30.2100,30.3200,30.0900,30.1800,908100.0000,26.8762
08/22/2017,30.4000,30.8900,30.2900,30.7800,2450700.0000,27.4105
08/23/2017,30.7400,31.3300,30.5600,31.2700,1841100.0000,27.8469
08/24/2017,31.2500,31.4700,31.0200,31.2900,2830900.0000,27.8647
08/25/2017,31.4300,31.5500,31.2000,31.3400,1838300.0000,27.9092
08/28/2017,31.5000,31.9600,31.3400,31.8500,2684600.0000,28.3634
08/29/2017,31.6700,32.3300,31.4500,32.1500,3023800.0000,28.6306
08/30/2017,32.0400,32.4500,31.9400,32.2200,2433700.0000,28.6929
08/31/2017,32.3500,32.5800,32.2900,32.3900,1847800.0000,28.8443
09/01/2017,32.5200,33.0300,32.5200,32.9500,2095000.0000,29.3430
09/05/2017,32.9900,33.4300,32.3100,32.6900,3282300.0000,29.1115
09/06/2017,32.6600,33.0000,32.6200,32.7200,2065500.0000,29.1382
09/07/2017,32.7400,32.9700,32.5400,32.8800,2116100.0000,29.2807
09/08/2017,32.6700,32.7100,31.9100,32.2500,3212100.0000,28.7196
09/11/2017,32.5100,32.6100,32.1100,32.1200,3690500.0000,28.6039
09/12/2017,32.1200,32.5100,31.9400,32.4100,2008300.0000,28.8621
09/13/2017,32.1900,32.3900,31.9800,32.1900,1784200.0000,28.6662
09/14/2017,31.9400,32.1900,31.5600,31.9100,2365600.0000,28.4168
09/15/2017,31.5600,32.0000,31.5600,31.9000,1399500.0000,28.4615
09/18/2017,31.9800,32.3800,31.9600,32.1600,1238200.0000,28.6934
09/19/2017,32.1900,32.3700,31.8900,32.3700,1787000.0000,28.8808
09/20/2017,32.5300,32.8900,32.2600,32.5500,4347800.0000,29.0414
09/21/2017,32.3300,32.3600,31.7800,31.9500,2977800.0000,28.5061
09/22/2017,31.5600,31.8800,31.3800,31.6200,2111300.0000,28.2116
09/25/2017,31.6300,31.9100,31.5600,31.9000,2361100.0000,28.4615
09/26/2017,31.8600,32.0500,31.7000,31.7300,2127300.0000,28.3098
09/27/2017,31.8300,32.2000,31.4600,32.0400,2906000.0000,28.5864
09/28/2017,32.1200,32.2000,31.6700,32.0800,1928200.0000,28.6221
09/29/2017,32.0900,32.3100,31.9500,32.1800,2302200.0000,28.7113
10/02/2017,32.1100,32.8700,32.0000,32.7300,1934900.0000,29.2020
10/03/2017,32.9300,32.9300,32.5600,32.8900,1805600.0000,29.3447
10/04/2017,32.8700,33.2000,32.7800,32.8400,1479800.0000,29.3001
10/05/2017,32.9700,33.2400,32.8500,32.8800,2070300.0000,29.3358
10/06/2017,32.6800,32.7000,32.4200,32.5800,2129200.0000,29.0682
10/09/2017,32.5700,32.6800,32.1400,32.2600,1871400.0000,28.7826
10/10/2017,32.4800,32.5000,32.0100,32.0700,1893000.0000,28.6131
10/11/2017,32.1000,32.5000,32.1000,32.3200,2651900.0000,28.8362
10/12/2017,32.2500,32.6700,32.2100,32.4500,1420700.0000,28.9522
10/13/2017,33.0400,33.1700,32.7800,32.8500,2296700.0000,29.3090
10/16/2017,33.1200,33.2600,32.5900,32.6200,2737500.0000,29.1038
10/17/2017,32.6400,32.8000,32.5300,32.5800,1221000.0000,29.0682
10/18/2017,32.5800,32.8800,32.4000,32.7300,1376700.0000,29.2020
10/19/2017,32.4900,32.9100,32.2300,32.8900,2421200.0000,29.3447
10/20/2017,33.0700,33.3200,32.9900,33.1500,2708300.0000,29.5767
10/23/2017,33.1500,33.2600,32.8900,32.9200,2080200.0000,29.3715
10/24/2017,33.0800,33.6100,32.9200,33.4200,3485300.0000,29.8176
10/25/2017,33.2600,33.4200,32.7700,33.0700,2780800.0000,29.5053
10/26/2017,33.1200,33.3000,32.6200,32.6400,1917300.0000,29.1217
10/27/2017,32.4200,32.5500,31.9400,32.4600,3672000.0000,28.9611
10/30/2017,32.4200,32.4300,31.9700,32.0200,3529300.0000,28.5685
10/31/2017,31.7500,31.8500,31.4700,31.6700,3865700.0000,28.2562
11/01/2017,32.4200,32.8000,31.7900,31.9000,3893600.0000,28.4615
11/02/2017,32.0900,32.4300,31.8600,31.9800,2689000.0000,28.5328
11/03/2017,31.9900,32.0800,31.5900,31.7100,2807700.0000,28.2919
11/06/2017,31.9800,32.2100,31.8400,31.9900,2184700.0000,28.5417
11/07/2017,32.0000,32.0500,31.6600,31.8100,1753700.0000,28.3812
11/08/2017,31.6800,31.7400,31.3800,31.6700,1750800.0000,28.2562
11/09/2017,31.2900,31.5200,30.9800,31.0800,2454600.0000,27.7298
11/10/2017,31.1800,31.3200,30.6600,30.7800,3517900.0000,27.4622
11/13/2017,30.7000,31.1500,30.6100,30.9100,1628000.0000,27.5782
11/14/2017,30.7000,30.7800,30.1900,30.3200,2700300.0000,27.0518
11/15/2017,30.0400,30.4800,29.6800,30.4200,6252300.0000,27.1410
11/16/2017,30.5900,30.7400,30.4500,30.5800,1777100.0000,27.2837
11/17/2017,30.5100,30.9400,30.5000,30.9200,2334100.0000,27.5871
11/20/2017,30.8000,31.0400,30.7000,30.9600,1716300.0000,27.6228
11/21/2017,31.2500,31.4600,31.1900,31.2700,1791400.0000,27.8994
11/22/2017,31.3800,31.6700,31.3800,31.5400,1904000.0000,28.1403
11/24/2017,31.7200,31.8900,31.5900,31.6100,644200.0000,28.2027
11/27/2017,31.6200,31.6800,31.1000,31.3400,2511800.0000,27.9618
11/28/2017,31.2600,31.6800,31.1700,31.6400,2964200.0000,28.2295
11/29/2017,31.5400,31.9100,31.4600,31.5400,1736900.0000,28.1403
11/30/2017,31.6500,32.0700,31.6300,31.9400,3676300.0000,28.4971
12/01/2017,32.0100,32.4900,31.6300,32.1200,4531200.0000,28.6577
12/04/2017,32.4600,32.7800,32.3300,32.3400,2977600.0000,28.8540
12/05/2017,31.7500,32.0100,31.6400,31.7400,2396500.0000,28.3187
12/06/2017,31.7500,32.1300,31.6100,31.8300,1944900.0000,28.3990
12/07/2017,31.7900,32.2900,31.7900,32.2300,2724600.0000,28.7559
12/08/2017,32.4800,32.9900,32.4200,32.7200,3549100.0000,29.1931
12/11/2017,32.9900,33.3200,32.9600,33.1800,2958500.0000,29.6035
12/12/2017,33.0400,33.4700,33.0300,33.2300,2436000.0000,29.6481
12/13/2017,33.2000,33.7100,33.0500,33.5400,2503900.0000,29.9247
12/14/2017,33.4700,33.6900,33.0300,33.0400,3051200.0000,29.4786
12/15/2017,33.1000,33.2600,32.7200,33.1700,5679200.0000,29.8338
12/18/2017,33.3400,33.9800,33.3100,33.9200,4329600.0000,30.5084
12/19/2017,33.9500,34.3900,33.9300,34.3100,4620000.0000,30.8592
12/20/2017,34.5900,35.0100,34.4200,34.9200,4557800.0000,31.4078
12/21/2017,34.9200,35.3600,34.8900,35.3000,3138200.0000,31.7496
12/22/2017,35.3000,35.5800,35.1100,35.5500,3960300.0000,31.9744
12/26/2017,35.5300,36.2400,35.5100,36.1700,3464100.0000,32.5321
12/27/2017,36.2200,36.3600,35.8000,35.8400,3428000.0000,32.2353
12/28/2017,36.0200,36.4200,35.8100,36.4000,1842100.0000,32.7390
12/29/2017,36.5000,36.5400,36.0900,36.3700,3224200.0000,32.7120
01/02/2018,36.5900,37.7200,36.5000,37.7000,5942300.0000,33.9082
01/03/2018,37.9700,37.9700,37.1900,37.4500,3417400.0000,33.6834
01/04/2018,37.5900,37.7700,37.3000,37.7000,2062500.0000,33.9082
01/05/2018,37.6900,37.7400,37.3800,37.6200,3733200.0000,33.8363
01/08/2018,37.6200,37.9900,37.4800,37.9300,1994800.0000,34.1151
01/09/2018,37.7900,37.8900,37.2100,37.3200,4009100.0000,33.5664
01/10/2018,37.3200,38.1100,37.2800,38.1100,4492700.0000,34.2770
01/11/2018,38.2700,39.1900,38.1900,39.1700,5898100.0000,35.2304
01/12/2018,39.3900,39.4500,38.8200,38.9800,5651200.0000,35.0595
01/16/2018,38.8300,39.2100,38.0900,38.2500,7387200.0000,34.4029
01/17/2018,38.3900,39.0100,38.2800,38.9500,3076000.0000,35.0325
01/18/2018,38.7300,38.7300,38.3000,38.3500,1929500.0000,34.4928
01/19/2018,38.2600,38.8000,38.1700,38.6200,2076800.0000,34.7357
01/22/2018,38.5600,38.8900,38.2800,38.8900,2111300.0000,34.9785
01/23/2018,38.9700,39.0200,37.8800,38.8400,5017800.0000,34.9336
01/24/2018,39.2900,39.5300,39.0200,39.0700,3986200.0000,35.1404
01/25/2018,39.4700,39.6200,38.2700,38.6200,6181300.0000,34.7357
01/26/2018,38.8100,39.1500,38.4300,38.9500,6929300.0000,35.0325
01/29/2018,38.9000,39.1300,38.3700,38.4100,5097000.0000,34.5468
01/30/2018,38.3000,38.5100,37.1400,37.2700,10341200.0000,33.5215
01/31/2018,37.5200,37.6200,36.5500,36.9000,4396600.0000,33.1887
02/01/2018,36.9000,37.2100,36.5800,37.0500,3364900.0000,33.3236
02/02/2018,36.7600,36.8500,35.3600,35.3600,5208000.0000,31.8036
02/05/2018,35.1400,36.2900,34.6100,34.8100,4860800.0000,31.3089
02/06/2018,34.5200,35.8300,34.0200,35.5800,5087500.0000,32.0014
02/07/2018,35.5400,35.9100,35.0100,35.0200,4191200.0000,31.4978
02/08/2018,35.1900,35.3400,34.0700,34.0800,2614600.0000,30.6523
02/09/2018,34.4800,34.6600,33.1700,34.3400,3298100.0000,30.8862
02/12/2018,34.6400,35.6700,34.5100,35.4100,2419800.0000,31.8486
02/13/2018,35.2900,36.0400,35.2200,35.9100,2914600.0000,32.2983
02/14/2018,35.6100,37.3700,35.5800,37.3100,5058400.0000,33.5575
02/15/2018,37.6200,37.7600,36.7800,37.2800,2689700.0000,33.5305
02/16/2018,37.1400,38.7100,36.8200,38.2100,8951100.0000,34.3669
02/20/2018,37.9000,38.5100,37.3000,37.4400,2928100.0000,33.6744
02/21/2018,37.5500,38.1000,37.1600,37.2000,2535500.0000,33.4585
02/22/2018,37.3700,37.6600,37.0600,37.1500,2108500.0000,33.4135
02/23/2018,37.2400,37.5900,37.0100,37.3600,1237800.0000,33.6024
02/26/2018,37.9100,37.9900,37.3000,37.7300,2238800.0000,33.9352
02/27/2018,37.5600,37.7800,37.0800,37.1300,1569000.0000,33.3955
02/28/2018,37.2700,37.4000,36.0600,36.0600,3816900.0000,32.4332
03/01/2018,36.5100,37.3900,36.1300,36.9600,5556200.0000,33.2427
03/02/2018,36.7400,37.4600,36.3000,37.1500,2512400.0000,33.4135
03/05/2018,36.9500,37.4200,36.7900,36.9200,1322100.0000,33.2067
03/06/2018,37.1800,37.7300,36.9400,37.6000,2215300.0000,33.8183
03/07/2018,37.4100,38.2500,37.4100,37.6800,2363200.0000,33.8902
03/08/2018,37.7700,37.7700,36.5500,36.9100,3605500.0000,33.1977
03/09/2018,37.3400,37.5000,36.4500,36.7400,5472800.0000,33.0448
03/12/2018,36.8000,37.1900,36.6700,37.1400,2825600.0000,33.4046
03/13/2018,37.1600,37.6700,36.9800,37.0500,4106700.0000,33.3236
03/14/2018,37.1800,37.3500,36.2900,36.3600,3956100.0000,32.7030
03/15/2018,36.3800,36.5600,36.0600,36.2100,1766100.0000,32.5681
03/16/2018,36.2100,36.8600,36.0800,36.6500,1817300.0000,33.0085
03/19/2018,36.3300,36.4100,35.3100,35.5700,2220700.0000,32.0358
03/20/2018,35.6000,35.7200,35.1700,35.2800,1669400.0000,31.7746
03/21/2018,35.4300,36.3100,35.4300,36.1600,2483800.0000,32.5672
03/22/2018,35.7200,35.7400,33.9900,34.0100,3332100.0000,30.6308
03/23/2018,34.2700,34.4100,33.7000,33.7100,2997600.0000,30.3606
03/26/2018,34.2100,34.4000,33.8400,34.3400,2226900.0000,30.9280
03/27/2018,34.5400,34.5800,33.2500,33.4400,3454600.0000,30.1174
03/28/2018,33.2600,33.4100,32.8100,33.0600,2775400.0000,29.7752
03/29/2018,33.1700,34.2500,33.1700,34.0400,4923700.0000,30.6578
04/02/2018,34.0200,34.3700,33.3600,33.6300,1449100.0000,30.2886
04/03/2018,33.6000,34.1600,33.6000,33.9300,1911100.0000,30.5588
04/04/2018,33.4500,34.1700,33.2500,34.1100,1489400.0000,30.7209
04/05/2018,34.2500,34.9800,34.2500,34.8700,2306000.0000,31.4053
04/06/2018,34.5200,34.8500,33.6900,33.9100,2539800.0000,30.5407
04/09/2018,34.1800,34.7100,33.9800,34.2200,2202800.0000,30.8199
04/10/2018,34.9400,35.5900,34.6700,35.4200,5011900.0000,31.9007
04/11/2018,35.3400,35.5400,34.9900,35.1300,2882900.0000,31.6395
04/12/2018,35.2000,35.5900,34.9500,35.3800,1637100.0000,31.8647
04/13/2018,35.5600,35.8700,35.3500,35.5500,1062400.0000,32.0178
04/16/2018,35.7000,35.8200,35.4500,35.5200,1432200.0000,31.9908
04/17/2018,35.7000,36.3400,35.5900,36.2000,2550400.0000,32.6032
04/18/2018,36.6600,37.4000,36.6600,36.8900,3371800.0000,33.2247
04/19/2018,36.9900,37.4500,36.9200,37.2600,4509700.0000,33.5579
04/20/2018,37.1400,37.2800,36.6400,37.0300,2907500.0000,33.3507
04/23/2018,36.5000,36.5700,35.9600,36.1200,2364200.0000,32.5312
04/24/2018,36.2700,36.5500,35.2400,35.7900,3451700.0000,32.2339
04/25/2018,35.5000,36.3000,35.3400,35.9400,2660800.0000,32.3690
04/26/2018,36.2100,36.4900,35.6000,35.9600,2779200.0000,32.3871
04/27/2018,35.7400,35.8100,34.8800,35.1500,4383100.0000,31.6575
04/30/2018,35.1300,35.3600,34.8600,34.9700,1781800.0000,31.4954
05/01/2018,34.8300,34.8500,33.9100,34.4900,4627200.0000,31.0631
05/02/2018,34.6500,35.2200,34.6000,34.7800,4176500.0000,31.3243
05/03/2018,34.8900,35.3200,34.7000,35.1500,1652700.0000,31.6575
05/04/2018,35.0000,36.1300,34.6900,35.9900,1470100.0000,32.4141
05/07/2018,36.1100,36.4800,36.0300,36.2000,2016200.0000,32.6032
05/08/2018,36.0200,36.1900,35.8300,36.0900,1924600.0000,32.5041
05/09/2018,36.1600,36.5100,36.1500,36.2200,1438800.0000,32.6212
05/10/2018,36.5300,37.1400,36.4300,36.7500,2345100.0000,33.0986
05/11/2018,36.8800,37.2900,36.8700,36.9300,1910700.0000,33.2607
05/14/2018,37.0000,37.2600,36.6800,36.7800,1257800.0000,33.1256
05/15/2018,36.4100,36.9900,36.1900,36.9700,2892100.0000,33.2967
05/16/2018,37.0300,37.7600,37.0300,37.5900,1769300.0000,33.8551
05/17/2018,37.5100,38.1400,37.5100,37.9500,1764100.0000,34.1793
05/18/2018,37.9600,38.2100,37.6700,37.8200,1903200.0000,34.0622
05/21/2018,37.8200,37.9500,37.1900,37.5800,1681200.0000,33.8461
05/22/2018,37.8500,38.1300,37.4000,37.4200,2150500.0000,33.7020
05/23/2018,37.1000,37.2400,36.8800,37.2200,2024700.0000,33.5219
05/24/2018,37.1700,37.3700,36.9100,37.3000,1009400.0000,33.5939
05/25/2018,36.9600,37.1100,36.6300,36.8300,2516500.0000,33.1706
05/29/2018,36.6900,37.1200,36.5000,36.7500,1699300.0000,33.0986
05/30/2018,37.0700,37.7700,37.0200,37.5200,2461000.0000,33.7921
05/31/2018,38.0000,38.5800,37.3500,37.5100,2709700.0000,33.7831
06/01/2018,37.7700,38.1700,37.7000,37.8400,1812400.0000,34.0803
06/04/2018,38.1700,38.3400,37.5300,37.6700,1352200.0000,33.9272
06/05/2018,37.7300,38.2100,37.6900,38.1100,1768400.0000,34.3234
06/06/2018,38.4600,38.6500,38.0300,38.6200,1957300.0000,34.7828
06/07/2018,38.6200,38.7700,38.0100,38.2900,2427800.0000,34.4855
06/08/2018,38.2500,38.4400,38.0300,38.0700,1075100.0000,34.2874
06/11/2018,38.2100,38.5100,38.0700,38.3100,3275300.0000,34.5036
06/12/2018,38.3800,38.5900,38.1000,38.3000,1265700.0000,34.4945
06/13/2018,38.3400,38.4600,37.8000,37.9600,1351900.0000,34.1883
06/14/2018,38.2300,38.3300,37.8800,38.2400,1315600.0000,34.4405
06/15/2018,37.4300,37.5100,36.5300,36.9100,3914700.0000,33.5710
06/18/2018,36.6000,37.2800,36.5800,37.1900,1373500.0000,33.8257
06/19/2018,36.5000,36.6300,35.7200,36.3600,5014700.0000,33.0708
06/20/2018,36.7500,36.8000,36.2400,36.7700,1469000.0000,33.4437
06/21/2018,36.6600,36.7600,36.2000,36.3000,1330000.0000,33.0162
06/22/2018,36.7700,37.1700,36.6800,37.0000,1829800.0000,33.6529
06/25/2018,36.5800,36.7100,35.1800,35.5500,3799800.0000,32.3340
06/26/2018,35.5500,35.9500,35.2100,35.8600,1705000.0000,32.6160
06/27/2018,35.9600,36.1500,35.3200,35.3600,4277100.0000,32.1612
06/28/2018,35.2400,35.3800,34.7100,35.2600,1492400.0000,32.0703
06/29/2018,35.4900,35.7700,35.4200,35.4700,2200600.0000,32.2613
07/02/2018,35.1800,35.5900,35.0300,35.4400,1862600.0000,32.2340
07/03/2018,35.6800,35.9500,35.2800,35.3600,1222100.0000,32.1612
07/05/2018,35.7000,35.9900,35.5400,35.9700,1938500.0000,32.7160
07/06/2018,35.9100,36.3800,35.6400,36.2500,2243400.0000,32.9707
07/09/2018,36.5000,36.7000,36.2800,36.6400,1670200.0000,33.3254
07/10/2018,36.6100,36.9500,36.4400,36.7700,2042800.0000,33.4437
07/11/2018,36.2700,36.5700,35.7500,36.0400,2447800.0000,32.7797
07/12/2018,36.2200,36.2800,35.9000,36.0900,2188900.0000,32.8252
07/13/2018,35.9900,36.2700,35.7800,35.9500,1993200.0000,32.6978
07/16/2018,35.9500,36.1600,35.5300,35.7300,1288100.0000,32.4977
07/17/2018,35.6500,36.3200,35.6100,36.1700,1710900.0000,32.8979
07/18/2018,36.2400,36.8700,36.2300,36.7800,3704700.0000,33.4528
07/19/2018,36.3200,36.3400,35.7500,35.9000,3133000.0000,32.6524
07/20/2018,35.9800,36.4600,35.8900,36.1200,2822900.0000,32.8525
07/23/2018,36.2400,36.8500,36.1100,36.6000,2066200.0000,33.2890
07/24/2018,37.3600,37.8800,37.0100,37.1800,4512700.0000,33.8166
07/25/2018,37.1400,37.3900,36.7200,37.2500,2301400.0000,33.8802
07/26/2018,37.1300,37.1300,36.5300,36.9400,1991700.0000,33.5983
07/27/2018,37.0000,37.1500,36.2900,36.4600,2140000.0000,33.1617
07/30/2018,36.4500,36.6700,36.0400,36.0800,2247700.0000,32.8161
07/31/2018,35.9400,36.2100,35.6000,35.9200,3852000.0000,32.6705
08/01/2018,35.8900,35.9300,35.4600,35.6300,3481400.0000,32.4068
08/02/2018,35.3200,35.5000,35.0100,35.3500,2201300.0000,32.1521
08/03/2018,35.3600,35.6400,35.1900,35.4100,1691900.0000,32.2067
08/06/2018,35.2400,35.5800,35.1200,35.3800,3660100.0000,32.1794
08/07/2018,35.2400,35.9100,35.1400,35.1800,2012500.0000,31.9975
08/08/2018,35.2300,35.4100,34.7300,34.9800,2813100.0000,31.8156
08/09/2018,34.9300,35.1100,34.8100,34.8300,2345200.0000,31.6792
08/10/2018,34.4600,34.9700,34.2300,34.7000,2064200.0000,31.5609
08/13/2018,34.7300,34.8200,34.0100,34.1400,2121800.0000,31.0516
08/14/2018,34.1500,34.4100,33.9100,33.9500,3288600.0000,30.8788
08/15/2018,33.3800,33.4300,32.2300,32.5400,5324200.0000,29.5963
08/16/2018,32.8800,33.3000,32.8600,32.9200,2200700.0000,29.9419
08/17/2018,32.9100,33.4500,32.7500,33.4200,3101300.0000,30.3967
08/20/2018,33.6600,33.8800,33.5300,33.6300,1777600.0000,30.5877
08/21/2018,33.6600,34.2700,33.5700,34.0300,1119800.0000,30.9515
08/22/2018,34.1700,34.3400,33.9900,34.1100,854800.0000,31.0243
08/23/2018,33.9100,33.9500,33.1700,33.1800,1837400.0000,30.1784
08/24/2018,33.6800,33.8700,33.5300,33.8400,1981100.0000,30.7787
08/27/2018,33.9900,34.4600,33.9000,34.2300,1775200.0000,31.1334
08/28/2018,34.5200,34.7500,34.0200,34.1900,1856200.0000,31.0971
08/29/2018,34.1600,34.5900,33.8600,34.4800,1775300.0000,31.3608
08/30/2018,34.2700,34.3300,33.5400,33.8100,3592700.0000,30.7514
08/31/2018,33.5900,34.0600,33.5800,33.9400,1313300.0000,30.8697
09/04/2018,33.5500,33.5700,33.1300,33.3900,2383100.0000,30.3694
09/05/2018,33.5100,33.7100,33.1400,33.5700,1262100.0000,30.5331
09/06/2018,33.6700,34.1800,33.4200,33.5800,1551800.0000,30.5422
09/07/2018,33.3500,33.6700,33.0100,33.3100,1741600.0000,30.2967
09/10/2018,33.3900,33.6500,33.2800,33.3000,1169000.0000,30.2876
09/11/2018,32.9700,33.1600,32.6000,33.1500,1641800.0000,30.1511
09/12/2018,33.1600,34.0600,33.1600,33.9000,2759900.0000,30.8333
09/13/2018,34.2700,34.3800,33.5800,33.7800,1570200.0000,30.7241
09/14/2018,33.8200,34.2700,33.7000,33.8800,2146200.0000,30.8151
09/17/2018,33.9000,34.5300,33.9000,34.2200,3190700.0000,31.1243
09/18/2018,34.5900,34.9500,34.4800,34.8100,2333900.0000,31.6610
09/19/2018,35.1800,35.4700,35.0300,35.0800,2188200.0000,31.9065
09/20/2018,35.6200,35.7400,34.9900,35.1700,1928500.0000,31.9884
09/21/2018,35.1400,35.1600,34.7800,34.8800,3007700.0000,31.7906
09/24/2018,34.9300,35.2200,34.5100,34.5600,2442600.0000,31.4990
09/25/2018,34.7600,35.1800,34.7200,35.0900,1596000.0000,31.9820
09/26/2018,34.9700,34.9700,34.2900,34.3100,2797300.0000,31.2711
09/27/2018,34.2000,34.3200,33.7900,34.1000,1504300.0000,31.0797
09/28/2018,33.9900,34.5400,33.9300,34.1600,2025200.0000,31.1344
10/01/2018,34.3200,34.6600,34.0000,34.3900,1597200.0000,31.3440
10/02/2018,34.4400,34.6700,34.2800,34.4900,1482100.0000,31.4352
10/03/2018,34.6000,34.6500,34.2000,34.3400,2395000.0000,31.2985
10/04/2018,34.3900,34.6600,33.7700,33.9800,2951800.0000,30.9703
10/05/2018,33.8200,34.0300,33.4000,33.7100,3029500.0000,30.7242
10/08/2018,33.5700,33.9500,33.3000,33.8800,2276500.0000,30.8792
10/09/2018,33.6800,33.8900,33.4400,33.5300,2179300.0000,30.5602
10/10/2018,33.3100,33.4700,32.4400,32.4900,3635300.0000,29.6123
10/11/2018,32.4800,33.1400,32.1200,32.7800,5196900.0000,29.8766
10/12/2018,33.2200,33.2500,32.4300,32.8200,3014200.0000,29.9131
10/15/2018,32.8300,33.1900,32.7400,32.8400,3715600.0000,29.9313
10/16/2018,33.0900,33.3000,32.8300,33.2300,1277300.0000,30.2868
10/17/2018,33.2700,33.3500,32.9400,33.3100,1237800.0000,30.3597
10/18/2018,33.2400,33.4400,32.7100,32.9000,2465400.0000,29.9860
10/19/2018,32.9600,33.1300,32.2400,32.3500,1716200.0000,29.4847
10/22/2018,32.4000,32.7000,32.0400,32.5300,1271200.0000,29.6488
10/23/2018,31.8800,32.0800,31.3800,31.9600,4225600.0000,29.1293
10/24/2018,31.8600,32.0900,30.0600,30.6600,4792500.0000,27.9444
10/25/2018,30.3500,30.8800,30.2200,30.6300,3050200.0000,27.9170
10/26/2018,30.0400,30.5500,29.6500,30.2200,3512800.0000,27.5434
10/29/2018,30.7000,30.7700,29.5700,29.8000,2777900.0000,27.1606
10/30/2018,29.7100,30.3900,29.5600,30.0400,6919500.0000,27.3793
10/31/2018,30.3300,30.7600,30.1100,30.5700,2217200.0000,27.8624
11/01/2018,30.8600,31.3500,30.5200,31.3500,2848300.0000,28.5733
11/02/2018,31.3900,31.8900,31.1900,31.7600,3482800.0000,28.9470
11/05/2018,31.7600,32.2000,31.5700,31.8300,1820200.0000,29.0108
11/06/2018,31.8000,32.0500,31.5800,31.8000,1767800.0000,28.9834
11/07/2018,32.1300,32.2200,31.7600,31.9700,1361500.0000,29.1384
11/08/2018,32.0000,32.0000,31.3900,31.6100,1819400.0000,28.8103
11/09/2018,30.9800,31.3100,30.4800,30.8900,2213500.0000,28.1540
11/12/2018,30.8400,30.9000,30.2700,30.3700,1666600.0000,27.6801
11/13/2018,30.3700,31.0500,30.2300,30.5300,2097300.0000,27.8259
11/14/2018,30.6700,31.1100,30.1300,30.3900,2256200.0000,27.6983
11/15/2018,30.3100,31.0000,30.2900,30.9500,1570600.0000,28.2087
11/16/2018,31.0000,31.4400,30.9400,31.2100,3126300.0000,28.4457
11/19/2018,31.1000,31.1800,30.2500,30.5300,2941900.0000,27.8259
11/20/2018,30.0500,30.1200,28.9900,29.3000,3314700.0000,26.7049
11/21/2018,29.4500,30.0900,29.4000,29.7500,1791200.0000,27.1150
11/23/2018,29.2300,29.2600,28.8700,29.0200,2517300.0000,26.4497
11/26/2018,29.0700,29.4800,28.5200,28.7300,3490600.0000,26.1853
11/27/2018,28.3700,28.6400,27.6900,28.1900,5539700.0000,25.6932
11/28/2018,28.1500,29.4100,27.8600,29.3800,4082300.0000,26.7778
11/29/2018,29.2600,29.4800,28.7800,28.9900,1932200.0000,26.4223
11/30/2018,28.7900,29.0900,28.7900,29.0300,1436900.0000,26.4588
12/03/2018,29.7700,30.0500,29.3900,29.8300,3438000.0000,27.1879
12/04/2018,29.9800,30.1500,28.8900,28.9400,2654800.0000,26.3767
12/06/2018,28.3100,28.4500,27.6800,28.3900,3700100.0000,25.8755
12/07/2018,28.5900,28.9900,27.9900,28.0600,1932000.0000,25.5747
12/10/2018,27.9200,28.1300,27.4100,27.7300,3371100.0000,25.2739
12/11/2018,28.2000,28.2800,27.4100,27.6400,2764800.0000,25.1919
12/12/2018,28.1600,28.3700,27.8800,27.9200,2555100.0000,25.4471
12/13/2018,28.0200,28.2000,27.7000,27.7600,1467700.0000,25.3013
12/14/2018,27.4300,27.8000,27.0000,27.0700,2629700.0000,24.6724
12/17/2018,27.0700,28.0000,26.9900,27.1200,2258000.0000,24.7179
12/18/2018,27.1600,27.6000,27.1200,27.3900,1861100.0000,24.9640
12/19/2018,27.5000,27.9500,26.2400,26.3600,2960900.0000,24.0253
12/20/2018,26.5700,26.9800,26.0300,26.3000,3094600.0000,23.9706
12/21/2018,26.3500,26.4800,25.6600,25.7000,4213900.0000,23.5032
12/24/2018,25.6600,25.8700,25.2700,25.2800,1572500.0000,23.1191
12/26/2018,25.3600,26.3400,25.0600,26.3400,2189200.0000,24.0885
12/27/2018,25.8800,26.4000,25.5000,26.3900,2491600.0000,24.1343
12/28/2018,26.3500,26.6700,26.0700,26.1900,2960600.0000,23.9514
12/31/2018,26.3300,26.4400,25.7800,26.1900,2110500.0000,23.9514
01/02/2019,25.7000,26.9000,25.5600,26.6500,2887400.0000,24.3720
01/03/2019,26.6000,26.6800,25.8800,26.0100,2743600.0000,23.7868
01/04/2019,26.3800,27.7000,26.3300,27.5400,4491700.0000,25.1860
01/07/2019,27.8000,27.8300,27.2000,27.4700,2142600.0000,25.1220
01/08/2019,27.7000,27.9800,27.4800,27.9300,3056500.0000,25.5426
01/09/2019,28.2700,28.5500,27.9700,28.5500,2732200.0000,26.1096
01/10/2019,28.3400,28.4700,28.0600,28.4300,1510000.0000,25.9999
01/11/2019,28.2800,28.6700,28.1600,28.4300,1314200.0000,25.9999
01/14/2019,28.3000,28.4500,27.9800,28.2100,1323400.0000,25.7987
01/15/2019,28.2300,28.3500,27.4800,27.6100,2953600.0000,25.2500
01/16/2019,27.7000,28.2900,27.7000,28.1900,2658200.0000,25.7804
01/17/2019,27.9600,29.0100,27.9100,28.7900,3979600.0000,26.3291
01/18/2019,29.0000,29.3200,28.7600,29.1600,7539400.0000,26.6675
01/22/2019,28.8700,28.8700,28.2100,28.6900,3907600.0000,26.2377
01/23/2019,28.7700,28.9500,28.4600,28.6700,1573000.0000,26.2194
01/24/2019,28.5200,28.7100,28.3500,28.4200,1148300.0000,25.9908
01/25/2019,28.9400,29.5700,28.9000,29.4400,2201800.0000,26.9236
01/28/2019,29.2700,29.3100,28.8700,29.0600,1879400.0000,26.5760
01/29/2019,29.4600,29.6100,29.2000,29.3100,1677600.0000,26.8047
01/30/2019,29.6600,30.5900,29.6000,30.3300,4105100.0000,27.7375
01/31/2019,30.2000,30.9700,30.0300,30.7100,3008300.0000,28.0850
02/01/2019,30.6600,30.7600,30.2700,30.5100,2415600.0000,27.9021
02/04/2019,30.3800,30.7400,30.2100,30.7000,2058300.0000,28.0759
02/05/2019,30.7300,30.8200,30.5500,30.7900,1180500.0000,28.1582
02/06/2019,30.7400,30.8000,30.4600,30.5800,1242700.0000,27.9661
02/07/2019,30.4000,30.6100,29.7200,29.8600,2257100.0000,27.3077
02/08/2019,29.7900,30.0300,29.4900,29.7100,2047400.0000,27.1705
02/11/2019,29.6800,29.8500,29.5600,29.7800,1076900.0000,27.2345
02/12/2019,29.8600,30.2700,29.8200,30.1200,910300.0000,27.5454
02/13/2019,30.3600,30.5200,30.1300,30.3200,1428700.0000,27.7283
02/14/2019,30.2800,30.4500,30.0700,30.3100,697000.0000,27.7192
02/15/2019,30.5500,30.8500,30.4200,30.5500,1206300.0000,27.9387
02/19/2019,30.5500,31.2100,30.5500,31.1000,1533300.0000,28.4417
02/20/2019,31.3000,32.0600,31.3000,31.8400,2361900.0000,29.1184
02/21/2019,31.8500,31.9400,31.5700,31.7900,1236800.0000,29.0727
02/22/2019,32.0000,32.3500,31.7500,31.7900,2212700.0000,29.0727
02/25/2019,31.9100,31.9100,31.5500,31.8000,3985500.0000,29.0818
02/26/2019,31.7100,31.9200,31.6100,31.7000,3463300.0000,28.9904
02/27/2019,31.6900,31.8300,31.3500,31.4900,1297900.0000,28.7983
02/28/2019,31.4600,31.4600,30.8700,30.9500,2052600.0000,28.3045
03/01/2019,31.1400,31.3300,30.8300,31.0500,2239300.0000,28.3959
03/04/2019,31.0800,31.1600,30.5100,30.9500,1707600.0000,28.3045
03/05/2019,30.9300,30.9900,30.7200,30.8300,1218800.0000,28.1948
03/06/2019,30.8400,30.9900,29.8500,29.8800,5138900.0000,27.3260
03/07/2019,29.7900,29.8500,29.2500,29.2900,4783900.0000,26.7864
03/08/2019,29.0000,29.0900,28.6700,28.8900,5465300.0000,26.4206
03/11/2019,28.9100,29.4200,28.7800,29.4100,1967900.0000,26.8961
03/12/2019,29.5500,30.0400,29.5500,29.8600,3601200.0000,27.3077
03/13/2019,30.0600,30.2500,30.0000,30.0900,2151700.0000,27.5180
03/14/2019,29.9400,29.9400,29.5400,29.5700,1873100.0000,27.0424
03/15/2019,29.4300,29.8100,29.3700,29.5800,2268700.0000,27.1914
03/18/2019,29.7100,30.0400,29.6700,29.7900,1902200.0000,27.3844
03/19/2019,30.0400,30.2100,29.6800,29.7700,2561700.0000,27.3660
03/20/2019,29.8000,30.0100,29.0700,29.7500,2697500.0000,27.3476
03/21/2019,29.7100,30.4000,29.7000,30.2900,2907800.0000,27.8440
03/22/2019,30.0200,30.1000,29.0400,29.1100,3960300.0000,26.7593
03/25/2019,29.1100,29.4900,28.8900,29.1300,1125500.0000,26.7777
03/26/2019,29.3100,29.5900,29.0600,29.3600,2406100.0000,26.9891
03/27/2019,29.4100,29.5800,29.1000,29.4700,2125500.0000,27.0903
03/28/2019,29.5400,29.6200,29.2300,29.5600,1302900.0000,27.1730
03/29/2019,29.8700,30.1500,29.6300,29.6800,1528700.0000,27.2833
04/01/2019,30.0500,30.4900,30.0500,30.2200,2916500.0000,27.7797
04/02/2019,30.2400,30.2700,29.8000,30.0400,2514100.0000,27.6142
04/03/2019,30.4600,30.5900,30.0300,30.1500,2498300.0000,27.7153
04/04/2019,30.1800,30.6500,30.0200,30.6300,2657700.0000,28.1566
04/05/2019,30.6600,30.9500,30.6000,30.8900,1897000.0000,28.3956
04/08/2019,30.9000,30.9800,30.6700,30.9800,1728100.0000,28.4783
04/09/2019,30.8200,30.8300,30.1100,30.2000,2110600.0000,27.7613
04/10/2019,30.2400,30.3300,30.0200,30.2800,1124200.0000,27.8348
04/11/2019,30.1100,30.1700,29.6300,29.7900,3326700.0000,27.3844
04/12/2019,30.0000,30.1300,29.7000,29.8400,1551300.0000,27.4304
04/15/2019,29.7900,29.9000,29.4400,29.7200,1440400.0000,27.3201
04/16/2019,29.7400,29.9400,29.6300,29.8500,1569400.0000,27.4396
04/17/2019,30.0100,30.3200,29.7900,29.8600,1619200.0000,27.4488
04/18/2019,29.8000,29.8000,29.2200,29.3100,2625600.0000,26.9432
04/22/2019,29.2200,29.3100,28.7300,29.0300,2756100.0000,26.6858
04/23/2019,29.0400,29.6500,29.0300,29.5000,1588400.0000,27.1178
04/24/2019,29.4800,29.5100,29.2800,29.3500,1454200.0000,26.9800
04/25/2019,29.4100,29.4400,28.6400,28.6900,2955200.0000,26.3732
04/26/2019,28.7100,29.1200,28.7000,29.0500,1104100.0000,26.7042
04/29/2019,29.0900,29.1000,28.8000,29.0900,873700.0000,26.7409
04/30/2019,29.0600,29.0600,28.7000,28.8300,3082900.0000,26.5019
05/01/2019,28.8500,28.9600,28.0800,28.1200,2888600.0000,25.8493
05/02/2019,28.0000,28.3000,27.7000,28.1000,2716800.0000,25.8309
05/03/2019,28.4400,29.2800,28.4000,29.2100,3015100.0000,26.8512
05/06/2019,28.5400,29.0500,28.4900,28.9700,1410400.0000,26.6306
05/07/2019,28.7400,28.8400,28.3000,28.5200,1802100.0000,26.2170
05/08/2019,28.3700,28.6300,28.1200,28.1600,2840200.0000,25.8860
05/09/2019,27.8400,28.2100,27.6700,28.1500,1441800.0000,25.8768
05/10/2019,28.0400,28.2600,27.6400,28.1200,1476600.0000,25.8493
05/13/2019,27.6000,27.6100,26.7400,27.0500,2986200.0000,24.8657
05/14/2019,27.1800,27.4500,27.0500,27.3200,1580700.0000,25.1139
05/15/2019,27.0400,27.4300,26.9300,27.4300,1756300.0000,25.2150
05/16/2019,27.5000,27.6200,27.2500,27.3400,1517500.0000,25.1323
05/17/2019,27.0700,27.1200,26.7100,26.9100,2752600.0000,24.7370
05/20/2019,26.6500,26.7600,26.3200,26.3600,1586000.0000,24.2314
05/21/2019,26.5000,26.9400,26.3500,26.7700,1870500.0000,24.6083
05/22/2019,26.6700,26.7600,26.0000,26.1900,1942600.0000,24.0751
05/23/2019,25.8800,25.9300,25.3700,25.5400,2971600.0000,23.4776
05/24/2019,25.8600,25.9200,25.3900,25.5500,1380100.0000,23.4868
05/28/2019,25.6000,25.7500,25.1600,25.2500,1896400.0000,23.2110
05/29/2019,24.9900,25.1900,24.8000,25.1600,1850100.0000,23.1283
05/30/2019,25.1100,25.2600,24.6100,24.7300,1667600.0000,22.7330
05/31/2019,24.4600,24.6100,24.2500,24.4000,2440500.0000,22.4297
06/03/2019,24.4400,25.1500,24.4400,25.0200,2814100.0000,22.9996
06/04/2019,25.2700,25.9300,25.2500,25.8600,2774800.0000,23.7718
06/05/2019,26.0000,26.0200,25.4500,25.6700,2613300.0000,23.5971
06/06/2019,25.8000,25.9300,25.4000,25.7700,1093300.0000,23.6890
06/07/2019,25.9100,26.0400,25.5700,25.9000,1733400.0000,23.8085
06/10/2019,26.0300,26.2600,25.8800,25.9200,1730100.0000,23.8269
06/11/2019,26.4600,26.6700,26.2500,26.3200,2649300.0000,24.1946
06/12/2019,26.3200,26.5700,26.1100,26.1700,1348700.0000,24.0567
06/13/2019,26.2900,26.7600,26.2600,26.6600,1884300.0000,24.5072
06/14/2019,26.6100,26.6500,26.2500,26.2900,1259200.0000,24.1670
06/17/2019,26.2000,26.6500,25.9800,26.4800,1394200.0000,24.3417
06/18/2019,26.7700,27.7300,26.7700,27.2600,7169000.0000,25.0587
06/19/2019,27.5200,27.8700,27.4600,27.7500,6227700.0000,25.5092
06/20/2019,28.4200,28.5100,28.0200,28.0400,10650400.0000,25.7757
06/21/2019,27.7900,27.8500,27.5400,27.7300,4514900.0000,25.8046
06/24/2019,27.7600,27.8300,27.3000,27.3600,2423500.0000,25.4603
06/25/2019,27.4200,27.5500,27.0600,27.2900,1404900.0000,25.3951
06/26/2019,27.2800,27.9100,27.2800,27.8200,1827300.0000,25.8883
06/27/2019,27.9400,27.9800,27.7000,27.8900,3086200.0000,25.9535
06/28/2019,27.9500,28.4000,27.9000,28.3800,1762800.0000,26.4094
07/01/2019,28.5500,28.5500,28.0700,28.1900,2036100.0000,26.2326
07/02/2019,28.2900,28.2900,27.8600,27.9900,1742300.0000,26.0465
07/03/2019,28.0600,28.1400,27.7300,27.9000,1066000.0000,25.9628
07/05/2019,27.4800,28.0500,27.3000,27.9900,1478500.0000,26.0465
07/08/2019,28.0000,28.0800,27.3700,27.4700,1333500.0000,25.5626
07/09/2019,27.2100,27.2900,26.7700,27.2600,3186200.0000,25.3672
07/10/2019,27.5000,27.7200,27.2200,27.3800,1676600.0000,25.4789
07/11/2019,27.4000,27.4000,27.0200,27.2600,843500.0000,25.3672
07/12/2019,27.4000,27.7900,27.3500,27.7300,1538600.0000,25.8046
07/15/2019,27.9400,28.0000,27.5200,27.7800,710400.0000,25.8511
07/16/2019,27.7300,28.5300,27.6300,28.0800,2653300.0000,26.1303
07/17/2019,28.1000,28.2000,27.7200,28.1300,1249300.0000,26.1768
07/18/2019,28.1000,28.3900,27.9000,28.2700,1566800.0000,26.3071
07/19/2019,28.3400,28.7600,28.3100,28.5200,2396800.0000,26.5397
07/22/2019,28.6000,28.8300,28.4000,28.5600,2563900.0000,26.5769
07/23/2019,28.7100,28.9400,28.5200,28.7100,2297700.0000,26.7165
07/24/2019,28.5500,29.1000,28.5000,29.0600,2159100.0000,27.0422
07/25/2019,29.0300,29.0600,28.2400,28.3900,3450800.0000,26.4188
07/26/2019,28.4100,28.6400,28.2300,28.6300,1461600.0000,26.6421
07/29/2019,28.6200,28.6900,28.2900,28.5700,1386000.0000,26.5863
07/30/2019,28.3600,29.0000,28.1700,28.9500,1550200.0000,26.9399
07/31/2019,28.9500,29.0000,27.7500,27.9700,2956600.0000,26.0279
08/01/2019,27.7100,27.8600,26.9400,27.2000,4366300.0000,25.3114
08/02/2019,27.0200,27.0200,26.4300,26.7400,3422500.0000,24.8833
08/05/2019,26.3100,26.6000,26.1500,26.3900,1987200.0000,24.5576
08/06/2019,26.5100,26.5900,25.9600,26.3700,1536100.0000,24.5390
08/07/2019,26.1500,26.3000,25.8000,26.0400,3187400.0000,24.2319
08/08/2019,26.1500,26.8700,26.0900,26.7700,1440000.0000,24.9112
08/09/2019,26.5500,26.5700,25.9400,25.9600,2226500.0000,24.1575
08/12/2019,25.9400,25.9400,25.4100,25.5500,1726400.0000,23.7759
08/13/2019,25.5200,26.3100,25.4600,25.8800,4074100.0000,24.0830
08/14/2019,25.4200,25.4600,24.8700,24.8900,5537800.0000,23.1618
08/15/2019,24.9800,24.9800,24.2600,24.5900,2432500.0000,22.8826
08/16/2019,24.6500,25.1800,24.5100,24.9800,2150700.0000,23.2455
08/19/2019,25.1500,25.7100,25.1500,25.5300,2154500.0000,23.7573
08/20/2019,25.4000,25.6700,25.3500,25.5600,1394600.0000,23.7852
08/21/2019,25.7100,25.8000,25.5000,25.6000,875000.0000,23.8225
08/22/2019,25.7300,25.7300,25.2400,25.2600,1253300.0000,23.5061
08/23/2019,25.1000,25.3200,24.6300,24.7000,2599000.0000,22.9850
08/26/2019,24.9700,25.0000,24.6300,24.8300,1123800.0000,23.1059
08/27/2019,25.0600,25.0800,24.7200,24.7200,1290600.0000,23.0036
08/28/2019,24.7600,25.3900,24.6900,25.1400,2886800.0000,23.3944
08/29/2019,25.4500,25.7300,25.3100,25.3800,1087100.0000,23.6178
08/30/2019,25.5700,25.7200,25.3200,25.4600,1993600.0000,23.6922
09/03/2019,25.2900,25.3600,25.0000,25.1900,1484700.0000,23.4409
09/04/2019,25.4700,25.7900,25.4700,25.7200,1924300.0000,23.9341
09/05/2019,25.9100,26.2700,25.7700,25.8500,2610400.0000,24.0551
09/06/2019,25.8500,25.9300,25.4300,25.4500,1509500.0000,23.6829
09/09/2019,25.5500,26.2200,25.5500,26.1000,2855500.0000,24.2878
09/10/2019,26.1600,27.0200,26.1000,26.9900,3218400.0000,25.1160
09/11/2019,27.1100,27.8600,26.7800,27.8100,4276800.0000,25.8790
09/12/2019,27.9000,27.9900,27.4200,27.6500,3072600.0000,25.7301
09/13/2019,28.0000,28.2100,27.5700,27.5700,1990300.0000,25.6557
09/16/2019,27.4900,28.0400,27.4400,27.8400,2256700.0000,25.9069
09/17/2019,27.6000,27.8000,27.2700,27.6900,1798500.0000,25.7674
09/18/2019,27.5100,27.6000,26.6300,27.0600,2789200.0000,25.1811
09/19/2019,26.7500,27.2000,26.7000,26.8800,2014400.0000,25.0136
09/20/2019,26.7700,26.8400,26.3400,26.5500,2555700.0000,24.7941
09/23/2019,26.1500,27.0000,26.0900,26.7500,1717700.0000,24.9809
09/24/2019,26.8300,26.8300,25.9400,26.0800,2234000.0000,24.3552
09/25/2019,25.8600,26.4200,25.8300,26.3200,1604900.0000,24.5793
09/26/2019,26.2800,26.2800,25.5300,25.7800,1801400.0000,24.0751
09/27/2019,25.7400,25.9600,25.5600,25.7000,1638500.0000,24.0004
09/30/2019,25.5300,25.6100,25.2700,25.4500,1912200.0000,23.7669
10/01/2019,25.5600,26.1200,25.1500,25.2100,1788200.0000,23.5428
10/02/2019,25.0400,25.1000,24.7200,24.9300,1774300.0000,23.2813
10/03/2019,24.9500,25.2100,24.7200,25.0600,1766400.0000,23.4027
10/04/2019,25.0800,25.3800,24.9200,25.3700,1464500.0000,23.6922
10/07/2019,25.2200,25.6000,25.1500,25.2300,1306700.0000,23.5614
10/08/2019,25.0900,25.2400,24.8700,25.0900,1555300.0000,23.4307
10/09/2019,25.2500,25.2900,24.7600,25.0200,1747000.0000,23.3653
10/10/2019,25.1900,25.5900,25.1200,25.5000,3215500.0000,23.8136
10/11/2019,25.9400,26.3600,25.7900,26.1400,3573600.0000,24.4112
10/14/2019,25.9900,26.0600,25.5000,25.8400,1872300.0000,24.1311
10/15/2019,25.7700,26.1800,25.5600,25.7800,1645100.0000,24.0751
10/16/2019,25.6300,26.0200,25.4700,25.6100,2053400.0000,23.9163
10/17/2019,25.8400,26.0900,25.6400,25.8700,1571600.0000,24.1591
10/18/2019,25.8700,26.1300,25.7000,25.8800,1010300.0000,24.1684
10/21/2019,26.1900,26.4700,25.8000,25.8200,1877600.0000,24.1124
10/22/2019,25.7900,26.3100,25.6900,26.2400,1724700.0000,24.5046
10/23/2019,26.3000,26.5300,26.0300,26.3600,1638500.0000,24.6167
10/24/2019,26.3600,26.6800,26.1100,26.4500,2653900.0000,24.7008
10/25/2019,26.5900,27.0900,26.5300,26.7700,3226800.0000,24.9996
10/28/2019,26.7600,27.3600,26.7600,27.2200,1795300.0000,25.4198
10/29/2019,27.0000,27.2800,26.7800,27.1500,2256400.0000,25.3545
10/30/2019,26.9700,26.9700,26.4700,26.7400,2754100.0000,24.9716
10/31/2019,26.5100,26.6300,26.0200,26.3100,2819800.0000,24.5700
11/01/2019,26.5500,27.2900,26.5500,27.1300,3173000.0000,25.3358
11/04/2019,27.4100,27.5500,27.1800,27.4200,2066100.0000,25.6066
11/05/2019,27.4700,27.7700,27.3400,27.4700,2173100.0000,25.6533
11/06/2019,27.3800,27.4400,27.1400,27.2400,1326000.0000,25.4385
11/07/2019,27.4000,27.6100,27.2600,27.4700,1258300.0000,25.6533
11/08/2019,27.1900,27.8100,27.1000,27.6400,1545200.0000,25.8120
11/11/2019,27.3900,27.5900,27.1700,27.5000,1494700.0000,25.6813
11/12/2019,27.5000,27.6200,27.2300,27.3500,1747300.0000,25.5412
11/13/2019,27.1900,27.2600,26.9400,26.9900,2245100.0000,25.2050
11/14/2019,26.9200,27.1100,26.7700,26.8000,2307000.0000,25.0276
11/15/2019,26.9500,27.1800,26.8100,26.9300,3748100.0000,25.1490
11/18/2019,26.8500,27.1700,26.6600,27.1700,2942800.0000,25.3731
11/19/2019,27.2500,27.3900,26.9800,27.0600,1394400.0000,25.2704
11/20/2019,26.9100,27.2800,26.7800,26.9500,1422000.0000,25.1677
11/21/2019,26.9400,27.0700,26.6400,26.7700,1666800.0000,24.9996
11/22/2019,26.9700,27.2800,26.9300,27.1200,1584500.0000,25.3264
11/25/2019,27.2200,27.7800,27.0600,27.5300,2179800.0000,25.7093
11/26/2019,27.5200,27.7700,27.4600,27.6600,1886100.0000,25.8307
11/27/2019,27.6500,27.7800,27.3500,27.7700,1951800.0000,25.9335
11/29/2019,27.7200,27.8100,27.4000,27.6600,862100.0000,25.8307
12/02/2019,27.7500,28.0800,27.7200,27.8300,1898100.0000,25.9895
12/03/2019,27.6400,27.8200,27.2800,27.8100,1454900.0000,25.9708
12/04/2019,27.8600,28.4200,27.8600,28.1300,1676300.0000,26.2696
12/05/2019,28.1800,28.4200,28.0800,28.3700,1109000.0000,26.4938
12/06/2019,28.5000,28.8700,28.5000,28.6000,2357300.0000,26.7086
12/09/2019,28.7100,29.1800,28.7100,28.8700,4061100.0000,26.9607
12/10/2019,28.8100,29.1600,28.8100,28.9500,1752500.0000,27.0354
12/11/2019,29.0800,29.3900,29.0600,29.2200,2484600.0000,27.2876
12/12/2019,29.2300,29.6100,29.0800,29.5200,5234000.0000,27.5677
12/13/2019,29.5200,29.8000,29.0800,29.2100,2943900.0000,27.2782
12/16/2019,29.4400,29.5100,28.9900,28.9900,2997000.0000,27.0728
12/17/2019,29.1400,29.1900,28.8500,29.0900,1815800.0000,27.1662
12/18/2019,29.0900,29.3300,28.9600,29.2900,1923200.0000,27.3529
12/19/2019,29.3200,29.4400,28.9400,28.9600,3204600.0000,27.0448
12/20/2019,28.8000,28.8800,28.3900,28.5000,3238900.0000,26.7296
12/23/2019,28.6000,28.9000,28.5200,28.8600,2478900.0000,27.0673
12/24/2019,28.9900,29.3300,28.9200,29.1500,1430800.0000,27.3392
12/26/2019,29.3500,29.5400,29.1000,29.2900,1455900.0000,27.4706
12/27/2019,29.3700,29.4500,29.1100,29.1800,1947100.0000,27.3674
12/30/2019,29.3000,29.5000,29.1500,29.1600,2863800.0000,27.3486
12/31/2019,29.2900,29.4400,29.1500,29.2900,1956800.0000,27.4706
01/02/2020,29.4900,29.6300,29.0300,29.1600,2590400.0000,27.3486
01/03/2020,29.1900,29.1900,28.8400,28.9000,1907200.0000,27.1048
01/06/2020,28.9500,29.0000,28.5300,28.6300,2500700.0000,26.8515
01/07/2020,28.6300,28.9800,28.5400,28.7700,1860800.0000,26.9829
01/08/2020,28.8700,28.8800,28.2500,28.2900,2787200.0000,26.5327
01/09/2020,28.2400,28.2400,27.7100,27.8200,4257900.0000,26.0919
01/10/2020,27.8500,27.9500,27.5000,27.5600,2429500.0000,25.8480
01/13/2020,27.6000,28.0300,27.4200,27.8000,2599800.0000,26.0731
01/14/2020,27.7900,28.3200,27.6600,28.1000,2441100.0000,26.3545
01/15/2020,28.1400,28.1700,27.8700,28.0200,2685500.0000,26.2794
01/16/2020,28.0600,28.1700,27.8800,27.9200,2446600.0000,26.1857
01/17/2020,28.0400,28.1200,27.3900,27.4600,3436300.0000,25.7542
01/21/2020,27.2600,27.2600,26.4600,26.6800,3745000.0000,25.0227
01/22/2020,26.6200,26.7500,26.4000,26.5700,2647400.0000,24.9195
01/23/2020,26.3000,26.4000,25.8700,26.3800,3122200.0000,24.7413
01/24/2020,26.4500,26.4500,25.6700,26.0000,2892200.0000,24.3849
01/27/2020,25.5900,25.6500,25.3600,25.4900,2610100.0000,23.9066
01/28/2020,25.7400,25.7800,25.0800,25.1200,10017300.0000,23.5596
01/29/2020,25.2000,25.4300,25.0200,25.3100,1926400.0000,23.7378
01/30/2020,25.1700,25.3900,25.0300,25.3900,1878100.0000,23.8128
01/31/2020,25.2500,25.2700,24.8300,24.8900,2078000.0000,23.3439
02/03/2020,24.9400,25.2500,24.8600,25.1000,1885300.0000,23.5408
02/04/2020,25.4900,25.8100,25.3700,25.6900,1826600.0000,24.0942
02/05/2020,25.9200,26.8900,25.9200,26.7500,3893400.0000,25.0883
02/06/2020,26.9500,27.0000,26.5200,26.6900,1966700.0000,25.0321
02/07/2020,26.5000,26.5000,26.0000,26.0600,3194500.0000,24.4412
02/10/2020,25.9900,26.1600,25.7500,26.0200,1430000.0000,24.4037
02/11/2020,26.2100,26.7300,26.1600,26.3200,2632300.0000,24.6850
02/12/2020,26.6000,26.7600,26.0400,26.0600,1705100.0000,24.4412
02/13/2020,25.9900,26.1700,25.9100,26.0300,904900.0000,24.4131
02/14/2020,26.0700,26.1200,25.5400,25.6300,1810800.0000,24.0379
02/18/2020,25.5500,25.9200,25.5500,25.8600,1348800.0000,24.2536
02/19/2020,25.9900,26.2700,25.9900,26.1600,1492500.0000,24.5350
02/20/2020,26.0400,26.2400,25.7200,25.7900,1147300.0000,24.1880
02/21/2020,25.7800,25.7800,25.3700,25.6500,1225300.0000,24.0567
02/24/2020,25.1200,25.1400,24.7500,24.8800,1953200.0000,23.3345
02/25/2020,24.8800,24.9600,23.9000,23.9800,3668500.0000,22.4904
02/26/2020,24.0500,24.1900,23.5600,23.5800,1785700.0000,22.1153
02/27/2020,23.1400,23.3800,22.4900,22.5600,3055000.0000,21.1586
02/28/2020,21.5400,22.5000,21.3500,22.1300,4582200.0000,20.7553
03/02/2020,22.4300,22.7300,21.8700,22.7100,2888000.0000,21.2993
03/03/2020,22.8800,23.3700,21.9200,22.4000,3792800.0000,21.0085
03/04/2020,22.8300,22.9700,22.2800,22.9400,2486300.0000,21.5150
03/05/2020,22.5400,22.6700,21.8400,22.0800,2526000.0000,20.7084
03/06/2020,21.4700,21.7700,20.9200,21.3200,2883500.0000,19.9956
03/09/2020,19.5600,20.1800,18.5300,18.5600,4543900.0000,17.4071
03/10/2020,19.3400,19.5400,18.1600,19.2900,3032900.0000,18.0917
03/11/2020,18.6700,18.8400,17.4700,17.8200,4031900.0000,16.7131
03/12/2020,16.1300,16.9900,15.5000,15.7800,2339600.0000,14.7998
03/13/2020,16.7600,16.8700,15.7700,16.8100,2456800.0000,15.7658
03/16/2020,14.6900,16.1400,14.2400,15.6000,2377000.0000,14.6310
03/17/2020,15.8700,17.4400,15.6500,17.1100,2768800.0000,16.0472
03/18/2020,16.1500,16.4000,14.1500,14.5700,2452200.0000,13.6649
03/19/2020,14.4100,15.9800,13.8600,15.2200,3290200.0000,14.2746
03/20/2020,15.7000,15.7000,14.3000,14.5400,3886900.0000,13.6368
03/23/2020,14.6000,14.9800,14.0400,14.3100,4637300.0000,13.4963
03/24/2020,15.4500,16.1800,15.2700,16.1300,3684000.0000,15.2128
03/25/2020,16.3400,16.9400,15.5100,16.2400,2799100.0000,15.3165
03/26/2020,16.4700,16.9200,16.0100,16.5400,2306100.0000,15.5995
03/27/2020,16.0600,16.1800,15.5800,15.6700,1632600.0000,14.7789
03/30/2020,15.8500,16.0100,15.4100,15.9100,1577600.0000,15.0053
03/31/2020,15.9400,16.7700,15.7600,16.1300,2262100.0000,15.2128
04/01/2020,15.6500,16.3500,15.4600,15.8100,1886700.0000,14.9110
04/02/2020,15.9400,16.7200,15.6800,16.1200,2354700.0000,15.2033
04/03/2020,16.1400,16.3900,15.5000,15.6900,1388000.0000,14.7978
04/06/2020,16.3600,17.0500,16.3600,16.8600,2348500.0000,15.9013
04/07/2020,17.6000,17.7900,16.7700,16.8900,2974100.0000,15.9296
04/08/2020,17.1500,17.6000,16.9600,17.4000,1516500.0000,16.4106
04/09/2020,17.9500,18.8000,17.9500,18.5800,3207800.0000,17.5235
04/13/2020,18.7400,18.7700,18.1000,18.5500,2576600.0000,17.4952
04/14/2020,18.9600,19.4900,18.4700,18.7500,3238300.0000,17.6838
04/15/2020,18.0000,18.0000,17.2200,17.6600,2716900.0000,16.6558
04/16/2020,17.7800,17.8100,17.1500,17.6100,1676800.0000,16.6086
04/17/2020,17.8500,18.3300,17.7300,17.9500,1920000.0000,16.9293
04/20/2020,17.6000,18.1800,17.4000,17.8400,2735300.0000,16.8255
04/21/2020,17.2500,17.6300,17.0300,17.4500,2696100.0000,16.4577
04/22/2020,17.9900,18.1400,17.7800,17.8500,2672000.0000,16.8350
04/23/2020,18.1000,18.8600,17.9500,17.9900,3589800.0000,16.9670
04/24/2020,18.2500,18.4900,17.7200,17.9900,2328600.0000,16.9670
04/27/2020,18.0900,18.7600,17.7600,18.5600,1931300.0000,17.5046
04/28/2020,18.9100,19.1900,18.3900,18.9400,2591600.0000,17.8630
04/29/2020,19.2800,20.4000,19.2800,20.2300,3952600.0000,19.0796
04/30/2020,19.9900,19.9900,19.2600,19.3300,3214600.0000,18.2308
05/01/2020,18.8100,19.2100,18.6800,18.9000,1996000.0000,17.8253
05/04/2020,18.7700,19.4200,18.5900,19.2600,1981500.0000,18.1648
05/05/2020,19.5600,19.8700,19.0700,19.1600,2424500.0000,18.0705
05/06/2020,19.2600,19.4200,18.6800,18.7400,2184400.0000,17.6744
05/07/2020,19.0200,19.4100,18.9300,19.0900,2142000.0000,18.0045
05/08/2020,19.4700,20.2600,19.4700,20.2400,2364300.0000,19.0891
05/11/2020,19.9500,19.9700,19.2400,19.6600,2861100.0000,18.5420
05/12/2020,19.8100,19.8500,18.7600,18.7700,2653100.0000,17.7027
05/13/2020,18.8000,18.8000,17.7600,18.1100,3953000.0000,17.0802
05/14/2020,17.7800,18.4300,17.5000,18.4100,3110300.0000,17.3631
05/15/2020,18.6300,19.0700,18.3800,18.9600,2869600.0000,17.8819
05/18/2020,19.7500,20.3300,19.7500,20.1700,3499400.0000,19.0230
05/19/2020,20.2000,20.7700,20.1000,20.3000,4427000.0000,19.1457
05/20/2020,20.5200,20.9400,20.5200,20.6600,3355400.0000,19.4852
05/21/2020,20.6500,20.6500,20.1400,20.3600,3861300.0000,19.2022
05/22/2020,20.3100,20.4300,19.9300,20.1700,2715600.0000,19.0230
05/26/2020,20.6400,20.8300,20.3800,20.5300,2588200.0000,19.3626
05/27/2020,20.7400,21.3300,20.4100,21.3000,3355800.0000,20.0888
05/28/2020,21.6200,21.7100,20.8100,20.9600,2799700.0000,19.7681
05/29/2020,21.0200,21.0500,20.6500,20.8400,2005900.0000,19.6550
06/01/2020,21.0100,21.4900,20.9300,21.3400,1952800.0000,20.1265
06/02/2020,21.5000,21.6600,21.2000,21.2400,2086900.0000,20.0322
06/03/2020,21.3000,21.9300,21.3000,21.7000,2279600.0000,20.4660
06/04/2020,21.6700,22.1700,21.4800,22.1300,2453800.0000,20.8716
06/05/2020,22.6800,23.1000,22.6700,22.9900,4037500.0000,21.6827
06/08/2020,23.4500,23.8700,23.2700,23.8200,3235400.0000,22.4655
06/09/2020,23.5200,23.5400,23.1200,23.4100,2539900.0000,22.0788
06/10/2020,23.5300,23.5400,22.6300,23.1900,3640300.0000,21.8713
06/11/2020,22.1300,22.2900,20.5200,20.6400,4512900.0000,19.4663
06/12/2020,21.5500,21.7500,20.8200,21.3200,3049000.0000,20.1077
06/15/2020,20.5600,21.7400,20.2300,21.5800,3976200.0000,20.3529
06/16/2020,22.5300,22.6300,21.7600,22.1400,3576100.0000,20.8810
06/17/2020,22.0900,22.1600,21.4900,21.5900,2535000.0000,20.3623
06/18/2020,21.2300,21.5200,21.0000,21.0700,2501700.0000,19.8719
06/19/2020,21.4400,21.4700,20.7700,20.9500,2079200.0000,19.7587
06/22/2020,21.0200,21.3000,20.8400,21.2100,2724300.0000,20.0941
06/23/2020,21.6000,21.7700,21.2600,21.3200,1844500.0000,20.1983
06/24/2020,21.0400,21.0600,20.2700,20.4500,2199600.0000,19.3741
06/25/2020,20.3600,20.8800,20.1000,20.8500,2168200.0000,19.7530
06/26/2020,20.6900,20.6900,20.0300,20.1800,2168900.0000,19.1183
06/29/2020,20.4800,20.9700,20.4400,20.8700,1440500.0000,19.7720
06/30/2020,20.8300,21.2900,20.6800,21.1900,1954700.0000,20.0751
07/01/2020,21.2600,21.2600,20.3800,20.7300,2178200.0000,19.6393
07/02/2020,21.1100,21.5000,20.7100,20.7700,1953500.0000,19.6772
07/06/2020,21.3800,21.4300,20.8000,21.2300,2220100.0000,20.1130
07/07/2020,21.0200,21.2700,20.8700,20.9500,2182400.0000,19.8477
07/08/2020,21.1100,21.2300,20.5200,20.8700,2011200.0000,19.7720
07/09/2020,20.9700,21.0200,20.2100,20.5500,2082700.0000,19.4688
07/10/2020,20.5200,21.3800,20.5200,21.3700,2049400.0000,20.2456
07/13/2020,21.7100,21.9500,21.1500,21.1900,2719100.0000,20.0751
07/14/2020,21.0700,22.0500,20.9900,22.0400,2691700.0000,20.8804
07/15/2020,22.5000,22.6900,21.9800,22.5900,2876500.0000,21.4015
07/16/2020,22.4900,22.6700,22.2100,22.3900,1938200.0000,21.2120
07/17/2020,22.4700,22.7600,22.3300,22.4100,1705200.0000,21.2309
07/20/2020,22.3600,22.5100,22.2600,22.4000,935400.0000,21.2215
07/21/2020,22.7200,23.1200,22.7200,22.9400,2566000.0000,21.7330
07/22/2020,22.9100,23.2800,22.7700,23.2400,1691800.0000,22.0173
07/23/2020,23.2000,23.3700,22.7600,23.0400,2345000.0000,21.8278
07/24/2020,22.9500,23.1600,22.7300,23.0200,1680600.0000,21.8088
07/27/2020,23.3000,23.7000,23.2000,23.6900,2321900.0000,22.4436
07/28/2020,23.4700,23.6100,23.2000,23.2200,3172500.0000,21.9983
07/29/2020,23.3600,23.7900,23.1900,23.6000,2946600.0000,22.3583
07/30/2020,23.0900,23.1600,22.6600,23.1200,2095100.0000,21.9036
07/31/2020,23.1200,23.1200,22.4500,22.9100,4370600.0000,21.7046
08/03/2020,23.0500,23.4000,22.7500,23.3500,2078000.0000,22.1215
08/04/2020,23.2800,23.8100,23.0000,23.7500,1559800.0000,22.5004
08/05/2020,24.1600,24.8700,24.1600,24.5200,2284800.0000,23.2299
08/06/2020,24.6900,24.6900,24.2600,24.5500,2321300.0000,23.2583
08/07/2020,24.3000,24.3900,23.7000,24.3900,2205000.0000,23.1068
08/10/2020,24.5900,25.5600,24.5700,25.3200,3662100.0000,23.9878
08/11/2020,25.2700,25.5000,24.7000,24.7900,3992900.0000,23.4857
08/12/2020,25.2400,25.2900,24.6700,24.7700,1391200.0000,23.4668
08/13/2020,24.6700,24.8000,24.3900,24.6700,1649600.0000,23.3720
08/14/2020,24.6000,24.9000,24.3700,24.7800,1273900.0000,23.4762
08/17/2020,25.1700,25.3600,24.9900,25.1800,1349400.0000,23.8552
08/18/2020,25.4700,25.5200,24.9600,25.0600,1191100.0000,23.7415
08/19/2020,25.0400,25.3100,24.6900,24.7200,2169600.0000,23.4194
08/20/2020,24.4400,24.9600,24.2800,24.7700,1798500.0000,23.4668
08/21/2020,24.5000,24.6000,23.9800,24.1600,3017800.0000,22.8889
08/24/2020,24.3400,24.6100,24.2000,24.6000,2394500.0000,23.3057
08/25/2020,24.5900,24.7900,24.1000,24.5500,2593200.0000,23.2583
08/26/2020,24.5400,24.8100,24.4200,24.6200,2409000.0000,23.3247
08/27/2020,24.8900,24.8900,24.2300,24.5700,2807200.0000,23.2773
08/28/2020,24.7900,25.1300,24.7700,25.0600,1737000.0000,23.7415
08/31/2020,25.2500,25.2600,24.7900,24.8100,1329400.0000,23.5047
09/01/2020,24.9700,25.0900,24.5600,25.0500,1539600.0000,23.7320
09/02/2020,25.0400,25.1500,24.5400,25.1000,1502700.0000,23.7794
09/03/2020,24.8600,25.3000,24.2800,24.6200,2602700.0000,23.3247
09/04/2020,24.8800,25.1100,24.1800,24.8300,2482300.0000,23.5236
09/08/2020,24.4400,24.6700,23.9300,24.1300,2521400.0000,22.8604
09/09/2020,24.4300,24.6100,23.9800,24.3200,1846600.0000,23.0404
09/10/2020,24.5300,24.5800,23.8900,23.9200,1473000.0000,22.6615
09/11/2020,24.0700,24.3400,23.8800,23.9600,1304900.0000,22.6994
09/14/2020,24.2600,24.8100,24.2000,24.7500,1292700.0000,23.4478
09/15/2020,25.0000,25.1000,24.6200,24.8600,2189100.0000,23.5520
09/16/2020,25.1100,25.4300,24.7400,25.1200,1438200.0000,23.7984
09/17/2020,24.7500,25.7000,24.4600,25.5100,1478700.0000,24.1678
09/18/2020,25.6400,26.3200,25.5800,25.6200,3221900.0000,24.2720
09/21/2020,24.9000,24.9000,23.4900,23.7100,3424200.0000,22.5276
09/22/2020,23.7800,23.9400,23.3500,23.6200,1818600.0000,22.4421
09/23/2020,23.4800,23.9000,22.7400,22.7800,2724400.0000,21.6440
09/24/2020,22.6100,23.4200,22.3600,22.9500,2647700.0000,21.8055
09/25/2020,22.7400,23.1600,22.5200,23.0300,1197800.0000,21.8815
09/28/2020,23.5500,24.1000,23.3800,23.8000,2660400.0000,22.6131
09/29/2020,23.8400,23.9500,23.1000,23.3300,1705100.0000,22.1666
09/30/2020,23.3500,23.7600,23.0900,23.2400,1259600.0000,22.0810
10/01/2020,23.3300,23.6100,23.1000,23.5000,2152700.0000,22.3281
10/02/2020,23.0400,24.1200,22.9500,24.0100,2091200.0000,22.8126
10/05/2020,24.2000,24.7700,24.2000,24.6200,1768700.0000,23.3922
10/06/2020,24.7700,24.9900,23.9600,23.9700,2506700.0000,22.7746
10/07/2020,24.3700,24.8900,24.3600,24.7700,1485500.0000,23.5347
10/08/2020,25.0000,25.2800,24.9100,25.2300,1242500.0000,23.9718
10/09/2020,25.6300,25.7200,24.9500,25.3600,1538800.0000,24.0953
10/12/2020,25.3600,25.5000,25.1600,25.2600,940700.0000,24.0003
10/13/2020,25.0400,25.0400,24.6600,24.9000,1240000.0000,23.6583
10/14/2020,25.0600,25.3700,25.0500,25.2000,1823300.0000,23.9433
10/15/2020,24.5700,25.2400,24.5000,25.2400,1647300.0000,23.9813
10/16/2020,25.1900,25.4600,24.9700,25.2100,1846500.0000,23.9528
10/19/2020,25.4100,25.9400,24.9600,25.0300,2692400.0000,23.7818
10/20/2020,25.1000,25.6100,24.9500,25.0200,1296900.0000,23.7723
10/21/2020,25.1700,25.5700,24.9900,24.9900,1913300.0000,23.7438
10/22/2020,24.9300,25.4400,24.6500,25.4200,1944600.0000,24.1523
10/23/2020,25.6000,25.9100,25.4900,25.6000,1958900.0000,24.3233
10/26/2020,25.3300,25.3300,24.7500,24.8900,1483900.0000,23.6488
10/27/2020,24.9500,25.0800,24.6500,24.9100,1314700.0000,23.6678
10/28/2020,24.2400,24.2800,23.6600,23.7200,2531500.0000,22.5371
10/29/2020,23.5100,24.5900,23.3200,24.4000,4276500.0000,23.1832
10/30/2020,24.2500,24.5700,23.9000,24.4300,3341100.0000,23.2117
11/02/2020,24.7900,25.1100,24.4000,25.1000,2080000.0000,23.8483
11/03/2020,25.5300,25.7400,25.3100,25.6200,2434400.0000,24.3423
11/04/2020,25.2600,25.4600,24.1500,24.3200,3413400.0000,23.1072
11/05/2020,24.6500,25.9300,24.6500,25.6000,3271700.0000,24.3233
11/06/2020,25.7400,26.2000,25.7100,25.8500,2266200.0000,24.5609
11/09/2020,27.0300,28.0000,26.4700,26.9200,3660200.0000,25.5775
11/10/2020,26.9300,27.4000,26.9100,27.2200,2753000.0000,25.8626
11/11/2020,27.1600,27.2200,26.7100,26.9400,2288900.0000,25.5965
11/12/2020,26.8100,27.0400,26.2800,26.4900,1432600.0000,25.1690
11/13/2020,26.7500,27.8500,26.7500,27.7400,3028800.0000,26.3566
11/16/2020,28.2700,29.0100,28.1900,29.0000,3496900.0000,27.5538
11/17/2020,28.6700,29.0600,28.2700,28.8800,1696900.0000,27.4398
11/18/2020,29.0000,29.2200,28.2200,28.2400,1957500.0000,26.8317
11/19/2020,28.1300,28.4000,27.7400,28.2600,1324100.0000,26.8507
11/20/2020,28.2600,28.5900,28.0800,28.2600,1458800.0000,26.8507
11/23/2020,28.5100,29.1300,28.5100,29.0700,3562500.0000,27.6203
11/24/2020,29.4100,30.4100,29.4000,30.2700,3546700.0000,28.7605
11/25/2020,30.2400,30.2700,29.6200,30.1200,1704500.0000,28.6179
11/27/2020,30.2600,30.4100,29.9300,30.1700,1149900.0000,28.6654
11/30/2020,30.0100,30.0100,29.2300,29.3200,2375900.0000,27.8578
12/01/2020,30.1500,30.9100,30.1400,30.6700,2270200.0000,29.1405
12/02/2020,30.7100,31.3400,30.3800,31.2200,1936800.0000,29.6631
12/03/2020,31.3500,31.5000,30.8800,31.1100,1860400.0000,29.5586
12/04/2020,31.4800,32.7100,31.3800,32.5900,3227200.0000,30.9648
12/07/2020,32.5000,32.9300,32.2600,32.5600,2489300.0000,30.9363
12/08/2020,32.4400,33.3300,32.2800,33.2300,3110600.0000,31.5728
12/09/2020,33.6100,33.7000,32.1400,32.6000,4336200.0000,30.9743
12/10/2020,32.5300,33.5800,32.3300,33.5200,2529100.0000,31.8484
12/11/2020,33.2200,33.3900,32.3100,32.8400,2415400.0000,31.2023
12/14/2020,33.1800,33.3900,32.1900,32.2200,1831600.0000,30.6132
12/15/2020,32.5900,33.2800,32.2900,33.2500,1799000.0000,31.5919
12/16/2020,33.4500,33.4700,32.8400,33.2800,1718800.0000,31.6203
12/17/2020,33.5800,33.7900,33.3500,33.6400,2713800.0000,31.9624
12/18/2020,33.5900,33.5900,32.3500,32.4200,3984500.0000,30.8032
12/21/2020,31.7400,32.6800,31.7100,32.6600,2131800.0000,31.1100
12/22/2020,32.7300,32.8400,31.8800,32.1000,2367800.0000,30.5765
12/23/2020,32.4000,32.8800,32.3800,32.6000,1780200.0000,31.0528
12/24/2020,32.7100,32.8400,32.2700,32.6000,975800.0000,31.0528
12/28/2020,32.9500,33.2100,32.3600,32.4000,1525700.0000,30.8623
12/29/2020,32.5100,32.6800,31.9200,32.2800,2573700.0000,30.7480
12/30/2020,32.3400,33.4700,32.3300,33.4000,2934300.0000,31.8148
12/31/2020,33.4100,33.6400,32.8900,33.4400,2703000.0000,31.8529
01/04/2021,34.3400,34.8300,33.3500,33.6500,5568500.0000,32.0530
01/05/2021,33.7800,35.3500,33.7500,35.1000,4566300.0000,33.4342
01/06/2021,35.7200,37.6900,35.7100,37.2800,7869100.0000,35.5107
01/07/2021,37.6900,37.9900,36.7200,37.0000,4138800.0000,35.2440
01/08/2021,36.9500,36.9600,35.6100,36.3600,4078400.0000,34.6344
01/11/2021,35.5000,36.6300,35.1700,36.1500,4457700.0000,34.4343
01/12/2021,36.2600,37.0700,35.9400,37.0000,3403200.0000,35.2440
01/13/2021,36.9600,36.9600,35.8600,36.0400,2553200.0000,34.3295
01/14/2021,36.4600,37.0300,36.2500,36.5200,3130400.0000,34.7868
01/15/2021,35.9400,35.9700,34.8500,35.2900,4603000.0000,33.6151
01/19/2021,35.9300,36.1000,35.5000,35.7100,3644600.0000,34.0152
01/20/2021,36.0800,36.3500,35.2900,35.5700,3087300.0000,33.8819
01/21/2021,35.5000,35.5600,34.2400,34.5000,4799500.0000,32.8626
01/22/2021,33.8800,34.5800,33.5400,34.5000,3466800.0000,32.8626
01/25/2021,34.5800,34.5800,33.3300,33.9700,3495500.0000,32.3578
01/26/2021,34.3200,34.3800,33.1500,33.1600,2392500.0000,31.5862
01/27/2021,32.3800,33.0800,31.1900,32.3900,5822500.0000,30.8528
01/28/2021,33.1800,33.7200,32.7700,33.1700,3596900.0000,31.5957
01/29/2021,33.6500,33.9100,32.2300,32.3500,3766000.0000,30.8147
02/01/2021,33.8900,34.3200,32.7400,33.7600,4861000.0000,32.1577
02/02/2021,33.6700,33.7600,33.0500,33.3500,3064400.0000,31.7672
02/03/2021,33.4700,33.5900,33.0700,33.3400,1984100.0000,31.7577
02/04/2021,33.2700,33.8200,32.9600,33.7800,1653300.0000,32.1768
02/05/2021,34.2000,34.8500,34.1000,34.5300,2809000.0000,32.8912
02/08/2021,35.1400,35.9400,35.1100,35.9000,5287300.0000,34.1962
02/09/2021,35.6400,35.6500,34.8000,35.2700,4564800.0000,33.5961
02/10/2021,35.6300,35.8000,34.7400,35.1400,3565200.0000,33.4723
02/11/2021,35.2200,35.5900,34.5400,35.2100,3576000.0000,33.5389
02/12/2021,35.0000,35.7600,34.6300,35.5900,2511900.0000,33.9009
02/16/2021,36.0400,36.3900,35.8300,36.1700,4995000.0000,34.4534
02/17/2021,36.1300,36.3400,35.5300,35.8600,2350400.0000,34.1581
02/18/2021,35.7500,36.0700,34.9100,35.1300,2413800.0000,33.4627
02/19/2021,35.3800,36.7500,35.3600,36.5900,5550900.0000,34.8534
02/22/2021,36.5900,38.8200,36.5800,38.3500,8889300.0000,36.5299
02/23/2021,38.0800,38.4600,36.6200,38.3700,6587700.0000,36.5490
02/24/2021,38.3000,39.8700,38.2700,39.7500,6477200.0000,37.8635
02/25/2021,39.6500,39.7300,37.2300,37.4000,6639000.0000,35.6250
02/26/2021,37.1100,37.2000,35.5300,35.8600,5907100.0000,34.1581
03/01/2021,36.9500,37.7100,36.7400,37.5700,6781800.0000,35.7869
03/02/2021,37.7200,38.3200,37.6000,37.8500,6087700.0000,36.0536
03/03/2021,37.9100,39.1100,37.6300,38.5000,5933300.0000,36.6728
03/04/2021,38.1000,38.4300,35.7900,36.7300,5794400.0000,34.9868
03/05/2021,37.3300,38.1200,36.0000,38.0200,4863500.0000,36.2156
03/08/2021,38.1700,39.2300,37.8900,39.0500,7061800.0000,37.1967
03/09/2021,39.0500,39.8000,38.3100,39.5200,6808000.0000,37.6444
03/10/2021,39.7700,40.8000,39.4200,40.6500,8894700.0000,38.7208
03/11/2021,41.0600,41.7500,40.9800,41.5600,6667700.0000,39.5876
03/12/2021,41.2900,41.9200,40.8400,41.4900,5382300.0000,39.5209
03/15/2021,41.5500,41.6100,40.4300,41.0200,5136800.0000,39.0732
03/16/2021,40.9700,41.0000,39.7800,39.8600,3269300.0000,37.9682
03/17/2021,39.6700,41.1500,39.6600,40.9400,5241200.0000,38.9970
03/18/2021,40.7700,41.9800,39.8800,40.0000,6963400.0000,38.1016
03/19/2021,40.0300,40.1400,38.5800,39.8000,8119900.0000,37.9111
03/22/2021,39.8000,39.8300,38.7600,38.8100,4203200.0000,37.0397
03/23/2021,38.2100,38.2500,36.5300,36.7000,9031300.0000,35.0260
03/24/2021,37.4800,38.2600,36.6700,36.6800,5723600.0000,35.0069
03/25/2021,36.2100,37.6400,35.7100,37.4800,6913300.0000,35.7704
03/26/2021,38.2200,39.9000,37.9600,39.8600,8568800.0000,38.0418
03/29/2021,39.5500,40.3100,38.7600,38.9000,5115300.0000,37.1256
03/30/2021,38.7700,39.5800,38.4900,39.3100,3146000.0000,37.5169
03/31/2021,39.8800,40.4700,39.5400,39.9200,5437400.0000,38.0991
04/01/2021,40.1200,40.3600,39.4800,40.3600,2582100.0000,38.5190
04/05/2021,40.9400,41.2400,40.5800,40.7500,3136700.0000,38.8912
04/06/2021,40.8400,41.1700,40.2100,40.3600,2060700.0000,38.5190
04/07/2021,40.4100,40.5100,39.8500,40.0200,2285100.0000,38.1945
04/08/2021,40.1900,40.3300,39.1900,39.9400,3003700.0000,38.1182
04/09/2021,39.8300,39.9200,39.2100,39.5000,3728300.0000,37.6983
04/12/2021,39.4500,39.5500,38.8500,39.1900,3007700.0000,37.4024
04/13/2021,39.4100,39.6100,38.6000,39.1700,3550700.0000,37.3833
04/14/2021,39.3800,40.9700,39.3800,40.4600,4910300.0000,38.6145
04/15/2021,40.9000,41.0000,40.2900,40.8500,4356300.0000,38.9867
04/16/2021,41.2300,41.4900,40.6700,41.1100,3187400.0000,39.2348
04/19/2021,41.0400,41.5600,40.1000,40.6100,2915000.0000,38.7576
04/20/2021,40.4700,40.5200,38.9500,39.3700,4407400.0000,37.5742
04/21/2021,39.2200,40.6900,38.8200,40.6300,3102500.0000,38.7767
04/22/2021,40.6400,40.7000,39.6500,39.9600,4398500.0000,38.1373
04/23/2021,40.4600,41.1100,40.2200,40.9400,2177100.0000,39.0726
04/26/2021,41.2200,42.1000,41.1400,41.9900,3280800.0000,40.0747
04/27/2021,41.9600,42.2800,41.5600,41.7600,3050000.0000,39.8552
04/28/2021,41.5500,42.4600,41.3800,42.1200,5150300.0000,40.1988
04/29/2021,42.4400,42.4400,40.6500,41.1400,3807600.0000,39.2635
04/30/2021,40.5600,41.5900,40.3900,40.4600,3693700.0000,38.6145
05/03/2021,41.1500,42.7600,40.9900,42.5000,6880100.0000,40.5614
05/04/2021,42.4800,43.9100,42.3800,43.7700,9931000.0000,41.7735
05/05/2021,44.1200,44.7200,44.1200,44.4300,4804100.0000,42.4034
05/06/2021,44.7900,45.2000,44.1300,45.2000,5149900.0000,43.1383
05/07/2021,45.2500,45.8700,44.5000,45.7400,6501400.0000,43.6536
05/10/2021,46.7600,47.2800,45.3700,45.4200,10672400.0000,43.3482
05/11/2021,44.1800,46.6400,44.0000,46.4500,8699000.0000,44.3312
05/12/2021,46.1300,46.6700,43.9800,44.2500,6606000.0000,42.2316
05/13/2021,44.2000,45.5700,43.7600,44.4700,9260800.0000,42.4416
05/14/2021,44.6700,45.1300,44.3400,45.0900,7192900.0000,43.0333
05/17/2021,45.1400,47.1900,44.8500,47.1800,6036900.0000,45.0279
05/18/2021,47.1700,47.4400,46.2900,46.3100,4762200.0000,44.1976
05/19/2021,45.0000,45.3600,44.2500,44.8800,6255100.0000,42.8329
05/20/2021,44.9400,44.9900,44.0900,44.7200,5832300.0000,42.6802
05/21/2021,45.1700,45.7000,44.2800,44.5600,4090200.0000,42.5275
05/24/2021,44.8700,45.5600,44.2900,45.3500,4446400.0000,43.2814
05/25/2021,45.4300,45.4700,44.2100,44.2800,5004000.0000,42.2602
05/26/2021,44.4800,45.2200,44.4000,45.0400,3652000.0000,42.9856
05/27/2021,45.6500,47.0900,45.6400,46.7300,9930700.0000,44.5985
05/28/2021,46.6300,46.6500,45.8600,46.4800,4514700.0000,44.3599
06/01/2021,47.2500,47.8500,47.0500,47.7600,6610100.0000,45.5815
06/02/2021,47.8100,47.8300,46.6500,47.0600,4825200.0000,44.9134
06/03/2021,46.3900,46.7400,45.3400,46.4600,4571600.0000,44.3408
06/04/2021,46.8900,47.0100,46.2000,46.6700,3175900.0000,44.5412
06/07/2021,46.5100,46.6000,45.8800,46.2500,3240100.0000,44.1404
06/08/2021,46.3700,47.3600,45.7300,47.1200,3708400.0000,44.9707
06/09/2021,47.1300,47.4700,46.7900,46.9900,3873200.0000,44.8466
06/10/2021,47.3900,47.7900,46.6300,46.8200,2628700.0000,44.6844
06/11/2021,47.2800,47.7800,46.8400,47.0900,3742100.0000,44.9421
06/14/2021,46.7100,46.8200,45.7100,45.8800,2973800.0000,43.7873
06/15/2021,45.8200,45.8200,44.4400,45.6500,6689500.0000,43.5677
06/16/2021,45.2900,45.5300,44.5200,45.0000,5472000.0000,42.9474
06/17/2021,44.4700,44.5300,41.5900,42.5100,14785600.0000,40.5710
06/18/2021,41.9600,42.6300,41.1700,41.3100,13103000.0000,39.4257
06/21/2021,41.7000,42.2700,41.5900,42.0800,8715300.0000,40.2444
06/22/2021,42.1500,42.6500,41.6000,42.3400,4770700.0000,40.4930
06/23/2021,42.9600,43.6700,42.6800,42.7600,4418600.0000,40.8947
06/24/2021,43.2200,44.1300,42.9000,44.0000,7020800.0000,42.0806
06/25/2021,44.3600,44.4200,42.9700,43.0200,8449300.0000,41.1434
06/28/2021,43.1800,43.2200,41.9700,42.2600,3845600.0000,40.4165
06/29/2021,42.2900,43.0500,42.2900,42.3200,3043500.0000,40.4739
06/30/2021,42.2300,43.0800,42.1900,43.0600,4109400.0000,41.1816
07/01/2021,43.5000,43.7600,42.8900,43.2800,2893800.0000,41.3920
07/02/2021,43.6200,43.6300,42.9700,43.4200,1738800.0000,41.5259
07/06/2021,43.5800,43.6000,41.6800,42.0700,4083700.0000,40.2348
07/07/2021,42.2000,43.0800,41.7400,42.8200,4236400.0000,40.9521
07/08/2021,41.6200,42.4100,41.0500,41.9200,3013600.0000,40.0913
07/09/2021,42.5300,43.8500,42.5100,43.6500,4355300.0000,41.7459
07/12/2021,43.1700,44.0900,42.8400,43.6700,3151600.0000,41.7650
07/13/2021,43.3300,43.4700,42.5200,42.6700,2573000.0000,40.8086
07/14/2021,43.2400,43.8000,42.3200,42.4700,2672100.0000,40.6173
07/15/2021,42.1400,43.0800,41.8700,42.3700,3918600.0000,40.5217
07/16/2021,42.5800,42.6300,40.6000,40.7600,4732000.0000,38.9819
07/19/2021,39.6000,39.9300,38.6500,39.4100,14419900.0000,37.6908
07/20/2021,39.4100,40.9100,38.9500,40.6400,3838200.0000,38.8672
07/21/2021,41.1400,42.4400,41.1400,42.1500,3587900.0000,40.3113
07/22/2021,41.9100,42.1400,41.0400,41.8000,5573200.0000,39.9766
07/23/2021,42.0300,42.0800,41.2800,42.0300,3024600.0000,40.1965
07/26/2021,42.2800,43.3400,42.2100,43.2400,5140100.0000,41.3538
07/27/2021,42.9900,42.9900,42.2200,42.8400,4521200.0000,40.9712
07/28/2021,43.0700,43.6500,42.3900,43.3700,5025800.0000,41.4781
07/29/2021,44.0100,45.8900,43.9500,45.4000,11563100.0000,43.4195
07/30/2021,45.0000,45.7400,44.5900,44.9800,6177000.0000,43.0179
08/02/2021,45.2600,45.7200,43.9800,44.0400,5574000.0000,42.1189
08/03/2021,43.9800,44.8000,43.2500,44.7400,5006100.0000,42.7883
08/04/2021,44.3500,44.5400,42.8400,42.9400,4974100.0000,41.0668
08/05/2021,42.9000,43.3800,42.6100,42.6500,3823900.0000,40.7895
08/06/2021,43.1400,43.8300,42.7000,43.5300,4951900.0000,41.6311
08/09/2021,43.1900,43.8500,42.7600,43.5000,3455700.0000,41.6024
08/10/2021,43.6000,45.5100,43.5500,45.2300,6352800.0000,43.2569
08/11/2021,45.5800,46.3800,45.0800,46.2800,6496900.0000,44.2611
08/12/2021,46.1000,46.1300,44.7500,45.9800,3619100.0000,43.9742
08/13/2021,46.0800,46.2800,45.6500,45.8800,3910200.0000,43.8786
08/16/2021,45.1900,45.3800,43.9500,44.9500,4125400.0000,42.9892
08/17/2021,44.4800,44.5700,43.0000,43.6900,5061000.0000,41.7841
08/18/2021,43.4600,44.3500,43.1600,43.2800,3826000.0000,41.3920
08/19/2021,42.2900,42.4500,41.2900,41.5800,7498600.0000,39.7662
08/20/2021,41.6100,42.1100,41.2500,41.6300,4308300.0000,39.8140
08/23/2021,42.4900,43.5100,42.4900,43.1400,5447600.0000,41.2581
08/24/2021,43.8300,44.4400,43.7700,44.0200,3851600.0000,42.0997
08/25/2021,44.0400,44.3200,43.4600,43.6600,2399200.0000,41.7554
08/26/2021,43.5000,43.9700,42.8100,42.8900,2607700.0000,41.0190
08/27/2021,43.1400,45.1100,43.1400,44.8200,4270400.0000,42.8648
08/30/2021,45.2600,45.3600,44.3600,44.5200,3057600.0000,42.5779
08/31/2021,44.4600,44.5800,43.6300,44.2900,3422200.0000,42.3580
09/01/2021,44.1700,44.6100,42.8900,44.4100,7320700.0000,42.4727
09/02/2021,44.7100,45.3700,44.6200,44.8700,4860100.0000,42.9126
09/03/2021,45.1900,45.4400,44.7000,44.9700,2818800.0000,43.0083
09/07/2021,44.9000,45.6600,44.8500,45.0400,3609100.0000,43.0752
09/08/2021,44.8500,44.9900,43.7300,44.0000,3637700.0000,42.0806
09/09/2021,44.0000,44.7100,43.9300,44.2800,2716300.0000,42.3484
09/10/2021,44.8100,45.6000,44.6700,44.7000,4676000.0000,42.7501
09/13/2021,45.2500,45.4400,44.2500,44.6100,3228400.0000,42.6640
09/14/2021,44.6700,44.6700,43.5000,43.7400,3518500.0000,41.8320
09/15/2021,44.0800,45.4600,44.0300,45.1800,4485700.0000,43.2091
09/16/2021,44.6100,44.6100,43.0800,43.4400,3931800.0000,41.5450
09/17/2021,43.2700,43.2800,41.9700,42.3400,5799500.0000,40.4930
09/20/2021,40.4500,41.0400,39.8800,40.7200,7217800.0000,39.0054
09/21/2021,41.2400,41.3200,39.7000,40.3200,5020100.0000,38.6223
09/22/2021,41.1300,41.9100,41.0800,41.1300,7808600.0000,39.3982
09/23/2021,41.3900,41.9500,41.1200,41.6200,2829400.0000,39.8675
09/24/2021,41.2600,41.9000,41.0500,41.3600,3043700.0000,39.6185
09/27/2021,41.6300,42.9600,41.6200,42.8000,3836500.0000,40.9978
09/28/2021,42.5400,42.9600,41.8000,42.5800,7087300.0000,40.7871
09/29/2021,42.8900,43.1400,41.2400,41.6600,4069300.0000,39.9058
09/30/2021,41.9000,42.5900,41.5800,41.7400,4981900.0000,39.9825
10/01/2021,41.9300,42.7200,41.3000,42.4200,5349200.0000,40.6338
10/04/2021,42.6500,43.3400,42.4200,42.5800,4523700.0000,40.7871
10/05/2021,42.7400,43.2100,42.0200,42.8700,3473800.0000,41.0649
10/06/2021,42.0500,42.4700,40.9000,42.0300,4880300.0000,40.2603
10/07/2021,42.5100,43.3800,42.3000,42.8500,3681000.0000,41.0457
10/08/2021,43.1600,43.4200,42.3500,42.4500,3953500.0000,40.6626
10/11/2021,43.2200,44.2400,43.1200,43.1400,4909300.0000,41.3235
10/12/2021,43.2000,43.7100,42.7900,43.2500,2447600.0000,41.4289
10/13/2021,43.4500,43.9300,42.8000,43.8800,6659300.0000,42.0323
10/14/2021,44.4900,45.0000,44.0100,44.1400,4934100.0000,42.2814
10/15/2021,44.8800,45.5000,44.5900,44.7700,5994600.0000,42.8849
10/18/2021,44.2000,45.2900,43.9300,45.2600,5044200.0000,43.3542
10/19/2021,45.3900,45.4500,44.0900,44.3800,4251800.0000,42.5113
10/20/2021,44.2500,45.0400,43.6500,44.7200,2748700.0000,42.8370
10/21/2021,44.0300,44.1500,43.3000,43.9600,3585100.0000,42.1090
10/22/2021,44.3300,45.2100,43.9200,44.5000,3116400.0000,42.6263
10/25/2021,45.0000,46.0000,44.8800,45.7000,3377900.0000,43.7757
10/26/2021,45.4900,46.0000,44.7700,45.1300,2648600.0000,43.2297
10/27/2021,44.4900,44.8600,43.3700,43.5600,2923600.0000,41.7258
10/28/2021,43.8000,44.2900,43.4900,43.9500,2383200.0000,42.0994
10/29/2021,44.0900,44.2900,43.4600,43.6200,3095600.0000,41.7833
11/01/2021,43.9400,44.6300,43.3000,44.2300,2418600.0000,42.3676
11/02/2021,43.9900,44.0000,43.1100,43.7200,3334400.0000,41.8791
11/03/2021,43.5900,44.8800,43.5100,44.6400,2970800.0000,42.7604
11/04/2021,44.9700,45.2800,44.0000,44.4400,3549500.0000,42.5688
11/05/2021,44.8500,45.5000,44.8000,45.3700,4237500.0000,43.4596
11/08/2021,46.3100,47.1700,46.1400,46.6500,4096600.0000,44.6857
11/09/2021,46.4000,46.6500,45.3700,46.3000,3527500.0000,44.3505
11/10/2021,46.1900,46.8300,44.9600,45.0700,4142200.0000,43.1722
11/11/2021,46.0400,47.1900,45.8900,47.0100,5719900.0000,45.0306
11/12/2021,46.7700,47.6900,46.5700,47.3100,4430900.0000,45.3179
11/15/2021,47.0900,47.1900,45.9300,46.2600,3333200.0000,44.3121
11/16/2021,46.0700,46.2100,45.0400,45.3800,3464600.0000,43.4692
11/17/2021,45.3400,46.0300,44.6600,44.6700,5755800.0000,42.7891
11/18/2021,44.7200,44.8500,43.8300,44.6900,3653500.0000,42.8083
11/19/2021,44.1900,44.5700,43.8600,43.9200,6001900.0000,42.0707
11/22/2021,44.2000,45.6400,43.8300,44.6700,4844300.0000,42.7891
11/23/2021,44.7900,45.6400,44.3800,44.8200,3073700.0000,42.9328
11/24/2021,44.6000,44.9600,44.3000,44.6000,2513100.0000,42.7220
11/26/2021,42.9900,43.1100,41.7700,42.9000,3699200.0000,41.0936
11/29/2021,43.5400,43.5700,42.0900,42.5700,5178500.0000,40.7775
11/30/2021,42.1900,42.7000,40.3100,41.1800,7743000.0000,39.4460
12/01/2021,42.2300,42.7600,40.2700,40.2800,4685900.0000,38.5839
12/02/2021,40.4700,41.4200,40.3200,41.2200,3866800.0000,39.4844
12/03/2021,41.4400,41.6600,40.4400,40.9100,4124900.0000,39.1874
12/06/2021,41.1800,41.8700,40.4200,41.4100,3424900.0000,39.6664
12/07/2021,42.2100,43.1100,42.1700,42.3300,2669400.0000,40.5476
12/08/2021,42.4400,42.9900,42.1300,42.8600,2338200.0000,41.0553
12/09/2021,42.5700,42.6000,41.9500,42.4100,3927300.0000,40.6243
12/10/2021,43.0800,43.1500,41.7400,42.4100,2614600.0000,40.6243
12/13/2021,42.3600,42.5300,41.2600,41.7900,4530100.0000,40.0304
12/14/2021,41.4700,42.7400,41.4200,41.7300,3358400.0000,39.9729
12/15/2021,41.3100,41.7100,39.7900,41.5800,5043800.0000,39.8292
12/16/2021,42.2500,43.2800,42.1500,42.4700,3982700.0000,40.6817
12/17/2021,42.2300,43.3400,41.8100,43.0300,9416800.0000,41.2182
12/20/2021,42.0300,42.1500,41.1800,41.9900,6600900.0000,40.2997
12/21/2021,42.4900,43.8700,42.4900,43.6700,3355300.0000,41.9120
12/22/2021,43.6400,44.3900,43.3900,44.3100,2589000.0000,42.5263
12/23/2021,44.1900,44.6700,44.0000,44.3700,2223100.0000,42.5839
12/27/2021,44.2000,45.3500,43.7500,45.3500,2516400.0000,43.5244
12/28/2021,45.1400,45.4300,44.7300,45.0100,2299800.0000,43.1981
12/29/2021,44.8000,45.3000,44.4800,44.7400,2165800.0000,42.9390
12/30/2021,44.7000,45.3400,44.4500,44.4800,1880100.0000,42.6894
12/31/2021,44.4600,44.9300,44.2700,44.7800,2104000.0000,42.9774
01/03/2022,44.9800,46.3300,44.9800,45.5400,3489700.0000,43.7068
01/04/2022,45.9300,46.6300,45.8700,46.1900,3338200.0000,44.3306
01/05/2022,46.5500,48.2300,46.2100,46.2500,5762600.0000,44.3882
01/06/2022,46.6300,46.8000,44.9900,45.5700,4706900.0000,43.7356
01/07/2022,45.8500,46.4500,45.4100,46.0700,3159800.0000,44.2154
01/10/2022,45.8800,46.2600,45.1600,45.6900,3631900.0000,43.8507
01/11/2022,45.6200,46.5000,44.8600,46.4900,3687000.0000,44.6185
01/12/2022,47.1700,47.7600,46.5900,47.5400,5059200.0000,45.6263
01/13/2022,47.5500,48.1700,46.6000,46.7700,3975200.0000,44.8872
01/14/2022,46.4000,47.0700,46.1200,46.9800,2912900.0000,45.0888
01/18/2022,46.7200,47.2300,45.8000,46.2100,5898200.0000,44.3498
01/19/2022,46.9500,47.2400,45.9200,46.1800,3321900.0000,44.3210
01/20/2022,46.3900,47.0900,44.4200,44.5000,6094800.0000,42.7086
01/21/2022,44.0700,44.0700,42.0600,42.2700,8788800.0000,40.5684
01/24/2022,40.9900,42.8500,40.0500,42.6600,7253000.0000,40.9427
01/25/2022,42.0000,43.1500,41.1800,42.8000,4601900.0000,41.0771
01/26/2022,43.0700,43.6000,41.1300,41.6700,5352300.0000,39.9926
01/27/2022,41.9300,42.7000,40.7500,41.0200,5776300.0000,39.3687
01/28/2022,40.8600,41.3800,40.0000,41.3700,5321300.0000,39.7046
01/31/2022,41.2800,41.8600,40.8500,41.7200,7285900.0000,40.0405
02/01/2022,42.4500,43.6900,42.1900,43.6300,6411400.0000,41.8736
02/02/2022,44.0300,44.5100,43.2500,44.1900,6281600.0000,42.4111
02/03/2022,43.7500,44.8300,43.6100,43.8200,4201400.0000,42.0560
02/04/2022,43.7500,44.7500,43.6600,44.2600,4290700.0000,42.4783
02/07/2022,44.5000,44.9700,43.9800,44.5700,4307600.0000,42.7758
02/08/2022,44.7600,46.3900,44.7600,46.3100,4683300.0000,44.4458
02/09/2022,46.5300,47.5900,46.3300,47.3500,5321400.0000,45.4439
02/10/2022,46.9500,48.9900,46.8000,47.3100,7479800.0000,45.4055
02/11/2022,46.6600,48.5400,46.6000,48.4000,10274500.0000,46.4516
02/14/2022,48.5000,49.0300,47.8600,48.8300,10276800.0000,46.8643
02/15/2022,48.6900,49.8700,48.0400,49.7500,5787800.0000,47.7473
02/16/2022,49.8100,50.7800,49.5500,50.0100,7339600.0000,47.9968
02/17/2022,49.7300,50.3800,49.3800,49.7500,4689100.0000,47.7473
02/18/2022,49.4700,49.9900,48.9500,49.4000,5220100.0000,47.4114
02/22/2022,49.6600,50.3900,48.5100,48.9900,6390200.0000,47.0179
02/23/2022,49.3300,50.6200,49.0400,49.6100,6904100.0000,47.6129
02/24/2022,49.0500,49.2900,47.9400,49.0000,8309100.0000,47.0275
02/25/2022,48.8800,51.7800,48.8200,51.7700,7879100.0000,49.6860
02/28/2022,51.7700,53.1200,51.6000,52.6200,9266700.0000,50.5017
03/01/2022,53.2900,55.2500,52.7200,53.9300,9009800.0000,51.7590
03/02/2022,54.5400,56.3200,54.2400,55.9700,7772400.0000,53.7169
03/03/2022,56.0900,58.1900,55.7800,57.7800,12172500.0000,55.4540
03/04/2022,57.3400,59.2200,56.8900,59.1100,9568700.0000,56.7305
03/07/2022,59.0600,60.3700,56.7100,57.6000,11847400.0000,55.2813
03/08/2022,57.0500,59.0100,56.0700,57.0800,13738900.0000,54.7822
03/09/2022,56.0500,57.5700,55.1400,57.0800,10722200.0000,54.7822
03/10/2022,57.7500,59.7800,57.7200,59.6900,12262400.0000,57.2871
03/11/2022,58.7600,59.4500,57.9100,58.3100,7036500.0000,55.9627
03/14/2022,57.2500,57.2800,54.2700,54.9600,11259800.0000,52.7476
03/15/2022,53.5000,55.9300,53.2000,55.6000,8404800.0000,53.3618
03/16/2022,56.0500,56.7300,54.3900,55.8600,7947400.0000,53.6113
03/17/2022,56.6900,58.5100,56.4700,58.3000,8307200.0000,55.9531
03/18/2022,57.9500,58.6400,57.2000,58.5600,7995600.0000,56.2026
03/21/2022,59.6600,61.4900,59.4700,60.9100,7812200.0000,58.5130
03/22/2022,61.2000,61.6900,59.8900,60.5300,5901200.0000,58.1479
03/23/2022,60.7400,61.9200,60.6400,61.6200,7675700.0000,59.1950
03/24/2022,62.0300,63.4200,61.7600,63.3100,6652400.0000,60.8185
03/25/2022,62.9200,63.7000,62.7700,63.3300,4732200.0000,60.8378
03/28/2022,62.6700,62.8000,60.9600,61.8700,6945100.0000,59.4352
03/29/2022,60.0100,61.0200,58.6300,60.9900,13231200.0000,58.5898
03/30/2022,61.6700,62.6500,60.9500,61.6600,6380800.0000,59.2335
03/31/2022,61.3800,62.5800,61.2900,61.2900,4527400.0000,58.8780
04/01/2022,61.7900,63.0400,61.1200,62.4200,5321300.0000,59.9636
04/04/2022,62.8800,63.0500,61.4700,62.0700,3446000.0000,59.6273
04/05/2022,62.4700,63.7600,60.3400,60.5700,7965600.0000,58.1864
04/06/2022,60.7500,60.9300,59.1600,60.1400,6580000.0000,57.7733
04/07/2022,60.2800,61.7600,59.6500,61.4900,5130300.0000,59.0702
04/08/2022,61.8900,62.5600,60.7100,61.3700,4088500.0000,58.9549
04/11/2022,61.4700,61.9800,60.4000,60.8000,4855400.0000,58.4073
04/12/2022,61.5800,63.6000,61.5800,62.3300,5038200.0000,59.8771
04/13/2022,63.0500,65.2600,62.3100,65.1600,8274000.0000,62.5957
04/14/2022,65.0200,66.1800,64.9000,65.8500,7725900.0000,63.2586
04/18/2022,66.3700,66.6300,65.3600,65.5600,6186700.0000,62.9800
04/19/2022,64.9200,65.7900,64.2400,65.6400,5879800.0000,63.0569
04/20/2022,65.5200,66.2400,64.0800,65.5900,6384500.0000,63.0088
04/21/2022,65.0700,65.3700,61.0700,61.5400,10452500.0000,59.1182
04/22/2022,61.4800,61.8800,57.9600,58.4200,12646500.0000,56.1210
04/25/2022,56.7200,57.8800,54.8600,57.2900,13642300.0000,55.0354
04/26/2022,57.4700,57.8500,56.2100,56.2900,9891200.0000,54.0748
04/27/2022,57.2300,58.2800,56.7600,57.3000,7868900.0000,55.0451
04/28/2022,57.5000,58.7900,55.8800,58.3600,8539300.0000,56.0633
04/29/2022,58.6100,59.2600,56.0000,56.2100,7750200.0000,53.9979
05/02/2022,55.5300,55.9800,53.9000,55.5000,10251000.0000,53.3159
05/03/2022,55.3800,57.4300,55.1200,56.7600,9392000.0000,54.5263
05/04/2022,57.0900,58.5400,55.8200,58.4300,7412700.0000,56.1306
05/05/2022,58.6400,58.7500,54.0900,55.3400,9865500.0000,53.1622
05/06/2022,54.9800,55.3000,53.2700,54.1600,8957900.0000,52.0286
05/09/2022,52.6200,52.6600,50.4600,50.7700,11237800.0000,48.7720
05/10/2022,51.5800,51.8900,49.1000,50.2300,15447400.0000,48.2533
05/11/2022,50.9200,52.2900,49.6700,49.8600,10269400.0000,47.8978
05/12/2022,48.9200,49.9700,47.6500,48.7900,10176200.0000,46.8699
05/13/2022,49.6100,51.2300,49.6100,50.2700,6066300.0000,48.2917
05/16/2022,50.6500,51.5200,49.8300,50.3900,6902200.0000,48.4070
05/17/2022,51.7300,52.6400,51.2500,52.5300,6428900.0000,50.4628
05/18/2022,52.1800,52.5300,50.0200,50.3500,6831900.0000,48.3686
05/19/2022,50.0700,52.1000,50.0500,51.1600,5945200.0000,49.1467
05/20/2022,51.7600,52.0000,49.0800,50.5600,5895300.0000,48.5703
05/23/2022,51.4200,53.0000,50.8900,52.5800,5999700.0000,50.5108
05/24/2022,51.9800,52.3200,50.9600,52.0500,4480400.0000,50.0017
05/25/2022,51.5600,52.9900,51.0400,52.8400,3996600.0000,50.7606
05/26/2022,53.0000,55.0000,52.9000,54.6200,7822700.0000,52.4705
05/27/2022,55.1000,55.6000,54.5300,55.5900,4094600.0000,53.4024
05/31/2022,55.5000,56.0100,53.4100,53.6300,10736900.0000,51.5195
06/01/2022,53.8200,54.4400,52.4000,53.5300,3729800.0000,51.4234
06/02/2022,54.2300,55.8800,54.1600,55.5400,7094200.0000,53.3543
06/03/2022,54.8000,55.0400,53.4500,54.3500,5442900.0000,52.2111
06/06/2022,55.0700,55.3800,54.0900,55.1700,3055900.0000,52.9989
06/07/2022,55.0300,57.1600,54.8800,57.0900,4450300.0000,54.8433
06/08/2022,56.5800,56.6700,54.5100,54.9200,5427000.0000,52.7587
06/09/2022,54.4000,54.5100,52.2600,52.2900,4536500.0000,50.2322
06/10/2022,51.1100,52.4100,50.6500,51.9300,6209700.0000,49.8864
06/13/2022,49.7700,49.9600,47.7100,48.2800,7593400.0000,46.3800
06/14/2022,48.6200,48.7600,47.1800,47.6500,6770500.0000,45.7748
06/15/2022,48.4300,49.3800,47.4600,48.6500,6397800.0000,46.7355
06/16/2022,47.2800,48.0500,46.1500,46.5500,5401400.0000,44.7181
06/17/2022,46.8300,47.2900,45.5400,46.5400,6044400.0000,44.7085
06/21/2022,47.4000,48.3800,47.1500,47.2600,4081600.0000,45.6069
06/22/2022,45.6700,46.2500,45.1100,45.4500,5282300.0000,43.8602
06/23/2022,45.4300,45.4900,42.7600,43.7600,10087800.0000,42.2294
06/24/2022,44.3200,46.2200,44.0000,46.0900,4807700.0000,44.4779
06/27/2022,46.7600,47.1500,46.0600,46.8200,3768500.0000,45.1823
06/28/2022,47.4400,47.7500,45.8200,46.0400,3071200.0000,44.4296
06/29/2022,46.4200,46.5300,44.1000,44.7500,3707600.0000,43.1847
06/30/2022,43.7600,44.3200,42.6500,43.4000,4581600.0000,41.8819
07/01/2022,42.9700,43.7600,42.1500,43.6100,3818700.0000,42.0846
07/05/2022,42.2700,42.3200,40.7100,41.4700,10079200.0000,40.0195
07/06/2022,41.3700,41.6300,39.8300,41.1800,7320000.0000,39.7396
07/07/2022,42.4400,43.8400,42.4400,43.3300,5431800.0000,41.8144
07/08/2022,43.4200,43.5800,42.2500,42.9600,3624000.0000,41.4573
07/11/2022,42.3300,42.9400,42.0200,42.2500,3050200.0000,40.7722
07/12/2022,41.9100,43.3600,41.6200,42.4500,3292200.0000,40.9652
07/13/2022,41.9800,43.7600,41.9000,43.3700,3946700.0000,41.8530
07/14/2022,41.9600,42.1500,41.0900,42.0900,7645500.0000,40.6178
07/15/2022,42.8900,42.9800,41.6100,42.9100,3011600.0000,41.4091
07/18/2022,44.0000,44.8300,43.4500,43.6300,4531000.0000,42.1039
07/19/2022,43.8200,44.8500,43.5100,44.8000,4079600.0000,43.2330
07/20/2022,44.7700,45.1600,44.0900,44.9100,4016800.0000,43.3391
07/21/2022,44.8200,45.0800,43.6300,44.9600,5527800.0000,43.3874
07/22/2022,45.2900,45.8100,43.4100,43.7400,3098900.0000,42.2101
07/25/2022,44.3900,45.3000,43.8200,45.2300,3778600.0000,43.6479
07/26/2022,45.2100,45.7600,44.5900,45.1600,2300500.0000,43.5804
07/27/2022,45.4100,46.9000,44.7400,46.6900,4193000.0000,45.0569
07/28/2022,47.1500,47.7700,45.8700,47.0400,3433500.0000,45.3946
07/29/2022,47.5000,48.3600,46.7800,48.2400,3147200.0000,46.5527
08/01/2022,47.8500,47.9300,47.0000,47.7300,3044500.0000,46.0605
08/02/2022,47.3200,47.8300,46.4000,47.0900,2819100.0000,45.4429
08/03/2022,47.4100,47.4800,46.5000,46.9200,1965500.0000,45.2788
08/04/2022,47.1400,48.1500,46.4000,47.3900,2596500.0000,45.7324
08/05/2022,46.9400,48.8600,46.6300,48.4700,3473100.0000,46.7746
08/08/2022,49.0400,49.7200,48.7100,48.8900,2820800.0000,47.1799
08/09/2022,49.0500,49.4400,48.5800,49.2800,2621200.0000,47.5563
08/10/2022,49.9500,51.1700,49.7900,51.0300,4484100.0000,49.2451
08/11/2022,51.6400,52.7000,51.4000,51.4500,3557400.0000,49.6504
08/12/2022,51.4300,52.7800,51.3000,52.4900,3748000.0000,50.6540
08/15/2022,51.1200,51.7300,50.4100,51.6600,4955000.0000,49.8530
08/16/2022,52.1500,52.5300,51.9700,52.1100,3240900.0000,50.2873
08/17/2022,51.3100,51.4100,50.5700,50.7200,2451100.0000,48.9459
08/18/2022,51.1100,52.1000,51.0300,51.9400,2494700.0000,50.1232
08/19/2022,51.1200,51.1200,50.0200,50.2700,2347100.0000,48.5116
08/22/2022,49.4900,50.4000,49.1300,49.7800,2882300.0000,48.0388
08/23/2022,50.2400,51.8200,50.2000,51.0000,2607900.0000,49.2161
08/24/2022,50.9400,52.1000,50.4500,52.0900,2703800.0000,50.2680
08/25/2022,52.6900,53.4700,52.2400,53.4500,3176800.0000,51.5804
08/26/2022,53.7800,53.8600,51.9700,52.0500,3516500.0000,50.2294
08/29/2022,51.3000,52.5800,50.9600,51.7500,3953200.0000,49.9399
08/30/2022,51.5600,51.5600,48.9400,49.5300,4583500.0000,47.7975
08/31/2022,49.2700,49.7600,48.6500,49.1300,3236200.0000,47.4115
09/01/2022,48.0000,48.0200,46.7700,47.2700,5779100.0000,45.6166
09/02/2022,48.5500,48.6900,47.4200,47.6600,5216800.0000,45.9929
09/06/2022,48.5700,49.1400,47.7200,48.0000,4169200.0000,46.3210
09/07/2022,47.5000,48.5800,46.8800,48.4300,2970700.0000,46.7360
09/08/2022,48.3400,48.9500,47.8600,48.7300,4186300.0000,47.0255
09/09/2022,49.7000,50.6900,49.5700,50.5800,3933500.0000,48.8108
09/12/2022,51.3100,51.4200,50.3500,50.5500,4627000.0000,48.7818
09/13/2022,49.1300,50.0500,48.5300,48.7100,3690600.0000,47.0062
09/14/2022,48.2100,48.3300,46.5900,47.2200,5894400.0000,45.5683
09/15/2022,47.0700,47.5800,45.7400,45.9200,5340900.0000,44.3138
09/16/2022,45.4900,45.9300,44.8400,45.3600,7148600.0000,43.7734
09/19/2022,44.2500,47.0800,44.1500,46.8900,8412800.0000,45.4503
09/20/2022,46.1400,46.1400,45.1800,45.6400,3035200.0000,44.2387
09/21/2022,46.0300,46.4100,44.6600,44.6800,5774300.0000,43.3081
09/22/2022,45.2300,45.5700,43.8300,43.9200,4164300.0000,42.5715
09/23/2022,42.6000,42.6500,40.9900,41.5900,6504700.0000,40.3130
09/26/2022,41.0100,42.4200,40.7600,40.9400,5255700.0000,39.6830
09/27/2022,41.8200,42.6100,41.4700,42.1000,4657700.0000,40.8073
09/28/2022,42.3300,44.2800,42.0400,44.0500,6597200.0000,42.6975
09/29/2022,43.8600,43.9300,42.3100,43.2400,4369300.0000,41.9124
09/30/2022,42.8100,43.7400,42.3000,42.4900,4626800.0000,41.1854
10/03/2022,43.5900,45.7800,43.5400,45.5600,5279000.0000,44.1611
10/04/2022,46.8200,47.3100,46.5100,47.2900,3503000.0000,45.8380
10/05/2022,46.5600,47.4100,45.8300,47.1300,2989400.0000,45.6829
10/06/2022,46.5800,47.7500,46.4500,46.9200,4129800.0000,45.4794
10/07/2022,46.4200,46.5600,45.3800,45.5900,4458500.0000,44.1902
10/10/2022,45.8000,46.6700,45.5500,45.9800,2862600.0000,44.5682
10/11/2022,45.5500,46.5400,44.9400,45.5500,3293100.0000,44.1514
10/12/2022,45.3300,45.8800,44.4700,45.5500,3446000.0000,44.1514
10/13/2022,44.1600,46.4100,43.5200,46.3100,3919000.0000,44.8881
10/14/2022,46.3300,46.4300,44.0400,44.1700,3230800.0000,42.8138
10/17/2022,45.2900,46.3300,45.2900,45.8800,2520000.0000,44.4713
10/18/2022,46.8200,47.3800,45.8000,46.4600,2882700.0000,45.0335
10/19/2022,45.9200,46.4200,45.0800,45.3500,2819600.0000,43.9576
10/20/2022,45.2200,47.0400,45.0000,45.5900,3774700.0000,44.1902
10/21/2022,45.9800,48.3900,45.6900,48.1600,5192900.0000,46.6813
10/24/2022,47.8800,47.9300,46.9300,47.8300,4502700.0000,46.3614
10/25/2022,47.1900,48.7700,47.0400,48.6900,4316800.0000,47.1950
10/26/2022,49.2100,50.3700,48.8100,49.2300,4579300.0000,47.7184
10/27/2022,49.2800,49.7700,48.5900,49.1000,2996000.0000,47.5924
10/28/2022,48.7600,48.9600,47.3700,48.4900,5047000.0000,47.0011
10/31/2022,48.1900,48.8800,47.9000,48.5000,2886700.0000,47.0108
11/01/2022,49.7000,50.0400,48.6800,49.2400,4184100.0000,47.7281
11/02/2022,48.9100,49.0000,46.2200,46.2400,3880000.0000,44.8202
11/03/2022,45.7000,47.0700,45.6000,46.1100,3897000.0000,44.6942
11/04/2022,48.2700,50.1600,48.0100,49.4500,7479000.0000,47.9317
11/07/2022,49.9000,50.2000,49.0400,49.9100,3151300.0000,48.3775
11/08/2022,50.2200,51.4000,49.4400,50.8500,6119200.0000,49.2887
11/09/2022,50.3000,50.4300,47.8800,48.0900,4421200.0000,46.6134
11/10/2022,50.2500,50.8300,49.5000,50.7300,4454900.0000,49.1724
11/11/2022,51.7000,52.9500,51.0900,51.3900,5710000.0000,49.8121
11/14/2022,50.9400,52.5500,50.8500,51.8500,3244800.0000,50.2580
11/15/2022,52.7400,52.7400,51.4400,52.2900,2983200.0000,50.6845
11/16/2022,51.6500,51.8000,50.9500,51.2200,3244000.0000,49.6473
11/17/2022,49.9700,50.5900,49.5000,50.5500,3289600.0000,48.9979
11/18/2022,50.7300,51.1200,49.8500,50.4300,4204100.0000,48.8816
11/21/2022,49.9300,50.9900,49.3700,50.9100,4975200.0000,49.3468
11/22/2022,51.5500,52.6900,51.4400,52.5500,2998600.0000,50.9365
11/23/2022,52.3900,52.8100,52.0500,52.7300,3628800.0000,51.1110
11/25/2022,52.7400,52.8400,52.2400,52.4600,1012300.0000,50.8493
11/28/2022,51.7500,51.9800,50.6900,50.8000,2829500.0000,49.2402
11/29/2022,51.5800,52.5900,51.5600,51.9800,2624000.0000,50.3840
11/30/2022,52.6300,53.9600,51.8700,53.9300,4841400.0000,52.2741
12/01/2022,54.2200,54.6600,53.2500,53.5100,3853200.0000,51.8670
12/02/2022,52.7300,54.9100,52.6200,54.7900,2976800.0000,53.1077
12/05/2022,54.7500,55.0100,52.3500,52.4700,4039300.0000,50.8589
12/06/2022,52.9300,53.4100,52.1200,52.6000,3266200.0000,50.9850
12/07/2022,52.4500,53.2600,52.2700,52.4500,3983600.0000,50.8396
12/08/2022,53.4200,53.8400,52.4300,52.6100,4590900.0000,50.9946
12/09/2022,52.6000,53.0200,51.2700,51.2900,3446300.0000,49.7152
12/12/2022,51.1700,51.9800,50.7300,51.9100,3209400.0000,50.3161
12/13/2022,53.9200,53.9200,51.9400,52.3300,3913800.0000,50.7232
12/14/2022,52.1000,52.4300,51.2100,51.8800,3336700.0000,50.2871
12/15/2022,50.9000,50.9100,49.7600,49.8300,5696500.0000,48.3000
12/16/2022,49.2400,50.0700,49.0400,49.9700,4939700.0000,48.4357
12/19/2022,50.0900,50.0900,48.4800,48.7500,2868900.0000,47.5884
12/20/2022,49.2300,50.6900,49.0900,50.0300,3156200.0000,48.8379
12/21/2022,50.7600,51.4300,50.3400,51.3100,3669900.0000,50.0874
12/22/2022,51.1900,51.2000,49.1300,50.4100,4011100.0000,49.2088
12/23/2022,50.6300,50.8100,50.0900,50.7900,1596400.0000,49.5798
12/27/2022,51.3300,51.9000,50.9200,51.2000,2257100.0000,49.9800
12/28/2022,51.0700,51.0700,48.8900,49.1500,3018000.0000,47.9789
12/29/2022,49.4300,50.1500,49.4200,50.0700,4379500.0000,48.8769
12/30/2022,49.7900,50.1000,49.3100,49.8100,1639100.0000,48.6231
01/03/2023,50.1300,50.5800,48.7300,49.1200,4007900.0000,47.9496
01/04/2023,49.2500,50.5900,49.0100,50.3300,4040100.0000,49.1307
01/05/2023,50.0900,50.9700,49.5200,50.6000,2669300.0000,49.3943
01/06/2023,51.4600,53.2500,51.2000,52.8700,6403400.0000,51.6102
01/09/2023,53.7400,54.0500,52.7800,52.7900,4838600.0000,51.5321
01/10/2023,52.9200,54.1600,52.3700,54.1000,3060600.0000,52.8109
01/11/2023,54.3700,54.5300,53.8000,54.3900,3059500.0000,53.0940
01/12/2023,54.9700,55.5000,54.2800,55.4800,3194800.0000,54.1580
01/13/2023,55.0900,56.3800,54.8700,56.2200,3275300.0000,54.8804
01/17/2023,56.1400,56.4200,55.3800,55.6500,3108800.0000,54.3240
01/18/2023,56.4600,57.1400,54.6900,54.6900,5231000.0000,53.3868
01/19/2023,54.0400,55.0000,53.9700,54.6000,3246900.0000,53.2990
01/20/2023,54.7600,55.9600,54.1400,55.9400,3749200.0000,54.6071
01/23/2023,56.0000,56.2200,55.5900,56.0900,2879000.0000,54.7535
01/24/2023,55.7000,56.4200,55.1200,56.2000,2256600.0000,54.8609
01/25/2023,55.5100,57.1200,55.2300,56.9000,3339400.0000,55.5442
01/26/2023,57.2500,57.6600,55.9000,57.3300,3984500.0000,55.9639
01/27/2023,56.9900,57.7400,56.7300,57.1000,2136000.0000,55.7394
01/30/2023,56.4000,57.2100,56.2700,56.4700,2609300.0000,55.1244
01/31/2023,56.5600,57.2300,56.0600,57.1200,2617300.0000,55.7589
02/01/2023,56.9400,58.6400,56.1600,58.1700,4142400.0000,56.7839
02/02/2023,58.4300,58.6200,57.3800,58.4800,3436400.0000,57.0865
02/03/2023,57.9800,59.2000,57.7500,57.9300,4462400.0000,56.5496
02/06/2023,57.5500,57.9900,56.4700,56.9000,2486600.0000,55.5442
02/07/2023,57.0000,57.4100,55.9600,57.2500,4104300.0000,55.8858
02/08/2023,56.8900,56.9400,55.7200,55.7300,3088800.0000,54.4021
02/09/2023,56.5000,56.8000,55.0500,55.1800,2423800.0000,53.8652
02/10/2023,55.0000,55.2800,54.3800,55.2600,2184100.0000,53.9433
02/13/2023,55.1000,55.6200,54.3800,55.4000,1745800.0000,54.0799
02/14/2023,55.3100,56.9000,54.6800,56.7400,3179800.0000,55.3880
02/15/2023,55.8100,56.6800,55.2900,56.6600,2164200.0000,55.3099
02/16/2023,56.3400,58.1000,56.3400,57.2100,3439100.0000,55.8468
02/17/2023,56.7300,56.8000,55.9000,56.1800,3395800.0000,54.8413
02/21/2023,56.1500,56.5200,54.5500,54.7100,3010100.0000,53.4064
02/22/2023,54.7500,55.2700,54.4100,54.8200,2712900.0000,53.5137
02/23/2023,55.0900,55.2300,53.3900,54.3000,3343200.0000,53.0061
02/24/2023,53.4700,53.8400,52.7900,53.7900,3314100.0000,52.5083
02/27/2023,54.2000,55.5200,54.1200,55.1400,2337300.0000,53.8261
02/28/2023,55.4500,56.6800,54.9700,56.2100,3865800.0000,54.8706
03/01/2023,56.9700,57.6800,56.6200,57.3600,4052500.0000,55.9932
03/02/2023,56.5200,57.7400,56.0900,57.6100,3076800.0000,56.2373
03/03/2023,57.9600,59.2400,57.6400,59.0800,4106300.0000,57.6722
03/06/2023,58.6800,58.6800,57.0100,57.2500,4753600.0000,55.8858
03/07/2023,56.9500,56.9900,55.4800,55.6200,3534100.0000,54.2947
03/08/2023,55.7400,56.3000,55.2200,55.7600,4004200.0000,54.4314
03/09/2023,55.9000,56.2700,54.1800,54.3200,5441800.0000,53.0257
03/10/2023,54.4000,54.4100,51.9900,52.5000,13686400.0000,51.2490
03/13/2023,51.8400,53.2000,51.1900,52.0800,8601400.0000,50.8390
03/14/2023,53.0500,53.5000,51.8100,52.4900,4435300.0000,51.2393
03/15/2023,51.0200,51.0200,48.5400,49.3700,8936400.0000,48.1936
03/16/2023,48.7000,50.0800,48.3300,49.8800,6572200.0000,48.6915
03/17/2023,50.0500,50.0500,48.8300,49.4900,10503600.0000,48.3108
03/20/2023,49.9600,50.6400,49.7300,50.0800,5074300.0000,49.0542
03/21/2023,50.8800,51.2300,50.4600,50.8200,2700600.0000,49.7790
03/22/2023,50.8400,51.3900,49.7100,49.7200,4543200.0000,48.7016
03/23/2023,50.2700,51.2200,49.3400,49.8900,4234500.0000,48.8681
03/24/2023,49.3700,50.4700,48.7500,50.2700,3632700.0000,49.2403
03/27/2023,50.5800,51.2800,50.1800,50.9800,3450000.0000,49.9358
03/28/2023,51.1400,51.8200,51.1100,51.5500,3222200.0000,50.4941
03/29/2023,52.1200,52.2700,51.6200,52.0500,4143100.0000,50.9839
03/30/2023,52.6000,52.7400,52.0500,52.4200,2238400.0000,51.3463
03/31/2023,52.7600,53.2000,52.6700,53.1600,3123900.0000,52.0711
04/03/2023,53.3900,53.6500,52.5300,53.4800,2411600.0000,52.3846
04/04/2023,53.3600,53.3600,51.4100,52.1300,2935000.0000,51.0622
04/05/2023,51.8700,52.0000,51.0300,51.5300,2917800.0000,50.4745
04/06/2023,51.3800,51.5400,50.5500,51.3600,2448400.0000,50.3080
04/10/2023,51.1800,52.1200,51.1800,51.7700,2701700.0000,50.7096
04/11/2023,52.3700,53.0300,52.2900,52.5300,2230600.0000,51.4540
04/12/2023,53.0000,53.0100,51.9500,52.1300,2712300.0000,51.0622
04/13/2023,52.8000,53.4600,52.6200,53.2600,1965400.0000,52.1691
04/14/2023,53.0900,53.3100,51.9000,52.4100,2715800.0000,51.3365
04/17/2023,52.7900,52.8200,52.2600,52.7200,3736500.0000,51.6401
04/18/2023,52.8400,53.2700,52.6000,53.0400,4075300.0000,51.9536
04/19/2023,52.3800,52.6300,51.9000,52.3200,2980200.0000,51.2483
04/20/2023,51.7800,52.5100,51.3000,51.5200,2750900.0000,50.4647
04/21/2023,51.0800,51.1000,49.8000,50.1900,4867500.0000,49.1620
04/24/2023,50.1000,50.7600,49.9800,50.6600,2001800.0000,49.6223
04/25/2023,49.9200,49.9200,48.9500,49.1500,3751800.0000,48.1433
04/26/2023,49.3600,49.5100,48.3900,48.5900,3161900.0000,47.5947
04/27/2023,48.6600,49.6400,48.4500,49.4900,3171000.0000,48.4763
04/28/2023,49.3300,49.4200,48.8800,49.4000,3884400.0000,48.3881
05/01/2023,49.7200,49.9200,48.6700,48.8100,3990100.0000,47.8102
05/02/2023,48.5300,48.7800,47.8200,48.7000,5220500.0000,47.7025
05/03/2023,48.7800,49.3300,48.1100,48.2000,3504600.0000,47.2127
05/04/2023,47.8500,48.1300,47.1300,47.2400,3983400.0000,46.2724
05/05/2023,47.7500,48.7300,47.7100,48.4700,3669300.0000,47.4772
05/08/2023,49.2900,49.6700,48.5300,48.7700,2264500.0000,47.7710
05/09/2023,48.5400,49.4100,48.2200,48.8800,2802700.0000,47.8788
05/10/2023,49.4800,49.5200,47.9500,48.7200,3421800.0000,47.7221
05/11/2023,47.8300,47.9900,47.2300,47.3500,4454700.0000,46.3801
05/12/2023,47.4800,47.7600,46.9700,47.2200,3147800.0000,46.2528
05/15/2023,47.4300,47.9800,47.3600,47.8400,2882000.0000,46.8601
05/16/2023,47.5600,47.7000,46.4900,46.5000,3497400.0000,45.5475
05/17/2023,46.9900,47.5400,46.5800,47.3400,2292100.0000,46.3703
05/18/2023,47.0300,47.3000,46.3300,47.2600,3486000.0000,46.2920
05/19/2023,47.6400,47.7000,46.7600,46.9800,2430000.0000,46.0177
05/22/2023,47.1200,47.6500,46.9000,47.3700,2178900.0000,46.3997
05/23/2023,47.0700,47.4300,46.4200,47.0700,2277100.0000,46.1059
05/24/2023,46.7600,46.7600,45.5900,45.9100,3360000.0000,44.9696
05/25/2023,45.6900,45.8400,45.1600,45.5400,2774500.0000,44.6072
05/26/2023,45.9300,46.1700,45.3400,45.6200,2198500.0000,44.6856
05/30/2023,45.6700,45.6700,44.5700,44.8000,3223600.0000,43.8824
05/31/2023,44.5700,44.7000,44.1700,44.5200,2794900.0000,43.6081
06/01/2023,44.7800,45.8100,44.6700,45.5800,3011600.0000,44.6464
06/02/2023,46.8700,47.6400,46.7700,47.5200,4670300.0000,46.5467
06/05/2023,47.3600,47.5600,46.5400,47.1200,3449100.0000,46.1548
06/06/2023,46.9100,48.3000,46.7700,48.2400,2968400.0000,47.2519
06/07/2023,48.5100,49.4200,48.4400,48.8600,4581400.0000,47.8592
06/08/2023,49.0700,49.4400,48.4100,48.7800,3860000.0000,47.7808
06/09/2023,48.7200,48.7600,48.1400,48.3300,2680900.0000,47.3401
06/12/2023,48.0500,48.6500,47.6700,48.3600,5806100.0000,47.3694
06/13/2023,49.0800,49.8600,48.8300,49.6900,6717800.0000,48.6722
06/14/2023,50.3100,50.5800,48.7600,49.2100,6144200.0000,48.2020
06/15/2023,48.9100,50.1200,48.9100,50.0000,5784500.0000,48.9758
06/16/2023,50.2300,50.2300,49.2900,49.7100,3826700.0000,48.6918
06/20/2023,49.0000,49.4600,48.6600,49.2900,3886300.0000,48.4392
06/21/2023,48.9400,49.9400,48.8600,49.7100,4191300.0000,48.8520
06/22/2023,49.4600,49.4700,48.8200,49.4000,2949400.0000,48.5473
06/23/2023,48.7700,49.1800,48.5800,48.6900,3476400.0000,47.8496
06/26/2023,48.8000,49.5800,48.8000,49.0400,1832200.0000,48.1935
06/27/2023,49.1900,49.7900,48.8400,49.6900,1857500.0000,48.8323
06/28/2023,49.3200,49.7000,48.9500,49.5300,2672400.0000,48.6751
06/29/2023,49.5100,50.6200,49.3900,50.6100,2781700.0000,49.7364
06/30/2023,50.9700,51.0500,50.3600,50.8200,2089000.0000,49.9428
07/03/2023,50.9600,51.6600,50.9100,51.3400,1228900.0000,50.4538
07/05/2023,51.1400,51.1400,50.4200,50.4300,2857900.0000,49.5595
07/06/2023,50.0100,50.2600,48.8700,49.5500,2875700.0000,48.6947
07/07/2023,49.8400,51.1600,49.7200,50.5300,3381800.0000,49.6578
07/10/2023,50.2700,51.2200,50.1000,51.1200,1935200.0000,50.2376
07/11/2023,51.2700,51.5400,50.9500,51.4600,1892000.0000,50.5718
07/12/2023,52.3700,52.8700,52.0500,52.0900,4255700.0000,51.1909
07/13/2023,52.5000,52.8200,52.1800,52.5800,4210800.0000,51.6724
07/14/2023,52.4000,52.4200,51.3800,51.5600,2884900.0000,50.6700
07/17/2023,51.2900,52.0900,51.0600,51.7600,2030800.0000,50.8666
07/18/2023,51.8500,52.8100,51.8000,52.5800,2903800.0000,51.6724
07/19/2023,52.5800,52.6300,52.0400,52.4200,2619700.0000,51.5152
07/20/2023,52.6900,52.7700,51.8000,52.0400,2550400.0000,51.1418
07/21/2023,52.1800,52.2000,51.4500,51.6400,2411500.0000,50.7487
07/24/2023,51.7300,52.6000,51.5100,52.2500,3141800.0000,51.3481
07/25/2023,52.6000,53.7500,52.4800,53.2800,2759600.0000,52.3604
07/26/2023,52.9800,53.3800,52.7200,53.2100,2720300.0000,52.2916
07/27/2023,52.9400,53.0500,52.0700,52.2200,2606700.0000,51.3186
07/28/2023,52.5800,52.6900,51.9400,52.6700,2928100.0000,51.7609
07/31/2023,53.1300,54.0500,52.9900,53.8900,2605000.0000,52.9598
08/01/2023,53.2500,53.5500,52.9600,53.2900,1993800.0000,52.3702
08/02/2023,52.6500,52.6800,51.5900,51.7500,2492300.0000,50.8568
08/03/2023,51.5500,52.0500,51.1300,51.6300,2874800.0000,50.7388
08/04/2023,51.6700,52.4000,51.4300,51.6700,2234400.0000,50.7781
08/07/2023,51.8000,51.9900,51.1900,51.7500,2068500.0000,50.8568
08/08/2023,50.9900,51.7400,50.5300,51.7300,2318600.0000,50.8371
08/09/2023,51.9000,52.0400,51.4700,51.7100,1782700.0000,50.8174
08/10/2023,51.9500,52.0400,50.4900,50.7900,2547900.0000,49.9133
08/11/2023,50.4900,51.0800,50.3500,50.9400,2057200.0000,50.0607
08/14/2023,51.3700,52.1300,50.5500,52.0600,4226200.0000,51.1614
08/15/2023,51.5900,51.6100,50.7800,50.8300,5351100.0000,49.9526
08/16/2023,50.7800,51.5900,50.6300,50.9800,2522200.0000,50.1001
08/17/2023,51.6200,51.9500,51.0900,51.1000,2609100.0000,50.2180
08/18/2023,50.9400,51.3400,50.4600,51.1900,4222300.0000,50.3064
08/21/2023,51.2000,51.4000,50.4500,50.8900,2959100.0000,50.0116
08/22/2023,51.2700,51.4300,50.8200,51.1300,2970200.0000,50.2475
08/23/2023,51.0500,51.5600,50.8600,51.1800,2485000.0000,50.2966
08/24/2023,50.8700,50.9900,50.3000,50.3900,2525200.0000,49.5202
08/25/2023,50.5600,50.7400,49.6000,50.3800,2875500.0000,49.5104
08/28/2023,50.5200,51.2800,50.5200,50.9300,2401100.0000,50.0509
08/29/2023,50.9100,52.1400,50.6600,52.1300,3233600.0000,51.2302
08/30/2023,52.2700,52.3600,51.9300,51.9800,1937200.0000,51.0828
08/31/2023,52.0700,52.3500,51.9200,52.0600,1593100.0000,51.1614
09/01/2023,52.9000,53.4300,52.7900,53.1700,2735100.0000,52.2523
09/05/2023,52.9600,52.9600,52.2300,52.4700,2838900.0000,51.5643
09/06/2023,52.4100,52.8600,51.5900,52.0900,1979000.0000,51.1909
09/07/2023,51.5700,51.7700,51.1400,51.6900,2336400.0000,50.7978
09/08/2023,51.6900,51.8200,51.2100,51.4200,2221100.0000,50.5325
09/11/2023,52.0700,52.3800,51.4300,51.5400,2232700.0000,50.6504
09/12/2023,51.5100,52.1600,51.2800,51.7300,2073500.0000,50.8371
09/13/2023,51.9300,52.2400,51.7100,52.1200,2452300.0000,51.2204
09/14/2023,52.9700,54.0700,52.9100,53.9000,5256800.0000,52.9697
09/15/2023,53.8600,54.0200,53.1100,53.3300,3751500.0000,52.4095
09/18/2023,53.2200,53.2700,52.7000,52.7500,2033400.0000,52.0033
09/19/2023,52.8900,53.3100,52.1900,52.3900,1806800.0000,51.6484
09/20/2023,52.6000,53.1100,52.1000,52.1200,1973700.0000,51.3822
09/21/2023,51.3400,51.5000,50.9200,51.0600,2902200.0000,50.3372
09/22/2023,51.6000,52.0400,51.4500,51.5500,2254700.0000,50.8203
09/25/2023,51.3400,52.1700,51.1900,52.0300,1787600.0000,51.2935
09/26/2023,51.6900,52.0300,50.9800,51.0400,2147700.0000,50.3175
09/27/2023,51.4400,52.1300,51.2300,51.6300,2985000.0000,50.8992
09/28/2023,51.8800,52.7800,51.8000,52.5600,3572600.0000,51.8160
09/29/2023,53.1700,53.2900,52.2400,52.5000,3895900.0000,51.7569
10/02/2023,51.9100,52.0400,50.6900,51.0800,4431000.0000,50.3570
10/03/2023,50.5500,51.2900,50.1000,50.4000,3283200.0000,49.6866
10/04/2023,50.3600,50.4400,49.3300,49.9600,2786300.0000,49.2528
10/05/2023,49.7600,50.3300,49.5600,49.8900,2230500.0000,49.1838
10/06/2023,49.9000,51.2500,49.7300,50.8100,2729300.0000,50.0908
10/09/2023,50.6700,51.6800,50.6000,51.3700,2329200.0000,50.6429
10/10/2023,51.6900,52.3600,51.6900,52.0300,2363900.0000,51.2935
10/11/2023,52.1800,52.4500,51.5300,52.1100,2419800.0000,51.3724
10/12/2023,51.6100,51.6700,49.8300,50.4400,3712400.0000,49.7260
10/13/2023,50.8500,51.3100,50.3000,50.4400,2644800.0000,49.7260
10/16/2023,50.8600,51.3500,50.5500,50.9200,2140900.0000,50.1992
10/17/2023,50.4500,52.2700,50.4500,51.9900,2740500.0000,51.2541
10/18/2023,51.8100,51.8900,50.4900,50.6400,3036400.0000,49.9232
10/19/2023,50.5200,50.6200,49.4800,49.6600,3030600.0000,48.9571
10/20/2023,49.5100,49.7500,48.8400,48.8900,3149500.0000,48.1980
10/23/2023,48.5000,49.2400,48.0100,48.5600,2715200.0000,47.8726
10/24/2023,49.0000,49.8200,48.9300,49.2700,3146500.0000,48.5726
10/25/2023,49.1500,49.5100,48.7800,48.9400,3057000.0000,48.2473
10/26/2023,48.6500,49.6700,48.6500,48.9900,3733000.0000,48.2965
10/27/2023,49.2900,49.5700,48.6300,49.3800,3116400.0000,48.6810
10/30/2023,49.9000,50.1900,49.2200,49.7800,3083000.0000,49.0754
10/31/2023,49.7100,49.9700,49.1100,49.4600,3116500.0000,48.7599
11/01/2023,49.4900,49.7500,48.9800,49.6600,2894500.0000,48.9571
11/02/2023,50.2500,50.8900,50.1800,50.6800,2866700.0000,49.9626
11/03/2023,51.2900,52.0600,51.0900,51.2000,3458700.0000,50.4753
11/06/2023,51.3600,51.4800,50.6100,50.7500,2077100.0000,50.0316
11/07/2023,50.0900,50.1000,49.3000,49.7700,3000500.0000,49.0655
11/08/2023,49.7100,50.1300,49.1400,49.4400,2256600.0000,48.7402
11/09/2023,49.7700,50.0400,48.9900,49.0600,2736800.0000,48.3656
11/10/2023,49.1800,49.4500,48.7700,49.3400,3341100.0000,48.6416
11/13/2023,49.2600,49.7100,49.0800,49.3000,1400300.0000,48.6022
11/14/2023,50.3900,51.9200,50.3900,51.8000,4410500.0000,51.0668
11/15/2023,51.7600,52.6800,51.7100,51.9000,2591100.0000,51.1654
11/16/2023,51.8400,52.4000,51.4200,51.6400,2529900.0000,50.9090
11/17/2023,52.0900,52.7600,52.0700,52.5600,2184500.0000,51.8160
11/20/2023,52.5700,53.0300,52.3100,52.6600,1715300.0000,51.9146
11/21/2023,52.7600,53.4600,52.7500,52.7900,2791000.0000,52.0428
11/22/2023,52.8100,53.1200,52.3100,53.0400,2451500.0000,52.2892
11/24/2023,53.0300,53.8100,52.9500,53.3400,1429000.0000,52.5850
11/27/2023,53.4600,53.9100,53.1300,53.7700,4197000.0000,53.0089
11/28/2023,53.9500,54.2900,53.4800,53.8300,2975800.0000,53.0680
11/29/2023,54.0000,54.3000,53.6600,53.9100,2518200.0000,53.1469
11/30/2023,54.1100,54.8600,53.8500,54.7500,3022000.0000,53.9750
12/01/2023,54.9200,56.4400,54.5000,56.2500,6783400.0000,55.4538
12/04/2023,55.6900,56.0900,55.3700,55.7100,2967900.0000,54.9214
12/05/2023,55.4300,55.4300,54.3100,54.3300,4076800.0000,53.5610
12/06/2023,54.6700,55.3500,53.6700,53.6900,3569700.0000,52.9300
12/07/2023,53.9000,54.0400,53.4000,53.9100,2153700.0000,53.1469
12/08/2023,53.8900,54.7500,53.6800,54.0100,2765000.0000,53.2455
12/11/2023,53.4900,54.1800,52.9300,54.0900,2736900.0000,53.3244
12/12/2023,54.0700,54.0700,52.7600,53.0000,2587000.0000,52.2498
12/13/2023,52.9500,54.9600,52.7700,54.9500,5120100.0000,54.1722
12/14/2023,56.2500,57.2800,56.0100,57.0200,6784200.0000,56.2129
12/15/2023,57.1700,57.9500,56.7500,57.2700,3471700.0000,56.4593
12/18/2023,58.9600,59.3200,58.0800,58.0800,3638800.0000,57.3540
12/19/2023,58.6900,59.9700,58.3300,59.8800,4127300.0000,59.1315
12/20/2023,59.7000,60.5200,58.7800,58.7800,3953900.0000,58.0453
12/21/2023,59.5000,60.1400,59.3900,60.1200,2490100.0000,59.3685
12/22/2023,60.6200,61.1900,60.4500,60.7700,2582400.0000,60.0104
12/26/2023,61.0500,61.4600,60.7500,61.2700,2537200.0000,60.5041
12/27/2023,61.3200,61.8000,61.2100,61.4000,2227100.0000,60.6325
12/28/2023,61.2000,61.3900,60.6300,60.7400,2235100.0000,59.9808
12/29/2023,60.6500,60.6800,59.7300,59.8300,2125300.0000,59.0821
01/02/2024,59.4500,60.2900,59.0100,59.3200,4083400.0000,58.5785
01/03/2024,58.4400,58.9800,57.7600,58.1700,3870400.0000,57.4429
01/04/2024,58.2400,58.9000,57.9200,58.2900,2697500.0000,57.5614
01/05/2024,58.0600,58.7500,57.8100,58.1700,2568800.0000,57.4429
01/08/2024,57.9900,58.5100,57.0600,58.5100,2792600.0000,57.7786
01/09/2024,58.2100,58.2100,57.6100,57.6600,3120600.0000,56.9393
01/10/2024,57.6400,57.6600,56.8400,57.1500,3638800.0000,56.4356
01/11/2024,57.2000,57.2300,56.3200,56.9500,2443300.0000,56.2381
01/12/2024,57.6400,58.5100,57.2900,57.5300,3006400.0000,56.8109
01/16/2024,57.1400,57.2600,55.8800,56.0300,2535100.0000,55.3296
01/17/2024,55.1400,55.7000,54.9000,55.6000,2542100.0000,54.9050
01/18/2024,56.2000,56.3500,55.5200,56.2200,2557300.0000,55.5173
01/19/2024,56.5600,56.5600,55.5500,56.4100,2376200.0000,55.7049
01/22/2024,56.2200,56.9200,56.0300,56.8300,2387500.0000,56.1196
01/23/2024,57.5000,57.9800,57.0600,57.4300,1944200.0000,56.7121
01/24/2024,58.3400,58.4800,57.1100,57.1500,2318000.0000,56.4356
01/25/2024,57.8000,57.8000,56.2000,56.6900,2936100.0000,55.9814
01/26/2024,56.8500,57.3400,56.5600,57.0600,2424000.0000,56.3468
01/29/2024,57.0200,57.8200,56.2800,57.8000,1655600.0000,57.0775
01/30/2024,57.4100,58.1400,57.1200,58.1100,2198400.0000,57.3836
01/31/2024,58.1200,58.8400,57.1500,57.1800,3464100.0000,56.4653
02/01/2024,57.6000,58.1300,57.0800,57.7900,3857500.0000,57.0676
02/02/2024,57.2300,57.6800,56.7300,57.3300,2615800.0000,56.6134
02/05/2024,56.5100,56.5100,55.2800,55.7100,4001600.0000,55.0136
02/06/2024,55.7600,56.0900,55.4700,55.7900,2961100.0000,55.0926
02/07/2024,55.9000,56.2200,55.4600,56.0800,2941100.0000,55.3790
02/08/2024,55.6100,56.4600,55.3400,56.2300,2544500.0000,55.5271
02/09/2024,56.3500,56.3700,55.7600,56.1900,2414600.0000,55.4876
02/12/2024,56.2500,57.3000,56.2300,56.8100,1839700.0000,56.0999
02/13/2024,55.4700,55.6100,54.2400,54.6100,3507800.0000,53.9274
02/14/2024,55.0300,55.8200,54.7500,55.6400,2350000.0000,54.9445
02/15/2024,55.7700,57.2000,55.7700,57.1000,2601700.0000,56.3863
02/16/2024,56.9100,57.4600,56.6400,56.6600,3097100.0000,55.9518
02/20/2024,56.1500,56.1500,55.3400,55.5200,2483000.0000,54.8260
02/21/2024,55.5000,56.0300,55.3500,55.9900,1599200.0000,55.2901
02/22/2024,56.0100,56.1800,55.4200,56.0600,2548300.0000,55.3593
02/23/2024,56.0000,56.3900,55.4800,56.1200,3373100.0000,55.4185
02/26/2024,55.9100,56.4600,55.5300,56.4200,1716300.0000,55.7148
02/27/2024,56.7700,57.1600,56.6800,57.0300,2263100.0000,56.3171
02/28/2024,56.4800,56.5300,55.4700,55.5600,2936600.0000,54.8655
02/29/2024,56.1500,56.6800,56.1500,56.4900,2935000.0000,55.7839
03/01/2024,56.8200,57.8600,56.6700,57.3700,1932200.0000,56.6529
03/04/2024,57.6800,58.2800,57.4900,57.5100,2199000.0000,56.7911
03/05/2024,57.4200,57.6500,56.4500,56.7100,1880900.0000,56.0011
03/06/2024,57.5100,57.9000,57.2900,57.5000,2022600.0000,56.7813
03/07/2024,58.1600,59.0300,57.9700,58.9900,3532700.0000,58.2526
03/08/2024,59.4600,59.7100,58.3000,58.5700,3374400.0000,57.8379
03/11/2024,58.2400,58.4800,57.4100,58.0600,2534700.0000,57.3343
03/12/2024,57.9800,57.9800,56.9100,57.0500,2778300.0000,56.3369
03/13/2024,57.1400,57.8100,56.9500,57.0800,3127300.0000,56.3665
03/14/2024,56.7700,56.7700,55.3600,55.9900,3520300.0000,55.2901
03/15/2024,55.8100,56.7600,55.8100,56.5200,3223400.0000,55.8135
03/18/2024,56.6600,56.7800,56.1200,56.2000,2413100.0000,55.5988
03/19/2024,55.9100,56.5100,55.7000,56.4100,1718300.0000,55.8066
03/20/2024,56.3500,58.1700,56.2200,57.7700,2574000.0000,57.1520
03/21/2024,58.3800,58.6300,57.9600,58.4700,2366100.0000,57.8446
03/22/2024,58.1800,58.7300,57.9300,57.9400,1497300.0000,57.3202
03/25/2024,58.3000,59.5300,58.0900,58.1400,3336100.0000,57.5181
03/26/2024,58.3700,58.3900,57.5600,57.7000,1942700.0000,57.0828
03/27/2024,58.1600,59.5900,58.0200,59.5600,2791300.0000,58.9229
03/28/2024,59.8000,60.4300,59.5100,60.2800,4243100.0000,59.6352
04/01/2024,61.0000,61.0500,60.4500,60.8300,3083100.0000,60.1793
04/02/2024,60.8400,61.0900,60.3000,60.8400,3039800.0000,60.1892
04/03/2024,60.8800,62.2600,60.8200,62.1700,3636500.0000,61.5050
04/04/2024,62.3600,62.4700,60.9000,61.1500,2996900.0000,60.4959
04/05/2024,61.0300,62.1400,60.8600,62.0200,2277100.0000,61.3566
04/08/2024,62.6100,62.7800,61.8100,62.1800,3563200.0000,61.5149
04/09/2024,63.0300,63.5000,62.1200,62.8600,2576000.0000,62.1876
04/10/2024,61.2800,62.5000,60.9700,62.2100,4434200.0000,61.5445
04/11/2024,62.3100,62.5200,61.6400,62.4300,2408800.0000,61.7622
04/12/2024,63.3000,63.5900,60.9900,61.4000,4212300.0000,60.7432
04/15/2024,62.1300,62.4000,61.0400,61.2500,3566300.0000,60.5948
04/16/2024,60.3300,61.5100,59.8200,61.3600,3595300.0000,60.7036
04/17/2024,62.3300,62.7900,61.1800,61.2700,4124700.0000,60.6146
04/18/2024,61.7000,61.9700,60.6500,60.9700,2756000.0000,60.3178
04/19/2024,60.9700,61.5100,60.5300,60.9000,3062800.0000,60.2486
04/22/2024,60.2300,60.8400,59.6500,60.3500,2807200.0000,59.7044
04/23/2024,59.1200,59.8500,58.7200,59.5000,4507500.0000,58.8635
04/24/2024,59.7800,60.0900,58.7500,59.3000,3322900.0000,58.6657
04/25/2024,58.9900,60.5400,58.4400,60.3300,5040600.0000,59.6847
04/26/2024,60.6400,61.0100,60.2600,60.8500,2098200.0000,60.1991
04/29/2024,61.1400,61.5100,60.5900,61.3900,2054900.0000,60.7333
04/30/2024,60.4300,60.8100,59.2600,59.2700,4918800.0000,58.6360
05/01/2024,59.9800,60.7000,58.9100,59.2900,5370300.0000,58.6558
05/02/2024,59.5600,60.3400,59.1700,60.1000,3111900.0000,59.4571
05/03/2024,60.8500,61.2000,60.2400,60.8400,3977100.0000,60.1892
05/06/2024,61.3100,61.8600,60.9900,61.0800,3452900.0000,60.4266
05/07/2024,61.2000,61.8500,60.9700,61.3400,3035400.0000,60.6839
05/08/2024,60.7400,61.1100,60.5900,60.8200,2570700.0000,60.1694
05/09/2024,60.9900,62.2300,60.7100,62.0900,2906200.0000,61.4258
05/10/2024,62.5900,62.6900,61.5300,61.5900,2539500.0000,60.9312
05/13/2024,61.8800,62.3800,61.6200,61.8000,2224400.0000,61.1389
05/14/2024,62.3800,62.7000,62.0400,62.4400,3432700.0000,61.7721
05/15/2024,63.0000,63.2800,62.2200,63.2300,2944400.0000,62.5536
05/16/2024,63.2800,63.3700,62.8000,62.8300,2610500.0000,62.1579
05/17/2024,63.3400,64.2600,63.2900,64.0000,4133000.0000,63.3154
05/20/2024,64.2300,65.0700,63.8900,64.9200,4379800.0000,64.2255
05/21/2024,64.6900,65.3600,64.6000,65.1500,2913900.0000,64.4531
05/22/2024,64.3700,64.4800,63.2200,63.6100,2497700.0000,62.9296
05/23/2024,63.7300,63.7800,62.4100,62.8600,2987400.0000,62.1876
05/24/2024,63.3200,63.6600,63.0300,63.3300,1543200.0000,62.6526
05/28/2024,64.4200,64.5600,63.8200,64.2700,2073100.0000,63.5825
05/29/2024,63.5400,63.9200,63.1600,63.2400,2264200.0000,62.5635
05/30/2024,63.0900,64.3000,63.0600,63.9100,1610100.0000,63.2264
05/31/2024,64.3500,64.7500,63.3900,64.4300,1871200.0000,63.7408
06/03/2024,64.7200,65.1200,63.9000,64.2900,4608900.0000,63.6023
06/04/2024,63.4500,63.4500,61.1000,61.2900,5497400.0000,60.6344
06/05/2024,61.4300,61.8800,61.1400,61.8200,2877200.0000,61.1587
06/06/2024,61.7700,62.7400,61.7700,62.4900,1980100.0000,61.8216
06/07/2024,61.2700,61.3100,60.2400,60.4600,3431900.0000,59.8133
06/10/2024,60.3500,60.4800,59.4000,60.3500,3697800.0000,59.7044
06/11/2024,59.5500,59.5500,58.6800,59.2300,3232300.0000,58.5964
06/12/2024,60.7600,60.9700,59.2200,59.4800,2647600.0000,58.8437
06/13/2024,59.2100,59.4300,58.2900,58.7800,4047300.0000,58.1512
06/14/2024,58.2600,58.5900,57.5700,58.2100,2564900.0000,57.5873
06/17/2024,57.8500,58.4300,57.2000,58.3000,2412600.0000,57.6764
06/18/2024,58.1900,58.6900,57.9500,58.5000,2344900.0000,57.8742
06/20/2024,58.8800,59.7800,58.7700,59.3000,3125600.0000,58.6657
06/21/2024,59.2600,59.2600,58.2800,59.0600,2547500.0000,58.4282
06/24/2024,59.2100,59.7200,58.8900,58.8900,2032800.0000,58.3549
06/25/2024,58.8200,58.8200,57.7700,57.9500,1589900.0000,57.4235
06/26/2024,57.6100,58.7200,57.6000,58.7200,1460800.0000,58.1865
06/27/2024,58.9000,59.0200,58.3200,58.3600,1860200.0000,57.8297
06/28/2024,59.2600,59.9800,58.9800,59.3300,3096000.0000,58.7909
07/01/2024,60.1600,60.6900,59.8300,60.2200,2337100.0000,59.6728
07/02/2024,60.1500,60.6900,59.9400,60.6400,2147300.0000,60.0890
07/03/2024,61.2000,62.2900,61.2000,61.7100,1458400.0000,61.1493
07/05/2024,61.9500,61.9500,61.0100,61.2600,2694300.0000,60.7034
07/08/2024,61.2500,61.7300,60.9200,61.3100,1841800.0000,60.7529
07/09/2024,61.2000,61.3800,60.6800,60.7000,1116800.0000,60.1485
07/10/2024,61.1000,61.4700,60.9000,61.2300,1249700.0000,60.6737
07/11/2024,62.2800,63.1200,61.6500,62.9100,2077000.0000,62.3384
07/12/2024,63.1900,63.9400,62.9000,63.6100,2652700.0000,63.0320
07/15/2024,64.0400,65.0000,63.8800,64.3000,1848800.0000,63.7158
07/16/2024,64.1500,65.3100,63.6800,65.2200,1679100.0000,64.6274
07/17/2024,65.0100,65.3700,63.8600,63.8800,1806200.0000,63.2996
07/18/2024,63.7800,64.1600,62.3100,62.7400,2320200.0000,62.1699
07/19/2024,62.2700,62.4800,61.7400,62.0700,1638000.0000,61.5060
07/22/2024,62.1300,62.1700,61.3600,62.0700,1731500.0000,61.5060
07/23/2024,61.7600,62.5700,61.2200,62.5000,3819300.0000,61.9321
07/24/2024,62.5000,63.0500,61.1800,61.2500,1715700.0000,60.6935
07/25/2024,61.1500,62.5400,60.5200,61.7400,1785500.0000,61.1790
07/26/2024,62.3700,62.8400,61.7300,62.6800,1774300.0000,62.1105
07/29/2024,62.5500,62.8100,61.6800,62.0800,1712100.0000,61.5159
07/30/2024,62.0700,62.5100,61.6200,61.8300,1793200.0000,61.2682
07/31/2024,62.7200,64.3300,62.6000,63.4700,2460600.0000,62.8933
08/01/2024,63.5300,63.8600,60.2100,60.8900,7114800.0000,60.3367
08/02/2024,59.4900,59.5800,57.4900,57.8800,7978000.0000,57.3541
08/05/2024,54.3200,56.6500,53.8700,56.1400,5581700.0000,55.6299
08/06/2024,56.2600,57.4400,55.8300,56.7200,3194000.0000,56.2046
08/07/2024,57.8600,58.1200,55.9500,56.0300,2689100.0000,55.5209
08/08/2024,56.9100,57.7400,56.6600,57.2900,2471300.0000,56.7695
08/09/2024,57.7400,57.7400,56.9800,57.3900,1822600.0000,56.8685
08/12/2024,57.7200,57.9700,57.1300,57.3800,2170900.0000,56.8586
08/13/2024,57.5200,58.2100,57.1700,58.0300,1435500.0000,57.5027
08/14/2024,58.0700,58.0900,56.5400,57.0100,1975100.0000,56.4920
08/15/2024,58.1100,58.5300,57.5500,58.1600,1387600.0000,57.6315
08/16/2024,58.0600,58.6800,57.9900,58.5500,1205700.0000,58.0180
08/19/2024,58.6500,59.5900,58.6500,59.1000,1982700.0000,58.5630
08/20/2024,59.1800,59.4400,58.4100,58.5900,1580800.0000,58.0576
08/21/2024,59.3900,59.7200,59.0100,59.5800,1910900.0000,59.0386
08/22/2024,59.2500,59.3800,58.2900,58.4300,1887700.0000,57.8991
08/23/2024,58.9600,59.9600,58.6900,59.8000,1471500.0000,59.2567
08/26/2024,60.4400,60.6600,59.8900,59.9700,1838200.0000,59.4251
08/27/2024,59.7500,60.4400,59.5000,60.2200,707800.0000,59.6728
08/28/2024,59.4900,59.5400,58.7500,59.0900,1491800.0000,58.5531
08/29/2024,59.5800,60.3900,59.4100,59.8200,1311900.0000,59.2765
08/30/2024,59.8900,60.2000,59.2500,59.8400,1339100.0000,59.2963
09/03/2024,58.8200,58.8300,55.9600,56.2200,3621000.0000,55.7092
09/04/2024,56.1500,56.9000,55.5200,55.7700,2584100.0000,55.2633
09/05/2024,56.0200,56.2500,55.3000,55.4100,1519200.0000,54.9065
09/06/2024,55.4100,55.6200,53.7500,54.2000,2770900.0000,53.7075
09/09/2024,54.5700,55.0400,54.4600,54.5300,1924700.0000,54.0345
09/10/2024,54.4700,54.4800,53.7900,54.2900,1931500.0000,53.7967
09/11/2024,54.0900,55.4000,53.3800,55.3500,2003400.0000,54.8471
09/12/2024,56.0800,57.6300,55.9600,57.1900,2216600.0000,56.6704
09/13/2024,57.8000,59.1600,57.8000,58.6500,2177700.0000,58.1171
09/16/2024,58.9300,59.3100,58.3400,58.6100,1973900.0000,58.0775
09/17/2024,58.6100,59.3200,58.3200,58.6600,1740100.0000,58.1270
09/18/2024,58.9300,60.4200,58.3300,58.4300,1902100.0000,57.8991
09/19/2024,60.3500,60.5000,59.3300,60.4100,3269200.0000,59.8611
09/20/2024,60.4300,60.6100,59.8700,60.3800,2315500.0000,59.8314
09/23/2024,60.7100,61.2600,60.3800,60.6900,1257600.0000,60.2443
09/24/2024,62.4400,63.7000,62.2400,63.2500,7897500.0000,62.7855
09/25/2024,62.9700,63.3600,62.5800,62.8400,1874600.0000,62.3785
09/26/2024,64.2400,65.1700,64.1000,64.2400,3995100.0000,63.7682
09/27/2024,64.4800,65.3100,63.9900,64.2000,2236400.0000,63.7285
09/30/2024,63.8200,64.2900,63.1600,63.7200,1242600.0000,63.2521
10/01/2024,63.8500,64.2300,63.2200,63.8400,1785500.0000,63.3712
10/02/2024,63.9100,64.5700,63.3300,63.5000,1306100.0000,63.0337
10/03/2024,62.8900,63.2400,62.5900,62.9100,1542100.0000,62.4480
10/04/2024,63.5500,64.1000,63.3600,63.7300,1281200.0000,63.2620
10/07/2024,63.4800,64.0500,63.2200,63.8600,1425900.0000,63.3910
10/08/2024,62.8500,62.8500,61.9500,62.7200,2013500.0000,62.2594
10/09/2024,62.3500,63.1700,61.9500,63.0900,1061400.0000,62.6267
10/10/2024,62.7000,63.7400,62.5400,63.7100,1824700.0000,63.2421
10/11/2024,63.8500,64.8200,63.8500,64.6700,1060300.0000,64.1951
10/14/2024,64.0900,64.6300,63.7600,64.6300,1028100.0000,64.1554
10/15/2024,64.0500,64.7400,63.9200,64.1900,1187300.0000,63.7186
10/16/2024,64.8400,65.8100,64.8400,65.5200,1177300.0000,65.0389
10/17/2024,65.8000,66.5700,65.4300,65.7000,1667600.0000,65.2175
10/18/2024,66.5000,67.0100,66.0300,66.6500,1370400.0000,66.1606
10/21/2024,67.1000,67.2000,65.9100,66.2700,1630000.0000,65.7833
10/22/2024,66.4200,66.6200,65.3800,65.8700,1447200.0000,65.3863
10/23/2024,65.2700,65.5100,64.2300,64.6900,1342600.0000,64.2150
10/24/2024,64.6900,64.7800,63.5800,64.4400,1068500.0000,63.9668
10/25/2024,64.5600,65.0300,63.8100,64.0100,774600.0000,63.5399
10/28/2024,64.2500,65.7800,64.2000,65.6400,778700.0000,65.1580
10/29/2024,65.6000,66.0000,65.0200,65.6700,1104700.0000,65.1878
10/30/2024,65.2400,65.8700,64.5100,64.5400,808200.0000,64.0660
10/31/2024,64.2700,64.7700,63.2400,63.5900,1229400.0000,63.1230
11/01/2024,63.9200,64.5400,63.7400,63.8600,998500.0000,63.3910
11/04/2024,63.7400,64.1600,63.1700,63.5400,1027300.0000,63.0734
11/05/2024,63.5200,64.6900,63.1600,64.6700,1108100.0000,64.1951
11/06/2024,67.5200,70.1700,66.9300,69.8900,3735600.0000,69.3768
11/07/2024,70.4900,70.4900,69.2700,69.6700,1283100.0000,69.1584
11/08/2024,69.0600,69.3300,68.4800,69.2700,1335800.0000,68.7613
11/11/2024,69.0200,69.0400,68.1100,68.6100,1248900.0000,68.1062
11/12/2024,67.7200,67.7700,66.2600,66.8800,1442800.0000,66.3889
11/13/2024,67.0300,67.1100,65.7500,65.8300,1926200.0000,65.3466
11/14/2024,65.9800,66.3800,64.7600,65.1000,1495300.0000,64.6219
11/15/2024,65.5600,66.2300,64.8500,65.0500,1555300.0000,64.5723
11/18/2024,65.5600,66.5800,65.5600,66.4000,1769300.0000,65.9124
11/19/2024,65.8700,67.0700,65.8400,66.9900,1203100.0000,66.4980
11/20/2024,67.0100,67.8300,66.7700,67.1100,1324400.0000,66.6172
11/21/2024,67.3500,68.7700,66.9200,68.4800,1244100.0000,67.9771
11/22/2024,68.5100,69.1400,68.3500,68.6500,1120800.0000,68.1459
11/25/2024,68.6900,69.2300,68.5100,68.8900,1223900.0000,68.3841
11/26/2024,68.7200,68.8100,67.9900,68.2800,1133000.0000,67.7786
11/27/2024,68.6600,69.5500,68.2400,68.4300,615600.0000,67.9275
11/29/2024,68.7100,69.3600,68.6300,68.7500,580300.0000,68.2451
12/02/2024,68.8300,68.9900,67.8600,68.2600,1026000.0000,67.7587
12/03/2024,68.7600,69.0500,68.2400,68.4600,795500.0000,67.9573
12/04/2024,68.3400,68.7700,67.2200,67.4700,1358000.0000,66.9745
12/05/2024,67.4900,67.5400,66.3200,67.1200,975500.0000,66.6271
12/06/2024,67.1600,67.3900,65.2100,65.4400,1479300.0000,64.9594
12/09/2024,66.9100,67.7200,65.9400,65.9600,1951700.0000,65.4756
12/10/2024,65.9100,65.9100,64.6900,65.0600,1478000.0000,64.5822
12/11/2024,65.2300,65.5400,64.8900,65.0800,904900.0000,64.6021
12/12/2024,64.2800,64.2800,63.2500,63.5700,1472100.0000,63.1032
12/13/2024,63.2700,63.2700,61.8800,62.0300,1393000.0000,61.5745
12/16/2024,61.7500,61.9100,61.0300,61.1500,1157600.0000,60.7009
12/17/2024,60.4700,60.7500,59.4900,60.0300,2472400.0000,59.5892
12/18/2024,60.0600,60.4500,57.2600,57.7500,2130200.0000,57.3259
12/19/2024,58.0000,58.5300,56.7900,57.0800,1331600.0000,56.6608
12/20/2024,56.5400,57.7500,56.4700,56.8200,2075400.0000,56.4027
12/23/2024,56.6300,57.2100,56.2000,57.1000,1298500.0000,56.7456
12/24/2024,57.2800,57.3500,56.6400,57.2700,711900.0000,56.9145
12/26/2024,57.1700,57.5800,56.6600,57.3900,924000.0000,57.0338
12/27/2024,57.0000,57.4700,56.1900,56.6900,1405300.0000,56.3382
12/30/2024,56.2500,56.6200,55.6900,56.2700,1316000.0000,55.9207
12/31/2024,56.4400,57.2300,56.3000,56.7500,1136900.0000,56.3978
01/02/2025,57.4000,58.1500,57.2900,57.6300,1220000.0000,57.2723
01/03/2025,57.5600,57.7200,56.5600,57.3800,1961300.0000,57.0239
01/06/2025,58.5000,59.1900,58.1600,58.2300,2366400.0000,57.8686
01/07/2025,58.7100,59.0500,57.6600,58.0700,1016600.0000,57.7096
01/08/2025,57.7400,57.8200,56.9500,57.7500,2003600.0000,57.3916
01/10/2025,57.7800,58.1400,56.8800,57.1300,2130500.0000,56.7754
01/13/2025,56.7500,58.4500,56.4900,58.4500,1832600.0000,58.0872
01/14/2025,58.8700,59.0600,58.3400,58.8500,1396600.0000,58.4847
01/15/2025,59.9400,60.1600,59.2200,59.7900,1763800.0000,59.4189
01/16/2025,59.8100,60.1200,59.5100,59.8000,2318100.0000,59.4288
01/17/2025,59.9800,60.7600,59.8100,60.3300,1360300.0000,59.9556
01/21/2025,61.0500,61.5400,60.6700,61.2100,1256300.0000,60.8301
01/22/2025,61.5300,61.6300,60.3300,60.4200,1517100.0000,60.0450
01/23/2025,59.9800,61.0700,59.6500,60.8100,1892500.0000,60.4326
01/24/2025,61.4800,61.7100,60.5100,60.6900,1295900.0000,60.3133
01/27/2025,59.7300,59.7300,58.4800,58.6800,1364500.0000,58.3158
01/28/2025,58.9900,59.1800,58.3600,58.8900,1233000.0000,58.5245
01/29/2025,58.8400,59.9200,58.8400,59.7300,933100.0000,59.3593
01/30/2025,60.1300,60.3200,59.3500,60.0800,1010300.0000,59.7071
01/31/2025,60.2000,60.3300,59.0100,59.3000,1468500.0000,58.9319
02/03/2025,58.6800,59.7600,58.4200,58.8300,1409400.0000,58.4649
02/04/2025,59.3100,60.5000,59.2900,60.4300,1488000.0000,60.0549
02/05/2025,60.5200,61.0500,60.3700,60.9800,1139400.0000,60.6015
02/06/2025,61.3400,61.5400,60.1200,60.6400,1215500.0000,60.2636
02/07/2025,61.2900,61.8900,60.1100,60.2500,2160200.0000,59.8761
02/10/2025,62.1400,62.8500,62.0100,62.5400,4774800.0000,62.1518
02/11/2025,62.5000,62.8600,62.0200,62.0700,1820900.0000,61.6848
02/12/2025,61.4400,62.5000,61.2400,61.6000,1530600.0000,61.2177
02/13/2025,61.9600,62.6500,61.4800,62.5900,1715400.0000,62.2015
02/14/2025,62.8300,62.8700,60.9600,60.9900,1770600.0000,60.6115
02/18/2025,61.5300,62.0700,60.7200,61.8900,2581100.0000,61.5059
02/19/2025,61.4200,61.4200,60.6500,61.0300,1843400.0000,60.6512
02/20/2025,61.0700,61.9400,60.9000,61.2400,774200.0000,60.8599
02/21/2025,61.4800,61.4800,58.4500,58.6500,2348500.0000,58.2860
02/24/2025,59.0800,59.3300,58.2300,58.7600,1085100.0000,58.3953
02/25/2025,58.5300,58.6300,57.2800,58.1600,1383600.0000,57.7990
02/26/2025,58.7000,59.6100,58.1200,58.2400,1025300.0000,57.8785
02/27/2025,58.3200,58.7600,57.5800,57.5900,769600.0000,57.2326
02/28/2025,57.2000,58.1000,56.6200,58.1000,1842800.0000,57.7394
03/03/2025,59.1600,59.4000,55.8700,56.2100,1812300.0000,55.8611
03/04/2025,55.6200,56.6700,53.9500,55.5500,2320100.0000,55.2052
03/05/2025,56.3800,57.3600,55.9900,57.3000,1516700.0000,56.9444
03/06/2025,56.6400,57.5400,55.8000,56.3900,1247800.0000,56.0400
03/07/2025,56.2200,56.8300,54.7800,56.0100,1250700.0000,55.6624
03/10/2025,54.8700,55.3300,53.0500,53.8100,3362100.0000,53.4760
03/11/2025,54.0000,56.1900,53.9600,55.5100,2246300.0000,55.1655
03/12/2025,56.2900,56.4600,55.2000,55.7400,1655200.0000,55.3940
03/13/2025,55.6900,56.6100,55.3200,56.0100,1240600.0000,55.6624
03/14/2025,56.9800,57.7600,56.4300,57.7000,1472100.0000,57.3419
03/17/2025,57.7200,58.4400,57.4200,58.1200,2141800.0000,57.7593
03/18/2025,58.5400,58.7000,57.5300,58.3500,1661900.0000,57.9878
03/19/2025,58.5500,59.1300,57.8700,58.7100,1287400.0000,58.3456
03/20/2025,57.8800,58.8100,57.8100,58.3100,1320000.0000,57.9481
03/21/2025,57.3000,57.4800,56.5400,57.4000,2475000.0000,57.0437
03/24/2025,58.3100,58.8000,58.1500,58.4900,1721100.0000,58.1969
03/25/2025,58.6500,59.5100,58.6500,58.9100,1218000.0000,58.6148
03/26/2025,59.0800,59.3800,58.0800,58.3300,1385700.0000,58.0377
03/27/2025,57.9900,58.6800,57.3800,58.4000,1073100.0000,58.1074
03/28/2025,58.4000,58.5800,56.4800,56.6200,1445200.0000,56.3363
03/31/2025,55.6300,56.2500,54.0900,55.9900,1720200.0000,55.7095
04/01/2025,55.7800,56.3300,55.1500,55.9100,1232600.0000,55.6299
04/02/2025,55.3200,56.5500,55.0400,56.4800,1142300.0000,56.1970
04/03/2025,53.1900,53.8900,52.1600,52.2500,2421200.0000,51.9882
04/04/2025,50.1100,50.5600,46.7500,48.4800,2781900.0000,48.2371
04/07/2025,46.9000,51.6100,45.8900,49.5000,3085200.0000,49.2520
04/08/2025,52.2200,52.2200,47.9800,48.7400,1821700.0000,48.4958
04/09/2025,49.2500,54.1000,48.3900,53.4700,2786000.0000,53.2021
04/10/2025,51.8300,52.8200,50.4300,51.7700,1737800.0000,51.5106
04/11/2025,52.3400,54.0700,51.8900,53.8000,1430900.0000,53.5304
04/14/2025,54.5100,55.0500,53.7400,54.4900,3014000.0000,54.2170
04/15/2025,54.4200,54.9900,53.9400,54.3400,1096000.0000,54.0677
04/16/2025,54.6100,55.8100,54.0500,54.7600,1183200.0000,54.4856
04/17/2025,54.6700,55.2100,54.0700,54.7300,1269300.0000,54.4558
04/21/2025,54.9000,55.2500,52.7100,53.3200,1655600.0000,53.0528
04/22/2025,53.9500,54.5200,53.5900,54.0300,1291000.0000,53.7593
04/23/2025,54.7400,56.3000,54.7400,55.3500,1927900.0000,55.0727
04/24/2025,55.5000,57.3300,55.3500,57.2000,1234400.0000,56.9134
04/25/2025,56.3200,56.6500,55.9700,56.5400,1148600.0000,56.2567
04/28/2025,56.4400,57.2400,56.0700,56.9200,877900.0000,56.6348
04/29/2025,56.5600,56.9700,55.9800,56.8800,1071100.0000,56.5950
04/30/2025,55.3400,56.4700,54.9100,56.3500,1999800.0000,56.0677
05/01/2025,56.4700,57.1300,56.2100,56.4700,1664900.0000,56.1871
05/02/2025,57.1900,57.9500,56.7100,57.5200,1168700.0000,57.2318
05/05/2025,57.5700,57.7600,57.1600,57.4600,693300.0000,57.1721
05/06/2025,57.2800,58.2200,57.0200,58.1200,1348300.0000,57.8288
05/07/2025,58.0000,58.0000,56.8800,57.4300,1143500.0000,57.1422
05/08/2025,57.8400,58.4600,57.3700,57.8700,2836000.0000,57.5800
05/09/2025,58.0300,58.4500,57.2000,58.4000,816900.0000,58.1074
05/12/2025,59.8000,60.0500,58.6500,59.1300,1776400.0000,58.8337
05/13/2025,59.4200,60.0800,59.2000,59.6400,1717800.0000,59.3412
05/14/2025,59.3300,59.6900,58.9900,59.0900,1462200.0000,58.7939
05/15/2025,58.6000,59.1500,58.2100,59.0800,1196100.0000,58.7840
05/16/2025,58.5200,59.5800,58.3400,59.4400,1433300.0000,59.1422
05/19/2025,58.6700,59.5000,58.5600,59.4900,889800.0000,59.1919
05/20/2025,59.3400,59.6800,59.1600,59.6200,670500.0000,59.3213
05/21/2025,59.1100,59.9300,58.7400,58.8100,1438800.0000,58.5153
05/22/2025,58.5900,58.6400,58.0000,58.2100,1336500.0000,57.9183
05/23/2025,58.4200,60.0700,58.2800,59.8600,3604100.0000,59.5601
05/27/2025,60.3500,61.5600,60.2500,61.4300,2250400.0000,61.1222
05/28/2025,61.4300,61.5900,60.7900,60.8700,1678400.0000,60.5650
05/29/2025,61.1100,61.1500,60.0500,60.3300,1804100.0000,60.0277
05/30/2025,59.7500,60.2100,59.1700,60.1000,1103500.0000,59.7989
06/02/2025,62.3500,63.2500,61.6200,62.1100,2805600.0000,61.7988
06/03/2025,62.1900,63.4700,61.4100,63.3300,2253500.0000,63.0127
06/04/2025,63.5100,64.2400,63.3800,64.1300,1627900.0000,63.8087
06/05/2025,65.0200,65.5000,63.8900,64.1300,3500300.0000,63.8087
06/06/2025,64.7600,64.8500,64.1900,64.4100,916000.0000,64.0873
06/09/2025,65.0700,65.8100,65.0400,65.3600,1438500.0000,65.0325
06/10/2025,65.7100,65.7300,64.4700,64.7900,1309400.0000,64.4654
06/11/2025,64.4600,64.8400,63.7200,64.3700,1068200.0000,64.0475
06/12/2025,64.0400,64.9100,63.7600,64.8900,834700.0000,64.5649
06/13/2025,64.2600,65.7700,64.2200,65.3600,1123400.0000,65.0325
06/16/2025,66.1400,66.9900,66.0500,66.2300,1308000.0000,65.8982
06/17/2025,66.3600,67.2300,66.2500,66.7600,1340800.0000,66.4255
06/18/2025,66.7200,67.3400,66.4900,66.6800,942000.0000,66.3459
06/20/2025,67.0900,67.1300,65.4500,65.5300,1841100.0000,65.2017
06/23/2025,65.4700,66.5400,65.1800,66.1900,1284400.0000,65.9489
06/24/2025,66.1600,66.3600,65.6200,65.9400,1756800.0000,65.6998
06/25/2025,65.9800,66.0600,65.0900,65.5300,938600.0000,65.2913
06/26/2025,66.0000,67.4000,66.0000,67.3000,1942700.0000,67.0549
06/27/2025,66.7500,66.7800,65.6800,66.3800,1648000.0000,66.1382
06/30/2025,66.6500,67.5100,66.1500,67.2200,1907000.0000,66.9752
07/01/2025,67.0600,67.7400,66.0900,67.1600,1449500.0000,66.9154
07/02/2025,67.8700,70.1300,67.8700,70.0800,2237600.0000,69.8248
07/03/2025,70.0100,70.3300,69.7500,70.0700,2032800.0000,69.8148
07/07/2025,69.0200,69.2900,68.3800,69.1700,2247000.0000,68.9181
07/08/2025,69.3400,69.6000,68.1400,68.6200,1672200.0000,68.3701
07/09/2025,68.8900,68.8900,68.0600,68.4900,1002600.0000,68.2405
07/10/2025,70.9400,72.1900,70.8600,72.1400,2617200.0000,71.8773
07/11/2025,71.7600,73.1300,71.7600,73.1300,2171600.0000,72.8637
07/14/2025,72.7700,73.3400,72.0300,72.5900,1073500.0000,72.3256
07/15/2025,73.2800,73.5200,72.2300,72.2800,2321300.0000,72.0167
07/16/2025,72.6800,72.8200,71.3400,72.6300,1847000.0000,72.3655
07/17/2025,72.1700,74.7500,71.9500,74.6400,1810800.0000,74.3682
07/18/2025,74.9700,75.6400,74.5600,75.1800,1379300.0000,74.9062
07/21/2025,76.4000,77.5200,75.8800,76.0400,2757100.0000,75.7631
07/22/2025,76.7500,78.4600,76.7500,78.1200,2356900.0000,77.8355
07/23/2025,78.3900,78.8600,77.6900,78.4000,2314700.0000,78.1145
07/24/2025,77.8700,78.2300,76.8400,77.2600,1570500.0000,76.9786
07/25/2025,77.2900,77.7700,76.7500,77.6000,1343500.0000,77.3174
07/28/2025,77.3300,77.4700,75.1700,76.2200,2434700.0000,75.9424
07/29/2025,75.9900,76.2600,74.3800,75.1700,1736100.0000,74.8962
07/30/2025,74.8000,75.4600,73.1400,73.6500,3071700.0000,73.3818
07/31/2025,72.8500,73.7600,72.5000,73.3200,2294700.0000,73.0530
08/01/2025,71.8900,72.9900,71.0700,72.4100,2466000.0000,72.1463
08/04/2025,72.6400,73.9500,72.5500,73.8100,1328300.0000,73.5412
08/05/2025,74.0900,75.7000,73.7200,75.5800,2056800.0000,75.3047
08/06/2025,76.1600,76.8400,75.3400,75.4100,1636700.0000,75.1354
08/07/2025,77.0900,78.1000,76.3900,77.9500,2561900.0000,77.6661
08/08/2025,79.2000,80.3900,79.0400,79.2900,2306400.0000,79.0012
08/11/2025,78.7000,79.8300,77.9900,78.7000,2468700.0000,78.4134
08/12/2025,79.4500,81.3600,79.3300,81.0000,2211500.0000,80.7050
08/13/2025,81.3200,81.6400,80.2900,81.5100,2334100.0000,81.2131
08/14/2025,80.5300,80.8600,79.6600,80.6100,1799800.0000,80.3164
08/15/2025,81.0200,81.0200,79.6800,79.7800,1652100.0000,79.4894
08/18/2025,79.5200,79.6900,78.6900,79.1100,1609600.0000,78.8219
08/19/2025,78.9800,79.1500,76.9700,77.4400,1825800.0000,77.1580
08/20/2025,77.1400,77.4300,76.4600,77.1000,1394200.0000,76.8192
08/21/2025,76.8800,77.6100,76.5500,77.4900,1567800.0000,77.2078
08/22/2025,77.5900,80.5600,77.4400,80.1300,2284700.0000,79.8382
08/25/2025,80.1400,81.3100,80.1200,80.6500,1539600.0000,80.3563
08/26/2025,80.6900,81.9000,80.5300,81.1800,1201700.0000,80.8843
08/27/2025,80.7500,81.2700,80.3100,81.0300,971400.0000,80.7349
08/28/2025,81.5400,81.7100,80.9600,81.6000,1138200.0000,81.3028
08/29/2025,81.8400,82.4100,81.2400,82.3300,1432800.0000,82.0301
09/02/2025,81.4600,81.6000,80.1400,81.5400,2118500.0000,81.2430
09/03/2025,81.9500,82.0400,81.0400,81.5400,1081900.0000,81.2430
09/04/2025,81.3200,81.7400,80.7900,81.5700,1428800.0000,81.2729
09/05/2025,82.2500,83.9400,81.6200,83.9300,1788100.0000,83.6243
09/08/2025,84.3600,84.5700,83.1600,84.0800,1730500.0000,83.7738
09/09/2025,84.0900,84.9000,83.1200,83.3600,1394400.0000,83.0564
09/10/2025,83.6600,85.0600,83.6600,84.8800,1737100.0000,84.5709
09/11/2025,84.5700,86.6000,84.3100,86.0400,3271800.0000,85.7266
09/12/2025,85.8700,86.3200,85.3500,85.5700,1309300.0000,85.2583
09/15/2025,86.0200,89.2400,85.8200,89.0900,3764900.0000,88.7655
09/16/2025,89.5600,89.5600,88.0000,88.2400,2157300.0000,87.9186
09/17/2025,87.5300,89.8500,86.7600,87.7500,1982100.0000,87.4304
09/18/2025,87.7300,89.1700,86.6200,89.0900,1975100.0000,88.7655
09/19/2025,89.2100,91.0500,89.0500,90.3900,2265800.0000,90.0608
09/22/2025,90.5500,91.1700,89.2000,90.9400,1594200.0000,90.7101
09/23/2025,91.5800,92.6500,90.6600,91.5000,1920300.0000,91.2687
09/24/2025,91.5000,92.2300,90.3600,90.4800,1987300.0000,90.2513
09/25/2025,89.4700,92.9100,89.2300,91.7000,2315500.0000,91.4682
09/26/2025,91.7400,92.8500,91.5700,92.2000,1717500.0000,91.9670
09/29/2025,93.7900,93.8100,92.1400,93.4800,1777600.0000,93.2437
09/30/2025,92.4000,93.4300,91.9600,93.1900,2016600.0000,92.9545
10/01/2025,93.1700,95.7300,93.1700,95.3100,2860000.0000,95.0691
10/02/2025,95.8700,96.8200,94.1300,96.6700,2462800.0000,96.4257
10/03/2025,97.5400,99.1600,96.8000,97.5600,1807800.0000,97.3134
10/06/2025,98.8400,99.7000,98.1300,98.2300,1879200.0000,97.9817
10/07/2025,98.8300,101.4500,98.2000,98.9700,3936600.0000,98.7198
10/08/2025,100.5000,102.3200,100.3300,102.2700,3285500.0000,102.0115
10/09/2025,103.8600,105.1800,101.6300,102.3600,3233600.0000,102.1013
10/10/2025,103.8300,105.7600,100.7700,100.8800,4508900.0000,100.6250
10/13/2025,105.8900,108.9300,105.8900,108.0800,4724800.0000,107.8068
10/14/2025,106.9100,110.6000,104.0700,108.9400,4670400.0000,108.6646
10/15/2025,110.2500,111.0900,105.4800,107.9300,4091000.0000,107.6572
10/16/2025,108.9700,109.9700,106.0200,106.6100,3300900.0000,106.3405
10/17/2025,104.0300,105.4100,101.2100,102.2600,4291400.0000,102.0015
10/20/2025,106.0100,107.5900,104.3800,107.3000,2846600.0000,107.0288
10/21/2025,103.2800,103.2800,99.7200,100.3100,4566500.0000,100.0565
10/22/2025,97.5400,99.4500,95.3700,97.2900,6459000.0000,97.0441
10/23/2025,98.5400,100.0300,97.9600,98.8100,2196800.0000,98.5603
10/24/2025,98.8800,101.0000,98.8100,99.8200,1785900.0000,99.5677
10/27/2025,98.5000,98.7800,96.1900,97.7500,2889800.0000,97.5029
10/28/2025,97.1500,99.3100,96.5400,98.3000,1641700.0000,98.0515
10/29/2025,99.0300,99.8700,97.4300,98.1500,3767900.0000,97.9019
10/30/2025,96.2900,97.5200,94.6200,96.4200,3786900.0000,96.1763
10/31/2025,96.6300,97.3500,95.7100,96.5900,2615200.0000,96.3459
11/03/2025,95.7500,96.0600,93.7200,94.7300,3084300.0000,94.4906
11/04/2025,91.3300,92.2600,89.9400,90.0800,4739900.0000,89.8523
11/05/2025,90.6800,91.5400,89.8000,90.8400,2134700.0000,90.6104
11/06/2025,91.4900,93.7200,91.0000,91.1000,2232800.0000,90.8697
11/07/2025,89.8400,93.7400,89.6400,93.5600,2832600.0000,93.3235
11/10/2025,95.8100,96.0200,94.3500,95.2400,3045100.0000,94.9993
11/11/2025,94.9600,95.4900,92.9000,93.9800,1801700.0000,93.7425
11/12/2025,94.8300,97.4000,94.6800,96.3800,1863600.0000,96.1364
11/13/2025,95.9900,96.1700,91.8400,92.4100,2366000.0000,92.1764
11/14/2025,89.0900,93.0800,89.0400,91.8400,2069500.0000,91.6079
11/17/2025,90.6000,92.1700,89.3800,90.1200,2196400.0000,89.8922
11/18/2025,89.6200,91.7000,89.2500,90.6800,3438400.0000,90.4508
11/19/2025,91.7200,93.2000,90.3700,91.3300,1429500.0000,91.0992
11/20/2025,92.7300,93.2900,87.3900,87.4400,3250400.0000,87.2190
11/21/2025,87.2700,88.9900,85.6300,88.6800,2826800.0000,88.4558
11/24/2025,88.9800,91.7000,88.7400,91.4200,1755800.0000,91.1889
11/25/2025,91.4300,93.5000,90.5400,92.8900,1452000.0000,92.6552
11/26/2025,93.4700,95.9000,93.3700,95.3400,2490100.0000,95.0990
11/28/2025,96.0600,97.2500,95.4800,97.0900,1767000.0000,96.8446
12/01/2025,96.5600,97.4000,95.6900,95.8100,2625500.0000,95.5678
12/02/2025,96.0100,97.0000,95.4500,96.6000,1473500.0000,96.3558
12/03/2025,97.1600,100.2900,97.0300,99.6700,5143800.0000,99.4181
12/04/2025,99.0200,100.9300,98.2600,100.8000,2732500.0000,100.5452
12/05/2025,101.4400,102.1600,99.6600,99.7400,2405800.0000,99.4879
12/08/2025,99.9800,100.0000,97.7700,98.2000,1556200.0000,97.9518
12/09/2025,97.3800,99.7700,97.2000,99.4700,1523600.0000,99.2186
12/10/2025,99.2400,100.7900,97.6500,100.1500,1622600.0000,99.8969
12/11/2025,99.8900,105.2200,99.7600,104.8800,3536000.0000,104.6149
12/12/2025,105.6200,105.7700,101.0500,102.1400,2566700.0000,101.8818
12/15/2025,103.3700,103.6400,100.1000,100.8500,1838900.0000,100.5951
12/16/2025,100.2900,102.0200,100.0300,100.9100,1896700.0000,100.6550
12/17/2025,101.5000,102.5800,100.3700,101.0300,1531700.0000,100.7746
12/18/2025,101.4900,103.3200,101.3500,102.3300,1346600.0000,102.0714
12/19/2025,102.0500,106.2600,102.0500,105.1700,3413900.0000,104.9042
12/22/2025,106.8400,108.6100,106.6500,107.1600,1618800.0000,107.0204
12/23/2025,107.4400,108.5400,107.0000,108.0100,2675900.0000,107.8693
12/24/2025,107.6700,108.1500,106.5400,107.8700,742600.0000,107.7295
12/26/2025,108.7400,108.9200,106.8000,107.8400,1282200.0000,107.6995
12/29/2025,105.0800,106.8900,104.7500,105.5100,2035500.0000,105.3726
12/30/2025,106.7500,106.9200,104.5400,104.7300,2618600.0000,104.5936
12/31/2025,104.1800,104.5700,103.0300,103.6100,4460600.0000,103.4751
01/02/2026,105.2400,107.6000,104.7600,107.5300,1900500.0000,107.3899
01/05/2026,109.5000,111.7600,109.3300,111.0600,2806700.0000,110.9153
01/06/2026,112.3000,115.2400,112.2800,115.0200,4210600.0000,114.8702
01/07/2026,113.2200,114.3300,111.9100,114.1700,2974500.0000,114.0213
01/08/2026,112.0000,114.0900,111.6400,114.0300,2509700.0000,113.8815
01/09/2026,115.0400,117.8500,114.8600,116.9000,2608500.0000,116.7477
01/12/2026,118.9100,121.1400,118.2700,120.5000,3586000.0000,120.3430
01/13/2026,121.6200,122.2100,119.3600,119.7600,2020200.0000,119.6040
01/14/2026,120.6500,123.8700,119.3100,122.9600,2347100.0000,122.7998
01/15/2026,122.4700,124.7700,121.8100,123.7100,6000800.0000,123.5489
01/16/2026,123.0500,124.4800,121.3800,124.1400,2576600.0000,123.9783
01/20/2026,124.2800,126.2700,123.8600,125.7900,3136400.0000,125.6262
01/21/2026,128.3000,129.4100,125.3200,127.8100,3037400.0000,127.6435
01/22/2026,128.9100,132.8100,128.9100,130.6900,2925500.0000,130.5198
01/23/2026,131.2600,131.8600,129.5900,131.4400,2872200.0000,131.2688
01/26/2026,135.5900,135.6800,125.9400,126.1700,4558400.0000,126.0057
01/27/2026,125.6100,128.7600,125.0000,128.3400,3286400.0000,128.1728
01/28/2026,129.7900,130.0000,125.6000,128.7200,3459500.0000,128.5523
01/29/2026,130.6100,131.0000,122.6400,126.7700,5720400.0000,126.6049
01/30/2026,121.2800,124.6800,117.1400,118.7200,6684200.0000,118.5654
02/02/2026,118.6800,120.8600,117.1500,118.6200,4757600.0000,118.4655
02/03/2026,122.9800,125.3500,121.2900,124.5800,3971000.0000,124.4177
02/04/2026,126.4500,126.4500,117.9100,121.6400,3412300.0000,121.4816
02/05/2026,117.9700,120.4000,115.2600,115.6600,3187700.0000,115.5094
02/06/2026,118.6100,122.6400,118.3700,122.5000,3538600.0000,122.3404
02/09/2026,122.1800,125.7100,121.2800,125.4700,2427500.0000,125.3066
02/10/2026,124.8100,125.1500,122.8700,123.1000,2054500.0000,122.9397
02/11/2026,125.4300,126.4500,120.4900,123.7400,2003800.0000,123.5788
02/12/2026,123.4500,123.8600,116.1400,116.6800,4015200.0000,116.5280
02/13/2026,115.2300,118.5000,113.4100,117.8300,2688600.0000,117.6765
02/17/2026,115.6500,115.8300,111.7000,115.1100,2577000.0000,114.9601
02/18/2026,116.8200,119.1400,115.9300,117.0900,2015900.0000,116.9375
02/19/2026,115.0600,117.4100,114.3500,117.2400,1692200.0000,117.0873
02/20/2026,116.3100,118.8200,114.6100,117.4600,3200600.0000,117.3070
02/23/2026,117.3100,118.7500,115.8900,117.7100,2720500.0000,117.5567
02/24/2026,116.3900,119.9000,116.0500,119.3700,1948500.0000,119.2145
02/25/2026,120.9400,121.2700,119.0500,119.4800,2362400.0000,119.3244
02/26/2026,118.7800,120.3300,116.3900,120.0300,1848900.0000,119.8737
02/27/2026,119.1000,119.4800,117.4100,119.3500,1921400.0000,119.1945
03/02/2026,118.3400,122.2000,117.7800,122.0600,2211000.0000,121.9010
03/03/2026,116.9400,118.2500,112.1300,117.2800,3387400.0000,117.1272
03/04/2026,119.1600,119.8700,116.4400,117.6500,1884400.0000,117.4968
03/05/2026,115.9700,116.0600,110.8900,112.8700,3215500.0000,112.7230
03/06/2026,110.5000,112.7700,109.0800,110.1400,2988700.0000,109.9965
03/09/2026,107.5700,112.8500,105.5700,112.0500,3821700.0000,111.9041
03/10/2026,112.4700,116.4100,112.4300,114.1200,4732800.0000,113.9714
03/11/2026,113.0400,115.1900,111.7700,114.9000,1890000.0000,114.7503
03/12/2026,114.2300,114.3200,111.6900,112.8100,1759600.0000,112.6631
03/13/2026,113.2100,113.9000,108.5600,109.0300,2231800.0000,108.8880
03/16/2026,110.1200,111.6300,108.5300,110.4800,1695100.0000,110.3361
03/17/2026,110.8700,112.2900,109.9700,110.7700,1365700.0000,110.6257
03/18/2026,108.8800,109.4800,107.7500,107.9100,2106200.0000,107.7694
03/19/2026,103.3500,106.8800,101.4300,105.1700,3480400.0000,105.0330
03/20/2026,104.9700,105.6300,100.7200,101.7300,4359900.0000,101.5975
03/23/2026,102.7200,106.2600,102.7200,103.6100,4354200.0000,103.5392
03/24/2026,102.6600,107.4300,102.6600,106.8200,1957200.0000,106.7470
03/25/2026,109.0400,109.7600,107.1800,107.9000,2059600.0000,107.8262
03/26/2026,105.2900,107.6800,104.6900,104.9200,1552100.0000,104.8483
03/27/2026,104.6400,107.5800,104.2500,105.9400,1312400.0000,105.8676
03/30/2026,108.0900,108.6400,102.4400,103.4600,1883600.0000,103.3893
03/31/2026,104.7500,108.2900,104.7000,108.0100,3928300.0000,107.9362
04/01/2026,109.7200,111.8100,109.5300,109.9000,2595300.0000,109.8249
04/02/2026,106.7700,111.7700,106.7700,110.7800,1167000.0000,110.7043
04/06/2026,110.4500,111.4000,108.4800,110.2200,1620000.0000,110.1446
04/07/2026,109.7600,111.0000,108.0200,109.8000,1585900.0000,109.7249
04/08/2026,113.8800,115.2200,111.4600,113.3500,2919300.0000,113.2725
04/09/2026,112.8300,114.6200,111.6400,112.7100,2052800.0000,112.6329
04/10/2026,113.5200,115.6200,113.3800,113.5600,1730700.0000,113.4824
04/13/2026,112.4200,115.1900,112.3700,114.9500,1793500.0000,114.8714
04/14/2026,116.3000,116.8500,114.4900,115.2600,3500500.0000,115.1812
04/15/2026,115.1300,116.3700,114.2000,115.6800,1544100.0000,115.6009
04/16/2026,116.6400,117.3700,115.7300,115.9600,1434900.0000,115.8807
04/17/2026,116.7200,119.3900,115.2400,117.6000,2557400.0000,117.5196
04/20/2026,116.5000,119.3600,116.2400,119.2000,1838700.0000,119.1185
04/21/2026,119.2500,120.8500,117.1300,117.3700,3126400.0000,117.2898
04/22/2026,119.5800,121.8200,119.2500,121.8100,1733000.0000,121.7267
04/23/2026,120.4900,121.5200,115.8300,117.6400,2498500.0000,117.5596
04/24/2026,118.5200,118.8400,116.8600,117.7800,1490700.0000,117.6995
04/27/2026,118.0200,120.5900,118.0200,120.2000,1757600.0000,120.1178
04/28/2026,118.4400,119.1600,115.8600,117.0700,2370500.0000,116.9900
04/29/2026,117.0000,117.1200,114.2900,114.6100,2060600.0000,114.5316
04/30/2026,115.8500,118.9800,115.5900,118.7300,2615900.0000,118.6488
05/01/2026,117.7200,118.9200,116.2000,118.5600,2062900.0000,118.4789
05/04/2026,118.3700,119.0700,116.1700,116.9600,1948900.0000,116.8800
05/05/2026,118.2000,119.5200,117.4500,118.8800,1151400.0000,118.7987
05/06/2026,121.5100,124.2600,120.4900,124.1400,3451800.0000,124.0551
05/07/2026,125.3700,125.7500,120.2800,120.5100,3439100.0000,120.4276
05/08/2026,121.8400,123.0300,120.3100,120.9500,1539500.0000,120.8673
05/11/2026,121.6300,125.8200,121.4600,124.5400,2173500.0000,124.4549
05/12/2026,122.9400,124.1600,119.3500,123.6000,2253800.0000,123.5155
05/13/2026,123.6900,124.9100,121.2700,123.3400,2020400.0000,123.2557
05/14/2026,123.6700,123.7700,120.0400,120.9700,2153500.0000,120.8873
05/15/2026,117.3200,117.3200,114.8400,115.5900,2447900.0000,115.5110
05/18/2026,116.0300,116.0300,112.1000,113.2100,3878500.0000,113.1326
05/19/2026,111.7200,112.0000,108.7000,110.1200,2326400.0000,110.0447
05/20/2026,112.2700,113.2900,110.1000,113.1900,3574200.0000,113.1126
05/21/2026,112.5200,116.4600,112.1300,115.3800,1676900.0000,115.3011
05/22/2026,115.8800,118.1800,115.7900,117.0700,1483700.0000,116.9900
05/26/2026,119.3100,123.1300,119.2200,122.6500,2548300.0000,122.5661
05/27/2026,120.9400,123.6100,119.8700,122.9100,1635500.0000,122.8260
05/28/2026,122.1600,126.8400,121.2200,126.4500,2040100.0000,126.3635
05/29/2026,125.9900,126.4900,123.7200,125.2100,1806500.0000,125.1244
06/01/2026,124.0000,128.6900,123.1200,127.4600,2111300.0000,127.3729
06/02/2026,128.1300,132.9400,127.8300,132.8300,2554600.0000,132.7392
06/03/2026,131.4600,131.4600,128.1400,128.5300,2444500.0000,128.4421
06/04/2026,127.5400,129.8100,127.0000,128.6500,1493300.0000,128.5620
06/05/2026,126.4900,126.4900,117.8100,118.6000,3333200.0000,118.5189
06/08/2026,120.7100,120.8100,118.2200,118.5900,3302000.0000,118.5089
06/09/2026,119.5700,119.9000,112.1300,116.1000,2097900.0000,116.0206
06/10/2026,115.0800,117.1600,112.2600,112.4300,2260000.0000,112.3531
06/11/2026,113.6300,118.5200,113.3200,118.3500,1927600.0000,118.2691
06/12/2026,119.2900,121.2700,118.8300,120.4400,1475700.0000,120.3577
06/15/2026,123.5800,124.2200,120.5700,120.6300,2639000.0000,120.5475
06/16/2026,121.1800,122.1600,119.1500,119.3300,1753700.0000,119.2484
06/17/2026,119.2400,122.5300,118.2700,118.3900,2022500.0000,118.3091
06/18/2026,119.2200,119.4100,116.2000,117.0200,2379200.0000,116.9400
06/22/2026,115.9500,116.3800,114.5000,115.2200,1963900.0000,115.2200
06/23/2026,111.5300,113.6400,110.4100,110.9000,2336500.0000,110.9000
06/24/2026,108.9600,109.3800,106.0700,107.2200,2290800.0000,107.2200
06/25/2026,109.0000,109.4300,105.9100,108.7400,1340800.0000,108.7400
06/26/2026,107.5800,109.6000,106.8700,108.0100,1163700.0000,108.0100
06/29/2026,107.7200,108.1000,104.6300,106.5200,1794700.0000,106.5200
06/30/2026,106.7500,107.2900,105.4600,106.9300,1214000.0000,106.9300
07/01/2026,105.9600,108.2300,104.2600,104.3600,5120400.0000,104.3600
07/02/2026,106.1800,108.8700,103.5200,105.1300,2320600.0000,105.1300
07/06/2026,106.1000,107.7100,105.5800,106.0800,2016600.0000,106.0800
07/07/2026,105.3100,105.3100,100.7900,102.4700,2560700.0000,102.4700
07/08/2026,100.8200,102.8100,99.7400,101.9400,2935800.0000,101.9400
07/09/2026,102.9600,104.0600,102.2100,103.2400,1582100.0000,103.2400
07/10/2026,103.1800,104.0400,102.6300,103.6900,1720900.0000,103.6900
07/13/2026,102.8200,103.5000,101.4300,102.0900,1861300.0000,102.0900
07/14/2026,104.8100,105.8400,103.3900,104.4200,1552800.0000,104.4200
07/15/2026,104.5300,105.3500,101.0000,103.2000,1085100.0000,103.2000
07/16/2026,101.8100,101.8100,98.5300,98.9900,1765300.0000,98.9900
07/17/2026,97.5400,99.5300,96.4300,98.3500,2546500.0000,98.3500
07/20/2026,98.7100,99.3200,96.9300,97.7400,1515100.0000,97.7400
07/21/2026,99.4700,101.8600,99.0400,101.6000,1751200.0000,101.6000
07/22/2026,102.0500,104.6700,101.8700,103.5000,2565000.0000,103.5000
07/23/2026,102.5100,104.4800,101.9700,103.1700,2650500.0000,103.1700
07/24/2026,103.6400,103.6400,101.1400,101.7400,1328900.0000,101.7400
07/27/2026,102.6700,103.4100,100.9200,103.1100,1518900.0000,103.1100
07/28/2026,102.0200,102.1600,99.9700,101.4400,2002700.0000,101.4400
07/29/2026,101.1300,101.1300,96.3700,97.5800,2542100.0000,97.5800
07/30/2026,99.6300,102.0200,98.6400,101.8600,2760800.0000,101.8600
07/31/2026,101.8500,102.4200,99.1500,100.6500,1611800.0000,100.6500
08/03/2026,99.8700,103.1800,99.0100,103.1100,1548900.0000,103.1100
08/04/2026,105.3000,108.5200,105.3000,107.8600,2256400.0000,107.8600