Date,Open,High,Low,Close,Volume,Adj Close
05/22/2006,36.5200,37.2900,35.8700,37.2300,197100.0000,31.5945
05/23/2006,37.7500,39.2200,37.7500,37.9600,620900.0000,32.2140
05/24/2006,37.1300,37.5700,35.8700,36.5200,638600.0000,30.9919
05/25/2006,37.1800,38.3200,36.9800,38.3200,367000.0000,32.5195
05/26/2006,38.7400,38.7400,37.7700,38.5500,269400.0000,32.7147
05/30/2006,39.5000,39.7200,38.1100,38.1700,559100.0000,32.3922
05/31/2006,38.9000,39.1300,38.1200,38.8500,350700.0000,32.9692
06/01/2006,37.2000,38.5800,37.1700,38.5300,641300.0000,32.6977
06/02/2006,39.3100,39.3900,38.8000,39.1300,277300.0000,33.2069
06/05/2006,40.2700,40.2700,38.1000,38.1300,436000.0000,32.3582
06/06/2006,38.0300,38.0300,36.7200,37.0100,663600.0000,31.4078
06/07/2006,36.3100,37.5500,35.8200,36.1400,484100.0000,30.6695
06/08/2006,35.2700,35.3800,33.6200,35.2700,812800.0000,29.9312
06/09/2006,35.7500,36.1900,34.8600,35.0700,542200.0000,29.7614
06/12/2006,35.4800,35.6300,33.7600,33.7800,584700.0000,28.6667
06/13/2006,32.6600,33.1500,31.8200,32.2000,1580900.0000,27.3259
06/14/2006,32.8500,33.5000,32.2500,33.0300,646800.0000,28.0302
06/15/2006,34.4000,35.0500,34.0000,34.9400,882200.0000,29.6511
06/16/2006,35.0000,35.0000,34.3000,34.5700,602300.0000,29.3371
06/19/2006,34.1700,34.4700,33.5700,33.6000,366100.0000,28.5139
06/20/2006,33.9100,34.7300,33.6000,34.3400,388500.0000,29.1419
06/21/2006,34.6000,36.0400,34.6000,35.8600,551000.0000,30.4319
06/22/2006,36.0000,36.2100,35.1700,35.6400,590000.0000,30.2452
06/23/2006,35.1700,36.5000,35.1500,36.2800,467800.0000,30.7883
06/26/2006,36.6200,36.8000,36.1500,36.6300,301500.0000,31.0853
06/27/2006,36.9700,37.0500,35.4800,35.4800,469200.0000,30.1094
06/28/2006,35.7000,35.9300,35.0000,35.3100,415200.0000,29.9651
06/29/2006,35.9500,37.9600,35.9400,37.9600,588500.0000,32.2140
06/30/2006,38.7000,39.0600,38.3200,38.7000,1069400.0000,32.8420
07/03/2006,39.4000,40.2300,39.3200,40.2300,561200.0000,34.1404
07/05/2006,40.1000,40.4600,38.8500,39.3700,685600.0000,33.4105
07/06/2006,39.5000,39.9900,39.0400,39.7300,411100.0000,33.7160
07/07/2006,39.6800,39.8800,38.9500,39.0300,500500.0000,33.1220
07/10/2006,38.3900,39.1300,38.2500,38.6700,401400.0000,32.8165
07/11/2006,39.0300,39.7600,38.7900,39.7600,512700.0000,33.7415
07/12/2006,40.1100,40.4600,39.3700,39.4900,519500.0000,33.5124
07/13/2006,39.4800,39.5000,38.2800,38.3300,647700.0000,32.5280
07/14/2006,38.9000,39.1300,38.3400,38.9700,459500.0000,33.0711
07/17/2006,38.3200,38.6700,37.4000,37.4000,777700.0000,31.7387
07/18/2006,37.8900,37.9600,36.4300,37.0000,800200.0000,31.3993
07/19/2006,36.9000,38.5100,36.9000,38.4400,515300.0000,32.6213
07/20/2006,38.2100,38.3300,36.8300,36.8300,415200.0000,31.2550
07/21/2006,37.0800,37.3000,35.8100,35.8100,646200.0000,30.3894
07/24/2006,35.5000,36.8200,35.1900,36.6900,1086500.0000,31.1362
07/25/2006,36.8300,37.7900,36.4200,37.6900,949400.0000,31.9848
07/26/2006,37.4900,38.3900,37.1800,38.3600,361800.0000,32.5534
07/27/2006,39.3500,39.3700,37.3700,37.5000,518000.0000,31.8236
07/28/2006,37.7800,38.7800,37.6900,38.7800,371400.0000,32.9098
07/31/2006,38.7300,38.8600,38.2300,38.7600,233900.0000,32.8929
08/01/2006,38.5900,39.7500,38.3000,39.7500,536600.0000,33.7330
08/02/2006,40.3400,40.7000,39.8100,40.6600,944300.0000,34.5053
08/03/2006,40.2900,40.4500,39.5600,39.9100,496400.0000,33.8688
08/04/2006,40.6700,40.7700,39.5400,39.5900,501700.0000,33.5972
08/07/2006,39.8000,40.4200,39.7200,40.1200,279900.0000,34.0470
08/08/2006,39.9900,40.4500,39.5700,39.7200,361100.0000,33.7076
08/09/2006,40.0400,40.8600,39.8000,40.5800,631000.0000,34.4374
08/10/2006,40.3000,40.3800,39.1900,39.7500,745600.0000,33.7330
08/11/2006,40.1000,40.2400,38.6800,38.6900,512100.0000,32.8335
08/14/2006,38.5200,38.8400,37.8800,38.0400,420300.0000,32.2819
08/15/2006,38.1500,38.7200,38.1500,38.5600,298300.0000,32.7231
08/16/2006,39.2300,39.4600,39.0600,39.1900,199600.0000,33.2578
08/17/2006,39.0500,39.0900,38.0200,38.2800,277300.0000,32.4855
08/18/2006,38.5500,38.5500,37.6200,38.3800,317100.0000,32.5704
08/21/2006,39.1500,40.2900,39.0000,40.2900,408000.0000,34.1913
08/22/2006,40.0000,40.5000,39.6700,40.5000,304100.0000,34.3695
08/23/2006,40.9500,41.2200,40.2300,40.3800,402700.0000,34.2677
08/24/2006,40.6000,40.6900,39.6000,39.7500,327300.0000,33.7330
08/25/2006,40.1000,40.3400,39.8000,39.9800,188200.0000,33.9282
08/28/2006,39.8700,39.8800,39.0500,39.0900,345900.0000,33.1729
08/29/2006,39.0500,39.3500,38.4500,39.3500,853100.0000,33.3936
08/30/2006,39.8600,40.1000,39.1000,39.5100,525600.0000,33.5294
08/31/2006,40.2900,40.6000,40.0200,40.5900,535200.0000,34.4459
09/01/2006,40.2500,41.0800,40.0100,40.8900,241700.0000,34.7005
09/05/2006,41.6500,42.1700,41.5000,42.1000,669700.0000,35.7273
09/06/2006,41.8400,42.5800,41.5600,41.7000,664700.0000,35.3879
09/07/2006,40.5000,40.9700,40.2100,40.3000,851900.0000,34.1998
09/08/2006,39.6000,39.6000,39.1000,39.2400,754000.0000,33.3002
09/11/2006,37.5100,37.7800,36.2600,36.4000,1646500.0000,30.8901
09/12/2006,36.4100,36.9500,35.7300,36.0700,725900.0000,30.6101
09/13/2006,36.3600,36.7400,36.1500,36.3500,386500.0000,30.8477
09/14/2006,36.5000,36.6400,34.7700,34.9500,859600.0000,29.6596
09/15/2006,35.0100,35.4700,34.3400,35.2300,784400.0000,29.8972
09/18/2006,35.1100,36.2400,35.1100,36.1500,625000.0000,30.6780
09/19/2006,35.9000,36.0500,34.6300,34.6800,615000.0000,29.4305
09/20/2006,35.0200,35.2800,34.3000,34.3600,946400.0000,29.1589
09/21/2006,34.7000,35.1200,34.2100,34.8000,453900.0000,29.5323
09/22/2006,35.6500,35.6500,34.8000,34.8500,886000.0000,29.5747
09/25/2006,34.7900,34.8400,33.8600,34.4600,711100.0000,29.2438
09/26/2006,34.5600,35.6400,34.4900,35.6300,814100.0000,30.2367
09/27/2006,36.0400,36.4100,35.2300,36.3900,594900.0000,30.8816
09/28/2006,36.4100,36.6900,35.9600,35.9600,499300.0000,30.5167
09/29/2006,35.4000,36.2200,35.4000,35.6500,342000.0000,30.2536
10/02/2006,35.9500,36.4400,35.5500,35.7300,275600.0000,30.3215
10/03/2006,34.6200,34.7000,33.3800,33.4600,942700.0000,28.3951
10/04/2006,33.4000,33.7700,32.4100,33.7700,1014300.0000,28.6582
10/05/2006,34.4600,34.8000,34.0400,34.5100,493900.0000,29.2862
10/06/2006,34.4800,34.8600,33.7700,34.3700,458300.0000,29.1674
10/09/2006,35.0000,35.0700,34.0700,34.0900,477700.0000,28.9298
10/10/2006,33.5600,34.6900,33.5300,34.4300,473800.0000,29.2183
10/11/2006,34.6000,34.6000,33.7800,33.8100,385400.0000,28.6922
10/12/2006,33.9300,34.7800,33.7200,34.7000,626200.0000,29.4474
10/13/2006,35.2500,35.8000,35.1600,35.7900,977200.0000,30.3724
10/16/2006,36.2000,36.2000,35.4100,36.0600,946300.0000,30.6016
10/17/2006,35.9900,35.9900,35.1400,35.8000,402400.0000,30.3809
10/18/2006,35.9900,35.9900,35.1000,35.1800,336200.0000,29.8548
10/19/2006,35.6500,36.4500,35.5900,36.3400,782900.0000,30.8392
10/20/2006,36.2900,36.6000,35.7300,35.7400,492400.0000,30.3300
10/23/2006,35.1800,36.0800,35.0700,36.0800,481800.0000,30.6186
10/24/2006,35.5100,36.6000,35.5100,36.3300,675900.0000,30.8307
10/25/2006,36.2000,37.3500,36.0100,37.3500,746900.0000,31.6963
10/26/2006,37.5000,37.6400,36.9100,37.2700,682400.0000,31.6284
10/27/2006,37.2000,37.5700,36.8400,36.8400,433200.0000,31.2635
10/30/2006,38.0400,38.0400,37.0100,37.0100,522300.0000,31.4078
10/31/2006,37.0100,37.9700,37.0000,37.9600,583000.0000,32.2140
11/01/2006,38.5300,38.8800,37.7500,38.0400,856800.0000,32.2819
11/02/2006,38.1500,38.8000,37.9200,38.3400,551500.0000,32.5365
11/03/2006,38.3000,38.9500,38.2500,38.8000,1442400.0000,32.9268
11/06/2006,38.6700,39.2500,38.4100,38.4300,661700.0000,32.6128
11/07/2006,38.7600,38.9500,38.3000,38.5500,365200.0000,32.7147
11/08/2006,38.3000,38.6800,37.9200,38.2600,341100.0000,32.4686
11/09/2006,38.8500,39.9700,38.6400,39.9000,585600.0000,33.8603
11/10/2006,39.5600,39.7100,38.7900,39.0100,681900.0000,33.1050
11/13/2006,38.2600,38.9400,38.0500,38.9200,492100.0000,33.0286
11/14/2006,39.2600,39.2800,38.3100,38.4000,438000.0000,32.5874
11/15/2006,37.9100,39.0600,37.7500,38.8800,553300.0000,32.9947
11/16/2006,38.9500,39.0400,37.3200,37.3200,1309500.0000,31.6708
11/17/2006,37.0400,37.6700,36.6700,37.3500,672900.0000,31.6963
11/20/2006,37.8600,38.1700,37.2500,37.3200,343900.0000,31.6708
11/21/2006,37.8900,38.7400,37.8700,38.6900,845400.0000,32.8335
11/22/2006,39.1000,39.5200,38.5900,38.8400,463300.0000,32.9608
11/24/2006,39.9300,40.2100,39.6500,39.9000,588000.0000,33.8603
11/27/2006,40.2900,40.4500,39.8600,39.9600,545700.0000,33.9112
11/28/2006,39.9900,40.4000,39.7000,40.4000,817000.0000,34.2846
11/29/2006,40.1900,40.5300,40.0300,40.5300,597700.0000,34.3949
11/30/2006,41.1700,41.9800,41.0300,41.9800,1055700.0000,35.6255
12/01/2006,41.8500,41.9900,41.2200,41.5400,1057500.0000,35.2521
12/04/2006,41.7400,42.1200,41.2100,42.0900,837800.0000,35.7188
12/05/2006,42.1000,42.3200,41.2400,41.5800,960500.0000,35.2860
12/06/2006,40.9600,41.6300,40.8000,40.9100,804400.0000,34.7174
12/07/2006,41.0700,41.4900,40.2200,41.2500,962500.0000,35.0060
12/08/2006,41.5500,41.6200,40.3000,40.5000,790400.0000,34.3695
12/11/2006,40.4500,41.0700,40.4500,40.8300,518300.0000,34.6495
12/12/2006,40.5400,40.7000,39.8400,40.3600,873400.0000,34.2507
12/13/2006,40.2500,40.5700,39.8300,40.4000,584700.0000,34.2846
12/14/2006,40.4300,40.7000,40.1700,40.5500,1725200.0000,34.4119
12/15/2006,40.5800,40.7900,39.5100,39.7600,998800.0000,33.7415
12/18/2006,39.7300,39.8900,39.1900,39.3200,729500.0000,33.3681
12/19/2006,39.3000,40.4200,39.3000,40.4200,851600.0000,34.3016
12/20/2006,40.4200,40.4500,39.5000,39.6800,1064200.0000,33.6736
12/21/2006,39.5400,39.5700,38.6100,39.0000,1078700.0000,33.1927
12/22/2006,38.9500,38.9500,38.3100,38.6900,611300.0000,32.9289
12/26/2006,39.2500,39.6600,38.8700,39.0300,439800.0000,33.2183
12/27/2006,39.4700,39.7900,39.2700,39.7900,307800.0000,33.8651
12/28/2006,40.0500,40.3500,39.8800,40.1700,405000.0000,34.1885
12/29/2006,40.0000,40.0000,39.5500,39.9100,548200.0000,33.9672
01/03/2007,40.1900,40.2200,38.1100,38.4300,950300.0000,32.7076
01/04/2007,38.1000,38.2400,37.5300,37.7200,680300.0000,32.1033
01/05/2007,36.6500,37.3400,36.6500,37.2100,1869400.0000,31.6693
01/08/2007,37.3000,37.4100,36.7700,37.3000,946000.0000,31.7459
01/09/2007,36.7500,37.2000,36.2500,37.0500,742800.0000,31.5331
01/10/2007,36.3200,36.8000,36.1900,36.6100,622700.0000,31.1586
01/11/2007,36.7700,37.4600,36.6900,36.9300,1038800.0000,31.4310
01/12/2007,37.0500,37.9600,36.9500,37.9000,672600.0000,32.2565
01/16/2007,37.9700,38.0000,37.2500,37.5200,472200.0000,31.9331
01/17/2007,37.5200,38.0200,37.3600,37.7000,703000.0000,32.0863
01/18/2007,37.9600,38.2400,36.8500,36.9700,729900.0000,31.4650
01/19/2007,37.2000,37.7000,36.9900,37.5300,484200.0000,31.9416
01/22/2007,37.5800,37.8900,37.0100,37.2700,534600.0000,31.7203
01/23/2007,38.2000,39.1000,38.0600,39.1000,1457200.0000,33.2779
01/24/2007,38.8200,39.5600,38.3400,39.5600,704800.0000,33.6694
01/25/2007,39.8100,40.1000,38.8700,39.1100,1179800.0000,33.2864
01/26/2007,39.1000,39.2400,38.5000,39.2000,410000.0000,33.3630
01/29/2007,38.8200,39.2900,38.3700,38.5500,1024700.0000,32.8098
01/30/2007,38.8000,39.0700,38.5500,38.9700,530200.0000,33.1672
01/31/2007,38.9700,39.7800,38.9600,39.6000,643000.0000,33.7034
02/01/2007,40.1400,40.4200,39.8300,39.8500,700600.0000,33.9162
02/02/2007,39.3300,39.5000,38.9500,39.3200,640900.0000,33.4651
02/05/2007,39.6000,39.6300,39.2500,39.4800,206400.0000,33.6013
02/06/2007,39.9100,40.0200,39.4200,39.7300,260900.0000,33.8140
02/07/2007,39.5500,39.9000,39.1300,39.3100,392000.0000,33.4566
02/08/2007,39.3000,40.2600,39.0700,40.2600,920300.0000,34.2651
02/09/2007,40.4200,40.8100,39.9200,40.1100,918000.0000,34.1375
02/12/2007,39.9400,40.3200,39.4100,39.6100,434100.0000,33.7119
02/13/2007,40.2300,40.3700,40.0200,40.2300,363400.0000,34.2396
02/14/2007,40.6000,40.9600,40.3400,40.8900,473700.0000,34.8013
02/15/2007,40.9000,41.2000,40.6600,41.2000,446300.0000,35.0652
02/16/2007,40.8000,41.0300,40.7100,40.9400,368100.0000,34.8439
02/20/2007,40.3200,40.3800,39.8500,40.0800,853400.0000,34.1119
02/21/2007,40.3200,41.8100,40.1500,41.5700,1071000.0000,35.3801
02/22/2007,42.0000,42.2300,41.5600,41.8000,660900.0000,35.5758
02/23/2007,42.4000,43.3200,41.7600,41.8300,1077200.0000,35.6014
02/26/2007,42.3200,42.4900,41.9000,42.3500,589200.0000,36.0439
02/27/2007,41.2500,41.4600,38.7300,39.3500,1639400.0000,33.4906
02/28/2007,39.4000,40.1200,38.8300,39.9900,1259900.0000,34.0353
03/01/2007,38.7800,39.8000,38.6600,39.1500,614400.0000,33.3204
03/02/2007,38.5000,39.0300,37.6600,37.6800,1297100.0000,32.0693
03/05/2007,37.0000,37.8400,36.2500,36.9200,878000.0000,31.4225
03/06/2007,37.5900,38.2200,37.5900,38.0800,965900.0000,32.4097
03/07/2007,38.1000,38.7200,37.9900,38.0900,1060000.0000,32.4182
03/08/2007,38.6500,38.7900,38.0800,38.3500,630400.0000,32.6395
03/09/2007,38.7000,38.7000,37.9700,38.0300,576800.0000,32.3672
03/12/2007,38.0200,38.7300,37.9300,38.6500,780000.0000,32.8949
03/13/2007,38.4400,38.7500,37.0600,37.1500,1068600.0000,31.6182
03/14/2007,37.0100,37.4800,36.4600,37.3600,1172600.0000,31.7969
03/15/2007,37.6800,38.4400,37.6800,38.2400,1055100.0000,32.5459
03/16/2007,38.6500,39.0300,38.1500,38.3600,1329200.0000,32.6480
03/19/2007,38.6700,39.0300,38.6000,38.8500,651600.0000,33.0651
03/20/2007,39.4500,39.4700,39.0500,39.2200,671500.0000,33.3800
03/21/2007,39.4800,40.1100,39.0600,40.1100,399500.0000,34.1375
03/22/2007,40.3300,40.3800,39.8400,39.9700,584600.0000,34.0183
03/23/2007,39.9100,40.0000,39.4800,39.8300,430800.0000,33.8991
03/26/2007,40.2800,40.2800,39.6200,40.1400,514500.0000,34.1630
03/27/2007,39.8800,39.9400,39.4000,39.4500,503200.0000,33.5757
03/28/2007,39.7200,39.9500,39.4600,39.6400,554000.0000,33.7374
03/29/2007,39.6000,39.8300,39.2000,39.4500,689100.0000,33.5757
03/30/2007,39.7000,39.8000,39.3600,39.5700,399500.0000,33.6779
04/02/2007,39.3800,40.1500,39.1900,40.1500,410200.0000,34.1715
04/03/2007,40.0800,40.7400,40.0000,40.4800,921600.0000,34.4524
04/04/2007,40.7400,41.2900,40.7400,41.1900,434100.0000,35.0566
04/05/2007,41.2500,41.5000,41.0800,41.1700,457600.0000,35.0396
04/09/2007,41.2500,41.6300,40.9300,41.0500,341700.0000,34.9375
04/10/2007,41.6000,41.7300,41.2900,41.3800,294100.0000,35.2183
04/11/2007,41.8000,41.9900,40.8400,41.1000,1486000.0000,34.9800
04/12/2007,41.1600,41.2800,40.8100,41.2800,446800.0000,35.1332
04/13/2007,41.5500,42.6000,41.5100,42.3500,854900.0000,36.0439
04/16/2007,42.5200,42.8800,42.4400,42.8800,695000.0000,36.4950
04/17/2007,42.6000,42.7700,42.2600,42.2900,539100.0000,35.9929
04/18/2007,42.4100,42.4900,42.0000,42.0900,472900.0000,35.8226
04/19/2007,41.4200,41.4200,40.2500,41.0700,1269100.0000,34.9545
04/20/2007,41.6500,41.8600,41.3300,41.4700,357900.0000,35.2950
04/23/2007,41.4700,41.5400,40.9800,41.0900,440700.0000,34.9715
04/24/2007,41.0400,41.0900,40.3500,40.5500,1293900.0000,34.5119
04/25/2007,40.9800,41.1400,40.5800,41.0100,813800.0000,34.9034
04/26/2007,40.6000,40.6000,39.9200,40.0600,1033200.0000,34.0949
04/27/2007,40.1600,40.4300,40.0400,40.3400,408800.0000,34.3332
04/30/2007,40.3900,40.3900,39.5000,39.5600,387700.0000,33.6694
05/01/2007,39.4500,39.5800,38.9500,39.3000,689800.0000,33.4481
05/02/2007,39.1600,40.4000,39.1100,40.3600,829800.0000,34.3502
05/03/2007,40.4000,40.8900,40.0700,40.7100,569300.0000,34.6481
05/04/2007,41.1200,41.4000,40.6300,40.7100,394100.0000,34.6481
05/07/2007,41.2200,41.3700,40.9800,40.9800,387300.0000,34.8779
05/08/2007,40.7600,40.7800,40.2700,40.7500,724100.0000,34.6822
05/09/2007,40.5100,40.9900,40.3700,40.6000,365700.0000,34.5545
05/10/2007,40.3100,40.3100,39.3500,39.4800,901500.0000,33.6013
05/11/2007,39.6700,40.0400,39.6700,39.7500,430800.0000,33.8311
05/14/2007,40.1100,40.1200,38.9600,39.1600,1028700.0000,33.3289
05/15/2007,39.2000,39.6600,38.9800,39.0700,422000.0000,33.2523
05/16/2007,38.9600,39.0500,38.1400,38.4400,1004300.0000,32.7161
05/17/2007,38.3600,38.5400,38.0500,38.2600,1301900.0000,32.5629
05/18/2007,38.6600,39.2100,38.5300,39.0100,752800.0000,33.2012
05/21/2007,38.8500,39.7500,38.8500,39.4700,1060900.0000,33.5928
05/22/2007,39.5000,39.5000,38.7500,38.8600,389000.0000,33.0736
05/23/2007,39.2400,39.6500,39.1100,39.3200,706000.0000,33.4651
05/24/2007,39.2300,39.2900,37.9800,38.0900,1005000.0000,32.4182
05/25/2007,38.2200,38.4700,37.9100,38.2600,476500.0000,32.5629
05/29/2007,38.5000,38.6300,37.9100,37.9500,665500.0000,32.2991
05/30/2007,37.8600,38.0300,37.5000,37.9900,641000.0000,32.3331
05/31/2007,38.2500,39.2000,38.1800,39.1600,782800.0000,33.3289
06/01/2007,39.7300,40.1400,39.7100,40.0600,1548000.0000,34.0949
06/04/2007,40.0000,40.1400,39.7100,40.0500,656600.0000,34.0864
06/05/2007,39.7700,40.0300,39.4700,39.7300,724000.0000,33.8140
06/06/2007,39.5000,39.6600,39.0000,39.3300,1056000.0000,33.4736
06/07/2007,39.2000,39.3300,37.9700,38.0100,1551700.0000,32.3502
06/08/2007,37.9100,38.5100,37.4000,38.2900,1027600.0000,32.5885
06/11/2007,38.3300,38.5300,37.9000,38.2300,709100.0000,32.5374
06/12/2007,37.7700,38.0300,37.3000,37.4300,971200.0000,31.8565
06/13/2007,37.5600,37.9900,37.4100,37.9900,1161400.0000,32.3331
06/14/2007,38.1500,38.5100,38.0400,38.3800,467000.0000,32.6651
06/15/2007,38.7800,39.1400,38.5400,39.0900,620100.0000,33.2693
06/18/2007,39.2000,39.2800,38.9000,38.9800,747500.0000,33.1757
06/19/2007,38.8100,39.4700,38.7400,39.4700,757200.0000,33.5928
06/20/2007,39.4000,39.4000,38.6200,38.6900,600700.0000,32.9289
06/21/2007,38.8000,39.1500,38.1400,39.1500,827400.0000,33.3204
06/22/2007,38.8600,39.0900,38.3900,38.7900,848700.0000,33.0140
06/25/2007,38.5500,39.2300,37.8300,37.8500,867200.0000,32.2140
06/26/2007,37.8600,37.8600,36.7200,37.1000,1323400.0000,31.5757
06/27/2007,37.0600,37.4000,36.6300,37.4000,1252700.0000,31.8310
06/28/2007,37.4000,38.0900,37.4000,37.6300,495100.0000,32.0267
06/29/2007,37.7600,38.0200,37.6200,37.8900,508500.0000,32.2480
07/02/2007,38.3300,38.8400,38.2600,38.8400,727400.0000,33.0566
07/03/2007,38.7900,38.8800,38.5600,38.7300,299700.0000,32.9630
07/05/2007,38.9100,39.2500,38.6000,39.2500,816300.0000,33.4055
07/06/2007,39.3000,40.5600,39.2500,40.5300,1608300.0000,34.4949
07/09/2007,40.9200,41.2400,40.7200,40.8800,1353900.0000,34.7928
07/10/2007,40.8200,41.0900,40.5000,40.6600,914200.0000,34.6056
07/11/2007,40.4200,40.6600,40.1600,40.6600,720400.0000,34.6056
07/12/2007,40.8200,41.3700,40.5800,41.2800,1065100.0000,35.1332
07/13/2007,41.3400,41.6200,41.2100,41.3100,583700.0000,35.1588
07/16/2007,41.3900,41.3900,40.5900,41.0600,701000.0000,34.9460
07/17/2007,41.0300,41.1900,40.6700,40.8200,1077400.0000,34.7417
07/18/2007,41.0000,42.4800,40.8900,42.4800,1382000.0000,36.1546
07/19/2007,42.5800,43.1900,42.5800,43.0900,1537700.0000,36.6737
07/20/2007,43.1100,43.2500,42.6600,43.0400,1191900.0000,36.6312
07/23/2007,43.1100,43.1400,42.7400,42.9900,629800.0000,36.5886
07/24/2007,43.2000,43.3000,42.1500,42.4000,1210100.0000,36.0865
07/25/2007,41.8900,41.9900,40.7600,41.7200,2414900.0000,35.5077
07/26/2007,40.8000,41.0000,39.3700,40.3000,3046100.0000,34.2992
07/27/2007,40.0300,40.2300,39.0200,39.0200,1932200.0000,33.2098
07/30/2007,39.3000,40.3600,39.1100,40.1000,1202700.0000,34.1289
07/31/2007,40.5100,40.9300,39.9300,39.9400,1234200.0000,33.9928
08/01/2007,39.9400,40.0400,38.8200,39.4800,1481000.0000,33.6013
08/02/2007,39.6700,39.9500,39.3600,39.8100,1112000.0000,33.8821
08/03/2007,39.7900,40.1200,39.3300,39.4800,1742100.0000,33.6013
08/06/2007,39.3600,40.1400,38.0700,38.7400,2174900.0000,32.9715
08/07/2007,38.1000,38.9900,37.8800,38.5800,1075100.0000,32.8353
08/08/2007,39.3700,40.3400,39.3600,40.1300,1905300.0000,34.1545
08/09/2007,39.1500,39.5000,38.5000,39.4500,2182100.0000,33.5757
08/10/2007,39.0000,40.1000,38.8000,39.8500,1976300.0000,33.9162
08/13/2007,39.8500,39.9000,38.9800,39.1300,1228800.0000,33.3034
08/14/2007,38.9500,39.1100,37.8400,38.0500,1714800.0000,32.3842
08/15/2007,37.3300,37.6200,36.0100,36.4500,2675800.0000,31.0224
08/16/2007,35.5600,35.6400,32.7600,34.4900,5587800.0000,29.3543
08/17/2007,35.5100,36.4500,34.8100,35.2200,2975600.0000,29.9756
08/20/2007,35.4400,36.1000,35.1000,35.8000,1783900.0000,30.4692
08/21/2007,35.5500,36.0000,35.4800,35.7500,1199300.0000,30.4267
08/22/2007,36.3600,37.0400,36.3500,36.8800,1651100.0000,31.3884
08/23/2007,37.3400,37.4200,36.2500,36.3500,1297200.0000,30.9373
08/24/2007,36.4900,37.3800,36.4200,37.1300,1093300.0000,31.6012
08/27/2007,37.0700,37.0700,36.5100,36.6300,1452400.0000,31.1757
08/28/2007,36.1600,36.6500,35.6000,35.7100,962600.0000,30.3926
08/29/2007,36.1000,36.9600,36.0500,36.9600,1215800.0000,31.4565
08/30/2007,36.3500,37.1900,36.3500,36.5100,1032700.0000,31.0735
08/31/2007,37.5900,37.7500,37.1000,37.6500,1660500.0000,32.0438
09/04/2007,37.7400,38.9400,37.7300,38.6600,1883700.0000,32.9034
09/05/2007,38.2600,38.5700,37.9700,38.4800,1225800.0000,32.7502
09/06/2007,38.9700,40.9800,38.9700,40.9500,2737700.0000,34.8524
09/07/2007,41.5900,41.7500,40.6800,41.1700,2828400.0000,35.0396
09/10/2007,41.6000,41.6500,40.5200,40.9400,1592700.0000,34.8439
09/11/2007,41.0900,42.1400,40.8500,42.0500,1722400.0000,35.7886
09/12/2007,41.8500,42.2100,41.6000,42.1900,1177000.0000,35.9077
09/13/2007,41.7300,42.2800,41.5000,42.2100,1566600.0000,35.9248
09/14/2007,42.0200,42.7200,41.6100,42.1700,2389300.0000,35.8907
09/17/2007,42.3200,42.7000,41.8400,42.1500,2258400.0000,35.8737
09/18/2007,42.0000,43.6300,41.4000,43.6000,2453100.0000,37.1078
09/19/2007,43.9400,44.5900,43.5900,44.0300,2778800.0000,37.4738
09/20/2007,45.0500,45.8600,44.9200,45.8200,3633000.0000,38.9972
09/21/2007,45.9500,45.9600,45.0000,45.4800,2422700.0000,38.7078
09/24/2007,45.2100,45.7300,45.0200,45.1000,2098700.0000,38.3844
09/25/2007,44.5800,44.6800,44.1500,44.5900,2173300.0000,37.9504
09/26/2007,44.7400,45.0200,43.4000,43.8500,3632800.0000,37.3206
09/27/2007,44.3800,44.6300,43.8400,44.3300,1997400.0000,37.7291
09/28/2007,45.2500,45.8100,44.9800,45.3500,1853000.0000,38.5972
10/01/2007,44.8700,45.8400,44.8200,45.8200,1500500.0000,38.9972
10/02/2007,44.5400,45.4000,43.3100,43.8000,2634900.0000,37.2780
10/03/2007,44.3300,44.4200,43.4300,43.5800,1442000.0000,37.0908
10/04/2007,43.4300,44.3700,42.8700,44.3700,1849300.0000,37.7631
10/05/2007,44.2300,45.5900,44.1900,45.5900,2217500.0000,38.8015
10/08/2007,45.0000,45.2100,44.2200,44.6200,606000.0000,37.9759
10/09/2007,44.3900,45.7900,44.3500,45.7900,1120600.0000,38.9717
10/10/2007,46.4200,46.7800,45.8000,46.6800,1494900.0000,39.7292
10/11/2007,47.1800,48.5100,46.1300,46.8000,5105400.0000,39.8313
10/12/2007,47.2900,47.8000,46.9600,47.7900,1458200.0000,40.6739
10/15/2007,48.6500,49.7400,47.4600,48.0200,2146800.0000,40.8696
10/16/2007,48.0100,48.1000,47.0200,47.2900,1541700.0000,40.2483
10/17/2007,47.9200,48.0900,45.9800,46.4600,1721400.0000,39.5419
10/18/2007,46.6400,47.4900,46.5900,47.4000,1433000.0000,40.3419
10/19/2007,47.6500,47.6500,46.3000,46.8000,2277700.0000,39.8313
10/22/2007,45.5100,45.6100,44.6200,45.5300,2270700.0000,38.7504
10/23/2007,46.2400,46.7300,45.7100,46.6200,1470200.0000,39.6781
10/24/2007,46.5000,47.0000,45.6600,47.0000,1642600.0000,40.0015
10/25/2007,47.5400,47.5400,46.8400,47.4500,1494200.0000,40.3845
10/26/2007,48.2300,48.6600,47.9000,48.4000,1930200.0000,41.1930
10/29/2007,49.1900,49.8400,49.0100,49.8400,1586300.0000,42.4186
10/30/2007,48.8400,48.9300,48.4800,48.8200,1304900.0000,41.5505
10/31/2007,49.2100,50.8100,48.8600,50.6000,4774900.0000,43.0655
11/01/2007,50.1600,50.1600,48.5900,48.8200,2165300.0000,41.5505
11/02/2007,49.6900,50.7400,48.9000,50.7100,3212200.0000,43.1591
11/05/2007,51.2300,51.2300,49.7800,50.4400,2132700.0000,42.9293
11/06/2007,51.8100,52.5000,51.6700,52.2500,2181600.0000,44.4698
11/07/2007,53.8400,53.8400,51.5000,51.5300,3870500.0000,43.8570
11/08/2007,51.5000,52.6500,49.9300,51.4000,3504100.0000,43.7463
11/09/2007,51.2500,51.2600,50.0100,50.3100,1813000.0000,42.8186
11/12/2007,48.9600,48.9600,46.4700,46.6900,3908400.0000,39.7377
11/13/2007,46.9400,48.0200,46.9400,47.5800,1919300.0000,40.4952
11/14/2007,49.4900,49.5000,48.3500,48.7000,1823900.0000,41.4484
11/15/2007,47.9900,47.9900,45.9700,46.4400,2910000.0000,39.5249
11/16/2007,46.8800,47.1900,46.1500,46.9500,2132700.0000,39.9590
11/19/2007,46.6500,46.7000,45.0400,45.4500,2779600.0000,38.6823
11/20/2007,46.4500,47.9300,45.7900,47.9300,2560100.0000,40.7930
11/21/2007,47.9000,47.9000,45.9500,46.8200,2226200.0000,39.8483
11/23/2007,48.0000,48.8500,47.3500,48.8500,1155900.0000,41.5760
11/26/2007,49.4300,49.4300,46.8500,47.0600,1966500.0000,40.0526
11/27/2007,46.8400,46.8400,45.7400,46.6100,2329700.0000,39.6696
11/28/2007,46.1100,48.0000,46.0600,47.8600,3893200.0000,40.7335
11/29/2007,47.1000,48.0000,46.7600,47.0200,1668500.0000,40.0185
11/30/2007,47.0900,47.5000,45.7000,46.3600,2006000.0000,39.4568
12/03/2007,45.7600,47.1100,45.7500,46.8200,775800.0000,39.8483
12/04/2007,47.2000,47.2000,45.9700,46.2000,2908300.0000,39.3206
12/05/2007,46.4700,46.4700,45.5300,45.9200,1865200.0000,39.0823
12/06/2007,45.6300,46.9400,45.3800,46.7800,2123200.0000,39.8143
12/07/2007,47.0000,47.0000,45.9300,46.4000,1412300.0000,39.4909
12/10/2007,46.9100,47.7700,46.8800,47.3400,2009000.0000,40.2909
12/11/2007,47.4500,48.1400,45.6700,45.9300,2205500.0000,39.0908
12/12/2007,46.7500,47.1500,46.0700,46.7000,2369900.0000,39.7462
12/13/2007,46.2000,46.2500,44.6200,45.0500,2328700.0000,38.3419
12/14/2007,44.5600,45.0400,44.1500,44.3100,2332900.0000,37.7121
12/17/2007,43.9000,44.3100,42.5000,42.5500,1613400.0000,36.2141
12/18/2007,43.3600,43.7600,42.3100,43.4200,2247900.0000,36.9546
12/19/2007,43.3700,43.6400,42.8900,43.0500,1084700.0000,36.6397
12/20/2007,43.1000,43.2300,42.4000,42.8700,1279700.0000,36.4865
12/21/2007,43.9900,45.4100,43.6400,45.0000,3648200.0000,38.2993
12/24/2007,45.0100,45.0100,44.2800,44.3300,990600.0000,38.3642
12/26/2007,44.7500,45.8100,44.7300,45.6800,1680400.0000,39.5325
12/27/2007,45.9700,45.9800,45.1500,45.3800,1958900.0000,39.2729
12/28/2007,45.7700,46.7400,45.7700,46.6300,1444900.0000,40.3547
12/31/2007,46.6200,46.7400,45.6300,45.8300,980700.0000,39.6624
01/02/2008,46.6900,49.2700,46.6900,49.2400,3385300.0000,42.6135
01/03/2008,49.3500,51.1800,49.1000,50.7400,3871200.0000,43.9116
01/04/2008,50.2800,50.3500,49.2800,49.9000,2678500.0000,43.1846
01/07/2008,49.8100,50.2800,48.5200,49.0600,2859300.0000,42.4577
01/08/2008,50.7400,51.9800,50.6000,50.8000,4603800.0000,43.9635
01/09/2008,50.8100,51.1900,50.1600,51.1300,4724100.0000,44.2491
01/10/2008,50.8600,52.4600,50.3500,52.0200,3529200.0000,45.0193
01/11/2008,52.0000,53.2000,51.8000,52.4200,3736400.0000,45.3655
01/14/2008,54.0300,54.2300,53.0900,53.3200,6214000.0000,46.1444
01/15/2008,53.0700,53.5900,51.0000,51.2100,4602200.0000,44.3183
01/16/2008,50.2900,50.8700,48.2500,48.8300,5080200.0000,42.2586
01/17/2008,49.7700,50.4000,47.7700,47.9100,4064300.0000,41.4624
01/18/2008,48.4700,48.9500,46.4700,48.3400,3697800.0000,41.8346
01/22/2008,45.4700,49.5000,44.8500,49.5000,6123900.0000,42.8385
01/23/2008,48.5600,49.4700,46.2700,48.1900,3998100.0000,41.7048
01/24/2008,49.9300,50.8900,49.8500,50.3500,3635900.0000,43.5741
01/25/2008,50.9300,51.9600,50.2500,50.4200,4283100.0000,43.6347
01/28/2008,50.8300,51.3800,49.9300,51.2100,4157000.0000,44.3183
01/29/2008,51.5900,51.5900,50.5700,50.7000,3199800.0000,43.8770
01/30/2008,50.6400,52.1700,50.2200,51.0500,4030000.0000,44.1799
01/31/2008,50.5200,50.8700,49.8200,50.3500,2790800.0000,43.5741
02/01/2008,50.5400,50.9300,48.8900,49.1500,3315900.0000,42.5356
02/04/2008,49.0000,49.0000,47.8100,48.1500,4153700.0000,41.6701
02/05/2008,47.0800,47.3100,46.4000,46.7500,5774600.0000,40.4585
02/06/2008,47.3200,48.0500,46.8400,46.9000,4549400.0000,40.5884
02/07/2008,46.8500,47.3900,46.3500,46.8600,4785400.0000,40.5537
02/08/2008,47.0600,48.6800,47.0000,48.5400,4605900.0000,42.0077
02/11/2008,48.6200,48.9200,47.4800,48.6500,4430800.0000,42.1029
02/12/2008,48.6000,48.9500,46.8000,46.8900,4651000.0000,40.5797
02/13/2008,47.0000,47.8100,46.5600,47.7600,4449000.0000,41.3326
02/14/2008,47.7300,48.0900,47.2300,47.4900,4326200.0000,41.0990
02/15/2008,47.4800,48.0800,46.7600,47.7500,4141500.0000,41.3240
02/19/2008,48.8700,49.7800,48.6800,49.6000,5005200.0000,42.9250
02/20/2008,49.1300,50.9500,49.0000,50.9500,6070200.0000,44.0933
02/21/2008,51.4200,52.2000,50.6400,50.7900,8028900.0000,43.9549
02/22/2008,51.1900,51.1900,49.4900,50.8800,5110100.0000,44.0328
02/25/2008,50.8200,51.1900,49.7600,50.9400,5111800.0000,44.0847
02/26/2008,50.7100,52.2200,50.5800,52.0300,6042200.0000,45.0280
02/27/2008,52.7400,53.7700,52.6000,53.1600,5624100.0000,46.0059
02/28/2008,53.1700,54.4000,53.1700,54.3800,5439400.0000,47.0617
02/29/2008,54.0000,54.1200,52.6400,53.1200,5461000.0000,45.9713
03/03/2008,54.0500,54.9200,53.7900,54.6200,6082600.0000,47.2694
03/04/2008,55.1500,55.2000,51.9600,52.7500,7694100.0000,45.6511
03/05/2008,53.4500,54.9500,53.3100,54.6900,4219700.0000,47.3300
03/06/2008,54.7000,55.0600,53.8200,54.7800,3740000.0000,47.4079
03/07/2008,54.9200,54.9200,52.8200,53.4500,4223000.0000,46.2569
03/10/2008,52.3300,52.7200,51.2100,51.4200,5252300.0000,44.5001
03/11/2008,52.4400,53.5600,51.6800,53.5600,3226100.0000,46.3521
03/12/2008,53.7000,54.0100,53.0800,53.6500,2443600.0000,46.4300
03/13/2008,54.2900,56.0500,54.2700,56.0500,3685500.0000,48.5070
03/14/2008,55.8900,56.8700,55.1900,56.4200,4181300.0000,48.8272
03/17/2008,55.4900,56.7400,54.0400,54.9700,4293000.0000,47.5723
03/18/2008,55.3000,55.4900,52.1200,52.3900,4391000.0000,45.3395
03/19/2008,51.6200,51.6800,48.7400,49.3700,6715900.0000,42.7260
03/20/2008,47.5500,48.1000,46.0700,47.7800,6026300.0000,41.3499
03/24/2008,47.8000,48.4200,46.7300,46.9700,4141100.0000,40.6489
03/25/2008,47.7300,49.0600,47.7200,49.0400,2852600.0000,42.4404
03/26/2008,49.4300,50.1300,49.3400,49.9000,4326800.0000,43.1846
03/27/2008,49.9500,49.9500,48.8600,49.3600,2730400.0000,42.7173
03/28/2008,48.9700,49.1700,48.0100,49.0800,1735600.0000,42.4750
03/31/2008,49.1000,49.4100,47.1400,47.7000,2756200.0000,41.2807
04/01/2008,46.6500,46.6500,45.5300,46.3900,3567100.0000,40.1470
04/02/2008,46.6900,48.3900,46.5500,48.3800,2359300.0000,41.8692
04/03/2008,48.0900,48.8900,47.8800,48.5400,1702600.0000,42.0077
04/04/2008,48.5000,49.1200,48.4700,48.9100,1878000.0000,42.3279
04/07/2008,49.2700,50.2500,48.9600,49.1500,1756500.0000,42.5356
04/08/2008,48.4100,49.0000,48.1400,48.4300,1390900.0000,41.9125
04/09/2008,48.3300,49.5000,48.2700,49.3500,2108700.0000,42.7086
04/10/2008,49.4500,49.7500,48.4000,49.0300,1645400.0000,42.4317
04/11/2008,49.0900,49.2200,48.0800,48.2200,1558100.0000,41.7307
04/14/2008,48.1300,48.7400,47.9400,48.0000,1131900.0000,41.5403
04/15/2008,48.6800,49.1000,48.5600,49.1000,1178600.0000,42.4923
04/16/2008,49.9200,51.4500,49.9200,51.4300,2944600.0000,44.5087
04/17/2008,51.1200,51.2600,50.3900,50.8100,1292300.0000,43.9722
04/18/2008,49.5000,49.7000,48.8200,49.3000,2945600.0000,42.6654
04/21/2008,49.6000,49.6400,48.2200,48.7200,1842800.0000,42.1634
04/22/2008,48.3700,49.2300,47.9700,48.1300,1737200.0000,41.6528
04/23/2008,47.3500,47.4500,46.0800,46.2500,2760100.0000,40.0258
04/24/2008,45.9000,45.9000,44.1700,44.3100,4098500.0000,38.3469
04/25/2008,44.8300,45.3300,44.3800,45.3300,2262000.0000,39.2297
04/28/2008,45.2800,45.9000,44.3100,44.3100,1800900.0000,38.3469
04/29/2008,43.6200,43.6300,42.1700,42.5300,4684500.0000,36.8065
04/30/2008,42.8000,43.7800,42.4400,43.6000,3816200.0000,37.7325
05/01/2008,42.7500,43.0500,41.6100,42.6500,5422100.0000,36.9103
05/02/2008,42.7100,43.5800,42.6600,43.1800,1730000.0000,37.3690
05/05/2008,43.8400,44.2700,43.6300,44.1000,1812700.0000,38.1652
05/06/2008,44.2800,45.3200,44.2800,45.1900,1976200.0000,39.1085
05/07/2008,44.4400,44.8900,44.1600,44.4900,1128000.0000,38.5027
05/08/2008,44.8800,46.1000,44.8800,46.0800,2832200.0000,39.8787
05/09/2008,46.4400,46.5900,45.0000,45.9600,2583600.0000,39.7749
05/12/2008,45.9900,46.4900,45.4100,45.9800,2279100.0000,39.7922
05/13/2008,45.3100,45.7600,44.6700,45.3500,1567700.0000,39.2470
05/14/2008,45.2900,45.7300,44.6500,44.6800,1036800.0000,38.6671
05/15/2008,45.5100,46.3600,45.4300,46.2100,2346100.0000,39.9912
05/16/2008,47.0000,47.5400,46.8500,47.3200,3520000.0000,40.9518
05/19/2008,47.8300,48.1600,47.2500,47.5600,2845600.0000,41.1595
05/20/2008,47.7900,48.8500,47.7900,48.7200,2474600.0000,42.1634
05/21/2008,48.8400,49.8200,48.5800,48.7000,3507300.0000,42.1461
05/22/2008,48.6100,49.0700,47.6200,48.1800,2708200.0000,41.6961
05/23/2008,48.4400,48.8300,47.7500,47.7500,1630700.0000,41.3240
05/27/2008,46.8800,47.1400,46.1500,46.4400,1977100.0000,40.1903
05/28/2008,45.8000,46.9800,45.5900,46.9600,1478200.0000,40.6403
05/29/2008,45.8500,46.1200,45.1300,45.2500,1856500.0000,39.1604
05/30/2008,45.5900,46.1400,45.5500,46.0200,1099900.0000,39.8268
06/02/2008,46.0000,46.7500,45.9500,46.4100,940100.0000,40.1643
06/03/2008,45.6900,46.6100,45.4100,45.4500,1336800.0000,39.3335
06/04/2008,45.5600,45.5900,44.6000,44.6800,1528000.0000,38.6671
06/05/2008,44.4100,45.8300,44.3000,45.7900,1560500.0000,39.6277
06/06/2008,46.1900,47.2500,46.1900,46.6900,1915200.0000,40.4066
06/09/2008,46.6400,47.1300,46.2700,46.6500,1169400.0000,40.3720
06/10/2008,45.6900,45.8800,44.0400,44.2100,3007500.0000,38.2604
06/11/2008,44.5500,44.7800,44.0100,44.1100,1351000.0000,38.1738
06/12/2008,43.4200,43.4600,42.7000,43.1800,2248900.0000,37.3690
06/13/2008,42.8600,43.2600,42.7200,43.1500,1303300.0000,37.3430
06/16/2008,44.2300,44.5100,43.5700,43.6500,1048500.0000,37.7757
06/17/2008,43.5900,44.3900,43.5900,44.0400,866700.0000,38.1133
06/18/2008,44.2000,44.4100,43.8000,44.2800,1119000.0000,38.3210
06/19/2008,44.7500,45.1100,43.8300,44.0500,1767500.0000,38.1219
06/20/2008,44.0500,44.5700,43.4700,43.8400,2477800.0000,37.9402
06/23/2008,43.0800,44.2800,42.8700,44.2800,1889000.0000,38.3210
06/24/2008,44.2200,44.6500,43.8500,44.0600,1006800.0000,38.1306
06/25/2008,43.9900,44.1400,42.7900,43.8800,2043300.0000,37.9748
06/26/2008,45.0000,46.5200,45.0000,46.4200,3895200.0000,40.1730
06/27/2008,47.0800,48.7000,47.0400,48.2900,3392500.0000,41.7913
06/30/2008,48.1100,49.1700,47.0900,48.5900,2067900.0000,42.0509
07/01/2008,49.0700,50.0900,48.8000,49.5300,3006900.0000,42.8644
07/02/2008,49.5000,49.5000,47.9800,48.1400,1783200.0000,41.6615
07/03/2008,47.8400,47.8400,46.4300,47.0700,1658800.0000,40.7355
07/07/2008,46.0800,46.6000,45.6900,46.2500,1763500.0000,40.0258
07/08/2008,45.8800,45.8800,44.8000,45.5500,2949800.0000,39.4200
07/09/2008,45.6300,47.0500,45.3300,45.3600,1883900.0000,39.2556
07/10/2008,46.0100,47.1000,45.8600,46.6700,1885200.0000,40.3893
07/11/2008,47.9600,49.0900,47.9600,48.7100,4021200.0000,42.1548
07/14/2008,49.1500,50.9400,48.6000,50.8400,2378700.0000,43.9981
07/15/2008,51.4400,51.8400,48.9100,49.6000,5033500.0000,42.9250
07/16/2008,49.9200,49.9200,47.8700,48.5700,2379000.0000,42.0336
07/17/2008,48.2100,49.6000,47.1500,47.5500,2893400.0000,41.1509
07/18/2008,47.3300,48.1100,47.0700,47.5500,1331500.0000,41.1509
07/21/2008,48.1700,48.6900,47.2500,48.6900,1699400.0000,42.1375
07/22/2008,48.9000,49.0000,46.6200,47.0000,2508000.0000,40.6749
07/23/2008,46.7200,46.7500,44.3100,44.5700,4433700.0000,38.5719
07/24/2008,44.6600,44.9200,43.3100,44.0100,3448300.0000,38.0873
07/25/2008,44.3200,44.7100,43.3400,44.2600,2446900.0000,38.3036
07/28/2008,44.6300,45.4700,44.0000,44.6100,2224300.0000,38.6065
07/29/2008,44.5500,44.5500,43.1700,43.6700,3156000.0000,37.7931
07/30/2008,42.5000,43.4700,41.7200,43.1900,5464500.0000,37.3776
07/31/2008,44.3600,44.4200,43.2900,43.4800,2290800.0000,37.6286
08/01/2008,43.2000,44.0600,42.0000,42.4000,3886000.0000,36.6940
08/04/2008,42.0100,42.6100,40.2900,40.8500,6436200.0000,35.3525
08/05/2008,40.2000,40.2600,38.4300,38.5900,5147300.0000,33.3967
08/06/2008,38.9400,39.9300,38.9400,39.2100,3680700.0000,33.9333
08/07/2008,39.4400,39.7900,38.5600,38.9200,2572300.0000,33.6823
08/08/2008,38.0000,38.0000,36.2800,36.3000,5421900.0000,31.4149
08/11/2008,36.5200,36.7600,33.8600,34.4300,9889200.0000,29.7965
08/12/2008,35.0200,35.7500,34.3800,35.3700,6254000.0000,30.6100
08/13/2008,35.8400,37.6600,35.8000,37.5500,6282300.0000,32.4967
08/14/2008,37.1600,37.6700,35.8300,35.8700,3686600.0000,31.0427
08/15/2008,35.0000,35.2200,34.2600,34.4600,6607700.0000,29.8225
08/18/2008,35.1700,35.8100,35.0000,35.1100,4618800.0000,30.3850
08/19/2008,34.8900,36.5100,34.7000,36.1400,4109900.0000,31.2764
08/20/2008,36.1500,36.7900,35.4600,36.1800,3062000.0000,31.3110
08/21/2008,37.5800,38.5000,37.4500,38.3000,5749500.0000,33.1457
08/22/2008,37.8900,38.0400,36.8900,37.4900,2740600.0000,32.4447
08/25/2008,37.3200,37.9400,36.8000,37.0500,2120700.0000,32.0639
08/26/2008,36.7000,37.6600,36.6800,37.0200,2737200.0000,32.0380
08/27/2008,37.5800,38.2000,37.3700,37.8000,2169700.0000,32.7130
08/28/2008,38.7400,38.8800,37.3500,37.9200,2831400.0000,32.8169
08/29/2008,38.2200,38.2200,37.3500,37.6400,1674800.0000,32.5745
09/02/2008,35.6500,35.6800,34.9100,35.2500,3745200.0000,30.5062
09/03/2008,34.9100,35.5000,33.2900,33.5700,4802900.0000,29.0523
09/04/2008,34.0900,34.3900,32.1600,32.1800,6152400.0000,27.8493
09/05/2008,32.9700,33.3000,31.6500,32.6500,4943900.0000,28.2561
09/08/2008,33.6000,33.6000,30.9400,30.9400,5001400.0000,26.7762
09/09/2008,30.1500,30.1500,27.8900,28.1000,10857500.0000,24.3184
09/10/2008,28.5800,29.1000,27.4300,29.0800,8176700.0000,25.1665
09/11/2008,28.8000,29.2500,27.3500,28.2000,7511200.0000,24.4049
09/12/2008,29.7000,31.6900,29.0000,31.2500,10047700.0000,27.0445
09/15/2008,31.3100,32.0000,29.7400,30.3300,6408600.0000,26.2483
09/16/2008,29.4900,30.7300,28.6100,30.5500,6140300.0000,26.4387
09/17/2008,30.8900,34.9300,30.1100,34.1000,12870300.0000,29.5109
09/18/2008,35.5200,36.1400,33.2600,34.2000,11771700.0000,29.5975
09/19/2008,33.8100,35.4100,32.9000,35.2000,6476900.0000,30.4629
09/22/2008,36.1800,38.7300,36.1600,38.0900,8145700.0000,32.9640
09/23/2008,38.2400,38.2400,36.4600,37.1800,5181200.0000,32.1765
09/24/2008,37.7800,38.0700,36.9400,37.3900,3309300.0000,32.3582
09/25/2008,37.1500,37.6500,36.0300,36.4000,3710600.0000,31.5014
09/26/2008,36.9200,37.8200,35.2400,35.8300,4170900.0000,31.0081
09/29/2008,35.2900,36.1700,33.5400,34.0000,5882100.0000,29.4244
09/30/2008,33.9900,34.5800,33.4000,33.7900,3037200.0000,29.2427
10/01/2008,34.1900,35.4900,33.6500,33.7700,5119600.0000,29.2253
10/02/2008,33.0700,33.0700,28.4700,28.9500,9200800.0000,25.0540
10/03/2008,28.7500,30.9400,28.5400,29.0500,5121300.0000,25.1405
10/06/2008,30.2200,30.6300,25.3000,27.9000,9370300.0000,24.1453
10/07/2008,28.8200,29.2000,26.9300,27.3800,7163300.0000,23.6953
10/08/2008,28.6600,31.6500,28.2300,31.2600,9537600.0000,27.0531
10/09/2008,31.4000,31.4000,29.4100,30.2500,7924500.0000,26.1791
10/10/2008,30.0600,30.7300,24.6800,26.3400,11151400.0000,22.7953
10/13/2008,27.3800,28.4700,25.0200,26.8000,6280300.0000,23.1934
10/14/2008,27.6600,28.8100,26.8400,27.3900,6050700.0000,23.7039
10/15/2008,27.3500,27.4300,24.3600,24.3600,6690500.0000,21.0817
10/16/2008,24.7600,25.0800,21.5500,22.2000,9989200.0000,19.2124
10/17/2008,21.3700,24.2100,20.9700,21.6900,6352300.0000,18.7710
10/20/2008,22.3200,24.1900,22.0600,24.1900,3919300.0000,20.9346
10/21/2008,22.4600,23.2000,21.7600,21.8900,4833100.0000,18.9441
10/22/2008,20.9000,21.1100,18.1100,18.4900,7410000.0000,16.0017
10/23/2008,18.2600,19.5300,16.8000,17.4100,9348900.0000,15.0670
10/24/2008,15.8400,18.6900,15.8300,17.8000,8507900.0000,15.4045
10/27/2008,18.0000,18.3400,16.3300,16.3700,7306100.0000,14.1670
10/28/2008,17.1600,19.3100,16.4200,18.6900,5992000.0000,16.1748
10/29/2008,19.1700,21.3100,18.9100,20.8600,8772700.0000,18.0527
10/30/2008,21.8900,22.4500,19.9500,21.7000,6972900.0000,18.7797
10/31/2008,21.3800,21.8800,20.7800,20.9500,4134300.0000,18.1306
11/03/2008,20.9700,22.0500,20.9700,21.0100,5729300.0000,18.1825
11/04/2008,22.3600,24.4200,22.2200,23.9000,10658000.0000,20.6836
11/05/2008,23.6000,24.7200,22.9800,23.5000,6821500.0000,20.3375
11/06/2008,23.7300,24.2900,21.0100,21.9300,9625700.0000,18.9787
11/07/2008,21.7300,22.8300,21.2100,21.7500,6304100.0000,18.8230
11/10/2008,23.2900,23.7100,22.3700,23.1500,4108000.0000,20.0346
11/11/2008,22.4100,22.4100,20.9700,21.6400,5562700.0000,18.7278
11/12/2008,20.9900,21.2500,19.4000,19.4000,6160100.0000,16.7892
11/13/2008,19.6000,21.7500,17.7900,21.6600,9645400.0000,18.7451
11/14/2008,21.8400,22.6300,20.4600,20.5500,6590800.0000,17.7845
11/17/2008,20.3500,20.9300,19.3700,19.6600,5998800.0000,17.0142
11/18/2008,19.8800,20.4500,19.1300,19.5600,6385100.0000,16.9277
11/19/2008,19.9500,21.0700,18.6000,18.6100,9968300.0000,16.1055
11/20/2008,18.6100,19.4500,17.5900,18.2000,7875900.0000,15.7507
11/21/2008,20.2500,23.1400,19.6700,23.0300,8971200.0000,19.9307
11/24/2008,24.5000,25.9500,24.2400,24.6300,11438000.0000,21.3154
11/25/2008,25.5900,25.6900,23.6500,25.6900,11000600.0000,22.2327
11/26/2008,24.9200,26.2100,24.4100,26.1100,9035800.0000,22.5962
11/28/2008,26.3300,26.7100,25.5200,26.5700,2678100.0000,22.9943
12/01/2008,24.7800,24.9500,22.5000,22.5000,8826700.0000,19.4720
12/02/2008,23.8900,24.7200,23.7000,24.6900,8226600.0000,21.3673
12/03/2008,23.6500,24.8200,23.4000,24.0600,6129200.0000,20.8221
12/04/2008,23.9000,24.7800,22.9000,23.4200,8322800.0000,20.2682
12/05/2008,22.8900,23.4200,21.2000,23.2300,7252900.0000,20.1038
12/08/2008,25.0000,25.8900,24.6100,25.2600,7784000.0000,21.8606
12/09/2008,24.9800,26.1700,24.5200,25.4100,5868300.0000,21.9904
12/10/2008,27.0900,28.4500,26.9800,28.1300,10461900.0000,24.3444
12/11/2008,28.9200,29.9100,27.3700,28.0200,11312400.0000,24.2492
12/12/2008,27.5200,29.1600,27.1400,28.6700,7272700.0000,24.8117
12/15/2008,29.6500,30.8500,29.2700,30.3400,7198800.0000,26.2570
12/16/2008,32.3400,32.4200,29.8700,32.3400,11269900.0000,27.9878
12/17/2008,32.7800,33.8700,31.7400,32.1100,10521200.0000,27.7888
12/18/2008,31.8200,32.0400,29.0700,29.8400,9491900.0000,25.8242
12/19/2008,29.2200,30.6200,28.9600,30.5800,9190300.0000,26.4647
12/22/2008,31.2900,31.8100,29.2900,29.8300,4573100.0000,25.8156
12/23/2008,29.9200,30.9700,29.5800,30.7400,3648400.0000,26.6031
12/24/2008,30.7800,31.0000,29.8000,30.5900,1289200.0000,26.4733
12/26/2008,30.9600,32.5200,30.1800,32.2500,2961500.0000,27.9099
12/29/2008,33.1700,33.5100,32.4500,33.0300,5369300.0000,28.5849
12/30/2008,33.0000,33.0500,32.3100,33.0000,4096000.0000,28.5590
12/31/2008,32.5000,33.9200,32.2100,33.8800,4366200.0000,29.3206
01/02/2009,33.5100,34.4500,33.1800,33.3200,4846500.0000,28.8359
01/05/2009,31.9600,32.5800,31.3500,31.7400,7600000.0000,27.4685
01/06/2009,31.8300,33.2600,31.4200,32.6100,8024000.0000,28.2215
01/07/2009,32.3600,32.3600,29.5900,30.0500,6701100.0000,26.0060
01/08/2009,30.8900,31.7900,30.5400,31.7900,5023900.0000,27.5118
01/09/2009,31.5900,32.1100,30.4500,31.3100,4483800.0000,27.0964
01/12/2009,30.1900,30.2000,28.7000,28.9500,5878100.0000,25.0540
01/13/2009,28.9700,30.0000,28.6200,29.5200,8157700.0000,25.5473
01/14/2009,29.0800,29.5900,27.6700,28.2000,5975100.0000,24.4049
01/15/2009,28.3400,29.5400,27.1500,29.1300,6393100.0000,25.2098
01/16/2009,30.6300,31.0100,29.4400,30.9300,9829300.0000,26.7676
01/20/2009,31.0000,32.5100,30.6800,30.8800,7953200.0000,26.7243
01/21/2009,30.9000,31.7600,29.9400,31.6500,6469400.0000,27.3907
01/22/2009,31.4800,32.1700,31.0000,31.4600,4949200.0000,27.2262
01/23/2009,32.2700,34.6700,32.2300,34.1400,12221500.0000,29.5456
01/26/2009,35.2400,36.0000,33.5000,33.9700,11124400.0000,29.3984
01/27/2009,33.9900,34.1000,33.2700,33.4700,6611700.0000,28.9657
01/28/2009,33.2500,33.6100,32.3300,32.7300,7382000.0000,28.3253
01/29/2009,32.3200,34.5000,32.0000,34.4000,10768000.0000,29.7706
01/30/2009,35.5400,35.5500,33.5100,34.2300,11641400.0000,29.6235
02/02/2009,33.3500,34.0100,32.5000,32.9000,10268900.0000,28.4724
02/03/2009,33.4000,33.7400,32.5600,33.3600,9819200.0000,28.8705
02/04/2009,33.7000,34.3200,33.4300,34.0600,7304400.0000,29.4763
02/05/2009,34.9000,34.9200,34.0400,34.7000,11352400.0000,30.0302
02/06/2009,34.4200,35.5500,34.1400,35.4200,9257600.0000,30.6533
02/09/2009,34.8800,35.1500,34.0200,34.3700,6714800.0000,29.7446
02/10/2009,35.1900,35.4900,33.3400,34.0000,11841600.0000,29.4244
02/11/2009,34.4900,36.6900,34.1600,36.3300,17253800.0000,31.4408
02/12/2009,36.2400,36.4800,35.5500,36.4800,14511100.0000,31.5707
02/13/2009,36.0000,36.2000,35.2800,35.6800,6688300.0000,30.8783
02/17/2009,36.9600,37.8000,36.5600,37.0000,19199000.0000,32.0207
02/18/2009,37.0000,37.4800,35.6900,37.3700,13202300.0000,32.3409
02/19/2009,37.0800,37.3000,35.4200,35.6400,14361200.0000,30.8437
02/20/2009,36.7300,37.6400,36.0500,37.0300,19549300.0000,32.0466
02/23/2009,36.7500,37.2400,35.6400,36.4700,23079700.0000,31.5620
02/24/2009,36.5000,36.5000,33.2500,33.5000,18752000.0000,28.9917
02/25/2009,33.3400,34.7400,32.8400,32.9000,15972300.0000,28.4724
02/26/2009,32.6300,33.7200,32.1900,33.5000,12759700.0000,28.9917
02/27/2009,33.9200,34.2300,32.5200,33.3600,10805900.0000,28.8705
03/02/2009,33.5600,33.5600,30.7500,31.0900,11876500.0000,26.9060
03/03/2009,31.0000,32.1800,29.9200,31.6800,10155400.0000,27.4166
03/04/2009,32.2400,32.4500,30.8700,31.4000,7661700.0000,27.1743
03/05/2009,31.5000,33.0600,31.4200,33.0200,9317000.0000,28.5763
03/06/2009,33.5300,34.0300,32.3200,32.8800,10024500.0000,28.4551
03/09/2009,32.6500,32.6600,31.1800,31.5500,7637800.0000,27.3041
03/10/2009,31.3700,31.3900,29.2500,29.6700,13630000.0000,25.6771
03/11/2009,30.0800,31.6100,29.8700,31.3400,8957100.0000,27.1224
03/12/2009,31.8500,32.6800,31.3900,32.6800,8909900.0000,28.2820
03/13/2009,33.1900,33.3100,32.3800,33.0800,5889600.0000,28.6282
03/16/2009,32.6600,33.0900,32.3300,32.5600,5202400.0000,28.1782
03/17/2009,32.2400,32.4700,31.3700,31.8500,5770900.0000,27.5637
03/18/2009,31.4100,35.1500,30.6200,35.0700,16924400.0000,30.3504
03/19/2009,36.2900,37.5900,36.2900,37.4600,16878600.0000,32.4188
03/20/2009,36.8000,37.7100,36.4500,37.5500,12587100.0000,32.4967
03/23/2009,37.4100,38.2200,37.2000,37.7100,8232500.0000,32.6351
03/24/2009,36.5500,37.6500,35.8500,36.8600,9658100.0000,31.8995
03/25/2009,36.9500,38.4900,36.5500,38.4700,8568900.0000,33.2929
03/26/2009,38.9300,38.9300,37.8800,38.5700,6279800.0000,33.3794
03/27/2009,37.5100,37.6000,36.5900,37.0000,4935300.0000,32.0207
03/30/2009,35.9700,37.4600,35.7600,36.4000,6869100.0000,31.5014
03/31/2009,36.8200,37.4300,35.9700,36.8800,4479500.0000,31.9168
04/01/2009,37.7700,38.6800,37.4400,38.6000,5278700.0000,33.4054
04/02/2009,37.5400,37.7600,36.3100,37.1000,7861900.0000,32.1072
04/03/2009,36.8000,37.0500,34.2500,34.8700,10506200.0000,30.1773
04/06/2009,33.4000,33.5800,32.6200,33.2000,8965800.0000,28.7321
04/07/2009,33.5800,34.2600,33.4200,33.4300,5303800.0000,28.9311
04/08/2009,34.1800,34.2400,32.9700,33.5300,4742900.0000,29.0177
04/09/2009,33.4500,33.7700,33.0000,33.0400,4283100.0000,28.5936
04/13/2009,34.2000,34.3500,33.6900,33.7700,6771100.0000,29.2253
04/14/2009,33.9500,34.1500,33.3900,33.6900,4602900.0000,29.1561
04/15/2009,33.5900,34.1900,33.4800,33.8900,4718600.0000,29.3292
04/16/2009,33.9300,33.9300,31.9700,32.2800,8860100.0000,27.9359
04/17/2009,31.9500,32.0000,30.8000,30.9700,9359900.0000,26.8022
04/20/2009,31.5500,32.7000,31.5100,32.1900,8510700.0000,27.8580
04/21/2009,32.8500,32.9300,31.0000,31.4000,7639400.0000,27.1743
04/22/2009,31.8700,32.3000,31.3700,31.6000,6708900.0000,27.3474
04/23/2009,31.9900,33.4900,31.5900,32.7400,9615100.0000,28.3340
04/24/2009,33.3600,34.8600,33.3300,34.6500,8218700.0000,29.9869
04/27/2009,34.3200,34.7800,33.8400,34.3700,5867900.0000,29.7446
04/28/2009,33.3300,33.7400,32.8900,33.1100,5191000.0000,28.6542
04/29/2009,33.9900,34.3700,33.6500,33.8900,5773600.0000,29.3292
04/30/2009,33.2400,33.4300,32.7200,32.9100,5921600.0000,28.4811
05/01/2009,33.0000,33.4600,32.6800,33.0400,2971200.0000,28.5936
05/04/2009,33.6500,35.0500,33.4500,35.0300,5966100.0000,30.3158
05/05/2009,35.7400,35.8500,34.6400,34.7800,6769700.0000,30.0994
05/06/2009,35.6400,36.8600,35.6400,36.8600,7867600.0000,31.8995
05/07/2009,37.4700,37.8000,36.1200,36.5500,6784400.0000,31.6312
05/08/2009,36.5600,37.8500,36.4600,37.4600,6460500.0000,32.4188
05/11/2009,37.0700,37.6400,36.5500,37.3100,4986500.0000,32.2890
05/12/2009,37.9500,39.0500,37.7900,38.9600,8298600.0000,33.7169
05/13/2009,38.6000,39.5500,37.6200,37.9400,10390900.0000,32.8342
05/14/2009,37.6600,38.5400,36.9000,38.0500,5763300.0000,32.9294
05/15/2009,38.1300,38.7700,37.1200,37.6500,7719000.0000,32.5832
05/18/2009,37.6200,37.8500,36.5400,37.4900,4007300.0000,32.4447
05/19/2009,37.7500,39.3600,37.4800,38.4300,7209900.0000,33.2582
05/20/2009,39.3300,41.0000,39.3000,40.4700,16040800.0000,35.0237
05/21/2009,40.5000,41.6800,39.4600,41.2400,9632100.0000,35.6901
05/22/2009,41.9200,42.7200,41.7500,42.0500,9204600.0000,36.3911
05/26/2009,41.0000,42.0000,40.4100,41.8400,7286400.0000,36.2093
05/27/2009,41.9100,42.4400,41.0800,41.2200,7127300.0000,35.6728
05/28/2009,41.9400,43.4100,41.9400,43.0100,8672200.0000,37.2219
05/29/2009,44.4500,45.0000,43.7000,44.1600,13002600.0000,38.2171
06/01/2009,44.7300,45.1000,43.3900,43.4100,10206600.0000,37.5680
06/02/2009,43.7700,44.8900,43.6100,44.5500,9135500.0000,38.5546
06/03/2009,43.7400,43.8300,41.3000,42.1600,10839900.0000,36.4863
06/04/2009,42.7500,43.6200,42.3400,43.5100,9864900.0000,37.6546
06/05/2009,42.2500,43.2500,40.8200,41.3300,10246700.0000,35.7680
06/08/2009,40.5000,41.3000,39.8500,41.3000,9576700.0000,35.7420
06/09/2009,42.0800,42.1000,40.9000,41.0900,5323900.0000,35.5602
06/10/2009,41.9400,42.0000,40.3100,40.8000,5776600.0000,35.3093
06/11/2009,40.5100,41.7100,40.1000,40.9200,5545000.0000,35.4131
06/12/2009,39.9900,40.1800,39.2800,39.5400,8795500.0000,34.2188
06/15/2009,39.2800,39.3800,37.6800,37.9700,8499000.0000,32.8601
06/16/2009,38.8500,39.2400,37.8600,38.3700,7023200.0000,33.2063
06/17/2009,38.1300,38.4300,37.1300,38.2300,8442100.0000,33.0851
06/18/2009,38.3400,38.5000,37.0500,37.2000,7646300.0000,32.1938
06/19/2009,37.7100,38.6800,37.5600,38.3900,8648000.0000,33.2236
06/22/2009,37.4000,37.4000,35.6500,35.7400,10768600.0000,30.9302
06/23/2009,36.1800,37.3300,35.4600,37.3300,8370100.0000,32.3063
06/24/2009,38.1600,38.7100,37.7500,38.4900,7890100.0000,33.3102
06/25/2009,38.5000,40.0000,38.3000,39.9900,6125500.0000,34.6083
06/26/2009,40.2500,40.2600,39.1300,39.2000,5540900.0000,33.9246
06/29/2009,39.5000,39.7100,38.8600,39.1500,4046600.0000,33.8813
06/30/2009,39.1500,39.3500,37.6300,37.8100,5487600.0000,32.7217
07/01/2009,38.7000,39.9200,38.6000,39.4100,5890300.0000,34.1063
07/02/2009,38.3000,38.4700,37.7200,38.3100,3867400.0000,33.1544
07/06/2009,36.9500,37.2100,36.1800,36.9400,6927900.0000,31.9687
07/07/2009,36.9100,37.4000,36.5000,36.5100,5481700.0000,31.5966
07/08/2009,36.3000,36.5800,34.4500,35.1900,11077700.0000,30.4543
07/09/2009,35.6400,36.5000,35.2600,35.3100,4610400.0000,30.5581
07/10/2009,34.8100,35.5800,34.5800,35.1400,4228100.0000,30.4110
07/13/2009,35.0100,35.9300,34.0500,35.9300,5147500.0000,31.0947
07/14/2009,36.4900,36.8100,36.1900,36.7600,5434700.0000,31.8130
07/15/2009,38.1000,38.6100,38.0400,38.2900,6690700.0000,33.1371
07/16/2009,38.0000,38.6000,37.6600,38.3300,3940200.0000,33.1717
07/17/2009,38.4000,38.9400,38.1100,38.6400,3814700.0000,33.4400
07/20/2009,39.9500,40.3000,39.5200,40.2300,6699500.0000,34.8160
07/21/2009,40.6900,40.6900,38.8500,39.7400,6574700.0000,34.3919
07/22/2009,39.5000,40.3500,39.1300,39.7700,5225900.0000,34.4179
07/23/2009,39.5500,40.6900,39.4400,39.9600,5418300.0000,34.5823
07/24/2009,39.8100,40.4400,39.7400,39.9000,3454100.0000,34.5304
07/27/2009,40.3100,40.4600,39.6700,39.8500,3709900.0000,34.4871
07/28/2009,38.7800,38.9800,37.3500,38.3500,7435600.0000,33.1890
07/29/2009,37.7400,37.8600,37.0200,37.1800,6151800.0000,32.1765
07/30/2009,38.0900,38.5800,37.9700,38.1600,5209700.0000,33.0246
07/31/2009,38.2900,40.0500,38.0900,39.7700,5305800.0000,34.4179
08/03/2009,40.7200,41.2500,40.4700,40.7700,7058400.0000,35.2833
08/04/2009,40.7000,41.8700,40.3400,41.0800,4939600.0000,35.5516
08/05/2009,41.1500,41.3400,40.0800,40.9500,4436100.0000,35.4391
08/06/2009,41.3300,41.4000,40.2900,40.8500,5332000.0000,35.3525
08/07/2009,40.7200,41.0000,39.9000,39.9800,4095900.0000,34.5996
08/10/2009,39.3200,39.4600,38.9200,39.1000,3379200.0000,33.8381
08/11/2009,38.9500,39.0500,38.3700,38.4300,5056900.0000,33.2582
08/12/2009,38.3200,39.2100,38.2200,38.7900,3485200.0000,33.5698
08/13/2009,39.9000,40.1500,39.2800,39.8800,6098300.0000,34.5131
08/14/2009,40.1600,40.2000,38.8000,39.2100,4969200.0000,33.9333
08/17/2009,37.5600,37.8100,36.9900,37.3000,7318700.0000,32.2803
08/18/2009,37.5300,38.1400,37.5000,37.8700,4268600.0000,32.7736
08/19/2009,37.4600,38.5800,37.1100,38.2400,5892600.0000,33.0938
08/20/2009,37.9900,38.8600,37.9400,38.6100,2748200.0000,33.4140
08/21/2009,39.3800,39.9100,39.1000,39.3000,5600600.0000,34.0111
08/24/2009,39.4000,40.0000,38.7900,38.8900,5324000.0000,33.6563
08/25/2009,39.6900,39.9400,39.0400,39.2400,4862600.0000,33.9592
08/26/2009,39.1800,39.1800,38.4300,38.8200,4202000.0000,33.5957
08/27/2009,38.8600,39.7400,38.0600,39.5700,4836700.0000,34.2448
08/28/2009,40.2100,40.6300,39.7700,40.1800,5624400.0000,34.7727
08/31/2009,39.3900,39.5700,39.0800,39.5100,4245900.0000,34.1929
09/01/2009,39.1000,39.7700,38.3400,38.7900,6372400.0000,33.5698
09/02/2009,39.4000,42.6400,39.1800,42.4800,17974000.0000,36.7632
09/03/2009,43.1500,45.1800,42.7000,44.6500,23524600.0000,38.6412
09/04/2009,44.4200,45.3900,43.9000,45.0200,13293400.0000,38.9614
09/08/2009,46.9800,47.4500,45.0300,45.1100,21956700.0000,39.0392
09/09/2009,45.2200,45.5700,43.4700,44.1200,15785300.0000,38.1825
09/10/2009,43.7900,45.8000,43.6000,45.5400,16575600.0000,39.4114
09/11/2009,46.6700,47.2900,45.6700,46.0900,16190800.0000,39.8874
09/14/2009,45.2400,46.0000,45.0400,45.3900,12142500.0000,39.2816
09/15/2009,45.3400,47.0000,45.3400,46.8500,13140000.0000,40.5451
09/16/2009,48.0500,48.3600,47.6400,48.0000,16299400.0000,41.5403
09/17/2009,47.8000,48.4000,46.0700,47.7800,18540200.0000,41.3499
09/18/2009,47.2500,47.3000,45.3700,45.9200,13002600.0000,39.7402
09/21/2009,44.5000,45.3600,43.5000,45.1500,16952900.0000,39.0739
09/22/2009,46.7300,46.8400,45.8700,46.2600,9360600.0000,40.0345
09/23/2009,46.1100,46.3600,44.7300,44.8400,12289900.0000,38.8056
09/24/2009,45.3400,45.4700,43.2500,43.7400,11410300.0000,37.8536
09/25/2009,43.2700,43.7400,42.6700,43.0700,10547000.0000,37.2738
09/28/2009,43.2900,44.3800,43.0000,43.0400,5793200.0000,37.2478
09/29/2009,43.2500,44.7400,43.1000,44.4600,7640600.0000,38.4767
09/30/2009,45.4000,45.6600,43.8300,45.2900,10604900.0000,39.1950
10/01/2009,45.2900,45.3700,42.8100,43.0600,11245400.0000,37.2651
10/02/2009,42.6400,44.2200,42.2800,42.7600,13271500.0000,37.0055
10/05/2009,43.1000,44.8300,43.1000,44.5600,7808100.0000,38.5633
10/06/2009,46.5800,48.0700,46.3500,47.6000,17726600.0000,41.1942
10/07/2009,47.6500,48.0600,46.8500,47.9000,11827700.0000,41.4538
10/08/2009,48.5400,49.5200,47.6900,48.6900,17081400.0000,42.1375
10/09/2009,48.2900,48.7600,47.6300,48.2900,9855300.0000,41.7913
10/12/2009,48.9400,49.4000,47.8800,48.2800,7120900.0000,41.7826
10/13/2009,48.8100,49.7400,48.0100,49.1900,11942300.0000,42.5702
10/14/2009,49.6000,49.7300,48.9800,49.1300,8690600.0000,42.5183
10/15/2009,48.1500,48.8600,47.9800,48.1600,9913900.0000,41.6788
10/16/2009,47.9800,48.8600,47.6000,48.3800,12171200.0000,41.8692
10/19/2009,48.5200,48.8400,47.5500,48.5300,8294700.0000,41.9990
10/20/2009,48.7200,48.7300,46.8100,47.5000,8938200.0000,41.1076
10/21/2009,47.0300,49.0000,47.0100,47.3900,12517900.0000,41.0124
10/22/2009,47.0600,47.5200,46.3400,46.9900,10834100.0000,40.6663
10/23/2009,47.8100,47.9200,46.3600,46.6900,9369900.0000,40.4066
10/26/2009,46.7900,47.4000,44.3800,44.6900,14361100.0000,38.6758
10/27/2009,44.4100,44.7400,43.4300,44.4700,12606500.0000,38.4854
10/28/2009,43.9000,44.4100,41.6100,41.8700,18057500.0000,36.2353
10/29/2009,42.5500,44.3500,42.4000,43.8000,13254700.0000,37.9056
10/30/2009,43.5000,43.5300,40.9200,42.3700,17395900.0000,36.6680
11/02/2009,43.1300,44.2500,41.8100,42.8800,16954900.0000,37.1094
11/03/2009,42.4000,46.1900,42.2000,46.1800,22137000.0000,39.9653
11/04/2009,46.6400,47.3300,45.7200,46.5300,21205200.0000,40.2682
11/05/2009,46.6500,47.0000,46.0400,46.7200,11448800.0000,40.4326
11/06/2009,47.0000,48.3900,46.7600,47.6200,14085700.0000,41.2115
11/09/2009,49.1500,50.2000,49.0500,49.2800,15186300.0000,42.6481
11/10/2009,49.0700,49.9100,48.4000,49.6600,13192100.0000,42.9769
11/11/2009,50.8700,50.8900,49.6500,49.9000,12321100.0000,43.1846
11/12/2009,49.4500,49.9000,48.2100,48.4400,14504200.0000,41.9211
11/13/2009,48.4400,50.0300,48.3200,49.7800,13422500.0000,43.0808
11/16/2009,50.6700,51.8900,50.5500,51.3400,15491700.0000,44.4308
11/17/2009,50.4700,51.5900,50.1800,51.5300,10591000.0000,44.5953
11/18/2009,52.0000,52.4300,50.5600,50.9900,11689900.0000,44.1279
11/19/2009,50.2900,51.3500,49.2700,51.1000,12795700.0000,44.2231
11/20/2009,50.2700,50.9100,49.7900,50.8200,12129100.0000,43.9808
11/23/2009,52.3400,53.1100,51.3900,51.6800,13656800.0000,44.7251
11/24/2009,51.8800,51.9600,50.5400,51.4500,14639200.0000,44.5260
11/25/2009,52.1700,52.9600,51.8500,52.8300,10383300.0000,45.7203
11/27/2009,50.2900,51.7300,49.4100,50.8200,10088300.0000,43.9808
11/30/2009,50.6400,51.5900,50.3800,51.1100,14052600.0000,44.2318
12/01/2009,52.6000,54.2200,52.5000,53.6800,14080400.0000,46.4559
12/02/2009,54.4700,55.4000,54.2100,54.7800,17780100.0000,47.4079
12/03/2009,54.2200,54.6000,53.0700,53.5300,15821400.0000,46.3261
12/04/2009,52.5000,52.5700,49.4800,50.6900,31698100.0000,43.8683
12/07/2009,49.3900,50.7500,48.8000,49.7600,21137500.0000,43.0635
12/08/2009,49.0200,49.0800,47.4200,47.7500,21027900.0000,41.3240
12/09/2009,48.0400,49.2800,47.6300,48.7900,18644400.0000,42.2240
12/10/2009,49.2600,49.4200,48.2800,48.7400,10748700.0000,42.1807
12/11/2009,48.8400,49.0900,47.5100,47.8200,12582000.0000,41.3846
12/14/2009,48.4500,48.5400,47.5600,48.4700,8234300.0000,41.9471
12/15/2009,48.2300,48.6400,47.3300,47.4800,10858400.0000,41.0903
12/16/2009,48.1000,48.7400,47.7200,48.2100,12141300.0000,41.7221
12/17/2009,47.0400,47.2900,45.1700,45.2000,19775800.0000,39.1171
12/18/2009,45.5500,46.3000,44.9800,46.2900,15884200.0000,40.0605
12/21/2009,46.4400,46.6000,44.8000,45.4100,12100300.0000,39.2989
12/22/2009,45.5000,45.9600,44.8000,45.5100,13940400.0000,39.3854
12/23/2009,45.8000,47.3800,45.7500,46.9300,12614200.0000,40.7136
12/24/2009,47.5500,47.5700,46.9600,46.9600,4523300.0000,40.7397
12/28/2009,47.4000,47.5900,46.4900,46.8700,7292400.0000,40.6616
12/29/2009,46.9300,47.2900,46.3000,46.4300,7193000.0000,40.2799
12/30/2009,46.0100,46.2000,45.5900,45.8700,6923800.0000,39.7940
12/31/2009,46.4600,46.7000,46.0400,46.2100,7475300.0000,40.0890
01/04/2010,47.7800,48.2500,47.5600,47.7100,12508700.0000,41.3903
01/05/2010,47.9700,48.6800,47.4400,48.1700,13787800.0000,41.7894
01/06/2010,48.9200,50.0700,48.7100,49.3400,19322600.0000,42.8044
01/07/2010,49.3400,49.3700,48.5500,49.1000,13312000.0000,42.5962
01/08/2010,49.5100,49.8400,48.6300,49.8400,10719800.0000,43.2382
01/11/2010,51.0000,51.1600,49.9100,50.1700,12918100.0000,43.5245
01/12/2010,49.4800,49.8700,47.9400,48.3500,14794800.0000,41.9455
01/13/2010,48.6000,48.9600,47.5000,48.8600,9377500.0000,42.3880
01/14/2010,48.7800,48.9300,48.0200,48.6000,8445500.0000,42.1624
01/15/2010,48.0200,48.0800,47.0500,47.4200,14184100.0000,41.1387
01/19/2010,47.3400,47.8100,47.2800,47.6900,8578100.0000,41.3730
01/20/2010,46.6600,46.8500,44.8500,45.7300,21228000.0000,39.6726
01/21/2010,45.3100,45.6600,43.7200,43.7500,24757600.0000,37.9549
01/22/2010,43.3000,44.7800,42.9500,43.7900,26244900.0000,37.9896
01/25/2010,44.4500,44.5400,43.1300,43.1900,17791100.0000,37.4690
01/26/2010,42.6900,43.8600,42.3000,43.1300,17133300.0000,37.4170
01/27/2010,42.9400,43.2400,41.8200,42.7700,18111200.0000,37.1047
01/28/2010,43.1300,43.2300,41.1600,42.1700,28262300.0000,36.5841
01/29/2010,42.0000,42.5000,40.5300,40.7200,22948500.0000,35.3262
02/01/2010,41.2500,42.9500,41.2000,42.9400,18770400.0000,37.2521
02/02/2010,43.5200,43.7000,42.6800,43.0000,19421400.0000,37.3042
02/03/2010,43.0200,43.6100,42.5100,42.5700,13517700.0000,36.9312
02/04/2010,41.6500,41.7500,40.0500,40.2400,25283400.0000,34.9098
02/05/2010,40.1800,42.4100,39.4800,42.4100,33034700.0000,36.7923
02/08/2010,42.2600,42.5100,40.7700,40.7800,18173900.0000,35.3783
02/09/2010,41.7600,43.1100,41.5900,42.5700,24227600.0000,36.9312
02/10/2010,42.5800,42.7700,41.4100,42.3500,15919300.0000,36.7403
02/11/2010,42.5900,44.2300,42.3200,43.9900,18114400.0000,38.1631
02/12/2010,43.1500,43.9400,42.6500,43.9400,16589900.0000,38.1197
02/16/2010,45.1700,45.2300,44.5700,44.9100,15964000.0000,38.9612
02/17/2010,44.9000,45.3400,44.3300,44.7100,14755100.0000,38.7877
02/18/2010,44.6100,45.5600,44.6100,45.0600,15184500.0000,39.0913
02/19/2010,44.4300,45.7500,44.2100,44.5700,15114000.0000,38.6662
02/22/2010,44.9800,45.0100,43.8800,44.0900,12299900.0000,38.2498
02/23/2010,43.9300,44.1000,42.1900,42.5000,15431400.0000,36.8704
02/24/2010,42.2300,43.0500,42.0300,42.2500,12516800.0000,36.6535
02/25/2010,41.8600,43.6900,41.3500,43.4500,21464000.0000,37.6946
02/26/2010,43.8100,44.0400,43.0900,43.8900,10706200.0000,38.0763
03/01/2010,44.2000,44.7800,43.4900,44.6400,11664500.0000,38.7270
03/02/2010,45.1700,46.3900,44.9600,45.5100,21127800.0000,39.4817
03/03/2010,46.2600,46.9200,45.9600,46.3600,18235600.0000,40.2191
03/04/2010,46.1500,46.4700,45.2400,45.5800,15228300.0000,39.5425
03/05/2010,45.9500,46.7300,45.9400,46.4300,13823000.0000,40.2799
03/08/2010,46.7700,46.9800,45.8100,45.9500,9919600.0000,39.8634
03/09/2010,45.3500,46.1000,45.2500,45.5800,10594100.0000,39.5425
03/10/2010,45.8000,46.1400,44.6000,44.9600,16057900.0000,39.0046
03/11/2010,44.7900,45.3700,44.2500,45.3200,10309800.0000,39.3169
03/12/2010,45.5800,45.8300,44.7500,44.9900,9797100.0000,39.0306
03/15/2010,45.1200,45.2000,44.3200,44.9400,8384600.0000,38.9872
03/16/2010,45.7800,46.2700,45.5600,46.1200,14902600.0000,40.0109
03/17/2010,46.2000,46.7700,46.1300,46.2700,15113900.0000,40.1411
03/18/2010,46.3700,46.8400,45.5200,45.9700,12704600.0000,39.8808
03/19/2010,45.3100,46.0800,44.8700,45.3100,17280500.0000,39.3082
03/22/2010,44.6600,45.2900,44.2100,45.1400,12044100.0000,39.1607
03/23/2010,45.0200,45.7300,44.4400,45.2800,11287100.0000,39.2822
03/24/2010,44.3900,44.5000,43.3700,43.5000,18192200.0000,37.7380
03/25/2010,43.9800,44.0500,42.7200,42.9100,14569900.0000,37.2261
03/26/2010,43.1600,43.9400,42.7500,43.7100,12771600.0000,37.9202
03/29/2010,44.1900,44.4900,43.8500,44.3300,9462600.0000,38.4580
03/30/2010,44.4400,44.5200,43.5900,43.8600,10072700.0000,38.0503
03/31/2010,44.4800,44.7000,44.1600,44.4100,8492500.0000,38.5274
04/01/2010,45.4600,46.4400,45.3600,46.4000,12672400.0000,40.2538
04/05/2010,46.8600,47.2100,46.4000,46.9000,8188700.0000,40.6876
04/06/2010,46.6400,47.2900,46.5800,46.8100,9463300.0000,40.6095
04/07/2010,47.3200,48.5000,47.1500,48.1800,14321100.0000,41.7981
04/08/2010,48.0000,48.3600,47.6100,48.1900,8628700.0000,41.8067
04/09/2010,48.6600,49.1100,48.2100,48.6800,9311900.0000,42.2318
04/12/2010,48.5000,49.1100,48.0100,48.1400,8421500.0000,41.7633
04/13/2010,48.0200,48.0600,46.8600,47.7500,10893000.0000,41.4250
04/14/2010,48.2300,48.4500,47.6100,48.0900,7795500.0000,41.7200
04/15/2010,47.9600,48.2900,47.5500,47.5700,5925400.0000,41.2689
04/16/2010,47.0200,47.4500,45.7300,46.6500,20720900.0000,40.4707
04/19/2010,46.1200,46.6000,45.7000,46.5900,10560900.0000,40.4187
04/20/2010,47.0000,47.3100,46.4400,46.4600,6337400.0000,40.3059
04/21/2010,46.7000,47.2100,46.3600,46.9800,8103800.0000,40.7570
04/22/2010,46.4200,47.3600,46.0500,47.3600,7762600.0000,41.0867
04/23/2010,47.2100,48.3000,46.6800,48.2100,9274400.0000,41.8241
04/26/2010,48.2500,48.5600,47.9100,48.1300,5567100.0000,41.7547
04/27/2010,47.6900,48.6900,47.3200,48.2800,17820100.0000,41.8848
04/28/2010,48.4700,50.3300,48.3400,49.7000,17930100.0000,43.1167
04/29/2010,49.8200,50.6700,49.6400,50.3100,9864000.0000,43.6459
04/30/2010,50.8700,51.5400,50.5000,50.5100,12778500.0000,43.8194
05/03/2010,50.9200,51.0500,49.3700,49.8800,10052600.0000,43.2729
05/04/2010,50.2200,50.3100,48.4600,49.6600,22279200.0000,43.0820
05/05/2010,48.0600,49.8700,47.8900,49.2400,17606300.0000,42.7176
05/06/2010,49.1700,50.5000,48.0700,49.9400,23954100.0000,43.3249
05/07/2010,49.6700,50.4500,48.4100,49.1300,16601100.0000,42.6222
05/10/2010,49.5100,50.3400,49.0300,50.1400,15389200.0000,43.4984
05/11/2010,51.3900,54.2000,51.3200,53.6000,21796600.0000,46.5001
05/12/2010,54.0400,54.6300,53.2600,53.4300,22283300.0000,46.3526
05/13/2010,53.4700,53.8700,52.4300,52.6600,12815800.0000,45.6846
05/14/2010,53.4800,53.7100,51.3700,53.1500,17431200.0000,46.1097
05/17/2010,52.9700,53.0700,51.2100,51.8700,14198200.0000,44.9993
05/18/2010,51.2700,52.2600,50.9500,51.4900,14859300.0000,44.6696
05/19/2010,50.5000,50.7100,48.1000,49.4500,21950900.0000,42.8998
05/20/2010,48.1100,48.7800,46.7600,47.0500,25901600.0000,40.8177
05/21/2010,46.1700,47.7200,45.8800,47.2100,17751400.0000,40.9565
05/24/2010,48.0700,48.5400,47.5100,47.6400,11161700.0000,41.3296
05/25/2010,47.2200,49.0300,46.8900,48.9400,16751400.0000,42.4574
05/26/2010,50.0500,50.3800,48.8400,48.9900,11067000.0000,42.5008
05/27/2010,49.4200,50.4100,49.3200,50.1800,9490600.0000,43.5331
05/28/2010,49.8600,50.1900,49.3000,49.8600,7536800.0000,43.2555
06/01/2010,50.3000,51.1600,49.7200,49.8100,9029200.0000,43.2122
06/02/2010,49.8200,50.7000,49.5100,50.6700,6356700.0000,43.9582
06/03/2010,50.6100,51.0000,49.1500,49.8300,7316500.0000,43.2295
06/04/2010,49.1400,49.9000,48.6300,48.8100,9554600.0000,42.3446
06/07/2010,48.7000,50.8000,48.4000,50.1900,10433700.0000,43.5418
06/08/2010,50.7100,51.6300,50.3100,50.7200,12295100.0000,44.0016
06/09/2010,50.5000,51.0400,49.8300,50.2000,7962500.0000,43.5505
06/10/2010,50.1200,50.9000,50.0100,50.6600,6449900.0000,43.9496
06/11/2010,50.7900,50.9700,50.4100,50.7900,4276300.0000,44.0623
06/14/2010,50.9300,51.0400,49.8000,49.9000,6659900.0000,43.2902
06/15/2010,50.1700,51.1900,50.1500,51.1700,6474100.0000,44.3920
06/16/2010,50.9800,51.9700,50.8100,51.6600,7094800.0000,44.8171
06/17/2010,52.6200,53.2500,52.4800,52.9600,9942500.0000,45.9449
06/18/2010,53.8600,54.2300,53.5700,54.0600,10202400.0000,46.8992
06/21/2010,54.2700,54.4000,52.1700,52.5200,10914800.0000,45.5632
06/22/2010,52.5900,53.1700,52.1300,52.1400,6096000.0000,45.2335
06/23/2010,51.9000,52.6600,51.4200,52.4500,6464600.0000,45.5024
06/24/2010,52.1400,53.0700,51.9400,52.1800,8071600.0000,45.2682
06/25/2010,53.0400,54.3100,52.8000,53.8800,8479600.0000,46.7430
06/28/2010,53.9500,54.8300,52.9700,53.4000,12312700.0000,46.3266
06/29/2010,52.6000,52.8600,51.6500,51.9800,10291600.0000,45.0947
06/30/2010,51.7700,52.8000,51.7100,51.9600,6028700.0000,45.0774
07/01/2010,51.5300,51.8100,48.7900,49.6200,14999200.0000,43.0473
07/02/2010,50.0000,50.4800,49.2700,49.5800,7383000.0000,43.0126
07/06/2010,49.8300,49.9700,48.4800,48.9100,8130900.0000,42.4314
07/07/2010,48.9000,50.1100,48.5000,49.9900,7720100.0000,43.3683
07/08/2010,50.2300,50.4000,48.6200,49.3800,7610700.0000,42.8391
07/09/2010,49.9200,51.0000,49.9200,50.4800,6954000.0000,43.7934
07/12/2010,50.3900,50.9500,49.8300,50.1500,4625200.0000,43.5071
07/13/2010,51.3700,51.4800,50.2500,50.3900,8299600.0000,43.7153
07/14/2010,50.3700,51.0400,49.8800,50.2600,7023800.0000,43.6025
07/15/2010,50.6600,50.7300,49.5100,50.1700,5826200.0000,43.5245
07/16/2010,49.2500,49.2900,48.4200,48.5400,9591800.0000,42.1104
07/19/2010,48.1100,48.2000,46.9900,47.5300,8842000.0000,41.2342
07/20/2010,47.3800,48.6600,47.2300,48.5500,6985900.0000,42.1190
07/21/2010,49.0100,49.1600,47.8900,48.1800,6896800.0000,41.7981
07/22/2010,48.5700,49.5900,48.5200,49.1600,7207800.0000,42.6482
07/23/2010,49.3600,49.6400,48.8700,49.2100,8233600.0000,42.6916
07/26/2010,49.5000,49.5600,48.6000,48.8900,7215800.0000,42.4140
07/27/2010,48.5000,48.5400,46.8200,47.0900,17306800.0000,40.8524
07/28/2010,46.9100,47.5900,46.8000,47.3900,8290600.0000,41.1127
07/29/2010,47.7400,48.0300,47.1200,47.6800,7329300.0000,41.3643
07/30/2010,47.5800,48.4300,47.4500,48.2200,9818200.0000,41.8328
08/02/2010,48.9300,49.0500,47.6800,48.0500,6512800.0000,41.6853
08/03/2010,48.2800,48.8000,48.1300,48.3200,6389400.0000,41.9195
08/04/2010,49.3200,49.7600,49.1100,49.6200,11804700.0000,43.0473
08/05/2010,49.6000,49.7000,49.1700,49.6900,4171500.0000,43.1080
08/06/2010,50.1200,50.7000,49.9500,50.1700,6680500.0000,43.5245
08/09/2010,50.1700,50.2200,49.4800,50.1900,5638600.0000,43.5418
08/10/2010,49.4600,50.4900,49.1400,50.3700,8309300.0000,43.6980
08/11/2010,50.1600,50.3300,48.9900,49.0800,8253200.0000,42.5788
08/12/2010,49.7600,50.3600,49.7000,50.3100,7018800.0000,43.6459
08/13/2010,50.2700,50.3800,49.6500,49.7400,3979300.0000,43.1514
08/16/2010,50.3600,50.7900,50.1700,50.7100,5563700.0000,43.9929
08/17/2010,50.9400,51.3700,50.5300,51.2900,5996700.0000,44.4961
08/18/2010,50.8400,52.2200,50.5000,52.1300,8128500.0000,45.2248
08/19/2010,52.2200,52.5500,51.2100,51.7300,6209300.0000,44.8778
08/20/2010,51.1900,51.4600,50.5100,51.2800,6285900.0000,44.4874
08/23/2010,51.3700,51.4800,50.6600,50.9000,4604000.0000,44.1578
08/24/2010,49.7900,51.1500,49.5700,50.3000,7947800.0000,43.6372
08/25/2010,50.7500,52.0000,50.4100,52.0000,9649600.0000,45.1121
08/26/2010,51.9900,52.8300,51.9800,52.7300,8288000.0000,45.7454
08/27/2010,52.8100,53.4600,51.9800,53.3400,9827100.0000,46.2746
08/30/2010,53.2000,53.6900,52.9400,53.1200,5655100.0000,46.0837
08/31/2010,53.4200,54.4900,53.3100,53.6100,12207400.0000,46.5088
09/01/2010,54.1500,54.3300,52.7600,52.8500,7926200.0000,45.8495
09/02/2010,53.4600,53.7800,52.8100,53.5700,6963000.0000,46.4741
09/03/2010,53.1100,53.7000,52.7600,53.6900,6072000.0000,46.5782
09/07/2010,54.2600,54.5300,53.9200,53.9500,7737500.0000,46.8038
09/08/2010,54.2900,54.6900,53.6600,53.6700,6306500.0000,46.5608
09/09/2010,53.9400,54.0000,52.5000,52.6500,7008500.0000,45.6760
09/10/2010,52.4700,53.4800,52.4300,53.0400,5493200.0000,46.0143
09/13/2010,53.2000,53.4400,52.7200,53.0000,5218600.0000,45.9796
09/14/2010,53.9700,55.5900,53.9200,54.8800,14873400.0000,47.6106
09/15/2010,54.7300,55.1200,54.2600,54.6000,8739800.0000,47.3676
09/16/2010,55.1700,55.6700,54.8600,55.3600,9409700.0000,48.0270
09/17/2010,55.7300,55.7700,54.6800,54.7800,8981800.0000,47.5238
09/20/2010,55.1800,55.9000,54.9600,55.3400,9126700.0000,48.0096
09/21/2010,55.0900,55.7700,53.8500,55.6700,16432400.0000,48.2959
09/22/2010,56.2900,56.6700,55.8100,56.3700,10975400.0000,48.9032
09/23/2010,56.0900,56.5000,55.4800,55.7600,8142200.0000,48.3740
09/24/2010,56.6200,56.6200,55.4900,55.6700,9569200.0000,48.2959
09/27/2010,55.8500,55.9800,55.1500,55.3400,5841700.0000,48.0096
09/28/2010,55.0000,56.7500,54.2800,56.6600,15152200.0000,49.1548
09/29/2010,56.7800,56.8600,56.1000,56.5100,10175400.0000,49.0247
09/30/2010,56.7600,56.8100,54.9900,55.9300,12778900.0000,48.5215
10/01/2010,55.9300,57.2500,55.9300,56.6000,9595500.0000,49.1027
10/04/2010,56.3700,56.3700,55.2000,55.5500,7089800.0000,48.1918
10/05/2010,56.8100,57.8300,56.7200,57.2600,12005700.0000,49.6753
10/06/2010,57.4900,58.4100,57.2100,58.1200,11074600.0000,50.4214
10/07/2010,58.5800,58.5800,55.9700,56.5800,18951100.0000,49.0854
10/08/2010,56.6400,57.4600,56.6100,57.3000,8792800.0000,49.7100
10/11/2010,57.0300,57.7300,56.6000,57.4100,7204500.0000,49.8054
10/12/2010,56.9600,57.2800,56.1100,57.1700,9428600.0000,49.5972
10/13/2010,57.8000,58.8200,57.7500,58.5900,10926900.0000,50.8291
10/14/2010,58.4300,58.8800,57.8900,58.1900,8451000.0000,50.4821
10/15/2010,57.8700,58.0800,56.9200,57.4100,11031300.0000,49.8054
10/18/2010,57.0000,57.5100,56.5100,57.1400,7251600.0000,49.5712
10/19/2010,55.3600,55.4000,54.0100,54.5300,16650900.0000,47.3069
10/20/2010,54.6400,55.9000,54.6100,55.4600,11603300.0000,48.1137
10/21/2010,55.5000,55.9000,53.7800,54.2800,13814000.0000,47.0900
10/22/2010,54.3500,54.8900,53.8400,54.8900,7658800.0000,47.6192
10/25/2010,55.9800,56.1900,55.4000,55.7400,9001000.0000,48.3567
10/26/2010,55.0100,56.0700,54.8800,55.7900,6279700.0000,48.4000
10/27/2010,55.0100,55.0900,53.6700,54.6800,8954800.0000,47.4371
10/28/2010,55.4900,56.5000,55.0100,56.3600,8830400.0000,48.8945
10/29/2010,56.7200,57.4900,56.5200,57.3000,8511700.0000,49.7100
11/01/2010,57.5800,57.8700,56.7300,57.2300,6735500.0000,49.6493
11/02/2010,57.7600,57.8900,57.1500,57.6700,7036500.0000,50.0310
11/03/2010,57.5900,57.8400,56.1700,57.2300,15068800.0000,49.6493
11/04/2010,59.3400,60.0300,59.0800,59.9900,13991400.0000,52.0437
11/05/2010,59.6700,60.8500,59.5600,60.0900,10177600.0000,52.1304
11/08/2010,59.9700,61.8500,59.8900,61.7700,10841100.0000,53.5879
11/09/2010,62.8300,63.7600,59.1900,59.6700,25300200.0000,51.7661
11/10/2010,60.5000,61.4200,59.3000,61.3300,17318500.0000,53.2062
11/11/2010,61.5900,61.9100,60.4800,61.7800,10126300.0000,53.5966
11/12/2010,60.5100,61.4200,59.3600,60.0700,13211000.0000,52.1131
11/15/2010,60.2300,60.3900,59.2000,59.4700,7805600.0000,51.5926
11/16/2010,58.5100,58.7300,57.0500,57.6600,16198800.0000,50.0223
11/17/2010,57.5500,58.8600,57.5200,58.0400,9264000.0000,50.3520
11/18/2010,59.2700,59.5900,58.8100,59.0300,10379900.0000,51.2109
11/19/2010,58.6800,59.4100,58.3500,59.2800,7655600.0000,51.4277
11/22/2010,59.1300,60.2300,58.7300,60.0300,8650100.0000,52.0784
11/23/2010,59.9100,60.1900,59.1800,59.6200,10627800.0000,51.7227
11/24/2010,59.8400,60.1400,59.2600,59.6700,4914000.0000,51.7661
11/26/2010,58.3600,58.8500,58.2600,58.6100,3884200.0000,50.8465
11/29/2010,58.4200,58.9600,57.6100,58.8700,6868000.0000,51.0721
11/30/2010,58.9000,60.1200,58.7900,59.5000,10819500.0000,51.6186
12/01/2010,60.0200,60.4000,59.4300,60.2800,8486500.0000,52.2953
12/02/2010,60.7000,61.7200,60.7000,61.1800,9973000.0000,53.0761
12/03/2010,61.8000,63.1400,61.7400,62.7100,10234800.0000,54.4034
12/06/2010,63.0700,63.8800,62.8900,63.8000,8212400.0000,55.3490
12/07/2010,64.5800,64.6200,62.2800,62.3800,14763900.0000,54.1171
12/08/2010,61.8500,62.3000,60.7700,61.2000,11456300.0000,53.0934
12/09/2010,61.8000,61.8500,61.0300,61.4300,9156700.0000,53.2929
12/10/2010,61.1000,61.8300,60.6000,61.6600,7446700.0000,53.4925
12/13/2010,62.5800,62.9900,62.0200,62.2200,7754800.0000,53.9783
12/14/2010,62.3300,62.8200,61.8700,62.1300,6844900.0000,53.9002
12/15/2010,61.5900,62.1500,60.8400,60.9900,9763900.0000,52.9112
12/16/2010,60.8500,60.8700,59.5000,60.1700,10748800.0000,52.1998
12/17/2010,60.3100,60.4600,59.4000,60.4400,11315700.0000,52.4341
12/20/2010,60.6300,60.8700,59.8300,60.5700,5934300.0000,52.5469
12/21/2010,60.6500,60.8200,60.0700,60.5500,5673800.0000,52.5295
12/22/2010,60.5400,60.5900,59.8100,59.8400,4418900.0000,51.9136
12/23/2010,59.3700,60.3900,59.0000,59.8900,7247400.0000,52.3075
12/27/2010,59.9300,59.9300,58.9300,59.5400,3479200.0000,52.0018
12/28/2010,60.6200,61.2300,60.1300,61.0900,5314000.0000,53.3555
12/29/2010,61.3800,61.6000,60.9500,61.3100,4002400.0000,53.5477
12/30/2010,61.2700,61.5600,60.6100,60.8800,3477600.0000,53.1721
12/31/2010,61.1200,61.7400,60.9600,61.4700,4461500.0000,53.6874
01/03/2011,61.8100,62.0200,60.4000,60.7700,9097700.0000,53.0760
01/04/2011,60.0400,60.2100,58.0000,59.0200,13872000.0000,51.5476
01/05/2011,58.3400,58.6200,57.4900,58.2200,11490900.0000,50.8489
01/06/2011,58.2800,58.3600,56.5600,56.7400,13883700.0000,49.5563
01/07/2011,56.4700,57.7100,56.4000,56.7400,11027600.0000,49.5563
01/10/2011,56.8800,57.0600,56.2800,56.8900,7591100.0000,49.6873
01/11/2011,57.7000,58.1000,57.3000,58.0400,8288600.0000,50.6917
01/12/2011,58.2300,58.2400,57.3100,57.9000,7430200.0000,50.5694
01/13/2011,58.1500,58.1500,55.6900,56.0500,12741600.0000,48.9536
01/14/2011,55.5500,56.0500,54.6100,54.8800,17677900.0000,47.9318
01/18/2011,55.6500,56.0800,55.4400,55.8100,6702300.0000,48.7440
01/19/2011,56.3500,56.4100,54.9400,55.4700,8648800.0000,48.4471
01/20/2011,54.1900,54.6800,53.3800,54.6400,17410200.0000,47.7222
01/21/2011,54.4100,54.9600,53.9000,53.9400,16704300.0000,47.1108
01/24/2011,53.8900,54.5000,53.1200,53.4300,11997200.0000,46.6654
01/25/2011,52.7700,53.3200,52.4600,53.1200,17835300.0000,46.3946
01/26/2011,53.0200,55.2000,52.9500,55.1000,16728600.0000,48.1239
01/27/2011,55.0400,55.0400,53.3300,53.7300,14558900.0000,46.9274
01/28/2011,53.4700,55.3100,53.2700,54.2000,13555700.0000,47.3379
01/31/2011,54.1400,54.5200,53.4400,53.9200,8539200.0000,47.0933
02/01/2011,54.5700,55.5200,54.0100,55.4400,11419600.0000,48.4209
02/02/2011,55.5700,55.6400,54.5600,55.0300,6583300.0000,48.0628
02/03/2011,55.2700,56.7000,54.5400,56.5200,11667100.0000,49.3641
02/04/2011,56.9300,57.0300,55.9700,56.1100,8586900.0000,49.0060
02/07/2011,56.6600,56.8200,55.9300,56.1200,6296600.0000,49.0148
02/08/2011,56.9900,57.4600,56.7600,57.3500,8316700.0000,50.0891
02/09/2011,57.3700,57.6700,56.1000,56.4600,7190000.0000,49.3117
02/10/2011,55.8500,56.2600,55.2200,55.9300,7487800.0000,48.8488
02/11/2011,56.0200,56.7000,55.5100,55.7300,8777200.0000,48.6742
02/14/2011,55.9900,56.6500,55.9500,56.4600,4779600.0000,49.3117
02/15/2011,57.1000,57.7200,57.0200,57.5100,8398600.0000,50.2288
02/16/2011,57.7000,57.9400,56.9600,57.7400,6611200.0000,50.4297
02/17/2011,58.1300,58.4500,57.7800,58.4500,6277500.0000,51.0498
02/18/2011,58.7400,59.6600,58.6600,58.9800,7849900.0000,51.5127
02/22/2011,60.2000,60.3300,58.4300,58.4300,10995900.0000,51.0323
02/23/2011,58.9100,60.0600,58.6900,59.6100,9591100.0000,52.0629
02/24/2011,59.9500,60.0000,57.6300,57.7400,10741600.0000,50.4297
02/25/2011,58.2500,58.9500,58.1800,58.9500,6030200.0000,51.4865
02/28/2011,59.2400,59.9000,58.9200,59.8300,5107500.0000,52.2551
03/01/2011,60.3800,61.1500,60.2500,60.8000,10062600.0000,53.1023
03/02/2011,61.1000,61.2500,60.3600,60.7900,7046500.0000,53.0935
03/03/2011,60.1100,60.2000,59.1900,59.8700,8688500.0000,52.2900
03/04/2011,60.0800,60.8400,60.0600,60.4000,5798800.0000,52.7529
03/07/2011,61.2400,61.3000,59.7900,59.9500,8315100.0000,52.3599
03/08/2011,59.7600,59.8300,58.6000,59.4100,6310700.0000,51.8882
03/09/2011,59.6900,59.8800,58.5400,58.9400,5931000.0000,51.4777
03/10/2011,57.6000,57.8300,56.5500,56.8300,13804700.0000,49.6349
03/11/2011,56.3500,58.2400,56.1200,57.8200,8314400.0000,50.4995
03/14/2011,57.8100,58.0800,57.0500,57.8100,6208700.0000,50.4908
03/15/2011,55.0500,56.6500,54.7500,56.4800,13460200.0000,49.3292
03/16/2011,56.5300,56.9500,54.6800,55.2400,12467700.0000,48.2462
03/17/2011,55.6800,55.9700,55.0600,55.7200,7536000.0000,48.6654
03/18/2011,56.4900,57.0700,56.0800,56.6600,10996300.0000,49.4864
03/21/2011,57.7200,58.0500,57.2100,58.0200,6313200.0000,50.6742
03/22/2011,57.7200,58.5700,57.4400,58.1700,5635400.0000,50.8052
03/23/2011,58.4000,60.4300,58.3200,60.2800,8172200.0000,52.6481
03/24/2011,60.6900,61.3700,59.8000,59.9900,12404200.0000,52.3948
03/25/2011,60.1000,60.6100,59.2200,59.5200,7526500.0000,51.9843
03/28/2011,58.8900,59.5000,58.4400,58.4800,6115400.0000,51.0760
03/29/2011,58.4200,59.3800,58.0400,58.5400,7364500.0000,51.1284
03/30/2011,59.2700,59.7500,58.6500,59.6400,8175500.0000,52.0891
03/31/2011,60.2500,60.5900,59.8600,60.1000,6820900.0000,52.4909
04/01/2011,59.8800,60.2400,59.4300,59.7700,6738400.0000,52.2027
04/04/2011,60.0700,60.6900,59.7300,59.7500,4070600.0000,52.1852
04/05/2011,59.8300,62.7400,59.6800,62.7100,11402200.0000,54.7704
04/06/2011,63.2300,63.6800,62.3600,62.7700,9953500.0000,54.8228
04/07/2011,62.6600,63.4600,62.2800,62.5100,7358200.0000,54.5958
04/08/2011,63.5800,64.1400,63.3400,63.9500,7970000.0000,55.8534
04/11/2011,63.8400,63.8500,61.5400,62.1000,10108200.0000,54.2377
04/12/2011,61.7200,62.1900,60.5300,61.1100,10917800.0000,53.3730
04/13/2011,61.6800,61.8200,60.5100,60.8600,7912400.0000,53.1547
04/14/2011,60.9700,62.0000,60.8000,61.6400,10613900.0000,53.8359
04/15/2011,61.6800,61.9000,61.0400,61.4400,9797800.0000,53.6612
04/18/2011,61.3500,61.4500,59.5300,60.8300,13988800.0000,53.1285
04/19/2011,60.8500,61.7100,60.5600,61.6400,7253700.0000,53.8359
04/20/2011,62.3700,63.1100,62.0700,62.1000,10690700.0000,54.2377
04/21/2011,62.6500,62.9700,62.1600,62.6300,7236100.0000,54.7006
04/25/2011,62.8700,62.9000,60.9000,61.2400,9336200.0000,53.4865
04/26/2011,60.8000,60.8700,59.8000,60.2200,8200000.0000,52.5957
04/27/2011,60.6200,61.7800,59.5100,61.6100,12458900.0000,53.8097
04/28/2011,61.7800,62.5900,61.1100,61.2800,9883500.0000,53.5215
04/29/2011,61.5900,62.5000,61.1700,62.2000,10129400.0000,54.3250
05/02/2011,61.4500,62.1600,59.5900,60.1200,12053300.0000,52.5083
05/03/2011,59.8300,60.0500,57.5700,58.2200,19236200.0000,50.8489
05/04/2011,58.3300,58.8800,57.0300,58.3400,15991400.0000,50.9537
05/05/2011,57.3500,58.0500,55.2400,56.1100,23610000.0000,49.0060
05/06/2011,56.8600,57.6700,55.9500,56.0900,12707600.0000,48.9886
05/09/2011,56.8200,57.3100,56.2900,57.2100,8612300.0000,49.9668
05/10/2011,57.3600,57.4700,56.7300,56.7600,10316100.0000,49.5737
05/11/2011,56.6500,56.9400,54.4900,54.9100,15720200.0000,47.9580
05/12/2011,54.3100,55.4100,53.6100,54.6500,14713600.0000,47.7309
05/13/2011,54.6800,55.3300,53.3700,54.2100,13901400.0000,47.3466
05/16/2011,54.1500,55.4600,53.8300,54.4700,14157200.0000,47.5737
05/17/2011,54.2100,55.1400,53.6100,55.0100,14210100.0000,48.0453
05/18/2011,55.3400,55.9300,55.0300,55.3900,11678200.0000,48.3772
05/19/2011,55.3300,55.8500,55.0000,55.6000,7864500.0000,48.5606
05/20/2011,55.6000,56.5100,54.5400,55.7600,19310600.0000,48.7004
05/23/2011,55.3700,56.2900,54.9200,55.3400,11369900.0000,48.3335
05/24/2011,55.8700,56.8900,55.8300,56.6100,11177000.0000,49.4427
05/25/2011,56.7000,57.5000,56.3700,57.0800,8180600.0000,49.8532
05/26/2011,57.0500,57.2300,56.3100,57.1000,7962300.0000,49.8707
05/27/2011,57.4900,58.0900,57.4500,57.9200,7031300.0000,50.5869
05/31/2011,58.4600,58.5000,57.4200,58.1500,8879000.0000,50.7878
06/01/2011,58.0100,58.4000,57.0000,57.0700,9626300.0000,49.8445
06/02/2011,57.1500,57.6800,55.8200,56.6100,9937100.0000,49.4427
06/03/2011,56.3100,56.9600,56.0000,56.4900,9447200.0000,49.3379
06/06/2011,56.2600,56.8000,54.6200,54.8200,10447800.0000,47.8794
06/07/2011,55.2800,55.5000,54.4200,54.6700,9865400.0000,47.7484
06/08/2011,54.0800,54.4000,52.8000,53.4300,13321700.0000,46.6654
06/09/2011,53.6000,54.7600,53.2500,54.3700,9639300.0000,47.4863
06/10/2011,53.7500,53.9200,52.9000,53.4000,10939500.0000,46.6391
06/13/2011,53.1500,53.6600,52.1600,52.5200,9552300.0000,45.8706
06/14/2011,52.7200,53.7400,52.7200,53.3900,7111100.0000,46.6304
06/15/2011,53.0100,54.0500,52.5200,53.0600,11589200.0000,46.3422
06/16/2011,52.9000,53.0500,51.1000,51.7800,14785800.0000,45.2243
06/17/2011,51.8000,52.7000,51.5800,51.9700,12022000.0000,45.3902
06/20/2011,51.9600,52.6900,51.9500,52.2500,8240800.0000,45.6348
06/21/2011,52.6300,54.1400,52.5600,54.0100,11127400.0000,47.1719
06/22/2011,54.0800,55.4000,54.0300,54.6600,13614500.0000,47.7396
06/23/2011,53.2600,54.0100,52.5300,54.0100,17473700.0000,47.1719
06/24/2011,53.9000,53.9000,52.4300,52.5800,9523200.0000,45.9230
06/27/2011,52.2300,52.8600,51.8000,52.5200,8743900.0000,45.8706
06/28/2011,52.8300,53.4500,52.3100,53.1600,8985900.0000,46.4295
06/29/2011,53.8200,55.0000,53.4900,54.3700,11305800.0000,47.4863
06/30/2011,54.6600,54.8400,54.0500,54.5900,9545400.0000,47.6785
07/01/2011,54.2100,54.2400,53.0200,53.7400,10228300.0000,46.9361
07/05/2011,54.9300,55.7400,54.5500,55.4200,11813200.0000,48.4034
07/06/2011,55.8400,56.4700,55.6600,56.1300,9346200.0000,49.0235
07/07/2011,56.5500,56.9500,56.2500,56.2500,10928500.0000,49.1283
07/08/2011,56.6400,56.9800,55.9800,56.2900,8155800.0000,49.1633
07/11/2011,56.4700,56.8100,55.3100,55.6200,13055100.0000,48.5781
07/12/2011,55.5800,57.7500,55.5200,57.3700,16395200.0000,50.1065
07/13/2011,58.2900,59.9700,58.1600,59.2700,20717500.0000,51.7660
07/14/2011,60.0000,60.1200,58.7200,58.7800,16631100.0000,51.3380
07/15/2011,59.1000,59.7300,58.9300,59.7200,8716600.0000,52.1590
07/18/2011,60.3900,60.9900,60.2400,60.5800,13536900.0000,52.9101
07/19/2011,60.8700,60.9400,59.3400,59.6800,12716600.0000,52.1241
07/20/2011,59.3100,60.5400,59.0400,60.3500,8719100.0000,52.7092
07/21/2011,60.5900,60.7800,59.7400,60.0500,10937800.0000,52.4472
07/22/2011,60.4500,61.0000,60.1500,60.7600,6874300.0000,53.0673
07/25/2011,61.4300,61.7100,60.1300,60.2800,9478200.0000,52.6481
07/26/2011,60.2400,60.5700,59.8400,60.2900,6589300.0000,52.6568
07/27/2011,60.6000,60.9400,58.3500,58.4800,14018900.0000,51.0760
07/28/2011,58.1300,58.3000,57.1500,58.1300,12542600.0000,50.7703
07/29/2011,57.9300,57.9300,56.7600,56.8900,13971800.0000,49.6873
08/01/2011,56.9900,58.2300,56.7500,57.3600,10818000.0000,50.0978
08/02/2011,58.0800,59.0300,57.6300,58.4500,13021100.0000,51.0498
08/03/2011,59.1500,59.7700,58.9100,59.2000,12672400.0000,51.7048
08/04/2011,59.7100,59.7300,54.9200,55.9000,24418000.0000,48.8226
08/05/2011,56.2000,57.1600,53.7800,55.4200,17767700.0000,48.4034
08/08/2011,56.1900,57.9800,55.2700,55.4400,26913200.0000,48.4209
08/09/2011,56.3800,57.7200,54.9000,57.7000,23868200.0000,50.3947
08/10/2011,57.7300,60.5300,56.7200,59.3000,23957300.0000,51.7922
08/11/2011,58.9600,60.3400,57.7900,59.8500,20157100.0000,52.2725
08/12/2011,59.2100,59.4900,58.2300,59.2200,13455500.0000,51.7223
08/15/2011,59.0700,61.0000,58.6000,60.9000,11934000.0000,53.1896
08/16/2011,60.8700,61.2200,60.0000,60.2800,11112800.0000,52.6481
08/17/2011,60.3400,61.5600,60.2800,60.7400,8825900.0000,53.0499
08/18/2011,61.0400,61.1300,59.2900,59.7600,11366200.0000,52.1939
08/19/2011,60.6400,61.7600,60.4600,61.2600,15347500.0000,53.5040
08/22/2011,62.1300,64.0500,61.8500,63.7000,21888700.0000,55.6351
08/23/2011,62.5300,63.0600,60.6400,61.4900,22696900.0000,53.7049
08/24/2011,60.9300,61.2200,58.7900,59.9600,18463200.0000,52.3686
08/25/2011,59.0200,61.4500,58.5700,61.0700,15036200.0000,53.3381
08/26/2011,61.1700,62.5700,59.5800,62.4800,12205600.0000,54.5696
08/29/2011,62.7300,62.8400,61.1400,61.9500,12107900.0000,54.1066
08/30/2011,62.7000,63.2900,62.0800,63.0000,11241500.0000,55.0237
08/31/2011,63.0200,63.4500,61.9100,62.8000,11582100.0000,54.8490
09/01/2011,62.8900,63.9000,62.3200,63.3800,12892500.0000,55.3556
09/02/2011,64.3300,65.3400,64.2400,64.9100,18725800.0000,56.6919
09/06/2011,65.2700,66.6800,64.3800,65.3400,23412000.0000,57.0674
09/07/2011,63.7500,65.4600,63.1000,65.4300,15155100.0000,57.1461
09/08/2011,66.6400,66.9400,66.0000,66.6300,16666600.0000,58.1941
09/09/2011,65.9900,66.9800,65.3100,65.8000,14665800.0000,57.4692
09/12/2011,64.7500,65.6000,62.3400,63.9000,18843400.0000,55.8098
09/13/2011,63.9900,64.7500,62.8800,64.3900,10438400.0000,56.2377
09/14/2011,64.2700,64.3100,63.0000,63.1700,11954300.0000,55.1722
09/15/2011,62.6500,62.9000,61.3500,62.8000,14250700.0000,54.8490
09/16/2011,63.0100,64.2100,62.8600,64.1100,12489200.0000,55.9932
09/19/2011,64.0700,64.7600,63.2200,63.4800,12326100.0000,55.4429
09/20/2011,63.5500,66.3900,63.2100,65.6300,15775600.0000,57.3207
09/21/2011,65.4500,66.9000,64.2800,64.2800,16292300.0000,56.1417
09/22/2011,61.0700,61.2300,58.6500,59.3000,27372500.0000,51.7922
09/23/2011,57.5200,57.8400,54.9400,56.4100,30082300.0000,49.2681
09/26/2011,55.7600,57.5500,54.9800,57.3400,23422700.0000,50.0803
09/27/2011,59.4600,59.7000,56.7600,57.0700,26567200.0000,49.8445
09/28/2011,57.2700,57.9100,54.4900,54.5400,16821800.0000,47.6348
09/29/2011,55.5400,55.8800,54.0900,55.0300,17720900.0000,48.0628
09/30/2011,54.4100,56.5800,54.2500,55.1900,15197400.0000,48.2025
10/03/2011,56.2300,56.7200,54.4100,54.4500,16264400.0000,47.5562
10/04/2011,53.7500,53.7500,50.4200,52.5000,29700000.0000,45.8531
10/05/2011,52.6100,55.0200,52.1800,54.8900,20112000.0000,47.9405
10/06/2011,54.9900,56.2800,54.1300,56.2700,17540800.0000,49.1458
10/07/2011,56.6500,56.8500,54.2300,54.8800,14417500.0000,47.9318
10/10/2011,56.2900,56.8400,55.6800,56.8400,11984300.0000,49.6436
10/11/2011,56.3000,57.1000,55.7300,56.9100,11868600.0000,49.7048
10/12/2011,57.5400,57.8500,56.8500,57.3900,11025600.0000,50.1240
10/13/2011,56.8600,57.0000,55.6500,56.2800,11561200.0000,49.1545
10/14/2011,56.8800,58.0000,56.7300,57.9600,8425200.0000,50.6218
10/17/2011,57.8600,57.9800,56.4200,56.5900,8866200.0000,49.4253
10/18/2011,55.7800,57.1600,54.2800,56.9700,14667100.0000,49.7572
10/19/2011,56.5100,56.5300,53.4300,53.5500,17339800.0000,46.7701
10/20/2011,53.0100,53.7700,52.0300,53.1300,16157100.0000,46.4033
10/21/2011,54.1800,54.5600,53.4400,53.9800,9628300.0000,47.1457
10/24/2011,54.4000,56.2200,54.3900,56.0300,12321400.0000,48.9362
10/25/2011,56.1800,58.2200,54.9400,57.4500,20170000.0000,50.1764
10/26/2011,58.1400,58.6400,56.6900,57.9700,14249400.0000,50.6306
10/27/2011,58.8100,59.6400,58.1400,59.1100,16160500.0000,51.6262
10/28/2011,58.7900,60.8100,58.5500,60.4800,11921100.0000,52.8228
10/31/2011,59.7500,59.7700,58.7200,58.8300,10746500.0000,51.3817
11/01/2011,56.6300,59.3700,56.0300,58.5100,14572300.0000,51.1022
11/02/2011,59.5000,60.7500,58.9500,59.9600,11390400.0000,52.3686
11/03/2011,61.1100,61.8300,59.9900,61.8300,11762100.0000,54.0019
11/04/2011,61.1100,61.4700,59.9300,61.3000,7508000.0000,53.5389
11/07/2011,61.8600,63.3200,61.8500,63.3000,11832200.0000,55.2857
11/08/2011,63.0500,63.7000,62.5000,62.5000,11886800.0000,54.5870
11/09/2011,61.7800,63.0500,60.6700,60.6900,15054500.0000,53.0062
11/10/2011,61.0000,61.2100,59.2700,60.1700,14523500.0000,52.5520
11/11/2011,60.7400,62.5700,60.7400,62.3100,7928100.0000,54.4211
11/14/2011,62.0500,62.3900,60.8300,61.1700,7790100.0000,53.4254
11/15/2011,61.1000,61.6400,60.4200,61.3300,7028900.0000,53.5651
11/16/2011,60.5500,61.5500,60.2100,60.3100,7930400.0000,52.6743
11/17/2011,59.6300,59.8500,57.6300,57.8700,18674200.0000,50.5432
11/18/2011,58.1100,58.5500,56.7700,57.0600,12504500.0000,49.8358
11/21/2011,56.1300,56.2100,54.9200,56.2000,14780200.0000,49.0846
11/22/2011,56.7000,57.6200,56.2400,57.0400,12750700.0000,49.8183
11/23/2011,56.2900,56.4900,55.1100,55.4900,15222200.0000,48.4645
11/25/2011,54.9700,55.8400,54.7700,54.7900,5170700.0000,47.8532
11/28/2011,56.4700,56.9300,55.8000,56.2000,9859400.0000,49.0846
11/29/2011,56.2200,57.1100,56.0300,56.4600,7563000.0000,49.3117
11/30/2011,58.7000,60.5000,58.5600,60.4100,17914300.0000,52.7616
12/01/2011,60.3200,61.0100,59.6000,60.3000,11337300.0000,52.6656
12/02/2011,60.7200,60.8700,58.0700,58.2500,15115100.0000,50.8751
12/05/2011,58.2200,59.4800,57.5100,57.8600,10462500.0000,50.5345
12/06/2011,57.4900,59.4700,57.1000,59.0200,13805500.0000,51.5476
12/07/2011,59.0700,59.2900,58.2700,58.9600,11633100.0000,51.4952
12/08/2011,58.1200,58.2500,56.9700,57.2600,15134300.0000,50.0104
12/09/2011,57.4300,58.0600,57.0800,57.8300,8459300.0000,50.5083
12/12/2011,56.3100,56.3300,55.2000,55.8000,13465800.0000,48.7353
12/13/2011,55.9600,56.6700,53.7200,54.0400,17873300.0000,47.1981
12/14/2011,52.9200,53.2200,51.5300,52.3800,30181400.0000,45.7483
12/15/2011,53.0100,53.1400,51.5700,51.6800,20605600.0000,45.1369
12/16/2011,52.5000,53.1800,52.0400,52.6800,16285400.0000,46.0103
12/19/2011,52.4900,52.5500,51.0300,51.1700,15120200.0000,44.6915
12/20/2011,52.3800,53.2500,52.3700,52.9900,11644900.0000,46.2811
12/21/2011,53.1500,53.4300,52.4200,52.9600,8724300.0000,46.2549
12/22/2011,52.5600,52.6200,51.7700,52.4000,13179600.0000,45.7658
12/23/2011,52.5900,52.7900,52.3500,52.7900,4729000.0000,46.2387
12/27/2011,52.3700,52.5200,51.6800,51.8700,4786400.0000,45.4329
12/28/2011,51.7700,51.8700,50.0100,50.0600,14170400.0000,43.8475
12/29/2011,49.5200,51.2000,49.2200,51.2000,12196600.0000,44.8461
12/30/2011,51.6200,52.0800,51.0900,51.4300,10001400.0000,45.0475
01/03/2012,52.7900,54.0200,52.7600,53.8000,13011400.0000,47.1234
01/04/2012,53.6100,54.5400,53.3400,53.7400,8184000.0000,47.0709
01/05/2012,53.2600,54.2700,52.7600,53.9000,7415800.0000,47.2110
01/06/2012,54.1300,54.2900,53.2200,53.3500,7757700.0000,46.7292
01/09/2012,53.5500,53.9500,53.1800,53.6500,5513900.0000,46.9920
01/10/2012,54.8000,55.0700,54.3900,54.4700,6615000.0000,47.7103
01/11/2012,54.4600,54.5100,53.6700,54.3100,6838500.0000,47.5701
01/12/2012,54.8400,55.4500,54.3100,54.7200,8358700.0000,47.9292
01/13/2012,54.0400,54.1700,53.2300,54.0500,7322500.0000,47.3424
01/17/2012,54.5400,54.5400,52.8600,53.1800,8412800.0000,46.5803
01/18/2012,53.0700,53.5800,52.9500,53.2400,7007800.0000,46.6329
01/19/2012,53.1700,53.4200,51.5800,52.1500,12918900.0000,45.6782
01/20/2012,52.0700,52.7800,51.7500,52.1800,8845400.0000,45.7044
01/23/2012,52.4200,53.2700,52.4200,53.0100,12818900.0000,46.4314
01/24/2012,52.5100,52.5800,51.7100,51.8200,12761700.0000,45.3891
01/25/2012,51.5800,55.4100,51.2700,55.2300,26995600.0000,48.3759
01/26/2012,56.0600,56.7800,55.5100,55.7600,20174200.0000,48.8402
01/27/2012,55.8000,57.3700,55.7200,57.1400,14823200.0000,50.0489
01/30/2012,56.4000,56.9100,55.8000,56.4600,8660600.0000,49.4533
01/31/2012,57.5200,57.7100,55.7500,56.4600,14442300.0000,49.4533
02/01/2012,57.0400,57.1500,56.3700,56.5600,8178400.0000,49.5409
02/02/2012,57.0900,57.9400,56.6900,57.4700,10696000.0000,50.3380
02/03/2012,56.7700,56.9400,55.9500,56.4400,16557400.0000,49.4358
02/06/2012,56.0200,56.8000,55.8600,56.1800,9668400.0000,49.2080
02/07/2012,56.0900,56.6500,55.2900,55.8800,13118400.0000,48.9453
02/08/2012,56.1400,56.5300,55.3700,55.5400,8798100.0000,48.6475
02/09/2012,56.2000,56.4300,55.2500,55.2500,8596700.0000,48.3935
02/10/2012,54.5400,54.8400,54.0800,54.4900,9900900.0000,47.7278
02/13/2012,54.7600,54.9200,54.1300,54.3000,6050800.0000,47.5614
02/14/2012,54.3000,54.5500,53.1900,53.7700,10699100.0000,47.0971
02/15/2012,54.4300,54.4600,53.5200,53.5600,10014200.0000,46.9132
02/16/2012,52.9400,55.1500,52.6900,54.9500,15885900.0000,48.1307
02/17/2012,55.3000,55.3500,54.0400,54.1500,9653200.0000,47.4300
02/21/2012,55.0100,55.8500,54.7000,55.8200,11722700.0000,48.8927
02/22/2012,55.5800,57.0000,55.3100,56.8300,13146400.0000,49.7774
02/23/2012,57.0400,57.7100,56.7700,57.2600,14465100.0000,50.1540
02/24/2012,57.1500,57.2900,56.1800,56.4600,9122200.0000,49.4533
02/27/2012,56.2700,56.6400,55.7300,56.0600,8395400.0000,49.1029
02/28/2012,56.5500,57.4400,56.2000,57.3300,15019900.0000,50.2153
02/29/2012,57.5100,57.9100,54.8700,55.4000,34053800.0000,48.5248
03/01/2012,55.5400,56.3800,55.2100,55.8900,15032900.0000,48.9540
03/02/2012,55.3900,55.5300,54.5100,54.7900,12757700.0000,47.9905
03/05/2012,54.3400,54.4400,53.2200,53.6200,13539600.0000,46.9657
03/06/2012,52.5500,52.5800,51.6400,52.4700,20943600.0000,45.9585
03/07/2012,52.5800,52.9200,51.9300,52.6700,11751800.0000,46.1336
03/08/2012,53.2300,53.7100,52.4700,53.3200,9950500.0000,46.7030
03/09/2012,52.9500,53.9400,52.6400,53.2400,8384800.0000,46.6329
03/12/2012,52.9500,53.2400,52.2200,52.3700,8761400.0000,45.8709
03/13/2012,52.2100,52.8600,51.7900,52.1100,13602500.0000,45.6431
03/14/2012,51.3500,51.3500,49.6800,50.1200,24309200.0000,43.9001
03/15/2012,50.2300,50.9400,49.9200,50.1400,11196700.0000,43.9176
03/16/2012,49.9500,50.3100,49.8000,49.9300,11395500.0000,43.7337
03/19/2012,50.0700,50.5200,49.5900,49.6000,11432600.0000,43.4446
03/20/2012,48.9900,49.9900,48.4200,49.8600,15287200.0000,43.6724
03/21/2012,50.2700,50.5000,49.7200,49.7600,14024800.0000,43.5848
03/22/2012,48.7600,49.1300,48.4500,48.7500,11460500.0000,42.7001
03/23/2012,49.0800,50.0600,48.8300,49.7600,14594200.0000,43.5848
03/26/2012,50.8100,50.9500,50.2000,50.6300,12638700.0000,44.3468
03/27/2012,50.8400,50.8600,49.8000,49.9100,10166200.0000,43.7162
03/28/2012,49.6500,49.7500,48.6300,48.9300,14557900.0000,42.8578
03/29/2012,48.7600,49.0900,48.0500,49.0600,12259600.0000,42.9716
03/30/2012,49.6200,49.6300,48.8100,49.5400,9890400.0000,43.3921
04/02/2012,49.5400,50.7600,49.4200,50.3900,13114500.0000,44.1366
04/03/2012,50.4700,50.4700,48.3500,48.7500,17390400.0000,42.7001
04/04/2012,47.7300,47.7700,46.0100,46.7100,27237700.0000,40.9133
04/05/2012,46.9500,47.0800,46.0000,46.2000,11559200.0000,40.4666
04/09/2012,46.5900,47.1300,46.3900,46.4800,9302200.0000,40.7118
04/10/2012,46.4400,47.1900,45.9800,47.0400,18461300.0000,41.2023
04/11/2012,47.1600,47.2300,46.3600,46.4900,10167900.0000,40.7206
04/12/2012,46.4600,48.3300,46.4500,48.1500,14841700.0000,42.1746
04/13/2012,47.9200,48.0600,47.2500,47.5000,12925100.0000,41.6052
04/16/2012,47.3400,47.7400,46.3900,46.6400,12576000.0000,40.8520
04/17/2012,46.8200,47.7100,46.4800,47.1100,10549000.0000,41.2636
04/18/2012,46.6500,47.2600,46.4000,46.6300,10432800.0000,40.8432
04/19/2012,46.9500,47.2700,46.4400,46.6100,10358700.0000,40.8257
04/20/2012,46.7300,47.0600,46.1000,46.1200,10535400.0000,40.3965
04/23/2012,45.4100,45.4500,44.1800,45.0400,19325900.0000,39.4505
04/24/2012,45.3500,45.4700,44.7900,45.1400,10375100.0000,39.5381
04/25/2012,45.4700,46.3900,45.1000,46.2900,21177600.0000,40.5454
04/26/2012,46.3200,46.4500,45.8700,46.2500,12882600.0000,40.5104
04/27/2012,46.8600,47.1100,46.5100,46.8000,9498400.0000,40.9921
04/30/2012,46.3700,46.5700,45.7100,46.3900,9197900.0000,40.6330
05/01/2012,46.4100,46.9000,46.1200,46.4400,8883700.0000,40.6768
05/02/2012,46.0700,46.1000,45.3000,45.6600,10172800.0000,39.9936
05/03/2012,45.0400,45.1500,43.4000,43.8800,19120600.0000,38.4345
05/04/2012,43.8200,44.7400,43.7900,44.0500,14631400.0000,38.5834
05/07/2012,44.0900,44.3900,43.0900,43.6700,13775000.0000,38.2505
05/08/2012,42.7400,42.8500,41.7300,42.1700,23654800.0000,36.9367
05/09/2012,41.3900,43.6300,41.1000,43.0200,28890800.0000,37.6812
05/10/2012,43.5500,43.8900,42.6800,43.0900,18881400.0000,37.7425
05/11/2012,42.5800,43.3000,42.3300,42.4200,12632900.0000,37.1557
05/14/2012,41.5700,42.2600,40.9500,40.9700,21789800.0000,35.8856
05/15/2012,40.9700,41.3400,39.2500,39.3400,24527000.0000,34.4579
05/16/2012,39.4500,40.6600,39.0800,39.5600,28720000.0000,34.6506
05/17/2012,40.1800,41.9700,40.1200,41.3400,30740700.0000,36.2097
05/18/2012,42.1900,42.8100,41.4400,41.6200,21909600.0000,36.4549
05/21/2012,41.6400,43.1200,41.6300,43.0100,13536300.0000,37.6724
05/22/2012,42.9600,43.7600,42.2000,42.5400,20767800.0000,37.2608
05/23/2012,42.1200,44.4400,41.3000,44.4400,31400000.0000,38.9250
05/24/2012,44.7500,45.2800,43.7000,44.6300,21742500.0000,39.0914
05/25/2012,44.7400,45.1500,44.3900,44.9100,12572600.0000,39.3367
05/29/2012,45.4200,45.4800,43.6800,44.0900,16699100.0000,38.6184
05/30/2012,43.4300,44.8300,42.7200,44.2400,20220700.0000,38.7498
05/31/2012,44.3200,44.8500,43.1400,43.7800,15763700.0000,38.3469
06/01/2012,44.8300,46.8700,44.7800,46.5800,35430300.0000,40.7994
06/04/2012,46.9200,47.3500,45.8600,47.3300,20460800.0000,41.4563
06/05/2012,47.1000,47.6000,46.8500,47.5300,14154900.0000,41.6315
06/06/2012,48.3800,48.7200,46.9100,47.6200,24414600.0000,41.7103
06/07/2012,47.7000,47.7500,45.4300,45.9900,28584100.0000,40.2826
06/08/2012,45.3600,46.6400,45.0700,46.3300,14443000.0000,40.5804
06/11/2012,46.6600,46.7100,45.5300,45.6600,13785700.0000,39.9936
06/12/2012,46.1200,46.9400,46.0100,46.7600,13719300.0000,40.9571
06/13/2012,47.1300,47.4800,46.6200,46.7900,13250500.0000,40.9833
06/14/2012,47.1400,47.1700,46.2000,46.9300,15090600.0000,41.1060
06/15/2012,47.0900,47.1200,46.5600,46.9200,12873200.0000,41.0972
06/18/2012,46.3300,47.9200,46.1500,47.7300,13099100.0000,41.8067
06/19/2012,47.7800,47.8900,47.2200,47.6800,10395000.0000,41.7629
06/20/2012,47.1000,48.3500,46.5000,47.2700,21410300.0000,41.4038
06/21/2012,46.2700,46.3800,44.8000,44.8200,17763000.0000,39.2578
06/22/2012,44.7400,45.3500,44.0300,44.5800,13971400.0000,39.0476
06/25/2012,44.1200,45.4500,43.8700,45.1600,11187900.0000,39.5556
06/26/2012,44.7600,45.2300,43.9000,44.4500,10339500.0000,38.9337
06/27/2012,44.7000,44.8000,43.6800,44.2800,9853800.0000,38.7848
06/28/2012,43.7200,44.0000,42.6000,43.3100,15493700.0000,37.9352
06/29/2012,44.9900,45.0800,44.1400,44.7700,12481800.0000,39.2140
07/02/2012,44.4500,45.0400,44.3800,44.7600,6302200.0000,39.2053
07/03/2012,45.4800,46.5700,45.4600,46.4500,11298800.0000,40.6855
07/05/2012,46.0000,46.4200,45.6800,45.7700,8584600.0000,40.0899
07/06/2012,45.0100,45.4100,44.2500,44.4300,12260200.0000,38.9162
07/09/2012,44.3100,44.5100,43.8000,44.2500,8547200.0000,38.7586
07/10/2012,44.6700,44.8400,42.6500,42.8700,14906800.0000,37.5498
07/11/2012,42.5400,42.5500,41.4900,41.9700,16633700.0000,36.7615
07/12/2012,41.2000,42.0600,40.4600,41.7100,24067000.0000,36.5338
07/13/2012,42.0600,42.5100,41.7500,42.3100,13690600.0000,37.0593
07/16/2012,42.3700,42.4300,41.9000,42.1600,7989500.0000,36.9279
07/17/2012,42.1100,42.1900,41.0000,41.7000,12185200.0000,36.5250
07/18/2012,41.2900,41.5800,41.0000,41.1200,8492600.0000,36.0170
07/19/2012,41.5500,41.8800,41.3600,41.5900,7725100.0000,36.4287
07/20/2012,41.3500,41.8700,41.3100,41.7200,8173800.0000,36.5425
07/23/2012,40.9900,41.0600,40.5100,40.7000,10124000.0000,35.6491
07/24/2012,41.0500,41.1700,40.4000,40.7200,8483400.0000,35.6666
07/25/2012,41.5500,42.6300,41.1500,41.9600,14456000.0000,36.7528
07/26/2012,42.0800,42.9600,41.8100,42.8300,13397600.0000,37.5148
07/27/2012,43.0300,43.2900,42.4000,43.1300,12202100.0000,37.7776
07/30/2012,43.0100,43.7700,42.9100,43.7200,7071700.0000,38.2943
07/31/2012,43.7400,43.9800,42.7800,42.8300,9413800.0000,37.5148
08/01/2012,42.5900,43.0500,41.0900,42.2500,30714900.0000,37.0068
08/02/2012,41.9900,42.8900,41.6500,42.0400,11901900.0000,36.8228
08/03/2012,42.5500,43.0100,42.3300,42.8600,14580100.0000,37.5411
08/06/2012,42.9300,44.1600,42.8400,43.7300,12916100.0000,38.3031
08/07/2012,44.0400,44.2500,43.7700,44.2300,8880400.0000,38.7410
08/08/2012,44.0700,44.8900,43.9200,43.9900,10652200.0000,38.5308
08/09/2012,44.0000,44.7300,43.7300,44.5600,8443400.0000,39.0301
08/10/2012,44.4800,44.9000,44.3500,44.8500,5845300.0000,39.2841
08/13/2012,45.0000,45.3400,44.0700,44.2400,8020400.0000,38.7498
08/14/2012,44.0700,44.5400,43.8600,43.9300,6268600.0000,38.4783
08/15/2012,44.0100,44.1900,43.7000,44.1500,4683000.0000,38.6710
08/16/2012,44.3900,45.6700,44.2600,45.6500,14382600.0000,39.9848
08/17/2012,45.7500,45.9000,45.0600,45.3400,7456000.0000,39.7133
08/20/2012,45.3200,45.7700,44.8500,45.6200,6397600.0000,39.9585
08/21/2012,46.3600,47.2300,46.0800,46.3800,16393800.0000,40.6242
08/22/2012,46.4500,47.5000,45.9500,47.5000,15922200.0000,41.6052
08/23/2012,47.9600,48.1500,47.3500,47.4200,14891700.0000,41.5352
08/24/2012,47.3400,47.7800,47.0600,47.5700,7617800.0000,41.6665
08/27/2012,47.5900,47.6700,46.7900,46.9000,8282900.0000,41.0797
08/28/2012,47.0700,47.3900,46.8000,46.8500,7093000.0000,41.0359
08/29/2012,46.9600,47.0100,46.2600,46.3900,8076100.0000,40.6330
08/30/2012,46.4200,46.5900,45.8500,46.0200,8065700.0000,40.3089
08/31/2012,46.4300,48.0600,45.9600,47.9400,26221700.0000,41.9906
09/04/2012,48.0700,48.1400,47.3200,47.7700,10668700.0000,41.8417
09/05/2012,47.7300,47.9800,47.2900,47.9300,6741300.0000,41.9819
09/06/2012,48.4600,49.1600,48.2000,49.1300,15134600.0000,43.0330
09/07/2012,50.2600,50.7300,50.0800,50.4600,18402500.0000,44.1979
09/10/2012,50.3000,50.4200,49.4000,49.4800,11893500.0000,43.3395
09/11/2012,49.9300,50.3500,49.5800,49.8100,9796700.0000,43.6286
09/12/2012,50.1900,50.2400,48.7100,50.0100,18235400.0000,43.8037
09/13/2012,49.8900,52.5300,49.2400,52.5200,32409600.0000,46.0023
09/14/2012,53.0300,54.0800,53.0000,53.8600,27035600.0000,47.1760
09/17/2012,54.0200,54.2000,53.1300,53.8900,12992700.0000,47.2022
09/18/2012,53.7900,54.3200,53.3700,54.3200,16323500.0000,47.5789
09/19/2012,54.5100,54.9500,53.9000,54.7900,15389300.0000,47.9905
09/20/2012,54.1300,54.4100,53.6700,54.3600,11582300.0000,47.6139
09/21/2012,55.1100,55.2500,54.3100,54.8100,13869600.0000,48.0081
09/24/2012,54.0600,54.2300,52.9300,52.9600,16072900.0000,46.3876
09/25/2012,53.7100,53.9600,52.1600,52.1700,17410200.0000,45.6957
09/26/2012,51.5500,52.7800,50.9000,52.4000,18635900.0000,45.8971
09/27/2012,53.0900,53.9900,52.6000,53.8900,17141300.0000,47.2022
09/28/2012,53.6900,54.1200,53.2100,53.6900,10909100.0000,47.0271
10/01/2012,54.2100,54.6100,53.7000,53.9300,10912600.0000,47.2373
10/02/2012,54.0400,54.2000,53.2500,53.5900,10223300.0000,46.9395
10/03/2012,53.6800,53.6800,52.6200,52.7200,11934900.0000,46.1774
10/04/2012,53.4900,54.2500,53.2900,54.2500,14103200.0000,47.5176
10/05/2012,53.9900,54.6400,53.4200,53.6500,12997100.0000,46.9920
10/08/2012,53.1700,53.5400,52.8900,53.2300,7563400.0000,46.6241
10/09/2012,53.4300,53.6600,52.0500,52.0800,13256500.0000,45.6169
10/10/2012,51.9700,53.0000,51.7800,52.4800,11006200.0000,45.9672
10/11/2012,52.8200,53.1300,52.4600,52.4900,7463700.0000,45.9760
10/12/2012,52.5900,52.7200,51.5400,51.6600,10958100.0000,45.2490
10/15/2012,51.2700,51.6800,50.8100,51.6400,10377700.0000,45.2315
10/16/2012,51.9600,52.6700,51.9600,52.6700,11357500.0000,46.1336
10/17/2012,52.7600,53.4000,52.2200,53.1100,10937100.0000,46.5190
10/18/2012,52.5600,52.7300,51.5200,51.5200,14783900.0000,45.1264
10/19/2012,51.3500,52.0000,50.7600,51.7300,19920000.0000,45.3103
10/22/2012,51.6200,52.4800,51.5600,52.4300,10197500.0000,45.9234
10/23/2012,51.2300,51.4800,50.9200,50.9600,14897400.0000,44.6358
10/24/2012,51.3500,51.5000,49.9800,50.0600,15897400.0000,43.8475
10/25/2012,51.2900,51.7300,51.0200,51.5900,17175500.0000,45.1877
10/26/2012,51.7100,51.8800,51.0000,51.2400,8553500.0000,44.8811
10/31/2012,51.8800,52.9700,51.8600,52.9000,17965000.0000,46.3351
11/01/2012,52.4600,52.5400,52.0000,52.0100,10229600.0000,45.5555
11/02/2012,51.3200,51.4000,49.7400,49.7600,20450400.0000,43.5848
11/05/2012,50.0400,50.2500,49.3900,49.3900,10855400.0000,43.2607
11/06/2012,50.0200,50.4900,49.3900,50.3400,18612700.0000,44.0928
11/07/2012,50.7100,51.1200,49.6400,51.0700,15286700.0000,44.7322
11/08/2012,50.7700,51.8200,50.2000,51.4100,15624700.0000,45.0300
11/09/2012,51.4700,51.6200,50.6600,50.6700,10771000.0000,44.3818
11/12/2012,50.7000,50.9400,49.9800,50.0400,7668700.0000,43.8300
11/13/2012,49.4600,50.1300,49.2500,49.4800,10448100.0000,43.3395
11/14/2012,49.4200,49.4500,47.1600,47.2200,25574300.0000,41.3600
11/15/2012,47.1500,47.1900,45.5000,45.9700,29679400.0000,40.2651
11/16/2012,45.9000,46.7700,45.3500,46.4700,22350700.0000,40.7030
11/19/2012,47.5600,47.8500,47.2100,47.7700,15537800.0000,41.8417
11/20/2012,47.5400,47.7300,47.0800,47.3600,10107900.0000,41.4826
11/21/2012,47.3400,48.1400,47.0000,48.0800,8856600.0000,42.1133
11/23/2012,48.3500,49.0000,47.8800,48.7400,12737700.0000,42.6914
11/26/2012,48.5000,48.7500,47.8600,48.7500,12536000.0000,42.7001
11/27/2012,48.2700,48.4800,47.4600,47.4600,18502000.0000,41.5702
11/28/2012,46.5800,47.9200,46.2500,47.9000,14299200.0000,41.9556
11/29/2012,48.1300,48.4700,47.5600,48.0400,9941800.0000,42.0782
11/30/2012,47.7600,48.2800,47.0600,47.5500,11111000.0000,41.6490
12/03/2012,47.5200,47.6600,46.4300,46.4800,14753700.0000,40.7118
12/04/2012,45.8800,46.9800,45.7300,46.6500,11930500.0000,40.8607
12/05/2012,46.6800,46.7000,45.2200,45.3500,16368500.0000,39.7220
12/06/2012,45.3300,46.1400,45.2500,45.5500,13228400.0000,39.8972
12/07/2012,45.9600,46.2000,45.6600,45.9300,10047800.0000,40.2301
12/10/2012,46.3000,46.6700,46.1000,46.5200,9836300.0000,40.7468
12/11/2012,46.3800,46.7200,46.2300,46.2800,7457600.0000,40.5366
12/12/2012,46.7200,47.9600,46.6100,47.6300,23020300.0000,41.7191
12/13/2012,46.5600,46.8900,45.9700,46.3400,15955300.0000,40.5892
12/14/2012,46.1500,46.7500,45.9600,46.4800,12424800.0000,40.7118
12/17/2012,46.3200,46.7000,46.0600,46.5100,9087200.0000,40.7381
12/18/2012,46.5200,46.6100,45.3900,45.7500,14998700.0000,40.0724
12/19/2012,45.5300,45.8000,45.2800,45.3600,10954600.0000,39.7308
12/20/2012,44.8500,45.2000,44.1600,45.0700,14517200.0000,39.4768
12/21/2012,44.6700,45.5500,44.6600,45.1800,11377700.0000,39.5731
12/24/2012,44.8600,44.9000,44.1800,44.8500,5888200.0000,39.6900
12/26/2012,45.0300,45.2400,44.6800,45.1500,7026700.0000,39.9554
12/27/2012,44.7600,45.9000,44.6900,45.4400,17914700.0000,40.2121
12/28/2012,45.2900,45.6900,44.8800,44.9300,10707600.0000,39.7608
12/31/2012,45.0000,46.5900,44.9500,46.3900,16214700.0000,41.0528
01/02/2013,47.2300,47.5300,46.9100,47.1000,13210600.0000,41.6811
01/03/2013,46.7400,47.0600,45.0700,45.1400,22829200.0000,39.9466
01/04/2013,44.7900,45.3300,44.5000,45.3300,16822300.0000,40.1147
01/07/2013,44.8500,45.0500,44.4400,44.4800,15483900.0000,39.3625
01/08/2013,44.5200,44.7000,43.9900,44.6500,11815600.0000,39.5130
01/09/2013,44.6200,44.7200,44.1300,44.3600,7690400.0000,39.2563
01/10/2013,44.8600,45.5900,44.8500,45.4100,16542800.0000,40.1855
01/11/2013,45.3400,45.4900,44.8900,45.4000,12013900.0000,40.1767
01/14/2013,45.6800,45.7600,45.1900,45.2300,8074700.0000,40.0262
01/15/2013,45.5200,45.9600,45.0400,45.5900,9774200.0000,40.3448
01/16/2013,45.2900,45.4200,45.1000,45.2100,8441200.0000,40.0085
01/17/2013,44.9500,45.4500,44.5400,45.0000,12326900.0000,39.8227
01/18/2013,45.2500,45.2500,44.9000,45.1100,8141400.0000,39.9200
01/22/2013,45.0300,45.9200,44.8800,45.8200,12118800.0000,40.5484
01/23/2013,45.6200,45.7200,44.5400,44.5600,16697100.0000,39.4333
01/24/2013,44.2200,44.4200,43.1000,43.2300,25261700.0000,38.2563
01/25/2013,42.9500,43.0600,41.9000,41.9200,35696400.0000,37.0971
01/28/2013,41.9600,42.0800,41.3900,41.4800,18548900.0000,36.7077
01/29/2013,42.1200,42.4200,41.8400,42.2500,16484400.0000,37.3891
01/30/2013,42.9300,43.1400,41.9000,41.9600,19525600.0000,37.1325
01/31/2013,41.8700,41.9300,41.4000,41.6200,12440500.0000,36.8316
02/01/2013,42.2700,42.3900,41.5500,42.2200,17063300.0000,37.3625
02/04/2013,42.0300,42.8800,41.9900,42.3400,9921100.0000,37.4687
02/05/2013,42.5900,42.6700,42.0600,42.2600,7646100.0000,37.3979
02/06/2013,42.2200,42.6200,42.1700,42.5400,8173500.0000,37.6457
02/07/2013,42.1100,42.9400,42.0000,42.6000,9787300.0000,37.6988
02/08/2013,42.5700,42.7700,42.3100,42.3200,5593600.0000,37.4510
02/11/2013,41.9400,41.9700,41.3600,41.4700,11962600.0000,36.6988
02/12/2013,41.4200,41.9900,41.1400,41.9200,11065200.0000,37.0971
02/13/2013,41.8000,42.0800,41.1600,41.2000,14594300.0000,36.4599
02/14/2013,41.3900,42.0100,41.3500,41.3600,9956400.0000,36.6015
02/15/2013,40.8300,40.8300,39.8300,39.8900,22895700.0000,35.3006
02/19/2013,39.7700,39.7700,39.1600,39.3700,15353800.0000,34.8404
02/20/2013,38.7100,38.8800,37.3900,37.4500,37094600.0000,33.1413
02/21/2013,37.6100,38.7100,37.4900,38.1200,23221700.0000,33.7343
02/22/2013,38.2200,38.4600,37.7200,37.9300,11323300.0000,33.5661
02/25/2013,38.4800,39.0000,38.2900,38.5700,17100500.0000,34.1325
02/26/2013,38.7600,39.2900,38.1400,39.0500,19392300.0000,34.5573
02/27/2013,38.6700,38.7200,38.1400,38.2600,14560700.0000,33.8581
02/28/2013,38.0900,38.1000,37.2200,37.4000,15832200.0000,33.0971
03/01/2013,37.5400,37.7800,37.0200,37.1100,13137000.0000,32.8405
03/04/2013,37.0400,37.1200,35.8900,35.9100,24525200.0000,31.7785
03/05/2013,36.3900,36.6500,35.9000,35.9300,17759700.0000,31.7962
03/06/2013,35.8900,37.4500,35.5700,37.4400,33784100.0000,33.1325
03/07/2013,37.5300,38.0600,36.8700,36.9100,22037400.0000,32.6635
03/08/2013,36.5700,37.5800,36.3100,37.1100,23003100.0000,32.8405
03/11/2013,37.2200,37.3300,36.7800,36.9600,11375600.0000,32.7077
03/12/2013,37.5700,38.2000,37.4400,37.8800,21810500.0000,33.5219
03/13/2013,37.9400,38.0300,36.7300,36.8700,18937900.0000,32.6281
03/14/2013,36.6900,37.4600,36.5700,37.2500,12373800.0000,32.9643
03/15/2013,37.2600,37.5700,37.1000,37.3400,12569800.0000,33.0440
03/18/2013,37.8300,38.0900,37.3600,37.4800,9937400.0000,33.1679
03/19/2013,37.4500,37.8500,37.2400,37.5800,12018400.0000,33.2564
03/20/2013,37.5500,37.7100,37.3100,37.4500,8447200.0000,33.1413
03/21/2013,37.7300,38.5800,37.6500,38.4300,17376100.0000,34.0086
03/22/2013,38.1300,38.5500,37.9900,38.1600,10310300.0000,33.7696
03/25/2013,37.9500,38.1300,37.3900,37.6700,14494300.0000,33.3360
03/26/2013,37.5100,37.6700,37.0300,37.3800,19264000.0000,33.0794
03/27/2013,37.2000,38.0800,37.1200,38.0000,16701600.0000,33.6281
03/28/2013,37.7700,37.9300,37.5500,37.8500,7672800.0000,33.4953
04/01/2013,37.8400,37.8800,37.2000,37.4500,12218000.0000,33.1413
04/02/2013,36.9700,36.9900,35.8000,35.8800,22194000.0000,31.7520
04/03/2013,35.7600,36.1800,34.0200,34.2500,42315900.0000,30.3095
04/04/2013,34.0900,35.4200,33.7100,35.2200,29846900.0000,31.1679
04/05/2013,35.6500,35.9900,34.8300,35.0600,21249100.0000,31.0263
04/08/2013,35.0900,35.3000,34.5100,34.6500,18689700.0000,30.6635
04/09/2013,34.8400,36.2900,34.6700,36.0300,20471900.0000,31.8847
04/10/2013,35.5500,35.7800,34.6200,34.6500,26201600.0000,30.6635
04/11/2013,34.6200,34.9800,34.1800,34.1800,15927900.0000,30.2476
04/12/2013,33.3900,33.4500,32.1100,32.2200,40555900.0000,28.5131
04/15/2013,30.2400,30.2500,28.9900,29.0200,74239200.0000,25.6812
04/16/2013,30.1800,30.2800,28.6300,28.8200,38723200.0000,25.5042
04/17/2013,28.8400,29.2000,27.2700,27.3800,47828900.0000,24.2299
04/18/2013,27.6500,28.5600,27.4700,28.2200,31983200.0000,24.9733
04/19/2013,28.6900,28.9600,27.8700,28.5900,22404900.0000,25.3007
04/22/2013,29.2000,29.3500,28.5000,28.9700,18280600.0000,25.6370
04/23/2013,28.5800,28.6800,28.0000,28.3200,16850200.0000,25.0618
04/24/2013,28.9000,30.4300,28.8700,30.2300,34054000.0000,26.7520
04/25/2013,30.8200,31.2700,30.3600,30.5800,30995200.0000,27.0617
04/26/2013,30.5900,30.7700,29.2100,29.4600,27488000.0000,26.0706
04/29/2013,29.9800,30.2400,29.6900,29.9100,14765000.0000,26.4688
04/30/2013,29.6800,30.3600,28.9900,30.3600,19689400.0000,26.8671
05/01/2013,29.4600,30.0900,29.1200,29.6500,27633100.0000,26.2387
05/02/2013,29.8800,29.9600,29.3700,29.6300,12825400.0000,26.2210
05/03/2013,29.6100,30.2800,29.4600,29.6900,14874300.0000,26.2741
05/06/2013,29.7500,29.8200,29.5500,29.7300,7885300.0000,26.3095
05/07/2013,29.1100,29.2400,28.6200,28.8500,21191600.0000,25.5308
05/08/2013,29.2500,30.5000,29.1800,30.4400,33362600.0000,26.9378
05/09/2013,29.8000,30.9600,29.7400,29.8500,22262200.0000,26.4157
05/10/2013,29.1400,29.8300,28.8200,29.8100,20007800.0000,26.3803
05/13/2013,29.3500,29.5000,29.0300,29.0300,11824200.0000,25.6901
05/14/2013,28.8700,29.4600,28.6200,28.7100,14384500.0000,25.4069
05/15/2013,28.2200,28.4400,27.3500,27.4000,31353000.0000,24.2476
05/16/2013,27.0200,27.9100,26.6800,27.4800,21859900.0000,24.3184
05/17/2013,27.1400,27.1900,26.3600,26.3800,23628300.0000,23.3449
05/20/2013,26.3200,28.1800,26.2400,28.0200,39215400.0000,24.7963
05/21/2013,27.2400,27.7700,26.8600,27.3200,24521400.0000,24.1768
05/22/2013,27.7700,28.6600,27.2700,27.6700,38650700.0000,24.4865
05/23/2013,28.2400,28.2800,27.6900,27.8700,15396700.0000,24.6635
05/24/2013,27.7500,28.1900,27.3100,27.5000,19892600.0000,24.3361
05/28/2013,27.4400,28.0300,27.0200,27.2200,21388200.0000,24.0883
05/29/2013,27.4500,28.5000,27.3600,28.5000,28924800.0000,25.2210
05/30/2013,29.1500,30.1000,29.0500,30.0600,39676500.0000,26.6016
05/31/2013,29.6100,29.8500,29.1300,29.5000,20244000.0000,26.1060
06/03/2013,29.8000,30.5800,29.6600,30.3600,22263600.0000,26.8671
06/04/2013,29.8700,29.9700,29.4000,29.8400,18458000.0000,26.4069
06/05/2013,29.8800,30.3600,29.5300,29.9300,16816400.0000,26.4865
06/06/2013,29.9300,30.4900,29.7000,30.3000,17932900.0000,26.8140
06/07/2013,29.5100,29.6400,28.7500,28.9900,21212000.0000,25.6547
06/10/2013,29.0200,29.4100,28.6800,29.0900,14144800.0000,25.7432
06/11/2013,28.4100,28.7100,28.0600,28.1300,21145700.0000,24.8936
06/12/2013,28.1700,28.8500,28.0700,28.3500,17782700.0000,25.0883
06/13/2013,28.1400,28.6600,27.9500,28.6300,17264300.0000,25.3361
06/14/2013,28.7900,28.8200,28.0700,28.1200,12271700.0000,24.8848
06/17/2013,28.1200,28.4000,27.9500,28.1900,8644600.0000,24.9467
06/18/2013,27.9800,28.1300,27.2800,27.3800,19369600.0000,24.2299
06/19/2013,27.4900,27.7000,26.4200,26.5100,21733700.0000,23.4600
06/20/2013,25.1400,25.4400,24.1600,24.5500,67786300.0000,21.7255
06/21/2013,24.8700,25.0100,23.9500,24.9000,32954800.0000,22.0352
06/24/2013,24.3200,24.4100,23.5200,23.7500,36549500.0000,21.0175
06/25/2013,23.8200,24.0500,23.3800,23.6600,23530200.0000,20.9379
06/26/2013,22.7700,22.8900,22.2100,22.2200,46923300.0000,19.6636
06/27/2013,22.5400,23.0400,22.4000,22.7900,49234300.0000,20.1680
06/28/2013,22.5000,24.6600,22.4600,24.4900,75335700.0000,21.6724
07/01/2013,24.9000,25.2000,24.3100,24.8900,32205000.0000,22.0264
07/02/2013,24.7400,24.7800,23.4600,23.7500,34482700.0000,21.0175
07/03/2013,24.0200,24.3300,23.7600,24.1800,21909200.0000,21.3981
07/05/2013,23.3700,23.4300,22.7900,23.4200,43649000.0000,20.7255
07/08/2013,23.6400,23.7100,22.9000,22.9000,21770700.0000,20.2653
07/09/2013,23.3000,23.6600,23.0300,23.2200,20635900.0000,20.5485
07/10/2013,23.3300,23.6300,22.9200,23.1900,22679700.0000,20.5220
07/11/2013,24.5200,24.9800,24.2200,24.9700,38637300.0000,22.0972
07/12/2013,24.5500,24.7200,24.0600,24.3700,23268700.0000,21.5662
07/15/2013,24.3700,24.5800,24.1500,24.2900,12949200.0000,21.4954
07/16/2013,24.5100,25.6700,24.5100,25.6500,35463700.0000,22.6989
07/17/2013,25.7600,25.9900,24.8600,24.8800,37268500.0000,22.0175
07/18/2013,25.1400,25.2700,24.7000,24.7800,16323800.0000,21.9290
07/19/2013,25.1300,25.8900,24.9800,25.8600,27363400.0000,22.8848
07/22/2013,26.9500,27.7600,26.7900,27.4400,43719300.0000,24.2830
07/23/2013,27.3900,28.3500,27.0800,28.3500,39798800.0000,25.0883
07/24/2013,28.1000,28.2000,26.3900,26.9500,43653900.0000,23.8494
07/25/2013,26.7500,27.7000,26.7200,27.2100,28249400.0000,24.0795
07/26/2013,26.9000,27.6000,26.6100,27.5800,25046200.0000,24.4069
07/29/2013,27.6500,27.7200,27.2200,27.2300,19000000.0000,24.0972
07/30/2013,27.2200,27.3800,26.8500,27.0600,17316000.0000,23.9467
07/31/2013,27.0800,27.6800,26.3900,26.9900,27347600.0000,23.8848
08/01/2013,27.1000,27.1500,26.1000,26.1700,28548000.0000,23.1591
08/02/2013,26.1500,26.5300,25.5200,25.5900,32483200.0000,22.6458
08/05/2013,25.6200,26.0400,25.3400,25.4300,18584400.0000,22.5043
08/06/2013,25.0000,25.0200,24.0300,24.0300,38664100.0000,21.2653
08/07/2013,23.9400,24.4900,23.8900,23.9400,19506600.0000,21.1857
08/08/2013,24.3800,26.0900,24.2700,26.0000,65972000.0000,23.0087
08/09/2013,25.8900,26.9800,25.5600,26.4700,45317800.0000,23.4246
08/12/2013,27.5800,28.2000,27.5700,28.0100,49441900.0000,24.7874
08/13/2013,27.8000,28.0400,27.0500,27.1900,36959000.0000,24.0618
08/14/2013,27.4600,28.7600,27.4300,28.7000,53862500.0000,25.3980
08/15/2013,28.1600,30.4300,28.1100,30.4300,66608300.0000,26.9290
08/16/2013,30.7400,30.9400,29.4800,29.7900,48518000.0000,26.3626
08/19/2013,29.8500,30.0100,29.1200,29.2300,31219400.0000,25.8671
08/20/2013,29.3100,30.5200,29.2400,30.3300,44816400.0000,26.8405
08/21/2013,29.9100,30.0300,28.9100,28.9300,53748500.0000,25.6016
08/22/2013,29.4000,29.8900,29.0700,29.3700,35527500.0000,25.9910
08/23/2013,29.3300,30.4100,29.3000,30.1400,42793200.0000,26.6724
08/26/2013,30.3900,30.8800,30.0300,30.4100,34120400.0000,26.9113
08/27/2013,31.2800,31.3500,29.0600,29.1000,63019200.0000,25.7520
08/28/2013,29.4100,29.9600,28.1300,28.3000,62618100.0000,25.0441
08/29/2013,28.0300,28.9200,27.5400,28.5400,61229600.0000,25.2564
08/30/2013,28.0300,28.6600,27.8500,28.1300,40929400.0000,24.8936
09/03/2013,28.6500,28.9100,28.2800,28.4000,35970300.0000,25.1325
09/04/2013,28.0500,28.5800,27.8800,28.5800,34233800.0000,25.2918
09/05/2013,28.3000,28.4100,27.4300,27.5300,48364600.0000,24.3626
09/06/2013,27.9500,28.2900,27.8000,28.0100,31426800.0000,24.7874
09/09/2013,28.0100,28.1800,27.5600,27.6500,29911900.0000,24.4688
09/10/2013,27.0900,27.1300,26.4500,26.5700,46624300.0000,23.5131
09/11/2013,26.6800,26.8300,26.2000,26.7900,34982000.0000,23.7078
09/12/2013,25.9000,26.0000,25.2400,25.2900,64028900.0000,22.3804
09/13/2013,25.1600,25.7300,25.0800,25.6300,50205800.0000,22.6812
09/16/2013,25.7800,26.0300,25.3700,25.3900,36537700.0000,22.4689
09/17/2013,25.6500,25.9300,25.4300,25.9300,39034600.0000,22.9467
09/18/2013,25.6500,28.6400,25.4700,28.2500,114753100.0000,24.9998
09/19/2013,28.4500,28.5100,26.9800,27.3600,72377600.0000,24.2122
09/20/2013,26.9100,26.9200,25.5500,25.7600,95898100.0000,22.7963
09/23/2013,25.5400,26.0700,24.7500,25.1700,55259900.0000,22.2742
09/24/2013,24.8400,25.3400,24.5700,25.0800,41784500.0000,22.1945
09/25/2013,25.2300,26.0000,25.1700,25.5200,52931800.0000,22.5839
09/26/2013,25.5300,25.7800,24.8000,25.1100,39161000.0000,22.2211
09/27/2013,25.4600,25.6700,24.9300,25.1700,25521800.0000,22.2742
09/30/2013,24.9000,25.3700,24.8100,25.0200,28640200.0000,22.1414
10/01/2013,24.4200,24.6500,24.3000,24.4100,48633800.0000,21.6016
10/02/2013,24.6500,25.0700,24.4700,24.4900,35018800.0000,21.6724
10/03/2013,24.5600,24.8000,24.2500,24.2600,27697600.0000,21.4689
10/04/2013,24.3300,24.4500,24.0300,24.1900,24234600.0000,21.4069
10/07/2013,24.4000,24.6300,24.3300,24.5900,33627300.0000,21.7609
10/08/2013,24.5700,24.6400,23.6000,23.8200,48557000.0000,21.0795
10/09/2013,23.6200,24.1600,23.1300,23.9200,33991300.0000,21.1680
10/10/2013,23.8400,24.1000,23.4600,23.5600,36571100.0000,20.8494
10/11/2013,23.2200,23.3700,22.9300,23.0500,46747300.0000,20.3981
10/14/2013,23.2300,23.3400,22.9200,23.1100,22566300.0000,20.4512
10/15/2013,22.9800,23.7800,22.8800,23.7600,49631500.0000,21.0264
10/16/2013,23.6400,23.6800,23.2200,23.2800,39103400.0000,20.6016
10/17/2013,24.1300,24.9700,24.0900,24.5000,61897600.0000,21.6812
10/18/2013,24.5200,24.7700,24.3000,24.3800,23734800.0000,21.5751
10/21/2013,24.4700,24.9700,24.4300,24.9300,27070400.0000,22.0618
10/22/2013,25.5000,26.1200,25.4300,26.0200,53476300.0000,23.0264
10/23/2013,25.8100,26.0000,25.0800,25.1800,45435300.0000,22.2830
10/24/2013,25.8500,26.2700,25.7900,26.1300,56123000.0000,23.1237
10/25/2013,25.9800,26.4500,25.7400,26.3200,24939200.0000,23.2919
10/28/2013,26.3900,26.9100,26.0700,26.5400,27557200.0000,23.4865
10/29/2013,26.3900,26.4800,25.7000,25.7800,38950500.0000,22.8140
10/30/2013,26.2500,26.4300,25.1800,26.2300,42162800.0000,23.2122
10/31/2013,25.4500,25.6800,25.0900,25.1000,56234000.0000,22.2122
11/01/2013,24.6600,24.7200,24.0200,24.0800,59342300.0000,21.3096
11/04/2013,24.3800,24.8600,24.3000,24.8100,36347100.0000,21.9556
11/05/2013,24.6300,24.7000,24.2000,24.4900,24843100.0000,21.6724
11/06/2013,24.7400,24.9000,24.6400,24.7900,22748600.0000,21.9379
11/07/2013,24.4200,24.9000,24.1000,24.1400,37682400.0000,21.3627
11/08/2013,23.8700,24.3000,23.5000,24.2800,40162600.0000,21.4866
11/11/2013,24.0500,24.3400,23.7300,24.3000,27788400.0000,21.5043
11/12/2013,24.0500,24.3200,23.6600,23.7800,37518000.0000,21.0441
11/13/2013,23.9600,24.0800,23.7500,23.9100,21370400.0000,21.1591
11/14/2013,24.2500,24.5900,24.1200,24.5500,48882100.0000,21.7255
11/15/2013,24.6300,24.7000,24.0500,24.1300,37580000.0000,21.3538
11/18/2013,24.0800,24.1200,23.5800,23.6700,37617300.0000,20.9467
11/19/2013,23.7400,23.8800,23.5400,23.6900,19716300.0000,20.9644
11/20/2013,23.3900,23.6300,22.6600,22.8500,62055700.0000,20.2211
11/21/2013,22.6300,22.6700,22.2300,22.5300,44479000.0000,19.9379
11/22/2013,22.6300,22.8500,22.2500,22.2500,29647700.0000,19.6901
11/25/2013,21.8500,22.4100,21.5200,22.2000,49429800.0000,19.6459
11/26/2013,21.9800,22.1100,21.6100,21.6600,35439100.0000,19.1680
11/27/2013,21.8800,21.9800,21.5800,21.8100,26314800.0000,19.3007
11/29/2013,22.1100,22.4000,22.0300,22.2800,27521400.0000,19.7167
12/02/2013,21.7900,21.8800,20.9000,20.9000,73218400.0000,18.4954
12/03/2013,20.7700,21.0300,20.5700,20.5700,39831700.0000,18.2034
12/04/2013,20.8300,21.4100,20.6100,21.2200,60397000.0000,18.7786
12/05/2013,20.6200,21.0400,20.5600,20.6700,47038600.0000,18.2919
12/06/2013,21.0100,21.1400,20.6400,20.6600,24136900.0000,18.2830
12/09/2013,20.8000,21.2100,20.7300,21.2100,46482400.0000,18.7698
12/10/2013,21.8800,22.1900,21.8300,22.0300,53807700.0000,19.4954
12/11/2013,22.0100,22.0100,21.1800,21.1900,41639900.0000,18.7521
12/12/2013,20.6700,21.0500,20.5100,21.0100,29255000.0000,18.5928
12/13/2013,21.2400,21.4400,21.0200,21.1100,27341400.0000,18.6813
12/16/2013,21.2500,21.5700,21.0800,21.3800,30996800.0000,18.9202
12/17/2013,21.1600,21.3500,21.0000,21.1900,25799700.0000,18.7521
12/18/2013,21.3100,21.6700,20.8200,20.8600,51982900.0000,18.4600
12/19/2013,20.4500,20.6300,20.3700,20.5000,34844500.0000,18.1415
12/20/2013,20.6400,20.7900,20.5100,20.5300,26982400.0000,18.1680
12/23/2013,20.3300,20.4400,20.2400,20.3900,18645900.0000,18.2136
12/24/2013,20.4200,21.0400,20.4200,21.0300,34891900.0000,18.7852
12/26/2013,21.2700,21.4000,20.9000,21.0500,18396900.0000,18.8031
12/27/2013,21.2000,21.2500,20.9900,21.2500,20863900.0000,18.9818
12/30/2013,21.0400,21.1700,20.6300,20.6400,41975200.0000,18.4369
12/31/2013,20.5300,21.2500,20.5200,21.1300,45942200.0000,18.8746
01/02/2014,21.5900,22.0900,21.5700,22.0300,50923300.0000,19.6785
01/03/2014,22.1400,22.2200,21.8100,21.8300,24075200.0000,19.4999
01/06/2014,21.9900,22.2400,21.8800,21.9300,27905100.0000,19.5892
01/07/2014,21.7000,21.9900,21.5400,21.9700,20746000.0000,19.6249
01/08/2014,21.6600,21.8000,21.4900,21.6100,32699500.0000,19.3033
01/09/2014,21.5700,21.5900,21.2600,21.2700,26816900.0000,18.9996
01/10/2014,21.6700,22.0600,21.5800,22.0100,48807100.0000,19.6606
01/13/2014,22.0600,22.6700,21.8800,22.6500,40953500.0000,20.2323
01/14/2014,22.4700,22.7900,22.0500,22.1000,44762000.0000,19.7410
01/15/2014,21.9500,22.4200,21.8700,22.3900,25062000.0000,20.0001
01/16/2014,22.5800,22.7000,22.4100,22.6200,17849900.0000,20.2055
01/17/2014,22.9000,23.3800,22.8500,23.3300,39755700.0000,20.8397
01/21/2014,23.0500,23.8100,22.9300,23.7000,36615000.0000,21.1702
01/22/2014,23.5500,23.5500,22.9800,23.0900,36751100.0000,20.6254
01/23/2014,23.5400,24.0000,23.5300,23.7200,45871700.0000,21.1881
01/24/2014,24.0100,24.1900,23.1200,23.6700,35768500.0000,21.1434
01/27/2014,23.5200,23.5900,22.8700,22.8900,39306300.0000,20.4467
01/28/2014,23.0200,23.5100,22.8100,23.4000,35800200.0000,20.9023
01/29/2014,23.7600,24.0500,23.3500,24.0100,45294600.0000,21.4472
01/30/2014,23.3100,23.6200,23.2500,23.4900,39061500.0000,20.9827
01/31/2014,23.7400,23.7600,23.1700,23.4800,28864000.0000,20.9737
02/03/2014,23.6900,24.0000,23.3000,23.3000,29233300.0000,20.8129
02/04/2014,23.2100,23.6000,23.1600,23.5900,25405500.0000,21.0720
02/05/2014,23.7900,23.8200,23.1900,23.2100,26263800.0000,20.7325
02/06/2014,23.3800,23.4700,23.0700,23.1900,17131300.0000,20.7147
02/07/2014,23.2300,23.9400,23.2200,23.9100,41599600.0000,21.3578
02/10/2014,24.2300,24.7800,24.2300,24.7000,46083500.0000,22.0635
02/11/2014,24.9900,25.7600,24.9300,25.6500,60141000.0000,22.9121
02/12/2014,25.6300,25.6500,24.7200,24.7700,58448600.0000,22.1260
02/13/2014,24.8300,25.8900,24.7300,25.8700,59204100.0000,23.1086
02/14/2014,26.4200,26.6800,26.0500,26.3500,52546300.0000,23.5374
02/18/2014,26.5700,26.6000,26.0900,26.4600,30546700.0000,23.6356
02/19/2014,26.2800,26.5600,25.5600,25.6300,49689800.0000,22.8942
02/20/2014,25.7900,26.7600,25.7200,26.6700,48798000.0000,23.8232
02/21/2014,26.7100,26.8500,26.2500,26.5300,38899700.0000,23.6982
02/24/2014,26.9000,26.9600,26.6900,26.7000,26237700.0000,23.8500
02/25/2014,26.6700,26.8000,26.3000,26.3300,33248100.0000,23.5195
02/26/2014,26.1000,26.3000,25.7800,26.0500,37403200.0000,23.2694
02/27/2014,26.1400,26.4700,25.9100,25.9700,24135500.0000,23.1979
02/28/2014,26.0800,26.1700,25.7500,25.8800,26854600.0000,23.1175
03/03/2014,26.6700,26.7400,26.2200,26.3000,38957700.0000,23.4927
03/04/2014,25.9600,26.2800,25.8300,26.1000,21126300.0000,23.3141
03/05/2014,26.1500,26.5200,26.0100,26.5000,24839500.0000,23.6714
03/06/2014,26.7000,26.8700,26.5500,26.7900,30022900.0000,23.9304
03/07/2014,26.3600,26.3800,26.0500,26.1800,41153600.0000,23.3855
03/10/2014,26.1800,26.2700,25.8600,25.9700,22459800.0000,23.1979
03/11/2014,26.2600,26.3300,25.9400,26.1300,40182800.0000,23.3409
03/12/2014,26.5500,26.9400,26.4400,26.9200,48251500.0000,24.0465
03/13/2014,26.8500,27.6400,26.7600,27.6300,51290800.0000,24.6808
03/14/2014,27.9700,28.0300,27.4200,27.7300,33467300.0000,24.7701
03/17/2014,27.5500,27.6200,26.8000,26.8000,57393200.0000,23.9393
03/18/2014,26.4200,26.8700,26.2600,26.4300,35900800.0000,23.6088
03/19/2014,26.2200,26.3300,25.4200,25.4400,59004800.0000,22.7245
03/20/2014,25.2200,25.7900,25.1600,25.4700,30817600.0000,22.7513
03/21/2014,25.8500,25.9400,25.2800,25.5200,23183300.0000,22.7960
03/24/2014,25.1100,25.2200,24.2900,24.3300,60563300.0000,21.7330
03/25/2014,24.5500,24.7500,24.3600,24.4800,40283600.0000,21.8670
03/26/2014,24.5000,24.6200,23.4800,23.4900,60261900.0000,20.9827
03/27/2014,23.4600,23.8900,23.2700,23.8200,38461400.0000,21.2774
03/28/2014,23.7000,24.3500,23.5100,24.1000,46141600.0000,21.5275
03/31/2014,23.9600,24.1700,23.4400,23.6100,45688600.0000,21.0899
04/01/2014,23.7200,23.8800,23.5000,23.6900,19095400.0000,21.1613
04/02/2014,24.1000,24.4900,24.0800,24.3200,50757600.0000,21.7241
04/03/2014,24.1000,24.1300,23.8000,24.0700,29477700.0000,21.5008
04/04/2014,24.6300,24.6600,24.1400,24.2600,30183500.0000,21.6705
04/07/2014,24.1800,24.6400,24.0600,24.2600,26017500.0000,21.6705
04/08/2014,24.6800,24.9300,24.4900,24.8800,35477500.0000,22.2243
04/09/2014,24.6000,25.3400,24.5000,25.0700,28068600.0000,22.3940
04/10/2014,25.2400,25.3000,24.5300,24.5700,33824400.0000,21.9474
04/11/2014,24.6400,24.8000,24.1300,24.2200,25661000.0000,21.6347
04/14/2014,24.5700,24.8300,24.3800,24.5200,26719400.0000,21.9027
04/15/2014,23.8300,24.0700,23.5300,24.0200,40829300.0000,21.4561
04/16/2014,24.0400,24.0800,23.6700,23.8000,24011100.0000,21.2596
04/17/2014,23.8000,23.9600,23.5400,23.5700,19332100.0000,21.0541
04/21/2014,23.5800,23.7400,23.0400,23.5100,33215100.0000,21.0005
04/22/2014,23.5400,23.8200,23.3300,23.7900,21896000.0000,21.2506
04/23/2014,23.8300,24.4700,23.7700,24.2700,44932000.0000,21.6794
04/24/2014,23.9500,24.3600,23.8400,23.9400,29250600.0000,21.3846
04/25/2014,24.1300,24.4800,24.0300,24.4600,32620000.0000,21.8491
04/28/2014,24.3100,24.3400,23.8800,23.9900,28567200.0000,21.4293
04/29/2014,23.9300,24.4500,23.9200,24.3100,25448500.0000,21.7151
04/30/2014,24.0500,24.3400,23.9300,24.1100,19155500.0000,21.5365
05/01/2014,23.8500,24.0100,23.7300,23.7900,21062200.0000,21.2506
05/02/2014,23.9200,24.3900,23.8100,24.3200,30655700.0000,21.7241
05/05/2014,24.6000,24.6700,24.2900,24.4100,13954400.0000,21.8045
05/06/2014,24.4300,24.4400,24.2500,24.2800,8793200.0000,21.6883
05/07/2014,24.2000,24.2100,23.6200,23.8100,34352300.0000,21.2685
05/08/2014,23.8200,23.9900,23.7200,23.7700,13305600.0000,21.2328
05/09/2014,23.8500,23.9500,23.5200,23.7300,10691700.0000,21.1970
05/12/2014,24.0100,24.1200,23.8500,23.9300,16204900.0000,21.3757
05/13/2014,23.9300,24.1000,23.7400,23.7500,12505800.0000,21.2149
05/14/2014,24.0400,24.1300,23.9600,24.0100,16749000.0000,21.4472
05/15/2014,23.8100,23.9400,23.5100,23.6200,26428900.0000,21.0988
05/16/2014,23.4800,23.5800,23.3300,23.4200,14762700.0000,20.9201
05/19/2014,23.6200,23.6500,23.2700,23.4100,11015300.0000,20.9112
05/20/2014,23.2800,23.5200,23.2600,23.3900,9777000.0000,20.8933
05/21/2014,23.2800,23.4900,23.2200,23.4500,11669100.0000,20.9469
05/22/2014,23.6300,23.6400,23.3900,23.3900,10736700.0000,20.8933
05/23/2014,23.4200,23.5000,23.3000,23.3100,8163800.0000,20.8219
05/27/2014,23.0000,23.0200,22.4100,22.4100,42767100.0000,20.0179
05/28/2014,22.3300,22.4200,21.9300,22.0400,38713400.0000,19.6874
05/29/2014,21.9600,22.4600,21.9300,22.2400,20726800.0000,19.8661
05/30/2014,22.1400,22.5000,21.9400,22.5000,28665000.0000,20.0983
06/02/2014,22.3200,22.5400,22.1500,22.2900,21540300.0000,19.9108
06/03/2014,22.2900,22.4200,22.0000,22.3700,17797700.0000,19.9822
06/04/2014,22.4000,22.4300,22.2300,22.2800,16684600.0000,19.9018
06/05/2014,22.5000,22.7900,22.4200,22.6500,23394100.0000,20.2323
06/06/2014,22.6400,22.6800,22.3400,22.6400,16146600.0000,20.2234
06/09/2014,22.6400,22.7800,22.5300,22.5500,9406200.0000,20.1430
06/10/2014,22.6700,23.0400,22.6500,23.0300,23569000.0000,20.5718
06/11/2014,23.1200,23.4100,23.0600,23.4100,26206500.0000,20.9112
06/12/2014,23.4900,24.0400,23.4600,24.0300,36108300.0000,21.4650
06/13/2014,23.9800,24.1200,23.6900,24.1100,27970100.0000,21.5365
06/16/2014,24.2000,24.2700,23.9200,23.9800,26461100.0000,21.4204
06/17/2014,23.7600,24.1600,23.6800,24.1200,18753900.0000,21.5454
06/18/2014,24.1000,24.7800,24.0300,24.7600,37017800.0000,22.1171
06/19/2014,25.1700,26.1000,25.1400,26.0900,79263400.0000,23.3051
06/20/2014,25.8900,26.0600,25.6300,25.8200,39255700.0000,23.0640
06/23/2014,25.8800,26.3100,25.7200,26.2700,29849300.0000,23.4659
06/24/2014,26.3900,26.5300,25.4700,25.4700,47793000.0000,22.7513
06/25/2014,25.4700,25.9700,25.4500,25.7600,26661400.0000,23.0104
06/26/2014,25.5800,25.9900,25.4300,25.9500,24494300.0000,23.1801
06/27/2014,25.9400,26.1500,25.7100,25.9800,18777600.0000,23.2069
06/30/2014,25.7800,26.5300,25.6500,26.4500,33266100.0000,23.6267
07/01/2014,26.5000,26.6500,26.1500,26.2400,37682400.0000,23.4391
07/02/2014,26.2100,26.6900,26.2100,26.4800,47776900.0000,23.6535
07/03/2014,26.2000,26.5000,25.9400,26.5000,24026700.0000,23.6714
07/07/2014,26.2000,26.2700,26.0000,26.0400,27758400.0000,23.2605
07/08/2014,26.3200,26.4700,25.8900,26.4600,39251800.0000,23.6356
07/09/2014,26.6200,27.2400,26.5900,27.1500,45722200.0000,24.2520
07/10/2014,27.6100,27.7800,26.5900,26.6100,56464800.0000,23.7696
07/11/2014,26.7400,27.3800,26.7000,27.3200,44288000.0000,24.4038
07/14/2014,26.5200,26.9300,26.4300,26.6000,50884100.0000,23.7607
07/15/2014,26.6900,26.8900,25.7500,25.7800,57239800.0000,23.0282
07/16/2014,25.9900,26.4700,25.9600,26.2800,35776800.0000,23.4749
07/17/2014,26.4000,27.0600,26.3400,26.9900,49433900.0000,24.1091
07/18/2014,26.6800,26.9700,26.4600,26.9400,29638500.0000,24.0644
07/21/2014,27.0500,27.0600,26.5100,26.9000,20045600.0000,24.0287
07/22/2014,26.8000,26.9000,26.5200,26.5900,24406300.0000,23.7518
07/23/2014,26.5800,26.8600,26.4700,26.4900,20042200.0000,23.6624
07/24/2014,26.3100,26.3300,25.9500,26.0800,32711300.0000,23.2962
07/25/2014,26.1000,26.8300,26.0400,26.8200,37295300.0000,23.9572
07/28/2014,26.6400,27.0000,26.5700,26.9900,16168400.0000,24.1091
07/29/2014,27.0300,27.1200,26.6600,26.7600,22239100.0000,23.9036
07/30/2014,26.6500,26.6600,26.2000,26.4700,32753900.0000,23.6446
07/31/2014,26.2200,26.3100,25.8400,25.9100,33849300.0000,23.1444
08/01/2014,26.2200,27.5200,25.9300,26.2000,30954500.0000,23.4034
08/04/2014,26.1400,26.2600,25.7300,25.9500,24726000.0000,23.1801
08/05/2014,25.8500,26.2200,25.5900,26.1000,25597200.0000,23.3141
08/06/2014,26.5300,26.7900,26.4800,26.6900,38162200.0000,23.8411
08/07/2014,26.5700,26.8900,26.3800,26.7600,17953800.0000,23.9036
08/08/2014,26.8100,27.0800,26.6300,26.7800,13860400.0000,23.9215
08/11/2014,26.6500,26.9700,26.6400,26.9700,13519500.0000,24.0912
08/12/2014,27.1200,27.5700,27.0700,27.4300,31400400.0000,24.5021
08/13/2014,27.4600,27.6300,27.2700,27.4000,16989400.0000,24.4753
08/14/2014,27.4000,27.5800,26.9700,27.1300,27201700.0000,24.2341
08/15/2014,26.6500,27.0400,26.5800,26.8200,29043500.0000,23.9572
08/18/2014,26.6900,27.0000,26.5900,26.9900,16707000.0000,24.1091
08/19/2014,26.9500,27.0400,26.6400,26.6900,20323300.0000,23.8411
08/20/2014,26.7400,26.9800,26.5500,26.6600,15985200.0000,23.8143
08/21/2014,26.3000,26.3500,25.9300,26.0700,47056300.0000,23.2873
08/22/2014,26.1300,26.2300,25.8700,26.1000,15593600.0000,23.3141
08/25/2014,26.0200,26.0200,25.6100,25.6200,25534700.0000,22.8853
08/26/2014,26.0000,26.2400,25.8900,26.1900,31613500.0000,23.3945
08/27/2014,26.2000,26.3300,26.0700,26.1100,12577500.0000,23.3230
08/28/2014,26.4100,26.4900,26.2700,26.4600,18631500.0000,23.6356
08/29/2014,26.3700,26.7400,26.2900,26.6900,16430600.0000,23.8411
09/02/2014,26.1600,26.2000,25.7700,25.8100,45629200.0000,23.0550
09/03/2014,25.9100,26.0000,25.7600,25.7800,18809800.0000,23.0282
09/04/2014,25.9000,25.9700,24.8000,24.8800,48013800.0000,22.2243
09/05/2014,25.0100,25.1000,24.6600,25.0700,29706700.0000,22.3940
09/08/2014,24.9000,24.9200,24.1500,24.1900,44416600.0000,21.6079
09/09/2014,24.2100,24.6400,24.0300,24.5600,29675800.0000,21.9384
09/10/2014,24.2900,24.4600,23.9600,24.1000,33863700.0000,21.5275
09/11/2014,23.9200,24.3300,23.7700,24.2700,29420500.0000,21.6794
09/12/2014,24.0300,24.2000,23.7900,23.8800,32381700.0000,21.3310
09/15/2014,24.0100,24.0400,23.7500,23.9100,20102500.0000,21.3578
09/16/2014,23.9100,24.2500,23.6700,24.0000,27000500.0000,21.4382
09/17/2014,24.0200,24.0800,23.3900,23.4300,41435400.0000,20.9291
09/18/2014,23.3500,23.4600,23.0800,23.1300,35030900.0000,20.6611
09/19/2014,23.1000,23.1300,22.4900,22.6600,51690900.0000,20.2413
09/22/2014,22.5300,22.5400,22.0200,22.1800,41175500.0000,19.8125
09/23/2014,22.5000,22.6600,22.2400,22.5400,34631500.0000,20.1341
09/24/2014,22.3700,22.5900,22.1800,22.2100,29477400.0000,19.8393
09/25/2014,21.9900,22.3700,21.8500,22.3500,35894800.0000,19.9643
09/26/2014,22.2000,22.2300,21.9200,21.9800,30222900.0000,19.6338
09/29/2014,22.1200,22.1700,21.7400,21.7500,22893400.0000,19.4284
09/30/2014,21.6900,21.8700,21.2900,21.3600,44049300.0000,19.0800
10/01/2014,21.4800,21.8400,21.3900,21.4000,32615000.0000,19.1158
10/02/2014,21.5600,21.7000,21.2300,21.6200,30790500.0000,19.3123
10/03/2014,21.2500,21.2500,20.6300,20.6300,72263700.0000,18.4279
10/06/2014,20.9000,21.2300,20.7400,21.1600,43922100.0000,18.9014
10/07/2014,21.2200,21.2800,20.4100,20.4200,59344300.0000,18.2404
10/08/2014,20.6700,22.1600,20.1100,21.9400,114256600.0000,19.5981
10/09/2014,21.9000,21.9200,20.7200,21.2200,77681600.0000,18.9550
10/10/2014,21.1300,21.6100,20.6700,20.7700,52079000.0000,18.5530
10/13/2014,21.1300,21.7600,21.0100,21.1200,45807100.0000,18.8656
10/14/2014,21.2800,21.7500,21.2300,21.3700,36062500.0000,19.0889
10/15/2014,21.5100,21.9300,21.2000,21.4500,36039100.0000,19.1604
10/16/2014,21.3100,21.7700,21.2300,21.3600,28753500.0000,19.0800
10/17/2014,21.4100,21.4400,20.6900,20.6900,54513000.0000,18.4815
10/20/2014,20.9500,21.2300,20.8000,21.2000,32998700.0000,18.9371
10/21/2014,21.4300,21.5800,21.0200,21.1000,21702100.0000,18.8478
10/22/2014,20.9700,21.0600,20.4200,20.4400,40030800.0000,18.2582
10/23/2014,20.2500,20.7200,20.0500,20.5600,36274300.0000,18.3654
10/24/2014,20.5300,20.6400,20.2700,20.4700,16302400.0000,18.2850
10/27/2014,20.3500,20.4000,20.0900,20.1100,28523200.0000,17.9634
10/28/2014,20.2900,20.5400,20.1000,20.5300,32700000.0000,18.3386
10/29/2014,20.2900,20.5300,19.5700,19.6400,68045200.0000,17.5436
10/30/2014,19.4300,19.4500,18.1600,18.2000,113088500.0000,16.2573
10/31/2014,17.3300,17.7900,16.8900,17.2100,103841400.0000,15.3730
11/03/2014,17.4400,18.0000,17.2500,17.9100,74222500.0000,15.9983
11/04/2014,17.7900,17.8200,17.1300,17.2100,67537600.0000,15.3730
11/05/2014,16.6800,17.3400,16.4500,16.5900,86227300.0000,14.8192
11/06/2014,16.9000,17.6900,16.8500,17.2100,103000000.0000,15.3730
11/07/2014,17.5600,18.6900,17.5400,18.6400,136476900.0000,16.6504
11/10/2014,18.3200,18.3200,17.3100,17.4500,111605600.0000,15.5874
11/11/2014,17.7700,18.5500,17.7300,18.2200,86722200.0000,16.2752
11/12/2014,18.4300,18.7000,17.7900,18.2400,46634200.0000,16.2930
11/13/2014,18.4600,18.5300,17.8100,17.9400,56202100.0000,16.0251
11/14/2014,17.6400,19.1800,17.5400,19.0200,110737700.0000,16.9898
11/17/2014,18.8500,19.5100,18.6600,19.3900,58658900.0000,17.3203
11/18/2014,19.7200,20.3800,19.5700,20.3000,79925400.0000,18.1332
11/19/2014,20.2300,20.2600,19.1200,19.1900,120991200.0000,17.1416
11/20/2014,19.6600,19.9300,19.3600,19.7100,58492700.0000,17.6061
11/21/2014,20.2300,20.2900,19.5700,19.8800,45995700.0000,17.7580
11/24/2014,19.7700,19.9500,19.4300,19.5900,40827500.0000,17.4990
11/25/2014,19.6500,20.4200,19.6200,20.3900,72984400.0000,18.2136
11/26/2014,20.3300,20.3500,20.0400,20.1000,36643000.0000,17.9545
11/28/2014,19.2700,19.2800,18.0900,18.3600,113272100.0000,16.4002
12/01/2014,18.9500,19.8600,18.8400,19.7200,87972600.0000,17.6151
12/02/2014,19.0800,19.6600,18.9100,19.2000,58668500.0000,17.1506
12/03/2014,19.5000,19.9700,17.7200,19.2500,52488100.0000,17.1952
12/04/2014,19.6500,19.8700,19.1800,19.2000,49542400.0000,17.1506
12/05/2014,18.8500,19.1100,18.6500,18.7500,46715200.0000,16.7486
12/08/2014,19.0200,19.2500,18.2700,18.8900,52915800.0000,16.8737
12/09/2014,19.5200,20.1700,19.4300,19.7700,78927800.0000,17.6597
12/10/2014,19.7600,20.2100,19.2100,19.2100,61161000.0000,17.1595
12/11/2014,18.9800,19.6400,18.8600,19.0000,41317400.0000,16.9719
12/12/2014,18.9500,19.1500,18.5700,18.6500,43489900.0000,16.6593
12/15/2014,18.3600,18.7200,17.3200,17.3400,90290400.0000,15.4891
12/16/2014,17.9100,18.0000,17.0800,17.1000,64026200.0000,15.2747
12/17/2014,17.2800,18.1000,17.1600,17.9800,90028100.0000,16.0608
12/18/2014,18.4100,18.8500,18.0700,18.7600,62391200.0000,16.7575
12/19/2014,18.7200,19.0300,18.5300,18.5300,46674500.0000,16.5521
12/22/2014,18.4000,18.5000,17.3600,17.4600,73948700.0000,15.6988
12/23/2014,17.5000,18.0700,17.2100,17.3000,41643500.0000,15.5550
12/24/2014,17.3500,17.9600,17.1600,17.7700,40803300.0000,15.9775
12/26/2014,18.3500,18.4800,18.0400,18.2400,39305800.0000,16.4001
12/29/2014,18.1700,18.1900,17.7500,17.8200,39723400.0000,16.0225
12/30/2014,18.1700,18.7100,18.1500,18.4500,61264100.0000,16.5890
12/31/2014,18.2700,18.6000,18.0500,18.3800,29107600.0000,16.5260
01/02/2015,18.0700,18.9500,17.9500,18.9400,47287400.0000,17.0295
01/05/2015,19.0600,19.4700,18.7600,19.4400,46021100.0000,17.4791
01/06/2015,19.6300,20.6900,19.5400,20.4700,76091200.0000,18.4052
01/07/2015,20.0100,20.6700,19.8200,20.0900,45809700.0000,18.0635
01/08/2015,20.2300,20.5700,19.6100,19.7900,46813900.0000,17.7938
01/09/2015,20.1300,20.7300,20.1300,20.7100,56339000.0000,18.6210
01/12/2015,20.8900,21.7600,20.7800,21.4900,62924400.0000,19.3223
01/13/2015,21.8700,21.8900,20.3100,20.5500,75387000.0000,18.4771
01/14/2015,21.0900,21.1200,19.8800,20.3100,64255900.0000,18.2613
01/15/2015,21.1900,21.6500,21.0600,21.4800,84358300.0000,19.3133
01/16/2015,21.7100,22.3300,21.6800,22.1600,68948500.0000,19.9247
01/20/2015,22.6700,23.0900,22.6000,22.9400,73781200.0000,20.6261
01/21/2015,23.2000,23.2200,22.1000,22.5400,60199000.0000,20.2664
01/22/2015,22.8200,22.9500,22.3200,22.4200,37732400.0000,20.1585
01/23/2015,22.2200,22.3100,21.6200,21.7400,51411300.0000,19.5471
01/26/2015,21.3700,22.1600,21.1300,22.1500,38330300.0000,19.9157
01/27/2015,22.3600,22.9300,22.3100,22.8800,52575300.0000,20.5721
01/28/2015,22.5100,22.7200,21.7300,21.9700,69658600.0000,19.7539
01/29/2015,21.4200,21.7400,21.0800,21.5900,48279300.0000,19.4122
01/30/2015,21.6700,22.3300,21.3000,22.2900,51653100.0000,20.0416
02/02/2015,21.8300,22.6800,21.8000,22.4500,41388300.0000,20.1855
02/03/2015,22.1600,22.4300,21.7100,21.8700,52864500.0000,19.6640
02/04/2015,22.1500,22.5000,21.8800,22.2700,37901100.0000,20.0236
02/05/2015,22.1300,22.5900,22.0000,22.5800,26392000.0000,20.3024
02/06/2015,21.7500,21.9700,21.3100,21.3300,83701900.0000,19.1785
02/09/2015,21.5300,21.8600,21.5200,21.6900,31117400.0000,19.5021
02/10/2015,21.4400,21.4900,21.1300,21.2800,35880700.0000,19.1335
02/11/2015,21.3500,21.4000,20.8200,20.8600,37436200.0000,18.7559
02/12/2015,21.1100,21.2700,20.8900,21.1500,36041000.0000,19.0166
02/13/2015,21.3000,21.5600,21.2000,21.2600,20499400.0000,19.1155
02/17/2015,20.7400,20.9100,20.5000,20.5700,47904200.0000,18.4951
02/18/2015,20.6000,21.1600,20.3700,21.0400,62464800.0000,18.9177
02/19/2015,21.0600,21.1200,20.4200,20.5400,44351800.0000,18.4681
02/20/2015,20.6500,20.9300,20.4200,20.4500,28204700.0000,18.3872
02/23/2015,20.3300,20.7400,20.2100,20.5400,29428700.0000,18.4681
02/24/2015,20.3300,20.6400,20.2100,20.4200,27003500.0000,18.3602
02/25/2015,20.6200,20.9500,20.5500,20.7900,42515900.0000,18.6929
02/26/2015,21.1200,21.1500,20.8900,20.9600,23794700.0000,18.8458
02/27/2015,21.1700,21.4800,21.1100,21.2800,33900100.0000,19.1335
03/02/2015,21.3100,21.3500,20.6400,20.7600,51326400.0000,18.6660
03/03/2015,20.8400,21.0500,20.2900,20.3800,36239400.0000,18.3243
03/04/2015,20.4300,20.4500,19.9900,20.0400,34871100.0000,18.0186
03/05/2015,20.2000,20.3800,19.9400,20.0800,19225600.0000,18.0545
03/06/2015,19.4800,19.4800,18.5100,18.5800,106781600.0000,16.7058
03/09/2015,18.7500,18.8100,17.9100,17.9100,66267700.0000,16.1034
03/10/2015,17.9500,18.2500,17.4800,17.6700,57613900.0000,15.8876
03/11/2015,17.7000,18.2600,17.2900,18.2000,72568600.0000,16.3642
03/12/2015,18.3300,18.4200,17.8700,18.0700,50202100.0000,16.2473
03/13/2015,18.1600,18.1700,17.5600,18.0700,38433500.0000,16.2473
03/16/2015,18.1200,18.2800,17.7500,18.1100,28041200.0000,16.2833
03/17/2015,17.8500,18.3000,17.7500,17.9300,41382000.0000,16.1214
03/18/2015,17.8800,18.8800,17.7100,18.8400,83455800.0000,16.9396
03/19/2015,18.7000,18.8900,18.4500,18.7100,30136900.0000,16.8227
03/20/2015,18.9500,19.4800,18.8900,19.3300,55471900.0000,17.3802
03/23/2015,19.4600,19.7700,19.3400,19.7500,37938900.0000,17.7578
03/24/2015,19.8100,19.8300,19.5300,19.6400,27594500.0000,17.6589
03/25/2015,19.8500,19.9100,19.3500,19.3600,32797200.0000,17.4072
03/26/2015,19.6800,19.8800,18.8700,19.0700,53919800.0000,17.1464
03/27/2015,18.9300,19.1500,18.6300,18.8400,35143400.0000,16.9396
03/30/2015,18.5300,18.7200,18.3800,18.4700,37549400.0000,16.6069
03/31/2015,18.5400,18.6400,18.1600,18.2400,34256400.0000,16.4001
04/01/2015,18.5400,19.2500,18.4600,19.2100,82601100.0000,17.2723
04/02/2015,19.0700,19.3500,18.7600,18.9900,47542800.0000,17.0745
04/06/2015,19.6300,19.8000,19.4700,19.7000,50548500.0000,17.7129
04/07/2015,19.5500,19.6300,19.1800,19.1900,51149600.0000,17.2543
04/08/2015,19.3000,19.4300,18.9000,19.0900,30498200.0000,17.1644
04/09/2015,18.8700,19.0600,18.7700,18.9100,19143000.0000,17.0026
04/10/2015,19.2800,19.4900,19.2700,19.4500,41732000.0000,17.4881
04/13/2015,19.4800,19.4900,19.2000,19.2600,24567200.0000,17.3173
04/14/2015,19.2800,19.6000,19.2400,19.4100,24945600.0000,17.4521
04/15/2015,19.5700,20.0200,19.4200,19.9800,45624200.0000,17.9646
04/16/2015,20.0400,20.2300,19.6400,19.7400,36435000.0000,17.7488
04/17/2015,19.8400,20.0600,19.6600,19.7200,25575900.0000,17.7309
04/20/2015,19.5600,19.8500,19.4500,19.8300,22548100.0000,17.8298
04/21/2015,19.8500,20.0700,19.6800,19.9700,18308100.0000,17.9556
04/22/2015,19.8000,19.8900,19.3100,19.3100,52298200.0000,17.3622
04/23/2015,19.3400,19.8900,19.3400,19.7800,43056500.0000,17.7848
04/24/2015,19.6200,19.8300,19.3600,19.3600,41542900.0000,17.4072
04/27/2015,19.6100,20.1800,19.5400,19.7600,56813000.0000,17.7668
04/28/2015,19.8800,20.5600,19.8800,20.5300,61169700.0000,18.4592
04/29/2015,20.5300,20.9000,20.3900,20.7200,48166600.0000,18.6300
04/30/2015,20.1800,20.2600,19.8600,20.1100,58552500.0000,18.0815
05/01/2015,19.9100,20.2700,19.8900,20.2700,30991700.0000,18.2254
05/04/2015,20.5900,20.6600,20.2800,20.4100,20459700.0000,18.3513
05/05/2015,20.6200,20.7100,20.1000,20.2200,30224300.0000,18.1804
05/06/2015,20.3200,20.3500,19.6600,19.7100,46000500.0000,17.7219
05/07/2015,19.5300,19.8400,19.2800,19.8300,48920300.0000,17.8298
05/08/2015,19.9400,20.0700,19.6400,19.9700,24672100.0000,17.9556
05/11/2015,19.9400,20.1600,19.7900,20.0200,15760400.0000,18.0006
05/12/2015,20.0800,20.3400,20.0700,20.2900,32359200.0000,18.2434
05/13/2015,20.5900,20.8900,20.5600,20.7800,48741500.0000,18.6839
05/14/2015,20.9900,21.2500,20.7100,20.8200,49156300.0000,18.7199
05/15/2015,20.6400,20.9800,20.5200,20.7200,25460800.0000,18.6300
05/18/2015,20.8600,20.9300,20.6500,20.7500,18193800.0000,18.6570
05/19/2015,20.4600,20.4600,19.9900,20.0000,45125400.0000,17.9826
05/20/2015,20.0600,20.3100,20.0200,20.0800,24315600.0000,18.0545
05/21/2015,20.0000,20.1200,19.8900,19.9400,17569100.0000,17.9287
05/22/2015,19.9500,20.0600,19.8200,19.8300,22209700.0000,17.8298
05/26/2015,19.4700,19.4800,19.1800,19.2500,48088400.0000,17.3083
05/27/2015,19.3200,19.4500,19.1700,19.4400,25463000.0000,17.4791
05/28/2015,19.3400,19.6400,19.1500,19.6000,28073800.0000,17.6230
05/29/2015,19.6500,19.7900,19.4800,19.5800,16940600.0000,17.6050
06/01/2015,19.8300,19.9100,19.4500,19.4900,25069200.0000,17.5241
06/02/2015,19.6400,19.8700,19.5700,19.7800,32910000.0000,17.7848
06/03/2015,19.6200,19.7300,19.3200,19.4100,37003600.0000,17.4521
06/04/2015,19.1600,19.2000,19.0400,19.0700,26423400.0000,17.1464
06/05/2015,18.8200,19.0000,18.6700,18.8300,29508600.0000,16.9306
06/08/2015,18.8700,19.0300,18.7100,19.0200,41183500.0000,17.1015
06/09/2015,19.0800,19.2300,18.7600,18.7800,24942400.0000,16.8857
06/10/2015,19.0400,19.1400,18.8800,18.9600,30386300.0000,17.0475
06/11/2015,18.8000,18.8600,18.6300,18.7400,23837100.0000,16.8497
06/12/2015,18.6800,18.7700,18.5000,18.5500,22851000.0000,16.6789
06/15/2015,18.5100,18.8300,18.4200,18.5900,28170400.0000,16.7148
06/16/2015,18.4300,18.4900,18.3000,18.3300,30638900.0000,16.4811
06/17/2015,18.2600,18.8800,18.2300,18.8600,54948300.0000,16.9576
06/18/2015,19.1400,19.1800,18.9900,19.1000,38765100.0000,17.1734
06/19/2015,19.0300,19.0700,18.5200,18.6400,45124600.0000,16.7598
06/22/2015,18.4100,18.5200,18.3200,18.3300,27510800.0000,16.4811
06/23/2015,18.2500,18.5200,18.2500,18.3800,21862400.0000,16.5260
06/24/2015,18.3000,18.4800,18.2500,18.3600,14923600.0000,16.5080
06/25/2015,18.3200,18.4500,18.1700,18.1700,31516900.0000,16.3372
06/26/2015,18.1500,18.2600,18.0600,18.0900,19863800.0000,16.2653
06/29/2015,18.1700,18.2300,17.9000,17.9000,28759800.0000,16.0944
06/30/2015,17.8300,18.0500,17.6700,17.7600,32479300.0000,15.9686
07/01/2015,17.6800,17.7100,17.2600,17.2800,35526400.0000,15.5370
07/02/2015,17.3900,17.6700,17.3700,17.6300,35636600.0000,15.8517
07/06/2015,17.5000,18.0300,17.3900,17.8500,34573800.0000,16.0495
07/07/2015,17.4400,17.4600,16.9500,16.9800,66785200.0000,15.2672
07/08/2015,17.1600,17.2800,16.8400,16.8600,23785000.0000,15.1593
07/09/2015,17.1300,17.1900,16.7700,16.9300,14404800.0000,15.2223
07/10/2015,16.9800,17.0000,16.6300,16.7500,31843300.0000,15.0604
07/13/2015,16.5300,16.8100,16.4000,16.8000,17813200.0000,15.1054
07/14/2015,16.7800,16.9400,16.6800,16.6900,16502400.0000,15.0065
07/15/2015,16.5300,16.5800,16.2700,16.3100,47109000.0000,14.6648
07/16/2015,16.2800,16.2800,16.1000,16.1500,20774600.0000,14.5210
07/17/2015,16.0500,16.0500,15.3700,15.4200,67369900.0000,13.8646
07/20/2015,14.7000,14.7700,13.7500,13.7600,169146000.0000,12.3720
07/21/2015,14.0600,14.5300,14.0200,14.1200,90063100.0000,12.6957
07/22/2015,13.8200,14.2800,13.6700,14.0800,39924800.0000,12.6598
07/23/2015,14.2400,14.3000,13.5100,13.6200,69592000.0000,12.2462
07/24/2015,13.4100,14.1300,13.1700,14.0800,141204200.0000,12.6598
07/27/2015,13.9000,14.3800,13.4400,13.5700,76274700.0000,12.2012
07/28/2015,13.7300,13.8400,13.5400,13.6900,39223000.0000,12.3091
07/29/2015,13.6900,14.0700,13.5400,13.9700,56984100.0000,12.5609
07/30/2015,13.6600,13.8300,13.4000,13.4600,73229900.0000,12.1023
07/31/2015,13.8400,13.9700,13.5800,13.7500,41361100.0000,12.3630
08/03/2015,13.6400,13.6800,13.1800,13.2700,61550200.0000,11.9315
08/04/2015,13.4700,13.5400,13.1800,13.2900,69613800.0000,11.9494
08/05/2015,13.4200,13.5400,13.0100,13.0900,41758700.0000,11.7696
08/06/2015,13.2100,13.6900,13.1100,13.3700,69121200.0000,12.0214
08/07/2015,13.4200,13.8500,13.3300,13.4000,50618200.0000,12.0484
08/10/2015,13.5700,14.2900,13.3600,14.2900,91376800.0000,12.8486
08/11/2015,14.4400,14.5300,13.9400,14.5200,55172900.0000,13.0554
08/12/2015,14.8100,15.5300,14.7800,15.5200,123217200.0000,13.9545
08/13/2015,15.0500,15.2100,14.5400,14.6400,101956100.0000,13.1633
08/14/2015,14.9200,14.9900,14.3600,14.4900,33094300.0000,13.0284
08/17/2015,14.8000,15.1100,14.7500,15.0400,66966000.0000,13.5229
08/18/2015,14.7400,14.9200,14.5100,14.7700,52911000.0000,13.2802
08/19/2015,14.9000,15.2800,14.8800,15.2000,65822400.0000,13.6668
08/20/2015,15.6900,16.0500,15.5700,15.8200,86900000.0000,14.2242
08/21/2015,16.1400,16.1600,15.2400,15.3900,84174900.0000,13.8376
08/24/2015,15.1600,15.6100,14.0700,14.1300,131865300.0000,12.7047
08/25/2015,14.5200,14.5300,13.5800,13.6700,72336000.0000,12.2911
08/26/2015,13.4800,13.4900,12.9600,13.0400,97910100.0000,11.7247
08/27/2015,13.1000,13.9100,13.0100,13.7900,111023300.0000,12.3990
08/28/2015,13.7600,14.4100,13.7500,14.2500,94381300.0000,12.8126
08/31/2015,13.9400,14.1100,13.5900,14.1100,57079800.0000,12.6867
09/01/2015,14.2100,14.3700,13.6700,13.6700,56978800.0000,12.2911
09/02/2015,13.7600,13.9000,13.3300,13.6300,38700500.0000,12.2551
09/03/2015,13.3900,14.0300,13.3600,13.3800,49765400.0000,12.0304
09/04/2015,13.2800,13.4300,13.0600,13.3900,45569700.0000,12.0394
09/08/2015,13.5300,13.7400,13.3400,13.5500,36832900.0000,12.1832
09/09/2015,13.3600,13.5200,13.1000,13.1300,54365200.0000,11.8056
09/10/2015,13.3500,13.4200,13.0800,13.1200,33086600.0000,11.7966
09/11/2015,13.0000,13.2800,12.6200,13.2100,63781500.0000,11.8775
09/14/2015,13.0600,13.3400,12.9100,13.0700,37077400.0000,11.7516
09/15/2015,13.0500,13.3200,12.9900,13.1100,26398000.0000,11.7876
09/16/2015,13.3800,13.9300,13.3700,13.8900,81356400.0000,12.4889
09/17/2015,13.7200,14.4400,13.6600,14.2700,79245400.0000,12.8306
09/18/2015,14.6000,14.7100,14.1800,14.4800,53111900.0000,13.0194
09/21/2015,14.2700,14.3600,13.9900,14.0000,58502000.0000,12.5878
09/22/2015,13.6700,13.7100,13.3100,13.3600,73786500.0000,12.0124
09/23/2015,13.6400,13.6900,13.2300,13.2600,37996400.0000,11.9225
09/24/2015,13.6200,14.2800,13.5600,14.2200,102655900.0000,12.7856
09/25/2015,13.9600,14.1100,13.8800,13.9800,34885700.0000,12.5698
09/28/2015,13.6200,13.7200,13.2900,13.3200,67205900.0000,11.9764
09/29/2015,13.4700,13.6800,13.3000,13.4100,34734800.0000,12.0573
09/30/2015,13.2200,13.7400,13.1900,13.7400,41340700.0000,12.3541
10/01/2015,13.7900,13.9900,13.3500,13.4100,54110100.0000,12.0573
10/02/2015,13.9500,14.5000,13.8800,14.4900,98242100.0000,13.0284
10/05/2015,14.6000,15.1800,14.5800,15.1200,102197900.0000,13.5949
10/06/2015,15.5200,15.7700,15.2300,15.6800,92653200.0000,14.0984
10/07/2015,15.7000,15.8300,15.3700,15.6100,53677000.0000,14.0354
10/08/2015,15.3600,16.1500,15.3200,15.4100,62811000.0000,13.8556
10/09/2015,15.9700,16.2700,15.8500,16.2600,86931800.0000,14.6199
10/12/2015,16.6100,16.6100,15.6200,15.7800,73832600.0000,14.1883
10/13/2015,15.7900,16.1400,15.6800,15.8700,48817600.0000,14.2692
10/14/2015,16.2400,16.9900,16.1700,16.9000,126780700.0000,15.1953
10/15/2015,16.6100,17.0400,16.4800,16.8900,46677600.0000,15.1863
10/16/2015,16.8400,16.9900,16.3700,16.3900,65976600.0000,14.7367
10/19/2015,16.3200,16.4300,15.6100,15.7000,111747800.0000,14.1163
10/20/2015,15.9000,16.5200,15.8900,16.3300,88202900.0000,14.6828
10/21/2015,16.1000,16.1700,15.7300,15.8500,63704100.0000,14.2512
10/22/2015,15.8100,16.2700,15.7800,16.1200,48065200.0000,14.4940
10/23/2015,16.3400,16.6600,15.9300,16.5200,65417200.0000,14.8536
10/26/2015,16.4800,16.4800,16.0000,16.0100,58216300.0000,14.3951
10/27/2015,15.9200,16.2100,15.7900,16.0400,25161300.0000,14.4221
10/28/2015,16.4100,16.8100,15.6000,15.8900,76262400.0000,14.2872
10/29/2015,15.6400,15.7800,15.0400,15.1200,87347200.0000,13.5949
10/30/2015,15.0700,15.3900,14.9500,14.9600,42003200.0000,13.4510
11/02/2015,14.8000,15.1800,14.6300,15.0200,40933400.0000,13.5049
11/03/2015,14.7600,15.1100,14.7100,14.9400,27659100.0000,13.4330
11/04/2015,15.0500,15.2200,14.6000,14.6200,47752800.0000,13.1453
11/05/2015,14.6300,14.6300,14.0100,14.0800,89901000.0000,12.6598
11/06/2015,13.6400,13.7200,13.4100,13.4600,73796300.0000,12.1023
11/09/2015,13.4600,13.8400,13.3100,13.8300,76441900.0000,12.4350
11/10/2015,13.5700,13.7200,13.4200,13.4700,54219000.0000,12.1113
11/11/2015,13.5400,13.6600,13.4400,13.6500,29725700.0000,12.2731
11/12/2015,13.3300,13.7900,13.2900,13.4700,41792900.0000,12.1113
11/13/2015,13.4400,13.6800,13.4000,13.6200,31486300.0000,12.2462
11/16/2015,13.7400,13.8600,13.6300,13.7400,24226200.0000,12.3541
11/17/2015,13.6200,13.6600,13.0500,13.0800,70962600.0000,11.7606
11/18/2015,13.1500,13.5800,12.9200,13.4900,69238200.0000,12.1293
11/19/2015,13.6900,14.0600,13.6700,13.9700,57813000.0000,12.5609
11/20/2015,14.0300,14.0700,13.3400,13.4000,67610000.0000,12.0484
11/23/2015,13.3500,13.4800,13.2500,13.3300,26679900.0000,11.9854
11/24/2015,13.6000,13.8800,13.4900,13.8400,59251900.0000,12.4440
11/25/2015,13.6500,13.9500,13.5600,13.7100,35075100.0000,12.3271
11/27/2015,13.4100,13.5900,13.3700,13.4500,38458000.0000,12.0933
11/30/2015,13.5500,13.8000,13.5200,13.7600,43282800.0000,12.3720
12/01/2015,13.8500,14.2000,13.6900,14.1600,55243200.0000,12.7317
12/02/2015,13.8200,14.0200,13.6200,13.7900,59197500.0000,12.3990
12/03/2015,14.0300,14.2100,13.8600,14.0800,51983700.0000,12.6598
12/04/2015,14.2300,14.8600,14.2300,14.8300,76943200.0000,13.3341
12/07/2015,14.6200,14.6600,14.0600,14.2000,69177200.0000,12.7677
12/08/2015,14.2300,14.3100,13.9400,14.0800,58937700.0000,12.6598
12/09/2015,14.4200,14.5300,14.0900,14.2700,50909900.0000,12.8306
12/10/2015,14.1500,14.4600,14.1300,14.2100,32698200.0000,12.7766
12/11/2015,14.0500,14.5300,14.0300,14.3800,47148500.0000,12.9295
12/14/2015,14.2800,14.3200,13.5600,13.5600,88301100.0000,12.1922
12/15/2015,13.7200,13.8200,13.5100,13.6300,37161500.0000,12.2551
12/16/2015,13.9300,14.2400,13.6700,14.1700,82756600.0000,12.7407
12/17/2015,13.6800,13.6800,13.3000,13.3400,92531900.0000,11.9944
12/18/2015,13.5500,13.8300,13.4800,13.6400,62472400.0000,12.2641
12/21/2015,13.8100,13.9000,13.6500,13.7600,70487000.0000,12.4782
12/22/2015,13.7300,13.9200,13.6300,13.6800,33462900.0000,12.4056
12/23/2015,13.7700,13.9800,13.7400,13.9700,42889100.0000,12.6686
12/24/2015,14.0800,14.2900,14.0600,14.2700,24429100.0000,12.9406
12/28/2015,14.0300,14.0400,13.6700,13.7900,49718100.0000,12.5054
12/29/2015,13.9700,14.0500,13.7900,13.9500,28853300.0000,12.6505
12/30/2015,13.6500,13.7400,13.5700,13.6600,40319300.0000,12.3875
12/31/2015,13.6600,13.7500,13.6000,13.7200,27523300.0000,12.4419
01/04/2016,14.1200,14.2400,13.8700,14.0900,53710100.0000,12.7774
01/05/2016,14.1300,14.1500,13.9100,14.0200,29913400.0000,12.7139
01/06/2016,14.2200,14.3500,14.1500,14.2500,39864700.0000,12.9225
01/07/2016,14.5000,15.0100,14.3800,14.8800,78644600.0000,13.4938
01/08/2016,14.5000,14.6400,14.2600,14.5200,66017900.0000,13.1674
01/11/2016,14.5700,14.6100,13.8200,13.9200,69796900.0000,12.6233
01/12/2016,13.8000,13.8000,13.3700,13.6100,66902500.0000,12.3421
01/13/2016,13.5400,13.8000,13.3600,13.6100,39568100.0000,12.3421
01/14/2016,13.4600,13.5900,13.0000,13.1300,56311100.0000,11.9068
01/15/2016,13.6000,13.6100,13.0700,13.0900,35653200.0000,11.8706
01/19/2016,13.2100,13.2400,12.4000,12.4700,76883400.0000,11.3083
01/20/2016,12.7800,12.9200,12.5200,12.8500,64908600.0000,11.6529
01/21/2016,12.7000,12.9800,12.4500,12.9100,32173600.0000,11.7073
01/22/2016,12.7300,13.1700,12.6900,13.0300,32747300.0000,11.8162
01/25/2016,13.2600,13.4000,13.1600,13.3800,51095400.0000,12.1336
01/26/2016,13.5300,14.0000,13.5200,13.9700,76144500.0000,12.6686
01/27/2016,13.8700,14.2100,13.7100,14.2000,60024700.0000,12.8772
01/28/2016,13.8700,14.1900,13.7300,13.8600,51302800.0000,12.5688
01/29/2016,13.8300,14.2400,13.7400,14.2100,46570700.0000,12.8862
02/01/2016,14.3300,14.6500,14.3000,14.6500,48295600.0000,13.2852
02/02/2016,14.4800,14.5700,14.1100,14.3000,59458800.0000,12.9679
02/03/2016,14.4400,15.3500,14.4200,15.3500,120309300.0000,13.9200
02/04/2016,15.8000,16.3600,15.7700,16.1500,122759300.0000,14.6455
02/05/2016,15.7500,17.1200,15.5700,17.0500,129420600.0000,15.4617
02/08/2016,17.5000,17.9000,17.4400,17.4700,117795100.0000,15.8425
02/09/2016,17.7200,17.8200,16.7500,16.7500,122342700.0000,15.1896
02/10/2016,16.7200,17.1600,16.1500,17.1400,80445100.0000,15.5433
02/11/2016,18.3500,18.6500,17.7700,18.3700,168723900.0000,16.6587
02/12/2016,17.8500,18.8500,17.7800,18.8400,93974000.0000,17.0849
02/16/2016,17.9400,18.3100,17.2000,17.2100,155672200.0000,15.6068
02/17/2016,17.5400,17.9100,17.3400,17.8200,78925500.0000,16.1599
02/18/2016,17.5200,18.9100,17.4400,18.9000,106526900.0000,17.1393
02/19/2016,18.6100,18.8900,18.2800,18.3800,79098700.0000,16.6678
02/22/2016,17.8200,18.6900,17.7500,18.5300,50464700.0000,16.8038
02/23/2016,18.8900,19.0600,18.6500,18.9200,73296800.0000,17.1575
02/24/2016,19.4400,19.8500,18.8000,19.1100,91260400.0000,17.3298
02/25/2016,19.0100,19.4600,18.9400,19.3900,59332500.0000,17.5837
02/26/2016,18.9500,19.3400,18.6400,18.6900,117343300.0000,16.9489
02/29/2016,18.9600,19.4000,18.9200,19.3800,80199400.0000,17.5746
03/01/2016,19.4400,19.5000,18.5200,18.5700,119848300.0000,16.8401
03/02/2016,18.7200,19.1800,18.5900,19.0500,79717600.0000,17.2754
03/03/2016,19.1600,20.0200,19.1000,19.8200,100314500.0000,17.9736
03/04/2016,19.8400,20.8800,19.5600,19.7100,138290700.0000,17.8739
03/07/2016,20.0000,20.7300,19.9200,20.4000,109608500.0000,18.4996
03/08/2016,20.6200,20.7300,19.3900,19.4200,137523000.0000,17.6109
03/09/2016,19.0100,19.7300,18.8100,19.5100,79357800.0000,17.6925
03/10/2016,19.8400,20.4400,19.7500,20.3800,100554600.0000,18.4815
03/11/2016,20.2400,20.5800,19.8400,19.9800,87906100.0000,18.1187
03/14/2016,20.1500,20.2300,19.1100,19.1200,122947800.0000,17.3388
03/15/2016,19.1100,19.5500,18.8600,19.5300,73297400.0000,17.7106
03/16/2016,19.2200,20.9600,18.9800,20.8600,167168100.0000,18.9167
03/17/2016,21.0500,21.4200,20.3700,20.4300,131512400.0000,18.5268
03/18/2016,20.3600,20.9300,20.3500,20.6100,66406800.0000,18.6900
03/21/2016,20.5000,20.7800,20.3100,20.5700,40155100.0000,18.6538
03/22/2016,20.9000,21.0000,20.3500,20.5800,42354400.0000,18.6628
03/23/2016,19.7800,19.8800,19.0200,19.0300,156720700.0000,17.2572
03/24/2016,19.2500,19.6000,19.0700,19.4600,64733000.0000,17.6472
03/28/2016,19.6200,19.6600,19.0900,19.4200,35286700.0000,17.6109
03/29/2016,19.6300,20.6000,19.4000,20.5400,123660900.0000,18.6265
03/30/2016,20.2300,20.5000,19.8500,20.2300,62118400.0000,18.3454
03/31/2016,20.4800,20.5700,19.9600,19.9700,46237400.0000,18.1096
04/01/2016,19.4600,20.1200,19.3200,20.1200,58369200.0000,18.2457
04/04/2016,20.0500,20.0500,19.5100,19.5300,65764800.0000,17.7106
04/05/2016,20.0600,20.1900,19.5600,20.1300,74601400.0000,18.2547
04/06/2016,19.8800,20.2300,19.8000,20.1500,35891000.0000,18.2729
04/07/2016,20.5900,20.8600,20.5200,20.7800,81856200.0000,18.8442
04/08/2016,20.7100,21.5500,20.7000,21.4400,69638900.0000,19.4427
04/11/2016,21.9200,22.7900,21.8600,22.7000,121978500.0000,20.5853
04/12/2016,22.7800,23.0600,22.3600,22.8800,62246400.0000,20.7486
04/13/2016,22.4800,22.7800,22.1700,22.2500,77053400.0000,20.1773
04/14/2016,22.1500,22.3400,21.3000,21.6000,100770000.0000,19.5878
04/15/2016,21.7500,22.3100,21.4500,22.2000,69043500.0000,20.1319
04/18/2016,22.4700,22.4800,21.9100,22.1800,39776600.0000,20.1138
04/19/2016,23.0800,23.4700,22.9200,23.2600,101450600.0000,21.0932
04/20/2016,23.2400,23.8200,22.7100,22.8400,107920500.0000,20.7123
04/21/2016,23.4500,23.5300,22.8700,23.2500,81445000.0000,21.0841
04/22/2016,22.9500,23.4100,22.4400,22.5900,101689200.0000,20.4856
04/25/2016,22.7300,22.8900,22.3700,22.4600,39890900.0000,20.3677
04/26/2016,22.7100,23.0100,22.3900,22.9900,63797900.0000,20.8483
04/27/2016,23.1500,23.3100,22.5900,23.2400,56420300.0000,21.0750
04/28/2016,23.4800,24.4000,23.4200,24.2800,104264300.0000,22.0181
04/29/2016,24.7500,25.8300,24.7200,25.8300,116216000.0000,23.4237
05/02/2016,26.1000,26.1700,25.1000,25.3900,84514200.0000,23.0247
05/03/2016,25.4900,25.5300,24.4700,24.6600,94115500.0000,22.3627
05/04/2016,24.2000,24.6500,23.2900,23.4100,122063000.0000,21.2292
05/05/2016,23.8200,24.3200,23.7200,24.1800,88670100.0000,21.9275
05/06/2016,24.6900,25.4400,24.5600,25.1300,100086900.0000,22.7890
05/09/2016,24.0400,24.1800,23.5000,23.5200,128209000.0000,21.3289
05/10/2016,23.6500,24.5100,23.3400,24.4000,87011000.0000,22.1270
05/11/2016,24.9200,25.3400,24.2000,25.0500,84347400.0000,22.7164
05/12/2016,25.1000,25.4000,24.4200,24.5500,76147200.0000,22.2630
05/13/2016,24.5800,25.0000,24.4400,24.7900,47602900.0000,22.4806
05/16/2016,25.3300,25.6100,25.0300,25.2400,64173700.0000,22.8887
05/17/2016,25.1800,25.8500,24.9200,25.5800,60077800.0000,23.1970
05/18/2016,25.0600,25.4200,23.5500,23.5600,190329800.0000,21.3652
05/19/2016,23.0000,24.0900,22.7800,23.9600,88378000.0000,21.7280
05/20/2016,24.2400,24.2700,23.3800,24.0500,70444800.0000,21.8096
05/23/2016,23.4700,24.2400,23.3600,23.7800,51488900.0000,21.5647
05/24/2016,23.2500,23.4700,22.4400,22.4700,124509700.0000,20.3768
05/25/2016,22.3600,23.1900,21.9400,23.0300,74463300.0000,20.8846
05/26/2016,23.3500,23.5600,22.7500,22.9500,52006900.0000,20.8120
05/27/2016,22.7400,22.9600,22.1700,22.2800,100823000.0000,20.2045
05/31/2016,22.3100,23.0500,22.1300,22.5800,78295000.0000,20.4765
06/01/2016,22.7000,23.0900,22.3400,22.7200,51078900.0000,20.6035
06/02/2016,22.6700,22.9700,22.4800,22.7700,35409200.0000,20.6488
06/03/2016,24.0800,25.3600,24.0800,25.3300,190026800.0000,22.9703
06/06/2016,25.2800,25.5400,24.8400,25.4500,76841900.0000,23.0791
06/07/2016,25.1100,25.4400,25.0100,25.1100,52296400.0000,22.7708
06/08/2016,26.1900,26.5000,25.8400,25.9300,98078700.0000,23.5144
06/09/2016,25.9200,26.4100,25.7700,26.3300,62777300.0000,23.8772
06/10/2016,26.5300,26.9000,25.7600,25.9600,68347900.0000,23.5416
06/13/2016,26.5900,26.6500,25.6000,25.9100,51094400.0000,23.4963
06/14/2016,26.0600,26.0600,25.1300,25.3400,71065700.0000,22.9794
06/15/2016,25.3400,26.5400,25.2200,26.3200,104434600.0000,23.8681
06/16/2016,27.0300,27.0300,25.4100,25.4900,124160700.0000,23.1154
06/17/2016,25.9500,26.0300,25.2500,25.7900,72290200.0000,23.3875
06/20/2016,25.0100,25.8100,24.9100,25.6400,58425400.0000,23.2514
06/21/2016,25.1100,25.3600,24.9100,24.9300,78428000.0000,22.6076
06/22/2016,25.0300,25.5000,24.8000,25.5000,75614700.0000,23.1245
06/23/2016,25.2700,25.6700,25.1300,25.2200,61697500.0000,22.8706
06/24/2016,27.6700,27.7100,26.3700,26.7500,142864600.0000,24.2580
06/27/2016,26.9700,27.4100,26.4300,27.0600,77756600.0000,24.5392
06/28/2016,26.5800,27.0000,26.4800,26.6000,80951500.0000,24.1220
06/29/2016,27.0100,27.6100,26.9500,27.1500,68734100.0000,24.6208
06/30/2016,27.4500,27.7500,27.1600,27.7100,53540000.0000,25.1286
07/01/2016,28.5000,29.2000,28.4400,29.0500,86021800.0000,26.3438
07/05/2016,29.4800,29.7600,28.8500,29.6400,70577700.0000,26.8788
07/06/2016,30.0800,30.6800,29.9600,30.5700,106290300.0000,27.7222
07/07/2016,30.1300,30.1500,29.4000,29.6100,88889600.0000,26.8516
07/08/2016,29.6600,30.6800,29.4300,30.5400,94810000.0000,27.6950
07/11/2016,30.2300,30.7300,30.1400,30.6000,46584000.0000,27.7494
07/12/2016,30.2900,30.4700,29.3900,29.4000,94497400.0000,26.6612
07/13/2016,30.0900,30.6300,29.8300,30.3700,66785900.0000,27.5408
07/14/2016,29.5200,30.2500,29.3500,30.2100,55919200.0000,27.3957
07/15/2016,29.7100,30.1500,29.6700,29.8700,50421800.0000,27.0874
07/18/2016,29.9500,30.0500,29.5800,29.9800,50567100.0000,27.1871
07/19/2016,29.8500,29.9900,29.6400,29.6700,44503800.0000,26.9060
07/20/2016,28.9600,28.9700,27.8000,27.9900,130406100.0000,25.3825
07/21/2016,28.3100,29.0200,28.1100,28.8700,85509300.0000,26.1805
07/22/2016,28.5000,28.9500,28.4700,28.7800,30446500.0000,26.0989
07/25/2016,28.3400,28.3500,27.4500,27.7300,89557100.0000,25.1467
07/26/2016,28.2100,28.7300,27.9900,28.5000,74116400.0000,25.8450
07/27/2016,28.9700,29.9700,28.2400,29.8000,113312100.0000,27.0239
07/28/2016,29.9300,30.0900,29.2400,29.7500,57024500.0000,26.9786
07/29/2016,30.2700,30.7700,30.0200,30.5900,74383700.0000,27.7403
08/01/2016,30.4700,31.0500,30.2600,30.9300,84315500.0000,28.0486
08/02/2016,31.3400,31.6400,31.1800,31.3200,68903600.0000,28.4023
08/03/2016,31.1200,31.1300,30.7000,30.9400,50504200.0000,28.0577
08/04/2016,31.1300,31.4500,31.1000,31.2300,44509100.0000,28.3207
08/05/2016,30.3500,30.4700,30.0600,30.2300,85813900.0000,27.4139
08/08/2016,30.2000,30.8100,30.1500,30.5000,43730900.0000,27.6587
08/09/2016,30.7400,30.9500,30.5900,30.7600,42545400.0000,27.8945
08/10/2016,31.5400,31.6900,30.9700,31.3000,56247200.0000,28.3842
08/11/2016,31.3200,31.7900,30.9800,31.0400,48765200.0000,28.1484
08/12/2016,31.7600,31.7900,30.9200,31.0500,44118800.0000,28.1575
08/15/2016,31.1000,31.3000,30.7400,30.8600,39820800.0000,27.9852
08/16/2016,30.9200,31.0900,30.6400,30.8100,35355600.0000,27.9398
08/17/2016,30.5000,30.6200,29.6600,30.3700,78518200.0000,27.5408
08/18/2016,30.6300,30.7800,30.3200,30.7500,60204200.0000,27.8854
08/19/2016,30.1400,30.3300,29.8600,29.9600,61761900.0000,27.1690
08/22/2016,29.5000,29.5900,29.3000,29.4600,47948100.0000,26.7156
08/23/2016,29.7200,29.7700,28.9800,29.0200,57386700.0000,26.3166
08/24/2016,28.6200,28.6500,26.8400,26.9700,168133500.0000,24.4575
08/25/2016,26.9600,27.8600,26.6400,27.3100,68662900.0000,24.7659
08/26/2016,27.8900,28.4300,26.8200,27.1800,109036600.0000,24.6480
08/29/2016,26.9000,27.5200,26.7200,27.2400,57214300.0000,24.7024
08/30/2016,26.9800,27.0900,25.6600,25.9000,104101200.0000,23.4872
08/31/2016,25.6000,25.8500,25.3300,25.4900,76912300.0000,23.1154
09/01/2016,25.3500,26.4700,25.1700,26.4200,131755800.0000,23.9588
09/02/2016,27.2500,27.4600,26.7900,27.3500,105245000.0000,24.8022
09/06/2016,27.9200,28.7000,27.6700,28.6800,109292600.0000,26.0083
09/07/2016,28.6000,28.6500,27.7800,28.5200,76616800.0000,25.8632
09/08/2016,28.3500,28.6100,27.7000,27.9000,86866500.0000,25.3009
09/09/2016,27.5100,27.5200,26.2500,26.4100,147300700.0000,23.9497
09/12/2016,25.9500,27.2800,25.8600,27.0400,103987000.0000,24.5210
09/13/2016,26.7400,26.8000,25.6900,26.0600,100593400.0000,23.6323
09/14/2016,26.3100,26.6700,25.8600,26.0100,58638100.0000,23.5870
09/15/2016,25.9700,26.6400,25.6000,26.1800,59497200.0000,23.7411
09/16/2016,25.8400,26.3100,25.5600,25.9600,78274900.0000,23.5416
09/19/2016,26.3700,26.4100,26.0100,26.0900,75485900.0000,23.6595
09/20/2016,26.1100,26.2900,25.8600,26.0600,36482300.0000,23.6323
09/21/2016,26.6200,28.0100,26.5400,27.9000,154524800.0000,25.3009
09/22/2016,28.2500,28.5600,27.4500,27.7400,75802500.0000,25.1558
09/23/2016,27.6900,27.7700,26.7500,27.0200,71253200.0000,24.5029
09/26/2016,27.2100,28.0800,26.7400,26.7800,34991100.0000,24.2852
09/27/2016,26.4900,26.5900,26.0100,26.2800,63202200.0000,23.8318
09/28/2016,26.2700,27.1100,25.8600,26.9100,76698200.0000,24.4031
09/29/2016,26.5700,26.9200,26.3200,26.6900,43496600.0000,24.2036
09/30/2016,27.2100,27.2500,26.3300,26.4300,45277400.0000,23.9679
10/03/2016,26.3500,26.5700,25.6500,25.9600,60525600.0000,23.5416
10/04/2016,25.1000,25.1000,23.3800,23.4000,232153600.0000,21.2201
10/05/2016,23.8400,23.9800,22.9300,23.5800,107388100.0000,21.3834
10/06/2016,22.8300,23.2100,22.5800,22.8400,99699500.0000,20.7123
10/07/2016,23.5700,23.7400,22.5900,23.0000,82953600.0000,20.8574
10/10/2016,23.1700,23.3900,22.9700,23.1600,39561300.0000,21.0025
10/11/2016,22.8900,23.0800,22.5000,22.5800,76085000.0000,20.4765
10/12/2016,22.7100,23.3600,22.6200,23.0700,77536200.0000,20.9209
10/13/2016,23.2100,24.0900,23.0300,23.4900,78278100.0000,21.3017
10/14/2016,23.1400,23.6400,22.9100,22.9900,68079800.0000,20.8483
10/17/2016,23.1500,23.4700,23.0000,23.3400,43448300.0000,21.1657
10/18/2016,23.8200,24.2700,23.5500,24.2000,80749700.0000,21.9456
10/19/2016,24.6500,24.9900,24.3600,24.8700,88193100.0000,22.5532
10/20/2016,24.8600,24.9400,24.3800,24.8100,39322100.0000,22.4988
10/21/2016,24.7100,24.7800,24.4000,24.6200,34304800.0000,22.3265
10/24/2016,24.8600,24.8700,23.7900,24.0900,69003600.0000,21.8458
10/25/2016,24.2900,24.9300,24.1800,24.6500,68885200.0000,22.3537
10/26/2016,24.6200,24.7500,23.8600,24.1300,80726800.0000,21.8821
10/27/2016,24.3200,24.3600,23.4800,23.7300,64873500.0000,21.5194
10/28/2016,23.6700,24.2900,23.4300,23.8100,61709800.0000,21.5919
10/31/2016,23.9600,24.5500,23.7400,24.5200,73846500.0000,22.2358
11/01/2016,25.0800,25.5800,24.9100,25.1300,82620900.0000,22.7890
11/02/2016,25.6900,25.9300,24.5500,24.7600,114456900.0000,22.4534
11/03/2016,24.7800,25.4700,24.7300,25.3000,67325600.0000,22.9431
11/04/2016,25.2900,25.3300,24.6500,25.0700,64627900.0000,22.7345
11/07/2016,24.2200,24.3500,23.7500,24.0800,91724900.0000,21.8368
11/08/2016,24.1900,24.6800,23.6400,23.9600,63550900.0000,21.7280
11/09/2016,25.6300,25.7000,24.0000,24.5900,120870800.0000,22.2993
11/10/2016,24.3400,24.3400,22.6000,22.7500,180716500.0000,20.6307
11/11/2016,22.6700,22.7500,20.8300,20.9200,179547700.0000,18.9711
11/14/2016,20.5100,21.7600,20.1300,21.1200,135306100.0000,19.1525
11/15/2016,21.2300,22.1500,20.9900,22.0200,107240500.0000,19.9687
11/16/2016,21.9000,22.0000,21.3900,21.8400,55839800.0000,19.8054
11/17/2016,21.8100,22.2500,20.9000,21.3000,97704100.0000,19.3158
11/18/2016,21.0500,21.2800,20.7700,21.0500,75593000.0000,19.0890
11/21/2016,21.4400,21.7500,21.2800,21.4800,63978400.0000,19.4790
11/22/2016,21.5500,21.6200,20.9600,21.5600,44435000.0000,19.5515
11/23/2016,20.7200,20.7200,20.1400,20.5000,134622000.0000,18.5903
11/25/2016,20.7000,20.8600,20.4400,20.6100,34433900.0000,18.6900
11/28/2016,20.9000,21.4400,20.6700,21.4000,100582700.0000,19.4064
11/29/2016,20.8800,21.3800,20.7700,21.2300,50015500.0000,19.2523
11/30/2016,20.9800,21.0500,20.5200,20.8300,70615400.0000,18.8895
12/01/2016,20.5900,21.1400,20.2700,20.6600,58942400.0000,18.7354
12/02/2016,20.9100,21.5000,20.9000,21.3700,88022300.0000,19.3792
12/05/2016,20.9900,21.5800,20.6300,21.3300,64778100.0000,19.3430
12/06/2016,21.3200,21.6700,21.0600,21.2000,43701300.0000,19.2251
12/07/2016,21.5800,21.7400,21.2800,21.4400,63628600.0000,19.4427
12/08/2016,21.3500,21.5200,21.1800,21.4600,35073600.0000,19.4608
12/09/2016,21.2300,21.3000,20.5200,20.6700,99890500.0000,18.7444
12/12/2016,20.9000,21.1000,20.6200,20.7500,54072800.0000,18.8170
12/13/2016,20.7300,21.1000,20.5900,21.0400,58388500.0000,19.0800
12/14/2016,21.3400,21.4900,19.8700,19.8900,154550100.0000,18.0371
12/15/2016,19.3100,19.3500,18.6800,18.9900,175932700.0000,17.2209
12/16/2016,19.2600,19.4800,18.7900,19.0800,99834300.0000,17.3026
12/19/2016,19.1700,19.2800,18.9200,19.0800,46656800.0000,17.3526
12/20/2016,18.7100,19.1800,18.5800,19.1300,56487500.0000,17.3981
12/21/2016,19.2100,19.2900,18.9700,19.0900,75381500.0000,17.3617
12/22/2016,19.0500,19.4200,19.0000,19.0700,59725500.0000,17.3435
12/23/2016,19.1500,19.4300,19.1000,19.3400,58208900.0000,17.5890
12/27/2016,19.6700,19.8800,19.5200,19.8700,60061500.0000,18.0711
12/28/2016,19.7500,20.3200,19.6400,20.2400,61690300.0000,18.4076
12/29/2016,20.4700,21.8400,20.4500,21.7500,140319100.0000,19.7808
12/30/2016,21.7900,22.2400,20.7900,20.9200,142043300.0000,19.0260
01/03/2017,21.0700,21.7700,20.9800,21.7600,83239600.0000,19.7899
01/04/2017,22.0000,22.0100,21.5600,21.9200,59106200.0000,19.9355
01/05/2017,22.3600,23.3500,22.3500,23.2000,135142000.0000,21.0996
01/06/2017,22.6800,23.0900,22.0200,22.3900,123849500.0000,20.3629
01/09/2017,22.9200,22.9400,22.3200,22.4600,61158100.0000,20.4266
01/10/2017,22.6800,22.9600,22.2800,22.6200,69928600.0000,20.5721
01/11/2017,22.3900,22.8500,21.9000,22.5700,75435300.0000,20.5266
01/12/2017,23.0500,23.2500,22.3800,22.6200,67123800.0000,20.5721
01/13/2017,22.3900,22.8400,22.1500,22.7400,48983500.0000,20.6812
01/17/2017,23.4800,23.5600,23.1700,23.3600,94245700.0000,21.2451
01/18/2017,23.3500,23.5500,22.7100,23.0100,75029500.0000,20.9268
01/19/2017,22.7500,23.0700,22.5500,22.8800,60294600.0000,20.8085
01/20/2017,22.9100,23.4600,22.7200,23.1200,56212400.0000,21.0268
01/23/2017,23.3600,23.8200,23.2500,23.8100,87895700.0000,21.6543
01/24/2017,23.7500,24.2500,23.5900,23.8300,78455500.0000,21.6725
01/25/2017,23.3600,23.5000,23.1200,23.4700,64683100.0000,21.3451
01/26/2017,22.9300,23.1300,22.7800,22.8700,68361000.0000,20.7994
01/27/2017,22.8800,23.2700,22.8800,23.2200,49016500.0000,21.1178
01/30/2017,23.3300,23.6000,23.1000,23.1500,35261200.0000,21.0541
01/31/2017,23.7300,23.9300,23.6700,23.9300,92955600.0000,21.7635
02/01/2017,23.5600,24.9900,23.4500,23.8500,56371600.0000,21.6907
02/02/2017,24.4100,24.5500,24.2100,24.3800,56822500.0000,22.1727
02/03/2017,24.3800,24.6500,24.2700,24.5000,33050500.0000,22.2819
02/06/2017,24.9000,25.4200,24.6200,25.4000,74544000.0000,23.1004
02/07/2017,25.1300,25.5700,25.0300,25.2900,58295200.0000,23.0004
02/08/2017,25.5600,25.7100,25.2700,25.5700,41295600.0000,23.2550
02/09/2017,25.5700,25.6200,24.8400,24.9100,80783300.0000,22.6548
02/10/2017,24.6700,25.3600,24.6000,25.2900,65396100.0000,23.0004
02/13/2017,25.0000,25.1500,24.8600,24.9500,49701600.0000,22.6911
02/14/2017,25.2700,25.3300,24.6100,24.9200,56856900.0000,22.6639
02/15/2017,24.6000,24.9700,24.5000,24.9300,28928900.0000,22.6729
02/16/2017,25.0700,25.3400,24.9800,25.2000,46822700.0000,22.9185
02/17/2017,25.2900,25.3200,24.7300,24.7900,50189500.0000,22.5456
02/21/2017,24.4800,24.7600,24.1200,24.6200,50226300.0000,22.3910
02/22/2017,24.4800,24.6000,23.8200,24.3300,78978500.0000,22.1273
02/23/2017,24.7300,24.8600,24.3500,24.3700,45345000.0000,22.1636
02/24/2017,24.7100,24.7200,24.0500,24.1300,49738700.0000,21.9454
02/27/2017,24.1000,24.5800,22.7300,22.8400,112479400.0000,20.7722
02/28/2017,23.2400,23.4200,22.6400,22.8500,83215200.0000,20.7813
03/01/2017,22.4500,23.1700,22.2700,22.9800,64108600.0000,20.8995
03/02/2017,22.4900,22.6900,21.8300,21.9300,102332100.0000,19.9446
03/03/2017,21.7300,22.4700,21.5700,22.2000,82068800.0000,20.1901
03/06/2017,22.1000,22.1200,21.3500,21.6400,75805800.0000,19.6808
03/07/2017,21.3800,21.8000,21.2200,21.5100,49198800.0000,19.5626
03/08/2017,21.2300,21.6400,21.1700,21.3500,47354800.0000,19.4171
03/09/2017,21.3900,21.5500,21.1400,21.1400,36909000.0000,19.2261
03/10/2017,21.3200,21.8900,21.1900,21.7300,82724800.0000,19.7627
03/13/2017,21.8900,22.1000,21.7300,22.0000,52664600.0000,20.0082
03/14/2017,21.9100,22.1900,21.2600,21.3400,80950500.0000,19.4080
03/15/2017,21.5700,23.0400,21.3700,22.9800,150366100.0000,20.8995
03/16/2017,22.9800,23.4500,22.6900,22.7700,61512900.0000,20.7085
03/17/2017,22.8600,23.0800,22.5100,22.6700,49383500.0000,20.6176
03/20/2017,22.7400,23.0000,22.5800,22.8900,45769700.0000,20.8176
03/21/2017,23.0500,23.5100,23.0300,23.2600,75857100.0000,21.1541
03/22/2017,23.4200,23.5600,23.1300,23.2500,61585400.0000,21.1450
03/23/2017,23.3600,23.4500,22.6300,23.0300,67748100.0000,20.9450
03/24/2017,22.9500,23.1800,22.8300,22.9200,35724900.0000,20.8449
03/27/2017,23.4400,23.5400,23.1500,23.4300,61768100.0000,21.3088
03/28/2017,23.3500,23.4800,22.5800,22.8100,74233000.0000,20.7449
03/29/2017,22.7400,23.0600,22.6600,22.9100,33489000.0000,20.8358
03/30/2017,22.7300,22.8900,22.5300,22.5500,44880400.0000,20.5084
03/31/2017,22.6500,23.1200,22.5500,22.8100,56753500.0000,20.7449
04/03/2017,22.8400,23.2200,22.7900,23.2000,47771600.0000,21.0996
04/04/2017,23.3400,23.4700,23.1900,23.4500,36716200.0000,21.3269
04/05/2017,23.1700,23.6600,23.0200,23.4800,65945600.0000,21.3542
04/06/2017,23.4000,23.5500,23.2500,23.5100,35595900.0000,21.3815
04/07/2017,23.9100,24.0200,23.2200,23.5000,53894800.0000,21.3724
04/10/2017,23.3800,23.7100,23.2000,23.6500,44121700.0000,21.5088
04/11/2017,23.9900,24.4600,23.8700,24.3600,88138900.0000,22.1546
04/12/2017,24.3600,24.5900,24.0800,24.5700,64128000.0000,22.3455
04/13/2017,24.6200,24.8800,24.3800,24.5400,59164800.0000,22.3183
04/17/2017,24.5600,24.7600,24.3100,24.4700,44182500.0000,22.2546
04/18/2017,24.3800,24.4400,23.9900,24.2700,53986000.0000,22.0727
04/19/2017,24.0300,24.0700,23.2800,23.3900,111847200.0000,21.2724
04/20/2017,23.4800,23.8000,23.3600,23.5800,48955800.0000,21.4452
04/21/2017,23.6700,23.8200,23.4800,23.6100,52601700.0000,21.4725
04/24/2017,23.1400,23.4400,23.0800,23.2000,69344300.0000,21.0996
04/25/2017,22.9100,22.9200,21.9500,22.2200,130026200.0000,20.2083
04/26/2017,22.1900,22.4200,21.6800,22.2600,75540500.0000,20.2447
04/27/2017,22.2700,22.2700,21.7100,21.8100,71964000.0000,19.8354
04/28/2017,21.9800,22.4300,21.8700,22.2300,67758600.0000,20.2174
05/01/2017,22.0300,22.2300,21.5100,21.6900,67101600.0000,19.7263
05/02/2017,21.6200,21.9600,21.5500,21.7400,43845800.0000,19.7718
05/03/2017,21.7100,22.2800,21.5100,21.5100,67303100.0000,19.5626
05/04/2017,21.1800,21.3100,20.8900,21.1000,70495200.0000,19.1897
05/05/2017,21.1700,21.7500,21.1200,21.5500,58316100.0000,19.5990
05/08/2017,21.5800,21.5900,21.2900,21.5400,26305200.0000,19.5899
05/09/2017,21.3400,21.5700,21.2200,21.5200,42362800.0000,19.5717
05/10/2017,21.8300,22.0400,21.7500,21.9300,48357300.0000,19.9446
05/11/2017,22.0400,22.5000,22.0100,22.3700,66080500.0000,20.3447
05/12/2017,22.7100,22.8800,22.6200,22.7200,44397500.0000,20.6630
05/15/2017,23.1300,23.1300,22.4800,22.8000,43566900.0000,20.7358
05/16/2017,22.8700,23.0500,22.8400,22.9600,32089000.0000,20.8813
05/17/2017,23.4600,23.6700,23.1300,23.3700,67494600.0000,21.2542
05/18/2017,23.1100,23.1700,22.5500,22.6500,76638200.0000,20.5994
05/19/2017,22.9700,23.0100,22.8100,22.8600,38486000.0000,20.7904
05/22/2017,23.0700,23.3900,23.0400,23.1600,40356400.0000,21.0632
05/23/2017,23.2600,23.3900,22.5800,22.6400,58240500.0000,20.5903
05/24/2017,22.5700,22.9800,22.2000,22.9700,55901900.0000,20.8904
05/25/2017,22.7200,22.8300,22.4900,22.7100,42202900.0000,20.6539
05/26/2017,23.0100,23.0500,22.8300,22.9400,33135000.0000,20.8631
05/30/2017,22.6500,22.8400,22.5900,22.5900,35882500.0000,20.5448
05/31/2017,22.6800,22.9100,22.4500,22.6900,41639300.0000,20.6357
06/01/2017,22.5000,22.7800,22.4400,22.6000,27032600.0000,20.5539
06/02/2017,22.9400,23.0100,22.6700,22.7600,43410900.0000,20.6994
06/05/2017,22.8300,22.8900,22.4900,22.7400,26543100.0000,20.6812
06/06/2017,23.1000,23.8600,23.0800,23.8000,97130500.0000,21.6453
06/07/2017,23.5700,23.8200,23.3200,23.6500,56209800.0000,21.5088
06/08/2017,23.4000,23.4100,22.9600,23.2200,70016900.0000,21.1178
06/09/2017,22.8400,23.1100,22.8100,22.8300,50189900.0000,20.7631
06/12/2017,22.7500,22.9700,22.6800,22.7400,44601500.0000,20.6812
06/13/2017,22.6100,23.1400,22.6000,22.9700,40029400.0000,20.8904
06/14/2017,23.3800,23.4200,22.1000,22.2200,107805400.0000,20.2083
06/15/2017,22.0000,22.3400,21.9600,22.1000,74322300.0000,20.0992
06/16/2017,22.0600,22.1700,21.9400,22.0600,50005000.0000,20.0628
06/19/2017,21.9300,22.2100,21.8500,21.9300,46840300.0000,19.9446
06/20/2017,21.9600,21.9700,21.7500,21.8000,31301100.0000,19.8263
06/21/2017,21.8200,22.1300,21.7700,22.1100,37797100.0000,20.1083
06/22/2017,22.3600,22.5500,22.2600,22.3600,47219900.0000,20.3356
06/23/2017,22.6800,22.8100,22.5500,22.7400,47655200.0000,20.6812
06/26/2017,22.4400,22.7700,22.4100,22.5600,39689100.0000,20.5175
06/27/2017,22.7600,22.8000,22.2400,22.2600,66702600.0000,20.2447
06/28/2017,22.3700,22.4700,22.1500,22.4300,30354600.0000,20.3993
06/29/2017,22.1600,22.2000,21.8800,21.9500,54569900.0000,19.9627
06/30/2017,21.8800,22.1300,21.8800,22.0800,46691900.0000,20.0810
07/03/2017,21.6700,21.7000,21.4600,21.4800,43834500.0000,19.5353
07/05/2017,21.4500,21.8200,21.4000,21.7600,58726000.0000,19.7899
07/06/2017,21.6800,21.7000,21.4400,21.4900,37409500.0000,19.5444
07/07/2017,21.3500,21.4200,21.0000,21.2100,57304600.0000,19.2897
07/10/2017,21.0300,21.6500,20.9900,21.5100,52988200.0000,19.5626
07/11/2017,21.5200,21.7400,21.2600,21.6400,35247100.0000,19.6808
07/12/2017,21.9400,22.0600,21.7000,21.7400,39815200.0000,19.7718
07/13/2017,21.7700,21.8800,21.4800,21.5000,42072200.0000,19.5535
07/14/2017,21.9600,22.0200,21.8000,21.8000,47456100.0000,19.8263
07/17/2017,22.0400,22.1700,21.9800,21.9800,28408400.0000,19.9900
07/18/2017,22.2300,22.2700,22.1200,22.1400,30865800.0000,20.1355
07/19/2017,22.1500,22.2800,22.0100,22.1800,27487200.0000,20.1719
07/20/2017,22.1500,22.4200,22.1100,22.3200,25254900.0000,20.2992
07/21/2017,22.5000,22.5300,22.2800,22.4100,21535000.0000,20.3811
07/24/2017,22.4700,22.4800,21.9700,22.0500,45649400.0000,20.0537
07/25/2017,22.1000,22.3900,22.1000,22.2700,34211800.0000,20.2538
07/26/2017,22.1500,23.0600,22.1300,22.8400,63816900.0000,20.7722
07/27/2017,22.9800,22.9900,22.4600,22.5700,50762200.0000,20.5266
07/28/2017,22.6800,22.9400,22.6100,22.9100,40162900.0000,20.8358
07/31/2017,22.8800,23.0300,22.7400,22.8600,30392300.0000,20.7904
08/01/2017,22.7700,23.0900,22.6500,22.8300,32116800.0000,20.7631
08/02/2017,22.8000,22.9800,22.7300,22.7700,27185500.0000,20.7085
08/03/2017,22.7400,22.9500,22.6800,22.7000,24214900.0000,20.6448
08/04/2017,22.5000,22.5800,22.1900,22.3200,50891100.0000,20.2992
08/07/2017,22.2300,22.4200,22.1800,22.2000,32328000.0000,20.1901
08/08/2017,22.4100,22.4300,22.0300,22.2500,34662200.0000,20.2356
08/09/2017,22.5900,22.7100,22.4500,22.6000,46821200.0000,20.5539
08/10/2017,22.9900,23.0800,22.8800,23.0800,65055700.0000,20.9904
08/11/2017,23.1000,23.2000,22.9500,23.1500,34549400.0000,21.0541
08/14/2017,22.9000,22.9600,22.7200,22.8300,39972900.0000,20.7631
08/15/2017,22.4500,22.6500,22.4200,22.5600,34484000.0000,20.5175
08/16/2017,22.5100,23.1600,22.5000,23.0800,50670000.0000,20.9904
08/17/2017,23.1600,23.2600,22.9500,23.0300,38285900.0000,20.9450
08/18/2017,23.3400,23.4800,22.8700,22.9300,55747000.0000,20.8540
08/21/2017,23.0200,23.3100,23.0200,23.3100,45542000.0000,21.1996
08/22/2017,23.2000,23.3100,23.0800,23.0900,38877800.0000,20.9995
08/23/2017,23.2100,23.3100,23.0800,23.2600,28781900.0000,21.1541
08/24/2017,23.2300,23.4500,23.1800,23.3500,37205600.0000,21.2360
08/25/2017,23.4400,23.5900,23.2100,23.4100,27137600.0000,21.2906
08/28/2017,23.5900,24.2700,23.5600,24.2600,83129500.0000,22.0636
08/29/2017,24.6000,24.7400,24.1300,24.4200,53706100.0000,22.2091
08/30/2017,24.3100,24.4000,24.1300,24.1600,41441400.0000,21.9727
08/31/2017,24.2300,24.7600,24.2100,24.7200,51429800.0000,22.4820
09/01/2017,24.8400,24.8700,24.4900,24.7800,31745200.0000,22.5365
09/05/2017,25.0000,25.3300,24.9900,25.3100,67572000.0000,23.0185
09/06/2017,25.1900,25.2900,24.7800,24.9200,58803600.0000,22.6639
09/07/2017,25.2000,25.5800,25.1500,25.4900,64252100.0000,23.1822
09/08/2017,25.4200,25.4800,25.0800,25.2400,49542200.0000,22.9549
09/11/2017,24.7700,25.0500,24.4800,24.5600,67349800.0000,22.3364
09/12/2017,24.4400,24.7500,24.3600,24.6700,33658000.0000,22.4365
09/13/2017,24.6500,24.6500,24.1400,24.2200,45006600.0000,22.0272
09/14/2017,24.1500,24.4400,24.0500,24.3700,43024000.0000,22.1636
09/15/2017,24.3000,24.3600,24.0500,24.1300,30564700.0000,21.9454
09/18/2017,23.8600,23.9300,23.5900,23.7300,48361300.0000,21.5816
09/19/2017,23.7600,23.9100,23.6900,23.8500,22338100.0000,21.6907
09/20/2017,23.9300,24.2000,23.1800,23.5000,67407500.0000,21.3724
09/21/2017,23.1000,23.5300,23.0400,23.2100,39370200.0000,21.1087
09/22/2017,23.4300,23.5200,23.3000,23.4700,34951800.0000,21.3451
09/25/2017,23.3300,23.8700,23.2800,23.8300,55652300.0000,21.6725
09/26/2017,23.4800,23.6500,23.2600,23.3500,53216500.0000,21.2360
09/27/2017,23.0900,23.1900,22.9800,22.9900,49006900.0000,20.9086
09/28/2017,23.0800,23.2600,22.9900,23.1600,33380000.0000,21.0632
09/29/2017,23.1700,23.1900,22.9500,22.9600,24126600.0000,20.8813
10/02/2017,22.9100,23.1600,22.8100,23.0500,47008000.0000,20.9632
10/03/2017,23.0900,23.3300,23.0400,23.2800,38766700.0000,21.1723
10/04/2017,23.4100,23.4700,23.2400,23.4200,32421000.0000,21.2997
10/05/2017,23.4000,23.4500,23.1700,23.2200,31366800.0000,21.1178
10/06/2017,23.1800,23.6100,23.0000,23.5900,50090800.0000,21.4543
10/09/2017,23.6600,23.8200,23.5800,23.7400,26247700.0000,21.5907
10/10/2017,23.8500,23.8900,23.5300,23.5700,44450800.0000,21.4361
10/11/2017,23.6900,23.8300,23.3000,23.8000,39690400.0000,21.6453
10/12/2017,23.7600,23.8400,23.5900,23.7200,34478400.0000,21.5725
10/13/2017,23.9400,23.9900,23.7000,23.8400,23916800.0000,21.6816
10/16/2017,23.8600,23.8800,23.3000,23.4600,47320000.0000,21.3360
10/17/2017,23.3000,23.5100,23.2200,23.4200,32778600.0000,21.2997
10/18/2017,23.3500,23.4900,23.2700,23.3300,20223400.0000,21.2178
10/19/2017,23.4600,23.5800,23.3600,23.4400,25090200.0000,21.3178
10/20/2017,23.2800,23.3700,23.1100,23.2300,33496500.0000,21.1269
10/23/2017,23.0500,23.2900,22.9700,23.1400,36056800.0000,21.0450
10/24/2017,23.0400,23.1400,22.9000,22.9500,30322100.0000,20.8722
10/25/2017,22.9200,22.9600,22.6600,22.8300,48156200.0000,20.7631
10/26/2017,22.8400,22.8700,22.3000,22.4300,51852300.0000,20.3993
10/27/2017,22.3800,22.6400,22.3100,22.5700,49494800.0000,20.5266
10/30/2017,22.3800,22.9100,22.3800,22.7600,35144500.0000,20.6994
10/31/2017,22.7100,22.7100,22.4100,22.4800,28545700.0000,20.4448
11/01/2017,22.6600,22.8300,22.4200,22.4800,32439400.0000,20.4448
11/02/2017,22.5300,22.7800,22.4700,22.5800,26190500.0000,20.5357
11/03/2017,22.6200,22.7300,22.2200,22.4300,34775600.0000,20.3993
11/06/2017,22.4800,23.0000,22.4600,22.9100,51233200.0000,20.8358
11/07/2017,22.8200,22.8600,22.6000,22.7300,26060400.0000,20.6721
11/08/2017,22.9500,23.0300,22.8200,22.8900,28553400.0000,20.8176
11/09/2017,22.9100,22.9600,22.7800,22.8100,27157800.0000,20.7449
11/10/2017,22.8100,22.8700,22.4800,22.5200,35502900.0000,20.4811
11/13/2017,22.5800,22.6500,22.4900,22.5600,16756100.0000,20.5175
11/14/2017,22.4200,22.7100,22.3500,22.5900,22696800.0000,20.5448
11/15/2017,22.7200,22.7200,22.5000,22.6500,23133900.0000,20.5994
11/16/2017,22.5900,22.7000,22.5500,22.6000,17070300.0000,20.5539
11/17/2017,22.7300,22.9200,22.5700,22.7900,38347500.0000,20.7267
11/20/2017,22.6300,22.6900,22.4600,22.5400,35822000.0000,20.4993
11/21/2017,22.5800,22.7800,22.5700,22.7200,28387100.0000,20.6630
11/22/2017,22.8300,23.0000,22.8000,22.9200,31873500.0000,20.8449
11/24/2017,22.9700,23.0900,22.8100,22.8300,16244100.0000,20.7631
11/27/2017,23.1000,23.1400,22.8800,23.0500,24489800.0000,20.9632
11/28/2017,23.0800,23.1700,22.9200,22.9300,25800100.0000,20.8540
11/29/2017,22.7700,22.7700,22.4700,22.5000,54138800.0000,20.4629
11/30/2017,22.3800,22.5300,22.2700,22.4700,39156200.0000,20.4357
12/01/2017,22.3600,22.8600,22.3500,22.4900,45368800.0000,20.4539
12/04/2017,22.2600,22.3900,22.1700,22.2000,32949000.0000,20.1901
12/05/2017,22.0100,22.1300,21.7900,21.9700,35894500.0000,19.9809
12/06/2017,21.6700,21.9000,21.6100,21.6900,43407300.0000,19.7263
12/07/2017,21.5800,21.7000,21.4000,21.5800,31467200.0000,19.6262
12/08/2017,21.6000,21.8100,21.5700,21.6800,29074400.0000,19.7172
12/11/2017,21.6500,21.8200,21.4300,21.5100,33505200.0000,19.5626
12/12/2017,21.3200,21.4600,21.2700,21.4200,34569600.0000,19.4807
12/13/2017,21.4200,22.3200,21.4200,22.1600,82201600.0000,20.1537
12/14/2017,22.0800,22.1700,21.8000,22.0700,36365600.0000,20.0719
12/15/2017,22.1600,22.2100,21.9800,21.9900,33144000.0000,19.9991
12/18/2017,22.0800,22.2300,21.9900,22.1600,30791800.0000,20.3163
12/19/2017,22.1600,22.2600,22.0400,22.1300,25162600.0000,20.2888
12/20/2017,22.2500,22.5900,22.2100,22.5000,37314000.0000,20.6280
12/21/2017,22.4300,22.7500,22.4300,22.6300,27396800.0000,20.7472
12/22/2017,22.7500,22.9200,22.6800,22.8900,26914900.0000,20.9856
12/26/2017,22.9700,23.2500,22.8900,23.2000,34177900.0000,21.2698
12/27/2017,23.2700,23.2800,23.0600,23.1600,29887500.0000,21.2331
12/28/2017,23.2800,23.3500,23.0200,23.2000,18870200.0000,21.2698
12/29/2017,23.3200,23.3700,23.1000,23.2400,22380400.0000,21.3065
01/02/2018,23.4600,23.8400,23.4200,23.8200,43172000.0000,21.8382
01/03/2018,23.7800,23.8100,23.2400,23.5700,45780900.0000,21.6090
01/04/2018,23.5500,23.7400,23.3900,23.7200,31300300.0000,21.7465
01/05/2018,23.5800,23.7200,23.4900,23.6700,21765800.0000,21.7007
01/08/2018,23.5800,23.6100,23.2800,23.4200,33366000.0000,21.4715
01/09/2018,23.1900,23.2700,22.9700,23.1100,40393700.0000,21.1873
01/10/2018,23.3400,23.4300,23.1600,23.2500,28985500.0000,21.3156
01/11/2018,23.2700,23.4200,23.2700,23.3800,23581400.0000,21.4348
01/12/2018,23.6000,24.0200,23.5000,24.0100,55599200.0000,22.0124
01/16/2018,24.0400,24.4300,24.0100,24.3700,39719500.0000,22.3425
01/17/2018,24.2100,24.4900,23.9200,23.9400,41932100.0000,21.9482
01/18/2018,23.9700,24.0800,23.5600,23.6100,39198000.0000,21.6457
01/19/2018,23.7800,23.8400,23.6400,23.6500,22753200.0000,21.6824
01/22/2018,23.7500,23.8300,23.5400,23.7100,19300900.0000,21.7374
01/23/2018,23.6000,24.1700,23.3900,24.1000,38807100.0000,22.0949
01/24/2018,24.5100,24.8400,24.4900,24.6000,53467100.0000,22.5533
01/25/2018,24.7400,24.8600,23.9800,24.1300,61745600.0000,22.1224
01/26/2018,24.3000,24.4200,24.2000,24.3500,31439500.0000,22.3241
01/29/2018,24.1300,24.1500,23.5700,23.6800,59676000.0000,21.7099
01/30/2018,23.8000,23.8600,23.3300,23.4500,37702200.0000,21.4990
01/31/2018,23.6700,23.8400,23.2200,23.7500,46410300.0000,21.7741
02/01/2018,23.5700,23.8100,23.4500,23.7000,33277700.0000,21.7282
02/02/2018,23.3800,23.3900,22.7900,22.9100,75765500.0000,21.0039
02/05/2018,23.0000,23.0200,22.4800,22.7100,53158400.0000,20.8206
02/06/2018,22.4900,22.5200,21.9800,22.1100,68463900.0000,20.2705
02/07/2018,21.9900,22.2800,21.7300,21.8000,51539100.0000,19.9863
02/08/2018,21.8000,22.0200,21.6500,21.6800,51192400.0000,19.8763
02/09/2018,21.6500,21.6800,20.8400,21.6800,101763800.0000,19.8763
02/12/2018,21.5700,22.1500,21.4300,21.9700,70844400.0000,20.1421
02/13/2018,21.9900,22.0900,21.8300,22.0000,21692900.0000,20.1696
02/14/2018,22.0100,23.1500,21.9400,23.0100,95516900.0000,21.0956
02/15/2018,23.0700,23.1000,22.6300,22.9900,36155700.0000,21.0773
02/16/2018,22.8100,22.9000,22.2200,22.5100,49081700.0000,20.6372
02/20/2018,22.2200,22.3100,21.8400,21.8700,47894500.0000,20.0505
02/21/2018,22.0600,22.4600,21.7800,21.7900,40097800.0000,19.9771
02/22/2018,21.9400,22.0400,21.7200,21.7300,27068100.0000,19.9221
02/23/2018,21.7500,21.9900,21.6700,21.9700,24782000.0000,20.1421
02/26/2018,22.0800,22.2500,22.0100,22.1800,30234300.0000,20.3347
02/27/2018,21.9700,21.9700,21.3500,21.4900,69407300.0000,19.7021
02/28/2018,21.5400,21.6200,21.3500,21.3500,33039000.0000,19.5737
03/01/2018,21.1200,21.6400,20.9400,21.5700,59170800.0000,19.7754
03/02/2018,21.7700,21.8900,21.4700,21.4900,25906400.0000,19.7021
03/05/2018,21.4400,21.6500,21.3100,21.6500,38419800.0000,19.8488
03/06/2018,21.9400,22.2500,21.9000,22.0100,53458700.0000,20.1788
03/07/2018,21.9800,22.0600,21.5100,21.5700,42129900.0000,19.7754
03/08/2018,21.6500,21.7000,21.4400,21.6500,18596900.0000,19.8488
03/09/2018,21.5200,21.7700,21.4200,21.5700,23402900.0000,19.7754
03/12/2018,21.4600,21.7900,21.3500,21.7600,32577300.0000,19.9496
03/13/2018,21.7800,21.8900,21.5600,21.6700,17335400.0000,19.8671
03/14/2018,21.6800,21.8200,21.6400,21.7300,16708700.0000,19.9221
03/15/2018,21.5700,21.6500,21.4100,21.4500,30524800.0000,19.6654
03/16/2018,21.4400,21.5300,21.2500,21.4300,20880700.0000,19.6471
03/19/2018,21.4100,21.5600,21.2200,21.5100,30109500.0000,19.7204
03/20/2018,21.3200,21.4100,21.1600,21.2700,40842100.0000,19.5004
03/21/2018,21.4700,22.0200,21.3800,21.8600,77132100.0000,20.0413
03/22/2018,21.7400,21.8400,21.4900,21.5000,34294500.0000,19.7112
03/23/2018,22.0600,22.3600,22.0200,22.1200,74162800.0000,20.2797
03/26/2018,22.3100,22.5100,22.2600,22.4400,44428800.0000,20.5730
03/27/2018,22.1000,22.2700,21.9500,21.9900,50314200.0000,20.1605
03/28/2018,21.8700,21.9000,21.5600,21.6600,57399700.0000,19.8579
03/29/2018,21.6400,21.9900,21.6300,21.9800,36064900.0000,20.1513
04/02/2018,22.1900,22.4400,22.1100,22.2300,38852500.0000,20.3805
04/03/2018,22.0300,22.1000,21.8300,21.9100,32183100.0000,20.0871
04/04/2018,22.1700,22.1800,21.8200,21.8700,21864000.0000,20.0505
04/05/2018,21.7100,21.9900,21.6800,21.9700,21917200.0000,20.1421
04/06/2018,22.1400,22.1900,22.0200,22.0700,28824100.0000,20.2338
04/09/2018,22.0900,22.1900,21.8400,21.9800,26503600.0000,20.1513
04/10/2018,22.1700,22.4100,22.1400,22.2600,34933700.0000,20.4080
04/11/2018,22.4700,23.0500,22.4600,22.7500,73378100.0000,20.8572
04/12/2018,22.5500,22.6800,22.4400,22.4700,38282400.0000,20.6005
04/13/2018,22.6800,23.0500,22.6600,22.8900,45733700.0000,20.9856
04/16/2018,22.9800,22.9800,22.6900,22.8000,33914400.0000,20.9031
04/17/2018,22.7300,23.0100,22.6700,22.9300,26116200.0000,21.0223
04/18/2018,23.1300,23.3100,22.9600,22.9800,55934600.0000,21.0681
04/19/2018,23.1000,23.1800,22.8200,23.0600,33413200.0000,21.1415
04/20/2018,22.8200,22.8500,22.5900,22.7100,47975800.0000,20.8206
04/23/2018,22.5000,22.5600,22.3700,22.4100,38080800.0000,20.5455
04/24/2018,22.5400,22.7500,22.4900,22.7000,35369700.0000,20.8114
04/25/2018,22.4300,22.6600,22.3200,22.5000,27986500.0000,20.6280
04/26/2018,22.5900,22.6900,22.4400,22.5900,27482300.0000,20.7106
04/27/2018,22.6700,22.7600,22.5900,22.7300,24142000.0000,20.8389
04/30/2018,22.4300,22.4800,22.2500,22.2800,48350400.0000,20.4263
05/01/2018,22.1400,22.3700,22.0400,22.3100,31639700.0000,20.4539
05/02/2018,22.3900,22.7700,22.3000,22.3800,47085300.0000,20.5180
05/03/2018,22.6500,22.7800,22.5300,22.6500,31886800.0000,20.7656
05/04/2018,22.5800,22.7000,22.4900,22.6500,25226400.0000,20.7656
05/07/2018,22.6000,22.8000,22.5800,22.6500,18934400.0000,20.7656
05/08/2018,22.5300,22.7200,22.3100,22.6800,34792300.0000,20.7931
05/09/2018,22.6500,22.7700,22.5900,22.6300,24236900.0000,20.7472
05/10/2018,22.8200,22.9900,22.7800,22.9500,40726900.0000,21.0406
05/11/2018,23.0000,23.0600,22.8300,22.8800,25367500.0000,20.9764
05/14/2018,22.9600,23.0000,22.6700,22.7800,27921100.0000,20.8848
05/15/2018,22.3200,22.3800,22.1300,22.2600,60869800.0000,20.4080
05/16/2018,22.2200,22.3700,22.2100,22.2900,29674700.0000,20.4355
05/17/2018,22.2600,22.2600,22.1300,22.1900,21513100.0000,20.3438
05/18/2018,22.1000,22.2600,22.0300,22.1900,21201900.0000,20.3438
05/21/2018,22.1900,22.3400,22.0600,22.3300,24219400.0000,20.4722
05/22/2018,22.3300,22.4500,22.1100,22.1300,29793700.0000,20.2888
05/23/2018,22.0200,22.4300,22.0100,22.3400,35634500.0000,20.4814
05/24/2018,22.4200,22.6500,22.3600,22.6500,43392200.0000,20.7656
05/25/2018,22.5100,22.5600,22.2500,22.3100,45369500.0000,20.4539
05/29/2018,22.1200,22.3800,22.0800,22.1500,38924900.0000,20.3072
05/30/2018,22.2700,22.4900,22.2300,22.4400,26859600.0000,20.5730
05/31/2018,22.3700,22.4500,22.2700,22.3400,21951700.0000,20.4814
06/01/2018,22.3200,22.4300,22.1400,22.3100,34934700.0000,20.4539
06/04/2018,22.4400,22.4600,22.2400,22.2800,14069800.0000,20.4263
06/05/2018,22.3200,22.5100,22.2600,22.4400,23725600.0000,20.5730
06/06/2018,22.5000,22.6000,22.3600,22.5800,28884400.0000,20.7014
06/07/2018,22.5600,22.5700,22.3500,22.4500,24370400.0000,20.5822
06/08/2018,22.3900,22.4300,22.2700,22.3600,14786300.0000,20.4997
06/11/2018,22.3500,22.5600,22.2900,22.5500,22189200.0000,20.6739
06/12/2018,22.4400,22.5700,22.3700,22.4900,18186500.0000,20.6189
06/13/2018,22.5100,22.6000,22.2200,22.4800,26970400.0000,20.6097
06/14/2018,22.5500,22.6700,22.5400,22.6600,27702300.0000,20.7747
06/15/2018,22.3500,22.3900,22.1200,22.2300,67655000.0000,20.3805
06/18/2018,22.1800,22.3400,22.1800,22.2700,25229100.0000,20.4172
06/19/2018,22.0600,22.2300,22.0200,22.0500,29906000.0000,20.2155
06/20/2018,22.1200,22.1500,21.8800,21.9200,27917300.0000,20.0963
06/21/2018,21.9300,22.0000,21.8600,21.9100,20138300.0000,20.0871
06/22/2018,21.9900,22.2300,21.9600,22.1800,31844700.0000,20.3347
06/25/2018,22.0800,22.1700,21.9500,22.0100,27603600.0000,20.1788
06/26/2018,21.8800,22.0200,21.7900,21.9500,20695400.0000,20.1238
06/27/2018,21.8500,22.0300,21.7900,21.8100,29246500.0000,19.9955
06/28/2018,21.8800,21.9600,21.7700,21.9300,27797900.0000,20.1055
06/29/2018,21.9400,22.4000,21.9300,22.3100,53961400.0000,20.4539
07/02/2018,22.1200,22.2200,21.9800,22.0800,32224400.0000,20.2430
07/03/2018,22.2900,22.6300,22.2800,22.4700,36319300.0000,20.6005
07/05/2018,22.6000,22.7400,22.5700,22.6800,39397300.0000,20.7931
07/06/2018,22.7100,22.8000,22.5800,22.6100,34350000.0000,20.7289
07/09/2018,22.8600,22.9300,22.5300,22.5500,24832400.0000,20.6739
07/10/2018,22.4900,22.6400,22.3700,22.6000,21568100.0000,20.7197
07/11/2018,22.3900,22.4600,21.9400,22.0000,63565300.0000,20.1696
07/12/2018,22.1300,22.2900,22.1100,22.1400,30125700.0000,20.2980
07/13/2018,22.0000,22.1100,21.9400,21.9600,22024500.0000,20.1330
07/16/2018,21.9500,22.0000,21.8000,21.8700,19669600.0000,20.0505
07/17/2018,21.7300,21.9400,21.6700,21.8800,41938300.0000,20.0596
07/18/2018,21.7100,21.8800,21.6300,21.8600,35836300.0000,20.0413
07/19/2018,21.5000,21.9200,21.4800,21.5800,46406300.0000,19.7846
07/20/2018,21.7800,21.8700,21.6300,21.7800,39138300.0000,19.9679
07/23/2018,21.6200,21.6400,21.3200,21.3300,51711400.0000,19.5554
07/24/2018,21.4500,21.6300,21.4500,21.6200,45248700.0000,19.8213
07/25/2018,21.7100,21.8000,21.5000,21.8000,43773100.0000,19.9863
07/26/2018,21.5700,21.6700,21.3600,21.3900,60861700.0000,19.6104
07/27/2018,21.3700,21.4900,21.2400,21.3200,23550500.0000,19.5462
07/30/2018,21.3000,21.3800,21.1800,21.2700,19823200.0000,19.5004
07/31/2018,21.2100,21.4600,21.1900,21.2800,22085600.0000,19.5096
08/01/2018,21.2500,21.2900,21.0800,21.1100,36248800.0000,19.3537
08/02/2018,21.1100,21.1100,20.8900,20.9400,33471600.0000,19.1978
08/03/2018,21.0600,21.3200,20.9900,21.1600,41235200.0000,19.3995
08/06/2018,21.0200,21.0500,20.8800,20.9000,25437500.0000,19.1612
08/07/2018,21.0700,21.0900,20.6400,20.6600,32676600.0000,18.9411
08/08/2018,20.6800,20.8000,20.6000,20.7600,26936600.0000,19.0328
08/09/2018,20.8200,21.0200,20.7000,20.7100,26457700.0000,18.9870
08/10/2018,20.6700,20.7800,20.5100,20.5600,34589200.0000,18.8495
08/13/2018,20.3900,20.4100,19.8800,19.9800,71197400.0000,18.3177
08/14/2018,20.0200,20.0600,19.7400,19.7700,31663100.0000,18.1252
08/15/2018,19.4400,19.4500,18.4700,18.6000,127545500.0000,17.0525
08/16/2018,18.8000,18.9500,18.1500,18.1600,78684200.0000,16.6491
08/17/2018,18.3900,18.8000,18.3100,18.7200,108432900.0000,17.1625
08/20/2018,18.8100,18.9600,18.5800,18.7900,50865700.0000,17.2267
08/21/2018,18.8100,18.9800,18.6800,18.9200,32200100.0000,17.3459
08/22/2018,19.0500,19.0800,18.9200,19.0600,29172600.0000,17.4742
08/23/2018,18.8700,18.8700,18.3500,18.4600,60360200.0000,16.9242
08/24/2018,18.7100,19.2200,18.6200,18.9500,72678300.0000,17.3734
08/27/2018,19.0600,19.3100,19.0300,19.2800,48725600.0000,17.6759
08/28/2018,19.4000,19.4900,18.8000,18.9200,52003800.0000,17.3459
08/29/2018,19.0000,19.1200,18.8900,18.9900,32824200.0000,17.4101
08/30/2018,18.8600,18.8600,18.5800,18.6900,41048500.0000,17.1350
08/31/2018,18.7100,18.8400,18.5000,18.5500,32493200.0000,17.0067
09/04/2018,18.2800,18.3500,17.9700,18.0200,68162500.0000,16.5208
09/05/2018,18.1500,18.1700,17.7900,17.8700,37114900.0000,16.3833
09/06/2018,17.9500,18.1600,17.7700,17.8400,44015200.0000,16.3558
09/07/2018,17.7500,18.0100,17.5800,17.8800,42474300.0000,16.3924
09/10/2018,17.8900,17.9400,17.5700,17.6100,36646400.0000,16.1449
09/11/2018,17.4400,17.6200,17.2800,17.5700,34496300.0000,16.1082
09/12/2018,17.5500,18.2900,17.4300,18.1100,80327200.0000,16.6033
09/13/2018,18.3900,18.4200,17.9400,18.0900,42941600.0000,16.5849
09/14/2018,18.0800,18.2000,17.9200,17.9800,28846500.0000,16.4841
09/17/2018,18.1400,18.4200,18.0000,18.3200,45917300.0000,16.7958
09/18/2018,18.3000,18.4600,18.2100,18.4300,40661400.0000,16.8967
09/19/2018,18.5400,18.9600,18.5100,18.7500,50131500.0000,17.1900
09/20/2018,18.9400,19.1100,18.6700,18.9300,45547700.0000,17.3551
09/21/2018,18.5700,18.9300,18.5000,18.7800,43987000.0000,17.2175
09/24/2018,18.9000,19.1100,18.7500,18.8000,45806500.0000,17.2359
09/25/2018,18.9900,19.1000,18.7600,18.8500,34694500.0000,17.2817
09/26/2018,18.7200,18.8300,18.3900,18.4200,78326300.0000,16.8875
09/27/2018,18.2200,18.4800,18.1400,18.3400,42157400.0000,16.8141
09/28/2018,18.5000,18.6900,18.4700,18.5200,36328000.0000,16.9792
10/01/2018,18.4400,18.6200,18.4300,18.5500,30221100.0000,17.0067
10/02/2018,18.8300,19.0800,18.7400,19.0500,70369600.0000,17.4651
10/03/2018,19.1000,19.2300,18.7500,18.7900,47836900.0000,17.2267
10/04/2018,18.9100,18.9900,18.5900,18.7500,42990700.0000,17.1900
10/05/2018,18.8200,18.9000,18.5800,18.6500,32050300.0000,17.0984
10/08/2018,18.3600,18.7300,18.2000,18.7100,50616600.0000,17.1534
10/09/2018,18.5800,18.6300,18.2900,18.3900,39183800.0000,16.8600
10/10/2018,18.3300,18.7100,18.1500,18.6300,57558300.0000,17.0800
10/11/2018,19.0300,19.9900,18.8400,19.8700,134790100.0000,18.2169
10/12/2018,19.7500,19.8900,19.2700,19.7500,63982500.0000,18.1068
10/15/2018,20.0200,20.3900,19.9300,20.0600,64151500.0000,18.3911
10/16/2018,20.2300,20.3300,19.7600,19.9900,40971300.0000,18.3269
10/17/2018,19.9900,20.2300,19.7700,19.9100,43598000.0000,18.2535
10/18/2018,19.8500,20.3500,19.7700,20.0000,40595000.0000,18.3360
10/19/2018,20.1900,20.2700,19.9700,20.0100,32958300.0000,18.3452
10/22/2018,19.9000,19.9800,19.6800,19.8600,30036800.0000,18.2077
10/23/2018,20.3600,20.5100,19.9300,20.1000,51504500.0000,18.4277
10/24/2018,20.1000,20.2400,19.8000,19.8700,38506000.0000,18.2169
10/25/2018,19.9000,19.9300,18.8800,19.0000,85572300.0000,17.4192
10/26/2018,19.1300,19.5800,19.0100,19.0600,74515900.0000,17.4742
10/29/2018,19.0300,19.4300,18.8200,19.0100,39090300.0000,17.4284
10/30/2018,18.9700,19.2500,18.8200,19.1500,33839100.0000,17.5568
10/31/2018,18.8400,18.9400,18.6400,18.9300,55037000.0000,17.3551
11/01/2018,19.2400,19.6700,19.2000,19.5700,63588500.0000,17.9418
11/02/2018,19.4900,19.6600,19.3600,19.6300,38780200.0000,17.9968
11/05/2018,19.4300,19.8000,19.3400,19.5600,29600100.0000,17.9326
11/06/2018,19.5900,19.6600,19.3100,19.4000,26050300.0000,17.7860
11/07/2018,19.5200,19.5600,19.2700,19.3100,22573000.0000,17.7034
11/08/2018,19.1700,19.4700,19.1500,19.3800,36788400.0000,17.7676
11/09/2018,18.9300,19.1200,18.7800,19.0400,48178200.0000,17.4559
11/12/2018,18.7900,18.8900,18.5900,18.6100,38310500.0000,17.0617
11/13/2018,18.7000,18.7300,18.2600,18.4200,37410700.0000,16.8875
11/14/2018,18.3700,19.0800,18.3400,18.8300,66754900.0000,17.2634
11/15/2018,18.8900,19.1300,18.8100,19.0900,39657800.0000,17.5018
11/16/2018,19.3700,19.5000,19.2900,19.3800,46150500.0000,17.7676
11/19/2018,19.3500,19.6600,19.3300,19.3900,39968700.0000,17.7768
11/20/2018,19.5100,19.5100,18.9700,19.3000,33847400.0000,17.6943
11/21/2018,19.4700,19.9200,19.4500,19.8100,51285800.0000,18.1618
11/23/2018,19.6300,19.7400,19.2700,19.3600,30344400.0000,17.7493
11/26/2018,19.4000,19.6700,19.2200,19.2600,23593600.0000,17.6576
11/27/2018,19.2900,19.2900,18.7200,18.8700,51165000.0000,17.3001
11/28/2018,18.7700,19.4800,18.7300,19.3400,49633100.0000,17.7310
11/29/2018,19.4400,19.5200,19.1600,19.1700,28893400.0000,17.5751
11/30/2018,19.0800,19.1800,18.8000,19.0900,31883800.0000,17.5018
12/03/2018,19.3900,19.4900,19.1600,19.4400,47882800.0000,17.8226
12/04/2018,19.6700,19.7700,19.5200,19.6000,45434300.0000,17.9693
12/06/2018,19.6600,19.9000,19.5000,19.7100,50911100.0000,18.0702
12/07/2018,19.8800,20.3400,19.7900,20.2000,67727400.0000,18.5194
12/10/2018,20.1000,20.5500,19.9900,20.1300,47462700.0000,18.4552
12/11/2018,20.2100,20.3800,19.9600,20.0100,50550800.0000,18.3452
12/12/2018,20.0700,20.4900,20.0700,20.4400,71833500.0000,18.7394
12/13/2018,20.3300,20.4800,20.2900,20.4800,42891300.0000,18.7761
12/14/2018,20.2600,20.3600,20.0800,20.1200,48779800.0000,18.4461
12/17/2018,20.2900,20.6500,20.2800,20.6100,67083000.0000,18.8953
12/18/2018,20.5400,21.1700,20.5300,21.0900,79518700.0000,19.3354
12/19/2018,21.0900,21.4700,19.9000,19.9500,120753200.0000,18.2902
12/20/2018,20.5300,20.8400,20.3400,20.6700,94498200.0000,19.0506
12/21/2018,20.6800,20.7700,20.2700,20.4400,63178700.0000,18.8386
12/24/2018,20.7000,21.1100,20.6500,21.0900,60507000.0000,19.4377
12/26/2018,21.3500,21.4000,20.5300,20.6200,76365200.0000,19.0045
12/27/2018,20.8400,21.0000,20.7000,20.9700,52393000.0000,19.3271
12/28/2018,20.8900,21.0200,20.5700,20.6000,49835000.0000,18.9860
12/31/2018,20.7000,21.1300,20.5600,21.0900,53866600.0000,19.4377
01/02/2019,21.1100,21.2300,20.8400,21.0500,39963400.0000,19.4008
01/03/2019,21.3000,21.5400,21.1300,21.4800,52555200.0000,19.7971
01/04/2019,21.1300,21.4000,21.0100,21.3000,60257200.0000,19.6312
01/07/2019,21.4800,21.5300,20.9800,21.0400,41231900.0000,19.3916
01/08/2019,20.8500,21.0700,20.6900,21.0500,36313100.0000,19.4008
01/09/2019,21.0300,21.4100,21.0100,21.3200,55350100.0000,19.6496
01/10/2019,21.2400,21.3500,20.9500,21.0000,38185600.0000,19.3547
01/11/2019,21.0600,21.2500,21.0100,21.0800,32955600.0000,19.4284
01/14/2019,21.1200,21.2700,20.8500,20.9300,34552200.0000,19.2902
01/15/2019,21.0000,21.0600,20.4200,20.6100,45097700.0000,18.9953
01/16/2019,20.5700,20.7800,20.5000,20.6000,22030000.0000,18.9860
01/17/2019,20.5700,20.7700,20.5100,20.6600,25288300.0000,19.0413
01/18/2019,20.4500,20.6400,20.2400,20.3100,50576000.0000,18.7188
01/22/2019,20.3600,20.5100,20.2200,20.4500,34617600.0000,18.8478
01/23/2019,20.3200,20.6100,20.2300,20.4900,22692400.0000,18.8847
01/24/2019,20.3700,20.5900,20.3500,20.5000,37866200.0000,18.8939
01/25/2019,20.8100,21.2300,20.8000,21.1800,52893000.0000,19.5206
01/28/2019,21.1800,21.4800,21.1800,21.4500,38990100.0000,19.7695
01/29/2019,21.6400,21.9800,21.4900,21.9700,61112200.0000,20.2487
01/30/2019,21.8600,22.5500,21.7500,22.1800,66605400.0000,20.4423
01/31/2019,22.4200,22.6900,22.2900,22.6900,60796600.0000,20.9123
02/01/2019,22.5300,22.6600,22.2000,22.5700,42718200.0000,20.8017
02/04/2019,22.1900,22.5100,22.1600,22.4900,53968100.0000,20.7280
02/05/2019,22.4900,22.6100,22.2200,22.6100,33532900.0000,20.8386
02/06/2019,22.3600,22.6000,22.2100,22.2200,49850200.0000,20.4791
02/07/2019,22.2100,22.3500,21.9600,22.0300,36029500.0000,20.3040
02/08/2019,22.0700,22.4500,22.0700,22.3400,48965400.0000,20.5897
02/11/2019,22.1100,22.3200,22.0600,22.0800,38453400.0000,20.3501
02/12/2019,22.2300,22.2700,21.9500,22.0500,23475700.0000,20.3224
02/13/2019,22.0000,22.2800,21.9100,21.9200,49415200.0000,20.2026
02/14/2019,21.9600,22.1800,21.8400,22.1400,33745200.0000,20.4054
02/15/2019,22.2700,22.4400,22.0200,22.4300,37505500.0000,20.6727
02/19/2019,22.7100,23.2600,22.6200,23.1400,90301500.0000,21.3270
02/20/2019,23.3100,23.7000,23.1400,23.3600,62442200.0000,21.5298
02/21/2019,23.1100,23.2100,22.9400,22.9800,54488200.0000,21.1796
02/22/2019,23.1200,23.3600,22.9800,23.0600,41676600.0000,21.2533
02/25/2019,23.0300,23.0900,22.7600,22.7700,47067700.0000,20.9860
02/26/2019,22.7700,22.8200,22.3600,22.7300,36299000.0000,20.9492
02/27/2019,22.6000,22.6800,22.2000,22.3500,49023500.0000,20.5989
02/28/2019,22.3600,22.3600,22.1600,22.2400,32776800.0000,20.4976
03/01/2019,22.0600,22.3200,21.6900,21.7000,78919200.0000,19.9999
03/04/2019,21.5600,21.8600,21.4000,21.8500,55000900.0000,20.1381
03/05/2019,21.7700,21.9700,21.6800,21.9700,30417100.0000,20.2487
03/06/2019,21.9100,21.9400,21.4700,21.5200,55294000.0000,19.8340
03/07/2019,21.5200,21.8900,21.5000,21.7900,41501300.0000,20.0828
03/08/2019,22.2100,22.4000,21.9400,22.3700,59864500.0000,20.6174
03/11/2019,22.4000,22.5100,21.9900,22.2900,38359700.0000,20.5436
03/12/2019,22.4100,22.7300,22.3400,22.6800,48840700.0000,20.9031
03/13/2019,22.8100,22.9700,22.6200,22.8600,31968100.0000,21.0690
03/14/2019,22.4000,22.5000,22.1800,22.2500,42989400.0000,20.5068
03/15/2019,22.4000,22.5800,22.1600,22.3000,42292600.0000,20.5529
03/18/2019,22.4000,22.4400,22.0200,22.0500,31836900.0000,20.3224
03/19/2019,22.3200,22.3800,22.1200,22.1300,34131500.0000,20.3962
03/20/2019,22.2000,22.7300,21.8300,22.6300,58485700.0000,20.8570
03/21/2019,22.7000,22.7800,22.3400,22.7500,41302500.0000,20.9676
03/22/2019,22.6100,22.8700,22.5300,22.7800,41711400.0000,20.9953
03/25/2019,22.8700,23.3400,22.8500,23.2600,58308800.0000,21.4376
03/26/2019,23.0300,23.3800,22.9800,23.3500,41372400.0000,21.5206
03/27/2019,23.2300,23.3500,22.9900,23.0100,34488200.0000,21.2072
03/28/2019,22.6500,22.7300,22.3200,22.4100,66841200.0000,20.6542
03/29/2019,22.6100,22.6500,22.3900,22.4200,35233000.0000,20.6635
04/01/2019,22.4300,22.5100,21.8300,21.9600,49601800.0000,20.2395
04/02/2019,21.9800,22.1600,21.9400,22.1000,28698700.0000,20.3685
04/03/2019,22.1000,22.2700,22.0700,22.0700,24462100.0000,20.3409
04/04/2019,21.8800,22.5400,21.7900,22.5000,42380400.0000,20.7372
04/05/2019,22.4200,22.4700,22.2600,22.4300,20384600.0000,20.6727
04/08/2019,22.7500,22.8000,22.5500,22.6900,30695500.0000,20.9123
04/09/2019,22.8100,22.8400,22.6500,22.8200,23757000.0000,21.0321
04/10/2019,22.8000,22.9300,22.5900,22.6200,26181800.0000,20.8478
04/11/2019,22.3400,22.5400,22.1100,22.2500,57531000.0000,20.5068
04/12/2019,22.2500,22.3600,22.1400,22.2100,22940800.0000,20.4699
04/15/2019,21.9800,22.2900,21.8900,22.2200,26720300.0000,20.4791
04/16/2019,21.9400,22.0100,21.7900,21.8100,46161500.0000,20.1013
04/17/2019,21.8700,21.9200,21.4900,21.6600,44246100.0000,19.9630
04/18/2019,21.6100,21.7400,21.1900,21.3400,43979600.0000,19.6681
04/22/2019,21.4000,21.4200,20.9300,20.9800,44655200.0000,19.3363
04/23/2019,20.8000,20.9700,20.7100,20.8200,27916300.0000,19.1888
04/24/2019,20.8100,21.1900,20.6700,21.0200,48993100.0000,19.3731
04/25/2019,21.0600,21.2100,20.7600,20.8700,29325900.0000,19.2349
04/26/2019,21.0700,21.4300,21.0500,21.3000,38923200.0000,19.6312
04/29/2019,21.2200,21.2300,20.7400,20.8400,39572600.0000,19.2072
04/30/2019,20.8300,21.0300,20.8000,20.8900,19674200.0000,19.2533
05/01/2019,20.8300,21.1000,20.3500,20.5200,72152500.0000,18.9123
05/02/2019,20.3200,20.4600,20.1400,20.1700,42758500.0000,18.5897
05/03/2019,20.4000,20.5900,20.2700,20.2900,26799900.0000,18.7003
05/06/2019,20.2900,20.4700,20.2200,20.3000,26382900.0000,18.7096
05/07/2019,20.4100,20.8300,20.2700,20.7100,48972400.0000,19.0874
05/08/2019,20.9000,20.9900,20.3500,20.4800,30100600.0000,18.8755
05/09/2019,20.5200,20.7800,20.3900,20.4300,28038400.0000,18.8294
05/10/2019,20.5500,20.5800,20.2700,20.2800,23309400.0000,18.6911
05/13/2019,20.6300,20.9900,20.4300,20.9300,65640200.0000,19.2902
05/14/2019,20.8800,20.9000,20.5900,20.8400,29056100.0000,19.2072
05/15/2019,20.9500,21.0200,20.7800,20.7900,23251200.0000,19.1612
05/16/2019,20.6800,20.7400,20.4100,20.5600,32047600.0000,18.9492
05/17/2019,20.4700,20.7600,20.3900,20.7500,26519000.0000,19.1243
05/20/2019,20.7000,20.8500,20.6400,20.6800,17628000.0000,19.0598
05/21/2019,20.5700,20.7300,20.4600,20.7100,13437500.0000,19.0874
05/22/2019,20.6800,20.7100,20.2600,20.3600,31806200.0000,18.7649
05/23/2019,20.5600,20.8800,20.4100,20.4400,36332200.0000,18.8386
05/24/2019,20.5000,20.6200,20.4000,20.5700,15584000.0000,18.9584
05/28/2019,20.3800,20.5000,20.2800,20.4200,32450100.0000,18.8202
05/29/2019,20.5200,20.5500,20.3500,20.4200,23992000.0000,18.8202
05/30/2019,20.4500,20.8100,20.3600,20.7700,25439400.0000,19.1427
05/31/2019,21.2400,21.7400,21.1900,21.5900,83347600.0000,19.8985
06/03/2019,22.0300,22.5000,21.9100,22.4900,75414200.0000,20.7280
06/04/2019,22.1700,22.6200,22.1700,22.5900,40898700.0000,20.8201
06/05/2019,22.8400,23.0200,22.3400,22.6300,55594800.0000,20.8570
06/06/2019,22.6600,22.9200,22.6000,22.8700,48981100.0000,21.0782
06/07/2019,23.0500,23.1200,22.7300,22.8900,41368300.0000,21.0966
06/10/2019,22.4200,22.5200,22.2400,22.4600,45057300.0000,20.7003
06/11/2019,22.3500,22.6900,22.3100,22.5900,23522200.0000,20.8201
06/12/2019,22.7700,23.0800,22.7500,22.9600,35955800.0000,21.1611
06/13/2019,23.0200,23.2400,22.9400,23.2400,30634300.0000,21.4192
06/14/2019,23.4500,23.6700,23.1000,23.3300,42220900.0000,21.5022
06/17/2019,23.3800,23.4700,23.1400,23.4600,50692800.0000,21.6220
06/18/2019,23.7500,23.8800,23.3500,23.6700,44411200.0000,21.8155
06/19/2019,23.5200,24.0300,23.4500,24.0000,46273800.0000,22.1197
06/20/2019,24.6600,25.1700,24.5400,25.0500,131981000.0000,23.0874
06/21/2019,25.0000,25.2400,24.6800,25.2100,50309800.0000,23.2349
06/24/2019,25.3100,26.1700,25.2600,26.1700,101843300.0000,24.1197
06/25/2019,26.2300,26.2500,25.1100,25.6300,103671800.0000,23.6220
06/26/2019,25.0700,25.7400,25.0500,25.5200,57095000.0000,23.5206
06/27/2019,25.3100,25.3900,25.1400,25.3300,53004800.0000,23.3455
06/28/2019,25.4300,25.6000,25.1900,25.5600,39459700.0000,23.5574
07/01/2019,24.8000,24.9900,24.5300,24.5800,90190700.0000,22.6542
07/02/2019,24.8900,25.6500,24.8100,25.5500,75815700.0000,23.5482
07/03/2019,25.6700,25.7000,25.3600,25.6500,24756100.0000,23.6404
07/05/2019,24.9800,25.5000,24.6800,25.3900,51920800.0000,23.4008
07/08/2019,25.4500,25.6100,25.2100,25.4200,40606100.0000,23.4284
07/09/2019,25.3300,25.6600,25.2100,25.6500,37529700.0000,23.6404
07/10/2019,26.0200,26.2300,25.7700,26.2000,56454300.0000,24.1473
07/11/2019,26.1300,26.2800,25.7200,25.9400,54013400.0000,23.9077
07/12/2019,26.0000,26.2500,25.8700,26.2100,31795200.0000,24.1565
07/15/2019,26.1700,26.3100,25.9900,26.1800,29900000.0000,24.1289
07/16/2019,26.1400,26.3300,25.9700,26.0500,25081700.0000,24.0091
07/17/2019,26.1800,27.1000,26.1800,27.0900,45481600.0000,24.9676
07/18/2019,26.9100,28.3100,26.7700,28.2500,100026700.0000,26.0367
07/19/2019,27.9100,28.2700,27.6000,27.9800,59357500.0000,25.7878
07/22/2019,28.0800,28.2900,27.9700,28.1900,38309500.0000,25.9814
07/23/2019,28.2000,28.4100,27.6500,27.8700,53084900.0000,25.6865
07/24/2019,28.0700,28.2000,27.8400,28.1500,35305300.0000,25.9445
07/25/2019,27.9800,27.9800,27.3300,27.4300,66348800.0000,25.2809
07/26/2019,27.5500,27.6400,27.2300,27.2800,34186900.0000,25.1427
07/29/2019,27.4000,27.7700,27.2200,27.7700,51527600.0000,25.5943
07/30/2019,27.8900,28.0000,27.7000,27.8300,29517400.0000,25.6496
07/31/2019,27.6800,27.8800,26.4200,26.5000,125274600.0000,24.4238
08/01/2019,26.1000,27.9600,26.0400,27.8500,125771700.0000,25.6680
08/02/2019,27.7300,28.1100,27.5600,27.7700,46016200.0000,25.5943
08/05/2019,28.5300,29.0100,28.3400,28.6000,91723900.0000,26.3593
08/06/2019,28.5900,28.7900,28.3100,28.6700,45760900.0000,26.4238
08/07/2019,29.5900,30.0000,29.2000,29.2600,91307700.0000,26.9676
08/08/2019,29.1100,29.8600,28.8700,29.7700,62143900.0000,27.4376
08/09/2019,29.5500,29.8600,29.3200,29.3600,42424300.0000,27.0597
08/12/2019,29.5900,29.7500,28.9900,29.0000,62211800.0000,26.7279
08/13/2019,29.4100,29.4500,27.8100,28.4500,97362100.0000,26.2210
08/14/2019,28.9200,29.0900,28.3700,28.4100,60301200.0000,26.1842
08/15/2019,28.3100,28.8700,28.1600,28.7300,46951200.0000,26.4791
08/16/2019,28.4100,28.6100,28.1300,28.2800,51032100.0000,26.0643
08/19/2019,27.7500,28.3800,27.6100,27.9300,62746500.0000,25.7418
08/20/2019,28.1600,28.9700,28.1200,28.8500,73110900.0000,26.5897
08/21/2019,28.6000,28.8600,28.5500,28.7000,30263600.0000,26.4514
08/22/2019,28.5700,28.7900,28.3700,28.4900,39469300.0000,26.2579
08/23/2019,28.6400,29.7000,28.5900,29.6400,92847400.0000,27.3178
08/26/2019,29.6800,29.9800,29.4000,29.6400,47355700.0000,27.3178
08/27/2019,29.7100,30.6200,29.6400,30.5600,81770600.0000,28.1657
08/28/2019,30.6500,30.8100,30.0300,30.4100,54015200.0000,28.0275
08/29/2019,30.4500,30.4900,29.3900,29.6600,75098400.0000,27.3362
08/30/2019,29.5300,30.1400,29.4500,29.8600,48728400.0000,27.5206
09/03/2019,30.2800,30.7600,30.1200,30.3700,69310100.0000,27.9906
09/04/2019,30.3300,30.9600,30.2900,30.9500,48361200.0000,28.5252
09/05/2019,30.2300,30.2600,29.1700,29.3100,132635500.0000,27.0136
09/06/2019,29.5300,29.7600,28.4400,28.4800,88853900.0000,26.2487
09/09/2019,28.6300,28.7400,27.6300,27.7300,90351900.0000,25.5574
09/10/2019,27.7000,28.0600,27.4500,27.5100,66585000.0000,25.3547
09/11/2019,27.6300,28.2100,27.5400,27.7200,78529300.0000,25.5482
09/12/2019,28.5300,28.7000,27.2300,27.2700,82794900.0000,25.1335
09/13/2019,27.4100,27.5900,26.6000,26.6400,80728900.0000,24.5528
09/16/2019,27.2500,27.5100,26.8900,27.2900,68934800.0000,25.1519
09/17/2019,27.4800,28.2700,27.3800,28.1200,71084100.0000,25.9169
09/18/2019,28.1100,28.1400,26.9800,27.6200,85193300.0000,25.4561
09/19/2019,27.8300,28.1800,27.7200,28.1000,47188900.0000,25.8984
09/20/2019,28.1900,28.6900,27.8600,28.6900,61290700.0000,26.4422
09/23/2019,28.8100,29.1600,28.7100,29.1600,58025700.0000,26.8754
09/24/2019,28.8400,29.5800,28.6900,29.4900,57912300.0000,27.1795
09/25/2019,29.3100,29.3900,28.2100,28.4300,87938400.0000,26.2026
09/26/2019,28.5500,28.7800,28.0900,28.1100,45715000.0000,25.9077
09/27/2019,27.5000,27.8400,27.3100,27.4500,74409500.0000,25.2994
09/30/2019,26.9900,27.3500,26.5400,26.7100,73206900.0000,24.6173
10/01/2019,26.6200,27.4700,26.5100,26.9200,68625600.0000,24.8109
10/02/2019,27.4700,27.5000,27.0200,27.4100,65837200.0000,25.2625
10/03/2019,27.4100,28.0500,27.2400,27.2500,63344000.0000,25.1150
10/04/2019,27.1500,27.9100,27.1400,27.8700,54465000.0000,25.6865
10/07/2019,27.6000,27.9900,27.4600,27.5800,37266600.0000,25.4192
10/08/2019,28.0800,28.3800,27.7900,28.3600,65536200.0000,26.1381
10/09/2019,28.3500,28.3600,27.8800,28.0500,39219400.0000,25.8524
10/10/2019,28.0100,28.1600,27.5200,28.0500,39255400.0000,25.8524
10/11/2019,27.6700,27.7000,26.9100,26.9700,87316400.0000,24.8570
10/14/2019,27.0400,27.2900,26.9400,27.0700,31850400.0000,24.9491
10/15/2019,26.8800,26.8800,26.1800,26.1900,61657100.0000,24.1381
10/16/2019,26.4500,26.7400,26.1900,26.7100,51265100.0000,24.6173
10/17/2019,26.5000,27.3500,26.4700,27.0800,46186300.0000,24.9584
10/18/2019,26.9500,27.2400,26.7900,27.1200,31902100.0000,24.9952
10/21/2019,27.2500,27.3000,26.5000,26.5800,42579000.0000,24.4975
10/22/2019,26.6700,26.8000,26.2300,26.5400,30749800.0000,24.4607
10/23/2019,26.6400,27.0200,26.6400,26.8100,47031700.0000,24.7095
10/24/2019,26.9700,27.5500,26.9400,27.5200,51996000.0000,25.3639
10/25/2019,28.0100,28.1800,27.3700,27.7400,59960300.0000,25.5667
10/28/2019,27.4300,27.4400,27.0000,27.0600,60885600.0000,24.9399
10/29/2019,26.8900,27.4300,26.7700,27.2100,32762400.0000,25.0782
10/30/2019,27.3000,27.4900,26.7300,27.4500,54901700.0000,25.2994
10/31/2019,27.7000,28.1800,27.6000,28.1500,79602400.0000,25.9445
11/01/2019,27.9300,28.1600,27.6500,28.0100,55359000.0000,25.8155
11/04/2019,27.9200,27.9600,27.4900,27.5200,56660000.0000,25.3639
11/05/2019,26.9700,27.1400,26.7600,26.9700,62148800.0000,24.8570
11/06/2019,27.1300,27.4000,26.9100,27.3000,48932900.0000,25.1611
11/07/2019,27.0200,27.0900,26.3000,26.4900,90744200.0000,24.4146
11/08/2019,26.2300,26.5800,26.1400,26.2300,42339900.0000,24.1750
11/11/2019,26.2700,26.4600,26.1500,26.2400,33313500.0000,24.1842
11/12/2019,26.2800,26.6400,25.9800,26.5900,56886600.0000,24.5068
11/13/2019,26.7200,27.0100,26.6900,26.7500,36498800.0000,24.6542
11/14/2019,26.8700,27.0700,26.7400,27.0000,34638700.0000,24.8846
11/15/2019,26.7800,27.0900,26.7200,26.7400,37430600.0000,24.6450
11/18/2019,26.7900,27.2100,26.7400,27.2000,49621800.0000,25.0690
11/19/2019,27.0400,27.5000,27.0300,27.2300,33293500.0000,25.0966
11/20/2019,27.2000,27.4600,26.9400,27.3400,35278100.0000,25.1980
11/21/2019,27.1900,27.3600,26.8100,26.8200,67801100.0000,24.7187
11/22/2019,26.9200,26.9800,26.5900,26.7600,24320200.0000,24.6634
11/25/2019,26.4800,26.6800,26.1800,26.2000,59476400.0000,24.1473
11/26/2019,26.2500,26.8300,26.1400,26.7800,64827100.0000,24.6819
11/27/2019,26.5800,26.7900,26.4200,26.6600,37110700.0000,24.5713
11/29/2019,26.6900,27.1600,26.6900,27.0800,44363100.0000,24.9584
12/02/2019,26.8900,27.2100,26.8300,27.1700,43818700.0000,25.0413
12/03/2019,27.5400,27.9400,27.5400,27.7700,71551400.0000,25.5943
12/04/2019,27.6400,27.7200,27.3100,27.4800,56183500.0000,25.3270
12/05/2019,27.3500,27.8600,27.3300,27.6200,47757700.0000,25.4561
12/06/2019,27.1200,27.3900,26.9600,26.9700,75294900.0000,24.8570
12/09/2019,27.1300,27.1800,26.8500,26.9200,31802800.0000,24.8109
12/10/2019,27.1500,27.1600,26.8800,27.1300,36765200.0000,25.0044
12/11/2019,27.2400,27.8500,27.1600,27.7100,76150900.0000,25.5390
12/12/2019,28.0000,28.1100,27.3900,27.6600,65636700.0000,25.4929
12/13/2019,27.4700,27.8400,27.3200,27.7200,29998500.0000,25.5482
12/16/2019,27.7400,27.7400,27.3200,27.3900,42318600.0000,25.2441
12/17/2019,27.3600,27.4500,27.1500,27.1600,31057700.0000,25.0321
12/18/2019,27.1400,27.4800,27.0900,27.4500,45238000.0000,25.2994
12/19/2019,27.5000,27.5900,27.2700,27.4800,24665700.0000,25.3270
12/20/2019,27.5100,27.5400,27.1200,27.1300,41965800.0000,25.0044
12/23/2019,27.1300,27.8300,27.0500,27.7700,72123700.0000,25.7758
12/24/2019,27.9100,28.6600,27.8900,28.6600,70679100.0000,26.6019
12/26/2019,28.9000,29.2500,28.7500,29.0800,57567000.0000,26.9917
12/27/2019,29.0100,29.1500,28.7100,28.8700,37730900.0000,26.7968
12/30/2019,28.9200,29.4900,28.9000,29.4900,56336900.0000,27.3723
12/31/2019,29.7000,29.7600,29.2600,29.2800,32773500.0000,27.1773
01/02/2020,29.6200,29.7200,29.1100,29.3500,40709100.0000,27.2423
01/03/2020,29.8500,29.8700,29.0100,29.1700,47399500.0000,27.0752
01/06/2020,29.7500,29.7900,29.0100,29.2200,45483100.0000,27.1216
01/07/2020,29.2100,29.5200,29.0200,29.5000,39181100.0000,27.3815
01/08/2020,29.3700,29.4300,28.1200,28.3500,94319100.0000,26.3141
01/09/2020,28.1100,28.4200,28.0000,28.0400,60554600.0000,26.0264
01/10/2020,28.1500,28.5600,28.1200,28.4500,38632800.0000,26.4069
01/13/2020,28.3200,28.3200,27.7500,27.7700,48710300.0000,25.7758
01/14/2020,27.7100,28.3100,27.6800,28.2600,56949000.0000,26.2306
01/15/2020,28.3900,28.8700,28.1700,28.7900,50472900.0000,26.7225
01/16/2020,28.6000,28.7100,28.3600,28.6700,37967100.0000,26.6111
01/17/2020,28.7500,28.7800,28.3000,28.4200,43853800.0000,26.3791
01/21/2020,28.2600,28.9700,28.2000,28.9500,48096900.0000,26.8710
01/22/2020,28.9000,28.9900,28.6500,28.8400,21333700.0000,26.7689
01/23/2020,28.6600,29.1000,28.5900,28.6600,41346600.0000,26.6019
01/24/2020,28.6100,29.3000,28.6100,29.2200,44497000.0000,27.1216
01/27/2020,29.6400,29.6600,28.9100,29.0800,38199300.0000,26.9917
01/28/2020,28.8000,28.9700,28.2800,28.3100,55735200.0000,26.2770
01/29/2020,28.3000,28.9000,28.2300,28.8600,37940100.0000,26.7875
01/30/2020,28.9000,29.0800,28.6000,28.7300,39866800.0000,26.6668
01/31/2020,28.8000,29.2400,28.7600,28.9900,41986200.0000,26.9082
02/03/2020,28.8100,28.9000,28.4000,28.5600,42344300.0000,26.5090
02/04/2020,28.2000,28.2800,27.7700,28.0500,62983500.0000,26.0357
02/05/2020,28.0200,28.3500,27.9100,28.0500,41433700.0000,26.0357
02/06/2020,28.2700,28.5100,28.1100,28.4000,37356800.0000,26.3605
02/07/2020,28.5700,28.6700,27.9200,27.9300,40445600.0000,25.9243
02/10/2020,28.1900,28.5100,28.0200,28.3900,34717200.0000,26.3512
02/11/2020,28.3200,28.5300,28.0700,28.4300,24591700.0000,26.3884
02/12/2020,28.3400,28.4100,28.0800,28.1200,33312700.0000,26.1006
02/13/2020,28.3700,28.5900,28.2100,28.3200,29937400.0000,26.2863
02/14/2020,28.3400,28.4700,28.1900,28.3100,22888600.0000,26.2770
02/18/2020,28.5900,29.2500,28.3800,29.2300,64678400.0000,27.1309
02/19/2020,29.3700,29.7900,29.2000,29.7500,45467500.0000,27.6136
02/20/2020,29.6600,30.1000,29.5000,29.7500,52313900.0000,27.6136
02/21/2020,30.2700,30.7100,30.1800,30.6500,76564200.0000,28.4489
02/24/2020,31.7600,31.8400,30.6600,31.0500,87112400.0000,28.8202
02/25/2020,30.4800,31.1600,29.9100,29.9700,91165500.0000,27.8178
02/26/2020,29.9000,30.2800,29.6700,29.8700,49317800.0000,27.7250
02/27/2020,30.3200,30.4000,28.1400,28.1500,125123900.0000,26.1285
02/28/2020,26.8000,27.0400,25.4300,26.2200,166814200.0000,24.3371
03/02/2020,27.0900,27.4700,26.7000,27.2900,83762400.0000,25.3302
03/03/2020,27.8200,29.6100,27.4600,28.6800,130291500.0000,26.6204
03/04/2020,29.0300,29.1800,28.2800,29.1300,55030300.0000,27.0381
03/05/2020,29.4700,29.8400,28.9600,29.8200,68343800.0000,27.6786
03/06/2020,29.9100,29.9700,28.4500,29.4100,81228000.0000,27.2980
03/09/2020,28.3800,28.7200,27.2600,27.3100,87651700.0000,25.3488
03/10/2020,27.7400,28.0300,26.5000,27.4900,82748700.0000,25.5159
03/11/2020,27.0500,27.2500,25.0400,25.1700,119428500.0000,23.3625
03/12/2020,22.9900,24.8900,22.0000,22.3100,106328100.0000,20.7079
03/13/2020,23.2900,23.4000,16.5000,19.0000,195650900.0000,17.6356
03/16/2020,16.7500,22.9500,16.1800,22.4900,199906300.0000,20.8749
03/17/2020,22.1100,25.5000,22.0200,25.5000,119759900.0000,23.6688
03/18/2020,24.1200,25.0400,19.6800,19.6800,198033900.0000,18.2667
03/19/2020,20.6500,24.9800,19.2900,21.2700,103179000.0000,19.7425
03/20/2020,22.8500,22.8500,20.3400,20.5500,68320700.0000,19.0743
03/23/2020,21.6300,23.2900,21.1200,21.9300,93812100.0000,20.3552
03/24/2020,24.9300,26.0700,23.7900,25.1500,127861300.0000,23.3439
03/25/2020,25.3900,27.0000,24.5500,26.3100,102594400.0000,24.4206
03/26/2020,26.6900,27.2100,25.2200,25.8500,47458000.0000,23.9936
03/27/2020,25.1500,25.6700,23.7300,24.3700,94471000.0000,22.6199
03/30/2020,24.3900,25.3300,23.1400,23.9300,63038600.0000,22.2115
03/31/2020,23.6000,24.4300,23.0300,23.0400,45113700.0000,21.3854
04/01/2020,23.0000,24.2600,23.0000,24.0300,33900200.0000,22.3043
04/02/2020,24.5900,25.7200,24.3700,25.0400,39859300.0000,23.2418
04/03/2020,25.1600,25.8800,24.7400,24.9500,33775700.0000,23.1583
04/06/2020,26.0100,26.7000,25.5400,26.3400,62383700.0000,24.4485
04/07/2020,26.6100,26.7600,25.7800,26.0900,31203200.0000,24.2164
04/08/2020,26.1700,26.5300,25.8300,26.2000,17480200.0000,24.3185
04/09/2020,27.2000,28.9700,27.0900,28.9500,68549100.0000,26.8710
04/13/2020,28.6500,31.0700,27.9100,30.7800,59888600.0000,28.5696
04/14/2020,31.1200,32.2700,30.0300,30.7500,59359900.0000,28.5418
04/15/2020,29.6600,30.8500,29.3700,30.1500,31917300.0000,27.9849
04/16/2020,30.4200,31.1300,30.0400,30.9200,37982800.0000,28.6996
04/17/2020,29.7600,30.4200,29.6700,29.9400,29249500.0000,27.7899
04/20/2020,29.9800,31.1300,29.9800,30.7400,25488800.0000,28.5325
04/21/2020,29.6800,30.8700,29.5500,30.5600,22464500.0000,28.3654
04/22/2020,31.5400,32.6400,31.5000,32.5100,40919900.0000,30.1754
04/23/2020,33.2100,34.7400,33.0100,33.4200,56325900.0000,31.0200
04/24/2020,34.0200,34.3100,32.9600,33.9300,40571500.0000,31.4934
04/27/2020,33.9500,34.2100,32.9300,33.7900,30455600.0000,31.3635
04/28/2020,33.5000,33.9800,32.9800,33.8100,31629700.0000,31.3820
04/29/2020,33.4500,34.0700,32.8200,34.0300,36914000.0000,31.5862
04/30/2020,33.1800,33.8400,32.1500,32.2600,52248800.0000,29.9433
05/01/2020,31.4800,33.3900,31.3100,33.2900,34003000.0000,30.8994
05/04/2020,33.7600,34.2500,33.5200,33.9900,34391400.0000,31.5491
05/05/2020,33.9100,34.9100,33.3700,34.7900,30289700.0000,32.2916
05/06/2020,34.1500,34.5100,33.6200,33.7000,29078400.0000,31.2799
05/07/2020,34.0900,35.4900,33.8800,35.0300,35053600.0000,32.5144
05/08/2020,34.9900,35.5600,34.5800,34.8600,28612000.0000,32.3566
05/11/2020,34.9200,35.0500,33.5500,33.8900,28732700.0000,31.4563
05/12/2020,34.3400,34.9500,33.6900,33.8400,20999600.0000,31.4099
05/13/2020,34.3400,34.6900,33.4200,34.0800,33290200.0000,31.6326
05/14/2020,34.0600,35.4500,34.0000,35.1600,33736200.0000,32.6351
05/15/2020,35.9600,36.6800,35.6100,36.5700,38465800.0000,33.9438
05/18/2020,37.1500,37.2000,35.7200,35.9300,33131200.0000,33.3498
05/19/2020,36.5100,37.4900,36.3800,37.2100,36737200.0000,34.5379
05/20/2020,37.3600,37.4900,36.4500,36.6100,30058100.0000,33.9809
05/21/2020,36.0800,36.2200,34.7600,35.6600,33179400.0000,33.0992
05/22/2020,35.9800,36.4400,35.4700,35.5500,17987000.0000,32.9971
05/26/2020,35.3800,35.3800,33.9500,34.0800,36174200.0000,31.6326
05/27/2020,33.0900,33.7600,32.5400,33.7100,43849100.0000,31.2892
05/28/2020,34.3900,34.6800,33.5600,34.0000,29917600.0000,31.5584
05/29/2020,34.6700,34.8700,34.1100,34.3200,32726200.0000,31.8554
06/01/2020,34.6000,35.4300,34.4800,35.3800,24163900.0000,32.8393
06/02/2020,35.5600,35.5800,33.9400,34.0900,39294200.0000,31.6419
06/03/2020,33.3100,33.5900,32.4300,32.8300,40447600.0000,30.4724
06/04/2020,33.4800,33.5800,32.8400,33.1100,25889300.0000,30.7323
06/05/2020,32.0400,32.4600,31.2200,32.4600,50291100.0000,30.1290
06/08/2020,32.5700,32.8100,32.0900,32.7800,21180400.0000,30.4260
06/09/2020,33.0500,33.4700,32.6600,33.0600,21745400.0000,30.6859
06/10/2020,33.4900,34.5300,32.4400,34.5300,46916400.0000,32.0503
06/11/2020,34.4200,34.9200,32.3900,32.8300,50214100.0000,30.4724
06/12/2020,33.4600,33.7800,32.5000,32.6400,29829000.0000,30.2960
06/15/2020,31.8000,33.6600,31.3200,33.5100,32180400.0000,31.1036
06/16/2020,33.4600,33.6800,32.4500,32.6400,39596100.0000,30.2960
06/17/2020,32.7800,33.1900,32.5000,32.8500,23882500.0000,30.4910
06/18/2020,32.6700,33.0300,32.3000,32.4300,20130800.0000,30.1011
06/19/2020,32.8800,33.8400,32.6900,33.5500,37405000.0000,31.1407
06/22/2020,34.4000,35.3400,34.2700,34.8700,46110300.0000,32.3659
06/23/2020,35.3800,35.8400,35.1200,35.3700,28979200.0000,32.8300
06/24/2020,35.1400,35.6800,34.3000,34.7400,37585800.0000,32.2452
06/25/2020,34.7500,34.9600,34.1800,34.9600,17938800.0000,32.4494
06/26/2020,34.5900,35.3300,34.0800,35.1900,29048400.0000,32.6629
06/29/2020,35.3700,35.5600,34.9700,35.5600,24259500.0000,33.0063
06/30/2020,35.4400,36.7200,35.2200,36.6800,35818600.0000,34.0459
07/01/2020,36.5700,36.6400,35.5200,36.5600,30673800.0000,33.9345
07/02/2020,36.3400,37.0800,36.1100,36.1700,28388800.0000,33.5725
07/06/2020,36.9000,37.1300,36.3100,36.8400,23654600.0000,34.1944
07/07/2020,36.6900,37.9800,36.6600,37.7300,30150000.0000,35.0205
07/08/2020,38.4100,39.1400,38.1900,38.9600,34212500.0000,36.1622
07/09/2020,39.2700,39.4400,37.8200,38.7900,37060300.0000,36.0044
07/10/2020,39.0900,39.1800,38.0300,38.4000,21900700.0000,35.6424
07/13/2020,39.0600,39.1800,37.0800,37.1300,34817400.0000,34.4636
07/14/2020,37.0000,38.6000,36.8700,38.5900,30430700.0000,35.8188
07/15/2020,38.3700,38.7600,37.7000,38.6700,21291000.0000,35.8930
07/16/2020,38.3500,38.7100,37.7100,38.0800,21296600.0000,35.3454
07/17/2020,38.5600,39.3400,38.3400,39.3100,27743600.0000,36.4871
07/20/2020,39.7800,40.4900,39.6300,40.3800,28356300.0000,37.4802
07/21/2020,41.2700,41.6200,40.5300,40.9100,34661400.0000,37.9722
07/22/2020,41.4700,41.9400,41.1000,41.7500,39311500.0000,38.7518
07/23/2020,41.7000,42.2400,40.2100,40.9600,43686700.0000,38.0186
07/24/2020,41.4600,41.9100,41.1200,41.8300,34918700.0000,38.8261
07/27/2020,43.4300,44.4600,43.3100,43.8400,57601200.0000,40.6917
07/28/2020,43.2000,44.0500,42.7300,43.5600,37241900.0000,40.4319
07/29/2020,43.7300,43.7400,42.2200,43.1300,39586600.0000,40.0327
07/30/2020,41.9000,42.6800,40.9600,41.6300,38073500.0000,38.6404
07/31/2020,42.3600,43.0300,41.9300,42.9400,29531000.0000,39.8564
08/03/2020,42.6000,42.9000,41.7700,42.5400,26243100.0000,39.4851
08/04/2020,42.5000,44.4800,42.1200,44.4800,42405300.0000,41.2858
08/05/2020,45.4000,45.7800,44.0200,44.5300,37958400.0000,41.3322
08/06/2020,45.1800,45.3600,43.5800,44.2300,29579900.0000,41.0537
08/07/2020,43.2400,43.5400,42.2500,42.7400,33217600.0000,39.6707
08/10/2020,43.2300,44.1800,42.2900,42.3900,28792700.0000,39.3459
08/11/2020,40.2400,40.7500,38.8900,39.0500,71304400.0000,36.2457
08/12/2020,40.3300,40.5100,39.2100,39.2300,38295800.0000,36.4128
08/13/2020,40.0300,41.0300,39.6900,40.6300,36092700.0000,37.7123
08/14/2020,40.4600,40.7200,39.7200,40.3500,21075500.0000,37.4524
08/17/2020,42.1200,43.0000,41.8500,42.9600,35736000.0000,39.8749
08/18/2020,44.0700,44.0900,42.0100,42.6600,28185900.0000,39.5965
08/19/2020,42.2600,42.6100,40.7700,41.0100,36903300.0000,38.0650
08/20/2020,41.0500,42.1000,40.7900,41.9700,29589700.0000,38.9560
08/21/2020,41.1200,41.3000,40.4400,40.8900,23938200.0000,37.9536
08/24/2020,41.5700,41.6100,40.5900,40.6500,17717400.0000,37.7308
08/25/2020,40.6100,40.6100,39.5900,40.5800,20241500.0000,37.6659
08/26/2020,40.0700,41.6300,40.0700,41.6000,27676900.0000,38.6126
08/27/2020,42.3400,42.3400,40.0300,40.6600,31690900.0000,37.7401
08/28/2020,41.6300,42.2300,41.2500,41.9600,26915500.0000,38.9468
08/31/2020,42.2000,42.8100,41.9200,42.2700,21174600.0000,39.2345
09/01/2020,43.1300,43.1300,41.1700,41.6700,24247400.0000,38.6776
09/02/2020,41.2300,41.8000,40.4100,41.7600,21587400.0000,38.7611
09/03/2020,41.4100,41.7600,40.2300,41.2900,23533900.0000,38.3249
09/04/2020,40.9600,41.1400,39.4700,40.8600,31760000.0000,37.9257
09/08/2020,39.6900,41.3700,39.2900,40.5800,23894000.0000,37.6659
09/09/2020,40.9800,42.4500,40.9800,42.3400,30373300.0000,39.2995
09/10/2020,42.7600,42.8900,41.4400,41.5800,24778400.0000,38.5940
09/11/2020,41.8700,42.3300,40.9100,41.1600,19360900.0000,38.2042
09/14/2020,41.8500,42.8400,41.7800,42.7900,24207100.0000,39.7171
09/15/2020,43.2800,43.6000,42.5200,42.7900,21083600.0000,39.7171
09/16/2020,43.4800,43.4800,42.6000,42.8500,21636100.0000,39.7728
09/17/2020,41.8100,42.3200,41.3700,42.1000,21293200.0000,39.0767
09/18/2020,42.2300,42.5400,41.3400,41.3600,24531300.0000,38.3898
09/21/2020,40.2100,40.7900,39.3700,39.8400,30733600.0000,36.9790
09/22/2020,40.0600,40.3200,39.4200,40.0200,21529200.0000,37.1461
09/23/2020,39.3600,39.3800,37.3500,37.6300,53008900.0000,34.9277
09/24/2020,37.2000,38.9100,37.0800,38.6900,35428400.0000,35.9116
09/25/2020,38.2000,38.6600,37.7900,38.4200,15107500.0000,35.6610
09/28/2020,38.9200,39.1600,38.3700,38.8700,17378100.0000,36.0786
09/29/2020,39.0700,39.6200,38.9400,39.3700,16825400.0000,36.5427
09/30/2020,39.1000,39.5200,38.5600,39.1600,17573000.0000,36.3478
10/01/2020,39.5500,39.9400,39.1600,39.5700,21847900.0000,36.7284
10/02/2020,39.1100,39.5700,38.7600,38.9700,16693900.0000,36.1715
10/05/2020,39.1700,39.9800,39.0700,39.5700,19579800.0000,36.7284
10/06/2020,39.8700,40.0600,38.0700,38.1100,26692000.0000,35.3732
10/07/2020,38.5000,38.8100,38.1500,38.3500,22049800.0000,35.5960
10/08/2020,38.7300,39.1700,38.4800,38.9700,18446600.0000,36.1715
10/09/2020,39.9100,40.8000,39.8300,40.7800,29936400.0000,37.8515
10/12/2020,40.6800,41.0100,40.3500,40.6700,14011300.0000,37.7494
10/13/2020,40.1000,40.5000,39.4600,40.2500,20018100.0000,37.3596
10/14/2020,40.7600,41.3400,40.5200,40.9600,19323100.0000,38.0186
10/15/2020,40.1900,40.6700,39.9900,40.3000,18523900.0000,37.4060
10/16/2020,40.4100,40.5200,39.8300,39.8300,13548800.0000,36.9697
10/19/2020,40.3200,40.3300,39.1400,39.1600,15292600.0000,36.3478
10/20/2020,39.2900,39.7100,38.9700,39.4600,15671900.0000,36.6263
10/21/2020,39.7600,40.4100,39.6800,39.9200,18089400.0000,37.0532
10/22/2020,39.3400,39.4400,38.5900,39.1900,19750700.0000,36.3757
10/23/2020,39.1500,39.1700,38.4700,38.8200,14497700.0000,36.0322
10/26/2020,38.5200,39.1600,38.1700,38.2100,17881900.0000,35.4660
10/27/2020,38.2700,38.8600,38.0900,38.8300,14636800.0000,36.0415
10/28/2020,37.7200,37.8800,36.3400,36.5200,38818900.0000,33.8974
10/29/2020,36.0600,37.2800,36.0100,36.9500,22332000.0000,34.2965
10/30/2020,37.3300,37.5700,36.4900,37.4900,27645700.0000,34.7978
11/02/2020,38.0900,38.6900,37.6700,38.6300,27180400.0000,35.8559
11/03/2020,39.1000,39.6300,38.8400,39.3700,20418900.0000,36.5427
11/04/2020,39.4200,39.5300,38.4000,38.4700,24981300.0000,35.7074
11/05/2020,39.8800,41.5100,39.8700,41.2200,51803600.0000,38.2599
11/06/2020,41.6400,41.8100,40.9900,41.4200,21921500.0000,38.4455
11/09/2020,39.4100,39.4200,38.0300,38.8800,43551200.0000,36.0879
11/10/2020,39.0300,39.0600,37.5200,37.5600,33309900.0000,34.8627
11/11/2020,37.0700,37.2600,36.7300,37.1500,22360800.0000,34.4822
11/12/2020,37.5000,38.0800,37.3900,37.4900,21186100.0000,34.7978
11/13/2020,38.3400,38.3500,37.8300,38.0100,19264300.0000,35.2804
11/16/2020,37.8600,38.2400,37.4500,37.7600,17150200.0000,35.0484
11/17/2020,37.4100,37.6500,36.9400,36.9400,20716700.0000,34.2872
11/18/2020,36.9400,36.9700,35.8200,35.8200,26893300.0000,33.2477
11/19/2020,35.3700,35.8300,35.2000,35.5200,25927700.0000,32.9692
11/20/2020,35.9600,36.3600,35.6600,35.9000,25251000.0000,33.3219
11/23/2020,35.5300,35.5700,34.3400,34.3600,33864200.0000,31.8925
11/24/2020,33.3800,33.9000,33.2500,33.4200,41128100.0000,31.0200
11/25/2020,33.7500,34.2400,33.6700,34.0400,31203600.0000,31.5955
11/27/2020,33.5400,34.2900,33.5000,34.2300,11745600.0000,31.7719
11/30/2020,33.9700,34.6800,33.6600,34.6800,24406700.0000,32.1895
12/01/2020,35.8000,36.0700,35.0800,35.9600,31692100.0000,33.3776
12/02/2020,35.9700,36.1000,35.5200,35.9700,23736900.0000,33.3869
12/03/2020,36.1400,36.1400,35.2400,35.5100,21132500.0000,32.9599
12/04/2020,35.5000,35.8100,35.0600,35.3100,15779200.0000,32.7743
12/07/2020,35.3000,36.9200,35.2400,36.5000,26606200.0000,33.8788
12/08/2020,36.6600,36.7500,36.2300,36.3500,15029700.0000,33.7396
12/09/2020,35.9400,36.1600,35.0100,35.4000,26711300.0000,32.8578
12/10/2020,35.5300,36.0300,35.1400,35.2400,17178600.0000,32.7093
12/11/2020,35.3600,35.5700,34.9500,35.0800,13294100.0000,32.5608
12/14/2020,34.9200,35.3500,34.2600,34.2900,27931000.0000,31.8276
12/15/2020,35.0100,35.5700,34.8600,35.3700,24406300.0000,32.8300
12/16/2020,35.6000,36.0400,35.1200,36.0300,21498600.0000,33.4426
12/17/2020,36.8700,37.6400,36.7600,37.2900,41042600.0000,34.6121
12/18/2020,37.2700,37.2700,36.5500,36.5800,21979800.0000,33.9531
12/21/2020,36.3500,36.8100,36.1800,36.3500,18383700.0000,33.9158
12/22/2020,36.3800,36.3900,35.0300,35.2900,34660000.0000,32.9268
12/23/2020,35.5300,36.0400,35.5300,35.9200,25420100.0000,33.5146
12/24/2020,35.7500,36.2100,35.6200,36.0300,14138500.0000,33.6172
12/28/2020,36.6100,36.9100,35.6800,35.6900,17137400.0000,33.3000
12/29/2020,35.9000,36.2900,35.5900,35.7400,19650400.0000,33.3466
12/30/2020,35.7900,36.5600,35.7700,36.5600,18311400.0000,34.1117
12/31/2020,36.5600,36.6800,35.8000,36.0200,18772700.0000,33.6079
01/04/2021,37.6900,38.7700,37.3200,38.5100,54565100.0000,35.9311
01/05/2021,39.0000,39.0100,38.0600,38.5000,28068400.0000,35.9218
01/06/2021,38.1300,38.5200,37.4700,38.4600,31826300.0000,35.8845
01/07/2021,38.3200,38.6600,37.8200,38.3700,18728600.0000,35.8005
01/08/2021,37.4500,37.5200,35.8000,36.5200,49003500.0000,34.0744
01/11/2021,35.7800,36.2800,35.7400,35.7800,26242200.0000,33.3839
01/12/2021,35.8900,36.0500,35.2900,36.0400,20901200.0000,33.6265
01/13/2021,36.0000,36.3000,35.6200,35.6400,15130300.0000,33.2533
01/14/2021,35.6400,36.1500,35.4600,35.6100,17274600.0000,33.2253
01/15/2021,35.3400,35.4900,34.4800,34.5100,26520200.0000,32.1990
01/19/2021,35.1300,35.1800,34.5700,34.8700,26382600.0000,32.5349
01/20/2021,35.4900,36.3200,35.4000,36.0400,30193200.0000,33.6265
01/21/2021,36.0000,36.0400,35.4100,35.7100,19605500.0000,33.3186
01/22/2021,34.8500,35.5400,34.4700,35.2300,27744200.0000,32.8708
01/25/2021,35.4900,35.7400,34.8100,35.1900,15905600.0000,32.8335
01/26/2021,35.1100,35.5300,35.0100,35.0900,13110800.0000,32.7402
01/27/2021,34.6500,34.6700,33.6300,33.7400,31884800.0000,31.4806
01/28/2021,34.6200,35.3900,34.0900,34.5800,35106700.0000,32.2643
01/29/2021,35.4800,35.6800,34.3800,34.5100,21743700.0000,32.1990
02/01/2021,36.0300,36.2800,35.0800,35.6800,33084900.0000,33.2906
02/02/2021,34.8800,34.9800,34.4500,34.6200,22560800.0000,32.3016
02/03/2021,34.7000,34.9500,34.4400,34.6100,16858300.0000,32.2923
02/04/2021,33.6900,33.9700,33.2300,33.8400,26075900.0000,31.5739
02/05/2021,34.1100,34.6900,33.9000,34.6100,20322700.0000,32.2923
02/08/2021,35.2700,35.4900,34.9000,35.2200,18754700.0000,32.8615
02/09/2021,35.4300,35.4800,34.9400,35.1800,18531700.0000,32.8241
02/10/2021,35.5000,35.6000,35.0000,35.2800,11694000.0000,32.9174
02/11/2021,35.3300,35.6200,34.6600,34.8100,19890700.0000,32.4789
02/12/2021,34.5000,35.1200,34.1800,34.7800,15849300.0000,32.4509
02/16/2021,34.2500,34.8200,34.0800,34.0900,22539100.0000,31.8071
02/17/2021,33.5500,33.5900,32.9500,33.2200,27632700.0000,30.9954
02/18/2021,33.1700,33.4400,32.5400,32.7900,20776400.0000,30.5942
02/19/2021,33.0900,33.2100,32.5700,32.7400,17823000.0000,30.5475
02/22/2021,33.2500,34.3500,33.0700,34.2100,27938300.0000,31.9191
02/23/2021,33.8000,33.8700,32.8100,33.4400,25669700.0000,31.2006
02/24/2021,32.8700,33.9100,32.6500,33.7000,18766000.0000,31.4432
02/25/2021,33.0100,33.6300,32.2000,32.3300,36436000.0000,30.1650
02/26/2021,31.9700,32.1600,30.9000,31.1300,39888800.0000,29.0453
03/01/2021,31.5200,31.7200,30.7200,30.9000,25851400.0000,28.8307
03/02/2021,31.0400,32.2100,30.9700,31.9600,27817700.0000,29.8198
03/03/2021,31.4400,31.6000,30.6400,31.3500,34117000.0000,29.2506
03/04/2021,31.2900,32.0900,30.8000,31.3700,37821800.0000,29.2693
03/05/2021,31.4000,31.8800,30.9000,31.7800,27006800.0000,29.6518
03/08/2021,31.5500,31.8000,31.1900,31.3900,16400600.0000,29.2879
03/09/2021,32.4700,32.8900,32.1000,32.3000,26861900.0000,30.1370
03/10/2021,32.3800,32.6300,32.0800,32.4300,14539000.0000,30.2583
03/11/2021,32.6700,33.0800,32.5200,33.0500,21841600.0000,30.8368
03/12/2021,32.2200,33.1300,32.0800,33.0800,19710900.0000,30.8648
03/15/2021,33.2300,33.7200,33.1400,33.6200,21446200.0000,31.3686
03/16/2021,33.6800,33.7300,33.3300,33.4900,16996000.0000,31.2473
03/17/2021,33.2600,34.4800,33.0000,34.2100,24753100.0000,31.9191
03/18/2021,33.5100,34.1300,33.4600,33.6200,18849800.0000,31.3686
03/19/2021,33.7400,33.9200,33.4600,33.8900,17791400.0000,31.6205
03/22/2021,33.5600,33.9600,33.4900,33.4900,14935300.0000,31.2473
03/23/2021,33.1800,33.2600,32.5300,32.6400,17838700.0000,30.4542
03/24/2021,32.6500,32.7700,32.2800,32.3000,14319300.0000,30.1370
03/25/2021,32.3000,32.5200,31.9100,32.2400,16091700.0000,30.0810
03/26/2021,32.1500,32.8000,32.1500,32.7700,15938700.0000,30.5755
03/29/2021,32.5000,32.9300,32.0900,32.8600,13768300.0000,30.6595
03/30/2021,31.9900,32.2400,31.6500,31.8300,25441900.0000,29.6985
03/31/2021,31.9000,32.7900,31.8700,32.5000,29139800.0000,30.3236
04/01/2021,32.9500,33.6200,32.8400,33.6000,27485600.0000,31.3499
04/05/2021,33.5900,34.0200,33.3700,33.7100,18197300.0000,31.4526
04/06/2021,34.0800,34.5900,33.9800,34.2800,21175700.0000,31.9844
04/07/2021,34.1400,34.3200,33.8500,33.9300,18181900.0000,31.6578
04/08/2021,34.5400,34.8500,34.4400,34.7300,19841100.0000,32.4043
04/09/2021,34.1100,34.7900,33.9800,34.7300,11232300.0000,32.4043
04/12/2021,34.4100,34.4400,33.8300,33.9600,15536200.0000,31.6858
04/13/2021,34.3900,34.8000,34.3000,34.5600,22275900.0000,32.2456
04/14/2021,34.5400,34.7500,34.2100,34.2900,14033700.0000,31.9937
04/15/2021,34.8000,35.9600,34.7300,35.7100,31132500.0000,33.3186
04/16/2021,36.0900,36.1300,35.7200,36.0300,18939300.0000,33.6172
04/19/2021,35.8400,36.1000,35.5900,35.7900,12133700.0000,33.3933
04/20/2021,35.7000,36.3300,35.6900,36.2000,22560000.0000,33.7758
04/21/2021,36.2200,36.8400,36.1300,36.8300,18613600.0000,34.3636
04/22/2021,36.6300,36.6600,35.9600,36.1800,18554100.0000,33.7572
04/23/2021,36.5000,36.6200,35.9500,36.0600,10513900.0000,33.6452
04/26/2021,36.1200,36.1800,35.8100,35.9800,9254200.0000,33.5706
04/27/2021,36.0300,36.0600,35.2500,35.3000,16330800.0000,32.9361
04/28/2021,34.8800,35.7200,34.7100,35.4500,20209800.0000,33.0760
04/29/2021,35.0300,35.1200,34.3800,34.7700,23574800.0000,32.4416
04/30/2021,34.5700,34.8400,34.3100,34.3600,20959000.0000,32.0590
05/03/2021,34.9800,35.8900,34.9100,35.6800,31858500.0000,33.2906
05/04/2021,35.6600,36.3300,34.9800,35.3100,19222300.0000,32.9454
05/05/2021,35.4800,35.6900,35.1400,35.6100,19052300.0000,33.2253
05/06/2021,35.9100,37.0800,35.8800,36.7600,33315100.0000,34.2983
05/07/2021,37.3700,37.5800,37.0100,37.4200,28018400.0000,34.9141
05/10/2021,37.9800,38.2200,37.3200,37.3800,24645400.0000,34.8768
05/11/2021,36.6300,37.6700,36.5000,37.6400,19510800.0000,35.1194
05/12/2021,37.5500,37.7600,36.7400,36.8600,23166300.0000,34.3916
05/13/2021,36.7200,37.1800,36.4300,36.9300,14635100.0000,34.4569
05/14/2021,37.3200,37.9500,37.2400,37.8400,19785900.0000,35.3060
05/17/2021,38.2700,39.9000,38.1300,39.6800,44330800.0000,37.0228
05/18/2021,39.7800,39.8900,39.0300,39.6300,22379000.0000,36.9761
05/19/2021,39.2900,40.1300,38.6000,39.0400,34676400.0000,36.4256
05/20/2021,39.0900,39.8000,38.9200,39.5100,17187800.0000,36.8642
05/21/2021,39.7400,39.7600,38.9100,39.2900,15441300.0000,36.6589
05/24/2021,39.3800,39.6600,39.1700,39.4300,11962100.0000,36.7895
05/25/2021,39.3600,39.6900,38.8700,39.5200,18295900.0000,36.8735
05/26/2021,39.6800,40.0000,39.2100,39.4600,17944700.0000,36.8175
05/27/2021,39.2600,39.4000,39.0200,39.2100,15494100.0000,36.5843
05/28/2021,38.9900,39.4400,38.7700,39.4200,12656400.0000,36.7802
06/01/2021,39.6400,39.8800,39.1700,39.4900,14270600.0000,36.8455
06/02/2021,39.5800,39.7900,39.3400,39.5400,11231600.0000,36.8922
06/03/2021,38.6200,38.6300,38.0200,38.1700,32174200.0000,35.6139
06/04/2021,38.5600,38.9600,38.4600,38.6800,16937400.0000,36.0897
06/07/2021,38.5500,38.7100,38.2100,38.6500,13293100.0000,36.0618
06/08/2021,38.4300,38.5900,38.0500,38.1000,17455800.0000,35.5486
06/09/2021,38.1500,38.4800,37.9900,38.0000,14511100.0000,35.4553
06/10/2021,38.0700,38.9900,37.9700,38.9500,22342300.0000,36.3417
06/11/2021,38.7000,38.8800,38.1800,38.2800,18857300.0000,35.7165
06/14/2021,37.5700,38.2800,37.4000,38.0300,15826400.0000,35.4833
06/15/2021,38.0600,38.1300,37.4100,37.5900,17405700.0000,35.0727
06/16/2021,37.5300,37.9200,36.7300,36.7700,29702900.0000,34.3077
06/17/2021,35.5800,36.0400,34.7900,34.9300,69043900.0000,32.5909
06/18/2021,34.8400,35.1000,34.1000,34.1300,34367700.0000,31.8444
06/21/2021,34.6600,34.9500,34.2400,34.7700,25070600.0000,32.4416
06/22/2021,34.6000,34.8100,34.4100,34.5500,17989800.0000,32.2363
06/23/2021,35.0100,35.1800,34.3300,34.3300,22658200.0000,32.0310
06/24/2021,34.6400,34.7300,34.2900,34.4400,17146600.0000,32.1337
06/25/2021,34.9100,34.9500,34.2200,34.3600,14417300.0000,32.0590
06/28/2021,34.3200,34.4400,33.7200,33.9800,19354800.0000,31.7045
06/29/2021,33.3900,33.9700,33.3000,33.6400,15484500.0000,31.3873
06/30/2021,33.6400,34.2100,33.5000,33.9800,15159300.0000,31.7045
07/01/2021,34.4700,34.5200,33.7600,33.9600,12172200.0000,31.6858
07/02/2021,34.3900,34.5900,34.0500,34.4200,14496600.0000,32.1150
07/06/2021,35.0200,35.0500,34.1700,34.5200,19947100.0000,32.2083
07/07/2021,34.7400,34.7900,34.2900,34.5600,14493700.0000,32.2456
07/08/2021,34.6200,34.6900,33.3900,33.6800,27118300.0000,31.4246
07/09/2021,33.8000,34.4900,33.7600,34.3700,18204500.0000,32.0684
07/12/2021,34.2000,34.5600,33.8300,33.8900,20292400.0000,31.6205
07/13/2021,34.0000,34.9200,33.9200,34.2800,21065700.0000,31.9844
07/14/2021,35.0900,35.1600,34.5800,34.7400,15714200.0000,32.4136
07/15/2021,34.8400,35.0300,34.6300,34.9700,14196100.0000,32.6282
07/16/2021,34.8400,34.8400,33.8300,33.9200,28735000.0000,31.6485
07/19/2021,33.5200,33.7100,32.8700,33.1900,29921500.0000,30.9674
07/20/2021,33.3900,33.8100,33.0500,33.3000,17990800.0000,31.0700
07/21/2021,33.0300,33.7300,32.9700,33.6200,15417900.0000,31.3686
07/22/2021,33.6900,33.6900,33.0500,33.4100,15667800.0000,31.1727
07/23/2021,33.2000,33.3200,32.9200,33.1500,12587700.0000,30.9301
07/26/2021,33.0600,33.7600,33.0100,33.5000,13565000.0000,31.2566
07/27/2021,33.6500,33.7300,33.2900,33.6800,14112900.0000,31.4246
07/28/2021,33.5100,34.1900,33.3800,34.1900,16424400.0000,31.9004
07/29/2021,34.7500,35.3700,34.7000,35.0700,29054900.0000,32.7215
07/30/2021,34.8000,35.2800,34.7000,34.9200,12405300.0000,32.5815
08/02/2021,34.9200,34.9900,34.6700,34.7800,11315800.0000,32.4509
08/03/2021,34.7900,35.1300,34.6400,35.0900,11237300.0000,32.7402
08/04/2021,35.6000,35.8200,34.7600,34.7800,16927200.0000,32.4509
08/05/2021,34.7700,34.8400,34.1800,34.2600,14194100.0000,31.9657
08/06/2021,33.3800,33.4900,32.8700,33.2400,34008700.0000,31.0140
08/09/2021,32.8000,33.0800,32.3900,32.4300,29020200.0000,30.2583
08/10/2021,32.3200,32.4700,31.9200,32.0200,23545600.0000,29.8757
08/11/2021,32.4300,32.9000,32.3900,32.6600,22827000.0000,30.4729
08/12/2021,32.4700,32.4700,31.9000,32.1600,17913100.0000,30.0064
08/13/2021,32.5800,32.9600,32.4800,32.8200,16207000.0000,30.6222
08/16/2021,32.8600,32.9400,32.4500,32.6400,12143000.0000,30.4542
08/17/2021,32.5300,32.6600,32.0100,32.2500,20321200.0000,30.0903
08/18/2021,32.3300,32.3300,31.2500,31.4900,32163200.0000,29.3812
08/19/2021,31.4300,31.4500,30.8900,30.9600,24668400.0000,28.8867
08/20/2021,30.8500,31.1400,30.6900,30.8500,18101500.0000,28.7841
08/23/2021,31.6300,32.3500,31.3500,32.1200,34967700.0000,29.9690
08/24/2021,32.3600,32.3700,31.9900,32.1100,12994500.0000,29.9597
08/25/2021,31.9500,31.9700,31.4100,31.6800,20259400.0000,29.5585
08/26/2021,31.4600,31.8700,31.3700,31.4800,18155600.0000,29.3719
08/27/2021,31.4300,32.7300,31.2900,32.6100,43782900.0000,30.4262
08/30/2021,32.6100,32.7000,32.1000,32.1700,17423200.0000,30.0157
08/31/2021,32.2600,32.6300,32.1900,32.6000,23492700.0000,30.4169
09/01/2021,32.7800,32.8300,32.3600,32.3800,17135600.0000,30.2116
09/02/2021,32.4100,32.5100,32.1800,32.5000,14716700.0000,30.3236
09/03/2021,32.9900,33.5200,32.8700,33.2800,27203900.0000,31.0514
09/07/2021,32.8900,33.0600,32.2200,32.3500,23521600.0000,30.1836
09/08/2021,32.3200,32.4800,31.8700,32.1900,18090100.0000,30.0344
09/09/2021,32.4400,32.4900,31.7400,31.9600,20938800.0000,29.8198
09/10/2021,31.9500,32.1200,31.5000,31.5000,16890300.0000,29.3906
09/13/2021,31.6800,32.4100,31.6000,32.1100,24638000.0000,29.9597
09/14/2021,32.2800,32.6200,31.9900,32.2700,17580100.0000,30.1090
09/15/2021,32.0200,32.5100,31.9700,32.2600,13130900.0000,30.0997
09/16/2021,31.5300,31.5600,30.5900,30.9200,54399900.0000,28.8494
09/17/2021,30.6900,30.7300,30.3500,30.5800,26397400.0000,28.5322
09/20/2021,30.3400,30.5800,30.0700,30.4500,26368700.0000,28.4109
09/21/2021,30.7400,31.0500,30.4100,30.4700,23278500.0000,28.4295
09/22/2021,30.7000,31.2400,30.4600,30.5000,26826400.0000,28.4575
09/23/2021,30.2900,30.3300,29.8800,29.8900,28658400.0000,27.8884
09/24/2021,29.6700,30.0000,29.5400,29.6800,14285400.0000,27.6924
09/27/2021,29.8300,30.2400,29.6300,29.6800,16001600.0000,27.6924
09/28/2021,29.2400,29.5100,28.9700,29.3700,35629500.0000,27.4032
09/29/2021,29.2900,29.4200,28.8300,28.9100,34065800.0000,26.9740
09/30/2021,29.2800,29.9500,29.1100,29.4700,29802700.0000,27.4965
10/01/2021,29.6800,29.6900,29.1200,29.3300,20670200.0000,27.3659
10/04/2021,29.2300,29.9000,29.2300,29.6700,25250600.0000,27.6831
10/05/2021,29.5400,29.8500,29.1700,29.7800,21309600.0000,27.7857
10/06/2021,29.5600,30.3400,29.4900,30.3400,28606900.0000,28.3082
10/07/2021,30.0900,30.6900,30.0500,30.4000,18266900.0000,28.3642
10/08/2021,31.1300,31.3600,30.5800,30.6700,28715200.0000,28.6161
10/11/2021,30.7100,31.0900,30.5100,30.5800,17432600.0000,28.5322
10/12/2021,30.8000,31.2600,30.5500,31.1400,25183500.0000,29.0547
10/13/2021,31.4300,32.3200,31.3900,32.1500,36491500.0000,29.9970
10/14/2021,32.6000,32.9300,32.4100,32.8500,25068100.0000,30.6502
10/15/2021,32.1500,32.7300,31.8800,32.5200,19730700.0000,30.3423
10/18/2021,32.4000,32.5300,32.0800,32.2200,15584500.0000,30.0623
10/19/2021,32.8600,32.8900,32.3000,32.5000,13999700.0000,30.3236
10/20/2021,32.8500,33.1600,32.6000,32.8600,15369500.0000,30.6595
10/21/2021,32.7300,32.7700,32.5000,32.7300,13482600.0000,30.5382
10/22/2021,33.3000,33.9500,32.8200,32.9900,29547100.0000,30.7808
10/25/2021,33.4400,33.7100,33.2600,33.4500,16885100.0000,31.2100
10/26/2021,33.1800,33.3800,33.0200,33.2500,14855600.0000,31.0234
10/27/2021,33.2300,33.4000,32.9500,33.1000,14192900.0000,30.8834
10/28/2021,33.1700,33.1700,32.5000,32.5900,16147300.0000,30.4076
10/29/2021,32.0600,32.2300,31.7000,31.7100,19838500.0000,29.5865
11/01/2021,31.7700,32.0100,31.4200,31.8600,13055100.0000,29.7265
11/02/2021,31.6400,31.6600,31.2600,31.5300,13406500.0000,29.4186
11/03/2021,31.0900,31.9900,30.9600,31.8600,19631400.0000,29.7265
11/04/2021,32.2900,32.6900,31.6900,31.7500,20728600.0000,29.6238
11/05/2021,32.1100,32.7500,31.8400,32.7500,23291800.0000,30.5569
11/08/2021,33.0900,33.1400,32.6600,32.9000,16769000.0000,30.6968
11/09/2021,33.0300,33.3200,32.5700,33.3200,15970100.0000,31.0887
11/10/2021,34.1400,34.5000,33.6900,33.9100,41093000.0000,31.6392
11/11/2021,34.7200,34.8300,34.3100,34.7000,25332800.0000,32.3763
11/12/2021,34.4500,35.0100,34.2200,34.7700,16472200.0000,32.4416
11/15/2021,34.7900,35.0100,34.4700,34.9000,12670000.0000,32.5629
11/16/2021,34.8800,35.0800,34.2700,34.2900,17878700.0000,31.9937
11/17/2021,34.6900,34.9700,34.4200,34.5600,15595600.0000,32.2456
11/18/2021,34.5100,34.6800,34.1100,34.2400,16487300.0000,31.9471
11/19/2021,34.1600,34.4200,33.6600,33.6700,22133100.0000,31.4152
11/22/2021,33.0200,33.4800,32.5500,33.0000,29994000.0000,30.7901
11/23/2021,32.5200,32.8100,32.1500,32.5000,20537700.0000,30.3236
11/24/2021,32.2200,32.6200,32.1700,32.4200,13253000.0000,30.2490
11/26/2021,32.8000,32.8000,31.6400,32.1200,21061800.0000,29.9690
11/29/2021,32.0300,32.1600,31.6700,32.1300,15302700.0000,29.9784
11/30/2021,32.4000,33.0300,31.6400,31.8000,30280600.0000,29.6705
12/01/2021,32.2000,32.4800,30.8200,30.8300,30323900.0000,28.7654
12/02/2021,30.8800,30.8800,30.0900,30.4600,27617300.0000,28.4202
12/03/2021,30.4900,30.7300,30.0500,30.6900,21055600.0000,28.6348
12/06/2021,30.5600,31.2300,30.4700,31.1200,16423300.0000,29.0360
12/07/2021,31.1500,31.5900,31.1000,31.3400,12973000.0000,29.2413
12/08/2021,31.2500,31.5200,31.0800,31.4900,9604700.0000,29.3812
12/09/2021,31.1800,31.1900,30.5300,30.6800,19843700.0000,28.6255
12/10/2021,30.9400,30.9500,30.3000,30.4900,13045500.0000,28.4482
12/13/2021,30.5300,30.8700,30.3600,30.5100,23841300.0000,28.4669
12/14/2021,30.0000,30.5500,30.0000,30.1100,16925600.0000,28.0936
12/15/2021,30.0000,30.0000,28.9000,29.7000,34443000.0000,27.7111
12/16/2021,30.1300,31.2400,30.1200,31.1900,38341100.0000,29.1013
12/17/2021,31.3500,31.7700,31.0700,31.1300,25227600.0000,29.0453
12/20/2021,30.5600,30.6400,30.1500,30.5900,18245700.0000,29.0406
12/21/2021,30.8800,30.9200,30.3900,30.8200,15176000.0000,29.2589
12/22/2021,30.9100,31.1800,30.4800,31.1600,19852100.0000,29.5817
12/23/2021,31.1100,31.3900,30.8300,31.3000,15213500.0000,29.7146
12/27/2021,31.2400,31.4800,31.0400,31.3300,11629800.0000,29.7431
12/28/2021,31.3300,31.6600,31.0700,31.0900,15665100.0000,29.5153
12/29/2021,30.8400,31.5400,30.8400,31.2200,13900900.0000,29.6387
12/30/2021,31.2200,31.8300,31.2200,31.7800,14496700.0000,30.1703
12/31/2021,32.0100,32.0800,31.7200,32.0300,12553700.0000,30.4077
01/03/2022,31.4200,31.5300,31.2100,31.2500,18828900.0000,29.6672
01/04/2022,31.4400,31.8700,31.3100,31.3800,15468300.0000,29.7906
01/05/2022,31.7100,32.0300,30.7900,30.8500,26211100.0000,29.2874
01/06/2022,30.1700,30.3800,29.7400,29.7600,28579300.0000,28.2526
01/07/2022,29.9600,30.1700,29.6200,30.0100,19982900.0000,28.4900
01/10/2022,29.8700,30.5400,29.6500,30.5100,24142700.0000,28.9646
01/11/2022,30.6200,31.1600,30.3900,31.1400,20294700.0000,29.5627
01/12/2022,31.2700,31.7100,31.0700,31.7100,19838600.0000,30.1039
01/13/2022,31.5600,31.7400,31.2300,31.2400,15356900.0000,29.6577
01/14/2022,31.3000,31.3200,30.7300,30.9700,15586500.0000,29.4013
01/18/2022,30.8900,31.1500,30.4800,30.6000,16739600.0000,29.0501
01/19/2022,31.0200,32.9400,30.9400,32.7900,52590000.0000,31.1292
01/20/2022,33.1100,33.1900,32.3300,32.3300,26417600.0000,30.6925
01/21/2022,32.5800,32.6000,31.4800,31.6500,30274200.0000,30.0469
01/24/2022,31.5800,31.5900,30.4300,31.4500,32161600.0000,29.8570
01/25/2022,31.1100,31.8200,30.8400,31.6600,26669500.0000,30.0564
01/26/2022,31.3800,31.8900,30.3800,30.6300,38945900.0000,29.0786
01/27/2022,29.8700,30.6100,29.6400,29.6800,32087700.0000,28.1767
01/28/2022,29.3300,29.3800,28.8700,29.3000,25046400.0000,27.8159
01/31/2022,29.5600,30.2400,29.5100,30.2300,22555400.0000,28.6988
02/01/2022,30.5500,30.7200,30.0300,30.5300,16090400.0000,28.9836
02/02/2022,30.6100,31.0400,30.2500,30.6300,15417300.0000,29.0786
02/03/2022,30.4500,30.6600,29.9400,30.2500,17862600.0000,28.7178
02/04/2022,30.0600,30.7300,29.9700,30.4000,20375700.0000,28.8602
02/07/2022,30.6400,31.4500,30.4200,31.3000,24160500.0000,29.7146
02/08/2022,31.2500,31.6500,31.1500,31.6500,14835300.0000,30.0469
02/09/2022,31.7600,31.9800,31.5300,31.5900,19078700.0000,29.9899
02/10/2022,31.4200,31.8800,30.5500,30.6900,29800100.0000,29.1355
02/11/2022,30.7700,32.7800,30.7300,32.4300,42381000.0000,30.7874
02/14/2022,32.5400,33.1600,32.5200,33.0900,29274700.0000,31.4140
02/15/2022,32.2200,32.6200,31.8100,32.4900,25748600.0000,30.8444
02/16/2022,32.6800,33.6700,32.6700,33.5300,28483300.0000,31.8317
02/17/2022,34.0300,35.1100,33.7800,34.7800,45115400.0000,33.0184
02/18/2022,34.8300,34.8500,34.2100,34.5000,23469300.0000,32.7526
02/22/2022,34.7200,34.9600,33.9000,34.1100,23123900.0000,32.3823
02/23/2022,34.0600,35.0200,34.0100,34.7400,24488400.0000,32.9804
02/24/2022,36.0500,36.0700,33.4300,34.0700,51288800.0000,32.3443
02/25/2022,33.6800,34.4800,33.4600,34.3900,22922200.0000,32.6481
02/28/2022,35.0800,35.1100,34.1000,34.3800,25871800.0000,32.6386
03/01/2022,34.7500,35.8600,34.6900,35.8600,39068400.0000,34.0437
03/02/2022,35.3100,35.8200,34.9500,35.7300,26242100.0000,33.9202
03/03/2022,35.6300,36.0200,35.3400,36.0200,23492400.0000,34.1956
03/04/2022,36.2800,37.6000,36.1900,37.4000,40778000.0000,35.5057
03/07/2022,37.6900,38.5500,37.2000,38.3600,46921200.0000,36.4170
03/08/2022,38.8300,40.2600,37.8900,38.5700,80295600.0000,36.6164
03/09/2022,36.8400,38.3100,36.5000,38.1300,39938300.0000,36.1987
03/10/2022,38.4100,39.3200,38.3700,38.9100,29088600.0000,36.9392
03/11/2022,37.8000,38.5500,37.6100,38.2900,28285200.0000,36.3506
03/14/2022,37.3800,37.5500,36.2600,36.7300,38456800.0000,34.8696
03/15/2022,35.7500,37.3200,35.6700,36.9000,26134300.0000,35.0310
03/16/2022,36.7000,37.1100,36.0300,37.0100,28941600.0000,35.1354
03/17/2022,37.4100,38.3700,37.3900,37.7000,26488200.0000,35.7905
03/18/2022,37.2400,37.8800,36.9700,37.2200,30921100.0000,35.3348
03/21/2022,37.4500,38.5700,37.4500,38.1500,24683500.0000,36.2177
03/22/2022,38.2100,38.2100,37.2500,37.7600,17183900.0000,35.8474
03/23/2022,38.0300,38.7700,37.8500,38.7200,20446300.0000,36.7588
03/24/2022,39.0800,39.3700,38.4500,38.5600,21581000.0000,36.6069
03/25/2022,38.2900,38.7500,38.1200,38.7200,10075600.0000,36.7588
03/28/2022,38.1300,38.1700,37.5800,37.7000,21267700.0000,35.7905
03/29/2022,36.9000,38.2500,36.6600,38.2200,18139800.0000,36.2841
03/30/2022,38.2600,38.8600,38.2500,38.6500,14993000.0000,36.6924
03/31/2022,38.7300,39.1100,38.3300,38.3500,17229800.0000,36.4075
04/01/2022,38.1200,39.5300,38.0700,39.4900,23745700.0000,37.4898
04/04/2022,39.7200,39.8000,38.6600,39.1400,18744400.0000,37.1575
04/05/2022,39.3800,39.8800,38.1000,38.2800,26451000.0000,36.3411
04/06/2022,38.2500,38.6500,37.8000,38.1800,19222700.0000,36.2462
04/07/2022,38.3000,39.0100,38.1700,38.7300,17500500.0000,36.7683
04/08/2022,38.9300,39.8100,38.9000,39.6700,21664600.0000,37.6607
04/11/2022,40.2100,40.3800,39.0000,39.4500,20697500.0000,37.4518
04/12/2022,40.0000,40.5300,39.4500,39.8000,22313700.0000,37.7841
04/13/2022,40.2300,40.8800,39.9800,40.6900,22805800.0000,38.6290
04/14/2022,40.5200,40.9500,40.1600,40.8600,21680800.0000,38.7904
04/18/2022,41.2800,41.6100,40.8200,40.8700,21406400.0000,38.7999
04/19/2022,40.2300,40.5900,39.4100,39.7000,23777100.0000,37.6892
04/20/2022,39.5900,40.2100,39.2500,40.1300,23025900.0000,38.0974
04/21/2022,39.5900,39.6000,37.7200,38.0900,42409900.0000,36.1607
04/22/2022,37.0500,37.7600,36.7100,36.9400,33747200.0000,35.0690
04/25/2022,35.4700,36.1700,34.8800,35.6700,38894700.0000,33.8633
04/26/2022,35.8600,36.0100,34.8800,34.9000,24442700.0000,33.1323
04/27/2022,34.9500,35.3800,34.6600,34.7000,15275400.0000,32.9424
04/28/2022,34.8200,35.5100,34.5700,35.4100,24486000.0000,33.6165
04/29/2022,35.7700,36.0900,34.9800,34.9900,20033700.0000,33.2177
05/02/2022,34.0800,34.6800,33.7200,34.5500,29034400.0000,32.8000
05/03/2022,34.6800,35.4700,34.6800,35.1100,19495900.0000,33.3317
05/04/2022,35.0700,35.9300,34.6300,35.7800,28204500.0000,33.9677
05/05/2022,36.1000,36.1700,34.1300,34.6300,35966800.0000,32.8760
05/06/2022,34.4800,34.7200,33.9900,34.2400,21303700.0000,32.5057
05/09/2022,33.3600,33.5700,32.1900,32.2300,34739700.0000,30.5975
05/10/2022,32.6700,32.9200,31.3100,31.6900,25276200.0000,30.0849
05/11/2022,32.2100,32.8400,31.6100,31.6500,27714300.0000,30.0469
05/12/2022,30.9800,31.1400,29.6600,30.1800,35862800.0000,28.6514
05/13/2022,30.1200,31.1400,30.1200,30.8800,27278800.0000,29.3159
05/16/2022,30.7900,31.2700,30.7400,31.1800,15573500.0000,29.6007
05/17/2022,31.5700,31.6600,31.0000,31.2400,16582400.0000,29.6577
05/18/2022,31.1200,31.2800,30.4300,30.4500,18448300.0000,28.9077
05/19/2022,31.2400,32.3600,31.2300,32.1500,30947600.0000,30.5216
05/20/2022,32.1700,32.2400,31.5400,32.0600,19963500.0000,30.4361
05/23/2022,32.6400,32.8300,31.9100,32.2500,16314400.0000,30.6165
05/24/2022,32.2800,32.9500,32.0100,32.7400,17950400.0000,31.0817
05/25/2022,32.3400,32.6700,32.1100,32.5900,13881200.0000,30.9393
05/26/2022,32.3900,32.8000,32.1500,32.3900,12079100.0000,30.7494
05/27/2022,32.6700,32.7400,32.2200,32.5100,11892200.0000,30.8633
05/31/2022,32.3700,32.9200,31.5500,31.7300,21929000.0000,30.1229
06/01/2022,32.0200,32.3000,31.6000,31.9800,14071100.0000,30.3602
06/02/2022,32.4200,33.5200,32.4000,33.3500,21415300.0000,31.6608
06/03/2022,32.9300,33.2800,32.4700,32.5600,14528300.0000,30.9108
06/06/2022,32.8400,32.9500,31.9700,32.2200,12275800.0000,30.5880
06/07/2022,32.1600,32.6300,32.1000,32.5300,11530600.0000,30.8823
06/08/2022,32.3800,32.6900,32.1300,32.3100,9693300.0000,30.6735
06/09/2022,32.1000,32.1500,31.0700,31.0900,21702400.0000,29.5153
06/10/2022,30.6400,32.8000,30.3600,32.5700,35438100.0000,30.9203
06/13/2022,31.2700,31.6100,30.4700,30.4700,32964400.0000,28.9267
06/14/2022,30.5800,30.5800,29.4000,29.7000,22331600.0000,28.1957
06/15/2022,30.4500,30.6200,29.3400,30.1900,25359400.0000,28.6609
06/16/2022,29.9000,30.9900,29.4500,30.7600,28773200.0000,29.2020
06/17/2022,30.7000,30.7900,30.1400,30.3900,17456900.0000,28.8507
06/21/2022,30.3500,30.9500,30.1900,30.5000,15825200.0000,28.9552
06/22/2022,30.4700,30.9800,30.0600,30.0800,20321600.0000,28.5564
06/23/2022,29.9400,30.3100,28.6400,28.9100,30743900.0000,27.4457
06/24/2022,29.0300,29.7800,28.7000,29.6600,21579700.0000,28.1577
06/27/2022,29.4600,29.5800,29.0600,29.4700,17945700.0000,27.9773
06/28/2022,29.7200,29.7800,28.8200,28.8700,18484000.0000,27.4077
06/29/2022,29.1600,29.2700,28.1800,28.4400,17375400.0000,26.9995
06/30/2022,28.2300,28.4000,27.3300,27.3800,24080100.0000,25.9932
07/01/2022,26.9600,28.3700,26.8300,28.1600,30977700.0000,26.7337
07/05/2022,27.6800,27.9300,26.4600,26.9600,29004400.0000,25.5945
07/06/2022,27.0000,27.1700,26.0400,26.7900,24663600.0000,25.4331
07/07/2022,27.0100,27.6100,26.8700,27.1600,17608500.0000,25.7843
07/08/2022,27.2700,27.6100,26.8200,27.0600,13882200.0000,25.6894
07/11/2022,26.6900,27.1700,26.5800,26.6500,19039300.0000,25.3002
07/12/2022,26.6600,26.9200,26.1400,26.2600,16844900.0000,24.9299
07/13/2022,26.0600,27.3800,26.0300,26.8300,30708300.0000,25.4710
07/14/2022,25.7500,25.8900,24.9200,25.7100,45394400.0000,24.4078
07/15/2022,25.8800,25.8800,25.1400,25.5900,19211500.0000,24.2938
07/18/2022,26.0000,26.3500,25.7100,25.7100,16172900.0000,24.4078
07/19/2022,25.9200,26.3000,25.7000,26.0200,14987700.0000,24.7021
07/20/2022,26.1100,26.2600,25.2300,25.2600,20189300.0000,23.9806
07/21/2022,25.3700,25.8900,25.2100,25.7400,19919200.0000,24.4363
07/22/2022,25.8500,26.5400,25.3000,25.4100,27424800.0000,24.1230
07/25/2022,25.3200,25.4200,24.3800,24.5900,29327000.0000,23.3445
07/26/2022,24.6600,25.1700,24.6600,25.1000,21849400.0000,23.8287
07/27/2022,25.1600,25.6700,24.8100,25.5300,33157200.0000,24.2369
07/28/2022,26.2600,26.3600,25.6700,26.0000,33677200.0000,24.6831
07/29/2022,26.1800,26.3900,25.5300,26.2700,25835300.0000,24.9394
08/01/2022,26.3900,26.5000,25.9700,26.2100,15231000.0000,24.8824
08/02/2022,26.3500,26.9400,25.8700,25.8800,28314600.0000,24.5692
08/03/2022,26.0700,26.0800,25.2900,25.5400,29568800.0000,24.2464
08/04/2022,25.8000,26.7800,25.6300,26.4300,25570800.0000,25.0913
08/05/2022,25.8100,26.3000,25.4500,26.2800,25529800.0000,24.9489
08/08/2022,26.7700,27.3000,26.7200,27.0000,23601600.0000,25.6324
08/09/2022,27.1900,27.2100,26.4800,26.9400,16504700.0000,25.5755
08/10/2022,27.2900,27.5800,26.8700,27.1300,18701400.0000,25.7558
08/11/2022,27.2800,27.3900,26.5700,26.6200,18682200.0000,25.2717
08/12/2022,26.8500,27.2600,26.7200,27.2200,17810000.0000,25.8413
08/15/2022,26.5800,26.7300,26.3200,26.6300,16144300.0000,25.2812
08/16/2022,26.5000,26.7800,26.3200,26.7300,11741800.0000,25.3761
08/17/2022,26.4900,26.5300,25.7000,25.7800,29384000.0000,24.4742
08/18/2022,25.8500,26.0500,25.0500,25.8100,13036800.0000,24.5027
08/19/2022,25.6900,25.6900,25.1800,25.2500,15279100.0000,23.9711
08/22/2022,24.9600,25.3900,24.8700,25.2700,12544800.0000,23.9901
08/23/2022,25.3700,26.2200,25.3300,25.7000,18062300.0000,24.3983
08/24/2022,25.5600,25.9800,25.3000,25.9100,14510700.0000,24.5976
08/25/2022,26.1600,26.2200,25.7600,26.1300,10157500.0000,24.8065
08/26/2022,26.0200,26.1900,24.6900,24.9000,29536500.0000,23.6388
08/29/2022,24.7900,25.1500,24.5100,24.6100,22795300.0000,23.3635
08/30/2022,24.5800,24.6100,23.9100,24.0800,22031900.0000,22.8603
08/31/2022,24.0200,24.2400,23.8000,23.8000,18461800.0000,22.5945
09/01/2022,23.3500,23.4900,22.9700,23.0600,33299000.0000,21.8920
09/02/2022,23.5500,24.2100,23.2600,23.7900,30245300.0000,22.5850
09/06/2022,23.8700,24.2500,23.4000,23.4400,23844000.0000,22.2527
09/07/2022,23.4300,24.5100,23.2800,24.3200,26791700.0000,23.0882
09/08/2022,24.1000,24.5200,23.8900,24.3600,21459400.0000,23.1262
09/09/2022,24.7600,25.1500,24.6900,25.1000,20847200.0000,23.8287
09/12/2022,25.6400,25.7100,25.2800,25.4500,20706400.0000,24.1609
09/13/2022,24.5300,25.1300,24.3500,24.4200,31353100.0000,23.1831
09/14/2022,24.5700,24.8900,24.4200,24.4700,18318400.0000,23.2306
09/15/2022,24.2400,24.4900,23.5200,23.7400,34626100.0000,22.5376
09/16/2022,23.3600,24.3000,23.1600,24.0000,30933800.0000,22.7844
09/19/2022,23.6200,24.4300,23.5200,24.4200,20269900.0000,23.1831
09/20/2022,24.0500,24.0500,23.5000,23.7500,20117000.0000,22.5470
09/21/2022,24.0000,24.4900,23.3900,23.8300,32189400.0000,22.6230
09/22/2022,23.9800,24.2500,23.5600,23.7400,22426500.0000,22.5376
09/23/2022,23.0000,23.0400,22.2000,22.4400,43070400.0000,21.3034
09/26/2022,22.4000,22.5500,21.5200,21.8600,38198700.0000,20.7528
09/27/2022,22.2700,22.5900,21.9600,22.0000,19460300.0000,20.8857
09/28/2022,22.5000,23.5800,22.4900,23.5800,40035400.0000,22.3857
09/29/2022,23.3600,23.7300,23.0100,23.6900,34381400.0000,22.4901
09/30/2022,23.6200,24.5500,23.5100,24.1200,37430400.0000,22.8983
10/03/2022,24.5000,25.0600,24.3000,25.0400,35531500.0000,23.7717
10/04/2022,25.4900,26.1100,25.3300,25.7500,34280800.0000,24.4457
10/05/2022,25.1900,25.3900,24.7100,25.3700,26009100.0000,24.0850
10/06/2022,25.2100,25.6800,25.0300,25.6500,25143700.0000,24.3508
10/07/2022,25.1500,25.4300,24.3900,24.3900,29761500.0000,23.1546
10/10/2022,23.9800,24.5500,23.9200,24.0200,17472600.0000,22.8034
10/11/2022,24.0700,24.5900,23.7500,23.8100,25190000.0000,22.6040
10/12/2022,23.8500,24.1800,23.6500,24.0200,18407700.0000,22.8034
10/13/2022,23.0000,23.8700,22.4900,23.7400,28872900.0000,22.5376
10/14/2022,23.5400,23.5700,22.7000,22.7200,22558800.0000,21.5692
10/17/2022,23.4100,23.7700,23.3700,23.4500,18687100.0000,22.2622
10/18/2022,23.7800,23.8500,23.3200,23.6100,17248800.0000,22.4141
10/19/2022,23.1200,23.2600,22.7700,22.8900,20047400.0000,21.7306
10/20/2022,23.0200,23.7900,22.8900,23.1800,21703000.0000,22.0059
10/21/2022,23.3100,24.3500,23.1900,24.3400,30203300.0000,23.1072
10/24/2022,24.0300,24.0900,23.5000,23.9300,24087500.0000,22.7179
10/25/2022,24.0500,24.5700,24.0100,24.4100,28223900.0000,23.1736
10/26/2022,24.7000,25.4000,24.6700,25.1300,23852900.0000,23.8571
10/27/2022,25.2600,25.3600,24.8100,24.8200,21524800.0000,23.5628
10/28/2022,24.5000,24.7400,24.2800,24.7200,16034900.0000,23.4679
10/31/2022,24.3700,24.5300,24.1300,24.1600,21769400.0000,22.9363
11/01/2022,24.8400,25.0600,24.5700,24.7000,23337200.0000,23.4489
11/02/2022,24.8700,24.9800,23.2300,23.2500,43806400.0000,22.0724
11/03/2022,22.9800,23.1000,22.5800,22.6800,30349500.0000,21.5312
11/04/2022,23.7600,24.9900,23.7500,24.9500,46797200.0000,23.6863
11/07/2022,25.1000,25.2500,24.6500,25.1500,28855200.0000,23.8761
11/08/2022,25.1700,26.9500,25.0400,26.6600,50666500.0000,25.3097
11/09/2022,26.5300,27.0200,26.1600,26.2400,31653500.0000,24.9109
11/10/2022,27.7800,28.3100,27.3100,28.2100,46849500.0000,26.7811
11/11/2022,28.2900,28.3400,27.8300,28.3000,23159900.0000,26.8666
11/14/2022,28.1300,28.3800,27.8800,28.1200,20061300.0000,26.6957
11/15/2022,28.4400,28.4900,27.5800,27.8500,29900700.0000,26.4394
11/16/2022,27.6400,27.9900,27.5300,27.5300,15708600.0000,26.1356
11/17/2022,27.0600,27.2800,26.8400,27.1200,24647700.0000,25.7464
11/18/2022,27.0400,27.4100,26.9200,27.3700,28557400.0000,25.9837
11/21/2022,27.1700,27.2600,26.7600,27.1800,21118100.0000,25.8033
11/22/2022,27.4100,28.2600,27.3700,28.2600,29686300.0000,26.8286
11/23/2022,28.2500,28.7800,28.0000,28.7100,34294200.0000,27.2558
11/25/2022,28.6000,28.6900,28.3400,28.4400,19297900.0000,26.9995
11/28/2022,28.3500,28.3700,27.2500,27.3000,33665500.0000,25.9172
11/29/2022,27.7200,28.3000,27.7100,28.1500,35118700.0000,26.7242
11/30/2022,28.5300,29.2400,28.0900,29.0500,36827500.0000,27.5786
12/01/2022,29.7300,30.2700,29.4400,30.0400,50107700.0000,28.5185
12/02/2022,29.3700,30.0100,29.1600,29.9200,35815500.0000,28.4045
12/05/2022,29.6300,29.6300,28.7500,28.8400,42576900.0000,27.3792
12/06/2022,29.2000,29.5400,28.7700,28.8500,25644000.0000,27.3887
12/07/2022,29.0700,29.7300,29.0600,29.4100,38808500.0000,27.9204
12/08/2022,29.6400,29.8300,29.2600,29.4100,18092100.0000,27.9204
12/09/2022,29.6900,30.1000,29.0400,29.0700,24143000.0000,27.5976
12/12/2022,28.8300,28.9900,28.4300,28.9400,24168700.0000,27.4742
12/13/2022,30.0300,30.4600,29.4700,29.7800,27695800.0000,28.2716
12/14/2022,29.7900,29.9600,29.0900,29.6300,21961300.0000,28.1292
12/15/2022,28.7900,28.9900,28.2900,28.3200,29060400.0000,26.8856
12/16/2022,28.3300,28.7900,28.1200,28.6000,23730900.0000,27.1514
12/19/2022,28.2200,28.3400,27.5500,27.6600,19577300.0000,26.7034
12/20/2022,28.2000,28.9100,28.1100,28.7400,26872000.0000,27.7461
12/21/2022,28.9800,29.3200,28.9000,29.0800,21455400.0000,28.0743
12/22/2022,28.6300,28.7900,28.1200,28.7600,20148800.0000,27.7654
12/23/2022,28.8500,29.2200,28.3800,28.8700,16348000.0000,27.8716
12/27/2022,29.0800,29.9900,28.8600,29.6000,19464100.0000,28.5763
12/28/2022,29.3500,29.3900,28.5400,28.6800,19542300.0000,27.6882
12/29/2022,29.0300,29.2300,28.7400,28.8200,9649200.0000,27.8233
12/30/2022,28.8700,28.9200,28.4100,28.6600,12476200.0000,27.6689
01/03/2023,29.3300,30.0500,29.2500,29.6600,25649100.0000,28.6343
01/04/2023,30.2800,31.0800,30.1500,30.9200,34447800.0000,29.8507
01/05/2023,30.3500,30.6900,30.0300,30.6500,22716800.0000,29.5900
01/06/2023,31.1800,31.6800,30.6800,31.5600,32615400.0000,30.4686
01/09/2023,31.9500,31.9700,31.2500,31.2600,31134600.0000,30.1789
01/10/2023,31.3800,31.8700,31.2000,31.8400,16411300.0000,30.7389
01/11/2023,32.0000,32.0800,31.2600,31.5700,16050800.0000,30.4782
01/12/2023,32.1100,32.3000,31.5500,32.1800,26636800.0000,31.0671
01/13/2023,32.1800,32.7500,32.1400,32.6500,22740500.0000,31.5209
01/17/2023,32.2800,32.3200,31.3300,31.5200,28431300.0000,30.4299
01/18/2023,32.0600,32.2300,31.2100,31.2100,18027500.0000,30.1307
01/19/2023,31.4600,32.2000,31.2500,32.0200,31665300.0000,30.9127
01/20/2023,31.7600,32.4400,31.5900,32.4200,22162100.0000,31.2988
01/23/2023,32.0300,32.4200,31.7100,32.4000,24634900.0000,31.2795
01/24/2023,32.2500,32.8000,31.8700,32.7300,19363200.0000,31.5981
01/25/2023,32.3200,33.3400,32.2600,33.2700,21882900.0000,32.1194
01/26/2023,33.1700,33.1700,32.4100,32.7600,20056100.0000,31.6271
01/27/2023,32.6000,32.6300,32.0900,32.3100,18369000.0000,31.1926
01/30/2023,32.2100,32.3700,31.8300,31.8300,15401300.0000,30.7292
01/31/2023,31.7300,32.0400,31.5300,32.0200,13269000.0000,30.9127
02/01/2023,32.0000,33.0000,31.6600,32.7400,27611700.0000,31.6078
02/02/2023,32.9100,32.9400,31.4200,31.7200,39837600.0000,30.6230
02/03/2023,30.8400,31.1100,30.2100,30.3200,35462300.0000,29.2714
02/06/2023,30.2700,30.4200,30.0200,30.2100,19969200.0000,29.1652
02/07/2023,30.2900,31.0000,30.1400,30.6300,24785700.0000,29.5707
02/08/2023,30.7800,30.7800,30.2900,30.3700,12449600.0000,29.3197
02/09/2023,30.7000,30.9100,29.5900,29.7600,22281000.0000,28.7308
02/10/2023,29.8100,29.9500,29.3600,29.6200,16416400.0000,28.5957
02/13/2023,29.5200,29.8000,29.3200,29.5800,12356800.0000,28.5570
02/14/2023,29.3400,29.8400,29.1100,29.6400,17614900.0000,28.6150
02/15/2023,28.9600,28.9600,28.5100,28.7900,22878800.0000,27.7944
02/16/2023,28.4800,28.9600,28.1400,28.6700,19613900.0000,27.6785
02/17/2023,28.2900,28.4700,27.7900,28.4100,23330400.0000,27.4275
02/21/2023,28.2700,28.5600,27.9500,28.1100,16102000.0000,27.1379
02/22/2023,27.8900,27.9600,27.2500,27.4500,21109400.0000,26.5007
02/23/2023,27.4900,27.6300,27.1300,27.3100,15686500.0000,26.3655
02/24/2023,26.8800,27.0500,26.6400,26.9900,20021000.0000,26.0566
02/27/2023,27.1200,27.3200,26.9500,27.2000,15404900.0000,26.2593
02/28/2023,27.2200,27.6900,26.9500,27.5100,25664000.0000,26.5586
03/01/2023,27.8000,28.3400,27.7200,28.1100,36704800.0000,27.1379
03/02/2023,28.0000,28.2100,27.8400,28.1700,14676700.0000,27.1958
03/03/2023,28.5100,28.6400,28.2000,28.6300,15765100.0000,27.6399
03/06/2023,28.3500,28.4900,27.9000,28.0800,16153000.0000,27.1089
03/07/2023,27.7200,27.8000,26.7300,26.8900,34513100.0000,25.9601
03/08/2023,26.9200,27.3700,26.6800,26.8100,23263500.0000,25.8828
03/09/2023,27.0600,27.3300,26.5900,26.6800,20883200.0000,25.7573
03/10/2023,27.3000,27.9500,27.1500,27.2000,35754000.0000,26.2593
03/13/2023,28.5000,29.2900,28.3400,29.1000,56706500.0000,28.0936
03/14/2023,29.0300,29.4800,28.7500,29.3300,24328900.0000,28.3157
03/15/2023,29.8300,29.8300,28.9400,29.3300,34832600.0000,28.3157
03/16/2023,29.4500,29.5000,28.5000,29.1600,31403700.0000,28.1516
03/17/2023,29.7400,31.0300,29.3600,30.5800,63723800.0000,29.5225
03/20/2023,31.0200,31.3100,30.7600,31.1100,28656500.0000,30.0341
03/21/2023,30.6200,30.6300,29.6400,30.0000,35598100.0000,28.9625
03/22/2023,30.1200,31.1800,30.0400,30.5600,30862300.0000,29.5031
03/23/2023,30.8900,31.7000,30.6500,31.3100,27957400.0000,30.2272
03/24/2023,31.3900,31.8000,31.1100,31.5500,28455900.0000,30.4589
03/27/2023,30.8600,31.5500,30.7400,31.5200,17072000.0000,30.4299
03/28/2023,31.7000,32.3500,31.4300,32.3100,24621900.0000,31.1926
03/29/2023,32.0200,32.3700,31.8800,32.0400,17267900.0000,30.9320
03/30/2023,32.3600,32.6300,32.1100,32.5200,18704200.0000,31.3954
03/31/2023,32.6200,32.7300,32.0900,32.3500,18460400.0000,31.2312
04/03/2023,32.5000,33.2900,32.2400,33.0800,32416400.0000,31.9360
04/04/2023,33.1100,34.2800,32.9200,34.1900,38919700.0000,33.0076
04/05/2023,34.5200,34.7000,33.8400,34.3400,27676300.0000,33.1524
04/06/2023,34.2000,34.5100,33.7700,34.4300,16111400.0000,33.2393
04/10/2023,33.9700,34.0400,33.6700,33.9900,20707900.0000,32.8145
04/11/2023,34.2400,35.0300,34.2400,34.5800,21024200.0000,33.3841
04/12/2023,35.1300,35.2400,34.4600,34.9200,20592200.0000,33.7124
04/13/2023,35.4800,36.1000,35.4300,35.8700,28524900.0000,34.6295
04/14/2023,35.3700,35.5800,34.3800,35.0900,34145100.0000,33.8765
04/17/2023,34.6700,34.8300,34.0700,34.3000,25510100.0000,33.1138
04/18/2023,34.4100,35.1900,34.3800,34.5500,25445800.0000,33.3552
04/19/2023,33.9300,34.3800,33.8300,34.0800,27055300.0000,32.9014
04/20/2023,34.3100,34.6300,33.9700,34.0600,15975600.0000,32.8821
04/21/2023,33.7400,34.0700,33.2900,33.6100,23143200.0000,32.4477
04/24/2023,33.5500,33.8900,33.3500,33.7100,15115500.0000,32.5442
04/25/2023,33.6000,33.9200,33.2400,33.7700,14439600.0000,32.6021
04/26/2023,34.1700,34.2200,33.2500,33.3300,14899900.0000,32.1774
04/27/2023,33.2400,33.8800,33.0600,33.8500,16943200.0000,32.6794
04/28/2023,33.7900,33.9200,33.3100,33.5800,17740100.0000,32.4187
05/01/2023,34.1500,34.3000,33.3700,33.4100,13286700.0000,32.2546
05/02/2023,33.4200,34.7800,33.3400,34.7400,34821200.0000,33.5386
05/03/2023,34.6400,35.1600,34.5200,34.8600,23335800.0000,33.6544
05/04/2023,35.1300,36.2600,35.1000,35.6900,35165200.0000,34.4557
05/05/2023,34.6200,35.5900,34.5200,35.4000,22260200.0000,34.1758
05/08/2023,35.4900,35.8100,35.1600,35.3600,12247900.0000,34.1371
05/09/2023,35.2800,35.5300,35.0900,35.2500,9795800.0000,34.0309
05/10/2023,35.3000,35.3500,34.5600,35.0000,21045500.0000,33.7896
05/11/2023,34.6800,34.6800,33.5200,33.5200,31069300.0000,32.3608
05/12/2023,33.5000,33.7600,33.3000,33.6000,17355800.0000,32.4380
05/15/2023,33.7800,34.1700,33.7100,33.9100,13341900.0000,32.7373
05/16/2023,33.7700,33.8700,32.8100,33.0100,25027400.0000,31.8684
05/17/2023,33.0000,33.0200,32.4900,32.7300,19201300.0000,31.5981
05/18/2023,32.1700,32.2200,31.4800,31.8800,31404600.0000,30.7775
05/19/2023,32.0600,32.5800,31.7400,32.1600,18823100.0000,31.0478
05/22/2023,32.0800,32.2300,31.8700,31.8700,13003800.0000,30.7678
05/23/2023,31.7000,31.9400,31.5400,31.6500,13619000.0000,30.5554
05/24/2023,31.8100,31.8200,30.8200,30.9200,23978700.0000,29.8507
05/25/2023,30.6500,30.6600,30.1800,30.2600,21432500.0000,29.2135
05/26/2023,30.6900,30.8000,30.1600,30.4100,16912800.0000,29.3583
05/30/2023,30.4500,30.5800,30.1100,30.2000,23317600.0000,29.1556
05/31/2023,30.3100,31.2500,30.2500,30.9100,35961000.0000,29.8410
06/01/2023,31.0800,32.2900,31.0300,32.0100,32224600.0000,30.9030
06/02/2023,32.0600,32.2500,31.2100,31.4100,26595600.0000,30.3237
06/05/2023,31.2600,31.7700,31.2200,31.5600,12300700.0000,30.4686
06/06/2023,31.6500,31.7000,31.2400,31.6300,11372900.0000,30.5361
06/07/2023,31.7000,32.2400,30.9300,31.0500,23061300.0000,29.9762
06/08/2023,31.5500,31.8700,31.4000,31.5400,18419900.0000,30.4493
06/09/2023,31.4700,31.5500,31.0700,31.0800,12669100.0000,30.0052
06/12/2023,31.0300,31.2500,30.7800,31.2400,10282800.0000,30.1596
06/13/2023,31.4300,31.6400,30.8000,30.8900,17547600.0000,29.8217
06/14/2023,31.2600,31.4800,30.5300,30.8700,15747200.0000,29.8024
06/15/2023,30.7700,31.0400,30.5300,31.0000,18198300.0000,29.9279
06/16/2023,31.2000,31.7400,30.9000,31.3900,19290300.0000,30.3044
06/20/2023,30.8300,30.8600,30.1300,30.1400,28348000.0000,29.0977
06/21/2023,30.0000,30.2600,29.6200,30.0600,16163900.0000,29.0204
06/22/2023,29.6000,29.9200,29.5300,29.8500,18070900.0000,28.8177
06/23/2023,30.1300,30.3400,29.7000,29.7900,15081200.0000,28.7598
06/26/2023,29.9100,30.3000,29.6500,30.0700,14255700.0000,29.0301
06/27/2023,30.1200,30.1800,29.3700,29.6500,23419500.0000,28.6246
06/28/2023,29.4100,29.5800,29.1700,29.2200,25956600.0000,28.2095
06/29/2023,28.9000,29.6200,28.7600,29.6200,17501700.0000,28.5957
06/30/2023,29.7200,30.1300,29.5000,30.1100,20732300.0000,29.0687
07/03/2023,30.2500,30.7700,30.1700,30.6900,17734800.0000,29.6286
07/05/2023,30.7300,30.7700,29.8100,29.8300,22271400.0000,28.7984
07/06/2023,29.6400,29.6600,28.9100,29.0700,29161500.0000,28.0647
07/07/2023,29.3000,29.8200,29.2500,29.4500,16733400.0000,28.4315
07/10/2023,29.3100,30.1500,29.2600,30.0400,24983300.0000,29.0011
07/11/2023,30.2400,30.4700,30.0300,30.2400,14832400.0000,29.1942
07/12/2023,30.8300,31.9500,30.8200,31.8200,44179100.0000,30.7196
07/13/2023,32.1700,32.2600,31.9400,32.1900,19564800.0000,31.0768
07/14/2023,32.1100,32.4000,31.9000,31.9600,15326200.0000,30.8547
07/17/2023,31.7100,32.1100,31.4800,31.9700,9777900.0000,30.8644
07/18/2023,32.3700,32.9200,32.1000,32.6300,20908700.0000,31.5016
07/19/2023,32.4400,32.5700,32.2300,32.3600,9273300.0000,31.2409
07/20/2023,32.0800,32.2100,31.3600,31.3900,22811500.0000,30.3044
07/21/2023,31.2000,31.5700,31.0400,31.4900,12288100.0000,30.4010
07/24/2023,31.4600,31.6000,31.0100,31.2900,10810300.0000,30.2079
07/25/2023,31.4000,31.8900,31.3000,31.7800,14009400.0000,30.6810
07/26/2023,31.8300,31.8300,31.3400,31.6500,14698500.0000,30.5554
07/27/2023,31.3700,31.3900,30.3300,30.3500,38582400.0000,29.3004
07/28/2023,30.7200,30.8600,30.4800,30.7200,18505800.0000,29.6576
07/31/2023,30.9700,31.7500,30.9300,31.4100,19185800.0000,30.3237
08/01/2023,30.7200,30.8700,30.1900,30.2300,23841400.0000,29.1846
08/02/2023,30.1200,30.1800,29.2000,29.2800,23963800.0000,28.2674
08/03/2023,29.3600,29.5700,29.0700,29.2800,15663200.0000,28.2674
08/04/2023,29.5700,29.8100,29.3600,29.5600,17468700.0000,28.5377
08/07/2023,29.5200,29.5600,29.0600,29.3300,11421000.0000,28.3157
08/08/2023,28.9500,29.2200,28.6700,29.0800,15440700.0000,28.0743
08/09/2023,29.1600,29.3600,28.9300,29.1300,9574700.0000,28.1226
08/10/2023,29.4000,29.6100,28.9900,29.1700,16827500.0000,28.1612
08/11/2023,29.0100,29.5000,28.9500,29.4600,10361000.0000,28.4412
08/14/2023,29.1100,29.1300,28.5000,28.9500,12180400.0000,27.9488
08/15/2023,28.8400,28.8600,28.1300,28.2100,20289800.0000,27.2344
08/16/2023,28.2000,28.2400,27.8200,27.8300,13524200.0000,26.8676
08/17/2023,27.8900,27.9800,27.4500,27.6100,16121500.0000,26.6552
08/18/2023,27.6300,27.6300,27.3000,27.4500,18334500.0000,26.5007
08/21/2023,27.6100,27.7500,27.2800,27.7100,18225600.0000,26.7517
08/22/2023,27.8200,27.9600,27.5300,27.9500,13706700.0000,26.9834
08/23/2023,28.2600,28.9500,28.2000,28.7400,30561300.0000,27.7461
08/24/2023,28.6500,28.9700,28.2800,28.6800,17080700.0000,27.6882
08/25/2023,28.6200,28.8500,28.0200,28.4000,15352000.0000,27.4178
08/28/2023,28.5400,29.1300,28.4200,29.0000,18153900.0000,27.9971
08/29/2023,28.8900,29.5300,28.8200,29.5300,19623200.0000,28.5088
08/30/2023,29.7800,30.0000,29.4100,29.5200,14524000.0000,28.4991
08/31/2023,29.5200,29.6300,29.0400,29.2600,16439500.0000,28.2481
09/01/2023,29.6600,29.8500,29.0600,29.0900,20828500.0000,28.0840
09/05/2023,28.8200,29.0300,28.3700,28.4900,19547900.0000,27.5047
09/06/2023,28.3300,28.7400,28.2400,28.4700,14809700.0000,27.4854
09/07/2023,28.4100,28.4600,28.1600,28.2800,13897200.0000,27.3020
09/08/2023,28.3900,28.8100,28.2800,28.3400,17249500.0000,27.3599
09/11/2023,28.7600,28.9600,28.6000,28.7700,13542800.0000,27.7750
09/12/2023,28.4000,29.0400,28.3800,28.7900,9549600.0000,27.7944
09/13/2023,28.8000,28.9800,28.5800,28.7200,10508900.0000,27.7268
09/14/2023,28.7500,29.3500,28.7400,29.1100,15558600.0000,28.1033
09/15/2023,29.4200,29.8900,29.4000,29.7200,24778900.0000,28.6922
09/18/2023,29.6400,29.8600,29.3600,29.7500,11024000.0000,28.7212
09/19/2023,29.8400,29.8600,29.3100,29.4000,13151200.0000,28.3833
09/20/2023,29.4600,30.1300,29.4400,29.7100,21914100.0000,28.6825
09/21/2023,29.0900,29.2500,28.7900,28.9100,23901400.0000,27.9102
09/22/2023,29.1500,29.4200,28.8500,28.8700,15052500.0000,27.8716
09/25/2023,28.7700,28.7900,28.2600,28.5100,16134800.0000,27.5240
09/26/2023,28.2600,28.3300,27.7400,27.7400,18917000.0000,26.7807
09/27/2023,27.5600,27.6000,26.6600,26.9100,33534700.0000,25.9794
09/28/2023,26.8700,27.0800,26.6200,27.0500,28477300.0000,26.1145
09/29/2023,27.4600,27.5900,26.6600,26.9100,23094800.0000,25.9794
10/02/2023,26.5600,26.5600,25.8900,25.9900,28436800.0000,25.0912
10/03/2023,25.9100,26.2800,25.6800,26.0700,25713100.0000,25.1684
10/04/2023,26.1300,26.1700,25.6200,25.9100,17971600.0000,25.0140
10/05/2023,25.8900,26.3300,25.8800,26.3200,15613200.0000,25.4098
10/06/2023,26.3600,27.1000,26.2600,26.8900,25572500.0000,25.9601
10/09/2023,27.3600,27.6000,27.2600,27.5400,23042900.0000,26.5876
10/10/2023,27.6700,27.8700,27.4800,27.8100,18948800.0000,26.8482
10/11/2023,28.2200,28.3400,27.9500,28.3200,22283500.0000,27.3406
10/12/2023,28.3200,28.4200,27.5900,27.7400,22359700.0000,26.7807
10/13/2023,28.6900,29.1100,28.4700,28.9500,34493700.0000,27.9488
10/16/2023,28.8600,29.1900,28.6400,29.0000,16394500.0000,27.9971
10/17/2023,28.9800,29.5700,28.8300,29.5300,17620000.0000,28.5088
10/18/2023,29.9800,30.0700,29.2700,29.4500,23181100.0000,28.4315
10/19/2023,29.4500,29.5900,29.0000,29.5100,24517100.0000,28.4895
10/20/2023,29.6000,30.1600,29.4700,29.4800,29715300.0000,28.4605
10/23/2023,29.2600,29.5300,28.7100,29.2400,16690200.0000,28.2288
10/24/2023,28.9100,29.3800,28.8800,29.2600,13488300.0000,28.2481
10/25/2023,29.1100,29.5100,28.7600,28.7800,21062700.0000,27.7847
10/26/2023,28.7100,28.8800,28.0900,28.5200,37274000.0000,27.5337
10/27/2023,28.6400,29.2200,28.3200,29.2000,31547300.0000,28.1902
10/30/2023,29.2500,29.3600,28.7000,28.7700,21899300.0000,27.7750
10/31/2023,28.6200,28.8500,27.7900,28.0100,30992600.0000,27.0413
11/01/2023,28.1000,28.3300,27.6100,28.1100,29754900.0000,27.1379
11/02/2023,28.4100,28.4100,27.9000,28.2600,15682800.0000,27.2827
11/03/2023,28.5400,29.8100,28.5000,29.4700,44113800.0000,28.4508
11/06/2023,29.3700,29.5500,29.1100,29.1500,26550900.0000,28.1419
11/07/2023,28.7700,28.8400,28.1100,28.5900,42313000.0000,27.6013
11/08/2023,28.3300,28.4400,27.5300,27.6900,25654000.0000,26.7324
11/09/2023,27.7800,28.2500,27.4100,27.5900,19587000.0000,26.6359
11/10/2023,27.3500,27.4000,27.0200,27.2500,19074900.0000,26.3076
11/13/2023,27.1400,27.3900,27.0200,27.0400,13324200.0000,26.1049
11/14/2023,27.7500,28.5200,27.6800,28.3300,31498100.0000,27.3503
11/15/2023,28.3600,28.5100,28.0000,28.1900,16306700.0000,27.2151
11/16/2023,28.2500,29.0700,28.1900,28.6100,34034700.0000,27.6206
11/17/2023,28.6900,28.8600,28.3800,28.4300,14430300.0000,27.4468
11/20/2023,28.1400,28.5400,27.9700,28.5100,15284300.0000,27.5240
11/21/2023,28.9500,29.6000,28.9500,29.2100,28990800.0000,28.1998
11/22/2023,29.2400,29.4000,29.0100,29.2500,12381600.0000,28.2384
11/24/2023,29.2600,29.5200,29.1800,29.3200,8156800.0000,28.3060
11/27/2023,29.7100,29.9500,29.4600,29.7900,19761600.0000,28.7598
11/28/2023,30.1500,31.2300,30.0600,31.2200,41105000.0000,30.1403
11/29/2023,31.2200,31.3900,30.9500,31.2000,21026400.0000,30.1210
11/30/2023,31.0700,31.3300,30.8600,31.3200,18194300.0000,30.2369
12/01/2023,31.2400,31.9100,31.1200,31.8100,33533000.0000,30.7099
12/04/2023,31.1200,31.3000,30.7400,31.0200,45796100.0000,29.9472
12/05/2023,30.6900,30.9500,30.1700,30.4800,28217700.0000,29.4259
12/06/2023,30.8400,30.9700,30.4100,30.4200,16837000.0000,29.3680
12/07/2023,30.6200,30.6300,29.9900,30.3200,18815000.0000,29.2714
12/08/2023,29.6800,30.1100,29.3600,29.6800,27561000.0000,28.6536
12/11/2023,29.3400,29.6300,29.0800,29.5500,18238400.0000,28.5281
12/12/2023,29.6500,29.6500,28.7200,28.8600,25652700.0000,27.8619
12/13/2023,28.8700,30.7000,28.6700,30.7000,44140100.0000,29.6383
12/14/2023,31.1800,31.9300,31.0400,31.3100,36945300.0000,30.2272
12/15/2023,31.1100,31.3500,30.8900,30.9500,21266000.0000,29.8797
12/18/2023,30.7200,30.8300,30.4100,30.7300,20872500.0000,30.1544
12/19/2023,30.9000,31.8500,30.8200,31.5500,33525900.0000,30.9591
12/20/2023,31.6300,31.6800,30.7700,30.7800,20212500.0000,30.2035
12/21/2023,31.3000,31.5600,31.1800,31.3500,19965900.0000,30.7628
12/22/2023,32.0000,32.3500,31.5600,31.5600,22684400.0000,30.9689
12/26/2023,31.6900,31.9000,31.4700,31.6700,10339500.0000,31.0768
12/27/2023,31.8500,32.2900,31.7900,31.9800,18337500.0000,31.3810
12/28/2023,31.8300,31.9700,31.1500,31.1700,27291700.0000,30.5862
12/29/2023,31.0000,31.1600,30.6800,31.0100,19129700.0000,30.4292
01/02/2024,31.0400,31.2400,30.5000,30.5600,21612300.0000,29.9876
01/03/2024,29.9100,30.0600,29.5300,29.7600,33470600.0000,29.2026
01/04/2024,29.8500,29.9600,29.4400,29.7700,17862300.0000,29.2124
01/05/2024,29.8100,30.3600,29.5100,29.7700,19585800.0000,29.2124
01/08/2024,29.2900,29.8700,29.2200,29.7000,14185500.0000,29.1437
01/09/2024,29.7700,29.7700,29.0700,29.1700,20971200.0000,28.6236
01/10/2024,29.1400,29.3400,28.9100,29.1100,19691900.0000,28.5648
01/11/2024,29.1400,29.3000,28.5200,28.8900,22435100.0000,28.3489
01/12/2024,29.7200,30.2200,29.5600,29.7000,29232800.0000,29.1437
01/16/2024,29.2100,29.2200,28.3300,28.3900,31802300.0000,27.8582
01/17/2024,27.9500,27.9700,27.4400,27.5100,37527500.0000,26.9947
01/18/2024,27.7900,27.7900,27.4100,27.5900,18315100.0000,27.0732
01/19/2024,27.8100,27.8100,27.3300,27.6900,20568600.0000,27.1714
01/22/2024,27.3300,27.7300,27.2300,27.6000,11064300.0000,27.0830
01/23/2024,27.8200,28.2500,27.7100,28.2300,17398100.0000,27.7012
01/24/2024,28.8500,29.0400,27.6900,27.7000,27261800.0000,27.1812
01/25/2024,28.1400,28.3600,27.9900,28.2500,17608000.0000,27.7209
01/26/2024,28.2400,28.4600,28.0300,28.0700,14246500.0000,27.5442
01/29/2024,28.4000,28.4000,27.8700,28.3600,16190800.0000,27.8288
01/30/2024,28.5400,28.5900,27.9800,28.1500,15319900.0000,27.6227
01/31/2024,28.2600,28.7700,27.8700,27.9400,28238900.0000,27.4167
02/01/2024,28.2900,29.1400,28.2500,29.0300,34102000.0000,28.4863
02/02/2024,28.2100,28.2400,27.6900,28.0200,37211300.0000,27.4952
02/05/2024,27.4600,27.6700,27.2300,27.3600,22148900.0000,26.8475
02/06/2024,27.4900,27.7700,27.3700,27.7200,11292700.0000,27.2008
02/07/2024,27.6500,27.7500,27.3800,27.4600,13055900.0000,26.9457
02/08/2024,27.3000,27.4500,27.1700,27.3000,12609500.0000,26.7887
02/09/2024,27.1700,27.1900,26.7700,26.9700,20973700.0000,26.4648
02/12/2024,26.9200,27.4100,26.8500,27.2900,17511300.0000,26.7788
02/13/2024,26.6200,26.6300,25.6800,25.8900,48889000.0000,25.4051
02/14/2024,25.9700,26.1000,25.6900,26.0100,26125900.0000,25.5228
02/15/2024,26.3500,27.0600,26.3400,26.7700,26932000.0000,26.2686
02/16/2024,26.6000,27.1600,26.5200,26.8600,19619200.0000,26.3569
02/20/2024,27.1800,27.2400,26.8700,26.9900,16047500.0000,26.4845
02/21/2024,27.0000,27.0000,26.4400,26.8200,21673600.0000,26.3176
02/22/2024,26.7000,26.7400,26.0600,26.1600,27627500.0000,25.6700
02/23/2024,26.2500,26.7600,26.0100,26.6600,27368400.0000,26.1606
02/26/2024,26.3600,26.3600,26.0200,26.2500,20293200.0000,25.7583
02/27/2024,26.2700,26.3600,26.0100,26.0300,20494100.0000,25.5424
02/28/2024,25.9200,25.9400,25.6700,25.7800,20071400.0000,25.2971
02/29/2024,26.3300,26.6900,26.2800,26.3600,28381700.0000,25.8663
03/01/2024,26.7100,27.4500,26.3000,27.3300,41346800.0000,26.8181
03/04/2024,27.8000,28.5800,27.6800,28.5100,49404900.0000,27.9760
03/05/2024,28.9800,29.1500,28.6300,28.6600,33710200.0000,28.1232
03/06/2024,29.0500,29.5400,29.0100,29.1600,28673000.0000,28.6138
03/07/2024,29.5000,29.7200,29.3400,29.6100,25808800.0000,29.0554
03/08/2024,29.8200,30.0000,29.4400,29.6400,32729200.0000,29.0848
03/11/2024,29.6000,30.3400,29.4500,30.1300,28314000.0000,29.5656
03/12/2024,29.5500,29.6200,29.2000,29.5800,25334200.0000,29.0260
03/13/2024,29.7800,30.4900,29.7300,30.2900,24676600.0000,29.7227
03/14/2024,29.9600,30.0900,29.7100,29.8900,22337700.0000,29.3301
03/15/2024,29.7900,30.0800,29.6100,29.8900,22359900.0000,29.3301
03/18/2024,29.8500,29.9300,29.6600,29.7400,25774500.0000,29.1830
03/19/2024,29.5100,29.5300,29.0200,29.0600,28698900.0000,28.5157
03/20/2024,28.9600,30.5200,28.9100,30.2600,35671400.0000,29.6932
03/21/2024,30.5400,30.8400,29.9600,29.9600,34092100.0000,29.3988
03/22/2024,29.7700,30.0500,29.5900,29.6000,21654900.0000,29.0456
03/25/2024,29.8300,30.3900,29.8200,29.8300,17643300.0000,29.2713
03/26/2024,30.4600,30.4700,29.8200,29.8500,13428600.0000,29.2909
03/27/2024,30.0400,30.9700,30.0200,30.9600,26953100.0000,30.3801
03/28/2024,31.4100,31.7800,31.1100,31.6200,28716300.0000,31.0277
04/01/2024,32.3100,32.4300,31.7100,32.0300,27020600.0000,31.4301
04/02/2024,32.2400,32.4900,31.9500,32.4400,34459200.0000,31.8324
04/03/2024,32.3900,33.2400,32.3300,33.1400,30509300.0000,32.5193
04/04/2024,33.1400,33.3100,32.7300,32.7800,29952400.0000,32.1660
04/05/2024,33.0000,33.9900,32.7900,33.8400,41886600.0000,33.2062
04/08/2024,34.1500,34.2700,33.3000,33.6000,24472100.0000,32.9707
04/09/2024,34.2300,34.5900,33.9200,34.1800,29039000.0000,33.5398
04/10/2024,33.3000,34.0600,32.9800,33.6800,33130300.0000,33.0492
04/11/2024,34.1200,34.4900,33.5400,34.4500,22445100.0000,33.8047
04/12/2024,35.0600,35.7400,33.4400,33.7600,71512900.0000,33.1277
04/15/2024,34.0600,34.1400,33.0000,33.5300,34573800.0000,32.9020
04/16/2024,33.0500,33.2600,32.4300,33.0300,32547300.0000,32.4113
04/17/2024,33.3200,33.9500,33.1100,33.5500,27931600.0000,32.9216
04/18/2024,34.0300,34.0900,33.4600,33.7500,18486400.0000,33.1178
04/19/2024,33.7000,34.3100,33.7000,34.0700,19785100.0000,33.4319
04/22/2024,32.6000,33.1900,32.4300,32.5300,41107700.0000,31.9207
04/23/2024,32.3100,33.1500,32.2000,33.0500,24960500.0000,32.4310
04/24/2024,32.8700,33.2100,32.7900,33.1200,17527600.0000,32.4996
04/25/2024,33.1500,34.5000,32.9500,34.3300,46561600.0000,33.6870
04/26/2024,34.7000,34.9500,34.2900,34.5800,21754300.0000,33.9323
04/29/2024,34.6400,34.9600,34.0700,34.7700,17947800.0000,34.1187
04/30/2024,33.8300,33.9900,33.1000,33.1300,41599900.0000,32.5095
05/01/2024,33.4000,34.2000,33.1000,33.3200,30054800.0000,32.6959
05/02/2024,33.1500,33.8200,32.9300,33.5800,22145400.0000,32.9510
05/03/2024,33.7200,33.8900,33.1500,33.4400,23408100.0000,32.8137
05/06/2024,34.1600,34.4700,34.1000,34.2100,21579800.0000,33.5692
05/07/2024,34.1000,34.2700,33.9200,34.1700,10059700.0000,33.5300
05/08/2024,33.8400,34.4700,33.7400,34.1600,17701600.0000,33.5202
05/09/2024,34.4400,35.4300,34.4400,35.3600,30259000.0000,34.6977
05/10/2024,35.7500,35.8800,35.2300,35.2500,20642300.0000,34.5898
05/13/2024,35.1100,35.4500,34.6700,34.9500,17445500.0000,34.2954
05/14/2024,35.1800,35.4600,35.0400,35.4000,14664200.0000,34.7369
05/15/2024,35.8000,36.1100,35.0600,35.9100,24490500.0000,35.2374
05/16/2024,35.6700,35.8900,35.3300,35.6600,19420400.0000,34.9921
05/17/2024,36.2100,36.8900,36.0000,36.8700,38752300.0000,36.1794
05/20/2024,36.9500,37.4700,36.5200,37.2400,24774500.0000,36.5425
05/21/2024,37.0200,37.2200,36.7300,36.9300,17236100.0000,36.2383
05/22/2024,36.4500,36.5600,35.2900,35.4500,37395600.0000,34.7860
05/23/2024,35.4000,35.6500,34.6600,34.7500,32337700.0000,34.0991
05/24/2024,35.2600,35.5000,35.1400,35.2600,12299700.0000,34.5996
05/28/2024,36.0300,36.2300,35.7100,36.1000,19222000.0000,35.4238
05/29/2024,35.6700,35.9100,35.1700,35.1900,19201600.0000,34.5309
05/30/2024,35.3100,35.8500,35.1900,35.5600,16118400.0000,34.8939
05/31/2024,35.8000,35.9500,35.0000,35.3000,15716500.0000,34.6388
06/03/2024,35.4200,35.5600,35.1300,35.5100,18190800.0000,34.8449
06/04/2024,34.9600,34.9600,33.9500,34.1800,32854000.0000,33.5398
06/05/2024,34.4300,34.8700,34.0800,34.7900,17602600.0000,34.1384
06/06/2024,34.9600,36.0300,34.7800,36.0100,28039600.0000,35.3355
06/07/2024,34.7400,34.8100,33.4900,33.5400,50927700.0000,32.9118
06/10/2024,33.7100,34.0900,33.4500,34.0300,17128500.0000,33.3926
06/11/2024,33.8000,33.8000,33.3400,33.7500,15358000.0000,33.1178
06/12/2024,34.5000,34.8000,33.8600,34.0000,24769000.0000,33.3632
06/13/2024,33.8300,34.0600,32.9600,33.1500,23431300.0000,32.5291
06/14/2024,33.5300,33.5400,32.9600,33.4100,17444700.0000,32.7842
06/17/2024,33.2100,33.3500,32.8400,33.2000,13690900.0000,32.5781
06/18/2024,33.1800,33.8400,33.0700,33.7000,15535100.0000,33.0688
06/20/2024,34.0700,34.7900,33.8700,34.5500,20773000.0000,33.9029
06/21/2024,34.4100,34.4700,33.8000,33.9900,24022300.0000,33.3534
06/24/2024,34.2800,34.5800,34.1200,34.2500,18740000.0000,33.6085
06/25/2024,34.0700,34.1000,33.8100,33.8400,11218300.0000,33.2062
06/26/2024,33.3500,33.9000,33.2800,33.8200,13325500.0000,33.1865
06/27/2024,34.2000,34.4300,34.1600,34.2300,11931000.0000,33.5889
06/28/2024,34.5000,34.6000,33.7300,33.9300,15818700.0000,33.2945
07/01/2024,34.0900,34.4200,33.8100,33.8900,9041000.0000,33.2552
07/02/2024,33.8600,34.3500,33.6500,34.0200,12883000.0000,33.3828
07/03/2024,34.5500,35.5600,34.5200,35.2800,21553200.0000,34.6192
07/05/2024,35.8800,36.5300,35.8600,36.2700,22021900.0000,35.5906
07/08/2024,35.8600,36.1600,35.5100,36.1000,16419200.0000,35.4238
07/09/2024,36.1300,36.3700,35.8300,36.1100,8215200.0000,35.4336
07/10/2024,36.5400,37.1700,36.5300,37.0500,20498400.0000,36.3560
07/11/2024,37.9300,38.1500,37.0300,38.0900,27454300.0000,37.3766
07/12/2024,37.6500,38.3100,37.6500,38.1700,16263300.0000,37.4551
07/15/2024,38.2000,38.5800,37.6900,37.9500,20303000.0000,37.2392
07/16/2024,38.2700,39.3200,38.1000,39.2800,24694000.0000,38.5443
07/17/2024,39.1600,39.4100,38.3800,38.4400,23583000.0000,37.7200
07/18/2024,38.6900,38.6900,37.6400,37.8700,17062500.0000,37.1607
07/19/2024,36.8600,37.7100,36.7900,37.3900,22858600.0000,36.6897
07/22/2024,37.3100,37.5800,36.9700,37.4500,15249200.0000,36.7485
07/23/2024,37.4200,37.5600,37.1600,37.4500,8238400.0000,36.7485
07/24/2024,37.8200,38.3800,37.2000,37.2300,20726900.0000,36.5327
07/25/2024,36.2600,36.5600,35.9000,36.1900,31714300.0000,35.5121
07/26/2024,36.5200,36.7600,36.3100,36.4800,15901400.0000,35.7967
07/29/2024,36.6000,36.7000,36.0600,36.6400,10107100.0000,35.9537
07/30/2024,36.8700,37.0300,36.3800,36.9500,12735900.0000,36.2579
07/31/2024,37.6400,38.0000,37.4000,37.9300,26227500.0000,37.2196
08/01/2024,37.9500,38.2100,36.7900,37.2700,18198600.0000,36.5719
08/02/2024,37.7600,38.0600,36.1000,36.4800,27344500.0000,35.7967
08/05/2024,34.3000,35.5900,33.8700,35.3400,28615600.0000,34.6781
08/06/2024,35.1500,36.0400,34.9200,35.6300,14294700.0000,34.9626
08/07/2024,36.1000,36.2500,34.5800,34.7100,17663300.0000,34.0599
08/08/2024,35.1900,35.7600,34.7400,35.5500,16675700.0000,34.8841
08/09/2024,35.8400,35.8900,35.2100,35.8400,9773600.0000,35.1687
08/12/2024,36.1500,37.1100,36.0600,36.9000,23084600.0000,36.2088
08/13/2024,36.8000,37.5000,36.7500,37.3800,13088400.0000,36.6799
08/14/2024,37.1000,37.2000,36.5700,37.1100,11565000.0000,36.4149
08/15/2024,37.1500,37.5000,36.6500,37.2900,14414800.0000,36.5915
08/16/2024,37.8800,38.4900,37.6600,38.4900,25966100.0000,37.7691
08/19/2024,38.2200,39.2500,38.1600,39.2200,21162600.0000,38.4854
08/20/2024,39.6600,39.9700,39.1700,39.5000,21548600.0000,38.7601
08/21/2024,39.4000,39.9200,39.1000,39.7700,13915600.0000,39.0251
08/22/2024,39.2200,39.2200,38.5400,38.7800,19744100.0000,38.0536
08/23/2024,39.2500,39.5600,38.8100,39.3400,15858600.0000,38.6031
08/26/2024,39.5800,39.6700,39.0700,39.2300,9216600.0000,38.4952
08/27/2024,38.9200,39.2600,38.6600,39.2200,8482900.0000,38.4854
08/28/2024,38.7300,38.7300,38.0400,38.3600,16988600.0000,37.6415
08/29/2024,38.5400,39.1400,38.5100,38.8800,13328500.0000,38.1518
08/30/2024,38.7900,38.9800,38.3400,38.6200,13171500.0000,37.8966
09/03/2024,38.0100,38.1100,36.9000,37.2700,25260000.0000,36.5719
09/04/2024,36.8900,37.3600,36.7200,36.9100,15685100.0000,36.2187
09/05/2024,37.6600,37.8300,37.2800,37.3300,16260000.0000,36.6308
09/06/2024,37.1700,37.4300,36.2200,36.3200,19939200.0000,35.6397
09/09/2024,36.6100,36.8800,36.5100,36.7600,15264700.0000,36.0715
09/10/2024,36.7600,37.2300,36.4500,37.2200,13942800.0000,36.5229
09/11/2024,36.9000,37.4100,36.4900,37.3900,10854700.0000,36.6897
09/12/2024,38.0600,39.4300,38.0200,39.2100,35275900.0000,38.4756
09/13/2024,39.8000,40.2200,39.7700,40.0900,27456000.0000,39.3391
09/16/2024,40.0000,40.2300,39.5800,39.8900,12162500.0000,39.1428
09/17/2024,39.7000,40.0800,39.3100,39.4900,17906900.0000,38.7503
09/18/2024,39.7600,40.9900,39.0200,39.0600,41241400.0000,38.3284
09/19/2024,40.1000,40.2500,39.2600,39.7200,22284500.0000,38.9760
09/20/2024,40.4000,40.6800,40.0600,40.5100,28604400.0000,39.7512
09/23/2024,40.5400,41.1900,40.3000,40.3300,19153300.0000,39.5746
09/24/2024,40.7400,41.5900,40.3400,41.4100,27422400.0000,40.6344
09/25/2024,41.3000,41.6900,41.1800,41.3100,18581100.0000,40.5362
09/26/2024,41.6200,41.9500,41.2200,41.6400,21027600.0000,40.8601
09/27/2024,41.3900,41.5800,40.3100,40.3600,25323400.0000,39.6040
09/30/2024,40.1000,40.1800,39.3500,39.8200,24523200.0000,39.0742
10/01/2024,40.3100,40.7600,39.9600,40.4500,22975900.0000,39.6924
10/02/2024,40.5000,40.7900,40.0500,40.3700,13265800.0000,39.6138
10/03/2024,39.8500,39.8700,39.3500,39.5600,17147200.0000,38.8190
10/04/2024,39.6500,40.1900,39.3500,39.5500,15816800.0000,38.8092
10/07/2024,39.2900,39.3000,38.8300,39.0300,15133300.0000,38.2989
10/08/2024,38.6800,39.0000,38.3800,38.9900,16180400.0000,38.2597
10/09/2024,38.4400,38.7900,38.1700,38.7900,16477900.0000,38.0634
10/10/2024,38.9900,39.8900,38.7700,39.8700,22975000.0000,39.1232
10/11/2024,40.0300,40.4600,39.9900,40.0500,12060100.0000,39.2998
10/14/2024,39.9300,40.3100,39.6800,40.1600,7455300.0000,39.4078
10/15/2024,40.1300,40.6800,39.9700,40.6800,19942200.0000,39.9180
10/16/2024,41.1500,41.7200,40.8900,41.0000,20379100.0000,40.2321
10/17/2024,41.3600,41.8900,41.1800,41.4900,22965700.0000,40.7129
10/18/2024,42.0000,43.3100,41.8200,43.1500,31223500.0000,42.3418
10/21/2024,43.7500,44.0100,43.0800,43.2200,21060600.0000,42.4105
10/22/2024,43.5200,44.2200,43.5200,44.0900,21161600.0000,43.2642
10/23/2024,43.5000,43.8000,42.9100,43.2600,22959800.0000,42.4497
10/24/2024,43.4700,43.5100,41.4000,42.1300,31946100.0000,41.3409
10/25/2024,41.9100,42.1600,41.4100,41.5600,21541200.0000,40.7816
10/28/2024,41.3300,41.6300,41.2300,41.3600,14784900.0000,40.5853
10/29/2024,41.8000,42.1300,41.4800,42.0200,20281300.0000,41.2329
10/30/2024,41.9500,41.9600,41.0300,41.5100,18161400.0000,40.7325
10/31/2024,40.8300,40.8900,39.8700,40.3400,27998400.0000,39.5844
11/01/2024,40.4900,40.8200,39.8500,39.8500,14358100.0000,39.1036
11/04/2024,40.2700,40.3700,39.7000,39.9000,13299700.0000,39.1527
11/05/2024,40.3700,40.5300,39.8700,40.1100,16833300.0000,39.3587
11/06/2024,38.2100,38.9900,37.5600,38.6400,44258400.0000,37.9163
11/07/2024,39.0000,39.8000,38.7300,39.5700,26922000.0000,38.8288
11/08/2024,39.2300,39.3400,38.6300,39.0200,22864200.0000,38.2891
11/11/2024,37.4200,37.7300,36.1900,36.7300,45733600.0000,36.0420
11/12/2024,36.2700,36.4600,35.6700,36.1100,37430800.0000,35.4336
11/13/2024,36.4100,36.6400,35.5600,35.5600,24799000.0000,34.8939
11/14/2024,35.3100,35.9700,35.1900,35.7200,34765200.0000,35.0509
11/15/2024,35.9300,36.1800,35.4000,35.5100,20360400.0000,34.8449
11/18/2024,36.5500,37.2800,36.4800,37.0200,33546000.0000,36.3266
11/19/2024,37.4900,37.9300,37.2200,37.8800,22829200.0000,37.1705
11/20/2024,37.7300,37.8500,37.5100,37.7200,16236500.0000,37.0135
11/21/2024,38.1200,38.2000,37.5900,38.1400,21175800.0000,37.4256
11/22/2024,38.4700,38.5700,38.0200,38.2800,19691300.0000,37.5630
11/25/2024,36.9900,37.2400,36.7800,37.1400,31492500.0000,36.4444
11/26/2024,37.1100,37.4100,36.8300,37.2900,9924400.0000,36.5915
11/27/2024,37.7500,37.9700,37.3200,37.4500,15286800.0000,36.7485
11/29/2024,37.7200,37.8500,37.5000,37.6600,7275300.0000,36.9546
12/02/2024,37.1700,37.3700,36.7100,36.8300,16539100.0000,36.1402
12/03/2024,37.1000,38.1200,37.1000,37.7000,18593800.0000,36.9939
12/04/2024,37.7800,38.0100,37.5500,37.6000,8149100.0000,36.8957
12/05/2024,37.6400,37.9900,37.1400,37.5300,9910000.0000,36.8270
12/06/2024,37.4100,37.4100,36.7400,36.8200,13455700.0000,36.1303
12/09/2024,38.0200,38.8700,37.9100,37.9100,30314300.0000,37.1999
12/10/2024,38.4000,38.5200,37.9100,37.9800,13338500.0000,37.2686
12/11/2024,38.2400,39.1700,38.0800,39.0900,21116900.0000,38.3578
12/12/2024,38.3100,38.4200,37.6200,37.6600,22705200.0000,36.9546
12/13/2024,37.2400,37.3800,36.4900,36.6500,19521400.0000,35.9635
12/16/2024,36.8600,36.9000,36.2900,36.4200,11421200.0000,35.7378
12/17/2024,35.9900,36.3100,35.7900,36.1900,14782900.0000,35.5121
12/18/2024,35.9800,36.0900,34.3600,34.5300,32773200.0000,33.8832
12/19/2024,34.7200,34.9500,34.1900,34.3900,22161700.0000,33.7459
12/20/2024,34.5000,35.1200,34.4400,34.7300,27872000.0000,34.0795
12/23/2024,34.2300,34.4800,33.8800,34.4100,14593200.0000,34.1619
12/24/2024,34.5200,34.5800,34.1400,34.4100,5322000.0000,34.1619
12/26/2024,34.5300,34.7600,34.3600,34.4700,8720800.0000,34.2215
12/27/2024,34.0800,34.3800,33.8300,34.2600,10587100.0000,34.0130
12/30/2024,33.9000,34.0100,33.4200,33.7700,18268000.0000,33.5265
12/31/2024,33.6500,34.0500,33.6000,33.9100,8034600.0000,33.6655
01/02/2025,34.4600,35.4000,34.4400,35.3400,24527000.0000,35.0852
01/03/2025,35.2300,35.3000,34.9700,35.0000,13694400.0000,34.7476
01/06/2025,35.0000,35.2200,34.5200,34.5800,13039000.0000,34.3307
01/07/2025,35.2500,35.8600,34.8700,35.0500,16976300.0000,34.7973
01/08/2025,35.4200,35.9700,35.2600,35.9000,25009000.0000,35.6411
01/10/2025,36.6600,36.9000,35.7400,35.9700,19827300.0000,35.7106
01/13/2025,35.6300,35.6600,35.1000,35.3800,15738500.0000,35.1249
01/14/2025,35.5100,36.4100,35.5100,36.3200,16157700.0000,36.0581
01/15/2025,36.7900,36.9200,36.1900,36.7200,17436900.0000,36.4552
01/16/2025,36.9700,37.1700,36.5800,36.6200,13483600.0000,36.3560
01/17/2025,36.3300,37.0200,36.1200,36.7500,16420400.0000,36.4850
01/21/2025,37.1100,37.9500,37.1100,37.6100,26496400.0000,37.3388
01/22/2025,38.0000,38.0500,37.3100,37.5300,12555800.0000,37.2594
01/23/2025,37.1200,37.5200,36.8400,37.5000,12871700.0000,37.2296
01/24/2025,37.9900,38.1600,37.8400,37.9500,13728000.0000,37.6764
01/27/2025,37.5900,37.5900,36.8500,37.3500,15489400.0000,37.0807
01/28/2025,37.4800,37.7900,37.2100,37.7000,10986700.0000,37.4282
01/29/2025,37.6600,38.2500,37.4500,37.9000,11319800.0000,37.6267
01/30/2025,38.6600,39.7300,38.5700,39.4200,28590100.0000,39.1358
01/31/2025,39.5200,39.6800,38.8000,38.9600,19903100.0000,38.6791
02/03/2025,39.2200,39.9200,38.9800,39.5600,20541800.0000,39.2748
02/04/2025,39.8700,40.1800,39.6700,40.0300,12813100.0000,39.7414
02/05/2025,40.3700,41.5300,40.3500,41.0400,25371500.0000,40.7441
02/06/2025,41.0700,41.1600,40.6700,41.1300,12224900.0000,40.8334
02/07/2025,41.5100,41.7500,40.8500,40.8600,19136200.0000,40.5654
02/10/2025,41.9500,42.2100,41.8000,41.9600,25509400.0000,41.6575
02/11/2025,41.7200,41.9000,41.3900,41.4400,15264200.0000,41.1412
02/12/2025,41.3600,42.4800,41.1000,42.1300,21179300.0000,41.8262
02/13/2025,42.2600,42.5900,41.7200,42.5100,17219600.0000,42.2035
02/14/2025,42.6000,42.6600,41.0000,41.0800,26322400.0000,40.7838
02/18/2025,41.6400,41.7200,41.1400,41.5400,21365800.0000,41.2405
02/19/2025,41.3500,41.7000,41.1100,41.5400,12767300.0000,41.2405
02/20/2025,41.7100,42.5700,41.6400,42.2400,16326300.0000,41.9354
02/21/2025,42.0200,42.0300,40.7500,40.8000,31767300.0000,40.5058
02/24/2025,41.1700,41.1700,40.3300,40.9700,12704000.0000,40.6746
02/25/2025,40.6600,40.7900,39.5300,40.3800,20002900.0000,40.0888
02/26/2025,39.8100,41.1100,39.7300,40.8600,12880600.0000,40.5654
02/27/2025,40.2000,40.4600,39.4200,39.4600,21976300.0000,39.1755
02/28/2025,38.8600,39.7300,38.5800,39.7200,15602200.0000,39.4336
03/03/2025,40.3900,40.8600,39.5100,39.7100,16743500.0000,39.4237
03/04/2025,40.4500,40.7600,39.4900,40.2800,18770600.0000,39.9896
03/05/2025,40.2000,41.7200,40.1900,41.7000,18539800.0000,41.3993
03/06/2025,41.3700,41.9400,41.0600,41.3600,16373000.0000,41.0618
03/07/2025,41.4200,42.3100,40.9200,41.6400,17132100.0000,41.3398
03/10/2025,41.3800,41.6000,40.2000,40.5100,20333800.0000,40.2179
03/11/2025,40.9000,42.0400,40.8500,41.8400,22449300.0000,41.5383
03/12/2025,41.4600,42.1100,41.2200,41.9000,17152200.0000,41.5979
03/13/2025,42.1800,43.5400,42.0700,43.2100,30784900.0000,42.8984
03/14/2025,43.7800,43.8700,43.2100,43.6400,23488100.0000,43.3253
03/17/2025,43.8600,44.6300,43.7700,44.5700,18558800.0000,44.2486
03/18/2025,45.4400,45.6500,44.6900,44.8500,21782900.0000,44.5266
03/19/2025,44.8700,45.2800,44.5400,45.2300,17130700.0000,44.9039
03/20/2025,44.6500,45.3400,44.3800,45.1600,10082900.0000,44.8344
03/21/2025,44.5400,44.6300,43.8400,44.5000,18163600.0000,44.1791
03/24/2025,44.5600,44.7600,44.1900,44.2500,14465100.0000,43.9309
03/25/2025,44.8700,45.6200,44.8600,45.0200,16156900.0000,44.6954
03/26/2025,45.2200,45.2900,44.5600,44.6700,10123300.0000,44.3479
03/27/2025,45.2200,45.9000,44.9200,45.7600,16699400.0000,45.4300
03/28/2025,46.1000,46.9400,45.4400,45.5700,21557400.0000,45.2414
03/31/2025,46.0000,46.1000,44.5000,45.9700,22217500.0000,45.6385
04/01/2025,45.9300,46.2600,45.3400,45.8000,17174800.0000,45.4698
04/02/2025,45.7700,46.0100,45.1200,45.7600,15903800.0000,45.4300
04/03/2025,43.8600,46.7100,43.5300,45.7200,30543000.0000,45.3903
04/04/2025,44.4800,44.5700,41.4600,41.6800,59893500.0000,41.3795
04/07/2025,40.7100,43.7000,40.2600,41.4500,33751700.0000,41.1511
04/08/2025,43.2700,43.5300,41.1800,41.5000,22508400.0000,41.2008
04/09/2025,43.2700,45.3300,42.7700,44.9900,47895600.0000,44.6656
04/10/2025,45.2700,47.6600,45.1600,47.1700,36181600.0000,46.8299
04/11/2025,48.8700,50.1500,48.8600,49.7000,40991500.0000,49.3416
04/14/2025,48.9500,50.2000,48.4200,50.0200,20729500.0000,49.6593
04/15/2025,50.4700,50.7400,49.9000,50.5300,14842000.0000,50.1657
04/16/2025,52.3100,52.8100,51.2900,51.9100,36630500.0000,51.5357
04/17/2025,51.5100,51.6000,50.3700,50.9200,25661200.0000,50.5528
04/21/2025,52.6600,53.2500,50.9500,51.6600,36299300.0000,51.2875
04/22/2025,51.9000,51.9500,50.0200,50.2300,38019600.0000,49.8678
04/23/2025,47.9300,49.1800,47.7700,48.7300,38934600.0000,48.3786
04/24/2025,49.6100,49.8200,48.8000,49.7600,22803300.0000,49.4012
04/25/2025,48.2200,48.9000,48.0800,48.8100,19299600.0000,48.4581
04/28/2025,48.5400,49.4300,48.3100,49.4300,15128300.0000,49.0736
04/29/2025,48.7800,49.2100,48.4000,48.4800,13110200.0000,48.1304
04/30/2025,48.0000,49.0300,47.9900,49.0100,15832300.0000,48.6566
05/01/2025,47.5500,47.6400,46.8900,47.2000,27130000.0000,46.8597
05/02/2025,47.8500,48.1100,46.7300,47.0800,14244100.0000,46.7405
05/05/2025,48.8700,48.9000,48.0500,48.7200,20923200.0000,48.3687
05/06/2025,49.9100,50.8300,49.3700,50.7900,31155000.0000,50.4238
05/07/2025,49.5400,50.2800,49.2900,49.8200,22412000.0000,49.4608
05/08/2025,49.8500,50.0500,48.7200,48.8800,20400400.0000,48.5276
05/09/2025,49.6200,50.4700,49.1100,50.3700,20695300.0000,50.0068
05/12/2025,48.0600,48.0800,46.3500,46.6200,42761600.0000,46.2839
05/13/2025,46.7200,46.7500,46.1600,46.5400,22356300.0000,46.2044
05/14/2025,45.5100,45.6600,45.1000,45.5500,26797000.0000,45.2216
05/15/2025,46.0500,46.6000,45.6100,46.4900,23456700.0000,46.1548
05/16/2025,45.4100,46.3500,45.2500,46.3300,17272000.0000,45.9959
05/19/2025,47.1000,47.4000,46.6500,47.3400,19577600.0000,46.9987
05/20/2025,47.4300,48.8200,47.2600,48.8100,26942300.0000,48.4581
05/21/2025,49.0800,49.7000,48.9700,49.4400,23175400.0000,49.0835
05/22/2025,49.2800,49.5700,48.7000,49.1800,16934800.0000,48.8254
05/23/2025,50.3500,50.7900,49.7500,50.5300,24171600.0000,50.1657
05/27/2025,49.4100,50.3100,49.3400,49.7700,20431100.0000,49.4111
05/28/2025,49.9200,50.3600,49.7800,50.3500,13211000.0000,49.9870
05/29/2025,50.5900,50.8400,49.9400,50.2800,11852300.0000,49.9175
05/30/2025,49.8500,50.7200,49.7200,50.6500,16795500.0000,50.2848
06/02/2025,51.7200,53.8300,51.6600,53.7700,39386800.0000,53.3823
06/03/2025,52.8600,53.0900,52.3700,53.0900,24482500.0000,52.7072
06/04/2025,53.2600,53.5000,52.8700,53.2100,18924400.0000,52.8263
06/05/2025,53.7500,54.6200,52.8100,53.1500,28630300.0000,52.7668
06/06/2025,53.0900,53.0900,51.4700,51.6200,31562000.0000,51.2478
06/09/2025,51.6700,52.3200,51.4100,52.1300,15247300.0000,51.7541
06/10/2025,52.4300,52.6000,51.1200,51.4300,17301700.0000,51.0592
06/11/2025,51.5100,51.9400,51.2900,51.9400,13531000.0000,51.5655
06/12/2025,52.8000,53.7600,52.7200,53.5300,25699500.0000,53.1440
06/13/2025,54.3400,54.7000,53.8500,54.4600,22541400.0000,54.0673
06/16/2025,53.7000,54.1500,53.5000,53.5500,18475000.0000,53.1639
06/17/2025,53.7900,54.0100,53.0600,53.5100,13406500.0000,53.1242
06/18/2025,53.3500,53.7000,52.9000,53.0000,14897000.0000,52.6179
06/20/2025,52.6900,53.4300,52.2600,52.2900,18722300.0000,51.9130
06/23/2025,52.5200,53.7400,52.2700,53.1100,21458300.0000,52.7271
06/24/2025,51.5400,52.1300,50.7000,51.8600,22159900.0000,51.4861
06/25/2025,51.5900,52.1600,51.4500,51.9200,12728900.0000,51.5456
06/26/2025,51.7600,52.6200,51.7600,52.6200,14874300.0000,52.2406
06/27/2025,50.9200,51.1200,50.3200,50.7300,32657400.0000,50.3642
06/30/2025,50.9300,52.0700,50.7500,52.0600,19782700.0000,51.6846
07/01/2025,53.0100,53.0500,51.9600,52.0400,19063300.0000,51.6648
07/02/2025,52.3300,52.7600,51.8400,52.6600,13096100.0000,52.2803
07/03/2025,52.1900,52.9200,52.1500,52.9100,11610900.0000,52.5285
07/07/2025,51.9300,53.2100,51.3200,53.1700,22030200.0000,52.7866
07/08/2025,52.9400,52.9500,50.3500,50.7900,37415300.0000,50.4238
07/09/2025,50.8500,51.6600,50.5600,51.5000,19712100.0000,51.1287
07/10/2025,51.6800,51.9000,50.9800,51.9000,13666200.0000,51.5258
07/11/2025,52.3200,52.5900,51.9100,52.4200,19044800.0000,52.0420
07/14/2025,52.4200,53.3000,52.3800,52.4500,13297300.0000,52.0718
07/15/2025,52.4600,52.6000,50.7800,51.6200,20154900.0000,51.2478
07/16/2025,51.7100,52.3700,50.9700,51.8200,16545300.0000,51.4464
07/17/2025,51.0600,51.4200,50.4500,51.2400,17442300.0000,50.8705
07/18/2025,51.6900,51.7900,51.1200,51.1300,12887800.0000,50.7613
07/21/2025,51.9400,53.3500,51.9300,53.0200,22674100.0000,52.6377
07/22/2025,53.6400,54.7800,53.2200,54.4800,23906900.0000,54.0872
07/23/2025,54.1700,54.5700,53.6200,53.8400,22084600.0000,53.4518
07/24/2025,53.0500,53.8000,52.5300,53.3300,12142200.0000,52.9455
07/25/2025,52.9200,53.9800,52.8500,53.9600,25492200.0000,53.5709
07/28/2025,53.1500,53.3400,52.1400,52.5900,20458100.0000,52.2108
07/29/2025,52.7600,53.3600,52.5200,53.2500,13473500.0000,52.8660
07/30/2025,52.5500,52.9500,51.5200,51.7800,21662100.0000,51.4066
07/31/2025,52.0200,52.3200,51.3700,51.6400,16429400.0000,51.2677
08/01/2025,52.7400,53.0600,51.9400,52.4500,20409400.0000,52.0718
08/04/2025,53.1700,55.0500,53.1600,54.9400,27343200.0000,54.5439
08/05/2025,54.6100,56.6600,54.5700,56.4600,32074400.0000,56.0529
08/06/2025,56.4900,57.3900,56.4800,57.3900,16684000.0000,56.9762
08/07/2025,57.9100,58.4800,57.6100,57.9400,22573200.0000,57.5222
08/08/2025,58.4300,58.8100,57.8400,58.0600,18210700.0000,57.6414
08/11/2025,56.5900,58.0000,56.3400,57.6900,17523500.0000,57.2740
08/12/2025,57.8300,58.2300,57.3700,58.2100,11586200.0000,57.7903
08/13/2025,58.6600,58.7700,57.8700,58.0700,10707200.0000,57.6513
08/14/2025,57.6500,58.5300,57.4200,57.7000,11226900.0000,57.2840
08/15/2025,57.8000,58.5600,57.3400,58.2800,13540600.0000,57.8598
08/18/2025,58.2000,58.4200,57.7000,58.1000,8505900.0000,57.6811
08/19/2025,57.8400,58.0400,56.5900,56.6000,15274300.0000,56.1919
08/20/2025,57.2500,58.3300,57.1900,58.3200,15489900.0000,57.8995
08/21/2025,58.1700,59.6900,58.1100,59.2900,17900200.0000,58.8625
08/22/2025,58.7900,60.6800,58.3800,60.1800,19540500.0000,59.7461
08/25/2025,60.3900,60.7900,60.1700,60.2600,8388400.0000,59.8255
08/26/2025,60.5600,61.6000,60.4400,61.6000,17598200.0000,61.1558
08/27/2025,61.0500,61.4800,60.4700,61.4800,10691600.0000,61.0367
08/28/2025,61.4000,61.6200,60.7000,61.3300,15854800.0000,60.8878
08/29/2025,61.2100,63.2300,61.2100,63.1700,19954400.0000,62.7145
09/02/2025,64.3900,65.0700,63.2000,64.8000,41939600.0000,64.3328
09/03/2025,65.4800,65.8300,64.7100,65.2000,25768700.0000,64.7299
09/04/2025,64.3600,64.9400,63.8900,64.5700,24753700.0000,64.1044
09/05/2025,66.0100,66.8700,65.1600,66.3400,31720200.0000,65.8617
09/08/2025,67.2300,67.4100,66.4900,67.2400,24932700.0000,66.7552
09/09/2025,67.6500,67.9400,66.6700,66.8500,24430000.0000,66.3680
09/10/2025,67.4700,68.5900,67.4600,68.5000,18297300.0000,68.0061
09/11/2025,68.2400,69.7600,68.0800,69.7600,18762100.0000,69.2570
09/12/2025,69.9600,70.1100,69.2400,69.7500,13891100.0000,69.2471
09/15/2025,69.3000,70.7600,69.1500,70.4800,16298200.0000,69.9718
09/16/2025,70.5700,70.6400,68.6300,69.0200,22742300.0000,68.5223
09/17/2025,68.2400,69.9300,67.7700,68.6600,28270300.0000,68.1649
09/18/2025,68.1500,68.8000,67.2600,68.7900,21638900.0000,68.2940
09/19/2025,68.9200,72.5300,68.8900,72.3600,36429000.0000,71.8383
09/22/2025,73.7700,74.3700,72.8400,74.3300,30822600.0000,73.7941
09/23/2025,74.8800,75.2800,73.8800,74.2300,23168400.0000,73.6948
09/24/2025,73.9600,74.4500,72.2700,72.3200,27972000.0000,71.7985
09/25/2025,72.3100,73.2000,72.0100,73.1300,23268600.0000,72.6027
09/26/2025,73.6800,74.9300,73.2400,74.6800,21411900.0000,74.1415
09/29/2025,76.5800,76.8700,75.3600,75.7200,24062700.0000,75.1740
09/30/2025,74.9700,77.1800,74.7400,76.4000,21221700.0000,75.8491
10/01/2025,77.1100,77.9600,76.5900,77.1300,22633000.0000,76.5739
10/02/2025,78.2900,78.3200,74.1000,77.1000,41791200.0000,76.5441
10/03/2025,77.3200,77.7600,76.5300,77.0800,15113300.0000,76.5242
10/06/2025,78.0600,79.4900,77.7900,78.6100,26286300.0000,78.0432
10/07/2025,78.6600,78.6900,76.6900,76.9700,21615600.0000,76.4150
10/08/2025,78.6800,79.1500,77.5900,79.1500,25676100.0000,78.5793
10/09/2025,79.1900,79.3300,74.5800,75.6100,40970500.0000,75.0648
10/10/2025,75.8600,76.6200,75.0800,75.7800,24817200.0000,75.2336
10/13/2025,78.0800,79.4600,77.9600,79.3700,26089500.0000,78.7977
10/14/2025,78.0300,79.4000,77.6100,78.4500,20129200.0000,77.8843
10/15/2025,79.5100,81.7400,79.2400,81.4700,31551700.0000,80.8826
10/16/2025,82.4600,85.0900,81.7200,84.4400,39781800.0000,83.8312
10/17/2025,82.1700,82.4200,77.1800,78.7300,70598800.0000,78.1623
10/20/2025,80.1800,81.0200,79.0100,80.3600,29436000.0000,79.7806
10/21/2025,74.5800,74.9900,72.1300,72.7900,71270200.0000,72.2652
10/22/2025,70.4800,73.3200,70.2800,72.9500,47998500.0000,72.4240
10/23/2025,74.5200,74.6800,73.5900,73.7900,25689000.0000,73.2579
10/24/2025,72.5000,74.0100,72.1500,72.8000,24477100.0000,72.2751
10/27/2025,70.1500,71.3800,68.1300,69.9100,50661700.0000,69.4059
10/28/2025,68.6400,71.2400,68.4200,71.0200,28611800.0000,70.5079
10/29/2025,72.9000,73.0000,70.7000,71.0700,33614500.0000,70.5576
10/30/2025,70.9200,73.0600,70.5100,72.9000,25166200.0000,72.3744
10/31/2025,72.9100,72.9200,71.1500,72.0600,20882300.0000,71.5404
11/03/2025,71.7200,72.4400,70.7300,71.3000,15630000.0000,70.7859
11/04/2025,69.3400,69.6300,68.2000,68.2800,28765500.0000,67.7877
11/05/2025,69.9100,70.8900,69.4800,70.6700,24340100.0000,70.1604
11/06/2025,71.2700,72.7100,70.7000,70.7600,22007600.0000,70.2498
11/07/2025,71.4800,72.5500,70.4800,72.5500,20421900.0000,72.0269
11/10/2025,75.2400,76.4700,74.6200,75.9800,30851200.0000,75.4322
11/11/2025,76.5400,76.8200,74.9500,76.7100,17170100.0000,76.1569
11/12/2025,76.7500,79.9700,76.3000,79.2500,33319500.0000,78.6786
11/13/2025,79.4900,79.7400,76.4200,77.0500,30345900.0000,76.4944
11/14/2025,73.5400,76.9100,73.2500,76.1600,28841200.0000,75.6109
11/17/2025,75.6500,76.9700,74.2000,74.9500,25837000.0000,74.4096
11/18/2025,75.6100,76.4700,74.3800,75.6300,24323800.0000,75.0847
11/19/2025,76.9500,78.1800,75.5200,76.3900,21959400.0000,75.8392
11/20/2025,76.7400,77.7400,72.9400,72.9700,34685000.0000,72.4439
11/21/2025,73.0200,74.6600,72.4500,73.6500,25694900.0000,73.1190
11/24/2025,74.1500,78.0000,74.0700,77.9600,24487400.0000,77.3979
11/25/2025,77.3100,78.5400,76.8600,77.8000,14938400.0000,77.2390
11/26/2025,78.6500,81.8300,78.5500,81.5500,27375300.0000,80.9620
11/28/2025,82.2600,83.2800,81.7700,83.2300,15906800.0000,82.6299
12/01/2025,83.9500,84.0300,82.1200,82.8200,20533900.0000,82.2228
12/02/2025,82.4700,82.9600,79.3000,81.6100,25468400.0000,81.0216
12/03/2025,82.1300,82.9200,80.9400,81.0600,17556100.0000,80.4755
12/04/2025,80.3400,81.4900,80.0300,81.3900,12264600.0000,80.8031
12/05/2025,82.0000,83.7600,80.7200,81.0300,17559200.0000,80.4457
12/08/2025,81.0200,81.2500,79.0700,79.1600,18977000.0000,78.5892
12/09/2025,79.3000,82.0700,79.2900,81.9400,19287000.0000,81.3492
12/10/2025,81.5500,83.9400,80.5300,83.3200,22917900.0000,82.7192
12/11/2025,83.2000,87.4500,83.1200,86.2600,29997000.0000,85.6380
12/12/2025,88.5000,88.5000,84.2400,85.6600,26735900.0000,85.0424
12/15/2025,86.5100,86.7500,83.7200,84.8500,21774900.0000,84.2382
12/16/2025,85.1600,86.3000,83.7500,84.8300,14848800.0000,84.2183
12/17/2025,86.1100,86.6200,84.6200,85.8300,17984700.0000,85.2111
12/18/2025,85.3300,87.2000,84.8400,85.6700,18771500.0000,85.0523
12/19/2025,85.5800,88.6900,85.5600,87.7900,24699800.0000,87.1570
12/22/2025,89.6600,91.0500,89.0700,90.1800,24707400.0000,90.1800
12/23/2025,90.3500,90.4800,88.6900,90.2700,18969200.0000,90.2700
12/24/2025,89.8000,90.2700,88.2700,89.7000,14136200.0000,89.7000
12/26/2025,90.9300,91.6700,89.6100,91.2900,24708900.0000,91.2900
12/29/2025,86.9300,87.4700,84.8900,85.8500,39910100.0000,85.8500
12/30/2025,88.0500,88.4000,86.5600,86.8400,19494800.0000,86.8400
12/31/2025,86.4500,87.7300,85.6600,85.7700,13174500.0000,85.7700
01/02/2026,87.1200,87.2100,83.2300,85.7300,24032300.0000,85.7300
01/05/2026,87.7800,90.6600,87.2800,88.4500,25195000.0000,88.4500
01/06/2026,89.2700,92.2100,89.0700,92.1400,23581700.0000,92.1400
01/07/2026,89.4600,91.1300,88.0900,91.0600,18414900.0000,91.0600
01/08/2026,89.1100,91.5600,88.7900,91.5400,17535800.0000,91.5400
01/09/2026,91.8100,93.1700,91.2300,92.5600,18108500.0000,92.5600
01/12/2026,95.1900,96.9800,95.0700,95.7200,27296500.0000,95.7200
01/13/2026,97.0300,97.9700,96.2400,96.4700,19578600.0000,96.4700
01/14/2026,98.4100,98.4200,95.3700,96.8600,22672600.0000,96.8600
01/15/2026,96.0900,97.8300,95.3200,97.1100,13979500.0000,97.1100
01/16/2026,96.2800,97.3400,94.4400,97.2400,19587300.0000,97.2400
01/20/2026,101.5300,103.0200,100.9000,102.7800,33061000.0000,102.7800
01/21/2026,104.9000,105.3300,100.5600,101.2900,34861200.0000,101.2900
01/22/2026,101.1400,105.8400,101.0500,105.1700,30396700.0000,105.1700
01/23/2026,105.5300,107.6200,104.8500,107.0200,19623000.0000,107.0200
01/26/2026,110.6900,112.5400,107.4500,107.4800,38883300.0000,107.4800
01/27/2026,107.9200,109.3800,103.8800,109.2900,30779100.0000,109.2900
01/28/2026,110.3800,112.2400,109.0100,112.1600,31375500.0000,112.1600
01/29/2026,113.2900,113.5000,104.6500,107.9800,66962400.0000,107.9800
01/30/2026,98.9100,101.8800,93.1200,94.2000,102904800.0000,94.2000
02/02/2026,93.9700,96.8700,92.0000,94.1900,35455600.0000,94.1900
02/03/2026,99.7900,99.9900,95.6600,98.2200,43633800.0000,98.2200
02/04/2026,101.0100,101.1200,94.9400,98.7000,30256800.0000,98.7000
02/05/2026,94.5400,97.2000,92.2800,92.4400,39586600.0000,92.4400
02/06/2026,95.1300,97.9300,94.9800,97.3900,24807700.0000,97.3900
02/09/2026,98.5500,103.0900,98.5100,102.8900,27057100.0000,102.8900
02/10/2026,102.2700,103.8000,101.8500,103.0100,15407600.0000,103.0100
02/11/2026,105.4900,106.4700,102.4900,105.9700,22624300.0000,105.9700
02/12/2026,104.8200,105.7900,98.1300,98.2800,43435500.0000,98.2800
02/13/2026,100.9200,104.1400,99.5300,103.9400,31928300.0000,103.9400
02/17/2026,99.8600,101.1900,97.4100,100.2500,26743000.0000,100.2500
02/18/2026,101.8200,103.6900,101.2900,102.5600,18924100.0000,102.5600
02/19/2026,102.0100,104.3000,101.1100,104.2400,18466500.0000,104.2400
02/20/2026,104.3300,106.3900,102.0300,106.2600,23441000.0000,106.2600
02/23/2026,107.7800,110.5400,107.6200,110.2900,26609300.0000,110.2900
02/24/2026,107.0000,111.5000,106.4700,110.7000,15635700.0000,110.7000
02/25/2026,112.1800,113.1600,110.8700,111.1600,14632600.0000,111.1600
02/26/2026,110.4000,114.1000,109.1300,113.8900,18622900.0000,113.8900
02/27/2026,115.1900,115.9900,114.3200,115.8400,18646800.0000,115.8400
03/02/2026,116.4600,117.1800,111.3600,115.3400,27137300.0000,115.3400
03/03/2026,107.4900,107.9900,102.5400,105.2400,66618000.0000,105.2400
03/04/2026,108.1600,108.2600,104.3100,105.8800,20502900.0000,105.8800
03/05/2026,104.2000,104.2000,99.5300,101.8200,34024100.0000,101.8200
03/06/2026,99.2500,102.5000,98.2800,101.3800,25723000.0000,101.3800
03/09/2026,98.6400,102.5700,95.9600,102.4400,24687000.0000,102.4400
03/10/2026,104.0600,105.7400,103.1000,103.3700,21592200.0000,103.3700
03/11/2026,102.0500,102.1600,99.1400,101.3600,19278300.0000,101.3600
03/12/2026,101.0400,101.1100,98.4100,99.3000,20604300.0000,99.3000
03/13/2026,98.4100,98.4100,92.8900,93.2600,35725200.0000,93.2600
03/16/2026,93.3500,95.8600,92.3500,94.3800,21719600.0000,94.3800
03/17/2026,94.7700,96.1300,93.3100,93.9600,14897800.0000,93.9600
03/18/2026,89.9900,90.3500,87.7300,88.1100,41331300.0000,88.1100
03/19/2026,80.8600,83.3900,79.9600,82.9000,63111300.0000,82.9000
03/20/2026,83.3200,83.3900,78.7400,80.1200,40023300.0000,80.1200
03/23/2026,81.3600,84.9700,81.1200,83.3800,62217700.0000,83.3800
03/24/2026,81.9100,84.1200,80.7800,83.5000,23529700.0000,83.5000
03/25/2026,87.5200,88.0700,85.5000,86.3200,33509100.0000,86.3200
03/26/2026,83.4700,86.5300,82.2700,82.3900,41416000.0000,82.3900
03/27/2026,82.7900,86.9200,82.3900,85.7900,35300800.0000,85.7900
03/30/2026,87.3900,88.4100,84.7300,85.7900,24114400.0000,85.7900
03/31/2026,88.0500,91.7800,87.8800,91.7700,36516300.0000,91.7700
04/01/2026,94.7100,97.7100,93.4800,96.0100,42051300.0000,96.0100
04/02/2026,90.1600,95.8500,89.9900,94.5900,22726700.0000,94.5900
04/06/2026,94.2600,95.2800,93.4100,93.8200,11572800.0000,93.8200
04/07/2026,93.6900,95.2300,91.4400,94.9700,13596700.0000,94.9700
04/08/2026,100.8800,101.3700,96.6300,98.1800,26188600.0000,98.1800
04/09/2026,98.3500,99.9300,97.0000,98.3500,14310500.0000,98.3500
04/10/2026,98.9800,100.2200,98.7900,99.3900,17803500.0000,99.3900
04/13/2026,98.0100,99.2300,97.3500,98.7800,12446100.0000,98.7800
04/14/2026,100.0500,101.5700,99.4200,100.7500,15841100.0000,100.7500
04/15/2026,99.9200,100.4300,97.6800,97.7700,16644600.0000,97.7700
04/16/2026,98.2100,99.1000,97.3500,97.6600,13842000.0000,97.6600
04/17/2026,99.7500,102.3900,99.3900,100.3400,21381400.0000,100.3400
04/20/2026,99.4600,99.5500,98.1000,99.1300,11898000.0000,99.1300
04/21/2026,97.8900,98.4800,92.6900,92.9900,31531500.0000,92.9900
04/22/2026,95.0400,95.7600,94.0400,94.4800,14371300.0000,94.4800
04/23/2026,93.3300,94.0000,90.2000,92.1900,27735600.0000,92.1900
04/24/2026,93.1500,94.5100,92.2200,94.3400,16967400.0000,94.3400
04/27/2026,93.4200,93.4700,92.1200,92.5900,12010100.0000,92.5900
04/28/2026,90.1400,90.6300,88.1100,88.5400,25303500.0000,88.5400
04/29/2026,87.1100,87.6500,85.9300,86.2200,20765700.0000,86.2200
04/30/2026,88.9000,89.4400,87.4200,88.2900,23142400.0000,88.2900
05/01/2026,87.7100,89.0700,87.0000,87.1100,12337300.0000,87.1100
05/04/2026,86.1400,87.3500,85.4600,85.6500,15612800.0000,85.6500
05/05/2026,87.2800,87.7000,85.7200,85.8100,11557600.0000,85.8100
05/06/2026,90.5100,93.0800,90.4400,92.4400,35115100.0000,92.4400
05/07/2026,94.8000,96.1100,91.6300,91.7200,26825800.0000,91.7200
05/08/2026,93.1300,95.3000,92.7500,94.5900,19426900.0000,94.5900
05/11/2026,95.3400,98.7400,95.2900,97.6000,24402800.0000,97.6000
05/12/2026,95.6000,97.5600,92.8500,97.1400,22283200.0000,97.1400
05/13/2026,96.0900,97.2000,94.6400,96.2300,12254800.0000,96.2300
05/14/2026,95.9000,95.9100,93.5400,93.9500,14371600.0000,93.9500
05/15/2026,89.5000,89.5500,86.8300,87.3500,38654700.0000,87.3500
05/18/2026,88.6500,89.5300,86.3900,87.1400,16998000.0000,87.1400
05/19/2026,85.5500,85.6000,83.3500,83.7800,21922200.0000,83.7800
05/20/2026,84.5800,86.9400,83.6700,86.3600,20430700.0000,86.3600
05/21/2026,84.4600,87.6600,84.1100,85.9900,17092600.0000,85.9900
05/22/2026,85.6100,86.1400,83.9500,85.0200,14638800.0000,85.0200
05/26/2026,87.0400,88.5700,86.9300,88.5000,21638800.0000,88.5000
05/27/2026,85.8400,87.3500,85.3400,85.4400,19392200.0000,85.4400
05/28/2026,84.5300,88.0000,83.3200,87.1800,20959900.0000,87.1800
05/29/2026,87.3800,90.3600,86.6500,89.4900,22277000.0000,89.4900
06/01/2026,86.4500,87.5500,84.3800,86.6800,26022900.0000,86.6800
06/02/2026,87.9300,88.2900,85.9900,88.0500,19269000.0000,88.0500
06/03/2026,86.5100,86.9300,84.9400,85.0000,18139600.0000,85.0000
06/04/2026,86.3600,87.4700,85.6300,86.4000,13420200.0000,86.4000
06/05/2026,83.8000,83.8500,78.7800,78.8400,44792000.0000,78.8400
06/08/2026,79.3600,80.3000,78.4600,78.6700,18567600.0000,78.6700
06/09/2026,79.5000,80.2300,75.0300,77.5900,24897100.0000,77.5900
06/10/2026,74.7900,76.8000,73.6300,73.8100,26414500.0000,73.8100
06/11/2026,73.9900,78.1800,73.7700,77.7200,34820800.0000,77.7200
06/12/2026,78.5400,80.6500,77.7600,80.0300,25560200.0000,80.0300
06/15/2026,85.4200,86.8800,84.7100,85.2700,34324500.0000,85.2700
06/16/2026,86.1500,87.5900,85.6600,87.2400,21635600.0000,87.2400
06/17/2026,87.2000,89.9900,84.2900,84.3600,49821500.0000,84.3600
06/18/2026,84.9100,86.5700,81.4700,82.5100,37180400.0000,82.5100
06/22/2026,80.4200,81.6700,80.1400,81.4400,17354800.0000,81.4400
06/23/2026,77.7800,79.2200,77.2500,77.6600,26808400.0000,77.6600
06/24/2026,74.1900,76.4000,73.7000,74.5900,30515800.0000,74.5900
06/25/2026,76.4900,76.9300,74.5300,75.6700,30958700.0000,75.6700
06/26/2026,76.6600,78.4900,76.1900,77.0000,22781600.0000,77.0000
06/29/2026,76.1300,76.2000,74.5900,75.6800,18075700.0000,75.6800
06/30/2026,75.3900,75.9300,73.8900,75.4500,16874800.0000,75.4500
07/01/2026,75.4300,78.1600,74.9800,75.0700,22382800.0000,75.0700
07/02/2026,77.7100,79.2000,76.7800,78.4300,29963500.0000,78.4300
07/06/2026,79.5200,80.1800,77.5000,78.7400,13977300.0000,78.7400
07/07/2026,78.3500,78.7900,75.1300,75.7600,20562000.0000,75.7600
07/08/2026,74.0900,74.8100,71.8900,73.5300,25642300.0000,73.5300
07/09/2026,75.1500,76.0500,74.3200,75.7800,16240900.0000,75.7800
07/10/2026,75.0900,76.0400,74.5100,75.5300,8140100.0000,75.5300
07/13/2026,74.1000,74.6400,72.8400,73.3700,20251200.0000,73.3700
07/14/2026,76.1000,76.8600,74.4800,74.8800,18329100.0000,74.8800
07/15/2026,74.4400,75.2900,72.6400,74.0000,14705400.0000,74.0000
07/16/2026,72.8800,72.9000,71.0400,71.4000,23823100.0000,71.4000
07/17/2026,70.4000,71.9300,69.7400,71.3200,18182100.0000,71.3200
07/20/2026,71.1400,71.6100,70.5200,70.7400,12353800.0000,70.7400
07/21/2026,72.4400,74.2300,72.1100,74.1900,18735200.0000,74.1900
07/22/2026,75.9200,77.9900,75.9200,76.6800,20428100.0000,76.6800
07/23/2026,74.4400,75.3600,73.8500,75.0200,16371400.0000,75.0200
07/24/2026,75.5000,76.4800,74.6200,75.2300,10693600.0000,75.2300
07/27/2026,76.2100,76.5600,74.2500,75.7300,11384200.0000,75.7300