Date,Open,High,Low,Close,Volume,Adj Close
04/11/2007,104.3500,104.3900,104.3500,104.3500,1900.0000,31.3942
04/12/2007,104.4200,104.4200,104.3500,104.4200,6100.0000,31.4153
04/13/2007,104.3900,104.4900,104.2300,104.2300,3400.0000,31.3581
04/16/2007,104.2700,104.2700,104.1500,104.1900,7600.0000,31.3461
04/17/2007,104.1500,104.4000,104.1400,104.1400,28100.0000,31.3310
04/18/2007,104.1900,104.2700,104.1500,104.1700,6300.0000,31.3400
04/19/2007,104.2000,104.5700,104.0600,104.5300,47500.0000,31.4483
04/20/2007,104.5400,104.5400,104.4500,104.4700,4900.0000,31.4303
04/23/2007,104.5900,104.6600,104.4500,104.5300,1700.0000,31.4483
04/24/2007,104.5900,105.3100,104.4200,105.2500,398500.0000,31.6650
04/25/2007,105.2800,105.4100,105.2800,105.4100,16300.0000,31.7131
04/26/2007,105.4300,105.6000,105.2900,105.6000,48200.0000,31.7702
04/27/2007,105.5100,105.6000,105.5100,105.6000,8300.0000,31.7702
04/30/2007,105.5600,105.6300,105.3300,105.6100,15500.0000,31.7733
05/01/2007,105.2700,105.4300,105.2700,105.3300,8600.0000,31.7772
05/02/2007,105.3500,105.3900,105.2000,105.2900,4700.0000,31.7651
05/03/2007,105.3700,105.4800,105.2000,105.3000,17200.0000,31.7681
05/04/2007,105.3500,105.4400,105.2100,105.4300,4600.0000,31.8074
05/07/2007,105.3200,105.4200,105.3000,105.4200,4200.0000,31.8043
05/08/2007,105.5400,105.5500,105.4500,105.5000,16100.0000,31.8285
05/09/2007,105.5900,105.6000,105.1600,105.2200,9400.0000,31.7440
05/10/2007,105.7000,105.8100,105.5100,105.6000,17400.0000,31.8586
05/11/2007,105.6400,105.7800,105.5600,105.6600,12200.0000,31.8767
05/14/2007,105.6900,105.7000,105.5500,105.6500,11600.0000,31.8737
05/15/2007,105.7000,105.9300,105.5700,105.5700,39400.0000,31.8496
05/16/2007,105.8300,105.8600,105.8200,105.8500,78100.0000,31.9340
05/17/2007,105.8900,105.9300,105.6900,105.8200,14500.0000,31.9250
05/18/2007,105.9500,105.9500,105.8500,105.8500,5200.0000,31.9340
05/21/2007,105.9400,105.9600,105.8500,105.9500,14600.0000,31.9642
05/22/2007,106.0800,106.0900,105.7300,105.9600,10200.0000,31.9672
05/23/2007,105.9200,106.1100,105.7000,105.8800,22500.0000,31.9431
05/24/2007,106.0400,106.0400,105.8500,105.9100,17100.0000,31.9521
05/25/2007,105.9700,106.4700,105.8000,106.0600,7400.0000,31.9974
05/29/2007,105.7000,105.7200,105.5800,105.6400,4900.0000,31.8707
05/30/2007,105.8700,105.9400,105.7500,105.8800,4300.0000,31.9431
05/31/2007,105.8900,105.8900,105.6500,105.7100,6200.0000,31.8918
06/01/2007,105.1100,105.1300,104.9500,105.1100,13500.0000,31.8876
06/04/2007,105.2000,105.2200,105.0200,105.2000,21800.0000,31.9149
06/05/2007,105.2100,105.2100,105.0500,105.0500,4500.0000,31.8694
06/06/2007,105.0000,105.0600,104.8800,104.9200,74600.0000,31.8300
06/07/2007,104.7400,104.7400,104.2000,104.4300,12100.0000,31.6813
06/08/2007,104.2100,104.2700,103.9200,104.1500,17800.0000,31.5963
06/11/2007,103.9000,104.0700,103.6000,103.9300,2900.0000,31.5296
06/12/2007,103.7700,103.7800,103.0700,103.4000,67300.0000,31.3688
06/13/2007,103.6300,103.8100,102.8700,103.5800,24600.0000,31.4234
06/14/2007,103.3400,103.6600,103.1600,103.6600,18200.0000,31.4477
06/15/2007,103.5000,103.6800,103.5000,103.6400,13500.0000,31.4416
06/18/2007,103.9100,103.9100,103.4000,103.7000,14600.0000,31.4598
06/19/2007,103.8400,103.8400,103.3600,103.8300,19600.0000,31.4993
06/20/2007,103.8400,103.8400,102.9100,102.9100,16900.0000,31.2201
06/21/2007,103.0000,103.4300,103.0000,103.1000,13900.0000,31.2778
06/22/2007,103.2200,103.3600,102.8400,103.3000,27800.0000,31.3385
06/25/2007,103.3000,103.3400,102.6500,102.7000,29000.0000,31.1564
06/26/2007,102.9400,103.1900,102.7000,103.0000,43600.0000,31.2474
06/27/2007,102.7900,102.8000,102.4800,102.6400,6800.0000,31.1383
06/28/2007,102.5500,102.6400,101.9300,102.1000,9500.0000,30.9744
06/29/2007,102.1000,102.5000,101.8100,101.8100,14600.0000,30.8865
07/02/2007,101.7000,102.2700,101.4000,102.0000,19600.0000,31.1285
07/03/2007,101.9000,101.9000,101.6000,101.8100,11700.0000,31.0705
07/05/2007,101.8500,101.8600,100.9800,101.4400,14600.0000,30.9576
07/06/2007,101.4300,101.7900,101.1100,101.5500,8200.0000,30.9911
07/09/2007,101.4300,101.9800,101.3900,101.8600,8400.0000,31.0857
07/10/2007,101.4800,101.7500,101.0000,101.5900,19700.0000,31.0033
07/11/2007,101.6200,101.6300,100.5600,100.8300,17200.0000,30.7714
07/12/2007,101.0000,101.1300,100.7100,101.1300,8300.0000,30.8630
07/13/2007,101.3000,101.5600,101.0000,101.5500,5200.0000,30.9911
07/16/2007,101.3700,101.8100,101.2600,101.5900,17100.0000,31.0033
07/17/2007,101.7000,101.7100,101.2200,101.7100,10600.0000,31.0399
07/18/2007,101.6700,101.6700,100.8000,100.9500,15600.0000,30.8080
07/19/2007,101.0300,101.0600,101.0300,101.0600,6400.0000,30.8416
07/20/2007,100.9800,101.3200,100.5900,100.8000,18600.0000,30.7623
07/23/2007,100.7000,100.7100,100.5000,100.5800,9000.0000,30.6951
07/24/2007,100.5000,100.5100,99.8600,100.0000,44900.0000,30.5181
07/25/2007,99.9000,99.9000,98.6800,99.0500,28100.0000,30.2282
07/26/2007,98.5000,99.5000,96.3900,97.6500,43200.0000,29.8009
07/27/2007,97.0000,97.0000,95.4900,96.0200,44600.0000,29.3035
07/30/2007,96.9900,97.0200,96.3500,96.9500,24600.0000,29.5873
07/31/2007,97.0000,98.2000,97.0000,97.2800,34000.0000,29.6880
08/01/2007,96.8400,96.8400,95.2600,96.4500,33500.0000,29.6266
08/02/2007,96.9900,97.3300,96.9900,97.0000,28800.0000,29.7955
08/03/2007,97.3500,97.3500,96.3800,97.0000,20100.0000,29.7955
08/06/2007,98.7500,98.7500,96.0500,96.7900,30400.0000,29.7310
08/07/2007,99.2500,99.2500,96.8000,97.4800,68800.0000,29.9429
08/08/2007,99.0000,100.5000,98.0000,98.6300,30300.0000,30.2962
08/09/2007,98.6200,98.9200,98.0100,98.5300,12800.0000,30.2655
08/10/2007,98.2000,98.3700,97.7500,98.3300,18800.0000,30.2040
08/13/2007,99.0200,99.0500,98.4000,99.0500,21300.0000,30.4252
08/14/2007,99.3200,99.3200,98.1700,98.2800,12400.0000,30.1887
08/15/2007,98.3500,99.0400,98.2800,98.8300,9100.0000,30.3576
08/16/2007,100.0000,100.0000,97.9800,98.7000,15300.0000,30.3177
08/17/2007,99.0000,100.0000,98.6000,99.7000,30000.0000,30.6249
08/20/2007,100.0000,100.0000,98.7500,98.7500,49300.0000,30.3331
08/21/2007,99.2500,99.8500,98.0600,98.2400,33700.0000,30.1764
08/22/2007,98.6000,99.2000,98.1000,99.0000,52700.0000,30.4099
08/23/2007,99.1700,99.8000,99.0000,99.6000,59400.0000,30.5941
08/24/2007,99.7000,99.8500,99.1600,99.8500,11600.0000,30.6709
08/27/2007,100.0000,100.5000,99.9000,100.5000,11800.0000,30.8706
08/28/2007,100.5000,100.9000,100.0000,100.1500,55800.0000,30.7631
08/29/2007,100.0000,100.9000,99.6700,100.5500,18300.0000,30.8860
08/30/2007,100.7400,101.0400,100.2200,100.7600,42900.0000,30.9505
08/31/2007,101.4800,101.6800,101.0100,101.6700,11300.0000,31.2300
09/04/2007,101.9700,101.9700,101.0000,101.7500,13500.0000,31.4473
09/05/2007,101.6500,101.8800,101.2300,101.7900,14400.0000,31.4596
09/06/2007,101.4900,101.7400,101.4900,101.7300,16400.0000,31.4411
09/07/2007,101.9000,101.9000,100.4500,100.5700,50700.0000,31.0826
09/10/2007,101.5000,101.5000,100.6100,101.0000,10000.0000,31.2155
09/11/2007,101.4800,102.0000,101.0000,101.8300,24100.0000,31.4720
09/12/2007,102.0000,102.5000,101.3800,102.2900,32000.0000,31.6142
09/13/2007,102.2500,102.2500,101.2200,101.9300,10900.0000,31.5029
09/14/2007,101.9500,102.9400,101.2200,102.8900,33900.0000,31.7996
09/17/2007,103.0000,103.5000,102.3600,103.3600,20100.0000,31.9449
09/18/2007,103.7500,104.3600,102.9800,104.1000,31400.0000,32.1736
09/19/2007,104.2500,106.1000,104.2000,106.0900,85900.0000,32.7886
09/20/2007,106.0400,106.0400,103.0000,103.4900,410400.0000,31.9850
09/21/2007,104.9900,105.4000,102.1000,103.7500,105100.0000,32.0654
09/24/2007,102.6800,104.4500,102.6500,104.4500,45500.0000,32.2817
09/25/2007,103.0000,104.7000,103.0000,104.7000,167500.0000,32.3590
09/26/2007,104.7000,104.7000,104.1300,104.3200,25300.0000,32.2416
09/27/2007,104.5000,104.5500,101.1600,104.0000,49200.0000,32.1427
09/28/2007,104.4700,104.4800,103.6000,104.0000,46700.0000,32.1427
10/01/2007,104.4700,104.5000,103.3300,103.7500,50300.0000,32.2655
10/02/2007,102.5300,103.9900,102.5300,103.9500,72100.0000,32.3277
10/03/2007,104.0000,104.4700,103.3200,103.4000,35300.0000,32.1567
10/04/2007,103.8000,103.9500,103.2900,103.8400,17600.0000,32.2935
10/05/2007,103.9700,104.0000,103.5200,103.9000,22900.0000,32.3121
10/08/2007,104.2200,104.3900,103.8600,104.2500,18600.0000,32.4210
10/09/2007,104.3200,104.3400,104.0000,104.3300,14600.0000,32.4459
10/10/2007,104.4800,104.4800,104.1500,104.2400,21200.0000,32.4179
10/11/2007,104.4900,104.5000,104.0000,104.3900,22300.0000,32.4645
10/12/2007,104.4200,104.6000,104.4200,104.5000,73700.0000,32.4988
10/15/2007,105.2000,105.2000,104.5000,105.0000,24600.0000,32.6543
10/16/2007,104.5000,104.6800,104.1000,104.6000,60600.0000,32.5298
10/17/2007,104.0300,104.6500,103.3100,103.3100,15200.0000,32.1287
10/18/2007,104.2300,104.2500,103.2500,103.2600,13200.0000,32.1131
10/19/2007,103.2500,103.9400,102.0000,102.8000,40200.0000,31.9701
10/22/2007,102.8000,102.8000,101.8500,101.8500,64600.0000,31.6746
10/23/2007,102.1900,102.7000,101.9500,102.7000,27000.0000,31.9390
10/24/2007,102.6000,102.7500,102.3000,102.7000,22200.0000,31.9390
10/25/2007,102.9900,102.9900,102.6400,102.8500,16600.0000,31.9856
10/26/2007,102.7000,103.0900,102.6000,103.0900,10800.0000,32.0603
10/29/2007,103.4900,103.5000,103.0600,103.4000,19900.0000,32.1567
10/30/2007,103.3000,103.3000,102.7000,103.2000,10500.0000,32.0945
10/31/2007,103.6100,104.0000,103.0400,103.8500,12000.0000,32.2966
11/01/2007,102.7100,102.9000,102.0000,102.5000,29400.0000,32.0869
11/02/2007,102.4900,102.5000,101.9200,102.2500,32300.0000,32.0086
11/05/2007,106.0000,106.0000,101.5000,102.2000,13800.0000,31.9930
11/06/2007,102.2000,103.1500,102.2000,102.7300,34900.0000,32.1589
11/07/2007,101.8200,103.1000,101.8200,102.6000,11900.0000,32.1182
11/08/2007,102.8500,102.8500,100.4100,101.3000,121000.0000,31.7112
11/09/2007,101.5700,101.7500,100.5100,101.7500,38400.0000,31.8521
11/12/2007,103.0200,103.0200,101.9000,102.1500,41400.0000,31.9773
11/13/2007,102.9500,102.9500,101.5600,101.7500,15300.0000,31.8521
11/14/2007,102.7500,102.7500,101.7000,102.0000,7800.0000,31.9303
11/15/2007,101.9900,102.3400,101.6800,101.9700,15500.0000,31.9210
11/16/2007,103.0000,103.0000,101.5300,102.0000,18400.0000,31.9303
11/19/2007,102.7000,102.7000,101.7800,102.0000,16700.0000,31.9303
11/20/2007,101.7500,102.3900,100.4100,101.0000,26500.0000,31.6173
11/21/2007,100.7000,100.7000,97.0000,99.1000,139600.0000,31.0225
11/23/2007,99.2000,100.5000,98.9100,98.9100,3100.0000,30.9630
11/26/2007,98.0000,101.0000,98.0000,100.0000,69500.0000,31.3043
11/27/2007,100.5000,101.4800,99.5000,100.1500,25700.0000,31.3512
11/28/2007,99.5800,101.2000,99.5800,101.1000,11700.0000,31.6486
11/29/2007,101.7500,101.7500,100.1000,101.6000,20200.0000,31.8052
11/30/2007,102.0000,102.5000,101.5100,102.0100,34900.0000,31.9335
12/03/2007,103.0000,103.0000,101.1000,102.3900,31400.0000,32.2554
12/04/2007,103.0000,103.0000,102.0000,102.0000,16300.0000,32.1326
12/05/2007,101.6800,102.5000,100.2600,100.8000,270600.0000,31.7546
12/06/2007,101.6100,101.7500,100.0000,101.7000,33200.0000,32.0381
12/07/2007,100.6000,102.4900,100.6000,101.6500,27100.0000,32.0223
12/10/2007,100.7300,101.6400,100.7300,101.5000,23500.0000,31.9750
12/11/2007,102.1700,102.4800,100.8500,101.4000,30300.0000,31.9435
12/12/2007,102.5000,103.7500,101.5000,101.9500,29400.0000,32.1168
12/13/2007,101.7500,102.2800,101.2300,101.9000,44500.0000,32.1011
12/14/2007,102.5000,102.5000,101.1900,102.0500,15600.0000,32.1483
12/17/2007,102.5000,102.5000,101.1200,101.5000,18900.0000,31.9750
12/18/2007,101.4100,102.0000,101.4100,101.6000,53200.0000,32.0066
12/19/2007,101.1100,102.1000,101.1100,102.1000,24000.0000,32.1641
12/20/2007,101.4000,101.9500,101.4000,101.8800,31300.0000,32.0948
12/21/2007,102.4800,102.4800,101.3900,102.2000,37600.0000,32.1956
12/24/2007,102.0200,102.2600,101.2000,101.8400,66800.0000,32.0822
12/26/2007,101.5300,101.7000,101.2000,101.3900,48400.0000,31.9404
12/27/2007,101.1800,101.6000,101.1800,101.4900,22900.0000,32.1511
12/28/2007,101.4000,101.6200,100.2500,100.5000,88500.0000,31.8374
12/31/2007,100.2100,100.7400,99.8700,100.7200,38800.0000,31.9072
01/02/2008,99.5600,100.9000,99.3000,99.5000,61800.0000,31.5207
01/03/2008,99.6000,99.9500,99.2600,99.3100,64800.0000,31.4605
01/04/2008,100.0100,100.0500,98.8400,99.2000,48600.0000,31.4256
01/07/2008,99.4900,99.4900,98.3000,98.6100,177200.0000,31.2387
01/08/2008,99.4900,99.4900,98.0000,98.0400,42100.0000,31.0581
01/09/2008,98.4900,98.4900,96.9300,96.9700,51600.0000,30.7192
01/10/2008,97.1700,98.1700,96.9500,97.6900,154800.0000,30.9473
01/11/2008,97.8400,98.5000,97.3100,97.9000,71700.0000,31.0138
01/14/2008,97.6400,98.0700,97.3800,97.5600,20600.0000,30.9061
01/15/2008,97.9500,97.9500,97.6000,97.8100,20000.0000,30.9853
01/16/2008,97.8400,97.9000,97.4100,97.7000,20700.0000,30.9504
01/17/2008,97.5000,97.5000,97.0100,97.0100,31600.0000,30.7318
01/18/2008,97.4700,98.9500,97.0300,97.7700,84500.0000,30.9726
01/22/2008,96.7000,97.8600,93.3000,97.0900,192400.0000,30.7572
01/23/2008,96.8400,97.5900,95.0200,97.2800,59600.0000,30.8174
01/24/2008,97.2600,98.5000,96.8800,98.5000,62700.0000,31.2039
01/25/2008,98.1100,99.5000,97.0600,98.6500,43700.0000,31.2514
01/28/2008,98.5000,98.5000,97.5000,98.2000,44800.0000,31.1088
01/29/2008,97.7800,98.3500,97.7800,98.3000,39200.0000,31.1405
01/30/2008,98.4200,98.7400,97.9300,98.6800,27400.0000,31.2609
01/31/2008,98.1400,98.8800,97.7500,98.8800,76500.0000,31.3242
02/01/2008,98.4400,98.5000,97.0000,98.2700,83100.0000,31.3414
02/04/2008,97.2500,98.3800,97.2500,98.2900,44900.0000,31.3479
02/05/2008,97.7900,97.7900,97.0000,97.5000,66300.0000,31.0959
02/06/2008,97.6800,97.7100,97.1800,97.3000,101100.0000,31.0321
02/07/2008,96.9000,97.3000,96.0000,96.8900,58100.0000,30.9013
02/08/2008,96.5000,96.5000,96.0000,96.1600,80400.0000,30.6685
02/11/2008,95.2600,96.2100,95.2600,95.4000,74500.0000,30.4261
02/12/2008,95.2500,96.2900,95.2500,95.7600,85200.0000,30.5409
02/13/2008,95.9900,96.0600,95.5100,95.5100,60700.0000,30.4612
02/14/2008,96.5700,96.5700,95.4500,95.9800,48800.0000,30.6111
02/15/2008,95.7500,95.7500,95.3500,95.7400,49700.0000,30.5346
02/19/2008,95.7500,96.0000,95.0000,95.2500,102900.0000,30.3783
02/20/2008,95.8400,95.8400,95.0300,95.5000,65800.0000,30.4580
02/21/2008,95.9000,96.0000,95.5000,95.8300,55800.0000,30.5633
02/22/2008,95.9400,96.0800,95.6500,96.0000,48200.0000,30.6175
02/25/2008,95.8000,96.4300,95.7100,96.2900,81000.0000,30.7100
02/26/2008,96.3000,96.9500,96.2000,96.9100,80200.0000,30.9077
02/27/2008,96.9700,96.9800,96.4900,96.8900,75900.0000,30.9013
02/28/2008,96.5000,96.9300,95.6900,96.7500,61300.0000,30.8567
02/29/2008,96.3800,96.4600,95.6900,96.3800,72900.0000,30.7387
03/03/2008,96.1900,96.1900,95.5000,95.7900,53500.0000,30.7470
03/04/2008,95.8000,95.9500,95.5100,95.6800,29900.0000,30.7117
03/05/2008,95.5000,96.0000,95.5000,95.9500,73300.0000,30.7984
03/06/2008,95.9400,95.9400,95.5000,95.7000,21000.0000,30.7181
03/07/2008,95.2300,95.5000,95.2300,95.5000,44200.0000,30.6540
03/10/2008,95.4600,95.5500,95.2500,95.2800,26800.0000,30.5833
03/11/2008,95.1400,95.7000,95.0500,95.5200,36200.0000,30.6603
03/12/2008,95.2600,95.5100,95.2500,95.5000,53200.0000,30.6540
03/13/2008,95.2200,95.2200,93.8000,94.8300,80100.0000,30.4389
03/14/2008,94.8300,95.0000,94.0500,94.2600,37300.0000,30.2559
03/17/2008,94.0300,94.0300,93.3000,93.8200,55100.0000,30.1147
03/18/2008,94.4600,96.9900,94.2900,95.2000,46700.0000,30.5577
03/19/2008,95.4600,95.5800,95.1000,95.3000,75800.0000,30.5897
03/20/2008,95.2600,95.7500,95.2000,95.7500,55600.0000,30.7342
03/24/2008,95.9900,96.6000,95.7900,96.4800,104900.0000,30.9685
03/25/2008,96.5000,96.7500,96.2200,96.7300,90200.0000,31.0488
03/26/2008,96.6000,96.7700,96.4000,96.5000,149700.0000,30.9749
03/27/2008,96.6000,96.6000,96.1100,96.1900,97800.0000,30.8754
03/28/2008,96.2000,96.2400,96.0100,96.2400,46400.0000,30.8915
03/31/2008,96.0200,96.7000,95.6300,96.6700,246500.0000,31.0295
04/01/2008,95.8800,96.4600,95.8800,96.4500,988000.0000,31.1658
04/02/2008,96.4200,96.6500,96.2500,96.5000,92200.0000,31.1820
04/03/2008,96.6600,96.6600,95.6000,96.3300,98300.0000,31.1271
04/04/2008,96.5000,98.2300,96.2100,96.7000,142200.0000,31.2466
04/07/2008,96.8000,97.5300,96.7000,97.4700,117300.0000,31.4955
04/08/2008,97.1500,97.8000,96.9000,97.8000,85300.0000,31.6021
04/09/2008,97.0000,97.2000,96.7800,96.9500,79400.0000,31.3274
04/10/2008,96.9100,98.5100,96.8400,97.3000,176900.0000,31.4405
04/11/2008,97.1000,97.1300,96.5000,96.5200,59600.0000,31.1885
04/14/2008,96.7900,96.9000,96.5200,96.8600,54700.0000,31.2984
04/15/2008,96.7900,97.2000,96.6400,96.8500,59400.0000,31.2951
04/16/2008,97.1800,97.4200,96.8400,97.2700,84700.0000,31.4308
04/17/2008,97.3700,97.3700,97.1000,97.3700,61900.0000,31.4632
04/18/2008,97.8200,98.0500,97.3300,98.0300,123700.0000,31.6764
04/21/2008,97.9800,97.9800,97.7600,97.8700,70500.0000,31.6247
04/22/2008,98.1400,98.3200,97.5300,98.0000,77600.0000,31.6667
04/23/2008,98.4000,98.6900,97.7800,98.4000,103800.0000,31.7960
04/24/2008,98.5500,98.5500,97.9000,98.4300,114400.0000,31.8057
04/25/2008,98.7800,98.9000,98.6000,98.9000,87600.0000,31.9575
04/28/2008,99.1700,99.5000,98.4900,99.4800,595700.0000,32.1449
04/29/2008,99.4700,99.4700,98.9100,99.1900,144500.0000,32.0512
04/30/2008,99.2100,99.9600,98.5000,99.2900,113400.0000,32.0835
05/01/2008,99.2000,100.8200,99.2000,100.8200,428500.0000,32.7654
05/02/2008,100.3200,100.3900,99.6100,99.8000,133900.0000,32.4339
05/05/2008,99.5100,99.7000,99.5100,99.6400,121900.0000,32.3819
05/06/2008,99.2800,99.2800,98.6800,98.9300,121400.0000,32.1512
05/07/2008,99.2200,99.2300,98.6200,99.0000,65700.0000,32.1739
05/08/2008,99.1700,99.1900,98.7500,98.7900,59700.0000,32.1056
05/09/2008,98.8700,99.0000,98.4900,99.0000,73100.0000,32.1739
05/12/2008,98.9200,98.9300,98.5000,98.8700,91900.0000,32.1317
05/13/2008,98.9800,99.0400,98.7100,98.8400,59500.0000,32.1219
05/14/2008,98.9400,99.1400,98.1000,98.7000,153100.0000,32.0764
05/15/2008,99.1600,99.2500,98.2500,98.9600,146600.0000,32.1609
05/16/2008,98.7200,99.1400,98.6000,99.1000,79300.0000,32.2064
05/19/2008,99.3500,99.5800,99.2000,99.4900,58900.0000,32.3331
05/20/2008,99.5000,99.5000,99.0700,99.3000,49300.0000,32.2714
05/21/2008,99.3500,99.3500,99.0200,99.1200,97300.0000,32.2129
05/22/2008,99.0000,99.2400,98.7300,98.9700,51700.0000,32.1641
05/23/2008,98.7000,98.8100,97.7000,98.3800,401400.0000,31.9724
05/27/2008,98.3600,98.3600,97.5400,97.8300,65800.0000,31.7936
05/28/2008,97.6000,98.3400,97.6000,98.3100,73700.0000,31.9497
05/29/2008,98.2500,98.4000,98.0000,98.2100,76300.0000,31.9171
05/30/2008,98.2300,98.2300,98.0700,98.2200,53600.0000,31.9204
06/02/2008,97.5900,97.6700,95.8200,96.7800,374500.0000,31.6568
06/03/2008,97.3000,97.3000,96.3000,96.8500,80200.0000,31.6797
06/04/2008,96.9300,96.9300,96.4500,96.7500,46100.0000,31.6470
06/05/2008,97.0000,97.2000,96.8800,97.1700,49200.0000,31.7843
06/06/2008,96.9700,97.3800,96.7800,96.9000,43100.0000,31.6960
06/09/2008,97.2700,97.3700,96.6100,97.2100,47100.0000,31.7974
06/10/2008,97.0000,97.2600,96.8600,97.2500,52400.0000,31.8105
06/11/2008,97.5000,97.9800,97.0000,97.2300,66500.0000,31.8040
06/12/2008,96.9300,97.3500,96.7100,97.0700,41200.0000,31.7516
06/13/2008,97.1000,97.5000,96.3500,97.5000,58900.0000,31.8923
06/16/2008,96.6000,97.0700,96.1100,96.1500,61200.0000,31.4507
06/17/2008,96.0300,96.8000,95.9700,96.3200,87300.0000,31.5063
06/18/2008,96.3000,96.8500,96.0500,96.5300,67200.0000,31.5750
06/19/2008,96.2200,96.2200,95.6500,95.9200,86600.0000,31.3754
06/20/2008,95.8000,95.8800,95.2500,95.5400,40500.0000,31.2512
06/23/2008,95.5900,95.6400,95.0900,95.1900,37800.0000,31.1367
06/24/2008,95.1000,95.6300,94.4900,94.7900,176700.0000,31.0058
06/25/2008,94.6400,95.1400,94.5000,95.1100,92900.0000,31.1105
06/26/2008,94.1800,94.6000,93.8000,94.3600,96000.0000,30.8652
06/27/2008,94.0200,94.2000,93.5900,94.1000,58300.0000,30.7802
06/30/2008,93.9000,94.1000,93.5400,94.0000,84900.0000,30.7474
07/01/2008,92.4300,94.0000,92.3500,93.2500,957200.0000,30.7148
07/02/2008,93.0200,93.5000,92.5700,93.1800,81800.0000,30.6918
07/03/2008,93.3700,93.5800,92.9900,93.1400,41700.0000,30.6786
07/07/2008,93.5700,93.5700,92.7100,93.2200,102500.0000,30.7050
07/08/2008,93.1500,93.2100,92.6600,92.9700,170000.0000,30.6226
07/09/2008,92.8000,93.2000,92.5500,92.6500,79000.0000,30.5172
07/10/2008,92.4200,93.0900,92.3400,92.7700,99100.0000,30.5567
07/11/2008,92.3100,92.8100,92.2300,92.6500,310000.0000,30.5172
07/14/2008,93.1600,93.1600,91.9000,92.4300,41200.0000,30.4447
07/15/2008,91.7100,91.8000,90.7300,91.0000,149100.0000,29.9737
07/16/2008,91.2000,91.5700,91.0000,91.3000,25300.0000,30.0725
07/17/2008,91.7000,92.5500,91.4600,91.5700,41900.0000,30.1614
07/18/2008,92.0900,93.0400,91.7700,93.0400,48800.0000,30.6457
07/21/2008,93.5200,93.6900,93.0000,93.5000,49500.0000,30.7972
07/22/2008,93.3000,93.8900,93.1200,93.8200,103000.0000,30.9026
07/23/2008,93.6500,93.9300,93.5500,93.5700,193500.0000,30.8202
07/24/2008,93.8100,94.2400,93.2600,93.7900,64100.0000,30.8927
07/25/2008,93.7500,94.5300,93.7000,93.9900,188000.0000,30.9585
07/28/2008,93.4400,93.7300,93.3000,93.6700,75200.0000,30.8532
07/29/2008,93.5600,93.8300,93.2000,93.6900,65900.0000,30.8598
07/30/2008,93.3500,93.7400,93.0000,93.7100,103900.0000,30.8663
07/31/2008,93.3700,93.9000,93.0000,93.9000,82000.0000,30.9289
08/01/2008,92.7000,93.0700,92.4000,92.8200,25200.0000,30.7906
08/04/2008,92.3800,92.4800,92.0400,92.1800,75800.0000,30.5783
08/05/2008,92.3300,93.7000,92.0200,92.8300,70600.0000,30.7939
08/06/2008,92.2600,92.3500,92.0000,92.2100,44200.0000,30.5882
08/07/2008,92.1700,92.2600,92.0000,92.1000,42700.0000,30.5517
08/08/2008,92.0700,92.2800,91.9700,92.2600,62300.0000,30.6048
08/11/2008,91.8500,92.1500,91.3600,92.0000,49800.0000,30.5186
08/12/2008,92.1800,92.4700,91.9000,92.3600,95000.0000,30.6380
08/13/2008,92.3000,92.5000,92.0000,92.5000,47200.0000,30.6844
08/14/2008,92.4000,92.5000,92.1600,92.5000,58400.0000,30.6844
08/15/2008,92.4400,92.7400,92.4200,92.7100,39900.0000,30.7541
08/18/2008,92.7500,92.9900,92.0200,92.5000,91100.0000,30.6844
08/19/2008,92.6500,92.7500,92.2500,92.6800,101400.0000,30.7442
08/20/2008,92.6800,92.8200,92.3300,92.6600,30700.0000,30.7375
08/21/2008,92.3700,92.6000,92.2500,92.5300,103100.0000,30.6944
08/22/2008,92.4500,92.7500,92.0000,92.0000,58300.0000,30.5186
08/25/2008,92.1100,92.5200,92.1100,92.5000,60600.0000,30.6844
08/26/2008,92.5600,92.5600,91.9000,92.0000,259900.0000,30.5186
08/27/2008,92.3800,92.3800,91.8300,92.1000,68400.0000,30.5517
08/28/2008,92.3800,92.4200,92.0200,92.2300,74100.0000,30.5949
08/29/2008,92.4500,92.5900,92.0000,92.4000,59500.0000,30.6512
09/02/2008,92.2400,92.5300,91.6200,91.8000,57200.0000,30.6579
09/03/2008,92.0000,92.1000,91.8300,92.1000,50200.0000,30.7581
09/04/2008,92.5000,92.5000,92.3100,92.5000,46700.0000,30.8917
09/05/2008,92.2600,92.4300,91.5200,92.4200,62400.0000,30.8650
09/08/2008,93.1400,93.1400,92.1500,92.3100,59300.0000,30.8282
09/09/2008,92.5700,92.9100,92.2000,92.5100,168700.0000,30.8951
09/10/2008,92.4800,92.4800,92.0000,92.0000,61200.0000,30.7247
09/11/2008,92.1700,92.3400,91.6600,92.0000,101600.0000,30.7247
09/12/2008,91.8800,92.0300,91.4800,92.0000,121100.0000,30.7247
09/15/2008,91.8800,91.8800,88.0000,88.6200,377800.0000,29.5959
09/16/2008,87.0400,87.4100,82.2400,86.5800,283800.0000,28.9147
09/17/2008,86.1700,86.4000,79.2500,81.3800,283100.0000,27.1780
09/18/2008,82.9900,88.2000,81.4100,87.8000,226400.0000,29.3221
09/19/2008,89.0000,92.0500,88.1000,88.9200,77800.0000,29.6961
09/22/2008,89.1000,90.2000,88.6000,88.8400,34600.0000,29.6694
09/23/2008,89.5700,89.7500,87.0000,87.9700,64200.0000,29.3789
09/24/2008,88.0500,89.6900,88.0500,88.7600,57700.0000,29.6427
09/25/2008,88.8500,88.8500,86.5000,86.5000,73600.0000,28.8879
09/26/2008,85.4800,86.9400,84.9300,86.2000,50900.0000,28.7877
09/29/2008,86.2300,86.2300,76.0000,79.2200,174700.0000,26.4567
09/30/2008,82.5100,82.6400,80.6000,82.0000,113200.0000,27.3851
10/01/2008,82.3300,85.2000,82.0000,84.8500,991400.0000,28.5774
10/02/2008,84.8700,84.8700,81.0100,82.6400,230900.0000,27.8330
10/03/2008,83.2300,83.7600,81.7500,82.3400,51400.0000,27.7320
10/06/2008,80.5000,81.7500,77.5500,79.3500,134200.0000,26.7250
10/07/2008,79.5100,82.6700,77.8900,78.0100,240800.0000,26.2737
10/08/2008,76.6200,78.2000,74.2200,74.7500,157800.0000,25.1757
10/09/2008,75.2000,78.2600,73.0100,73.0100,113800.0000,24.5897
10/10/2008,71.3700,71.3700,63.9600,68.1400,274300.0000,22.9494
10/13/2008,70.5500,76.5000,70.4600,76.5000,230000.0000,25.7651
10/14/2008,78.2500,79.3300,75.5000,77.0000,372300.0000,25.9335
10/15/2008,75.9900,75.9900,71.8800,73.6400,374900.0000,24.8018
10/16/2008,74.3200,74.3300,70.0000,70.8500,167400.0000,23.8622
10/17/2008,70.5100,70.8400,69.5000,70.0000,120700.0000,23.5759
10/20/2008,71.5500,71.8000,70.0000,71.4000,1460200.0000,24.0474
10/21/2008,71.2200,72.8900,70.4600,70.9900,398300.0000,23.9093
10/22/2008,71.6800,71.6800,70.2700,70.4000,113300.0000,23.7106
10/23/2008,70.4000,71.8900,70.1000,71.5900,157700.0000,24.1114
10/24/2008,70.4000,70.8000,69.0600,69.8000,155600.0000,23.5085
10/27/2008,70.0400,70.3800,66.2500,66.2500,1313600.0000,22.3129
10/28/2008,67.6900,68.7000,67.0000,67.0000,158600.0000,22.5655
10/29/2008,67.4100,71.0000,67.4100,70.0500,318700.0000,23.5927
10/30/2008,70.9500,71.9700,70.5000,71.9700,169900.0000,24.2394
10/31/2008,71.6000,72.2600,71.5900,72.0000,126500.0000,24.2495
11/03/2008,72.2600,72.2600,71.7000,71.8900,168900.0000,24.4467
11/04/2008,72.7800,72.7800,71.7500,72.7000,430300.0000,24.7222
11/05/2008,72.7800,73.2200,72.0000,72.1000,392100.0000,24.5181
11/06/2008,71.0100,72.5000,71.0000,72.1000,198100.0000,24.5181
11/07/2008,72.6300,72.9400,72.0000,72.8500,221000.0000,24.7732
11/10/2008,73.0500,73.4200,72.0000,72.8600,148600.0000,24.7766
11/11/2008,73.5900,73.5900,72.0500,72.7300,107100.0000,24.7324
11/12/2008,72.6900,72.6900,71.5400,71.7000,129400.0000,24.3821
11/13/2008,71.1200,71.8600,70.6700,71.3200,211900.0000,24.2529
11/14/2008,71.3800,71.3800,70.0000,70.4500,115200.0000,23.9570
11/17/2008,70.4500,70.9400,69.1100,69.3600,157200.0000,23.5864
11/18/2008,69.0000,69.4400,67.6000,67.9000,174700.0000,23.0899
11/19/2008,67.0400,67.7700,65.0600,65.5800,174100.0000,22.3010
11/20/2008,65.0200,65.3400,62.5000,63.4000,606400.0000,21.5596
11/21/2008,64.9200,65.2700,63.2100,64.0300,238500.0000,21.7739
11/24/2008,65.1600,65.6900,64.0300,64.3200,232500.0000,21.8725
11/25/2008,65.8400,65.8400,63.7700,64.9900,313500.0000,22.1003
11/26/2008,66.0600,66.5400,65.1000,66.5000,256400.0000,22.6138
11/28/2008,65.3800,66.5300,65.3800,66.2500,420700.0000,22.5288
12/01/2008,65.1100,65.6600,63.6700,64.2000,409700.0000,22.0641
12/02/2008,65.2700,65.2700,64.2500,64.8900,501700.0000,22.3013
12/03/2008,64.8000,64.9300,64.4100,64.9000,247800.0000,22.3047
12/04/2008,64.9100,65.0000,64.1700,64.5200,214200.0000,22.1741
12/05/2008,64.1200,64.5500,63.5000,64.5500,485500.0000,22.1844
12/08/2008,64.5500,65.3800,63.8000,65.3000,703700.0000,22.4422
12/09/2008,65.2100,65.3400,64.5000,64.8100,631800.0000,22.2738
12/10/2008,65.0600,65.1300,64.0000,64.7600,379100.0000,22.2566
12/11/2008,64.5300,65.0000,64.2600,64.2600,914500.0000,22.0848
12/12/2008,64.3500,65.3000,64.0500,65.1500,320000.0000,22.3907
12/15/2008,64.4200,65.6400,64.4200,64.8100,611300.0000,22.2738
12/16/2008,66.0100,66.0300,64.6000,66.0100,523700.0000,22.6862
12/17/2008,66.3800,68.1000,65.6000,67.7000,1671500.0000,23.2670
12/18/2008,68.7200,72.4600,68.0900,71.6300,2134800.0000,24.6177
12/19/2008,70.9900,71.2500,70.1300,71.1500,1174700.0000,24.4527
12/22/2008,71.3400,74.3600,70.8000,74.0000,1764700.0000,25.4322
12/23/2008,74.3800,75.2900,73.8100,75.0800,1220400.0000,25.8034
12/24/2008,74.6800,75.5000,73.4800,73.9000,787700.0000,25.3978
12/26/2008,73.9900,75.3400,73.0300,75.3100,1291200.0000,25.8824
12/29/2008,75.2500,75.7900,74.5000,75.2900,1020000.0000,26.0568
12/30/2008,76.1600,76.1600,74.8100,75.5200,530100.0000,26.1364
12/31/2008,75.5400,76.1500,75.0700,76.0100,707400.0000,26.3060
01/02/2009,75.5800,76.4500,75.5800,75.7700,673600.0000,26.2230
01/05/2009,75.4200,81.8700,75.3700,79.4300,1907500.0000,27.4896
01/06/2009,80.1900,80.6100,79.5200,80.1000,2267000.0000,27.7215
01/07/2009,79.9400,80.3600,77.7500,78.6500,1748100.0000,27.2197
01/08/2009,78.3100,78.3100,76.8600,77.5100,972100.0000,26.8251
01/09/2009,78.8600,78.8600,77.5500,78.6500,826600.0000,27.2197
01/12/2009,78.9900,79.1000,76.2100,76.9400,867700.0000,26.6279
01/13/2009,77.8100,77.8100,75.8200,76.6600,613500.0000,26.5310
01/14/2009,75.5500,76.2000,73.6800,75.6800,1006000.0000,26.1918
01/15/2009,75.1100,75.5300,74.5200,75.3800,1122500.0000,26.0880
01/16/2009,75.2400,76.1200,73.7900,75.9900,574800.0000,26.2991
01/20/2009,75.0100,75.5300,74.0200,74.6900,544100.0000,25.8492
01/21/2009,74.8200,75.0400,73.6800,74.7000,534200.0000,25.8526
01/22/2009,74.8700,74.8700,73.7600,74.5000,454800.0000,25.7834
01/23/2009,73.8200,74.3300,72.4000,73.3100,1556100.0000,25.3716
01/26/2009,73.7800,74.2400,73.0700,73.5000,573600.0000,25.4374
01/27/2009,74.1700,74.4400,73.5700,74.1800,637500.0000,25.6727
01/28/2009,74.9400,76.8700,74.7700,76.8100,1549400.0000,26.5829
01/29/2009,75.9500,76.3600,74.5200,74.9000,685200.0000,25.9219
01/30/2009,75.5900,75.5900,74.6100,75.2400,469800.0000,26.0395
02/02/2009,73.8800,74.2100,72.4000,72.9000,1037900.0000,25.4847
02/03/2009,73.4700,73.5100,72.5100,73.0300,642100.0000,25.5302
02/04/2009,73.4800,73.5700,72.8400,72.9700,891500.0000,25.5092
02/05/2009,73.3300,73.7600,72.0300,72.3700,836600.0000,25.2995
02/06/2009,72.9000,73.8400,72.6000,73.8300,830900.0000,25.8099
02/09/2009,73.7000,74.5900,73.5600,74.4000,831400.0000,26.0091
02/10/2009,74.5500,74.5700,73.5200,73.9100,831000.0000,25.8378
02/11/2009,74.2500,74.3400,73.6000,73.7400,592100.0000,25.7784
02/12/2009,73.0900,73.5100,72.8400,73.5100,509200.0000,25.6980
02/13/2009,73.6700,73.8000,73.1000,73.8000,299100.0000,25.7994
02/17/2009,73.7800,73.8400,71.6000,71.9200,1521100.0000,25.1422
02/18/2009,72.3200,72.4700,69.5000,71.4900,1414600.0000,24.9918
02/19/2009,71.8200,72.3400,71.5200,71.8500,385300.0000,25.1177
02/20/2009,70.1900,71.1700,69.5300,70.8000,647700.0000,24.7506
02/23/2009,70.8200,71.6900,68.2600,69.0200,884500.0000,24.1284
02/24/2009,69.3100,70.5000,69.0000,70.0000,647300.0000,24.4710
02/25/2009,70.1600,70.1600,69.2000,69.6600,567600.0000,24.3521
02/26/2009,69.7500,69.8700,67.6300,68.2800,603200.0000,23.8697
02/27/2009,68.0100,68.4500,67.0000,67.2500,824700.0000,23.5096
03/02/2009,66.3300,66.8100,64.8000,65.1500,993600.0000,23.0216
03/03/2009,65.7100,66.3000,64.9000,65.4100,752700.0000,23.1135
03/04/2009,65.6400,66.4500,64.8100,65.4000,572900.0000,23.1099
03/05/2009,65.3500,65.4000,62.2400,62.3000,1117900.0000,22.0145
03/06/2009,62.7000,63.7400,61.8700,62.0000,1216800.0000,21.9085
03/09/2009,62.3200,62.8300,61.5000,61.6400,645100.0000,21.7813
03/10/2009,62.3500,64.9100,62.3500,64.6900,1111400.0000,22.8591
03/11/2009,65.4600,65.9500,64.9400,65.7200,769500.0000,23.2230
03/12/2009,65.7500,66.8400,65.5200,66.8100,762800.0000,23.6082
03/13/2009,67.0200,67.1100,66.5000,66.9600,632300.0000,23.6612
03/16/2009,67.1700,67.8300,67.0600,67.3400,514600.0000,23.7955
03/17/2009,67.3000,67.4000,66.4200,66.9600,460100.0000,23.6612
03/18/2009,66.9700,68.6200,66.5800,68.5000,611000.0000,24.2054
03/19/2009,68.4600,68.6200,67.2500,67.9000,711800.0000,23.9934
03/20/2009,67.9900,68.3800,67.5300,67.7700,394900.0000,23.9474
03/23/2009,68.6100,69.2000,67.6300,69.1700,461200.0000,24.4421
03/24/2009,69.0700,69.4600,68.6300,69.3000,425000.0000,24.4880
03/25/2009,69.3900,70.0500,69.3900,69.6700,800700.0000,24.6188
03/26/2009,70.1100,70.7700,69.7300,70.7500,660200.0000,25.0004
03/27/2009,70.6000,70.6000,68.9100,70.0300,1157900.0000,24.7460
03/30/2009,69.6500,69.6500,66.7500,66.7500,1299900.0000,23.5870
03/31/2009,68.1400,68.7700,67.5000,67.8000,632700.0000,23.9580
04/01/2009,67.6700,67.9300,66.9100,67.1000,654300.0000,23.9959
04/02/2009,68.0400,69.6400,67.4100,69.5400,1469600.0000,24.8685
04/03/2009,69.7100,70.8000,69.5000,70.5200,1355600.0000,25.2190
04/06/2009,70.1200,70.8900,69.4500,70.2900,648200.0000,25.1367
04/07/2009,70.0900,70.0900,69.1200,69.4800,459900.0000,24.8470
04/08/2009,68.8000,70.6000,68.8000,70.3000,721600.0000,25.1403
04/09/2009,71.0000,72.5500,71.0000,72.3000,1123800.0000,25.8555
04/13/2009,71.4500,72.4800,71.0000,72.2500,801800.0000,25.8376
04/14/2009,72.2400,72.2400,71.5100,71.8800,617000.0000,25.7053
04/15/2009,72.2200,72.5000,71.6700,72.4900,501700.0000,25.9235
04/16/2009,72.7100,74.3300,72.6700,73.6400,1109500.0000,26.3347
04/17/2009,73.8900,75.7500,73.5000,75.2500,683000.0000,26.9105
04/20/2009,74.6300,74.9500,72.3800,72.5000,1003100.0000,25.9270
04/21/2009,72.4100,73.8000,71.5300,73.3200,264800.0000,26.2203
04/22/2009,73.0300,74.1600,72.1200,73.6700,715200.0000,26.3454
04/23/2009,73.7100,74.0000,73.2700,73.5900,701300.0000,26.3168
04/24/2009,73.9900,74.8400,73.7000,74.7300,522500.0000,26.7245
04/27/2009,74.2000,74.5200,73.8100,74.1400,813400.0000,26.5135
04/28/2009,73.9000,74.8600,73.3500,74.3000,460200.0000,26.5707
04/29/2009,74.9900,75.8000,74.8600,75.6800,1167900.0000,27.0642
04/30/2009,76.3200,76.4900,75.5500,76.2700,919500.0000,27.2752
05/01/2009,75.7700,76.0900,74.6100,75.5600,609400.0000,27.2324
05/04/2009,75.8900,75.9500,75.0000,75.3800,1043400.0000,27.1675
05/05/2009,75.4000,76.0400,75.3500,76.0300,799800.0000,27.4017
05/06/2009,76.3300,76.7900,75.5500,76.6600,738600.0000,27.6288
05/07/2009,77.5500,77.6600,74.7900,75.4000,1546800.0000,27.1747
05/08/2009,76.4300,77.1000,76.2100,76.7500,1375800.0000,27.6612
05/11/2009,76.5700,76.7700,75.4200,76.3500,531000.0000,27.5171
05/12/2009,76.0000,76.6500,75.7000,76.6500,682300.0000,27.6252
05/13/2009,76.4800,76.5200,75.5000,75.6500,1118700.0000,27.2648
05/14/2009,75.5100,75.6300,74.3900,74.8500,966300.0000,26.9765
05/15/2009,74.8500,74.8900,73.0800,73.8000,1007100.0000,26.5980
05/18/2009,74.3400,75.4400,74.1700,75.3700,831000.0000,27.1639
05/19/2009,75.4500,76.1300,74.8600,75.8700,902800.0000,27.3441
05/20/2009,76.1100,77.1900,75.8700,76.9900,1158400.0000,27.7477
05/21/2009,76.6900,76.9300,76.0000,76.0000,1274700.0000,27.3909
05/22/2009,76.3300,77.3900,76.0300,77.0500,762300.0000,27.7694
05/26/2009,76.8100,77.2900,76.3800,76.8500,855100.0000,27.6973
05/27/2009,77.3400,77.5100,76.9900,76.9900,757300.0000,27.7477
05/28/2009,77.4900,77.7000,76.9900,77.2600,583900.0000,27.8450
05/29/2009,77.7900,78.1700,77.4500,77.8400,621200.0000,28.0541
06/01/2009,77.7900,78.9800,77.7900,78.9500,1293700.0000,28.7179
06/02/2009,78.6600,78.7300,77.9300,78.7200,782200.0000,28.6342
06/03/2009,78.9200,78.9400,78.0100,78.2700,776100.0000,28.4706
06/04/2009,78.0200,78.7000,78.0200,78.5100,638100.0000,28.5579
06/05/2009,78.9900,78.9900,78.3100,78.7600,704400.0000,28.6488
06/08/2009,78.9700,79.2500,78.3200,78.9000,593000.0000,28.6997
06/09/2009,78.6100,79.2300,78.6100,79.0500,559600.0000,28.7543
06/10/2009,79.2700,79.5000,78.7200,79.1500,636700.0000,28.7907
06/11/2009,79.1300,79.9600,79.1300,79.3300,524400.0000,28.8561
06/12/2009,79.6100,79.8700,79.3300,79.7400,566000.0000,29.0053
06/15/2009,79.6500,79.7100,78.4800,78.5600,574500.0000,28.5761
06/16/2009,78.9900,79.2300,77.2800,77.8100,1180400.0000,28.3032
06/17/2009,77.7900,78.2700,77.0200,77.3600,1240800.0000,28.1395
06/18/2009,77.0500,78.2100,77.0500,78.1000,766200.0000,28.4087
06/19/2009,77.7100,78.2900,77.7100,78.1800,667900.0000,28.4378
06/22/2009,78.0800,78.0800,76.5000,77.1200,1096700.0000,28.0523
06/23/2009,76.8600,77.7400,76.8600,77.2500,582200.0000,28.0995
06/24/2009,77.4900,78.3000,77.2500,77.6400,576400.0000,28.2414
06/25/2009,77.8900,78.4400,77.6100,78.3800,647900.0000,28.5106
06/26/2009,78.3400,78.3900,77.7900,78.3600,495900.0000,28.5033
06/29/2009,78.4400,79.3400,78.4100,79.3400,647700.0000,28.8598
06/30/2009,79.5000,79.8500,79.2200,79.7100,538900.0000,28.9944
07/01/2009,79.2500,79.5100,78.7900,79.1800,922100.0000,29.0659
07/02/2009,78.9200,78.9500,77.7100,77.8000,651200.0000,28.5594
07/06/2009,77.5200,78.0400,76.6100,76.6400,794500.0000,28.1336
07/07/2009,77.1300,77.3200,75.5700,75.5700,886300.0000,27.7408
07/08/2009,75.6100,76.8900,75.5500,76.0300,1382300.0000,27.9096
07/09/2009,76.6300,77.3800,76.1900,77.1200,544900.0000,28.3098
07/10/2009,76.9500,77.9000,76.1300,76.5300,393700.0000,28.0932
07/13/2009,77.2100,77.2100,76.2800,76.7000,521500.0000,28.1556
07/14/2009,76.6000,77.4000,76.4900,77.0000,506600.0000,28.2657
07/15/2009,77.4000,78.7000,77.2800,78.7000,1040200.0000,28.8897
07/16/2009,78.5300,79.0000,78.0000,78.9400,515600.0000,28.9778
07/17/2009,78.8300,79.0200,78.6500,79.0100,597100.0000,29.0035
07/20/2009,79.2300,80.2100,79.2300,80.1100,784700.0000,29.4074
07/21/2009,80.3400,80.8500,79.8100,80.5000,938600.0000,29.5505
07/22/2009,80.4000,80.7600,80.0000,80.6000,483000.0000,29.5872
07/23/2009,81.0000,81.7900,80.4200,81.4200,750700.0000,29.8882
07/24/2009,81.8000,82.0100,80.7300,81.9000,639300.0000,30.0644
07/27/2009,82.1700,82.2900,81.6200,82.0500,512700.0000,30.1195
07/28/2009,82.1400,82.4200,81.8000,82.1400,591800.0000,30.1525
07/29/2009,82.4400,82.7600,82.0600,82.4200,627900.0000,30.2553
07/30/2009,82.8500,83.9100,82.6500,83.1000,976900.0000,30.5049
07/31/2009,83.7500,84.6500,83.3800,84.4500,740700.0000,31.0005
08/03/2009,83.7700,84.1900,83.6900,83.9000,880400.0000,31.0594
08/04/2009,84.3000,84.3400,83.0200,83.7200,615100.0000,30.9927
08/05/2009,83.5400,83.9800,82.8100,83.4500,756000.0000,30.8928
08/06/2009,83.7100,83.8000,82.6000,82.7900,619500.0000,30.6484
08/07/2009,83.2200,84.1100,82.7900,83.3700,711300.0000,30.8632
08/10/2009,83.6300,83.7700,83.0600,83.7500,527800.0000,31.0038
08/11/2009,83.7500,84.0500,83.2400,83.5500,623000.0000,30.9298
08/12/2009,83.2800,83.6400,83.0000,83.3400,491400.0000,30.8521
08/13/2009,83.3400,83.3500,82.0800,82.2800,825300.0000,30.4596
08/14/2009,82.6200,82.6200,81.7500,81.8700,585500.0000,30.3079
08/17/2009,81.3900,81.6500,79.6300,79.8700,1160800.0000,29.5675
08/18/2009,80.5500,81.3900,80.0000,81.2500,639200.0000,30.0783
08/19/2009,81.1400,81.5800,80.5000,81.5800,501700.0000,30.2005
08/20/2009,81.6600,81.8400,81.2600,81.3300,601200.0000,30.1080
08/21/2009,81.7000,82.4400,81.5200,82.4400,570400.0000,30.5189
08/24/2009,82.4800,82.5000,81.7200,82.0100,874600.0000,30.3597
08/25/2009,82.3800,82.3800,81.8000,82.0000,565000.0000,30.3560
08/26/2009,82.3400,82.4500,81.9700,82.3200,476100.0000,30.4745
08/27/2009,82.5500,82.6400,81.8800,81.9000,968500.0000,30.3190
08/28/2009,82.5000,82.5000,82.1200,82.3100,595800.0000,30.4707
08/31/2009,82.4000,82.5000,82.0200,82.3200,498500.0000,30.4745
09/01/2009,81.6800,81.6800,80.6000,80.8500,742300.0000,30.1881
09/02/2009,80.8500,80.8900,80.1000,80.4200,698800.0000,30.0275
09/03/2009,80.6900,81.0800,80.4500,80.9400,486000.0000,30.2217
09/04/2009,81.1800,81.9100,80.9900,81.5600,667000.0000,30.4532
09/08/2009,81.9300,82.7200,81.8300,82.7200,974200.0000,30.8863
09/09/2009,82.4900,82.8000,81.7500,81.9400,1454000.0000,30.5950
09/10/2009,82.3700,83.2500,82.0200,83.2100,695600.0000,31.0693
09/11/2009,83.5500,84.1400,83.2700,84.0000,607200.0000,31.3642
09/14/2009,84.0700,84.1500,83.5100,84.1000,579300.0000,31.4016
09/15/2009,84.3700,84.7200,84.1200,84.7000,1289500.0000,31.6256
09/16/2009,85.3200,85.8200,85.0500,85.7900,1143900.0000,32.0326
09/17/2009,85.7900,85.9400,85.1600,85.9400,733400.0000,32.0886
09/18/2009,85.7200,86.0600,84.8600,85.7000,565700.0000,31.9989
09/21/2009,85.5000,85.7500,84.9300,85.7500,510600.0000,32.0176
09/22/2009,86.0200,86.1300,85.5000,85.6500,413400.0000,31.9803
09/23/2009,85.9000,86.3600,85.8000,85.9100,464900.0000,32.0774
09/24/2009,86.3000,86.4900,85.7100,86.0700,774000.0000,32.1371
09/25/2009,86.1000,86.3800,85.4500,85.7900,454800.0000,32.0326
09/28/2009,86.1500,86.5400,85.3600,86.4700,455200.0000,32.2865
09/29/2009,86.4500,86.4900,86.1900,86.3700,693000.0000,32.2491
09/30/2009,86.3500,86.6900,85.9400,86.3500,688000.0000,32.2417
10/01/2009,85.3600,85.4100,83.3900,83.3900,3014800.0000,31.3928
10/02/2009,83.0400,83.6100,82.0000,83.4200,1694100.0000,31.4041
10/05/2009,83.6700,84.5400,83.5500,84.5400,556200.0000,31.8257
10/06/2009,84.7900,85.1700,84.2000,84.2500,813300.0000,31.7165
10/07/2009,84.1200,85.0800,84.1200,84.8700,637400.0000,31.9499
10/08/2009,84.8700,85.4200,84.8700,85.4100,824700.0000,32.1532
10/09/2009,85.1100,85.7400,84.9500,85.7400,680100.0000,32.2774
10/12/2009,85.8700,85.8800,85.5500,85.7200,354200.0000,32.2699
10/13/2009,85.8700,85.8700,85.1900,85.7000,295500.0000,32.2623
10/14/2009,86.0000,86.1200,85.7200,86.0400,749900.0000,32.3904
10/15/2009,86.0700,86.1000,85.7500,86.0200,382100.0000,32.3828
10/16/2009,86.0700,86.0900,85.6000,86.0100,443100.0000,32.3791
10/19/2009,86.1700,86.2700,85.9500,86.0300,534700.0000,32.3866
10/20/2009,86.1300,86.4300,86.0100,86.1900,419300.0000,32.4468
10/21/2009,86.3300,86.9300,86.1500,86.3400,869100.0000,32.5033
10/22/2009,86.6700,87.0000,86.4700,87.0000,646200.0000,32.7518
10/23/2009,87.2000,87.2000,86.6100,86.8500,420200.0000,32.6953
10/26/2009,86.6600,87.0400,86.6200,86.9000,779800.0000,32.7141
10/27/2009,86.9000,86.9000,86.0500,86.2200,1527900.0000,32.4581
10/28/2009,86.3800,86.4800,84.7900,84.8000,1266000.0000,31.9236
10/29/2009,85.1800,86.4500,85.0500,85.9900,1350500.0000,32.3715
10/30/2009,86.0000,86.2100,84.8700,85.1800,1466000.0000,32.0666
11/02/2009,84.9300,85.5700,84.6500,85.1400,1437000.0000,32.3183
11/03/2009,84.5900,85.5800,84.5900,85.3300,1135400.0000,32.3904
11/04/2009,85.9000,86.0000,85.3000,85.4600,687800.0000,32.4397
11/05/2009,85.6300,85.6600,85.2400,85.5300,506800.0000,32.4663
11/06/2009,85.4700,85.6500,85.3700,85.6100,547700.0000,32.4967
11/09/2009,85.7900,85.9800,85.7000,85.9500,571400.0000,32.6258
11/10/2009,85.8700,85.9800,85.6600,85.9200,667800.0000,32.6144
11/11/2009,85.9600,86.2000,85.8800,85.9700,509500.0000,32.6333
11/12/2009,86.0900,86.1100,85.7500,86.0700,619900.0000,32.6713
11/13/2009,85.8900,86.2500,85.7500,85.9000,491100.0000,32.6068
11/16/2009,86.3300,86.6500,86.0500,86.3000,714900.0000,32.7586
11/17/2009,86.4800,86.4800,86.1500,86.2800,438400.0000,32.7510
11/18/2009,86.3600,86.4400,86.0600,86.0600,630200.0000,32.6675
11/19/2009,86.2000,86.3000,85.8700,86.2400,679700.0000,32.7358
11/20/2009,86.1400,86.3400,86.0000,86.2200,544200.0000,32.7283
11/23/2009,86.2800,86.3700,86.1000,86.1300,428600.0000,32.6941
11/24/2009,86.2600,86.3000,86.0500,86.1800,526800.0000,32.7131
11/25/2009,86.2500,86.6500,86.2100,86.2200,548900.0000,32.7283
11/27/2009,85.3600,85.8500,85.0500,85.6200,570000.0000,32.5005
11/30/2009,85.6000,86.1000,85.6000,85.9000,674100.0000,32.6068
12/01/2009,85.5900,85.8300,85.3500,85.7000,749100.0000,32.7681
12/02/2009,85.7000,85.9600,85.6000,85.7900,537400.0000,32.8026
12/03/2009,85.9300,86.2600,85.8600,85.9000,489600.0000,32.8446
12/04/2009,86.2100,86.5600,86.2100,86.2500,532000.0000,32.9784
12/07/2009,86.3400,86.4400,86.1600,86.3600,397200.0000,33.0205
12/08/2009,86.3500,86.5000,86.1900,86.4600,359000.0000,33.0587
12/09/2009,86.5200,86.6300,86.4300,86.4600,357000.0000,33.0587
12/10/2009,86.6200,86.8900,86.6100,86.8900,401000.0000,33.2231
12/11/2009,87.0000,87.0600,86.8400,86.9400,444100.0000,33.2423
12/14/2009,87.0000,87.7600,87.0000,87.6400,1132700.0000,33.5099
12/15/2009,87.6000,87.7000,87.2600,87.5500,417600.0000,33.4755
12/16/2009,87.7500,87.7900,87.3100,87.7500,621100.0000,33.5520
12/17/2009,87.6000,87.7800,87.4900,87.7000,350200.0000,33.5328
12/18/2009,87.7800,87.8300,87.6100,87.6500,281600.0000,33.5137
12/21/2009,87.8100,87.9400,87.6500,87.9100,646800.0000,33.6132
12/22/2009,88.0000,88.1200,87.8700,88.1000,432500.0000,33.6858
12/23/2009,88.1500,88.4500,88.1200,88.3100,440100.0000,33.7661
12/24/2009,88.3900,88.7700,88.3000,88.6400,188800.0000,33.8923
12/28/2009,88.7300,88.8000,88.2500,88.3800,532400.0000,33.7929
12/29/2009,87.8500,87.9000,87.3000,87.3300,494600.0000,33.6120
12/30/2009,87.5000,87.7800,87.4300,87.7000,421600.0000,33.7544
12/31/2009,87.8400,87.9000,87.5800,87.8400,346000.0000,33.8082
01/04/2010,88.0000,88.5300,88.0000,88.5300,1316800.0000,34.0738
01/05/2010,88.7500,89.0800,88.4200,88.9500,733000.0000,34.2355
01/06/2010,89.0400,89.2600,89.0000,89.1800,715700.0000,34.3240
01/07/2010,89.3800,89.6300,89.1100,89.5400,956000.0000,34.4626
01/08/2010,89.5600,89.8100,89.5100,89.6800,711400.0000,34.5164
01/11/2010,89.5000,89.7100,89.4800,89.6000,895800.0000,34.4856
01/12/2010,89.5000,90.2900,89.0500,89.1400,1133900.0000,34.3086
01/13/2010,89.1000,89.4200,89.1000,89.3400,868900.0000,34.3856
01/14/2010,89.4400,89.4800,89.2100,89.4400,394600.0000,34.4240
01/15/2010,89.5200,89.5200,88.9900,89.0800,835300.0000,34.2855
01/19/2010,89.0000,89.2000,88.9700,89.1200,796900.0000,34.3009
01/20/2010,89.1500,89.2100,88.8600,88.9900,588500.0000,34.2509
01/21/2010,89.1600,89.1600,87.6000,87.6000,1416800.0000,33.7159
01/22/2010,87.9900,88.0400,86.6100,86.7700,1394400.0000,33.3964
01/25/2010,87.2400,87.4400,86.7500,86.9000,711300.0000,33.4465
01/26/2010,87.2000,87.4300,86.9000,87.0100,576000.0000,33.4888
01/27/2010,86.9600,87.4200,86.9200,87.0400,876500.0000,33.5003
01/28/2010,87.1100,87.2400,86.5500,86.6700,833700.0000,33.3579
01/29/2010,87.2700,87.2700,86.2200,86.2300,1357000.0000,33.1886
02/01/2010,85.9500,86.2800,85.6500,85.9800,924700.0000,33.3488
02/02/2010,86.2700,86.6100,86.0000,86.2400,1238500.0000,33.4496
02/03/2010,86.4000,86.7100,86.2200,86.6800,641200.0000,33.6203
02/04/2010,86.3000,86.3500,85.3800,85.4500,1762600.0000,33.1432
02/05/2010,85.3300,85.3300,83.4500,84.9500,3261500.0000,32.9493
02/08/2010,84.8000,85.1300,84.3900,84.5800,1202400.0000,32.8058
02/09/2010,84.8600,85.0500,84.4600,84.7500,853800.0000,32.8717
02/10/2010,84.7000,84.9200,83.6000,83.6100,1463200.0000,32.4295
02/11/2010,83.9100,84.4200,83.3900,83.9500,1157700.0000,32.5614
02/12/2010,83.9600,84.1700,83.3800,83.9000,743100.0000,32.5420
02/16/2010,83.6700,85.0200,83.6700,84.7300,1061300.0000,32.8639
02/17/2010,85.1700,85.4700,85.1300,85.3800,1400200.0000,33.1161
02/18/2010,85.4900,86.3900,85.4900,86.1900,1153400.0000,33.4302
02/19/2010,86.3700,86.7800,86.3000,86.7700,1485600.0000,33.6552
02/22/2010,86.8900,87.0600,86.7100,86.8800,1596200.0000,33.6979
02/23/2010,87.0200,87.1000,85.9500,86.2500,1014900.0000,33.4535
02/24/2010,86.5700,86.9800,86.3500,86.5800,1047000.0000,33.5815
02/25/2010,86.2800,86.6500,86.0000,86.5900,503400.0000,33.5854
02/26/2010,86.7500,87.2200,86.6600,87.1700,697900.0000,33.8103
03/01/2010,86.6900,86.7800,86.5000,86.5900,1468800.0000,33.8361
03/02/2010,86.8800,87.2000,86.6900,87.1500,1291800.0000,34.0550
03/03/2010,87.2800,87.3800,87.0900,87.2400,986800.0000,34.0901
03/04/2010,87.4300,87.4300,87.0800,87.3100,641100.0000,34.1175
03/05/2010,87.5900,87.8400,87.2900,87.8300,975800.0000,34.3207
03/08/2010,87.9700,88.1000,87.7900,87.8500,937900.0000,34.3285
03/09/2010,87.8200,88.2300,87.8000,88.2300,630800.0000,34.4770
03/10/2010,88.0200,88.3000,88.0000,88.2600,640200.0000,34.4887
03/11/2010,88.1700,88.2500,88.0200,88.1800,488500.0000,34.4575
03/12/2010,88.1900,88.3700,88.1500,88.2000,636700.0000,34.4653
03/15/2010,88.2100,88.2500,87.9300,88.1000,471400.0000,34.4262
03/16/2010,88.2200,88.4800,87.9900,88.4000,923300.0000,34.5434
03/17/2010,88.4700,88.6400,88.3400,88.4000,918300.0000,34.5434
03/18/2010,88.4800,88.6400,88.4100,88.5300,637200.0000,34.5942
03/19/2010,88.0900,88.6000,87.9700,88.0900,674600.0000,34.4223
03/22/2010,87.9500,88.5200,87.8100,88.5100,759000.0000,34.5864
03/23/2010,88.5200,88.6000,88.3300,88.5000,699200.0000,34.5825
03/24/2010,88.4800,88.5900,88.3500,88.4500,430800.0000,34.5629
03/25/2010,88.6400,88.8100,88.5100,88.6600,1005200.0000,34.6450
03/26/2010,88.6200,88.7000,88.5000,88.6300,1312500.0000,34.6333
03/29/2010,88.7400,88.7600,88.7000,88.7400,546200.0000,34.6763
03/30/2010,88.7500,88.8700,88.5600,88.6500,605600.0000,34.6411
03/31/2010,88.5700,88.6000,87.8100,88.3700,1255400.0000,34.5317
04/01/2010,87.8400,88.0000,87.5000,87.5000,773100.0000,34.4482
04/05/2010,87.6500,87.9800,87.4100,87.4600,930200.0000,34.4325
04/06/2010,87.5100,88.0800,87.4500,88.0300,679100.0000,34.6569
04/07/2010,87.9100,88.2400,87.9000,88.1600,859000.0000,34.7080
04/08/2010,88.1000,88.3500,88.0100,88.3100,736100.0000,34.7671
04/09/2010,88.3000,88.5700,88.2600,88.4400,679800.0000,34.8183
04/12/2010,88.5500,88.6600,88.4400,88.4600,443300.0000,34.8262
04/13/2010,88.6400,88.8200,88.6400,88.7000,1162900.0000,34.9207
04/14/2010,88.9000,89.0200,88.8000,88.9400,857700.0000,35.0151
04/15/2010,89.0200,89.4700,88.9200,89.1800,1251000.0000,35.1096
04/16/2010,89.1500,89.3500,88.1000,88.4600,1334100.0000,34.8262
04/19/2010,88.2600,88.4900,88.0500,88.2900,757200.0000,34.7593
04/20/2010,88.6600,90.3300,88.5100,89.2400,1299400.0000,35.1333
04/21/2010,89.3400,89.4100,89.0900,89.2500,553100.0000,35.1372
04/22/2010,89.2200,89.2200,88.7800,88.9900,250700.0000,35.0348
04/23/2010,89.0000,89.6000,88.8700,89.5700,676000.0000,35.2632
04/26/2010,89.4000,89.7000,89.4000,89.5700,440100.0000,35.2632
04/27/2010,89.5700,89.7300,88.3700,88.4400,1220700.0000,34.8183
04/28/2010,88.8000,88.9200,88.5000,88.5000,988000.0000,34.8419
04/29/2010,88.9100,89.2300,88.8900,89.1100,812200.0000,35.0821
04/30/2010,88.9600,89.5200,88.9600,89.4000,809800.0000,35.1963
05/03/2010,88.8000,89.0900,88.7500,88.7500,639000.0000,35.1923
05/04/2010,88.5600,88.6300,87.8100,87.8400,786100.0000,34.8315
05/05/2010,87.2500,87.3500,86.1000,86.6400,2567500.0000,34.3556
05/06/2010,86.2800,86.5100,78.9600,84.4900,6587300.0000,33.5030
05/07/2010,84.4500,85.1200,82.5100,84.4800,2584000.0000,33.4991
05/10/2010,86.8900,87.4000,85.6100,86.0600,1670100.0000,34.1256
05/11/2010,85.6700,86.8800,85.5800,85.9600,1524400.0000,34.0860
05/12/2010,86.5000,87.0300,86.4300,87.0100,1031200.0000,34.5023
05/13/2010,87.0900,87.2500,86.4700,86.4700,1151600.0000,34.2882
05/14/2010,86.2100,86.4600,85.3600,85.9700,1050700.0000,34.0899
05/17/2010,85.9500,86.1900,85.1200,85.8600,1120800.0000,34.0463
05/18/2010,86.3200,86.4600,85.4100,85.6800,1067400.0000,33.9749
05/19/2010,85.4100,85.6500,84.2600,85.1800,1565100.0000,33.7767
05/20/2010,83.8900,83.8900,81.3300,82.6400,3092800.0000,32.7695
05/21/2010,81.4900,84.4000,81.4300,84.3000,1815000.0000,33.4277
05/24/2010,84.1000,85.2000,83.9900,84.4300,1266200.0000,33.4793
05/25/2010,83.2000,84.3300,82.0100,84.3300,1507500.0000,33.4396
05/26/2010,84.6400,85.0500,83.1900,83.3200,1738300.0000,33.0391
05/27/2010,84.1400,84.8800,84.1400,84.4700,828500.0000,33.4951
05/28/2010,84.7900,84.8400,84.3200,84.6100,1253900.0000,33.5506
06/01/2010,83.6100,84.3500,83.3700,83.5700,770300.0000,33.3920
06/02/2010,83.9300,84.1400,83.7000,84.0000,1414500.0000,33.5638
06/03/2010,84.2200,84.4000,83.7100,84.0300,877200.0000,33.5758
06/04/2010,83.5100,84.1500,83.3300,83.5600,1439000.0000,33.3880
06/07/2010,83.4700,84.2700,82.9800,82.9800,992900.0000,33.1563
06/08/2010,83.5200,83.5200,82.5500,83.1100,1085200.0000,33.2082
06/09/2010,83.3000,83.4500,83.0100,83.2900,1081900.0000,33.2801
06/10/2010,83.6100,84.1400,83.3700,84.1400,588200.0000,33.6198
06/11/2010,83.6900,84.2800,83.5900,84.2600,468300.0000,33.6677
06/14/2010,84.3500,84.7000,84.2500,84.3700,843100.0000,33.7117
06/15/2010,84.6500,85.4300,84.5600,85.1900,1387200.0000,34.0393
06/16/2010,84.9900,85.3200,84.8000,85.2600,1877200.0000,34.0673
06/17/2010,85.5000,85.9400,85.3600,85.9000,1097000.0000,34.3230
06/18/2010,85.9800,86.3300,85.9300,86.2700,734300.0000,34.4708
06/21/2010,86.7700,86.8200,86.4700,86.5800,1094400.0000,34.5947
06/22/2010,86.5000,86.6000,85.6200,85.9600,1011000.0000,34.3470
06/23/2010,86.0300,86.0900,85.2900,85.9000,882300.0000,34.3230
06/24/2010,85.7200,85.7700,85.2000,85.3100,613600.0000,34.0873
06/25/2010,85.6300,85.7400,85.2500,85.7000,536500.0000,34.2431
06/28/2010,85.8200,86.2000,85.6700,85.8900,682200.0000,34.3190
06/29/2010,85.5700,85.5800,84.5300,85.0300,1354400.0000,33.9754
06/30/2010,84.8500,85.1200,84.5100,84.9000,1111300.0000,33.9234
07/01/2010,84.4600,84.7200,83.4600,84.6800,2044000.0000,34.0856
07/02/2010,84.5600,85.1500,84.5000,84.7000,880400.0000,34.0937
07/06/2010,85.2100,85.4100,84.8600,85.3700,1176600.0000,34.3634
07/07/2010,85.3800,86.4800,85.2000,86.4000,1173900.0000,34.7780
07/08/2010,86.6600,86.8400,86.1200,86.8000,1525200.0000,34.9390
07/09/2010,86.8000,86.8000,86.4700,86.6000,778800.0000,34.8585
07/12/2010,86.7100,86.7200,85.8600,86.5300,786500.0000,34.8303
07/13/2010,86.7500,87.3500,86.5200,87.2000,1464900.0000,35.1000
07/14/2010,87.0500,87.2600,86.8800,87.1200,640400.0000,35.0678
07/15/2010,86.9600,87.3000,86.9200,87.2500,565900.0000,35.1201
07/16/2010,87.1900,87.2100,86.4800,86.7200,1215300.0000,34.9068
07/19/2010,86.9800,87.2200,86.7300,87.0100,556000.0000,35.0235
07/20/2010,87.0000,88.1600,86.8600,87.7100,2442800.0000,35.3053
07/21/2010,88.0800,88.4400,87.3700,87.6700,1376100.0000,35.2892
07/22/2010,87.9500,88.4600,87.9500,88.4500,809300.0000,35.6032
07/23/2010,88.3900,88.8500,88.0400,88.8500,985400.0000,35.7642
07/26/2010,88.8000,88.9600,88.4700,88.8900,887200.0000,35.7803
07/27/2010,88.9900,89.1000,88.4800,88.7700,887100.0000,35.7319
07/28/2010,88.8800,88.9500,88.5200,88.5800,603100.0000,35.6555
07/29/2010,88.8800,88.9300,88.5800,88.8500,628800.0000,35.7642
07/30/2010,88.6000,88.8700,88.3500,88.6200,1038700.0000,35.6716
08/02/2010,88.3900,88.5500,88.2000,88.4800,1021600.0000,35.8576
08/03/2010,88.1700,88.6300,88.0900,88.4800,1705900.0000,35.8576
08/04/2010,88.5800,88.5900,88.2900,88.4300,1844200.0000,35.8373
08/05/2010,88.3400,88.4100,88.1500,88.3900,708100.0000,35.8211
08/06/2010,88.3400,88.3900,87.8700,88.3700,830300.0000,35.8130
08/09/2010,88.5900,88.5900,88.0900,88.2100,1266200.0000,35.7482
08/10/2010,88.2300,88.3000,87.9500,88.1800,1271500.0000,35.7360
08/11/2010,87.5900,87.7000,86.9000,87.0300,1558600.0000,35.2700
08/12/2010,86.6500,87.1400,86.2000,86.7300,1261600.0000,35.1484
08/13/2010,86.9700,87.3300,86.6500,87.1100,776300.0000,35.3024
08/16/2010,86.9900,87.4700,86.9800,87.2200,1087600.0000,35.3470
08/17/2010,87.5500,87.7800,87.4700,87.5500,860800.0000,35.4807
08/18/2010,87.6000,87.7600,87.5000,87.7000,717000.0000,35.5415
08/19/2010,87.7000,87.8100,87.2800,87.5200,882800.0000,35.4685
08/20/2010,87.5200,87.7700,87.4600,87.7300,557700.0000,35.5537
08/23/2010,87.8000,87.8100,87.5700,87.7300,633300.0000,35.5537
08/24/2010,87.5100,87.5700,87.2500,87.2700,1000800.0000,35.3672
08/25/2010,87.2000,87.3200,86.7900,87.1500,788400.0000,35.3186
08/26/2010,87.2200,87.4400,86.8000,87.0300,1012400.0000,35.2700
08/27/2010,87.2000,87.4300,86.9100,87.0200,1302000.0000,35.2659
08/30/2010,87.0300,87.4300,87.0300,87.1800,620800.0000,35.3308
08/31/2010,87.2000,87.3800,87.1000,87.1500,1154800.0000,35.3186
09/01/2010,86.9100,87.4600,86.8900,87.4600,1697900.0000,35.7003
09/02/2010,87.5200,87.6100,87.3400,87.6000,603900.0000,35.7574
09/03/2010,87.7300,87.8600,87.4800,87.8600,999600.0000,35.8635
09/07/2010,87.6800,87.7400,87.3500,87.7300,883500.0000,35.8105
09/08/2010,87.7300,87.8600,87.6600,87.7500,835500.0000,35.8186
09/09/2010,88.1300,88.1300,87.8300,88.1000,789300.0000,35.9615
09/10/2010,88.2300,88.3700,88.0200,88.3300,957600.0000,36.0554
09/13/2010,88.5800,88.8200,88.4500,88.7900,1103500.0000,36.2431
09/14/2010,88.7800,88.7800,88.5200,88.7700,658700.0000,36.2350
09/15/2010,88.4700,88.7400,88.4700,88.6900,570800.0000,36.2023
09/16/2010,88.7400,88.9000,88.6500,88.8400,751400.0000,36.2635
09/17/2010,89.0500,89.0500,88.9000,89.0000,922800.0000,36.3289
09/20/2010,89.1000,89.2200,89.0500,89.1400,631900.0000,36.3860
09/21/2010,89.2300,89.2300,88.8700,88.9900,810900.0000,36.3248
09/22/2010,89.1000,89.1000,88.6200,88.6300,832700.0000,36.1778
09/23/2010,88.5000,88.5200,88.2500,88.4000,758800.0000,36.0840
09/24/2010,88.5300,88.8900,88.5300,88.7500,917200.0000,36.2268
09/27/2010,88.9300,89.0800,88.8400,88.9000,615900.0000,36.2880
09/28/2010,89.1600,89.1600,88.8000,89.0300,1038800.0000,36.3411
09/29/2010,89.2000,89.4100,89.1100,89.2400,826600.0000,36.4268
09/30/2010,89.4800,89.7400,89.2300,89.6900,2290800.0000,36.6105
10/01/2010,89.2100,89.3300,88.9900,89.2200,837800.0000,36.6586
10/04/2010,89.2800,89.2800,88.8900,88.9100,2490600.0000,36.5312
10/05/2010,89.2500,89.3200,89.0600,89.2300,993500.0000,36.6627
10/06/2010,89.2200,89.3300,89.0500,89.1500,1990200.0000,36.6298
10/07/2010,89.3500,89.5000,89.1300,89.3300,1371700.0000,36.7038
10/08/2010,89.4600,89.6800,89.3600,89.6300,1524800.0000,36.8271
10/11/2010,89.6600,89.8900,89.6300,89.8200,644900.0000,36.9051
10/12/2010,89.7700,89.9500,89.6700,89.7400,855200.0000,36.8722
10/13/2010,89.9300,90.2500,89.8200,90.0400,880300.0000,36.9955
10/14/2010,90.1200,90.1300,89.5500,89.6100,994400.0000,36.8188
10/15/2010,89.7900,90.0000,89.7400,89.8400,524200.0000,36.9134
10/18/2010,89.9500,90.1000,89.7200,89.7200,516300.0000,36.8640
10/19/2010,89.7900,89.9500,89.6800,89.7100,601800.0000,36.8599
10/20/2010,89.8200,90.0200,89.6400,89.9900,965600.0000,36.9750
10/21/2010,90.0900,90.1200,89.8500,89.8500,521000.0000,36.9174
10/22/2010,90.0700,90.2800,90.0100,90.2600,418000.0000,37.0859
10/25/2010,90.4700,90.7700,90.4500,90.6100,1051500.0000,37.2297
10/26/2010,90.5900,90.7700,90.5500,90.7500,568100.0000,37.2873
10/27/2010,90.7000,90.8000,90.5300,90.6500,910700.0000,37.2462
10/28/2010,90.8900,90.9000,90.5500,90.7000,1078600.0000,37.2667
10/29/2010,90.8100,90.9000,90.6600,90.7400,898000.0000,37.2831
11/01/2010,90.3000,90.4000,89.9500,89.9700,921400.0000,37.2132
11/02/2010,90.2000,90.4200,90.0700,90.4100,859800.0000,37.3952
11/03/2010,90.4500,90.8000,90.3400,90.7100,1301600.0000,37.5193
11/04/2010,91.0700,91.9700,91.0600,91.8900,1495800.0000,38.0074
11/05/2010,91.7800,91.8900,91.5200,91.7900,1281500.0000,37.9660
11/08/2010,91.7000,91.7900,91.4500,91.5200,1178800.0000,37.8543
11/09/2010,91.6900,91.6900,91.1000,91.2600,705400.0000,37.7468
11/10/2010,91.2500,91.2500,90.4800,90.5100,1250800.0000,37.4366
11/11/2010,90.4400,90.5300,89.8100,90.1500,1051000.0000,37.2877
11/12/2010,90.1400,90.2500,89.8200,89.8200,1088500.0000,37.1512
11/15/2010,90.1700,90.2000,89.5900,89.6500,1071300.0000,37.0809
11/16/2010,89.5800,89.7000,88.4900,88.6600,1674100.0000,36.6714
11/17/2010,89.2500,89.3700,89.0000,89.1100,1827000.0000,36.8575
11/18/2010,89.8200,90.2400,89.5800,90.2400,1197000.0000,37.3249
11/19/2010,90.0000,90.2100,89.8400,90.2100,592000.0000,37.3125
11/22/2010,89.7600,89.9500,89.5400,89.5800,424600.0000,37.0519
11/23/2010,89.3800,89.3800,88.3200,88.3500,1975700.0000,36.5431
11/24/2010,88.5700,89.0200,88.5700,88.8800,690700.0000,36.7624
11/26/2010,88.7700,88.8700,88.5100,88.5600,365000.0000,36.6300
11/29/2010,88.5100,89.0200,88.4800,88.7900,598300.0000,36.7252
11/30/2010,88.5900,89.1200,88.4200,88.9900,1459300.0000,36.8079
12/01/2010,88.9800,89.2500,88.7900,89.2200,1710800.0000,37.1485
12/02/2010,89.2600,89.3200,89.0000,89.2700,775600.0000,37.1693
12/03/2010,89.2000,89.4500,89.1600,89.4200,1621000.0000,37.2317
12/06/2010,89.4200,89.4200,89.2300,89.3700,776300.0000,37.2109
12/07/2010,89.8200,89.9100,89.6700,89.8300,946300.0000,37.4025
12/08/2010,89.7300,90.0000,89.4100,89.5400,1216200.0000,37.2817
12/09/2010,89.6700,89.6700,89.3400,89.3500,457200.0000,37.2026
12/10/2010,89.5000,89.6100,89.3100,89.3900,613100.0000,37.2193
12/13/2010,89.4000,89.5700,88.8200,88.9400,1176600.0000,37.0319
12/14/2010,89.4000,89.4000,88.8800,89.3800,1366900.0000,37.2151
12/15/2010,89.4000,89.4000,88.9100,89.0300,566500.0000,37.0694
12/16/2010,88.9000,89.3600,88.7800,89.3600,498600.0000,37.2068
12/17/2010,89.3500,89.5300,89.2300,89.4900,989700.0000,37.2609
12/20/2010,89.6300,89.6500,89.5000,89.6500,587700.0000,37.3275
12/21/2010,89.8100,89.8900,89.6600,89.8400,785400.0000,37.4066
12/22/2010,89.8500,90.1400,89.7700,90.0900,803000.0000,37.5107
12/23/2010,90.1500,90.2500,90.1200,90.1800,560500.0000,37.5482
12/27/2010,90.3200,90.3600,90.1200,90.2500,590800.0000,37.5773
12/28/2010,89.8700,89.9000,89.5400,89.7300,575100.0000,37.6012
12/29/2010,89.8400,90.0600,89.7200,90.0300,535700.0000,37.7270
12/30/2010,90.1400,90.1400,89.9600,90.1300,335400.0000,37.7689
12/31/2010,90.1300,90.3100,90.0500,90.2900,715700.0000,37.8359
01/03/2011,90.2900,90.7100,90.2700,90.3600,1448800.0000,37.8652
01/04/2011,90.5600,90.7800,90.4800,90.7700,1077800.0000,38.0370
01/05/2011,90.6400,91.0100,90.6300,91.0000,2537800.0000,38.1334
01/06/2011,91.0400,91.1200,90.6900,91.1100,2046600.0000,38.1795
01/07/2011,91.1200,91.1200,90.7000,90.7600,917900.0000,38.0328
01/10/2011,90.6100,90.7300,90.5700,90.6900,517400.0000,38.0035
01/11/2011,90.9100,91.0900,90.8500,91.0400,493300.0000,38.1502
01/12/2011,91.0500,91.3300,91.0500,91.2300,609600.0000,38.2298
01/13/2011,91.2400,91.4500,91.1700,91.2100,1563900.0000,38.2214
01/14/2011,91.3500,91.4000,91.2400,91.3600,912500.0000,38.2843
01/18/2011,91.5000,91.5000,91.2500,91.3500,1186800.0000,38.2801
01/19/2011,91.2700,91.3900,91.0600,91.0700,1073200.0000,38.1627
01/20/2011,91.0700,91.1300,90.7600,90.8900,766000.0000,38.0873
01/21/2011,90.9800,91.3400,90.9800,91.2600,681100.0000,38.2424
01/24/2011,91.2900,91.4500,91.2900,91.3900,697300.0000,38.2969
01/25/2011,91.4300,91.5300,91.3300,91.5300,686400.0000,38.3555
01/26/2011,91.6400,91.7200,91.5300,91.7200,985500.0000,38.4351
01/27/2011,91.7700,91.8500,91.6900,91.8400,679400.0000,38.4854
01/28/2011,91.8800,91.8900,91.2700,91.2900,2015100.0000,38.2549
01/31/2011,91.5300,91.7800,91.3600,91.7800,1183200.0000,38.4603
02/01/2011,91.3100,91.4500,91.2100,91.3700,944600.0000,38.5357
02/02/2011,91.4900,91.5100,91.3700,91.4700,550400.0000,38.5779
02/03/2011,91.4800,91.5600,91.2700,91.4700,1240800.0000,38.5779
02/04/2011,91.7000,91.8900,91.5200,91.8700,1667600.0000,38.7466
02/07/2011,92.0100,92.0500,91.7900,92.0400,2260600.0000,38.8184
02/08/2011,92.1200,92.1600,92.0000,92.1400,2632400.0000,38.8605
02/09/2011,92.1400,92.1400,91.6200,91.6200,936900.0000,38.6412
02/10/2011,91.6000,91.9100,91.5000,91.7200,801800.0000,38.6834
02/11/2011,91.8700,91.9500,91.6300,91.9500,586700.0000,38.7804
02/14/2011,91.8600,92.0200,91.8600,92.0200,660000.0000,38.8099
02/15/2011,92.0600,92.0600,91.7700,91.8400,1109100.0000,38.7340
02/16/2011,92.0100,92.0900,91.8700,91.8700,1378100.0000,38.7466
02/17/2011,92.0000,92.1000,91.9600,92.0800,658800.0000,38.8353
02/18/2011,92.1800,92.3700,92.1100,92.3600,870300.0000,38.9533
02/22/2011,92.1900,92.2400,91.5900,91.6000,1305600.0000,38.6328
02/23/2011,91.6300,91.8300,91.5900,91.6900,1062700.0000,38.6707
02/24/2011,91.8500,91.9100,91.7100,91.7600,857300.0000,38.7002
02/25/2011,91.8100,92.0800,91.7800,92.0400,1907800.0000,38.8184
02/28/2011,92.1400,92.5300,91.9800,92.5000,4044100.0000,39.0124
03/01/2011,91.9700,91.9800,91.6800,91.7800,1692100.0000,38.9525
03/02/2011,91.7500,91.8800,91.7000,91.8600,1271400.0000,38.9865
03/03/2011,91.9100,92.2200,91.9100,92.1900,1615300.0000,39.1265
03/04/2011,92.1900,92.2100,91.9300,92.0000,1057200.0000,39.0459
03/07/2011,92.1300,92.1400,91.9200,92.0200,1086800.0000,39.0544
03/08/2011,92.0000,92.0600,91.9100,91.9400,971400.0000,39.0204
03/09/2011,91.9600,92.0100,91.6500,91.6800,1241700.0000,38.9101
03/10/2011,91.7400,91.8000,91.1700,91.2000,1098400.0000,38.7063
03/11/2011,91.1100,91.3500,91.0600,91.1800,1023500.0000,38.6979
03/14/2011,91.0900,91.2600,90.7600,90.8100,1643400.0000,38.5408
03/15/2011,89.9000,90.4900,89.5000,90.3400,1598300.0000,38.3413
03/16/2011,90.3600,90.6200,89.7200,89.7800,2882900.0000,38.1037
03/17/2011,90.2200,90.7600,90.2200,90.7500,1634200.0000,38.5154
03/18/2011,91.1400,91.4700,91.0200,91.1800,1300400.0000,38.6979
03/21/2011,91.4900,91.7800,91.4100,91.7400,943800.0000,38.9355
03/22/2011,91.6200,91.8300,91.5300,91.7900,2285400.0000,38.9568
03/23/2011,91.6900,91.8200,91.5300,91.6800,749400.0000,38.9101
03/24/2011,91.7600,91.8500,91.6500,91.7600,923100.0000,38.9440
03/25/2011,91.8400,91.8600,91.7600,91.7900,478500.0000,38.9568
03/28/2011,91.9000,91.9000,91.6900,91.8200,844000.0000,38.9695
03/29/2011,91.7000,91.9100,91.6800,91.8700,1010700.0000,38.9907
03/30/2011,91.9500,92.0600,91.7500,92.0100,1868800.0000,39.0501
03/31/2011,92.0300,92.0300,91.8700,91.9600,924100.0000,39.0289
04/01/2011,91.3900,91.5300,91.2800,91.2800,1322400.0000,38.9819
04/04/2011,91.4400,91.8600,91.3500,91.8400,3254100.0000,39.2211
04/05/2011,91.6400,91.9100,91.6400,91.7400,1338100.0000,39.1784
04/06/2011,91.9100,91.9800,91.8400,91.9400,835300.0000,39.2638
04/07/2011,91.9300,92.0700,91.9200,92.0300,1156700.0000,39.3022
04/08/2011,92.0900,92.1200,91.9100,92.0300,1168900.0000,39.3022
04/11/2011,92.0800,92.1700,91.9300,91.9400,1045900.0000,39.2638
04/12/2011,91.9800,91.9800,91.6200,91.6500,940100.0000,39.1400
04/13/2011,91.8700,92.0900,91.8300,92.0900,1128100.0000,39.3278
04/14/2011,92.0000,92.0200,91.6400,91.7200,1538700.0000,39.1698
04/15/2011,91.8500,91.9000,91.7600,91.8400,658300.0000,39.2211
04/18/2011,91.7000,91.7000,91.4200,91.5200,1736400.0000,39.0844
04/19/2011,91.6400,91.8600,91.6100,91.8400,1020800.0000,39.2211
04/20/2011,92.0000,92.2300,91.9100,92.1900,716400.0000,39.3706
04/21/2011,92.3200,92.4300,92.1100,92.4100,632000.0000,39.4645
04/25/2011,92.4500,92.4500,92.3000,92.3100,978700.0000,39.4218
04/26/2011,92.4500,92.5200,92.3300,92.5200,575400.0000,39.5115
04/27/2011,92.4900,92.5800,92.4800,92.5800,738800.0000,39.5371
04/28/2011,92.5800,92.6600,92.5500,92.6300,697600.0000,39.5585
04/29/2011,92.7600,92.8500,92.6800,92.8500,799000.0000,39.6524
05/02/2011,92.3100,92.4200,92.2100,92.2300,848700.0000,39.6322
05/03/2011,92.4200,92.4300,92.1000,92.2500,977700.0000,39.6408
05/04/2011,92.3800,92.3800,92.1200,92.2200,959400.0000,39.6279
05/05/2011,92.2200,92.2200,91.7900,91.8400,1300000.0000,39.4646
05/06/2011,92.1100,92.4500,92.1100,92.3100,968900.0000,39.6666
05/09/2011,92.3900,92.5100,92.2900,92.4300,620500.0000,39.7182
05/10/2011,92.3300,92.6300,92.3300,92.6300,723600.0000,39.8041
05/11/2011,92.6900,92.7300,92.3700,92.4900,595200.0000,39.7439
05/12/2011,92.4700,92.5800,92.2600,92.5800,1129800.0000,39.7826
05/13/2011,92.6000,92.6000,92.2000,92.2000,1053400.0000,39.6193
05/16/2011,92.2600,92.4700,92.2600,92.3800,540400.0000,39.6967
05/17/2011,92.3700,92.5900,92.1100,92.5400,1674000.0000,39.7654
05/18/2011,92.4800,92.6600,92.4300,92.6500,813000.0000,39.8127
05/19/2011,92.6700,92.6700,92.5100,92.6100,715900.0000,39.7955
05/20/2011,92.6100,92.6100,92.4100,92.5400,538900.0000,39.7654
05/23/2011,92.2600,92.3500,92.0800,92.1000,1204800.0000,39.5763
05/24/2011,92.3100,92.3700,91.9300,91.9500,808100.0000,39.5119
05/25/2011,92.0300,92.0500,91.9000,91.9500,1407900.0000,39.5119
05/26/2011,91.9700,92.0000,91.8700,91.8700,787900.0000,39.4775
05/27/2011,91.9500,92.2600,91.9000,92.1500,1225700.0000,39.5978
05/31/2011,92.4000,92.4600,92.2600,92.4000,1848000.0000,39.7052
06/01/2011,91.7600,91.8900,91.1500,91.3000,2091600.0000,39.4744
06/02/2011,91.3600,91.4000,91.2000,91.2400,1177000.0000,39.4485
06/03/2011,90.9600,91.0800,90.8200,90.8800,1141100.0000,39.2928
06/06/2011,90.9400,91.0100,90.5700,90.6600,1660100.0000,39.1977
06/07/2011,90.9000,90.9300,90.5400,90.5900,995500.0000,39.1674
06/08/2011,90.5600,90.5800,90.1400,90.1600,1642600.0000,38.9815
06/09/2011,90.2100,90.4400,90.1200,90.2200,1480700.0000,39.0075
06/10/2011,90.2700,90.3500,89.4400,89.6300,3870000.0000,38.7523
06/13/2011,89.7500,89.9900,89.2900,89.2900,2015400.0000,38.6053
06/14/2011,89.9700,90.0200,89.8000,89.8500,1253000.0000,38.8475
06/15/2011,89.5800,89.8500,89.3700,89.4700,1319400.0000,38.6831
06/16/2011,89.4100,89.7000,87.6300,87.8800,7149900.0000,37.9957
06/17/2011,88.8900,89.1800,88.3000,88.8500,3486900.0000,38.4151
06/20/2011,88.9500,89.5700,88.9400,89.4700,1555600.0000,38.6831
06/21/2011,89.6200,90.0800,89.5600,90.0700,2212000.0000,38.9426
06/22/2011,89.9000,90.0400,89.4100,89.4200,1667400.0000,38.6615
06/23/2011,89.2500,90.0000,88.8300,89.9000,2999800.0000,38.8691
06/24/2011,90.0500,90.0500,89.3300,89.4700,1416400.0000,38.6831
06/27/2011,89.5100,89.6000,89.3600,89.4500,1137600.0000,38.6745
06/28/2011,89.7000,89.8100,89.6200,89.8100,1477500.0000,38.8302
06/29/2011,90.1000,90.7500,89.9500,90.7000,1752700.0000,39.2150
06/30/2011,90.7000,91.6000,90.7000,91.3100,2514300.0000,39.4787
07/01/2011,91.3900,91.4500,90.8400,91.2100,1749800.0000,39.6884
07/05/2011,91.0600,91.3400,90.9100,91.3300,2253200.0000,39.7407
07/06/2011,90.9900,91.3800,90.9200,91.3700,1969400.0000,39.7581
07/07/2011,91.5800,91.7300,91.3100,91.7300,2662100.0000,39.9147
07/08/2011,91.1600,91.5200,91.1400,91.4800,1771000.0000,39.8059
07/11/2011,91.0100,91.1300,90.5500,90.5800,1967100.0000,39.4143
07/12/2011,90.5200,90.6600,90.3200,90.3300,1407200.0000,39.3055
07/13/2011,90.6000,91.0700,90.5400,91.0300,1056800.0000,39.6101
07/14/2011,90.8700,91.5000,90.8100,90.9800,823300.0000,39.5884
07/15/2011,91.1700,91.1700,90.8900,90.9500,688800.0000,39.5753
07/18/2011,90.7500,91.0000,90.5100,90.7900,2103500.0000,39.5057
07/19/2011,90.7800,91.2300,90.7100,91.2000,894100.0000,39.6841
07/20/2011,91.4100,91.4100,91.2000,91.2800,878500.0000,39.7189
07/21/2011,91.4500,91.7700,91.3500,91.7200,936300.0000,39.9104
07/22/2011,91.6000,91.8600,91.5400,91.8400,670000.0000,39.9626
07/25/2011,91.5500,91.7400,91.3400,91.3500,1050600.0000,39.7494
07/26/2011,91.4400,91.6400,91.3300,91.5400,570200.0000,39.8321
07/27/2011,91.5200,91.5800,90.8200,90.8200,1158100.0000,39.5187
07/28/2011,90.9200,91.1800,90.8300,90.9600,689700.0000,39.5797
07/29/2011,90.4800,91.0800,90.4100,91.0500,1199100.0000,39.6188
08/01/2011,90.7900,91.0100,90.2500,90.7000,907000.0000,39.7068
08/02/2011,90.4900,90.5000,89.5700,89.5800,1286700.0000,39.2165
08/03/2011,89.6100,89.9600,88.8100,89.5300,2361600.0000,39.1946
08/04/2011,89.0000,89.3500,86.9100,86.9500,3396500.0000,38.0651
08/05/2011,87.4400,88.1300,84.6100,86.8600,4671900.0000,38.0257
08/08/2011,83.8700,85.8600,82.3300,83.1600,6491600.0000,36.4059
08/09/2011,84.2500,85.7000,83.0500,85.7000,5124100.0000,37.5179
08/10/2011,85.1500,85.2900,83.8900,84.2500,3395000.0000,36.8831
08/11/2011,83.6600,85.9100,83.6600,85.7800,2916900.0000,37.5529
08/12/2011,85.9800,86.2100,85.0300,85.3800,2273600.0000,37.3778
08/15/2011,85.9700,86.8900,85.6800,86.7700,3280700.0000,37.9863
08/16/2011,86.5300,86.7800,86.1200,86.2200,2712000.0000,37.7455
08/17/2011,86.6300,87.1800,86.6000,87.1700,1668900.0000,38.1614
08/18/2011,86.1800,86.2300,85.1100,86.1100,2342700.0000,37.6974
08/19/2011,85.2700,86.5800,85.0900,85.3600,1879400.0000,37.3691
08/22/2011,86.0000,86.3600,85.3500,85.4600,1681100.0000,37.4128
08/23/2011,85.2800,86.2400,84.7000,86.1000,2588800.0000,37.6930
08/24/2011,85.5000,86.0600,85.1900,85.7100,2550900.0000,37.5223
08/25/2011,86.2200,86.4600,85.0000,85.0200,1678800.0000,37.2202
08/26/2011,85.0500,86.0500,84.3000,85.8800,1629000.0000,37.5967
08/29/2011,86.4700,86.8500,86.1800,86.7500,2082100.0000,37.9776
08/30/2011,86.6100,86.9600,86.4900,86.9100,1774500.0000,38.0476
08/31/2011,87.7900,88.3800,87.5700,88.0300,3213700.0000,38.5379
09/01/2011,87.4900,87.6100,87.2300,87.4100,1624000.0000,38.5128
09/02/2011,86.5700,87.5600,86.5700,87.0000,1814600.0000,38.3322
09/06/2011,85.7600,86.3000,85.5200,85.9700,3004100.0000,37.8784
09/07/2011,86.5900,86.7600,86.1100,86.3900,916900.0000,38.0634
09/08/2011,86.5600,86.8500,86.3900,86.6600,1533100.0000,38.1824
09/09/2011,86.5500,86.8000,85.6300,85.8800,1978400.0000,37.8387
09/12/2011,85.3100,85.4600,84.8100,85.1400,2110000.0000,37.5127
09/13/2011,85.3400,86.0000,85.1400,85.7900,2331900.0000,37.7991
09/14/2011,86.0700,86.5600,85.6600,86.3600,1648300.0000,38.0502
09/15/2011,86.5600,86.9600,86.3700,86.9400,1534000.0000,38.3057
09/16/2011,87.1500,87.1500,86.6000,86.8900,1217200.0000,38.2837
09/19/2011,86.7400,86.9300,86.3800,86.7600,1251000.0000,38.2264
09/20/2011,86.9200,87.0800,86.5700,86.9000,1509100.0000,38.2881
09/21/2011,86.9000,87.0800,86.1400,86.1500,2524900.0000,37.9577
09/22/2011,85.1700,85.5200,84.7800,84.9800,2295700.0000,37.4422
09/23/2011,84.7300,85.6200,84.7000,85.2100,2251300.0000,37.5435
09/26/2011,85.3900,86.3800,85.0100,85.5300,2451400.0000,37.6845
09/27/2011,86.0400,86.0400,85.5000,85.6300,3481300.0000,37.7286
09/28/2011,85.5800,85.6000,84.5100,84.6700,2696800.0000,37.3056
09/29/2011,85.0000,85.2800,84.3600,84.5100,1643100.0000,37.2351
09/30/2011,83.9800,83.9800,82.7300,82.8300,2510700.0000,36.4949
10/03/2011,81.9200,82.4600,81.3000,81.3000,2560600.0000,36.0550
10/04/2011,80.6100,81.1800,77.9000,81.0500,4870500.0000,35.9441
10/05/2011,81.4300,82.1100,80.7300,82.0400,2563800.0000,36.3831
10/06/2011,82.2900,83.3200,81.9000,83.3100,2317200.0000,36.9463
10/07/2011,83.7800,83.8000,82.6700,83.3800,2686900.0000,36.9774
10/10/2011,84.3800,85.1800,83.8700,85.1700,2014300.0000,37.7712
10/11/2011,85.0300,85.0300,84.1800,84.2300,2278800.0000,37.3543
10/12/2011,84.7700,86.2800,84.4200,86.1900,4223000.0000,38.2236
10/13/2011,85.8400,86.0200,85.1100,85.8300,3361300.0000,38.0639
10/14/2011,86.3100,86.4600,86.0000,86.4300,2760400.0000,38.3300
10/17/2011,86.0200,86.0700,85.7300,85.9300,1904100.0000,38.1083
10/18/2011,85.9200,86.5800,85.4300,86.3900,2890000.0000,38.3122
10/19/2011,86.5500,87.2200,86.0600,86.1100,3574500.0000,38.1881
10/20/2011,86.4000,86.8800,86.2000,86.8700,1759800.0000,38.5251
10/21/2011,87.4500,87.9400,87.2500,87.9200,2405600.0000,38.9908
10/24/2011,88.0000,90.4800,87.8500,90.3000,5630300.0000,40.0462
10/25/2011,89.4100,89.8300,88.6600,88.7000,4506500.0000,39.3367
10/26/2011,89.5000,89.5000,88.4500,89.0800,2839500.0000,39.5052
10/27/2011,90.7400,91.4200,90.0000,90.3900,5132100.0000,40.0862
10/28/2011,90.1600,90.2000,89.8400,90.1200,2820700.0000,39.9664
10/31/2011,89.6600,89.6700,89.2000,89.2800,2972600.0000,39.5939
11/01/2011,87.5300,88.1200,86.7500,87.1700,3132800.0000,38.8873
11/02/2011,87.6300,88.1800,87.4600,88.0000,1812500.0000,39.2576
11/03/2011,88.6900,88.9900,88.1200,88.8700,1409900.0000,39.6457
11/04/2011,88.3800,88.8600,88.0700,88.7800,3759500.0000,39.6055
11/07/2011,88.7300,88.7900,88.0200,88.4800,1756000.0000,39.4717
11/08/2011,88.7500,88.8200,88.3300,88.6800,1823800.0000,39.5609
11/09/2011,87.7100,87.9700,86.8000,86.8000,2151500.0000,38.7222
11/10/2011,87.5700,87.7100,86.8700,86.8900,2487700.0000,38.7624
11/11/2011,87.4000,88.1100,87.3300,88.0400,1270200.0000,39.2754
11/14/2011,87.8800,87.8800,87.0000,87.4500,1603100.0000,39.0122
11/15/2011,87.3100,87.4000,86.9000,87.2200,1450000.0000,38.9096
11/16/2011,86.9700,87.1200,86.3500,86.3700,1788500.0000,38.5304
11/17/2011,86.5100,86.7700,85.5300,85.9500,2131700.0000,38.3430
11/18/2011,86.2800,86.3100,85.7900,85.8900,2226100.0000,38.3163
11/21/2011,85.7900,85.9200,84.8200,84.9200,3219000.0000,37.8835
11/22/2011,84.9000,85.1400,84.1900,84.2700,4123400.0000,37.5936
11/23/2011,84.0100,84.2000,82.6300,82.7500,4483000.0000,36.9155
11/25/2011,82.9900,83.6900,82.5300,82.7500,1476200.0000,36.9155
11/28/2011,84.5300,84.9200,84.0200,84.6000,2455000.0000,37.7408
11/29/2011,84.9200,85.1500,84.6200,85.1500,2010300.0000,37.9861
11/30/2011,86.3000,86.6800,86.0700,86.6000,2944100.0000,38.6330
12/01/2011,86.0000,86.5200,85.8400,86.4300,2442000.0000,38.8031
12/02/2011,86.6900,87.0000,86.4300,86.9200,2664700.0000,39.0231
12/05/2011,87.4400,87.6400,87.1200,87.4100,2719200.0000,39.2431
12/06/2011,87.3700,87.8600,87.1300,87.8000,2355600.0000,39.4182
12/07/2011,87.5800,87.6800,87.1900,87.5200,1740600.0000,39.2925
12/08/2011,87.3900,87.5200,86.9400,86.9500,1994200.0000,39.0366
12/09/2011,87.1000,87.7500,87.0000,87.7000,1355900.0000,39.3733
12/12/2011,87.3800,87.3800,87.0500,87.2300,1772000.0000,39.1623
12/13/2011,87.5100,87.7100,86.8700,86.9000,1742400.0000,39.0141
12/14/2011,86.9300,86.9800,86.4700,86.7500,1317700.0000,38.9468
12/15/2011,87.3400,87.3500,86.9300,87.0600,1562200.0000,39.0860
12/16/2011,87.2500,87.5100,87.0000,87.4700,1383900.0000,39.2701
12/19/2011,87.5400,87.9500,87.3500,87.3600,2268000.0000,39.2207
12/20/2011,87.9400,88.5200,87.8600,88.4500,1957100.0000,39.7100
12/21/2011,88.2100,88.7000,88.1000,88.7000,1792300.0000,39.8223
12/22/2011,88.6300,89.1600,88.4600,89.0400,1885800.0000,39.9749
12/23/2011,88.9900,89.5100,88.8700,89.4500,1255200.0000,40.1590
12/27/2011,89.0300,89.3000,88.8000,89.2700,2282000.0000,40.3194
12/28/2011,89.4100,89.4900,88.7600,88.8500,1899200.0000,40.1296
12/29/2011,89.1000,89.4400,88.8600,89.3800,1558600.0000,40.3690
12/30/2011,89.3700,89.6500,89.2600,89.4300,1553400.0000,40.3916
01/03/2012,89.8200,89.9900,89.4500,89.7200,3118800.0000,40.5226
01/04/2012,89.7000,89.7100,89.1100,89.5700,3010000.0000,40.4548
01/05/2012,89.5400,89.5800,88.9900,89.1800,2579700.0000,40.2787
01/06/2012,89.3900,89.3900,88.7500,88.9000,1916400.0000,40.1522
01/09/2012,88.9100,89.2300,88.9100,89.0200,2157800.0000,40.2064
01/10/2012,89.4000,89.4800,89.2000,89.3300,2318000.0000,40.3464
01/11/2012,89.2700,89.3300,89.0400,89.2400,1191100.0000,40.3058
01/12/2012,89.2400,89.4400,89.0400,89.1200,1558100.0000,40.2516
01/13/2012,89.0700,89.1300,88.5500,89.0200,1929400.0000,40.2064
01/17/2012,89.3800,89.3800,89.0600,89.2000,4144200.0000,40.2877
01/18/2012,89.2100,89.4600,88.9500,89.4500,2725800.0000,40.4006
01/19/2012,89.7200,89.8500,89.4600,89.5800,2953000.0000,40.4594
01/20/2012,89.6100,89.7400,89.5400,89.5800,2037500.0000,40.4594
01/23/2012,89.7700,90.0200,89.6600,89.8900,1680100.0000,40.5994
01/24/2012,89.8900,90.1700,89.7200,90.1200,2863800.0000,40.7032
01/25/2012,90.3000,91.0000,89.9200,90.9100,3882800.0000,41.0601
01/26/2012,91.3000,91.4800,90.9200,91.1300,6487500.0000,41.1594
01/27/2012,91.0100,91.1800,90.8000,90.8000,2431100.0000,41.0103
01/30/2012,90.4600,90.7300,90.3500,90.5100,2553000.0000,40.8794
01/31/2012,90.7500,90.8700,90.5300,90.7400,2864400.0000,40.9833
02/01/2012,90.2800,90.7200,90.2800,90.4000,4284200.0000,41.0591
02/02/2012,90.5900,90.6200,90.4100,90.4600,2079600.0000,41.0864
02/03/2012,91.2200,91.2400,90.5800,90.7200,2312900.0000,41.2044
02/06/2012,90.6400,90.7600,90.5000,90.7400,2270500.0000,41.2136
02/07/2012,90.7900,90.9900,90.6700,90.9200,2467000.0000,41.2953
02/08/2012,91.0400,91.0900,90.8100,91.0000,3336000.0000,41.3316
02/09/2012,91.0600,91.0900,90.6700,91.0400,3258700.0000,41.3498
02/10/2012,90.5800,90.6200,90.2500,90.2500,2909600.0000,40.9910
02/13/2012,90.5000,90.7200,90.3300,90.5100,2193100.0000,41.1091
02/14/2012,90.4600,90.6500,90.3900,90.5100,3000100.0000,41.1091
02/15/2012,90.5300,90.7700,90.2000,90.2200,1986600.0000,40.9774
02/16/2012,90.2200,90.6200,89.9900,90.6000,2514100.0000,41.1499
02/17/2012,90.8400,90.8600,90.4500,90.5700,2402700.0000,41.1363
02/21/2012,90.6800,91.0900,90.6500,90.9100,2265100.0000,41.2908
02/22/2012,91.0300,91.2500,90.9700,91.2000,3570600.0000,41.4225
02/23/2012,91.2600,91.7400,91.2000,91.5300,3212300.0000,41.5724
02/24/2012,91.5500,91.8500,91.4800,91.8100,1795500.0000,41.6995
02/27/2012,91.5900,91.9500,91.5900,91.8300,1608100.0000,41.7086
02/28/2012,91.9000,92.1200,91.8500,92.0100,2813200.0000,41.7904
02/29/2012,92.1000,92.2600,91.7700,92.1300,3085800.0000,41.8449
03/01/2012,91.6500,91.8400,91.5000,91.7500,3802800.0000,41.9166
03/02/2012,91.7300,91.7300,91.3400,91.3700,1709000.0000,41.7430
03/05/2012,91.4500,91.4800,90.8500,90.8600,2333700.0000,41.5100
03/06/2012,90.5400,90.7400,89.6500,89.6500,5792700.0000,40.9572
03/07/2012,89.9300,90.0100,89.6400,89.9000,5840700.0000,41.0714
03/08/2012,90.2500,90.6200,90.0400,90.6000,2249700.0000,41.3912
03/09/2012,90.6900,90.9400,90.6300,90.7000,2531300.0000,41.4369
03/12/2012,90.6200,90.7200,90.5000,90.7000,2153000.0000,41.4369
03/13/2012,90.9800,91.3600,90.7600,91.3600,2890700.0000,41.7384
03/14/2012,91.3100,91.3500,90.6700,91.1300,2928800.0000,41.6333
03/15/2012,91.2000,91.2000,90.7400,90.8200,1726800.0000,41.4917
03/16/2012,90.9100,91.0000,90.3000,90.4900,3570300.0000,41.3410
03/19/2012,90.4900,90.8600,90.3300,90.8300,2283900.0000,41.4963
03/20/2012,90.7600,90.9200,90.6100,90.7600,2756600.0000,41.4643
03/21/2012,90.9300,90.9300,90.4500,90.4700,3280100.0000,41.3318
03/22/2012,90.4500,90.7800,90.4300,90.6900,3500900.0000,41.4323
03/23/2012,90.6600,90.7500,90.4000,90.5000,3465200.0000,41.3455
03/26/2012,90.6200,91.0600,90.5700,91.0500,2081200.0000,41.5968
03/27/2012,91.0100,91.3100,90.9400,91.2100,4196700.0000,41.6699
03/28/2012,91.2500,91.2500,90.7700,90.9100,2803700.0000,41.5328
03/29/2012,90.8200,90.9500,90.6000,90.9000,2158600.0000,41.5282
03/30/2012,90.9700,91.0700,90.5900,90.7200,4020300.0000,41.4460
04/02/2012,90.3600,90.4700,90.2000,90.3300,5883800.0000,41.5173
04/03/2012,90.3100,90.5200,90.2400,90.2500,4099700.0000,41.4805
04/04/2012,89.9700,90.1000,89.7900,89.9200,2297600.0000,41.3288
04/05/2012,89.8700,89.9000,89.5900,89.7000,3658900.0000,41.2277
04/09/2012,89.5300,89.5700,89.1400,89.2400,2692500.0000,41.0163
04/10/2012,89.2700,89.4300,88.7200,88.8000,4471100.0000,40.8141
04/11/2012,89.2400,89.3900,89.0700,89.3400,2003700.0000,41.0623
04/12/2012,89.4200,90.2100,89.3400,90.1400,2753500.0000,41.4299
04/13/2012,90.1100,90.2000,89.7900,89.8500,2767400.0000,41.2967
04/16/2012,90.0400,90.1700,89.7100,89.9900,3804300.0000,41.3610
04/17/2012,90.2600,90.4900,90.1500,90.3800,2787400.0000,41.5403
04/18/2012,90.2400,90.4600,90.1900,90.3500,3322600.0000,41.5265
04/19/2012,90.3200,90.4900,90.0800,90.1800,2597800.0000,41.4483
04/20/2012,90.4600,90.4600,90.1100,90.3200,2241500.0000,41.5127
04/23/2012,90.0200,90.1600,89.8500,90.1300,2850700.0000,41.4253
04/24/2012,90.2300,90.3400,90.1000,90.3400,2049300.0000,41.5219
04/25/2012,90.5700,91.0000,90.4600,91.0000,3351000.0000,41.8252
04/26/2012,91.0000,91.1400,90.9600,91.0600,2641100.0000,41.8528
04/27/2012,91.1400,91.1500,90.9000,91.0200,2413000.0000,41.8344
04/30/2012,91.0300,91.2200,90.8000,91.2000,3989000.0000,41.9171
05/01/2012,90.8500,91.1700,90.7300,90.7600,3624600.0000,41.9490
05/02/2012,90.6600,91.1800,90.6000,91.1100,2040700.0000,42.1108
05/03/2012,91.2000,91.2500,90.9500,91.0500,1871900.0000,42.0831
05/04/2012,90.9400,91.0800,90.8000,90.8700,2381400.0000,41.9999
05/07/2012,90.8400,91.2400,90.6100,91.0200,1906100.0000,42.0692
05/08/2012,90.8900,91.0700,90.7200,91.0000,1688900.0000,42.0600
05/09/2012,90.7700,90.8600,90.4400,90.6800,3146800.0000,41.9121
05/10/2012,90.9800,91.0300,90.5200,90.5800,3354000.0000,41.8658
05/11/2012,90.5400,91.1500,90.4800,90.8100,2765200.0000,41.9721
05/14/2012,90.5000,90.5700,90.0000,90.1400,4544000.0000,41.6625
05/15/2012,90.1000,90.1800,89.7000,89.7000,5242100.0000,41.4591
05/16/2012,89.8100,90.0500,88.7900,88.8200,6224400.0000,41.0524
05/17/2012,88.8200,88.8300,87.3700,87.5900,8867800.0000,40.4838
05/18/2012,88.0100,88.2900,87.4800,87.5900,6525600.0000,40.4838
05/21/2012,87.6900,88.5600,87.6800,88.5000,4276900.0000,40.9045
05/22/2012,88.7600,89.1100,88.3800,88.4900,3675300.0000,40.8998
05/23/2012,88.2900,88.6800,87.9500,88.4000,4320900.0000,40.8582
05/24/2012,88.2500,88.6500,88.2500,88.4200,2183000.0000,40.8675
05/25/2012,88.5700,88.6400,88.0900,88.1400,1651500.0000,40.7381
05/29/2012,88.5300,89.2500,88.4500,89.1100,4380300.0000,41.1864
05/30/2012,88.7300,88.8100,88.5300,88.7100,2543300.0000,41.0015
05/31/2012,88.8000,88.8000,87.7500,87.7700,10706100.0000,40.5670
06/01/2012,86.5800,87.1600,86.3600,86.4700,5945600.0000,40.2145
06/04/2012,86.5400,86.8500,86.4300,86.5400,3125700.0000,40.2471
06/05/2012,86.5400,87.3800,86.4500,87.0900,2970100.0000,40.5029
06/06/2012,87.4900,88.0400,87.3100,88.0200,2334800.0000,40.9354
06/07/2012,88.5000,88.7400,88.0400,88.3500,5454300.0000,41.0889
06/08/2012,88.3300,88.9000,88.1900,88.6900,3738100.0000,41.2470
06/11/2012,88.9000,88.9900,88.1000,88.1100,5266700.0000,40.9772
06/12/2012,88.4100,88.8200,88.2600,88.7300,3648400.0000,41.2656
06/13/2012,88.6000,88.9200,88.2600,88.4700,3527200.0000,41.1447
06/14/2012,88.4900,89.2400,88.4300,89.1300,3874100.0000,41.4516
06/15/2012,89.0000,89.3800,89.0000,89.2900,2683200.0000,41.5260
06/18/2012,89.0900,89.3400,89.0000,89.3200,3628200.0000,41.5400
06/19/2012,89.6900,90.1100,89.3400,89.9500,2809100.0000,41.8330
06/20/2012,90.1800,90.3400,89.8200,90.3000,3719000.0000,41.9958
06/21/2012,90.4000,90.7000,89.4200,89.5600,4843700.0000,41.6516
06/22/2012,89.8700,90.2800,89.8500,90.1700,3211700.0000,41.9353
06/25/2012,89.8100,90.0500,89.6700,90.0300,3385600.0000,41.8702
06/26/2012,90.1100,90.1200,89.6600,89.9000,2357900.0000,41.8097
06/27/2012,90.0600,90.4600,90.0600,90.4400,1918000.0000,42.0609
06/28/2012,90.1900,90.4900,90.0800,90.4300,3068700.0000,42.0562
06/29/2012,90.9800,91.2900,90.7800,91.2900,3394900.0000,42.4562
07/02/2012,90.8000,90.8700,90.4000,90.8700,3810700.0000,42.5020
07/03/2012,90.9500,91.2600,90.8300,91.2000,1987500.0000,42.6564
07/05/2012,91.0000,91.4100,90.7200,91.2100,2221300.0000,42.6610
07/06/2012,90.7400,91.1300,90.7000,91.0900,2612400.0000,42.6049
07/09/2012,90.9900,91.2400,90.8900,91.1200,1916600.0000,42.6189
07/10/2012,91.2000,91.3400,90.6000,90.7200,1832600.0000,42.4318
07/11/2012,90.8600,91.0800,90.6400,91.0100,3188700.0000,42.5675
07/12/2012,90.9300,90.9600,90.4600,90.8100,1989100.0000,42.4739
07/13/2012,90.9100,91.1300,90.7600,91.0900,2316400.0000,42.6049
07/16/2012,90.6900,91.0300,90.6600,90.7400,2178900.0000,42.4412
07/17/2012,91.0000,91.1900,90.6900,91.1700,4036500.0000,42.6423
07/18/2012,91.1300,91.5500,91.0900,91.5500,3958600.0000,42.8200
07/19/2012,91.5100,91.8900,91.4800,91.7800,4718200.0000,42.9276
07/20/2012,91.5100,91.6100,91.2300,91.3500,2733500.0000,42.7265
07/23/2012,90.8400,91.2900,90.5800,91.2000,4561700.0000,42.6564
07/24/2012,91.1200,91.1600,90.5700,90.6400,3447700.0000,42.3945
07/25/2012,90.8900,90.9300,90.4400,90.4500,2891000.0000,42.3056
07/26/2012,90.8900,91.4200,90.8300,91.3800,4330900.0000,42.7405
07/27/2012,91.3700,91.9400,91.3700,91.9200,5556800.0000,42.9931
07/30/2012,91.9000,91.9500,91.6500,91.9200,3889700.0000,42.9931
07/31/2012,91.9500,91.9900,91.5400,91.7000,3530800.0000,42.8902
08/01/2012,91.4100,91.6900,91.1500,91.6900,3598100.0000,43.1230
08/02/2012,91.4600,91.5900,91.1500,91.3200,4516600.0000,42.9490
08/03/2012,91.6000,91.9000,91.5700,91.7000,4602000.0000,43.1277
08/06/2012,91.6500,91.9900,91.6400,91.6400,2864400.0000,43.0995
08/07/2012,91.8200,91.9000,91.3600,91.4600,3680600.0000,43.0149
08/08/2012,91.5800,91.7100,91.4800,91.5200,3162100.0000,43.0431
08/09/2012,91.6200,91.6600,91.3800,91.5300,2975600.0000,43.0478
08/10/2012,91.4200,91.5800,91.3100,91.4500,1533600.0000,43.0101
08/13/2012,91.4100,91.5000,91.2500,91.5000,2007800.0000,43.0337
08/14/2012,91.5000,91.7900,91.4700,91.6400,2381000.0000,43.0995
08/15/2012,91.7300,91.7300,91.2000,91.2000,2580400.0000,42.8926
08/16/2012,91.3400,91.5800,91.0800,91.5400,2914300.0000,43.0525
08/17/2012,91.4900,91.6500,91.3900,91.5400,2222000.0000,43.0525
08/20/2012,91.5600,91.7000,91.4100,91.6500,2333200.0000,43.1042
08/21/2012,91.7300,91.8600,91.7000,91.8500,2531200.0000,43.1983
08/22/2012,91.7600,91.8700,91.6800,91.7600,1889100.0000,43.1559
08/23/2012,91.7700,91.8500,91.6100,91.7400,1141700.0000,43.1466
08/24/2012,91.7700,92.1600,91.6900,92.1500,2082100.0000,43.3394
08/27/2012,92.1200,92.2200,91.9200,92.0800,1883600.0000,43.3065
08/28/2012,92.0700,92.1500,91.9500,92.0000,1795700.0000,43.2688
08/29/2012,92.1300,92.1700,92.0000,92.1300,1617600.0000,43.3299
08/30/2012,92.0800,92.1800,92.0000,92.0900,2022400.0000,43.3112
08/31/2012,92.2500,92.4000,92.0900,92.3300,1801800.0000,43.4240
09/04/2012,91.8700,91.8700,91.5600,91.8200,3921500.0000,43.4231
09/05/2012,91.9100,91.9200,91.7600,91.8300,1541000.0000,43.4278
09/06/2012,91.8600,92.3800,91.8600,92.3700,3306000.0000,43.6832
09/07/2012,92.5000,92.6000,92.3700,92.5300,3403300.0000,43.7589
09/10/2012,92.4800,92.7100,92.3200,92.3800,2138600.0000,43.6879
09/11/2012,92.4300,93.0100,92.4300,93.0100,4400300.0000,43.9859
09/12/2012,93.1300,93.3100,93.0800,93.2900,1957400.0000,44.1183
09/13/2012,93.3300,93.9100,93.2600,93.8900,5946800.0000,44.4020
09/14/2012,93.9000,94.0400,93.7100,93.8800,3467200.0000,44.3973
09/17/2012,93.7800,93.9800,93.7000,93.8000,3075500.0000,44.3594
09/18/2012,93.8300,93.9200,93.6200,93.8400,4099400.0000,44.3784
09/19/2012,93.9400,93.9400,93.7200,93.7200,3306500.0000,44.3216
09/20/2012,93.6300,93.6400,93.2700,93.2800,2122200.0000,44.1135
09/21/2012,93.4700,93.4700,93.0300,93.1500,3121700.0000,44.0521
09/24/2012,93.0200,93.1200,92.9400,93.0300,1867200.0000,43.9953
09/25/2012,93.0500,93.1000,92.1300,92.2000,5726800.0000,43.6028
09/26/2012,92.1800,92.2000,91.4800,91.7400,6554200.0000,43.3853
09/27/2012,92.1800,92.7400,92.0000,92.7400,3882600.0000,43.8582
09/28/2012,92.6600,92.6700,92.2900,92.3000,3668200.0000,43.6501
10/01/2012,92.2700,92.2700,91.6000,91.6600,5386700.0000,43.5764
10/02/2012,91.8400,91.9700,91.6400,91.8900,3151900.0000,43.6857
10/03/2012,91.9700,92.3500,91.9100,92.1200,3201000.0000,43.7951
10/04/2012,92.2300,92.5700,92.1800,92.5100,1847200.0000,43.9805
10/05/2012,92.7800,92.7900,92.2800,92.4600,2513500.0000,43.9567
10/08/2012,92.2600,92.4000,92.1900,92.3300,1143300.0000,43.8949
10/09/2012,92.5100,92.5100,92.0500,92.0700,5777300.0000,43.7713
10/10/2012,92.1500,92.2100,91.8000,91.8500,5431800.0000,43.6667
10/11/2012,92.2000,92.3700,92.1200,92.3500,2811000.0000,43.9044
10/12/2012,92.4400,92.7600,92.3100,92.5100,3696800.0000,43.9805
10/15/2012,92.7600,92.9700,92.5800,92.9300,2378500.0000,44.1802
10/16/2012,93.0600,93.3300,92.9400,93.2700,3536300.0000,44.3418
10/17/2012,93.4000,93.5600,93.3000,93.4800,2971500.0000,44.4416
10/18/2012,93.3500,93.5300,93.3000,93.4300,1676300.0000,44.4179
10/19/2012,93.3700,93.4200,92.8800,92.9600,2041200.0000,44.1944
10/22/2012,93.0000,93.1900,92.9200,92.9800,3021700.0000,44.2039
10/23/2012,92.7000,92.8100,92.5000,92.6300,3916900.0000,44.0375
10/24/2012,92.8400,92.8700,92.5000,92.5500,4332900.0000,43.9995
10/25/2012,92.9200,92.9600,92.6000,92.7000,2005600.0000,44.0708
10/26/2012,92.7300,92.7900,92.2800,92.4800,4591800.0000,43.9662
10/31/2012,92.4800,92.6700,92.4400,92.5900,2914100.0000,44.0185
11/01/2012,92.1800,92.6300,92.0600,92.5400,2092300.0000,43.9948
11/02/2012,92.6600,92.7500,92.3900,92.4100,2829300.0000,43.9330
11/05/2012,92.4000,92.5900,92.1100,92.2600,3361700.0000,43.8616
11/06/2012,92.4300,92.5200,92.2700,92.4000,1409000.0000,43.9282
11/07/2012,92.2500,92.2700,91.8000,91.8500,3698200.0000,43.6667
11/08/2012,91.9600,92.1600,91.5000,91.5500,5829400.0000,43.5241
11/09/2012,91.2800,91.6800,91.2500,91.3900,3953900.0000,43.4480
11/12/2012,91.4900,91.5700,91.3200,91.4200,2066000.0000,43.4623
11/13/2012,91.2800,91.3800,91.0700,91.2100,4347400.0000,43.3624
11/14/2012,91.4600,91.5000,90.6400,90.7100,5017500.0000,43.1248
11/15/2012,90.5500,90.9200,90.0900,90.6700,6989700.0000,43.1057
11/16/2012,90.7600,91.0000,90.5300,90.9300,4730200.0000,43.2293
11/19/2012,91.2300,92.1200,91.2100,92.0800,9498500.0000,43.7761
11/20/2012,92.0800,92.1800,91.8400,92.0900,4010400.0000,43.7808
11/21/2012,92.0000,92.2300,91.9700,92.0600,2984700.0000,43.7666
11/23/2012,92.2500,92.4400,92.1100,92.3700,1041100.0000,43.9139
11/26/2012,92.3100,92.3900,92.0100,92.3900,2160700.0000,43.9234
11/27/2012,92.2600,92.5700,92.2600,92.4800,4194100.0000,43.9662
11/28/2012,92.4100,92.7400,92.2400,92.5000,6528000.0000,43.9758
11/29/2012,92.7300,92.9500,92.6000,92.9100,3870500.0000,44.1707
11/30/2012,92.9000,93.1500,92.8700,93.0500,3276200.0000,44.2372
12/03/2012,92.8600,93.0300,92.6600,93.0300,5444400.0000,44.4613
12/04/2012,92.9900,93.1700,92.8500,93.0300,3121100.0000,44.4613
12/05/2012,93.2700,93.2900,92.8500,93.1800,4580900.0000,44.5331
12/06/2012,93.1500,93.3900,93.1500,93.3500,2261500.0000,44.6143
12/07/2012,93.4500,93.5000,93.1600,93.2100,2294400.0000,44.5474
12/10/2012,93.5000,93.5000,93.1700,93.2900,2140700.0000,44.5856
12/11/2012,93.5300,93.7100,93.3500,93.3800,3206300.0000,44.6286
12/12/2012,93.5500,93.8000,93.4400,93.6600,3305600.0000,44.7625
12/13/2012,93.6000,93.8000,93.3000,93.3300,4898700.0000,44.6048
12/14/2012,93.3600,93.5000,93.2600,93.2600,2741400.0000,44.5712
12/17/2012,93.3200,93.7000,93.3200,93.6200,2195600.0000,44.7434
12/18/2012,93.7700,93.8100,93.5800,93.6700,3409800.0000,44.7672
12/19/2012,93.7400,93.7400,93.5700,93.5700,2566400.0000,44.7194
12/20/2012,93.6000,93.9100,93.5900,93.9000,3191200.0000,44.8772
12/21/2012,93.4400,93.6800,93.4400,93.6300,3187900.0000,44.7481
12/24/2012,93.4300,93.5500,93.1900,93.2900,1221400.0000,44.5856
12/26/2012,93.0000,93.1400,92.7900,93.0100,2257200.0000,44.6937
12/27/2012,93.0500,93.2000,92.8900,93.2000,2332600.0000,44.7850
12/28/2012,93.0100,93.2400,92.8600,92.9500,2426100.0000,44.6649
12/31/2012,92.9700,93.4000,92.9300,93.3500,2918500.0000,44.8571
01/02/2013,94.0700,94.2300,93.8000,94.2300,3975200.0000,45.2800
01/03/2013,94.0800,94.2900,93.8800,93.9400,3950700.0000,45.1407
01/04/2013,93.9800,94.0800,93.8300,94.0000,2968000.0000,45.1694
01/07/2013,94.0200,94.0900,93.8300,94.0800,4137300.0000,45.2079
01/08/2013,94.1000,94.1200,93.9300,94.0100,2179100.0000,45.1743
01/09/2013,94.2400,94.2400,94.0100,94.1900,2183900.0000,45.2608
01/10/2013,94.3300,94.3800,94.2000,94.3500,1684300.0000,45.3377
01/11/2013,94.3000,94.5200,94.2100,94.5200,1982600.0000,45.4193
01/14/2013,94.4500,94.4700,94.2200,94.3900,2182400.0000,45.3569
01/15/2013,94.2200,94.4200,94.1700,94.4100,2136000.0000,45.3665
01/16/2013,94.2800,94.4000,94.1700,94.2500,3272700.0000,45.2896
01/17/2013,94.4200,94.6100,94.3100,94.5900,6058900.0000,45.4529
01/18/2013,94.5400,94.7200,94.4800,94.7200,2836800.0000,45.5154
01/22/2013,94.6500,94.8700,94.5400,94.7800,2295200.0000,45.5443
01/23/2013,94.7100,94.7900,94.6500,94.6700,2227900.0000,45.4914
01/24/2013,94.7700,94.9300,94.6900,94.8800,3175400.0000,45.5923
01/25/2013,94.9700,94.9700,94.7800,94.8500,2525100.0000,45.5779
01/28/2013,94.7700,94.8400,94.6900,94.8000,2331000.0000,45.5539
01/29/2013,94.7100,94.7500,94.5400,94.6400,1514300.0000,45.4770
01/30/2013,94.4500,94.5100,93.8900,93.9600,6595600.0000,45.1502
01/31/2013,93.9300,94.1100,93.6200,93.6700,5963700.0000,45.0109
02/01/2013,93.5400,93.7600,93.4600,93.4800,5713000.0000,45.1602
02/04/2013,93.2900,93.4000,93.0100,93.0900,3878000.0000,44.9717
02/05/2013,93.2400,93.4000,93.2000,93.3000,2590900.0000,45.0732
02/06/2013,93.1600,93.2900,93.0600,93.1600,2850500.0000,45.0056
02/07/2013,93.1100,93.1300,92.8100,92.9800,4071400.0000,44.9186
02/08/2013,92.9200,93.1000,92.9100,93.0000,3220400.0000,44.9283
02/11/2013,92.8900,93.0800,92.8600,92.9900,3146100.0000,44.9235
02/12/2013,92.9200,93.3600,92.9100,93.3100,3490600.0000,45.0780
02/13/2013,93.4200,93.4800,93.1700,93.4500,3672200.0000,45.1457
02/14/2013,93.2500,93.5500,93.2500,93.4100,2731800.0000,45.1264
02/15/2013,93.4600,93.6600,93.2600,93.4200,2483000.0000,45.1312
02/19/2013,93.5000,93.5900,93.4100,93.5100,3074300.0000,45.1747
02/20/2013,93.5800,93.7200,93.4000,93.4200,3830300.0000,45.1312
02/21/2013,93.4200,93.5900,93.3000,93.5200,7185300.0000,45.1795
02/22/2013,93.6300,93.7500,93.5100,93.7500,3367000.0000,45.2906
02/25/2013,93.7800,93.9300,93.4500,93.4600,5259300.0000,45.1505
02/26/2013,93.6400,93.9200,93.4700,93.9200,4075600.0000,45.3727
02/27/2013,93.8500,94.1500,93.7500,94.0800,3681600.0000,45.4500
02/28/2013,94.0700,94.1300,93.9400,94.0400,3822000.0000,45.4307
03/01/2013,93.4900,93.9900,93.4800,93.7200,4833200.0000,45.5210
03/04/2013,93.6500,93.8000,93.6100,93.7300,2222500.0000,45.5259
03/05/2013,93.7900,94.0200,93.7900,93.9200,3733400.0000,45.6182
03/06/2013,94.0300,94.0600,93.8400,93.8600,2118000.0000,45.5891
03/07/2013,93.9500,94.0000,93.9000,94.0000,2124900.0000,45.6570
03/08/2013,94.1700,94.1900,93.9200,94.1100,2464100.0000,45.7104
03/11/2013,94.0800,94.1500,94.0000,94.0500,2782800.0000,45.6813
03/12/2013,93.9900,94.1000,93.9600,94.0100,1526200.0000,45.6619
03/13/2013,94.1000,94.1700,93.9500,94.0300,1431200.0000,45.6716
03/14/2013,94.1700,94.3900,94.0700,94.3900,2954100.0000,45.8465
03/15/2013,94.2500,94.4000,94.2000,94.3800,2024300.0000,45.8416
03/18/2013,94.0000,94.4600,94.0000,94.4000,3000600.0000,45.8513
03/19/2013,94.4500,94.5300,94.2100,94.2400,3742800.0000,45.7736
03/20/2013,94.3300,94.6000,94.3200,94.5500,2553200.0000,45.9242
03/21/2013,94.3700,94.5600,94.2200,94.3800,3532400.0000,45.8416
03/22/2013,94.3800,94.4600,94.2500,94.3100,2201500.0000,45.8076
03/25/2013,94.3000,94.4400,94.1500,94.1700,2131700.0000,45.7396
03/26/2013,94.3900,94.4000,94.2500,94.3400,1169400.0000,45.8222
03/27/2013,94.1900,94.2900,94.1700,94.1800,2195100.0000,45.7445
03/28/2013,94.2400,94.3800,94.1600,94.3500,1959100.0000,45.8270
04/01/2013,93.8300,94.0900,93.6500,94.0300,3823000.0000,45.9091
04/02/2013,93.9500,94.1800,93.9200,93.9600,2528700.0000,45.8749
04/03/2013,93.9900,94.0500,93.7800,93.9600,2773100.0000,45.8749
04/04/2013,93.9200,94.1500,93.8700,93.9300,3040600.0000,45.8602
04/05/2013,93.7700,94.0200,93.6800,94.0200,2243800.0000,45.9042
04/08/2013,94.0700,94.1500,93.9500,94.1200,2346800.0000,45.9530
04/09/2013,94.2000,94.4200,94.1200,94.4200,2985400.0000,46.0995
04/10/2013,94.3500,94.7600,94.3500,94.7200,2932600.0000,46.2459
04/11/2013,94.7500,94.7900,94.6400,94.7200,2676200.0000,46.2459
04/12/2013,94.6400,94.8100,94.5500,94.7500,2040900.0000,46.2606
04/15/2013,94.7500,94.7500,94.1300,94.1500,3910600.0000,45.9676
04/16/2013,94.4100,94.8100,94.3200,94.8000,4138300.0000,46.2850
04/17/2013,94.6100,94.6700,94.4000,94.6500,5778600.0000,46.2118
04/18/2013,94.6100,94.6700,94.4600,94.5000,2476900.0000,46.1385
04/19/2013,94.6000,94.6600,94.4300,94.4500,2474800.0000,46.1141
04/22/2013,94.6900,94.8900,94.5300,94.6700,3641900.0000,46.2215
04/23/2013,94.7700,95.0500,94.7700,95.0400,2217400.0000,46.4022
04/24/2013,95.0900,95.2600,95.0100,95.2100,3872600.0000,46.4852
04/25/2013,95.2200,95.5200,95.1400,95.4700,2453100.0000,46.6121
04/26/2013,95.4600,95.4800,95.3300,95.3700,2679000.0000,46.5633
04/29/2013,95.3900,95.5900,95.3800,95.5500,1785300.0000,46.6512
04/30/2013,95.6300,95.8500,95.5500,95.8500,2953100.0000,46.7977
05/01/2013,95.3400,95.5600,95.1800,95.2000,4812400.0000,46.7084
05/02/2013,95.5000,95.8300,95.3700,95.8100,3368200.0000,47.0076
05/03/2013,95.9700,96.1300,95.8600,95.9600,2407400.0000,47.0813
05/06/2013,95.9200,96.0600,95.8800,96.0200,1458700.0000,47.1107
05/07/2013,96.1200,96.1500,95.9200,95.9500,2590900.0000,47.0763
05/08/2013,96.0200,96.3000,96.0200,96.2900,3801200.0000,47.2432
05/09/2013,96.2000,96.2900,96.0000,96.0100,1644900.0000,47.1058
05/10/2013,96.0500,96.0500,95.4600,95.5100,4654400.0000,46.8605
05/13/2013,95.4100,95.5000,95.1100,95.1200,2710000.0000,46.6691
05/14/2013,95.2000,95.4600,95.1100,95.2200,4473900.0000,46.7182
05/15/2013,95.2200,95.3400,95.0900,95.2300,3179800.0000,46.7231
05/16/2013,95.2900,95.6400,95.1800,95.4600,6036800.0000,46.8359
05/17/2013,95.6000,95.6300,95.3400,95.4600,4313300.0000,46.8359
05/20/2013,95.4600,95.6400,95.3600,95.5600,2086200.0000,46.8850
05/21/2013,95.5600,95.7800,95.5400,95.7400,4666500.0000,46.9733
05/22/2013,95.7200,95.8800,95.1000,95.1500,5243800.0000,46.6838
05/23/2013,95.0000,95.0200,94.6900,94.8900,3294400.0000,46.5563
05/24/2013,94.7500,94.7900,94.6700,94.7100,3420400.0000,46.4679
05/28/2013,95.0300,95.0300,94.3100,94.3600,3486700.0000,46.2963
05/29/2013,94.0400,94.2600,93.5500,93.9800,10958100.0000,46.1098
05/30/2013,94.0000,94.3600,93.6900,94.1700,5462100.0000,46.2030
05/31/2013,93.9700,94.1100,92.9000,92.9200,6809400.0000,45.5897
06/03/2013,92.3800,92.5200,91.8000,92.3600,14320900.0000,45.5498
06/04/2013,92.5000,93.0500,92.1900,92.3600,7927000.0000,45.5498
06/05/2013,92.1900,92.2400,91.4400,91.5600,10309200.0000,45.1552
06/06/2013,91.4000,92.5900,91.3200,92.2800,11849800.0000,45.5103
06/07/2013,92.4400,92.9700,92.2000,92.3400,8879800.0000,45.5399
06/10/2013,92.3400,92.5900,92.0800,92.1500,7678000.0000,45.4462
06/11/2013,91.5800,92.2400,91.2900,91.5800,9065200.0000,45.1651
06/12/2013,91.9300,92.1200,91.6300,91.6500,9193300.0000,45.1996
06/13/2013,91.6500,92.8200,91.6500,92.7000,7526400.0000,45.7174
06/14/2013,92.7800,92.9400,92.5500,92.8100,3909200.0000,45.7717
06/17/2013,92.9300,93.4500,92.8000,92.8000,3830700.0000,45.7668
06/18/2013,92.7600,93.1100,92.7600,93.0300,3609700.0000,45.8802
06/19/2013,92.9500,93.2700,91.6200,91.6400,7971700.0000,45.1947
06/20/2013,91.0900,91.5800,90.2800,90.7400,11094000.0000,44.7508
06/21/2013,91.0100,91.1100,90.1200,90.1500,9245400.0000,44.4599
06/24/2013,89.4500,90.0000,88.2700,89.0400,12116100.0000,43.9124
06/25/2013,89.5000,90.3100,89.5000,90.3100,6233300.0000,44.5388
06/26/2013,90.7000,91.1800,90.5700,91.0600,5527200.0000,44.9087
06/27/2013,91.4000,91.9400,91.4000,91.5000,5578600.0000,45.1257
06/28/2013,91.3000,91.3200,90.4700,90.8800,6112000.0000,44.8199
07/01/2013,90.5700,90.9900,90.5000,90.8900,5213400.0000,45.0628
07/02/2013,90.7900,91.0500,90.3500,90.6100,3799800.0000,44.9240
07/03/2013,90.2900,90.8600,90.2800,90.8200,1679600.0000,45.0281
07/05/2013,90.3900,90.4400,89.6300,89.8500,3312600.0000,44.5472
07/08/2013,90.0900,91.0900,90.0000,91.0900,5638400.0000,45.1620
07/09/2013,91.1000,91.1900,90.8700,91.1400,6127700.0000,45.1868
07/10/2013,91.1800,91.5400,91.0800,91.5000,6529900.0000,45.3653
07/11/2013,92.1800,92.6700,92.0000,92.6500,5865400.0000,45.9354
07/12/2013,92.4100,92.6700,92.2500,92.5600,5788300.0000,45.8908
07/15/2013,92.6700,93.0900,92.5600,92.9500,6791500.0000,46.0842
07/16/2013,93.0900,93.0900,92.4700,92.7200,3292100.0000,45.9701
07/17/2013,93.0300,93.5200,93.0000,93.4000,8660500.0000,46.3073
07/18/2013,93.5000,94.0000,93.4400,93.9600,6825000.0000,46.5849
07/19/2013,93.9500,93.9700,93.7700,93.9000,2603100.0000,46.5552
07/22/2013,93.9300,94.0100,93.7500,93.9700,3888200.0000,46.5899
07/23/2013,93.8900,93.9800,93.6700,93.7400,2483700.0000,46.4758
07/24/2013,93.5400,93.6400,92.6600,92.9500,5249800.0000,46.0842
07/25/2013,92.5100,92.8800,92.4400,92.7400,5995400.0000,45.9800
07/26/2013,92.4800,92.7800,92.3900,92.7800,4213600.0000,45.9999
07/29/2013,92.6000,92.7300,92.4200,92.5800,3850100.0000,45.9007
07/30/2013,92.5200,92.8700,92.5200,92.7100,4239400.0000,45.9652
07/31/2013,92.4900,93.0100,92.2800,92.9800,4076500.0000,46.0990
08/01/2013,92.4200,92.5900,91.6100,91.6500,4616600.0000,45.6621
08/02/2013,91.9600,92.2600,91.8100,92.2100,4309400.0000,45.9411
08/05/2013,92.1800,92.1800,91.7000,91.7400,2231000.0000,45.7069
08/06/2013,91.9300,91.9300,91.3600,91.6500,3398800.0000,45.6621
08/07/2013,91.4500,91.5400,91.2900,91.3600,2253300.0000,45.5176
08/08/2013,91.4200,91.5900,91.3800,91.5600,2857100.0000,45.6172
08/09/2013,91.4300,91.6700,91.1200,91.5700,1765600.0000,45.6222
08/12/2013,91.4400,91.7200,91.4200,91.4900,3840800.0000,45.5824
08/13/2013,91.4800,91.5700,91.3000,91.4900,2290500.0000,45.5824
08/14/2013,91.4300,91.4900,91.2600,91.3100,4605800.0000,45.4927
08/15/2013,91.0000,91.0900,90.7500,90.8400,6446100.0000,45.2585
08/16/2013,90.9700,91.1000,90.4200,90.5300,6922400.0000,45.1041
08/19/2013,90.5700,90.6300,89.8000,89.9300,6536300.0000,44.8051
08/20/2013,90.3000,90.8600,90.2800,90.7600,4208300.0000,45.2186
08/21/2013,90.6700,90.7800,90.3700,90.4300,3098100.0000,45.0543
08/22/2013,90.5700,90.9200,90.4900,90.9200,4049900.0000,45.2984
08/23/2013,90.9000,91.3600,90.8500,91.3000,3370400.0000,45.4877
08/26/2013,91.3200,91.3900,91.1300,91.3100,2365400.0000,45.4927
08/27/2013,91.0500,91.1300,90.7100,90.7200,3578500.0000,45.1987
08/28/2013,90.7600,91.0900,90.6600,91.0600,3860600.0000,45.3682
08/29/2013,90.9100,91.5000,90.8200,91.4300,4012900.0000,45.5525
08/30/2013,91.4700,91.5900,91.1900,91.3500,2486900.0000,45.5126
09/03/2013,90.9400,91.1800,90.3100,90.3900,9986800.0000,45.2722
09/04/2013,90.5300,90.8400,90.5100,90.7300,3507400.0000,45.4425
09/05/2013,90.5700,90.6500,90.2700,90.2700,3622300.0000,45.2121
09/06/2013,90.7900,91.1000,90.4200,90.5700,4713800.0000,45.3624
09/09/2013,90.7300,91.0000,90.7100,90.8000,4227400.0000,45.4775
09/10/2013,90.8800,91.1300,90.8700,91.1200,5287100.0000,45.6378
09/11/2013,90.9900,91.2600,90.9000,91.2400,3514200.0000,45.6979
09/12/2013,91.1900,91.3100,91.1000,91.1300,3594500.0000,45.6428
09/13/2013,91.2400,91.3200,90.9800,91.0600,2789300.0000,45.6078
09/16/2013,91.7100,91.8100,91.4500,91.5600,4331300.0000,45.8582
09/17/2013,91.6700,91.9800,91.6100,91.8600,5978600.0000,46.0085
09/18/2013,91.8400,92.8800,91.7100,92.7400,7476300.0000,46.4492
09/19/2013,92.9900,92.9900,92.4000,92.4700,5821100.0000,46.3140
09/20/2013,92.4400,92.4900,92.2800,92.3600,4033900.0000,46.2589
09/23/2013,92.3500,92.4600,92.2200,92.3500,6564600.0000,46.2539
09/24/2013,92.2700,92.4100,92.0600,92.1500,7947700.0000,46.1537
09/25/2013,92.1400,92.2600,91.9500,91.9900,3535700.0000,46.0736
09/26/2013,92.1100,92.1300,91.7700,91.9400,4751200.0000,46.0486
09/27/2013,91.8700,91.9400,91.6100,91.8400,6779700.0000,45.9985
09/30/2013,91.5900,91.9500,91.5000,91.5800,6248900.0000,45.8682
10/01/2013,91.1600,91.5500,91.0600,91.5300,5743900.0000,46.0670
10/02/2013,91.4600,91.5700,91.2500,91.5700,2765700.0000,46.0872
10/03/2013,91.6500,91.6900,91.4300,91.6300,3169700.0000,46.1174
10/04/2013,91.6000,91.8700,91.5400,91.7900,2048300.0000,46.1979
10/07/2013,91.4600,91.7600,91.4600,91.5500,2391700.0000,46.0771
10/08/2013,91.7500,91.8600,91.4900,91.5100,2944700.0000,46.0570
10/09/2013,91.7800,91.7800,91.5100,91.5900,2973700.0000,46.0972
10/10/2013,91.8200,92.1000,91.8200,92.0100,2899500.0000,46.3086
10/11/2013,92.1600,92.2400,92.0100,92.1800,3293900.0000,46.3942
10/14/2013,92.0000,92.4100,92.0000,92.3200,1003900.0000,46.4646
10/15/2013,92.4000,92.4000,92.0500,92.2900,2310100.0000,46.4495
10/16/2013,92.3300,92.7900,92.3200,92.7800,6949700.0000,46.6961
10/17/2013,92.7500,93.2500,92.7300,93.2300,7277900.0000,46.9226
10/18/2013,93.2800,93.5000,93.2500,93.4200,2873800.0000,47.0182
10/21/2013,93.4500,93.4600,93.2100,93.2100,2471400.0000,46.9126
10/22/2013,93.3800,93.6100,93.3600,93.4900,5488400.0000,47.0535
10/23/2013,93.5700,93.5900,93.3200,93.5700,2434200.0000,47.0937
10/24/2013,93.6000,93.6900,93.4600,93.6000,2284400.0000,47.1089
10/25/2013,93.6400,93.7000,93.5500,93.6300,2026000.0000,47.1240
10/28/2013,93.6500,93.7000,93.5800,93.6100,1697900.0000,47.1139
10/29/2013,93.5900,93.7900,93.5700,93.7600,1864600.0000,47.1894
10/30/2013,93.7600,93.8300,93.3100,93.3800,3691100.0000,46.9981
10/31/2013,93.4400,93.5400,93.2200,93.4300,5846500.0000,47.0233
11/01/2013,93.0000,93.2600,92.8000,92.8200,7882000.0000,46.9424
11/04/2013,93.0800,93.0800,92.9300,92.9800,2025500.0000,47.0233
11/05/2013,92.9200,92.9200,92.7300,92.7300,2770300.0000,46.8969
11/06/2013,92.8900,93.0100,92.8200,93.0000,4936700.0000,47.0334
11/07/2013,93.1000,93.1400,92.9200,93.0600,4802700.0000,47.0637
11/08/2013,92.6900,92.9600,92.6600,92.9000,4191100.0000,46.9828
11/11/2013,92.9400,92.9400,92.5300,92.5500,1607600.0000,46.8058
11/12/2013,92.5600,92.5900,92.3700,92.4200,2148900.0000,46.7401
11/13/2013,92.3700,92.7800,92.3200,92.7700,2795100.0000,46.9171
11/14/2013,92.7500,93.0500,92.6500,93.0400,4216800.0000,47.0536
11/15/2013,93.0600,93.1800,92.9600,93.1800,2990600.0000,47.1244
11/18/2013,93.2300,93.2500,92.8300,92.9100,3694600.0000,46.9879
11/19/2013,92.8800,93.0100,92.7900,92.8700,1415800.0000,46.9677
11/20/2013,92.8300,93.0700,92.6700,92.7800,2470600.0000,46.9221
11/21/2013,92.8300,93.1000,92.7600,93.1000,1895800.0000,47.0840
11/22/2013,93.0600,93.2000,92.9900,93.1700,1649200.0000,47.1194
11/25/2013,93.2000,93.3400,93.0600,93.3100,2813900.0000,47.1902
11/26/2013,93.2200,93.4300,93.1500,93.3800,2835300.0000,47.2256
11/27/2013,93.6400,93.6400,93.3000,93.3200,1845300.0000,47.1953
11/29/2013,93.3300,93.4500,93.3100,93.4200,958700.0000,47.2458
12/02/2013,92.8900,93.0300,92.8500,93.0000,5748100.0000,47.2611
12/03/2013,92.8600,93.0000,92.7600,92.9100,2710300.0000,47.2154
12/04/2013,92.7500,92.8700,92.5400,92.6700,3076100.0000,47.0934
12/05/2013,92.6700,92.7600,92.5400,92.6000,5354700.0000,47.0578
12/06/2013,92.8300,92.9800,92.6500,92.8600,2487900.0000,47.1899
12/09/2013,93.0500,93.2500,92.9000,93.2000,4313000.0000,47.3627
12/10/2013,93.2000,93.2400,93.0900,93.2000,1473200.0000,47.3627
12/11/2013,93.2000,93.2000,92.7900,92.9200,3586600.0000,47.2204
12/12/2013,92.9300,93.0100,92.7500,92.7500,4268800.0000,47.1340
12/13/2013,92.8600,92.9700,92.7900,92.9000,3523200.0000,47.2102
12/16/2013,92.8700,93.0400,92.8700,92.9800,3108500.0000,47.2509
12/17/2013,93.0800,93.0800,92.8800,92.9900,2799900.0000,47.2560
12/18/2013,93.0000,93.2800,92.7500,93.1500,4893500.0000,47.3373
12/19/2013,93.0000,93.0900,92.9100,93.0500,5775500.0000,47.2865
12/20/2013,93.0500,93.1100,92.9300,93.1100,12743900.0000,47.3170
12/23/2013,93.0900,93.3300,93.0100,93.1800,5525100.0000,47.3526
12/24/2013,93.1000,93.2100,93.1000,93.1300,1281600.0000,47.3271
12/26/2013,92.6100,92.7700,92.6100,92.7500,1577400.0000,47.3716
12/27/2013,92.7800,92.7800,92.6500,92.7400,1357300.0000,47.3665
12/30/2013,92.7700,92.8700,92.6700,92.8200,1888600.0000,47.4073
12/31/2013,92.8500,92.9600,92.7700,92.8800,2413400.0000,47.4380
01/02/2014,92.8600,93.0500,92.7100,93.0400,7412500.0000,47.5197
01/03/2014,92.9900,93.1100,92.9400,93.0100,1903300.0000,47.5044
01/06/2014,93.1500,93.2300,93.0600,93.2100,2622700.0000,47.6065
01/07/2014,93.2300,93.3100,93.1600,93.2100,3953000.0000,47.6065
01/08/2014,93.2100,93.2900,93.1200,93.1500,4540500.0000,47.5758
01/09/2014,93.2500,93.3000,93.1900,93.2900,3036600.0000,47.6474
01/10/2014,93.4100,93.5700,93.3500,93.5700,2423900.0000,47.7904
01/13/2014,93.5500,93.6100,93.4100,93.4700,4716600.0000,47.7393
01/14/2014,93.4800,93.6800,93.4800,93.6100,2636100.0000,47.8108
01/15/2014,93.7000,93.8000,93.6100,93.8000,1797400.0000,47.9078
01/16/2014,93.7900,93.8300,93.7300,93.7600,1269800.0000,47.8874
01/17/2014,93.8300,93.8900,93.7200,93.7800,2192300.0000,47.8976
01/21/2014,93.9000,93.9500,93.8200,93.9000,2056000.0000,47.9589
01/22/2014,93.9300,93.9400,93.7300,93.7600,3235400.0000,47.8874
01/23/2014,93.7800,93.8100,93.5800,93.6400,4989500.0000,47.8261
01/24/2014,93.4600,93.4700,92.9900,93.0200,7575400.0000,47.5095
01/27/2014,93.1500,93.2200,92.9500,92.9900,5482900.0000,47.4941
01/28/2014,93.1100,93.4800,93.0400,93.4000,5393600.0000,47.7036
01/29/2014,93.2500,93.2600,93.1000,93.1200,5781700.0000,47.5605
01/30/2014,93.3000,93.4300,93.2100,93.2800,3940200.0000,47.6423
01/31/2014,93.1300,93.3700,93.1200,93.2500,7756900.0000,47.6269
02/03/2014,93.0200,93.0200,92.3000,92.5100,16150600.0000,47.4842
02/04/2014,92.7500,92.8000,92.5800,92.6200,5246900.0000,47.5407
02/05/2014,92.6200,92.7000,92.5300,92.6200,3893000.0000,47.5407
02/06/2014,92.7800,92.9700,92.6600,92.9500,3426100.0000,47.7101
02/07/2014,93.0600,93.4200,93.0600,93.4200,5193300.0000,47.9513
02/10/2014,93.4200,93.5400,93.3100,93.4800,5199700.0000,47.9821
02/11/2014,93.5300,93.7500,93.4400,93.6400,3950800.0000,48.0642
02/12/2014,93.6700,93.7200,93.4600,93.4900,2432100.0000,47.9873
02/13/2014,93.4400,93.7800,93.4400,93.7600,3078400.0000,48.1259
02/14/2014,93.7000,93.9500,93.6900,93.9100,2158700.0000,48.2028
02/18/2014,93.8200,94.0900,93.8200,94.0400,3734700.0000,48.2696
02/19/2014,94.1100,94.1900,93.7800,93.8000,7273600.0000,48.1464
02/20/2014,93.8900,94.0900,93.8700,94.0900,3756900.0000,48.2952
02/21/2014,94.1000,94.2300,94.1000,94.1700,2574600.0000,48.3363
02/24/2014,94.2500,94.4400,94.2500,94.3800,3531600.0000,48.4441
02/25/2014,94.4000,94.5200,94.3800,94.4900,2979500.0000,48.5005
02/26/2014,94.5700,94.6500,94.5000,94.6500,2722100.0000,48.5827
02/27/2014,94.6500,94.8400,94.6500,94.8300,4377300.0000,48.6751
02/28/2014,94.8200,95.0200,94.7200,94.9300,3919300.0000,48.7264
03/03/2014,94.3700,94.5000,94.1100,94.3800,9488700.0000,48.6815
03/04/2014,94.6100,94.7500,94.4800,94.7200,9313600.0000,48.8569
03/05/2014,94.6900,94.7000,94.5000,94.5500,4531600.0000,48.7692
03/06/2014,94.6300,94.6700,94.3700,94.4100,4075500.0000,48.6970
03/07/2014,94.3100,94.3800,94.0100,94.0500,4552000.0000,48.5113
03/10/2014,94.0400,94.0900,93.9200,94.0600,1908200.0000,48.5165
03/11/2014,94.1400,94.1600,93.9400,93.9600,1618500.0000,48.4649
03/12/2014,93.9800,94.1400,93.9700,94.1200,2595000.0000,48.5474
03/13/2014,94.1800,94.1800,93.8300,93.8700,4829700.0000,48.4185
03/14/2014,93.8900,94.0100,93.7400,93.8000,4088200.0000,48.3824
03/17/2014,93.9100,94.0100,93.8500,93.9300,2943100.0000,48.4494
03/18/2014,94.0300,94.2300,93.9300,94.2100,2903500.0000,48.5938
03/19/2014,94.1900,94.2900,93.5400,93.7300,9983600.0000,48.3462
03/20/2014,93.9000,94.0700,93.6700,94.0500,4872300.0000,48.5113
03/21/2014,94.0100,94.1600,93.9600,93.9900,6106500.0000,48.4804
03/24/2014,94.2000,94.2000,93.9600,94.0200,5986100.0000,48.4958
03/25/2014,94.0900,94.2900,94.0900,94.2100,3468800.0000,48.5938
03/26/2014,94.3500,94.3500,94.1600,94.2300,3887200.0000,48.6042
03/27/2014,94.1700,94.2400,94.0700,94.0900,2255400.0000,48.5319
03/28/2014,94.2300,94.3500,94.1700,94.2500,2732600.0000,48.6145
03/31/2014,94.4500,94.4900,94.3400,94.3900,2641400.0000,48.6867
04/01/2014,94.0500,94.1200,93.9700,94.1200,4514900.0000,48.7774
04/02/2014,94.1400,94.1400,93.9800,94.0200,2285900.0000,48.7256
04/03/2014,94.1000,94.1500,94.0400,94.0600,2812400.0000,48.7463
04/04/2014,94.1800,94.3600,94.1500,94.2800,4555000.0000,48.8603
04/07/2014,94.2700,94.3000,94.0700,94.0800,1520900.0000,48.7567
04/08/2014,94.1500,94.3000,94.0800,94.3000,2804400.0000,48.8707
04/09/2014,94.3000,94.4600,94.2000,94.4500,4383400.0000,48.9484
04/10/2014,94.5000,94.5000,94.1800,94.1800,3226900.0000,48.8085
04/11/2014,94.2200,94.2200,93.7700,93.7800,7228500.0000,48.6012
04/14/2014,93.8400,94.1400,93.8400,94.0800,3355800.0000,48.7567
04/15/2014,94.2200,94.2200,94.0000,94.1800,3104900.0000,48.8085
04/16/2014,94.2200,94.2500,94.1000,94.2300,3450100.0000,48.8344
04/17/2014,94.1800,94.2500,94.1000,94.1200,2443800.0000,48.7774
04/21/2014,94.2400,94.2800,94.1000,94.1200,1682200.0000,48.7774
04/22/2014,94.2500,94.2700,94.1200,94.2200,2442800.0000,48.8292
04/23/2014,94.2400,94.4400,94.2000,94.2500,1591300.0000,48.8447
04/24/2014,94.2500,94.4000,94.1500,94.2700,1021700.0000,48.8551
04/25/2014,94.3100,94.3200,94.1600,94.2400,1195400.0000,48.8396
04/28/2014,94.2600,94.3000,94.1300,94.2200,1903900.0000,48.8292
04/29/2014,94.3600,94.3800,94.1900,94.3600,1775300.0000,48.9018
04/30/2014,94.3600,94.4200,94.2000,94.3400,4393100.0000,48.8914
05/01/2014,94.0100,94.0500,93.8200,93.8200,7322200.0000,48.8409
05/02/2014,94.0400,94.0400,93.8300,94.0400,2146000.0000,48.9554
05/05/2014,93.7700,94.0800,93.7500,94.0000,3541300.0000,48.9346
05/06/2014,94.1500,94.1500,93.9800,94.0200,2567800.0000,48.9450
05/07/2014,94.0900,94.2600,94.0500,94.1600,1578600.0000,49.0179
05/08/2014,94.2700,94.3100,94.0900,94.1400,4522400.0000,49.0075
05/09/2014,94.1600,94.3000,94.1400,94.2300,1736600.0000,49.0543
05/12/2014,94.3800,94.3800,94.2200,94.3300,1123000.0000,49.1064
05/13/2014,94.2700,94.6200,94.2500,94.4800,1933600.0000,49.1845
05/14/2014,94.4000,94.5900,94.3900,94.5300,1721400.0000,49.2105
05/15/2014,94.6000,94.6000,94.3400,94.4400,4240700.0000,49.1636
05/16/2014,94.5000,94.6500,94.3800,94.6300,3185000.0000,49.2626
05/19/2014,94.6000,94.8500,94.5100,94.7700,7351000.0000,49.3355
05/20/2014,94.7700,94.7800,94.6400,94.6500,4217800.0000,49.2730
05/21/2014,94.7300,94.7700,94.5000,94.6400,2925900.0000,49.2678
05/22/2014,94.6600,94.7300,94.5900,94.7100,1950900.0000,49.3042
05/23/2014,94.6600,94.8400,94.6600,94.7400,2289100.0000,49.3198
05/27/2014,94.7700,94.8500,94.7200,94.8300,4384700.0000,49.3667
05/28/2014,94.8500,94.9000,94.8100,94.8600,3904400.0000,49.3823
05/29/2014,94.9000,95.0000,94.8400,94.9500,4734800.0000,49.4292
05/30/2014,94.9800,95.0700,94.9300,95.0500,4445800.0000,49.4812
06/02/2014,94.7500,94.7500,94.3100,94.3200,5722500.0000,49.3238
06/03/2014,94.4100,94.4300,94.3100,94.3300,2978300.0000,49.3290
06/04/2014,94.3100,94.4000,94.2600,94.3300,2527200.0000,49.3290
06/05/2014,94.4200,94.5900,94.3300,94.5600,2034100.0000,49.4493
06/06/2014,94.6000,94.9100,94.5900,94.8300,3059100.0000,49.5905
06/09/2014,94.9700,94.9800,94.7800,94.9400,2906800.0000,49.6480
06/10/2014,94.7600,95.0000,94.7600,94.8900,2091000.0000,49.6219
06/11/2014,94.8800,94.9200,94.7800,94.9000,1699500.0000,49.6271
06/12/2014,94.8100,94.9300,94.8100,94.8400,1354000.0000,49.5957
06/13/2014,94.9800,94.9800,94.8300,94.9500,1276500.0000,49.6533
06/16/2014,94.9200,95.0000,94.8900,94.9000,1869500.0000,49.6271
06/17/2014,94.8900,95.0000,94.7800,94.8300,7251700.0000,49.5905
06/18/2014,94.8400,95.3100,94.8400,95.2600,4284800.0000,49.8154
06/19/2014,95.2700,95.3100,95.1500,95.2400,2882500.0000,49.8049
06/20/2014,95.2600,95.4000,95.2400,95.3300,2372300.0000,49.8520
06/23/2014,95.3400,95.4300,95.2900,95.3200,1551000.0000,49.8467
06/24/2014,95.2700,95.4100,95.2400,95.2400,1839300.0000,49.8049
06/25/2014,95.3000,95.4000,95.2500,95.3800,2385000.0000,49.8781
06/26/2014,95.3400,95.3900,95.2000,95.2800,1806400.0000,49.8258
06/27/2014,95.3100,95.3300,95.1900,95.2800,1702700.0000,49.8258
06/30/2014,95.1100,95.3200,95.1100,95.2000,2647600.0000,49.7840
07/01/2014,94.9300,95.0300,94.7800,94.8100,3472700.0000,49.7971
07/02/2014,94.8700,95.0000,94.8100,94.8700,2819400.0000,49.8286
07/03/2014,94.8600,94.9100,94.7000,94.7300,2776100.0000,49.7551
07/07/2014,94.7000,94.8000,94.6500,94.6600,1941300.0000,49.7183
07/08/2014,94.7400,94.7800,94.6600,94.6800,2035300.0000,49.7288
07/09/2014,94.7500,94.8000,94.5800,94.6100,3945400.0000,49.6921
07/10/2014,94.5400,94.5400,94.2900,94.3200,6011600.0000,49.5397
07/11/2014,94.3300,94.5300,94.3300,94.4800,2071400.0000,49.6238
07/14/2014,94.8000,94.8000,94.4400,94.4500,2632700.0000,49.6080
07/15/2014,94.4600,94.5100,94.2900,94.3000,2888400.0000,49.5292
07/16/2014,94.4100,94.4100,94.1300,94.1500,4264900.0000,49.4505
07/17/2014,94.1100,94.1400,93.4800,93.4900,5767800.0000,49.1038
07/18/2014,93.7700,93.9800,93.6500,93.8800,1994800.0000,49.3087
07/21/2014,93.8500,93.8800,93.6300,93.7200,3111700.0000,49.2246
07/22/2014,93.7700,94.0000,93.7600,93.8500,3707100.0000,49.2929
07/23/2014,93.9600,94.0800,93.9300,94.0300,1995900.0000,49.3874
07/24/2014,94.0700,94.2900,93.9900,94.2000,3089100.0000,49.4767
07/25/2014,94.1800,94.2300,94.0100,94.0400,3072300.0000,49.3927
07/28/2014,94.0100,94.0400,93.7400,93.7600,5355100.0000,49.2456
07/29/2014,93.8200,94.0000,93.6100,93.6300,3877100.0000,49.1773
07/30/2014,93.7300,93.7700,93.1000,93.2400,5415100.0000,48.9725
07/31/2014,92.8300,92.9700,92.4400,92.4800,7460000.0000,48.5733
08/01/2014,92.0600,92.3500,91.3200,92.0400,10942000.0000,48.5686
08/04/2014,92.0600,92.6300,92.0300,92.6000,7020400.0000,48.8641
08/05/2014,92.6100,92.6300,92.2800,92.4200,3612500.0000,48.7691
08/06/2014,92.3800,92.7300,92.3500,92.6400,4167700.0000,48.8852
08/07/2014,92.6900,92.9500,92.6700,92.7000,3833900.0000,48.9169
08/08/2014,92.5000,93.0600,92.5000,92.9900,3426300.0000,49.0699
08/11/2014,93.1200,93.4900,92.9900,93.4300,6908300.0000,49.3021
08/12/2014,93.4700,93.5600,93.3200,93.4100,4231700.0000,49.2915
08/13/2014,93.6500,93.7000,93.4600,93.6800,4960200.0000,49.4340
08/14/2014,93.7200,93.9600,93.7100,93.8600,4246600.0000,49.5290
08/15/2014,94.0200,94.1100,93.8700,94.0500,6051300.0000,49.6292
08/18/2014,94.0700,94.3400,94.0100,94.3200,5112800.0000,49.7717
08/19/2014,94.3700,94.3800,94.2400,94.2900,2747200.0000,49.7559
08/20/2014,94.3200,94.4800,94.1700,94.3600,2470000.0000,49.7928
08/21/2014,94.3600,94.4600,94.3400,94.3600,1869100.0000,49.7928
08/22/2014,94.3500,94.4100,94.0900,94.1300,3065500.0000,49.6714
08/25/2014,94.2600,94.3800,94.0800,94.3300,1958000.0000,49.7770
08/26/2014,94.3300,94.4700,94.3100,94.4000,1562400.0000,49.8140
08/27/2014,94.4700,94.4800,94.3000,94.3100,3685200.0000,49.7664
08/28/2014,94.2800,94.3900,94.1300,94.1700,1815400.0000,49.6926
08/29/2014,94.2400,94.2800,94.1200,94.2400,2046000.0000,49.7295
09/02/2014,93.7700,93.9800,93.7500,93.9200,4484800.0000,49.7878
09/03/2014,93.9200,93.9200,93.6700,93.6800,3200200.0000,49.6606
09/04/2014,93.7300,93.7700,93.2600,93.3700,4754500.0000,49.4962
09/05/2014,93.3800,93.4500,93.2500,93.2600,4752700.0000,49.4379
09/08/2014,93.2400,93.3500,93.0800,93.1700,2549200.0000,49.3902
09/09/2014,93.1400,93.1400,92.7100,92.7400,4647900.0000,49.1623
09/10/2014,92.7500,92.8200,92.5500,92.7800,3290600.0000,49.1835
09/11/2014,92.6800,92.8400,92.5800,92.7800,2822400.0000,49.1835
09/12/2014,92.7000,92.8000,92.5200,92.6700,5372500.0000,49.1252
09/15/2014,92.7500,92.7600,92.4700,92.5000,3592400.0000,49.0350
09/16/2014,92.4500,92.8600,92.4300,92.6900,5132200.0000,49.1358
09/17/2014,92.8700,93.0900,92.7600,92.9900,4399300.0000,49.2948
09/18/2014,92.9800,93.0800,92.9100,93.0200,3640300.0000,49.3107
09/19/2014,93.1000,93.1900,93.0200,93.1600,6000600.0000,49.3849
09/22/2014,93.1600,93.2400,92.9100,92.9900,4355300.0000,49.2948
09/23/2014,92.7900,92.9200,92.4400,92.5200,3573100.0000,49.0457
09/24/2014,92.5000,92.5000,92.0600,92.2400,6342700.0000,48.8972
09/25/2014,92.1000,92.1000,91.5000,91.6100,7348000.0000,48.5632
09/26/2014,91.2200,91.7300,90.9500,91.5500,11842500.0000,48.5314
09/29/2014,91.0400,91.3700,90.8900,91.3600,6289400.0000,48.4307
09/30/2014,91.6400,92.0300,91.5500,91.9500,6905400.0000,48.7435
10/01/2014,91.7500,91.9000,91.5200,91.6600,9996600.0000,48.7973
10/02/2014,91.6200,91.8800,91.4000,91.8400,6197300.0000,48.8931
10/03/2014,92.1000,92.4300,91.9700,92.1500,6371600.0000,49.0581
10/06/2014,92.3000,92.4400,92.1400,92.2500,4213800.0000,49.1114
10/07/2014,92.1300,92.2100,91.8100,91.9000,4994200.0000,48.9250
10/08/2014,91.8800,92.3800,91.7300,92.3400,7589400.0000,49.1593
10/09/2014,92.1500,92.2300,91.2700,91.3600,7177500.0000,48.6376
10/10/2014,91.1800,91.3100,90.5100,90.6200,14239800.0000,48.2436
10/13/2014,90.5500,90.9600,90.1500,90.1700,7908500.0000,48.0041
10/14/2014,90.5000,90.7700,90.2200,90.4700,11695300.0000,48.1637
10/15/2014,90.2100,90.4900,89.2100,90.4900,11711300.0000,48.1744
10/16/2014,89.9900,91.1000,89.8500,91.0000,12623100.0000,48.4459
10/17/2014,91.7400,92.2400,91.4000,91.7700,13575900.0000,48.8558
10/20/2014,91.8300,92.5000,91.7300,92.4300,7331400.0000,49.2072
10/21/2014,92.6200,93.2000,92.6200,93.1800,7453700.0000,49.6065
10/22/2014,93.1600,93.2000,92.4500,92.5700,8363900.0000,49.2817
10/23/2014,92.8700,94.9200,92.5100,92.5300,9482300.0000,49.2604
10/24/2014,92.4500,92.9200,92.4500,92.7900,5764300.0000,49.3989
10/27/2014,92.7300,92.7500,92.3400,92.4100,4911400.0000,49.1966
10/28/2014,92.5400,92.7100,92.3800,92.5600,6024200.0000,49.2764
10/29/2014,92.6300,92.6800,92.2100,92.4900,5320700.0000,49.2391
10/30/2014,92.5000,94.9500,92.3900,92.4500,3341700.0000,49.2178
10/31/2014,92.8100,92.8100,92.5000,92.5300,5065400.0000,49.2604
11/03/2014,92.2200,92.5100,92.1800,92.3200,4936200.0000,49.3642
11/04/2014,92.2900,92.2900,91.9600,92.0300,5886200.0000,49.2091
11/05/2014,92.1600,92.1800,91.9100,92.0100,4399300.0000,49.1984
11/06/2014,92.0800,92.2700,92.0700,92.2500,3747700.0000,49.3267
11/07/2014,92.2500,92.3800,92.1400,92.3400,3456300.0000,49.3749
11/10/2014,92.3100,92.4200,92.2900,92.3800,2680400.0000,49.3962
11/11/2014,92.3800,92.6200,92.2500,92.5900,2730700.0000,49.5085
11/12/2014,92.4800,92.5100,92.2600,92.2900,3218900.0000,49.3481
11/13/2014,92.3800,92.3800,91.8000,91.9100,5081300.0000,49.1449
11/14/2014,91.8100,91.9400,91.4100,91.4500,7868000.0000,48.8990
11/17/2014,91.5200,91.6700,91.3500,91.4400,5213700.0000,48.8936
11/18/2014,91.4100,91.5600,91.2500,91.2600,5227200.0000,48.7974
11/19/2014,91.1000,91.2600,90.8600,91.2400,7733300.0000,48.7867
11/20/2014,91.0000,91.3000,90.9200,91.2500,3274300.0000,48.7920
11/21/2014,91.6200,92.0100,91.5300,91.7500,7983000.0000,49.0594
11/24/2014,91.8700,91.9400,91.6300,91.7400,4569100.0000,49.0540
11/25/2014,91.7000,91.9500,91.6600,91.8900,4878500.0000,49.1342
11/26/2014,91.9500,92.1300,91.9000,92.0100,3055800.0000,49.1984
11/28/2014,91.5900,91.6500,91.0400,91.1300,5290500.0000,48.7279
12/01/2014,90.6700,90.6700,89.7400,89.8000,12432400.0000,48.2375
12/02/2014,90.0500,90.3200,89.8700,90.2900,6821200.0000,48.5007
12/03/2014,90.3200,90.5100,90.2000,90.4400,7627000.0000,48.5812
12/04/2014,90.3600,90.5000,90.3000,90.3800,4581600.0000,48.5490
12/05/2014,90.2600,90.3900,90.0400,90.3100,5237400.0000,48.5114
12/08/2014,90.1300,90.2000,89.7000,89.8500,6770800.0000,48.2643
12/09/2014,89.3100,89.8800,89.2300,89.8000,9702100.0000,48.2375
12/10/2014,89.3700,89.5000,88.4200,88.7700,15409400.0000,47.6842
12/11/2014,88.6200,88.9100,87.9200,88.4500,12053000.0000,47.5122
12/12/2014,87.8000,87.9400,87.1000,87.2500,11563300.0000,46.8677
12/15/2014,87.4400,87.6000,86.4600,87.2000,14114000.0000,46.8408
12/16/2014,86.4400,87.6600,86.1200,86.8900,14875500.0000,46.6743
12/17/2014,86.9600,88.9800,86.8900,88.6600,16864000.0000,47.6251
12/18/2014,90.0000,90.3100,88.7200,89.3700,16638700.0000,48.0064
12/19/2014,89.6200,90.3100,89.5200,90.2300,9952800.0000,48.4684
12/22/2014,90.1500,90.3000,89.7000,90.0100,6622400.0000,48.3502
12/23/2014,90.2400,90.4100,89.9500,90.3300,5314400.0000,48.5221
12/24/2014,89.9800,90.3000,89.9200,90.2500,2285700.0000,48.6872
12/26/2014,90.3500,90.5000,89.9000,89.9700,1815500.0000,48.5362
12/29/2014,90.0200,90.2400,89.7300,90.0200,4717100.0000,48.5631
12/30/2014,89.7700,89.9600,89.6600,89.8400,3624300.0000,48.4660
12/31/2014,89.8800,90.0000,89.4400,89.6000,4185400.0000,48.3365
01/02/2015,89.6900,89.9300,89.4900,89.6000,3271900.0000,48.3365
01/05/2015,89.1000,89.2400,88.6500,88.7700,7523100.0000,47.8888
01/06/2015,88.6000,88.9600,88.3400,88.4300,9489700.0000,47.7054
01/07/2015,89.1200,89.2800,88.8700,88.9800,8353100.0000,48.0021
01/08/2015,89.3100,89.8300,88.9800,89.6500,8388600.0000,48.3635
01/09/2015,89.7200,90.1400,89.3700,90.1000,6766700.0000,48.6063
01/12/2015,90.1700,90.1700,89.6400,89.9900,8698500.0000,48.5470
01/13/2015,90.0000,90.2300,89.5400,89.9900,7738700.0000,48.5470
01/14/2015,89.5100,89.8400,89.3500,89.7800,7415500.0000,48.4337
01/15/2015,89.9800,89.9800,89.2100,89.2300,7061300.0000,48.1370
01/16/2015,89.3400,89.7000,89.3300,89.5700,7685500.0000,48.3204
01/20/2015,89.8400,89.8400,89.2600,89.4100,5915300.0000,48.2340
01/21/2015,89.3600,89.9100,89.3000,89.8900,6110700.0000,48.4930
01/22/2015,90.0200,90.1700,89.7800,90.0100,6940100.0000,48.5577
01/23/2015,90.0100,90.1400,89.9300,90.0100,5134500.0000,48.5577
01/26/2015,90.0700,90.4900,89.9300,90.4200,8252300.0000,48.7789
01/27/2015,90.0800,90.4300,90.0100,90.3500,8771100.0000,48.7411
01/28/2015,90.4100,90.5000,90.0100,90.1600,5622400.0000,48.6387
01/29/2015,90.3400,90.5200,90.1500,90.4800,4923200.0000,48.8113
01/30/2015,90.3800,90.4800,90.1900,90.2300,6383000.0000,48.6764
02/02/2015,90.0300,90.2100,89.8800,90.2100,4120600.0000,48.8633
02/03/2015,90.3800,90.8300,90.3000,90.7200,11682400.0000,49.1395
02/04/2015,90.6400,90.6400,90.3000,90.3400,8333900.0000,48.9337
02/05/2015,90.5500,90.8800,90.4000,90.8700,10172500.0000,49.2208
02/06/2015,91.0700,91.0800,90.7800,90.9400,6076700.0000,49.2587
02/09/2015,90.8800,90.9900,90.7000,90.7200,4672800.0000,49.1395
02/10/2015,90.9000,91.0300,90.8900,91.0300,6846600.0000,49.3075
02/11/2015,90.9800,91.0300,90.8300,91.0000,5688000.0000,49.2912
02/12/2015,91.1400,91.1400,90.9400,90.9900,3185400.0000,49.2858
02/13/2015,91.0100,91.1900,90.9400,91.1200,4676600.0000,49.3562
02/17/2015,91.2400,91.2800,91.0300,91.0600,6624200.0000,49.3237
02/18/2015,91.1500,91.3900,91.0400,91.3700,4744400.0000,49.4916
02/19/2015,91.2700,91.3200,91.1400,91.1600,2964800.0000,49.3779
02/20/2015,91.1500,91.4200,91.0800,91.4100,5470600.0000,49.5133
02/23/2015,91.4500,91.4800,91.2700,91.4800,4165700.0000,49.5512
02/24/2015,91.4600,91.6000,91.3900,91.5700,3689300.0000,49.6000
02/25/2015,91.6300,91.9000,91.5700,91.8700,9048500.0000,49.7624
02/26/2015,91.8400,91.9700,91.7400,91.8500,7928200.0000,49.7516
02/27/2015,91.9000,91.9500,91.8100,91.8700,4521800.0000,49.7624
03/02/2015,91.5600,91.6000,91.3000,91.4600,6933000.0000,49.7532
03/03/2015,91.3200,91.4000,91.1200,91.2000,10032000.0000,49.6118
03/04/2015,91.0500,91.1600,90.9800,91.0300,7832800.0000,49.5193
03/05/2015,91.1700,91.2000,91.0400,91.2000,6412500.0000,49.6118
03/06/2015,90.9500,90.9700,90.5300,90.6200,9271900.0000,49.2963
03/09/2015,90.7300,90.7400,90.3800,90.4300,9607500.0000,49.1929
03/10/2015,90.2800,90.3400,89.9000,90.0800,12447300.0000,49.0025
03/11/2015,90.3500,90.4600,90.0700,90.3300,9214800.0000,49.1385
03/12/2015,90.6000,90.6400,90.3600,90.5100,4469900.0000,49.2364
03/13/2015,90.3600,90.4000,89.9700,90.2000,6184500.0000,49.0678
03/16/2015,90.2700,90.3400,90.0500,90.1100,4772600.0000,49.0188
03/17/2015,89.8800,90.0200,89.4900,89.6600,13059600.0000,48.7740
03/18/2015,89.6600,90.4700,89.4900,90.4600,11633900.0000,49.2092
03/19/2015,90.1700,90.3600,89.6800,89.7400,9226000.0000,48.8175
03/20/2015,90.1000,90.4800,89.9700,90.4400,9127300.0000,49.1983
03/23/2015,90.4300,90.5400,90.3100,90.5100,5459200.0000,49.2364
03/24/2015,90.4800,90.7200,90.4500,90.6500,6767200.0000,49.3126
03/25/2015,90.7100,90.8300,90.4000,90.4100,5364600.0000,49.1820
03/26/2015,90.5100,90.5300,90.2300,90.4000,4876400.0000,49.1766
03/27/2015,90.3900,90.5600,90.3500,90.4700,3822000.0000,49.2147
03/30/2015,90.5100,90.7900,90.5000,90.7200,4197700.0000,49.3507
03/31/2015,90.6900,90.8400,90.5600,90.6100,4498400.0000,49.2908
04/01/2015,90.3500,90.4300,90.1000,90.3900,9298200.0000,49.3924
04/02/2015,90.4600,90.5900,90.3500,90.4600,4774400.0000,49.4307
04/06/2015,90.3800,90.8100,90.3800,90.6900,5020700.0000,49.5564
04/07/2015,90.7700,91.2000,90.6900,91.1700,8659800.0000,49.8187
04/08/2015,91.2100,91.3000,91.0100,91.1500,7151900.0000,49.8078
04/09/2015,91.1900,91.2600,91.0000,91.0600,3415700.0000,49.7586
04/10/2015,91.0500,91.2800,91.0500,91.2700,3012700.0000,49.8733
04/13/2015,91.2700,91.3200,91.0800,91.1000,2866600.0000,49.7804
04/14/2015,91.1300,91.2000,90.9300,91.1400,2830000.0000,49.8023
04/15/2015,91.2400,91.5600,91.2100,91.5000,4438300.0000,49.9990
04/16/2015,91.4400,91.4400,91.2700,91.3100,5285400.0000,49.8952
04/17/2015,91.2400,91.2400,91.0000,91.0300,3901300.0000,49.7422
04/20/2015,91.2400,91.3800,91.1100,91.2300,3641000.0000,49.8515
04/21/2015,91.4800,91.4800,91.2400,91.2900,3730700.0000,49.8843
04/22/2015,91.4300,91.4400,91.1800,91.2000,4031100.0000,49.8351
04/23/2015,91.2600,91.3600,91.0800,91.1700,4755200.0000,49.8187
04/24/2015,91.1900,91.3400,91.1900,91.3200,4221400.0000,49.9006
04/27/2015,91.4500,91.4900,91.2700,91.3500,5049600.0000,49.9170
04/28/2015,91.2800,91.3100,91.1700,91.2100,4697400.0000,49.8405
04/29/2015,91.0000,91.2000,90.9200,91.0400,8152700.0000,49.7476
04/30/2015,91.0000,91.0800,90.8100,90.9900,11463800.0000,49.7203
05/01/2015,90.6600,90.8100,90.6100,90.7900,8053700.0000,49.8312
05/04/2015,90.9500,90.9700,90.6500,90.7700,6683700.0000,49.8202
05/05/2015,90.6900,90.7800,90.4900,90.6500,12736900.0000,49.7543
05/06/2015,90.6500,90.6900,90.3200,90.3800,13677500.0000,49.6062
05/07/2015,90.3000,90.5800,90.2700,90.3700,8676400.0000,49.6007
05/08/2015,90.8600,91.0800,90.8000,91.0800,10319600.0000,49.9903
05/11/2015,91.0100,91.0600,90.4800,90.5100,5499200.0000,49.6775
05/12/2015,90.3600,90.7300,90.2900,90.5000,6569200.0000,49.6720
05/13/2015,90.6200,90.7700,90.3300,90.3700,4349000.0000,49.6007
05/14/2015,90.5900,90.8700,90.5900,90.8100,5147100.0000,49.8421
05/15/2015,90.9000,91.0800,90.8100,91.0100,8939400.0000,49.9519
05/18/2015,91.0000,91.0000,90.7500,90.8600,2843700.0000,49.8696
05/19/2015,90.8800,90.8800,90.6400,90.7200,4743200.0000,49.7928
05/20/2015,90.7300,90.8600,90.6100,90.6100,2841700.0000,49.7324
05/21/2015,90.6000,90.8300,90.6000,90.7400,3709300.0000,49.8037
05/22/2015,90.7300,90.8500,90.6900,90.8100,3716900.0000,49.8421
05/26/2015,90.6700,90.7900,90.6100,90.6200,3951500.0000,49.7379
05/27/2015,90.7800,90.9000,90.6800,90.8200,3737800.0000,49.8476
05/28/2015,90.8100,90.8300,90.6900,90.7800,5440700.0000,49.8257
05/29/2015,90.7600,90.9700,90.7600,90.9100,4764000.0000,49.8971
06/01/2015,90.6500,90.7700,90.4600,90.6600,9372600.0000,49.9808
06/02/2015,90.7500,90.7500,90.3400,90.4900,5203700.0000,49.8871
06/03/2015,90.3900,90.4500,89.9400,90.0000,9532700.0000,49.6170
06/04/2015,89.9300,90.0100,89.7100,89.7100,11381700.0000,49.4571
06/05/2015,89.4900,89.6300,89.3300,89.4400,7747600.0000,49.3082
06/08/2015,89.5200,89.6100,89.3400,89.4400,6487800.0000,49.3082
06/09/2015,89.4200,89.4400,89.1700,89.2900,11416200.0000,49.2256
06/10/2015,89.3100,89.4800,89.2600,89.4100,5187500.0000,49.2917
06/11/2015,89.4700,89.6000,89.3800,89.5900,5202100.0000,49.3910
06/12/2015,89.4200,89.5200,89.2400,89.2600,5713500.0000,49.2090
06/15/2015,89.0700,89.2200,88.8100,88.8400,12726200.0000,48.9775
06/16/2015,88.8100,89.3400,88.8100,89.3400,5249800.0000,49.2531
06/17/2015,89.2000,89.4000,88.9400,89.2600,5660400.0000,49.2090
06/18/2015,89.2900,89.6900,89.2900,89.5900,6869900.0000,49.3910
06/19/2015,89.7600,89.7600,89.4600,89.6400,12585700.0000,49.4185
06/22/2015,89.8900,89.9900,89.6400,89.8200,5035400.0000,49.5177
06/23/2015,89.7700,89.8000,89.6400,89.7600,3474800.0000,49.4847
06/24/2015,89.7000,89.7900,89.5200,89.5200,2636900.0000,49.3524
06/25/2015,89.5700,89.6400,89.2500,89.2500,5176700.0000,49.2035
06/26/2015,89.2500,89.3200,88.9500,88.9900,6683200.0000,49.0601
06/29/2015,88.6500,88.8000,88.3700,88.3800,10156900.0000,48.7239
06/30/2015,88.7600,88.8600,88.5800,88.8000,4912700.0000,48.9554
07/01/2015,88.8100,88.8100,88.3600,88.4200,13614700.0000,48.9637
07/02/2015,88.6500,88.8500,88.5200,88.7500,5586300.0000,49.1465
07/06/2015,88.5800,88.7500,88.4100,88.4600,4719100.0000,48.9859
07/07/2015,88.3300,88.6300,88.1300,88.5300,8406300.0000,49.0246
07/08/2015,88.1700,88.4200,88.0600,88.0900,5744800.0000,48.7810
07/09/2015,88.4500,88.7300,88.2900,88.2900,6291000.0000,48.8917
07/10/2015,88.5900,88.8700,88.5600,88.8000,7097900.0000,49.1742
07/13/2015,88.9100,88.9400,88.7200,88.8800,6119200.0000,49.2185
07/14/2015,88.7400,88.8300,88.6400,88.7900,6354100.0000,49.1686
07/15/2015,88.7800,88.9000,88.6500,88.7900,5983300.0000,49.1686
07/16/2015,88.8900,89.0300,88.8800,88.9300,7523600.0000,49.2461
07/17/2015,88.9900,88.9900,88.6000,88.6900,7788400.0000,49.1132
07/20/2015,88.6500,88.6600,88.2700,88.2800,6740400.0000,48.8862
07/21/2015,88.2100,88.3200,88.1100,88.1200,4904800.0000,48.7976
07/22/2015,87.8700,87.9300,87.5200,87.5500,10578500.0000,48.4820
07/23/2015,87.5200,87.7100,87.5000,87.5000,4918400.0000,48.4543
07/24/2015,87.5000,87.5500,87.2000,87.2500,4702900.0000,48.3158
07/27/2015,87.0100,87.2700,86.8100,86.8800,11061700.0000,48.1109
07/28/2015,86.9700,87.4500,86.9300,87.3500,10471000.0000,48.3712
07/29/2015,87.3500,87.9300,87.3500,87.8600,8839500.0000,48.6536
07/30/2015,87.8100,88.1700,87.8100,88.1200,6127600.0000,48.7976
07/31/2015,88.0100,88.2400,87.9400,87.9700,5936500.0000,48.7145
08/03/2015,87.5900,87.6000,87.3700,87.4100,5416900.0000,48.6233
08/04/2015,87.5000,87.6300,87.4400,87.4600,3691400.0000,48.6511
08/05/2015,87.6400,87.7300,87.3300,87.3400,7778300.0000,48.5843
08/06/2015,87.2300,87.3300,86.9600,86.9800,10794800.0000,48.3841
08/07/2015,86.8500,86.8900,86.6800,86.7100,5483500.0000,48.2339
08/10/2015,86.7700,86.9700,86.7300,86.9600,3234500.0000,48.3730
08/11/2015,86.6300,86.7000,86.4600,86.5600,4598600.0000,48.1505
08/12/2015,86.2600,86.4800,86.0400,86.4400,6371900.0000,48.0837
08/13/2015,86.3700,86.4400,86.2800,86.3300,7422100.0000,48.0225
08/14/2015,86.2900,86.5100,86.2800,86.3800,3437900.0000,48.0504
08/17/2015,86.2900,86.5100,86.2000,86.3800,4153600.0000,48.0504
08/18/2015,86.2700,86.4000,86.1800,86.2700,5471300.0000,47.9892
08/19/2015,86.2100,86.4500,86.0200,86.1900,7208500.0000,47.9447
08/20/2015,85.9000,85.9700,85.6500,85.7700,11099100.0000,47.7110
08/21/2015,85.5300,85.7500,85.3700,85.4600,13158600.0000,47.5386
08/24/2015,83.8100,85.3800,83.4300,84.7600,19116200.0000,47.1492
08/25/2015,85.5600,85.6900,84.9100,84.9300,18194700.0000,47.2438
08/26/2015,85.2600,85.8000,85.1900,85.6400,10654800.0000,47.6387
08/27/2015,85.8600,86.4500,85.8600,86.2800,12772100.0000,47.9947
08/28/2015,86.2200,86.5000,86.0600,86.3600,9100000.0000,48.0392
08/31/2015,86.2400,86.3000,85.7300,86.2400,5408800.0000,47.9725
09/01/2015,85.7000,85.7700,85.4400,85.5800,4739100.0000,47.8177
09/02/2015,85.9300,85.9600,85.6800,85.9300,5259700.0000,48.0133
09/03/2015,86.0000,86.2300,85.8600,86.0500,8779000.0000,48.0803
09/04/2015,85.8600,86.0700,85.8500,85.9600,4671000.0000,48.0300
09/08/2015,86.3500,86.4400,86.2400,86.4300,5450300.0000,48.2926
09/09/2015,86.6000,86.6200,86.2400,86.3200,4914800.0000,48.2312
09/10/2015,86.2800,86.6000,86.2800,86.5300,4744100.0000,48.3485
09/11/2015,86.1500,86.5500,86.1100,86.5000,4834900.0000,48.3317
09/14/2015,86.3600,86.4400,86.2200,86.3500,4383100.0000,48.2479
09/15/2015,86.2500,86.4100,86.2000,86.3300,4247800.0000,48.2368
09/16/2015,86.0300,86.2300,85.9400,86.0200,5026700.0000,48.0636
09/17/2015,86.0100,86.4100,85.8500,86.0900,6576800.0000,48.1027
09/18/2015,85.8400,86.0500,85.6900,85.8500,10827600.0000,47.9686
09/21/2015,85.8600,85.9000,85.6100,85.6900,7579000.0000,47.8792
09/22/2015,85.3500,85.6900,84.9600,85.0700,7366900.0000,47.5327
09/23/2015,85.0500,85.1100,84.8600,84.9200,7686000.0000,47.4489
09/24/2015,84.7500,84.7500,84.3500,84.5000,9167500.0000,47.2143
09/25/2015,84.6000,84.7600,84.0400,84.0700,8384200.0000,46.9740
09/28/2015,83.6700,84.0200,82.7200,82.7800,12416300.0000,46.2532
09/29/2015,82.7100,83.0900,82.6300,82.7700,11417600.0000,46.2476
09/30/2015,83.1300,83.3400,82.8300,83.2900,14539800.0000,46.5382
10/01/2015,82.7500,82.8800,82.3200,82.3600,12179800.0000,46.2395
10/02/2015,81.8900,82.4700,81.6600,82.4400,14060200.0000,46.2844
10/05/2015,82.8700,83.4700,82.8100,83.4300,13531400.0000,46.8402
10/06/2015,83.4800,83.9800,83.3600,83.8900,13985800.0000,47.0985
10/07/2015,84.3500,84.8300,84.2000,84.7500,18000700.0000,47.5813
10/08/2015,84.6200,85.1300,84.4600,85.1000,9466900.0000,47.7778
10/09/2015,85.2300,85.6000,84.9800,85.1100,9900600.0000,47.7834
10/12/2015,85.1800,85.2500,84.8300,84.9500,3867000.0000,47.6936
10/13/2015,84.7900,84.9500,84.6300,84.7500,7772600.0000,47.5813
10/14/2015,84.7600,84.9500,84.6400,84.6900,7748100.0000,47.5476
10/15/2015,84.8200,84.9500,84.6100,84.8900,8049200.0000,47.6599
10/16/2015,84.9100,85.2900,84.8900,85.2800,5978200.0000,47.8789
10/19/2015,85.1500,85.5700,85.0800,85.5100,10347000.0000,48.0080
10/20/2015,85.3800,85.6900,85.2900,85.5900,10294800.0000,48.0529
10/21/2015,85.6500,85.7700,85.2600,85.5000,14332200.0000,48.0024
10/22/2015,85.5800,85.6800,85.4100,85.5300,11805100.0000,48.0192
10/23/2015,85.9000,86.0900,85.5800,85.8300,13201700.0000,48.1877
10/26/2015,85.9300,85.9400,85.6800,85.7400,9354100.0000,48.1371
10/27/2015,85.6700,85.6800,85.3400,85.4600,5585800.0000,47.9799
10/28/2015,85.4600,85.7100,85.3000,85.6900,8637000.0000,48.1090
10/29/2015,85.4500,85.6800,85.4300,85.4700,6064500.0000,47.9855
10/30/2015,85.5300,85.7600,85.3900,85.5700,8803100.0000,48.0417
11/02/2015,85.1800,85.4800,85.1100,85.4400,5476000.0000,48.1906
11/03/2015,85.3600,85.5800,85.3600,85.5300,5873700.0000,48.2413
11/04/2015,85.5700,85.5700,85.2400,85.2800,6082100.0000,48.1003
11/05/2015,85.2500,85.3400,84.9400,84.9500,8529600.0000,47.9142
11/06/2015,84.6200,84.6900,84.3400,84.5400,8207700.0000,47.6830
11/09/2015,84.3600,84.4400,84.1300,84.1900,10127900.0000,47.4855
11/10/2015,84.1000,84.1900,83.8700,84.0000,9673000.0000,47.3784
11/11/2015,84.0400,84.1000,83.7500,83.8000,3943900.0000,47.2656
11/12/2015,83.4700,83.6800,83.2200,83.2400,11570600.0000,46.9497
11/13/2015,83.2800,83.3600,82.9900,83.0000,7487900.0000,46.8143
11/16/2015,82.9100,83.4400,82.8100,83.3900,8228200.0000,47.0343
11/17/2015,83.6000,83.7400,83.3700,83.4500,9106400.0000,47.0682
11/18/2015,83.4000,83.6600,83.4000,83.6100,7479000.0000,47.1584
11/19/2015,83.3300,83.4900,82.8500,82.8600,9428300.0000,46.7354
11/20/2015,82.8800,83.2100,82.8100,82.8400,9763700.0000,46.7241
11/23/2015,82.7400,82.8900,82.6900,82.7700,5138900.0000,46.6846
11/24/2015,82.6500,82.9100,82.5700,82.8800,9529200.0000,46.7467
11/25/2015,82.8400,82.9900,82.8400,82.9700,7132500.0000,46.7974
11/27/2015,83.0200,83.1500,82.9400,83.1000,2259900.0000,46.8708
11/30/2015,83.1000,83.1500,82.9900,83.0500,5356300.0000,46.8425
12/01/2015,82.8500,83.2800,82.8000,83.2400,9849200.0000,47.1758
12/02/2015,83.1800,83.4400,83.0300,83.0700,11871300.0000,47.0795
12/03/2015,82.9200,83.1300,82.7200,82.8500,15290200.0000,46.9548
12/04/2015,82.8000,82.9300,82.5000,82.6600,14027900.0000,46.8471
12/07/2015,82.3300,82.5000,82.0200,82.0800,11989900.0000,46.5184
12/08/2015,81.4300,81.6200,80.9600,81.0600,25199100.0000,45.9403
12/09/2015,81.0600,81.7000,81.0500,81.4800,16703900.0000,46.1783
12/10/2015,81.2700,81.5700,81.0000,81.1400,14206800.0000,45.9856
12/11/2015,80.5400,80.5400,78.6200,79.5200,54233300.0000,45.0675
12/14/2015,79.4000,79.5100,78.2100,78.8300,38540500.0000,44.6765
12/15/2015,79.8000,80.4500,79.7600,80.1200,36337800.0000,45.4076
12/16/2015,80.3900,80.8900,80.0600,80.7300,30575300.0000,45.7533
12/17/2015,80.7000,80.8100,79.8000,79.8300,17345300.0000,45.2432
12/18/2015,79.5600,79.7900,79.3400,79.5300,23548900.0000,45.0732
12/21/2015,79.7000,79.9000,79.0700,79.2800,14468700.0000,44.9315
12/22/2015,79.4000,80.2600,79.3600,80.2400,12569500.0000,45.4756
12/23/2015,80.5100,80.8900,80.4200,80.7500,12824900.0000,45.7646
12/24/2015,80.3500,80.7000,80.2700,80.4900,5284300.0000,45.8580
12/28/2015,80.2400,80.2500,79.8800,80.0100,7151600.0000,45.5846
12/29/2015,80.1600,80.5300,80.1500,80.4700,7485500.0000,45.8466
12/30/2015,80.3700,80.6400,80.1800,80.5300,13145300.0000,45.8808
12/31/2015,80.4800,80.8800,80.3900,80.5800,7935200.0000,45.9093
01/04/2016,80.0100,80.1600,79.6700,80.1000,14787700.0000,45.6358
01/05/2016,80.3400,80.5300,80.0700,80.2500,11491300.0000,45.7213
01/06/2016,79.9300,80.3300,79.9300,80.2500,11320100.0000,45.7213
01/07/2016,79.6700,80.0000,79.6200,79.7300,11004700.0000,45.4251
01/08/2016,80.0400,80.2200,79.5000,79.5200,17902100.0000,45.3054
01/11/2016,79.8600,79.9500,79.3100,79.4000,16917700.0000,45.2370
01/12/2016,79.8900,79.9500,79.3000,79.4800,15217700.0000,45.2826
01/13/2016,79.5400,79.6200,78.4900,78.6000,20352700.0000,44.7812
01/14/2016,78.6600,79.0400,78.2800,78.9500,18572700.0000,44.9806
01/15/2016,77.6700,78.6800,77.4200,77.9100,27309900.0000,44.3881
01/19/2016,77.9500,78.1300,77.3900,77.6400,15975700.0000,44.2343
01/20/2016,77.0300,77.4200,75.8200,77.1200,25973500.0000,43.9380
01/21/2016,77.1200,77.9600,76.8000,77.6400,20065800.0000,44.2343
01/22/2016,78.4000,78.9200,78.2400,78.8300,17653100.0000,44.9123
01/25/2016,78.5900,78.7400,78.0300,78.0500,16448400.0000,44.4679
01/26/2016,78.3600,78.7900,78.1800,78.7500,12010900.0000,44.8667
01/27/2016,78.7200,79.0800,78.3800,78.6300,14563000.0000,44.7983
01/28/2016,79.1100,79.2900,78.7400,79.0300,14622600.0000,45.0262
01/29/2016,79.2000,79.4500,79.1300,79.2900,14218700.0000,45.1744
02/01/2016,78.7600,78.7900,78.3100,78.4300,8865500.0000,44.9058
02/02/2016,78.0500,78.2200,77.8300,77.8700,15442100.0000,44.5852
02/03/2016,78.1100,78.4000,77.6300,78.2500,15465200.0000,44.8027
02/04/2016,78.2200,78.3900,77.9300,78.0000,8989700.0000,44.6596
02/05/2016,77.9900,77.9900,77.2800,77.4000,14632300.0000,44.3161
02/08/2016,76.7700,76.8000,76.2800,76.5000,15649900.0000,43.8008
02/09/2016,76.0900,76.5600,75.8700,76.2100,18685000.0000,43.6348
02/10/2016,76.4100,76.7300,75.9500,76.1000,13086000.0000,43.5718
02/11/2016,75.3500,75.8700,75.0900,75.5900,22158200.0000,43.2798
02/12/2016,75.8600,76.7900,75.7700,76.7200,17751500.0000,43.9267
02/16/2016,76.8100,77.0300,76.6900,76.7900,14106000.0000,43.9668
02/17/2016,77.1800,77.5900,77.1100,77.4200,16353000.0000,44.3275
02/18/2016,77.7000,77.7500,77.4400,77.4900,13247300.0000,44.3676
02/19/2016,77.1500,77.6800,77.0500,77.6400,12879900.0000,44.4535
02/22/2016,78.0400,78.3500,77.9500,78.3100,13826600.0000,44.8371
02/23/2016,78.0600,78.2800,77.7400,78.1500,16809700.0000,44.7455
02/24/2016,77.5600,78.3700,77.4600,78.2800,13622100.0000,44.8200
02/25/2016,78.3300,78.7300,78.0600,78.7000,10699100.0000,45.0604
02/26/2016,78.9500,79.3000,78.8600,79.2300,12060200.0000,45.3639
02/29/2016,79.2800,80.1300,79.2600,80.0800,23746800.0000,45.8505
03/01/2016,79.8300,81.0100,79.5400,80.9200,24023200.0000,46.5752
03/02/2016,80.5000,80.6100,80.2200,80.3700,14987400.0000,46.2586
03/03/2016,80.2700,80.8700,79.9900,80.6400,12018400.0000,46.4140
03/04/2016,80.7800,81.2400,80.5000,80.8700,18029900.0000,46.5464
03/07/2016,80.6800,81.0000,80.6700,80.9700,12656200.0000,46.6040
03/08/2016,80.7900,80.8500,80.3600,80.4000,17813700.0000,46.2759
03/09/2016,80.5500,80.7000,80.3600,80.6000,7699600.0000,46.3910
03/10/2016,81.0600,81.1900,80.5500,81.1600,18167000.0000,46.7133
03/11/2016,81.7200,82.2600,81.6400,82.1400,18662700.0000,47.2774
03/14/2016,81.8800,82.0600,81.5300,81.9100,12512400.0000,47.1450
03/15/2016,81.4000,81.4800,81.1100,81.1500,16442600.0000,46.7076
03/16/2016,80.9300,81.9900,80.8200,81.6900,21567100.0000,47.0184
03/17/2016,81.8800,82.3500,81.7200,82.2100,18423000.0000,47.3177
03/18/2016,82.3000,82.6100,82.2800,82.4000,12922000.0000,47.4270
03/21/2016,82.3900,82.4600,82.1400,82.3100,12653600.0000,47.3752
03/22/2016,82.1400,82.2500,81.9800,82.0900,8941200.0000,47.2486
03/23/2016,82.0700,82.0700,81.6800,81.7100,11354200.0000,47.0299
03/24/2016,81.1200,81.4900,81.0800,81.3500,13497800.0000,46.8227
03/28/2016,81.2600,81.4300,80.9400,80.9800,11298900.0000,46.6097
03/29/2016,80.7400,81.3200,80.6800,81.2900,11348400.0000,46.7882
03/30/2016,81.4400,81.7100,81.3900,81.5800,11796400.0000,46.9551
03/31/2016,81.4900,81.9000,81.4800,81.6900,9436700.0000,47.0184
04/01/2016,80.9800,81.5100,80.8000,81.3700,10822400.0000,47.0525
04/04/2016,81.2600,81.5100,81.0800,81.1700,9269700.0000,46.9368
04/05/2016,80.8200,81.0700,80.7800,80.8700,13254500.0000,46.7634
04/06/2016,81.0100,81.6200,80.9800,81.5500,13935000.0000,47.1566
04/07/2016,81.2200,81.4100,81.0600,81.1500,11306100.0000,46.9253
04/08/2016,81.5800,81.6400,81.4200,81.5200,7953000.0000,47.1393
04/11/2016,81.6500,81.8600,81.6200,81.6300,8126900.0000,47.2029
04/12/2016,81.7700,82.1400,81.7200,82.1100,11772800.0000,47.4804
04/13/2016,82.3100,82.8200,82.3100,82.6500,13596100.0000,47.7927
04/14/2016,82.6500,82.7300,82.5000,82.6200,10758400.0000,47.7753
04/15/2016,82.4700,82.5700,82.4000,82.4900,7857300.0000,47.7002
04/18/2016,82.1600,82.9700,82.1300,82.9600,9211400.0000,47.9719
04/19/2016,83.1500,83.4100,83.0800,83.3100,11623600.0000,48.1743
04/20/2016,83.3800,83.7000,83.2200,83.4700,10128800.0000,48.2668
04/21/2016,83.5700,83.6000,83.1700,83.2100,13349500.0000,48.1165
04/22/2016,83.2800,83.4500,83.2100,83.4000,10982300.0000,48.2263
04/25/2016,83.2500,83.3700,83.0500,83.0800,8972400.0000,48.0413
04/26/2016,83.2900,83.3700,83.1600,83.3600,8291000.0000,48.2032
04/27/2016,83.4400,83.9100,83.4100,83.8500,10505400.0000,48.4866
04/28/2016,83.8300,84.0400,83.6500,83.7100,9229000.0000,48.4056
04/29/2016,83.6300,83.9100,83.3500,83.8500,20284700.0000,48.4866
05/02/2016,83.3800,83.5300,83.2900,83.5000,11420700.0000,48.5052
05/03/2016,83.2000,83.2200,82.8400,82.9600,18449200.0000,48.1915
05/04/2016,82.8100,82.8600,82.6100,82.6500,17645200.0000,48.0114
05/05/2016,82.9100,82.9200,82.5400,82.5800,18782100.0000,47.9707
05/06/2016,82.2300,82.7100,82.2100,82.5300,16204400.0000,47.9417
05/09/2016,82.4000,82.5900,82.2800,82.3800,11622800.0000,47.8545
05/10/2016,82.4300,83.1000,82.4300,83.0800,11420700.0000,48.2612
05/11/2016,83.0800,83.3600,82.9300,83.0200,20692000.0000,48.2263
05/12/2016,83.2400,83.2400,82.9600,83.1500,11312400.0000,48.3019
05/13/2016,83.0700,83.1800,82.7400,82.7800,11332400.0000,48.0869
05/16/2016,82.9300,83.2800,82.8700,83.2400,12981700.0000,48.3541
05/17/2016,83.1000,83.3200,83.0100,83.0700,7489900.0000,48.2554
05/18/2016,83.1000,83.3300,82.8500,83.0800,16612500.0000,48.2612
05/19/2016,82.7900,82.9100,82.5900,82.8500,20290200.0000,48.1276
05/20/2016,82.8600,83.1600,82.8600,83.1400,10556700.0000,48.2960
05/23/2016,83.1200,83.6000,82.9600,83.1600,10457400.0000,48.3076
05/24/2016,83.3700,83.6600,83.3100,83.6600,10838400.0000,48.5981
05/25/2016,83.8300,83.9200,83.7500,83.7900,15119600.0000,48.6736
05/26/2016,83.9400,83.9400,83.5400,83.5500,12269000.0000,48.5342
05/27/2016,83.5900,83.6900,83.5300,83.6900,6225600.0000,48.6155
05/31/2016,83.7500,83.8700,83.5200,83.6100,11994100.0000,48.5691
06/01/2016,82.9900,83.3800,82.9000,83.3400,16488600.0000,48.6461
06/02/2016,83.2000,83.4100,83.1100,83.3600,12118900.0000,48.6578
06/03/2016,83.4400,83.5600,83.2300,83.5100,13093000.0000,48.7453
06/06/2016,83.7800,83.9300,83.6200,83.8800,16126200.0000,48.9613
06/07/2016,83.9800,84.3500,83.9300,84.2500,18423500.0000,49.1773
06/08/2016,84.3600,84.6000,84.3500,84.5700,14652800.0000,49.3641
06/09/2016,84.5700,84.5700,84.1400,84.2400,11188300.0000,49.1714
06/10/2016,83.9000,84.0200,83.6600,83.8300,15259900.0000,48.9321
06/13/2016,83.5000,83.8100,83.2700,83.2700,17257900.0000,48.6053
06/14/2016,83.1300,83.2400,82.7700,82.9900,20578800.0000,48.4418
06/15/2016,83.2600,83.3800,82.9700,83.0300,14202800.0000,48.4652
06/16/2016,82.8500,83.1500,82.4500,83.0800,19195500.0000,48.4943
06/17/2016,83.0900,83.3300,83.0600,83.1300,16113800.0000,48.5235
06/20/2016,83.7300,83.9700,83.5300,83.6200,13368400.0000,48.8095
06/21/2016,83.7700,83.9800,83.6300,83.9400,12141800.0000,48.9963
06/22/2016,83.9900,84.1200,83.8900,84.0200,10759500.0000,49.0430
06/23/2016,84.3900,84.6400,84.3200,84.6400,9920200.0000,49.4049
06/24/2016,82.9900,84.2000,82.9000,83.2500,31416700.0000,48.5936
06/27/2016,83.0000,83.0600,82.0100,82.0500,27244200.0000,47.8932
06/28/2016,82.8300,83.1100,82.6900,83.0800,13910300.0000,48.4943
06/29/2016,83.5800,84.3000,83.5400,84.1300,23604300.0000,49.1072
06/30/2016,84.0600,84.8000,83.9400,84.7000,26304600.0000,49.4400
07/01/2016,84.3000,84.7000,84.2500,84.4700,16343000.0000,49.5379
07/05/2016,84.3000,84.3000,83.8500,83.9900,12078200.0000,49.2564
07/06/2016,83.8800,84.3700,83.7500,84.3600,9607000.0000,49.4734
07/07/2016,84.3800,84.6000,84.2500,84.4700,13058100.0000,49.5379
07/08/2016,84.8200,85.6400,84.7900,85.5900,21395600.0000,50.1947
07/11/2016,85.6400,85.9200,85.6000,85.6400,18313500.0000,50.2240
07/12/2016,86.0600,86.3200,85.8600,85.8800,16074300.0000,50.3648
07/13/2016,85.8700,85.9000,85.5100,85.6300,13040300.0000,50.2182
07/14/2016,85.9000,85.9100,85.6000,85.8000,7764400.0000,50.3179
07/15/2016,85.8500,85.9400,85.6000,85.6300,9163800.0000,50.2182
07/18/2016,85.6800,85.9400,85.6300,85.9200,7447200.0000,50.3882
07/19/2016,85.7300,85.8700,85.5400,85.6900,7349700.0000,50.2533
07/20/2016,85.8100,85.9900,85.6500,85.9100,7247500.0000,50.3824
07/21/2016,85.7800,86.0800,85.7400,85.7900,11265000.0000,50.3120
07/22/2016,85.8100,86.2600,85.7300,86.1700,10523500.0000,50.5349
07/25/2016,86.0900,86.0900,85.6800,85.7600,14768400.0000,50.2944
07/26/2016,85.7000,85.7500,85.3800,85.4300,14292600.0000,50.1009
07/27/2016,85.5800,85.7200,85.3400,85.6900,11730800.0000,50.2533
07/28/2016,85.5100,85.5100,85.2400,85.3300,17968100.0000,50.0422
07/29/2016,85.1800,85.4300,84.9900,85.4100,15202400.0000,50.0891
08/01/2016,84.9700,84.9800,84.4800,84.5500,18335300.0000,49.8082
08/02/2016,84.5200,84.6100,84.2900,84.4300,21959800.0000,49.7375
08/03/2016,84.5000,84.8900,84.4500,84.8100,13733700.0000,49.9613
08/04/2016,85.1200,85.4600,85.0000,85.3500,11832000.0000,50.2794
08/05/2016,85.6300,85.7800,85.5100,85.5400,12314900.0000,50.3914
08/08/2016,85.7000,85.9300,85.6000,85.8900,10800900.0000,50.5976
08/09/2016,85.9400,86.2500,85.9200,86.1900,13772300.0000,50.7743
08/10/2016,86.2100,86.2500,86.0000,86.0300,7250400.0000,50.6800
08/11/2016,86.1700,86.3600,86.1000,86.2400,6732600.0000,50.8037
08/12/2016,86.1900,86.3300,86.1200,86.3100,3996500.0000,50.8449
08/15/2016,86.4900,86.6200,86.3300,86.5700,9396400.0000,50.9981
08/16/2016,86.6000,86.6000,86.3500,86.3900,8104400.0000,50.8921
08/17/2016,86.4500,86.5500,86.3200,86.5100,14139600.0000,50.9628
08/18/2016,86.5800,86.8500,86.5200,86.8500,8582700.0000,51.1631
08/19/2016,86.7400,86.8100,86.5500,86.5900,7474000.0000,51.0099
08/22/2016,86.5000,86.5600,86.3100,86.4500,5364700.0000,50.9274
08/23/2016,86.6700,86.8200,86.5900,86.7400,7476400.0000,51.0983
08/24/2016,86.7300,86.7800,86.4900,86.5000,6655300.0000,50.9569
08/25/2016,86.5500,86.7700,86.5300,86.6600,7482800.0000,51.0512
08/26/2016,86.6100,87.0200,86.4100,86.5600,10544900.0000,50.9922
08/29/2016,86.6900,87.0400,86.6600,86.9900,10038500.0000,51.2456
08/30/2016,86.9900,87.1400,86.7900,87.0400,16157400.0000,51.2750
08/31/2016,86.9700,87.0300,86.6200,86.7000,16985000.0000,51.0747
09/01/2016,86.4000,86.5300,86.1200,86.5000,14952700.0000,51.1759
09/02/2016,86.7600,87.0300,86.6200,86.9000,13540100.0000,51.4125
09/06/2016,86.8700,87.0100,86.8500,87.0000,12662000.0000,51.4717
09/07/2016,86.9500,87.0100,86.7000,86.7600,8245100.0000,51.3297
09/08/2016,86.7700,86.8200,86.5900,86.6000,8430700.0000,51.2351
09/09/2016,86.3500,86.5600,85.7400,85.7700,25087600.0000,50.7440
09/12/2016,85.6000,86.2300,85.5500,86.0700,17718300.0000,50.9215
09/13/2016,85.8600,85.9700,85.2700,85.4100,21907200.0000,50.5310
09/14/2016,85.5300,85.8100,85.2900,85.3900,14257700.0000,50.5192
09/15/2016,85.5000,85.9300,85.4400,85.8900,9964800.0000,50.8150
09/16/2016,85.7800,85.9300,85.5800,85.9100,8396600.0000,50.8268
09/19/2016,85.9700,86.0700,85.8200,85.9600,9855500.0000,50.8564
09/20/2016,86.0000,86.1000,85.7200,85.8600,8705600.0000,50.7972
09/21/2016,85.9100,86.6200,85.8800,86.5700,17484300.0000,51.2173
09/22/2016,86.8600,87.1300,86.7100,86.8600,11813600.0000,51.3889
09/23/2016,86.8000,86.9700,86.7000,86.7600,13122600.0000,51.3297
09/26/2016,86.5700,86.6800,86.3100,86.3800,6590500.0000,51.1049
09/27/2016,86.2600,86.6400,86.1300,86.6300,8516500.0000,51.2528
09/28/2016,86.7800,87.2300,86.4700,87.2100,11149300.0000,51.5959
09/29/2016,87.1700,87.1900,86.5600,86.8800,13425800.0000,51.4007
09/30/2016,87.0000,87.2900,86.9800,87.2600,12158000.0000,51.6255
10/03/2016,86.8200,86.9100,86.6500,86.8200,10708800.0000,51.5934
10/04/2016,86.9400,87.0000,86.5600,86.6700,11057500.0000,51.5043
10/05/2016,86.9700,86.9900,86.7600,86.9000,9424500.0000,51.6410
10/06/2016,86.9700,86.9900,86.7300,86.9500,9455200.0000,51.6707
10/07/2016,86.9900,87.1900,86.7400,87.1500,10824200.0000,51.7895
10/10/2016,87.2100,87.5000,87.1500,87.4000,4182300.0000,51.9381
10/11/2016,87.2700,87.2800,86.7700,86.9100,8855400.0000,51.6469
10/12/2016,86.8700,87.0300,86.7300,86.8800,7915300.0000,51.6291
10/13/2016,86.6100,86.7700,86.4300,86.6600,10614800.0000,51.4984
10/14/2016,86.9100,86.9800,86.7400,86.8600,6766300.0000,51.6172
10/17/2016,86.8400,86.9900,86.7100,86.7400,7790000.0000,51.5459
10/18/2016,87.0500,87.1200,86.8200,87.0900,8404600.0000,51.7539
10/19/2016,87.1600,87.3900,87.1400,87.3400,9874300.0000,51.9024
10/20/2016,87.3400,87.4100,87.1800,87.3500,12558000.0000,51.9084
10/21/2016,87.1800,87.4500,87.0700,87.3700,8332900.0000,51.9203
10/24/2016,87.4800,87.5600,87.2800,87.4200,7200800.0000,51.9500
10/25/2016,87.3300,87.4200,87.2300,87.3700,6906500.0000,51.9203
10/26/2016,87.1500,87.3500,86.9900,87.0200,13813300.0000,51.7123
10/27/2016,87.0900,87.1300,86.5500,86.7000,19333100.0000,51.5221
10/28/2016,86.6000,86.6600,86.2100,86.2800,19745600.0000,51.2725
10/31/2016,86.2600,86.3100,85.9300,86.0200,21174600.0000,51.1180
11/01/2016,85.6800,85.6800,84.9700,85.3000,26184000.0000,50.9187
11/02/2016,85.1600,85.2400,84.8200,84.9200,19593600.0000,50.6918
11/03/2016,85.1000,85.2300,84.8700,84.9400,12699700.0000,50.7038
11/04/2016,85.0900,85.2500,84.9100,84.9800,10970400.0000,50.7276
11/07/2016,85.7500,86.2200,85.6900,86.1700,14416200.0000,51.4380
11/08/2016,85.7700,86.1300,85.7400,85.9800,20370600.0000,51.3246
11/09/2016,85.4500,86.0000,85.3000,85.3800,24858900.0000,50.9664
11/10/2016,85.2000,85.2000,84.2100,84.2600,33213300.0000,50.2978
11/11/2016,83.9900,84.2000,83.2500,83.4700,16442900.0000,49.8263
11/14/2016,83.2500,84.1900,83.2400,84.0900,21036000.0000,50.1964
11/15/2016,84.5200,85.3100,84.5200,85.2000,17888600.0000,50.8590
11/16/2016,84.8400,85.0000,84.7300,84.8600,11965700.0000,50.6560
11/17/2016,84.8500,85.0900,84.6300,84.6300,12017600.0000,50.5187
11/18/2016,84.8100,84.9400,84.4800,84.6300,17781800.0000,50.5187
11/21/2016,84.8500,85.3500,84.8400,85.3100,11581600.0000,50.9246
11/22/2016,85.4500,86.0300,85.4200,85.9400,16648100.0000,51.3007
11/23/2016,85.2900,85.6900,85.2800,85.6200,10662900.0000,51.1097
11/25/2016,85.6700,85.7600,85.6000,85.7300,2009600.0000,51.1753
11/28/2016,85.6200,86.0000,85.4700,85.7200,16897400.0000,51.1694
11/29/2016,85.5000,85.7000,85.4300,85.6100,9164000.0000,51.1037
11/30/2016,85.7000,85.8000,85.4300,85.6500,15211300.0000,51.1276
12/01/2016,85.2800,85.3200,84.8700,84.8700,18249400.0000,50.8883
12/02/2016,85.0700,85.3900,84.9800,85.3800,9360400.0000,51.1941
12/05/2016,85.4200,85.6700,85.3800,85.6000,9782100.0000,51.3260
12/06/2016,85.7300,86.0600,85.6500,86.0300,16090600.0000,51.5839
12/07/2016,86.1400,86.6000,86.0700,86.4600,20886400.0000,51.8417
12/08/2016,86.3700,86.5000,86.1300,86.4500,10782100.0000,51.8357
12/09/2016,86.4100,86.6200,86.3600,86.4900,6463400.0000,51.8597
12/12/2016,86.6500,86.6800,86.2800,86.3700,8457100.0000,51.7878
12/13/2016,86.6900,86.8400,86.5600,86.5800,10739200.0000,51.9137
12/14/2016,86.5800,86.8400,85.8500,85.9300,15672400.0000,51.5239
12/15/2016,85.7900,86.1400,85.7500,85.9700,11221700.0000,51.5479
12/16/2016,86.2100,86.2600,86.0300,86.0500,15722200.0000,51.5959
12/19/2016,86.1200,86.3800,86.1000,86.2700,5897900.0000,51.7278
12/20/2016,86.3000,86.4800,86.1900,86.3900,11072400.0000,51.7997
12/21/2016,86.3500,86.6200,86.3300,86.5400,17461400.0000,51.8897
12/22/2016,86.2700,86.4400,86.1700,86.4400,8507600.0000,52.0016
12/23/2016,86.4700,86.6100,86.4100,86.6000,4230500.0000,52.0978
12/27/2016,86.4900,86.6600,86.4500,86.5200,5840600.0000,52.0497
12/28/2016,86.6400,86.6400,86.3600,86.4000,6961200.0000,51.9775
12/29/2016,86.4700,86.5500,86.3800,86.5200,3794300.0000,52.0497
12/30/2016,86.5800,86.7000,86.3800,86.5500,7513400.0000,52.0678
01/03/2017,86.8800,86.9500,86.7000,86.9100,14050100.0000,52.2843
01/04/2017,87.0000,87.3900,87.0000,87.3800,11912400.0000,52.5671
01/05/2017,87.2600,87.4200,87.2000,87.2500,10458600.0000,52.4888
01/06/2017,87.1600,87.2800,87.0400,87.2300,6836400.0000,52.4769
01/09/2017,87.2100,87.2800,87.0500,87.2100,6648800.0000,52.4648
01/10/2017,87.3100,87.4300,87.1800,87.2200,11777000.0000,52.4708
01/11/2017,87.2500,87.3200,87.1100,87.2700,11914200.0000,52.5009
01/12/2017,87.2500,87.3000,87.1300,87.2900,12512300.0000,52.5129
01/13/2017,87.2600,87.4000,87.1000,87.3200,8861000.0000,52.5310
01/17/2017,87.2600,87.2900,87.1500,87.2300,8633000.0000,52.4769
01/18/2017,87.2000,87.3100,87.1000,87.3100,12715500.0000,52.5250
01/19/2017,87.2500,87.3000,86.9400,87.0300,10703200.0000,52.3565
01/20/2017,87.0600,87.2200,86.9700,87.2000,9262000.0000,52.4588
01/23/2017,87.1300,87.2200,87.0400,87.2000,13561300.0000,52.4588
01/24/2017,87.1500,87.3200,87.1100,87.2600,7490500.0000,52.4949
01/25/2017,87.4000,87.5700,87.3400,87.5700,8953900.0000,52.6814
01/26/2017,87.5000,87.5900,87.4100,87.5300,7443900.0000,52.6573
01/27/2017,87.4600,87.6900,87.4500,87.6100,7888100.0000,52.7054
01/30/2017,87.4800,87.5400,87.3100,87.4300,7637600.0000,52.5972
01/31/2017,87.3900,87.4200,87.1800,87.3400,12249400.0000,52.5430
02/01/2017,87.2000,87.3300,86.9500,87.2800,12489400.0000,52.7376
02/02/2017,87.2700,87.3700,87.1400,87.3300,10886200.0000,52.7678
02/03/2017,87.5200,87.5800,87.4300,87.4800,12674000.0000,52.8584
02/06/2017,87.5000,87.5300,87.3500,87.4200,7004900.0000,52.8222
02/07/2017,87.5200,87.5200,87.2800,87.2900,11170100.0000,52.7436
02/08/2017,87.2900,87.3600,87.1200,87.3500,11107300.0000,52.7799
02/09/2017,87.3500,87.5400,87.3500,87.4700,7292600.0000,52.8524
02/10/2017,87.5200,87.5500,87.4000,87.5300,5471800.0000,52.8886
02/13/2017,87.6000,87.7200,87.5900,87.6600,7477200.0000,52.9672
02/14/2017,87.6500,87.7600,87.4700,87.7200,8785000.0000,53.0034
02/15/2017,87.6300,87.7700,87.5700,87.7500,10582800.0000,53.0216
02/16/2017,87.6600,88.0800,87.5100,87.6800,8917800.0000,52.9793
02/17/2017,87.5900,87.7900,87.5100,87.7700,6247300.0000,53.0337
02/21/2017,87.7700,88.0600,87.7700,88.0600,10437800.0000,53.2089
02/22/2017,88.0100,88.1200,87.9400,88.1000,10963600.0000,53.2331
02/23/2017,88.2900,88.3000,88.0800,88.1800,8150200.0000,53.2814
02/24/2017,88.1100,88.3700,88.0600,88.2500,8390200.0000,53.3237
02/27/2017,88.2500,88.3600,88.1900,88.3600,5693300.0000,53.3901
02/28/2017,88.3000,88.3700,88.2400,88.2900,5868400.0000,53.3479
03/01/2017,88.1800,88.3100,88.1800,88.2300,10612100.0000,53.5445
03/02/2017,88.2500,88.2500,87.9500,87.9500,9193000.0000,53.3745
03/03/2017,88.0200,88.0900,87.8200,87.9900,15059300.0000,53.3988
03/06/2017,87.8500,87.8900,87.6900,87.7100,17066300.0000,53.2289
03/07/2017,87.5300,87.6000,87.1200,87.1400,17023100.0000,52.8829
03/08/2017,86.9300,87.0700,86.5500,86.5600,22433500.0000,52.5310
03/09/2017,86.3800,86.7200,86.2000,86.3300,21260700.0000,52.3914
03/10/2017,86.8800,86.8800,86.0800,86.3000,20643900.0000,52.3732
03/13/2017,86.3800,86.4800,86.1200,86.3700,13512300.0000,52.4157
03/14/2017,86.1200,86.2100,85.9900,86.1100,12808500.0000,52.2579
03/15/2017,86.4000,87.3000,86.3200,87.3000,19654600.0000,52.9801
03/16/2017,87.5000,87.5300,87.0300,87.0500,15807500.0000,52.8284
03/17/2017,87.2500,87.2500,87.0400,87.0800,9984500.0000,52.8466
03/20/2017,87.0700,87.0700,86.9100,86.9100,12220600.0000,52.7434
03/21/2017,87.0800,87.1700,86.2800,86.2900,16918200.0000,52.3671
03/22/2017,86.2400,86.5700,86.0200,86.5000,14054600.0000,52.4946
03/23/2017,86.4300,86.7500,86.3700,86.5300,10618900.0000,52.5127
03/24/2017,86.6000,86.8600,86.6000,86.8300,8920800.0000,52.6948
03/27/2017,86.5200,86.7800,86.4000,86.7400,7788700.0000,52.6402
03/28/2017,86.7000,87.2500,86.7000,87.2200,16871700.0000,52.9315
03/29/2017,87.2800,87.5500,87.2200,87.4000,12266300.0000,53.0408
03/30/2017,87.6000,87.8300,87.4700,87.8100,16367900.0000,53.2896
03/31/2017,87.7300,87.9000,87.6900,87.7800,11778400.0000,53.2714
04/03/2017,87.4600,87.4700,87.2300,87.3600,20664400.0000,53.2427
04/04/2017,87.3700,87.4900,87.2900,87.3900,8473900.0000,53.2610
04/05/2017,87.5300,87.7100,87.2700,87.3200,11102300.0000,53.2183
04/06/2017,87.4000,87.5200,87.3000,87.4300,7234500.0000,53.2854
04/07/2017,87.5500,87.6200,87.3900,87.3900,5457800.0000,53.2610
04/10/2017,87.5300,87.6200,87.4500,87.5100,7996900.0000,53.3341
04/11/2017,87.5700,87.5700,87.2400,87.3400,8005800.0000,53.2305
04/12/2017,87.4000,87.6000,87.3200,87.4000,8723800.0000,53.2671
04/13/2017,87.3700,87.4900,87.1600,87.2200,10446700.0000,53.1574
04/17/2017,87.3300,87.5000,87.2300,87.4800,7158700.0000,53.3159
04/18/2017,87.4700,87.5600,87.2300,87.4600,9062800.0000,53.3037
04/19/2017,87.5100,87.7000,87.3300,87.3800,8643200.0000,53.2549
04/20/2017,87.4800,87.6900,87.4400,87.6700,7766000.0000,53.4317
04/21/2017,87.6400,87.7100,87.4900,87.6000,11328200.0000,53.3890
04/24/2017,87.9600,88.0200,87.8800,88.0100,8904700.0000,53.6389
04/25/2017,88.0700,88.2000,88.0300,88.1700,12493400.0000,53.7364
04/26/2017,88.0900,88.2300,88.0700,88.0900,7269000.0000,53.6876
04/27/2017,88.0900,88.1600,88.0100,88.1500,6897900.0000,53.7242
04/28/2017,88.1600,88.2400,88.0700,88.1200,7542800.0000,53.7059
05/01/2017,87.7500,87.8500,87.7000,87.7900,10336000.0000,53.7335
05/02/2017,87.8900,87.9000,87.7600,87.8200,10792800.0000,53.7518
05/03/2017,87.8900,87.9500,87.8000,87.9000,7413400.0000,53.8008
05/04/2017,87.8400,87.8400,87.3500,87.4300,20562500.0000,53.5132
05/05/2017,87.4300,87.6600,87.3800,87.5800,14935200.0000,53.6049
05/08/2017,87.6100,87.7300,87.5400,87.6800,8199200.0000,53.6661
05/09/2017,87.8000,87.8500,87.6100,87.6200,10810000.0000,53.6294
05/10/2017,87.8500,88.0400,87.7300,88.0000,10824900.0000,53.8620
05/11/2017,87.9400,88.0400,87.8300,88.0100,8461400.0000,53.8681
05/12/2017,88.0600,88.0700,87.9100,87.9800,8929900.0000,53.8498
05/15/2017,88.1200,88.2500,88.1100,88.1800,10690200.0000,53.9722
05/16/2017,88.2700,88.3500,88.1800,88.3100,12638900.0000,54.0517
05/17/2017,88.0200,88.1000,87.8700,87.9200,14055700.0000,53.8130
05/18/2017,87.6600,88.1600,87.6300,88.0200,10731800.0000,53.8742
05/19/2017,88.1700,88.3100,88.1300,88.1800,15998800.0000,53.9722
05/22/2017,88.3600,88.4500,88.2700,88.4500,7181800.0000,54.1374
05/23/2017,88.4900,88.4900,88.3500,88.4400,6998400.0000,54.1313
05/24/2017,88.5000,88.6100,88.4000,88.5900,8533600.0000,54.2231
05/25/2017,88.5900,88.7500,88.4900,88.5200,7985500.0000,54.1803
05/26/2017,88.5000,88.5900,88.5000,88.5700,2909500.0000,54.2109
05/30/2017,88.5600,88.7000,88.5200,88.6600,5371100.0000,54.2660
05/31/2017,88.6700,88.7000,88.5300,88.6500,13758400.0000,54.2598
06/01/2017,88.3600,88.6000,88.2900,88.5300,19189300.0000,54.4178
06/02/2017,88.5500,88.6600,88.5000,88.5800,9491600.0000,54.4486
06/05/2017,88.5500,88.6400,88.4600,88.5000,10384400.0000,54.3994
06/06/2017,88.4800,88.5100,88.3100,88.3600,14386500.0000,54.3133
06/07/2017,88.4400,88.4400,88.0700,88.1800,13329000.0000,54.2027
06/08/2017,88.2000,88.3400,88.0300,88.2500,14208300.0000,54.2457
06/09/2017,88.3400,88.4500,88.2000,88.3200,10414900.0000,54.2887
06/12/2017,88.3500,88.5400,88.2900,88.4700,9900000.0000,54.3809
06/13/2017,88.5100,88.6400,88.5000,88.6300,8640400.0000,54.4793
06/14/2017,88.7400,88.7500,88.5200,88.6400,8850700.0000,54.4854
06/15/2017,88.4200,88.4500,88.1200,88.3000,10860500.0000,54.2765
06/16/2017,88.3800,88.3800,88.1300,88.1500,11996100.0000,54.1842
06/19/2017,88.3200,88.4500,88.2900,88.4200,6398400.0000,54.3502
06/20/2017,88.1500,88.2200,88.1000,88.1100,18318500.0000,54.1597
06/21/2017,88.1200,88.1600,87.5200,87.6000,26728100.0000,53.8461
06/22/2017,87.6900,87.8800,87.6300,87.8400,18699400.0000,53.9937
06/23/2017,87.8800,88.2200,87.8700,88.2000,11337700.0000,54.2150
06/26/2017,88.1800,88.3600,88.1500,88.3200,9504500.0000,54.2887
06/27/2017,88.3200,88.3400,87.9800,88.0400,15293300.0000,54.1166
06/28/2017,88.2100,88.4400,88.1100,88.4000,9755500.0000,54.3379
06/29/2017,88.2600,88.3900,88.0600,88.1800,14548400.0000,54.2027
06/30/2017,88.3000,88.4800,88.2100,88.3900,8202000.0000,54.3318
07/03/2017,88.0100,88.2500,87.8800,87.9700,13882000.0000,54.3052
07/05/2017,88.0300,88.1100,87.8400,87.9000,16269100.0000,54.2620
07/06/2017,87.8700,87.8900,87.5400,87.6800,15424700.0000,54.1262
07/07/2017,87.6100,87.7100,87.4500,87.6000,15731200.0000,54.0768
07/10/2017,87.6000,87.7400,87.5700,87.7000,12286600.0000,54.1385
07/11/2017,87.7000,87.7200,87.5200,87.6400,9261400.0000,54.1015
07/12/2017,87.9900,88.2100,87.8700,88.2100,17979900.0000,54.4534
07/13/2017,88.2200,88.3200,88.1300,88.2800,11744600.0000,54.4966
07/14/2017,88.3400,88.5700,88.2500,88.5300,12626700.0000,54.6509
07/17/2017,88.5500,88.5900,88.4800,88.5600,10158100.0000,54.6694
07/18/2017,88.5400,88.6400,88.4700,88.6000,9221100.0000,54.6941
07/19/2017,88.6900,88.8300,88.6300,88.7500,8250900.0000,54.7867
07/20/2017,88.8400,88.8500,88.6700,88.8000,11827800.0000,54.8176
07/21/2017,88.7800,88.7900,88.6500,88.7300,8771700.0000,54.7744
07/24/2017,88.7100,88.8000,88.6500,88.8000,4707500.0000,54.8176
07/25/2017,88.8700,88.9100,88.7900,88.8400,7292900.0000,54.8423
07/26/2017,88.9700,89.0400,88.8600,88.9700,7279800.0000,54.9225
07/27/2017,88.9600,89.0000,88.8100,88.9000,11624500.0000,54.8793
07/28/2017,88.8500,88.9100,88.7700,88.9100,4945300.0000,54.8855
07/31/2017,88.8000,88.9900,88.7900,88.9100,9779900.0000,54.8855
08/01/2017,88.6100,88.6800,88.5700,88.6300,14946800.0000,54.9400
08/02/2017,88.6300,88.7200,88.5900,88.6500,7422700.0000,54.9525
08/03/2017,88.5700,88.6600,88.4200,88.4800,9548300.0000,54.8470
08/04/2017,88.4800,88.5200,88.4100,88.5000,6451600.0000,54.8595
08/07/2017,88.5000,88.5000,88.4000,88.4600,5204700.0000,54.8346
08/08/2017,88.4200,88.5000,87.9900,88.0800,18534700.0000,54.5991
08/09/2017,87.9000,87.9800,87.6800,87.7400,15001700.0000,54.3884
08/10/2017,87.5600,87.6400,87.1100,87.1800,24749700.0000,54.0412
08/11/2017,87.3700,87.4600,87.2600,87.3300,17434300.0000,54.1342
08/14/2017,87.5900,87.9400,87.5900,87.7900,12566000.0000,54.4193
08/15/2017,87.8000,87.8900,87.7300,87.8200,6830500.0000,54.4379
08/16/2017,87.8900,87.9700,87.8000,87.8300,11716100.0000,54.4441
08/17/2017,87.7200,87.8000,87.2900,87.3400,14112300.0000,54.1404
08/18/2017,87.4900,87.6900,87.2900,87.4700,14324400.0000,54.2210
08/21/2017,87.5800,87.6100,87.4500,87.5600,7763400.0000,54.2768
08/22/2017,87.6400,88.0000,87.5900,87.9200,12982200.0000,54.4999
08/23/2017,87.7700,87.9700,87.7100,87.9300,6449500.0000,54.5061
08/24/2017,87.9700,88.0700,87.8800,88.0600,8480100.0000,54.5867
08/25/2017,88.0400,88.2500,88.0100,88.2200,6622800.0000,54.6859
08/28/2017,88.2700,88.2700,88.1400,88.2300,5161700.0000,54.6921
08/29/2017,88.0100,88.1500,87.9900,88.1200,8991600.0000,54.6239
08/30/2017,88.1500,88.4000,88.1400,88.3600,13431100.0000,54.7727
08/31/2017,88.4200,88.6100,88.4200,88.6000,12705200.0000,54.9215
09/01/2017,88.1500,88.3500,88.1500,88.3200,10535700.0000,54.9775
09/05/2017,88.2600,88.2600,87.9600,88.1200,9560500.0000,54.8530
09/06/2017,88.2300,88.2800,88.0400,88.0600,9023300.0000,54.8156
09/07/2017,88.2000,88.2000,88.0600,88.0700,8784000.0000,54.8218
09/08/2017,88.0600,88.0600,87.7900,87.7900,7688700.0000,54.6476
09/11/2017,87.9400,88.1900,87.8500,88.0700,8047600.0000,54.8218
09/12/2017,88.1100,88.1900,88.0500,88.1800,4752800.0000,54.8903
09/13/2017,88.1000,88.2300,88.0500,88.2100,11725900.0000,54.9090
09/14/2017,88.1700,88.3700,88.1600,88.3300,9554600.0000,54.9837
09/15/2017,88.2800,88.4300,88.2400,88.4100,8248000.0000,55.0335
09/18/2017,88.3800,88.4200,88.3200,88.3700,7442200.0000,55.0086
09/19/2017,88.4000,88.4700,88.3200,88.4600,7208300.0000,55.0646
09/20/2017,88.4800,88.5300,88.3200,88.4500,10087200.0000,55.0584
09/21/2017,88.4800,88.4900,88.3200,88.3400,6932300.0000,54.9899
09/22/2017,88.3300,88.4300,88.3000,88.4300,7570500.0000,55.0459
09/25/2017,88.4000,88.5000,88.3600,88.4800,4326200.0000,55.0771
09/26/2017,88.5600,88.6800,88.5400,88.5900,8816500.0000,55.1455
09/27/2017,88.5900,88.6600,88.4900,88.6300,7490100.0000,55.1704
09/28/2017,88.6300,88.6700,88.5800,88.6300,5934000.0000,55.1704
09/29/2017,88.7000,88.7600,88.6000,88.7600,8906900.0000,55.2513
10/02/2017,88.2600,88.4000,88.2400,88.3500,13097600.0000,55.2232
10/03/2017,88.3500,88.5200,88.3500,88.5100,5928800.0000,55.3232
10/04/2017,88.4800,88.5100,88.3700,88.4200,5832400.0000,55.2670
10/05/2017,88.4100,88.5300,88.4100,88.5300,5967900.0000,55.3358
10/06/2017,88.4500,88.4900,88.3500,88.4000,5847400.0000,55.2545
10/09/2017,88.4400,88.4700,88.3800,88.4100,3278400.0000,55.2607
10/10/2017,88.5300,88.5300,88.4000,88.4800,8786500.0000,55.3045
10/11/2017,88.4800,88.4800,88.3700,88.3900,7948700.0000,55.2482
10/12/2017,88.4000,88.4000,88.2900,88.2900,6181100.0000,55.1857
10/13/2017,88.4100,88.4300,88.2800,88.3300,3941200.0000,55.2107
10/16/2017,88.3900,88.4000,88.2800,88.3800,6060300.0000,55.2420
10/17/2017,88.3800,88.5600,88.3800,88.5100,7468100.0000,55.3232
10/18/2017,88.5400,88.6500,88.5200,88.6000,7974400.0000,55.3795
10/19/2017,88.4800,88.6500,88.4400,88.6100,7270600.0000,55.3858
10/20/2017,88.6600,88.7300,88.6100,88.6900,7107000.0000,55.4358
10/23/2017,88.7000,88.7400,88.5900,88.5900,7227200.0000,55.3732
10/24/2017,88.6200,88.6900,88.5800,88.5900,7103700.0000,55.3732
10/25/2017,88.5300,88.5300,88.2200,88.3400,16817000.0000,55.2170
10/26/2017,88.4300,88.4600,88.1900,88.2300,10649800.0000,55.1482
10/27/2017,88.3000,88.4900,88.2300,88.4700,13720000.0000,55.2982
10/30/2017,88.3000,88.5100,88.3000,88.4500,5954500.0000,55.2857
10/31/2017,88.4900,88.5100,88.4400,88.4700,7198400.0000,55.2982
11/01/2017,88.1800,88.2000,88.0100,88.0200,9505500.0000,55.2455
11/02/2017,88.0100,88.0800,87.9000,87.9700,6096800.0000,55.2141
11/03/2017,88.0200,88.0800,87.8700,87.9800,7003200.0000,55.2204
11/06/2017,87.9300,88.0400,87.8900,87.9900,12262400.0000,55.2267
11/07/2017,87.9700,87.9800,87.7100,87.7400,11805400.0000,55.0698
11/08/2017,87.7400,87.7400,87.3100,87.3500,18120000.0000,54.8250
11/09/2017,87.1400,87.1400,86.7200,86.9200,38343500.0000,54.5551
11/10/2017,86.9400,87.1800,86.8800,87.1100,24521600.0000,54.6744
11/13/2017,87.0400,87.1600,87.0300,87.0500,16280500.0000,54.6367
11/14/2017,86.9200,86.9600,86.6200,86.6800,13870600.0000,54.4045
11/15/2017,86.4600,86.7600,86.2200,86.6800,25382000.0000,54.4045
11/16/2017,87.1200,87.6000,87.0400,87.5300,30075200.0000,54.9380
11/17/2017,87.3600,87.5100,87.3400,87.4700,15942100.0000,54.9003
11/20/2017,87.5200,87.6300,87.4300,87.4900,8930300.0000,54.9128
11/21/2017,87.5700,87.7100,87.5700,87.6700,10102400.0000,55.0258
11/22/2017,87.7200,87.8700,87.7000,87.8100,9473800.0000,55.1137
11/24/2017,87.8700,87.9200,87.8300,87.8700,3126500.0000,55.1514
11/27/2017,87.8700,87.8700,87.5400,87.6000,10645400.0000,54.9819
11/28/2017,87.6400,87.8900,87.6300,87.8700,10403700.0000,55.1514
11/29/2017,87.8200,87.8800,87.6800,87.7600,11806200.0000,55.0823
11/30/2017,87.7900,87.9500,87.7800,87.7800,17981500.0000,55.0949
12/01/2017,87.4200,87.5000,86.9800,87.3800,15485800.0000,55.0773
12/04/2017,87.5000,87.6100,87.3200,87.3500,14801700.0000,55.0583
12/05/2017,87.4000,87.4500,87.2800,87.3000,9347600.0000,55.0268
12/06/2017,87.2900,87.4100,87.2000,87.2200,10081700.0000,54.9764
12/07/2017,87.2600,87.3100,87.1700,87.2600,8955900.0000,55.0016
12/08/2017,87.3300,87.3700,87.2700,87.3500,9100400.0000,55.0583
12/11/2017,87.3500,87.3900,87.2900,87.3700,11847900.0000,55.0709
12/12/2017,87.4500,87.4500,87.3200,87.3300,8846700.0000,55.0457
12/13/2017,87.3700,87.4500,87.3300,87.3800,7495000.0000,55.0773
12/14/2017,87.3400,87.4000,87.0700,87.2000,19337000.0000,54.9638
12/15/2017,87.3000,87.3400,87.2000,87.2100,14223900.0000,54.9701
12/18/2017,87.2400,87.3900,87.2300,87.3000,11735200.0000,55.0268
12/19/2017,87.3000,87.3500,87.0900,87.1200,10985000.0000,54.9133
12/20/2017,87.2000,87.2600,87.0900,87.1900,11857400.0000,54.9575
12/21/2017,86.9300,86.9900,86.8700,86.9200,11195700.0000,55.0151
12/22/2017,86.9700,87.0700,86.9100,87.0000,11136900.0000,55.0657
12/26/2017,86.9400,87.1300,86.9300,87.1300,5798900.0000,55.1480
12/27/2017,87.0800,87.2100,87.0800,87.1700,5625500.0000,55.1733
12/28/2017,87.1900,87.2100,87.1000,87.1300,6116500.0000,55.1480
12/29/2017,87.1400,87.3100,87.0800,87.2600,5116800.0000,55.2303
01/02/2018,87.3000,87.3600,87.2500,87.3400,7223500.0000,55.2809
01/03/2018,87.3400,87.7800,87.3400,87.7600,20557100.0000,55.5467
01/04/2018,87.8200,87.9900,87.7700,87.9100,13610900.0000,55.6417
01/05/2018,87.9700,88.0100,87.8800,87.9700,9851600.0000,55.6797
01/08/2018,87.9600,88.0300,87.8600,87.9000,9804000.0000,55.6353
01/09/2018,87.9900,87.9900,87.6100,87.6300,13550400.0000,55.4645
01/10/2018,87.5000,87.5600,87.2700,87.4400,33182000.0000,55.3442
01/11/2018,87.5200,87.7400,87.4600,87.7300,12911500.0000,55.5277
01/12/2018,87.5900,87.7100,87.5500,87.5800,12088500.0000,55.4328
01/16/2018,87.6400,87.7300,87.4500,87.5300,18474100.0000,55.4012
01/17/2018,87.5600,87.6900,87.5200,87.5400,16340400.0000,55.4075
01/18/2018,87.5000,87.5600,87.4000,87.4500,16134900.0000,55.3505
01/19/2018,87.4400,87.5500,87.3900,87.5400,14401800.0000,55.4075
01/22/2018,87.4900,87.6500,87.4900,87.6200,16674700.0000,55.4581
01/23/2018,87.6800,87.9000,87.6300,87.8800,11600300.0000,55.6227
01/24/2018,87.8000,87.8800,87.6500,87.7500,10746300.0000,55.5404
01/25/2018,87.9000,87.9000,87.6100,87.6900,11039300.0000,55.5024
01/26/2018,87.7200,87.8400,87.6300,87.7600,7164100.0000,55.5467
01/29/2018,87.6300,87.6800,87.4300,87.4500,19590800.0000,55.3505
01/30/2018,87.4500,87.4600,87.1400,87.1500,18469300.0000,55.1606
01/31/2018,87.3000,87.4200,87.2100,87.3000,12692800.0000,55.2556
02/01/2018,86.8600,86.9900,86.7200,86.7700,17920000.0000,55.1513
02/02/2018,86.5500,86.6200,86.1500,86.2200,24787000.0000,54.8018
02/05/2018,86.1300,86.5100,85.5800,85.7400,28071300.0000,54.4967
02/06/2018,85.5100,86.3600,85.5100,86.2600,33924300.0000,54.8272
02/07/2018,86.3800,86.6200,85.8600,85.9400,24298100.0000,54.6238
02/08/2018,85.9100,86.0000,85.1800,85.1900,25419300.0000,54.1471
02/09/2018,85.2800,85.4200,84.0700,84.9500,47230300.0000,53.9946
02/12/2018,85.2000,85.6600,85.1600,85.5300,23448100.0000,54.3632
02/13/2018,85.3200,85.4200,85.1100,85.2600,14679900.0000,54.1916
02/14/2018,84.9900,85.4400,84.9000,85.4100,19332400.0000,54.2869
02/15/2018,85.6100,86.1000,85.6100,86.1000,21931600.0000,54.7255
02/16/2018,86.0900,86.5100,86.0700,86.4500,29195600.0000,54.9480
02/20/2018,86.2000,86.3800,86.1100,86.1500,22740600.0000,54.7573
02/21/2018,86.2400,86.3800,85.7400,85.7600,15656700.0000,54.5094
02/22/2018,85.8000,86.1400,85.7400,85.8200,14626900.0000,54.5475
02/23/2018,85.8900,86.4200,85.8300,86.3900,15919500.0000,54.9098
02/26/2018,86.4500,86.6800,86.3900,86.5400,10996300.0000,55.0051
02/27/2018,86.4800,86.5000,86.2000,86.3100,13840900.0000,54.8590
02/28/2018,86.4100,86.4800,86.1200,86.1800,8751000.0000,54.7763
03/01/2018,85.9100,85.9300,85.2700,85.2700,24974200.0000,54.4133
03/02/2018,85.3200,85.7900,85.2900,85.7500,18767600.0000,54.7195
03/05/2018,85.5700,85.8100,85.5700,85.7500,9000200.0000,54.7195
03/06/2018,85.8300,85.9500,85.6900,85.8700,14462900.0000,54.7961
03/07/2018,85.7700,85.8100,85.6000,85.6600,8195200.0000,54.6621
03/08/2018,85.7600,85.8000,85.6100,85.7600,10201800.0000,54.7259
03/09/2018,85.8600,86.1300,85.7800,86.0700,8942600.0000,54.9237
03/12/2018,86.0000,86.0700,85.7900,85.9300,10126500.0000,54.8344
03/13/2018,85.9300,86.0400,85.6100,85.6600,19020400.0000,54.6621
03/14/2018,85.7300,85.7800,85.5200,85.5600,10802500.0000,54.5983
03/15/2018,85.5500,85.7500,85.5000,85.6200,8647900.0000,54.6366
03/16/2018,85.6400,85.8100,85.5900,85.8000,11006000.0000,54.7515
03/19/2018,85.6600,85.6900,85.3500,85.4500,14298800.0000,54.5281
03/20/2018,85.4300,85.6500,85.4300,85.6200,14317800.0000,54.6366
03/21/2018,85.5800,85.8100,85.5200,85.6500,8643700.0000,54.6558
03/22/2018,85.4500,85.5700,85.1200,85.1400,15972300.0000,54.3303
03/23/2018,85.2900,85.3900,84.8200,84.9200,21847400.0000,54.1899
03/26/2018,85.3500,85.4900,85.1300,85.4700,12454200.0000,54.5409
03/27/2018,85.4800,85.6300,85.2100,85.3900,12661500.0000,54.4898
03/28/2018,85.3600,85.4400,85.2000,85.3500,14642900.0000,54.4643
03/29/2018,85.4900,85.7000,85.3900,85.6400,10299600.0000,54.6493
04/02/2018,85.1200,85.2700,84.8900,84.9600,18902700.0000,54.4372
04/03/2018,85.1100,85.2100,84.8900,85.2000,12994100.0000,54.5910
04/04/2018,84.9000,85.4400,84.9000,85.3900,9677200.0000,54.7128
04/05/2018,85.4300,85.5800,85.4100,85.4600,10152000.0000,54.7576
04/06/2018,85.4100,85.5000,85.1700,85.2700,12680800.0000,54.6359
04/09/2018,85.4500,85.6100,85.4100,85.5900,9043200.0000,54.8410
04/10/2018,85.7000,85.9400,85.6800,85.9000,11434100.0000,55.0396
04/11/2018,85.8700,86.0000,85.8100,85.9300,7675500.0000,55.0588
04/12/2018,86.0300,86.2600,85.9700,86.2400,23692600.0000,55.2574
04/13/2018,86.3000,86.4100,86.2400,86.2900,16213400.0000,55.2895
04/16/2018,86.3900,86.5100,86.2800,86.4200,10781600.0000,55.3727
04/17/2018,86.5500,86.6600,86.4300,86.4600,15577600.0000,55.3984
04/18/2018,86.5200,86.5500,86.3400,86.3700,13745600.0000,55.3407
04/19/2018,86.2100,86.2400,85.9900,86.1000,19345500.0000,55.1677
04/20/2018,86.0500,86.0900,85.8700,85.8900,17693500.0000,55.0331
04/23/2018,85.8300,85.8400,85.5800,85.6600,15971100.0000,54.8858
04/24/2018,85.6900,85.7700,85.3800,85.4900,17872600.0000,54.7769
04/25/2018,85.4100,85.5400,85.2400,85.5000,15078400.0000,54.7833
04/26/2018,85.5700,85.8600,85.5200,85.8000,17479700.0000,54.9755
04/27/2018,85.8700,85.9200,85.6100,85.7600,7014700.0000,54.9499
04/30/2018,85.7000,85.8500,85.6900,85.7000,12473000.0000,54.9114
05/01/2018,85.2800,85.4000,85.1800,85.4000,18707700.0000,54.9520
05/02/2018,85.4000,85.5500,85.3200,85.3700,12057000.0000,54.9326
05/03/2018,85.4000,85.4000,85.2200,85.3600,21626200.0000,54.9262
05/04/2018,85.2100,85.4500,85.1600,85.4200,14862100.0000,54.9648
05/07/2018,85.4300,85.5300,85.4000,85.5000,23063900.0000,55.0163
05/08/2018,85.4500,85.4700,85.3100,85.3700,13693500.0000,54.9326
05/09/2018,85.3500,85.5400,85.3400,85.5100,10476200.0000,55.0228
05/10/2018,85.5700,85.7900,85.5500,85.7600,13375800.0000,55.1836
05/11/2018,85.7600,85.8400,85.6300,85.7300,8505100.0000,55.1643
05/14/2018,85.7200,85.8200,85.5700,85.7500,14695800.0000,55.1772
05/15/2018,85.5600,85.6000,85.2700,85.3300,20008800.0000,54.9069
05/16/2018,85.3700,85.4700,85.2900,85.4400,13028100.0000,54.9777
05/17/2018,85.3400,85.5600,85.3400,85.4900,13198300.0000,55.0098
05/18/2018,85.3500,85.4600,85.3300,85.4000,14241600.0000,54.9520
05/21/2018,85.3900,85.5700,85.3900,85.5200,7000400.0000,55.0292
05/22/2018,85.5600,85.6300,85.5100,85.5800,6220700.0000,55.0678
05/23/2018,85.4800,85.6500,85.3900,85.6500,13053100.0000,55.1128
05/24/2018,85.5200,85.7200,85.5200,85.7000,12468600.0000,55.1450
05/25/2018,85.5800,85.6400,85.4600,85.5600,12895700.0000,55.0549
05/29/2018,85.3700,85.4000,85.1600,85.2000,13519800.0000,54.8233
05/30/2018,85.2900,85.4900,85.2900,85.4600,15145000.0000,54.9906
05/31/2018,85.4900,85.5000,85.3600,85.3800,17391000.0000,54.9391
06/01/2018,85.1500,85.2300,85.1000,85.1900,12891000.0000,55.0645
06/04/2018,85.2700,85.4200,85.2300,85.3700,13830900.0000,55.1808
06/05/2018,85.3700,85.5200,85.3000,85.4700,10614100.0000,55.2455
06/06/2018,85.4100,85.7100,85.3800,85.6800,6920900.0000,55.3812
06/07/2018,85.6300,85.7700,85.5500,85.7100,13764400.0000,55.4006
06/08/2018,85.6000,85.7300,85.5700,85.6600,9784000.0000,55.3683
06/11/2018,85.7000,85.8500,85.6900,85.8200,10429300.0000,55.4717
06/12/2018,85.8300,85.9700,85.7700,85.8900,12432400.0000,55.5169
06/13/2018,85.9100,86.0500,85.8300,85.9200,9958900.0000,55.5363
06/14/2018,86.0800,86.1900,86.0300,86.1700,13954300.0000,55.6979
06/15/2018,86.1100,86.1600,85.9900,86.1200,16303700.0000,55.6656
06/18/2018,86.0500,86.1300,85.9800,86.1100,11512000.0000,55.6591
06/19/2018,85.9400,86.0300,85.8700,85.9900,12543200.0000,55.5816
06/20/2018,86.0800,86.1300,86.0300,86.0800,10422800.0000,55.6398
06/21/2018,86.0700,86.0700,85.8700,85.9000,8132500.0000,55.5234
06/22/2018,86.0400,86.0900,85.8800,85.9100,7385200.0000,55.5299
06/25/2018,85.7700,85.8100,85.6300,85.7100,13975400.0000,55.4006
06/26/2018,85.7100,85.7300,85.6000,85.7000,7503900.0000,55.3941
06/27/2018,85.6500,85.7100,85.4700,85.5200,13119200.0000,55.2778
06/28/2018,85.3500,85.4100,85.1600,85.2800,13829300.0000,55.1226
06/29/2018,85.3900,85.5200,85.0600,85.0800,17450500.0000,54.9934
07/02/2018,84.6400,84.8000,84.6000,84.7800,22438600.0000,55.0460
07/03/2018,84.8400,84.9600,84.7400,84.7900,10098600.0000,55.0524
07/05/2018,84.9000,85.1300,84.8900,85.1100,12729400.0000,55.2602
07/06/2018,85.1300,85.3300,85.1200,85.3300,9640300.0000,55.4030
07/09/2018,85.3700,85.5400,85.3600,85.4600,11517200.0000,55.4875
07/10/2018,85.5000,85.5800,85.4600,85.4700,7531700.0000,55.4940
07/11/2018,85.3900,85.4500,85.3000,85.3400,14111200.0000,55.4095
07/12/2018,85.4800,85.6500,85.4400,85.6100,10327300.0000,55.5849
07/13/2018,85.6800,85.7200,85.6100,85.6100,9860300.0000,55.5849
07/16/2018,85.6200,85.6300,85.5100,85.5500,7963100.0000,55.5459
07/17/2018,85.4900,85.6500,85.4500,85.5800,10721000.0000,55.5654
07/18/2018,85.6100,85.6800,85.5300,85.6200,12838600.0000,55.5914
07/19/2018,85.5700,85.6400,85.4900,85.5800,6907300.0000,55.5654
07/20/2018,85.6200,85.6900,85.5800,85.6200,9329000.0000,55.5914
07/23/2018,85.6700,85.6900,85.5900,85.5900,7459200.0000,55.5719
07/24/2018,85.6000,85.8300,85.6000,85.7700,11803700.0000,55.6888
07/25/2018,85.7900,85.9500,85.7200,85.9300,11342300.0000,55.7926
07/26/2018,85.9400,86.0100,85.9000,85.9400,9233600.0000,55.7991
07/27/2018,85.9500,85.9800,85.8100,85.9100,10811200.0000,55.7797
07/30/2018,85.9400,86.0100,85.8500,85.9400,8400500.0000,55.7991
07/31/2018,86.1000,86.1500,86.0500,86.1200,10709500.0000,55.9160
08/01/2018,85.7600,85.8800,85.6700,85.8300,23297900.0000,55.9662
08/02/2018,85.7600,85.8900,85.7200,85.8800,10989200.0000,55.9988
08/03/2018,85.8600,85.9900,85.8500,85.9500,6940500.0000,56.0444
08/06/2018,85.8700,86.1100,85.8700,86.1100,7521900.0000,56.1488
08/07/2018,85.8700,86.2300,85.8700,86.1500,8408200.0000,56.1749
08/08/2018,86.1300,86.1700,86.0800,86.1000,10103600.0000,56.1423
08/09/2018,86.1100,86.1400,86.0000,86.0400,6354700.0000,56.1031
08/10/2018,85.9000,86.0100,85.8200,85.8900,9473300.0000,56.0053
08/13/2018,85.9600,85.9600,85.7700,85.8300,10479000.0000,55.9662
08/14/2018,85.8800,86.0100,85.8600,85.9800,9767700.0000,56.0640
08/15/2018,85.8700,85.9000,85.7300,85.8300,14684800.0000,55.9662
08/16/2018,85.9100,85.9900,85.8600,85.9400,14931800.0000,56.0379
08/17/2018,85.9000,86.0700,85.9000,86.0400,15280900.0000,56.1031
08/20/2018,86.0900,86.1500,86.0300,86.0800,8174900.0000,56.1292
08/21/2018,86.1100,86.2900,86.0900,86.2100,9281400.0000,56.2140
08/22/2018,86.2000,86.2800,86.2000,86.2400,8297400.0000,56.2336
08/23/2018,86.2400,86.3200,86.1900,86.2300,7751800.0000,56.2270
08/24/2018,86.2800,86.4100,86.2500,86.3800,7458500.0000,56.3248
08/27/2018,86.4000,86.4600,86.3700,86.4100,5581700.0000,56.3444
08/28/2018,86.3700,86.4100,86.3200,86.3700,8175300.0000,56.3183
08/29/2018,86.3400,86.3900,86.2800,86.3200,7403700.0000,56.2857
08/30/2018,86.3300,86.3500,86.2200,86.2500,8481700.0000,56.2401
08/31/2018,86.2900,86.4200,86.2800,86.3600,9569300.0000,56.3118
09/04/2018,85.8900,85.9300,85.7200,85.8100,16029000.0000,56.1946
09/05/2018,85.8000,85.8300,85.6900,85.7200,13369200.0000,56.1356
09/06/2018,85.8000,85.8300,85.7200,85.7900,13137500.0000,56.1815
09/07/2018,85.6300,85.7700,85.6300,85.7000,12374700.0000,56.1225
09/10/2018,85.8000,85.8900,85.7700,85.8700,6997900.0000,56.2339
09/11/2018,85.7600,85.9800,85.7600,85.8900,17897800.0000,56.2470
09/12/2018,85.9200,86.1500,85.9200,86.0900,14041900.0000,56.3779
09/13/2018,86.1700,86.3100,86.1700,86.2500,10375800.0000,56.4827
09/14/2018,86.2400,86.3900,86.2300,86.3300,12945000.0000,56.5351
09/17/2018,86.3100,86.3300,86.2300,86.2700,13279900.0000,56.4958
09/18/2018,86.2900,86.3600,86.2400,86.2600,19882300.0000,56.4893
09/19/2018,86.2400,86.2900,86.0800,86.1000,14471100.0000,56.3845
09/20/2018,86.1200,86.2200,85.9300,86.2200,15360100.0000,56.4631
09/21/2018,86.2200,86.2800,86.2000,86.2400,10966700.0000,56.4762
09/24/2018,86.2000,86.2500,86.0800,86.2000,10229400.0000,56.4500
09/25/2018,86.1300,86.1800,86.0900,86.1300,13240400.0000,56.4042
09/26/2018,86.1900,86.3400,86.1700,86.2200,19504800.0000,56.4631
09/27/2018,86.3100,86.4000,86.2700,86.3800,7996600.0000,56.5679
09/28/2018,86.3500,86.4700,86.2800,86.4400,17085200.0000,56.6071
10/01/2018,86.1600,86.3000,86.1400,86.3000,22566000.0000,56.7709
10/02/2018,86.2600,86.3000,86.1800,86.2300,13577600.0000,56.7249
10/03/2018,86.2800,86.3100,85.9100,86.0000,17930600.0000,56.5736
10/04/2018,85.8200,85.9000,85.5800,85.6800,24935100.0000,56.3631
10/05/2018,85.6500,85.6700,85.3000,85.3000,25063300.0000,56.1131
10/08/2018,85.3500,85.3600,85.0800,85.1100,12869500.0000,55.9881
10/09/2018,85.1400,85.3100,85.1200,85.2400,19488500.0000,56.0736
10/10/2018,85.1100,85.1100,84.6100,84.6300,25204700.0000,55.6723
10/11/2018,84.8300,85.0000,84.5700,84.7000,37665300.0000,55.7184
10/12/2018,85.1100,85.2100,84.9400,85.1500,31877600.0000,56.0144
10/15/2018,85.0800,85.1900,85.0400,85.0900,16658500.0000,55.9750
10/16/2018,85.2500,85.4000,85.2400,85.3800,18955700.0000,56.1658
10/17/2018,85.2600,85.3600,85.1400,85.2100,18739400.0000,56.0539
10/18/2018,85.1500,85.1900,84.8500,84.8500,28653800.0000,55.8171
10/19/2018,85.0500,85.0700,84.8500,84.9000,20606400.0000,55.8500
10/22/2018,85.1000,85.1500,84.8700,84.9400,15049900.0000,55.8763
10/23/2018,84.6500,84.9000,84.5500,84.8600,20873200.0000,55.8237
10/24/2018,84.8800,84.9200,84.4100,84.4400,23827800.0000,55.5474
10/25/2018,84.6100,84.6700,84.4300,84.6100,29513700.0000,55.6592
10/26/2018,84.3100,84.5300,84.1700,84.2300,27424100.0000,55.4092
10/29/2018,84.4000,84.4400,84.0400,84.1500,23379400.0000,55.3567
10/30/2018,84.1700,84.3500,83.9900,84.3500,24105300.0000,55.4882
10/31/2018,84.4500,84.5900,84.3500,84.3500,23047900.0000,55.4882
11/01/2018,84.0900,84.4100,84.0000,84.3200,33115700.0000,55.7427
11/02/2018,84.4200,84.5300,84.1400,84.2700,19675800.0000,55.7097
11/05/2018,84.2700,84.4400,84.2300,84.3400,12299600.0000,55.7559
11/06/2018,84.4100,84.5600,84.3800,84.5600,14675500.0000,55.9013
11/07/2018,84.6400,85.0700,84.6400,85.0500,26155500.0000,56.2253
11/08/2018,84.8500,85.0800,84.8200,84.8400,20677500.0000,56.0864
11/09/2018,84.6700,84.6800,84.2800,84.3600,20869300.0000,55.7691
11/12/2018,84.3300,84.4100,83.8100,83.8400,22319600.0000,55.4254
11/13/2018,83.8600,84.0200,83.6300,83.7000,22907600.0000,55.3328
11/14/2018,83.8100,83.9900,83.3400,83.5400,44747700.0000,55.2270
11/15/2018,83.1900,83.5200,82.9900,83.5200,32332600.0000,55.2138
11/16/2018,83.1600,83.3000,83.0000,83.2700,64912800.0000,55.0486
11/19/2018,83.0500,83.2400,82.9000,83.0100,36567300.0000,54.8767
11/20/2018,82.7800,82.9700,82.7000,82.7500,21901900.0000,54.7048
11/21/2018,83.1700,83.3400,83.0700,83.1700,16560400.0000,54.9825
11/23/2018,82.8300,82.9000,82.7100,82.7100,9708100.0000,54.6783
11/26/2018,83.0300,83.1400,82.9100,83.1000,19807100.0000,54.9362
11/27/2018,82.9400,83.0700,82.8700,83.0600,14370700.0000,54.9097
11/28/2018,83.1100,83.7700,83.0600,83.7500,23513100.0000,55.3659
11/29/2018,83.5900,83.8900,83.5400,83.7700,17927900.0000,55.3791
11/30/2018,83.5600,83.7400,83.5500,83.6000,15081000.0000,55.2667
12/03/2018,83.6500,83.8300,83.5000,83.8000,27052900.0000,55.6492
12/04/2018,83.6300,83.7100,83.2000,83.2800,32066500.0000,55.3039
12/06/2018,82.8500,83.0900,82.7200,82.9900,27661900.0000,55.1113
12/07/2018,83.2600,83.3900,82.8300,82.8300,28901200.0000,55.0051
12/10/2018,82.8200,82.9600,82.5600,82.8900,23434700.0000,55.0449
12/11/2018,83.1800,83.2600,82.9700,83.0400,19243900.0000,55.1445
12/12/2018,83.3200,83.5900,83.2900,83.3100,17571500.0000,55.3238
12/13/2018,83.5000,83.6000,83.4300,83.5100,15859200.0000,55.4566
12/14/2018,83.3700,83.4800,83.1000,83.1600,16397600.0000,55.2242
12/17/2018,83.0900,83.1600,82.5500,82.6200,24124900.0000,54.8656
12/18/2018,82.3600,82.4300,81.9000,82.0800,25284300.0000,54.7662
12/19/2018,82.1200,82.2600,81.2400,81.3400,32062700.0000,54.2724
12/20/2018,81.0700,81.1900,80.0100,80.6300,68796100.0000,53.7987
12/21/2018,80.5900,80.9300,80.1000,80.2300,56295000.0000,53.5318
12/24/2018,80.2300,80.3500,79.6300,79.6300,18853600.0000,53.1315
12/26/2018,79.7300,80.9700,79.5500,80.9700,25010300.0000,54.0256
12/27/2018,80.4900,80.9700,80.3800,80.9200,31806100.0000,53.9922
12/28/2018,80.9900,81.3200,80.8500,81.0400,30106400.0000,54.0723
12/31/2018,81.1900,81.3300,81.0900,81.1000,14153600.0000,54.1123
01/02/2019,80.7200,81.1100,80.6500,80.9900,26977400.0000,54.0389
01/03/2019,80.9100,81.1600,80.7800,81.0300,32776600.0000,54.0656
01/04/2019,81.6700,82.5000,81.5700,82.3900,38754000.0000,54.9731
01/07/2019,82.5800,83.1900,82.5700,83.1900,38127600.0000,55.5068
01/08/2019,83.3900,83.7400,83.2600,83.7300,30795000.0000,55.8671
01/09/2019,83.8500,84.0100,83.7900,83.8300,40909400.0000,55.9339
01/10/2019,83.6600,84.2100,83.5500,84.1600,50520000.0000,56.1540
01/11/2019,83.8200,83.9800,83.7800,83.8900,19793300.0000,55.9739
01/14/2019,83.6700,83.7700,83.5500,83.6200,20137700.0000,55.7937
01/15/2019,83.6200,83.9400,83.5500,83.9000,24799000.0000,55.9806
01/16/2019,84.0100,84.1400,83.9600,84.0300,26508100.0000,56.0673
01/17/2019,83.9400,84.2900,83.8900,84.2600,24574400.0000,56.2208
01/18/2019,84.4200,84.6700,84.3900,84.5000,36236400.0000,56.3809
01/22/2019,84.3300,84.3400,83.8300,83.9400,25504200.0000,56.0072
01/23/2019,84.0600,84.2300,83.8700,84.1100,18529400.0000,56.1207
01/24/2019,84.0800,84.2200,83.9400,84.2000,17875500.0000,56.1807
01/25/2019,84.3600,84.4900,84.3400,84.4100,16775200.0000,56.3208
01/28/2019,84.1900,84.3300,84.0700,84.2800,14694100.0000,56.2341
01/29/2019,84.3500,84.3500,84.0300,84.2300,18717000.0000,56.2007
01/30/2019,84.3400,85.0300,84.3300,84.9000,25993500.0000,56.6478
01/31/2019,84.8800,85.2400,84.8800,85.1100,27070400.0000,56.7879
02/01/2019,84.6600,84.7600,84.5400,84.6800,24749900.0000,56.7604
02/04/2019,84.6900,84.9300,84.6100,84.8800,15968400.0000,56.8945
02/05/2019,84.9400,85.2700,84.9300,85.1800,33188300.0000,57.0955
02/06/2019,85.1100,85.2100,85.0200,85.1000,25936800.0000,57.0419
02/07/2019,84.8300,84.9000,84.6600,84.8100,27119400.0000,56.8475
02/08/2019,84.7100,84.8100,84.5800,84.7900,16728100.0000,56.8342
02/11/2019,84.7700,84.8700,84.7000,84.8300,10051800.0000,56.8610
02/12/2019,85.0800,85.2700,85.0700,85.2400,20174000.0000,57.1358
02/13/2019,85.2900,85.3100,85.0500,85.1200,25088400.0000,57.0553
02/14/2019,84.9800,85.2200,84.8600,85.1300,19406700.0000,57.0621
02/15/2019,85.2800,85.4600,85.2800,85.4000,24052000.0000,57.2430
02/19/2019,85.3000,85.4800,85.2600,85.4300,11317700.0000,57.2631
02/20/2019,85.4600,85.5500,85.3300,85.5000,9925700.0000,57.3100
02/21/2019,85.4500,85.5300,85.3500,85.4200,15479800.0000,57.2565
02/22/2019,85.5200,85.6700,85.4900,85.5900,12330300.0000,57.3704
02/25/2019,85.7100,85.8300,85.6200,85.6600,13698200.0000,57.4173
02/26/2019,85.7200,85.8700,85.6700,85.7700,16049300.0000,57.4910
02/27/2019,85.8000,85.8600,85.7300,85.8000,14818900.0000,57.5112
02/28/2019,85.7800,85.8300,85.7000,85.7500,21340600.0000,57.4776
03/01/2019,85.5500,85.6600,85.5000,85.6100,26455300.0000,57.6406
03/04/2019,85.7100,85.7500,85.3400,85.4800,16034400.0000,57.5531
03/05/2019,85.4800,85.4900,85.3600,85.4400,14510100.0000,57.5261
03/06/2019,85.4000,85.4200,85.2600,85.3000,16806400.0000,57.4319
03/07/2019,85.3300,85.3400,85.0800,85.2400,28101100.0000,57.3914
03/08/2019,84.9800,85.1200,84.8100,85.1000,21043400.0000,57.2972
03/11/2019,85.0700,85.3900,85.0500,85.3800,17922400.0000,57.4857
03/12/2019,85.3100,85.5800,85.2900,85.5300,20180500.0000,57.5867
03/13/2019,85.5800,85.7700,85.5600,85.7600,24524800.0000,57.7416
03/14/2019,85.7200,85.8300,85.6800,85.7000,12342500.0000,57.7012
03/15/2019,85.7600,85.8800,85.7500,85.7800,21775300.0000,57.7550
03/18/2019,85.7900,85.8300,85.6700,85.7500,10498900.0000,57.7348
03/19/2019,85.8100,85.9600,85.7500,85.8000,14067200.0000,57.7685
03/20/2019,85.8100,86.3000,85.6500,86.1700,31184400.0000,58.0176
03/21/2019,86.0600,86.2600,86.0400,86.1500,16400700.0000,58.0042
03/22/2019,86.0200,86.0500,85.7500,85.8400,27030400.0000,57.7954
03/25/2019,85.7800,85.9100,85.6500,85.8100,23592100.0000,57.7752
03/26/2019,85.9500,86.1500,85.8900,86.0200,18762700.0000,57.9166
03/27/2019,86.0700,86.2400,85.8800,86.0800,16706700.0000,57.9570
03/28/2019,86.0900,86.2500,86.0400,86.2500,19706700.0000,58.0715
03/29/2019,86.3200,86.5300,86.3000,86.4700,22358900.0000,58.2196
04/01/2019,86.2100,86.2800,86.0500,86.0700,21353900.0000,58.2054
04/02/2019,86.0900,86.1400,85.9400,86.1100,15129300.0000,58.2324
04/03/2019,86.2000,86.3100,86.1000,86.1400,13746500.0000,58.2528
04/04/2019,86.1500,86.2800,86.1300,86.2700,14435700.0000,58.3406
04/05/2019,86.3600,86.5000,86.3400,86.4300,14227000.0000,58.4488
04/08/2019,86.3900,86.4100,86.3100,86.3800,11472100.0000,58.4150
04/09/2019,86.3300,86.4200,86.2700,86.3200,19118700.0000,58.3745
04/10/2019,86.4300,86.7000,86.4300,86.7000,16767000.0000,58.6314
04/11/2019,86.6900,86.8600,86.6500,86.8300,20976100.0000,58.7193
04/12/2019,86.9300,87.0100,86.7900,86.9600,17442800.0000,58.8073
04/15/2019,86.9500,86.9500,86.8300,86.9000,13940000.0000,58.7667
04/16/2019,86.9600,86.9700,86.8200,86.8500,11543800.0000,58.7329
04/17/2019,86.9400,86.9400,86.6300,86.6400,11818600.0000,58.5909
04/18/2019,86.7900,86.7900,86.5800,86.6800,15295500.0000,58.6179
04/22/2019,86.6200,86.6600,86.5200,86.5300,24591400.0000,58.5165
04/23/2019,86.6400,86.8800,86.5900,86.8300,15094100.0000,58.7193
04/24/2019,86.8500,86.8500,86.7000,86.7100,11938800.0000,58.6382
04/25/2019,86.7000,86.8100,86.5700,86.7500,14369000.0000,58.6653
04/26/2019,86.8500,86.9800,86.8500,86.9700,11937200.0000,58.8140
04/29/2019,86.9500,87.0000,86.9300,86.9300,7601200.0000,58.7870
04/30/2019,86.9700,87.0400,86.9200,86.9400,11168100.0000,58.7937
05/01/2019,86.5900,86.8700,86.2800,86.2900,24574300.0000,58.6009
05/02/2019,86.3600,86.4800,86.1800,86.3500,24936600.0000,58.6416
05/03/2019,86.5200,86.6000,86.4700,86.5700,18522700.0000,58.7910
05/06/2019,86.1800,86.6200,86.0000,86.6100,18893700.0000,58.8182
05/07/2019,86.4000,86.4500,85.9500,86.0900,30266300.0000,58.4651
05/08/2019,86.1000,86.3000,86.0300,86.1200,27527500.0000,58.4854
05/09/2019,85.9900,86.0600,85.6800,85.9900,30890400.0000,58.3971
05/10/2019,85.9600,86.3100,85.7500,86.2300,33782400.0000,58.5601
05/13/2019,85.6800,85.7700,85.4200,85.4400,34801600.0000,58.0236
05/14/2019,85.6100,85.8300,85.5300,85.6300,18128500.0000,58.1527
05/15/2019,85.4900,85.7600,85.4400,85.7100,19543700.0000,58.2070
05/16/2019,85.8300,86.1100,85.8000,85.9700,29384100.0000,58.3835
05/17/2019,85.7900,86.1000,85.7900,85.9400,27089400.0000,58.3632
05/20/2019,85.9200,86.0800,85.7800,85.8600,15780000.0000,58.3088
05/21/2019,85.9900,86.1500,85.9900,86.1300,15004300.0000,58.4922
05/22/2019,86.0800,86.2000,85.9700,86.2000,14976200.0000,58.5397
05/23/2019,85.9600,85.9900,85.6700,85.7700,18333400.0000,58.2477
05/24/2019,85.8700,85.9700,85.6400,85.6500,17611600.0000,58.1662
05/28/2019,85.7500,85.8200,85.4900,85.5700,20544600.0000,58.1119
05/29/2019,85.4600,85.5200,85.2500,85.3400,25441900.0000,57.9557
05/30/2019,85.4900,85.6500,85.4400,85.5200,20311900.0000,58.0780
05/31/2019,85.2400,85.3400,84.8800,84.9000,34947400.0000,57.6569
06/03/2019,84.6500,84.7800,84.4700,84.6500,58940600.0000,57.7497
06/04/2019,84.9100,85.5100,84.9100,85.5000,34113300.0000,58.3296
06/05/2019,85.5800,85.7200,85.4300,85.7000,28368700.0000,58.4660
06/06/2019,85.6800,85.9600,85.5700,85.8800,23538600.0000,58.5888
06/07/2019,86.0000,86.2100,85.1600,86.1000,29934000.0000,58.7389
06/10/2019,86.2600,86.3400,86.1800,86.2300,17482200.0000,58.8276
06/11/2019,86.5100,86.6600,86.2200,86.3500,34293700.0000,58.9094
06/12/2019,86.3300,86.3500,86.1300,86.1500,18195500.0000,58.7730
06/13/2019,86.3000,86.4100,86.2500,86.3500,19438500.0000,58.9094
06/14/2019,86.3200,86.3600,86.2200,86.2900,8842000.0000,58.8685
06/17/2019,86.2400,86.2900,86.1200,86.1600,10554000.0000,58.7798
06/18/2019,86.5700,86.7700,86.5400,86.7600,22540400.0000,59.1892
06/19/2019,86.7000,87.1900,86.5500,87.1700,28212600.0000,59.4689
06/20/2019,87.4300,87.6500,87.2900,87.6100,48362000.0000,59.7690
06/21/2019,87.3800,87.4500,87.3300,87.3300,22467800.0000,59.5780
06/24/2019,87.3300,87.3700,87.2800,87.3200,13764100.0000,59.5712
06/25/2019,87.3100,87.3100,86.8900,86.9500,26173600.0000,59.3188
06/26/2019,87.1200,87.1600,86.8800,86.9100,19554600.0000,59.2915
06/27/2019,87.0600,87.2000,87.0200,87.1500,12995100.0000,59.4552
06/28/2019,87.2000,87.2500,87.1500,87.1800,14690800.0000,59.4757
07/01/2019,87.1300,87.2600,86.8000,86.8200,26036100.0000,59.4935
07/02/2019,86.8800,87.0600,86.8400,87.0100,20683200.0000,59.6237
07/03/2019,87.0500,87.3900,87.0300,87.3400,16237900.0000,59.8498
07/05/2019,87.0800,87.0900,86.8500,86.9900,17591400.0000,59.6100
07/08/2019,86.9500,86.9500,86.8100,86.8200,16679400.0000,59.4935
07/09/2019,86.7600,86.8000,86.7000,86.7200,19189100.0000,59.4250
07/10/2019,86.9300,87.0800,86.8900,86.9600,24497000.0000,59.5895
07/11/2019,87.0100,87.0100,86.6700,86.7900,19191200.0000,59.4729
07/12/2019,86.7900,86.9400,86.7200,86.9300,21291200.0000,59.5689
07/15/2019,86.9100,87.0700,86.8600,86.9900,10735200.0000,59.6100
07/16/2019,86.9800,86.9800,86.7300,86.8100,20147200.0000,59.4866
07/17/2019,86.8800,86.8800,86.6900,86.7000,9361300.0000,59.4113
07/18/2019,86.7100,86.7600,86.5100,86.7400,17236600.0000,59.4387
07/19/2019,86.7400,86.7800,86.5600,86.5900,14771000.0000,59.3359
07/22/2019,86.6900,86.8800,86.6500,86.8800,12852800.0000,59.5346
07/23/2019,86.9500,87.0600,86.8500,87.0300,14051800.0000,59.6374
07/24/2019,87.0100,87.1100,86.9900,87.1000,12713700.0000,59.6854
07/25/2019,87.1500,87.1500,86.9100,86.9800,14272500.0000,59.6031
07/26/2019,87.1200,87.1900,87.0800,87.1700,8512700.0000,59.7333
07/29/2019,87.1500,87.1600,86.9600,87.0400,14731800.0000,59.6443
07/30/2019,86.9000,87.0900,86.8400,87.0800,13794100.0000,59.6717
07/31/2019,87.1500,87.2600,86.5800,86.9300,23449700.0000,59.5689
08/01/2019,86.5500,86.9900,86.4900,86.5200,28839000.0000,59.5393
08/02/2019,86.4900,86.4900,86.1800,86.3900,23559600.0000,59.4499
08/05/2019,85.8700,85.8700,85.3500,85.4900,47727900.0000,58.8305
08/06/2019,85.8700,86.1200,85.6700,86.0400,28695000.0000,59.2090
08/07/2019,85.6900,86.1300,85.4500,86.0300,38028500.0000,59.2021
08/08/2019,86.0500,86.4200,86.0500,86.3700,27074700.0000,59.4361
08/09/2019,86.2200,86.3500,86.0800,86.2500,19090800.0000,59.3535
08/12/2019,86.0100,86.1400,85.8800,85.9500,17466700.0000,59.1470
08/13/2019,85.9400,86.4100,85.8800,86.3300,30078600.0000,59.4085
08/14/2019,85.9400,85.9700,85.5000,85.5600,29745300.0000,58.8786
08/15/2019,85.7100,85.9000,85.6500,85.8100,27296500.0000,59.0507
08/16/2019,85.9400,86.1300,85.9400,86.1000,15780200.0000,59.2503
08/19/2019,86.2600,86.3600,86.2200,86.3500,13603000.0000,59.4223
08/20/2019,86.3900,86.4700,86.2500,86.4200,16126800.0000,59.4705
08/21/2019,86.6400,86.8500,86.5800,86.7900,18334300.0000,59.7251
08/22/2019,86.9400,87.0300,86.7500,86.9500,20677200.0000,59.8352
08/23/2019,86.7900,87.1400,86.4800,86.5500,30340300.0000,59.5599
08/26/2019,86.8200,86.9800,86.7400,86.9800,14187800.0000,59.8559
08/27/2019,87.1500,87.1800,86.7900,86.9400,14722700.0000,59.8283
08/28/2019,86.9200,87.1900,86.8900,87.1500,13576000.0000,59.9729
08/29/2019,87.3400,87.4100,87.1900,87.2400,16271400.0000,60.0348
08/30/2019,87.3800,87.3900,86.9700,87.1600,14413600.0000,59.9797
09/03/2019,86.7200,86.7200,86.3900,86.5400,20561500.0000,59.8077
09/04/2019,86.6900,86.7500,86.5900,86.7200,13526700.0000,59.9320
09/05/2019,86.8000,87.1300,86.7800,87.0600,23399100.0000,60.1670
09/06/2019,87.1800,87.3000,87.0400,87.1400,25162700.0000,60.2223
09/09/2019,87.1900,87.2600,87.0200,87.2300,17484200.0000,60.2845
09/10/2019,87.2400,87.3100,87.1000,87.2800,14055800.0000,60.3191
09/11/2019,87.2300,87.3000,87.1700,87.2700,13999200.0000,60.3121
09/12/2019,87.3400,87.4300,87.2500,87.3200,23246400.0000,60.3467
09/13/2019,87.1700,87.3100,87.1100,87.1600,34407300.0000,60.2361
09/16/2019,87.3000,87.4800,87.1800,87.4700,23020800.0000,60.4504
09/17/2019,87.5000,87.5300,87.3400,87.5200,14626400.0000,60.4849
09/18/2019,87.4600,87.5400,87.1900,87.4700,15913800.0000,60.4504
09/19/2019,87.4200,87.5400,87.3300,87.3700,13327000.0000,60.3813
09/20/2019,87.4000,87.5100,87.3400,87.4800,23298400.0000,60.4573
09/23/2019,87.4100,87.5100,87.3900,87.4400,15456800.0000,60.4296
09/24/2019,87.5200,87.5300,87.2100,87.3200,21934200.0000,60.3467
09/25/2019,87.2500,87.2900,87.0300,87.2300,15142100.0000,60.2845
09/26/2019,87.2300,87.2600,87.0400,87.1700,13873100.0000,60.2430
09/27/2019,87.1600,87.2300,87.0000,87.0700,13419200.0000,60.1739
09/30/2019,87.0600,87.1700,87.0200,87.1700,21827700.0000,60.2430
10/01/2019,86.8400,86.8600,86.5500,86.6200,27665700.0000,60.1042
10/02/2019,86.5700,86.5800,86.0400,86.1100,33789500.0000,59.7504
10/03/2019,86.1200,86.2400,85.7500,86.1600,30387800.0000,59.7851
10/04/2019,86.2700,86.4400,86.2000,86.4300,17588600.0000,59.9724
10/07/2019,86.3700,86.4900,86.2500,86.3600,14542500.0000,59.9238
10/08/2019,86.2700,86.3200,86.0400,86.0400,15471500.0000,59.7018
10/09/2019,86.2700,86.3800,86.2500,86.3000,11351300.0000,59.8822
10/10/2019,86.3200,86.4800,86.3000,86.4100,11092800.0000,59.9586
10/11/2019,86.6400,86.8300,86.5700,86.7700,18661400.0000,60.2083
10/14/2019,86.7700,86.8700,86.6900,86.8300,9842600.0000,60.2500
10/15/2019,86.8400,87.0700,86.8000,87.0200,26321500.0000,60.3818
10/16/2019,86.9900,87.0100,86.9400,86.9500,11813000.0000,60.3332
10/17/2019,87.0100,87.1000,87.0000,87.0700,14814300.0000,60.4165
10/18/2019,87.0700,87.1300,86.9600,87.0900,21363700.0000,60.4303
10/21/2019,87.1600,87.1700,87.1100,87.1200,10090400.0000,60.4512
10/22/2019,87.1800,87.1800,87.0800,87.1400,15464300.0000,60.4651
10/23/2019,87.1500,87.2300,87.0900,87.2200,9097500.0000,60.5206
10/24/2019,87.2600,87.3200,87.1700,87.3200,14832800.0000,60.5899
10/25/2019,87.3000,87.4200,87.3000,87.3900,11593600.0000,60.6385
10/28/2019,87.4000,87.4400,87.3600,87.3800,10646500.0000,60.6316
10/29/2019,87.3700,87.4000,87.2000,87.2200,10655700.0000,60.5206
10/30/2019,87.2700,87.2800,87.0000,87.1100,24566400.0000,60.4443
10/31/2019,87.0900,87.1000,86.7900,86.8100,24576400.0000,60.2361
11/01/2019,86.5900,86.9100,86.5800,86.8200,23894100.0000,60.4946
11/04/2019,86.9800,87.0500,86.9400,87.0000,14135800.0000,60.6200
11/05/2019,87.0700,87.0800,86.8200,86.9100,21946800.0000,60.5573
11/06/2019,86.9100,86.9100,86.7800,86.8100,8976900.0000,60.4876
11/07/2019,86.9400,86.9800,86.7500,86.7700,15077600.0000,60.4598
11/08/2019,86.7600,86.8800,86.6400,86.8500,11692800.0000,60.5155
11/11/2019,86.7700,86.8400,86.6800,86.8000,4933600.0000,60.4806
11/12/2019,86.7500,86.8900,86.7300,86.8200,14690200.0000,60.4946
11/13/2019,86.7300,86.7700,86.6800,86.7300,15333600.0000,60.4319
11/14/2019,86.7400,86.8000,86.6500,86.6800,14965100.0000,60.3970
11/15/2019,86.7700,86.9500,86.7600,86.9400,12996200.0000,60.5782
11/18/2019,86.8700,86.9000,86.7900,86.8300,13135800.0000,60.5016
11/19/2019,86.7400,86.7500,86.5200,86.5200,20175500.0000,60.2855
11/20/2019,86.4700,86.5800,86.3300,86.3400,22566100.0000,60.1601
11/21/2019,86.4300,86.4500,86.2700,86.3600,17853800.0000,60.1740
11/22/2019,86.4900,86.6900,86.4000,86.6900,20394800.0000,60.4040
11/25/2019,86.7100,86.9400,86.7100,86.9200,16885300.0000,60.5643
11/26/2019,86.9500,87.0200,86.9000,87.0200,11469400.0000,60.6339
11/27/2019,86.9900,87.1500,86.9500,87.1300,11814700.0000,60.7106
11/29/2019,87.1100,87.1100,86.9300,86.9400,11519500.0000,60.5782
12/02/2019,86.6300,86.6300,86.3500,86.5400,20966400.0000,60.5369
12/03/2019,86.3400,86.4700,86.2400,86.4200,29757200.0000,60.4530
12/04/2019,86.4600,86.7100,86.4600,86.6800,12406800.0000,60.6349
12/05/2019,86.7400,86.8100,86.5800,86.8100,18158900.0000,60.7258
12/06/2019,86.9500,87.0100,86.8500,86.9300,16094700.0000,60.8098
12/09/2019,86.9000,87.0000,86.9000,86.9300,18034300.0000,60.8098
12/10/2019,86.9300,87.1500,86.9000,87.1400,15117100.0000,60.9567
12/11/2019,87.1600,87.3400,87.0900,87.3200,14127500.0000,61.0825
12/12/2019,87.3600,87.6100,87.3300,87.5200,18958100.0000,61.2225
12/13/2019,87.5500,87.6500,87.5000,87.6100,18088100.0000,61.2854
12/16/2019,87.7400,87.8300,87.7000,87.7800,17517400.0000,61.4043
12/17/2019,87.7900,88.0500,87.7900,88.0500,18650700.0000,61.5932
12/18/2019,88.0900,88.2500,88.0600,88.2100,31575700.0000,61.7051
12/19/2019,87.9100,87.9300,87.7200,87.8500,29429300.0000,61.6728
12/20/2019,87.9500,87.9900,87.7000,87.7200,31918800.0000,61.5816
12/23/2019,87.7500,87.8000,87.7300,87.7600,9720200.0000,61.6097
12/24/2019,87.7800,87.8300,87.7300,87.8300,4854900.0000,61.6588
12/26/2019,87.9400,87.9900,87.8900,87.9600,11382700.0000,61.7501
12/27/2019,88.0200,88.0200,87.8900,87.9200,11627100.0000,61.7220
12/30/2019,88.0000,88.0200,87.7700,87.8600,12524300.0000,61.6799
12/31/2019,87.8600,87.9500,87.8100,87.9400,8310800.0000,61.7361
01/02/2020,88.1000,88.3200,88.0500,88.3100,15756600.0000,61.9958
01/03/2020,88.1200,88.2800,88.0400,88.2200,17342200.0000,61.9326
01/06/2020,88.1100,88.1800,88.0500,88.1300,17936900.0000,61.8694
01/07/2020,88.1400,88.1600,88.0400,88.0500,9640300.0000,61.8133
01/08/2020,88.0700,88.2300,88.0200,88.1300,16088100.0000,61.8694
01/09/2020,88.2400,88.3700,88.1700,88.3600,16649500.0000,62.0309
01/10/2020,88.3700,88.4100,88.3000,88.3900,16182900.0000,62.0520
01/13/2020,88.4000,88.4500,88.3500,88.3900,17762400.0000,62.0520
01/14/2020,88.3700,88.4900,88.2800,88.3800,29157100.0000,62.0449
01/15/2020,88.4000,88.5300,88.3900,88.4000,24637900.0000,62.0590
01/16/2020,88.4700,88.5300,88.3800,88.4300,22349200.0000,62.0800
01/17/2020,88.4800,88.5100,88.3600,88.3600,29626700.0000,62.0309
01/21/2020,88.3400,88.4300,88.1700,88.1700,19724900.0000,61.8975
01/22/2020,88.3100,88.3700,88.2300,88.3300,17731800.0000,62.0098
01/23/2020,88.1800,88.2000,88.0200,88.0600,28566200.0000,61.8203
01/24/2020,88.0700,88.0700,87.6500,87.6900,40838300.0000,61.5605
01/27/2020,87.2400,87.3800,86.9600,87.1000,41372700.0000,61.1463
01/28/2020,87.5000,87.9600,87.3900,87.8500,32628300.0000,61.6728
01/29/2020,87.9700,88.2300,87.7800,87.8000,17308200.0000,61.6378
01/30/2020,87.5100,87.9100,87.5000,87.8900,20103300.0000,61.7009
01/31/2020,87.8000,87.8000,87.3900,87.5300,35659700.0000,61.4482
02/03/2020,87.3300,87.4700,87.1300,87.1500,25754700.0000,61.4383
02/04/2020,87.5000,87.6900,87.4800,87.6700,25063800.0000,61.8049
02/05/2020,87.8800,88.0600,87.8400,88.0300,36687700.0000,62.0587
02/06/2020,88.0000,88.1500,87.8700,88.1000,18329900.0000,62.1081
02/07/2020,87.9900,88.0500,87.8800,87.9700,12865100.0000,62.0164
02/10/2020,87.9500,88.1000,87.8800,88.0900,14220000.0000,62.1010
02/11/2020,88.2700,88.2800,88.1500,88.1500,16821500.0000,62.1433
02/12/2020,88.3200,88.4600,88.2600,88.3800,26688200.0000,62.3055
02/13/2020,88.3100,88.4600,88.2900,88.4100,13297900.0000,62.3266
02/14/2020,88.4400,88.4900,88.3500,88.4000,11398800.0000,62.3195
02/18/2020,88.3500,88.4000,88.1500,88.2200,26635300.0000,62.1927
02/19/2020,88.3100,88.3700,88.2500,88.2600,18547500.0000,62.2209
02/20/2020,88.3200,88.4400,88.0600,88.4100,31277000.0000,62.3266
02/21/2020,88.3400,88.3800,88.1600,88.3300,23027000.0000,62.2702
02/24/2020,87.5000,87.6000,87.2000,87.3800,57828300.0000,61.6005
02/25/2020,87.7600,87.8100,86.6900,86.7700,68418000.0000,61.1705
02/26/2020,86.9300,87.2500,86.6000,86.8600,69233800.0000,61.2339
02/27/2020,86.1300,86.6900,85.5200,85.6900,72596300.0000,60.4090
02/28/2020,84.6900,86.1500,84.6900,86.0400,97472600.0000,60.6558
03/02/2020,85.6400,86.4000,85.2300,86.3100,72357700.0000,61.1161
03/03/2020,86.3800,87.1900,85.7400,85.9400,58721000.0000,60.8541
03/04/2020,86.6600,87.1600,86.5900,87.1200,52664700.0000,61.6896
03/05/2020,86.3600,86.5100,85.8500,86.0200,62455700.0000,60.9107
03/06/2020,84.5300,85.2800,84.0900,85.0500,69860600.0000,60.2239
03/09/2020,79.6400,83.4900,79.6400,81.3900,73609600.0000,57.6322
03/10/2020,82.6200,82.8700,81.1300,82.6400,57598000.0000,58.5174
03/11/2020,81.2500,81.6900,80.2000,80.8400,60006600.0000,57.2428
03/12/2020,76.3800,80.2500,76.2300,77.6100,82926400.0000,54.9556
03/13/2020,80.1300,80.2800,78.1400,80.0500,69164600.0000,56.6834
03/16/2020,75.7200,77.6500,74.3000,75.6500,43080100.0000,53.5677
03/17/2020,75.5500,77.7000,74.6300,76.3600,68569400.0000,54.0705
03/18/2020,73.8500,74.7500,71.9100,72.9900,54289800.0000,51.6842
03/19/2020,71.8600,72.6700,70.7700,71.3500,45706300.0000,50.5229
03/20/2020,71.4100,72.1400,69.4100,69.7500,55796500.0000,49.3900
03/23/2020,70.0500,70.1200,67.5200,68.6300,48862100.0000,48.5969
03/24/2020,70.0900,71.9500,69.9000,71.4600,51304000.0000,50.6008
03/25/2020,72.2500,75.5700,72.0800,73.4700,45692600.0000,52.0241
03/26/2020,74.0100,76.8300,73.7000,76.8300,41965200.0000,54.4033
03/27/2020,75.4400,78.3700,75.3600,77.0300,66536800.0000,54.5449
03/30/2020,77.1000,78.0400,76.6400,77.6900,35016900.0000,55.0122
03/31/2020,77.3700,77.7100,76.9800,77.0700,31103400.0000,54.5732
04/01/2020,75.1800,75.2700,74.3700,74.5800,36859100.0000,53.0752
04/02/2020,74.3700,76.3000,74.2300,75.1600,31824800.0000,53.4880
04/03/2020,75.0000,75.2000,73.3200,73.5500,39986200.0000,52.3422
04/06/2020,75.0600,75.5600,74.8100,75.3400,32347800.0000,53.6161
04/07/2020,76.4300,76.7200,75.2400,75.3400,35120800.0000,53.6161
04/08/2020,75.9600,77.6300,75.6900,77.3000,46291400.0000,55.0109
04/09/2020,81.9700,84.0500,81.4900,82.3600,88846900.0000,58.6119
04/13/2020,81.8100,81.9200,80.4200,81.1800,40390500.0000,57.7721
04/14/2020,81.9100,82.0900,80.9700,81.5200,37632800.0000,58.0141
04/15/2020,80.2500,80.9100,79.9600,80.7600,34367500.0000,57.4732
04/16/2020,80.5600,80.7500,79.9300,80.6800,25821900.0000,57.4163
04/17/2020,81.3200,81.4000,80.8500,81.0900,38251800.0000,57.7081
04/20/2020,80.2900,80.7900,79.7200,79.8700,24676200.0000,56.8398
04/21/2020,78.9600,79.0600,78.2500,78.4100,42335600.0000,55.8008
04/22/2020,79.2600,79.3700,78.8400,79.1000,15720900.0000,56.2919
04/23/2020,79.2500,79.6600,78.7300,79.0600,23896700.0000,56.2634
04/24/2020,79.1200,79.2300,78.1600,78.3200,37915200.0000,55.7368
04/27/2020,78.7000,78.9300,78.5100,78.6400,20550700.0000,55.9645
04/28/2020,79.0700,79.1200,78.4400,78.8800,23927600.0000,56.1353
04/29/2020,79.4300,80.3600,79.2700,80.2700,34838300.0000,57.1245
04/30/2020,79.8500,80.5600,79.5300,80.4300,34636000.0000,57.2384
05/01/2020,79.3400,79.5400,78.6100,78.6800,31859400.0000,56.2511
05/04/2020,78.5300,78.8700,78.2000,78.5700,20400900.0000,56.1724
05/05/2020,78.8200,79.2500,78.8200,79.2500,26484200.0000,56.6586
05/06/2020,79.3300,79.4300,78.7700,78.8000,18823300.0000,56.3368
05/07/2020,79.2000,79.7100,78.9700,79.0000,19581700.0000,56.4798
05/08/2020,79.3300,79.7600,79.2700,79.7500,21770400.0000,57.0160
05/11/2020,79.5800,79.7200,79.3400,79.3900,14285100.0000,56.7587
05/12/2020,79.9100,80.0000,79.2900,79.2900,25332700.0000,56.6872
05/13/2020,79.3500,79.4200,78.7400,78.8700,29962000.0000,56.3869
05/14/2020,78.4600,78.9000,77.9800,78.6000,30429100.0000,56.1938
05/15/2020,78.3700,78.8400,78.1700,78.7100,34133400.0000,56.2725
05/18/2020,79.9600,80.1600,79.6600,80.1000,31900200.0000,57.2663
05/19/2020,80.0400,80.4300,79.8900,80.2000,18536500.0000,57.3377
05/20/2020,80.6200,81.2500,80.5500,81.0500,36053700.0000,57.9455
05/21/2020,81.0300,81.2300,80.8000,81.0300,23307300.0000,57.9312
05/22/2020,80.9500,81.3300,80.8100,81.2300,11311900.0000,58.0742
05/26/2020,81.8300,82.1600,81.1800,81.8400,27673800.0000,58.5103
05/27/2020,82.4200,82.4500,81.6600,82.0100,24905000.0000,58.6318
05/28/2020,82.1300,82.5500,81.9400,82.0900,23282500.0000,58.6890
05/29/2020,82.0500,82.6200,81.8800,82.4200,32189000.0000,58.9249
06/01/2020,81.9400,82.7500,81.8200,82.7200,46987000.0000,59.3706
06/02/2020,82.8500,83.5800,82.6200,83.5400,35930900.0000,59.9592
06/03/2020,83.8800,84.3800,83.7800,83.9300,35991000.0000,60.2391
06/04/2020,83.8400,83.9800,83.5200,83.6700,36405800.0000,60.0525
06/05/2020,84.5700,85.0300,84.4000,84.4600,35306500.0000,60.6195
06/08/2020,84.6600,84.6800,84.3500,84.5600,20493100.0000,60.6912
06/09/2020,84.1100,84.1500,83.5800,83.9000,28412400.0000,60.2176
06/10/2020,83.7900,84.2200,83.2600,83.7800,36663100.0000,60.1314
06/11/2020,82.5800,82.6200,81.4700,81.6300,48794500.0000,58.5883
06/12/2020,82.7400,82.8700,81.8500,82.4400,36156800.0000,59.1696
06/15/2020,81.9000,83.7800,81.7200,83.2400,39432300.0000,59.7438
06/16/2020,84.2500,84.3300,83.3100,83.5800,40976300.0000,59.9879
06/17/2020,83.5200,83.6200,83.1500,83.1900,17066700.0000,59.7080
06/18/2020,82.9600,83.2100,82.8300,83.1600,22223600.0000,59.6864
06/19/2020,83.3200,83.3700,82.7100,82.8800,32037600.0000,59.4855
06/22/2020,82.8700,83.0300,82.6900,82.8200,21536000.0000,59.4424
06/23/2020,83.1100,83.1400,82.8900,82.9400,17438000.0000,59.5285
06/24/2020,82.6800,82.7800,81.5400,82.0900,43720600.0000,58.9185
06/25/2020,81.8700,82.1700,81.4900,82.1200,31159700.0000,58.9400
06/26/2020,82.0100,82.0100,81.2300,81.3400,33705800.0000,58.3801
06/29/2020,81.4400,81.4500,80.4800,80.8800,76540200.0000,58.0500
06/30/2020,81.1500,81.8000,81.0800,81.6200,40554300.0000,58.5811
07/01/2020,81.4100,81.7700,81.4100,81.5300,28799100.0000,58.7635
07/02/2020,82.2400,82.5100,81.9700,82.1300,30623300.0000,59.1959
07/06/2020,82.6200,82.7400,82.4100,82.7200,22888200.0000,59.6212
07/07/2020,82.6300,82.8400,82.1300,82.1700,22408000.0000,59.2248
07/08/2020,82.1300,82.5000,82.1200,82.3900,21155700.0000,59.3833
07/09/2020,82.3900,82.4600,81.8300,82.2100,21655600.0000,59.2536
07/10/2020,82.0700,82.5400,81.9800,82.4900,17903400.0000,59.4554
07/13/2020,82.8000,82.9100,82.0300,82.0400,20039400.0000,59.1311
07/14/2020,82.0400,82.7800,82.0400,82.7400,31929700.0000,59.6356
07/15/2020,83.2400,83.3100,82.9100,83.2100,21291300.0000,59.9744
07/16/2020,83.1600,83.3000,83.0800,83.2900,17570400.0000,60.0320
07/17/2020,83.4800,83.5500,83.2100,83.5200,22863700.0000,60.1978
07/20/2020,83.5900,84.0600,83.5100,84.0200,16701600.0000,60.5582
07/21/2020,84.3000,84.5800,84.2700,84.4100,22331600.0000,60.8392
07/22/2020,84.5000,84.6200,84.3400,84.5800,15251400.0000,60.9618
07/23/2020,84.5700,84.6200,83.9700,84.5200,28434900.0000,60.9185
07/24/2020,84.3400,84.7000,84.3000,84.6000,14977500.0000,60.9762
07/27/2020,84.7300,84.8200,84.5100,84.8000,12931500.0000,61.1203
07/28/2020,84.7200,84.8000,84.5000,84.5800,14862900.0000,60.9618
07/29/2020,84.8400,85.1100,84.7000,85.0500,18012800.0000,61.3006
07/30/2020,84.7800,85.2700,84.7400,85.2300,54812400.0000,61.4303
07/31/2020,85.2000,85.4000,84.9000,85.3900,28623100.0000,61.5456
08/03/2020,85.0300,85.1100,84.8500,85.0700,17480600.0000,61.5608
08/04/2020,84.9700,85.0700,84.8000,85.0400,17120700.0000,61.5391
08/05/2020,85.0600,85.2300,85.0100,85.1900,14566000.0000,61.6476
08/06/2020,85.1900,85.4000,85.1000,85.3800,13258600.0000,61.7851
08/07/2020,85.3500,85.3500,85.0500,85.1700,14289900.0000,61.6331
08/10/2020,85.2600,85.3000,85.0100,85.2100,13708700.0000,61.6621
08/11/2020,85.2500,85.2700,84.4000,84.4400,20535400.0000,61.1049
08/12/2020,84.8100,85.0200,84.4600,84.4600,18003400.0000,61.1194
08/13/2020,84.4800,84.8100,84.1500,84.2300,28444900.0000,60.9529
08/14/2020,84.2100,84.3000,83.9200,84.0800,14072300.0000,60.8444
08/17/2020,84.1600,84.6200,84.1000,84.5800,13756500.0000,61.2062
08/18/2020,84.6200,84.7700,84.4100,84.7100,24900300.0000,61.3003
08/19/2020,84.6700,84.7900,84.3700,84.4700,18738300.0000,61.1266
08/20/2020,84.3300,84.7500,84.3200,84.7500,19912800.0000,61.3292
08/21/2020,84.7500,84.8100,84.6300,84.7400,17570600.0000,61.3220
08/24/2020,84.9000,85.1700,84.8900,85.1300,16058100.0000,61.6042
08/25/2020,85.1400,85.2800,84.9100,85.2200,24018600.0000,61.6693
08/26/2020,85.2300,85.3700,85.1700,85.2100,16243100.0000,61.6621
08/27/2020,85.3200,85.3500,84.9000,85.0800,19861800.0000,61.5681
08/28/2020,85.1300,85.2700,85.0900,85.1500,14418500.0000,61.6187
08/31/2020,85.1300,85.2300,84.9900,85.0300,21473800.0000,61.5318
09/01/2020,84.7100,85.2300,84.6400,85.1500,22774200.0000,61.8668
09/02/2020,85.2000,85.3900,84.9500,85.2500,15878600.0000,61.9394
09/03/2020,85.1000,85.1200,84.3700,84.7200,34169800.0000,61.5543
09/04/2020,84.8000,84.9400,83.9800,84.4900,36087300.0000,61.3873
09/08/2020,84.1400,84.4100,83.9100,84.0200,34967600.0000,61.0458
09/09/2020,84.3800,84.7400,84.2500,84.6800,32976800.0000,61.5253
09/10/2020,84.8100,84.8300,84.2500,84.2800,32866300.0000,61.2347
09/11/2020,84.3400,84.4900,84.1000,84.4500,20807100.0000,61.3582
09/14/2020,84.6200,84.7000,84.2700,84.3600,28958000.0000,61.2928
09/15/2020,84.5500,84.7200,84.4400,84.5900,22176900.0000,61.4599
09/16/2020,84.6500,84.9900,84.5100,84.5900,26951200.0000,61.4599
09/17/2020,84.3100,84.6600,84.2300,84.5000,25752400.0000,61.3945
09/18/2020,84.6700,84.6900,84.2500,84.2900,29891800.0000,61.2420
09/21/2020,83.9300,84.0300,83.3800,83.6100,42968900.0000,60.7479
09/22/2020,83.7100,83.9500,83.5200,83.9000,41396800.0000,60.9586
09/23/2020,83.9800,83.9800,82.9600,83.0500,39577800.0000,60.3410
09/24/2020,82.8700,83.3400,82.5600,83.1000,38755800.0000,60.3774
09/25/2020,83.0000,83.1600,82.7600,82.9500,36032200.0000,60.2683
09/28/2020,83.3800,83.6200,83.1900,83.4900,20277000.0000,60.6607
09/29/2020,83.5600,83.6100,83.2900,83.5600,20243400.0000,60.7116
09/30/2020,83.5600,84.0300,83.5500,83.9000,28797600.0000,60.9586
10/01/2020,83.8100,83.8900,83.6900,83.8300,31098000.0000,61.1680
10/02/2020,83.2800,83.8700,83.2800,83.8300,26284300.0000,61.1680
10/05/2020,83.9900,84.4800,83.9200,84.4600,27394000.0000,61.6277
10/06/2020,84.4800,84.7500,84.2200,84.2700,37848500.0000,61.4891
10/07/2020,84.5200,84.6300,84.4700,84.5700,20968200.0000,61.7080
10/08/2020,84.8400,84.8500,84.6400,84.7600,18738800.0000,61.8466
10/09/2020,84.8900,85.0300,84.7600,84.9500,21287800.0000,61.9852
10/12/2020,85.2200,85.4700,85.1300,85.3800,10503400.0000,62.2990
10/13/2020,85.1600,85.2600,84.9300,85.0000,25183100.0000,62.0217
10/14/2020,84.9600,85.0200,84.7200,84.7900,31620600.0000,61.8685
10/15/2020,84.4500,84.7800,84.3200,84.7300,32232100.0000,61.8247
10/16/2020,84.8600,84.9400,84.5200,84.6300,27456900.0000,61.7517
10/19/2020,84.8000,84.8600,84.3000,84.3300,20998100.0000,61.5328
10/20/2020,84.4800,84.7700,84.4700,84.6300,27650700.0000,61.7517
10/21/2020,84.6200,84.8000,84.5300,84.6200,26901600.0000,61.7445
10/22/2020,84.6100,84.8400,84.4500,84.7700,28977800.0000,61.8539
10/23/2020,84.9000,84.9200,84.6700,84.8700,20734700.0000,61.9269
10/26/2020,84.5600,84.6200,84.0900,84.1200,50102400.0000,61.3796
10/27/2020,84.1800,84.3400,84.1200,84.1600,30880900.0000,61.4088
10/28/2020,83.6100,83.7200,83.3100,83.4600,45794300.0000,60.8980
10/29/2020,83.4000,83.7400,83.2700,83.7000,37112600.0000,61.0732
10/30/2020,83.6300,83.9200,83.4300,83.8800,36801700.0000,61.2045
11/02/2020,83.7800,83.8500,83.4900,83.7200,25665400.0000,61.3503
11/03/2020,83.8900,84.4400,83.8900,84.4400,39777600.0000,61.8779
11/04/2020,84.6900,85.4100,84.6600,85.2300,57673400.0000,62.4569
11/05/2020,85.6400,85.8800,85.4200,85.5300,55079000.0000,62.6767
11/06/2020,85.5600,85.5800,85.1100,85.2300,25953400.0000,62.4569
11/09/2020,86.8800,86.9000,85.8400,85.8800,59347100.0000,62.9331
11/10/2020,85.7800,86.0600,83.3800,85.7600,39295700.0000,62.8452
11/11/2020,85.9200,85.9300,85.6300,85.7300,14416200.0000,62.8232
11/12/2020,85.6500,85.6500,85.1500,85.1500,43300100.0000,62.3982
11/13/2020,85.2500,85.5300,85.2400,85.4400,20277100.0000,62.6108
11/16/2020,85.9000,85.9600,85.6900,85.9200,28350400.0000,62.9625
11/17/2020,85.7800,86.1100,85.7200,85.9500,23747100.0000,62.9845
11/18/2020,86.0400,86.1400,85.7600,85.7900,22098900.0000,62.8672
11/19/2020,85.7100,86.1400,85.6500,86.0800,21704200.0000,63.0797
11/20/2020,85.9200,86.0200,85.8500,85.9200,48530200.0000,62.9625
11/23/2020,86.1400,86.2100,85.9600,86.0500,23790600.0000,63.0577
11/24/2020,86.3200,86.5200,86.2100,86.3100,26080100.0000,63.2483
11/25/2020,86.3000,86.4200,86.1900,86.2700,26510900.0000,63.2189
11/27/2020,86.4300,86.5000,86.3900,86.4100,7338500.0000,63.3215
11/30/2020,86.4300,86.4300,86.1500,86.3200,24256900.0000,63.2556
12/01/2020,86.2500,86.3900,86.1800,86.2000,26256700.0000,63.4182
12/02/2020,86.2200,86.5500,86.1500,86.4400,23705000.0000,63.5948
12/03/2020,86.5200,86.7000,86.4400,86.4900,20748400.0000,63.6315
12/04/2020,86.6700,86.9000,86.5200,86.8500,19362000.0000,63.8964
12/07/2020,86.8000,86.8400,86.6800,86.8100,17811300.0000,63.8670
12/08/2020,86.7700,86.8500,86.7000,86.7400,21408300.0000,63.8155
12/09/2020,86.8500,86.8500,86.4900,86.6100,36608500.0000,63.7198
12/10/2020,86.4800,86.8800,86.4600,86.7700,24251500.0000,63.8376
12/11/2020,86.7200,86.8600,86.5400,86.6800,17699600.0000,63.7713
12/14/2020,86.8300,86.8800,86.6000,86.7000,20705200.0000,63.7860
12/15/2020,86.8500,87.0000,86.6800,86.9700,25052800.0000,63.9847
12/16/2020,86.9400,86.9700,86.6000,86.8400,42386700.0000,63.8891
12/17/2020,86.5900,86.6800,86.5100,86.6100,23911400.0000,63.9844
12/18/2020,86.6500,86.7200,86.5500,86.6800,26741200.0000,64.0361
12/21/2020,86.3800,86.5500,86.2200,86.3700,30308300.0000,63.8071
12/22/2020,86.4300,86.5400,86.3500,86.4800,21975100.0000,63.8883
12/23/2020,86.6200,86.9100,86.6000,86.8700,15913900.0000,64.1764
12/24/2020,86.9500,87.0500,86.9400,87.0500,7327300.0000,64.3094
12/28/2020,87.1800,87.2300,87.0400,87.1600,22575500.0000,64.3907
12/29/2020,87.3100,87.3100,87.0400,87.0500,22893000.0000,64.3094
12/30/2020,87.0800,87.2800,87.0800,87.2300,21080100.0000,64.4424
12/31/2020,87.2100,87.3400,87.1700,87.3000,12059900.0000,64.4941
01/04/2021,87.4000,87.4000,86.8700,87.1200,34528300.0000,64.3611
01/05/2021,87.0200,87.2500,86.9800,87.1500,33725500.0000,64.3833
01/06/2021,87.0900,87.3400,86.9700,86.9900,37148100.0000,64.2651
01/07/2021,87.1800,87.3700,87.1300,87.2400,25868200.0000,64.4498
01/08/2021,87.3500,87.3800,87.1400,87.3700,27403600.0000,64.5458
01/11/2021,87.0200,87.1700,86.8900,86.9000,26608000.0000,64.1986
01/12/2021,86.8900,87.0700,86.7900,87.0100,41746100.0000,64.2799
01/13/2021,86.9800,87.3100,86.9500,87.2700,47710300.0000,64.4719
01/14/2021,87.2700,87.3800,87.2200,87.2500,25484800.0000,64.4571
01/15/2021,87.1400,87.2700,87.0500,87.1100,48134800.0000,64.3537
01/19/2021,87.3500,87.3800,87.1500,87.3600,24270500.0000,64.5384
01/20/2021,87.6200,87.6200,87.3700,87.5200,24534700.0000,64.6566
01/21/2021,87.4700,87.5700,87.3800,87.4700,20451400.0000,64.6197
01/22/2021,87.2800,87.3900,87.1800,87.3000,26615900.0000,64.4941
01/25/2021,87.3000,87.3400,87.0300,87.3200,28718200.0000,64.5089
01/26/2021,87.2900,87.3300,87.1800,87.1900,39103500.0000,64.4128
01/27/2021,87.0200,87.2200,86.8100,86.9400,46378600.0000,64.2281
01/28/2021,87.1600,87.4900,87.1400,87.2000,38836200.0000,64.4203
01/29/2021,87.1300,87.3700,86.8900,86.9700,46095900.0000,64.2503
02/01/2021,86.8100,86.9700,86.6600,86.9300,35620700.0000,64.4564
02/02/2021,87.1500,87.2600,87.0900,87.1400,29522300.0000,64.6121
02/03/2021,87.2000,87.3600,87.1700,87.2100,31911000.0000,64.6641
02/04/2021,87.3500,87.4700,87.3100,87.3900,21181100.0000,64.7975
02/05/2021,87.6300,87.6500,87.4800,87.5200,21653100.0000,64.8939
02/08/2021,87.5900,87.7800,87.5600,87.7800,16590100.0000,65.0867
02/09/2021,87.6500,87.7300,87.5700,87.6200,14404300.0000,64.9681
02/10/2021,87.6200,87.6800,87.4700,87.6000,20469400.0000,64.9533
02/11/2021,87.6400,87.6800,87.5400,87.6400,17047200.0000,64.9829
02/12/2021,87.5500,87.7900,87.5500,87.7800,17800100.0000,65.0867
02/16/2021,87.7300,87.7400,87.5700,87.6400,22264400.0000,64.9829
02/17/2021,87.4600,87.6100,87.4300,87.6100,20276700.0000,64.9607
02/18/2021,87.4700,87.5900,87.3900,87.4900,26366700.0000,64.8717
02/19/2021,87.6300,87.6300,87.4800,87.5000,28124800.0000,64.8791
02/22/2021,87.3700,87.4600,87.2300,87.2300,25455400.0000,64.6789
02/23/2021,87.1900,87.5100,87.0100,87.4400,29015900.0000,64.8346
02/24/2021,87.3100,87.5300,87.2300,87.5300,21791800.0000,64.9013
02/25/2021,87.3300,87.4200,86.6000,86.7000,59413400.0000,64.2859
02/26/2021,86.8800,86.9200,86.4100,86.4400,46615300.0000,64.0931
03/01/2021,86.6700,87.1600,86.5600,87.1000,48014200.0000,64.8127
03/02/2021,87.1500,87.1600,86.9300,86.9700,23988500.0000,64.7160
03/03/2021,86.8400,86.9100,86.6600,86.6900,30197000.0000,64.5076
03/04/2021,86.7500,86.9500,86.0800,86.3600,49020300.0000,64.2620
03/05/2021,86.4900,86.7200,86.0900,86.6200,46950100.0000,64.4555
03/08/2021,86.5700,86.6400,85.9700,85.9900,39868700.0000,63.9867
03/09/2021,86.2200,86.4500,86.0800,86.1100,31441100.0000,64.0760
03/10/2021,86.2200,86.5000,86.1500,86.3800,23776600.0000,64.2769
03/11/2021,86.5800,86.8600,86.5800,86.7000,27728500.0000,64.5150
03/12/2021,86.5600,86.6000,86.3700,86.4600,21842000.0000,64.3365
03/15/2021,86.4000,86.5500,86.3100,86.4700,14719400.0000,64.3439
03/16/2021,86.4300,86.4900,86.1800,86.2700,22931400.0000,64.1950
03/17/2021,86.1000,86.6500,86.0400,86.3900,28345800.0000,64.2843
03/18/2021,86.0600,86.1700,85.7100,85.7300,37150300.0000,63.7933
03/19/2021,85.8600,86.1500,85.6500,86.0600,47467800.0000,64.0388
03/22/2021,86.2000,86.5200,86.1500,86.3700,32979500.0000,64.2695
03/23/2021,86.3500,86.5000,86.2500,86.4600,24705800.0000,64.3365
03/24/2021,86.5400,86.8000,86.5100,86.5100,31374500.0000,64.3737
03/25/2021,86.4500,86.6600,86.3600,86.6600,24070300.0000,64.4853
03/26/2021,86.7600,86.9300,86.5700,86.9200,25948000.0000,64.6787
03/29/2021,86.8600,87.0000,86.7000,86.9700,17447500.0000,64.7160
03/30/2021,86.8300,86.8800,86.7400,86.7600,19622100.0000,64.5597
03/31/2021,86.8600,87.2100,86.8500,87.1800,41604700.0000,64.8722
04/01/2021,86.9700,87.0700,86.8500,87.0700,30806600.0000,65.0096
04/05/2021,87.0800,87.1800,87.0400,87.1100,20758300.0000,65.0395
04/06/2021,87.1300,87.3000,87.1300,87.2600,15367900.0000,65.1515
04/07/2021,87.2800,87.3200,87.1700,87.2300,15645400.0000,65.1290
04/08/2021,87.3300,87.3600,87.2400,87.2600,11052100.0000,65.1515
04/09/2021,87.1500,87.2100,87.1000,87.2000,17413100.0000,65.1067
04/12/2021,87.1000,87.1400,87.0200,87.1100,15464500.0000,65.0395
04/13/2021,87.0100,87.2000,86.9100,87.1700,20643500.0000,65.0843
04/14/2021,87.1900,87.2900,87.0900,87.1300,17992800.0000,65.0544
04/15/2021,87.3300,87.4800,87.2700,87.4800,20944400.0000,65.3157
04/16/2021,87.5000,87.5300,87.3000,87.3000,32509300.0000,65.1813
04/19/2021,87.2000,87.2900,87.1200,87.1600,23904900.0000,65.0768
04/20/2021,87.0600,87.1400,86.9600,87.0100,22901000.0000,64.9648
04/21/2021,86.9700,87.3000,86.9600,87.3000,19527000.0000,65.1813
04/22/2021,87.3200,87.3300,87.1200,87.1400,18506500.0000,65.0618
04/23/2021,87.2000,87.4500,87.1900,87.3700,14388700.0000,65.2336
04/26/2021,87.3800,87.4800,87.2900,87.3300,12746100.0000,65.2037
04/27/2021,87.3800,87.3800,87.2100,87.2100,17660600.0000,65.1141
04/28/2021,87.2400,87.4500,87.1700,87.3800,14795000.0000,65.2411
04/29/2021,87.5500,87.5500,87.3500,87.4800,17152900.0000,65.3157
04/30/2021,87.3700,87.4900,87.3500,87.4400,23367500.0000,65.2859
05/03/2021,87.2300,87.3300,87.1700,87.1800,15782400.0000,65.3113
05/04/2021,87.1100,87.1500,86.9700,87.1300,23089700.0000,65.2739
05/05/2021,87.1900,87.3200,87.1700,87.3000,13676300.0000,65.4012
05/06/2021,87.2900,87.3400,87.1500,87.2700,23110100.0000,65.3787
05/07/2021,87.3500,87.4100,87.2300,87.3300,17872700.0000,65.4237
05/10/2021,87.3600,87.3800,87.1300,87.1300,16580800.0000,65.2739
05/11/2021,86.9000,87.0900,86.8100,87.0400,28683600.0000,65.2064
05/12/2021,86.9200,86.9800,86.6200,86.6200,31630100.0000,64.8918
05/13/2021,86.7700,87.0000,86.7600,86.9300,28689600.0000,65.1240
05/14/2021,87.0500,87.2100,87.0200,87.2100,22550800.0000,65.3338
05/17/2021,87.2000,87.2100,86.9900,87.0500,13545000.0000,65.2139
05/18/2021,87.1700,87.1700,86.8300,86.8400,16447500.0000,65.0566
05/19/2021,86.6000,86.8400,86.5700,86.6100,34701000.0000,64.8843
05/20/2021,86.6800,87.3400,86.6800,86.9800,28013700.0000,65.1615
05/21/2021,87.0800,87.1300,86.9200,87.1100,36466200.0000,65.2589
05/24/2021,87.1800,87.3100,87.1000,87.2100,24277800.0000,65.3338
05/25/2021,87.2600,87.2800,87.1400,87.2200,15466600.0000,65.3413
05/26/2021,87.1600,87.2700,87.1600,87.2500,14354900.0000,65.3638
05/27/2021,87.3800,87.3800,87.2000,87.2100,12682100.0000,65.3338
05/28/2021,87.3000,87.3500,87.1800,87.1800,15464100.0000,65.3113
06/01/2021,87.0600,87.1600,87.0000,87.1500,22655300.0000,65.5075
06/02/2021,87.1500,87.2700,87.1200,87.2600,13698300.0000,65.5902
06/03/2021,87.0300,87.2300,86.9900,87.0800,16701800.0000,65.4549
06/04/2021,87.2300,87.3100,87.1700,87.2700,26829200.0000,65.5977
06/07/2021,87.2900,87.3500,87.2600,87.3000,9189800.0000,65.6202
06/08/2021,87.4400,87.4400,87.3100,87.3600,10983900.0000,65.6654
06/09/2021,87.4700,87.4900,87.4000,87.4300,13232200.0000,65.7180
06/10/2021,87.5000,87.6600,87.4600,87.5900,15290000.0000,65.8382
06/11/2021,87.6500,87.6900,87.5500,87.6200,12559600.0000,65.8608
06/14/2021,87.5900,87.5900,87.4700,87.5400,19408600.0000,65.8006
06/15/2021,87.4800,87.5700,87.4400,87.5300,16037000.0000,65.7932
06/16/2021,87.5300,87.5700,87.2600,87.4100,21267200.0000,65.7029
06/17/2021,87.4600,87.5000,87.3800,87.4700,21099000.0000,65.7480
06/18/2021,87.3400,87.4500,87.2900,87.4300,35134500.0000,65.7180
06/21/2021,87.5200,87.6000,87.4500,87.6000,21265000.0000,65.8457
06/22/2021,87.5700,87.6600,87.5200,87.6600,14604400.0000,65.8908
06/23/2021,87.6300,87.7500,87.5700,87.5700,16583100.0000,65.8232
06/24/2021,87.7400,87.8400,87.7000,87.8400,12722300.0000,66.0262
06/25/2021,87.8500,87.9500,87.8300,87.9300,16175000.0000,66.0938
06/28/2021,87.9700,87.9700,87.8600,87.9200,16019300.0000,66.0863
06/29/2021,87.9400,88.0300,87.9300,88.0300,12728000.0000,66.1690
06/30/2021,87.9700,88.0700,87.9600,88.0400,26093500.0000,66.1765
07/01/2021,87.8300,87.9200,87.8100,87.9200,31932400.0000,66.3062
07/02/2021,87.9600,88.0700,87.9200,88.0600,11464800.0000,66.4118
07/06/2021,88.0600,88.0800,87.9400,88.0100,17784300.0000,66.3740
07/07/2021,88.0900,88.1000,87.9300,88.0400,11463700.0000,66.3967
07/08/2021,87.8100,87.9300,87.7700,87.8500,21936400.0000,66.2534
07/09/2021,87.8800,88.0200,87.8700,88.0000,17698100.0000,66.3665
07/12/2021,88.0000,88.0200,87.8900,87.9700,17546700.0000,66.3439
07/13/2021,87.9200,87.9600,87.7000,87.7100,26938600.0000,66.1478
07/14/2021,87.8100,87.8800,87.7400,87.8500,16100200.0000,66.2534
07/15/2021,87.7700,87.8200,87.7200,87.7900,16384800.0000,66.2082
07/16/2021,87.8400,87.8400,87.6400,87.6700,17820400.0000,66.1177
07/19/2021,87.4600,87.4900,86.9800,87.0800,54224700.0000,65.6727
07/20/2021,87.1600,87.5300,87.0800,87.5200,26941300.0000,66.0045
07/21/2021,87.5800,87.7600,87.5600,87.7300,18522600.0000,66.1629
07/22/2021,87.7400,87.8500,87.6500,87.7800,17110500.0000,66.2006
07/23/2021,87.8800,87.9900,87.8300,87.9500,19441000.0000,66.3288
07/26/2021,87.9200,87.9700,87.7800,87.8200,15282700.0000,66.2308
07/27/2021,87.7000,87.7700,87.5600,87.7000,19919000.0000,66.1403
07/28/2021,87.8000,87.8500,87.6700,87.7700,15129200.0000,66.1931
07/29/2021,87.8300,88.0000,87.8300,87.9600,18675000.0000,66.3364
07/30/2021,87.9300,87.9700,87.8400,87.8400,21062100.0000,66.2459
08/02/2021,87.6700,87.6900,87.3400,87.3400,27274400.0000,66.0817
08/03/2021,87.3900,87.4600,87.2800,87.4400,16058700.0000,66.1574
08/04/2021,87.3700,87.4200,87.2800,87.2800,17113300.0000,66.0363
08/05/2021,87.3300,87.5200,87.3300,87.4800,15465700.0000,66.1876
08/06/2021,87.4300,87.5200,87.3700,87.3800,12923200.0000,66.1120
08/09/2021,87.3400,87.3600,87.1800,87.1800,10788700.0000,65.9606
08/10/2021,87.1900,87.2000,86.9700,86.9800,31522900.0000,65.8093
08/11/2021,87.0400,87.1600,87.0100,87.1200,15834400.0000,65.9152
08/12/2021,87.1200,87.2900,87.0900,87.2700,14127800.0000,66.0287
08/13/2021,87.3000,87.4600,87.3000,87.4600,10016800.0000,66.1725
08/16/2021,87.4400,87.4900,87.3500,87.4900,12598100.0000,66.1952
08/17/2021,87.3900,87.4000,87.2000,87.2900,18468400.0000,66.0438
08/18/2021,87.3000,87.3900,87.0900,87.0900,12147600.0000,65.8925
08/19/2021,87.0000,87.2000,86.9500,87.0800,20026700.0000,65.8850
08/20/2021,87.1000,87.3300,87.0900,87.2900,16784100.0000,66.0438
08/23/2021,87.4100,87.5900,87.4100,87.5600,21933100.0000,66.2481
08/24/2021,87.5800,87.7000,87.5500,87.6800,20828100.0000,66.3390
08/25/2021,87.7000,87.8200,87.6600,87.7700,19085400.0000,66.4070
08/26/2021,87.7600,87.7700,87.5800,87.7200,17676100.0000,66.3692
08/27/2021,87.7500,87.9900,87.7300,87.9600,18519700.0000,66.5508
08/30/2021,87.9800,88.1000,87.9600,88.0700,11640000.0000,66.6340
08/31/2021,88.0600,88.1000,87.9700,88.0900,19163900.0000,66.6491
09/01/2021,87.8400,87.9800,87.8200,87.8900,22973500.0000,66.7061
09/02/2021,88.0000,88.0200,87.9300,88.0000,16521300.0000,66.7895
09/03/2021,87.9600,88.0400,87.8900,88.0100,6491000.0000,66.7971
09/07/2021,87.9900,87.9900,87.7700,87.7800,11728800.0000,66.6226
09/08/2021,87.7900,87.9100,87.7100,87.8800,13020900.0000,66.6985
09/09/2021,87.8700,87.9800,87.8600,87.9600,23024700.0000,66.7592
09/10/2021,88.0800,88.0900,87.8200,87.8300,16112600.0000,66.6605
09/13/2021,87.9500,88.0600,87.8900,88.0500,17136900.0000,66.8275
09/14/2021,88.0800,88.1200,87.9700,88.0100,20108000.0000,66.7971
09/15/2021,88.0200,88.1400,88.0100,88.1400,17069500.0000,66.8958
09/16/2021,88.1100,88.1400,87.9500,88.1100,13859700.0000,66.8730
09/17/2021,88.0800,88.0900,87.9700,88.0000,38948500.0000,66.7895
09/20/2021,87.6000,87.8100,87.5500,87.6900,49641000.0000,66.5543
09/21/2021,87.8300,87.8800,87.6800,87.8400,27304200.0000,66.6681
09/22/2021,87.9700,88.0800,87.8500,88.0000,24344800.0000,66.7895
09/23/2021,88.0500,88.1600,87.9600,88.0400,27590300.0000,66.8199
09/24/2021,87.9600,88.0200,87.8600,87.9100,21713200.0000,66.7212
09/27/2021,87.7600,87.8900,87.7300,87.8300,17652900.0000,66.6605
09/28/2021,87.6600,87.7000,87.3800,87.4300,35515900.0000,66.3569
09/29/2021,87.5300,87.7100,87.5100,87.5900,19783400.0000,66.4784
09/30/2021,87.6400,87.6800,87.3800,87.4900,41680700.0000,66.4025
10/01/2021,87.3500,87.4800,87.1400,87.4100,30062800.0000,66.5616
10/04/2021,87.3500,87.3800,87.0800,87.1000,24726400.0000,66.3256
10/05/2021,87.1900,87.2200,87.0300,87.0600,22347700.0000,66.2951
10/06/2021,86.8700,87.0400,86.7700,87.0100,28905900.0000,66.2570
10/07/2021,87.1300,87.3000,86.9600,87.0200,29054000.0000,66.2647
10/08/2021,87.0000,87.0500,86.7600,86.7600,28064300.0000,66.0667
10/11/2021,86.7600,86.8100,86.4900,86.4900,16068400.0000,65.8611
10/12/2021,86.6000,86.7700,86.5800,86.6500,32922200.0000,65.9829
10/13/2021,86.7000,86.8800,86.5600,86.8800,29370400.0000,66.1580
10/14/2021,87.0500,87.3800,87.0400,87.3700,26937000.0000,66.5312
10/15/2021,87.3900,87.3900,87.1700,87.2200,29782900.0000,66.4169
10/18/2021,87.0200,87.1800,86.9900,87.1800,20338400.0000,66.3865
10/19/2021,87.1800,87.2500,87.1200,87.2400,26103300.0000,66.4321
10/20/2021,87.2500,87.2900,87.1900,87.2700,19720100.0000,66.4550
10/21/2021,87.2500,87.2900,86.9900,87.0500,19273600.0000,66.2875
10/22/2021,87.0200,87.0600,86.8000,86.8400,20734400.0000,66.1276
10/25/2021,86.9400,87.0800,86.7700,86.9900,20230000.0000,66.2418
10/26/2021,87.1200,87.2000,87.0100,87.0100,19617200.0000,66.2570
10/27/2021,87.1000,87.1300,86.9300,86.9400,18521300.0000,66.2037
10/28/2021,86.9800,87.1600,86.9800,87.1600,16374700.0000,66.3713
10/29/2021,87.0200,87.0500,86.9300,86.9300,26521600.0000,66.1961
11/01/2021,86.7300,86.7800,86.5500,86.5600,29987000.0000,66.1251
11/02/2021,86.5600,86.8400,86.5600,86.7700,26441600.0000,66.2855
11/03/2021,86.7100,86.9600,86.6900,86.9400,22984200.0000,66.4153
11/04/2021,87.0200,87.5600,87.0000,87.1700,28989800.0000,66.5910
11/05/2021,87.3000,87.5200,87.2500,87.5000,27595000.0000,66.8431
11/08/2021,87.5900,87.6100,87.3400,87.3900,11957900.0000,66.7591
11/09/2021,87.3900,87.4600,87.2800,87.4600,13732600.0000,66.8126
11/10/2021,87.3500,87.3500,86.9400,86.9700,30438400.0000,66.4382
11/11/2021,87.0300,87.0400,86.8200,86.8200,10086100.0000,66.3237
11/12/2021,86.9200,87.0500,86.8400,86.8500,26392400.0000,66.3466
11/15/2021,86.9100,86.9200,86.7300,86.7500,17057100.0000,66.2702
11/16/2021,86.7700,86.8700,86.7400,86.7900,14302000.0000,66.3008
11/17/2021,86.8200,86.8400,86.7000,86.7000,17919200.0000,66.2320
11/18/2021,86.8100,86.8100,86.6300,86.6300,23421300.0000,66.1785
11/19/2021,86.6300,86.7700,86.5600,86.5600,45282700.0000,66.1251
11/22/2021,86.6400,86.6700,86.2200,86.2300,26266000.0000,65.8730
11/23/2021,86.2300,86.3700,86.0300,86.1100,33967100.0000,65.7813
11/24/2021,86.0000,86.1100,85.7600,86.0900,31158800.0000,65.7660
11/26/2021,85.6100,85.6200,85.3400,85.4700,36123400.0000,65.2924
11/29/2021,85.8100,86.1300,85.7600,86.0000,31728900.0000,65.6973
11/30/2021,85.9600,86.0700,85.5200,85.6400,35465700.0000,65.4223
12/01/2021,85.7700,85.9400,85.3200,85.3700,41845200.0000,65.4315
12/02/2021,85.4200,86.0600,85.4100,86.0000,42383500.0000,65.9143
12/03/2021,86.0500,86.1000,85.8300,86.0000,47368800.0000,65.9143
12/06/2021,86.0300,86.4800,86.0000,86.3800,28211300.0000,66.2056
12/07/2021,86.7100,87.0700,86.6400,86.8400,42893500.0000,66.5581
12/08/2021,86.7800,86.8700,86.6800,86.8200,26598200.0000,66.5428
12/09/2021,86.8000,86.8000,86.4300,86.4300,24939100.0000,66.2439
12/10/2021,86.5600,86.6600,86.5300,86.6300,20247200.0000,66.3972
12/13/2021,86.6300,86.7100,86.5600,86.6300,17125800.0000,66.3972
12/14/2021,86.5000,86.5900,86.3300,86.4800,20310500.0000,66.2822
12/15/2021,86.4700,86.8400,86.3300,86.8100,31699000.0000,66.5351
12/16/2021,86.5500,86.6300,86.3900,86.4500,27374000.0000,66.4859
12/17/2021,86.3600,86.5100,86.2100,86.3700,27248200.0000,66.4244
12/20/2021,86.1300,86.2900,86.0900,86.2200,27560400.0000,66.3090
12/21/2021,86.3400,86.6900,86.3400,86.6800,24390500.0000,66.6628
12/22/2021,86.6500,86.9300,86.6400,86.9100,17433300.0000,66.8397
12/23/2021,86.9600,87.2100,86.9400,87.1600,15612100.0000,67.0320
12/27/2021,87.1700,87.3200,87.1300,87.2500,13396700.0000,67.1012
12/28/2021,87.2200,87.2400,87.0800,87.2100,17150700.0000,67.0704
12/29/2021,87.1500,87.1800,87.0500,87.0700,16760300.0000,66.9627
12/30/2021,87.1000,87.1000,86.9900,87.0300,12326100.0000,66.9320
12/31/2021,87.0600,87.1200,86.9800,87.0100,11505300.0000,66.9166
01/03/2022,86.9200,86.9700,86.7600,86.9700,35368400.0000,66.8858
01/04/2022,87.0000,87.0000,86.6700,86.7500,33609900.0000,66.7166
01/05/2022,86.7400,86.7800,86.0800,86.0800,44808500.0000,66.2013
01/06/2022,86.1000,86.3200,86.0500,86.0900,42823200.0000,66.2090
01/07/2022,86.0900,86.1000,85.8600,85.8700,34630100.0000,66.0398
01/10/2022,85.7600,85.9600,85.3700,85.9400,52621800.0000,66.0937
01/11/2022,85.9900,86.3400,85.7500,86.3400,32513100.0000,66.4013
01/12/2022,86.4700,86.5200,86.3400,86.4800,24621400.0000,66.5090
01/13/2022,86.4600,86.5000,86.1400,86.1700,31699700.0000,66.2706
01/14/2022,86.1100,86.2300,86.0000,86.0900,31046200.0000,66.2090
01/18/2022,85.8400,85.8500,85.6100,85.6700,46331500.0000,65.8860
01/19/2022,85.8200,85.9600,85.5600,85.5900,31390200.0000,65.8245
01/20/2022,85.7500,85.9700,85.4100,85.4300,38217700.0000,65.7015
01/21/2022,85.4300,85.6000,85.3300,85.4400,57098000.0000,65.7091
01/24/2022,85.1900,85.4100,84.7700,85.3500,79230800.0000,65.6399
01/25/2022,85.0900,85.2900,84.9000,85.1000,43642700.0000,65.4477
01/26/2022,85.4700,85.8700,84.7000,84.8100,63574900.0000,65.2246
01/27/2022,85.0200,85.1200,84.2500,84.4400,47351000.0000,64.9401
01/28/2022,84.2500,84.6900,83.9500,84.6800,51496700.0000,65.1247
01/31/2022,84.5000,84.8300,84.2200,84.7000,78932100.0000,65.1400
02/01/2022,84.6500,84.7800,84.3700,84.7300,42377300.0000,65.3986
02/02/2022,84.9000,84.9600,84.6100,84.8600,29261500.0000,65.4989
02/03/2022,84.4700,84.5400,84.0900,84.1000,44760800.0000,64.9123
02/04/2022,83.7600,83.9000,83.2000,83.7700,65508300.0000,64.6576
02/07/2022,83.5400,83.8600,83.4200,83.7100,37620700.0000,64.6113
02/08/2022,83.7800,83.8500,83.5800,83.6200,39549000.0000,64.5419
02/09/2022,83.9400,84.1200,83.9400,84.0600,37641800.0000,64.8815
02/10/2022,83.5400,83.8300,82.9400,82.9500,57751400.0000,64.0247
02/11/2022,83.2300,83.2500,82.4500,82.6600,58997100.0000,63.8009
02/14/2022,82.6500,82.8300,82.2200,82.5200,36550200.0000,63.6928
02/15/2022,82.7400,82.8100,82.5600,82.6600,32724800.0000,63.8009
02/16/2022,82.6100,83.1800,82.5400,83.1200,38996000.0000,64.1559
02/17/2022,82.9700,82.9700,82.7100,82.7700,30755200.0000,63.8858
02/18/2022,82.6900,82.9900,82.6200,82.8900,43848800.0000,63.9784
02/22/2022,82.8400,83.0500,82.5900,82.7000,37004300.0000,63.8318
02/23/2022,82.8500,82.9100,82.5300,82.5500,36545400.0000,63.7160
02/24/2022,81.9100,83.1800,81.8300,83.1400,56132500.0000,64.1714
02/25/2022,83.2200,83.6300,83.2200,83.6100,44118800.0000,64.5341
02/28/2022,83.2200,83.8800,83.2200,83.6700,54006400.0000,64.5804
03/01/2022,83.4300,83.6400,82.9500,83.1300,43268500.0000,64.4000
03/02/2022,83.0800,83.3600,82.9400,83.3300,41489200.0000,64.5549
03/03/2022,83.4800,83.5000,82.2100,83.0800,23594200.0000,64.3612
03/04/2022,82.9400,82.9400,82.4800,82.5400,32141100.0000,63.9428
03/07/2022,82.3900,82.4100,81.7500,81.8200,43675900.0000,63.3851
03/08/2022,81.8800,82.0900,81.5000,81.5300,57474500.0000,63.1604
03/09/2022,82.0100,82.3200,81.8500,82.2100,31143000.0000,63.6872
03/10/2022,81.7600,81.8700,81.4200,81.5200,46408900.0000,63.1527
03/11/2022,81.6300,81.6500,80.8600,80.9300,40097000.0000,62.6956
03/14/2022,80.8500,80.8700,79.8800,79.9700,61536700.0000,61.9520
03/15/2022,80.1300,80.7600,80.1000,80.5700,57385300.0000,62.4168
03/16/2022,80.9600,81.7400,80.5500,81.7000,66254800.0000,63.2921
03/17/2022,81.7700,82.3000,81.7500,82.2600,48573700.0000,63.7260
03/18/2022,82.1000,82.5400,81.9500,82.5300,59780500.0000,63.9351
03/21/2022,82.3900,82.4500,81.4200,81.5800,62364300.0000,63.1992
03/22/2022,81.6600,82.0700,81.5000,82.0000,40148600.0000,63.5245
03/23/2022,81.8600,82.0100,81.5900,81.7400,36294900.0000,63.3231
03/24/2022,81.7300,81.9400,81.5200,81.9100,18435800.0000,63.4548
03/25/2022,81.9200,81.9200,81.2600,81.3200,36497500.0000,62.9978
03/28/2022,81.2800,81.8500,81.2600,81.8300,26886100.0000,63.3929
03/29/2022,82.2000,82.8600,82.1500,82.8400,49781100.0000,64.1753
03/30/2022,82.6200,82.7000,82.3900,82.5900,43905200.0000,63.9816
03/31/2022,82.6900,82.7300,82.2700,82.2900,40717600.0000,63.7492
04/01/2022,81.8300,82.0300,81.6500,81.9500,31316100.0000,63.7445
04/04/2022,82.0200,82.5800,82.0000,82.5700,32710900.0000,64.2268
04/05/2022,82.3900,82.4700,81.4700,81.5000,51886400.0000,63.3945
04/06/2022,80.9400,81.4000,80.6900,80.8600,67118000.0000,62.8967
04/07/2022,80.9400,81.0400,80.7200,80.7300,42831400.0000,62.7956
04/08/2022,80.4800,80.7300,80.2300,80.2400,42177200.0000,62.4144
04/11/2022,79.9800,80.0700,79.5800,79.6900,42293400.0000,61.9866
04/12/2022,80.2400,80.6200,80.0700,80.3000,38031000.0000,62.4611
04/13/2022,80.4400,80.8800,80.3800,80.7800,31635500.0000,62.8345
04/14/2022,80.7800,80.8900,80.0300,80.2400,45130400.0000,62.4144
04/18/2022,80.1600,80.3600,80.0000,80.1100,20864100.0000,62.3133
04/19/2022,79.9600,80.1900,79.8600,80.0400,29920800.0000,62.2588
04/20/2022,80.2800,80.4400,80.1600,80.2900,25769700.0000,62.4533
04/21/2022,80.4900,80.5400,79.6700,79.7400,38695100.0000,62.0255
04/22/2022,79.6400,79.6600,79.1700,79.2600,28243000.0000,61.6521
04/25/2022,79.4000,80.0000,79.2700,79.9300,35914500.0000,62.1733
04/26/2022,79.9000,79.9000,79.4500,79.4600,31171600.0000,61.8077
04/27/2022,79.4700,79.6700,78.9900,79.0700,37598600.0000,61.5043
04/28/2022,79.2400,79.6300,78.9400,79.5100,30808800.0000,61.8466
04/29/2022,79.1400,79.2500,78.4800,78.5300,35697100.0000,61.0843
05/02/2022,78.1600,78.3000,77.8300,78.2300,38674400.0000,61.0882
05/03/2022,78.4000,78.7600,78.3500,78.6400,42665700.0000,61.4084
05/04/2022,78.6500,79.6500,78.0800,79.4400,55154900.0000,62.0331
05/05/2022,78.9700,79.0200,77.8100,78.0300,53807900.0000,60.9320
05/06/2022,77.6300,78.0000,77.4100,77.5900,39256900.0000,60.5884
05/09/2022,77.1300,77.3100,76.7200,76.7700,38442700.0000,59.9481
05/10/2022,77.3900,77.5300,76.8400,77.2100,48419700.0000,60.2917
05/11/2022,77.0000,77.4900,76.7400,76.7500,42473500.0000,59.9325
05/12/2022,76.6600,76.9800,76.4000,76.7200,49069700.0000,59.9091
05/13/2022,76.9800,77.0600,76.4300,76.8100,49084400.0000,59.9794
05/16/2022,76.8400,76.9600,76.5700,76.7000,33300100.0000,59.8935
05/17/2022,76.8600,76.8700,76.4400,76.6300,41666500.0000,59.8388
05/18/2022,76.2100,76.2500,75.9100,76.0000,47647800.0000,59.3469
05/19/2022,75.9500,76.6700,75.8700,76.5100,53929100.0000,59.7451
05/20/2022,76.7800,76.8000,76.2300,76.4600,56691000.0000,59.7061
05/23/2022,76.6400,76.8600,76.5800,76.7600,29917100.0000,59.9403
05/24/2022,76.5800,77.2600,76.5500,77.2200,42246500.0000,60.2995
05/25/2022,77.3100,78.4400,77.2700,78.3900,56661500.0000,61.2132
05/26/2022,78.6800,79.5200,78.4700,79.4800,64773400.0000,62.0643
05/27/2022,79.8000,80.1900,79.6100,80.1900,52813100.0000,62.6188
05/31/2022,79.7400,79.8600,79.3200,79.5000,68424700.0000,62.0799
06/01/2022,79.2300,79.4500,78.7500,78.9000,87646100.0000,61.8502
06/02/2022,78.9200,79.2400,78.6900,79.2300,34752500.0000,62.1090
06/03/2022,78.8700,78.8700,78.5200,78.6400,36008000.0000,61.6464
06/06/2022,78.7800,78.8000,77.9600,78.0500,35756100.0000,61.1839
06/07/2022,77.7900,78.3200,77.7300,78.2300,31499900.0000,61.3250
06/08/2022,78.0400,78.0700,77.4600,77.5600,25361600.0000,60.7998
06/09/2022,77.2600,77.5100,76.7900,76.9400,49468700.0000,60.3138
06/10/2022,76.2000,76.2200,75.2800,75.6300,59907000.0000,59.2869
06/13/2022,74.2500,74.3100,72.8900,73.1000,122714600.0000,57.3036
06/14/2022,73.4500,74.2300,73.0500,73.5800,62818600.0000,57.6799
06/15/2022,74.2000,75.3900,74.0400,75.0100,70628200.0000,58.8008
06/16/2022,73.9000,74.1500,73.2200,73.8200,61583400.0000,57.8680
06/17/2022,73.9900,74.5700,73.8100,74.0500,49281000.0000,58.0483
06/21/2022,74.5000,74.6700,73.9300,74.0000,45924600.0000,58.0091
06/22/2022,73.8700,74.2500,73.8100,73.9800,38204800.0000,57.9934
06/23/2022,74.1900,74.5800,74.0800,74.5100,30961800.0000,58.4089
06/24/2022,74.7500,75.3600,74.5900,75.0400,38198600.0000,58.8244
06/27/2022,75.1000,75.1000,74.5800,74.5800,25658200.0000,58.4638
06/28/2022,74.6900,74.7900,73.7500,73.7600,39303800.0000,57.8210
06/29/2022,73.7200,73.7900,73.4300,73.6500,36806800.0000,57.7347
06/30/2022,73.3300,73.8300,73.0600,73.6100,45139900.0000,57.7034
07/01/2022,73.5000,74.2300,73.4500,73.9800,38849300.0000,58.2538
07/05/2022,73.5100,73.9800,73.0300,73.9100,38316200.0000,58.1987
07/06/2022,73.7900,74.0000,73.5200,73.6300,44706000.0000,57.9782
07/07/2022,74.0900,74.8800,74.0300,74.8300,44430400.0000,58.9231
07/08/2022,74.5600,74.9600,74.3600,74.8900,31230300.0000,58.9704
07/11/2022,74.8000,74.9200,74.4500,74.4700,28213700.0000,58.6396
07/12/2022,74.5600,74.9000,74.5000,74.7700,24036500.0000,58.8759
07/13/2022,74.0000,74.9200,73.9200,74.6900,46874900.0000,58.8129
07/14/2022,74.0800,74.6300,73.6100,74.5500,53953100.0000,58.7026
07/15/2022,74.7700,75.5000,74.7600,75.5000,48360800.0000,59.4507
07/18/2022,75.6900,75.7200,74.6900,74.7700,33302800.0000,58.8759
07/19/2022,75.0400,75.9400,75.0400,75.7600,31028200.0000,59.6554
07/20/2022,76.0600,76.6200,75.8800,76.0900,82881900.0000,59.9152
07/21/2022,76.0200,77.0600,75.9300,76.9900,52282000.0000,60.6239
07/22/2022,77.1100,77.5400,76.6500,76.8900,51055800.0000,60.5452
07/25/2022,76.9500,77.0900,76.6500,76.8700,26032000.0000,60.5295
07/26/2022,76.6200,76.7100,76.2800,76.3300,24151200.0000,60.1042
07/27/2022,76.6700,77.4700,76.6700,77.1700,35075700.0000,60.7657
07/28/2022,77.5400,78.0200,77.2300,77.9600,42335900.0000,61.3878
07/29/2022,77.9600,78.3500,77.7500,78.1900,33606800.0000,61.5688
08/01/2022,77.6400,78.0800,77.5100,77.9100,31595600.0000,61.5878
08/02/2022,77.7700,77.8600,77.5000,77.5500,40604400.0000,61.3033
08/03/2022,77.7800,78.2500,77.5700,78.2300,35660900.0000,61.8408
08/04/2022,78.3400,78.4500,78.1100,78.4400,24386400.0000,62.0068
08/05/2022,77.5000,78.1100,77.3900,78.0400,31006700.0000,61.6906
08/08/2022,78.3400,78.6500,78.0500,78.1100,19465600.0000,61.7459
08/09/2022,77.9300,77.9600,77.5000,77.5300,24675700.0000,61.2874
08/10/2022,78.5200,78.7700,78.3900,78.6900,38121800.0000,62.2044
08/11/2022,79.2000,79.3200,78.1300,78.2400,37778700.0000,61.8487
08/12/2022,78.5200,78.9700,78.2900,78.9400,16912300.0000,62.4020
08/15/2022,78.8200,79.0000,78.6500,78.8000,18441100.0000,62.2914
08/16/2022,78.7300,78.7300,78.2600,78.4300,22963200.0000,61.9989
08/17/2022,77.8800,78.0400,77.5900,77.6200,28774600.0000,61.3586
08/18/2022,77.8100,77.8800,77.6600,77.7400,19089300.0000,61.4534
08/19/2022,77.3300,77.3700,76.7800,76.9500,45428900.0000,60.8289
08/22/2022,76.3600,76.4000,76.0100,76.0800,42014200.0000,60.1412
08/23/2022,76.1000,76.4000,75.8300,76.2700,33240000.0000,60.2914
08/24/2022,76.2400,76.5000,76.1600,76.3600,16917400.0000,60.3625
08/25/2022,76.5800,77.1400,76.4500,77.0800,20080000.0000,60.9317
08/26/2022,77.1200,77.1200,75.7400,75.8100,34460600.0000,59.9278
08/29/2022,75.3500,75.7700,75.2600,75.5200,28020200.0000,59.6985
08/30/2022,75.6000,75.6600,74.7000,74.9400,66233900.0000,59.2400
08/31/2022,74.9700,75.1200,74.5100,74.5300,39161800.0000,58.9159
09/01/2022,73.9500,74.4100,73.6100,74.3600,38499700.0000,59.0716
09/02/2022,75.0000,75.0700,74.2300,74.3100,22364500.0000,59.0319
09/06/2022,74.3100,74.3900,73.8500,74.1100,28820900.0000,58.8730
09/07/2022,74.2100,75.1900,74.1900,75.1800,26853200.0000,59.7230
09/08/2022,74.9000,75.5500,74.7800,75.5100,26928000.0000,59.9852
09/09/2022,75.8800,76.1700,75.6300,75.8100,29526800.0000,60.2235
09/12/2022,76.0800,76.2300,75.7700,76.0400,30276100.0000,60.4062
09/13/2022,74.9800,75.1700,74.2800,74.3100,47111300.0000,59.0319
09/14/2022,74.3600,74.9100,74.3100,74.4200,29672400.0000,59.1193
09/15/2022,74.2900,74.4400,73.9100,73.9500,46282300.0000,58.7459
09/16/2022,73.5000,74.2000,73.3700,74.2000,56479900.0000,58.9445
09/19/2022,73.9100,74.4900,73.8400,74.4800,26891900.0000,59.1670
09/20/2022,74.0200,74.0700,73.6700,73.7200,32769500.0000,58.5632
09/21/2022,73.9000,74.2400,73.1600,73.5000,37851300.0000,58.3885
09/22/2022,73.2500,73.3900,72.8000,73.0600,48278100.0000,58.0389
09/23/2022,72.5600,72.7300,71.8800,72.1300,53312000.0000,57.3001
09/26/2022,71.9200,72.1800,71.2600,71.2800,42287400.0000,56.6249
09/27/2022,71.8900,71.9200,70.9000,71.1300,45295500.0000,56.5057
09/28/2022,71.6700,72.4900,71.4400,72.4000,48935800.0000,57.5146
09/29/2022,71.9300,71.9700,71.3200,71.7200,38068800.0000,56.9744
09/30/2022,71.7300,72.2800,71.3800,71.3900,42928700.0000,56.7123
10/03/2022,71.6000,72.1300,71.4600,71.9700,48967900.0000,57.4555
10/04/2022,72.9000,73.5300,72.7700,73.5200,45901300.0000,58.6929
10/05/2022,72.9200,73.4000,72.6100,73.2300,47833500.0000,58.4614
10/06/2022,73.1500,73.4600,72.9000,73.0100,37196000.0000,58.2858
10/07/2022,72.5700,72.7700,72.1000,72.1200,33983000.0000,57.5753
10/10/2022,72.0700,72.1100,70.9200,71.2400,37759700.0000,56.8727
10/11/2022,71.3800,72.0200,71.2900,71.4600,46344600.0000,57.0484
10/12/2022,71.4100,71.8500,71.4100,71.5800,32784800.0000,57.1442
10/13/2022,70.4700,71.9100,70.4000,71.7400,48832500.0000,57.2719
10/14/2022,72.1900,72.3700,71.3300,71.5100,37152100.0000,57.0883
10/17/2022,72.1500,72.6000,72.1400,72.3900,33820000.0000,57.7908
10/18/2022,73.1300,73.3100,72.5800,72.9000,37648400.0000,58.1980
10/19/2022,72.4000,72.6400,71.9800,72.2000,33194000.0000,57.6391
10/20/2022,72.2100,72.7500,71.7300,71.8000,47281100.0000,57.3198
10/21/2022,71.5900,72.5800,71.5600,72.4900,60211200.0000,57.8706
10/24/2022,72.5600,72.7300,72.1600,72.5400,29551200.0000,57.9105
10/25/2022,72.7200,73.2500,72.7000,73.2400,37459200.0000,58.4694
10/26/2022,73.0600,73.7100,72.9500,73.4400,50552100.0000,58.6291
10/27/2022,73.6200,74.1400,73.3600,73.9800,49481500.0000,59.0601
10/28/2022,74.2500,74.6900,74.1200,74.5500,123446800.0000,59.5152
10/31/2022,74.1700,74.1800,73.4200,73.4300,60269700.0000,58.6211
11/01/2022,73.9400,73.9500,73.2100,73.5900,39586700.0000,58.9737
11/02/2022,73.5600,74.2900,72.8800,72.9200,50659500.0000,58.4367
11/03/2022,72.1700,72.6400,71.8900,72.4000,37507100.0000,58.0200
11/04/2022,72.8700,73.2100,72.4000,72.9000,39849100.0000,58.4207
11/07/2022,73.0500,73.1100,72.6800,72.8900,24913000.0000,58.4127
11/08/2022,72.9500,73.0700,72.5900,72.8200,39489200.0000,58.3566
11/09/2022,72.6000,72.7400,71.8200,71.9500,45728900.0000,57.6594
11/10/2022,73.9800,74.2700,73.4600,74.1900,67165700.0000,59.4545
11/11/2022,74.2200,74.6900,73.9300,74.4500,20934800.0000,59.6629
11/14/2022,74.2500,74.2900,73.8700,73.9000,37932800.0000,59.2221
11/15/2022,74.6400,74.7000,74.0700,74.5500,50673700.0000,59.7430
11/16/2022,74.4900,74.5700,74.3100,74.3900,31124900.0000,59.6148
11/17/2022,73.8100,74.1700,73.7300,74.0700,34338000.0000,59.3583
11/18/2022,74.4600,74.4600,74.0200,74.2300,31663800.0000,59.4866
11/21/2022,74.1500,74.3500,74.0200,74.2000,19070500.0000,59.4625
11/22/2022,74.3400,74.7900,74.2600,74.7400,24572500.0000,59.8953
11/23/2022,74.6800,75.3000,74.6600,75.1600,30316300.0000,60.2318
11/25/2022,75.1500,75.1800,74.9000,75.0100,9465900.0000,60.1116
11/28/2022,74.8000,74.9300,74.1900,74.2200,31668900.0000,59.4786
11/29/2022,74.2200,74.6000,74.0800,74.5400,27162300.0000,59.7350
11/30/2022,74.6000,75.6900,74.3900,75.6600,41702100.0000,60.6325
12/01/2022,75.5700,75.6600,75.1800,75.6200,42134200.0000,60.8571
12/02/2022,74.9900,75.5900,74.9900,75.5600,27535800.0000,60.8088
12/05/2022,75.2800,75.3000,74.6900,74.8400,29736500.0000,60.2294
12/06/2022,74.8700,75.0000,74.4300,74.5700,24976800.0000,60.0121
12/07/2022,74.5500,75.0700,74.5500,74.9800,24614200.0000,60.3420
12/08/2022,75.0700,75.1400,74.8000,75.0400,23839500.0000,60.3903
12/09/2022,74.8200,75.3200,74.8200,75.0400,20687300.0000,60.3903
12/12/2022,75.2200,75.4000,75.1000,75.3300,22415700.0000,60.6237
12/13/2022,76.6100,76.7000,75.6900,76.1100,45923300.0000,61.2514
12/14/2022,76.0100,76.2100,75.2200,75.6800,57177300.0000,60.9054
12/15/2022,74.9100,75.1100,74.6300,75.0000,41666500.0000,60.6756
12/16/2022,74.5700,74.8100,74.4100,74.6000,38197100.0000,60.3520
12/19/2022,74.3100,74.4600,74.0600,74.2200,24135100.0000,60.0446
12/20/2022,73.8500,74.1900,73.6900,74.0300,32917800.0000,59.8909
12/21/2022,74.4000,74.8000,74.3400,74.6600,23211500.0000,60.4005
12/22/2022,74.3700,74.4900,73.9200,74.2000,26893700.0000,60.0284
12/23/2022,74.0800,74.4500,73.9500,74.3900,13196500.0000,60.1821
12/27/2022,74.3200,74.3700,73.5800,73.6200,22108000.0000,59.5592
12/28/2022,73.7400,73.8300,72.5900,72.6300,41064800.0000,58.7582
12/29/2022,72.9200,73.6200,72.7500,73.5700,33378900.0000,59.5187
12/30/2022,73.3200,73.6700,73.2800,73.6300,15170300.0000,59.5673
01/03/2023,74.1100,74.1900,73.6600,73.7700,28787700.0000,59.6805
01/04/2023,74.2600,74.6600,73.9900,74.6200,37120100.0000,60.3682
01/05/2023,74.3600,74.5400,74.1800,74.4700,35142000.0000,60.2468
01/06/2023,74.8700,75.7800,74.7000,75.5300,60041200.0000,61.1044
01/09/2023,75.7500,75.9600,75.6400,75.8000,35806900.0000,61.3228
01/10/2023,75.7600,75.8700,75.5300,75.7100,35695500.0000,61.2500
01/11/2023,76.0000,76.2500,75.8500,76.2100,31826700.0000,61.6545
01/12/2023,76.4000,76.7000,76.0500,76.6400,29404900.0000,62.0024
01/13/2023,76.2600,76.7700,76.2200,76.6400,26301500.0000,62.0024
01/17/2023,76.5200,76.5500,76.2900,76.3800,30961200.0000,61.7920
01/18/2023,76.8500,77.0800,76.4500,76.4700,52989700.0000,61.8648
01/19/2023,76.2100,76.3300,75.9500,76.0200,50070900.0000,61.5008
01/20/2023,76.0000,76.1700,75.7300,76.1700,36625400.0000,61.6221
01/23/2023,76.1000,76.3700,75.9700,76.1600,26764800.0000,61.6140
01/24/2023,76.0100,76.2500,75.8800,76.2100,27774500.0000,61.6545
01/25/2023,75.9600,76.2800,75.8800,76.2000,25857700.0000,61.6464
01/26/2023,76.3600,76.4700,76.0900,76.3900,25512400.0000,61.8001
01/27/2023,76.2700,76.3700,76.0500,76.1600,35813400.0000,61.6140
01/30/2023,75.8800,76.0300,75.7200,75.7400,32002000.0000,61.2743
01/31/2023,75.9400,76.3600,75.9200,76.3300,41006600.0000,61.7515
02/01/2023,75.9800,76.9800,75.7800,76.7600,46900900.0000,62.4003
02/02/2023,77.3200,77.3400,77.0700,77.2000,56399900.0000,62.7580
02/03/2023,76.6000,76.8600,76.3300,76.3900,39682300.0000,62.0995
02/06/2023,76.0600,76.1000,75.7900,75.9000,40944200.0000,61.7012
02/07/2023,75.8300,76.3600,75.7800,76.1700,37101300.0000,61.9207
02/08/2023,76.0600,76.1600,75.6900,75.8500,34066600.0000,61.6605
02/09/2023,76.1100,76.1100,75.2900,75.3600,42581900.0000,61.2622
02/10/2023,75.0300,75.2500,74.6900,74.7800,65905000.0000,60.7907
02/13/2023,74.8300,75.2200,74.7500,74.9700,38741300.0000,60.9451
02/14/2023,74.8300,75.1900,74.5100,74.9900,54193600.0000,60.9614
02/15/2023,74.7200,74.8800,74.5800,74.8700,44897600.0000,60.8639
02/16/2023,74.5400,74.5900,74.2300,74.2700,89945400.0000,60.3761
02/17/2023,74.1500,74.6800,73.8700,74.5600,75910300.0000,60.6119
02/21/2023,73.8500,74.0300,73.1100,73.4100,98782400.0000,59.6770
02/22/2023,73.6000,74.1900,73.6000,73.8900,70093300.0000,60.0672
02/23/2023,74.2300,74.7300,74.1300,74.6200,47908100.0000,60.6606
02/24/2023,74.0000,74.3200,73.9200,74.1700,47576500.0000,60.2948
02/27/2023,74.5200,74.7700,74.3800,74.6700,40292000.0000,60.7013
02/28/2023,74.6400,74.6400,74.4200,74.5300,32999000.0000,60.5875
03/01/2023,74.0800,74.1000,73.6900,73.8700,45341400.0000,60.4157
03/02/2023,73.4800,74.0500,73.4800,73.9600,37886100.0000,60.4893
03/03/2023,74.2900,74.8100,74.1700,74.7200,50123300.0000,61.1109
03/06/2023,74.8900,74.9900,74.6600,74.7200,33430800.0000,61.1109
03/07/2023,74.7300,74.7700,74.1800,74.1900,40222100.0000,60.6774
03/08/2023,74.2400,74.3600,73.6900,73.8400,54303900.0000,60.3912
03/09/2023,73.9100,74.2200,73.3500,73.4300,52669500.0000,60.0559
03/10/2023,73.4800,73.9500,73.1700,73.4400,81516000.0000,60.0640
03/13/2023,73.1900,73.9800,72.8300,73.0400,78478100.0000,59.7369
03/14/2023,73.6900,73.9100,73.2700,73.5700,66395600.0000,60.1703
03/15/2023,72.8100,73.4000,72.6100,73.3300,81454700.0000,59.9741
03/16/2023,73.1300,73.9500,73.0200,73.8100,63386700.0000,60.3666
03/17/2023,73.4400,73.7800,73.2400,73.3700,55132200.0000,60.0068
03/20/2023,73.2300,73.5600,73.0700,73.1700,38540800.0000,59.8432
03/21/2023,73.6500,74.0800,73.5000,73.9700,38203400.0000,60.4975
03/22/2023,73.9800,74.7900,73.7100,74.0400,55263500.0000,60.5548
03/23/2023,74.0300,74.3700,73.5200,73.7500,54660900.0000,60.3176
03/24/2023,73.4500,73.6900,73.3900,73.6000,44225600.0000,60.1949
03/27/2023,73.7500,73.8600,73.4200,73.4200,30905100.0000,60.0477
03/28/2023,73.2800,73.4700,73.1400,73.3800,38277200.0000,60.0150
03/29/2023,73.6500,74.3100,73.6500,74.3000,44457300.0000,60.7674
03/30/2023,74.4700,74.7500,74.2700,74.7400,37130200.0000,61.1273
03/31/2023,74.9700,75.6500,74.9500,75.5500,54218900.0000,61.7897
04/03/2023,75.1400,75.3000,74.9700,75.1500,43302900.0000,61.7421
04/04/2023,75.1500,75.2600,74.8500,74.9300,46144300.0000,61.5613
04/05/2023,74.8800,74.9500,74.4200,74.5100,37633900.0000,61.2163
04/06/2023,74.3900,74.9600,74.2900,74.8400,35719600.0000,61.4874
04/10/2023,74.5800,74.8100,74.4100,74.7700,29083900.0000,61.4299
04/11/2023,74.7700,75.1000,74.7100,74.9300,28875100.0000,61.5613
04/12/2023,75.3100,75.3800,74.8500,74.9100,41457600.0000,61.5449
04/13/2023,75.0400,75.6200,75.0400,75.4200,95864000.0000,61.9639
04/14/2023,75.4000,75.5500,75.0800,75.2800,43767600.0000,61.8489
04/17/2023,75.0700,75.1600,74.8100,75.0800,26391100.0000,61.6846
04/18/2023,75.2600,75.3600,74.9800,75.1300,28030700.0000,61.7256
04/19/2023,74.8300,74.9900,74.7800,74.8300,26979400.0000,61.4792
04/20/2023,74.6500,74.8800,74.5500,74.7600,30203900.0000,61.4217
04/21/2023,74.8800,75.0300,74.6900,74.9900,33061800.0000,61.6106
04/24/2023,75.0300,75.2600,74.9500,75.2000,24661600.0000,61.7831
04/25/2023,75.1600,75.3000,75.0100,75.0800,34575300.0000,61.6846
04/26/2023,75.0600,75.1100,74.6800,74.7900,33762700.0000,61.4463
04/27/2023,74.9300,75.2500,74.8000,75.0400,39687600.0000,61.6517
04/28/2023,75.0600,75.4800,75.0600,75.3600,33821100.0000,61.9146
05/01/2023,74.9300,75.0000,74.5300,74.6900,37748300.0000,61.6308
05/02/2023,74.6900,74.7400,74.3700,74.6200,39045300.0000,61.5730
05/03/2023,74.7000,75.0400,74.5600,74.5800,33178300.0000,61.5400
05/04/2023,74.3800,74.4100,74.0900,74.3600,45207600.0000,61.3584
05/05/2023,74.5800,74.8600,74.4800,74.7600,31591500.0000,61.6885
05/08/2023,74.7000,74.7000,74.3800,74.5500,18367400.0000,61.5152
05/09/2023,74.3500,74.4800,74.2700,74.3600,21732900.0000,61.3584
05/10/2023,74.7700,74.9200,74.5300,74.8100,35392700.0000,61.7298
05/11/2023,74.7400,74.7700,74.6100,74.6900,25265500.0000,61.6308
05/12/2023,74.6800,74.7900,74.2800,74.4200,27553200.0000,61.4080
05/15/2023,74.4300,74.4900,74.3000,74.4000,19764500.0000,61.3914
05/16/2023,74.2600,74.2800,73.8100,73.8800,40998700.0000,60.9624
05/17/2023,73.9600,74.3400,73.9300,74.0800,38534100.0000,61.1274
05/18/2023,73.8600,74.1900,73.8100,74.1200,29129200.0000,61.1604
05/19/2023,74.1900,74.3600,74.0700,74.2000,36044900.0000,61.2264
05/22/2023,74.2200,74.6700,74.2200,74.5300,34897700.0000,61.4987
05/23/2023,74.3900,74.4800,74.0700,74.1400,32415500.0000,61.1769
05/24/2023,73.9300,74.0200,73.4700,73.6200,38083200.0000,60.7478
05/25/2023,73.8900,73.9100,73.5500,73.5700,21457900.0000,60.7066
05/26/2023,73.6500,74.1100,73.6200,74.0200,23547600.0000,61.0779
05/30/2023,74.3500,74.3500,74.0900,74.3400,27482600.0000,61.3420
05/31/2023,74.1400,74.2500,73.9500,74.1100,43393600.0000,61.1522
06/01/2023,73.8000,74.3100,73.7800,74.2000,42425700.0000,61.5195
06/02/2023,74.4600,74.7700,74.3000,74.5800,49950900.0000,61.8345
06/05/2023,74.5200,74.5500,74.3400,74.5200,24080200.0000,61.7848
06/06/2023,74.4500,74.6600,74.3200,74.6400,23006600.0000,61.8843
06/07/2023,74.7000,74.7900,74.1400,74.2300,32340900.0000,61.5443
06/08/2023,74.2300,74.7400,74.2300,74.7000,33987800.0000,61.9340
06/09/2023,74.7600,74.8600,74.6900,74.7200,27016700.0000,61.9506
06/12/2023,74.7900,74.8000,74.4800,74.6400,30629500.0000,61.8843
06/13/2023,74.8300,74.9400,74.6200,74.7300,39425900.0000,61.9589
06/14/2023,74.8000,74.9900,74.4100,74.7600,32864600.0000,61.9838
06/15/2023,74.8600,75.1500,74.8200,75.1200,42412300.0000,62.2822
06/16/2023,75.0900,75.1100,74.9000,74.9300,47560800.0000,62.1247
06/20/2023,74.8100,74.9300,74.7300,74.7300,31930500.0000,61.9589
06/21/2023,74.5800,74.7000,74.3900,74.5400,39751900.0000,61.8013
06/22/2023,74.3700,74.4800,74.3000,74.3200,31504700.0000,61.6190
06/23/2023,74.2100,74.2600,74.0000,74.1900,33811100.0000,61.5112
06/26/2023,74.2000,74.3300,74.0900,74.2300,36111900.0000,61.5443
06/27/2023,74.3100,74.5500,74.2900,74.4800,31707600.0000,61.7516
06/28/2023,74.4700,74.9100,74.4200,74.9100,35679600.0000,62.1081
06/29/2023,74.6400,74.7200,74.4300,74.7100,41712000.0000,61.9423
06/30/2023,74.9600,75.2400,74.8900,75.0700,35842000.0000,62.2408
07/03/2023,74.6800,74.6900,74.5200,74.5500,13046500.0000,62.1432
07/05/2023,74.5200,74.5400,74.2000,74.3200,37947100.0000,61.9515
07/06/2023,73.7800,73.8600,73.5800,73.7800,52251100.0000,61.5014
07/07/2023,73.7600,74.3300,73.7300,73.8500,42269100.0000,61.5598
07/10/2023,73.9200,74.3000,73.9100,74.2200,45752200.0000,61.8682
07/11/2023,74.4100,74.6200,74.2900,74.6200,32000700.0000,62.2016
07/12/2023,75.0900,75.3100,75.0200,75.2000,42820700.0000,62.6851
07/13/2023,75.5000,75.7300,75.4100,75.6500,33954200.0000,63.0602
07/14/2023,75.5700,75.6300,75.0500,75.1000,36081800.0000,62.6017
07/17/2023,75.0600,75.3600,75.0000,75.2400,28836600.0000,62.7184
07/18/2023,75.3000,75.5500,75.2700,75.4500,25990800.0000,62.8935
07/19/2023,75.5900,75.6500,75.4600,75.5100,26794800.0000,62.9435
07/20/2023,75.2100,75.3000,74.9800,75.1800,27028500.0000,62.6684
07/21/2023,75.2000,75.4900,75.2000,75.3700,37447800.0000,62.8268
07/24/2023,75.4300,75.5400,75.2200,75.2400,20925500.0000,62.7184
07/25/2023,75.1600,75.2700,75.0600,75.1900,30067600.0000,62.6767
07/26/2023,75.1600,75.5600,75.1200,75.4900,33068400.0000,62.9268
07/27/2023,75.6300,75.6900,74.7300,74.8900,48675800.0000,62.4267
07/28/2023,75.2100,75.3800,75.1500,75.3200,27588400.0000,62.7851
07/31/2023,75.4200,75.6000,75.3800,75.5000,30744800.0000,62.9352
08/01/2023,74.9600,74.9600,74.6800,74.7700,34529700.0000,62.6236
08/02/2023,74.4500,74.5200,74.2600,74.4500,37500500.0000,62.3556
08/03/2023,74.2100,74.3600,74.0900,74.2100,30348000.0000,62.1545
08/04/2023,74.6500,74.9400,74.5700,74.6500,37411900.0000,62.5231
08/07/2023,74.7900,74.8300,74.6000,74.7900,19412600.0000,62.6404
08/08/2023,74.7400,75.0000,74.6600,74.9500,32545600.0000,62.7743
08/09/2023,74.9600,75.0500,74.8000,74.9600,27569200.0000,62.7827
08/10/2023,75.0100,75.3500,74.7400,74.9400,43697200.0000,62.7660
08/11/2023,74.6800,74.8600,74.5800,74.8300,23329000.0000,62.6738
08/14/2023,74.7000,74.9300,74.5700,74.8200,28545100.0000,62.6655
08/15/2023,74.6200,74.7900,74.5500,74.5800,32968600.0000,62.4644
08/16/2023,74.5500,74.7500,74.3500,74.3500,31759400.0000,62.2718
08/17/2023,74.3900,74.4200,73.8600,74.0400,38546600.0000,62.0122
08/18/2023,73.8900,74.3200,73.8600,74.0900,44130500.0000,62.0540
08/21/2023,74.0800,74.1400,73.8400,74.0700,30768700.0000,62.0373
08/22/2023,74.2300,74.2600,74.0500,74.1100,18135400.0000,62.0708
08/23/2023,74.4000,74.8200,74.4000,74.7100,33378000.0000,62.5733
08/24/2023,74.7200,74.7200,74.2200,74.3000,34336100.0000,62.2299
08/25/2023,74.3200,74.7000,74.2600,74.6100,31149300.0000,62.4896
08/28/2023,74.9000,74.9300,74.6900,74.8900,21461600.0000,62.7241
08/29/2023,74.8100,75.3600,74.7800,75.3600,42178200.0000,63.1177
08/30/2023,75.3600,75.4800,75.2600,75.3300,29458200.0000,63.0926
08/31/2023,75.2700,75.3800,75.1600,75.2800,30824500.0000,63.0507
09/01/2023,75.1900,75.2400,74.8500,75.0700,33213100.0000,63.1694
09/05/2023,74.9600,74.9600,74.5200,74.5800,29500600.0000,62.7570
09/06/2023,74.5100,74.5500,74.2500,74.4000,30797500.0000,62.6056
09/07/2023,74.2800,74.6900,74.2800,74.6500,28757400.0000,62.8160
09/08/2023,74.8000,74.8800,74.5600,74.6200,26389100.0000,62.7907
09/11/2023,74.7200,74.7500,74.5700,74.7500,29159400.0000,62.9001
09/12/2023,74.5600,74.7600,74.5600,74.6300,21668500.0000,62.7991
09/13/2023,74.6000,74.9100,74.6000,74.8300,27498900.0000,62.9674
09/14/2023,74.9100,75.0000,74.8300,74.9200,29575900.0000,63.0431
09/15/2023,74.7000,74.8500,74.6400,74.6400,41636900.0000,62.8075
09/18/2023,74.5500,74.7700,74.5500,74.6900,19549700.0000,62.8496
09/19/2023,74.5300,74.6400,74.4100,74.4600,33937200.0000,62.6561
09/20/2023,74.6300,74.7600,74.3900,74.4000,26715100.0000,62.6056
09/21/2023,74.1000,74.1600,73.8700,73.8700,43327300.0000,62.1596
09/22/2023,74.0200,74.2700,73.9900,74.0000,36657300.0000,62.2690
09/25/2023,73.8100,74.0300,73.7300,73.9000,30197500.0000,62.1848
09/26/2023,73.8400,73.8900,73.5300,73.5800,39193000.0000,61.9156
09/27/2023,73.7900,73.8500,73.3500,73.4800,45532200.0000,61.8314
09/28/2023,73.3500,73.8600,73.3100,73.8300,45776600.0000,62.1260
09/29/2023,74.1400,74.2100,73.7100,73.7200,51698300.0000,62.0334
10/02/2023,73.1000,73.2400,72.8000,72.8900,69255900.0000,61.6570
10/03/2023,72.6000,72.8000,72.1200,72.1500,77754200.0000,61.0310
10/04/2023,72.3200,72.6300,72.1200,72.5200,138971500.0000,61.3440
10/05/2023,72.4700,72.6800,72.4000,72.5900,56138500.0000,61.4032
10/06/2023,72.3000,72.8200,72.1000,72.6900,52741500.0000,61.4878
10/09/2023,72.7000,73.2400,72.7000,73.2300,27277200.0000,61.9446
10/10/2023,73.0400,73.4400,72.9500,73.2100,50761600.0000,61.9277
10/11/2023,73.3500,73.4400,72.8800,73.2000,53330500.0000,61.9192
10/12/2023,73.1700,73.1700,72.5900,72.8100,60368000.0000,61.5893
10/13/2023,73.0100,73.2400,72.6800,72.7500,54191200.0000,61.5385
10/16/2023,72.7200,72.9100,72.6700,72.7300,39352900.0000,61.5216
10/17/2023,72.4200,72.6100,72.2900,72.3900,50948700.0000,61.2340
10/18/2023,72.3100,72.4600,71.9900,72.0400,58306500.0000,60.9380
10/19/2023,72.0400,72.4000,71.7800,71.7800,70971900.0000,60.7180
10/20/2023,71.8600,72.0900,71.8200,71.9300,64845500.0000,60.8449
10/23/2023,71.7700,72.4200,71.6800,72.2200,47508700.0000,61.0902
10/24/2023,72.4100,72.6200,72.3300,72.5900,46427900.0000,61.4032
10/25/2023,72.4100,72.4700,72.1200,72.2000,42518300.0000,61.0733
10/26/2023,72.2100,72.5800,72.1000,72.4500,45233400.0000,61.2848
10/27/2023,72.5200,72.6100,72.2300,72.3600,35621800.0000,61.2086
10/30/2023,72.3500,72.5000,72.2700,72.3800,29094000.0000,61.2256
10/31/2023,72.4100,72.8000,72.3800,72.5700,42185900.0000,61.3863
11/01/2023,72.2800,72.8700,72.2800,72.8700,59313100.0000,61.9714
11/02/2023,73.3300,73.7900,73.3200,73.6900,68930600.0000,62.6688
11/03/2023,74.1500,74.4600,74.0000,74.4100,88763600.0000,63.2811
11/06/2023,74.2400,74.3900,74.0400,74.1100,93899100.0000,63.0259
11/07/2023,74.0600,74.2100,73.9000,74.1200,50458200.0000,63.0344
11/08/2023,74.1000,74.2300,74.0600,74.1600,41143500.0000,63.0685
11/09/2023,74.0500,74.1900,73.6800,73.7000,62856100.0000,62.6772
11/10/2023,73.9100,74.1000,73.8700,74.0600,35563300.0000,62.9834
11/13/2023,73.7900,74.0600,73.7900,73.9900,37530100.0000,62.9239
11/14/2023,74.6200,74.9300,74.6200,74.7400,68210800.0000,63.5617
11/15/2023,74.6100,74.7100,74.4300,74.5000,44022800.0000,63.3576
11/16/2023,74.5300,74.6700,74.4500,74.6000,52928200.0000,63.4426
11/17/2023,74.6100,74.7700,74.4800,74.7700,44272100.0000,63.5872
11/20/2023,74.6500,74.9500,74.6500,74.8500,30846200.0000,63.6552
11/21/2023,74.8000,74.9700,74.8000,74.9500,29493900.0000,63.7403
11/22/2023,75.0500,75.1600,74.8800,75.0800,40866800.0000,63.8508
11/24/2023,75.0200,75.0300,74.9500,75.0000,8536200.0000,63.7828
11/27/2023,75.0000,75.2000,74.9300,75.1100,31007400.0000,63.8764
11/28/2023,75.1000,75.4700,75.0500,75.4400,44031100.0000,64.1570
11/29/2023,75.7400,76.0400,75.7100,75.8500,48815500.0000,64.5057
11/30/2023,75.8200,75.8600,75.4800,75.7100,55047100.0000,64.3866
12/01/2023,75.2900,76.0100,75.2000,75.9900,60321100.0000,64.9197
12/04/2023,75.5500,75.8500,75.5500,75.8000,33105700.0000,64.7574
12/05/2023,75.6700,75.9600,75.6700,75.8700,32466500.0000,64.8172
12/06/2023,75.9600,76.0300,75.8300,75.8800,21297200.0000,64.8257
12/07/2023,75.9900,76.1400,75.9200,76.0100,27779300.0000,64.9368
12/08/2023,75.8100,75.9100,75.6700,75.8600,30123200.0000,64.8087
12/11/2023,75.8000,75.8200,75.5700,75.8100,30141700.0000,64.7659
12/12/2023,75.7700,76.0100,75.6000,75.9800,29203400.0000,64.9112
12/13/2023,76.1000,77.1500,76.0600,77.1400,64201300.0000,65.9022
12/14/2023,77.1300,77.3800,76.9500,77.1000,67220400.0000,66.1932
12/15/2023,77.0300,77.3500,76.7500,76.9300,36336400.0000,66.0473
12/18/2023,77.0800,77.0800,76.7300,76.9800,34793600.0000,66.0902
12/19/2023,77.0700,77.2900,77.0400,77.2000,25269400.0000,66.2791
12/20/2023,77.2900,77.5400,77.1700,77.2100,38376400.0000,66.2877
12/21/2023,77.5100,77.6300,77.3200,77.5600,22861400.0000,66.5882
12/22/2023,77.6900,77.7500,77.4200,77.4700,18048400.0000,66.5109
12/26/2023,77.5000,77.6300,77.4800,77.6200,12374700.0000,66.6397
12/27/2023,77.6700,78.0800,77.6100,77.9400,22835300.0000,66.9144
12/28/2023,77.9000,77.9100,77.5400,77.6900,22648100.0000,66.6998
12/29/2023,77.6700,77.8600,77.3900,77.3900,36993900.0000,66.4422
01/02/2024,77.1300,77.2400,77.0400,77.1300,41547100.0000,66.2190
01/03/2024,76.7200,77.0800,76.5500,76.9200,39495500.0000,66.0387
01/04/2024,76.8100,76.9000,76.6000,76.6200,32856100.0000,65.7811
01/05/2024,76.6000,77.0000,76.5500,76.6800,31158500.0000,65.8326
01/08/2024,76.7000,77.1700,76.7000,77.1100,33479100.0000,66.2018
01/09/2024,77.0100,77.3200,76.9600,77.2300,25593500.0000,66.3048
01/10/2024,77.4100,77.4900,77.2800,77.3700,35702800.0000,66.4250
01/11/2024,77.3500,77.6300,77.1700,77.6200,35947100.0000,66.6397
01/12/2024,77.6800,77.9200,77.6300,77.7000,31155500.0000,66.7084
01/16/2024,77.5500,77.5500,77.1300,77.2100,43669900.0000,66.2877
01/17/2024,77.0800,77.0800,76.7300,76.8800,54160800.0000,66.0043
01/18/2024,76.9900,77.0500,76.8500,77.0400,34837600.0000,66.1417
01/19/2024,77.0700,77.1700,76.7800,77.1700,44359700.0000,66.2533
01/22/2024,77.1800,77.4300,77.1800,77.2300,36758900.0000,66.3048
01/23/2024,77.1900,77.2500,77.0300,77.1400,24561500.0000,66.2276
01/24/2024,77.4000,77.4300,77.0300,77.1000,27623300.0000,66.1932
01/25/2024,77.3700,77.6900,77.3000,77.6900,48268800.0000,66.6998
01/26/2024,77.6500,77.7700,77.5900,77.6300,26232800.0000,66.6482
01/29/2024,77.6600,77.8300,77.5700,77.8000,25924900.0000,66.7942
01/30/2024,77.8000,77.8300,77.5300,77.7000,32486600.0000,66.7084
01/31/2024,77.7000,77.9000,77.4300,77.4800,55548900.0000,66.5195
02/01/2024,77.3300,77.6100,77.1100,77.5400,48019300.0000,66.9025
02/02/2024,77.0500,77.2900,77.0400,77.1900,42727400.0000,66.6006
02/05/2024,76.9500,77.0100,76.6600,76.8300,51908600.0000,66.2900
02/06/2024,76.8700,77.2200,76.8700,77.1100,32948200.0000,66.5315
02/07/2024,77.2700,77.3000,77.0200,77.2400,42954100.0000,66.6437
02/08/2024,77.1800,77.3000,77.1200,77.2000,25548400.0000,66.6092
02/09/2024,77.2500,77.4100,77.1400,77.3600,33951400.0000,66.7473
02/12/2024,77.3300,77.4600,77.1700,77.1900,36249100.0000,66.6006
02/13/2024,76.6700,76.8000,76.4400,76.5700,69904200.0000,66.0656
02/14/2024,76.7900,76.9900,76.7300,76.8700,38603100.0000,66.3245
02/15/2024,77.0000,77.2300,76.9400,77.1400,44319900.0000,66.5574
02/16/2024,76.9300,77.0100,76.8200,76.9100,50322900.0000,66.3590
02/20/2024,76.8900,77.1300,76.8200,77.0700,31994100.0000,66.4971
02/21/2024,77.0600,77.1200,76.8200,76.9300,38674100.0000,66.3763
02/22/2024,77.1500,77.3100,77.1000,77.3000,45450200.0000,66.6955
02/23/2024,77.3700,77.4600,77.2900,77.3500,24686900.0000,66.7386
02/26/2024,77.3200,77.3500,77.0800,77.1000,32795300.0000,66.5229
02/27/2024,77.1500,77.2000,77.0500,77.2000,30926600.0000,66.6092
02/28/2024,77.1500,77.2800,77.1000,77.1900,24667600.0000,66.6006
02/29/2024,77.3000,77.4700,77.2400,77.3300,43322400.0000,66.7214
03/01/2024,76.9300,77.2100,76.7800,77.1800,39342900.0000,66.9713
03/04/2024,77.1200,77.2300,77.0300,77.1600,21607300.0000,66.9539
03/05/2024,77.1600,77.3500,77.0600,77.1000,38076900.0000,66.9019
03/06/2024,77.3000,77.4100,77.1800,77.2900,34335200.0000,67.0667
03/07/2024,77.4900,77.5100,77.3200,77.3800,30393000.0000,67.1448
03/08/2024,77.4900,77.7300,77.3900,77.4000,38317900.0000,67.1622
03/11/2024,77.3400,77.4300,77.3000,77.3900,27177600.0000,67.1535
03/12/2024,77.5100,77.5100,77.2600,77.4600,33351700.0000,67.2142
03/13/2024,77.4000,77.6800,77.4000,77.4900,28482200.0000,67.2403
03/14/2024,77.4700,77.5100,77.0300,77.1200,46677200.0000,66.9192
03/15/2024,77.0800,77.2400,76.9600,77.0700,53985300.0000,66.8759
03/18/2024,77.2700,77.3200,77.1800,77.2500,34649300.0000,67.0320
03/19/2024,77.2300,77.5800,77.2200,77.5600,41841500.0000,67.3010
03/20/2024,77.5400,77.8500,77.4700,77.8200,36886700.0000,67.5266
03/21/2024,77.9500,77.9600,77.6800,77.7800,34693300.0000,67.4919
03/22/2024,77.8100,77.8900,77.6600,77.7000,26955700.0000,67.4225
03/25/2024,77.5600,77.6700,77.5400,77.5800,29373100.0000,67.3184
03/26/2024,77.6700,77.6800,77.4700,77.4900,28522200.0000,67.2403
03/27/2024,77.6800,77.9000,77.6000,77.9000,28891100.0000,67.5960
03/28/2024,77.8000,77.9200,77.7200,77.7300,31546700.0000,67.4485
04/01/2024,77.3500,77.3500,76.9900,77.0200,47857400.0000,67.1738
04/02/2024,76.7600,76.9100,76.7200,76.8900,45551200.0000,67.0604
04/03/2024,76.7800,76.9900,76.7100,76.9500,29542300.0000,67.1127
04/04/2024,77.1100,77.2200,76.7800,76.8900,36056400.0000,67.0604
04/05/2024,76.8300,76.9300,76.7900,76.8200,30857300.0000,66.9994
04/08/2024,76.8300,77.0400,76.7800,77.0000,31067800.0000,67.1564
04/09/2024,77.1200,77.2300,77.0200,77.1600,32219100.0000,67.2959
04/10/2024,76.6500,76.7600,76.3000,76.4800,76623900.0000,66.7028
04/11/2024,76.5100,76.5600,76.2100,76.4100,50836000.0000,66.6418
04/12/2024,76.3800,76.4200,76.2500,76.3700,41441700.0000,66.6069
04/15/2024,76.4500,76.4500,75.8400,75.9300,55560400.0000,66.2232
04/16/2024,75.9100,75.9100,75.5900,75.6800,55746100.0000,66.0051
04/17/2024,75.8900,76.0400,75.7100,75.7800,48158800.0000,66.0923
04/18/2024,75.7800,75.8900,75.6400,75.8400,40291400.0000,66.1447
04/19/2024,75.9100,76.0800,75.9000,75.9800,54739500.0000,66.2667
04/22/2024,76.1400,76.4300,76.1100,76.4000,40772500.0000,66.6331
04/23/2024,76.4700,76.7600,76.3800,76.7100,43554400.0000,66.9035
04/24/2024,76.6700,76.7000,76.3700,76.5400,40496500.0000,66.7552
04/25/2024,76.0800,76.4000,75.9100,76.3800,46371600.0000,66.6156
04/26/2024,76.3700,76.6600,76.3700,76.6200,34500800.0000,66.8249
04/29/2024,76.7200,76.8500,76.6700,76.8500,33157800.0000,67.0256
04/30/2024,76.6000,76.7600,76.2900,76.2900,49937500.0000,66.5371
05/01/2024,75.9500,76.6300,75.9300,76.2900,71484700.0000,66.8878
05/02/2024,76.4800,76.7800,76.3300,76.7600,41497900.0000,67.2999
05/03/2024,77.1500,77.3900,76.9400,77.0800,44204400.0000,67.5805
05/06/2024,77.1700,77.2300,77.1200,77.1700,29547100.0000,67.6594
05/07/2024,77.2600,77.2800,77.0300,77.1800,34064000.0000,67.6681
05/08/2024,76.9900,77.0600,76.9500,77.0000,22959500.0000,67.5103
05/09/2024,76.9600,77.0600,76.8600,77.0200,24590900.0000,67.5279
05/10/2024,77.0100,77.0300,76.8100,76.9000,24633800.0000,67.4227
05/13/2024,77.0600,77.0600,76.8500,76.8800,22109800.0000,67.4051
05/14/2024,76.9200,77.0300,76.9000,77.0000,27298700.0000,67.5103
05/15/2024,77.2500,77.4600,77.1900,77.4500,56544400.0000,67.9049
05/16/2024,77.4600,77.4600,77.2600,77.2700,31749800.0000,67.7470
05/17/2024,77.2200,77.3100,77.1600,77.2800,31550300.0000,67.7558
05/20/2024,77.2300,77.3200,77.2000,77.3200,18665000.0000,67.7909
05/21/2024,77.2700,77.4000,77.2500,77.2600,20295900.0000,67.7383
05/22/2024,77.1500,77.1900,77.0200,77.0900,31110700.0000,67.5892
05/23/2024,77.1700,77.2200,76.7900,76.8200,36464700.0000,67.3525
05/24/2024,76.9400,77.1100,76.8400,77.0900,20488500.0000,67.5892
05/28/2024,77.1700,77.1900,76.7600,76.7800,27771700.0000,67.3174
05/29/2024,76.5400,76.6500,76.5200,76.5500,38800000.0000,67.1158
05/30/2024,76.6300,76.8800,76.6300,76.8600,44210200.0000,67.3876
05/31/2024,76.9200,77.1500,76.9200,77.1300,45381900.0000,67.6243
06/03/2024,76.8700,77.0100,76.8400,77.0100,36791300.0000,67.8340
06/04/2024,76.9200,77.1000,76.9100,76.9700,39230600.0000,67.7987
06/05/2024,77.1200,77.2200,76.9600,77.2200,29793700.0000,68.0189
06/06/2024,77.1800,77.1800,77.0400,77.0900,24398300.0000,67.9044
06/07/2024,76.7900,76.9400,76.7500,76.8900,32498800.0000,67.7282
06/10/2024,76.8100,76.9700,76.7600,76.9600,24875700.0000,67.7899
06/11/2024,76.9200,77.0700,76.8500,77.0600,25339600.0000,67.8780
06/12/2024,77.5900,77.6400,77.3500,77.3700,51775700.0000,68.1511
06/13/2024,77.5500,77.5500,77.2600,77.3600,38532000.0000,68.1422
06/14/2024,77.1100,77.1800,76.9500,77.0600,52953300.0000,67.8780
06/17/2024,76.9400,77.1900,76.8400,77.1100,33165000.0000,67.9220
06/18/2024,77.2000,77.4100,77.1800,77.3500,46845500.0000,68.1334
06/20/2024,77.3200,77.3400,77.1400,77.3000,26989000.0000,68.0894
06/21/2024,77.2900,77.4100,77.2100,77.3900,26857600.0000,68.1687
06/24/2024,77.3600,77.5100,77.3100,77.3100,28766200.0000,68.0982
06/25/2024,77.3600,77.4200,77.2800,77.4100,26111600.0000,68.1863
06/26/2024,77.2600,77.2700,77.1700,77.2400,29282000.0000,68.0365
06/27/2024,77.2000,77.3300,77.1800,77.3300,29404500.0000,68.1158
06/28/2024,77.3800,77.5200,77.1400,77.1400,34952000.0000,67.9485
07/01/2024,76.8700,76.9200,76.6900,76.7200,31113100.0000,67.9352
07/02/2024,76.7300,76.9500,76.6900,76.9300,30418400.0000,68.1211
07/03/2024,76.9200,77.2000,76.9200,77.2000,22067300.0000,68.3602
07/05/2024,77.2800,77.4500,77.2400,77.4300,25941500.0000,68.5639
07/08/2024,77.4100,77.4800,77.3100,77.4100,26962000.0000,68.5462
07/09/2024,77.4100,77.4100,77.2300,77.3200,19108500.0000,68.4665
07/10/2024,77.4100,77.5200,77.3700,77.5000,25361900.0000,68.6259
07/11/2024,77.7600,77.8400,77.7100,77.7800,44932500.0000,68.8738
07/12/2024,77.7900,78.0200,77.7900,77.9800,31688100.0000,69.0509
07/15/2024,78.0400,78.0700,77.9000,77.9900,23235600.0000,69.0598
07/16/2024,78.0700,78.3300,78.0000,78.2900,41375400.0000,69.3254
07/17/2024,78.0600,78.2500,78.0300,78.2000,32750400.0000,69.2457
07/18/2024,78.2400,78.2700,77.9700,78.0400,42513000.0000,69.1040
07/19/2024,78.1200,78.1300,77.8800,77.9800,36125700.0000,69.0509
07/22/2024,78.1700,78.2800,78.1100,78.2700,32378800.0000,69.3077
07/23/2024,78.2600,78.4200,78.2300,78.2800,28826900.0000,69.3165
07/24/2024,78.2000,78.3100,78.0100,78.0300,37612800.0000,69.0952
07/25/2024,78.0800,78.3300,78.0400,78.0400,35409000.0000,69.1040
07/26/2024,78.3700,78.3700,78.2100,78.2900,23683700.0000,69.3254
07/29/2024,78.4000,78.4400,78.1400,78.2200,28468400.0000,69.2634
07/30/2024,78.3300,78.3500,78.1200,78.2600,33652100.0000,69.2988
07/31/2024,78.4700,78.6000,78.3600,78.5400,50714800.0000,69.5468
08/01/2024,78.1900,78.3000,77.9400,77.9600,51319800.0000,69.3946
08/02/2024,77.8100,77.9700,77.6100,77.7000,71578700.0000,69.1631
08/05/2024,76.6400,77.3800,76.5800,77.2200,104456100.0000,68.7359
08/06/2024,77.4800,77.8100,77.1700,77.5100,60113400.0000,68.9940
08/07/2024,77.9800,78.0100,77.6100,77.6600,56107800.0000,69.1275
08/08/2024,77.9000,78.0200,77.7900,77.9800,31528100.0000,69.4124
08/09/2024,78.0200,78.0900,77.8300,77.9700,29759900.0000,69.4035
08/12/2024,78.0400,78.0400,77.8700,78.0200,33878400.0000,69.4480
08/13/2024,78.1100,78.3900,78.0900,78.3800,37310200.0000,69.7684
08/14/2024,78.3600,78.5500,78.3000,78.5200,36086900.0000,69.8930
08/15/2024,78.5600,78.6200,78.4500,78.5900,39411300.0000,69.9553
08/16/2024,78.5500,78.8800,78.5400,78.8400,33682600.0000,70.1779
08/19/2024,78.8100,79.0000,78.7500,78.9700,29604300.0000,70.2936
08/20/2024,79.0100,79.0300,78.7700,78.9000,33189300.0000,70.2313
08/21/2024,78.9800,79.1100,78.9100,79.0800,34266700.0000,70.3915
08/22/2024,79.0800,79.0900,78.8900,78.9800,29292100.0000,70.3025
08/23/2024,79.1800,79.4000,79.0800,79.4000,32590900.0000,70.6763
08/26/2024,79.3900,79.4300,79.2300,79.2400,20460100.0000,70.5339
08/27/2024,79.1500,79.3700,79.1100,79.2900,22784300.0000,70.5784
08/28/2024,79.3100,79.3200,79.1800,79.2500,22351600.0000,70.5428
08/29/2024,79.3300,79.3600,79.2300,79.3300,18353000.0000,70.6140
08/30/2024,79.4200,79.4200,79.2400,79.3400,27633300.0000,70.6230
09/03/2024,78.8800,78.9600,78.6500,78.6800,31596800.0000,70.3725
09/04/2024,78.6600,79.0500,78.6600,78.9700,32371800.0000,70.6319
09/05/2024,79.1100,79.2800,79.0500,79.2400,44675300.0000,70.8734
09/06/2024,79.2700,79.3800,78.9900,79.1400,49888900.0000,70.7839
09/09/2024,79.2700,79.3800,79.1600,79.3300,24823800.0000,70.9539
09/10/2024,79.3400,79.3700,79.1000,79.1800,38347600.0000,70.8197
09/11/2024,79.0900,79.3100,78.9700,79.3000,42342700.0000,70.9271
09/12/2024,79.2500,79.4900,79.2100,79.4100,28515000.0000,71.0255
09/13/2024,79.5200,79.6800,79.5000,79.6300,31806800.0000,71.2222
09/16/2024,79.6600,79.9000,79.6400,79.8300,31402400.0000,71.4011
09/17/2024,79.9000,79.9400,79.8000,79.8500,27423900.0000,71.4190
09/18/2024,79.8800,80.2800,79.7900,79.9200,39546900.0000,71.4816
09/19/2024,80.2900,80.3300,80.0900,80.1600,48785900.0000,71.6962
09/20/2024,80.1600,80.2600,80.0000,80.2600,43626300.0000,71.7857
09/23/2024,80.1900,80.2100,80.0800,80.1100,29049400.0000,71.6515
09/24/2024,80.1200,80.1800,80.0000,80.1200,28674500.0000,71.6605
09/25/2024,80.0800,80.1100,80.0200,80.0300,28899100.0000,71.5800
09/26/2024,80.1900,80.1900,80.0200,80.1600,32732300.0000,71.6962
09/27/2024,80.2200,80.3700,80.2000,80.3600,36712700.0000,71.8751
09/30/2024,80.3300,80.3700,80.1900,80.3000,31551500.0000,71.8214
10/01/2024,79.9900,80.0000,79.8000,79.8700,45992200.0000,71.7855
10/02/2024,79.7800,79.8800,79.6900,79.8800,41214300.0000,71.7945
10/03/2024,79.7800,79.8100,79.6300,79.6900,31147700.0000,71.6237
10/04/2024,79.6800,79.7100,79.5400,79.6000,40122800.0000,71.5428
10/07/2024,79.5400,79.5400,79.2500,79.2600,69202500.0000,71.2373
10/08/2024,79.3700,79.4600,79.3000,79.4500,40947200.0000,71.4080
10/09/2024,79.4400,79.4800,79.3400,79.4000,42426500.0000,71.3631
10/10/2024,79.4000,79.4100,79.2500,79.3600,30091700.0000,71.3271
10/11/2024,79.3400,79.5900,79.3400,79.5700,26970800.0000,71.5159
10/14/2024,79.6200,79.6300,79.4000,79.6100,12065800.0000,71.5518
10/15/2024,79.6000,79.7200,79.5800,79.5900,31134400.0000,71.5339
10/16/2024,79.7000,79.8100,79.6600,79.7300,31626300.0000,71.6597
10/17/2024,79.7700,79.8000,79.4800,79.6100,46599300.0000,71.5518
10/18/2024,79.7000,79.8000,79.6500,79.8000,28905600.0000,71.7226
10/21/2024,79.6600,79.7100,79.4000,79.4800,36341500.0000,71.4350
10/22/2024,79.4300,79.4600,79.2800,79.3700,35466600.0000,71.3361
10/23/2024,79.2600,79.3000,79.0700,79.1300,39761500.0000,71.1204
10/24/2024,79.3000,79.4200,79.2200,79.3600,30163900.0000,71.3271
10/25/2024,79.4600,79.5500,79.2500,79.2800,35590200.0000,71.2552
10/28/2024,79.4200,79.5200,79.3800,79.4800,31854500.0000,71.4350
10/29/2024,79.2500,79.5200,79.2300,79.5000,42992200.0000,71.4530
10/30/2024,79.4900,79.6500,79.3300,79.3600,28728700.0000,71.3271
10/31/2024,79.3800,79.3800,79.1400,79.1400,43194600.0000,71.1294
11/01/2024,79.0300,79.0800,78.7300,78.7500,44045700.0000,71.1339
11/04/2024,79.0500,79.1000,78.8900,78.9700,27291200.0000,71.3326
11/05/2024,78.9400,79.2000,78.9400,79.1900,31611900.0000,71.5314
11/06/2024,79.2200,79.3600,79.0800,79.3300,43173100.0000,71.6578
11/07/2024,79.3000,79.7000,79.2500,79.6700,51325800.0000,71.9649
11/08/2024,79.7800,79.8300,79.6700,79.8000,30543400.0000,72.0824
11/11/2024,79.7900,79.8200,79.7100,79.7100,11008700.0000,72.0011
11/12/2024,79.6100,79.7000,79.3300,79.3900,44594900.0000,71.7120
11/13/2024,79.5900,79.6000,79.3800,79.4100,33873600.0000,71.7301
11/14/2024,79.4600,79.5300,79.2400,79.2400,32749300.0000,71.5765
11/15/2024,79.1900,79.2800,79.0500,79.2300,33709500.0000,71.5675
11/18/2024,79.2700,79.3900,79.1900,79.3800,27780900.0000,71.7030
11/19/2024,79.3200,79.5700,79.3000,79.5000,34523200.0000,71.8114
11/20/2024,79.4900,79.5000,79.3900,79.4800,19934000.0000,71.7933
11/21/2024,79.5400,79.6400,79.4700,79.5100,28040000.0000,71.8204
11/22/2024,79.5000,79.5900,79.4500,79.4900,29564900.0000,71.8023
11/25/2024,79.7200,79.8500,79.7200,79.7900,35003000.0000,72.0733
11/26/2024,79.8000,79.8000,79.5800,79.6400,41103500.0000,71.9378
11/27/2024,79.7100,79.8800,79.6900,79.8800,30239600.0000,72.1546
11/29/2024,80.0100,80.0700,79.8900,80.0400,25037800.0000,72.2991
12/02/2024,79.9300,79.9300,79.5300,79.6500,32387400.0000,72.2728
12/03/2024,79.7200,79.7400,79.6100,79.6500,24868500.0000,72.2728
12/04/2024,79.7100,79.8400,79.6400,79.8400,22733500.0000,72.4452
12/05/2024,79.7900,79.8200,79.7100,79.7700,23106300.0000,72.3817
12/06/2024,79.8900,80.0000,79.8500,79.9000,29931300.0000,72.4997
12/09/2024,79.9000,79.9400,79.7800,79.8000,22095100.0000,72.4089
12/10/2024,79.9400,79.9400,79.7400,79.8400,27195200.0000,72.4452
12/11/2024,79.9400,79.9500,79.8300,79.8600,24730000.0000,72.4634
12/12/2024,79.8100,79.9900,79.6300,79.6400,29081600.0000,72.2638
12/13/2024,79.7100,79.7100,79.3800,79.4100,34201100.0000,72.0551
12/16/2024,79.5500,79.6200,79.4800,79.5600,22269000.0000,72.1912
12/17/2024,79.4100,79.5000,79.3900,79.3900,29039500.0000,72.0369
12/18/2024,79.1400,79.1400,78.1500,78.1700,80034500.0000,71.2972
12/19/2024,78.4500,78.5100,78.0900,78.0900,69005700.0000,71.2243
12/20/2024,78.0000,78.6700,78.0000,78.5800,63276200.0000,71.6712
12/23/2024,78.6500,78.6900,78.3700,78.3700,29239400.0000,71.4796
12/24/2024,78.4000,78.6400,78.3500,78.6200,11926100.0000,71.7077
12/26/2024,78.5100,78.8200,78.4700,78.8200,18384900.0000,71.8901
12/27/2024,78.7400,78.7600,78.5300,78.5500,20631800.0000,71.6438
12/30/2024,78.5800,78.7400,78.5000,78.6600,20659200.0000,71.7442
12/31/2024,78.7800,78.8400,78.5500,78.6500,18664900.0000,71.7350
01/02/2025,78.8800,78.9500,78.7200,78.8400,30415400.0000,71.9083
01/03/2025,78.9900,79.0300,78.9300,78.9600,32611000.0000,72.0178
01/06/2025,79.1500,79.1900,79.0200,79.1000,32110000.0000,72.1455
01/07/2025,79.1400,79.2200,78.8200,78.8400,43790200.0000,71.9083
01/08/2025,78.8500,78.9900,78.7600,78.9400,35304900.0000,71.9995
01/10/2025,78.8000,78.8000,78.5000,78.5300,37417300.0000,71.6256
01/13/2025,78.4900,78.5600,78.3700,78.5100,39180700.0000,71.6073
01/14/2025,78.6900,78.7300,78.5500,78.6100,29581100.0000,71.6985
01/15/2025,79.1600,79.3100,79.0600,79.3000,53574900.0000,72.3279
01/16/2025,79.2100,79.4100,79.1200,79.3900,32363000.0000,72.4100
01/17/2025,79.4900,79.5200,79.3900,79.4600,29546400.0000,72.4738
01/21/2025,79.6100,79.7000,79.6000,79.6700,32962700.0000,72.6654
01/22/2025,79.7000,79.7200,79.5200,79.5600,25028500.0000,72.5650
01/23/2025,79.5200,79.6700,79.4400,79.6600,27434800.0000,72.6562
01/24/2025,79.7000,79.8300,79.6600,79.7500,23648600.0000,72.7383
01/27/2025,79.6700,79.8600,79.6100,79.8100,28540600.0000,72.7931
01/28/2025,79.7700,79.8100,79.6700,79.7800,30439900.0000,72.7657
01/29/2025,79.7600,79.8300,79.6200,79.7300,20072100.0000,72.7201
01/30/2025,79.9400,79.9400,79.7900,79.8800,34495300.0000,72.8569
01/31/2025,79.9000,79.9700,79.6700,79.7200,37101100.0000,72.7110
02/03/2025,79.1700,79.3700,79.0400,79.2600,29965100.0000,72.6193
02/04/2025,79.3000,79.5100,79.2300,79.5100,28938600.0000,72.8484
02/05/2025,79.5400,79.7700,79.5400,79.7200,31834000.0000,73.0408
02/06/2025,79.7200,79.7900,79.5800,79.6000,24224100.0000,72.9308
02/07/2025,79.5600,79.5800,79.3400,79.3500,28778200.0000,72.7018
02/10/2025,79.5400,79.5900,79.4700,79.5100,23382600.0000,72.8484
02/11/2025,79.5300,79.5300,79.4000,79.4800,24410000.0000,72.8209
02/12/2025,79.2100,79.4300,79.1500,79.3100,34362700.0000,72.6651
02/13/2025,79.4300,79.7000,79.3800,79.6700,36149900.0000,72.9950
02/14/2025,79.7900,79.8900,79.7200,79.7600,26668300.0000,73.0774
02/18/2025,79.7500,79.8100,79.6400,79.6900,23274200.0000,73.0133
02/19/2025,79.6400,79.7600,79.5600,79.7500,38958600.0000,73.0683
02/20/2025,79.7400,79.8200,79.6800,79.8000,25789000.0000,73.1141
02/21/2025,79.7700,79.8600,79.6500,79.6500,32016500.0000,72.9767
02/24/2025,79.6700,79.8400,79.6400,79.7500,21029200.0000,73.0683
02/25/2025,79.9500,79.9800,79.8400,79.9500,30604400.0000,73.2515
02/26/2025,80.0000,80.0800,79.9700,80.0600,21777500.0000,73.3523
02/27/2025,80.0500,80.0800,79.8700,79.9100,40521800.0000,73.2149
02/28/2025,79.9900,80.1300,79.9300,80.1300,44321200.0000,73.4164
03/03/2025,79.6900,79.7500,79.5100,79.5900,40729100.0000,73.2636
03/04/2025,79.5100,79.6400,79.3100,79.5800,66274600.0000,73.2544
03/05/2025,79.4500,79.6800,79.4400,79.6200,32302200.0000,73.2913
03/06/2025,79.4300,79.5000,79.2800,79.3200,50431500.0000,73.0151
03/07/2025,79.3500,79.5100,79.3300,79.4500,52828900.0000,73.1348
03/10/2025,79.3000,79.3800,79.1400,79.1500,57602100.0000,72.8586
03/11/2025,79.2100,79.2600,78.8000,78.8700,75826700.0000,72.6009
03/12/2025,79.0600,79.1100,78.8800,78.9600,53763000.0000,72.6837
03/13/2025,78.8600,78.8700,78.4900,78.5200,81223200.0000,72.2787
03/14/2025,78.8300,78.9700,78.7100,78.8800,51469800.0000,72.6101
03/17/2025,78.8900,79.1000,78.8700,79.0700,33954200.0000,72.7850
03/18/2025,79.0100,79.0700,78.9300,78.9300,40195900.0000,72.6561
03/19/2025,78.9600,79.5400,78.9600,79.4500,45212700.0000,73.1348
03/20/2025,79.3900,79.5000,79.2600,79.3400,42977600.0000,73.0335
03/21/2025,79.2700,79.3100,79.0700,79.2200,35124000.0000,72.9230
03/24/2025,79.4200,79.5000,79.3500,79.4500,36393500.0000,73.1348
03/25/2025,79.5000,79.5800,79.3800,79.4100,29075500.0000,73.0980
03/26/2025,79.4000,79.4200,78.9700,79.0900,51236100.0000,72.8034
03/27/2025,79.0500,79.1400,78.9300,78.9400,38493100.0000,72.6653
03/28/2025,78.9900,79.0000,78.6600,78.8000,58896900.0000,72.5364
03/31/2025,78.5200,78.9200,78.5200,78.8900,47853500.0000,72.6193
04/01/2025,78.6800,78.7200,78.4300,78.6900,54256000.0000,72.7876
04/02/2025,78.5400,78.8600,78.5400,78.8500,49072400.0000,72.9356
04/03/2025,78.1000,78.2800,77.7400,77.8700,116401400.0000,72.0291
04/04/2025,76.8000,77.3300,76.5400,76.7600,181273300.0000,71.0024
04/07/2025,75.8700,77.6000,75.6300,76.1000,193374800.0000,70.3919
04/08/2025,77.0200,77.1300,75.4200,75.7500,106007700.0000,70.0682
04/09/2025,75.1000,77.8400,75.0800,77.7800,152382200.0000,71.9459
04/10/2025,77.0700,77.1800,76.1400,76.5100,93884100.0000,70.7711
04/11/2025,76.2700,77.1700,76.0000,76.7400,71884000.0000,70.9839
04/14/2025,77.2800,77.4600,76.9400,77.1200,50011400.0000,71.3354
04/15/2025,77.2400,77.5000,77.1800,77.3300,39790500.0000,71.5296
04/16/2025,77.3500,77.5200,77.1100,77.3200,52028800.0000,71.5204
04/17/2025,77.6200,77.7900,77.5300,77.7700,37355500.0000,71.9366
04/21/2025,77.4900,77.5100,77.1500,77.3100,36078000.0000,71.5111
04/22/2025,77.5800,77.8100,77.5100,77.6100,33941100.0000,71.7886
04/23/2025,78.6000,78.7400,77.9700,78.0000,63723400.0000,72.1494
04/24/2025,78.2800,78.7400,78.1800,78.7000,49007800.0000,72.7969
04/25/2025,78.5900,78.9400,78.5400,78.7700,47981700.0000,72.8616
04/28/2025,78.7800,78.8700,78.5500,78.8100,42220700.0000,72.8986
04/29/2025,78.6500,79.0500,78.6500,79.0200,51198600.0000,73.0929
04/30/2025,78.6300,78.7100,78.4600,78.6000,69994200.0000,72.7044
05/01/2025,78.4000,78.4900,78.2200,78.3000,50848600.0000,72.7983
05/02/2025,78.5000,78.6100,78.3600,78.5400,41354100.0000,73.0214
05/05/2025,78.4700,78.6400,78.4000,78.5100,39815300.0000,72.9935
05/06/2025,78.4100,78.5200,78.3300,78.4500,36292600.0000,72.9377
05/07/2025,78.5600,78.6200,78.3600,78.5200,32676200.0000,73.0028
05/08/2025,78.6700,78.7700,78.4500,78.5000,32684900.0000,72.9842
05/09/2025,78.5900,78.7000,78.5400,78.5500,23971200.0000,73.0307
05/12/2025,79.2400,79.3900,79.0300,79.3300,70558600.0000,73.7559
05/13/2025,79.3800,79.5800,79.3200,79.4700,52141900.0000,73.8860
05/14/2025,79.4000,79.4300,79.1400,79.1800,45406500.0000,73.6164
05/15/2025,79.0600,79.3300,79.0600,79.3300,49301300.0000,73.7559
05/16/2025,79.3800,79.4300,79.2700,79.4200,30657200.0000,73.8396
05/19/2025,79.0600,79.3900,79.0500,79.3800,26228800.0000,73.8024
05/20/2025,79.2700,79.3800,79.2100,79.3400,25933700.0000,73.7652
05/21/2025,79.0800,79.2200,78.8000,78.8100,54737300.0000,73.2724
05/22/2025,78.8100,79.0500,78.7500,78.9700,43242700.0000,73.4212
05/23/2025,78.7600,78.9800,78.7400,78.9500,29598900.0000,73.4026
05/27/2025,79.2800,79.4400,79.1700,79.4300,33524700.0000,73.8489
05/28/2025,79.4200,79.4400,79.2500,79.3800,27012900.0000,73.8024
05/29/2025,79.5600,79.5700,79.4100,79.5000,28616300.0000,73.9139
05/30/2025,79.4500,79.5800,79.4000,79.5700,28930300.0000,73.9790
06/02/2025,79.1300,79.1900,78.9800,79.1800,45527200.0000,73.9660
06/03/2025,79.2400,79.3500,79.1700,79.3300,28458700.0000,74.1061
06/04/2025,79.3400,79.5100,79.3400,79.4800,41403600.0000,74.2462
06/05/2025,79.4700,79.4900,79.2700,79.3100,44563900.0000,74.0874
06/06/2025,79.3800,79.3900,79.2500,79.3000,41300100.0000,74.0781
06/09/2025,79.2800,79.4300,79.2800,79.3400,30169000.0000,74.1154
06/10/2025,79.4100,79.5500,79.3300,79.5300,24234400.0000,74.2929
06/11/2025,79.5900,79.6400,79.4900,79.5100,30114400.0000,74.2742
06/12/2025,79.5100,79.6000,79.4700,79.6000,28373200.0000,74.3583
06/13/2025,79.4200,79.5000,79.3000,79.3600,35271000.0000,74.1341
06/16/2025,79.5200,79.6000,79.4900,79.5200,26225100.0000,74.2836
06/17/2025,79.5200,79.6400,79.3700,79.4300,27747200.0000,74.1995
06/18/2025,79.4900,79.7100,79.4300,79.5500,32833500.0000,74.3116
06/20/2025,79.6200,79.8100,79.5900,79.8000,45845800.0000,74.5451
06/23/2025,79.7700,79.9500,79.7100,79.9500,32361400.0000,74.6852
06/24/2025,80.0500,80.2100,80.0000,80.1700,50893200.0000,74.8908
06/25/2025,80.1800,80.2200,80.0800,80.1500,24156100.0000,74.8721
06/26/2025,80.2700,80.3900,80.2000,80.3800,28889100.0000,75.0869
06/27/2025,80.4000,80.4700,80.3000,80.3400,47849500.0000,75.0496
06/30/2025,80.5300,80.6700,80.4500,80.6500,52885900.0000,75.3392
07/01/2025,80.2000,80.2700,80.1000,80.1700,45411000.0000,75.2444
07/02/2025,80.1700,80.3200,80.0800,80.3200,32359500.0000,75.3852
07/03/2025,80.3000,80.3900,80.2600,80.3700,19750000.0000,75.4321
07/07/2025,80.3300,80.3400,80.0600,80.1000,37027200.0000,75.1787
07/08/2025,80.0900,80.1200,79.9400,79.9900,31358900.0000,75.0754
07/09/2025,80.1400,80.2200,80.0800,80.2100,30277500.0000,75.2819
07/10/2025,80.2100,80.2200,80.1300,80.1300,28776200.0000,75.2068
07/11/2025,80.0400,80.0500,79.9300,80.0300,30482200.0000,75.1130
07/14/2025,80.0100,80.1000,79.9700,80.0900,23716200.0000,75.1693
07/15/2025,80.1600,80.1700,79.8500,79.8500,37039500.0000,74.9440
07/16/2025,79.9500,80.0800,79.7500,80.0600,39780100.0000,75.1411
07/17/2025,80.0400,80.1800,80.0000,80.1400,25703200.0000,75.2162
07/18/2025,80.2600,80.3200,80.1800,80.2500,27686400.0000,75.3195
07/21/2025,80.3200,80.4500,80.3200,80.3600,28483300.0000,75.4227
07/22/2025,80.4400,80.5200,80.3400,80.5000,26017700.0000,75.5541
07/23/2025,80.5200,80.5500,80.4400,80.5400,26025000.0000,75.5916
07/24/2025,80.4400,80.5100,80.4100,80.4400,27013700.0000,75.4978
07/25/2025,80.5000,80.5800,80.4100,80.4900,30123100.0000,75.5447
07/28/2025,80.5200,80.5200,80.4400,80.4500,22093800.0000,75.5072
07/29/2025,80.4900,80.5500,80.4500,80.5000,21371800.0000,75.5541
07/30/2025,80.4500,80.5200,80.2500,80.3300,38392400.0000,75.3945
07/31/2025,80.4000,80.4800,80.3300,80.3800,41501300.0000,75.4415
08/01/2025,80.0400,80.0900,79.8000,79.9800,68963100.0000,75.4452
08/04/2025,80.0900,80.2500,80.0600,80.2500,37539200.0000,75.6999
08/05/2025,80.2100,80.2400,80.1000,80.2100,29656300.0000,75.6622
08/06/2025,80.2100,80.3000,80.1400,80.2900,30512900.0000,75.7377
08/07/2025,80.3100,80.3600,80.1600,80.2100,29405000.0000,75.6622
08/08/2025,80.2000,80.2500,80.1600,80.2200,24679000.0000,75.6716
08/11/2025,80.2200,80.2900,80.1700,80.2200,30159800.0000,75.6716
08/12/2025,80.2700,80.4000,80.2100,80.4000,40846200.0000,75.8414
08/13/2025,80.4600,80.6100,80.4600,80.6100,35039600.0000,76.0395
08/14/2025,80.4900,80.4900,80.3500,80.4000,36559900.0000,75.8414
08/15/2025,80.4700,80.4700,80.3700,80.4600,22754000.0000,75.8980
08/18/2025,80.4400,80.4900,80.3800,80.4000,25400800.0000,75.8414
08/19/2025,80.4500,80.4800,80.3600,80.3800,21700500.0000,75.8226
08/20/2025,80.4100,80.4300,80.3100,80.3500,29704900.0000,75.7943
08/21/2025,80.2600,80.3000,80.1900,80.2000,35825900.0000,75.6528
08/22/2025,80.3200,80.8600,80.3000,80.8500,59541500.0000,76.2659
08/25/2025,80.7800,80.8100,80.6900,80.6900,32714800.0000,76.1150
08/26/2025,80.7900,80.9000,80.7400,80.8700,33659900.0000,76.2848
08/27/2025,80.8200,80.9900,80.8200,80.9700,24335000.0000,76.3791
08/28/2025,80.9700,81.0100,80.9000,81.0100,24203800.0000,76.4168
08/29/2025,80.9900,80.9900,80.8600,80.8600,35070300.0000,76.2753
09/02/2025,80.2700,80.4300,80.2000,80.3900,51804000.0000,76.1929
09/03/2025,80.4100,80.6100,80.4100,80.6100,34283100.0000,76.4014
09/04/2025,80.6600,80.8400,80.6300,80.8300,37999700.0000,76.6099
09/05/2025,80.9800,81.1000,80.8400,80.8700,39147800.0000,76.6478
09/08/2025,80.9500,80.9700,80.8500,80.8700,27003400.0000,76.6478
09/09/2025,80.8500,80.8800,80.6700,80.7800,36704500.0000,76.5625
09/10/2025,80.8400,80.9400,80.7900,80.8400,38106100.0000,76.6194
09/11/2025,80.9100,81.1000,80.9100,81.0400,34221500.0000,76.8089
09/12/2025,81.0300,81.0300,80.9400,80.9600,25702800.0000,76.7331
09/15/2025,81.0800,81.2000,81.0700,81.1900,27248800.0000,76.9511
09/16/2025,81.2100,81.2300,81.1000,81.1300,33075600.0000,76.8942
09/17/2025,81.1900,81.2400,80.9100,81.0500,35955700.0000,76.8184
09/18/2025,81.1400,81.2700,81.0700,81.2300,43250000.0000,76.9890
09/19/2025,81.2500,81.2900,81.1500,81.2600,32042900.0000,77.0175
09/22/2025,81.1900,81.3300,81.1800,81.3200,26670200.0000,77.0743
09/23/2025,81.3400,81.3600,81.2000,81.2600,37088500.0000,77.0175
09/24/2025,81.2500,81.2500,81.1200,81.1500,28124300.0000,76.9132
09/25/2025,81.0000,81.0100,80.8900,80.9200,33509900.0000,76.6952
09/26/2025,81.0400,81.1100,80.9600,81.0800,31046800.0000,76.8469
09/29/2025,81.1600,81.2400,81.1300,81.2200,28558500.0000,76.9795
09/30/2025,81.1700,81.2100,81.1000,81.1900,54970300.0000,76.9511
10/01/2025,80.8100,81.0000,80.7800,80.9600,58042600.0000,77.0949
10/02/2025,80.9400,80.9700,80.8400,80.9300,33348900.0000,77.0663
10/03/2025,80.9200,80.9400,80.8200,80.8400,35109200.0000,76.9806
10/06/2025,80.8900,80.9100,80.8300,80.8600,29485100.0000,76.9997
10/07/2025,80.8900,80.8900,80.7600,80.7700,27672300.0000,76.9140
10/08/2025,80.8200,80.8400,80.6400,80.6500,34932200.0000,76.7997
10/09/2025,80.6400,80.6500,80.3100,80.4200,65586700.0000,76.5807
10/10/2025,80.4700,80.4900,79.9500,79.9500,83840400.0000,76.1331
10/13/2025,80.2300,80.4500,80.1700,80.4500,31926800.0000,76.6093
10/14/2025,80.1800,80.6400,80.1100,80.5400,63860100.0000,76.6950
10/15/2025,80.7200,80.8300,80.6000,80.8000,59802200.0000,76.9426
10/16/2025,80.8000,80.8200,80.4600,80.5100,75725200.0000,76.6664
10/17/2025,80.4400,80.7300,80.4300,80.7200,70044200.0000,76.8664
10/20/2025,80.7700,80.9100,80.7700,80.8800,43762300.0000,77.0187
10/21/2025,80.8800,80.9400,80.7600,80.7600,45418100.0000,76.9045
10/22/2025,80.7600,80.8100,80.6000,80.6800,50698600.0000,76.8283
10/23/2025,80.7000,80.8600,80.7000,80.8600,37962400.0000,76.9997
10/24/2025,81.0300,81.0900,80.9700,81.0800,39905600.0000,77.2092
10/27/2025,81.1700,81.3300,81.1300,81.2800,36495000.0000,77.3996
10/28/2025,81.2800,81.2800,81.1700,81.2000,31591400.0000,77.3234
10/29/2025,81.2000,81.2300,80.9000,80.9500,51827100.0000,77.0854
10/30/2025,80.7900,80.9400,80.7600,80.8000,39967300.0000,76.9426
10/31/2025,80.8900,80.9600,80.7500,80.8000,45044600.0000,76.9426
11/03/2025,80.3900,80.4000,80.1300,80.1400,54615100.0000,76.7033
11/04/2025,79.9800,80.2200,79.9600,80.1500,49705000.0000,76.7128
11/05/2025,80.1900,80.2800,80.1700,80.2300,42273700.0000,76.7894
11/06/2025,80.3100,80.3300,80.1300,80.2600,46629200.0000,76.8181
11/07/2025,80.2500,80.3500,80.0900,80.3300,47233800.0000,76.8851
11/10/2025,80.4500,80.6500,80.4300,80.6000,51875200.0000,77.1435
11/11/2025,80.6100,80.7300,80.6100,80.6900,17001100.0000,77.2297
11/12/2025,80.6900,80.7000,80.4900,80.5300,43962900.0000,77.0765
11/13/2025,80.4200,80.4200,80.1500,80.2000,53631300.0000,76.7607
11/14/2025,80.0800,80.4000,80.0800,80.2200,40853500.0000,76.7798
11/17/2025,80.1900,80.2700,80.0400,80.0900,42954200.0000,76.6554
11/18/2025,80.0200,80.1900,79.9900,80.1100,44098700.0000,76.6745
11/19/2025,80.1400,80.3000,80.0900,80.1500,33510100.0000,76.7128
11/20/2025,80.4100,80.4900,80.1000,80.1000,65471200.0000,76.6650
11/21/2025,80.2600,80.4100,80.1300,80.3700,62331700.0000,76.9234
11/24/2025,80.4200,80.6000,80.4000,80.5900,38964900.0000,77.1340
11/25/2025,80.5700,80.9000,80.5400,80.8700,56524800.0000,77.4020
11/26/2025,80.8300,80.9800,80.7900,80.9500,27454800.0000,77.4785
11/28/2025,81.0000,81.0700,80.9400,80.9900,29430800.0000,77.5168
12/01/2025,80.4000,80.5400,80.3800,80.4700,45274800.0000,77.3774
12/02/2025,80.5400,80.6400,80.4800,80.6200,38842600.0000,77.5216
12/03/2025,80.6100,80.7900,80.5700,80.6900,35019100.0000,77.5889
12/04/2025,80.7000,80.7700,80.5700,80.7500,34777400.0000,77.6466
12/05/2025,80.7300,80.8100,80.6700,80.7500,30486800.0000,77.6466
12/08/2025,80.7200,80.7400,80.4900,80.5500,43160800.0000,77.4543
12/09/2025,80.5500,80.6100,80.4400,80.4600,30558800.0000,77.3678
12/10/2025,80.4300,80.7900,80.4200,80.7300,53052100.0000,77.6274
12/11/2025,80.7400,80.7600,80.6600,80.7200,44546400.0000,77.6178
12/12/2025,80.6900,80.7100,80.5300,80.5700,45566100.0000,77.4735
12/15/2025,80.6700,80.7000,80.5700,80.6100,28983600.0000,77.5120
12/16/2025,80.6100,80.6700,80.5600,80.6600,27908000.0000,77.5601
12/17/2025,80.6500,80.6700,80.5100,80.5600,36999700.0000,77.4639
12/18/2025,80.7800,80.8000,80.6700,80.7800,52680500.0000,77.6755
12/19/2025,80.4300,80.4700,80.3300,80.3600,34413300.0000,77.6378
12/22/2025,80.4600,80.4600,80.2900,80.4300,37203900.0000,77.7054
12/23/2025,80.3700,80.4900,80.3500,80.4900,24341800.0000,77.7634
12/24/2025,80.5100,80.6400,80.4700,80.6400,10533500.0000,77.9083
12/26/2025,80.6400,80.7000,80.5900,80.6000,10922900.0000,77.8697
12/29/2025,80.5600,80.6600,80.5500,80.6300,22012700.0000,77.8987
12/30/2025,80.6400,80.7500,80.6100,80.7100,20146700.0000,77.9759
12/31/2025,80.7200,80.7500,80.6300,80.6300,17457100.0000,77.8987
01/02/2026,80.7200,80.7200,80.5900,80.6700,28403300.0000,77.9373
01/05/2026,80.7400,80.9100,80.7000,80.8800,38563200.0000,78.1402
01/06/2026,80.9000,80.9400,80.8200,80.9000,31721500.0000,78.1595
01/07/2026,80.9600,81.0000,80.8400,80.8800,27022700.0000,78.1402
01/08/2026,80.8400,80.9500,80.8000,80.9400,33516900.0000,78.1982
01/09/2026,80.9500,81.0300,80.9500,81.0000,31849200.0000,78.2561
01/12/2026,80.9100,81.0500,80.9000,81.0400,23983600.0000,78.2948
01/13/2026,81.0700,81.0800,80.9700,81.0400,27607400.0000,78.2948
01/14/2026,81.0000,81.0500,80.9300,81.0400,42994000.0000,78.2948
01/15/2026,81.1000,81.1100,81.0000,81.0400,30412400.0000,78.2948
01/16/2026,81.0800,81.1000,80.9900,81.0900,52466300.0000,78.3431
01/20/2026,80.7500,80.9500,80.6700,80.8800,38653400.0000,78.1402
01/21/2026,80.9800,81.1600,80.9600,81.1200,42023500.0000,78.3721
01/22/2026,81.1900,81.2400,81.1300,81.1800,35231900.0000,78.4300
01/23/2026,81.1800,81.2000,81.0400,81.1400,38360500.0000,78.3914
01/26/2026,81.1900,81.2200,81.1200,81.1800,27027500.0000,78.4300
01/27/2026,81.1800,81.2200,81.1400,81.1700,22961500.0000,78.4204
01/28/2026,81.1700,81.1800,81.0300,81.0400,35559200.0000,78.2948
01/29/2026,81.0500,81.0700,80.9000,81.0300,38201600.0000,78.2851
01/30/2026,80.9200,81.1300,80.9200,81.1200,59848000.0000,78.3721
02/02/2026,80.6700,80.8100,80.6400,80.7700,42890700.0000,78.4196
02/03/2026,80.7600,80.8100,80.5300,80.7200,49372700.0000,78.3711
02/04/2026,80.7000,80.7200,80.5400,80.6200,42829400.0000,78.2740
02/05/2026,80.5600,80.6200,80.4500,80.5300,75554200.0000,78.1866
02/06/2026,80.6700,80.8100,80.6200,80.8100,40915900.0000,78.4585
02/09/2026,80.7600,80.9200,80.7600,80.9200,33716900.0000,78.5653
02/10/2026,80.9500,81.0100,80.8400,80.8400,37886100.0000,78.4876
02/11/2026,80.9000,80.9300,80.7200,80.8300,27272300.0000,78.4779
02/12/2026,80.9100,80.9700,80.7500,80.7900,48457000.0000,78.4390
02/13/2026,80.8300,80.9400,80.8200,80.8500,36612400.0000,78.4973
02/17/2026,80.8200,80.8600,80.7400,80.8100,35682000.0000,78.4585
02/18/2026,80.8400,80.9800,80.8100,80.9100,33943100.0000,78.5555
02/19/2026,80.8800,80.9400,80.8300,80.9400,29531000.0000,78.5847
02/20/2026,80.9300,81.0000,80.8700,81.0000,37959800.0000,78.6429
02/23/2026,80.9600,81.0100,80.8400,80.8700,33666000.0000,78.5167
02/24/2026,80.8500,80.8700,80.6500,80.8100,54979900.0000,78.4585
02/25/2026,80.8200,80.9300,80.8200,80.9200,29428200.0000,78.5653
02/26/2026,80.8900,80.9400,80.7600,80.8500,54533600.0000,78.4973
02/27/2026,80.7500,80.8000,80.6500,80.7200,62450000.0000,78.3711
03/02/2026,80.0600,80.4100,80.0300,80.2800,74327000.0000,78.3262
03/03/2026,79.9400,80.3100,79.8400,80.1200,118126800.0000,78.1701
03/04/2026,80.2300,80.4500,80.2000,80.4000,58694100.0000,78.4433
03/05/2026,80.2700,80.3100,80.0200,80.0800,79841000.0000,78.1311
03/06/2026,79.7500,80.0000,79.6500,79.6900,82125600.0000,77.7506
03/09/2026,79.5900,80.1800,79.5400,80.1700,88695000.0000,78.2189
03/10/2026,80.0500,80.3800,80.0300,80.0400,67499600.0000,78.0920
03/11/2026,79.9900,80.0400,79.8100,79.8600,59983500.0000,77.9164
03/12/2026,79.7500,79.7500,79.3200,79.3500,68674300.0000,77.4188
03/13/2026,79.5300,79.6800,79.1200,79.2000,68652900.0000,77.2725
03/16/2026,79.5100,79.6700,79.4500,79.4500,57535600.0000,77.5164
03/17/2026,79.6100,79.8200,79.5700,79.8100,47967800.0000,77.8676
03/18/2026,79.6900,79.7500,79.3900,79.4000,50281900.0000,77.4676
03/19/2026,79.0300,79.7000,78.9900,79.6600,103981600.0000,77.7213
03/20/2026,79.5000,79.5300,78.8500,78.9200,109084800.0000,76.9993
03/23/2026,79.3000,79.7000,79.1700,79.4400,79015800.0000,77.5066
03/24/2026,79.2400,79.4100,79.0600,79.1700,71941600.0000,77.2432
03/25/2026,79.4500,79.5800,79.3500,79.4200,49917700.0000,77.4871
03/26/2026,79.2500,79.3300,78.8000,78.9200,74979300.0000,76.9993
03/27/2026,78.8400,78.8400,78.5700,78.7200,68174300.0000,76.8042
03/30/2026,79.0200,79.1000,78.7600,78.8100,55210700.0000,76.8920
03/31/2026,79.1600,79.6100,79.1200,79.5600,101521300.0000,77.6237
04/01/2026,79.3500,79.4600,79.2400,79.3700,69789200.0000,77.8139
04/02/2026,79.0800,79.6300,79.0800,79.5600,53828200.0000,78.0002
04/06/2026,79.5100,79.7100,79.5000,79.7000,37098300.0000,78.1375
04/07/2026,79.6700,79.7400,79.3200,79.7200,47264100.0000,78.1571
04/08/2026,80.4700,80.5200,80.0300,80.1900,58556400.0000,78.6178
04/09/2026,80.1500,80.3900,80.0000,80.2800,45207500.0000,78.7061
04/10/2026,80.3400,80.3400,79.9500,79.9600,33005600.0000,78.3923
04/13/2026,79.8800,80.2700,79.8800,80.2600,38561400.0000,78.6865
04/14/2026,80.3400,80.5600,80.2900,80.5000,42038000.0000,78.9218
04/15/2026,80.4500,80.4900,80.3500,80.4600,47834900.0000,78.8825
04/16/2026,80.5300,80.5300,80.2600,80.3500,37743400.0000,78.7747
04/17/2026,80.6000,80.7600,80.5600,80.6500,61651600.0000,79.0688
04/20/2026,80.6300,80.6700,80.5000,80.5800,21104400.0000,79.0002
04/21/2026,80.5500,80.5800,80.3100,80.3700,58623500.0000,78.7943
04/22/2026,80.5000,80.5700,80.4200,80.5000,28004500.0000,78.9218
04/23/2026,80.4600,80.5500,80.1600,80.3700,49921700.0000,78.7943
04/24/2026,80.4400,80.5300,80.3000,80.4800,33626300.0000,78.9022
04/27/2026,80.4400,80.5400,80.4200,80.5100,24643700.0000,78.9316
04/28/2026,80.3500,80.4300,80.3300,80.4000,36382400.0000,78.8237
04/29/2026,80.3200,80.3400,79.9800,80.1300,56809400.0000,78.5590
04/30/2026,80.1800,80.4200,80.1700,80.3800,51626100.0000,78.8041
05/01/2026,80.0600,80.2300,80.0300,80.0600,43740400.0000,78.9017
05/04/2026,80.0200,80.0200,79.6900,79.8000,35069300.0000,78.6454
05/05/2026,79.8900,80.0200,79.8900,79.9200,26357900.0000,78.7637
05/06/2026,80.0900,80.2400,80.0800,80.1600,38323100.0000,79.0002
05/07/2026,80.2200,80.2400,79.8600,79.8600,44772900.0000,78.7046
05/08/2026,80.0100,80.1500,80.0000,80.1400,29715200.0000,78.9805
05/11/2026,80.0800,80.1500,79.9800,79.9800,34366600.0000,78.8228
05/12/2026,79.8200,79.8900,79.7000,79.8700,37418900.0000,78.7144
05/13/2026,79.8400,79.9500,79.7900,79.9100,33257100.0000,78.7539
05/14/2026,79.9700,80.0500,79.8500,79.8500,27235600.0000,78.6947
05/15/2026,79.6400,79.6900,79.4600,79.4600,54466000.0000,78.3104
05/18/2026,79.6300,79.7000,79.4400,79.5400,38596100.0000,78.3892
05/19/2026,79.4100,79.4500,79.2300,79.3500,42904700.0000,78.2020
05/20/2026,79.5000,79.8700,79.4000,79.8600,58906300.0000,78.7046
05/21/2026,79.7500,79.9900,79.6500,79.9000,37584600.0000,78.7440
05/22/2026,80.0100,80.0200,79.8400,79.9100,22429400.0000,78.7539
05/26/2026,80.1400,80.1900,80.0400,80.1800,30406100.0000,79.0199
05/27/2026,80.1700,80.2100,80.0800,80.1300,22523800.0000,78.9707
05/28/2026,80.0800,80.2700,80.0400,80.2300,32001600.0000,79.0692
05/29/2026,80.2600,80.3600,80.2100,80.3100,39142200.0000,79.1481
06/01/2026,79.7900,79.8800,79.6400,79.8400,32671000.0000,79.0876
06/02/2026,79.8400,79.9000,79.7900,79.9000,25237500.0000,79.1471
06/03/2026,79.7500,79.7800,79.6300,79.6800,28203400.0000,78.9291
06/04/2026,79.7500,79.8500,79.7500,79.8300,22697900.0000,79.0777
06/05/2026,79.7000,79.7200,79.3500,79.4300,46035600.0000,78.6815
06/08/2026,79.6000,79.6500,79.4800,79.5400,25217800.0000,78.7905
06/09/2026,79.6200,79.7900,79.4200,79.6200,34705500.0000,78.8697
06/10/2026,79.5600,79.6400,79.4500,79.4700,30345200.0000,78.7211
06/11/2026,79.5700,79.9700,79.5200,79.9400,55089500.0000,79.1867
06/12/2026,79.9400,80.0000,79.8000,79.9400,29873300.0000,79.1867
06/15/2026,80.1400,80.1700,80.0300,80.0400,32019600.0000,79.2858
06/16/2026,80.0300,80.1100,79.9600,80.0300,24471900.0000,79.2758
06/17/2026,79.9900,80.0700,79.7100,79.7300,47184800.0000,78.9787
06/18/2026,80.0300,80.0700,79.9200,80.0100,41111700.0000,79.2560
06/22/2026,79.9400,79.9800,79.8700,79.9400,26479500.0000,79.1867
06/23/2026,79.8300,79.9700,79.8200,79.8700,29811300.0000,79.1174
06/24/2026,79.9400,79.9900,79.8400,79.8500,38841000.0000,79.0975
06/25/2026,79.9200,79.9800,79.8200,79.8800,29322400.0000,79.1273
06/26/2026,79.8200,79.9500,79.8100,79.8300,27647500.0000,79.0777
06/29/2026,79.9500,80.0300,79.8500,80.0100,37325700.0000,79.2560
06/30/2026,80.0000,80.0500,79.9200,79.9700,38103900.0000,79.2164
07/01/2026,79.5600,79.6600,79.5100,79.5900,38152300.0000,79.2055
07/02/2026,79.7300,79.7900,79.6700,79.7100,26111800.0000,79.3249
07/06/2026,79.7300,79.9100,79.7300,79.8700,25159400.0000,79.4841
07/07/2026,79.8500,79.8800,79.7200,79.7600,28558300.0000,79.3746
07/08/2026,79.6100,79.6800,79.5400,79.6600,30771300.0000,79.2751
07/09/2026,79.7300,79.8600,79.6700,79.7500,21882200.0000,79.3647
07/10/2026,79.7800,79.8300,79.6200,79.7100,24550300.0000,79.3249
07/13/2026,79.6700,79.6900,79.4600,79.5200,32133300.0000,79.1358
07/14/2026,79.6800,79.6900,79.5700,79.6800,28248700.0000,79.2950
07/15/2026,79.7100,79.8400,79.7100,79.8100,26948800.0000,79.4244
07/16/2026,79.7600,79.8400,79.7300,79.8000,22780300.0000,79.4145
07/17/2026,79.7500,79.8400,79.6300,79.6500,42020100.0000,79.2652
07/20/2026,79.7400,79.7700,79.6700,79.6800,19767900.0000,79.2950
07/21/2026,79.7200,79.7400,79.6000,79.6500,27198800.0000,79.2652
07/22/2026,79.6100,79.6500,79.4800,79.5200,24851700.0000,79.1358
07/23/2026,79.2800,79.3700,79.1500,79.2300,52554200.0000,78.8472
07/24/2026,79.2500,79.3100,79.1600,79.2300,41964600.0000,78.8472
07/27/2026,79.3400,79.4000,79.2400,79.2700,28939800.0000,78.8870
07/28/2026,79.3200,79.4200,79.2500,79.4200,33698300.0000,79.0363
07/29/2026,79.3700,79.4800,79.1400,79.2400,53074500.0000,78.8572
07/30/2026,79.3800,79.5000,79.3300,79.4700,30570700.0000,79.0860
07/31/2026,79.4600,79.5400,79.2400,79.4800,38659800.0000,79.0960
08/03/2026,79.2500,79.3300,79.1500,79.3100,30860100.0000,79.3100
08/04/2026,79.3700,79.6000,79.3700,79.5500,46524700.0000,79.5500
08/05/2026,79.5500,79.5600,79.4400,79.5200,25771800.0000,79.5200
08/06/2026,79.5100,79.5100,79.4100,79.4600,25818200.0000,79.4600
08/07/2026,79.6700,79.6900,79.5700,79.6100,23458100.0000,79.6100
